timestamp,date,hour,temperature_2m,relative_humidity_2m,apparent_temperature,precipitation,rain,wind_speed_10m,rain_1h_mm,rain_3h_mm,rain_6h_mm,rain_24h_mm,rainfall_class,is_rush_hour
2024-01-01 00:00:00,2024-01-01,0,14.6,84,14.1,0.0,0.0,7.6,0.0,0.0,0.0,0.0,none,False
2024-01-01 01:00:00,2024-01-01,1,14.2,87,13.9,0.0,0.0,6.4,0.0,0.0,0.0,0.0,none,False
2024-01-01 02:00:00,2024-01-01,2,13.3,92,13.1,0.0,0.0,5.5,0.0,0.0,0.0,0.0,none,False
2024-01-01 03:00:00,2024-01-01,3,12.6,93,12.3,0.0,0.0,5.5,0.0,0.0,0.0,0.0,none,False
2024-01-01 04:00:00,2024-01-01,4,11.9,94,11.3,0.0,0.0,6.8,0.0,0.0,0.0,0.0,none,False
2024-01-01 05:00:00,2024-01-01,5,11.6,95,11.0,0.0,0.0,6.0,0.0,0.0,0.0,0.0,none,False
2024-01-01 06:00:00,2024-01-01,6,11.4,95,10.8,0.0,0.0,5.5,0.0,0.0,0.0,0.0,none,False
2024-01-01 07:00:00,2024-01-01,7,11.1,96,10.5,0.0,0.0,5.1,0.0,0.0,0.0,0.0,none,True
2024-01-01 08:00:00,2024-01-01,8,10.9,97,10.4,0.0,0.0,4.3,0.0,0.0,0.0,0.0,none,True
2024-01-01 09:00:00,2024-01-01,9,12.1,97,11.7,0.0,0.0,6.1,0.0,0.0,0.0,0.0,none,True
2024-01-01 10:00:00,2024-01-01,10,13.9,92,14.1,0.0,0.0,4.8,0.0,0.0,0.0,0.0,none,False
2024-01-01 11:00:00,2024-01-01,11,16.2,83,16.7,0.0,0.0,4.0,0.0,0.0,0.0,0.0,none,False
2024-01-01 12:00:00,2024-01-01,12,18.4,71,18.0,0.0,0.0,9.2,0.0,0.0,0.0,0.0,none,False
2024-01-01 13:00:00,2024-01-01,13,19.5,64,18.6,0.0,0.0,12.0,0.0,0.0,0.0,0.0,none,False
2024-01-01 14:00:00,2024-01-01,14,20.0,60,18.9,0.0,0.0,12.0,0.0,0.0,0.0,0.0,none,False
2024-01-01 15:00:00,2024-01-01,15,20.5,56,19.3,0.0,0.0,11.2,0.0,0.0,0.0,0.0,none,False
2024-01-01 16:00:00,2024-01-01,16,20.7,53,19.6,0.0,0.0,8.7,0.0,0.0,0.0,0.0,none,True
2024-01-01 17:00:00,2024-01-01,17,20.2,52,19.3,0.0,0.0,7.0,0.0,0.0,0.0,0.0,none,True
2024-01-01 18:00:00,2024-01-01,18,18.5,66,18.6,0.0,0.0,4.0,0.0,0.0,0.0,0.0,none,True
2024-01-01 19:00:00,2024-01-01,19,17.4,70,17.2,0.0,0.0,5.1,0.0,0.0,0.0,0.0,none,False
2024-01-01 20:00:00,2024-01-01,20,17.1,73,17.4,0.0,0.0,3.3,0.0,0.0,0.0,0.0,none,False
2024-01-01 21:00:00,2024-01-01,21,16.8,72,16.5,0.0,0.0,5.8,0.0,0.0,0.0,0.0,none,False
2024-01-01 22:00:00,2024-01-01,22,16.5,67,14.3,0.0,0.0,15.3,0.0,0.0,0.0,0.0,none,False
2024-01-01 23:00:00,2024-01-01,23,15.9,77,14.6,0.0,0.0,12.8,0.0,0.0,0.0,0.0,none,False
2024-01-02 00:00:00,2024-01-02,0,14.8,86,14.3,0.0,0.0,8.4,0.0,0.0,0.0,0.0,none,False
2024-01-02 01:00:00,2024-01-02,1,14.0,89,13.8,0.0,0.0,6.6,0.0,0.0,0.0,0.0,none,False
2024-01-02 02:00:00,2024-01-02,2,13.4,92,13.1,0.0,0.0,6.2,0.0,0.0,0.0,0.0,none,False
2024-01-02 03:00:00,2024-01-02,3,12.6,94,12.1,0.0,0.0,7.6,0.0,0.0,0.0,0.0,none,False
2024-01-02 04:00:00,2024-01-02,4,14.1,89,14.2,0.0,0.0,4.6,0.0,0.0,0.0,0.0,none,False
2024-01-02 05:00:00,2024-01-02,5,13.9,91,13.8,0.0,0.0,5.1,0.0,0.0,0.0,0.0,none,False
2024-01-02 06:00:00,2024-01-02,6,12.9,93,12.5,0.0,0.0,6.2,0.0,0.0,0.0,0.0,none,False
2024-01-02 07:00:00,2024-01-02,7,12.9,92,12.7,0.0,0.0,5.1,0.0,0.0,0.0,0.0,none,True
2024-01-02 08:00:00,2024-01-02,8,12.2,93,11.7,0.0,0.0,5.6,0.0,0.0,0.0,0.0,none,True
2024-01-02 09:00:00,2024-01-02,9,13.4,90,13.3,0.0,0.0,3.9,0.0,0.0,0.0,0.0,none,True
2024-01-02 10:00:00,2024-01-02,10,15.1,82,15.3,0.0,0.0,2.9,0.0,0.0,0.0,0.0,none,False
2024-01-02 11:00:00,2024-01-02,11,17.1,72,17.2,0.0,0.0,4.3,0.0,0.0,0.0,0.0,none,False
2024-01-02 12:00:00,2024-01-02,12,19.4,62,18.4,0.0,0.0,10.9,0.0,0.0,0.0,0.0,none,False
2024-01-02 13:00:00,2024-01-02,13,20.6,54,18.9,0.0,0.0,14.2,0.0,0.0,0.0,0.0,none,False
2024-01-02 14:00:00,2024-01-02,14,21.6,48,19.7,0.0,0.0,13.4,0.0,0.0,0.0,0.0,none,False
2024-01-02 15:00:00,2024-01-02,15,21.9,45,19.8,0.0,0.0,13.2,0.0,0.0,0.0,0.0,none,False
2024-01-02 16:00:00,2024-01-02,16,21.9,44,19.7,0.0,0.0,13.5,0.0,0.0,0.0,0.0,none,True
2024-01-02 17:00:00,2024-01-02,17,21.7,44,19.7,0.0,0.0,11.4,0.0,0.0,0.0,0.0,none,True
2024-01-02 18:00:00,2024-01-02,18,20.4,53,19.7,0.0,0.0,5.2,0.0,0.0,0.0,0.0,none,True
2024-01-02 19:00:00,2024-01-02,19,18.9,66,18.5,0.0,0.0,6.9,0.0,0.0,0.0,0.0,none,False
2024-01-02 20:00:00,2024-01-02,20,18.1,63,17.5,0.0,0.0,6.3,0.0,0.0,0.0,0.0,none,False
2024-01-02 21:00:00,2024-01-02,21,17.9,60,16.6,0.0,0.0,8.5,0.0,0.0,0.0,0.0,none,False
2024-01-02 22:00:00,2024-01-02,22,17.1,64,15.8,0.0,0.0,9.7,0.0,0.0,0.0,0.0,none,False
2024-01-02 23:00:00,2024-01-02,23,15.9,71,15.1,0.0,0.0,7.0,0.0,0.0,0.0,0.0,none,False
2024-01-03 00:00:00,2024-01-03,0,14.6,80,14.1,0.0,0.0,5.7,0.0,0.0,0.0,0.0,none,False
2024-01-03 01:00:00,2024-01-03,1,13.5,86,12.9,0.0,0.0,6.8,0.0,0.0,0.0,0.0,none,False
2024-01-03 02:00:00,2024-01-03,2,13.5,83,13.0,0.0,0.0,5.3,0.0,0.0,0.0,0.0,none,False
2024-01-03 03:00:00,2024-01-03,3,14.2,78,13.8,0.0,0.0,4.0,0.0,0.0,0.0,0.0,none,False
2024-01-03 04:00:00,2024-01-03,4,14.6,75,14.4,0.0,0.0,2.2,0.0,0.0,0.0,0.0,none,False
2024-01-03 05:00:00,2024-01-03,5,14.3,77,14.2,0.0,0.0,1.1,0.0,0.0,0.0,0.0,none,False
2024-01-03 06:00:00,2024-01-03,6,14.1,78,13.9,0.0,0.0,1.3,0.0,0.0,0.0,0.0,none,False
2024-01-03 07:00:00,2024-01-03,7,12.1,85,11.5,0.0,0.0,4.0,0.0,0.0,0.0,0.0,none,True
2024-01-03 08:00:00,2024-01-03,8,11.6,86,10.8,0.0,0.0,4.9,0.0,0.0,0.0,0.0,none,True
2024-01-03 09:00:00,2024-01-03,9,13.6,82,13.2,0.0,0.0,3.6,0.0,0.0,0.0,0.0,none,True
2024-01-03 10:00:00,2024-01-03,10,15.6,73,15.3,0.0,0.0,3.3,0.0,0.0,0.0,0.0,none,False
2024-01-03 11:00:00,2024-01-03,11,17.6,68,17.7,0.0,0.0,2.3,0.0,0.0,0.0,0.0,none,False
2024-01-03 12:00:00,2024-01-03,12,19.5,59,18.8,0.0,0.0,7.6,0.0,0.0,0.0,0.0,none,False
2024-01-03 13:00:00,2024-01-03,13,20.8,50,19.6,0.0,0.0,8.8,0.0,0.0,0.0,0.0,none,False
2024-01-03 14:00:00,2024-01-03,14,21.6,43,20.1,0.0,0.0,8.8,0.0,0.0,0.0,0.0,none,False
2024-01-03 15:00:00,2024-01-03,15,22.1,40,20.3,0.0,0.0,8.2,0.0,0.0,0.0,0.0,none,False
2024-01-03 16:00:00,2024-01-03,16,22.0,44,20.7,0.0,0.0,6.6,0.0,0.0,0.0,0.0,none,True
2024-01-03 17:00:00,2024-01-03,17,21.7,44,20.5,0.0,0.0,5.9,0.0,0.0,0.0,0.0,none,True
2024-01-03 18:00:00,2024-01-03,18,20.0,61,20.2,0.0,0.0,3.8,0.0,0.0,0.0,0.0,none,True
2024-01-03 19:00:00,2024-01-03,19,19.5,54,19.1,0.0,0.0,3.0,0.0,0.0,0.0,0.0,none,False
2024-01-03 20:00:00,2024-01-03,20,18.6,57,18.0,0.0,0.0,3.9,0.0,0.0,0.0,0.0,none,False
2024-01-03 21:00:00,2024-01-03,21,17.9,59,16.9,0.0,0.0,6.3,0.0,0.0,0.0,0.0,none,False
2024-01-03 22:00:00,2024-01-03,22,15.6,67,14.5,0.0,0.0,7.2,0.0,0.0,0.0,0.0,none,False
2024-01-03 23:00:00,2024-01-03,23,15.1,64,13.6,0.0,0.0,7.6,0.0,0.0,0.0,0.0,none,False
2024-01-04 00:00:00,2024-01-04,0,14.0,71,12.7,0.0,0.0,6.8,0.0,0.0,0.0,0.0,none,False
2024-01-04 01:00:00,2024-01-04,1,13.0,78,11.7,0.0,0.0,7.2,0.0,0.0,0.0,0.0,none,False
2024-01-04 02:00:00,2024-01-04,2,12.1,83,10.8,0.0,0.0,8.0,0.0,0.0,0.0,0.0,none,False
2024-01-04 03:00:00,2024-01-04,3,11.9,84,10.7,0.0,0.0,6.3,0.0,0.0,0.0,0.0,none,False
2024-01-04 04:00:00,2024-01-04,4,11.6,87,10.7,0.0,0.0,6.2,0.0,0.0,0.0,0.0,none,False
2024-01-04 05:00:00,2024-01-04,5,11.6,87,10.8,0.0,0.0,5.1,0.0,0.0,0.0,0.0,none,False
2024-01-04 06:00:00,2024-01-04,6,11.4,88,10.3,0.0,0.0,5.8,0.0,0.0,0.0,0.0,none,False
2024-01-04 07:00:00,2024-01-04,7,12.5,82,11.6,0.0,0.0,5.4,0.0,0.0,0.0,0.0,none,True
2024-01-04 08:00:00,2024-01-04,8,12.7,82,11.8,0.0,0.0,5.9,0.0,0.0,0.0,0.0,none,True
2024-01-04 09:00:00,2024-01-04,9,12.6,86,12.3,0.0,0.0,3.0,0.0,0.0,0.0,0.0,none,True
2024-01-04 10:00:00,2024-01-04,10,14.7,74,14.6,0.0,0.0,1.3,0.0,0.0,0.0,0.0,none,False
2024-01-04 11:00:00,2024-01-04,11,17.0,65,16.9,0.0,0.0,1.5,0.0,0.0,0.0,0.0,none,False
2024-01-04 12:00:00,2024-01-04,12,19.1,55,18.1,0.0,0.0,7.5,0.0,0.0,0.0,0.0,none,False
2024-01-04 13:00:00,2024-01-04,13,20.6,44,18.8,0.0,0.0,10.6,0.0,0.0,0.0,0.0,none,False
2024-01-04 14:00:00,2024-01-04,14,21.5,39,19.5,0.0,0.0,10.8,0.0,0.0,0.0,0.0,none,False
2024-01-04 15:00:00,2024-01-04,15,22.2,35,19.4,0.0,0.0,12.8,0.0,0.0,0.0,0.0,none,False
2024-01-04 16:00:00,2024-01-04,16,21.8,35,19.6,0.0,0.0,7.2,0.0,0.0,0.0,0.0,none,True
2024-01-04 17:00:00,2024-01-04,17,21.5,36,19.1,0.0,0.0,8.9,0.0,0.0,0.0,0.0,none,True
2024-01-04 18:00:00,2024-01-04,18,20.0,43,18.2,0.0,0.0,6.9,0.0,0.0,0.0,0.0,none,True
2024-01-04 19:00:00,2024-01-04,19,18.3,50,16.6,0.0,0.0,7.4,0.0,0.0,0.0,0.0,none,False
2024-01-04 20:00:00,2024-01-04,20,17.0,55,15.4,0.0,0.0,7.5,0.0,0.0,0.0,0.0,none,False
2024-01-04 21:00:00,2024-01-04,21,16.2,58,14.6,0.0,0.0,7.7,0.0,0.0,0.0,0.0,none,False
2024-01-04 22:00:00,2024-01-04,22,15.6,57,13.4,0.0,0.0,9.4,0.0,0.0,0.0,0.0,none,False
2024-01-04 23:00:00,2024-01-04,23,14.9,60,12.8,0.0,0.0,8.9,0.0,0.0,0.0,0.0,none,False
2024-01-05 00:00:00,2024-01-05,0,13.6,70,12.1,0.0,0.0,6.8,0.0,0.0,0.0,0.0,none,False
2024-01-05 01:00:00,2024-01-05,1,12.9,73,11.5,0.0,0.0,6.0,0.0,0.0,0.0,0.0,none,False
2024-01-05 02:00:00,2024-01-05,2,13.5,69,12.3,0.0,0.0,4.7,0.0,0.0,0.0,0.0,none,False
2024-01-05 03:00:00,2024-01-05,3,14.2,65,13.3,0.0,0.0,2.3,0.0,0.0,0.0,0.0,none,False
2024-01-05 04:00:00,2024-01-05,4,14.1,67,13.4,0.0,0.0,2.2,0.0,0.0,0.0,0.0,none,False
2024-01-05 05:00:00,2024-01-05,5,13.6,70,12.9,0.0,0.0,1.1,0.0,0.0,0.0,0.0,none,False
2024-01-05 06:00:00,2024-01-05,6,12.4,76,11.2,0.0,0.0,4.9,0.0,0.0,0.0,0.0,none,False
2024-01-05 07:00:00,2024-01-05,7,11.2,80,9.8,0.0,0.0,6.0,0.0,0.0,0.0,0.0,none,True
2024-01-05 08:00:00,2024-01-05,8,10.1,82,8.5,0.0,0.0,6.3,0.0,0.0,0.0,0.0,none,True
2024-01-05 09:00:00,2024-01-05,9,12.1,73,10.9,0.0,0.0,4.3,0.0,0.0,0.0,0.0,none,True
2024-01-05 10:00:00,2024-01-05,10,14.4,58,12.7,0.0,0.0,5.9,0.0,0.0,0.0,0.0,none,False
2024-01-05 11:00:00,2024-01-05,11,17.0,45,14.9,0.0,0.0,6.3,0.0,0.0,0.0,0.0,none,False
2024-01-05 12:00:00,2024-01-05,12,19.2,36,16.9,0.0,0.0,6.3,0.0,0.0,0.0,0.0,none,False
2024-01-05 13:00:00,2024-01-05,13,20.5,36,18.8,0.0,0.0,5.8,0.0,0.0,0.0,0.0,none,False
2024-01-05 14:00:00,2024-01-05,14,21.4,34,19.6,0.0,0.0,5.3,0.0,0.0,0.0,0.0,none,False
2024-01-05 15:00:00,2024-01-05,15,21.8,33,19.8,0.0,0.0,5.1,0.0,0.0,0.0,0.0,none,False
2024-01-05 16:00:00,2024-01-05,16,21.6,34,19.8,0.0,0.0,4.1,0.0,0.0,0.0,0.0,none,True
2024-01-05 17:00:00,2024-01-05,17,21.2,35,19.3,0.0,0.0,5.3,0.0,0.0,0.0,0.0,none,True
2024-01-05 18:00:00,2024-01-05,18,19.9,41,18.0,0.0,0.0,6.3,0.0,0.0,0.0,0.0,none,True
2024-01-05 19:00:00,2024-01-05,19,18.7,43,16.4,0.0,0.0,8.6,0.0,0.0,0.0,0.0,none,False
2024-01-05 20:00:00,2024-01-05,20,17.4,48,15.4,0.0,0.0,7.0,0.0,0.0,0.0,0.0,none,False
2024-01-05 21:00:00,2024-01-05,21,16.6,52,15.0,0.0,0.0,5.4,0.0,0.0,0.0,0.0,none,False
2024-01-05 22:00:00,2024-01-05,22,15.6,61,13.9,0.0,0.0,8.0,0.0,0.0,0.0,0.0,none,False
2024-01-05 23:00:00,2024-01-05,23,14.8,59,13.2,0.0,0.0,5.9,0.0,0.0,0.0,0.0,none,False
2024-01-06 00:00:00,2024-01-06,0,14.1,63,12.5,0.0,0.0,6.3,0.0,0.0,0.0,0.0,none,False
2024-01-06 01:00:00,2024-01-06,1,13.1,71,11.4,0.0,0.0,8.4,0.0,0.0,0.0,0.0,none,False
2024-01-06 02:00:00,2024-01-06,2,12.9,71,11.2,0.0,0.0,7.4,0.0,0.0,0.0,0.0,none,False
2024-01-06 03:00:00,2024-01-06,3,12.6,76,11.2,0.0,0.0,7.0,0.0,0.0,0.0,0.0,none,False
2024-01-06 04:00:00,2024-01-06,4,13.1,79,12.0,0.0,0.0,6.8,0.0,0.0,0.0,0.0,none,False
2024-01-06 05:00:00,2024-01-06,5,12.7,84,11.8,0.0,0.0,6.4,0.0,0.0,0.0,0.0,none,False
2024-01-06 06:00:00,2024-01-06,6,12.4,87,11.5,0.0,0.0,6.2,0.0,0.0,0.0,0.0,none,False
2024-01-06 07:00:00,2024-01-06,7,11.9,88,10.9,0.0,0.0,6.8,0.0,0.0,0.0,0.0,none,True
2024-01-06 08:00:00,2024-01-06,8,11.6,88,10.4,0.0,0.0,7.3,0.0,0.0,0.0,0.0,none,True
2024-01-06 09:00:00,2024-01-06,9,13.9,76,12.7,0.0,0.0,8.4,0.0,0.0,0.0,0.0,none,True
2024-01-06 10:00:00,2024-01-06,10,16.8,64,15.4,0.0,0.0,9.4,0.0,0.0,0.0,0.0,none,False
2024-01-06 11:00:00,2024-01-06,11,18.9,61,17.5,0.0,0.0,11.5,0.0,0.0,0.0,0.0,none,False
2024-01-06 12:00:00,2024-01-06,12,20.4,58,19.0,0.0,0.0,12.7,0.0,0.0,0.0,0.0,none,False
2024-01-06 13:00:00,2024-01-06,13,21.4,54,20.0,0.0,0.0,14.0,0.0,0.0,0.0,0.0,none,False
2024-01-06 14:00:00,2024-01-06,14,22.0,50,20.4,0.0,0.0,14.8,0.0,0.0,0.0,0.0,none,False
2024-01-06 15:00:00,2024-01-06,15,22.4,47,20.2,0.0,0.0,15.9,0.0,0.0,0.0,0.0,none,False
2024-01-06 16:00:00,2024-01-06,16,22.4,46,20.2,0.0,0.0,15.1,0.0,0.0,0.0,0.0,none,True
2024-01-06 17:00:00,2024-01-06,17,21.9,46,19.7,0.0,0.0,15.2,0.0,0.0,0.0,0.0,none,True
2024-01-06 18:00:00,2024-01-06,18,20.6,51,19.1,0.0,0.0,10.9,0.0,0.0,0.0,0.0,none,True
2024-01-06 19:00:00,2024-01-06,19,19.2,57,18.1,0.0,0.0,9.0,0.0,0.0,0.0,0.0,none,False
2024-01-06 20:00:00,2024-01-06,20,18.1,61,16.9,0.0,0.0,9.7,0.0,0.0,0.0,0.0,none,False
2024-01-06 21:00:00,2024-01-06,21,17.2,65,16.0,0.0,0.0,10.1,0.0,0.0,0.0,0.0,none,False
2024-01-06 22:00:00,2024-01-06,22,16.6,70,15.3,0.0,0.0,11.4,0.0,0.0,0.0,0.0,none,False
2024-01-06 23:00:00,2024-01-06,23,15.9,76,14.5,0.0,0.0,13.4,0.0,0.0,0.0,0.0,none,False
2024-01-07 00:00:00,2024-01-07,0,15.2,83,14.2,0.0,0.0,12.3,0.0,0.0,0.0,0.0,none,False
2024-01-07 01:00:00,2024-01-07,1,14.4,87,13.9,0.0,0.0,7.6,0.0,0.0,0.0,0.0,none,False
2024-01-07 02:00:00,2024-01-07,2,12.8,90,12.2,0.0,0.0,7.1,0.0,0.0,0.0,0.0,none,False
2024-01-07 03:00:00,2024-01-07,3,12.8,86,11.9,0.0,0.0,7.0,0.0,0.0,0.0,0.0,none,False
2024-01-07 04:00:00,2024-01-07,4,13.2,75,11.6,0.0,0.0,9.1,0.0,0.0,0.0,0.0,none,False
2024-01-07 05:00:00,2024-01-07,5,12.6,69,10.4,0.0,0.0,9.4,0.0,0.0,0.0,0.0,none,False
2024-01-07 06:00:00,2024-01-07,6,11.9,69,9.5,0.0,0.0,10.7,0.0,0.0,0.0,0.0,none,False
2024-01-07 07:00:00,2024-01-07,7,11.9,66,9.2,0.0,0.0,11.8,0.0,0.0,0.0,0.0,none,True
2024-01-07 08:00:00,2024-01-07,8,11.9,65,9.0,0.0,0.0,12.8,0.0,0.0,0.0,0.0,none,True
2024-01-07 09:00:00,2024-01-07,9,13.6,57,10.1,0.0,0.0,16.0,0.0,0.0,0.0,0.0,none,True
2024-01-07 10:00:00,2024-01-07,10,16.0,50,12.7,0.0,0.0,15.5,0.0,0.0,0.0,0.0,none,False
2024-01-07 11:00:00,2024-01-07,11,18.0,49,14.8,0.0,0.0,17.3,0.0,0.0,0.0,0.0,none,False
2024-01-07 12:00:00,2024-01-07,12,20.0,46,17.0,0.0,0.0,17.1,0.0,0.0,0.0,0.0,none,False
2024-01-07 13:00:00,2024-01-07,13,21.9,42,19.3,0.0,0.0,16.4,0.0,0.0,0.0,0.0,none,False
2024-01-07 14:00:00,2024-01-07,14,23.1,37,20.4,0.0,0.0,16.2,0.0,0.0,0.0,0.0,none,False
2024-01-07 15:00:00,2024-01-07,15,23.9,33,20.7,0.0,0.0,15.5,0.0,0.0,0.0,0.0,none,False
2024-01-07 16:00:00,2024-01-07,16,23.5,34,20.8,0.0,0.0,13.5,0.0,0.0,0.0,0.0,none,True
2024-01-07 17:00:00,2024-01-07,17,23.0,34,20.2,0.0,0.0,13.3,0.0,0.0,0.0,0.0,none,True
2024-01-07 18:00:00,2024-01-07,18,21.0,42,19.1,0.0,0.0,8.4,0.0,0.0,0.0,0.0,none,True
2024-01-07 19:00:00,2024-01-07,19,19.1,50,17.5,0.0,0.0,8.4,0.0,0.0,0.0,0.0,none,False
2024-01-07 20:00:00,2024-01-07,20,18.0,55,16.3,0.0,0.0,9.1,0.0,0.0,0.0,0.0,none,False
2024-01-07 21:00:00,2024-01-07,21,17.2,57,15.4,0.0,0.0,9.9,0.0,0.0,0.0,0.0,none,False
2024-01-07 22:00:00,2024-01-07,22,16.4,60,14.5,0.0,0.0,10.5,0.0,0.0,0.0,0.0,none,False
2024-01-07 23:00:00,2024-01-07,23,15.9,62,13.5,0.0,0.0,14.2,0.0,0.0,0.0,0.0,none,False
2024-01-08 00:00:00,2024-01-08,0,15.4,62,12.6,0.0,0.0,15.6,0.0,0.0,0.0,0.0,none,False
2024-01-08 01:00:00,2024-01-08,1,14.7,62,11.9,0.0,0.0,15.2,0.0,0.0,0.0,0.0,none,False
2024-01-08 02:00:00,2024-01-08,2,14.1,63,11.2,0.0,0.0,15.6,0.0,0.0,0.0,0.0,none,False
2024-01-08 03:00:00,2024-01-08,3,13.7,64,10.7,0.0,0.0,15.7,0.0,0.0,0.0,0.0,none,False
2024-01-08 04:00:00,2024-01-08,4,13.9,62,10.8,0.0,0.0,15.8,0.0,0.0,0.0,0.0,none,False
2024-01-08 05:00:00,2024-01-08,5,13.6,63,10.3,0.0,0.0,16.9,0.0,0.0,0.0,0.0,none,False
2024-01-08 06:00:00,2024-01-08,6,13.2,65,10.0,0.0,0.0,16.3,0.0,0.0,0.0,0.0,none,False
2024-01-08 07:00:00,2024-01-08,7,12.4,69,9.5,0.0,0.0,14.8,0.0,0.0,0.0,0.0,none,True
2024-01-08 08:00:00,2024-01-08,8,11.9,72,9.1,0.0,0.0,14.2,0.0,0.0,0.0,0.0,none,True
2024-01-08 09:00:00,2024-01-08,9,13.4,65,10.2,0.0,0.0,16.6,0.0,0.0,0.0,0.0,none,True
2024-01-08 10:00:00,2024-01-08,10,15.8,56,12.7,0.0,0.0,16.2,0.0,0.0,0.0,0.0,none,False
2024-01-08 11:00:00,2024-01-08,11,18.0,48,14.9,0.0,0.0,15.9,0.0,0.0,0.0,0.0,none,False
2024-01-08 12:00:00,2024-01-08,12,20.0,41,16.9,0.0,0.0,14.5,0.0,0.0,0.0,0.0,none,False
2024-01-08 13:00:00,2024-01-08,13,21.5,34,18.8,0.0,0.0,12.3,0.0,0.0,0.0,0.0,none,False
2024-01-08 14:00:00,2024-01-08,14,22.7,28,20.0,0.0,0.0,10.2,0.0,0.0,0.0,0.0,none,False
2024-01-08 15:00:00,2024-01-08,15,23.3,25,20.2,0.0,0.0,9.4,0.0,0.0,0.0,0.0,none,False
2024-01-08 16:00:00,2024-01-08,16,23.2,25,20.4,0.0,0.0,6.5,0.0,0.0,0.0,0.0,none,True
2024-01-08 17:00:00,2024-01-08,17,22.9,25,20.0,0.0,0.0,6.5,0.0,0.0,0.0,0.0,none,True
2024-01-08 18:00:00,2024-01-08,18,20.9,36,19.0,0.0,0.0,4.8,0.0,0.0,0.0,0.0,none,True
2024-01-08 19:00:00,2024-01-08,19,18.8,45,16.8,0.0,0.0,7.3,0.0,0.0,0.0,0.0,none,False
2024-01-08 20:00:00,2024-01-08,20,17.3,52,15.4,0.0,0.0,8.7,0.0,0.0,0.0,0.0,none,False
2024-01-08 21:00:00,2024-01-08,21,18.0,35,15.5,0.0,0.0,5.4,0.0,0.0,0.0,0.0,none,False
2024-01-08 22:00:00,2024-01-08,22,17.5,36,15.6,0.0,0.0,1.0,0.0,0.0,0.0,0.0,none,False
2024-01-08 23:00:00,2024-01-08,23,17.2,37,15.4,0.0,0.0,0.5,0.0,0.0,0.0,0.0,none,False
2024-01-09 00:00:00,2024-01-09,0,16.5,39,14.1,0.0,0.0,4.0,0.0,0.0,0.0,0.0,none,False
2024-01-09 01:00:00,2024-01-09,1,15.1,44,12.7,0.0,0.0,4.6,0.0,0.0,0.0,0.0,none,False
2024-01-09 02:00:00,2024-01-09,2,14.5,45,12.4,0.0,0.0,3.1,0.0,0.0,0.0,0.0,none,False
2024-01-09 03:00:00,2024-01-09,3,13.6,49,11.2,0.0,0.0,5.4,0.0,0.0,0.0,0.0,none,False
2024-01-09 04:00:00,2024-01-09,4,12.8,50,10.3,0.0,0.0,5.1,0.0,0.0,0.0,0.0,none,False
2024-01-09 05:00:00,2024-01-09,5,12.4,49,10.2,0.0,0.0,3.1,0.0,0.0,0.0,0.0,none,False
2024-01-09 06:00:00,2024-01-09,6,11.1,52,8.8,0.0,0.0,2.7,0.0,0.0,0.0,0.0,none,False
2024-01-09 07:00:00,2024-01-09,7,9.4,57,6.6,0.0,0.0,5.9,0.0,0.0,0.0,0.0,none,True
2024-01-09 08:00:00,2024-01-09,8,9.1,57,6.2,0.0,0.0,6.5,0.0,0.0,0.0,0.0,none,True
2024-01-09 09:00:00,2024-01-09,9,11.0,49,7.5,0.0,0.0,10.5,0.0,0.0,0.0,0.0,none,True
2024-01-09 10:00:00,2024-01-09,10,13.2,41,10.0,0.0,0.0,8.2,0.0,0.0,0.0,0.0,none,False
2024-01-09 11:00:00,2024-01-09,11,15.8,34,12.3,0.0,0.0,9.2,0.0,0.0,0.0,0.0,none,False
2024-01-09 12:00:00,2024-01-09,12,18.0,29,14.3,0.0,0.0,10.7,0.0,0.0,0.0,0.0,none,False
2024-01-09 13:00:00,2024-01-09,13,20.0,24,16.2,0.0,0.0,12.6,0.0,0.0,0.0,0.0,none,False
2024-01-09 14:00:00,2024-01-09,14,21.2,20,16.7,0.0,0.0,15.5,0.0,0.0,0.0,0.0,none,False
2024-01-09 15:00:00,2024-01-09,15,21.5,18,16.3,0.0,0.0,17.7,0.0,0.0,0.0,0.0,none,False
2024-01-09 16:00:00,2024-01-09,16,21.0,20,16.4,0.0,0.0,14.8,0.0,0.0,0.0,0.0,none,True
2024-01-09 17:00:00,2024-01-09,17,20.5,20,16.0,0.0,0.0,12.8,0.0,0.0,0.0,0.0,none,True
2024-01-09 18:00:00,2024-01-09,18,18.8,24,15.2,0.0,0.0,7.2,0.0,0.0,0.0,0.0,none,True
2024-01-09 19:00:00,2024-01-09,19,16.7,32,13.7,0.0,0.0,6.1,0.0,0.0,0.0,0.0,none,False
2024-01-09 20:00:00,2024-01-09,20,15.9,31,12.6,0.0,0.0,7.4,0.0,0.0,0.0,0.0,none,False
2024-01-09 21:00:00,2024-01-09,21,14.6,36,11.3,0.0,0.0,7.9,0.0,0.0,0.0,0.0,none,False
2024-01-09 22:00:00,2024-01-09,22,13.5,41,10.2,0.0,0.0,8.4,0.0,0.0,0.0,0.0,none,False
2024-01-09 23:00:00,2024-01-09,23,12.8,40,9.4,0.0,0.0,8.2,0.0,0.0,0.0,0.0,none,False
2024-01-10 00:00:00,2024-01-10,0,12.1,40,8.5,0.0,0.0,8.9,0.0,0.0,0.0,0.0,none,False
2024-01-10 01:00:00,2024-01-10,1,11.3,41,7.7,0.0,0.0,8.6,0.0,0.0,0.0,0.0,none,False
2024-01-10 02:00:00,2024-01-10,2,10.6,42,6.9,0.0,0.0,8.8,0.0,0.0,0.0,0.0,none,False
2024-01-10 03:00:00,2024-01-10,3,9.6,45,5.8,0.0,0.0,9.7,0.0,0.0,0.0,0.0,none,False
2024-01-10 04:00:00,2024-01-10,4,9.7,41,5.8,0.0,0.0,9.7,0.0,0.0,0.0,0.0,none,False
2024-01-10 05:00:00,2024-01-10,5,9.1,43,5.1,0.0,0.0,9.7,0.0,0.0,0.0,0.0,none,False
2024-01-10 06:00:00,2024-01-10,6,8.8,42,5.0,0.0,0.0,8.1,0.0,0.0,0.0,0.0,none,False
2024-01-10 07:00:00,2024-01-10,7,8.9,40,5.3,0.0,0.0,6.5,0.0,0.0,0.0,0.0,none,True
2024-01-10 08:00:00,2024-01-10,8,8.6,43,4.9,0.0,0.0,8.1,0.0,0.0,0.0,0.0,none,True
2024-01-10 09:00:00,2024-01-10,9,10.2,40,5.6,0.0,0.0,14.5,0.0,0.0,0.0,0.0,none,True
2024-01-10 10:00:00,2024-01-10,10,13.1,34,8.5,0.0,0.0,14.4,0.0,0.0,0.0,0.0,none,False
2024-01-10 11:00:00,2024-01-10,11,15.4,31,10.9,0.0,0.0,14.3,0.0,0.0,0.0,0.0,none,False
2024-01-10 12:00:00,2024-01-10,12,17.2,30,13.1,0.0,0.0,13.0,0.0,0.0,0.0,0.0,none,False
2024-01-10 13:00:00,2024-01-10,13,18.8,35,15.1,0.0,0.0,16.3,0.0,0.0,0.0,0.0,none,False
2024-01-10 14:00:00,2024-01-10,14,19.6,34,15.6,0.0,0.0,18.6,0.0,0.0,0.0,0.0,none,False
2024-01-10 15:00:00,2024-01-10,15,19.9,33,15.3,0.0,0.0,20.1,0.0,0.0,0.0,0.0,none,False
2024-01-10 16:00:00,2024-01-10,16,19.8,37,15.6,0.0,0.0,19.5,0.0,0.0,0.0,0.0,none,True
2024-01-10 17:00:00,2024-01-10,17,19.0,43,15.4,0.0,0.0,18.0,0.0,0.0,0.0,0.0,none,True
2024-01-10 18:00:00,2024-01-10,18,17.8,47,14.9,0.0,0.0,14.1,0.0,0.0,0.0,0.0,none,True
2024-01-10 19:00:00,2024-01-10,19,16.5,52,14.1,0.0,0.0,10.4,0.0,0.0,0.0,0.0,none,False
2024-01-10 20:00:00,2024-01-10,20,15.6,56,13.6,0.0,0.0,8.7,0.0,0.0,0.0,0.0,none,False
2024-01-10 21:00:00,2024-01-10,21,15.2,57,12.8,0.0,0.0,10.7,0.0,0.0,0.0,0.0,none,False
2024-01-10 22:00:00,2024-01-10,22,14.6,60,12.4,0.0,0.0,9.5,0.0,0.0,0.0,0.0,none,False
2024-01-10 23:00:00,2024-01-10,23,13.8,65,11.8,0.0,0.0,8.3,0.0,0.0,0.0,0.0,none,False
2024-01-11 00:00:00,2024-01-11,0,13.1,69,11.3,0.0,0.0,7.6,0.0,0.0,0.0,0.0,none,False
2024-01-11 01:00:00,2024-01-11,1,12.2,77,10.9,0.0,0.0,5.9,0.0,0.0,0.0,0.0,none,False
2024-01-11 02:00:00,2024-01-11,2,11.8,81,10.4,0.0,0.0,6.9,0.0,0.0,0.0,0.0,none,False
2024-01-11 03:00:00,2024-01-11,3,11.6,83,10.1,0.0,0.0,7.6,0.0,0.0,0.0,0.0,none,False
2024-01-11 04:00:00,2024-01-11,4,11.8,82,10.5,0.0,0.0,6.4,0.0,0.0,0.0,0.0,none,False
2024-01-11 05:00:00,2024-01-11,5,11.3,84,10.0,0.0,0.0,6.3,0.0,0.0,0.0,0.0,none,False
2024-01-11 06:00:00,2024-01-11,6,11.1,85,9.6,0.0,0.0,7.2,0.0,0.0,0.0,0.0,none,False
2024-01-11 07:00:00,2024-01-11,7,10.6,87,9.1,0.0,0.0,7.2,0.0,0.0,0.0,0.0,none,True
2024-01-11 08:00:00,2024-01-11,8,10.5,87,9.0,0.0,0.0,7.3,0.0,0.0,0.0,0.0,none,True
2024-01-11 09:00:00,2024-01-11,9,11.6,80,9.6,0.0,0.0,10.9,0.0,0.0,0.0,0.0,none,True
2024-01-11 10:00:00,2024-01-11,10,13.4,71,11.5,0.0,0.0,10.1,0.0,0.0,0.0,0.0,none,False
2024-01-11 11:00:00,2024-01-11,11,15.2,63,13.2,0.0,0.0,10.2,0.0,0.0,0.0,0.0,none,False
2024-01-11 12:00:00,2024-01-11,12,17.1,55,14.9,0.0,0.0,11.2,0.0,0.0,0.0,0.0,none,False
2024-01-11 13:00:00,2024-01-11,13,18.0,50,15.2,0.1,0.1,15.1,0.1,0.1,0.1,0.1,light,False
2024-01-11 14:00:00,2024-01-11,14,18.5,47,15.2,0.0,0.0,16.9,0.0,0.1,0.1,0.1,none,False
2024-01-11 15:00:00,2024-01-11,15,18.7,46,15.2,0.0,0.0,18.4,0.0,0.1,0.1,0.1,none,False
2024-01-11 16:00:00,2024-01-11,16,18.8,44,15.6,0.0,0.0,15.5,0.0,0.0,0.1,0.1,none,True
2024-01-11 17:00:00,2024-01-11,17,18.5,45,15.3,0.0,0.0,15.5,0.0,0.0,0.1,0.1,none,True
2024-01-11 18:00:00,2024-01-11,18,17.8,49,15.0,0.0,0.0,13.7,0.0,0.0,0.1,0.1,none,True
2024-01-11 19:00:00,2024-01-11,19,16.8,53,14.6,0.0,0.0,10.2,0.0,0.0,0.0,0.1,none,False
2024-01-11 20:00:00,2024-01-11,20,16.0,57,14.0,0.0,0.0,9.7,0.0,0.0,0.0,0.1,none,False
2024-01-11 21:00:00,2024-01-11,21,15.1,62,13.1,0.0,0.0,9.6,0.0,0.0,0.0,0.1,none,False
2024-01-11 22:00:00,2024-01-11,22,14.1,67,12.5,0.0,0.0,7.5,0.0,0.0,0.0,0.1,none,False
2024-01-11 23:00:00,2024-01-11,23,13.2,72,11.8,0.0,0.0,6.7,0.0,0.0,0.0,0.1,none,False
2024-01-12 00:00:00,2024-01-12,0,12.6,76,11.1,0.0,0.0,6.9,0.0,0.0,0.0,0.1,none,False
2024-01-12 01:00:00,2024-01-12,1,11.8,81,10.5,0.0,0.0,6.3,0.0,0.0,0.0,0.1,none,False
2024-01-12 02:00:00,2024-01-12,2,10.9,87,9.6,0.0,0.0,6.9,0.0,0.0,0.0,0.1,none,False
2024-01-12 03:00:00,2024-01-12,3,10.6,88,9.5,0.0,0.0,5.6,0.0,0.0,0.0,0.1,none,False
2024-01-12 04:00:00,2024-01-12,4,10.9,85,9.6,0.0,0.0,6.0,0.0,0.0,0.0,0.1,none,False
2024-01-12 05:00:00,2024-01-12,5,10.1,87,8.7,0.0,0.0,6.2,0.0,0.0,0.0,0.1,none,False
2024-01-12 06:00:00,2024-01-12,6,9.9,87,8.3,0.0,0.0,6.6,0.0,0.0,0.0,0.1,none,False
2024-01-12 07:00:00,2024-01-12,7,9.6,86,7.9,0.0,0.0,7.9,0.0,0.0,0.0,0.1,none,True
2024-01-12 08:00:00,2024-01-12,8,9.4,87,7.2,0.0,0.0,9.8,0.0,0.0,0.0,0.1,none,True
2024-01-12 09:00:00,2024-01-12,9,10.6,80,8.0,0.0,0.0,13.4,0.0,0.0,0.0,0.1,none,True
2024-01-12 10:00:00,2024-01-12,10,12.9,68,10.1,0.0,0.0,13.7,0.0,0.0,0.0,0.1,none,False
2024-01-12 11:00:00,2024-01-12,11,14.8,59,11.9,0.0,0.0,14.0,0.0,0.0,0.0,0.1,none,False
2024-01-12 12:00:00,2024-01-12,12,16.6,51,13.7,0.0,0.0,14.5,0.0,0.0,0.0,0.1,none,False
2024-01-12 13:00:00,2024-01-12,13,18.4,45,15.7,0.0,0.0,13.4,0.0,0.0,0.0,0.0,none,False
2024-01-12 14:00:00,2024-01-12,14,19.2,41,15.9,0.0,0.0,14.7,0.0,0.0,0.0,0.0,none,False
2024-01-12 15:00:00,2024-01-12,15,19.5,39,16.1,0.0,0.0,15.6,0.0,0.0,0.0,0.0,none,False
2024-01-12 16:00:00,2024-01-12,16,19.0,39,15.5,0.0,0.0,15.3,0.0,0.0,0.0,0.0,none,True
2024-01-12 17:00:00,2024-01-12,17,18.7,38,15.4,0.0,0.0,13.2,0.0,0.0,0.0,0.0,none,True
2024-01-12 18:00:00,2024-01-12,18,17.7,40,14.6,0.0,0.0,11.5,0.0,0.0,0.0,0.0,none,True
2024-01-12 19:00:00,2024-01-12,19,16.2,44,13.6,0.0,0.0,8.2,0.0,0.0,0.0,0.0,none,False
2024-01-12 20:00:00,2024-01-12,20,15.1,48,12.5,0.0,0.0,8.4,0.0,0.0,0.0,0.0,none,False
2024-01-12 21:00:00,2024-01-12,21,14.2,50,11.6,0.0,0.0,8.4,0.0,0.0,0.0,0.0,none,False
2024-01-12 22:00:00,2024-01-12,22,13.7,52,11.0,0.0,0.0,8.6,0.0,0.0,0.0,0.0,none,False
2024-01-12 23:00:00,2024-01-12,23,13.1,53,10.4,0.0,0.0,8.8,0.0,0.0,0.0,0.0,none,False
2024-01-13 00:00:00,2024-01-13,0,12.1,57,8.9,0.0,0.0,12.3,0.0,0.0,0.0,0.0,none,False
2024-01-13 01:00:00,2024-01-13,1,11.4,60,7.7,0.0,0.0,15.0,0.0,0.0,0.0,0.0,none,False
2024-01-13 02:00:00,2024-01-13,2,10.9,62,7.1,0.0,0.0,15.6,0.0,0.0,0.0,0.0,none,False
2024-01-13 03:00:00,2024-01-13,3,10.6,62,6.6,0.0,0.0,16.6,0.0,0.0,0.0,0.0,none,False
2024-01-13 04:00:00,2024-01-13,4,10.7,61,6.7,0.0,0.0,16.8,0.0,0.0,0.0,0.0,none,False
2024-01-13 05:00:00,2024-01-13,5,10.4,61,6.3,0.0,0.0,17.4,0.0,0.0,0.0,0.0,none,False
2024-01-13 06:00:00,2024-01-13,6,10.2,62,5.9,0.0,0.0,18.4,0.0,0.0,0.0,0.0,none,False
2024-01-13 07:00:00,2024-01-13,7,9.8,63,5.6,0.0,0.0,17.7,0.0,0.0,0.0,0.0,none,True
2024-01-13 08:00:00,2024-01-13,8,9.6,64,5.2,0.0,0.0,19.3,0.0,0.0,0.0,0.0,none,True
2024-01-13 09:00:00,2024-01-13,9,10.8,60,6.1,0.0,0.0,21.1,0.0,0.0,0.0,0.0,none,True
2024-01-13 10:00:00,2024-01-13,10,12.7,53,7.8,0.0,0.0,23.0,0.0,0.0,0.0,0.0,none,False
2024-01-13 11:00:00,2024-01-13,11,15.1,45,9.8,0.0,0.0,25.9,0.0,0.0,0.0,0.0,none,False
2024-01-13 12:00:00,2024-01-13,12,17.2,39,11.5,0.0,0.0,28.1,0.0,0.0,0.0,0.0,none,False
2024-01-13 13:00:00,2024-01-13,13,18.6,35,13.0,0.0,0.0,28.8,0.0,0.0,0.0,0.0,none,False
2024-01-13 14:00:00,2024-01-13,14,19.5,33,14.0,0.0,0.0,29.0,0.0,0.0,0.0,0.0,none,False
2024-01-13 15:00:00,2024-01-13,15,20.2,32,14.4,0.0,0.0,28.8,0.0,0.0,0.0,0.0,none,False
2024-01-13 16:00:00,2024-01-13,16,20.2,32,14.8,0.0,0.0,25.7,0.0,0.0,0.0,0.0,none,True
2024-01-13 17:00:00,2024-01-13,17,20.5,29,15.2,0.0,0.0,23.4,0.0,0.0,0.0,0.0,none,True
2024-01-13 18:00:00,2024-01-13,18,19.1,26,13.9,0.0,0.0,20.5,0.0,0.0,0.0,0.0,none,True
2024-01-13 19:00:00,2024-01-13,19,17.5,28,12.6,0.0,0.0,18.4,0.0,0.0,0.0,0.0,none,False
2024-01-13 20:00:00,2024-01-13,20,16.6,33,12.3,0.0,0.0,15.3,0.0,0.0,0.0,0.0,none,False
2024-01-13 21:00:00,2024-01-13,21,15.6,42,11.9,0.0,0.0,14.2,0.0,0.0,0.0,0.0,none,False
2024-01-13 22:00:00,2024-01-13,22,14.8,50,11.6,0.0,0.0,12.9,0.0,0.0,0.0,0.0,none,False
2024-01-13 23:00:00,2024-01-13,23,13.9,54,11.1,0.0,0.0,10.8,0.0,0.0,0.0,0.0,none,False
2024-01-14 00:00:00,2024-01-14,0,13.1,58,10.5,0.0,0.0,8.9,0.0,0.0,0.0,0.0,none,False
2024-01-14 01:00:00,2024-01-14,1,12.2,62,10.0,0.0,0.0,7.2,0.0,0.0,0.0,0.0,none,False
2024-01-14 02:00:00,2024-01-14,2,11.6,67,9.6,0.0,0.0,5.9,0.0,0.0,0.0,0.0,none,False
2024-01-14 03:00:00,2024-01-14,3,10.9,74,9.3,0.0,0.0,5.3,0.0,0.0,0.0,0.0,none,False
2024-01-14 04:00:00,2024-01-14,4,10.8,89,9.6,0.0,0.0,5.9,0.0,0.0,0.0,0.0,none,False
2024-01-14 05:00:00,2024-01-14,5,10.6,91,9.7,0.0,0.0,4.9,0.0,0.0,0.0,0.0,none,False
2024-01-14 06:00:00,2024-01-14,6,10.8,91,9.9,0.0,0.0,4.7,0.0,0.0,0.0,0.0,none,False
2024-01-14 07:00:00,2024-01-14,7,10.4,91,9.3,0.0,0.0,6.5,0.0,0.0,0.0,0.0,none,True
2024-01-14 08:00:00,2024-01-14,8,9.9,92,8.5,0.0,0.0,7.6,0.0,0.0,0.0,0.0,none,True
2024-01-14 09:00:00,2024-01-14,9,11.1,85,9.3,0.0,0.0,10.1,0.0,0.0,0.0,0.0,none,True
2024-01-14 10:00:00,2024-01-14,10,13.1,76,11.8,0.0,0.0,7.0,0.0,0.0,0.0,0.0,none,False
2024-01-14 11:00:00,2024-01-14,11,15.1,67,14.0,0.0,0.0,5.4,0.0,0.0,0.0,0.0,none,False
2024-01-14 12:00:00,2024-01-14,12,17.1,54,15.4,0.0,0.0,7.9,0.0,0.0,0.0,0.0,none,False
2024-01-14 13:00:00,2024-01-14,13,18.4,45,16.1,0.0,0.0,10.3,0.0,0.0,0.0,0.0,none,False
2024-01-14 14:00:00,2024-01-14,14,19.2,38,16.2,0.0,0.0,12.2,0.0,0.0,0.0,0.0,none,False
2024-01-14 15:00:00,2024-01-14,15,19.8,34,16.3,0.0,0.0,13.5,0.0,0.0,0.0,0.0,none,False
2024-01-14 16:00:00,2024-01-14,16,19.4,37,16.4,0.0,0.0,10.8,0.0,0.0,0.0,0.0,none,True
2024-01-14 17:00:00,2024-01-14,17,19.0,36,15.5,0.0,0.0,13.0,0.0,0.0,0.0,0.0,none,True
2024-01-14 18:00:00,2024-01-14,18,17.8,40,14.5,0.0,0.0,12.7,0.0,0.0,0.0,0.0,none,True
2024-01-14 19:00:00,2024-01-14,19,16.6,44,13.9,0.0,0.0,9.7,0.0,0.0,0.0,0.0,none,False
2024-01-14 20:00:00,2024-01-14,20,15.7,51,12.6,0.0,0.0,13.6,0.0,0.0,0.0,0.0,none,False
2024-01-14 21:00:00,2024-01-14,21,14.5,59,12.2,0.0,0.0,9.7,0.0,0.0,0.0,0.0,none,False
2024-01-14 22:00:00,2024-01-14,22,13.4,64,11.8,0.0,0.0,4.9,0.0,0.0,0.0,0.0,none,False
2024-01-14 23:00:00,2024-01-14,23,12.6,69,11.0,0.0,0.0,5.5,0.0,0.0,0.0,0.0,none,False
2024-01-15 00:00:00,2024-01-15,0,11.9,74,10.4,0.0,0.0,5.9,0.0,0.0,0.0,0.0,none,False
2024-01-15 01:00:00,2024-01-15,1,12.5,72,11.3,0.0,0.0,3.6,0.0,0.0,0.0,0.0,none,False
2024-01-15 02:00:00,2024-01-15,2,12.1,74,11.1,0.0,0.0,3.0,0.0,0.0,0.0,0.0,none,False
2024-01-15 03:00:00,2024-01-15,3,11.8,77,11.0,0.0,0.0,1.3,0.0,0.0,0.0,0.0,none,False
2024-01-15 04:00:00,2024-01-15,4,11.0,71,9.2,0.0,0.0,5.5,0.0,0.0,0.0,0.0,none,False
2024-01-15 05:00:00,2024-01-15,5,9.9,77,8.0,0.0,0.0,6.9,0.0,0.0,0.0,0.0,none,False
2024-01-15 06:00:00,2024-01-15,6,9.1,85,7.0,0.0,0.0,8.2,0.0,0.0,0.0,0.0,none,False
2024-01-15 07:00:00,2024-01-15,7,10.4,79,8.6,0.0,0.0,6.8,0.0,0.0,0.0,0.0,none,True
2024-01-15 08:00:00,2024-01-15,8,10.6,79,9.1,0.0,0.0,5.4,0.0,0.0,0.0,0.0,none,True
2024-01-15 09:00:00,2024-01-15,9,10.9,78,9.6,0.0,0.0,3.6,0.0,0.0,0.0,0.0,none,True
2024-01-15 10:00:00,2024-01-15,10,12.7,69,11.8,0.0,0.0,1.1,0.0,0.0,0.0,0.0,none,False
2024-01-15 11:00:00,2024-01-15,11,15.0,59,13.8,0.0,0.0,3.3,0.0,0.0,0.0,0.0,none,False
2024-01-15 12:00:00,2024-01-15,12,16.9,50,15.2,0.0,0.0,5.1,0.0,0.0,0.0,0.0,none,False
2024-01-15 13:00:00,2024-01-15,13,18.3,42,16.5,0.0,0.0,7.0,0.0,0.0,0.0,0.0,none,False
2024-01-15 14:00:00,2024-01-15,14,19.3,37,17.0,0.0,0.0,8.9,0.0,0.0,0.0,0.0,none,False
2024-01-15 15:00:00,2024-01-15,15,19.6,34,16.6,0.0,0.0,10.5,0.0,0.0,0.0,0.0,none,False
2024-01-15 16:00:00,2024-01-15,16,19.3,34,16.2,0.0,0.0,9.8,0.0,0.0,0.0,0.0,none,True
2024-01-15 17:00:00,2024-01-15,17,18.8,34,15.6,0.0,0.0,10.5,0.0,0.0,0.0,0.0,none,True
2024-01-15 18:00:00,2024-01-15,18,17.9,36,14.8,0.0,0.0,9.7,0.0,0.0,0.0,0.0,none,True
2024-01-15 19:00:00,2024-01-15,19,16.6,40,14.2,0.0,0.0,5.8,0.0,0.0,0.0,0.0,none,False
2024-01-15 20:00:00,2024-01-15,20,15.1,45,12.6,0.0,0.0,6.9,0.0,0.0,0.0,0.0,none,False
2024-01-15 21:00:00,2024-01-15,21,15.5,43,13.1,0.0,0.0,5.2,0.0,0.0,0.0,0.0,none,False
2024-01-15 22:00:00,2024-01-15,22,14.9,45,12.4,0.0,0.0,5.8,0.0,0.0,0.0,0.0,none,False
2024-01-15 23:00:00,2024-01-15,23,14.2,47,12.0,0.0,0.0,4.7,0.0,0.0,0.0,0.0,none,False
2024-01-16 00:00:00,2024-01-16,0,12.2,55,10.0,0.0,0.0,4.1,0.0,0.0,0.0,0.0,none,False
2024-01-16 01:00:00,2024-01-16,1,11.8,57,9.4,0.0,0.0,5.5,0.0,0.0,0.0,0.0,none,False
2024-01-16 02:00:00,2024-01-16,2,11.2,58,8.7,0.0,0.0,6.7,0.0,0.0,0.0,0.0,none,False
2024-01-16 03:00:00,2024-01-16,3,9.9,64,7.2,0.0,0.0,7.9,0.0,0.0,0.0,0.0,none,False
2024-01-16 04:00:00,2024-01-16,4,9.9,66,7.5,0.0,0.0,6.2,0.0,0.0,0.0,0.0,none,False
2024-01-16 05:00:00,2024-01-16,5,11.4,59,9.6,0.0,0.0,2.2,0.0,0.0,0.0,0.0,none,False
2024-01-16 06:00:00,2024-01-16,6,11.5,58,9.8,0.0,0.0,1.3,0.0,0.0,0.0,0.0,none,False
2024-01-16 07:00:00,2024-01-16,7,10.6,61,8.6,0.0,0.0,3.1,0.0,0.0,0.0,0.0,none,True
2024-01-16 08:00:00,2024-01-16,8,8.7,68,6.2,0.0,0.0,6.3,0.0,0.0,0.0,0.0,none,True
2024-01-16 09:00:00,2024-01-16,9,11.4,57,9.0,0.0,0.0,5.1,0.0,0.0,0.0,0.0,none,True
2024-01-16 10:00:00,2024-01-16,10,13.3,49,10.7,0.0,0.0,6.6,0.0,0.0,0.0,0.0,none,False
2024-01-16 11:00:00,2024-01-16,11,15.2,42,12.6,0.0,0.0,6.4,0.0,0.0,0.0,0.0,none,False
2024-01-16 12:00:00,2024-01-16,12,16.8,37,14.0,0.0,0.0,6.9,0.0,0.0,0.0,0.0,none,False
2024-01-16 13:00:00,2024-01-16,13,17.9,34,15.0,0.0,0.0,9.7,0.0,0.0,0.0,0.0,none,False
2024-01-16 14:00:00,2024-01-16,14,18.6,32,15.4,0.0,0.0,12.0,0.0,0.0,0.0,0.0,none,False
2024-01-16 15:00:00,2024-01-16,15,19.0,30,15.2,0.0,0.0,12.3,0.0,0.0,0.0,0.0,none,False
2024-01-16 16:00:00,2024-01-16,16,19.1,32,15.6,0.0,0.0,12.2,0.0,0.0,0.0,0.0,none,True
2024-01-16 17:00:00,2024-01-16,17,18.7,32,15.3,0.0,0.0,10.4,0.0,0.0,0.0,0.0,none,True
2024-01-16 18:00:00,2024-01-16,18,18.0,32,14.6,0.0,0.0,9.1,0.0,0.0,0.0,0.0,none,True
2024-01-16 19:00:00,2024-01-16,19,16.4,35,13.7,0.0,0.0,4.7,0.0,0.0,0.0,0.0,none,False
2024-01-16 20:00:00,2024-01-16,20,14.9,39,12.2,0.0,0.0,6.0,0.0,0.0,0.0,0.0,none,False
2024-01-16 21:00:00,2024-01-16,21,14.4,43,11.7,0.0,0.0,5.8,0.0,0.0,0.0,0.0,none,False
2024-01-16 22:00:00,2024-01-16,22,13.5,47,10.8,0.0,0.0,6.8,0.0,0.0,0.0,0.0,none,False
2024-01-16 23:00:00,2024-01-16,23,12.8,48,10.2,0.0,0.0,5.9,0.0,0.0,0.0,0.0,none,False
2024-01-17 00:00:00,2024-01-17,0,12.4,50,9.7,0.0,0.0,5.8,0.0,0.0,0.0,0.0,none,False
2024-01-17 01:00:00,2024-01-17,1,12.4,50,9.6,0.0,0.0,7.3,0.0,0.0,0.0,0.0,none,False
2024-01-17 02:00:00,2024-01-17,2,11.9,51,8.8,0.0,0.0,8.8,0.0,0.0,0.0,0.0,none,False
2024-01-17 03:00:00,2024-01-17,3,11.1,53,8.1,0.0,0.0,8.6,0.0,0.0,0.0,0.0,none,False
2024-01-17 04:00:00,2024-01-17,4,11.3,53,8.5,0.0,0.0,6.9,0.0,0.0,0.0,0.0,none,False
2024-01-17 05:00:00,2024-01-17,5,10.8,55,8.1,0.0,0.0,6.5,0.0,0.0,0.0,0.0,none,False
2024-01-17 06:00:00,2024-01-17,6,10.1,58,7.4,0.0,0.0,5.9,0.0,0.0,0.0,0.0,none,False
2024-01-17 07:00:00,2024-01-17,7,9.9,58,7.4,0.0,0.0,5.6,0.0,0.0,0.0,0.0,none,True
2024-01-17 08:00:00,2024-01-17,8,9.7,59,6.9,0.0,0.0,6.8,0.0,0.0,0.0,0.0,none,True
2024-01-17 09:00:00,2024-01-17,9,11.6,52,8.1,0.0,0.0,11.2,0.0,0.0,0.0,0.0,none,True
2024-01-17 10:00:00,2024-01-17,10,14.1,44,10.6,0.0,0.0,10.9,0.0,0.0,0.0,0.0,none,False
2024-01-17 11:00:00,2024-01-17,11,16.4,37,13.0,0.0,0.0,10.0,0.0,0.0,0.0,0.0,none,False
2024-01-17 12:00:00,2024-01-17,12,18.1,32,14.9,0.0,0.0,8.4,0.0,0.0,0.0,0.0,none,False
2024-01-17 13:00:00,2024-01-17,13,19.6,28,16.9,0.0,0.0,7.8,0.0,0.0,0.0,0.0,none,False
2024-01-17 14:00:00,2024-01-17,14,20.8,25,18.0,0.0,0.0,7.9,0.0,0.0,0.0,0.0,none,False
2024-01-17 15:00:00,2024-01-17,15,21.6,23,18.3,0.0,0.0,7.6,0.0,0.0,0.0,0.0,none,False
2024-01-17 16:00:00,2024-01-17,16,22.1,22,18.6,0.0,0.0,8.8,0.0,0.0,0.0,0.0,none,True
2024-01-17 17:00:00,2024-01-17,17,21.9,22,18.3,0.0,0.0,9.1,0.0,0.0,0.0,0.0,none,True
2024-01-17 18:00:00,2024-01-17,18,20.7,24,17.6,0.0,0.0,5.8,0.0,0.0,0.0,0.0,none,True
2024-01-17 19:00:00,2024-01-17,19,18.5,28,15.6,0.0,0.0,5.2,0.0,0.0,0.0,0.0,none,False
2024-01-17 20:00:00,2024-01-17,20,17.4,31,14.4,0.0,0.0,6.3,0.0,0.0,0.0,0.0,none,False
2024-01-17 21:00:00,2024-01-17,21,16.0,35,13.0,0.0,0.0,7.1,0.0,0.0,0.0,0.0,none,False
2024-01-17 22:00:00,2024-01-17,22,14.7,39,11.4,0.0,0.0,9.1,0.0,0.0,0.0,0.0,none,False
2024-01-17 23:00:00,2024-01-17,23,15.4,37,12.6,0.0,0.0,5.0,0.0,0.0,0.0,0.0,none,False
2024-01-18 00:00:00,2024-01-18,0,15.6,36,13.4,0.0,0.0,1.8,0.0,0.0,0.0,0.0,none,False
2024-01-18 01:00:00,2024-01-18,1,15.2,37,13.1,0.0,0.0,0.7,0.0,0.0,0.0,0.0,none,False
2024-01-18 02:00:00,2024-01-18,2,14.4,40,12.1,0.0,0.0,1.5,0.0,0.0,0.0,0.0,none,False
2024-01-18 03:00:00,2024-01-18,3,13.6,42,11.5,0.0,0.0,0.7,0.0,0.0,0.0,0.0,none,False
2024-01-18 04:00:00,2024-01-18,4,13.5,43,11.2,0.0,0.0,2.2,0.0,0.0,0.0,0.0,none,False
2024-01-18 05:00:00,2024-01-18,5,13.2,44,11.0,0.0,0.0,1.9,0.0,0.0,0.0,0.0,none,False
2024-01-18 06:00:00,2024-01-18,6,11.9,48,9.4,0.0,0.0,3.7,0.0,0.0,0.0,0.0,none,False
2024-01-18 07:00:00,2024-01-18,7,10.7,54,8.1,0.0,0.0,4.8,0.0,0.0,0.0,0.0,none,True
2024-01-18 08:00:00,2024-01-18,8,10.9,54,8.5,0.0,0.0,4.0,0.0,0.0,0.0,0.0,none,True
2024-01-18 09:00:00,2024-01-18,9,12.0,52,9.9,0.0,0.0,2.9,0.0,0.0,0.0,0.0,none,True
2024-01-18 10:00:00,2024-01-18,10,14.6,45,12.7,0.0,0.0,2.1,0.0,0.0,0.0,0.0,none,False
2024-01-18 11:00:00,2024-01-18,11,17.0,44,15.6,0.0,0.0,0.4,0.0,0.0,0.0,0.0,none,False
2024-01-18 12:00:00,2024-01-18,12,19.0,42,17.7,0.0,0.0,1.3,0.0,0.0,0.0,0.0,none,False
2024-01-18 13:00:00,2024-01-18,13,20.6,35,19.4,0.0,0.0,1.8,0.0,0.0,0.0,0.0,none,False
2024-01-18 14:00:00,2024-01-18,14,21.7,30,20.2,0.0,0.0,2.5,0.0,0.0,0.0,0.0,none,False
2024-01-18 15:00:00,2024-01-18,15,22.2,29,20.4,0.0,0.0,2.0,0.0,0.0,0.0,0.0,none,False
2024-01-18 16:00:00,2024-01-18,16,22.5,28,20.6,0.0,0.0,2.3,0.0,0.0,0.0,0.0,none,True
2024-01-18 17:00:00,2024-01-18,17,22.4,29,20.3,0.0,0.0,3.5,0.0,0.0,0.0,0.0,none,True
2024-01-18 18:00:00,2024-01-18,18,21.6,30,19.3,0.0,0.0,5.4,0.0,0.0,0.0,0.0,none,True
2024-01-18 19:00:00,2024-01-18,19,19.8,35,17.5,0.0,0.0,5.6,0.0,0.0,0.0,0.0,none,False
2024-01-18 20:00:00,2024-01-18,20,19.5,34,17.4,0.0,0.0,4.0,0.0,0.0,0.0,0.0,none,False
2024-01-18 21:00:00,2024-01-18,21,17.1,43,14.8,0.0,0.0,6.9,0.0,0.0,0.0,0.0,none,False
2024-01-18 22:00:00,2024-01-18,22,17.1,47,15.3,0.0,0.0,5.6,0.0,0.0,0.0,0.0,none,False
2024-01-18 23:00:00,2024-01-18,23,17.0,49,15.4,0.0,0.0,4.3,0.0,0.0,0.0,0.0,none,False
2024-01-19 00:00:00,2024-01-19,0,14.1,64,12.3,0.0,0.0,8.2,0.0,0.0,0.0,0.0,none,False
2024-01-19 01:00:00,2024-01-19,1,14.8,64,13.4,0.0,0.0,6.1,0.0,0.0,0.0,0.0,none,False
2024-01-19 02:00:00,2024-01-19,2,14.3,69,13.3,0.0,0.0,4.4,0.0,0.0,0.0,0.0,none,False
2024-01-19 03:00:00,2024-01-19,3,13.8,72,13.0,0.0,0.0,3.3,0.0,0.0,0.0,0.0,none,False
2024-01-19 04:00:00,2024-01-19,4,13.4,73,12.5,0.0,0.0,3.8,0.0,0.0,0.0,0.0,none,False
2024-01-19 05:00:00,2024-01-19,5,12.6,81,11.9,0.0,0.0,3.3,0.0,0.0,0.0,0.0,none,False
2024-01-19 06:00:00,2024-01-19,6,12.4,82,12.0,0.0,0.0,1.8,0.0,0.0,0.0,0.0,none,False
2024-01-19 07:00:00,2024-01-19,7,12.6,80,12.0,0.0,0.0,2.2,0.0,0.0,0.0,0.0,none,True
2024-01-19 08:00:00,2024-01-19,8,11.8,78,10.7,0.0,0.0,4.5,0.0,0.0,0.0,0.0,none,True
2024-01-19 09:00:00,2024-01-19,9,13.4,64,12.3,0.0,0.0,2.4,0.0,0.0,0.0,0.0,none,True
2024-01-19 10:00:00,2024-01-19,10,16.2,51,14.9,0.0,0.0,2.1,0.0,0.0,0.0,0.0,none,False
2024-01-19 11:00:00,2024-01-19,11,19.0,40,17.8,0.0,0.0,0.7,0.0,0.0,0.0,0.0,none,False
2024-01-19 12:00:00,2024-01-19,12,21.0,35,19.7,0.0,0.0,0.4,0.0,0.0,0.0,0.0,none,False
2024-01-19 13:00:00,2024-01-19,13,22.1,34,20.9,0.0,0.0,3.1,0.0,0.0,0.0,0.0,none,False
2024-01-19 14:00:00,2024-01-19,14,22.9,32,21.5,0.0,0.0,4.8,0.0,0.0,0.0,0.0,none,False
2024-01-19 15:00:00,2024-01-19,15,23.4,31,21.6,0.0,0.0,4.7,0.0,0.0,0.0,0.0,none,False
2024-01-19 16:00:00,2024-01-19,16,23.2,33,21.8,0.0,0.0,3.1,0.0,0.0,0.0,0.0,none,True
2024-01-19 17:00:00,2024-01-19,17,23.2,33,21.3,0.0,0.0,6.6,0.0,0.0,0.0,0.0,none,True
2024-01-19 18:00:00,2024-01-19,18,22.2,37,20.0,0.0,0.0,9.7,0.0,0.0,0.0,0.0,none,True
2024-01-19 19:00:00,2024-01-19,19,20.5,43,18.6,0.0,0.0,8.5,0.0,0.0,0.0,0.0,none,False
2024-01-19 20:00:00,2024-01-19,20,19.1,47,17.2,0.0,0.0,9.1,0.0,0.0,0.0,0.0,none,False
2024-01-19 21:00:00,2024-01-19,21,17.8,51,16.4,0.0,0.0,5.1,0.0,0.0,0.0,0.0,none,False
2024-01-19 22:00:00,2024-01-19,22,17.8,51,16.7,0.0,0.0,3.2,0.0,0.0,0.0,0.0,none,False
2024-01-19 23:00:00,2024-01-19,23,16.9,55,15.9,0.0,0.0,2.1,0.0,0.0,0.0,0.0,none,False
2024-01-20 00:00:00,2024-01-20,0,15.7,58,14.4,0.0,0.0,4.6,0.0,0.0,0.0,0.0,none,False
2024-01-20 01:00:00,2024-01-20,1,14.7,62,13.2,0.0,0.0,6.0,0.0,0.0,0.0,0.0,none,False
2024-01-20 02:00:00,2024-01-20,2,14.4,63,13.0,0.0,0.0,5.4,0.0,0.0,0.0,0.0,none,False
2024-01-20 03:00:00,2024-01-20,3,13.2,68,11.7,0.0,0.0,6.4,0.0,0.0,0.0,0.0,none,False
2024-01-20 04:00:00,2024-01-20,4,13.6,67,12.0,0.0,0.0,6.3,0.0,0.0,0.0,0.0,none,False
2024-01-20 05:00:00,2024-01-20,5,13.1,69,11.7,0.0,0.0,5.1,0.0,0.0,0.0,0.0,none,False
2024-01-20 06:00:00,2024-01-20,6,12.3,74,10.8,0.0,0.0,6.4,0.0,0.0,0.0,0.0,none,False
2024-01-20 07:00:00,2024-01-20,7,12.6,72,11.1,0.0,0.0,6.0,0.0,0.0,0.0,0.0,none,True
2024-01-20 08:00:00,2024-01-20,8,12.1,74,10.5,0.0,0.0,7.1,0.0,0.0,0.0,0.0,none,True
2024-01-20 09:00:00,2024-01-20,9,14.2,65,12.4,0.0,0.0,8.4,0.0,0.0,0.0,0.0,none,True
2024-01-20 10:00:00,2024-01-20,10,16.6,55,14.5,0.0,0.0,10.1,0.0,0.0,0.0,0.0,none,False
2024-01-20 11:00:00,2024-01-20,11,19.6,45,17.3,0.0,0.0,10.7,0.0,0.0,0.0,0.0,none,False
2024-01-20 12:00:00,2024-01-20,12,21.9,38,19.5,0.0,0.0,10.8,0.0,0.0,0.0,0.0,none,False
2024-01-20 13:00:00,2024-01-20,13,23.5,32,21.4,0.0,0.0,9.6,0.0,0.0,0.0,0.0,none,False
2024-01-20 14:00:00,2024-01-20,14,24.7,27,22.6,0.0,0.0,8.7,0.0,0.0,0.0,0.0,none,False
2024-01-20 15:00:00,2024-01-20,15,25.4,25,22.9,0.0,0.0,7.7,0.0,0.0,0.0,0.0,none,False
2024-01-20 16:00:00,2024-01-20,16,25.5,25,23.3,0.0,0.0,6.1,0.0,0.0,0.0,0.0,none,True
2024-01-20 17:00:00,2024-01-20,17,25.3,25,23.0,0.0,0.0,5.9,0.0,0.0,0.0,0.0,none,True
2024-01-20 18:00:00,2024-01-20,18,24.2,26,21.6,0.0,0.0,7.2,0.0,0.0,0.0,0.0,none,True
2024-01-20 19:00:00,2024-01-20,19,22.1,30,19.6,0.0,0.0,7.9,0.0,0.0,0.0,0.0,none,False
2024-01-20 20:00:00,2024-01-20,20,21.1,35,18.6,0.0,0.0,9.1,0.0,0.0,0.0,0.0,none,False
2024-01-20 21:00:00,2024-01-20,21,20.5,37,18.0,0.0,0.0,9.0,0.0,0.0,0.0,0.0,none,False
2024-01-20 22:00:00,2024-01-20,22,19.3,40,16.8,0.0,0.0,9.2,0.0,0.0,0.0,0.0,none,False
2024-01-20 23:00:00,2024-01-20,23,18.6,40,15.9,0.0,0.0,10.0,0.0,0.0,0.0,0.0,none,False
2024-01-21 00:00:00,2024-01-21,0,17.9,43,15.0,0.0,0.0,11.5,0.0,0.0,0.0,0.0,none,False
2024-01-21 01:00:00,2024-01-21,1,17.6,44,14.6,0.0,0.0,13.3,0.0,0.0,0.0,0.0,none,False
2024-01-21 02:00:00,2024-01-21,2,16.9,47,13.7,0.0,0.0,14.1,0.0,0.0,0.0,0.0,none,False
2024-01-21 03:00:00,2024-01-21,3,16.5,49,13.3,0.0,0.0,14.3,0.0,0.0,0.0,0.0,none,False
2024-01-21 04:00:00,2024-01-21,4,16.1,47,13.2,0.0,0.0,11.2,0.0,0.0,0.0,0.0,none,False
2024-01-21 05:00:00,2024-01-21,5,16.0,47,12.9,0.0,0.0,12.6,0.0,0.0,0.0,0.0,none,False
2024-01-21 06:00:00,2024-01-21,6,15.9,48,12.6,0.0,0.0,13.9,0.0,0.0,0.0,0.0,none,False
2024-01-21 07:00:00,2024-01-21,7,15.6,49,12.2,0.0,0.0,15.3,0.0,0.0,0.0,0.0,none,True
2024-01-21 08:00:00,2024-01-21,8,15.4,49,11.7,0.0,0.0,16.5,0.0,0.0,0.0,0.0,none,True
2024-01-21 09:00:00,2024-01-21,9,16.2,46,12.2,0.0,0.0,18.5,0.0,0.0,0.0,0.0,none,True
2024-01-21 10:00:00,2024-01-21,10,17.8,42,13.6,0.0,0.0,19.5,0.0,0.0,0.0,0.0,none,False
2024-01-21 11:00:00,2024-01-21,11,20.0,35,15.5,0.0,0.0,21.2,0.0,0.0,0.0,0.0,none,False
2024-01-21 12:00:00,2024-01-21,12,22.0,28,17.2,0.0,0.0,22.0,0.0,0.0,0.0,0.0,none,False
2024-01-21 13:00:00,2024-01-21,13,24.1,23,19.5,0.0,0.0,21.7,0.0,0.0,0.0,0.0,none,False
2024-01-21 14:00:00,2024-01-21,14,25.5,20,20.7,0.0,0.0,21.5,0.0,0.0,0.0,0.0,none,False
2024-01-21 15:00:00,2024-01-21,15,26.4,18,21.4,0.0,0.0,20.0,0.0,0.0,0.0,0.0,none,False
2024-01-21 16:00:00,2024-01-21,16,26.0,18,21.4,0.0,0.0,16.7,0.0,0.0,0.0,0.0,none,True
2024-01-21 17:00:00,2024-01-21,17,25.5,18,20.9,0.0,0.0,16.0,0.0,0.0,0.0,0.0,none,True
2024-01-21 18:00:00,2024-01-21,18,23.9,21,20.1,0.0,0.0,11.4,0.0,0.0,0.0,0.0,none,True
2024-01-21 19:00:00,2024-01-21,19,22.0,23,18.3,0.0,0.0,10.7,0.0,0.0,0.0,0.0,none,False
2024-01-21 20:00:00,2024-01-21,20,20.8,24,16.9,0.0,0.0,11.6,0.0,0.0,0.0,0.0,none,False
2024-01-21 21:00:00,2024-01-21,21,19.9,26,15.7,0.0,0.0,13.8,0.0,0.0,0.0,0.0,none,False
2024-01-21 22:00:00,2024-01-21,22,19.0,30,14.6,0.0,0.0,16.6,0.0,0.0,0.0,0.0,none,False
2024-01-21 23:00:00,2024-01-21,23,18.0,35,13.9,0.0,0.0,16.7,0.0,0.0,0.0,0.0,none,False
2024-01-22 00:00:00,2024-01-22,0,17.0,38,13.1,0.0,0.0,15.8,0.0,0.0,0.0,0.0,none,False
2024-01-22 01:00:00,2024-01-22,1,16.4,40,12.2,0.0,0.0,17.4,0.0,0.0,0.0,0.0,none,False
2024-01-22 02:00:00,2024-01-22,2,15.8,42,11.5,0.0,0.0,18.6,0.0,0.0,0.0,0.0,none,False
2024-01-22 03:00:00,2024-01-22,3,15.3,44,11.0,0.0,0.0,18.5,0.0,0.0,0.0,0.0,none,False
2024-01-22 04:00:00,2024-01-22,4,15.1,48,11.1,0.0,0.0,17.7,0.0,0.0,0.0,0.0,none,False
2024-01-22 05:00:00,2024-01-22,5,14.1,51,10.5,0.0,0.0,15.5,0.0,0.0,0.0,0.0,none,False
2024-01-22 06:00:00,2024-01-22,6,13.2,54,9.9,0.0,0.0,13.0,0.0,0.0,0.0,0.0,none,False
2024-01-22 07:00:00,2024-01-22,7,12.4,58,9.3,0.0,0.0,12.1,0.0,0.0,0.0,0.0,none,True
2024-01-22 08:00:00,2024-01-22,8,11.9,60,8.6,0.0,0.0,13.4,0.0,0.0,0.0,0.0,none,True
2024-01-22 09:00:00,2024-01-22,9,13.4,55,9.6,0.0,0.0,16.6,0.0,0.0,0.0,0.0,none,True
2024-01-22 10:00:00,2024-01-22,10,15.8,46,12.1,0.0,0.0,15.5,0.0,0.0,0.0,0.0,none,False
2024-01-22 11:00:00,2024-01-22,11,17.8,45,14.7,0.0,0.0,14.1,0.0,0.0,0.0,0.0,none,False
2024-01-22 12:00:00,2024-01-22,12,19.6,49,17.3,0.0,0.0,13.3,0.0,0.0,0.0,0.0,none,False
2024-01-22 13:00:00,2024-01-22,13,21.2,49,19.0,0.0,0.0,16.4,0.0,0.0,0.0,0.0,none,False
2024-01-22 14:00:00,2024-01-22,14,21.5,49,18.8,0.0,0.0,18.8,0.0,0.0,0.0,0.0,none,False
2024-01-22 15:00:00,2024-01-22,15,22.4,44,19.5,0.0,0.0,19.1,0.0,0.0,0.0,0.0,none,False
2024-01-22 16:00:00,2024-01-22,16,22.0,45,19.1,0.0,0.0,18.8,0.0,0.0,0.0,0.0,none,True
2024-01-22 17:00:00,2024-01-22,17,21.8,45,18.7,0.0,0.0,19.1,0.0,0.0,0.0,0.0,none,True
2024-01-22 18:00:00,2024-01-22,18,20.8,46,17.7,0.0,0.0,18.7,0.0,0.0,0.0,0.0,none,True
2024-01-22 19:00:00,2024-01-22,19,19.3,50,16.4,0.0,0.0,17.7,0.0,0.0,0.0,0.0,none,False
2024-01-22 20:00:00,2024-01-22,20,18.0,55,15.1,0.0,0.0,17.7,0.0,0.0,0.0,0.0,none,False
2024-01-22 21:00:00,2024-01-22,21,17.0,61,14.5,0.0,0.0,15.7,0.0,0.0,0.0,0.0,none,False
2024-01-22 22:00:00,2024-01-22,22,16.0,68,14.0,0.0,0.0,13.7,0.0,0.0,0.0,0.0,none,False
2024-01-22 23:00:00,2024-01-22,23,15.2,73,13.7,0.0,0.0,11.3,0.0,0.0,0.0,0.0,none,False
2024-01-23 00:00:00,2024-01-23,0,14.5,76,13.3,0.0,0.0,9.0,0.0,0.0,0.0,0.0,none,False
2024-01-23 01:00:00,2024-01-23,1,13.9,79,12.7,0.0,0.0,8.8,0.0,0.0,0.0,0.0,none,False
2024-01-23 02:00:00,2024-01-23,2,13.3,82,12.3,0.0,0.0,7.4,0.0,0.0,0.0,0.0,none,False
2024-01-23 03:00:00,2024-01-23,3,12.8,84,11.8,0.0,0.0,7.4,0.0,0.0,0.0,0.0,none,False
2024-01-23 04:00:00,2024-01-23,4,12.8,81,11.9,0.0,0.0,5.9,0.0,0.0,0.0,0.0,none,False
2024-01-23 05:00:00,2024-01-23,5,12.4,84,11.3,0.0,0.0,7.0,0.0,0.0,0.0,0.0,none,False
2024-01-23 06:00:00,2024-01-23,6,11.9,88,10.7,0.0,0.0,7.9,0.0,0.0,0.0,0.0,none,False
2024-01-23 07:00:00,2024-01-23,7,11.5,90,10.1,0.0,0.0,9.7,0.0,0.0,0.0,0.0,none,True
2024-01-23 08:00:00,2024-01-23,8,11.2,91,9.6,0.0,0.0,11.2,0.0,0.0,0.0,0.0,none,True
2024-01-23 09:00:00,2024-01-23,9,12.4,85,10.2,0.0,0.0,14.8,0.0,0.0,0.0,0.0,none,True
2024-01-23 10:00:00,2024-01-23,10,14.1,74,12.0,0.0,0.0,13.7,0.0,0.0,0.0,0.0,none,False
2024-01-23 11:00:00,2024-01-23,11,16.2,64,14.2,0.0,0.0,13.0,0.0,0.0,0.0,0.0,none,False
2024-01-23 12:00:00,2024-01-23,12,18.4,52,15.5,0.0,0.0,16.3,0.0,0.0,0.0,0.0,none,False
2024-01-23 13:00:00,2024-01-23,13,19.4,46,16.1,0.0,0.0,18.2,0.0,0.0,0.0,0.0,none,False
2024-01-23 14:00:00,2024-01-23,14,20.0,43,16.4,0.0,0.0,18.9,0.0,0.0,0.0,0.0,none,False
2024-01-23 15:00:00,2024-01-23,15,20.5,40,16.7,0.0,0.0,19.7,0.0,0.0,0.0,0.0,none,False
2024-01-23 16:00:00,2024-01-23,16,19.5,42,15.9,0.0,0.0,18.1,0.0,0.0,0.0,0.0,none,True
2024-01-23 17:00:00,2024-01-23,17,19.4,42,16.2,0.0,0.0,15.5,0.0,0.0,0.0,0.0,none,True
2024-01-23 18:00:00,2024-01-23,18,18.5,45,15.3,0.0,0.0,16.0,0.0,0.0,0.0,0.0,none,True
2024-01-23 19:00:00,2024-01-23,19,17.6,49,15.1,0.0,0.0,12.0,0.0,0.0,0.0,0.0,none,False
2024-01-23 20:00:00,2024-01-23,20,16.8,51,14.6,0.0,0.0,9.0,0.0,0.0,0.0,0.0,none,False
2024-01-23 21:00:00,2024-01-23,21,16.5,52,14.4,0.0,0.0,7.6,0.0,0.0,0.0,0.0,none,False
2024-01-23 22:00:00,2024-01-23,22,15.9,53,14.1,0.0,0.0,6.2,0.0,0.0,0.0,0.0,none,False
2024-01-23 23:00:00,2024-01-23,23,15.6,53,13.6,0.0,0.0,7.8,0.0,0.0,0.0,0.0,none,False
2024-01-24 00:00:00,2024-01-24,0,14.7,60,12.8,0.0,0.0,7.6,0.0,0.0,0.0,0.0,none,False
2024-01-24 01:00:00,2024-01-24,1,13.6,69,12.3,0.0,0.0,5.1,0.0,0.0,0.0,0.0,none,False
2024-01-24 02:00:00,2024-01-24,2,12.6,76,11.4,0.0,0.0,5.6,0.0,0.0,0.0,0.0,none,False
2024-01-24 03:00:00,2024-01-24,3,12.0,80,10.8,0.0,0.0,6.2,0.0,0.0,0.0,0.0,none,False
2024-01-24 04:00:00,2024-01-24,4,13.8,71,13.0,0.0,0.0,2.8,0.0,0.0,0.0,0.0,none,False
2024-01-24 05:00:00,2024-01-24,5,13.7,72,12.9,0.0,0.0,3.3,0.0,0.0,0.0,0.0,none,False
2024-01-24 06:00:00,2024-01-24,6,13.6,73,12.5,0.0,0.0,5.9,0.0,0.0,0.0,0.0,none,False
2024-01-24 07:00:00,2024-01-24,7,12.9,77,11.6,0.0,0.0,7.5,0.0,0.0,0.0,0.0,none,True
2024-01-24 08:00:00,2024-01-24,8,11.7,82,10.0,0.0,0.0,9.5,0.0,0.0,0.0,0.0,none,True
2024-01-24 09:00:00,2024-01-24,9,11.9,78,9.9,0.0,0.0,10.6,0.0,0.0,0.0,0.0,none,True
2024-01-24 10:00:00,2024-01-24,10,13.6,70,11.3,0.0,0.0,12.0,0.0,0.0,0.0,0.0,none,False
2024-01-24 11:00:00,2024-01-24,11,15.4,62,12.9,0.0,0.0,14.0,0.0,0.0,0.0,0.0,none,False
2024-01-24 12:00:00,2024-01-24,12,16.9,56,13.9,0.1,0.1,16.6,0.1,0.1,0.1,0.1,light,False
2024-01-24 13:00:00,2024-01-24,13,17.5,52,14.4,0.1,0.1,17.4,0.1,0.2,0.2,0.2,light,False
2024-01-24 14:00:00,2024-01-24,14,18.1,48,14.7,0.0,0.0,17.4,0.0,0.2,0.2,0.2,none,False
2024-01-24 15:00:00,2024-01-24,15,18.1,45,14.8,0.0,0.0,16.2,0.0,0.1,0.2,0.2,none,False
2024-01-24 16:00:00,2024-01-24,16,18.2,44,15.3,0.0,0.0,12.6,0.0,0.0,0.2,0.2,none,True
2024-01-24 17:00:00,2024-01-24,17,18.2,42,14.9,0.0,0.0,14.4,0.0,0.0,0.2,0.2,none,True
2024-01-24 18:00:00,2024-01-24,18,17.8,42,14.4,0.0,0.0,14.3,0.0,0.0,0.1,0.2,none,True
2024-01-24 19:00:00,2024-01-24,19,17.5,41,14.6,0.0,0.0,9.6,0.0,0.0,0.0,0.2,none,False
2024-01-24 20:00:00,2024-01-24,20,17.2,41,14.5,0.0,0.0,8.9,0.0,0.0,0.0,0.2,none,False
2024-01-24 21:00:00,2024-01-24,21,16.8,42,13.8,0.0,0.0,10.4,0.0,0.0,0.0,0.2,none,False
2024-01-24 22:00:00,2024-01-24,22,15.6,49,12.7,0.0,0.0,11.5,0.0,0.0,0.0,0.2,none,False
2024-01-24 23:00:00,2024-01-24,23,13.4,62,11.7,0.0,0.0,5.2,0.0,0.0,0.0,0.2,none,False
2024-01-25 00:00:00,2024-01-25,0,13.6,63,12.0,0.0,0.0,4.8,0.0,0.0,0.0,0.2,none,False
2024-01-25 01:00:00,2024-01-25,1,13.1,66,11.7,0.0,0.0,3.9,0.0,0.0,0.0,0.2,none,False
2024-01-25 02:00:00,2024-01-25,2,12.2,71,10.8,0.0,0.0,4.5,0.0,0.0,0.0,0.2,none,False
2024-01-25 03:00:00,2024-01-25,3,10.8,80,9.3,0.0,0.0,6.1,0.0,0.0,0.0,0.2,none,False
2024-01-25 04:00:00,2024-01-25,4,10.4,81,8.7,0.0,0.0,6.7,0.0,0.0,0.0,0.2,none,False
2024-01-25 05:00:00,2024-01-25,5,9.8,86,8.1,0.0,0.0,7.3,0.0,0.0,0.0,0.2,none,False
2024-01-25 06:00:00,2024-01-25,6,9.9,85,8.2,0.0,0.0,6.6,0.0,0.0,0.0,0.2,none,False
2024-01-25 07:00:00,2024-01-25,7,9.1,88,7.3,0.0,0.0,7.2,0.0,0.0,0.0,0.2,none,True
2024-01-25 08:00:00,2024-01-25,8,9.1,88,7.6,0.0,0.0,5.8,0.0,0.0,0.0,0.2,none,True
2024-01-25 09:00:00,2024-01-25,9,10.9,80,9.0,0.0,0.0,9.1,0.0,0.0,0.0,0.2,none,True
2024-01-25 10:00:00,2024-01-25,10,13.1,62,10.7,0.0,0.0,9.4,0.0,0.0,0.0,0.2,none,False
2024-01-25 11:00:00,2024-01-25,11,15.8,48,12.9,0.0,0.0,11.4,0.0,0.0,0.0,0.2,none,False
2024-01-25 12:00:00,2024-01-25,12,17.5,43,13.9,0.0,0.0,15.5,0.0,0.0,0.0,0.1,none,False
2024-01-25 13:00:00,2024-01-25,13,17.7,44,13.9,0.0,0.0,18.1,0.0,0.0,0.0,0.0,none,False
2024-01-25 14:00:00,2024-01-25,14,18.9,40,15.1,0.0,0.0,17.5,0.0,0.0,0.0,0.0,none,False
2024-01-25 15:00:00,2024-01-25,15,19.0,37,15.1,0.0,0.0,17.7,0.0,0.0,0.0,0.0,none,False
2024-01-25 16:00:00,2024-01-25,16,18.3,42,14.8,0.0,0.0,16.2,0.0,0.0,0.0,0.0,none,True
2024-01-25 17:00:00,2024-01-25,17,17.5,46,13.9,0.0,0.0,17.9,0.0,0.0,0.0,0.0,none,True
2024-01-25 18:00:00,2024-01-25,18,15.6,61,12.3,0.2,0.2,19.9,0.2,0.2,0.2,0.2,light,True
2024-01-25 19:00:00,2024-01-25,19,14.1,75,12.4,0.3,0.3,10.5,0.3,0.5,0.5,0.5,light,False
2024-01-25 20:00:00,2024-01-25,20,13.9,77,11.9,0.3,0.3,13.3,0.3,0.8,0.8,0.8,light,False
2024-01-25 21:00:00,2024-01-25,21,13.6,79,12.8,0.6,0.6,5.0,0.6,1.2,1.4,1.4,light,False
2024-01-25 22:00:00,2024-01-25,22,13.4,80,12.5,0.0,0.0,6.2,0.0,0.8999999999999999,1.4,1.4,none,False
2024-01-25 23:00:00,2024-01-25,23,12.6,82,11.7,0.0,0.0,5.8,0.0,0.5999999999999999,1.4,1.4,none,False
2024-01-26 00:00:00,2024-01-26,0,12.1,84,11.0,0.0,0.0,6.3,0.0,0.0,1.2,1.4,none,False
2024-01-26 01:00:00,2024-01-26,1,11.6,85,10.2,0.0,0.0,8.3,0.0,0.0,0.8999999999999999,1.4,none,False
2024-01-26 02:00:00,2024-01-26,2,11.2,85,9.8,0.0,0.0,8.0,0.0,0.0,0.5999999999999999,1.4,none,False
2024-01-26 03:00:00,2024-01-26,3,10.8,87,9.1,0.0,0.0,9.0,0.0,0.0,0.0,1.4,none,False
2024-01-26 04:00:00,2024-01-26,4,10.9,87,9.2,0.0,0.0,9.6,0.0,0.0,0.0,1.4,none,False
2024-01-26 05:00:00,2024-01-26,5,10.5,89,8.7,0.0,0.0,9.8,0.0,0.0,0.0,1.4,none,False
2024-01-26 06:00:00,2024-01-26,6,10.4,88,8.5,0.0,0.0,10.7,0.0,0.0,0.0,1.4,none,False
2024-01-26 07:00:00,2024-01-26,7,9.9,90,7.7,0.0,0.0,12.6,0.0,0.0,0.0,1.4,none,True
2024-01-26 08:00:00,2024-01-26,8,9.5,91,7.0,0.0,0.0,13.7,0.0,0.0,0.0,1.4,none,True
2024-01-26 09:00:00,2024-01-26,9,10.8,85,7.9,0.0,0.0,17.0,0.0,0.0,0.0,1.4,none,True
2024-01-26 10:00:00,2024-01-26,10,12.7,73,9.8,0.0,0.0,16.6,0.0,0.0,0.0,1.4,none,False
2024-01-26 11:00:00,2024-01-26,11,14.8,62,11.6,0.0,0.0,17.2,0.0,0.0,0.0,1.4,none,False
2024-01-26 12:00:00,2024-01-26,12,17.0,51,13.5,0.0,0.0,18.6,0.0,0.0,0.0,1.4,none,False
2024-01-26 13:00:00,2024-01-26,13,18.4,48,14.6,0.0,0.0,21.7,0.0,0.0,0.0,1.4,none,False
2024-01-26 14:00:00,2024-01-26,14,19.2,45,14.7,0.0,0.0,25.6,0.0,0.0,0.0,1.4,none,False
2024-01-26 15:00:00,2024-01-26,15,19.5,44,14.9,0.0,0.0,26.5,0.0,0.0,0.0,1.4,none,False
2024-01-26 16:00:00,2024-01-26,16,19.5,44,15.2,0.0,0.0,23.6,0.0,0.0,0.0,1.4,none,True
2024-01-26 17:00:00,2024-01-26,17,18.5,50,14.7,0.0,0.0,22.7,0.0,0.0,0.0,1.4,none,True
2024-01-26 18:00:00,2024-01-26,18,18.2,51,14.7,0.0,0.0,20.3,0.0,0.0,0.0,1.2,none,True
2024-01-26 19:00:00,2024-01-26,19,16.6,62,13.9,0.3,0.3,17.9,0.3,0.3,0.3,1.2,light,False
2024-01-26 20:00:00,2024-01-26,20,15.6,68,13.2,0.0,0.0,16.7,0.0,0.3,0.3,0.8999999999999999,none,False
2024-01-26 21:00:00,2024-01-26,21,14.7,75,13.2,0.1,0.1,11.3,0.1,0.4,0.4,0.4,light,False
2024-01-26 22:00:00,2024-01-26,22,14.4,80,13.6,0.1,0.1,7.4,0.1,0.2,0.5,0.5,light,False
2024-01-26 23:00:00,2024-01-26,23,13.2,87,12.8,0.0,0.0,5.8,0.0,0.2,0.5,0.5,none,False
2024-01-27 00:00:00,2024-01-27,0,12.8,89,12.0,0.0,0.0,6.9,0.0,0.1,0.5,0.5,none,False
2024-01-27 01:00:00,2024-01-27,1,12.2,88,11.4,0.0,0.0,6.8,0.0,0.0,0.2,0.5,none,False
2024-01-27 02:00:00,2024-01-27,2,11.7,89,10.7,0.0,0.0,6.6,0.0,0.0,0.2,0.5,none,False
2024-01-27 03:00:00,2024-01-27,3,11.2,89,10.2,0.0,0.0,6.3,0.0,0.0,0.1,0.5,none,False
2024-01-27 04:00:00,2024-01-27,4,11.1,86,9.9,0.0,0.0,6.5,0.0,0.0,0.0,0.5,none,False
2024-01-27 05:00:00,2024-01-27,5,10.8,86,9.5,0.0,0.0,6.3,0.0,0.0,0.0,0.5,none,False
2024-01-27 06:00:00,2024-01-27,6,10.5,86,9.2,0.0,0.0,6.1,0.0,0.0,0.0,0.5,none,False
2024-01-27 07:00:00,2024-01-27,7,10.2,86,8.8,0.0,0.0,6.6,0.0,0.0,0.0,0.5,none,True
2024-01-27 08:00:00,2024-01-27,8,10.0,86,8.3,0.0,0.0,7.4,0.0,0.0,0.0,0.5,none,True
2024-01-27 09:00:00,2024-01-27,9,11.6,78,9.4,0.0,0.0,11.0,0.0,0.0,0.0,0.5,none,True
2024-01-27 10:00:00,2024-01-27,10,13.9,67,12.0,0.0,0.0,10.0,0.0,0.0,0.0,0.5,none,False
2024-01-27 11:00:00,2024-01-27,11,15.6,61,12.7,0.2,0.2,16.2,0.2,0.2,0.2,0.7,light,False
2024-01-27 12:00:00,2024-01-27,12,17.1,52,13.4,0.1,0.1,20.4,0.1,0.30000000000000004,0.30000000000000004,0.8,light,False
2024-01-27 13:00:00,2024-01-27,13,17.9,48,13.9,0.0,0.0,21.3,0.0,0.30000000000000004,0.30000000000000004,0.8,none,False
2024-01-27 14:00:00,2024-01-27,14,18.2,45,14.1,0.0,0.0,21.9,0.0,0.1,0.30000000000000004,0.8,none,False
2024-01-27 15:00:00,2024-01-27,15,18.4,44,14.4,0.0,0.0,20.3,0.0,0.0,0.30000000000000004,0.8,none,False
2024-01-27 16:00:00,2024-01-27,16,18.9,39,14.9,0.0,0.0,18.3,0.0,0.0,0.30000000000000004,0.8,none,True
2024-01-27 17:00:00,2024-01-27,17,18.8,35,14.7,0.0,0.0,17.5,0.0,0.0,0.1,0.8,none,True
2024-01-27 18:00:00,2024-01-27,18,17.9,35,14.1,0.0,0.0,14.0,0.0,0.0,0.0,0.8,none,True
2024-01-27 19:00:00,2024-01-27,19,16.5,49,13.4,0.0,0.0,13.2,0.0,0.0,0.0,0.5,none,False
2024-01-27 20:00:00,2024-01-27,20,15.1,54,12.4,0.0,0.0,11.5,0.0,0.0,0.0,0.5,none,False
2024-01-27 21:00:00,2024-01-27,21,14.1,60,11.8,0.0,0.0,9.7,0.0,0.0,0.0,0.4,none,False
2024-01-27 22:00:00,2024-01-27,22,13.1,67,11.4,0.0,0.0,6.6,0.0,0.0,0.0,0.30000000000000004,none,False
2024-01-27 23:00:00,2024-01-27,23,12.1,76,10.6,0.0,0.0,6.9,0.0,0.0,0.0,0.30000000000000004,none,False
2024-01-28 00:00:00,2024-01-28,0,11.4,79,9.7,0.0,0.0,8.0,0.0,0.0,0.0,0.30000000000000004,none,False
2024-01-28 01:00:00,2024-01-28,1,10.9,82,9.1,0.0,0.0,8.0,0.0,0.0,0.0,0.30000000000000004,none,False
2024-01-28 02:00:00,2024-01-28,2,11.6,77,10.2,0.0,0.0,5.9,0.0,0.0,0.0,0.30000000000000004,none,False
2024-01-28 03:00:00,2024-01-28,3,11.1,80,10.0,0.0,0.0,4.1,0.0,0.0,0.0,0.30000000000000004,none,False
2024-01-28 04:00:00,2024-01-28,4,10.7,83,9.6,0.0,0.0,3.7,0.0,0.0,0.0,0.30000000000000004,none,False
2024-01-28 05:00:00,2024-01-28,5,10.0,86,8.7,0.0,0.0,5.2,0.0,0.0,0.0,0.30000000000000004,none,False
2024-01-28 06:00:00,2024-01-28,6,9.6,88,8.3,0.0,0.0,5.2,0.0,0.0,0.0,0.30000000000000004,none,False
2024-01-28 07:00:00,2024-01-28,7,9.9,86,8.7,0.0,0.0,4.5,0.0,0.0,0.0,0.30000000000000004,none,True
2024-01-28 08:00:00,2024-01-28,8,10.4,84,8.6,0.0,0.0,8.6,0.0,0.0,0.0,0.30000000000000004,none,True
2024-01-28 09:00:00,2024-01-28,9,11.1,80,8.9,0.0,0.0,11.3,0.0,0.0,0.0,0.30000000000000004,none,True
2024-01-28 10:00:00,2024-01-28,10,12.4,74,9.9,0.0,0.0,13.0,0.0,0.0,0.0,0.30000000000000004,none,False
2024-01-28 11:00:00,2024-01-28,11,14.6,64,12.1,0.0,0.0,13.6,0.0,0.0,0.0,0.1,none,False
2024-01-28 12:00:00,2024-01-28,12,16.2,55,13.7,0.0,0.0,12.4,0.0,0.0,0.0,0.0,none,False
2024-01-28 13:00:00,2024-01-28,13,16.5,51,14.3,0.1,0.1,9.2,0.1,0.1,0.1,0.1,light,False
2024-01-28 14:00:00,2024-01-28,14,17.0,48,15.0,0.0,0.0,7.1,0.0,0.1,0.1,0.1,none,False
2024-01-28 15:00:00,2024-01-28,15,17.2,45,15.0,0.0,0.0,7.0,0.0,0.1,0.1,0.1,none,False
2024-01-28 16:00:00,2024-01-28,16,17.6,42,14.8,0.0,0.0,10.5,0.0,0.0,0.1,0.1,none,True
2024-01-28 17:00:00,2024-01-28,17,17.5,42,14.5,0.0,0.0,11.3,0.0,0.0,0.1,0.1,none,True
2024-01-28 18:00:00,2024-01-28,18,16.9,44,14.1,0.0,0.0,10.1,0.0,0.0,0.1,0.1,none,True
2024-01-28 19:00:00,2024-01-28,19,15.3,53,13.5,0.0,0.0,5.0,0.0,0.0,0.0,0.1,none,False
2024-01-28 20:00:00,2024-01-28,20,14.9,57,13.3,0.0,0.0,4.7,0.0,0.0,0.0,0.1,none,False
2024-01-28 21:00:00,2024-01-28,21,13.8,64,11.4,0.0,0.0,10.6,0.0,0.0,0.0,0.1,none,False
2024-01-28 22:00:00,2024-01-28,22,13.4,69,12.1,0.0,0.0,4.9,0.0,0.0,0.0,0.1,none,False
2024-01-28 23:00:00,2024-01-28,23,12.1,77,10.6,0.0,0.0,6.8,0.0,0.0,0.0,0.1,none,False
2024-01-29 00:00:00,2024-01-29,0,12.9,70,11.4,0.0,0.0,5.9,0.0,0.0,0.0,0.1,none,False
2024-01-29 01:00:00,2024-01-29,1,10.9,83,9.3,0.0,0.0,7.6,0.0,0.0,0.0,0.1,none,False
2024-01-29 02:00:00,2024-01-29,2,10.2,87,8.6,0.0,0.0,8.4,0.0,0.0,0.0,0.1,none,False
2024-01-29 03:00:00,2024-01-29,3,10.9,85,9.5,0.0,0.0,6.6,0.0,0.0,0.0,0.1,none,False
2024-01-29 04:00:00,2024-01-29,4,11.2,83,10.2,0.0,0.0,4.1,0.0,0.0,0.0,0.1,none,False
2024-01-29 05:00:00,2024-01-29,5,10.9,86,10.0,0.0,0.0,3.1,0.0,0.0,0.0,0.1,none,False
2024-01-29 06:00:00,2024-01-29,6,9.4,91,8.3,0.0,0.0,4.6,0.0,0.0,0.0,0.1,none,False
2024-01-29 07:00:00,2024-01-29,7,7.9,95,6.3,0.0,0.0,6.1,0.0,0.0,0.0,0.1,none,True
2024-01-29 08:00:00,2024-01-29,8,8.2,95,6.7,0.0,0.0,5.4,0.0,0.0,0.0,0.1,none,True
2024-01-29 09:00:00,2024-01-29,9,9.8,91,8.2,0.0,0.0,7.9,0.0,0.0,0.0,0.1,none,True
2024-01-29 10:00:00,2024-01-29,10,12.1,78,10.7,0.0,0.0,7.4,0.0,0.0,0.0,0.1,none,False
2024-01-29 11:00:00,2024-01-29,11,14.6,65,12.7,0.0,0.0,9.7,0.0,0.0,0.0,0.1,none,False
2024-01-29 12:00:00,2024-01-29,12,16.1,55,13.5,0.2,0.2,13.2,0.2,0.2,0.2,0.30000000000000004,light,False
2024-01-29 13:00:00,2024-01-29,13,16.9,50,13.8,0.1,0.1,15.7,0.1,0.30000000000000004,0.30000000000000004,0.30000000000000004,light,False
2024-01-29 14:00:00,2024-01-29,14,17.8,44,14.4,0.0,0.0,17.9,0.0,0.30000000000000004,0.30000000000000004,0.30000000000000004,none,False
2024-01-29 15:00:00,2024-01-29,15,18.0,41,13.7,0.0,0.0,19.9,0.0,0.1,0.30000000000000004,0.30000000000000004,none,False
2024-01-29 16:00:00,2024-01-29,16,17.9,37,12.9,0.0,0.0,23.1,0.0,0.0,0.30000000000000004,0.30000000000000004,none,True
2024-01-29 17:00:00,2024-01-29,17,17.2,39,12.4,0.0,0.0,22.4,0.0,0.0,0.30000000000000004,0.30000000000000004,none,True
2024-01-29 18:00:00,2024-01-29,18,15.9,46,10.8,0.0,0.0,25.1,0.0,0.0,0.1,0.30000000000000004,none,True
2024-01-29 19:00:00,2024-01-29,19,13.6,64,9.7,0.0,0.0,21.4,0.0,0.0,0.0,0.30000000000000004,none,False
2024-01-29 20:00:00,2024-01-29,20,12.5,72,9.8,0.0,0.0,14.0,0.0,0.0,0.0,0.30000000000000004,none,False
2024-01-29 21:00:00,2024-01-29,21,12.9,70,10.3,0.0,0.0,13.7,0.0,0.0,0.0,0.30000000000000004,none,False
2024-01-29 22:00:00,2024-01-29,22,12.8,70,10.3,0.0,0.0,12.0,0.0,0.0,0.0,0.30000000000000004,none,False
2024-01-29 23:00:00,2024-01-29,23,12.1,67,9.2,0.0,0.0,13.2,0.0,0.0,0.0,0.30000000000000004,none,False
2024-01-30 00:00:00,2024-01-30,0,10.8,69,8.2,0.0,0.0,10.0,0.0,0.0,0.0,0.30000000000000004,none,False
2024-01-30 01:00:00,2024-01-30,1,10.2,70,7.6,0.0,0.0,9.7,0.0,0.0,0.0,0.30000000000000004,none,False
2024-01-30 02:00:00,2024-01-30,2,9.6,72,6.8,0.0,0.0,11.2,0.0,0.0,0.0,0.30000000000000004,none,False
2024-01-30 03:00:00,2024-01-30,3,9.1,74,6.0,0.0,0.0,12.4,0.0,0.0,0.0,0.30000000000000004,none,False
2024-01-30 04:00:00,2024-01-30,4,9.1,75,6.1,0.0,0.0,11.8,0.0,0.0,0.0,0.30000000000000004,none,False
2024-01-30 05:00:00,2024-01-30,5,8.5,77,5.5,0.0,0.0,11.8,0.0,0.0,0.0,0.30000000000000004,none,False
2024-01-30 06:00:00,2024-01-30,6,8.1,79,4.9,0.0,0.0,12.7,0.0,0.0,0.0,0.30000000000000004,none,False
2024-01-30 07:00:00,2024-01-30,7,7.9,79,4.6,0.0,0.0,13.1,0.0,0.0,0.0,0.30000000000000004,none,True
2024-01-30 08:00:00,2024-01-30,8,7.6,78,4.1,0.0,0.0,14.0,0.0,0.0,0.0,0.30000000000000004,none,True
2024-01-30 09:00:00,2024-01-30,9,8.9,71,5.0,0.0,0.0,16.3,0.0,0.0,0.0,0.30000000000000004,none,True
2024-01-30 10:00:00,2024-01-30,10,10.9,61,6.7,0.0,0.0,18.5,0.0,0.0,0.0,0.30000000000000004,none,False
2024-01-30 11:00:00,2024-01-30,11,12.9,50,7.7,0.0,0.0,23.9,0.0,0.0,0.0,0.30000000000000004,none,False
2024-01-30 12:00:00,2024-01-30,12,14.1,44,8.8,0.0,0.0,25.3,0.0,0.0,0.0,0.1,none,False
2024-01-30 13:00:00,2024-01-30,13,15.0,41,9.7,0.0,0.0,26.6,0.0,0.0,0.0,0.0,none,False
2024-01-30 14:00:00,2024-01-30,14,15.6,38,10.5,0.0,0.0,25.9,0.0,0.0,0.0,0.0,none,False
2024-01-30 15:00:00,2024-01-30,15,15.9,36,10.4,0.0,0.0,26.3,0.0,0.0,0.0,0.0,none,False
2024-01-30 16:00:00,2024-01-30,16,16.2,33,10.2,0.0,0.0,26.4,0.0,0.0,0.0,0.0,none,True
2024-01-30 17:00:00,2024-01-30,17,15.2,37,9.6,0.0,0.0,24.7,0.0,0.0,0.0,0.0,none,True
2024-01-30 18:00:00,2024-01-30,18,14.7,38,9.6,0.0,0.0,21.3,0.0,0.0,0.0,0.0,none,True
2024-01-30 19:00:00,2024-01-30,19,13.8,42,9.8,0.0,0.0,14.3,0.0,0.0,0.0,0.0,none,False
2024-01-30 20:00:00,2024-01-30,20,12.6,51,9.0,0.0,0.0,12.8,0.0,0.0,0.0,0.0,none,False
2024-01-30 21:00:00,2024-01-30,21,11.6,57,8.5,0.0,0.0,10.4,0.0,0.0,0.0,0.0,none,False
2024-01-30 22:00:00,2024-01-30,22,10.6,64,8.1,0.0,0.0,6.9,0.0,0.0,0.0,0.0,none,False
2024-01-30 23:00:00,2024-01-30,23,9.4,73,7.0,0.0,0.0,7.3,0.0,0.0,0.0,0.0,none,False
2024-01-31 00:00:00,2024-01-31,0,8.9,74,6.6,0.0,0.0,6.4,0.0,0.0,0.0,0.0,none,False
2024-01-31 01:00:00,2024-01-31,1,8.4,75,6.1,0.0,0.0,6.1,0.0,0.0,0.0,0.0,none,False
2024-01-31 02:00:00,2024-01-31,2,7.5,79,5.1,0.0,0.0,6.6,0.0,0.0,0.0,0.0,none,False
2024-01-31 03:00:00,2024-01-31,3,7.6,78,5.3,0.0,0.0,6.1,0.0,0.0,0.0,0.0,none,False
2024-01-31 04:00:00,2024-01-31,4,7.8,78,5.5,0.0,0.0,6.8,0.0,0.0,0.0,0.0,none,False
2024-01-31 05:00:00,2024-01-31,5,7.3,80,4.9,0.0,0.0,7.4,0.0,0.0,0.0,0.0,none,False
2024-01-31 06:00:00,2024-01-31,6,6.8,83,4.3,0.0,0.0,8.2,0.0,0.0,0.0,0.0,none,False
2024-01-31 07:00:00,2024-01-31,7,6.5,85,3.5,0.0,0.0,11.0,0.0,0.0,0.0,0.0,none,True
2024-01-31 08:00:00,2024-01-31,8,6.4,85,3.3,0.0,0.0,11.6,0.0,0.0,0.0,0.0,none,True
2024-01-31 09:00:00,2024-01-31,9,8.1,76,4.4,0.0,0.0,15.3,0.0,0.0,0.0,0.0,none,True
2024-01-31 10:00:00,2024-01-31,10,10.5,63,6.8,0.0,0.0,15.5,0.0,0.0,0.0,0.0,none,False
2024-01-31 11:00:00,2024-01-31,11,12.8,52,8.5,0.0,0.0,18.7,0.0,0.0,0.0,0.0,none,False
2024-01-31 12:00:00,2024-01-31,12,14.6,43,10.2,0.0,0.0,19.0,0.0,0.0,0.0,0.0,none,False
2024-01-31 13:00:00,2024-01-31,13,16.2,33,11.3,0.0,0.0,21.9,0.0,0.0,0.0,0.0,none,False
2024-01-31 14:00:00,2024-01-31,14,16.0,34,10.0,0.0,0.0,28.4,0.0,0.0,0.0,0.0,none,False
2024-01-31 15:00:00,2024-01-31,15,12.8,47,7.4,0.2,0.2,24.2,0.2,0.2,0.2,0.2,light,False
2024-01-31 16:00:00,2024-01-31,16,15.1,39,10.0,0.3,0.3,22.2,0.3,0.5,0.5,0.5,light,True
2024-01-31 17:00:00,2024-01-31,17,13.9,43,9.9,0.6,0.6,14.3,0.6,1.1,1.1,1.1,light,True
2024-01-31 18:00:00,2024-01-31,18,13.6,43,9.3,0.0,0.0,16.4,0.0,0.9,1.1,1.1,none,True
2024-01-31 19:00:00,2024-01-31,19,12.6,49,9.5,0.0,0.0,9.7,0.0,0.6,1.1,1.1,none,False
2024-01-31 20:00:00,2024-01-31,20,11.6,55,8.9,0.0,0.0,6.8,0.0,0.0,1.1,1.1,none,False
2024-01-31 21:00:00,2024-01-31,21,10.9,57,7.9,0.0,0.0,8.5,0.0,0.0,0.9,1.1,none,False
2024-01-31 22:00:00,2024-01-31,22,10.1,59,7.0,0.0,0.0,9.8,0.0,0.0,0.6,1.1,none,False
2024-01-31 23:00:00,2024-01-31,23,9.6,60,6.4,0.0,0.0,9.4,0.0,0.0,0.0,1.1,none,False
2024-02-01 00:00:00,2024-02-01,0,8.7,63,5.8,0.0,0.0,7.6,0.0,0.0,0.0,1.1,none,False
2024-02-01 01:00:00,2024-02-01,1,8.1,66,5.1,0.0,0.0,8.3,0.0,0.0,0.0,1.1,none,False
2024-02-01 02:00:00,2024-02-01,2,7.7,66,4.4,0.0,0.0,10.4,0.0,0.0,0.0,1.1,none,False
2024-02-01 03:00:00,2024-02-01,3,7.2,68,3.7,0.0,0.0,11.5,0.0,0.0,0.0,1.1,none,False
2024-02-01 04:00:00,2024-02-01,4,7.2,72,3.6,0.0,0.0,12.4,0.0,0.0,0.0,1.1,none,False
2024-02-01 05:00:00,2024-02-01,5,6.6,79,3.0,0.0,0.0,13.7,0.0,0.0,0.0,1.1,none,False
2024-02-01 06:00:00,2024-02-01,6,6.0,84,2.4,0.0,0.0,14.6,0.0,0.0,0.0,1.1,none,False
2024-02-01 07:00:00,2024-02-01,7,5.7,85,1.9,0.0,0.0,15.3,0.0,0.0,0.0,1.1,none,True
2024-02-01 08:00:00,2024-02-01,8,5.4,84,1.4,0.0,0.0,16.7,0.0,0.0,0.0,1.1,none,True
2024-02-01 09:00:00,2024-02-01,9,6.8,75,2.3,0.0,0.0,18.9,0.0,0.0,0.0,1.1,none,True
2024-02-01 10:00:00,2024-02-01,10,8.6,65,4.4,0.0,0.0,17.1,0.0,0.0,0.0,1.1,none,False
2024-02-01 11:00:00,2024-02-01,11,10.4,60,6.7,0.0,0.0,14.7,0.0,0.0,0.0,1.1,none,False
2024-02-01 12:00:00,2024-02-01,12,12.9,52,9.2,0.0,0.0,15.8,0.0,0.0,0.0,1.1,none,False
2024-02-01 13:00:00,2024-02-01,13,14.2,47,10.4,0.0,0.0,16.4,0.0,0.0,0.0,1.1,none,False
2024-02-01 14:00:00,2024-02-01,14,14.2,48,10.4,0.0,0.0,15.5,0.0,0.0,0.0,1.1,none,False
2024-02-01 15:00:00,2024-02-01,15,14.9,44,11.1,0.0,0.0,14.4,0.0,0.0,0.0,0.9,none,False
2024-02-01 16:00:00,2024-02-01,16,16.1,39,12.1,0.0,0.0,15.5,0.0,0.0,0.0,0.6,none,True
2024-02-01 17:00:00,2024-02-01,17,16.0,40,11.6,0.0,0.0,18.4,0.0,0.0,0.0,0.0,none,True
2024-02-01 18:00:00,2024-02-01,18,15.4,43,11.1,0.0,0.0,18.4,0.0,0.0,0.0,0.0,none,True
2024-02-01 19:00:00,2024-02-01,19,14.6,47,10.9,0.0,0.0,15.1,0.0,0.0,0.0,0.0,none,False
2024-02-01 20:00:00,2024-02-01,20,13.6,52,10.3,0.0,0.0,12.7,0.0,0.0,0.0,0.0,none,False
2024-02-01 21:00:00,2024-02-01,21,12.8,56,9.7,0.0,0.0,11.6,0.0,0.0,0.0,0.0,none,False
2024-02-01 22:00:00,2024-02-01,22,11.8,62,9.0,0.0,0.0,10.3,0.0,0.0,0.0,0.0,none,False
2024-02-01 23:00:00,2024-02-01,23,11.1,70,8.6,0.0,0.0,9.2,0.0,0.0,0.0,0.0,none,False
2024-02-02 00:00:00,2024-02-02,0,10.4,75,8.0,0.0,0.0,9.8,0.0,0.0,0.0,0.0,none,False
2024-02-02 01:00:00,2024-02-02,1,9.7,80,7.4,0.0,0.0,9.6,0.0,0.0,0.0,0.0,none,False
2024-02-02 02:00:00,2024-02-02,2,9.3,84,7.0,0.0,0.0,10.0,0.0,0.0,0.0,0.0,none,False
2024-02-02 03:00:00,2024-02-02,3,9.1,87,6.8,0.0,0.0,10.0,0.0,0.0,0.0,0.0,none,False
2024-02-02 04:00:00,2024-02-02,4,9.1,89,7.1,0.0,0.0,8.4,0.0,0.0,0.0,0.0,none,False
2024-02-02 05:00:00,2024-02-02,5,8.6,88,7.0,0.7,0.7,5.9,0.7,0.7,0.7,0.7,light,False
2024-02-02 06:00:00,2024-02-02,6,8.5,89,6.7,0.3,0.3,6.6,0.3,1.0,1.0,1.0,light,False
2024-02-02 07:00:00,2024-02-02,7,8.3,92,6.1,0.0,0.0,10.1,0.0,1.0,1.0,1.0,none,True
2024-02-02 08:00:00,2024-02-02,8,8.1,93,5.9,0.0,0.0,10.4,0.0,0.3,1.0,1.0,none,True
2024-02-02 09:00:00,2024-02-02,9,9.4,86,6.9,0.0,0.0,12.6,0.0,0.0,1.0,1.0,none,True
2024-02-02 10:00:00,2024-02-02,10,10.8,79,8.3,0.0,0.0,12.4,0.0,0.0,1.0,1.0,none,False
2024-02-02 11:00:00,2024-02-02,11,12.9,69,10.2,0.0,0.0,14.4,0.0,0.0,0.3,1.0,none,False
2024-02-02 12:00:00,2024-02-02,12,14.6,58,11.5,0.1,0.1,14.8,0.1,0.1,0.1,1.0999999999999999,light,False
2024-02-02 13:00:00,2024-02-02,13,15.6,52,12.0,0.1,0.1,16.8,0.1,0.2,0.2,1.2,light,False
2024-02-02 14:00:00,2024-02-02,14,16.6,46,13.1,0.1,0.1,16.8,0.1,0.30000000000000004,0.30000000000000004,1.3,light,False
2024-02-02 15:00:00,2024-02-02,15,16.9,43,13.1,0.0,0.0,17.0,0.0,0.2,0.30000000000000004,1.3,none,False
2024-02-02 16:00:00,2024-02-02,16,17.0,43,13.6,0.0,0.0,14.5,0.0,0.1,0.30000000000000004,1.3,none,True
2024-02-02 17:00:00,2024-02-02,17,16.8,43,13.2,0.0,0.0,14.4,0.0,0.0,0.30000000000000004,1.3,none,True
2024-02-02 18:00:00,2024-02-02,18,16.0,46,13.0,0.0,0.0,12.1,0.0,0.0,0.2,1.3,none,True
2024-02-02 19:00:00,2024-02-02,19,14.9,53,13.0,0.0,0.0,5.8,0.0,0.0,0.1,1.3,none,False
2024-02-02 20:00:00,2024-02-02,20,14.1,59,12.5,0.0,0.0,4.7,0.0,0.0,0.0,1.3,none,False
2024-02-02 21:00:00,2024-02-02,21,13.1,65,11.6,0.0,0.0,4.1,0.0,0.0,0.0,1.3,none,False
2024-02-02 22:00:00,2024-02-02,22,12.2,73,10.8,0.0,0.0,5.4,0.0,0.0,0.0,1.3,none,False
2024-02-02 23:00:00,2024-02-02,23,11.3,75,9.7,0.0,0.0,5.9,0.0,0.0,0.0,1.3,none,False
2024-02-03 00:00:00,2024-02-03,0,10.6,77,8.7,0.0,0.0,6.7,0.0,0.0,0.0,1.3,none,False
2024-02-03 01:00:00,2024-02-03,1,10.1,78,8.3,0.0,0.0,6.1,0.0,0.0,0.0,1.3,none,False
2024-02-03 02:00:00,2024-02-03,2,9.5,82,7.7,0.0,0.0,6.4,0.0,0.0,0.0,1.3,none,False
2024-02-03 03:00:00,2024-02-03,3,8.9,83,7.0,0.0,0.0,6.1,0.0,0.0,0.0,1.3,none,False
2024-02-03 04:00:00,2024-02-03,4,8.9,90,7.0,0.0,0.0,8.2,0.0,0.0,0.0,1.3,none,False
2024-02-03 05:00:00,2024-02-03,5,8.2,91,6.1,0.0,0.0,9.3,0.0,0.0,0.0,0.6,none,False
2024-02-03 06:00:00,2024-02-03,6,8.0,89,5.9,0.0,0.0,7.9,0.0,0.0,0.0,0.30000000000000004,none,False
2024-02-03 07:00:00,2024-02-03,7,7.8,89,6.0,0.0,0.0,5.5,0.0,0.0,0.0,0.30000000000000004,none,True
2024-02-03 08:00:00,2024-02-03,8,7.8,89,5.5,0.0,0.0,8.7,0.0,0.0,0.0,0.30000000000000004,none,True
2024-02-03 09:00:00,2024-02-03,9,9.3,84,6.5,0.0,0.0,13.3,0.0,0.0,0.0,0.30000000000000004,none,True
2024-02-03 10:00:00,2024-02-03,10,11.6,71,9.0,0.0,0.0,12.0,0.0,0.0,0.0,0.30000000000000004,none,False
2024-02-03 11:00:00,2024-02-03,11,13.9,58,11.1,0.0,0.0,11.5,0.0,0.0,0.0,0.30000000000000004,none,False
2024-02-03 12:00:00,2024-02-03,12,15.7,45,13.1,0.0,0.0,9.7,0.0,0.0,0.0,0.2,none,False
2024-02-03 13:00:00,2024-02-03,13,17.0,35,14.0,0.0,0.0,12.1,0.0,0.0,0.0,0.1,none,False
2024-02-03 14:00:00,2024-02-03,14,18.0,29,14.3,0.0,0.0,14.9,0.0,0.0,0.0,0.0,none,False
2024-02-03 15:00:00,2024-02-03,15,18.3,26,14.0,0.0,0.0,16.4,0.0,0.0,0.0,0.0,none,False
2024-02-03 16:00:00,2024-02-03,16,17.9,26,13.1,0.0,0.0,16.2,0.0,0.0,0.0,0.0,none,True
2024-02-03 17:00:00,2024-02-03,17,17.4,27,12.7,0.0,0.0,15.6,0.0,0.0,0.0,0.0,none,True
2024-02-03 18:00:00,2024-02-03,18,16.5,29,12.0,0.0,0.0,14.0,0.0,0.0,0.0,0.0,none,True
2024-02-03 19:00:00,2024-02-03,19,14.8,34,11.5,0.0,0.0,6.8,0.0,0.0,0.0,0.0,none,False
2024-02-03 20:00:00,2024-02-03,20,13.4,40,10.4,0.0,0.0,5.7,0.0,0.0,0.0,0.0,none,False
2024-02-03 21:00:00,2024-02-03,21,12.1,45,9.0,0.0,0.0,7.6,0.0,0.0,0.0,0.0,none,False
2024-02-03 22:00:00,2024-02-03,22,11.4,46,8.2,0.0,0.0,7.9,0.0,0.0,0.0,0.0,none,False
2024-02-03 23:00:00,2024-02-03,23,10.3,51,6.9,0.0,0.0,9.2,0.0,0.0,0.0,0.0,none,False
2024-02-04 00:00:00,2024-02-04,0,9.9,52,6.6,0.0,0.0,9.1,0.0,0.0,0.0,0.0,none,False
2024-02-04 01:00:00,2024-02-04,1,9.6,52,6.3,0.0,0.0,8.3,0.0,0.0,0.0,0.0,none,False
2024-02-04 02:00:00,2024-02-04,2,8.6,55,5.3,0.0,0.0,8.0,0.0,0.0,0.0,0.0,none,False
2024-02-04 03:00:00,2024-02-04,3,7.6,58,4.1,0.0,0.0,8.7,0.0,0.0,0.0,0.0,none,False
2024-02-04 04:00:00,2024-02-04,4,8.8,50,5.7,0.0,0.0,5.4,0.0,0.0,0.0,0.0,none,False
2024-02-04 05:00:00,2024-02-04,5,8.4,52,5.2,0.0,0.0,5.8,0.0,0.0,0.0,0.0,none,False
2024-02-04 06:00:00,2024-02-04,6,8.1,53,5.0,0.0,0.0,5.4,0.0,0.0,0.0,0.0,none,False
2024-02-04 07:00:00,2024-02-04,7,7.9,54,4.8,0.0,0.0,6.3,0.0,0.0,0.0,0.0,none,True
2024-02-04 08:00:00,2024-02-04,8,7.6,57,4.1,0.0,0.0,8.7,0.0,0.0,0.0,0.0,none,True
2024-02-04 09:00:00,2024-02-04,9,9.6,50,5.7,0.0,0.0,11.3,0.0,0.0,0.0,0.0,none,True
2024-02-04 10:00:00,2024-02-04,10,11.9,41,8.1,0.0,0.0,10.4,0.0,0.0,0.0,0.0,none,False
2024-02-04 11:00:00,2024-02-04,11,13.9,35,10.3,0.0,0.0,8.9,0.0,0.0,0.0,0.0,none,False
2024-02-04 12:00:00,2024-02-04,12,16.0,31,12.6,0.0,0.0,9.7,0.0,0.0,0.0,0.0,none,False
2024-02-04 13:00:00,2024-02-04,13,17.5,34,14.4,0.0,0.0,13.4,0.0,0.0,0.0,0.0,none,False
2024-02-04 14:00:00,2024-02-04,14,18.3,34,15.0,0.0,0.0,15.0,0.0,0.0,0.0,0.0,none,False
2024-02-04 15:00:00,2024-02-04,15,18.7,33,15.1,0.0,0.0,14.8,0.0,0.0,0.0,0.0,none,False
2024-02-04 16:00:00,2024-02-04,16,18.8,33,14.8,0.0,0.0,15.2,0.0,0.0,0.0,0.0,none,True
2024-02-04 17:00:00,2024-02-04,17,18.3,35,14.4,0.0,0.0,14.8,0.0,0.0,0.0,0.0,none,True
2024-02-04 18:00:00,2024-02-04,18,17.7,36,14.1,0.0,0.0,12.6,0.0,0.0,0.0,0.0,none,True
2024-02-04 19:00:00,2024-02-04,19,17.0,38,14.0,0.0,0.0,8.7,0.0,0.0,0.0,0.0,none,False
2024-02-04 20:00:00,2024-02-04,20,16.5,42,13.4,0.0,0.0,10.2,0.0,0.0,0.0,0.0,none,False
2024-02-04 21:00:00,2024-02-04,21,13.8,64,11.5,0.0,0.0,10.9,0.0,0.0,0.0,0.0,none,False
2024-02-04 22:00:00,2024-02-04,22,13.1,69,12.0,0.0,0.0,3.3,0.0,0.0,0.0,0.0,none,False
2024-02-04 23:00:00,2024-02-04,23,12.4,74,11.0,0.0,0.0,5.7,0.0,0.0,0.0,0.0,none,False
2024-02-05 00:00:00,2024-02-05,0,11.8,77,10.3,0.0,0.0,6.5,0.0,0.0,0.0,0.0,none,False
2024-02-05 01:00:00,2024-02-05,1,10.9,83,9.4,0.0,0.0,7.2,0.0,0.0,0.0,0.0,none,False
2024-02-05 02:00:00,2024-02-05,2,11.8,79,10.6,0.0,0.0,4.8,0.0,0.0,0.0,0.0,none,False
2024-02-05 03:00:00,2024-02-05,3,11.6,80,10.8,0.0,0.0,1.5,0.0,0.0,0.0,0.0,none,False
2024-02-05 04:00:00,2024-02-05,4,10.0,87,8.8,0.0,0.0,4.3,0.0,0.0,0.0,0.0,none,False
2024-02-05 05:00:00,2024-02-05,5,8.9,91,7.5,0.0,0.0,5.4,0.0,0.0,0.0,0.0,none,False
2024-02-05 06:00:00,2024-02-05,6,8.9,92,7.5,0.0,0.0,5.0,0.0,0.0,0.0,0.0,none,False
2024-02-05 07:00:00,2024-02-05,7,8.4,93,6.9,0.0,0.0,5.4,0.0,0.0,0.0,0.0,none,True
2024-02-05 08:00:00,2024-02-05,8,8.1,95,6.4,0.0,0.0,6.6,0.0,0.0,0.0,0.0,none,True
2024-02-05 09:00:00,2024-02-05,9,9.7,87,7.5,0.0,0.0,10.9,0.0,0.0,0.0,0.0,none,True
2024-02-05 10:00:00,2024-02-05,10,12.4,72,10.2,0.0,0.0,10.5,0.0,0.0,0.0,0.0,none,False
2024-02-05 11:00:00,2024-02-05,11,14.9,60,12.7,0.0,0.0,10.3,0.0,0.0,0.0,0.0,none,False
2024-02-05 12:00:00,2024-02-05,12,17.1,48,14.5,0.0,0.0,12.0,0.0,0.0,0.0,0.0,none,False
2024-02-05 13:00:00,2024-02-05,13,18.6,40,15.6,0.0,0.0,14.8,0.0,0.0,0.0,0.0,none,False
2024-02-05 14:00:00,2024-02-05,14,19.1,37,15.3,0.0,0.0,17.5,0.0,0.0,0.0,0.0,none,False
2024-02-05 15:00:00,2024-02-05,15,18.9,39,14.9,0.0,0.0,18.3,0.0,0.0,0.0,0.0,none,False
2024-02-05 16:00:00,2024-02-05,16,18.2,43,14.5,0.0,0.0,18.1,0.0,0.0,0.0,0.0,none,True
2024-02-05 17:00:00,2024-02-05,17,18.1,46,14.5,0.0,0.0,18.1,0.0,0.0,0.0,0.0,none,True
2024-02-05 18:00:00,2024-02-05,18,17.9,47,14.6,0.0,0.0,16.1,0.0,0.0,0.0,0.0,none,True
2024-02-05 19:00:00,2024-02-05,19,17.3,52,14.3,0.0,0.0,15.6,0.0,0.0,0.0,0.0,none,False
2024-02-05 20:00:00,2024-02-05,20,16.5,57,13.9,0.0,0.0,14.6,0.0,0.0,0.0,0.0,none,False
2024-02-05 21:00:00,2024-02-05,21,15.7,65,13.8,0.0,0.0,11.5,0.0,0.0,0.0,0.0,none,False
2024-02-05 22:00:00,2024-02-05,22,14.6,70,13.6,0.0,0.0,5.6,0.0,0.0,0.0,0.0,none,False
2024-02-05 23:00:00,2024-02-05,23,13.4,77,12.4,0.0,0.0,5.6,0.0,0.0,0.0,0.0,none,False
2024-02-06 00:00:00,2024-02-06,0,12.6,81,11.5,0.0,0.0,6.9,0.0,0.0,0.0,0.0,none,False
2024-02-06 01:00:00,2024-02-06,1,13.2,78,12.4,0.0,0.0,4.8,0.0,0.0,0.0,0.0,none,False
2024-02-06 02:00:00,2024-02-06,2,12.8,80,12.1,0.0,0.0,4.1,0.0,0.0,0.0,0.0,none,False
2024-02-06 03:00:00,2024-02-06,3,12.1,84,11.4,0.0,0.0,4.0,0.0,0.0,0.0,0.0,none,False
2024-02-06 04:00:00,2024-02-06,4,10.7,91,9.7,0.0,0.0,5.9,0.0,0.0,0.0,0.0,none,False
2024-02-06 05:00:00,2024-02-06,5,10.2,92,9.1,0.0,0.0,5.8,0.0,0.0,0.0,0.0,none,False
2024-02-06 06:00:00,2024-02-06,6,9.9,92,8.8,0.0,0.0,5.4,0.0,0.0,0.0,0.0,none,False
2024-02-06 07:00:00,2024-02-06,7,9.6,92,8.4,0.0,0.0,5.4,0.0,0.0,0.0,0.0,none,True
2024-02-06 08:00:00,2024-02-06,8,9.9,92,8.8,0.0,0.0,4.8,0.0,0.0,0.0,0.0,none,True
2024-02-06 09:00:00,2024-02-06,9,11.6,85,10.3,0.0,0.0,8.0,0.0,0.0,0.0,0.0,none,True
2024-02-06 10:00:00,2024-02-06,10,13.9,73,12.6,0.0,0.0,7.2,0.0,0.0,0.0,0.0,none,False
2024-02-06 11:00:00,2024-02-06,11,16.2,62,14.9,0.0,0.0,7.6,0.0,0.0,0.0,0.0,none,False
2024-02-06 12:00:00,2024-02-06,12,18.3,55,17.3,0.0,0.0,6.6,0.0,0.0,0.0,0.0,none,False
2024-02-06 13:00:00,2024-02-06,13,19.7,46,18.6,0.0,0.0,7.3,0.0,0.0,0.0,0.0,none,False
2024-02-06 14:00:00,2024-02-06,14,20.9,41,19.5,0.0,0.0,8.7,0.0,0.0,0.0,0.0,none,False
2024-02-06 15:00:00,2024-02-06,15,21.6,37,19.6,0.0,0.0,10.2,0.0,0.0,0.0,0.0,none,False
2024-02-06 16:00:00,2024-02-06,16,21.6,36,19.4,0.0,0.0,8.3,0.0,0.0,0.0,0.0,none,True
2024-02-06 17:00:00,2024-02-06,17,21.9,34,19.2,0.0,0.0,10.0,0.0,0.0,0.0,0.0,none,True
2024-02-06 18:00:00,2024-02-06,18,21.4,34,18.7,0.0,0.0,9.1,0.0,0.0,0.0,0.0,none,True
2024-02-06 19:00:00,2024-02-06,19,20.0,37,17.9,0.0,0.0,5.7,0.0,0.0,0.0,0.0,none,False
2024-02-06 20:00:00,2024-02-06,20,19.2,39,17.1,0.0,0.0,6.3,0.0,0.0,0.0,0.0,none,False
2024-02-06 21:00:00,2024-02-06,21,19.3,39,17.5,0.0,0.0,4.5,0.0,0.0,0.0,0.0,none,False
2024-02-06 22:00:00,2024-02-06,22,16.4,48,13.6,0.0,0.0,11.6,0.0,0.0,0.0,0.0,none,False
2024-02-06 23:00:00,2024-02-06,23,14.9,58,12.6,0.0,0.0,10.1,0.0,0.0,0.0,0.0,none,False
2024-02-07 00:00:00,2024-02-07,0,14.2,65,12.7,0.0,0.0,6.6,0.0,0.0,0.0,0.0,none,False
2024-02-07 01:00:00,2024-02-07,1,13.5,72,11.9,0.0,0.0,8.2,0.0,0.0,0.0,0.0,none,False
2024-02-07 02:00:00,2024-02-07,2,13.1,77,11.7,0.0,0.0,8.1,0.0,0.0,0.0,0.0,none,False
2024-02-07 03:00:00,2024-02-07,3,12.5,84,11.5,0.0,0.0,6.9,0.0,0.0,0.0,0.0,none,False
2024-02-07 04:00:00,2024-02-07,4,12.2,91,11.6,0.0,0.0,6.1,0.0,0.0,0.0,0.0,none,False
2024-02-07 05:00:00,2024-02-07,5,11.9,92,11.2,0.0,0.0,6.1,0.0,0.0,0.0,0.0,none,False
2024-02-07 06:00:00,2024-02-07,6,11.4,92,10.7,0.0,0.0,5.8,0.0,0.0,0.0,0.0,none,False
2024-02-07 07:00:00,2024-02-07,7,11.1,91,10.1,0.0,0.0,5.8,0.0,0.0,0.0,0.0,none,True
2024-02-07 08:00:00,2024-02-07,8,10.6,92,9.7,0.0,0.0,5.4,0.0,0.0,0.0,0.0,none,True
2024-02-07 09:00:00,2024-02-07,9,12.1,86,11.2,0.0,0.0,6.5,0.0,0.0,0.0,0.0,none,True
2024-02-07 10:00:00,2024-02-07,10,15.6,70,15.1,0.0,0.0,4.6,0.0,0.0,0.0,0.0,none,False
2024-02-07 11:00:00,2024-02-07,11,17.6,61,16.2,0.0,0.0,9.4,0.0,0.0,0.0,0.0,none,False
2024-02-07 12:00:00,2024-02-07,12,19.0,54,17.7,0.0,0.0,10.7,0.0,0.0,0.0,0.0,none,False
2024-02-07 13:00:00,2024-02-07,13,20.4,47,19.3,0.0,0.0,10.5,0.0,0.0,0.0,0.0,none,False
2024-02-07 14:00:00,2024-02-07,14,21.5,42,20.4,0.0,0.0,9.8,0.0,0.0,0.0,0.0,none,False
2024-02-07 15:00:00,2024-02-07,15,22.3,36,20.5,0.0,0.0,9.7,0.0,0.0,0.0,0.0,none,False
2024-02-07 16:00:00,2024-02-07,16,22.9,29,19.8,0.0,0.0,10.9,0.0,0.0,0.0,0.0,none,True
2024-02-07 17:00:00,2024-02-07,17,22.5,28,19.3,0.0,0.0,11.3,0.0,0.0,0.0,0.0,none,True
2024-02-07 18:00:00,2024-02-07,18,21.8,29,18.5,0.0,0.0,11.0,0.0,0.0,0.0,0.0,none,True
2024-02-07 19:00:00,2024-02-07,19,20.2,34,17.4,0.0,0.0,9.6,0.0,0.0,0.0,0.0,none,False
2024-02-07 20:00:00,2024-02-07,20,19.0,38,16.2,0.0,0.0,10.4,0.0,0.0,0.0,0.0,none,False
2024-02-07 21:00:00,2024-02-07,21,18.0,43,15.4,0.0,0.0,9.3,0.0,0.0,0.0,0.0,none,False
2024-02-07 22:00:00,2024-02-07,22,16.9,48,14.5,0.0,0.0,8.9,0.0,0.0,0.0,0.0,none,False
2024-02-07 23:00:00,2024-02-07,23,15.9,51,13.5,0.0,0.0,9.1,0.0,0.0,0.0,0.0,none,False
2024-02-08 00:00:00,2024-02-08,0,14.5,58,12.6,0.0,0.0,7.0,0.0,0.0,0.0,0.0,none,False
2024-02-08 01:00:00,2024-02-08,1,13.6,69,11.9,0.0,0.0,7.3,0.0,0.0,0.0,0.0,none,False
2024-02-08 02:00:00,2024-02-08,2,12.6,80,11.5,0.0,0.0,6.8,0.0,0.0,0.0,0.0,none,False
2024-02-08 03:00:00,2024-02-08,3,11.8,88,10.7,0.0,0.0,7.4,0.0,0.0,0.0,0.0,none,False
2024-02-08 04:00:00,2024-02-08,4,11.8,92,10.3,0.0,0.0,11.7,0.0,0.0,0.0,0.0,none,False
2024-02-08 05:00:00,2024-02-08,5,11.2,94,9.7,0.0,0.0,11.8,0.0,0.0,0.0,0.0,none,False
2024-02-08 06:00:00,2024-02-08,6,10.8,95,9.3,0.0,0.0,10.4,0.0,0.0,0.0,0.0,none,False
2024-02-08 07:00:00,2024-02-08,7,10.4,98,8.9,0.0,0.0,10.7,0.0,0.0,0.0,0.0,none,True
2024-02-08 08:00:00,2024-02-08,8,10.4,100,8.7,0.0,0.0,12.4,0.0,0.0,0.0,0.0,none,True
2024-02-08 09:00:00,2024-02-08,9,11.6,95,9.8,0.0,0.0,14.0,0.0,0.0,0.0,0.0,none,True
2024-02-08 10:00:00,2024-02-08,10,13.4,85,11.7,0.0,0.0,13.6,0.0,0.0,0.0,0.0,none,False
2024-02-08 11:00:00,2024-02-08,11,16.0,72,14.2,0.0,0.0,14.5,0.0,0.0,0.0,0.0,none,False
2024-02-08 12:00:00,2024-02-08,12,18.2,62,16.6,0.0,0.0,14.6,0.0,0.0,0.0,0.0,none,False
2024-02-08 13:00:00,2024-02-08,13,20.2,51,18.7,0.0,0.0,14.9,0.0,0.0,0.0,0.0,none,False
2024-02-08 14:00:00,2024-02-08,14,21.7,41,19.9,0.0,0.0,14.4,0.0,0.0,0.0,0.0,none,False
2024-02-08 15:00:00,2024-02-08,15,22.6,34,20.4,0.0,0.0,12.3,0.0,0.0,0.0,0.0,none,False
2024-02-08 16:00:00,2024-02-08,16,22.7,31,20.1,0.0,0.0,8.8,0.0,0.0,0.0,0.0,none,True
2024-02-08 17:00:00,2024-02-08,17,22.6,30,20.2,0.0,0.0,7.7,0.0,0.0,0.0,0.0,none,True
2024-02-08 18:00:00,2024-02-08,18,22.0,31,19.6,0.0,0.0,7.6,0.0,0.0,0.0,0.0,none,True
2024-02-08 19:00:00,2024-02-08,19,20.3,35,18.3,0.0,0.0,4.8,0.0,0.0,0.0,0.0,none,False
2024-02-08 20:00:00,2024-02-08,20,18.9,39,16.7,0.0,0.0,5.9,0.0,0.0,0.0,0.0,none,False
2024-02-08 21:00:00,2024-02-08,21,17.4,44,15.2,0.0,0.0,7.0,0.0,0.0,0.0,0.0,none,False
2024-02-08 22:00:00,2024-02-08,22,15.9,49,13.7,0.0,0.0,6.4,0.0,0.0,0.0,0.0,none,False
2024-02-08 23:00:00,2024-02-08,23,14.9,53,12.3,0.0,0.0,9.7,0.0,0.0,0.0,0.0,none,False
2024-02-09 00:00:00,2024-02-09,0,13.9,62,12.1,0.0,0.0,6.9,0.0,0.0,0.0,0.0,none,False
2024-02-09 01:00:00,2024-02-09,1,12.9,76,11.8,0.0,0.0,5.6,0.0,0.0,0.0,0.0,none,False
2024-02-09 02:00:00,2024-02-09,2,11.9,90,11.1,0.0,0.0,5.3,0.0,0.0,0.0,0.0,none,False
2024-02-09 03:00:00,2024-02-09,3,11.1,94,10.4,0.0,0.0,5.1,0.0,0.0,0.0,0.0,none,False
2024-02-09 04:00:00,2024-02-09,4,11.6,92,11.0,0.0,0.0,5.6,0.0,0.0,0.0,0.0,none,False
2024-02-09 05:00:00,2024-02-09,5,11.5,89,10.5,0.0,0.0,6.5,0.0,0.0,0.0,0.0,none,False
2024-02-09 06:00:00,2024-02-09,6,11.6,84,10.6,0.0,0.0,5.3,0.0,0.0,0.0,0.0,none,False
2024-02-09 07:00:00,2024-02-09,7,12.9,78,12.6,0.0,0.0,1.1,0.0,0.0,0.0,0.0,none,True
2024-02-09 08:00:00,2024-02-09,8,11.9,84,11.3,0.0,0.0,2.9,0.0,0.0,0.0,0.0,none,True
2024-02-09 09:00:00,2024-02-09,9,12.1,84,11.7,0.0,0.0,1.8,0.0,0.0,0.0,0.0,none,True
2024-02-09 10:00:00,2024-02-09,10,14.7,72,14.5,0.0,0.0,0.7,0.0,0.0,0.0,0.0,none,False
2024-02-09 11:00:00,2024-02-09,11,17.6,61,17.3,0.0,0.0,1.8,0.0,0.0,0.0,0.0,none,False
2024-02-09 12:00:00,2024-02-09,12,19.6,46,18.7,0.0,0.0,4.6,0.0,0.0,0.0,0.0,none,False
2024-02-09 13:00:00,2024-02-09,13,21.0,37,19.9,0.0,0.0,6.4,0.0,0.0,0.0,0.0,none,False
2024-02-09 14:00:00,2024-02-09,14,22.1,31,20.6,0.0,0.0,7.9,0.0,0.0,0.0,0.0,none,False
2024-02-09 15:00:00,2024-02-09,15,22.8,28,20.3,0.0,0.0,9.7,0.0,0.0,0.0,0.0,none,False
2024-02-09 16:00:00,2024-02-09,16,22.8,26,19.5,0.0,0.0,10.6,0.0,0.0,0.0,0.0,none,True
2024-02-09 17:00:00,2024-02-09,17,22.5,26,19.1,0.0,0.0,11.1,0.0,0.0,0.0,0.0,none,True
2024-02-09 18:00:00,2024-02-09,18,21.9,26,18.5,0.0,0.0,10.0,0.0,0.0,0.0,0.0,none,True
2024-02-09 19:00:00,2024-02-09,19,20.1,30,17.4,0.0,0.0,6.4,0.0,0.0,0.0,0.0,none,False
2024-02-09 20:00:00,2024-02-09,20,18.6,34,16.2,0.0,0.0,5.2,0.0,0.0,0.0,0.0,none,False
2024-02-09 21:00:00,2024-02-09,21,17.2,38,14.9,0.0,0.0,4.8,0.0,0.0,0.0,0.0,none,False
2024-02-09 22:00:00,2024-02-09,22,16.2,41,13.5,0.0,0.0,7.6,0.0,0.0,0.0,0.0,none,False
2024-02-09 23:00:00,2024-02-09,23,15.5,52,12.4,0.0,0.0,14.1,0.0,0.0,0.0,0.0,none,False
2024-02-10 00:00:00,2024-02-10,0,14.7,62,12.5,0.0,0.0,10.4,0.0,0.0,0.0,0.0,none,False
2024-02-10 01:00:00,2024-02-10,1,13.5,67,11.9,0.0,0.0,6.9,0.0,0.0,0.0,0.0,none,False
2024-02-10 02:00:00,2024-02-10,2,12.3,73,10.7,0.0,0.0,6.5,0.0,0.0,0.0,0.0,none,False
2024-02-10 03:00:00,2024-02-10,3,11.7,75,10.0,0.0,0.0,6.6,0.0,0.0,0.0,0.0,none,False
2024-02-10 04:00:00,2024-02-10,4,12.4,64,10.4,0.0,0.0,6.0,0.0,0.0,0.0,0.0,none,False
2024-02-10 05:00:00,2024-02-10,5,11.1,66,9.1,0.0,0.0,4.6,0.0,0.0,0.0,0.0,none,False
2024-02-10 06:00:00,2024-02-10,6,12.6,56,10.9,0.0,0.0,1.9,0.0,0.0,0.0,0.0,none,False
2024-02-10 07:00:00,2024-02-10,7,12.6,55,10.3,0.0,0.0,5.9,0.0,0.0,0.0,0.0,none,True
2024-02-10 08:00:00,2024-02-10,8,10.8,68,8.7,0.0,0.0,5.4,0.0,0.0,0.0,0.0,none,True
2024-02-10 09:00:00,2024-02-10,9,11.8,72,10.2,0.0,0.0,5.2,0.0,0.0,0.0,0.0,none,True
2024-02-10 10:00:00,2024-02-10,10,14.3,63,13.0,0.0,0.0,4.2,0.0,0.0,0.0,0.0,none,False
2024-02-10 11:00:00,2024-02-10,11,17.2,49,15.4,0.0,0.0,6.2,0.0,0.0,0.0,0.0,none,False
2024-02-10 12:00:00,2024-02-10,12,19.2,41,17.2,0.0,0.0,9.0,0.0,0.0,0.0,0.0,none,False
2024-02-10 13:00:00,2024-02-10,13,20.6,36,19.0,0.0,0.0,8.8,0.0,0.0,0.0,0.0,none,False
2024-02-10 14:00:00,2024-02-10,14,21.6,34,20.1,0.0,0.0,8.8,0.0,0.0,0.0,0.0,none,False
2024-02-10 15:00:00,2024-02-10,15,22.7,30,20.6,0.0,0.0,8.4,0.0,0.0,0.0,0.0,none,False
2024-02-10 16:00:00,2024-02-10,16,23.0,28,20.3,0.0,0.0,8.4,0.0,0.0,0.0,0.0,none,True
2024-02-10 17:00:00,2024-02-10,17,23.0,27,19.9,0.0,0.0,9.5,0.0,0.0,0.0,0.0,none,True
2024-02-10 18:00:00,2024-02-10,18,22.4,28,19.1,0.0,0.0,11.6,0.0,0.0,0.0,0.0,none,True
2024-02-10 19:00:00,2024-02-10,19,20.7,33,17.4,0.0,0.0,12.7,0.0,0.0,0.0,0.0,none,False
2024-02-10 20:00:00,2024-02-10,20,19.5,39,16.6,0.0,0.0,12.0,0.0,0.0,0.0,0.0,none,False
2024-02-10 21:00:00,2024-02-10,21,18.7,42,16.2,0.0,0.0,9.4,0.0,0.0,0.0,0.0,none,False
2024-02-10 22:00:00,2024-02-10,22,17.5,48,14.2,0.0,0.0,16.4,0.0,0.0,0.0,0.0,none,False
2024-02-10 23:00:00,2024-02-10,23,16.6,59,13.5,0.0,0.0,18.6,0.0,0.0,0.0,0.0,none,False
2024-02-11 00:00:00,2024-02-11,0,15.6,66,13.4,0.0,0.0,13.6,0.0,0.0,0.0,0.0,none,False
2024-02-11 01:00:00,2024-02-11,1,14.6,75,12.8,0.0,0.0,12.7,0.0,0.0,0.0,0.0,none,False
2024-02-11 02:00:00,2024-02-11,2,13.9,80,12.3,0.0,0.0,12.1,0.0,0.0,0.0,0.0,none,False
2024-02-11 03:00:00,2024-02-11,3,13.6,80,12.0,0.0,0.0,11.4,0.0,0.0,0.0,0.0,none,False
2024-02-11 04:00:00,2024-02-11,4,13.4,81,11.6,0.0,0.0,12.6,0.0,0.0,0.0,0.0,none,False
2024-02-11 05:00:00,2024-02-11,5,13.0,82,11.3,0.0,0.0,11.8,0.0,0.0,0.0,0.0,none,False
2024-02-11 06:00:00,2024-02-11,6,12.6,83,10.9,0.0,0.0,11.6,0.0,0.0,0.0,0.0,none,False
2024-02-11 07:00:00,2024-02-11,7,12.2,85,10.3,0.0,0.0,12.3,0.0,0.0,0.0,0.0,none,True
2024-02-11 08:00:00,2024-02-11,8,12.0,86,10.2,0.0,0.0,11.9,0.0,0.0,0.0,0.0,none,True
2024-02-11 09:00:00,2024-02-11,9,13.9,76,12.0,0.0,0.0,12.8,0.0,0.0,0.0,0.0,none,True
2024-02-11 10:00:00,2024-02-11,10,16.5,63,14.6,0.0,0.0,12.6,0.0,0.0,0.0,0.0,none,False
2024-02-11 11:00:00,2024-02-11,11,18.6,51,15.8,0.0,0.0,16.3,0.0,0.0,0.0,0.0,none,False
2024-02-11 12:00:00,2024-02-11,12,20.1,42,17.1,0.0,0.0,18.4,0.0,0.0,0.0,0.0,none,False
2024-02-11 13:00:00,2024-02-11,13,21.4,37,18.5,0.0,0.0,18.7,0.0,0.0,0.0,0.0,none,False
2024-02-11 14:00:00,2024-02-11,14,22.3,34,19.3,0.0,0.0,18.8,0.0,0.0,0.0,0.0,none,False
2024-02-11 15:00:00,2024-02-11,15,22.8,31,19.6,0.0,0.0,17.4,0.0,0.0,0.0,0.0,none,False
2024-02-11 16:00:00,2024-02-11,16,23.0,29,19.2,0.0,0.0,15.9,0.0,0.0,0.0,0.0,none,True
2024-02-11 17:00:00,2024-02-11,17,22.6,29,18.9,0.0,0.0,15.3,0.0,0.0,0.0,0.0,none,True
2024-02-11 18:00:00,2024-02-11,18,21.8,30,17.9,0.0,0.0,15.5,0.0,0.0,0.0,0.0,none,True
2024-02-11 19:00:00,2024-02-11,19,20.4,33,17.1,0.0,0.0,11.8,0.0,0.0,0.0,0.0,none,False
2024-02-11 20:00:00,2024-02-11,20,19.2,36,16.1,0.0,0.0,10.8,0.0,0.0,0.0,0.0,none,False
2024-02-11 21:00:00,2024-02-11,21,18.2,38,15.4,0.0,0.0,9.3,0.0,0.0,0.0,0.0,none,False
2024-02-11 22:00:00,2024-02-11,22,17.3,43,13.8,0.0,0.0,15.0,0.0,0.0,0.0,0.0,none,False
2024-02-11 23:00:00,2024-02-11,23,16.0,61,13.0,0.0,0.0,18.5,0.0,0.0,0.0,0.0,none,False
2024-02-12 00:00:00,2024-02-12,0,15.2,67,12.5,0.0,0.0,17.8,0.0,0.0,0.0,0.0,none,False
2024-02-12 01:00:00,2024-02-12,1,14.6,68,11.9,0.0,0.0,16.6,0.0,0.0,0.0,0.0,none,False
2024-02-12 02:00:00,2024-02-12,2,14.8,57,12.0,0.0,0.0,12.2,0.0,0.0,0.0,0.0,none,False
2024-02-12 03:00:00,2024-02-12,3,14.4,47,11.7,0.0,0.0,8.1,0.0,0.0,0.0,0.0,none,False
2024-02-12 04:00:00,2024-02-12,4,13.4,57,11.5,0.0,0.0,5.2,0.0,0.0,0.0,0.0,none,False
2024-02-12 05:00:00,2024-02-12,5,12.9,67,11.5,0.0,0.0,3.9,0.0,0.0,0.0,0.0,none,False
2024-02-12 06:00:00,2024-02-12,6,12.1,63,9.9,0.0,0.0,6.5,0.0,0.0,0.0,0.0,none,False
2024-02-12 07:00:00,2024-02-12,7,14.2,39,10.4,0.0,0.0,12.2,0.0,0.0,0.0,0.0,none,True
2024-02-12 08:00:00,2024-02-12,8,12.8,43,9.5,0.0,0.0,7.8,0.0,0.0,0.0,0.0,none,True
2024-02-12 09:00:00,2024-02-12,9,15.0,36,10.8,0.0,0.0,14.2,0.0,0.0,0.0,0.0,none,True
2024-02-12 10:00:00,2024-02-12,10,17.5,32,13.7,0.0,0.0,11.8,0.0,0.0,0.0,0.0,none,False
2024-02-12 11:00:00,2024-02-12,11,19.1,29,15.5,0.0,0.0,10.7,0.0,0.0,0.0,0.0,none,False
2024-02-12 12:00:00,2024-02-12,12,19.5,30,15.9,0.0,0.0,10.9,0.0,0.0,0.0,0.0,none,False
2024-02-12 13:00:00,2024-02-12,13,21.1,26,17.1,0.0,0.0,14.3,0.0,0.0,0.0,0.0,none,False
2024-02-12 14:00:00,2024-02-12,14,23.3,22,18.3,0.0,0.0,20.5,0.0,0.0,0.0,0.0,none,False
2024-02-12 15:00:00,2024-02-12,15,23.6,19,17.9,0.0,0.0,23.4,0.0,0.0,0.0,0.0,none,False
2024-02-12 16:00:00,2024-02-12,16,24.0,18,18.1,0.0,0.0,23.4,0.0,0.0,0.0,0.0,none,True
2024-02-12 17:00:00,2024-02-12,17,23.8,18,18.4,0.0,0.0,19.8,0.0,0.0,0.0,0.0,none,True
2024-02-12 18:00:00,2024-02-12,18,23.0,16,18.1,0.0,0.0,15.1,0.0,0.0,0.0,0.0,none,True
2024-02-12 19:00:00,2024-02-12,19,21.0,18,17.0,0.0,0.0,9.5,0.0,0.0,0.0,0.0,none,False
2024-02-12 20:00:00,2024-02-12,20,20.2,20,16.5,0.0,0.0,7.3,0.0,0.0,0.0,0.0,none,False
2024-02-12 21:00:00,2024-02-12,21,19.7,21,16.3,0.0,0.0,5.4,0.0,0.0,0.0,0.0,none,False
2024-02-12 22:00:00,2024-02-12,22,18.5,23,15.0,0.0,0.0,6.3,0.0,0.0,0.0,0.0,none,False
2024-02-12 23:00:00,2024-02-12,23,17.9,24,13.5,0.0,0.0,12.2,0.0,0.0,0.0,0.0,none,False
2024-02-13 00:00:00,2024-02-13,0,18.8,24,14.0,0.0,0.0,15.9,0.0,0.0,0.0,0.0,none,False
2024-02-13 01:00:00,2024-02-13,1,18.5,25,13.8,0.0,0.0,15.8,0.0,0.0,0.0,0.0,none,False
2024-02-13 02:00:00,2024-02-13,2,18.3,25,13.8,0.0,0.0,14.3,0.0,0.0,0.0,0.0,none,False
2024-02-13 03:00:00,2024-02-13,3,17.4,27,13.4,0.0,0.0,10.9,0.0,0.0,0.0,0.0,none,False
2024-02-13 04:00:00,2024-02-13,4,18.9,23,14.2,0.0,0.0,14.7,0.0,0.0,0.0,0.0,none,False
2024-02-13 05:00:00,2024-02-13,5,17.8,24,13.3,0.0,0.0,13.0,0.0,0.0,0.0,0.0,none,False
2024-02-13 06:00:00,2024-02-13,6,17.0,26,12.4,0.0,0.0,14.1,0.0,0.0,0.0,0.0,none,False
2024-02-13 07:00:00,2024-02-13,7,16.9,27,12.1,0.0,0.0,16.6,0.0,0.0,0.0,0.0,none,True
2024-02-13 08:00:00,2024-02-13,8,15.9,30,11.1,0.0,0.0,16.9,0.0,0.0,0.0,0.0,none,True
2024-02-13 09:00:00,2024-02-13,9,17.0,29,11.8,0.0,0.0,20.2,0.0,0.0,0.0,0.0,none,True
2024-02-13 10:00:00,2024-02-13,10,18.0,28,12.6,0.0,0.0,21.0,0.0,0.0,0.0,0.0,none,False
2024-02-13 11:00:00,2024-02-13,11,19.1,26,13.6,0.0,0.0,22.3,0.0,0.0,0.0,0.0,none,False
2024-02-13 12:00:00,2024-02-13,12,20.0,22,14.1,0.0,0.0,23.5,0.0,0.0,0.0,0.0,none,False
2024-02-13 13:00:00,2024-02-13,13,21.0,18,15.4,0.0,0.0,20.5,0.0,0.0,0.0,0.0,none,False
2024-02-13 14:00:00,2024-02-13,14,22.8,17,17.7,0.0,0.0,19.1,0.0,0.0,0.0,0.0,none,False
2024-02-13 15:00:00,2024-02-13,15,23.6,20,19.1,0.0,0.0,18.0,0.0,0.0,0.0,0.0,none,False
2024-02-13 16:00:00,2024-02-13,16,23.6,35,20.2,0.0,0.0,18.9,0.0,0.0,0.0,0.0,none,True
2024-02-13 17:00:00,2024-02-13,17,22.6,36,18.5,0.0,0.0,22.6,0.0,0.0,0.0,0.0,none,True
2024-02-13 18:00:00,2024-02-13,18,21.7,36,18.0,0.0,0.0,18.6,0.0,0.0,0.0,0.0,none,True
2024-02-13 19:00:00,2024-02-13,19,20.4,39,16.7,0.0,0.0,18.2,0.0,0.0,0.0,0.0,none,False
2024-02-13 20:00:00,2024-02-13,20,18.0,51,14.6,0.0,0.0,19.6,0.0,0.0,0.0,0.0,none,False
2024-02-13 21:00:00,2024-02-13,21,17.3,55,15.7,0.0,0.0,7.9,0.0,0.0,0.0,0.0,none,False
2024-02-13 22:00:00,2024-02-13,22,16.8,57,15.1,0.0,0.0,8.6,0.0,0.0,0.0,0.0,none,False
2024-02-13 23:00:00,2024-02-13,23,15.9,61,14.0,0.0,0.0,10.0,0.0,0.0,0.0,0.0,none,False
2024-02-14 00:00:00,2024-02-14,0,15.3,64,13.7,0.0,0.0,7.9,0.0,0.0,0.0,0.0,none,False
2024-02-14 01:00:00,2024-02-14,1,14.8,66,13.7,0.0,0.0,5.2,0.0,0.0,0.0,0.0,none,False
2024-02-14 02:00:00,2024-02-14,2,14.0,70,12.9,0.0,0.0,4.8,0.0,0.0,0.0,0.0,none,False
2024-02-14 03:00:00,2024-02-14,3,13.3,73,12.2,0.0,0.0,5.1,0.0,0.0,0.0,0.0,none,False
2024-02-14 04:00:00,2024-02-14,4,13.2,71,11.7,0.0,0.0,7.3,0.0,0.0,0.0,0.0,none,False
2024-02-14 05:00:00,2024-02-14,5,12.6,74,11.1,0.0,0.0,7.0,0.0,0.0,0.0,0.0,none,False
2024-02-14 06:00:00,2024-02-14,6,12.1,76,10.5,0.0,0.0,6.7,0.0,0.0,0.0,0.0,none,False
2024-02-14 07:00:00,2024-02-14,7,11.5,78,10.0,0.0,0.0,6.4,0.0,0.0,0.0,0.0,none,True
2024-02-14 08:00:00,2024-02-14,8,11.6,78,10.0,0.0,0.0,6.9,0.0,0.0,0.0,0.0,none,True
2024-02-14 09:00:00,2024-02-14,9,13.4,69,11.2,0.0,0.0,10.5,0.0,0.0,0.0,0.0,none,True
2024-02-14 10:00:00,2024-02-14,10,15.4,60,13.2,0.0,0.0,11.4,0.0,0.0,0.0,0.0,none,False
2024-02-14 11:00:00,2024-02-14,11,17.4,51,14.7,0.0,0.0,13.3,0.0,0.0,0.0,0.0,none,False
2024-02-14 12:00:00,2024-02-14,12,18.9,41,15.5,0.0,0.0,15.5,0.0,0.0,0.0,0.0,none,False
2024-02-14 13:00:00,2024-02-14,13,20.0,35,16.1,0.0,0.0,18.8,0.0,0.0,0.0,0.0,none,False
2024-02-14 14:00:00,2024-02-14,14,20.4,32,16.1,0.0,0.0,18.9,0.0,0.0,0.0,0.0,none,False
2024-02-14 15:00:00,2024-02-14,15,20.5,30,16.0,0.0,0.0,19.4,0.0,0.0,0.0,0.0,none,False
2024-02-14 16:00:00,2024-02-14,16,20.1,32,15.9,0.0,0.0,17.2,0.0,0.0,0.0,0.0,none,True
2024-02-14 17:00:00,2024-02-14,17,20.0,32,15.8,0.0,0.0,17.1,0.0,0.0,0.0,0.0,none,True
2024-02-14 18:00:00,2024-02-14,18,19.1,34,15.0,0.0,0.0,17.1,0.0,0.0,0.0,0.0,none,True
2024-02-14 19:00:00,2024-02-14,19,18.0,37,14.3,0.0,0.0,14.5,0.0,0.0,0.0,0.0,none,False
2024-02-14 20:00:00,2024-02-14,20,16.9,42,13.0,0.0,0.0,17.0,0.0,0.0,0.0,0.0,none,False
2024-02-14 21:00:00,2024-02-14,21,15.6,51,12.4,0.0,0.0,14.3,0.0,0.0,0.0,0.0,none,False
2024-02-14 22:00:00,2024-02-14,22,13.6,67,11.0,1.5,1.5,14.1,1.5,1.5,1.5,1.5,light,False
2024-02-14 23:00:00,2024-02-14,23,12.8,79,11.6,1.7,1.7,6.9,1.7,3.2,3.2,3.2,light,False
2024-02-15 00:00:00,2024-02-15,0,12.2,85,11.6,0.0,0.0,4.2,0.0,3.2,3.2,3.2,none,False
2024-02-15 01:00:00,2024-02-15,1,12.1,82,11.2,0.0,0.0,4.6,0.0,1.7,3.2,3.2,none,False
2024-02-15 02:00:00,2024-02-15,2,11.4,80,9.8,0.0,0.0,7.4,0.0,0.0,3.2,3.2,none,False
2024-02-15 03:00:00,2024-02-15,3,11.5,75,9.5,0.0,0.0,9.0,0.0,0.0,3.2,3.2,none,False
2024-02-15 04:00:00,2024-02-15,4,13.2,63,10.1,0.0,0.0,15.5,0.0,0.0,1.7,3.2,none,False
2024-02-15 05:00:00,2024-02-15,5,12.4,68,9.8,0.0,0.0,12.0,0.0,0.0,0.0,3.2,none,False
2024-02-15 06:00:00,2024-02-15,6,11.8,72,9.0,0.0,0.0,13.9,0.0,0.0,0.0,3.2,none,False
2024-02-15 07:00:00,2024-02-15,7,11.1,77,8.0,0.0,0.0,16.4,0.0,0.0,0.0,3.2,none,True
2024-02-15 08:00:00,2024-02-15,8,11.0,79,7.9,0.0,0.0,17.0,0.0,0.0,0.0,3.2,none,True
2024-02-15 09:00:00,2024-02-15,9,12.4,71,9.2,0.0,0.0,17.4,0.0,0.0,0.0,3.2,none,True
2024-02-15 10:00:00,2024-02-15,10,14.5,62,11.0,0.0,0.0,19.5,0.0,0.0,0.0,3.2,none,False
2024-02-15 11:00:00,2024-02-15,11,16.7,49,12.7,0.0,0.0,20.4,0.0,0.0,0.0,3.2,none,False
2024-02-15 12:00:00,2024-02-15,12,18.1,39,14.2,0.1,0.1,19.4,0.1,0.1,0.1,3.3,light,False
2024-02-15 13:00:00,2024-02-15,13,18.8,35,14.5,0.0,0.0,20.7,0.0,0.1,0.1,3.3,none,False
2024-02-15 14:00:00,2024-02-15,14,19.2,34,14.6,0.0,0.0,22.7,0.0,0.1,0.1,3.3,none,False
2024-02-15 15:00:00,2024-02-15,15,19.5,34,14.5,0.0,0.0,24.3,0.0,0.0,0.1,3.3,none,False
2024-02-15 16:00:00,2024-02-15,16,17.9,43,13.8,0.2,0.2,19.6,0.2,0.2,0.30000000000000004,3.5,light,True
2024-02-15 17:00:00,2024-02-15,17,16.1,51,12.0,0.0,0.0,21.7,0.0,0.2,0.30000000000000004,3.5,none,True
2024-02-15 18:00:00,2024-02-15,18,16.0,53,12.7,0.0,0.0,16.3,0.0,0.2,0.2,3.5,none,True
2024-02-15 19:00:00,2024-02-15,19,15.6,53,12.1,0.0,0.0,17.4,0.0,0.0,0.2,3.5,none,False
2024-02-15 20:00:00,2024-02-15,20,14.5,60,11.1,0.0,0.0,17.3,0.0,0.0,0.2,3.5,none,False
2024-02-15 21:00:00,2024-02-15,21,14.1,62,11.4,0.0,0.0,13.4,0.0,0.0,0.2,3.5,none,False
2024-02-15 22:00:00,2024-02-15,22,13.2,68,11.7,0.0,0.0,6.4,0.0,0.0,0.0,2.0,none,False
2024-02-15 23:00:00,2024-02-15,23,12.9,69,11.3,0.0,0.0,6.4,0.0,0.0,0.0,0.30000000000000004,none,False
2024-02-16 00:00:00,2024-02-16,0,12.4,70,10.3,0.0,0.0,9.9,0.0,0.0,0.0,0.30000000000000004,none,False
2024-02-16 01:00:00,2024-02-16,1,11.8,74,9.5,0.0,0.0,10.9,0.0,0.0,0.0,0.30000000000000004,none,False
2024-02-16 02:00:00,2024-02-16,2,11.1,78,8.8,0.0,0.0,11.7,0.0,0.0,0.0,0.30000000000000004,none,False
2024-02-16 03:00:00,2024-02-16,3,10.8,81,8.4,0.0,0.0,12.7,0.0,0.0,0.0,0.30000000000000004,none,False
2024-02-16 04:00:00,2024-02-16,4,10.7,83,8.5,0.0,0.0,11.2,0.0,0.0,0.0,0.30000000000000004,none,False
2024-02-16 05:00:00,2024-02-16,5,10.4,86,8.4,0.0,0.0,10.5,0.0,0.0,0.0,0.30000000000000004,none,False
2024-02-16 06:00:00,2024-02-16,6,10.1,89,8.3,0.0,0.0,10.0,0.0,0.0,0.0,0.30000000000000004,none,False
2024-02-16 07:00:00,2024-02-16,7,9.9,90,7.9,0.0,0.0,10.0,0.0,0.0,0.0,0.30000000000000004,none,True
2024-02-16 08:00:00,2024-02-16,8,9.8,89,7.3,0.0,0.0,13.3,0.0,0.0,0.0,0.30000000000000004,none,True
2024-02-16 09:00:00,2024-02-16,9,11.2,80,8.5,0.0,0.0,15.4,0.0,0.0,0.0,0.30000000000000004,none,True
2024-02-16 10:00:00,2024-02-16,10,13.1,71,10.1,0.0,0.0,16.9,0.0,0.0,0.0,0.30000000000000004,none,False
2024-02-16 11:00:00,2024-02-16,11,15.2,59,11.5,0.0,0.0,20.6,0.0,0.0,0.0,0.30000000000000004,none,False
2024-02-16 12:00:00,2024-02-16,12,16.5,51,12.5,0.0,0.0,22.5,0.0,0.0,0.0,0.2,none,False
2024-02-16 13:00:00,2024-02-16,13,17.5,42,13.3,0.0,0.0,24.4,0.0,0.0,0.0,0.2,none,False
2024-02-16 14:00:00,2024-02-16,14,18.1,38,13.5,0.1,0.1,25.5,0.1,0.1,0.1,0.30000000000000004,light,False
2024-02-16 15:00:00,2024-02-16,15,18.6,36,13.7,0.1,0.1,25.3,0.1,0.2,0.2,0.4,light,False
2024-02-16 16:00:00,2024-02-16,16,18.9,34,13.5,0.0,0.0,24.8,0.0,0.2,0.2,0.2,none,True
2024-02-16 17:00:00,2024-02-16,17,18.9,32,13.5,0.0,0.0,24.8,0.0,0.1,0.2,0.2,none,True
2024-02-16 18:00:00,2024-02-16,18,18.1,33,12.7,0.0,0.0,24.8,0.0,0.0,0.2,0.2,none,True
2024-02-16 19:00:00,2024-02-16,19,16.6,40,12.1,0.0,0.0,19.9,0.0,0.0,0.2,0.2,none,False
2024-02-16 20:00:00,2024-02-16,20,15.9,42,11.5,0.0,0.0,19.6,0.0,0.0,0.1,0.2,none,False
2024-02-16 21:00:00,2024-02-16,21,15.2,45,11.5,0.0,0.0,14.8,0.0,0.0,0.0,0.2,none,False
2024-02-16 22:00:00,2024-02-16,22,14.1,50,11.0,0.0,0.0,11.6,0.0,0.0,0.0,0.2,none,False
2024-02-16 23:00:00,2024-02-16,23,13.3,55,10.5,0.0,0.0,9.9,0.0,0.0,0.0,0.2,none,False
2024-02-17 00:00:00,2024-02-17,0,12.8,58,9.6,0.0,0.0,12.7,0.0,0.0,0.0,0.2,none,False
2024-02-17 01:00:00,2024-02-17,1,12.6,60,9.4,0.0,0.0,13.8,0.0,0.0,0.0,0.2,none,False
2024-02-17 02:00:00,2024-02-17,2,12.4,62,9.0,0.0,0.0,15.1,0.0,0.0,0.0,0.2,none,False
2024-02-17 03:00:00,2024-02-17,3,11.8,64,8.7,0.0,0.0,13.1,0.0,0.0,0.0,0.2,none,False
2024-02-17 04:00:00,2024-02-17,4,11.9,61,8.8,0.0,0.0,12.3,0.0,0.0,0.0,0.2,none,False
2024-02-17 05:00:00,2024-02-17,5,11.3,64,8.4,0.0,0.0,11.1,0.0,0.0,0.0,0.2,none,False
2024-02-17 06:00:00,2024-02-17,6,10.8,67,7.9,0.0,0.0,11.7,0.0,0.0,0.0,0.2,none,False
2024-02-17 07:00:00,2024-02-17,7,10.5,71,7.5,0.0,0.0,13.0,0.0,0.0,0.0,0.2,none,True
2024-02-17 08:00:00,2024-02-17,8,10.2,75,7.5,0.0,0.0,12.2,0.0,0.0,0.0,0.2,none,True
2024-02-17 09:00:00,2024-02-17,9,11.9,69,9.0,0.0,0.0,13.4,0.0,0.0,0.0,0.2,none,True
2024-02-17 10:00:00,2024-02-17,10,13.9,62,10.9,0.0,0.0,14.8,0.0,0.0,0.0,0.2,none,False
2024-02-17 11:00:00,2024-02-17,11,15.8,58,12.6,0.0,0.0,17.2,0.0,0.0,0.0,0.2,none,False
2024-02-17 12:00:00,2024-02-17,12,17.4,52,14.3,0.0,0.0,18.8,0.0,0.0,0.0,0.2,none,False
2024-02-17 13:00:00,2024-02-17,13,18.4,46,15.2,0.1,0.1,19.7,0.1,0.1,0.1,0.30000000000000004,light,False
2024-02-17 14:00:00,2024-02-17,14,19.1,43,15.6,0.1,0.1,19.9,0.1,0.2,0.2,0.30000000000000004,light,False
2024-02-17 15:00:00,2024-02-17,15,19.5,42,15.7,0.1,0.1,20.2,0.1,0.30000000000000004,0.30000000000000004,0.30000000000000004,light,False
2024-02-17 16:00:00,2024-02-17,16,20.6,36,16.7,0.0,0.0,18.4,0.0,0.2,0.30000000000000004,0.30000000000000004,none,True
2024-02-17 17:00:00,2024-02-17,17,20.0,37,16.1,0.0,0.0,18.4,0.0,0.1,0.30000000000000004,0.30000000000000004,none,True
2024-02-17 18:00:00,2024-02-17,18,19.5,38,15.9,0.0,0.0,15.9,0.0,0.0,0.30000000000000004,0.30000000000000004,none,True
2024-02-17 19:00:00,2024-02-17,19,18.9,40,15.9,0.0,0.0,12.3,0.0,0.0,0.2,0.30000000000000004,none,False
2024-02-17 20:00:00,2024-02-17,20,18.0,45,15.9,0.0,0.0,7.3,0.0,0.0,0.1,0.30000000000000004,none,False
2024-02-17 21:00:00,2024-02-17,21,17.2,50,14.9,0.0,0.0,10.2,0.0,0.0,0.0,0.30000000000000004,none,False
2024-02-17 22:00:00,2024-02-17,22,15.6,64,14.1,0.0,0.0,7.5,0.0,0.0,0.0,0.30000000000000004,none,False
2024-02-17 23:00:00,2024-02-17,23,14.2,72,13.4,0.0,0.0,4.8,0.0,0.0,0.0,0.30000000000000004,none,False
2024-02-18 00:00:00,2024-02-18,0,13.2,80,12.4,0.0,0.0,6.2,0.0,0.0,0.0,0.30000000000000004,none,False
2024-02-18 01:00:00,2024-02-18,1,13.8,75,13.0,0.0,0.0,4.0,0.0,0.0,0.0,0.30000000000000004,none,False
2024-02-18 02:00:00,2024-02-18,2,13.4,78,12.9,0.0,0.0,2.0,0.0,0.0,0.0,0.30000000000000004,none,False
2024-02-18 03:00:00,2024-02-18,3,12.9,80,12.7,0.0,0.0,0.8,0.0,0.0,0.0,0.30000000000000004,none,False
2024-02-18 04:00:00,2024-02-18,4,13.2,78,12.8,0.0,0.0,2.0,0.0,0.0,0.0,0.30000000000000004,none,False
2024-02-18 05:00:00,2024-02-18,5,12.1,83,11.4,0.0,0.0,4.1,0.0,0.0,0.0,0.30000000000000004,none,False
2024-02-18 06:00:00,2024-02-18,6,11.5,86,10.6,0.0,0.0,4.7,0.0,0.0,0.0,0.30000000000000004,none,False
2024-02-18 07:00:00,2024-02-18,7,10.1,91,9.1,0.0,0.0,5.1,0.0,0.0,0.0,0.30000000000000004,none,True
2024-02-18 08:00:00,2024-02-18,8,10.6,90,9.6,0.0,0.0,4.3,0.0,0.0,0.0,0.30000000000000004,none,True
2024-02-18 09:00:00,2024-02-18,9,12.6,80,11.6,0.0,0.0,6.1,0.0,0.0,0.0,0.30000000000000004,none,True
2024-02-18 10:00:00,2024-02-18,10,14.7,70,13.6,0.0,0.0,6.4,0.0,0.0,0.0,0.30000000000000004,none,False
2024-02-18 11:00:00,2024-02-18,11,17.0,59,15.5,0.0,0.0,8.2,0.0,0.0,0.0,0.30000000000000004,none,False
2024-02-18 12:00:00,2024-02-18,12,18.9,49,17.1,0.0,0.0,10.9,0.0,0.0,0.0,0.30000000000000004,none,False
2024-02-18 13:00:00,2024-02-18,13,20.1,41,18.0,0.0,0.0,13.1,0.0,0.0,0.0,0.2,none,False
2024-02-18 14:00:00,2024-02-18,14,20.8,36,18.1,0.0,0.0,15.2,0.0,0.0,0.0,0.1,none,False
2024-02-18 15:00:00,2024-02-18,15,21.1,34,17.9,0.0,0.0,15.5,0.0,0.0,0.0,0.0,none,False
2024-02-18 16:00:00,2024-02-18,16,20.9,31,17.2,0.0,0.0,14.4,0.0,0.0,0.0,0.0,none,True
2024-02-18 17:00:00,2024-02-18,17,20.4,31,16.6,0.0,0.0,14.6,0.0,0.0,0.0,0.0,none,True
2024-02-18 18:00:00,2024-02-18,18,19.6,33,15.8,0.0,0.0,15.2,0.0,0.0,0.0,0.0,none,True
2024-02-18 19:00:00,2024-02-18,19,18.7,35,15.6,0.0,0.0,10.1,0.0,0.0,0.0,0.0,none,False
2024-02-18 20:00:00,2024-02-18,20,18.2,37,15.2,0.0,0.0,9.7,0.0,0.0,0.0,0.0,none,False
2024-02-18 21:00:00,2024-02-18,21,16.8,54,13.6,0.0,0.0,17.1,0.0,0.0,0.0,0.0,none,False
2024-02-18 22:00:00,2024-02-18,22,15.4,61,13.5,0.0,0.0,9.4,0.0,0.0,0.0,0.0,none,False
2024-02-18 23:00:00,2024-02-18,23,14.8,65,13.4,0.0,0.0,5.8,0.0,0.0,0.0,0.0,none,False
2024-02-19 00:00:00,2024-02-19,0,13.7,71,12.5,0.0,0.0,5.7,0.0,0.0,0.0,0.0,none,False
2024-02-19 01:00:00,2024-02-19,1,12.6,79,11.7,0.0,0.0,4.8,0.0,0.0,0.0,0.0,none,False
2024-02-19 02:00:00,2024-02-19,2,11.7,86,10.6,0.0,0.0,6.9,0.0,0.0,0.0,0.0,none,False
2024-02-19 03:00:00,2024-02-19,3,11.1,91,10.0,0.0,0.0,7.2,0.0,0.0,0.0,0.0,none,False
2024-02-19 04:00:00,2024-02-19,4,11.4,88,10.3,0.0,0.0,6.7,0.0,0.0,0.0,0.0,none,False
2024-02-19 05:00:00,2024-02-19,5,10.8,90,9.5,0.0,0.0,7.6,0.0,0.0,0.0,0.0,none,False
2024-02-19 06:00:00,2024-02-19,6,10.6,90,9.2,0.0,0.0,7.4,0.0,0.0,0.0,0.0,none,False
2024-02-19 07:00:00,2024-02-19,7,11.6,86,10.6,0.0,0.0,5.2,0.0,0.0,0.0,0.0,none,True
2024-02-19 08:00:00,2024-02-19,8,11.0,90,10.0,0.0,0.0,5.5,0.0,0.0,0.0,0.0,none,True
2024-02-19 09:00:00,2024-02-19,9,12.8,80,11.8,0.0,0.0,5.5,0.0,0.0,0.0,0.0,none,True
2024-02-19 10:00:00,2024-02-19,10,15.2,69,14.0,0.0,0.0,7.6,0.0,0.0,0.0,0.0,none,False
2024-02-19 11:00:00,2024-02-19,11,17.5,53,14.6,0.0,0.0,16.5,0.0,0.0,0.0,0.0,none,False
2024-02-19 12:00:00,2024-02-19,12,18.3,47,14.9,0.0,0.0,17.8,0.0,0.0,0.0,0.0,none,False
2024-02-19 13:00:00,2024-02-19,13,20.0,39,16.9,0.0,0.0,17.8,0.0,0.0,0.0,0.0,none,False
2024-02-19 14:00:00,2024-02-19,14,21.0,33,17.6,0.0,0.0,16.5,0.0,0.0,0.0,0.0,none,False
2024-02-19 15:00:00,2024-02-19,15,21.9,28,17.8,0.0,0.0,17.1,0.0,0.0,0.0,0.0,none,False
2024-02-19 16:00:00,2024-02-19,16,20.8,31,16.9,0.0,0.0,16.0,0.0,0.0,0.0,0.0,none,True
2024-02-19 17:00:00,2024-02-19,17,21.0,29,16.9,0.0,0.0,15.9,0.0,0.0,0.0,0.0,none,True
2024-02-19 18:00:00,2024-02-19,18,20.1,32,16.0,0.0,0.0,17.0,0.0,0.0,0.0,0.0,none,True
2024-02-19 19:00:00,2024-02-19,19,18.5,39,14.9,0.0,0.0,16.1,0.0,0.0,0.0,0.0,none,False
2024-02-19 20:00:00,2024-02-19,20,17.2,47,14.0,0.0,0.0,15.1,0.0,0.0,0.0,0.0,none,False
2024-02-19 21:00:00,2024-02-19,21,16.0,54,13.3,0.0,0.0,12.6,0.0,0.0,0.0,0.0,none,False
2024-02-19 22:00:00,2024-02-19,22,15.1,59,12.5,0.0,0.0,12.2,0.0,0.0,0.0,0.0,none,False
2024-02-19 23:00:00,2024-02-19,23,14.1,63,12.1,0.0,0.0,8.8,0.0,0.0,0.0,0.0,none,False
2024-02-20 00:00:00,2024-02-20,0,13.1,67,11.5,0.0,0.0,5.7,0.0,0.0,0.0,0.0,none,False
2024-02-20 01:00:00,2024-02-20,1,11.9,74,10.1,0.0,0.0,7.9,0.0,0.0,0.0,0.0,none,False
2024-02-20 02:00:00,2024-02-20,2,11.5,77,9.7,0.0,0.0,7.9,0.0,0.0,0.0,0.0,none,False
2024-02-20 03:00:00,2024-02-20,3,12.4,73,10.8,0.0,0.0,6.7,0.0,0.0,0.0,0.0,none,False
2024-02-20 04:00:00,2024-02-20,4,12.8,72,11.4,0.0,0.0,5.5,0.0,0.0,0.0,0.0,none,False
2024-02-20 05:00:00,2024-02-20,5,12.8,72,11.5,0.0,0.0,4.8,0.0,0.0,0.0,0.0,none,False
2024-02-20 06:00:00,2024-02-20,6,13.0,71,11.8,0.0,0.0,4.3,0.0,0.0,0.0,0.0,none,False
2024-02-20 07:00:00,2024-02-20,7,13.1,71,12.2,0.0,0.0,3.3,0.0,0.0,0.0,0.0,none,True
2024-02-20 08:00:00,2024-02-20,8,12.9,73,12.2,0.0,0.0,1.4,0.0,0.0,0.0,0.0,none,True
2024-02-20 09:00:00,2024-02-20,9,13.6,70,12.9,0.0,0.0,1.6,0.0,0.0,0.0,0.0,none,True
2024-02-20 10:00:00,2024-02-20,10,15.2,63,14.6,0.0,0.0,1.0,0.0,0.0,0.0,0.0,none,False
2024-02-20 11:00:00,2024-02-20,11,17.2,52,15.6,0.0,0.0,6.6,0.0,0.0,0.0,0.0,none,False
2024-02-20 12:00:00,2024-02-20,12,18.8,42,16.6,0.0,0.0,9.4,0.0,0.0,0.0,0.0,none,False
2024-02-20 13:00:00,2024-02-20,13,20.0,37,17.7,0.0,0.0,10.1,0.0,0.0,0.0,0.0,none,False
2024-02-20 14:00:00,2024-02-20,14,20.7,34,17.7,0.0,0.0,11.2,0.0,0.0,0.0,0.0,none,False
2024-02-20 15:00:00,2024-02-20,15,21.1,32,18.1,0.0,0.0,12.1,0.0,0.0,0.0,0.0,none,False
2024-02-20 16:00:00,2024-02-20,16,20.8,33,18.4,0.0,0.0,6.3,0.0,0.0,0.0,0.0,none,True
2024-02-20 17:00:00,2024-02-20,17,20.9,32,18.3,0.0,0.0,6.8,0.0,0.0,0.0,0.0,none,True
2024-02-20 18:00:00,2024-02-20,18,20.5,32,17.7,0.0,0.0,7.9,0.0,0.0,0.0,0.0,none,True
2024-02-20 19:00:00,2024-02-20,19,19.3,34,16.3,0.0,0.0,9.4,0.0,0.0,0.0,0.0,none,False
2024-02-20 20:00:00,2024-02-20,20,18.0,38,14.9,0.0,0.0,10.5,0.0,0.0,0.0,0.0,none,False
2024-02-20 21:00:00,2024-02-20,21,16.9,51,13.5,0.0,0.0,17.0,0.0,0.0,0.0,0.0,none,False
2024-02-20 22:00:00,2024-02-20,22,15.9,59,13.5,0.0,0.0,13.4,0.0,0.0,0.0,0.0,none,False
2024-02-20 23:00:00,2024-02-20,23,15.1,64,13.1,0.0,0.0,11.3,0.0,0.0,0.0,0.0,none,False
2024-02-21 00:00:00,2024-02-21,0,14.1,69,12.1,0.0,0.0,11.3,0.0,0.0,0.0,0.0,none,False
2024-02-21 01:00:00,2024-02-21,1,13.6,72,11.5,0.0,0.0,11.8,0.0,0.0,0.0,0.0,none,False
2024-02-21 02:00:00,2024-02-21,2,13.1,75,11.2,0.0,0.0,10.8,0.0,0.0,0.0,0.0,none,False
2024-02-21 03:00:00,2024-02-21,3,12.4,78,10.6,0.0,0.0,10.0,0.0,0.0,0.0,0.0,none,False
2024-02-21 04:00:00,2024-02-21,4,12.3,79,10.5,0.0,0.0,10.2,0.0,0.0,0.0,0.0,none,False
2024-02-21 05:00:00,2024-02-21,5,11.9,82,10.2,0.0,0.0,9.2,0.0,0.0,0.0,0.0,none,False
2024-02-21 06:00:00,2024-02-21,6,11.3,85,9.7,0.0,0.0,8.8,0.0,0.0,0.0,0.0,none,False
2024-02-21 07:00:00,2024-02-21,7,10.8,87,9.3,0.0,0.0,7.9,0.0,0.0,0.0,0.0,none,True
2024-02-21 08:00:00,2024-02-21,8,10.9,86,9.3,0.0,0.0,8.4,0.0,0.0,0.0,0.0,none,True
2024-02-21 09:00:00,2024-02-21,9,13.2,73,11.5,0.0,0.0,9.5,0.0,0.0,0.0,0.0,none,True
2024-02-21 10:00:00,2024-02-21,10,15.8,60,13.6,0.0,0.0,11.1,0.0,0.0,0.0,0.0,none,False
2024-02-21 11:00:00,2024-02-21,11,17.5,48,14.5,0.0,0.0,13.8,0.0,0.0,0.0,0.0,none,False
2024-02-21 12:00:00,2024-02-21,12,18.8,41,16.2,0.0,0.0,14.2,0.0,0.0,0.0,0.0,none,False
2024-02-21 13:00:00,2024-02-21,13,20.0,36,17.8,0.0,0.0,13.7,0.0,0.0,0.0,0.0,none,False
2024-02-21 14:00:00,2024-02-21,14,20.9,33,18.7,0.0,0.0,12.9,0.0,0.0,0.0,0.0,none,False
2024-02-21 15:00:00,2024-02-21,15,21.6,31,19.1,0.0,0.0,12.6,0.0,0.0,0.0,0.0,none,False
2024-02-21 16:00:00,2024-02-21,16,21.5,31,18.2,0.0,0.0,13.7,0.0,0.0,0.0,0.0,none,True
2024-02-21 17:00:00,2024-02-21,17,21.4,30,17.8,0.0,0.0,13.7,0.0,0.0,0.0,0.0,none,True
2024-02-21 18:00:00,2024-02-21,18,20.8,30,16.9,0.0,0.0,14.6,0.0,0.0,0.0,0.0,none,True
2024-02-21 19:00:00,2024-02-21,19,19.6,32,16.1,0.0,0.0,12.1,0.0,0.0,0.0,0.0,none,False
2024-02-21 20:00:00,2024-02-21,20,18.5,34,15.0,0.0,0.0,12.7,0.0,0.0,0.0,0.0,none,False
2024-02-21 21:00:00,2024-02-21,21,17.1,45,13.0,0.0,0.0,20.0,0.0,0.0,0.0,0.0,none,False
2024-02-21 22:00:00,2024-02-21,22,15.8,53,11.9,0.0,0.0,20.0,0.0,0.0,0.0,0.0,none,False
2024-02-21 23:00:00,2024-02-21,23,14.8,57,11.4,0.0,0.0,16.9,0.0,0.0,0.0,0.0,none,False
2024-02-22 00:00:00,2024-02-22,0,14.0,61,11.1,0.0,0.0,13.8,0.0,0.0,0.0,0.0,none,False
2024-02-22 01:00:00,2024-02-22,1,13.2,65,10.7,0.0,0.0,11.5,0.0,0.0,0.0,0.0,none,False
2024-02-22 02:00:00,2024-02-22,2,12.5,69,10.4,0.0,0.0,9.4,0.0,0.0,0.0,0.0,none,False
2024-02-22 03:00:00,2024-02-22,3,11.8,73,9.9,0.0,0.0,7.9,0.0,0.0,0.0,0.0,none,False
2024-02-22 04:00:00,2024-02-22,4,11.2,76,9.3,0.0,0.0,8.2,0.0,0.0,0.0,0.0,none,False
2024-02-22 05:00:00,2024-02-22,5,10.7,78,8.7,0.0,0.0,8.4,0.0,0.0,0.0,0.0,none,False
2024-02-22 06:00:00,2024-02-22,6,10.4,80,8.4,0.0,0.0,8.4,0.0,0.0,0.0,0.0,none,False
2024-02-22 07:00:00,2024-02-22,7,10.0,82,8.1,0.0,0.0,8.0,0.0,0.0,0.0,0.0,none,True
2024-02-22 08:00:00,2024-02-22,8,10.1,81,8.1,0.0,0.0,8.8,0.0,0.0,0.0,0.0,none,True
2024-02-22 09:00:00,2024-02-22,9,12.4,69,10.1,0.0,0.0,10.4,0.0,0.0,0.0,0.0,none,True
2024-02-22 10:00:00,2024-02-22,10,15.3,57,12.5,0.0,0.0,13.8,0.0,0.0,0.0,0.0,none,False
2024-02-22 11:00:00,2024-02-22,11,17.5,50,14.0,0.0,0.0,18.3,0.0,0.0,0.0,0.0,none,False
2024-02-22 12:00:00,2024-02-22,12,19.0,44,15.7,0.0,0.0,20.9,0.0,0.0,0.0,0.0,none,False
2024-02-22 13:00:00,2024-02-22,13,20.2,40,17.2,0.0,0.0,20.9,0.0,0.0,0.0,0.0,none,False
2024-02-22 14:00:00,2024-02-22,14,21.3,36,18.4,0.0,0.0,19.9,0.0,0.0,0.0,0.0,none,False
2024-02-22 15:00:00,2024-02-22,15,22.0,34,18.6,0.0,0.0,20.4,0.0,0.0,0.0,0.0,none,False
2024-02-22 16:00:00,2024-02-22,16,22.1,34,18.2,0.0,0.0,19.9,0.0,0.0,0.0,0.0,none,True
2024-02-22 17:00:00,2024-02-22,17,22.0,35,18.0,0.0,0.0,20.4,0.0,0.0,0.0,0.0,none,True
2024-02-22 18:00:00,2024-02-22,18,21.2,37,17.2,0.0,0.0,20.8,0.0,0.0,0.0,0.0,none,True
2024-02-22 19:00:00,2024-02-22,19,19.6,42,15.6,0.0,0.0,21.1,0.0,0.0,0.0,0.0,none,False
2024-02-22 20:00:00,2024-02-22,20,18.5,45,14.4,0.0,0.0,21.7,0.0,0.0,0.0,0.0,none,False
2024-02-22 21:00:00,2024-02-22,21,17.6,48,13.6,0.0,0.0,21.5,0.0,0.0,0.0,0.0,none,False
2024-02-22 22:00:00,2024-02-22,22,16.6,52,12.8,0.0,0.0,21.1,0.0,0.0,0.0,0.0,none,False
2024-02-22 23:00:00,2024-02-22,23,15.9,57,12.2,0.0,0.0,20.2,0.0,0.0,0.0,0.0,none,False
2024-02-23 00:00:00,2024-02-23,0,14.9,62,11.7,0.0,0.0,18.6,0.0,0.0,0.0,0.0,none,False
2024-02-23 01:00:00,2024-02-23,1,14.4,65,11.3,0.0,0.0,17.8,0.0,0.0,0.0,0.0,none,False
2024-02-23 02:00:00,2024-02-23,2,13.9,67,11.0,0.0,0.0,16.3,0.0,0.0,0.0,0.0,none,False
2024-02-23 03:00:00,2024-02-23,3,13.4,70,10.5,0.0,0.0,16.0,0.0,0.0,0.0,0.0,none,False
2024-02-23 04:00:00,2024-02-23,4,13.3,69,10.1,0.0,0.0,17.7,0.0,0.0,0.0,0.0,none,False
2024-02-23 05:00:00,2024-02-23,5,12.9,71,9.9,0.0,0.0,16.5,0.0,0.0,0.0,0.0,none,False
2024-02-23 06:00:00,2024-02-23,6,12.6,74,9.5,0.0,0.0,17.4,0.0,0.0,0.0,0.0,none,False
2024-02-23 07:00:00,2024-02-23,7,12.4,76,9.3,0.0,0.0,18.3,0.0,0.0,0.0,0.0,none,True
2024-02-23 08:00:00,2024-02-23,8,12.6,76,9.3,0.0,0.0,19.4,0.0,0.0,0.0,0.0,none,True
2024-02-23 09:00:00,2024-02-23,9,13.6,71,11.0,0.0,0.0,15.4,0.0,0.0,0.0,0.0,none,True
2024-02-23 10:00:00,2024-02-23,10,14.9,64,11.7,0.0,0.0,18.6,0.0,0.0,0.0,0.0,none,False
2024-02-23 11:00:00,2024-02-23,11,16.0,61,12.3,0.0,0.0,22.9,0.0,0.0,0.0,0.0,none,False
2024-02-23 12:00:00,2024-02-23,12,18.8,51,14.4,0.0,0.0,26.9,0.0,0.0,0.0,0.0,none,False
2024-02-23 13:00:00,2024-02-23,13,19.5,48,15.3,0.0,0.0,25.8,0.0,0.0,0.0,0.0,none,False
2024-02-23 14:00:00,2024-02-23,14,19.5,48,15.2,0.0,0.0,25.3,0.0,0.0,0.0,0.0,none,False
2024-02-23 15:00:00,2024-02-23,15,20.4,44,16.4,0.0,0.0,23.5,0.0,0.0,0.0,0.0,none,False
2024-02-23 16:00:00,2024-02-23,16,20.0,47,16.3,0.0,0.0,22.4,0.0,0.0,0.0,0.0,none,True
2024-02-23 17:00:00,2024-02-23,17,19.8,47,16.0,0.0,0.0,22.9,0.0,0.0,0.0,0.0,none,True
2024-02-23 18:00:00,2024-02-23,18,19.1,50,15.3,0.0,0.0,23.7,0.0,0.0,0.0,0.0,none,True
2024-02-23 19:00:00,2024-02-23,19,18.2,55,14.9,0.0,0.0,21.1,0.0,0.0,0.0,0.0,none,False
2024-02-23 20:00:00,2024-02-23,20,17.6,58,14.7,0.0,0.0,18.8,0.0,0.0,0.0,0.0,none,False
2024-02-23 21:00:00,2024-02-23,21,17.0,62,14.4,0.0,0.0,17.7,0.0,0.0,0.0,0.0,none,False
2024-02-23 22:00:00,2024-02-23,22,16.6,65,14.2,0.0,0.0,16.5,0.0,0.0,0.0,0.0,none,False
2024-02-23 23:00:00,2024-02-23,23,15.9,71,13.9,0.0,0.0,14.3,0.0,0.0,0.0,0.0,none,False
2024-02-24 00:00:00,2024-02-24,0,15.4,74,13.7,0.0,0.0,13.4,0.0,0.0,0.0,0.0,none,False
2024-02-24 01:00:00,2024-02-24,1,15.2,76,13.4,0.0,0.0,15.3,0.0,0.0,0.0,0.0,none,False
2024-02-24 02:00:00,2024-02-24,2,14.6,81,12.9,0.0,0.0,14.1,0.0,0.0,0.0,0.0,none,False
2024-02-24 03:00:00,2024-02-24,3,14.2,84,12.6,0.0,0.0,14.5,0.0,0.0,0.0,0.0,none,False
2024-02-24 04:00:00,2024-02-24,4,15.1,76,14.0,0.0,0.0,9.9,0.0,0.0,0.0,0.0,none,False
2024-02-24 05:00:00,2024-02-24,5,14.2,83,12.8,0.0,0.0,12.5,0.0,0.0,0.0,0.0,none,False
2024-02-24 06:00:00,2024-02-24,6,13.5,90,12.1,0.0,0.0,13.9,0.0,0.0,0.0,0.0,none,False
2024-02-24 07:00:00,2024-02-24,7,12.8,95,12.0,0.0,0.0,9.4,0.0,0.0,0.0,0.0,none,True
2024-02-24 08:00:00,2024-02-24,8,13.0,95,12.2,0.0,0.0,10.1,0.0,0.0,0.0,0.0,none,True
2024-02-24 09:00:00,2024-02-24,9,14.9,84,13.9,0.0,0.0,11.1,0.0,0.0,0.0,0.0,none,True
2024-02-24 10:00:00,2024-02-24,10,16.9,72,15.9,0.0,0.0,11.2,0.0,0.0,0.0,0.0,none,False
2024-02-24 11:00:00,2024-02-24,11,18.9,59,17.1,0.0,0.0,13.7,0.0,0.0,0.0,0.0,none,False
2024-02-24 12:00:00,2024-02-24,12,20.6,48,19.4,0.0,0.0,12.2,0.0,0.0,0.0,0.0,none,False
2024-02-24 13:00:00,2024-02-24,13,22.0,40,20.9,0.0,0.0,11.4,0.0,0.0,0.0,0.0,none,False
2024-02-24 14:00:00,2024-02-24,14,22.6,36,20.4,0.0,0.0,12.3,0.0,0.0,0.0,0.0,none,False
2024-02-24 15:00:00,2024-02-24,15,23.1,34,20.3,0.0,0.0,13.8,0.0,0.0,0.0,0.0,none,False
2024-02-24 16:00:00,2024-02-24,16,23.5,33,20.4,0.0,0.0,14.5,0.0,0.0,0.0,0.0,none,True
2024-02-24 17:00:00,2024-02-24,17,23.4,32,19.9,0.0,0.0,16.9,0.0,0.0,0.0,0.0,none,True
2024-02-24 18:00:00,2024-02-24,18,22.6,34,18.8,0.0,0.0,19.3,0.0,0.0,0.0,0.0,none,True
2024-02-24 19:00:00,2024-02-24,19,21.1,36,17.4,0.0,0.0,17.8,0.0,0.0,0.0,0.0,none,False
2024-02-24 20:00:00,2024-02-24,20,19.9,39,16.2,0.0,0.0,17.4,0.0,0.0,0.0,0.0,none,False
2024-02-24 21:00:00,2024-02-24,21,18.5,45,15.1,0.0,0.0,17.7,0.0,0.0,0.0,0.0,none,False
2024-02-24 22:00:00,2024-02-24,22,17.2,56,14.4,0.0,0.0,16.0,0.0,0.0,0.0,0.0,none,False
2024-02-24 23:00:00,2024-02-24,23,16.0,66,14.1,0.0,0.0,12.8,0.0,0.0,0.0,0.0,none,False
2024-02-25 00:00:00,2024-02-25,0,14.9,75,13.6,0.0,0.0,10.0,0.0,0.0,0.0,0.0,none,False
2024-02-25 01:00:00,2024-02-25,1,13.8,83,12.8,0.0,0.0,8.5,0.0,0.0,0.0,0.0,none,False
2024-02-25 02:00:00,2024-02-25,2,12.9,90,12.1,0.0,0.0,8.4,0.0,0.0,0.0,0.0,none,False
2024-02-25 03:00:00,2024-02-25,3,12.4,94,11.7,0.0,0.0,7.9,0.0,0.0,0.0,0.0,none,False
2024-02-25 04:00:00,2024-02-25,4,12.6,93,11.7,0.0,0.0,9.4,0.0,0.0,0.0,0.0,none,False
2024-02-25 05:00:00,2024-02-25,5,12.6,93,11.8,0.0,0.0,8.8,0.0,0.0,0.0,0.0,none,False
2024-02-25 06:00:00,2024-02-25,6,12.9,92,11.9,0.0,0.0,10.2,0.0,0.0,0.0,0.0,none,False
2024-02-25 07:00:00,2024-02-25,7,13.4,90,12.3,0.0,0.0,11.7,0.0,0.0,0.0,0.0,none,True
2024-02-25 08:00:00,2024-02-25,8,13.9,87,12.4,0.0,0.0,13.8,0.0,0.0,0.0,0.0,none,True
2024-02-25 09:00:00,2024-02-25,9,14.6,81,13.0,0.0,0.0,13.9,0.0,0.0,0.0,0.0,none,True
2024-02-25 10:00:00,2024-02-25,10,16.2,71,14.5,0.0,0.0,13.2,0.0,0.0,0.0,0.0,none,False
2024-02-25 11:00:00,2024-02-25,11,18.0,60,16.0,0.0,0.0,14.3,0.0,0.0,0.0,0.0,none,False
2024-02-25 12:00:00,2024-02-25,12,19.8,51,18.0,0.0,0.0,15.1,0.0,0.0,0.0,0.0,none,False
2024-02-25 13:00:00,2024-02-25,13,21.1,43,19.5,0.0,0.0,15.1,0.0,0.0,0.0,0.0,none,False
2024-02-25 14:00:00,2024-02-25,14,22.1,37,20.3,0.0,0.0,15.1,0.0,0.0,0.0,0.0,none,False
2024-02-25 15:00:00,2024-02-25,15,22.9,33,20.6,0.0,0.0,14.1,0.0,0.0,0.0,0.0,none,False
2024-02-25 16:00:00,2024-02-25,16,23.1,30,20.3,0.0,0.0,11.8,0.0,0.0,0.0,0.0,none,True
2024-02-25 17:00:00,2024-02-25,17,23.0,29,19.7,0.0,0.0,12.5,0.0,0.0,0.0,0.0,none,True
2024-02-25 18:00:00,2024-02-25,18,22.2,31,19.0,0.0,0.0,12.8,0.0,0.0,0.0,0.0,none,True
2024-02-25 19:00:00,2024-02-25,19,21.0,34,18.1,0.0,0.0,10.5,0.0,0.0,0.0,0.0,none,False
2024-02-25 20:00:00,2024-02-25,20,19.9,39,17.3,0.0,0.0,9.8,0.0,0.0,0.0,0.0,none,False
2024-02-25 21:00:00,2024-02-25,21,18.9,43,16.4,0.0,0.0,10.7,0.0,0.0,0.0,0.0,none,False
2024-02-25 22:00:00,2024-02-25,22,18.1,47,15.5,0.0,0.0,11.6,0.0,0.0,0.0,0.0,none,False
2024-02-25 23:00:00,2024-02-25,23,17.0,51,14.7,0.0,0.0,10.4,0.0,0.0,0.0,0.0,none,False
2024-02-26 00:00:00,2024-02-26,0,16.0,58,13.4,0.0,0.0,14.4,0.0,0.0,0.0,0.0,none,False
2024-02-26 01:00:00,2024-02-26,1,15.1,67,12.7,0.0,0.0,15.0,0.0,0.0,0.0,0.0,none,False
2024-02-26 02:00:00,2024-02-26,2,14.4,71,12.6,0.0,0.0,10.2,0.0,0.0,0.0,0.0,none,False
2024-02-26 03:00:00,2024-02-26,3,13.1,76,11.9,0.0,0.0,5.6,0.0,0.0,0.0,0.0,none,False
2024-02-26 04:00:00,2024-02-26,4,12.4,81,11.2,0.0,0.0,6.9,0.0,0.0,0.0,0.0,none,False
2024-02-26 05:00:00,2024-02-26,5,12.1,81,10.8,0.0,0.0,7.0,0.0,0.0,0.0,0.0,none,False
2024-02-26 06:00:00,2024-02-26,6,11.7,83,10.1,0.0,0.0,9.0,0.0,0.0,0.0,0.0,none,False
2024-02-26 07:00:00,2024-02-26,7,11.1,82,9.2,0.0,0.0,10.1,0.0,0.0,0.0,0.0,none,True
2024-02-26 08:00:00,2024-02-26,8,12.4,63,10.0,0.0,0.0,8.7,0.0,0.0,0.0,0.0,none,True
2024-02-26 09:00:00,2024-02-26,9,15.8,44,12.2,0.0,0.0,13.7,0.0,0.0,0.0,0.0,none,True
2024-02-26 10:00:00,2024-02-26,10,19.1,34,15.4,0.0,0.0,14.4,0.0,0.0,0.0,0.0,none,False
2024-02-26 11:00:00,2024-02-26,11,21.5,30,17.5,0.0,0.0,16.2,0.0,0.0,0.0,0.0,none,False
2024-02-26 12:00:00,2024-02-26,12,23.4,26,20.0,0.0,0.0,16.6,0.0,0.0,0.0,0.0,none,False
2024-02-26 13:00:00,2024-02-26,13,24.9,22,21.7,0.0,0.0,16.7,0.0,0.0,0.0,0.0,none,False
2024-02-26 14:00:00,2024-02-26,14,25.8,19,22.3,0.0,0.0,17.8,0.0,0.0,0.0,0.0,none,False
2024-02-26 15:00:00,2024-02-26,15,26.2,18,22.1,0.0,0.0,18.5,0.0,0.0,0.0,0.0,none,False
2024-02-26 16:00:00,2024-02-26,16,26.3,18,21.9,0.0,0.0,16.4,0.0,0.0,0.0,0.0,none,True
2024-02-26 17:00:00,2024-02-26,17,26.2,17,21.7,0.0,0.0,16.1,0.0,0.0,0.0,0.0,none,True
2024-02-26 18:00:00,2024-02-26,18,25.5,18,20.6,0.0,0.0,17.8,0.0,0.0,0.0,0.0,none,True
2024-02-26 19:00:00,2024-02-26,19,23.5,22,19.5,0.0,0.0,13.0,0.0,0.0,0.0,0.0,none,False
2024-02-26 20:00:00,2024-02-26,20,22.4,24,18.2,0.0,0.0,14.8,0.0,0.0,0.0,0.0,none,False
2024-02-26 21:00:00,2024-02-26,21,19.9,35,15.1,0.0,0.0,23.0,0.0,0.0,0.0,0.0,none,False
2024-02-26 22:00:00,2024-02-26,22,17.9,52,14.8,0.0,0.0,17.3,0.0,0.0,0.0,0.0,none,False
2024-02-26 23:00:00,2024-02-26,23,16.7,62,14.8,0.0,0.0,12.1,0.0,0.0,0.0,0.0,none,False
2024-02-27 00:00:00,2024-02-27,0,15.9,63,14.4,0.0,0.0,8.7,0.0,0.0,0.0,0.0,none,False
2024-02-27 01:00:00,2024-02-27,1,15.2,60,13.3,0.0,0.0,8.7,0.0,0.0,0.0,0.0,none,False
2024-02-27 02:00:00,2024-02-27,2,13.7,70,12.3,0.0,0.0,6.6,0.0,0.0,0.0,0.0,none,False
2024-02-27 03:00:00,2024-02-27,3,13.1,75,11.7,0.0,0.0,7.6,0.0,0.0,0.0,0.0,none,False
2024-02-27 04:00:00,2024-02-27,4,14.1,66,13.0,0.0,0.0,3.4,0.0,0.0,0.0,0.0,none,False
2024-02-27 05:00:00,2024-02-27,5,11.5,79,10.1,0.0,0.0,6.0,0.0,0.0,0.0,0.0,none,False
2024-02-27 06:00:00,2024-02-27,6,11.6,76,10.2,0.0,0.0,5.4,0.0,0.0,0.0,0.0,none,False
2024-02-27 07:00:00,2024-02-27,7,10.9,78,9.2,0.0,0.0,6.8,0.0,0.0,0.0,0.0,none,True
2024-02-27 08:00:00,2024-02-27,8,11.0,76,9.0,0.0,0.0,8.4,0.0,0.0,0.0,0.0,none,True
2024-02-27 09:00:00,2024-02-27,9,13.4,65,11.3,0.0,0.0,9.7,0.0,0.0,0.0,0.0,none,True
2024-02-27 10:00:00,2024-02-27,10,15.9,56,13.9,0.0,0.0,8.4,0.0,0.0,0.0,0.0,none,False
2024-02-27 11:00:00,2024-02-27,11,18.4,47,16.2,0.0,0.0,9.2,0.0,0.0,0.0,0.0,none,False
2024-02-27 12:00:00,2024-02-27,12,20.7,36,18.1,0.0,0.0,14.7,0.0,0.0,0.0,0.0,none,False
2024-02-27 13:00:00,2024-02-27,13,22.1,31,18.9,0.0,0.0,18.4,0.0,0.0,0.0,0.0,none,False
2024-02-27 14:00:00,2024-02-27,14,22.1,31,18.0,0.0,0.0,18.8,0.0,0.0,0.0,0.0,none,False
2024-02-27 15:00:00,2024-02-27,15,22.0,33,18.2,0.0,0.0,16.8,0.0,0.0,0.0,0.0,none,False
2024-02-27 16:00:00,2024-02-27,16,21.9,33,18.2,0.0,0.0,16.4,0.0,0.0,0.0,0.0,none,True
2024-02-27 17:00:00,2024-02-27,17,21.4,36,18.0,0.0,0.0,15.6,0.0,0.0,0.0,0.0,none,True
2024-02-27 18:00:00,2024-02-27,18,20.7,41,17.6,0.0,0.0,15.9,0.0,0.0,0.0,0.0,none,True
2024-02-27 19:00:00,2024-02-27,19,20.0,45,17.6,0.0,0.0,12.7,0.0,0.0,0.0,0.0,none,False
2024-02-27 20:00:00,2024-02-27,20,19.0,49,17.3,0.0,0.0,8.4,0.0,0.0,0.0,0.0,none,False
2024-02-27 21:00:00,2024-02-27,21,18.2,53,16.3,0.0,0.0,10.0,0.0,0.0,0.0,0.0,none,False
2024-02-27 22:00:00,2024-02-27,22,17.4,57,15.3,0.0,0.0,11.9,0.0,0.0,0.0,0.0,none,False
2024-02-27 23:00:00,2024-02-27,23,16.1,65,14.3,0.0,0.0,11.2,0.0,0.0,0.0,0.0,none,False
2024-02-28 00:00:00,2024-02-28,0,15.1,73,13.7,0.0,0.0,10.6,0.0,0.0,0.0,0.0,none,False
2024-02-28 01:00:00,2024-02-28,1,14.2,79,13.2,0.0,0.0,8.4,0.0,0.0,0.0,0.0,none,False
2024-02-28 02:00:00,2024-02-28,2,13.4,85,12.6,0.0,0.0,6.9,0.0,0.0,0.0,0.0,none,False
2024-02-28 03:00:00,2024-02-28,3,12.6,89,12.0,0.0,0.0,6.5,0.0,0.0,0.0,0.0,none,False
2024-02-28 04:00:00,2024-02-28,4,12.6,90,12.1,0.0,0.0,6.4,0.0,0.0,0.0,0.0,none,False
2024-02-28 05:00:00,2024-02-28,5,12.2,91,11.5,0.0,0.0,6.3,0.0,0.0,0.0,0.0,none,False
2024-02-28 06:00:00,2024-02-28,6,11.8,92,11.0,0.0,0.0,5.8,0.0,0.0,0.0,0.0,none,False
2024-02-28 07:00:00,2024-02-28,7,11.2,93,10.5,0.0,0.0,5.9,0.0,0.0,0.0,0.0,none,True
2024-02-28 08:00:00,2024-02-28,8,11.7,92,11.1,0.0,0.0,5.4,0.0,0.0,0.0,0.0,none,True
2024-02-28 09:00:00,2024-02-28,9,14.3,82,13.4,0.0,0.0,8.8,0.0,0.0,0.0,0.0,none,True
2024-02-28 10:00:00,2024-02-28,10,16.4,74,14.9,0.0,0.0,13.9,0.0,0.0,0.0,0.0,none,False
2024-02-28 11:00:00,2024-02-28,11,18.8,62,16.5,0.0,0.0,18.0,0.0,0.0,0.0,0.0,none,False
2024-02-28 12:00:00,2024-02-28,12,20.5,52,18.6,0.0,0.0,16.9,0.0,0.0,0.0,0.0,none,False
2024-02-28 13:00:00,2024-02-28,13,22.0,44,20.6,0.0,0.0,16.1,0.0,0.0,0.0,0.0,none,False
2024-02-28 14:00:00,2024-02-28,14,23.1,39,21.3,0.0,0.0,16.9,0.0,0.0,0.0,0.0,none,False
2024-02-28 15:00:00,2024-02-28,15,23.9,34,21.5,0.0,0.0,17.4,0.0,0.0,0.0,0.0,none,False
2024-02-28 16:00:00,2024-02-28,16,24.2,30,20.7,0.0,0.0,17.9,0.0,0.0,0.0,0.0,none,True
2024-02-28 17:00:00,2024-02-28,17,24.0,28,19.9,0.0,0.0,19.2,0.0,0.0,0.0,0.0,none,True
2024-02-28 18:00:00,2024-02-28,18,23.2,30,19.1,0.0,0.0,19.4,0.0,0.0,0.0,0.0,none,True
2024-02-28 19:00:00,2024-02-28,19,21.9,34,18.3,0.0,0.0,16.4,0.0,0.0,0.0,0.0,none,False
2024-02-28 20:00:00,2024-02-28,20,20.9,37,17.6,0.0,0.0,15.4,0.0,0.0,0.0,0.0,none,False
2024-02-28 21:00:00,2024-02-28,21,19.9,42,16.7,0.0,0.0,15.7,0.0,0.0,0.0,0.0,none,False
2024-02-28 22:00:00,2024-02-28,22,18.3,52,14.9,0.0,0.0,20.1,0.0,0.0,0.0,0.0,none,False
2024-02-28 23:00:00,2024-02-28,23,16.9,60,13.7,0.0,0.0,20.0,0.0,0.0,0.0,0.0,none,False
2024-02-29 00:00:00,2024-02-29,0,15.7,67,12.9,0.0,0.0,18.5,0.0,0.0,0.0,0.0,none,False
2024-02-29 01:00:00,2024-02-29,1,14.8,74,12.2,0.0,0.0,18.4,0.0,0.0,0.0,0.0,none,False
2024-02-29 02:00:00,2024-02-29,2,14.1,80,11.6,0.0,0.0,18.0,0.0,0.0,0.0,0.0,none,False
2024-02-29 03:00:00,2024-02-29,3,13.5,84,11.3,0.0,0.0,17.1,0.0,0.0,0.0,0.0,none,False
2024-02-29 04:00:00,2024-02-29,4,13.4,86,11.2,0.0,0.0,16.8,0.0,0.0,0.0,0.0,none,False
2024-02-29 05:00:00,2024-02-29,5,13.1,84,10.8,0.0,0.0,16.6,0.0,0.0,0.0,0.0,none,False
2024-02-29 06:00:00,2024-02-29,6,12.8,81,10.2,0.0,0.0,17.6,0.0,0.0,0.0,0.0,none,False
2024-02-29 07:00:00,2024-02-29,7,12.6,80,10.0,0.0,0.0,16.7,0.0,0.0,0.0,0.0,none,True
2024-02-29 08:00:00,2024-02-29,8,13.0,76,10.2,0.0,0.0,17.4,0.0,0.0,0.0,0.0,none,True
2024-02-29 09:00:00,2024-02-29,9,15.6,63,13.2,0.0,0.0,14.5,0.0,0.0,0.0,0.0,none,True
2024-02-29 10:00:00,2024-02-29,10,19.0,48,16.9,0.0,0.0,11.0,0.0,0.0,0.0,0.0,none,False
2024-02-29 11:00:00,2024-02-29,11,22.0,37,19.7,0.0,0.0,10.7,0.0,0.0,0.0,0.0,none,False
2024-02-29 12:00:00,2024-02-29,12,24.7,26,22.6,0.0,0.0,11.4,0.0,0.0,0.0,0.0,none,False
2024-02-29 13:00:00,2024-02-29,13,26.6,18,24.4,0.0,0.0,10.8,0.0,0.0,0.0,0.0,none,False
2024-02-29 14:00:00,2024-02-29,14,27.8,15,25.5,0.0,0.0,10.0,0.0,0.0,0.0,0.0,none,False
2024-02-29 15:00:00,2024-02-29,15,28.4,14,25.7,0.0,0.0,10.1,0.0,0.0,0.0,0.0,none,False
2024-02-29 16:00:00,2024-02-29,16,28.5,13,24.5,0.0,0.0,13.5,0.0,0.0,0.0,0.0,none,True
2024-02-29 17:00:00,2024-02-29,17,28.4,13,23.6,0.0,0.0,14.8,0.0,0.0,0.0,0.0,none,True
2024-02-29 18:00:00,2024-02-29,18,27.5,12,22.3,0.0,0.0,16.8,0.0,0.0,0.0,0.0,none,True
2024-02-29 19:00:00,2024-02-29,19,25.2,14,20.0,0.0,0.0,17.6,0.0,0.0,0.0,0.0,none,False
2024-02-29 20:00:00,2024-02-29,20,23.8,15,18.5,0.0,0.0,17.6,0.0,0.0,0.0,0.0,none,False
2024-02-29 21:00:00,2024-02-29,21,21.6,22,16.4,0.0,0.0,19.9,0.0,0.0,0.0,0.0,none,False
2024-02-29 22:00:00,2024-02-29,22,19.6,32,14.7,0.0,0.0,21.6,0.0,0.0,0.0,0.0,none,False
2024-02-29 23:00:00,2024-02-29,23,18.7,32,14.1,0.0,0.0,18.9,0.0,0.0,0.0,0.0,none,False
2024-03-01 00:00:00,2024-03-01,0,18.0,32,13.5,0.0,0.0,16.9,0.0,0.0,0.0,0.0,none,False
2024-03-01 01:00:00,2024-03-01,1,17.8,29,13.6,0.0,0.0,13.5,0.0,0.0,0.0,0.0,none,False
2024-03-01 02:00:00,2024-03-01,2,17.5,27,13.9,0.0,0.0,8.0,0.0,0.0,0.0,0.0,none,False
2024-03-01 03:00:00,2024-03-01,3,16.2,30,12.4,0.0,0.0,9.8,0.0,0.0,0.0,0.0,none,False
2024-03-01 04:00:00,2024-03-01,4,14.6,38,11.2,0.0,0.0,9.6,0.0,0.0,0.0,0.0,none,False
2024-03-01 05:00:00,2024-03-01,5,15.6,37,12.7,0.0,0.0,6.6,0.0,0.0,0.0,0.0,none,False
2024-03-01 06:00:00,2024-03-01,6,15.4,39,12.5,0.0,0.0,6.8,0.0,0.0,0.0,0.0,none,False
2024-03-01 07:00:00,2024-03-01,7,15.3,40,12.4,0.0,0.0,6.9,0.0,0.0,0.0,0.0,none,True
2024-03-01 08:00:00,2024-03-01,8,14.9,42,12.0,0.0,0.0,7.3,0.0,0.0,0.0,0.0,none,True
2024-03-01 09:00:00,2024-03-01,9,18.2,34,15.5,0.0,0.0,6.7,0.0,0.0,0.0,0.0,none,True
2024-03-01 10:00:00,2024-03-01,10,22.0,26,18.9,0.0,0.0,7.7,0.0,0.0,0.0,0.0,none,False
2024-03-01 11:00:00,2024-03-01,11,25.3,18,21.0,0.0,0.0,14.1,0.0,0.0,0.0,0.0,none,False
2024-03-01 12:00:00,2024-03-01,12,27.4,15,23.3,0.0,0.0,17.4,0.0,0.0,0.0,0.0,none,False
2024-03-01 13:00:00,2024-03-01,13,28.9,14,25.3,0.0,0.0,17.2,0.0,0.0,0.0,0.0,none,False
2024-03-01 14:00:00,2024-03-01,14,29.8,13,26.4,0.0,0.0,16.2,0.0,0.0,0.0,0.0,none,False
2024-03-01 15:00:00,2024-03-01,15,30.3,12,26.7,0.0,0.0,15.5,0.0,0.0,0.0,0.0,none,False
2024-03-01 16:00:00,2024-03-01,16,29.8,13,25.9,0.0,0.0,13.2,0.0,0.0,0.0,0.0,none,True
2024-03-01 17:00:00,2024-03-01,17,29.5,13,25.6,0.0,0.0,10.5,0.0,0.0,0.0,0.0,none,True
2024-03-01 18:00:00,2024-03-01,18,28.8,14,25.2,0.0,0.0,8.2,0.0,0.0,0.0,0.0,none,True
2024-03-01 19:00:00,2024-03-01,19,26.8,16,23.7,0.0,0.0,5.8,0.0,0.0,0.0,0.0,none,False
2024-03-01 20:00:00,2024-03-01,20,24.5,20,21.2,0.0,0.0,8.4,0.0,0.0,0.0,0.0,none,False
2024-03-01 21:00:00,2024-03-01,21,23.5,20,20.7,0.0,0.0,4.6,0.0,0.0,0.0,0.0,none,False
2024-03-01 22:00:00,2024-03-01,22,22.7,20,19.2,0.0,0.0,8.0,0.0,0.0,0.0,0.0,none,False
2024-03-01 23:00:00,2024-03-01,23,22.1,20,18.1,0.0,0.0,11.4,0.0,0.0,0.0,0.0,none,False
2024-03-02 00:00:00,2024-03-02,0,21.8,21,17.4,0.0,0.0,13.6,0.0,0.0,0.0,0.0,none,False
2024-03-02 01:00:00,2024-03-02,1,20.0,24,15.7,0.0,0.0,14.2,0.0,0.0,0.0,0.0,none,False
2024-03-02 02:00:00,2024-03-02,2,18.9,28,15.4,0.0,0.0,9.1,0.0,0.0,0.0,0.0,none,False
2024-03-02 03:00:00,2024-03-02,3,18.2,29,14.4,0.0,0.0,11.4,0.0,0.0,0.0,0.0,none,False
2024-03-02 04:00:00,2024-03-02,4,17.7,35,14.5,0.0,0.0,10.1,0.0,0.0,0.0,0.0,none,False
2024-03-02 05:00:00,2024-03-02,5,16.1,57,14.4,0.0,0.0,7.3,0.0,0.0,0.0,0.0,none,False
2024-03-02 06:00:00,2024-03-02,6,14.8,72,13.4,0.0,0.0,9.3,0.0,0.0,0.0,0.0,none,False
2024-03-02 07:00:00,2024-03-02,7,14.1,80,13.2,0.0,0.0,7.6,0.0,0.0,0.0,0.0,none,True
2024-03-02 08:00:00,2024-03-02,8,14.9,79,14.4,0.0,0.0,6.2,0.0,0.0,0.0,0.0,none,True
2024-03-02 09:00:00,2024-03-02,9,16.5,70,15.4,0.0,0.0,9.6,0.0,0.0,0.0,0.0,none,True
2024-03-02 10:00:00,2024-03-02,10,18.4,57,16.8,0.0,0.0,10.2,0.0,0.0,0.0,0.0,none,False
2024-03-02 11:00:00,2024-03-02,11,20.8,42,18.6,0.0,0.0,11.5,0.0,0.0,0.0,0.0,none,False
2024-03-02 12:00:00,2024-03-02,12,23.2,27,20.2,0.0,0.0,16.1,0.0,0.0,0.0,0.0,none,False
2024-03-02 13:00:00,2024-03-02,13,24.2,24,21.0,0.0,0.0,18.9,0.0,0.0,0.0,0.0,none,False
2024-03-02 14:00:00,2024-03-02,14,24.8,24,21.8,0.0,0.0,18.4,0.0,0.0,0.0,0.0,none,False
2024-03-02 15:00:00,2024-03-02,15,25.1,25,21.7,0.0,0.0,20.0,0.0,0.0,0.0,0.0,none,False
2024-03-02 16:00:00,2024-03-02,16,24.6,26,20.6,0.0,0.0,19.7,0.0,0.0,0.0,0.0,none,True
2024-03-02 17:00:00,2024-03-02,17,24.2,24,19.7,0.0,0.0,19.5,0.0,0.0,0.0,0.0,none,True
2024-03-02 18:00:00,2024-03-02,18,23.2,24,18.7,0.0,0.0,18.5,0.0,0.0,0.0,0.0,none,True
2024-03-02 19:00:00,2024-03-02,19,21.6,27,17.7,0.0,0.0,14.4,0.0,0.0,0.0,0.0,none,False
2024-03-02 20:00:00,2024-03-02,20,20.3,31,17.1,0.0,0.0,10.2,0.0,0.0,0.0,0.0,none,False
2024-03-02 21:00:00,2024-03-02,21,19.0,35,16.4,0.0,0.0,7.2,0.0,0.0,0.0,0.0,none,False
2024-03-02 22:00:00,2024-03-02,22,17.9,40,15.1,0.0,0.0,9.1,0.0,0.0,0.0,0.0,none,False
2024-03-02 23:00:00,2024-03-02,23,16.7,46,14.0,0.0,0.0,10.5,0.0,0.0,0.0,0.0,none,False
2024-03-03 00:00:00,2024-03-03,0,15.6,52,13.2,0.0,0.0,9.7,0.0,0.0,0.0,0.0,none,False
2024-03-03 01:00:00,2024-03-03,1,14.8,58,12.8,0.0,0.0,7.7,0.0,0.0,0.0,0.0,none,False
2024-03-03 02:00:00,2024-03-03,2,13.7,64,12.0,0.0,0.0,6.4,0.0,0.0,0.0,0.0,none,False
2024-03-03 03:00:00,2024-03-03,3,12.9,71,11.3,0.0,0.0,6.7,0.0,0.0,0.0,0.0,none,False
2024-03-03 04:00:00,2024-03-03,4,12.6,75,11.2,0.0,0.0,6.8,0.0,0.0,0.0,0.0,none,False
2024-03-03 05:00:00,2024-03-03,5,12.1,82,11.0,0.0,0.0,6.7,0.0,0.0,0.0,0.0,none,False
2024-03-03 06:00:00,2024-03-03,6,11.6,88,10.5,0.0,0.0,7.7,0.0,0.0,0.0,0.0,none,False
2024-03-03 07:00:00,2024-03-03,7,12.1,87,11.1,0.0,0.0,6.5,0.0,0.0,0.0,0.0,none,True
2024-03-03 08:00:00,2024-03-03,8,12.2,90,11.8,0.0,0.0,4.4,0.0,0.0,0.0,0.0,none,True
2024-03-03 09:00:00,2024-03-03,9,14.4,80,13.8,0.0,0.0,5.8,0.0,0.0,0.0,0.0,none,True
2024-03-03 10:00:00,2024-03-03,10,17.0,69,15.6,0.0,0.0,12.7,0.0,0.0,0.0,0.0,none,False
2024-03-03 11:00:00,2024-03-03,11,18.8,56,16.9,0.0,0.0,12.7,0.0,0.0,0.0,0.0,none,False
2024-03-03 12:00:00,2024-03-03,12,20.3,47,18.6,0.0,0.0,13.0,0.0,0.0,0.0,0.0,none,False
2024-03-03 13:00:00,2024-03-03,13,21.4,41,19.3,0.0,0.0,13.2,0.0,0.0,0.0,0.0,none,False
2024-03-03 14:00:00,2024-03-03,14,22.0,37,19.3,0.0,0.0,12.9,0.0,0.0,0.0,0.0,none,False
2024-03-03 15:00:00,2024-03-03,15,22.9,34,19.6,0.0,0.0,15.1,0.0,0.0,0.0,0.0,none,False
2024-03-03 16:00:00,2024-03-03,16,22.7,34,20.4,0.0,0.0,10.6,0.0,0.0,0.0,0.0,none,True
2024-03-03 17:00:00,2024-03-03,17,22.6,33,19.9,0.0,0.0,11.3,0.0,0.0,0.0,0.0,none,True
2024-03-03 18:00:00,2024-03-03,18,22.0,34,19.2,0.0,0.0,11.4,0.0,0.0,0.0,0.0,none,True
2024-03-03 19:00:00,2024-03-03,19,20.9,37,18.4,0.0,0.0,9.7,0.0,0.0,0.0,0.0,none,False
2024-03-03 20:00:00,2024-03-03,20,19.9,41,17.5,0.0,0.0,9.5,0.0,0.0,0.0,0.0,none,False
2024-03-03 21:00:00,2024-03-03,21,18.8,45,16.0,0.0,0.0,13.7,0.0,0.0,0.0,0.0,none,False
2024-03-03 22:00:00,2024-03-03,22,17.5,49,14.7,0.0,0.0,14.0,0.0,0.0,0.0,0.0,none,False
2024-03-03 23:00:00,2024-03-03,23,16.5,55,14.4,0.0,0.0,9.4,0.0,0.0,0.0,0.0,none,False
2024-03-04 00:00:00,2024-03-04,0,15.4,60,13.9,0.0,0.0,6.5,0.0,0.0,0.0,0.0,none,False
2024-03-04 01:00:00,2024-03-04,1,14.4,66,13.2,0.0,0.0,5.2,0.0,0.0,0.0,0.0,none,False
2024-03-04 02:00:00,2024-03-04,2,13.8,69,12.5,0.0,0.0,5.5,0.0,0.0,0.0,0.0,none,False
2024-03-04 03:00:00,2024-03-04,3,12.9,74,11.4,0.0,0.0,6.6,0.0,0.0,0.0,0.0,none,False
2024-03-04 04:00:00,2024-03-04,4,12.9,71,11.5,0.0,0.0,5.8,0.0,0.0,0.0,0.0,none,False
2024-03-04 05:00:00,2024-03-04,5,13.1,70,11.9,0.0,0.0,4.7,0.0,0.0,0.0,0.0,none,False
2024-03-04 06:00:00,2024-03-04,6,13.9,66,12.9,0.0,0.0,2.3,0.0,0.0,0.0,0.0,none,False
2024-03-04 07:00:00,2024-03-04,7,13.4,68,12.8,0.0,0.0,0.5,0.0,0.0,0.0,0.0,none,True
2024-03-04 08:00:00,2024-03-04,8,12.9,72,12.2,0.0,0.0,1.1,0.0,0.0,0.0,0.0,none,True
2024-03-04 09:00:00,2024-03-04,9,14.4,66,13.6,0.0,0.0,1.4,0.0,0.0,0.0,0.0,none,True
2024-03-04 10:00:00,2024-03-04,10,16.6,58,15.6,0.0,0.0,3.7,0.0,0.0,0.0,0.0,none,False
2024-03-04 11:00:00,2024-03-04,11,18.5,50,17.1,0.0,0.0,7.0,0.0,0.0,0.0,0.0,none,False
2024-03-04 12:00:00,2024-03-04,12,20.1,42,19.1,0.0,0.0,9.1,0.0,0.0,0.0,0.0,none,False
2024-03-04 13:00:00,2024-03-04,13,21.5,37,20.7,0.0,0.0,9.1,0.0,0.0,0.0,0.0,none,False
2024-03-04 14:00:00,2024-03-04,14,22.6,33,22.0,0.0,0.0,8.0,0.0,0.0,0.0,0.0,none,False
2024-03-04 15:00:00,2024-03-04,15,23.5,31,22.4,0.0,0.0,7.4,0.0,0.0,0.0,0.0,none,False
2024-03-04 16:00:00,2024-03-04,16,23.8,29,21.9,0.0,0.0,6.6,0.0,0.0,0.0,0.0,none,True
2024-03-04 17:00:00,2024-03-04,17,23.9,28,21.6,0.0,0.0,6.2,0.0,0.0,0.0,0.0,none,True
2024-03-04 18:00:00,2024-03-04,18,23.4,29,21.1,0.0,0.0,6.4,0.0,0.0,0.0,0.0,none,True
2024-03-04 19:00:00,2024-03-04,19,22.4,32,20.2,0.0,0.0,6.2,0.0,0.0,0.0,0.0,none,False
2024-03-04 20:00:00,2024-03-04,20,21.1,36,19.0,0.0,0.0,6.9,0.0,0.0,0.0,0.0,none,False
2024-03-04 21:00:00,2024-03-04,21,19.9,41,17.9,0.0,0.0,6.4,0.0,0.0,0.0,0.0,none,False
2024-03-04 22:00:00,2024-03-04,22,18.7,45,16.7,0.0,0.0,7.7,0.0,0.0,0.0,0.0,none,False
2024-03-04 23:00:00,2024-03-04,23,17.1,55,14.2,0.0,0.0,17.0,0.0,0.0,0.0,0.0,none,False
2024-03-05 00:00:00,2024-03-05,0,15.9,68,13.4,0.0,0.0,16.4,0.0,0.0,0.0,0.0,none,False
2024-03-05 01:00:00,2024-03-05,1,15.1,72,13.4,0.0,0.0,12.1,0.0,0.0,0.0,0.0,none,False
2024-03-05 02:00:00,2024-03-05,2,14.4,76,13.0,0.0,0.0,10.7,0.0,0.0,0.0,0.0,none,False
2024-03-05 03:00:00,2024-03-05,3,13.8,80,12.4,0.0,0.0,10.7,0.0,0.0,0.0,0.0,none,False
2024-03-05 04:00:00,2024-03-05,4,12.9,83,11.9,0.0,0.0,7.6,0.0,0.0,0.0,0.0,none,False
2024-03-05 05:00:00,2024-03-05,5,12.2,85,10.8,0.0,0.0,9.3,0.0,0.0,0.0,0.0,none,False
2024-03-05 06:00:00,2024-03-05,6,11.8,83,10.2,0.0,0.0,8.6,0.0,0.0,0.0,0.0,none,False
2024-03-05 07:00:00,2024-03-05,7,11.4,80,9.9,0.0,0.0,6.5,0.0,0.0,0.0,0.0,none,True
2024-03-05 08:00:00,2024-03-05,8,11.9,74,10.3,0.0,0.0,5.6,0.0,0.0,0.0,0.0,none,True
2024-03-05 09:00:00,2024-03-05,9,15.4,59,14.1,0.0,0.0,4.6,0.0,0.0,0.0,0.0,none,True
2024-03-05 10:00:00,2024-03-05,10,19.1,46,18.0,0.0,0.0,3.1,0.0,0.0,0.0,0.0,none,False
2024-03-05 11:00:00,2024-03-05,11,21.5,35,20.1,0.0,0.0,4.1,0.0,0.0,0.0,0.0,none,False
2024-03-05 12:00:00,2024-03-05,12,23.3,27,22.1,0.0,0.0,5.6,0.0,0.0,0.0,0.0,none,False
2024-03-05 13:00:00,2024-03-05,13,24.5,23,23.5,0.0,0.0,6.2,0.0,0.0,0.0,0.0,none,False
2024-03-05 14:00:00,2024-03-05,14,25.4,21,24.6,0.0,0.0,4.6,0.0,0.0,0.0,0.0,none,False
2024-03-05 15:00:00,2024-03-05,15,26.0,19,24.9,0.0,0.0,3.1,0.0,0.0,0.0,0.0,none,False
2024-03-05 16:00:00,2024-03-05,16,26.4,21,25.0,0.0,0.0,1.1,0.0,0.0,0.0,0.0,none,True
2024-03-05 17:00:00,2024-03-05,17,26.6,20,24.2,0.0,0.0,4.9,0.0,0.0,0.0,0.0,none,True
2024-03-05 18:00:00,2024-03-05,18,26.2,21,23.2,0.0,0.0,7.8,0.0,0.0,0.0,0.0,none,True
2024-03-05 19:00:00,2024-03-05,19,24.6,22,21.2,0.0,0.0,10.6,0.0,0.0,0.0,0.0,none,False
2024-03-05 20:00:00,2024-03-05,20,23.1,23,19.5,0.0,0.0,11.5,0.0,0.0,0.0,0.0,none,False
2024-03-05 21:00:00,2024-03-05,21,21.6,28,18.9,0.0,0.0,6.7,0.0,0.0,0.0,0.0,none,False
2024-03-05 22:00:00,2024-03-05,22,21.0,26,18.1,0.0,0.0,6.4,0.0,0.0,0.0,0.0,none,False
2024-03-05 23:00:00,2024-03-05,23,19.9,30,16.4,0.0,0.0,10.9,0.0,0.0,0.0,0.0,none,False
2024-03-06 00:00:00,2024-03-06,0,19.0,37,15.9,0.0,0.0,11.2,0.0,0.0,0.0,0.0,none,False
2024-03-06 01:00:00,2024-03-06,1,18.5,39,15.2,0.0,0.0,14.1,0.0,0.0,0.0,0.0,none,False
2024-03-06 02:00:00,2024-03-06,2,17.2,44,14.7,0.0,0.0,8.4,0.0,0.0,0.0,0.0,none,False
2024-03-06 03:00:00,2024-03-06,3,15.4,53,13.1,0.0,0.0,8.6,0.0,0.0,0.0,0.0,none,False
2024-03-06 04:00:00,2024-03-06,4,14.4,74,13.3,0.0,0.0,7.4,0.0,0.0,0.0,0.0,none,False
2024-03-06 05:00:00,2024-03-06,5,13.7,89,13.4,0.0,0.0,6.2,0.0,0.0,0.0,0.0,none,False
2024-03-06 06:00:00,2024-03-06,6,13.1,95,12.8,0.0,0.0,6.6,0.0,0.0,0.0,0.0,none,False
2024-03-06 07:00:00,2024-03-06,7,12.4,97,11.9,0.0,0.0,7.9,0.0,0.0,0.0,0.0,none,True
2024-03-06 08:00:00,2024-03-06,8,13.5,96,13.9,0.0,0.0,3.8,0.0,0.0,0.0,0.0,none,True
2024-03-06 09:00:00,2024-03-06,9,15.4,84,15.5,0.0,0.0,4.3,0.0,0.0,0.0,0.0,none,True
2024-03-06 10:00:00,2024-03-06,10,17.4,67,16.9,0.0,0.0,5.8,0.0,0.0,0.0,0.0,none,False
2024-03-06 11:00:00,2024-03-06,11,19.4,51,18.1,0.0,0.0,8.2,0.0,0.0,0.0,0.0,none,False
2024-03-06 12:00:00,2024-03-06,12,21.4,40,20.0,0.0,0.0,11.7,0.0,0.0,0.0,0.0,none,False
2024-03-06 13:00:00,2024-03-06,13,22.9,30,20.6,0.0,0.0,16.1,0.0,0.0,0.0,0.0,none,False
2024-03-06 14:00:00,2024-03-06,14,23.4,29,20.7,0.0,0.0,19.1,0.0,0.0,0.0,0.0,none,False
2024-03-06 15:00:00,2024-03-06,15,23.5,31,20.6,0.0,0.0,19.0,0.0,0.0,0.0,0.0,none,False
2024-03-06 16:00:00,2024-03-06,16,23.0,32,19.6,0.0,0.0,17.4,0.0,0.0,0.0,0.0,none,True
2024-03-06 17:00:00,2024-03-06,17,22.9,31,18.8,0.0,0.0,19.6,0.0,0.0,0.0,0.0,none,True
2024-03-06 18:00:00,2024-03-06,18,22.3,31,18.0,0.0,0.0,19.8,0.0,0.0,0.0,0.0,none,True
2024-03-06 19:00:00,2024-03-06,19,20.5,37,16.4,0.0,0.0,20.6,0.0,0.0,0.0,0.0,none,False
2024-03-06 20:00:00,2024-03-06,20,19.2,44,15.4,0.0,0.0,20.7,0.0,0.0,0.0,0.0,none,False
2024-03-06 21:00:00,2024-03-06,21,18.2,49,15.5,0.0,0.0,13.8,0.0,0.0,0.0,0.0,none,False
2024-03-06 22:00:00,2024-03-06,22,17.1,53,15.1,0.0,0.0,9.4,0.0,0.0,0.0,0.0,none,False
2024-03-06 23:00:00,2024-03-06,23,16.1,58,14.5,0.0,0.0,7.1,0.0,0.0,0.0,0.0,none,False
2024-03-07 00:00:00,2024-03-07,0,15.1,64,13.9,0.0,0.0,4.8,0.0,0.0,0.0,0.0,none,False
2024-03-07 01:00:00,2024-03-07,1,14.2,70,13.1,0.0,0.0,5.5,0.0,0.0,0.0,0.0,none,False
2024-03-07 02:00:00,2024-03-07,2,13.4,76,12.4,0.0,0.0,6.2,0.0,0.0,0.0,0.0,none,False
2024-03-07 03:00:00,2024-03-07,3,12.7,81,11.5,0.0,0.0,7.2,0.0,0.0,0.0,0.0,none,False
2024-03-07 04:00:00,2024-03-07,4,12.9,85,12.0,0.0,0.0,6.6,0.0,0.0,0.0,0.0,none,False
2024-03-07 05:00:00,2024-03-07,5,12.6,87,12.0,0.0,0.0,5.1,0.0,0.0,0.0,0.0,none,False
2024-03-07 06:00:00,2024-03-07,6,11.8,91,11.0,0.0,0.0,6.1,0.0,0.0,0.0,0.0,none,False
2024-03-07 07:00:00,2024-03-07,7,11.4,92,10.6,0.0,0.0,6.3,0.0,0.0,0.0,0.0,none,True
2024-03-07 08:00:00,2024-03-07,8,12.4,89,11.8,0.0,0.0,5.8,0.0,0.0,0.0,0.0,none,True
2024-03-07 09:00:00,2024-03-07,9,14.4,79,13.7,0.0,0.0,6.4,0.0,0.0,0.0,0.0,none,True
2024-03-07 10:00:00,2024-03-07,10,16.8,69,15.8,0.0,0.0,9.0,0.0,0.0,0.0,0.0,none,False
2024-03-07 11:00:00,2024-03-07,11,18.5,57,16.8,0.0,0.0,11.0,0.0,0.0,0.0,0.0,none,False
2024-03-07 12:00:00,2024-03-07,12,19.8,49,17.8,0.1,0.1,13.0,0.1,0.1,0.1,0.1,light,False
2024-03-07 13:00:00,2024-03-07,13,20.4,46,17.9,0.0,0.0,14.5,0.0,0.1,0.1,0.1,none,False
2024-03-07 14:00:00,2024-03-07,14,21.7,41,19.2,0.0,0.0,15.0,0.0,0.1,0.1,0.1,none,False
2024-03-07 15:00:00,2024-03-07,15,22.4,37,19.5,0.0,0.0,14.9,0.0,0.0,0.1,0.1,none,False
2024-03-07 16:00:00,2024-03-07,16,22.2,36,19.7,0.0,0.0,11.0,0.0,0.0,0.1,0.1,none,True
2024-03-07 17:00:00,2024-03-07,17,21.9,36,19.3,0.0,0.0,11.3,0.0,0.0,0.1,0.1,none,True
2024-03-07 18:00:00,2024-03-07,18,21.5,36,18.9,0.0,0.0,11.0,0.0,0.0,0.0,0.1,none,True
2024-03-07 19:00:00,2024-03-07,19,20.4,39,18.2,0.0,0.0,7.9,0.0,0.0,0.0,0.1,none,False
2024-03-07 20:00:00,2024-03-07,20,19.5,42,17.5,0.0,0.0,6.9,0.0,0.0,0.0,0.1,none,False
2024-03-07 21:00:00,2024-03-07,21,18.9,43,16.8,0.0,0.0,7.1,0.0,0.0,0.0,0.1,none,False
2024-03-07 22:00:00,2024-03-07,22,17.9,45,14.8,0.0,0.0,14.3,0.0,0.0,0.0,0.1,none,False
2024-03-07 23:00:00,2024-03-07,23,16.6,48,13.9,0.0,0.0,11.2,0.0,0.0,0.0,0.1,none,False
2024-03-08 00:00:00,2024-03-08,0,15.7,54,13.2,0.0,0.0,11.0,0.0,0.0,0.0,0.1,none,False
2024-03-08 01:00:00,2024-03-08,1,15.0,70,13.1,0.0,0.0,12.2,0.0,0.0,0.0,0.1,none,False
2024-03-08 02:00:00,2024-03-08,2,14.4,75,12.9,0.0,0.0,10.8,0.0,0.0,0.0,0.1,none,False
2024-03-08 03:00:00,2024-03-08,3,13.8,78,12.3,0.0,0.0,9.8,0.0,0.0,0.0,0.1,none,False
2024-03-08 04:00:00,2024-03-08,4,13.6,78,12.4,0.0,0.0,7.6,0.0,0.0,0.0,0.1,none,False
2024-03-08 05:00:00,2024-03-08,5,12.9,80,11.9,0.0,0.0,6.5,0.0,0.0,0.0,0.1,none,False
2024-03-08 06:00:00,2024-03-08,6,12.4,81,11.3,0.0,0.0,6.3,0.0,0.0,0.0,0.1,none,False
2024-03-08 07:00:00,2024-03-08,7,11.6,83,10.6,0.0,0.0,5.3,0.0,0.0,0.0,0.1,none,True
2024-03-08 08:00:00,2024-03-08,8,11.9,79,10.8,0.0,0.0,4.8,0.0,0.0,0.0,0.1,none,True
2024-03-08 09:00:00,2024-03-08,9,15.4,62,14.4,0.0,0.0,4.0,0.0,0.0,0.0,0.1,none,True
2024-03-08 10:00:00,2024-03-08,10,17.9,49,16.4,0.0,0.0,4.8,0.0,0.0,0.0,0.1,none,False
2024-03-08 11:00:00,2024-03-08,11,19.5,39,18.0,0.0,0.0,4.7,0.0,0.0,0.0,0.1,none,False
2024-03-08 12:00:00,2024-03-08,12,21.1,34,19.7,0.0,0.0,8.4,0.0,0.0,0.0,0.0,none,False
2024-03-08 13:00:00,2024-03-08,13,22.5,29,20.4,0.0,0.0,14.3,0.0,0.0,0.0,0.0,none,False
2024-03-08 14:00:00,2024-03-08,14,23.0,28,20.4,0.0,0.0,16.1,0.0,0.0,0.0,0.0,none,False
2024-03-08 15:00:00,2024-03-08,15,23.3,27,20.3,0.0,0.0,16.7,0.0,0.0,0.0,0.0,none,False
2024-03-08 16:00:00,2024-03-08,16,23.1,27,19.3,0.0,0.0,17.1,0.0,0.0,0.0,0.0,none,True
2024-03-08 17:00:00,2024-03-08,17,22.9,26,19.2,0.0,0.0,13.9,0.0,0.0,0.0,0.0,none,True
2024-03-08 18:00:00,2024-03-08,18,22.5,27,18.9,0.0,0.0,12.5,0.0,0.0,0.0,0.0,none,True
2024-03-08 19:00:00,2024-03-08,19,21.5,29,18.3,0.0,0.0,10.1,0.0,0.0,0.0,0.0,none,False
2024-03-08 20:00:00,2024-03-08,20,20.2,31,17.0,0.0,0.0,11.1,0.0,0.0,0.0,0.0,none,False
2024-03-08 21:00:00,2024-03-08,21,18.8,37,15.4,0.0,0.0,12.6,0.0,0.0,0.0,0.0,none,False
2024-03-08 22:00:00,2024-03-08,22,17.5,41,14.6,0.0,0.0,10.4,0.0,0.0,0.0,0.0,none,False
2024-03-08 23:00:00,2024-03-08,23,16.5,45,13.5,0.0,0.0,11.0,0.0,0.0,0.0,0.0,none,False
2024-03-09 00:00:00,2024-03-09,0,15.6,47,12.3,0.0,0.0,13.6,0.0,0.0,0.0,0.0,none,False
2024-03-09 01:00:00,2024-03-09,1,14.9,51,11.7,0.0,0.0,13.4,0.0,0.0,0.0,0.0,none,False
2024-03-09 02:00:00,2024-03-09,2,14.1,61,11.4,0.0,0.0,12.9,0.0,0.0,0.0,0.0,none,False
2024-03-09 03:00:00,2024-03-09,3,13.4,69,10.9,0.0,0.0,13.5,0.0,0.0,0.0,0.0,none,False
2024-03-09 04:00:00,2024-03-09,4,13.2,71,11.0,0.0,0.0,11.9,0.0,0.0,0.0,0.0,none,False
2024-03-09 05:00:00,2024-03-09,5,12.8,71,10.5,0.0,0.0,11.2,0.0,0.0,0.0,0.0,none,False
2024-03-09 06:00:00,2024-03-09,6,12.4,68,9.9,0.0,0.0,11.2,0.0,0.0,0.0,0.0,none,False
2024-03-09 07:00:00,2024-03-09,7,12.1,65,9.5,0.0,0.0,10.8,0.0,0.0,0.0,0.0,none,True
2024-03-09 08:00:00,2024-03-09,8,13.1,58,10.2,0.0,0.0,11.2,0.0,0.0,0.0,0.0,none,True
2024-03-09 09:00:00,2024-03-09,9,16.2,44,13.3,0.0,0.0,9.9,0.0,0.0,0.0,0.0,none,True
2024-03-09 10:00:00,2024-03-09,10,18.5,36,15.0,0.0,0.0,13.1,0.0,0.0,0.0,0.0,none,False
2024-03-09 11:00:00,2024-03-09,11,19.8,34,16.5,0.0,0.0,14.0,0.0,0.0,0.0,0.0,none,False
2024-03-09 12:00:00,2024-03-09,12,21.0,30,18.5,0.0,0.0,12.5,0.0,0.0,0.0,0.0,none,False
2024-03-09 13:00:00,2024-03-09,13,22.0,28,20.2,0.0,0.0,11.5,0.0,0.0,0.0,0.0,none,False
2024-03-09 14:00:00,2024-03-09,14,23.0,26,21.2,0.0,0.0,10.9,0.0,0.0,0.0,0.0,none,False
2024-03-09 15:00:00,2024-03-09,15,23.5,24,21.3,0.0,0.0,11.7,0.0,0.0,0.0,0.0,none,False
2024-03-09 16:00:00,2024-03-09,16,23.6,25,20.5,0.0,0.0,11.8,0.0,0.0,0.0,0.0,none,True
2024-03-09 17:00:00,2024-03-09,17,23.5,26,20.1,0.0,0.0,12.0,0.0,0.0,0.0,0.0,none,True
2024-03-09 18:00:00,2024-03-09,18,23.0,27,19.6,0.0,0.0,12.1,0.0,0.0,0.0,0.0,none,True
2024-03-09 19:00:00,2024-03-09,19,21.9,31,18.4,0.0,0.0,14.0,0.0,0.0,0.0,0.0,none,False
2024-03-09 20:00:00,2024-03-09,20,21.1,33,17.9,0.0,0.0,12.6,0.0,0.0,0.0,0.0,none,False
2024-03-09 21:00:00,2024-03-09,21,20.2,36,17.3,0.0,0.0,11.6,0.0,0.0,0.0,0.0,none,False
2024-03-09 22:00:00,2024-03-09,22,18.5,43,15.1,0.0,0.0,16.3,0.0,0.0,0.0,0.0,none,False
2024-03-09 23:00:00,2024-03-09,23,16.7,56,12.9,0.0,0.0,22.1,0.0,0.0,0.0,0.0,none,False
2024-03-10 00:00:00,2024-03-10,0,15.9,60,12.8,0.0,0.0,17.9,0.0,0.0,0.0,0.0,none,False
2024-03-10 01:00:00,2024-03-10,1,15.1,61,12.1,0.0,0.0,16.9,0.0,0.0,0.0,0.0,none,False
2024-03-10 02:00:00,2024-03-10,2,14.4,64,11.6,0.0,0.0,15.4,0.0,0.0,0.0,0.0,none,False
2024-03-10 03:00:00,2024-03-10,3,13.6,68,10.9,0.0,0.0,15.2,0.0,0.0,0.0,0.0,none,False
2024-03-10 04:00:00,2024-03-10,4,12.8,70,10.0,0.0,0.0,14.6,0.0,0.0,0.0,0.0,none,False
2024-03-10 05:00:00,2024-03-10,5,12.2,73,9.6,0.0,0.0,13.4,0.0,0.0,0.0,0.0,none,False
2024-03-10 06:00:00,2024-03-10,6,11.6,77,9.1,0.0,0.0,13.5,0.0,0.0,0.0,0.0,none,False
2024-03-10 07:00:00,2024-03-10,7,11.1,81,8.7,0.0,0.0,12.7,0.0,0.0,0.0,0.0,none,True
2024-03-10 08:00:00,2024-03-10,8,11.6,80,9.2,0.0,0.0,13.7,0.0,0.0,0.0,0.0,none,True
2024-03-10 09:00:00,2024-03-10,9,13.8,72,11.5,0.0,0.0,13.9,0.0,0.0,0.0,0.0,none,True
2024-03-10 10:00:00,2024-03-10,10,16.4,62,13.7,0.0,0.0,17.3,0.0,0.0,0.0,0.0,none,False
2024-03-10 11:00:00,2024-03-10,11,18.5,53,15.8,0.0,0.0,17.7,0.0,0.0,0.0,0.0,none,False
2024-03-10 12:00:00,2024-03-10,12,20.1,43,18.2,0.0,0.0,15.8,0.0,0.0,0.0,0.0,none,False
2024-03-10 13:00:00,2024-03-10,13,21.6,35,19.8,0.0,0.0,15.3,0.0,0.0,0.0,0.0,none,False
2024-03-10 14:00:00,2024-03-10,14,23.0,28,20.7,0.0,0.0,15.7,0.0,0.0,0.0,0.0,none,False
2024-03-10 15:00:00,2024-03-10,15,23.8,26,21.0,0.0,0.0,16.7,0.0,0.0,0.0,0.0,none,False
2024-03-10 16:00:00,2024-03-10,16,23.2,27,19.7,0.0,0.0,17.3,0.0,0.0,0.0,0.0,none,True
2024-03-10 17:00:00,2024-03-10,17,23.2,27,19.2,0.0,0.0,16.3,0.0,0.0,0.0,0.0,none,True
2024-03-10 18:00:00,2024-03-10,18,22.5,28,18.6,0.0,0.0,16.3,0.0,0.0,0.0,0.0,none,True
2024-03-10 19:00:00,2024-03-10,19,21.4,30,17.6,0.0,0.0,15.2,0.0,0.0,0.0,0.0,none,False
2024-03-10 20:00:00,2024-03-10,20,20.0,33,15.5,0.0,0.0,19.5,0.0,0.0,0.0,0.0,none,False
2024-03-10 21:00:00,2024-03-10,21,18.2,42,14.3,0.0,0.0,18.8,0.0,0.0,0.0,0.0,none,False
2024-03-10 22:00:00,2024-03-10,22,17.1,49,14.1,0.0,0.0,14.1,0.0,0.0,0.0,0.0,none,False
2024-03-10 23:00:00,2024-03-10,23,16.1,53,13.7,0.0,0.0,10.6,0.0,0.0,0.0,0.0,none,False
2024-03-11 00:00:00,2024-03-11,0,15.1,58,12.9,0.0,0.0,9.6,0.0,0.0,0.0,0.0,none,False
2024-03-11 01:00:00,2024-03-11,1,14.1,63,12.0,0.0,0.0,9.2,0.0,0.0,0.0,0.0,none,False
2024-03-11 02:00:00,2024-03-11,2,13.1,68,11.3,0.0,0.0,7.8,0.0,0.0,0.0,0.0,none,False
2024-03-11 03:00:00,2024-03-11,3,12.4,71,10.7,0.0,0.0,7.2,0.0,0.0,0.0,0.0,none,False
2024-03-11 04:00:00,2024-03-11,4,12.4,71,10.7,0.0,0.0,7.1,0.0,0.0,0.0,0.0,none,False
2024-03-11 05:00:00,2024-03-11,5,11.9,74,10.3,0.0,0.0,6.6,0.0,0.0,0.0,0.0,none,False
2024-03-11 06:00:00,2024-03-11,6,11.4,78,9.9,0.0,0.0,6.0,0.0,0.0,0.0,0.0,none,False
2024-03-11 07:00:00,2024-03-11,7,10.9,82,9.4,0.0,0.0,6.6,0.0,0.0,0.0,0.0,none,True
2024-03-11 08:00:00,2024-03-11,8,11.9,79,9.9,0.0,0.0,10.1,0.0,0.0,0.0,0.0,none,True
2024-03-11 09:00:00,2024-03-11,9,14.6,69,12.7,0.0,0.0,10.7,0.0,0.0,0.0,0.0,none,True
2024-03-11 10:00:00,2024-03-11,10,16.9,61,14.0,0.0,0.0,18.7,0.0,0.0,0.0,0.0,none,False
2024-03-11 11:00:00,2024-03-11,11,18.5,53,15.5,0.0,0.0,20.8,0.0,0.0,0.0,0.0,none,False
2024-03-11 12:00:00,2024-03-11,12,20.2,45,17.9,0.0,0.0,19.7,0.0,0.0,0.0,0.0,none,False
2024-03-11 13:00:00,2024-03-11,13,21.9,38,19.9,0.0,0.0,18.3,0.0,0.0,0.0,0.0,none,False
2024-03-11 14:00:00,2024-03-11,14,23.1,32,21.0,0.0,0.0,17.7,0.0,0.0,0.0,0.0,none,False
2024-03-11 15:00:00,2024-03-11,15,23.9,29,21.1,0.0,0.0,18.1,0.0,0.0,0.0,0.0,none,False
2024-03-11 16:00:00,2024-03-11,16,24.1,28,20.5,0.0,0.0,19.4,0.0,0.0,0.0,0.0,none,True
2024-03-11 17:00:00,2024-03-11,17,24.0,28,19.5,0.0,0.0,20.6,0.0,0.0,0.0,0.0,none,True
2024-03-11 18:00:00,2024-03-11,18,23.1,30,18.7,0.0,0.0,21.1,0.0,0.0,0.0,0.0,none,True
2024-03-11 19:00:00,2024-03-11,19,21.8,34,17.8,0.0,0.0,19.6,0.0,0.0,0.0,0.0,none,False
2024-03-11 20:00:00,2024-03-11,20,20.7,37,16.9,0.0,0.0,18.4,0.0,0.0,0.0,0.0,none,False
2024-03-11 21:00:00,2024-03-11,21,19.1,46,15.0,0.0,0.0,23.3,0.0,0.0,0.0,0.0,none,False
2024-03-11 22:00:00,2024-03-11,22,17.1,54,12.9,0.0,0.0,24.5,0.0,0.0,0.0,0.0,none,False
2024-03-11 23:00:00,2024-03-11,23,15.9,61,12.1,0.0,0.0,23.4,0.0,0.0,0.0,0.0,none,False
2024-03-12 00:00:00,2024-03-12,0,15.0,68,11.7,0.0,0.0,21.3,0.0,0.0,0.0,0.0,none,False
2024-03-12 01:00:00,2024-03-12,1,14.3,73,11.3,0.0,0.0,20.1,0.0,0.0,0.0,0.0,none,False
2024-03-12 02:00:00,2024-03-12,2,13.7,77,10.8,0.0,0.0,19.0,0.0,0.0,0.0,0.0,none,False
2024-03-12 03:00:00,2024-03-12,3,13.1,79,10.6,0.0,0.0,16.4,0.0,0.0,0.0,0.0,none,False
2024-03-12 04:00:00,2024-03-12,4,12.5,79,10.2,0.0,0.0,13.8,0.0,0.0,0.0,0.0,none,False
2024-03-12 05:00:00,2024-03-12,5,11.8,82,9.5,0.0,0.0,13.8,0.0,0.0,0.0,0.0,none,False
2024-03-12 06:00:00,2024-03-12,6,11.0,86,8.6,0.0,0.0,14.1,0.0,0.0,0.0,0.0,none,False
2024-03-12 07:00:00,2024-03-12,7,10.3,90,7.9,0.0,0.0,14.1,0.0,0.0,0.0,0.0,none,True
2024-03-12 08:00:00,2024-03-12,8,11.0,85,8.5,0.0,0.0,14.8,0.0,0.0,0.0,0.0,none,True
2024-03-12 09:00:00,2024-03-12,9,13.9,71,11.6,0.0,0.0,12.9,0.0,0.0,0.0,0.0,none,True
2024-03-12 10:00:00,2024-03-12,10,17.0,57,14.6,0.0,0.0,13.6,0.0,0.0,0.0,0.0,none,False
2024-03-12 11:00:00,2024-03-12,11,20.0,44,17.7,0.0,0.0,14.1,0.0,0.0,0.0,0.0,none,False
2024-03-12 12:00:00,2024-03-12,12,22.8,33,21.1,0.0,0.0,12.8,0.0,0.0,0.0,0.0,none,False
2024-03-12 13:00:00,2024-03-12,13,25.1,24,23.8,0.0,0.0,10.5,0.0,0.0,0.0,0.0,none,False
2024-03-12 14:00:00,2024-03-12,14,26.6,20,25.7,0.0,0.0,6.9,0.0,0.0,0.0,0.0,none,False
2024-03-12 15:00:00,2024-03-12,15,27.6,17,26.6,0.0,0.0,3.8,0.0,0.0,0.0,0.0,none,False
2024-03-12 16:00:00,2024-03-12,16,28.0,17,26.4,0.0,0.0,2.1,0.0,0.0,0.0,0.0,none,True
2024-03-12 17:00:00,2024-03-12,17,28.0,16,25.4,0.0,0.0,2.5,0.0,0.0,0.0,0.0,none,True
2024-03-12 18:00:00,2024-03-12,18,27.8,15,24.9,0.0,0.0,3.8,0.0,0.0,0.0,0.0,none,True
2024-03-12 19:00:00,2024-03-12,19,26.0,20,23.4,0.0,0.0,4.0,0.0,0.0,0.0,0.0,none,False
2024-03-12 20:00:00,2024-03-12,20,24.2,22,21.3,0.0,0.0,6.0,0.0,0.0,0.0,0.0,none,False
2024-03-12 21:00:00,2024-03-12,21,22.6,23,19.1,0.0,0.0,10.2,0.0,0.0,0.0,0.0,none,False
2024-03-12 22:00:00,2024-03-12,22,20.9,25,17.6,0.0,0.0,8.4,0.0,0.0,0.0,0.0,none,False
2024-03-12 23:00:00,2024-03-12,23,19.6,34,16.8,0.0,0.0,8.6,0.0,0.0,0.0,0.0,none,False
2024-03-13 00:00:00,2024-03-13,0,17.9,38,15.3,0.0,0.0,7.1,0.0,0.0,0.0,0.0,none,False
2024-03-13 01:00:00,2024-03-13,1,16.2,46,14.1,0.0,0.0,6.2,0.0,0.0,0.0,0.0,none,False
2024-03-13 02:00:00,2024-03-13,2,14.9,55,12.7,0.0,0.0,8.3,0.0,0.0,0.0,0.0,none,False
2024-03-13 03:00:00,2024-03-13,3,14.1,64,12.4,0.0,0.0,7.2,0.0,0.0,0.0,0.0,none,False
2024-03-13 04:00:00,2024-03-13,4,13.2,75,11.6,0.0,0.0,9.1,0.0,0.0,0.0,0.0,none,False
2024-03-13 05:00:00,2024-03-13,5,12.4,82,11.5,0.0,0.0,5.0,0.0,0.0,0.0,0.0,none,False
2024-03-13 06:00:00,2024-03-13,6,11.7,86,10.6,0.0,0.0,6.1,0.0,0.0,0.0,0.0,none,False
2024-03-13 07:00:00,2024-03-13,7,11.6,85,10.4,0.0,0.0,6.4,0.0,0.0,0.0,0.0,none,True
2024-03-13 08:00:00,2024-03-13,8,12.9,79,12.3,0.0,0.0,2.9,0.0,0.0,0.0,0.0,none,True
2024-03-13 09:00:00,2024-03-13,9,14.4,81,14.5,0.0,0.0,2.1,0.0,0.0,0.0,0.0,none,True
2024-03-13 10:00:00,2024-03-13,10,17.3,68,17.4,0.0,0.0,2.3,0.0,0.0,0.0,0.0,none,False
2024-03-13 11:00:00,2024-03-13,11,20.8,49,20.5,0.0,0.0,4.3,0.0,0.0,0.0,0.0,none,False
2024-03-13 12:00:00,2024-03-13,12,23.7,38,23.9,0.0,0.0,5.2,0.0,0.0,0.0,0.0,none,False
2024-03-13 13:00:00,2024-03-13,13,25.6,28,25.5,0.0,0.0,6.0,0.0,0.0,0.0,0.0,none,False
2024-03-13 14:00:00,2024-03-13,14,26.9,23,25.9,0.0,0.0,9.4,0.0,0.0,0.0,0.0,none,False
2024-03-13 15:00:00,2024-03-13,15,27.6,20,25.8,0.0,0.0,10.6,0.0,0.0,0.0,0.0,none,False
2024-03-13 16:00:00,2024-03-13,16,26.9,24,23.8,0.0,0.0,16.2,0.0,0.0,0.0,0.0,none,True
2024-03-13 17:00:00,2024-03-13,17,26.3,22,22.4,0.0,0.0,15.8,0.0,0.0,0.0,0.0,none,True
2024-03-13 18:00:00,2024-03-13,18,25.7,19,21.9,0.0,0.0,12.2,0.0,0.0,0.0,0.0,none,True
2024-03-13 19:00:00,2024-03-13,19,24.3,20,20.9,0.0,0.0,8.3,0.0,0.0,0.0,0.0,none,False
2024-03-13 20:00:00,2024-03-13,20,23.0,21,20.1,0.0,0.0,4.8,0.0,0.0,0.0,0.0,none,False
2024-03-13 21:00:00,2024-03-13,21,21.4,25,18.3,0.0,0.0,6.8,0.0,0.0,0.0,0.0,none,False
2024-03-13 22:00:00,2024-03-13,22,20.4,31,16.7,0.0,0.0,13.1,0.0,0.0,0.0,0.0,none,False
2024-03-13 23:00:00,2024-03-13,23,18.5,45,15.7,0.0,0.0,12.7,0.0,0.0,0.0,0.0,none,False
2024-03-14 00:00:00,2024-03-14,0,17.5,50,15.1,0.0,0.0,10.9,0.0,0.0,0.0,0.0,none,False
2024-03-14 01:00:00,2024-03-14,1,16.2,56,13.7,0.0,0.0,13.0,0.0,0.0,0.0,0.0,none,False
2024-03-14 02:00:00,2024-03-14,2,15.2,65,13.1,0.0,0.0,12.0,0.0,0.0,0.0,0.0,none,False
2024-03-14 03:00:00,2024-03-14,3,14.3,75,12.8,0.0,0.0,10.4,0.0,0.0,0.0,0.0,none,False
2024-03-14 04:00:00,2024-03-14,4,13.9,78,12.8,0.0,0.0,7.8,0.0,0.0,0.0,0.0,none,False
2024-03-14 05:00:00,2024-03-14,5,13.2,83,12.3,0.0,0.0,7.4,0.0,0.0,0.0,0.0,none,False
2024-03-14 06:00:00,2024-03-14,6,12.7,87,12.0,0.0,0.0,6.4,0.0,0.0,0.0,0.0,none,False
2024-03-14 07:00:00,2024-03-14,7,12.3,90,11.7,0.0,0.0,5.4,0.0,0.0,0.0,0.0,none,True
2024-03-14 08:00:00,2024-03-14,8,13.4,85,12.6,0.0,0.0,7.1,0.0,0.0,0.0,0.0,none,True
2024-03-14 09:00:00,2024-03-14,9,15.3,81,14.9,0.0,0.0,7.2,0.0,0.0,0.0,0.0,none,True
2024-03-14 10:00:00,2024-03-14,10,17.5,71,16.6,0.0,0.0,10.8,0.0,0.0,0.0,0.0,none,False
2024-03-14 11:00:00,2024-03-14,11,19.5,60,18.8,0.0,0.0,10.1,0.0,0.0,0.0,0.0,none,False
2024-03-14 12:00:00,2024-03-14,12,21.3,49,21.3,0.0,0.0,7.8,0.0,0.0,0.0,0.0,none,False
2024-03-14 13:00:00,2024-03-14,13,23.0,39,23.1,0.0,0.0,6.5,0.0,0.0,0.0,0.0,none,False
2024-03-14 14:00:00,2024-03-14,14,24.5,30,24.0,0.0,0.0,7.5,0.0,0.0,0.0,0.0,none,False
2024-03-14 15:00:00,2024-03-14,15,25.5,24,23.8,0.0,0.0,10.3,0.0,0.0,0.0,0.0,none,False
2024-03-14 16:00:00,2024-03-14,16,25.1,23,22.2,0.0,0.0,11.8,0.0,0.0,0.0,0.0,none,True
2024-03-14 17:00:00,2024-03-14,17,25.0,19,20.9,0.0,0.0,12.9,0.0,0.0,0.0,0.0,none,True
2024-03-14 18:00:00,2024-03-14,18,24.1,19,20.0,0.0,0.0,12.6,0.0,0.0,0.0,0.0,none,True
2024-03-14 19:00:00,2024-03-14,19,22.7,22,18.7,0.0,0.0,12.7,0.0,0.0,0.0,0.0,none,False
2024-03-14 20:00:00,2024-03-14,20,21.1,28,17.4,0.0,0.0,13.2,0.0,0.0,0.0,0.0,none,False
2024-03-14 21:00:00,2024-03-14,21,20.1,35,16.8,0.0,0.0,13.3,0.0,0.0,0.0,0.0,none,False
2024-03-14 22:00:00,2024-03-14,22,17.9,50,14.2,0.0,0.0,20.5,0.0,0.0,0.0,0.0,none,False
2024-03-14 23:00:00,2024-03-14,23,16.9,54,14.0,0.0,0.0,15.6,0.0,0.0,0.0,0.0,none,False
2024-03-15 00:00:00,2024-03-15,0,16.0,59,13.7,0.0,0.0,12.3,0.0,0.0,0.0,0.0,none,False
2024-03-15 01:00:00,2024-03-15,1,15.2,63,13.1,0.0,0.0,11.2,0.0,0.0,0.0,0.0,none,False
2024-03-15 02:00:00,2024-03-15,2,14.6,66,12.5,0.0,0.0,10.8,0.0,0.0,0.0,0.0,none,False
2024-03-15 03:00:00,2024-03-15,3,13.9,69,12.1,0.0,0.0,9.7,0.0,0.0,0.0,0.0,none,False
2024-03-15 04:00:00,2024-03-15,4,14.1,63,11.8,0.0,0.0,11.3,0.0,0.0,0.0,0.0,none,False
2024-03-15 05:00:00,2024-03-15,5,13.9,61,11.5,0.0,0.0,10.4,0.0,0.0,0.0,0.0,none,False
2024-03-15 06:00:00,2024-03-15,6,13.6,59,11.4,0.0,0.0,7.9,0.0,0.0,0.0,0.0,none,False
2024-03-15 07:00:00,2024-03-15,7,12.4,64,10.6,0.0,0.0,4.8,0.0,0.0,0.0,0.0,none,True
2024-03-15 08:00:00,2024-03-15,8,13.6,59,11.7,0.0,0.0,5.2,0.0,0.0,0.0,0.0,none,True
2024-03-15 09:00:00,2024-03-15,9,17.0,47,15.3,0.0,0.0,4.0,0.0,0.0,0.0,0.0,none,True
2024-03-15 10:00:00,2024-03-15,10,19.2,39,17.6,0.0,0.0,2.3,0.0,0.0,0.0,0.0,none,False
2024-03-15 11:00:00,2024-03-15,11,20.9,35,19.0,0.0,0.0,7.5,0.0,0.0,0.0,0.0,none,False
2024-03-15 12:00:00,2024-03-15,12,22.3,31,20.7,0.0,0.0,10.3,0.0,0.0,0.0,0.0,none,False
2024-03-15 13:00:00,2024-03-15,13,23.5,28,21.8,0.0,0.0,12.6,0.0,0.0,0.0,0.0,none,False
2024-03-15 14:00:00,2024-03-15,14,24.1,25,22.0,0.0,0.0,14.3,0.0,0.0,0.0,0.0,none,False
2024-03-15 15:00:00,2024-03-15,15,24.5,24,22.1,0.0,0.0,13.7,0.0,0.0,0.0,0.0,none,False
2024-03-15 16:00:00,2024-03-15,16,23.8,26,20.7,0.0,0.0,13.5,0.0,0.0,0.0,0.0,none,True
2024-03-15 17:00:00,2024-03-15,17,23.4,26,19.9,0.0,0.0,12.2,0.0,0.0,0.0,0.0,none,True
2024-03-15 18:00:00,2024-03-15,18,22.9,27,19.6,0.0,0.0,11.0,0.0,0.0,0.0,0.0,none,True
2024-03-15 19:00:00,2024-03-15,19,21.9,29,19.2,0.0,0.0,8.0,0.0,0.0,0.0,0.0,none,False
2024-03-15 20:00:00,2024-03-15,20,21.0,32,18.5,0.0,0.0,6.6,0.0,0.0,0.0,0.0,none,False
2024-03-15 21:00:00,2024-03-15,21,19.8,37,17.9,0.0,0.0,3.9,0.0,0.0,0.0,0.0,none,False
2024-03-15 22:00:00,2024-03-15,22,18.9,38,16.8,0.0,0.0,4.8,0.0,0.0,0.0,0.0,none,False
2024-03-15 23:00:00,2024-03-15,23,17.1,50,12.6,0.0,0.0,24.9,0.0,0.0,0.0,0.0,none,False
2024-03-16 00:00:00,2024-03-16,0,16.2,60,13.0,0.0,0.0,19.4,0.0,0.0,0.0,0.0,none,False
2024-03-16 01:00:00,2024-03-16,1,15.4,65,12.6,0.0,0.0,17.4,0.0,0.0,0.0,0.0,none,False
2024-03-16 02:00:00,2024-03-16,2,14.9,68,12.2,0.0,0.0,16.4,0.0,0.0,0.0,0.0,none,False
2024-03-16 03:00:00,2024-03-16,3,14.3,74,12.1,0.0,0.0,14.4,0.0,0.0,0.0,0.0,none,False
2024-03-16 04:00:00,2024-03-16,4,14.4,76,12.5,0.0,0.0,13.6,0.0,0.0,0.0,0.0,none,False
2024-03-16 05:00:00,2024-03-16,5,14.1,78,12.5,0.0,0.0,11.9,0.0,0.0,0.0,0.0,none,False
2024-03-16 06:00:00,2024-03-16,6,13.7,80,12.3,0.0,0.0,10.1,0.0,0.0,0.0,0.0,none,False
2024-03-16 07:00:00,2024-03-16,7,13.5,79,11.9,0.0,0.0,10.6,0.0,0.0,0.0,0.0,none,True
2024-03-16 08:00:00,2024-03-16,8,14.6,70,12.3,0.0,0.0,14.5,0.0,0.0,0.0,0.0,none,True
2024-03-16 09:00:00,2024-03-16,9,17.6,55,15.1,0.0,0.0,14.2,0.0,0.0,0.0,0.0,none,True
2024-03-16 10:00:00,2024-03-16,10,19.6,41,16.4,0.0,0.0,15.5,0.0,0.0,0.0,0.0,none,False
2024-03-16 11:00:00,2024-03-16,11,21.2,36,18.3,0.0,0.0,13.6,0.0,0.0,0.0,0.0,none,False
2024-03-16 12:00:00,2024-03-16,12,22.4,33,19.8,0.0,0.0,15.1,0.0,0.0,0.0,0.0,none,False
2024-03-16 13:00:00,2024-03-16,13,23.4,30,21.3,0.0,0.0,14.2,0.0,0.0,0.0,0.0,none,False
2024-03-16 14:00:00,2024-03-16,14,23.7,30,20.9,0.0,0.0,15.2,0.0,0.0,0.0,0.0,none,False
2024-03-16 15:00:00,2024-03-16,15,23.2,30,19.8,0.1,0.1,14.7,0.1,0.1,0.1,0.1,light,False
2024-03-16 16:00:00,2024-03-16,16,23.0,30,20.2,0.1,0.1,10.0,0.1,0.2,0.2,0.2,light,True
2024-03-16 17:00:00,2024-03-16,17,23.4,29,20.3,0.0,0.0,11.8,0.0,0.2,0.2,0.2,none,True
2024-03-16 18:00:00,2024-03-16,18,23.0,29,19.7,0.0,0.0,12.9,0.0,0.1,0.2,0.2,none,True
2024-03-16 19:00:00,2024-03-16,19,21.9,30,18.2,0.0,0.0,14.9,0.0,0.0,0.2,0.2,none,False
2024-03-16 20:00:00,2024-03-16,20,21.2,31,18.1,0.0,0.0,11.1,0.0,0.0,0.2,0.2,none,False
2024-03-16 21:00:00,2024-03-16,21,21.0,32,18.2,0.0,0.0,8.6,0.0,0.0,0.1,0.2,none,False
2024-03-16 22:00:00,2024-03-16,22,19.8,35,16.2,0.0,0.0,14.5,0.0,0.0,0.0,0.2,none,False
2024-03-16 23:00:00,2024-03-16,23,18.6,46,14.9,0.0,0.0,20.0,0.0,0.0,0.0,0.2,none,False
2024-03-17 00:00:00,2024-03-17,0,17.4,62,15.0,0.0,0.0,16.5,0.0,0.0,0.0,0.2,none,False
2024-03-17 01:00:00,2024-03-17,1,16.9,64,14.5,0.0,0.0,16.8,0.0,0.0,0.0,0.2,none,False
2024-03-17 02:00:00,2024-03-17,2,16.2,67,13.3,0.0,0.0,20.5,0.0,0.0,0.0,0.2,none,False
2024-03-17 03:00:00,2024-03-17,3,15.6,69,13.3,0.0,0.0,15.9,0.0,0.0,0.0,0.2,none,False
2024-03-17 04:00:00,2024-03-17,4,15.6,69,12.7,0.0,0.0,19.9,0.0,0.0,0.0,0.2,none,False
2024-03-17 05:00:00,2024-03-17,5,14.8,74,12.6,0.0,0.0,15.3,0.0,0.0,0.0,0.2,none,False
2024-03-17 06:00:00,2024-03-17,6,14.6,75,10.6,0.0,0.0,27.5,0.0,0.0,0.0,0.2,none,False
2024-03-17 07:00:00,2024-03-17,7,14.4,76,10.0,0.0,0.0,31.1,0.0,0.0,0.0,0.2,none,True
2024-03-17 08:00:00,2024-03-17,8,15.3,74,11.8,0.0,0.0,25.6,0.0,0.0,0.0,0.2,none,True
2024-03-17 09:00:00,2024-03-17,9,17.2,70,14.5,0.0,0.0,22.5,0.0,0.0,0.0,0.2,none,True
2024-03-17 10:00:00,2024-03-17,10,18.9,66,15.6,0.0,0.0,27.7,0.0,0.0,0.0,0.2,none,False
2024-03-17 11:00:00,2024-03-17,11,21.0,55,17.0,0.1,0.1,31.1,0.1,0.1,0.1,0.30000000000000004,light,False
2024-03-17 12:00:00,2024-03-17,12,22.3,48,18.1,0.0,0.0,31.3,0.0,0.1,0.1,0.30000000000000004,none,False
2024-03-17 13:00:00,2024-03-17,13,23.5,44,19.5,0.0,0.0,32.1,0.0,0.1,0.1,0.30000000000000004,none,False
2024-03-17 14:00:00,2024-03-17,14,24.8,40,21.3,0.0,0.0,32.8,0.0,0.0,0.1,0.30000000000000004,none,False
2024-03-17 15:00:00,2024-03-17,15,24.7,39,20.2,0.0,0.0,32.6,0.0,0.0,0.1,0.2,none,False
2024-03-17 16:00:00,2024-03-17,16,25.3,34,20.4,0.0,0.0,31.6,0.0,0.0,0.1,0.1,none,True
2024-03-17 17:00:00,2024-03-17,17,24.0,37,19.2,0.0,0.0,30.1,0.0,0.0,0.0,0.1,none,True
2024-03-17 18:00:00,2024-03-17,18,22.4,43,17.7,0.0,0.0,30.8,0.0,0.0,0.0,0.1,none,True
2024-03-17 19:00:00,2024-03-17,19,20.9,49,17.0,0.0,0.0,26.0,0.0,0.0,0.0,0.1,none,False
2024-03-17 20:00:00,2024-03-17,20,19.4,53,15.7,0.0,0.0,24.7,0.0,0.0,0.0,0.1,none,False
2024-03-17 21:00:00,2024-03-17,21,18.2,53,14.7,0.0,0.0,21.8,0.0,0.0,0.0,0.1,none,False
2024-03-17 22:00:00,2024-03-17,22,17.1,56,13.6,0.0,0.0,21.6,0.0,0.0,0.0,0.1,none,False
2024-03-17 23:00:00,2024-03-17,23,16.0,66,13.1,0.0,0.0,20.0,0.0,0.0,0.0,0.1,none,False
2024-03-18 00:00:00,2024-03-18,0,15.4,75,13.1,0.0,0.0,17.9,0.0,0.0,0.0,0.1,none,False
2024-03-18 01:00:00,2024-03-18,1,14.9,80,12.9,0.0,0.0,17.1,0.0,0.0,0.0,0.1,none,False
2024-03-18 02:00:00,2024-03-18,2,14.7,82,12.8,0.0,0.0,16.2,0.0,0.0,0.0,0.1,none,False
2024-03-18 03:00:00,2024-03-18,3,14.4,80,12.4,0.0,0.0,15.9,0.0,0.0,0.0,0.1,none,False
2024-03-18 04:00:00,2024-03-18,4,14.1,79,12.3,0.0,0.0,13.0,0.0,0.0,0.0,0.1,none,False
2024-03-18 05:00:00,2024-03-18,5,13.9,81,12.4,0.0,0.0,11.6,0.0,0.0,0.0,0.1,none,False
2024-03-18 06:00:00,2024-03-18,6,13.6,82,12.5,0.0,0.0,8.7,0.0,0.0,0.0,0.1,none,False
2024-03-18 07:00:00,2024-03-18,7,13.8,79,12.6,0.0,0.0,8.6,0.0,0.0,0.0,0.1,none,True
2024-03-18 08:00:00,2024-03-18,8,13.9,74,12.5,0.0,0.0,8.1,0.0,0.0,0.0,0.1,none,True
2024-03-18 09:00:00,2024-03-18,9,14.9,66,13.6,0.0,0.0,6.1,0.0,0.0,0.0,0.1,none,True
2024-03-18 10:00:00,2024-03-18,10,16.3,63,15.1,0.0,0.0,7.1,0.0,0.0,0.0,0.1,none,False
2024-03-18 11:00:00,2024-03-18,11,17.8,56,15.7,0.1,0.1,12.7,0.1,0.1,0.1,0.1,light,False
2024-03-18 12:00:00,2024-03-18,12,18.4,50,16.1,0.0,0.0,11.6,0.0,0.1,0.1,0.1,none,False
2024-03-18 13:00:00,2024-03-18,13,19.5,44,16.6,0.0,0.0,14.2,0.0,0.1,0.1,0.1,none,False
2024-03-18 14:00:00,2024-03-18,14,21.0,38,18.3,0.0,0.0,15.0,0.0,0.0,0.1,0.1,none,False
2024-03-18 15:00:00,2024-03-18,15,21.5,35,18.2,0.0,0.0,18.6,0.0,0.0,0.1,0.1,none,False
2024-03-18 16:00:00,2024-03-18,16,20.8,37,16.3,0.0,0.0,24.6,0.0,0.0,0.1,0.1,none,True
2024-03-18 17:00:00,2024-03-18,17,17.2,56,13.7,1.1,1.1,20.9,1.1,1.1,1.1,1.2000000000000002,light,True
2024-03-18 18:00:00,2024-03-18,18,16.8,56,13.6,0.2,0.2,18.2,0.2,1.3,1.3,1.4000000000000001,light,True
2024-03-18 19:00:00,2024-03-18,19,16.9,50,13.4,0.1,0.1,17.7,0.1,1.4000000000000001,1.4000000000000001,1.5000000000000002,light,False
2024-03-18 20:00:00,2024-03-18,20,16.3,54,13.3,0.0,0.0,14.9,0.0,0.30000000000000004,1.4000000000000001,1.5000000000000002,none,False
2024-03-18 21:00:00,2024-03-18,21,15.4,59,12.7,0.0,0.0,13.9,0.0,0.1,1.4000000000000001,1.5000000000000002,none,False
2024-03-18 22:00:00,2024-03-18,22,14.6,63,12.5,0.0,0.0,10.7,0.0,0.0,1.4000000000000001,1.5000000000000002,none,False
2024-03-18 23:00:00,2024-03-18,23,14.0,68,12.2,0.0,0.0,8.9,0.0,0.0,0.30000000000000004,1.5000000000000002,none,False
2024-03-19 00:00:00,2024-03-19,0,13.2,72,11.6,0.0,0.0,8.6,0.0,0.0,0.1,1.5000000000000002,none,False
2024-03-19 01:00:00,2024-03-19,1,12.6,77,11.1,0.0,0.0,7.9,0.0,0.0,0.0,1.5000000000000002,none,False
2024-03-19 02:00:00,2024-03-19,2,11.9,81,10.3,0.0,0.0,8.5,0.0,0.0,0.0,1.5000000000000002,none,False
2024-03-19 03:00:00,2024-03-19,3,11.4,84,9.9,0.0,0.0,8.4,0.0,0.0,0.0,1.5000000000000002,none,False
2024-03-19 04:00:00,2024-03-19,4,11.7,83,10.6,0.0,0.0,5.5,0.0,0.0,0.0,1.5000000000000002,none,False
2024-03-19 05:00:00,2024-03-19,5,11.2,85,10.2,0.0,0.0,5.0,0.0,0.0,0.0,1.5000000000000002,none,False
2024-03-19 06:00:00,2024-03-19,6,10.9,86,9.2,0.0,0.0,9.4,0.0,0.0,0.0,1.5000000000000002,none,False
2024-03-19 07:00:00,2024-03-19,7,10.5,88,8.1,0.0,0.0,13.7,0.0,0.0,0.0,1.5000000000000002,none,True
2024-03-19 08:00:00,2024-03-19,8,11.4,83,8.5,0.0,0.0,17.3,0.0,0.0,0.0,1.5000000000000002,none,True
2024-03-19 09:00:00,2024-03-19,9,13.4,69,10.4,0.0,0.0,16.2,0.0,0.0,0.0,1.5000000000000002,none,True
2024-03-19 10:00:00,2024-03-19,10,15.8,58,12.8,0.0,0.0,15.7,0.0,0.0,0.0,1.5000000000000002,none,False
2024-03-19 11:00:00,2024-03-19,11,18.5,48,15.7,0.0,0.0,16.8,0.0,0.0,0.0,1.4000000000000001,none,False
2024-03-19 12:00:00,2024-03-19,12,20.0,42,16.6,0.0,0.0,21.8,0.0,0.0,0.0,1.4000000000000001,none,False
2024-03-19 13:00:00,2024-03-19,13,21.2,36,17.9,0.0,0.0,22.8,0.0,0.0,0.0,1.4000000000000001,none,False
2024-03-19 14:00:00,2024-03-19,14,22.2,29,18.5,0.0,0.0,23.9,0.0,0.0,0.0,1.4000000000000001,none,False
2024-03-19 15:00:00,2024-03-19,15,21.9,30,16.6,0.0,0.0,27.0,0.0,0.0,0.0,1.4000000000000001,none,False
2024-03-19 16:00:00,2024-03-19,16,22.0,28,16.9,0.0,0.0,23.7,0.0,0.0,0.0,1.4000000000000001,none,True
2024-03-19 17:00:00,2024-03-19,17,21.2,32,16.5,0.0,0.0,22.7,0.0,0.0,0.0,0.30000000000000004,none,True
2024-03-19 18:00:00,2024-03-19,18,21.1,32,16.8,0.0,0.0,19.4,0.0,0.0,0.0,0.1,none,True
2024-03-19 19:00:00,2024-03-19,19,20.1,34,16.5,0.0,0.0,14.8,0.0,0.0,0.0,0.0,none,False
2024-03-19 20:00:00,2024-03-19,20,18.9,38,16.2,0.0,0.0,8.9,0.0,0.0,0.0,0.0,none,False
2024-03-19 21:00:00,2024-03-19,21,17.9,43,15.2,0.0,0.0,10.7,0.0,0.0,0.0,0.0,none,False
2024-03-19 22:00:00,2024-03-19,22,16.6,52,14.9,0.0,0.0,6.4,0.0,0.0,0.0,0.0,none,False
2024-03-19 23:00:00,2024-03-19,23,17.2,48,15.6,0.0,0.0,4.6,0.0,0.0,0.0,0.0,none,False
2024-03-20 00:00:00,2024-03-20,0,16.5,50,14.9,0.0,0.0,4.6,0.0,0.0,0.0,0.0,none,False
2024-03-20 01:00:00,2024-03-20,1,14.2,64,12.6,0.0,0.0,6.1,0.0,0.0,0.0,0.0,none,False
2024-03-20 02:00:00,2024-03-20,2,13.2,67,11.5,0.0,0.0,6.6,0.0,0.0,0.0,0.0,none,False
2024-03-20 03:00:00,2024-03-20,3,13.1,64,10.8,0.0,0.0,10.5,0.0,0.0,0.0,0.0,none,False
2024-03-20 04:00:00,2024-03-20,4,13.6,60,11.1,0.0,0.0,9.9,0.0,0.0,0.0,0.0,none,False
2024-03-20 05:00:00,2024-03-20,5,13.2,61,10.2,0.0,0.0,13.6,0.0,0.0,0.0,0.0,none,False
2024-03-20 06:00:00,2024-03-20,6,13.1,61,10.0,0.0,0.0,14.3,0.0,0.0,0.0,0.0,none,False
2024-03-20 07:00:00,2024-03-20,7,12.9,62,9.4,0.0,0.0,16.7,0.0,0.0,0.0,0.0,none,True
2024-03-20 08:00:00,2024-03-20,8,14.0,58,10.1,0.0,0.0,19.7,0.0,0.0,0.0,0.0,none,True
2024-03-20 09:00:00,2024-03-20,9,16.4,49,12.2,0.0,0.0,21.0,0.0,0.0,0.0,0.0,none,True
2024-03-20 10:00:00,2024-03-20,10,18.8,41,14.4,0.0,0.0,21.6,0.0,0.0,0.0,0.0,none,False
2024-03-20 11:00:00,2024-03-20,11,21.3,34,17.6,0.0,0.0,20.1,0.0,0.0,0.0,0.0,none,False
2024-03-20 12:00:00,2024-03-20,12,23.1,30,20.2,0.0,0.0,19.5,0.0,0.0,0.0,0.0,none,False
2024-03-20 13:00:00,2024-03-20,13,24.3,27,21.4,0.0,0.0,20.6,0.0,0.0,0.0,0.0,none,False
2024-03-20 14:00:00,2024-03-20,14,25.0,24,21.9,0.0,0.0,21.2,0.0,0.0,0.0,0.0,none,False
2024-03-20 15:00:00,2024-03-20,15,25.4,22,21.9,0.0,0.0,20.5,0.0,0.0,0.0,0.0,none,False
2024-03-20 16:00:00,2024-03-20,16,25.8,21,21.9,0.0,0.0,18.2,0.0,0.0,0.0,0.0,none,True
2024-03-20 17:00:00,2024-03-20,17,26.0,20,21.8,0.0,0.0,15.3,0.0,0.0,0.0,0.0,none,True
2024-03-20 18:00:00,2024-03-20,18,25.5,19,21.7,0.0,0.0,12.2,0.0,0.0,0.0,0.0,none,True
2024-03-20 19:00:00,2024-03-20,19,24.0,21,20.5,0.0,0.0,10.1,0.0,0.0,0.0,0.0,none,False
2024-03-20 20:00:00,2024-03-20,20,22.1,26,19.5,0.0,0.0,5.0,0.0,0.0,0.0,0.0,none,False
2024-03-20 21:00:00,2024-03-20,21,21.1,27,18.4,0.0,0.0,5.9,0.0,0.0,0.0,0.0,none,False
2024-03-20 22:00:00,2024-03-20,22,20.4,30,17.4,0.0,0.0,8.1,0.0,0.0,0.0,0.0,none,False
2024-03-20 23:00:00,2024-03-20,23,19.5,32,16.6,0.0,0.0,7.6,0.0,0.0,0.0,0.0,none,False
2024-03-21 00:00:00,2024-03-21,0,18.3,34,15.6,0.0,0.0,6.6,0.0,0.0,0.0,0.0,none,False
2024-03-21 01:00:00,2024-03-21,1,17.7,36,14.8,0.0,0.0,8.0,0.0,0.0,0.0,0.0,none,False
2024-03-21 02:00:00,2024-03-21,2,16.3,41,13.5,0.0,0.0,8.3,0.0,0.0,0.0,0.0,none,False
2024-03-21 03:00:00,2024-03-21,3,15.5,44,12.7,0.0,0.0,8.4,0.0,0.0,0.0,0.0,none,False
2024-03-21 04:00:00,2024-03-21,4,16.1,40,13.1,0.0,0.0,9.3,0.0,0.0,0.0,0.0,none,False
2024-03-21 05:00:00,2024-03-21,5,16.2,39,12.4,0.0,0.0,14.5,0.0,0.0,0.0,0.0,none,False
2024-03-21 06:00:00,2024-03-21,6,16.1,40,11.8,0.0,0.0,18.0,0.0,0.0,0.0,0.0,none,False
2024-03-21 07:00:00,2024-03-21,7,15.8,41,11.2,0.0,0.0,20.1,0.0,0.0,0.0,0.0,none,True
2024-03-21 08:00:00,2024-03-21,8,16.9,38,11.9,0.0,0.0,22.5,0.0,0.0,0.0,0.0,none,True
2024-03-21 09:00:00,2024-03-21,9,19.2,33,14.1,0.0,0.0,23.5,0.0,0.0,0.0,0.0,none,True
2024-03-21 10:00:00,2024-03-21,10,21.7,28,16.3,0.0,0.0,24.9,0.0,0.0,0.0,0.0,none,False
2024-03-21 11:00:00,2024-03-21,11,24.3,23,19.3,0.0,0.0,25.1,0.0,0.0,0.0,0.0,none,False
2024-03-21 12:00:00,2024-03-21,12,26.6,19,22.6,0.0,0.0,22.4,0.0,0.0,0.0,0.0,none,False
2024-03-21 13:00:00,2024-03-21,13,28.0,18,23.9,0.0,0.0,24.7,0.0,0.0,0.0,0.0,none,False
2024-03-21 14:00:00,2024-03-21,14,28.6,16,24.8,0.0,0.0,23.1,0.0,0.0,0.0,0.0,none,False
2024-03-21 15:00:00,2024-03-21,15,28.1,17,23.5,0.0,0.0,25.7,0.0,0.0,0.0,0.0,none,False
2024-03-21 16:00:00,2024-03-21,16,27.0,21,22.1,0.0,0.0,24.9,0.0,0.0,0.0,0.0,none,True
2024-03-21 17:00:00,2024-03-21,17,25.3,31,20.6,0.0,0.0,26.9,0.0,0.0,0.0,0.0,none,True
2024-03-21 18:00:00,2024-03-21,18,21.6,50,17.8,0.0,0.0,27.7,0.0,0.0,0.0,0.0,none,True
2024-03-21 19:00:00,2024-03-21,19,20.3,48,16.4,0.0,0.0,24.7,0.0,0.0,0.0,0.0,none,False
2024-03-21 20:00:00,2024-03-21,20,18.7,49,14.7,0.0,0.0,23.0,0.0,0.0,0.0,0.0,none,False
2024-03-21 21:00:00,2024-03-21,21,17.4,54,13.6,0.0,0.0,22.1,0.0,0.0,0.0,0.0,none,False
2024-03-21 22:00:00,2024-03-21,22,15.7,60,12.0,0.0,0.0,21.4,0.0,0.0,0.0,0.0,none,False
2024-03-21 23:00:00,2024-03-21,23,14.5,65,11.6,0.0,0.0,16.4,0.0,0.0,0.0,0.0,none,False
2024-03-22 00:00:00,2024-03-22,0,13.7,68,11.3,0.0,0.0,13.0,0.0,0.0,0.0,0.0,none,False
2024-03-22 01:00:00,2024-03-22,1,13.0,71,10.9,0.0,0.0,10.8,0.0,0.0,0.0,0.0,none,False
2024-03-22 02:00:00,2024-03-22,2,12.4,75,10.8,0.0,0.0,6.8,0.0,0.0,0.0,0.0,none,False
2024-03-22 03:00:00,2024-03-22,3,11.6,79,10.4,0.0,0.0,5.4,0.0,0.0,0.0,0.0,none,False
2024-03-22 04:00:00,2024-03-22,4,11.7,77,10.3,0.0,0.0,5.4,0.0,0.0,0.0,0.0,none,False
2024-03-22 05:00:00,2024-03-22,5,10.9,82,9.4,0.0,0.0,7.1,0.0,0.0,0.0,0.0,none,False
2024-03-22 06:00:00,2024-03-22,6,11.0,82,9.5,0.0,0.0,6.4,0.0,0.0,0.0,0.0,none,False
2024-03-22 07:00:00,2024-03-22,7,11.8,78,10.5,0.0,0.0,4.8,0.0,0.0,0.0,0.0,none,True
2024-03-22 08:00:00,2024-03-22,8,11.9,77,10.8,0.0,0.0,4.1,0.0,0.0,0.0,0.0,none,True
2024-03-22 09:00:00,2024-03-22,9,13.8,66,12.5,0.0,0.0,4.7,0.0,0.0,0.0,0.0,none,True
2024-03-22 10:00:00,2024-03-22,10,16.3,53,14.0,0.0,0.0,9.9,0.0,0.0,0.0,0.0,none,False
2024-03-22 11:00:00,2024-03-22,11,18.0,45,16.0,0.0,0.0,11.0,0.0,0.0,0.0,0.0,none,False
2024-03-22 12:00:00,2024-03-22,12,19.7,38,18.4,0.0,0.0,10.5,0.0,0.0,0.0,0.0,none,False
2024-03-22 13:00:00,2024-03-22,13,21.2,33,20.1,0.0,0.0,11.1,0.0,0.0,0.0,0.0,none,False
2024-03-22 14:00:00,2024-03-22,14,22.4,30,21.0,0.0,0.0,12.0,0.0,0.0,0.0,0.0,none,False
2024-03-22 15:00:00,2024-03-22,15,23.2,27,21.1,0.0,0.0,13.5,0.0,0.0,0.0,0.0,none,False
2024-03-22 16:00:00,2024-03-22,16,22.2,31,19.6,0.0,0.0,13.2,0.0,0.0,0.0,0.0,none,True
2024-03-22 17:00:00,2024-03-22,17,22.1,30,18.7,0.0,0.0,14.0,0.0,0.0,0.0,0.0,none,True
2024-03-22 18:00:00,2024-03-22,18,21.6,31,18.0,0.0,0.0,14.5,0.0,0.0,0.0,0.0,none,True
2024-03-22 19:00:00,2024-03-22,19,20.5,33,16.8,0.0,0.0,14.9,0.0,0.0,0.0,0.0,none,False
2024-03-22 20:00:00,2024-03-22,20,19.5,36,15.7,0.0,0.0,15.9,0.0,0.0,0.0,0.0,none,False
2024-03-22 21:00:00,2024-03-22,21,17.9,40,13.9,0.0,0.0,18.0,0.0,0.0,0.0,0.0,none,False
2024-03-22 22:00:00,2024-03-22,22,16.6,44,13.1,0.0,0.0,15.2,0.0,0.0,0.0,0.0,none,False
2024-03-22 23:00:00,2024-03-22,23,15.6,48,12.6,0.0,0.0,11.6,0.0,0.0,0.0,0.0,none,False
2024-03-23 00:00:00,2024-03-23,0,14.8,51,12.2,0.0,0.0,8.9,0.0,0.0,0.0,0.0,none,False
2024-03-23 01:00:00,2024-03-23,1,14.0,55,11.7,0.0,0.0,7.3,0.0,0.0,0.0,0.0,none,False
2024-03-23 02:00:00,2024-03-23,2,13.1,59,11.1,0.0,0.0,5.9,0.0,0.0,0.0,0.0,none,False
2024-03-23 03:00:00,2024-03-23,3,12.4,62,10.4,0.0,0.0,5.9,0.0,0.0,0.0,0.0,none,False
2024-03-23 04:00:00,2024-03-23,4,12.4,63,10.2,0.0,0.0,7.4,0.0,0.0,0.0,0.0,none,False
2024-03-23 05:00:00,2024-03-23,5,11.9,65,9.8,0.0,0.0,6.8,0.0,0.0,0.0,0.0,none,False
2024-03-23 06:00:00,2024-03-23,6,11.6,66,9.5,0.0,0.0,7.0,0.0,0.0,0.0,0.0,none,False
2024-03-23 07:00:00,2024-03-23,7,11.2,68,9.2,0.0,0.0,6.5,0.0,0.0,0.0,0.0,none,True
2024-03-23 08:00:00,2024-03-23,8,12.6,62,10.3,0.0,0.0,8.4,0.0,0.0,0.0,0.0,none,True
2024-03-23 09:00:00,2024-03-23,9,15.0,53,12.8,0.0,0.0,7.8,0.0,0.0,0.0,0.0,none,True
2024-03-23 10:00:00,2024-03-23,10,16.7,47,13.9,0.0,0.0,11.7,0.0,0.0,0.0,0.0,none,False
2024-03-23 11:00:00,2024-03-23,11,18.0,41,15.8,0.0,0.0,11.2,0.0,0.0,0.0,0.0,none,False
2024-03-23 12:00:00,2024-03-23,12,19.1,37,17.7,0.0,0.0,10.7,0.0,0.0,0.0,0.0,none,False
2024-03-23 13:00:00,2024-03-23,13,20.1,32,18.8,0.0,0.0,11.2,0.0,0.0,0.0,0.0,none,False
2024-03-23 14:00:00,2024-03-23,14,20.9,29,19.4,0.0,0.0,10.7,0.0,0.0,0.0,0.0,none,False
2024-03-23 15:00:00,2024-03-23,15,21.4,27,19.4,0.0,0.0,10.7,0.0,0.0,0.0,0.0,none,False
2024-03-23 16:00:00,2024-03-23,16,22.0,27,19.6,0.0,0.0,8.1,0.0,0.0,0.0,0.0,none,True
2024-03-23 17:00:00,2024-03-23,17,22.8,23,19.3,0.0,0.0,10.0,0.0,0.0,0.0,0.0,none,True
2024-03-23 18:00:00,2024-03-23,18,22.0,23,17.8,0.0,0.0,14.0,0.0,0.0,0.0,0.0,none,True
2024-03-23 19:00:00,2024-03-23,19,21.0,22,16.5,0.0,0.0,14.4,0.0,0.0,0.0,0.0,none,False
2024-03-23 20:00:00,2024-03-23,20,19.9,24,15.0,0.0,0.0,17.3,0.0,0.0,0.0,0.0,none,False
2024-03-23 21:00:00,2024-03-23,21,17.4,40,12.5,0.0,0.0,23.0,0.0,0.0,0.0,0.0,none,False
2024-03-23 22:00:00,2024-03-23,22,16.1,50,11.7,0.0,0.0,23.4,0.0,0.0,0.0,0.0,none,False
2024-03-23 23:00:00,2024-03-23,23,15.1,60,11.8,0.0,0.0,18.3,0.0,0.0,0.0,0.0,none,False
2024-03-24 00:00:00,2024-03-24,0,14.4,66,11.8,0.0,0.0,14.3,0.0,0.0,0.0,0.0,none,False
2024-03-24 01:00:00,2024-03-24,1,13.9,69,11.8,0.0,0.0,11.7,0.0,0.0,0.0,0.0,none,False
2024-03-24 02:00:00,2024-03-24,2,13.4,72,11.4,0.0,0.0,10.4,0.0,0.0,0.0,0.0,none,False
2024-03-24 03:00:00,2024-03-24,3,13.0,74,11.3,0.0,0.0,9.2,0.0,0.0,0.0,0.0,none,False
2024-03-24 04:00:00,2024-03-24,4,13.6,75,12.3,0.0,0.0,8.0,0.0,0.0,0.0,0.0,none,False
2024-03-24 05:00:00,2024-03-24,5,13.1,78,12.0,0.0,0.0,6.9,0.0,0.0,0.0,0.0,none,False
2024-03-24 06:00:00,2024-03-24,6,12.6,81,11.7,0.0,0.0,5.4,0.0,0.0,0.0,0.0,none,False
2024-03-24 07:00:00,2024-03-24,7,11.9,85,10.9,0.0,0.0,5.9,0.0,0.0,0.0,0.0,none,True
2024-03-24 08:00:00,2024-03-24,8,12.8,80,11.5,0.0,0.0,7.3,0.0,0.0,0.0,0.0,none,True
2024-03-24 09:00:00,2024-03-24,9,14.7,68,12.7,0.0,0.0,11.9,0.0,0.0,0.0,0.0,none,True
2024-03-24 10:00:00,2024-03-24,10,15.9,61,13.2,0.0,0.0,15.9,0.0,0.0,0.0,0.0,none,False
2024-03-24 11:00:00,2024-03-24,11,17.4,53,14.9,0.0,0.0,13.5,0.0,0.0,0.0,0.0,none,False
2024-03-24 12:00:00,2024-03-24,12,19.0,47,17.4,0.0,0.0,12.7,0.0,0.0,0.0,0.0,none,False
2024-03-24 13:00:00,2024-03-24,13,20.0,40,17.9,0.0,0.0,13.8,0.0,0.0,0.0,0.0,none,False
2024-03-24 14:00:00,2024-03-24,14,17.5,54,14.2,1.3,1.3,19.2,1.3,1.3,1.3,1.3,light,False
2024-03-24 15:00:00,2024-03-24,15,18.1,48,15.7,0.7,0.7,11.1,0.7,2.0,2.0,2.0,light,False
2024-03-24 16:00:00,2024-03-24,16,17.6,56,14.5,0.8,0.8,18.8,0.8,2.8,2.8,2.8,light,True
2024-03-24 17:00:00,2024-03-24,17,16.9,53,15.0,0.3,0.3,8.2,0.3,1.8,3.1,3.1,light,True
2024-03-24 18:00:00,2024-03-24,18,18.0,48,16.0,0.0,0.0,7.9,0.0,1.1,3.1,3.1,none,True
2024-03-24 19:00:00,2024-03-24,19,18.5,39,15.1,0.0,0.0,13.5,0.0,0.3,3.1,3.1,none,False
2024-03-24 20:00:00,2024-03-24,20,18.0,39,13.8,0.0,0.0,19.6,0.0,0.0,1.8,3.1,none,False
2024-03-24 21:00:00,2024-03-24,21,16.6,43,12.2,0.0,0.0,19.9,0.0,0.0,1.1,3.1,none,False
2024-03-24 22:00:00,2024-03-24,22,15.1,47,11.8,0.0,0.0,13.4,0.0,0.0,0.3,3.1,none,False
2024-03-24 23:00:00,2024-03-24,23,14.1,52,11.5,0.0,0.0,8.9,0.0,0.0,0.0,3.1,none,False
2024-03-25 00:00:00,2024-03-25,0,13.1,59,11.1,0.0,0.0,5.3,0.0,0.0,0.0,3.1,none,False
2024-03-25 01:00:00,2024-03-25,1,12.1,69,10.1,0.0,0.0,7.2,0.0,0.0,0.0,3.1,none,False
2024-03-25 02:00:00,2024-03-25,2,11.9,67,9.9,0.0,0.0,6.8,0.0,0.0,0.0,3.1,none,False
2024-03-25 03:00:00,2024-03-25,3,12.5,61,10.5,0.0,0.0,5.4,0.0,0.0,0.0,3.1,none,False
2024-03-25 04:00:00,2024-03-25,4,12.7,56,10.7,0.0,0.0,4.1,0.0,0.0,0.0,3.1,none,False
2024-03-25 05:00:00,2024-03-25,5,11.8,63,10.0,0.0,0.0,4.3,0.0,0.0,0.0,3.1,none,False
2024-03-25 06:00:00,2024-03-25,6,9.6,75,7.6,0.0,0.0,5.5,0.0,0.0,0.0,3.1,none,False
2024-03-25 07:00:00,2024-03-25,7,9.8,72,7.8,0.0,0.0,5.2,0.0,0.0,0.0,3.1,none,True
2024-03-25 08:00:00,2024-03-25,8,11.4,65,9.0,0.0,0.0,8.0,0.0,0.0,0.0,3.1,none,True
2024-03-25 09:00:00,2024-03-25,9,13.5,56,11.0,0.0,0.0,8.3,0.0,0.0,0.0,3.1,none,True
2024-03-25 10:00:00,2024-03-25,10,16.1,47,13.8,0.0,0.0,7.1,0.0,0.0,0.0,3.1,none,False
2024-03-25 11:00:00,2024-03-25,11,18.0,41,16.6,0.0,0.0,6.3,0.0,0.0,0.0,3.1,none,False
2024-03-25 12:00:00,2024-03-25,12,19.5,36,18.8,0.0,0.0,7.1,0.0,0.0,0.0,3.1,none,False
2024-03-25 13:00:00,2024-03-25,13,21.0,32,20.0,0.0,0.0,9.9,0.0,0.0,0.0,3.1,none,False
2024-03-25 14:00:00,2024-03-25,14,22.0,27,20.0,0.0,0.0,14.9,0.0,0.0,0.0,1.8,none,False
2024-03-25 15:00:00,2024-03-25,15,22.5,24,19.7,0.0,0.0,15.5,0.0,0.0,0.0,1.1,none,False
2024-03-25 16:00:00,2024-03-25,16,21.8,26,18.9,0.0,0.0,11.6,0.0,0.0,0.0,0.3,none,True
2024-03-25 17:00:00,2024-03-25,17,21.8,24,18.0,0.0,0.0,11.9,0.0,0.0,0.0,0.0,none,True
2024-03-25 18:00:00,2024-03-25,18,21.1,27,17.5,0.0,0.0,11.9,0.0,0.0,0.0,0.0,none,True
2024-03-25 19:00:00,2024-03-25,19,20.1,30,16.8,0.0,0.0,10.5,0.0,0.0,0.0,0.0,none,False
2024-03-25 20:00:00,2024-03-25,20,18.9,34,15.8,0.0,0.0,9.3,0.0,0.0,0.0,0.0,none,False
2024-03-25 21:00:00,2024-03-25,21,18.1,36,15.5,0.0,0.0,6.6,0.0,0.0,0.0,0.0,none,False
2024-03-25 22:00:00,2024-03-25,22,17.1,41,15.0,0.0,0.0,5.2,0.0,0.0,0.0,0.0,none,False
2024-03-25 23:00:00,2024-03-25,23,16.1,46,13.9,0.0,0.0,6.3,0.0,0.0,0.0,0.0,none,False
2024-03-26 00:00:00,2024-03-26,0,15.2,49,12.8,0.0,0.0,8.0,0.0,0.0,0.0,0.0,none,False
2024-03-26 01:00:00,2024-03-26,1,14.8,48,12.4,0.0,0.0,6.5,0.0,0.0,0.0,0.0,none,False
2024-03-26 02:00:00,2024-03-26,2,14.6,45,11.8,0.0,0.0,8.2,0.0,0.0,0.0,0.0,none,False
2024-03-26 03:00:00,2024-03-26,3,13.8,47,10.8,0.0,0.0,9.3,0.0,0.0,0.0,0.0,none,False
2024-03-26 04:00:00,2024-03-26,4,14.4,45,10.8,0.0,0.0,12.6,0.0,0.0,0.0,0.0,none,False
2024-03-26 05:00:00,2024-03-26,5,14.1,46,10.3,0.0,0.0,14.6,0.0,0.0,0.0,0.0,none,False
2024-03-26 06:00:00,2024-03-26,6,13.8,46,9.8,0.0,0.0,15.9,0.0,0.0,0.0,0.0,none,False
2024-03-26 07:00:00,2024-03-26,7,13.5,47,9.4,0.0,0.0,16.7,0.0,0.0,0.0,0.0,none,True
2024-03-26 08:00:00,2024-03-26,8,14.9,43,10.3,0.0,0.0,19.7,0.0,0.0,0.0,0.0,none,True
2024-03-26 09:00:00,2024-03-26,9,17.4,37,12.9,0.0,0.0,19.2,0.0,0.0,0.0,0.0,none,True
2024-03-26 10:00:00,2024-03-26,10,20.0,31,15.5,0.0,0.0,19.4,0.0,0.0,0.0,0.0,none,False
2024-03-26 11:00:00,2024-03-26,11,22.5,26,18.8,0.0,0.0,18.1,0.0,0.0,0.0,0.0,none,False
2024-03-26 12:00:00,2024-03-26,12,24.4,23,21.8,0.0,0.0,14.9,0.0,0.0,0.0,0.0,none,False
2024-03-26 13:00:00,2024-03-26,13,25.6,21,23.7,0.0,0.0,13.0,0.0,0.0,0.0,0.0,none,False
2024-03-26 14:00:00,2024-03-26,14,26.6,20,24.8,0.0,0.0,12.6,0.0,0.0,0.0,0.0,none,False
2024-03-26 15:00:00,2024-03-26,15,27.3,18,25.1,0.0,0.0,11.8,0.0,0.0,0.0,0.0,none,False
2024-03-26 16:00:00,2024-03-26,16,27.4,17,25.4,0.0,0.0,4.8,0.0,0.0,0.0,0.0,none,True
2024-03-26 17:00:00,2024-03-26,17,27.2,17,24.5,0.0,0.0,4.1,0.0,0.0,0.0,0.0,none,True
2024-03-26 18:00:00,2024-03-26,18,26.9,17,23.8,0.0,0.0,6.1,0.0,0.0,0.0,0.0,none,True
2024-03-26 19:00:00,2024-03-26,19,25.9,18,22.5,0.0,0.0,8.2,0.0,0.0,0.0,0.0,none,False
2024-03-26 20:00:00,2024-03-26,20,24.4,21,21.3,0.0,0.0,7.9,0.0,0.0,0.0,0.0,none,False
2024-03-26 21:00:00,2024-03-26,21,22.8,30,20.6,0.0,0.0,6.0,0.0,0.0,0.0,0.0,none,False
2024-03-26 22:00:00,2024-03-26,22,21.9,32,19.9,0.0,0.0,3.9,0.0,0.0,0.0,0.0,none,False
2024-03-26 23:00:00,2024-03-26,23,22.2,24,19.6,0.0,0.0,4.3,0.0,0.0,0.0,0.0,none,False
2024-03-27 00:00:00,2024-03-27,0,20.7,27,17.7,0.0,0.0,6.9,0.0,0.0,0.0,0.0,none,False
2024-03-27 01:00:00,2024-03-27,1,19.8,30,16.8,0.0,0.0,7.9,0.0,0.0,0.0,0.0,none,False
2024-03-27 02:00:00,2024-03-27,2,19.0,33,16.3,0.0,0.0,6.7,0.0,0.0,0.0,0.0,none,False
2024-03-27 03:00:00,2024-03-27,3,17.8,38,15.3,0.0,0.0,6.4,0.0,0.0,0.0,0.0,none,False
2024-03-27 04:00:00,2024-03-27,4,17.2,37,14.5,0.0,0.0,7.1,0.0,0.0,0.0,0.0,none,False
2024-03-27 05:00:00,2024-03-27,5,16.4,38,13.7,0.0,0.0,6.3,0.0,0.0,0.0,0.0,none,False
2024-03-27 06:00:00,2024-03-27,6,16.4,35,13.5,0.0,0.0,6.3,0.0,0.0,0.0,0.0,none,False
2024-03-27 07:00:00,2024-03-27,7,15.9,34,12.8,0.0,0.0,7.0,0.0,0.0,0.0,0.0,none,True
2024-03-27 08:00:00,2024-03-27,8,18.2,28,14.7,0.0,0.0,8.4,0.0,0.0,0.0,0.0,none,True
2024-03-27 09:00:00,2024-03-27,9,22.2,21,19.0,0.0,0.0,6.9,0.0,0.0,0.0,0.0,none,True
2024-03-27 10:00:00,2024-03-27,10,25.0,18,21.6,0.0,0.0,8.1,0.0,0.0,0.0,0.0,none,False
2024-03-27 11:00:00,2024-03-27,11,27.2,16,24.8,0.0,0.0,7.1,0.0,0.0,0.0,0.0,none,False
2024-03-27 12:00:00,2024-03-27,12,29.1,14,27.2,0.0,0.0,8.6,0.0,0.0,0.0,0.0,none,False
2024-03-27 13:00:00,2024-03-27,13,30.5,11,28.5,0.0,0.0,10.0,0.0,0.0,0.0,0.0,none,False
2024-03-27 14:00:00,2024-03-27,14,31.5,10,29.3,0.0,0.0,10.6,0.0,0.0,0.0,0.0,none,False
2024-03-27 15:00:00,2024-03-27,15,32.0,9,29.5,0.0,0.0,10.0,0.0,0.0,0.0,0.0,none,False
2024-03-27 16:00:00,2024-03-27,16,32.0,9,28.8,0.0,0.0,8.6,0.0,0.0,0.0,0.0,none,True
2024-03-27 17:00:00,2024-03-27,17,31.9,8,27.9,0.0,0.0,7.8,0.0,0.0,0.0,0.0,none,True
2024-03-27 18:00:00,2024-03-27,18,31.4,8,27.6,0.0,0.0,6.0,0.0,0.0,0.0,0.0,none,True
2024-03-27 19:00:00,2024-03-27,19,29.7,10,25.7,0.0,0.0,8.0,0.0,0.0,0.0,0.0,none,False
2024-03-27 20:00:00,2024-03-27,20,27.6,13,24.3,0.0,0.0,5.4,0.0,0.0,0.0,0.0,none,False
2024-03-27 21:00:00,2024-03-27,21,25.3,16,22.0,0.0,0.0,5.8,0.0,0.0,0.0,0.0,none,False
2024-03-27 22:00:00,2024-03-27,22,25.8,15,22.6,0.0,0.0,4.8,0.0,0.0,0.0,0.0,none,False
2024-03-27 23:00:00,2024-03-27,23,23.0,20,19.5,0.0,0.0,8.0,0.0,0.0,0.0,0.0,none,False
2024-03-28 00:00:00,2024-03-28,0,24.9,17,21.6,0.0,0.0,5.7,0.0,0.0,0.0,0.0,none,False
2024-03-28 01:00:00,2024-03-28,1,25.0,16,21.9,0.0,0.0,3.3,0.0,0.0,0.0,0.0,none,False
2024-03-28 02:00:00,2024-03-28,2,20.9,20,17.1,0.0,0.0,8.7,0.0,0.0,0.0,0.0,none,False
2024-03-28 03:00:00,2024-03-28,3,20.9,19,17.3,0.0,0.0,6.7,0.0,0.0,0.0,0.0,none,False
2024-03-28 04:00:00,2024-03-28,4,18.6,23,15.0,0.0,0.0,7.2,0.0,0.0,0.0,0.0,none,False
2024-03-28 05:00:00,2024-03-28,5,21.2,20,18.0,0.0,0.0,5.4,0.0,0.0,0.0,0.0,none,False
2024-03-28 06:00:00,2024-03-28,6,21.1,21,18.0,0.0,0.0,4.5,0.0,0.0,0.0,0.0,none,False
2024-03-28 07:00:00,2024-03-28,7,19.9,22,16.6,0.0,0.0,5.9,0.0,0.0,0.0,0.0,none,True
2024-03-28 08:00:00,2024-03-28,8,21.5,20,18.3,0.0,0.0,5.1,0.0,0.0,0.0,0.0,none,True
2024-03-28 09:00:00,2024-03-28,9,24.7,17,22.0,0.0,0.0,1.5,0.0,0.0,0.0,0.0,none,True
2024-03-28 10:00:00,2024-03-28,10,27.5,14,24.4,0.0,0.0,4.3,0.0,0.0,0.0,0.0,none,False
2024-03-28 11:00:00,2024-03-28,11,30.5,11,27.2,0.0,0.0,8.4,0.0,0.0,0.0,0.0,none,False
2024-03-28 12:00:00,2024-03-28,12,32.3,9,28.9,0.0,0.0,13.8,0.0,0.0,0.0,0.0,none,False
2024-03-28 13:00:00,2024-03-28,13,33.0,8,29.3,0.0,0.0,14.3,0.0,0.0,0.0,0.0,none,False
2024-03-28 14:00:00,2024-03-28,14,32.8,8,27.9,0.0,0.0,15.6,0.0,0.0,0.0,0.0,none,False
2024-03-28 15:00:00,2024-03-28,15,32.5,8,26.8,0.0,0.0,18.1,0.0,0.0,0.0,0.0,none,False
2024-03-28 16:00:00,2024-03-28,16,31.9,8,26.6,0.0,0.0,15.9,0.0,0.0,0.0,0.0,none,True
2024-03-28 17:00:00,2024-03-28,17,30.9,9,25.3,0.0,0.0,18.9,0.0,0.0,0.0,0.0,none,True
2024-03-28 18:00:00,2024-03-28,18,30.5,9,25.2,0.0,0.0,16.7,0.0,0.0,0.0,0.0,none,True
2024-03-28 19:00:00,2024-03-28,19,28.8,9,23.2,0.0,0.0,18.2,0.0,0.0,0.0,0.0,none,False
2024-03-28 20:00:00,2024-03-28,20,27.6,10,21.7,0.0,0.0,20.5,0.0,0.0,0.0,0.0,none,False
2024-03-28 21:00:00,2024-03-28,21,24.5,31,19.1,0.0,0.0,30.0,0.0,0.0,0.0,0.0,none,False
2024-03-28 22:00:00,2024-03-28,22,23.5,39,21.2,0.0,0.0,13.7,0.0,0.0,0.0,0.0,none,False
2024-03-28 23:00:00,2024-03-28,23,23.2,41,19.4,0.0,0.0,25.3,0.0,0.0,0.0,0.0,none,False
2024-03-29 00:00:00,2024-03-29,0,22.5,44,21.3,0.1,0.1,8.0,0.1,0.1,0.1,0.1,light,False
2024-03-29 01:00:00,2024-03-29,1,22.2,46,21.8,0.0,0.0,2.9,0.0,0.1,0.1,0.1,none,False
2024-03-29 02:00:00,2024-03-29,2,20.0,57,18.1,0.0,0.0,16.1,0.0,0.1,0.1,0.1,none,False
2024-03-29 03:00:00,2024-03-29,3,18.8,61,17.8,0.0,0.0,9.0,0.0,0.0,0.1,0.1,none,False
2024-03-29 04:00:00,2024-03-29,4,18.4,67,16.5,0.5,0.5,17.7,0.5,0.5,0.6,0.6,light,False
2024-03-29 05:00:00,2024-03-29,5,18.2,69,17.4,0.0,0.0,11.5,0.0,0.5,0.6,0.6,none,False
2024-03-29 06:00:00,2024-03-29,6,17.0,83,17.2,0.0,0.0,7.8,0.0,0.5,0.5,0.6,none,False
2024-03-29 07:00:00,2024-03-29,7,16.5,88,16.6,0.0,0.0,9.2,0.0,0.0,0.5,0.6,none,True
2024-03-29 08:00:00,2024-03-29,8,16.9,84,16.8,0.0,0.0,9.8,0.0,0.0,0.5,0.6,none,True
2024-03-29 09:00:00,2024-03-29,9,19.0,71,18.9,0.0,0.0,9.1,0.0,0.0,0.5,0.6,none,True
2024-03-29 10:00:00,2024-03-29,10,21.2,64,20.8,0.0,0.0,12.6,0.0,0.0,0.0,0.6,none,False
2024-03-29 11:00:00,2024-03-29,11,23.5,55,23.8,0.0,0.0,10.9,0.0,0.0,0.0,0.6,none,False
2024-03-29 12:00:00,2024-03-29,12,25.8,41,25.8,0.0,0.0,12.0,0.0,0.0,0.0,0.6,none,False
2024-03-29 13:00:00,2024-03-29,13,26.9,34,26.8,0.1,0.1,11.7,0.1,0.1,0.1,0.7,light,False
2024-03-29 14:00:00,2024-03-29,14,27.1,33,26.3,0.0,0.0,9.0,0.0,0.1,0.1,0.7,none,False
2024-03-29 15:00:00,2024-03-29,15,28.0,31,27.6,0.0,0.0,8.4,0.0,0.1,0.1,0.7,none,False
2024-03-29 16:00:00,2024-03-29,16,27.0,38,25.3,0.0,0.0,16.1,0.0,0.0,0.1,0.7,none,True
2024-03-29 17:00:00,2024-03-29,17,26.7,39,25.0,0.0,0.0,14.5,0.0,0.0,0.1,0.7,none,True
2024-03-29 18:00:00,2024-03-29,18,26.0,40,23.8,0.0,0.0,17.7,0.0,0.0,0.1,0.7,none,True
2024-03-29 19:00:00,2024-03-29,19,24.3,47,22.0,0.0,0.0,20.2,0.0,0.0,0.0,0.7,none,False
2024-03-29 20:00:00,2024-03-29,20,23.5,49,21.3,0.0,0.0,19.5,0.0,0.0,0.0,0.7,none,False
2024-03-29 21:00:00,2024-03-29,21,22.1,53,20.0,0.0,0.0,19.1,0.0,0.0,0.0,0.7,none,False
2024-03-29 22:00:00,2024-03-29,22,21.1,59,19.6,0.0,0.0,16.1,0.0,0.0,0.0,0.7,none,False
2024-03-29 23:00:00,2024-03-29,23,20.1,65,19.1,0.0,0.0,14.1,0.0,0.0,0.0,0.7,none,False
2024-03-30 00:00:00,2024-03-30,0,19.0,72,18.4,0.0,0.0,12.8,0.0,0.0,0.0,0.6,none,False
2024-03-30 01:00:00,2024-03-30,1,18.0,79,17.5,0.0,0.0,12.4,0.0,0.0,0.0,0.6,none,False
2024-03-30 02:00:00,2024-03-30,2,17.0,86,16.9,0.0,0.0,11.5,0.0,0.0,0.0,0.6,none,False
2024-03-30 03:00:00,2024-03-30,3,16.2,93,16.4,0.0,0.0,10.4,0.0,0.0,0.0,0.6,none,False
2024-03-30 04:00:00,2024-03-30,4,15.9,95,15.8,0.0,0.0,12.1,0.0,0.0,0.0,0.1,none,False
2024-03-30 05:00:00,2024-03-30,5,15.6,98,15.5,0.0,0.0,12.7,0.0,0.0,0.0,0.1,none,False
2024-03-30 06:00:00,2024-03-30,6,15.8,96,15.4,0.0,0.0,14.4,0.0,0.0,0.0,0.1,none,False
2024-03-30 07:00:00,2024-03-30,7,15.8,94,15.5,0.0,0.0,13.2,0.0,0.0,0.0,0.1,none,True
2024-03-30 08:00:00,2024-03-30,8,16.0,92,15.8,0.0,0.0,12.3,0.0,0.0,0.0,0.1,none,True
2024-03-30 09:00:00,2024-03-30,9,17.8,79,17.4,0.0,0.0,12.4,0.0,0.0,0.0,0.1,none,True
2024-03-30 10:00:00,2024-03-30,10,20.6,61,19.4,0.0,0.0,14.3,0.0,0.0,0.0,0.1,none,False
2024-03-30 11:00:00,2024-03-30,11,23.2,48,22.3,0.0,0.0,14.8,0.0,0.0,0.0,0.1,none,False
2024-03-30 12:00:00,2024-03-30,12,25.6,40,25.1,0.0,0.0,15.3,0.0,0.0,0.0,0.1,none,False
2024-03-30 13:00:00,2024-03-30,13,27.6,35,27.3,0.0,0.0,15.8,0.0,0.0,0.0,0.0,none,False
2024-03-30 14:00:00,2024-03-30,14,29.3,30,28.7,0.0,0.0,16.1,0.0,0.0,0.0,0.0,none,False
2024-03-30 15:00:00,2024-03-30,15,30.5,26,29.2,0.0,0.0,16.8,0.0,0.0,0.0,0.0,none,False
2024-03-30 16:00:00,2024-03-30,16,30.2,25,27.9,0.0,0.0,17.0,0.0,0.0,0.0,0.0,none,True
2024-03-30 17:00:00,2024-03-30,17,30.5,24,27.4,0.0,0.0,16.6,0.0,0.0,0.0,0.0,none,True
2024-03-30 18:00:00,2024-03-30,18,30.0,24,26.7,0.0,0.0,17.6,0.0,0.0,0.0,0.0,none,True
2024-03-30 19:00:00,2024-03-30,19,28.8,26,25.6,0.0,0.0,17.3,0.0,0.0,0.0,0.0,none,False
2024-03-30 20:00:00,2024-03-30,20,27.1,31,24.0,0.0,0.0,18.9,0.0,0.0,0.0,0.0,none,False
2024-03-30 21:00:00,2024-03-30,21,25.0,43,22.4,0.0,0.0,21.4,0.0,0.0,0.0,0.0,none,False
2024-03-30 22:00:00,2024-03-30,22,23.4,50,21.3,0.0,0.0,19.6,0.0,0.0,0.0,0.0,none,False
2024-03-30 23:00:00,2024-03-30,23,22.0,56,20.5,0.0,0.0,17.3,0.0,0.0,0.0,0.0,none,False
2024-03-31 00:00:00,2024-03-31,0,20.9,62,19.7,0.0,0.0,14.8,0.0,0.0,0.0,0.0,none,False
2024-03-31 01:00:00,2024-03-31,1,19.8,67,18.8,0.0,0.0,14.6,0.0,0.0,0.0,0.0,none,False
2024-03-31 02:00:00,2024-03-31,2,19.0,71,18.0,0.0,0.0,14.6,0.0,0.0,0.0,0.0,none,False
2024-03-31 03:00:00,2024-03-31,3,18.2,75,17.3,0.0,0.0,14.1,0.0,0.0,0.0,0.0,none,False
2024-03-31 04:00:00,2024-03-31,4,18.0,76,17.2,0.0,0.0,14.3,0.0,0.0,0.0,0.0,none,False
2024-03-31 05:00:00,2024-03-31,5,17.5,79,16.7,0.0,0.0,14.3,0.0,0.0,0.0,0.0,none,False
2024-03-31 06:00:00,2024-03-31,6,17.0,81,16.2,0.0,0.0,14.3,0.0,0.0,0.0,0.0,none,False
2024-03-31 07:00:00,2024-03-31,7,16.9,80,16.0,0.0,0.0,14.2,0.0,0.0,0.0,0.0,none,True
2024-03-31 08:00:00,2024-03-31,8,18.8,70,17.6,0.0,0.0,14.8,0.0,0.0,0.0,0.0,none,True
2024-03-31 09:00:00,2024-03-31,9,21.9,56,20.6,0.0,0.0,14.5,0.0,0.0,0.0,0.0,none,True
2024-03-31 10:00:00,2024-03-31,10,24.9,45,23.2,0.0,0.0,16.3,0.0,0.0,0.0,0.0,none,False
2024-03-31 11:00:00,2024-03-31,11,27.5,36,26.0,0.0,0.0,17.9,0.0,0.0,0.0,0.0,none,False
2024-03-31 12:00:00,2024-03-31,12,30.0,30,28.2,0.0,0.0,21.3,0.0,0.0,0.0,0.0,none,False
2024-03-31 13:00:00,2024-03-31,13,31.8,25,29.6,0.0,0.0,24.0,0.0,0.0,0.0,0.0,none,False
2024-03-31 14:00:00,2024-03-31,14,32.8,22,30.1,0.0,0.0,25.1,0.0,0.0,0.0,0.0,none,False
2024-03-31 15:00:00,2024-03-31,15,33.0,22,30.3,0.0,0.0,24.2,0.0,0.0,0.0,0.0,none,False
2024-03-31 16:00:00,2024-03-31,16,32.9,21,28.9,0.0,0.0,26.6,0.0,0.0,0.0,0.0,none,True
2024-03-31 17:00:00,2024-03-31,17,32.4,22,28.0,0.0,0.0,26.3,0.0,0.0,0.0,0.0,none,True
2024-03-31 18:00:00,2024-03-31,18,31.4,23,26.9,0.0,0.0,27.1,0.0,0.0,0.0,0.0,none,True
2024-03-31 19:00:00,2024-03-31,19,29.8,26,25.6,0.0,0.0,26.0,0.0,0.0,0.0,0.0,none,False
2024-03-31 20:00:00,2024-03-31,20,28.2,30,24.7,0.0,0.0,23.0,0.0,0.0,0.0,0.0,none,False
2024-03-31 21:00:00,2024-03-31,21,26.6,35,23.8,0.0,0.0,19.4,0.0,0.0,0.0,0.0,none,False
2024-03-31 22:00:00,2024-03-31,22,24.9,41,22.4,0.0,0.0,18.2,0.0,0.0,0.0,0.0,none,False
2024-03-31 23:00:00,2024-03-31,23,23.2,47,21.1,0.0,0.0,17.1,0.0,0.0,0.0,0.0,none,False
2024-04-01 00:00:00,2024-04-01,0,21.9,54,20.2,0.0,0.0,15.9,0.0,0.0,0.0,0.0,none,False
2024-04-01 01:00:00,2024-04-01,1,20.9,60,19.6,0.0,0.0,15.1,0.0,0.0,0.0,0.0,none,False
2024-04-01 02:00:00,2024-04-01,2,20.1,65,19.0,0.0,0.0,15.5,0.0,0.0,0.0,0.0,none,False
2024-04-01 03:00:00,2024-04-01,3,19.5,70,18.3,0.0,0.0,16.6,0.0,0.0,0.0,0.0,none,False
2024-04-01 04:00:00,2024-04-01,4,18.8,73,17.8,0.0,0.0,15.2,0.0,0.0,0.0,0.0,none,False
2024-04-01 05:00:00,2024-04-01,5,18.5,74,17.5,0.0,0.0,16.2,0.0,0.0,0.0,0.0,none,False
2024-04-01 06:00:00,2024-04-01,6,18.4,75,17.2,0.0,0.0,16.6,0.0,0.0,0.0,0.0,none,False
2024-04-01 07:00:00,2024-04-01,7,18.4,75,17.2,0.0,0.0,16.6,0.0,0.0,0.0,0.0,none,True
2024-04-01 08:00:00,2024-04-01,8,19.8,68,18.6,0.0,0.0,16.9,0.0,0.0,0.0,0.0,none,True
2024-04-01 09:00:00,2024-04-01,9,22.2,58,20.7,0.0,0.0,18.0,0.0,0.0,0.0,0.0,none,True
2024-04-01 10:00:00,2024-04-01,10,25.0,47,23.3,0.0,0.0,17.8,0.0,0.0,0.0,0.0,none,False
2024-04-01 11:00:00,2024-04-01,11,27.5,37,25.9,0.0,0.0,19.1,0.0,0.0,0.0,0.0,none,False
2024-04-01 12:00:00,2024-04-01,12,29.8,29,28.0,0.0,0.0,21.0,0.0,0.0,0.0,0.0,none,False
2024-04-01 13:00:00,2024-04-01,13,31.6,23,29.2,0.0,0.0,23.7,0.0,0.0,0.0,0.0,none,False
2024-04-01 14:00:00,2024-04-01,14,32.8,19,29.9,0.0,0.0,24.5,0.0,0.0,0.0,0.0,none,False
2024-04-01 15:00:00,2024-04-01,15,33.5,17,29.9,0.0,0.0,24.4,0.0,0.0,0.0,0.0,none,False
2024-04-01 16:00:00,2024-04-01,16,33.0,17,28.6,0.0,0.0,25.2,0.0,0.0,0.0,0.0,none,True
2024-04-01 17:00:00,2024-04-01,17,32.5,18,27.4,0.0,0.0,26.0,0.0,0.0,0.0,0.0,none,True
2024-04-01 18:00:00,2024-04-01,18,31.1,19,26.1,0.0,0.0,26.1,0.0,0.0,0.0,0.0,none,True
2024-04-01 19:00:00,2024-04-01,19,29.2,23,24.8,0.0,0.0,23.7,0.0,0.0,0.0,0.0,none,False
2024-04-01 20:00:00,2024-04-01,20,27.0,28,23.0,0.0,0.0,22.5,0.0,0.0,0.0,0.0,none,False
2024-04-01 21:00:00,2024-04-01,21,25.3,32,22.0,0.0,0.0,18.1,0.0,0.0,0.0,0.0,none,False
2024-04-01 22:00:00,2024-04-01,22,23.9,34,20.7,0.0,0.0,16.3,0.0,0.0,0.0,0.0,none,False
2024-04-01 23:00:00,2024-04-01,23,22.5,37,19.6,0.0,0.0,14.7,0.0,0.0,0.0,0.0,none,False
2024-04-02 00:00:00,2024-04-02,0,21.2,42,18.6,0.0,0.0,14.7,0.0,0.0,0.0,0.0,none,False
2024-04-02 01:00:00,2024-04-02,1,20.3,47,17.6,0.0,0.0,15.8,0.0,0.0,0.0,0.0,none,False
2024-04-02 02:00:00,2024-04-02,2,19.4,52,17.1,0.0,0.0,14.5,0.0,0.0,0.0,0.0,none,False
2024-04-02 03:00:00,2024-04-02,3,18.5,57,16.5,0.0,0.0,13.4,0.0,0.0,0.0,0.0,none,False
2024-04-02 04:00:00,2024-04-02,4,18.3,60,16.4,0.0,0.0,14.1,0.0,0.0,0.0,0.0,none,False
2024-04-02 05:00:00,2024-04-02,5,17.6,64,16.0,0.0,0.0,12.8,0.0,0.0,0.0,0.0,none,False
2024-04-02 06:00:00,2024-04-02,6,17.0,67,15.7,0.0,0.0,11.4,0.0,0.0,0.0,0.0,none,False
2024-04-02 07:00:00,2024-04-02,7,16.6,70,15.4,0.0,0.0,10.8,0.0,0.0,0.0,0.0,none,True
2024-04-02 08:00:00,2024-04-02,8,17.9,66,16.5,0.0,0.0,12.6,0.0,0.0,0.0,0.0,none,True
2024-04-02 09:00:00,2024-04-02,9,20.1,59,18.5,0.0,0.0,14.7,0.0,0.0,0.0,0.0,none,True
2024-04-02 10:00:00,2024-04-02,10,22.9,49,21.0,0.0,0.0,16.3,0.0,0.0,0.0,0.0,none,False
2024-04-02 11:00:00,2024-04-02,11,25.9,38,24.2,0.0,0.0,17.1,0.0,0.0,0.0,0.0,none,False
2024-04-02 12:00:00,2024-04-02,12,28.7,29,27.2,0.0,0.0,17.7,0.0,0.0,0.0,0.0,none,False
2024-04-02 13:00:00,2024-04-02,13,31.0,23,29.3,0.0,0.0,18.7,0.0,0.0,0.0,0.0,none,False
2024-04-02 14:00:00,2024-04-02,14,32.5,20,30.8,0.0,0.0,18.5,0.0,0.0,0.0,0.0,none,False
2024-04-02 15:00:00,2024-04-02,15,33.4,19,31.3,0.0,0.0,18.2,0.0,0.0,0.0,0.0,none,False
2024-04-02 16:00:00,2024-04-02,16,32.9,19,29.9,0.0,0.0,18.0,0.0,0.0,0.0,0.0,none,True
2024-04-02 17:00:00,2024-04-02,17,32.6,19,28.7,0.0,0.0,19.1,0.0,0.0,0.0,0.0,none,True
2024-04-02 18:00:00,2024-04-02,18,31.6,19,27.5,0.0,0.0,20.3,0.0,0.0,0.0,0.0,none,True
2024-04-02 19:00:00,2024-04-02,19,29.8,21,25.3,0.0,0.0,22.5,0.0,0.0,0.0,0.0,none,False
2024-04-02 20:00:00,2024-04-02,20,27.6,23,22.7,0.0,0.0,24.4,0.0,0.0,0.0,0.0,none,False
2024-04-02 21:00:00,2024-04-02,21,25.9,25,21.4,0.0,0.0,21.1,0.0,0.0,0.0,0.0,none,False
2024-04-02 22:00:00,2024-04-02,22,24.2,28,20.4,0.0,0.0,17.5,0.0,0.0,0.0,0.0,none,False
2024-04-02 23:00:00,2024-04-02,23,22.8,30,19.2,0.0,0.0,15.5,0.0,0.0,0.0,0.0,none,False
2024-04-03 00:00:00,2024-04-03,0,21.4,34,18.0,0.0,0.0,14.5,0.0,0.0,0.0,0.0,none,False
2024-04-03 01:00:00,2024-04-03,1,20.1,38,17.2,0.0,0.0,12.6,0.0,0.0,0.0,0.0,none,False
2024-04-03 02:00:00,2024-04-03,2,18.9,43,16.3,0.0,0.0,11.5,0.0,0.0,0.0,0.0,none,False
2024-04-03 03:00:00,2024-04-03,3,17.8,50,15.5,0.0,0.0,10.5,0.0,0.0,0.0,0.0,none,False
2024-04-03 04:00:00,2024-04-03,4,17.2,53,15.0,0.0,0.0,11.3,0.0,0.0,0.0,0.0,none,False
2024-04-03 05:00:00,2024-04-03,5,16.5,58,14.6,0.0,0.0,10.2,0.0,0.0,0.0,0.0,none,False
2024-04-03 06:00:00,2024-04-03,6,15.9,62,14.4,0.0,0.0,8.4,0.0,0.0,0.0,0.0,none,False
2024-04-03 07:00:00,2024-04-03,7,15.6,65,14.1,0.0,0.0,8.4,0.0,0.0,0.0,0.0,none,True
2024-04-03 08:00:00,2024-04-03,8,17.0,61,15.3,0.0,0.0,10.4,0.0,0.0,0.0,0.0,none,True
2024-04-03 09:00:00,2024-04-03,9,19.1,57,17.5,0.0,0.0,12.4,0.0,0.0,0.0,0.0,none,True
2024-04-03 10:00:00,2024-04-03,10,22.0,46,20.1,0.0,0.0,12.8,0.0,0.0,0.0,0.0,none,False
2024-04-03 11:00:00,2024-04-03,11,25.0,34,23.3,0.0,0.0,13.2,0.0,0.0,0.0,0.0,none,False
2024-04-03 12:00:00,2024-04-03,12,27.8,26,26.1,0.0,0.0,15.0,0.0,0.0,0.0,0.0,none,False
2024-04-03 13:00:00,2024-04-03,13,29.9,22,28.4,0.0,0.0,16.0,0.0,0.0,0.0,0.0,none,False
2024-04-03 14:00:00,2024-04-03,14,31.5,20,29.8,0.0,0.0,16.4,0.0,0.0,0.0,0.0,none,False
2024-04-03 15:00:00,2024-04-03,15,32.5,18,30.6,0.0,0.0,15.1,0.0,0.0,0.0,0.0,none,False
2024-04-03 16:00:00,2024-04-03,16,32.7,17,30.3,0.0,0.0,12.4,0.0,0.0,0.0,0.0,none,True
2024-04-03 17:00:00,2024-04-03,17,32.7,17,29.4,0.0,0.0,12.9,0.0,0.0,0.0,0.0,none,True
2024-04-03 18:00:00,2024-04-03,18,32.3,16,28.9,0.0,0.0,12.9,0.0,0.0,0.0,0.0,none,True
2024-04-03 19:00:00,2024-04-03,19,31.0,16,27.3,0.0,0.0,12.8,0.0,0.0,0.0,0.0,none,False
2024-04-03 20:00:00,2024-04-03,20,29.3,16,25.7,0.0,0.0,11.6,0.0,0.0,0.0,0.0,none,False
2024-04-03 21:00:00,2024-04-03,21,27.5,18,22.1,0.0,0.0,23.8,0.0,0.0,0.0,0.0,none,False
2024-04-03 22:00:00,2024-04-03,22,25.4,24,20.9,0.0,0.0,20.9,0.0,0.0,0.0,0.0,none,False
2024-04-03 23:00:00,2024-04-03,23,23.8,31,20.1,0.0,0.0,17.6,0.0,0.0,0.0,0.0,none,False
2024-04-04 00:00:00,2024-04-04,0,22.3,36,19.2,0.0,0.0,15.5,0.0,0.0,0.0,0.0,none,False
2024-04-04 01:00:00,2024-04-04,1,21.1,39,18.2,0.0,0.0,14.0,0.0,0.0,0.0,0.0,none,False
2024-04-04 02:00:00,2024-04-04,2,20.0,41,17.2,0.0,0.0,13.0,0.0,0.0,0.0,0.0,none,False
2024-04-04 03:00:00,2024-04-04,3,19.2,42,16.5,0.0,0.0,11.8,0.0,0.0,0.0,0.0,none,False
2024-04-04 04:00:00,2024-04-04,4,17.8,51,15.5,0.0,0.0,11.0,0.0,0.0,0.0,0.0,none,False
2024-04-04 05:00:00,2024-04-04,5,16.9,56,14.6,0.0,0.0,12.1,0.0,0.0,0.0,0.0,none,False
2024-04-04 06:00:00,2024-04-04,6,16.1,60,14.0,0.0,0.0,11.5,0.0,0.0,0.0,0.0,none,False
2024-04-04 07:00:00,2024-04-04,7,15.6,64,13.8,0.0,0.0,9.8,0.0,0.0,0.0,0.0,none,True
2024-04-04 08:00:00,2024-04-04,8,17.0,61,15.3,0.0,0.0,10.4,0.0,0.0,0.0,0.0,none,True
2024-04-04 09:00:00,2024-04-04,9,19.8,52,18.1,0.0,0.0,10.6,0.0,0.0,0.0,0.0,none,True
2024-04-04 10:00:00,2024-04-04,10,23.0,40,21.0,0.0,0.0,12.0,0.0,0.0,0.0,0.0,none,False
2024-04-04 11:00:00,2024-04-04,11,26.4,28,24.4,0.0,0.0,13.2,0.0,0.0,0.0,0.0,none,False
2024-04-04 12:00:00,2024-04-04,12,29.1,20,27.1,0.0,0.0,14.2,0.0,0.0,0.0,0.0,none,False
2024-04-04 13:00:00,2024-04-04,13,31.0,15,28.6,0.0,0.0,16.5,0.0,0.0,0.0,0.0,none,False
2024-04-04 14:00:00,2024-04-04,14,32.0,14,29.5,0.0,0.0,16.1,0.0,0.0,0.0,0.0,none,False
2024-04-04 15:00:00,2024-04-04,15,32.5,13,30.1,0.0,0.0,13.3,0.0,0.0,0.0,0.0,none,False
2024-04-04 16:00:00,2024-04-04,16,32.8,13,29.9,0.0,0.0,12.1,0.0,0.0,0.0,0.0,none,True
2024-04-04 17:00:00,2024-04-04,17,33.0,13,29.1,0.0,0.0,12.2,0.0,0.0,0.0,0.0,none,True
2024-04-04 18:00:00,2024-04-04,18,32.3,12,27.9,0.0,0.0,15.1,0.0,0.0,0.0,0.0,none,True
2024-04-04 19:00:00,2024-04-04,19,30.8,13,26.5,0.0,0.0,13.3,0.0,0.0,0.0,0.0,none,False
2024-04-04 20:00:00,2024-04-04,20,28.9,14,24.6,0.0,0.0,13.4,0.0,0.0,0.0,0.0,none,False
2024-04-04 21:00:00,2024-04-04,21,26.4,23,21.5,0.0,0.0,22.2,0.0,0.0,0.0,0.0,none,False
2024-04-04 22:00:00,2024-04-04,22,24.8,26,20.6,0.0,0.0,18.8,0.0,0.0,0.0,0.0,none,False
2024-04-04 23:00:00,2024-04-04,23,23.1,30,19.6,0.0,0.0,15.3,0.0,0.0,0.0,0.0,none,False
2024-04-05 00:00:00,2024-04-05,0,21.6,35,18.6,0.0,0.0,12.9,0.0,0.0,0.0,0.0,none,False
2024-04-05 01:00:00,2024-04-05,1,20.1,40,17.4,0.0,0.0,11.9,0.0,0.0,0.0,0.0,none,False
2024-04-05 02:00:00,2024-04-05,2,18.8,45,16.2,0.0,0.0,12.1,0.0,0.0,0.0,0.0,none,False
2024-04-05 03:00:00,2024-04-05,3,17.5,51,15.4,0.0,0.0,9.7,0.0,0.0,0.0,0.0,none,False
2024-04-05 04:00:00,2024-04-05,4,16.9,53,15.0,0.0,0.0,8.0,0.0,0.0,0.0,0.0,none,False
2024-04-05 05:00:00,2024-04-05,5,16.0,57,14.4,0.0,0.0,6.3,0.0,0.0,0.0,0.0,none,False
2024-04-05 06:00:00,2024-04-05,6,15.4,61,13.8,0.0,0.0,6.5,0.0,0.0,0.0,0.0,none,False
2024-04-05 07:00:00,2024-04-05,7,14.9,64,13.4,0.0,0.0,6.9,0.0,0.0,0.0,0.0,none,True
2024-04-05 08:00:00,2024-04-05,8,16.4,61,15.0,0.0,0.0,7.2,0.0,0.0,0.0,0.0,none,True
2024-04-05 09:00:00,2024-04-05,9,18.3,62,17.5,0.0,0.0,7.3,0.0,0.0,0.0,0.0,none,True
2024-04-05 10:00:00,2024-04-05,10,20.9,57,20.2,0.0,0.0,8.7,0.0,0.0,0.0,0.0,none,False
2024-04-05 11:00:00,2024-04-05,11,24.0,39,23.5,0.0,0.0,9.1,0.0,0.0,0.0,0.0,none,False
2024-04-05 12:00:00,2024-04-05,12,26.6,29,26.5,0.0,0.0,8.5,0.0,0.0,0.0,0.0,none,False
2024-04-05 13:00:00,2024-04-05,13,28.8,23,28.7,0.0,0.0,8.0,0.0,0.0,0.0,0.0,none,False
2024-04-05 14:00:00,2024-04-05,14,30.5,19,29.6,0.0,0.0,9.9,0.0,0.0,0.0,0.0,none,False
2024-04-05 15:00:00,2024-04-05,15,31.1,16,28.9,0.0,0.0,13.5,0.0,0.0,0.0,0.0,none,False
2024-04-05 16:00:00,2024-04-05,16,30.1,18,26.6,0.0,0.0,17.6,0.0,0.0,0.0,0.0,none,True
2024-04-05 17:00:00,2024-04-05,17,29.8,20,25.7,0.0,0.0,18.2,0.0,0.0,0.0,0.0,none,True
2024-04-05 18:00:00,2024-04-05,18,28.6,24,24.9,0.0,0.0,18.6,0.0,0.0,0.0,0.0,none,True
2024-04-05 19:00:00,2024-04-05,19,27.0,25,23.0,0.0,0.0,19.6,0.0,0.0,0.0,0.0,none,False
2024-04-05 20:00:00,2024-04-05,20,24.9,31,21.3,0.0,0.0,18.3,0.0,0.0,0.0,0.0,none,False
2024-04-05 21:00:00,2024-04-05,21,22.6,41,19.3,0.0,0.0,20.9,0.0,0.0,0.0,0.0,none,False
2024-04-05 22:00:00,2024-04-05,22,20.6,49,17.6,0.0,0.0,19.6,0.0,0.0,0.0,0.0,none,False
2024-04-05 23:00:00,2024-04-05,23,19.0,56,16.6,0.0,0.0,17.0,0.0,0.0,0.0,0.0,none,False
2024-04-06 00:00:00,2024-04-06,0,17.9,63,16.3,0.0,0.0,12.3,0.0,0.0,0.0,0.0,none,False
2024-04-06 01:00:00,2024-04-06,1,17.0,70,16.2,0.0,0.0,8.5,0.0,0.0,0.0,0.0,none,False
2024-04-06 02:00:00,2024-04-06,2,16.3,76,16.1,0.0,0.0,6.1,0.0,0.0,0.0,0.0,none,False
2024-04-06 03:00:00,2024-04-06,3,15.6,84,15.7,0.0,0.0,5.4,0.0,0.0,0.0,0.0,none,False
2024-04-06 04:00:00,2024-04-06,4,15.4,88,15.6,0.0,0.0,6.4,0.0,0.0,0.0,0.0,none,False
2024-04-06 05:00:00,2024-04-06,5,15.1,93,15.5,0.0,0.0,5.2,0.0,0.0,0.0,0.0,none,False
2024-04-06 06:00:00,2024-04-06,6,14.9,94,15.6,0.0,0.0,4.3,0.0,0.0,0.0,0.0,none,False
2024-04-06 07:00:00,2024-04-06,7,14.8,95,15.5,0.0,0.0,4.1,0.0,0.0,0.0,0.0,none,True
2024-04-06 08:00:00,2024-04-06,8,15.8,88,16.0,0.0,0.0,7.1,0.0,0.0,0.0,0.0,none,True
2024-04-06 09:00:00,2024-04-06,9,17.9,74,16.9,0.0,0.0,13.6,0.0,0.0,0.0,0.0,none,True
2024-04-06 10:00:00,2024-04-06,10,20.0,58,18.4,0.0,0.0,14.9,0.0,0.0,0.0,0.0,none,False
2024-04-06 11:00:00,2024-04-06,11,22.0,50,21.1,0.0,0.0,12.5,0.0,0.0,0.0,0.0,none,False
2024-04-06 12:00:00,2024-04-06,12,24.1,39,23.7,0.0,0.0,12.2,0.0,0.0,0.0,0.0,none,False
2024-04-06 13:00:00,2024-04-06,13,26.4,28,25.4,0.0,0.0,14.1,0.0,0.0,0.0,0.0,none,False
2024-04-06 14:00:00,2024-04-06,14,27.4,27,25.7,0.0,0.0,18.4,0.0,0.0,0.0,0.0,none,False
2024-04-06 15:00:00,2024-04-06,15,28.3,24,26.0,0.0,0.0,18.4,0.0,0.0,0.0,0.0,none,False
2024-04-06 16:00:00,2024-04-06,16,27.8,25,24.9,0.0,0.0,18.1,0.0,0.0,0.0,0.0,none,True
2024-04-06 17:00:00,2024-04-06,17,27.2,23,22.8,0.0,0.0,20.6,0.0,0.0,0.0,0.0,none,True
2024-04-06 18:00:00,2024-04-06,18,26.1,25,21.9,0.0,0.0,20.7,0.0,0.0,0.0,0.0,none,True
2024-04-06 19:00:00,2024-04-06,19,24.5,28,20.1,0.0,0.0,21.6,0.0,0.0,0.0,0.0,none,False
2024-04-06 20:00:00,2024-04-06,20,22.8,33,18.7,0.0,0.0,20.9,0.0,0.0,0.0,0.0,none,False
2024-04-06 21:00:00,2024-04-06,21,21.4,39,17.6,0.0,0.0,20.7,0.0,0.0,0.0,0.0,none,False
2024-04-06 22:00:00,2024-04-06,22,19.9,51,17.0,0.0,0.0,18.6,0.0,0.0,0.0,0.0,none,False
2024-04-06 23:00:00,2024-04-06,23,18.6,62,16.9,0.0,0.0,14.0,0.0,0.0,0.0,0.0,none,False
2024-04-07 00:00:00,2024-04-07,0,17.6,70,16.8,0.0,0.0,10.3,0.0,0.0,0.0,0.0,none,False
2024-04-07 01:00:00,2024-04-07,1,17.0,75,16.7,0.0,0.0,7.6,0.0,0.0,0.0,0.0,none,False
2024-04-07 02:00:00,2024-04-07,2,16.4,80,16.4,0.0,0.0,5.5,0.0,0.0,0.0,0.0,none,False
2024-04-07 03:00:00,2024-04-07,3,15.9,83,16.1,0.0,0.0,5.2,0.0,0.0,0.0,0.0,none,False
2024-04-07 04:00:00,2024-04-07,4,16.6,80,16.7,0.1,0.1,6.9,0.1,0.1,0.1,0.1,light,False
2024-04-07 05:00:00,2024-04-07,5,17.2,80,17.1,0.0,0.0,8.7,0.0,0.1,0.1,0.1,none,False
2024-04-07 06:00:00,2024-04-07,6,17.1,81,16.8,0.1,0.1,10.4,0.1,0.2,0.2,0.2,light,False
2024-04-07 07:00:00,2024-04-07,7,16.6,85,16.3,0.1,0.1,12.1,0.1,0.2,0.30000000000000004,0.30000000000000004,light,True
2024-04-07 08:00:00,2024-04-07,8,17.2,83,16.7,0.0,0.0,14.0,0.0,0.2,0.30000000000000004,0.30000000000000004,none,True
2024-04-07 09:00:00,2024-04-07,9,18.8,73,17.8,0.1,0.1,15.4,0.1,0.2,0.4,0.4,light,True
2024-04-07 10:00:00,2024-04-07,10,20.5,60,19.3,0.0,0.0,13.5,0.0,0.1,0.30000000000000004,0.4,none,False
2024-04-07 11:00:00,2024-04-07,11,22.5,47,21.5,0.0,0.0,14.0,0.0,0.1,0.30000000000000004,0.4,none,False
2024-04-07 12:00:00,2024-04-07,12,24.4,37,23.3,0.0,0.0,15.6,0.0,0.0,0.2,0.4,none,False
2024-04-07 13:00:00,2024-04-07,13,25.8,32,24.4,0.0,0.0,17.5,0.0,0.0,0.1,0.4,none,False
2024-04-07 14:00:00,2024-04-07,14,27.0,28,25.3,0.0,0.0,18.9,0.0,0.0,0.1,0.4,none,False
2024-04-07 15:00:00,2024-04-07,15,27.9,25,25.2,0.0,0.0,20.3,0.0,0.0,0.0,0.4,none,False
2024-04-07 16:00:00,2024-04-07,16,27.1,25,24.0,0.0,0.0,17.6,0.0,0.0,0.0,0.4,none,True
2024-04-07 17:00:00,2024-04-07,17,26.9,24,22.8,0.0,0.0,19.2,0.0,0.0,0.0,0.4,none,True
2024-04-07 18:00:00,2024-04-07,18,25.6,27,21.0,0.0,0.0,23.2,0.0,0.0,0.0,0.4,none,True
2024-04-07 19:00:00,2024-04-07,19,24.1,29,19.7,0.0,0.0,22.2,0.0,0.0,0.0,0.4,none,False
2024-04-07 20:00:00,2024-04-07,20,22.7,32,18.7,0.0,0.0,19.5,0.0,0.0,0.0,0.4,none,False
2024-04-07 21:00:00,2024-04-07,21,21.4,38,17.8,0.0,0.0,18.1,0.0,0.0,0.0,0.4,none,False
2024-04-07 22:00:00,2024-04-07,22,20.1,48,17.6,0.0,0.0,15.0,0.0,0.0,0.0,0.4,none,False
2024-04-07 23:00:00,2024-04-07,23,19.0,58,17.5,0.0,0.0,11.6,0.0,0.0,0.0,0.4,none,False
2024-04-08 00:00:00,2024-04-08,0,18.1,67,17.4,0.0,0.0,8.8,0.0,0.0,0.0,0.4,none,False
2024-04-08 01:00:00,2024-04-08,1,17.4,72,17.3,0.0,0.0,5.6,0.0,0.0,0.0,0.4,none,False
2024-04-08 02:00:00,2024-04-08,2,16.7,76,16.7,0.0,0.0,5.4,0.0,0.0,0.0,0.4,none,False
2024-04-08 03:00:00,2024-04-08,3,16.2,78,16.1,0.0,0.0,5.5,0.0,0.0,0.0,0.4,none,False
2024-04-08 04:00:00,2024-04-08,4,15.8,82,15.8,0.0,0.0,5.2,0.0,0.0,0.0,0.30000000000000004,none,False
2024-04-08 05:00:00,2024-04-08,5,15.1,86,15.3,0.0,0.0,4.1,0.0,0.0,0.0,0.30000000000000004,none,False
2024-04-08 06:00:00,2024-04-08,6,14.7,87,14.8,0.0,0.0,4.7,0.0,0.0,0.0,0.2,none,False
2024-04-08 07:00:00,2024-04-08,7,14.4,88,13.9,0.0,0.0,8.8,0.0,0.0,0.0,0.1,none,True
2024-04-08 08:00:00,2024-04-08,8,16.0,79,14.9,0.0,0.0,12.3,0.0,0.0,0.0,0.1,none,True
2024-04-08 09:00:00,2024-04-08,9,18.0,68,16.6,0.0,0.0,14.4,0.0,0.0,0.0,0.0,none,True
2024-04-08 10:00:00,2024-04-08,10,20.5,53,18.5,0.0,0.0,14.7,0.0,0.0,0.0,0.0,none,False
2024-04-08 11:00:00,2024-04-08,11,22.7,41,20.6,0.0,0.0,16.6,0.0,0.0,0.0,0.0,none,False
2024-04-08 12:00:00,2024-04-08,12,24.7,28,21.9,0.0,0.0,19.9,0.0,0.0,0.0,0.0,none,False
2024-04-08 13:00:00,2024-04-08,13,25.0,26,20.7,0.0,0.0,21.5,0.0,0.0,0.0,0.0,none,False
2024-04-08 14:00:00,2024-04-08,14,26.0,22,21.8,0.0,0.0,22.8,0.0,0.0,0.0,0.0,none,False
2024-04-08 15:00:00,2024-04-08,15,26.9,20,22.2,0.0,0.0,25.0,0.0,0.0,0.0,0.0,none,False
2024-04-08 16:00:00,2024-04-08,16,23.7,29,18.2,0.0,0.0,28.7,0.0,0.0,0.0,0.0,none,True
2024-04-08 17:00:00,2024-04-08,17,23.0,34,19.3,0.0,0.0,19.1,0.0,0.0,0.0,0.0,none,True
2024-04-08 18:00:00,2024-04-08,18,23.0,33,19.9,0.0,0.0,14.8,0.0,0.0,0.0,0.0,none,True
2024-04-08 19:00:00,2024-04-08,19,22.5,34,19.3,0.0,0.0,14.8,0.0,0.0,0.0,0.0,none,False
2024-04-08 20:00:00,2024-04-08,20,21.1,40,18.4,0.0,0.0,13.7,0.0,0.0,0.0,0.0,none,False
2024-04-08 21:00:00,2024-04-08,21,20.1,48,17.5,0.0,0.0,16.1,0.0,0.0,0.0,0.0,none,False
2024-04-08 22:00:00,2024-04-08,22,19.1,56,17.7,0.0,0.0,9.9,0.0,0.0,0.0,0.0,none,False
2024-04-08 23:00:00,2024-04-08,23,18.2,60,17.4,0.0,0.0,6.4,0.0,0.0,0.0,0.0,none,False
2024-04-09 00:00:00,2024-04-09,0,17.4,64,16.9,0.0,0.0,4.7,0.0,0.0,0.0,0.0,none,False
2024-04-09 01:00:00,2024-04-09,1,16.8,69,16.5,0.0,0.0,4.2,0.0,0.0,0.0,0.0,none,False
2024-04-09 02:00:00,2024-04-09,2,15.8,77,15.6,0.0,0.0,4.7,0.0,0.0,0.0,0.0,none,False
2024-04-09 03:00:00,2024-04-09,3,15.6,77,15.2,0.0,0.0,6.2,0.0,0.0,0.0,0.0,none,False
2024-04-09 04:00:00,2024-04-09,4,15.6,76,15.3,0.0,0.0,4.7,0.0,0.0,0.0,0.0,none,False
2024-04-09 05:00:00,2024-04-09,5,14.9,82,14.9,0.0,0.0,4.6,0.0,0.0,0.0,0.0,none,False
2024-04-09 06:00:00,2024-04-09,6,14.2,87,14.2,0.0,0.0,5.1,0.0,0.0,0.0,0.0,none,False
2024-04-09 07:00:00,2024-04-09,7,13.8,91,13.9,0.0,0.0,4.6,0.0,0.0,0.0,0.0,none,True
2024-04-09 08:00:00,2024-04-09,8,15.1,84,14.8,0.0,0.0,7.3,0.0,0.0,0.0,0.0,none,True
2024-04-09 09:00:00,2024-04-09,9,17.1,74,16.7,0.0,0.0,7.6,0.0,0.0,0.0,0.0,none,True
2024-04-09 10:00:00,2024-04-09,10,19.1,58,18.0,0.1,0.1,8.8,0.1,0.1,0.1,0.1,light,False
2024-04-09 11:00:00,2024-04-09,11,20.9,47,19.3,0.3,0.3,12.2,0.3,0.4,0.4,0.4,light,False
2024-04-09 12:00:00,2024-04-09,12,22.1,41,20.3,0.1,0.1,14.8,0.1,0.5,0.5,0.5,light,False
2024-04-09 13:00:00,2024-04-09,13,23.6,34,21.4,0.0,0.0,17.6,0.0,0.4,0.5,0.5,none,False
2024-04-09 14:00:00,2024-04-09,14,24.5,30,21.5,0.0,0.0,21.7,0.0,0.09999999999999995,0.5,0.5,none,False
2024-04-09 15:00:00,2024-04-09,15,24.9,29,21.4,0.0,0.0,22.7,0.0,0.0,0.5,0.5,none,False
2024-04-09 16:00:00,2024-04-09,16,25.3,21,20.7,0.0,0.0,21.0,0.0,0.0,0.4,0.5,none,True
2024-04-09 17:00:00,2024-04-09,17,25.0,22,20.0,0.0,0.0,22.4,0.0,0.0,0.09999999999999995,0.5,none,True
2024-04-09 18:00:00,2024-04-09,18,23.5,29,18.6,0.0,0.0,23.7,0.0,0.0,0.0,0.5,none,True
2024-04-09 19:00:00,2024-04-09,19,22.4,33,18.2,0.0,0.0,20.6,0.0,0.0,0.0,0.5,none,False
2024-04-09 20:00:00,2024-04-09,20,21.2,38,17.9,0.0,0.0,16.9,0.0,0.0,0.0,0.5,none,False
2024-04-09 21:00:00,2024-04-09,21,20.4,41,17.6,0.0,0.0,13.2,0.0,0.0,0.0,0.5,none,False
2024-04-09 22:00:00,2024-04-09,22,19.5,47,17.1,0.0,0.0,11.9,0.0,0.0,0.0,0.5,none,False
2024-04-09 23:00:00,2024-04-09,23,18.5,54,16.8,0.0,0.0,9.4,0.0,0.0,0.0,0.5,none,False
2024-04-10 00:00:00,2024-04-10,0,17.5,60,16.5,0.0,0.0,5.9,0.0,0.0,0.0,0.5,none,False
2024-04-10 01:00:00,2024-04-10,1,16.2,69,15.6,0.0,0.0,5.4,0.0,0.0,0.0,0.5,none,False
2024-04-10 02:00:00,2024-04-10,2,15.8,72,15.3,0.0,0.0,5.2,0.0,0.0,0.0,0.5,none,False
2024-04-10 03:00:00,2024-04-10,3,15.4,74,14.9,0.0,0.0,4.7,0.0,0.0,0.0,0.5,none,False
2024-04-10 04:00:00,2024-04-10,4,14.6,78,14.0,0.0,0.0,6.4,0.0,0.0,0.0,0.5,none,False
2024-04-10 05:00:00,2024-04-10,5,15.0,77,14.7,0.0,0.0,4.0,0.0,0.0,0.0,0.5,none,False
2024-04-10 06:00:00,2024-04-10,6,14.7,79,14.6,0.0,0.0,3.3,0.0,0.0,0.0,0.5,none,False
2024-04-10 07:00:00,2024-04-10,7,13.8,84,13.7,0.0,0.0,2.9,0.0,0.0,0.0,0.5,none,True
2024-04-10 08:00:00,2024-04-10,8,15.5,75,15.2,0.0,0.0,4.3,0.0,0.0,0.0,0.5,none,True
2024-04-10 09:00:00,2024-04-10,9,17.4,69,17.2,0.0,0.0,4.4,0.0,0.0,0.0,0.5,none,True
2024-04-10 10:00:00,2024-04-10,10,19.2,61,19.0,0.0,0.0,4.7,0.0,0.0,0.0,0.4,none,False
2024-04-10 11:00:00,2024-04-10,11,21.2,48,21.5,0.0,0.0,4.3,0.0,0.0,0.0,0.09999999999999995,none,False
2024-04-10 12:00:00,2024-04-10,12,23.0,39,23.1,0.0,0.0,5.5,0.0,0.0,0.0,0.0,none,False
2024-04-10 13:00:00,2024-04-10,13,24.4,34,23.6,0.0,0.0,7.6,0.0,0.0,0.0,0.0,none,False
2024-04-10 14:00:00,2024-04-10,14,25.1,31,22.7,0.0,0.0,11.5,0.0,0.0,0.0,0.0,none,False
2024-04-10 15:00:00,2024-04-10,15,25.4,30,22.5,0.0,0.0,14.0,0.0,0.0,0.0,0.0,none,False
2024-04-10 16:00:00,2024-04-10,16,26.0,30,23.3,0.0,0.0,13.4,0.0,0.0,0.0,0.0,none,True
2024-04-10 17:00:00,2024-04-10,17,25.7,30,22.8,0.0,0.0,14.2,0.0,0.0,0.0,0.0,none,True
2024-04-10 18:00:00,2024-04-10,18,25.5,29,22.9,0.0,0.0,10.9,0.0,0.0,0.0,0.0,none,True
2024-04-10 19:00:00,2024-04-10,19,24.5,31,21.7,0.0,0.0,12.7,0.0,0.0,0.0,0.0,none,False
2024-04-10 20:00:00,2024-04-10,20,23.6,36,20.4,0.0,0.0,17.4,0.0,0.0,0.0,0.0,none,False
2024-04-10 21:00:00,2024-04-10,21,22.5,40,19.7,0.0,0.0,16.1,0.0,0.0,0.0,0.0,none,False
2024-04-10 22:00:00,2024-04-10,22,20.6,54,18.1,0.0,0.0,19.2,0.0,0.0,0.0,0.0,none,False
2024-04-10 23:00:00,2024-04-10,23,19.6,58,18.0,0.0,0.0,13.9,0.0,0.0,0.0,0.0,none,False
2024-04-11 00:00:00,2024-04-11,0,18.9,62,17.9,0.0,0.0,9.1,0.0,0.0,0.0,0.0,none,False
2024-04-11 01:00:00,2024-04-11,1,18.0,65,17.5,0.0,0.0,6.5,0.0,0.0,0.0,0.0,none,False
2024-04-11 02:00:00,2024-04-11,2,17.1,69,16.8,0.0,0.0,5.4,0.0,0.0,0.0,0.0,none,False
2024-04-11 03:00:00,2024-04-11,3,16.1,74,15.8,0.0,0.0,5.1,0.0,0.0,0.0,0.0,none,False
2024-04-11 04:00:00,2024-04-11,4,15.9,77,15.9,0.0,0.0,4.2,0.0,0.0,0.0,0.0,none,False
2024-04-11 05:00:00,2024-04-11,5,16.0,76,16.3,0.0,0.0,2.0,0.0,0.0,0.0,0.0,none,False
2024-04-11 06:00:00,2024-04-11,6,15.7,78,15.7,0.0,0.0,3.8,0.0,0.0,0.0,0.0,none,False
2024-04-11 07:00:00,2024-04-11,7,14.6,85,14.6,0.0,0.0,4.3,0.0,0.0,0.0,0.0,none,True
2024-04-11 08:00:00,2024-04-11,8,15.9,78,15.6,0.0,0.0,6.9,0.0,0.0,0.0,0.0,none,True
2024-04-11 09:00:00,2024-04-11,9,18.1,68,17.6,0.0,0.0,8.3,0.0,0.0,0.0,0.0,none,True
2024-04-11 10:00:00,2024-04-11,10,20.4,56,19.7,0.0,0.0,7.6,0.0,0.0,0.0,0.0,none,False
2024-04-11 11:00:00,2024-04-11,11,22.6,44,22.5,0.0,0.0,6.9,0.0,0.0,0.0,0.0,none,False
2024-04-11 12:00:00,2024-04-11,12,24.5,36,25.0,0.0,0.0,6.9,0.0,0.0,0.0,0.0,none,False
2024-04-11 13:00:00,2024-04-11,13,26.2,31,26.9,0.0,0.0,6.5,0.0,0.0,0.0,0.0,none,False
2024-04-11 14:00:00,2024-04-11,14,27.4,28,27.9,0.0,0.0,6.5,0.0,0.0,0.0,0.0,none,False
2024-04-11 15:00:00,2024-04-11,15,28.1,26,28.4,0.0,0.0,4.5,0.0,0.0,0.0,0.0,none,False
2024-04-11 16:00:00,2024-04-11,16,28.8,24,27.3,0.0,0.0,7.4,0.0,0.0,0.0,0.0,none,True
2024-04-11 17:00:00,2024-04-11,17,28.9,22,26.0,0.0,0.0,11.6,0.0,0.0,0.0,0.0,none,True
2024-04-11 18:00:00,2024-04-11,18,28.1,23,25.0,0.0,0.0,13.2,0.0,0.0,0.0,0.0,none,True
2024-04-11 19:00:00,2024-04-11,19,27.3,25,24.4,0.0,0.0,12.1,0.0,0.0,0.0,0.0,none,False
2024-04-11 20:00:00,2024-04-11,20,25.5,29,23.0,0.0,0.0,10.4,0.0,0.0,0.0,0.0,none,False
2024-04-11 21:00:00,2024-04-11,21,24.2,32,21.7,0.0,0.0,10.9,0.0,0.0,0.0,0.0,none,False
2024-04-11 22:00:00,2024-04-11,22,22.6,39,19.3,0.0,0.0,19.5,0.0,0.0,0.0,0.0,none,False
2024-04-11 23:00:00,2024-04-11,23,21.4,45,18.6,0.0,0.0,17.1,0.0,0.0,0.0,0.0,none,False
2024-04-12 00:00:00,2024-04-12,0,20.2,51,18.0,0.0,0.0,14.8,0.0,0.0,0.0,0.0,none,False
2024-04-12 01:00:00,2024-04-12,1,19.1,56,17.3,0.0,0.0,13.0,0.0,0.0,0.0,0.0,none,False
2024-04-12 02:00:00,2024-04-12,2,18.1,61,16.6,0.0,0.0,11.0,0.0,0.0,0.0,0.0,none,False
2024-04-12 03:00:00,2024-04-12,3,17.1,67,16.1,0.0,0.0,9.4,0.0,0.0,0.0,0.0,none,False
2024-04-12 04:00:00,2024-04-12,4,17.2,69,16.3,0.0,0.0,9.7,0.0,0.0,0.0,0.0,none,False
2024-04-12 05:00:00,2024-04-12,5,16.5,75,15.9,0.0,0.0,8.2,0.0,0.0,0.0,0.0,none,False
2024-04-12 06:00:00,2024-04-12,6,15.8,80,15.4,0.0,0.0,7.7,0.0,0.0,0.0,0.0,none,False
2024-04-12 07:00:00,2024-04-12,7,15.4,84,15.1,0.0,0.0,8.7,0.0,0.0,0.0,0.0,none,True
2024-04-12 08:00:00,2024-04-12,8,16.9,80,16.4,0.0,0.0,11.1,0.0,0.0,0.0,0.0,none,True
2024-04-12 09:00:00,2024-04-12,9,19.0,73,18.4,0.0,0.0,12.6,0.0,0.0,0.0,0.0,none,True
2024-04-12 10:00:00,2024-04-12,10,21.1,59,20.2,0.0,0.0,12.7,0.0,0.0,0.0,0.0,none,False
2024-04-12 11:00:00,2024-04-12,11,23.5,45,22.7,0.0,0.0,13.4,0.0,0.0,0.0,0.0,none,False
2024-04-12 12:00:00,2024-04-12,12,25.5,38,25.3,0.0,0.0,12.7,0.0,0.0,0.0,0.0,none,False
2024-04-12 13:00:00,2024-04-12,13,27.1,33,27.4,0.0,0.0,10.9,0.0,0.0,0.0,0.0,none,False
2024-04-12 14:00:00,2024-04-12,14,28.2,28,28.5,0.0,0.0,9.3,0.0,0.0,0.0,0.0,none,False
2024-04-12 15:00:00,2024-04-12,15,29.1,25,28.6,0.0,0.0,9.4,0.0,0.0,0.0,0.0,none,False
2024-04-12 16:00:00,2024-04-12,16,28.9,25,27.1,0.0,0.0,12.2,0.0,0.0,0.0,0.0,none,True
2024-04-12 17:00:00,2024-04-12,17,28.9,24,26.1,0.0,0.0,13.0,0.0,0.0,0.0,0.0,none,True
2024-04-12 18:00:00,2024-04-12,18,28.2,24,25.1,0.0,0.0,14.8,0.0,0.0,0.0,0.0,none,True
2024-04-12 19:00:00,2024-04-12,19,27.3,24,23.8,0.0,0.0,15.9,0.0,0.0,0.0,0.0,none,False
2024-04-12 20:00:00,2024-04-12,20,26.4,25,23.1,0.0,0.0,13.5,0.0,0.0,0.0,0.0,none,False
2024-04-12 21:00:00,2024-04-12,21,24.5,33,20.8,0.0,0.0,20.3,0.0,0.0,0.0,0.0,none,False
2024-04-12 22:00:00,2024-04-12,22,22.4,45,19.2,0.0,0.0,21.3,0.0,0.0,0.0,0.0,none,False
2024-04-12 23:00:00,2024-04-12,23,20.8,52,18.3,0.0,0.0,18.5,0.0,0.0,0.0,0.0,none,False
2024-04-13 00:00:00,2024-04-13,0,19.5,59,17.7,0.0,0.0,15.3,0.0,0.0,0.0,0.0,none,False
2024-04-13 01:00:00,2024-04-13,1,18.5,66,17.1,0.0,0.0,14.3,0.0,0.0,0.0,0.0,none,False
2024-04-13 02:00:00,2024-04-13,2,17.6,73,16.5,0.0,0.0,13.6,0.0,0.0,0.0,0.0,none,False
2024-04-13 03:00:00,2024-04-13,3,16.9,80,16.2,0.0,0.0,11.6,0.0,0.0,0.0,0.0,none,False
2024-04-13 04:00:00,2024-04-13,4,16.5,83,16.0,0.0,0.0,11.4,0.0,0.0,0.0,0.0,none,False
2024-04-13 05:00:00,2024-04-13,5,16.0,88,15.8,0.0,0.0,10.4,0.0,0.0,0.0,0.0,none,False
2024-04-13 06:00:00,2024-04-13,6,16.5,88,16.2,0.0,0.0,12.5,0.0,0.0,0.0,0.0,none,False
2024-04-13 07:00:00,2024-04-13,7,16.5,88,16.3,0.0,0.0,11.7,0.0,0.0,0.0,0.0,none,True
2024-04-13 08:00:00,2024-04-13,8,17.0,84,16.6,0.0,0.0,11.7,0.0,0.0,0.0,0.0,none,True
2024-04-13 09:00:00,2024-04-13,9,18.5,73,18.0,0.0,0.0,12.2,0.0,0.0,0.0,0.0,none,True
2024-04-13 10:00:00,2024-04-13,10,20.6,63,20.1,0.0,0.0,10.8,0.0,0.0,0.0,0.0,none,False
2024-04-13 11:00:00,2024-04-13,11,23.0,53,23.1,0.0,0.0,11.0,0.0,0.0,0.0,0.0,none,False
2024-04-13 12:00:00,2024-04-13,12,25.4,43,26.0,0.0,0.0,11.0,0.0,0.0,0.0,0.0,none,False
2024-04-13 13:00:00,2024-04-13,13,27.5,35,28.0,0.0,0.0,12.1,0.0,0.0,0.0,0.0,none,False
2024-04-13 14:00:00,2024-04-13,14,29.1,29,28.6,0.0,0.0,15.1,0.0,0.0,0.0,0.0,none,False
2024-04-13 15:00:00,2024-04-13,15,30.2,26,28.4,0.0,0.0,18.7,0.0,0.0,0.0,0.0,none,False
2024-04-13 16:00:00,2024-04-13,16,29.8,26,27.4,0.0,0.0,17.7,0.0,0.0,0.0,0.0,none,True
2024-04-13 17:00:00,2024-04-13,17,29.8,25,26.4,0.0,0.0,18.4,0.0,0.0,0.0,0.0,none,True
2024-04-13 18:00:00,2024-04-13,18,29.5,24,25.9,0.0,0.0,18.4,0.0,0.0,0.0,0.0,none,True
2024-04-13 19:00:00,2024-04-13,19,28.2,27,24.4,0.0,0.0,21.4,0.0,0.0,0.0,0.0,none,False
2024-04-13 20:00:00,2024-04-13,20,26.5,30,22.3,0.0,0.0,23.9,0.0,0.0,0.0,0.0,none,False
2024-04-13 21:00:00,2024-04-13,21,24.5,39,20.9,0.0,0.0,23.4,0.0,0.0,0.0,0.0,none,False
2024-04-13 22:00:00,2024-04-13,22,22.7,48,20.1,0.0,0.0,20.2,0.0,0.0,0.0,0.0,none,False
2024-04-13 23:00:00,2024-04-13,23,21.0,56,18.9,0.0,0.0,18.1,0.0,0.0,0.0,0.0,none,False
2024-04-14 00:00:00,2024-04-14,0,19.6,63,18.3,0.0,0.0,14.8,0.0,0.0,0.0,0.0,none,False
2024-04-14 01:00:00,2024-04-14,1,18.8,70,18.2,0.0,0.0,11.5,0.0,0.0,0.0,0.0,none,False
2024-04-14 02:00:00,2024-04-14,2,18.1,76,17.9,0.0,0.0,9.7,0.0,0.0,0.0,0.0,none,False
2024-04-14 03:00:00,2024-04-14,3,17.4,83,17.6,0.0,0.0,9.0,0.0,0.0,0.0,0.0,none,False
2024-04-14 04:00:00,2024-04-14,4,17.1,85,17.5,0.0,0.0,7.9,0.0,0.0,0.0,0.0,none,False
2024-04-14 05:00:00,2024-04-14,5,16.5,91,17.1,0.0,0.0,8.1,0.0,0.0,0.0,0.0,none,False
2024-04-14 06:00:00,2024-04-14,6,16.5,95,17.3,0.0,0.0,7.3,0.0,0.0,0.0,0.0,none,False
2024-04-14 07:00:00,2024-04-14,7,16.8,94,17.5,0.0,0.0,8.9,0.0,0.0,0.0,0.0,none,True
2024-04-14 08:00:00,2024-04-14,8,17.8,86,18.2,0.0,0.0,10.4,0.0,0.0,0.0,0.0,none,True
2024-04-14 09:00:00,2024-04-14,9,19.5,74,19.1,0.0,0.0,13.7,0.0,0.0,0.0,0.0,none,True
2024-04-14 10:00:00,2024-04-14,10,21.7,62,21.2,0.0,0.0,12.3,0.0,0.0,0.0,0.0,none,False
2024-04-14 11:00:00,2024-04-14,11,24.1,50,24.4,0.0,0.0,10.6,0.0,0.0,0.0,0.0,none,False
2024-04-14 12:00:00,2024-04-14,12,26.5,40,27.1,0.0,0.0,10.8,0.0,0.0,0.0,0.0,none,False
2024-04-14 13:00:00,2024-04-14,13,28.5,32,28.7,0.0,0.0,12.8,0.0,0.0,0.0,0.0,none,False
2024-04-14 14:00:00,2024-04-14,14,30.1,25,29.2,0.0,0.0,16.0,0.0,0.0,0.0,0.0,none,False
2024-04-14 15:00:00,2024-04-14,15,31.0,23,29.1,0.0,0.0,17.7,0.0,0.0,0.0,0.0,none,False
2024-04-14 16:00:00,2024-04-14,16,30.5,22,27.7,0.0,0.0,18.1,0.0,0.0,0.0,0.0,none,True
2024-04-14 17:00:00,2024-04-14,17,30.2,22,26.3,0.0,0.0,19.5,0.0,0.0,0.0,0.0,none,True
2024-04-14 18:00:00,2024-04-14,18,29.1,24,25.1,0.0,0.0,21.1,0.0,0.0,0.0,0.0,none,True
2024-04-14 19:00:00,2024-04-14,19,27.5,28,23.6,0.0,0.0,21.8,0.0,0.0,0.0,0.0,none,False
2024-04-14 20:00:00,2024-04-14,20,25.5,34,22.1,0.0,0.0,21.1,0.0,0.0,0.0,0.0,none,False
2024-04-14 21:00:00,2024-04-14,21,24.0,41,21.2,0.0,0.0,19.4,0.0,0.0,0.0,0.0,none,False
2024-04-14 22:00:00,2024-04-14,22,22.6,48,20.7,0.0,0.0,15.4,0.0,0.0,0.0,0.0,none,False
2024-04-14 23:00:00,2024-04-14,23,21.2,56,20.0,0.0,0.0,13.2,0.0,0.0,0.0,0.0,none,False
2024-04-15 00:00:00,2024-04-15,0,20.0,64,19.6,0.0,0.0,9.9,0.0,0.0,0.0,0.0,none,False
2024-04-15 01:00:00,2024-04-15,1,19.1,71,19.0,0.0,0.0,8.7,0.0,0.0,0.0,0.0,none,False
2024-04-15 02:00:00,2024-04-15,2,18.3,78,18.7,0.0,0.0,7.2,0.0,0.0,0.0,0.0,none,False
2024-04-15 03:00:00,2024-04-15,3,17.6,83,18.5,0.0,0.0,5.1,0.0,0.0,0.0,0.0,none,False
2024-04-15 04:00:00,2024-04-15,4,17.5,86,18.3,0.0,0.0,6.6,0.0,0.0,0.0,0.0,none,False
2024-04-15 05:00:00,2024-04-15,5,17.0,91,17.9,0.0,0.0,7.2,0.0,0.0,0.0,0.0,none,False
2024-04-15 06:00:00,2024-04-15,6,17.2,92,17.7,0.0,0.0,10.2,0.0,0.0,0.0,0.0,none,False
2024-04-15 07:00:00,2024-04-15,7,17.4,91,17.8,0.0,0.0,11.0,0.0,0.0,0.0,0.0,none,True
2024-04-15 08:00:00,2024-04-15,8,18.0,86,18.3,0.0,0.0,11.2,0.0,0.0,0.0,0.0,none,True
2024-04-15 09:00:00,2024-04-15,9,19.5,75,19.5,0.0,0.0,11.5,0.0,0.0,0.0,0.0,none,True
2024-04-15 10:00:00,2024-04-15,10,21.6,63,21.4,0.0,0.0,11.0,0.0,0.0,0.0,0.0,none,False
2024-04-15 11:00:00,2024-04-15,11,24.0,53,24.5,0.0,0.0,10.1,0.0,0.0,0.0,0.0,none,False
2024-04-15 12:00:00,2024-04-15,12,26.6,38,27.3,0.0,0.0,10.1,0.0,0.0,0.0,0.0,none,False
2024-04-15 13:00:00,2024-04-15,13,28.8,28,28.3,0.0,0.0,14.2,0.0,0.0,0.0,0.0,none,False
2024-04-15 14:00:00,2024-04-15,14,30.4,23,28.7,0.0,0.0,17.8,0.0,0.0,0.0,0.0,none,False
2024-04-15 15:00:00,2024-04-15,15,31.4,19,28.7,0.0,0.0,19.4,0.0,0.0,0.0,0.0,none,False
2024-04-15 16:00:00,2024-04-15,16,30.5,20,27.1,0.0,0.0,20.1,0.0,0.0,0.0,0.0,none,True
2024-04-15 17:00:00,2024-04-15,17,30.5,19,26.2,0.0,0.0,20.5,0.0,0.0,0.0,0.0,none,True
2024-04-15 18:00:00,2024-04-15,18,29.8,19,25.1,0.0,0.0,22.0,0.0,0.0,0.0,0.0,none,True
2024-04-15 19:00:00,2024-04-15,19,28.3,20,23.5,0.0,0.0,21.9,0.0,0.0,0.0,0.0,none,False
2024-04-15 20:00:00,2024-04-15,20,26.7,23,22.4,0.0,0.0,18.9,0.0,0.0,0.0,0.0,none,False
2024-04-15 21:00:00,2024-04-15,21,25.4,27,21.4,0.0,0.0,18.2,0.0,0.0,0.0,0.0,none,False
2024-04-15 22:00:00,2024-04-15,22,24.0,33,20.5,0.0,0.0,18.1,0.0,0.0,0.0,0.0,none,False
2024-04-15 23:00:00,2024-04-15,23,22.5,41,19.9,0.0,0.0,15.7,0.0,0.0,0.0,0.0,none,False
2024-04-16 00:00:00,2024-04-16,0,21.3,47,19.2,0.0,0.0,13.2,0.0,0.0,0.0,0.0,none,False
2024-04-16 01:00:00,2024-04-16,1,20.1,53,18.4,0.0,0.0,12.6,0.0,0.0,0.0,0.0,none,False
2024-04-16 02:00:00,2024-04-16,2,19.0,61,17.8,0.0,0.0,11.5,0.0,0.0,0.0,0.0,none,False
2024-04-16 03:00:00,2024-04-16,3,18.0,67,16.9,0.0,0.0,11.7,0.0,0.0,0.0,0.0,none,False
2024-04-16 04:00:00,2024-04-16,4,17.5,74,16.9,0.0,0.0,10.4,0.0,0.0,0.0,0.0,none,False
2024-04-16 05:00:00,2024-04-16,5,16.8,79,16.4,0.0,0.0,9.4,0.0,0.0,0.0,0.0,none,False
2024-04-16 06:00:00,2024-04-16,6,16.2,83,15.9,0.0,0.0,9.8,0.0,0.0,0.0,0.0,none,False
2024-04-16 07:00:00,2024-04-16,7,16.4,84,15.7,0.0,0.0,12.1,0.0,0.0,0.0,0.0,none,True
2024-04-16 08:00:00,2024-04-16,8,18.4,75,17.5,0.0,0.0,14.4,0.0,0.0,0.0,0.0,none,True
2024-04-16 09:00:00,2024-04-16,9,21.1,61,19.7,0.0,0.0,16.9,0.0,0.0,0.0,0.0,none,True
2024-04-16 10:00:00,2024-04-16,10,23.6,47,21.4,0.0,0.0,19.5,0.0,0.0,0.0,0.0,none,False
2024-04-16 11:00:00,2024-04-16,11,26.0,35,23.9,0.0,0.0,19.8,0.0,0.0,0.0,0.0,none,False
2024-04-16 12:00:00,2024-04-16,12,27.9,30,26.2,0.0,0.0,18.8,0.0,0.0,0.0,0.0,none,False
2024-04-16 13:00:00,2024-04-16,13,29.5,26,27.9,0.0,0.0,19.1,0.0,0.0,0.0,0.0,none,False
2024-04-16 14:00:00,2024-04-16,14,30.6,23,29.1,0.0,0.0,17.6,0.0,0.0,0.0,0.0,none,False
2024-04-16 15:00:00,2024-04-16,15,31.2,21,29.5,0.0,0.0,16.0,0.0,0.0,0.0,0.0,none,False
2024-04-16 16:00:00,2024-04-16,16,31.5,20,29.5,0.0,0.0,12.5,0.0,0.0,0.0,0.0,none,True
2024-04-16 17:00:00,2024-04-16,17,31.2,20,28.4,0.0,0.0,12.2,0.0,0.0,0.0,0.0,none,True
2024-04-16 18:00:00,2024-04-16,18,30.8,21,28.0,0.0,0.0,12.2,0.0,0.0,0.0,0.0,none,True
2024-04-16 19:00:00,2024-04-16,19,29.9,22,27.1,0.0,0.0,12.7,0.0,0.0,0.0,0.0,none,False
2024-04-16 20:00:00,2024-04-16,20,28.5,25,26.6,0.0,0.0,7.1,0.0,0.0,0.0,0.0,none,False
2024-04-16 21:00:00,2024-04-16,21,27.5,27,25.3,0.0,0.0,9.6,0.0,0.0,0.0,0.0,none,False
2024-04-16 22:00:00,2024-04-16,22,26.5,29,23.4,0.0,0.0,15.4,0.0,0.0,0.0,0.0,none,False
2024-04-16 23:00:00,2024-04-16,23,24.1,53,22.7,0.0,0.0,19.1,0.0,0.0,0.0,0.0,none,False
2024-04-17 00:00:00,2024-04-17,0,23.1,58,22.2,0.0,0.0,16.9,0.0,0.0,0.0,0.0,none,False
2024-04-17 01:00:00,2024-04-17,1,22.4,59,21.9,0.0,0.0,12.4,0.0,0.0,0.0,0.0,none,False
2024-04-17 02:00:00,2024-04-17,2,21.7,55,21.4,0.0,0.0,6.9,0.0,0.0,0.0,0.0,none,False
2024-04-17 03:00:00,2024-04-17,3,20.5,44,18.5,0.0,0.0,10.2,0.0,0.0,0.0,0.0,none,False
2024-04-17 04:00:00,2024-04-17,4,21.0,43,19.3,0.0,0.0,7.3,0.0,0.0,0.0,0.0,none,False
2024-04-17 05:00:00,2024-04-17,5,19.0,47,16.9,0.0,0.0,9.4,0.0,0.0,0.0,0.0,none,False
2024-04-17 06:00:00,2024-04-17,6,19.1,48,17.5,0.0,0.0,8.0,0.0,0.0,0.0,0.0,none,False
2024-04-17 07:00:00,2024-04-17,7,20.7,37,18.1,0.0,0.0,10.2,0.0,0.0,0.0,0.0,none,True
2024-04-17 08:00:00,2024-04-17,8,24.0,27,20.7,0.0,0.0,13.3,0.0,0.0,0.0,0.0,none,True
2024-04-17 09:00:00,2024-04-17,9,27.4,22,23.8,0.0,0.0,14.1,0.0,0.0,0.0,0.0,none,True
2024-04-17 10:00:00,2024-04-17,10,29.8,18,25.8,0.0,0.0,16.6,0.0,0.0,0.0,0.0,none,False
2024-04-17 11:00:00,2024-04-17,11,32.2,16,29.0,0.0,0.0,18.3,0.0,0.0,0.0,0.0,none,False
2024-04-17 12:00:00,2024-04-17,12,34.4,14,31.3,0.0,0.0,20.8,0.0,0.0,0.0,0.0,none,False
2024-04-17 13:00:00,2024-04-17,13,35.6,12,32.3,0.0,0.0,22.9,0.0,0.0,0.0,0.0,none,False
2024-04-17 14:00:00,2024-04-17,14,36.3,12,33.1,0.0,0.0,22.3,0.0,0.0,0.0,0.0,none,False
2024-04-17 15:00:00,2024-04-17,15,37.0,11,33.4,0.0,0.0,21.3,0.0,0.0,0.0,0.0,none,False
2024-04-17 16:00:00,2024-04-17,16,37.1,9,32.6,0.0,0.0,20.8,0.0,0.0,0.0,0.0,none,True
2024-04-17 17:00:00,2024-04-17,17,36.9,8,31.3,0.0,0.0,21.8,0.0,0.0,0.0,0.0,none,True
2024-04-17 18:00:00,2024-04-17,18,36.0,8,30.2,0.0,0.0,22.4,0.0,0.0,0.0,0.0,none,True
2024-04-17 19:00:00,2024-04-17,19,34.1,10,28.6,0.0,0.0,21.1,0.0,0.0,0.0,0.0,none,False
2024-04-17 20:00:00,2024-04-17,20,32.7,12,27.6,0.0,0.0,18.9,0.0,0.0,0.0,0.0,none,False
2024-04-17 21:00:00,2024-04-17,21,31.8,12,27.0,0.0,0.0,17.4,0.0,0.0,0.0,0.0,none,False
2024-04-17 22:00:00,2024-04-17,22,30.6,13,26.1,0.0,0.0,15.7,0.0,0.0,0.0,0.0,none,False
2024-04-17 23:00:00,2024-04-17,23,29.4,14,24.8,0.0,0.0,15.9,0.0,0.0,0.0,0.0,none,False
2024-04-18 00:00:00,2024-04-18,0,27.6,16,23.6,0.0,0.0,13.0,0.0,0.0,0.0,0.0,none,False
2024-04-18 01:00:00,2024-04-18,1,26.0,21,21.9,0.0,0.0,15.9,0.0,0.0,0.0,0.0,none,False
2024-04-18 02:00:00,2024-04-18,2,23.5,35,21.1,0.0,0.0,11.9,0.0,0.0,0.0,0.0,none,False
2024-04-18 03:00:00,2024-04-18,3,22.3,42,20.7,0.0,0.0,8.8,0.0,0.0,0.0,0.0,none,False
2024-04-18 04:00:00,2024-04-18,4,21.8,51,21.3,0.0,0.0,5.8,0.0,0.0,0.0,0.0,none,False
2024-04-18 05:00:00,2024-04-18,5,20.9,55,20.6,0.0,0.0,5.2,0.0,0.0,0.0,0.0,none,False
2024-04-18 06:00:00,2024-04-18,6,20.0,59,19.4,0.0,0.0,7.0,0.0,0.0,0.0,0.0,none,False
2024-04-18 07:00:00,2024-04-18,7,20.0,60,19.8,0.0,0.0,5.9,0.0,0.0,0.0,0.0,none,True
2024-04-18 08:00:00,2024-04-18,8,21.9,54,21.7,0.0,0.0,5.3,0.0,0.0,0.0,0.0,none,True
2024-04-18 09:00:00,2024-04-18,9,23.4,48,23.0,0.0,0.0,6.6,0.0,0.0,0.0,0.0,none,True
2024-04-18 10:00:00,2024-04-18,10,25.5,40,24.6,0.0,0.0,8.5,0.0,0.0,0.0,0.0,none,False
2024-04-18 11:00:00,2024-04-18,11,27.6,33,27.0,0.0,0.0,11.2,0.0,0.0,0.0,0.0,none,False
2024-04-18 12:00:00,2024-04-18,12,29.1,29,28.6,0.0,0.0,13.9,0.0,0.0,0.0,0.0,none,False
2024-04-18 13:00:00,2024-04-18,13,30.3,26,29.6,0.0,0.0,15.6,0.0,0.0,0.0,0.0,none,False
2024-04-18 14:00:00,2024-04-18,14,31.0,24,29.9,0.0,0.0,17.1,0.0,0.0,0.0,0.0,none,False
2024-04-18 15:00:00,2024-04-18,15,31.1,24,29.6,0.0,0.0,17.7,0.0,0.0,0.0,0.0,none,False
2024-04-18 16:00:00,2024-04-18,16,30.2,27,28.5,0.0,0.0,15.6,0.0,0.0,0.0,0.0,none,True
2024-04-18 17:00:00,2024-04-18,17,30.0,27,27.5,0.0,0.0,14.4,0.0,0.0,0.0,0.0,none,True
2024-04-18 18:00:00,2024-04-18,18,29.6,26,27.1,0.0,0.0,14.2,0.0,0.0,0.0,0.0,none,True
2024-04-18 19:00:00,2024-04-18,19,28.5,27,25.8,0.0,0.0,14.5,0.0,0.0,0.0,0.0,none,False
2024-04-18 20:00:00,2024-04-18,20,27.4,30,25.0,0.0,0.0,13.0,0.0,0.0,0.0,0.0,none,False
2024-04-18 21:00:00,2024-04-18,21,26.4,32,24.1,0.0,0.0,12.8,0.0,0.0,0.0,0.0,none,False
2024-04-18 22:00:00,2024-04-18,22,23.5,52,21.5,0.0,0.0,20.3,0.0,0.0,0.0,0.0,none,False
2024-04-18 23:00:00,2024-04-18,23,22.6,56,21.3,0.0,0.0,16.6,0.0,0.0,0.0,0.0,none,False
2024-04-19 00:00:00,2024-04-19,0,21.8,59,20.6,0.0,0.0,15.7,0.0,0.0,0.0,0.0,none,False
2024-04-19 01:00:00,2024-04-19,1,20.9,62,19.9,0.0,0.0,14.5,0.0,0.0,0.0,0.0,none,False
2024-04-19 02:00:00,2024-04-19,2,20.0,66,19.2,0.0,0.0,12.7,0.0,0.0,0.0,0.0,none,False
2024-04-19 03:00:00,2024-04-19,3,19.2,69,18.7,0.0,0.0,10.3,0.0,0.0,0.0,0.0,none,False
2024-04-19 04:00:00,2024-04-19,4,19.0,68,18.4,0.0,0.0,10.5,0.0,0.0,0.0,0.0,none,False
2024-04-19 05:00:00,2024-04-19,5,18.4,70,17.8,0.0,0.0,9.7,0.0,0.0,0.0,0.0,none,False
2024-04-19 06:00:00,2024-04-19,6,17.8,73,17.5,0.0,0.0,7.9,0.0,0.0,0.0,0.0,none,False
2024-04-19 07:00:00,2024-04-19,7,17.6,75,17.6,0.0,0.0,7.5,0.0,0.0,0.0,0.0,none,True
2024-04-19 08:00:00,2024-04-19,8,19.0,70,19.3,0.0,0.0,6.3,0.0,0.0,0.0,0.0,none,True
2024-04-19 09:00:00,2024-04-19,9,20.8,63,20.8,0.0,0.0,7.3,0.0,0.0,0.0,0.0,none,True
2024-04-19 10:00:00,2024-04-19,10,22.8,52,22.4,0.0,0.0,7.9,0.0,0.0,0.0,0.0,none,False
2024-04-19 11:00:00,2024-04-19,11,24.8,42,25.2,0.0,0.0,7.6,0.0,0.0,0.0,0.0,none,False
2024-04-19 12:00:00,2024-04-19,12,26.7,35,27.7,0.0,0.0,6.6,0.0,0.0,0.0,0.0,none,False
2024-04-19 13:00:00,2024-04-19,13,28.4,29,29.3,0.0,0.0,7.1,0.0,0.0,0.0,0.0,none,False
2024-04-19 14:00:00,2024-04-19,14,29.6,24,29.7,0.0,0.0,8.9,0.0,0.0,0.0,0.0,none,False
2024-04-19 15:00:00,2024-04-19,15,30.5,20,29.4,0.0,0.0,11.0,0.0,0.0,0.0,0.0,none,False
2024-04-19 16:00:00,2024-04-19,16,29.5,23,27.9,0.0,0.0,10.6,0.0,0.0,0.0,0.0,none,True
2024-04-19 17:00:00,2024-04-19,17,29.5,21,26.3,0.0,0.0,13.4,0.0,0.0,0.0,0.0,none,True
2024-04-19 18:00:00,2024-04-19,18,29.0,21,25.6,0.0,0.0,15.1,0.0,0.0,0.0,0.0,none,True
2024-04-19 19:00:00,2024-04-19,19,28.0,23,24.5,0.0,0.0,15.9,0.0,0.0,0.0,0.0,none,False
2024-04-19 20:00:00,2024-04-19,20,26.9,26,24.0,0.0,0.0,13.0,0.0,0.0,0.0,0.0,none,False
2024-04-19 21:00:00,2024-04-19,21,26.0,30,23.2,0.0,0.0,14.8,0.0,0.0,0.0,0.0,none,False
2024-04-19 22:00:00,2024-04-19,22,23.4,51,21.3,0.0,0.0,20.0,0.0,0.0,0.0,0.0,none,False
2024-04-19 23:00:00,2024-04-19,23,21.8,57,20.0,0.0,0.0,18.7,0.0,0.0,0.0,0.0,none,False
2024-04-20 00:00:00,2024-04-20,0,20.7,61,19.3,0.0,0.0,16.3,0.0,0.0,0.0,0.0,none,False
2024-04-20 01:00:00,2024-04-20,1,19.8,65,18.7,0.0,0.0,14.3,0.0,0.0,0.0,0.0,none,False
2024-04-20 02:00:00,2024-04-20,2,19.0,69,18.3,0.0,0.0,11.4,0.0,0.0,0.0,0.0,none,False
2024-04-20 03:00:00,2024-04-20,3,18.3,72,18.2,0.0,0.0,7.4,0.0,0.0,0.0,0.0,none,False
2024-04-20 04:00:00,2024-04-20,4,17.8,75,17.8,0.0,0.0,6.7,0.0,0.0,0.0,0.0,none,False
2024-04-20 05:00:00,2024-04-20,5,17.2,78,17.3,0.0,0.0,6.1,0.0,0.0,0.0,0.0,none,False
2024-04-20 06:00:00,2024-04-20,6,16.6,80,16.8,0.0,0.0,5.9,0.0,0.0,0.0,0.0,none,False
2024-04-20 07:00:00,2024-04-20,7,17.0,77,17.0,0.0,0.0,5.6,0.0,0.0,0.0,0.0,none,True
2024-04-20 08:00:00,2024-04-20,8,19.2,63,19.3,0.0,0.0,4.0,0.0,0.0,0.0,0.0,none,True
2024-04-20 09:00:00,2024-04-20,9,21.6,50,21.5,0.0,0.0,2.6,0.0,0.0,0.0,0.0,none,True
2024-04-20 10:00:00,2024-04-20,10,24.0,41,23.9,0.0,0.0,1.8,0.0,0.0,0.0,0.0,none,False
2024-04-20 11:00:00,2024-04-20,11,27.0,32,27.9,0.0,0.0,0.8,0.0,0.0,0.0,0.0,none,False
2024-04-20 12:00:00,2024-04-20,12,30.0,26,30.6,0.0,0.0,5.8,0.0,0.0,0.0,0.0,none,False
2024-04-20 13:00:00,2024-04-20,13,32.2,21,31.4,0.0,0.0,14.0,0.0,0.0,0.0,0.0,none,False
2024-04-20 14:00:00,2024-04-20,14,33.1,19,31.7,0.0,0.0,15.9,0.0,0.0,0.0,0.0,none,False
2024-04-20 15:00:00,2024-04-20,15,33.6,17,31.3,0.0,0.0,17.9,0.0,0.0,0.0,0.0,none,False
2024-04-20 16:00:00,2024-04-20,16,33.3,17,30.2,0.0,0.0,18.3,0.0,0.0,0.0,0.0,none,True
2024-04-20 17:00:00,2024-04-20,17,32.8,19,29.0,0.0,0.0,19.4,0.0,0.0,0.0,0.0,none,True
2024-04-20 18:00:00,2024-04-20,18,31.9,21,28.6,0.0,0.0,16.1,0.0,0.0,0.0,0.0,none,True
2024-04-20 19:00:00,2024-04-20,19,30.9,22,27.9,0.0,0.0,15.0,0.0,0.0,0.0,0.0,none,False
2024-04-20 20:00:00,2024-04-20,20,29.0,27,25.5,0.0,0.0,20.4,0.0,0.0,0.0,0.0,none,False
2024-04-20 21:00:00,2024-04-20,21,25.0,44,22.3,0.0,0.0,23.1,0.0,0.0,0.0,0.0,none,False
2024-04-20 22:00:00,2024-04-20,22,23.1,52,21.1,0.0,0.0,19.5,0.0,0.0,0.0,0.0,none,False
2024-04-20 23:00:00,2024-04-20,23,21.7,56,20.0,0.0,0.0,17.4,0.0,0.0,0.0,0.0,none,False
2024-04-21 00:00:00,2024-04-21,0,20.8,57,19.0,0.0,0.0,16.7,0.0,0.0,0.0,0.0,none,False
2024-04-21 01:00:00,2024-04-21,1,19.5,65,17.8,0.0,0.0,18.1,0.0,0.0,0.0,0.0,none,False
2024-04-21 02:00:00,2024-04-21,2,18.6,73,17.5,0.0,0.0,16.2,0.0,0.0,0.0,0.0,none,False
2024-04-21 03:00:00,2024-04-21,3,18.0,78,17.3,0.0,0.0,14.1,0.0,0.0,0.0,0.0,none,False
2024-04-21 04:00:00,2024-04-21,4,17.9,79,17.3,0.0,0.0,13.1,0.0,0.0,0.0,0.0,none,False
2024-04-21 05:00:00,2024-04-21,5,17.4,82,16.9,0.0,0.0,12.7,0.0,0.0,0.0,0.0,none,False
2024-04-21 06:00:00,2024-04-21,6,16.8,85,16.5,0.0,0.0,11.1,0.0,0.0,0.0,0.0,none,False
2024-04-21 07:00:00,2024-04-21,7,16.6,85,16.3,0.0,0.0,12.1,0.0,0.0,0.0,0.0,none,True
2024-04-21 08:00:00,2024-04-21,8,17.9,77,16.9,0.0,0.0,15.8,0.0,0.0,0.0,0.0,none,True
2024-04-21 09:00:00,2024-04-21,9,19.4,68,18.2,0.0,0.0,15.4,0.0,0.0,0.0,0.0,none,True
2024-04-21 10:00:00,2024-04-21,10,21.2,56,20.0,0.0,0.0,14.3,0.0,0.0,0.0,0.0,none,False
2024-04-21 11:00:00,2024-04-21,11,23.3,44,22.7,0.0,0.0,13.0,0.0,0.0,0.0,0.0,none,False
2024-04-21 12:00:00,2024-04-21,12,25.2,34,25.1,0.0,0.0,11.2,0.0,0.0,0.0,0.0,none,False
2024-04-21 13:00:00,2024-04-21,13,26.9,27,27.0,0.0,0.0,9.4,0.0,0.0,0.0,0.0,none,False
2024-04-21 14:00:00,2024-04-21,14,28.3,24,28.4,0.0,0.0,8.0,0.0,0.0,0.0,0.0,none,False
2024-04-21 15:00:00,2024-04-21,15,29.4,22,29.0,0.0,0.0,7.6,0.0,0.0,0.0,0.0,none,False
2024-04-21 16:00:00,2024-04-21,16,29.8,19,27.8,0.0,0.0,10.0,0.0,0.0,0.0,0.0,none,True
2024-04-21 17:00:00,2024-04-21,17,30.0,17,26.9,0.0,0.0,9.6,0.0,0.0,0.0,0.0,none,True
2024-04-21 18:00:00,2024-04-21,18,29.9,17,26.6,0.0,0.0,10.5,0.0,0.0,0.0,0.0,none,True
2024-04-21 19:00:00,2024-04-21,19,28.8,19,25.4,0.0,0.0,12.2,0.0,0.0,0.0,0.0,none,False
2024-04-21 20:00:00,2024-04-21,20,27.4,22,24.1,0.0,0.0,12.8,0.0,0.0,0.0,0.0,none,False
2024-04-21 21:00:00,2024-04-21,21,24.1,41,20.4,0.0,0.0,25.9,0.0,0.0,0.0,0.0,none,False
2024-04-21 22:00:00,2024-04-21,22,22.6,48,19.5,0.0,0.0,23.9,0.0,0.0,0.0,0.0,none,False
2024-04-21 23:00:00,2024-04-21,23,21.3,53,18.3,0.0,0.0,23.2,0.0,0.0,0.0,0.0,none,False
2024-04-22 00:00:00,2024-04-22,0,20.2,58,17.6,0.0,0.0,21.7,0.0,0.0,0.0,0.0,none,False
2024-04-22 01:00:00,2024-04-22,1,19.3,61,16.8,0.0,0.0,20.6,0.0,0.0,0.0,0.0,none,False
2024-04-22 02:00:00,2024-04-22,2,18.5,64,16.0,0.0,0.0,20.7,0.0,0.0,0.0,0.0,none,False
2024-04-22 03:00:00,2024-04-22,3,18.2,65,15.8,0.0,0.0,19.8,0.0,0.0,0.0,0.0,none,False
2024-04-22 04:00:00,2024-04-22,4,17.9,67,15.6,0.0,0.0,18.8,0.0,0.0,0.0,0.0,none,False
2024-04-22 05:00:00,2024-04-22,5,17.7,65,15.6,0.0,0.0,16.3,0.0,0.0,0.0,0.0,none,False
2024-04-22 06:00:00,2024-04-22,6,17.6,58,15.4,0.0,0.0,13.9,0.0,0.0,0.0,0.0,none,False
2024-04-22 07:00:00,2024-04-22,7,18.2,47,15.7,0.0,0.0,11.7,0.0,0.0,0.0,0.0,none,True
2024-04-22 08:00:00,2024-04-22,8,20.6,34,17.7,0.0,0.0,10.2,0.0,0.0,0.0,0.0,none,True
2024-04-22 09:00:00,2024-04-22,9,23.6,25,20.2,0.0,0.0,11.8,0.0,0.0,0.0,0.0,none,True
2024-04-22 10:00:00,2024-04-22,10,26.8,16,22.2,0.0,0.0,16.9,0.0,0.0,0.0,0.0,none,False
2024-04-22 11:00:00,2024-04-22,11,28.9,13,24.7,0.0,0.0,17.7,0.0,0.0,0.0,0.0,none,False
2024-04-22 12:00:00,2024-04-22,12,30.7,10,27.0,0.0,0.0,18.1,0.0,0.0,0.0,0.0,none,False
2024-04-22 13:00:00,2024-04-22,13,32.2,9,28.8,0.0,0.0,18.2,0.0,0.0,0.0,0.0,none,False
2024-04-22 14:00:00,2024-04-22,14,33.5,8,30.1,0.0,0.0,17.6,0.0,0.0,0.0,0.0,none,False
2024-04-22 15:00:00,2024-04-22,15,34.2,7,30.0,0.0,0.0,18.9,0.0,0.0,0.0,0.0,none,False
2024-04-22 16:00:00,2024-04-22,16,34.2,8,29.0,0.0,0.0,21.5,0.0,0.0,0.0,0.0,none,True
2024-04-22 17:00:00,2024-04-22,17,33.8,9,28.0,0.0,0.0,21.6,0.0,0.0,0.0,0.0,none,True
2024-04-22 18:00:00,2024-04-22,18,33.0,10,27.3,0.0,0.0,22.1,0.0,0.0,0.0,0.0,none,True
2024-04-22 19:00:00,2024-04-22,19,31.4,12,26.1,0.0,0.0,20.8,0.0,0.0,0.0,0.0,none,False
2024-04-22 20:00:00,2024-04-22,20,29.2,20,24.7,0.0,0.0,21.4,0.0,0.0,0.0,0.0,none,False
2024-04-22 21:00:00,2024-04-22,21,26.5,35,22.8,0.0,0.0,25.1,0.0,0.0,0.0,0.0,none,False
2024-04-22 22:00:00,2024-04-22,22,24.5,41,21.0,0.0,0.0,24.6,0.0,0.0,0.0,0.0,none,False
2024-04-22 23:00:00,2024-04-22,23,23.1,46,19.9,0.0,0.0,23.5,0.0,0.0,0.0,0.0,none,False
2024-04-23 00:00:00,2024-04-23,0,22.2,47,19.2,0.0,0.0,21.5,0.0,0.0,0.0,0.0,none,False
2024-04-23 01:00:00,2024-04-23,1,21.8,46,18.9,0.0,0.0,19.1,0.0,0.0,0.0,0.0,none,False
2024-04-23 02:00:00,2024-04-23,2,21.4,44,18.6,0.0,0.0,17.3,0.0,0.0,0.0,0.0,none,False
2024-04-23 03:00:00,2024-04-23,3,21.3,40,18.2,0.0,0.0,16.3,0.0,0.0,0.0,0.0,none,False
2024-04-23 04:00:00,2024-04-23,4,21.4,34,18.1,0.0,0.0,14.2,0.0,0.0,0.0,0.0,none,False
2024-04-23 05:00:00,2024-04-23,5,21.1,33,17.8,0.0,0.0,12.7,0.0,0.0,0.0,0.0,none,False
2024-04-23 06:00:00,2024-04-23,6,20.8,31,17.5,0.0,0.0,11.6,0.0,0.0,0.0,0.0,none,False
2024-04-23 07:00:00,2024-04-23,7,21.2,29,18.1,0.0,0.0,10.5,0.0,0.0,0.0,0.0,none,True
2024-04-23 08:00:00,2024-04-23,8,23.8,25,20.2,0.0,0.0,13.2,0.0,0.0,0.0,0.0,none,True
2024-04-23 09:00:00,2024-04-23,9,27.0,20,23.5,0.0,0.0,12.2,0.0,0.0,0.0,0.0,none,True
2024-04-23 10:00:00,2024-04-23,10,30.5,16,26.6,0.0,0.0,14.8,0.0,0.0,0.0,0.0,none,False
2024-04-23 11:00:00,2024-04-23,11,34.0,13,30.5,0.0,0.0,18.0,0.0,0.0,0.0,0.0,none,False
2024-04-23 12:00:00,2024-04-23,12,36.2,12,32.8,0.0,0.0,20.6,0.0,0.0,0.0,0.0,none,False
2024-04-23 13:00:00,2024-04-23,13,37.6,11,34.1,0.0,0.0,22.6,0.0,0.0,0.0,0.0,none,False
2024-04-23 14:00:00,2024-04-23,14,38.5,9,35.0,0.0,0.0,22.3,0.0,0.0,0.0,0.0,none,False
2024-04-23 15:00:00,2024-04-23,15,38.7,9,34.7,0.0,0.0,21.9,0.0,0.0,0.0,0.0,none,False
2024-04-23 16:00:00,2024-04-23,16,38.7,10,34.1,0.0,0.0,23.1,0.0,0.0,0.0,0.0,none,True
2024-04-23 17:00:00,2024-04-23,17,38.3,10,33.0,0.0,0.0,23.1,0.0,0.0,0.0,0.0,none,True
2024-04-23 18:00:00,2024-04-23,18,37.5,10,32.4,0.0,0.0,21.7,0.0,0.0,0.0,0.0,none,True
2024-04-23 19:00:00,2024-04-23,19,35.0,15,30.2,0.0,0.0,22.9,0.0,0.0,0.0,0.0,none,False
2024-04-23 20:00:00,2024-04-23,20,31.2,22,26.8,0.0,0.0,25.1,0.0,0.0,0.0,0.0,none,False
2024-04-23 21:00:00,2024-04-23,21,29.6,26,25.7,0.0,0.0,23.5,0.0,0.0,0.0,0.0,none,False
2024-04-23 22:00:00,2024-04-23,22,28.4,31,24.9,0.0,0.0,22.6,0.0,0.0,0.0,0.0,none,False
2024-04-23 23:00:00,2024-04-23,23,27.8,33,24.8,0.0,0.0,19.6,0.0,0.0,0.0,0.0,none,False
2024-04-24 00:00:00,2024-04-24,0,27.8,30,25.0,0.0,0.0,16.4,0.0,0.0,0.0,0.0,none,False
2024-04-24 01:00:00,2024-04-24,1,26.8,29,24.9,0.0,0.0,7.8,0.0,0.0,0.0,0.0,none,False
2024-04-24 02:00:00,2024-04-24,2,27.7,24,25.7,0.0,0.0,5.9,0.0,0.0,0.0,0.0,none,False
2024-04-24 03:00:00,2024-04-24,3,26.9,25,25.0,0.0,0.0,4.6,0.0,0.0,0.0,0.0,none,False
2024-04-24 04:00:00,2024-04-24,4,26.5,22,23.9,0.0,0.0,7.6,0.0,0.0,0.0,0.0,none,False
2024-04-24 05:00:00,2024-04-24,5,24.7,28,22.3,0.0,0.0,8.0,0.0,0.0,0.0,0.0,none,False
2024-04-24 06:00:00,2024-04-24,6,24.0,31,21.8,0.0,0.0,7.6,0.0,0.0,0.0,0.0,none,False
2024-04-24 07:00:00,2024-04-24,7,22.1,36,20.0,0.0,0.0,8.4,0.0,0.0,0.0,0.0,none,True
2024-04-24 08:00:00,2024-04-24,8,27.0,20,23.7,0.0,0.0,11.4,0.0,0.0,0.0,0.0,none,True
2024-04-24 09:00:00,2024-04-24,9,31.8,12,27.7,0.0,0.0,12.6,0.0,0.0,0.0,0.0,none,True
2024-04-24 10:00:00,2024-04-24,10,34.5,9,30.2,0.0,0.0,14.1,0.0,0.0,0.0,0.0,none,False
2024-04-24 11:00:00,2024-04-24,11,36.8,8,33.5,0.0,0.0,13.2,0.0,0.0,0.0,0.0,none,False
2024-04-24 12:00:00,2024-04-24,12,39.0,6,36.1,0.0,0.0,14.5,0.0,0.0,0.0,0.0,none,False
2024-04-24 13:00:00,2024-04-24,13,40.4,6,37.8,0.0,0.0,13.7,0.0,0.0,0.0,0.0,none,False
2024-04-24 14:00:00,2024-04-24,14,41.2,5,38.8,0.0,0.0,11.6,0.0,0.0,0.0,0.0,none,False
2024-04-24 15:00:00,2024-04-24,15,41.7,5,39.2,0.0,0.0,9.3,0.0,0.0,0.0,0.0,none,False
2024-04-24 16:00:00,2024-04-24,16,41.4,5,38.6,0.0,0.0,6.6,0.0,0.0,0.0,0.0,none,True
2024-04-24 17:00:00,2024-04-24,17,41.3,5,37.5,0.0,0.0,6.0,0.0,0.0,0.0,0.0,none,True
2024-04-24 18:00:00,2024-04-24,18,41.0,5,36.6,0.0,0.0,9.8,0.0,0.0,0.0,0.0,none,True
2024-04-24 19:00:00,2024-04-24,19,38.8,6,33.8,0.0,0.0,14.1,0.0,0.0,0.0,0.0,none,False
2024-04-24 20:00:00,2024-04-24,20,36.2,7,31.8,0.0,0.0,10.4,0.0,0.0,0.0,0.0,none,False
2024-04-24 21:00:00,2024-04-24,21,34.0,8,29.9,0.0,0.0,9.3,0.0,0.0,0.0,0.0,none,False
2024-04-24 22:00:00,2024-04-24,22,32.2,9,28.7,0.0,0.0,5.4,0.0,0.0,0.0,0.0,none,False
2024-04-24 23:00:00,2024-04-24,23,31.4,10,26.8,0.0,0.0,12.8,0.0,0.0,0.0,0.0,none,False
2024-04-25 00:00:00,2024-04-25,0,30.2,11,26.5,0.0,0.0,7.6,0.0,0.0,0.0,0.0,none,False
2024-04-25 01:00:00,2024-04-25,1,29.6,12,26.6,0.0,0.0,3.3,0.0,0.0,0.0,0.0,none,False
2024-04-25 02:00:00,2024-04-25,2,27.5,14,23.7,0.0,0.0,9.1,0.0,0.0,0.0,0.0,none,False
2024-04-25 03:00:00,2024-04-25,3,26.2,16,23.0,0.0,0.0,6.2,0.0,0.0,0.0,0.0,none,False
2024-04-25 04:00:00,2024-04-25,4,25.5,16,21.8,0.0,0.0,8.2,0.0,0.0,0.0,0.0,none,False
2024-04-25 05:00:00,2024-04-25,5,26.0,14,22.4,0.0,0.0,6.3,0.0,0.0,0.0,0.0,none,False
2024-04-25 06:00:00,2024-04-25,6,28.6,11,25.3,0.0,0.0,3.8,0.0,0.0,0.0,0.0,none,False
2024-04-25 07:00:00,2024-04-25,7,24.2,19,21.0,0.0,0.0,6.8,0.0,0.0,0.0,0.0,none,True
2024-04-25 08:00:00,2024-04-25,8,25.5,23,23.5,0.0,0.0,3.0,0.0,0.0,0.0,0.0,none,True
2024-04-25 09:00:00,2024-04-25,9,29.5,16,26.5,0.0,0.0,7.6,0.0,0.0,0.0,0.0,none,True
2024-04-25 10:00:00,2024-04-25,10,32.8,13,30.0,0.0,0.0,4.5,0.0,0.0,0.0,0.0,none,False
2024-04-25 11:00:00,2024-04-25,11,32.5,26,30.2,0.0,0.0,18.8,0.0,0.0,0.0,0.0,none,False
2024-04-25 12:00:00,2024-04-25,12,32.8,28,31.8,0.0,0.0,17.5,0.0,0.0,0.0,0.0,none,False
2024-04-25 13:00:00,2024-04-25,13,34.5,23,33.2,0.0,0.0,15.2,0.0,0.0,0.0,0.0,none,False
2024-04-25 14:00:00,2024-04-25,14,36.3,19,34.6,0.0,0.0,16.8,0.0,0.0,0.0,0.0,none,False
2024-04-25 15:00:00,2024-04-25,15,36.3,19,33.1,0.0,0.0,20.5,0.0,0.0,0.0,0.0,none,False
2024-04-25 16:00:00,2024-04-25,16,34.2,25,31.8,0.0,0.0,18.7,0.0,0.0,0.0,0.0,none,True
2024-04-25 17:00:00,2024-04-25,17,33.5,23,30.1,0.0,0.0,23.3,0.0,0.0,0.0,0.0,none,True
2024-04-25 18:00:00,2024-04-25,18,31.8,25,28.8,0.0,0.0,20.0,0.0,0.0,0.0,0.0,none,True
2024-04-25 19:00:00,2024-04-25,19,29.3,30,25.8,0.0,0.0,23.6,0.0,0.0,0.0,0.0,none,False
2024-04-25 20:00:00,2024-04-25,20,27.9,31,25.1,0.0,0.0,17.9,0.0,0.0,0.0,0.0,none,False
2024-04-25 21:00:00,2024-04-25,21,26.8,31,23.6,0.0,0.0,19.3,0.0,0.0,0.0,0.0,none,False
2024-04-25 22:00:00,2024-04-25,22,26.0,31,23.1,0.0,0.0,15.3,0.0,0.0,0.0,0.0,none,False
2024-04-25 23:00:00,2024-04-25,23,24.7,34,21.4,0.0,0.0,18.7,0.0,0.0,0.0,0.0,none,False
2024-04-26 00:00:00,2024-04-26,0,23.0,47,21.2,0.0,0.0,14.5,0.0,0.0,0.0,0.0,none,False
2024-04-26 01:00:00,2024-04-26,1,22.2,51,20.6,0.0,0.0,14.3,0.0,0.0,0.0,0.0,none,False
2024-04-26 02:00:00,2024-04-26,2,21.6,54,19.7,0.0,0.0,16.6,0.0,0.0,0.0,0.0,none,False
2024-04-26 03:00:00,2024-04-26,3,21.0,57,18.8,0.0,0.0,19.9,0.0,0.0,0.0,0.0,none,False
2024-04-26 04:00:00,2024-04-26,4,20.1,61,18.2,0.0,0.0,17.9,0.0,0.0,0.0,0.0,none,False
2024-04-26 05:00:00,2024-04-26,5,19.5,64,18.2,0.0,0.0,14.3,0.0,0.0,0.0,0.0,none,False
2024-04-26 06:00:00,2024-04-26,6,19.0,66,17.4,0.0,0.0,16.6,0.0,0.0,0.0,0.0,none,False
2024-04-26 07:00:00,2024-04-26,7,19.1,66,17.9,0.0,0.0,13.8,0.0,0.0,0.0,0.0,none,True
2024-04-26 08:00:00,2024-04-26,8,20.2,63,18.7,0.0,0.0,16.9,0.0,0.0,0.0,0.0,none,True
2024-04-26 09:00:00,2024-04-26,9,22.1,53,20.2,0.0,0.0,18.0,0.0,0.0,0.0,0.0,none,True
2024-04-26 10:00:00,2024-04-26,10,24.6,41,21.9,0.0,0.0,20.2,0.0,0.0,0.0,0.0,none,False
2024-04-26 11:00:00,2024-04-26,11,27.0,31,24.1,0.0,0.0,22.0,0.0,0.0,0.0,0.0,none,False
2024-04-26 12:00:00,2024-04-26,12,29.0,27,26.6,0.0,0.0,21.8,0.0,0.0,0.0,0.0,none,False
2024-04-26 13:00:00,2024-04-26,13,30.5,25,27.9,0.0,0.0,24.9,0.0,0.0,0.0,0.0,none,False
2024-04-26 14:00:00,2024-04-26,14,31.8,21,29.1,0.0,0.0,23.9,0.0,0.0,0.0,0.0,none,False
2024-04-26 15:00:00,2024-04-26,15,32.0,18,28.6,0.0,0.0,24.5,0.0,0.0,0.0,0.0,none,False
2024-04-26 16:00:00,2024-04-26,16,30.2,20,26.2,0.0,0.0,24.7,0.0,0.0,0.0,0.0,none,True
2024-04-26 17:00:00,2024-04-26,17,29.8,19,25.0,0.0,0.0,22.7,0.0,0.0,0.0,0.0,none,True
2024-04-26 18:00:00,2024-04-26,18,28.8,20,24.5,0.0,0.0,19.1,0.0,0.0,0.0,0.0,none,True
2024-04-26 19:00:00,2024-04-26,19,27.4,22,22.7,0.0,0.0,22.0,0.0,0.0,0.0,0.0,none,False
2024-04-26 20:00:00,2024-04-26,20,26.0,25,21.7,0.0,0.0,20.7,0.0,0.0,0.0,0.0,none,False
2024-04-26 21:00:00,2024-04-26,21,24.4,31,20.6,0.0,0.0,19.1,0.0,0.0,0.0,0.0,none,False
2024-04-26 22:00:00,2024-04-26,22,23.0,37,19.6,0.0,0.0,18.7,0.0,0.0,0.0,0.0,none,False
2024-04-26 23:00:00,2024-04-26,23,21.5,45,18.7,0.0,0.0,18.1,0.0,0.0,0.0,0.0,none,False
2024-04-27 00:00:00,2024-04-27,0,20.1,53,17.6,0.0,0.0,17.8,0.0,0.0,0.0,0.0,none,False
2024-04-27 01:00:00,2024-04-27,1,18.8,63,16.7,0.0,0.0,17.3,0.0,0.0,0.0,0.0,none,False
2024-04-27 02:00:00,2024-04-27,2,17.9,71,16.5,0.0,0.0,14.8,0.0,0.0,0.0,0.0,none,False
2024-04-27 03:00:00,2024-04-27,3,17.2,76,16.2,0.0,0.0,13.4,0.0,0.0,0.0,0.0,none,False
2024-04-27 04:00:00,2024-04-27,4,16.5,81,15.6,0.0,0.0,13.6,0.0,0.0,0.0,0.0,none,False
2024-04-27 05:00:00,2024-04-27,5,16.1,85,15.5,0.0,0.0,12.2,0.0,0.0,0.0,0.0,none,False
2024-04-27 06:00:00,2024-04-27,6,15.9,87,15.5,0.0,0.0,11.7,0.0,0.0,0.0,0.0,none,False
2024-04-27 07:00:00,2024-04-27,7,16.5,85,15.7,0.0,0.0,14.9,0.0,0.0,0.0,0.0,none,True
2024-04-27 08:00:00,2024-04-27,8,17.7,79,16.6,0.0,0.0,16.8,0.0,0.0,0.0,0.0,none,True
2024-04-27 09:00:00,2024-04-27,9,19.5,67,18.2,0.0,0.0,15.1,0.0,0.0,0.0,0.0,none,True
2024-04-27 10:00:00,2024-04-27,10,21.4,56,20.1,0.0,0.0,13.7,0.0,0.0,0.0,0.0,none,False
2024-04-27 11:00:00,2024-04-27,11,23.6,46,22.9,0.0,0.0,13.9,0.0,0.0,0.0,0.0,none,False
2024-04-27 12:00:00,2024-04-27,12,26.0,37,25.9,0.0,0.0,12.6,0.0,0.0,0.0,0.0,none,False
2024-04-27 13:00:00,2024-04-27,13,28.0,29,27.9,0.0,0.0,12.3,0.0,0.0,0.0,0.0,none,False
2024-04-27 14:00:00,2024-04-27,14,29.8,24,29.3,0.0,0.0,12.6,0.0,0.0,0.0,0.0,none,False
2024-04-27 15:00:00,2024-04-27,15,31.0,20,29.6,0.0,0.0,14.1,0.0,0.0,0.0,0.0,none,False
2024-04-27 16:00:00,2024-04-27,16,30.5,22,28.4,0.0,0.0,14.3,0.0,0.0,0.0,0.0,none,True
2024-04-27 17:00:00,2024-04-27,17,30.6,21,27.2,0.0,0.0,16.8,0.0,0.0,0.0,0.0,none,True
2024-04-27 18:00:00,2024-04-27,18,30.2,21,26.5,0.0,0.0,17.6,0.0,0.0,0.0,0.0,none,True
2024-04-27 19:00:00,2024-04-27,19,28.5,23,24.1,0.0,0.0,22.6,0.0,0.0,0.0,0.0,none,False
2024-04-27 20:00:00,2024-04-27,20,25.2,36,21.5,0.0,0.0,24.2,0.0,0.0,0.0,0.0,none,False
2024-04-27 21:00:00,2024-04-27,21,23.8,40,20.8,0.0,0.0,19.5,0.0,0.0,0.0,0.0,none,False
2024-04-27 22:00:00,2024-04-27,22,22.4,45,19.7,0.0,0.0,18.0,0.0,0.0,0.0,0.0,none,False
2024-04-27 23:00:00,2024-04-27,23,20.9,53,18.9,0.0,0.0,16.3,0.0,0.0,0.0,0.0,none,False
2024-04-28 00:00:00,2024-04-28,0,19.6,61,18.0,0.0,0.0,15.0,0.0,0.0,0.0,0.0,none,False
2024-04-28 01:00:00,2024-04-28,1,18.5,69,17.4,0.0,0.0,13.8,0.0,0.0,0.0,0.0,none,False
2024-04-28 02:00:00,2024-04-28,2,17.6,77,17.0,0.0,0.0,11.9,0.0,0.0,0.0,0.0,none,False
2024-04-28 03:00:00,2024-04-28,3,17.0,83,16.8,0.0,0.0,10.1,0.0,0.0,0.0,0.0,none,False
2024-04-28 04:00:00,2024-04-28,4,16.9,85,16.8,0.0,0.0,9.6,0.0,0.0,0.0,0.0,none,False
2024-04-28 05:00:00,2024-04-28,5,16.4,91,16.7,0.0,0.0,8.3,0.0,0.0,0.0,0.0,none,False
2024-04-28 06:00:00,2024-04-28,6,16.2,93,16.6,0.0,0.0,9.3,0.0,0.0,0.0,0.0,none,False
2024-04-28 07:00:00,2024-04-28,7,16.6,92,16.8,0.0,0.0,11.3,0.0,0.0,0.0,0.0,none,True
2024-04-28 08:00:00,2024-04-28,8,17.7,86,17.4,0.0,0.0,14.5,0.0,0.0,0.0,0.0,none,True
2024-04-28 09:00:00,2024-04-28,9,19.5,72,18.8,0.0,0.0,14.3,0.0,0.0,0.0,0.0,none,True
2024-04-28 10:00:00,2024-04-28,10,21.8,58,21.1,0.0,0.0,11.9,0.0,0.0,0.0,0.0,none,False
2024-04-28 11:00:00,2024-04-28,11,24.5,44,24.4,0.0,0.0,10.9,0.0,0.0,0.0,0.0,none,False
2024-04-28 12:00:00,2024-04-28,12,27.4,30,27.0,0.0,0.0,12.2,0.0,0.0,0.0,0.0,none,False
2024-04-28 13:00:00,2024-04-28,13,29.8,21,28.8,0.0,0.0,13.7,0.0,0.0,0.0,0.0,none,False
2024-04-28 14:00:00,2024-04-28,14,31.6,16,29.8,0.0,0.0,14.8,0.0,0.0,0.0,0.0,none,False
2024-04-28 15:00:00,2024-04-28,15,32.6,14,30.2,0.0,0.0,15.3,0.0,0.0,0.0,0.0,none,False
2024-04-28 16:00:00,2024-04-28,16,31.8,17,29.0,0.0,0.0,15.2,0.0,0.0,0.0,0.0,none,True
2024-04-28 17:00:00,2024-04-28,17,31.8,16,27.9,0.0,0.0,15.7,0.0,0.0,0.0,0.0,none,True
2024-04-28 18:00:00,2024-04-28,18,31.1,17,27.1,0.0,0.0,16.7,0.0,0.0,0.0,0.0,none,True
2024-04-28 19:00:00,2024-04-28,19,29.7,19,25.5,0.0,0.0,18.7,0.0,0.0,0.0,0.0,none,False
2024-04-28 20:00:00,2024-04-28,20,27.5,23,23.0,0.0,0.0,21.2,0.0,0.0,0.0,0.0,none,False
2024-04-28 21:00:00,2024-04-28,21,24.9,30,20.3,0.0,0.0,24.6,0.0,0.0,0.0,0.0,none,False
2024-04-28 22:00:00,2024-04-28,22,22.4,43,19.0,0.0,0.0,22.0,0.0,0.0,0.0,0.0,none,False
2024-04-28 23:00:00,2024-04-28,23,20.8,53,18.4,0.0,0.0,18.7,0.0,0.0,0.0,0.0,none,False
2024-04-29 00:00:00,2024-04-29,0,19.5,63,17.8,0.0,0.0,16.2,0.0,0.0,0.0,0.0,none,False
2024-04-29 01:00:00,2024-04-29,1,18.4,72,17.4,0.0,0.0,14.2,0.0,0.0,0.0,0.0,none,False
2024-04-29 02:00:00,2024-04-29,2,17.5,80,17.2,0.0,0.0,11.6,0.0,0.0,0.0,0.0,none,False
2024-04-29 03:00:00,2024-04-29,3,16.9,85,16.8,0.0,0.0,10.7,0.0,0.0,0.0,0.0,none,False
2024-04-29 04:00:00,2024-04-29,4,16.5,88,16.6,0.0,0.0,9.7,0.0,0.0,0.0,0.0,none,False
2024-04-29 05:00:00,2024-04-29,5,16.1,91,16.6,0.0,0.0,7.2,0.0,0.0,0.0,0.0,none,False
2024-04-29 06:00:00,2024-04-29,6,15.7,94,16.5,0.0,0.0,5.8,0.0,0.0,0.0,0.0,none,False
2024-04-29 07:00:00,2024-04-29,7,16.0,93,16.4,0.0,0.0,8.7,0.0,0.0,0.0,0.0,none,True
2024-04-29 08:00:00,2024-04-29,8,17.5,84,17.2,0.0,0.0,12.7,0.0,0.0,0.0,0.0,none,True
2024-04-29 09:00:00,2024-04-29,9,19.3,71,18.6,0.0,0.0,13.4,0.0,0.0,0.0,0.0,none,True
2024-04-29 10:00:00,2024-04-29,10,21.5,59,20.8,0.0,0.0,12.3,0.0,0.0,0.0,0.0,none,False
2024-04-29 11:00:00,2024-04-29,11,24.0,47,23.8,0.0,0.0,12.6,0.0,0.0,0.0,0.0,none,False
2024-04-29 12:00:00,2024-04-29,12,26.4,36,26.2,0.0,0.0,14.1,0.0,0.0,0.0,0.0,none,False
2024-04-29 13:00:00,2024-04-29,13,28.5,29,28.2,0.0,0.0,14.0,0.0,0.0,0.0,0.0,none,False
2024-04-29 14:00:00,2024-04-29,14,30.1,25,29.6,0.0,0.0,14.0,0.0,0.0,0.0,0.0,none,False
2024-04-29 15:00:00,2024-04-29,15,31.2,22,29.8,0.0,0.0,15.6,0.0,0.0,0.0,0.0,none,False
2024-04-29 16:00:00,2024-04-29,16,30.7,23,28.4,0.0,0.0,16.9,0.0,0.0,0.0,0.0,none,True
2024-04-29 17:00:00,2024-04-29,17,30.5,24,27.2,0.0,0.0,18.1,0.0,0.0,0.0,0.0,none,True
2024-04-29 18:00:00,2024-04-29,18,29.6,25,26.0,0.0,0.0,19.7,0.0,0.0,0.0,0.0,none,True
2024-04-29 19:00:00,2024-04-29,19,28.0,26,24.2,0.0,0.0,21.0,0.0,0.0,0.0,0.0,none,False
2024-04-29 20:00:00,2024-04-29,20,26.1,30,22.5,0.0,0.0,20.0,0.0,0.0,0.0,0.0,none,False
2024-04-29 21:00:00,2024-04-29,21,24.1,37,20.7,0.0,0.0,20.9,0.0,0.0,0.0,0.0,none,False
2024-04-29 22:00:00,2024-04-29,22,22.3,46,19.5,0.0,0.0,19.4,0.0,0.0,0.0,0.0,none,False
2024-04-29 23:00:00,2024-04-29,23,20.5,54,18.3,0.0,0.0,17.3,0.0,0.0,0.0,0.0,none,False
2024-04-30 00:00:00,2024-04-30,0,19.2,63,17.6,0.0,0.0,15.9,0.0,0.0,0.0,0.0,none,False
2024-04-30 01:00:00,2024-04-30,1,18.1,72,17.1,0.0,0.0,13.4,0.0,0.0,0.0,0.0,none,False
2024-04-30 02:00:00,2024-04-30,2,17.4,78,17.0,0.0,0.0,10.5,0.0,0.0,0.0,0.0,none,False
2024-04-30 03:00:00,2024-04-30,3,16.8,83,16.9,0.0,0.0,7.7,0.0,0.0,0.0,0.0,none,False
2024-04-30 04:00:00,2024-04-30,4,16.7,85,17.0,0.0,0.0,7.4,0.0,0.0,0.0,0.0,none,False
2024-04-30 05:00:00,2024-04-30,5,16.9,85,17.0,0.0,0.0,9.2,0.0,0.0,0.0,0.0,none,False
2024-04-30 06:00:00,2024-04-30,6,17.3,84,17.2,0.0,0.0,11.2,0.0,0.0,0.0,0.0,none,False
2024-04-30 07:00:00,2024-04-30,7,17.5,82,17.5,0.0,0.0,9.6,0.0,0.0,0.0,0.0,none,True
2024-04-30 08:00:00,2024-04-30,8,18.2,76,18.3,0.0,0.0,8.9,0.0,0.0,0.0,0.0,none,True
2024-04-30 09:00:00,2024-04-30,9,20.1,64,19.9,0.0,0.0,8.8,0.0,0.0,0.0,0.0,none,True
2024-04-30 10:00:00,2024-04-30,10,22.1,56,22.0,0.0,0.0,8.6,0.0,0.0,0.0,0.0,none,False
2024-04-30 11:00:00,2024-04-30,11,24.4,47,25.1,0.0,0.0,8.9,0.0,0.0,0.0,0.0,none,False
2024-04-30 12:00:00,2024-04-30,12,26.9,37,27.6,0.0,0.0,10.7,0.0,0.0,0.0,0.0,none,False
2024-04-30 13:00:00,2024-04-30,13,29.0,30,29.1,0.0,0.0,13.5,0.0,0.0,0.0,0.0,none,False
2024-04-30 14:00:00,2024-04-30,14,30.2,27,29.8,0.0,0.0,15.8,0.0,0.0,0.0,0.0,none,False
2024-04-30 15:00:00,2024-04-30,15,31.1,26,30.0,0.0,0.0,17.6,0.0,0.0,0.0,0.0,none,False
2024-04-30 16:00:00,2024-04-30,16,30.5,26,28.4,0.0,0.0,18.9,0.0,0.0,0.0,0.0,none,True
2024-04-30 17:00:00,2024-04-30,17,30.5,25,27.0,0.0,0.0,20.5,0.0,0.0,0.0,0.0,none,True
2024-04-30 18:00:00,2024-04-30,18,29.2,27,25.4,0.0,0.0,23.1,0.0,0.0,0.0,0.0,none,True
2024-04-30 19:00:00,2024-04-30,19,27.5,29,23.6,0.0,0.0,22.5,0.0,0.0,0.0,0.0,none,False
2024-04-30 20:00:00,2024-04-30,20,25.9,34,22.4,0.0,0.0,21.5,0.0,0.0,0.0,0.0,none,False
2024-04-30 21:00:00,2024-04-30,21,23.9,49,21.5,0.0,0.0,21.7,0.0,0.0,0.0,0.0,none,False
2024-04-30 22:00:00,2024-04-30,22,22.0,61,20.5,0.0,0.0,19.8,0.0,0.0,0.0,0.0,none,False
2024-04-30 23:00:00,2024-04-30,23,20.8,68,19.8,0.0,0.0,16.8,0.0,0.0,0.0,0.0,none,False
2024-05-01 00:00:00,2024-05-01,0,20.0,73,19.5,0.0,0.0,14.5,0.0,0.0,0.0,0.0,none,False
2024-05-01 01:00:00,2024-05-01,1,19.3,77,19.1,0.0,0.0,13.1,0.0,0.0,0.0,0.0,none,False
2024-05-01 02:00:00,2024-05-01,2,19.4,76,18.9,0.0,0.0,14.2,0.0,0.0,0.0,0.0,none,False
2024-05-01 03:00:00,2024-05-01,3,19.1,76,18.8,0.0,0.0,12.9,0.0,0.0,0.0,0.0,none,False
2024-05-01 04:00:00,2024-05-01,4,19.1,72,19.2,0.0,0.0,8.1,0.0,0.0,0.0,0.0,none,False
2024-05-01 05:00:00,2024-05-01,5,18.9,71,19.0,0.0,0.0,7.1,0.0,0.0,0.0,0.0,none,False
2024-05-01 06:00:00,2024-05-01,6,17.9,75,18.2,0.0,0.0,5.4,0.0,0.0,0.0,0.0,none,False
2024-05-01 07:00:00,2024-05-01,7,17.7,79,17.7,0.0,0.0,9.0,0.0,0.0,0.0,0.0,none,True
2024-05-01 08:00:00,2024-05-01,8,18.6,79,18.9,0.0,0.0,8.9,0.0,0.0,0.0,0.0,none,True
2024-05-01 09:00:00,2024-05-01,9,20.2,69,20.6,0.0,0.0,7.7,0.0,0.0,0.0,0.0,none,True
2024-05-01 10:00:00,2024-05-01,10,22.5,58,22.9,0.0,0.0,6.9,0.0,0.0,0.0,0.0,none,False
2024-05-01 11:00:00,2024-05-01,11,25.2,46,26.1,0.0,0.0,8.7,0.0,0.0,0.0,0.0,none,False
2024-05-01 12:00:00,2024-05-01,12,27.8,37,28.8,0.0,0.0,9.7,0.0,0.0,0.0,0.0,none,False
2024-05-01 13:00:00,2024-05-01,13,29.9,31,30.8,0.0,0.0,10.9,0.0,0.0,0.0,0.0,none,False
2024-05-01 14:00:00,2024-05-01,14,31.4,29,32.1,0.0,0.0,11.5,0.0,0.0,0.0,0.0,none,False
2024-05-01 15:00:00,2024-05-01,15,32.4,26,32.4,0.0,0.0,12.4,0.0,0.0,0.0,0.0,none,False
2024-05-01 16:00:00,2024-05-01,16,32.3,27,32.0,0.0,0.0,10.1,0.0,0.0,0.0,0.0,none,True
2024-05-01 17:00:00,2024-05-01,17,32.6,25,30.9,0.0,0.0,11.9,0.0,0.0,0.0,0.0,none,True
2024-05-01 18:00:00,2024-05-01,18,31.9,27,29.4,0.0,0.0,18.2,0.0,0.0,0.0,0.0,none,True
2024-05-01 19:00:00,2024-05-01,19,30.2,31,27.6,0.0,0.0,19.7,0.0,0.0,0.0,0.0,none,False
2024-05-01 20:00:00,2024-05-01,20,28.7,33,26.0,0.0,0.0,20.3,0.0,0.0,0.0,0.0,none,False
2024-05-01 21:00:00,2024-05-01,21,26.3,37,22.7,0.0,0.0,25.2,0.0,0.0,0.0,0.0,none,False
2024-05-01 22:00:00,2024-05-01,22,24.0,43,21.5,0.0,0.0,18.8,0.0,0.0,0.0,0.0,none,False
2024-05-01 23:00:00,2024-05-01,23,22.9,47,21.0,0.0,0.0,14.2,0.0,0.0,0.0,0.0,none,False
2024-05-02 00:00:00,2024-05-02,0,21.9,51,20.3,0.0,0.0,13.4,0.0,0.0,0.0,0.0,none,False
2024-05-02 01:00:00,2024-05-02,1,20.6,58,19.4,0.0,0.0,12.9,0.0,0.0,0.0,0.0,none,False
2024-05-02 02:00:00,2024-05-02,2,19.5,68,18.7,0.0,0.0,12.9,0.0,0.0,0.0,0.0,none,False
2024-05-02 03:00:00,2024-05-02,3,18.3,80,18.2,0.0,0.0,11.3,0.0,0.0,0.0,0.0,none,False
2024-05-02 04:00:00,2024-05-02,4,17.7,88,18.4,0.0,0.0,8.4,0.0,0.0,0.0,0.0,none,False
2024-05-02 05:00:00,2024-05-02,5,17.5,90,18.2,0.0,0.0,8.6,0.0,0.0,0.0,0.0,none,False
2024-05-02 06:00:00,2024-05-02,6,17.5,87,18.0,0.0,0.0,8.4,0.0,0.0,0.0,0.0,none,False
2024-05-02 07:00:00,2024-05-02,7,17.6,84,17.7,0.0,0.0,10.2,0.0,0.0,0.0,0.0,none,True
2024-05-02 08:00:00,2024-05-02,8,18.4,78,18.2,0.0,0.0,10.8,0.0,0.0,0.0,0.0,none,True
2024-05-02 09:00:00,2024-05-02,9,20.3,65,19.7,0.0,0.0,11.5,0.0,0.0,0.0,0.0,none,True
2024-05-02 10:00:00,2024-05-02,10,22.1,57,21.8,0.0,0.0,9.6,0.0,0.0,0.0,0.0,none,False
2024-05-02 11:00:00,2024-05-02,11,24.2,47,25.3,0.0,0.0,6.5,0.0,0.0,0.0,0.0,none,False
2024-05-02 12:00:00,2024-05-02,12,26.6,38,28.1,0.0,0.0,7.1,0.0,0.0,0.0,0.0,none,False
2024-05-02 13:00:00,2024-05-02,13,29.0,31,29.8,0.0,0.0,11.0,0.0,0.0,0.0,0.0,none,False
2024-05-02 14:00:00,2024-05-02,14,30.6,29,31.0,0.0,0.0,13.6,0.0,0.0,0.0,0.0,none,False
2024-05-02 15:00:00,2024-05-02,15,32.6,22,31.6,0.0,0.0,14.8,0.0,0.0,0.0,0.0,none,False
2024-05-02 16:00:00,2024-05-02,16,31.0,26,29.8,0.0,0.0,13.0,0.0,0.0,0.0,0.0,none,True
2024-05-02 17:00:00,2024-05-02,17,31.6,23,29.0,0.0,0.0,14.6,0.0,0.0,0.0,0.0,none,True
2024-05-02 18:00:00,2024-05-02,18,31.5,22,28.7,0.0,0.0,14.8,0.0,0.0,0.0,0.0,none,True
2024-05-02 19:00:00,2024-05-02,19,31.0,21,27.9,0.0,0.0,14.3,0.0,0.0,0.0,0.0,none,False
2024-05-02 20:00:00,2024-05-02,20,29.4,23,26.5,0.0,0.0,13.4,0.0,0.0,0.0,0.0,none,False
2024-05-02 21:00:00,2024-05-02,21,28.0,27,25.4,0.0,0.0,11.9,0.0,0.0,0.0,0.0,none,False
2024-05-02 22:00:00,2024-05-02,22,26.5,31,24.2,0.0,0.0,12.1,0.0,0.0,0.0,0.0,none,False
2024-05-02 23:00:00,2024-05-02,23,25.1,36,23.6,0.0,0.0,8.3,0.0,0.0,0.0,0.0,none,False
2024-05-03 00:00:00,2024-05-03,0,23.8,42,22.6,0.0,0.0,7.6,0.0,0.0,0.0,0.0,none,False
2024-05-03 01:00:00,2024-05-03,1,22.7,46,22.2,0.0,0.0,4.7,0.0,0.0,0.0,0.0,none,False
2024-05-03 02:00:00,2024-05-03,2,21.9,50,21.4,0.0,0.0,4.6,0.0,0.0,0.0,0.0,none,False
2024-05-03 03:00:00,2024-05-03,3,21.1,53,20.7,0.0,0.0,4.8,0.0,0.0,0.0,0.0,none,False
2024-05-03 04:00:00,2024-05-03,4,22.6,44,22.4,0.0,0.0,1.5,0.0,0.0,0.0,0.0,none,False
2024-05-03 05:00:00,2024-05-03,5,20.8,50,20.1,0.0,0.0,4.4,0.0,0.0,0.0,0.0,none,False
2024-05-03 06:00:00,2024-05-03,6,20.1,53,19.5,0.0,0.0,5.1,0.0,0.0,0.0,0.0,none,False
2024-05-03 07:00:00,2024-05-03,7,21.0,51,20.5,0.0,0.0,3.8,0.0,0.0,0.0,0.0,none,True
2024-05-03 08:00:00,2024-05-03,8,22.8,44,22.4,0.0,0.0,3.1,0.0,0.0,0.0,0.0,none,True
2024-05-03 09:00:00,2024-05-03,9,25.4,36,24.7,0.0,0.0,3.4,0.0,0.0,0.0,0.0,none,True
2024-05-03 10:00:00,2024-05-03,10,27.9,30,27.0,0.0,0.0,5.6,0.0,0.0,0.0,0.0,none,False
2024-05-03 11:00:00,2024-05-03,11,30.0,26,29.6,0.0,0.0,9.1,0.0,0.0,0.0,0.0,none,False
2024-05-03 12:00:00,2024-05-03,12,31.9,23,31.1,0.0,0.0,14.8,0.0,0.0,0.0,0.0,none,False
2024-05-03 13:00:00,2024-05-03,13,32.8,18,30.8,0.0,0.0,20.2,0.0,0.0,0.0,0.0,none,False
2024-05-03 14:00:00,2024-05-03,14,33.3,16,30.7,0.0,0.0,21.2,0.0,0.0,0.0,0.0,none,False
2024-05-03 15:00:00,2024-05-03,15,33.5,16,30.6,0.0,0.0,21.3,0.0,0.0,0.0,0.0,none,False
2024-05-03 16:00:00,2024-05-03,16,32.8,18,29.5,0.0,0.0,20.6,0.0,0.0,0.0,0.0,none,True
2024-05-03 17:00:00,2024-05-03,17,32.5,16,27.8,0.0,0.0,21.6,0.0,0.0,0.0,0.0,none,True
2024-05-03 18:00:00,2024-05-03,18,31.2,19,26.9,0.0,0.0,21.6,0.0,0.0,0.0,0.0,none,True
2024-05-03 19:00:00,2024-05-03,19,29.4,24,25.5,0.0,0.0,21.2,0.0,0.0,0.0,0.0,none,False
2024-05-03 20:00:00,2024-05-03,20,27.4,33,24.4,0.0,0.0,20.0,0.0,0.0,0.0,0.0,none,False
2024-05-03 21:00:00,2024-05-03,21,25.6,41,23.3,0.0,0.0,18.5,0.0,0.0,0.0,0.0,none,False
2024-05-03 22:00:00,2024-05-03,22,24.1,47,22.3,0.0,0.0,17.3,0.0,0.0,0.0,0.0,none,False
2024-05-03 23:00:00,2024-05-03,23,22.9,52,21.4,0.0,0.0,15.2,0.0,0.0,0.0,0.0,none,False
2024-05-04 00:00:00,2024-05-04,0,21.8,56,21.0,0.0,0.0,11.0,0.0,0.0,0.0,0.0,none,False
2024-05-04 01:00:00,2024-05-04,1,20.8,60,20.3,0.0,0.0,8.6,0.0,0.0,0.0,0.0,none,False
2024-05-04 02:00:00,2024-05-04,2,19.8,64,19.8,0.0,0.0,6.0,0.0,0.0,0.0,0.0,none,False
2024-05-04 03:00:00,2024-05-04,3,18.9,69,18.9,0.0,0.0,6.7,0.0,0.0,0.0,0.0,none,False
2024-05-04 04:00:00,2024-05-04,4,18.1,73,18.3,0.0,0.0,5.6,0.0,0.0,0.0,0.0,none,False
2024-05-04 05:00:00,2024-05-04,5,17.0,83,17.5,0.0,0.0,5.6,0.0,0.0,0.0,0.0,none,False
2024-05-04 06:00:00,2024-05-04,6,17.2,84,18.2,0.0,0.0,3.6,0.0,0.0,0.0,0.0,none,False
2024-05-04 07:00:00,2024-05-04,7,17.0,87,18.3,0.0,0.0,2.5,0.0,0.0,0.0,0.0,none,True
2024-05-04 08:00:00,2024-05-04,8,18.3,83,19.7,0.0,0.0,3.1,0.0,0.0,0.0,0.0,none,True
2024-05-04 09:00:00,2024-05-04,9,20.2,72,21.3,0.0,0.0,4.3,0.0,0.0,0.0,0.0,none,True
2024-05-04 10:00:00,2024-05-04,10,23.0,56,23.7,0.0,0.0,5.1,0.0,0.0,0.0,0.0,none,False
2024-05-04 11:00:00,2024-05-04,11,25.6,40,26.9,0.0,0.0,4.0,0.0,0.0,0.0,0.0,none,False
2024-05-04 12:00:00,2024-05-04,12,28.1,31,29.1,0.0,0.0,7.0,0.0,0.0,0.0,0.0,none,False
2024-05-04 13:00:00,2024-05-04,13,30.1,24,29.8,0.0,0.0,12.6,0.0,0.0,0.0,0.0,none,False
2024-05-04 14:00:00,2024-05-04,14,31.5,18,29.7,0.0,0.0,17.7,0.0,0.0,0.0,0.0,none,False
2024-05-04 15:00:00,2024-05-04,15,32.0,16,29.2,0.0,0.0,19.9,0.0,0.0,0.0,0.0,none,False
2024-05-04 16:00:00,2024-05-04,16,31.7,17,28.0,0.0,0.0,21.1,0.0,0.0,0.0,0.0,none,True
2024-05-04 17:00:00,2024-05-04,17,31.3,17,26.7,0.0,0.0,21.0,0.0,0.0,0.0,0.0,none,True
2024-05-04 18:00:00,2024-05-04,18,30.8,17,26.3,0.0,0.0,18.9,0.0,0.0,0.0,0.0,none,True
2024-05-04 19:00:00,2024-05-04,19,29.5,18,25.2,0.0,0.0,17.8,0.0,0.0,0.0,0.0,none,False
2024-05-04 20:00:00,2024-05-04,20,28.1,21,24.4,0.0,0.0,15.5,0.0,0.0,0.0,0.0,none,False
2024-05-04 21:00:00,2024-05-04,21,26.8,24,23.2,0.0,0.0,16.2,0.0,0.0,0.0,0.0,none,False
2024-05-04 22:00:00,2024-05-04,22,24.4,29,20.4,0.0,0.0,18.9,0.0,0.0,0.0,0.0,none,False
2024-05-04 23:00:00,2024-05-04,23,23.0,34,19.7,0.0,0.0,15.5,0.0,0.0,0.0,0.0,none,False
2024-05-05 00:00:00,2024-05-05,0,21.9,39,19.5,0.0,0.0,11.3,0.0,0.0,0.0,0.0,none,False
2024-05-05 01:00:00,2024-05-05,1,21.0,42,19.1,0.0,0.0,9.0,0.0,0.0,0.0,0.0,none,False
2024-05-05 02:00:00,2024-05-05,2,20.6,44,18.9,0.0,0.0,8.0,0.0,0.0,0.0,0.0,none,False
2024-05-05 03:00:00,2024-05-05,3,19.7,47,18.3,0.0,0.0,6.3,0.0,0.0,0.0,0.0,none,False
2024-05-05 04:00:00,2024-05-05,4,19.2,51,18.3,0.0,0.0,4.4,0.0,0.0,0.0,0.0,none,False
2024-05-05 05:00:00,2024-05-05,5,18.1,57,17.1,0.0,0.0,6.3,0.0,0.0,0.0,0.0,none,False
2024-05-05 06:00:00,2024-05-05,6,17.5,60,16.6,0.0,0.0,5.5,0.0,0.0,0.0,0.0,none,False
2024-05-05 07:00:00,2024-05-05,7,17.8,60,16.4,0.0,0.0,9.6,0.0,0.0,0.0,0.0,none,True
2024-05-05 08:00:00,2024-05-05,8,19.2,55,17.8,0.0,0.0,9.7,0.0,0.0,0.0,0.0,none,True
2024-05-05 09:00:00,2024-05-05,9,21.1,44,19.2,0.0,0.0,9.9,0.0,0.0,0.0,0.0,none,True
2024-05-05 10:00:00,2024-05-05,10,22.9,38,20.9,0.0,0.0,11.8,0.0,0.0,0.0,0.0,none,False
2024-05-05 11:00:00,2024-05-05,11,24.8,32,22.9,0.0,0.0,15.2,0.0,0.0,0.0,0.0,none,False
2024-05-05 12:00:00,2024-05-05,12,26.3,28,24.2,0.0,0.0,19.8,0.0,0.0,0.0,0.0,none,False
2024-05-05 13:00:00,2024-05-05,13,27.0,26,24.4,0.0,0.0,24.1,0.0,0.0,0.0,0.0,none,False
2024-05-05 14:00:00,2024-05-05,14,27.3,25,24.4,0.0,0.0,25.3,0.0,0.0,0.0,0.0,none,False
2024-05-05 15:00:00,2024-05-05,15,27.6,23,24.3,0.0,0.0,24.5,0.0,0.0,0.0,0.0,none,False
2024-05-05 16:00:00,2024-05-05,16,27.3,23,23.5,0.0,0.0,22.4,0.0,0.0,0.0,0.0,none,True
2024-05-05 17:00:00,2024-05-05,17,26.7,24,22.0,0.0,0.0,22.9,0.0,0.0,0.0,0.0,none,True
2024-05-05 18:00:00,2024-05-05,18,26.8,23,22.5,0.0,0.0,19.7,0.0,0.0,0.0,0.0,none,True
2024-05-05 19:00:00,2024-05-05,19,24.5,28,19.4,0.0,0.0,25.8,0.0,0.0,0.0,0.0,none,False
2024-05-05 20:00:00,2024-05-05,20,23.4,35,19.2,0.0,0.0,22.9,0.0,0.0,0.0,0.0,none,False
2024-05-05 21:00:00,2024-05-05,21,21.9,43,18.9,0.0,0.0,18.1,0.0,0.0,0.0,0.0,none,False
2024-05-05 22:00:00,2024-05-05,22,21.0,47,18.3,0.0,0.0,17.3,0.0,0.0,0.0,0.0,none,False
2024-05-05 23:00:00,2024-05-05,23,20.1,53,18.1,0.0,0.0,14.5,0.0,0.0,0.0,0.0,none,False
2024-05-06 00:00:00,2024-05-06,0,19.5,57,17.9,0.0,0.0,13.2,0.0,0.0,0.0,0.0,none,False
2024-05-06 01:00:00,2024-05-06,1,18.8,62,17.4,0.0,0.0,11.9,0.0,0.0,0.0,0.0,none,False
2024-05-06 02:00:00,2024-05-06,2,18.0,66,16.9,0.0,0.0,10.8,0.0,0.0,0.0,0.0,none,False
2024-05-06 03:00:00,2024-05-06,3,17.4,69,16.6,0.0,0.0,9.0,0.0,0.0,0.0,0.0,none,False
2024-05-06 04:00:00,2024-05-06,4,17.4,70,16.9,0.0,0.0,7.3,0.0,0.0,0.0,0.0,none,False
2024-05-06 05:00:00,2024-05-06,5,17.0,72,16.4,0.0,0.0,7.9,0.0,0.0,0.0,0.0,none,False
2024-05-06 06:00:00,2024-05-06,6,16.6,73,16.0,0.0,0.0,8.3,0.0,0.0,0.0,0.0,none,False
2024-05-06 07:00:00,2024-05-06,7,17.0,72,16.1,0.0,0.0,10.2,0.0,0.0,0.0,0.0,none,True
2024-05-06 08:00:00,2024-05-06,8,18.5,66,17.4,0.0,0.0,11.6,0.0,0.0,0.0,0.0,none,True
2024-05-06 09:00:00,2024-05-06,9,20.4,58,18.6,0.0,0.0,15.9,0.0,0.0,0.0,0.0,none,True
2024-05-06 10:00:00,2024-05-06,10,22.0,49,20.0,0.0,0.0,16.4,0.0,0.0,0.0,0.0,none,False
2024-05-06 11:00:00,2024-05-06,11,23.5,41,21.6,0.0,0.0,16.9,0.0,0.0,0.0,0.0,none,False
2024-05-06 12:00:00,2024-05-06,12,24.9,35,22.8,0.0,0.0,16.3,0.0,0.0,0.0,0.0,none,False
2024-05-06 13:00:00,2024-05-06,13,26.0,30,23.8,0.0,0.0,16.8,0.0,0.0,0.0,0.0,none,False
2024-05-06 14:00:00,2024-05-06,14,26.9,27,24.2,0.0,0.0,16.8,0.0,0.0,0.0,0.0,none,False
2024-05-06 15:00:00,2024-05-06,15,27.9,23,24.5,0.0,0.0,18.1,0.0,0.0,0.0,0.0,none,False
2024-05-06 16:00:00,2024-05-06,16,27.0,27,23.4,0.0,0.0,18.4,0.0,0.0,0.0,0.0,none,True
2024-05-06 17:00:00,2024-05-06,17,26.8,27,23.2,0.0,0.0,17.6,0.0,0.0,0.0,0.0,none,True
2024-05-06 18:00:00,2024-05-06,18,26.4,27,23.0,0.0,0.0,16.3,0.0,0.0,0.0,0.0,none,True
2024-05-06 19:00:00,2024-05-06,19,25.4,29,21.8,0.0,0.0,17.6,0.0,0.0,0.0,0.0,none,False
2024-05-06 20:00:00,2024-05-06,20,24.0,33,20.8,0.0,0.0,16.7,0.0,0.0,0.0,0.0,none,False
2024-05-06 21:00:00,2024-05-06,21,22.6,39,19.5,0.0,0.0,17.8,0.0,0.0,0.0,0.0,none,False
2024-05-06 22:00:00,2024-05-06,22,21.4,45,18.8,0.0,0.0,16.0,0.0,0.0,0.0,0.0,none,False
2024-05-06 23:00:00,2024-05-06,23,20.1,53,18.1,0.0,0.0,14.2,0.0,0.0,0.0,0.0,none,False
2024-05-07 00:00:00,2024-05-07,0,18.9,63,17.8,0.0,0.0,11.0,0.0,0.0,0.0,0.0,none,False
2024-05-07 01:00:00,2024-05-07,1,18.0,70,17.4,0.0,0.0,8.9,0.0,0.0,0.0,0.0,none,False
2024-05-07 02:00:00,2024-05-07,2,17.1,75,16.9,0.0,0.0,6.9,0.0,0.0,0.0,0.0,none,False
2024-05-07 03:00:00,2024-05-07,3,16.2,78,16.2,0.0,0.0,5.6,0.0,0.0,0.0,0.0,none,False
2024-05-07 04:00:00,2024-05-07,4,15.7,81,15.6,0.0,0.0,6.0,0.0,0.0,0.0,0.0,none,False
2024-05-07 05:00:00,2024-05-07,5,15.2,84,15.2,0.0,0.0,5.8,0.0,0.0,0.0,0.0,none,False
2024-05-07 06:00:00,2024-05-07,6,15.5,82,15.5,0.0,0.0,5.1,0.0,0.0,0.0,0.0,none,False
2024-05-07 07:00:00,2024-05-07,7,15.8,82,15.6,0.0,0.0,6.8,0.0,0.0,0.0,0.0,none,True
2024-05-07 08:00:00,2024-05-07,8,17.4,72,16.9,0.0,0.0,8.6,0.0,0.0,0.0,0.0,none,True
2024-05-07 09:00:00,2024-05-07,9,19.0,62,18.2,0.0,0.0,8.8,0.0,0.0,0.0,0.0,none,True
2024-05-07 10:00:00,2024-05-07,10,20.5,54,20.3,0.0,0.0,5.8,0.0,0.0,0.0,0.0,none,False
2024-05-07 11:00:00,2024-05-07,11,22.2,47,23.4,0.0,0.0,3.3,0.0,0.0,0.0,0.0,none,False
2024-05-07 12:00:00,2024-05-07,12,24.0,39,26.1,0.0,0.0,1.6,0.0,0.0,0.0,0.0,none,False
2024-05-07 13:00:00,2024-05-07,13,25.8,33,28.0,0.0,0.0,1.5,0.0,0.0,0.0,0.0,none,False
2024-05-07 14:00:00,2024-05-07,14,27.4,28,28.9,0.0,0.0,3.0,0.0,0.0,0.0,0.0,none,False
2024-05-07 15:00:00,2024-05-07,15,28.6,24,29.0,0.0,0.0,4.7,0.0,0.0,0.0,0.0,none,False
2024-05-07 16:00:00,2024-05-07,16,28.4,23,27.9,0.0,0.0,4.4,0.0,0.0,0.0,0.0,none,True
2024-05-07 17:00:00,2024-05-07,17,28.7,22,26.7,0.0,0.0,5.6,0.0,0.0,0.0,0.0,none,True
2024-05-07 18:00:00,2024-05-07,18,28.6,22,26.2,0.0,0.0,7.7,0.0,0.0,0.0,0.0,none,True
2024-05-07 19:00:00,2024-05-07,19,28.0,22,25.2,0.0,0.0,9.4,0.0,0.0,0.0,0.0,none,False
2024-05-07 20:00:00,2024-05-07,20,27.1,23,24.4,0.0,0.0,9.1,0.0,0.0,0.0,0.0,none,False
2024-05-07 21:00:00,2024-05-07,21,26.2,25,23.7,0.0,0.0,8.1,0.0,0.0,0.0,0.0,none,False
2024-05-07 22:00:00,2024-05-07,22,23.5,39,20.0,0.0,0.0,21.6,0.0,0.0,0.0,0.0,none,False
2024-05-07 23:00:00,2024-05-07,23,21.9,45,18.9,0.0,0.0,19.4,0.0,0.0,0.0,0.0,none,False
2024-05-08 00:00:00,2024-05-08,0,20.8,49,18.1,0.0,0.0,17.8,0.0,0.0,0.0,0.0,none,False
2024-05-08 01:00:00,2024-05-08,1,19.6,54,17.6,0.0,0.0,14.8,0.0,0.0,0.0,0.0,none,False
2024-05-08 02:00:00,2024-05-08,2,18.8,60,17.0,0.0,0.0,13.2,0.0,0.0,0.0,0.0,none,False
2024-05-08 03:00:00,2024-05-08,3,17.9,66,16.5,0.0,0.0,12.3,0.0,0.0,0.0,0.0,none,False
2024-05-08 04:00:00,2024-05-08,4,17.3,72,16.2,0.0,0.0,12.0,0.0,0.0,0.0,0.0,none,False
2024-05-08 05:00:00,2024-05-08,5,16.8,75,15.5,0.0,0.0,13.5,0.0,0.0,0.0,0.0,none,False
2024-05-08 06:00:00,2024-05-08,6,16.2,77,15.0,0.0,0.0,12.9,0.0,0.0,0.0,0.0,none,False
2024-05-08 07:00:00,2024-05-08,7,16.5,76,15.4,0.0,0.0,12.6,0.0,0.0,0.0,0.0,none,True
2024-05-08 08:00:00,2024-05-08,8,18.5,65,17.2,0.0,0.0,12.7,0.0,0.0,0.0,0.0,none,True
2024-05-08 09:00:00,2024-05-08,9,20.9,51,19.0,0.0,0.0,13.8,0.0,0.0,0.0,0.0,none,True
2024-05-08 10:00:00,2024-05-08,10,23.1,37,20.9,0.0,0.0,14.0,0.0,0.0,0.0,0.0,none,False
2024-05-08 11:00:00,2024-05-08,11,25.4,25,23.1,0.0,0.0,14.8,0.0,0.0,0.0,0.0,none,False
2024-05-08 12:00:00,2024-05-08,12,27.2,17,24.9,0.0,0.0,15.3,0.0,0.0,0.0,0.0,none,False
2024-05-08 13:00:00,2024-05-08,13,28.9,12,26.4,0.0,0.0,15.3,0.0,0.0,0.0,0.0,none,False
2024-05-08 14:00:00,2024-05-08,14,30.0,10,27.2,0.0,0.0,16.1,0.0,0.0,0.0,0.0,none,False
2024-05-08 15:00:00,2024-05-08,15,30.7,9,27.3,0.0,0.0,16.4,0.0,0.0,0.0,0.0,none,False
2024-05-08 16:00:00,2024-05-08,16,31.0,10,26.5,0.0,0.0,19.2,0.0,0.0,0.0,0.0,none,True
2024-05-08 17:00:00,2024-05-08,17,30.8,9,25.5,0.0,0.0,17.9,0.0,0.0,0.0,0.0,none,True
2024-05-08 18:00:00,2024-05-08,18,30.3,10,24.8,0.0,0.0,18.4,0.0,0.0,0.0,0.0,none,True
2024-05-08 19:00:00,2024-05-08,19,29.2,11,23.9,0.0,0.0,18.2,0.0,0.0,0.0,0.0,none,False
2024-05-08 20:00:00,2024-05-08,20,27.5,14,22.9,0.0,0.0,15.0,0.0,0.0,0.0,0.0,none,False
2024-05-08 21:00:00,2024-05-08,21,25.6,25,21.3,0.0,0.0,20.8,0.0,0.0,0.0,0.0,none,False
2024-05-08 22:00:00,2024-05-08,22,23.8,32,19.6,0.0,0.0,22.2,0.0,0.0,0.0,0.0,none,False
2024-05-08 23:00:00,2024-05-08,23,22.2,39,18.3,0.0,0.0,22.6,0.0,0.0,0.0,0.0,none,False
2024-05-09 00:00:00,2024-05-09,0,21.0,45,17.2,0.0,0.0,23.2,0.0,0.0,0.0,0.0,none,False
2024-05-09 01:00:00,2024-05-09,1,20.0,50,16.5,0.0,0.0,21.8,0.0,0.0,0.0,0.0,none,False
2024-05-09 02:00:00,2024-05-09,2,19.2,53,15.8,0.0,0.0,22.7,0.0,0.0,0.0,0.0,none,False
2024-05-09 03:00:00,2024-05-09,3,19.1,51,16.0,0.0,0.0,19.2,0.0,0.0,0.0,0.0,none,False
2024-05-09 04:00:00,2024-05-09,4,18.0,59,15.9,0.0,0.0,15.0,0.0,0.0,0.0,0.0,none,False
2024-05-09 05:00:00,2024-05-09,5,17.5,58,15.3,0.0,0.0,13.2,0.0,0.0,0.0,0.0,none,False
2024-05-09 06:00:00,2024-05-09,6,17.0,57,15.2,0.0,0.0,9.4,0.0,0.0,0.0,0.0,none,False
2024-05-09 07:00:00,2024-05-09,7,17.2,55,15.1,0.0,0.0,11.4,0.0,0.0,0.0,0.0,none,True
2024-05-09 08:00:00,2024-05-09,8,20.1,44,18.0,0.0,0.0,10.5,0.0,0.0,0.0,0.0,none,True
2024-05-09 09:00:00,2024-05-09,9,23.5,37,21.2,0.0,0.0,11.8,0.0,0.0,0.0,0.0,none,True
2024-05-09 10:00:00,2024-05-09,10,26.9,28,24.5,0.0,0.0,13.5,0.0,0.0,0.0,0.0,none,False
2024-05-09 11:00:00,2024-05-09,11,30.0,19,28.1,0.0,0.0,12.5,0.0,0.0,0.0,0.0,none,False
2024-05-09 12:00:00,2024-05-09,12,32.0,14,30.5,0.0,0.0,11.4,0.0,0.0,0.0,0.0,none,False
2024-05-09 13:00:00,2024-05-09,13,33.3,11,32.0,0.0,0.0,10.3,0.0,0.0,0.0,0.0,none,False
2024-05-09 14:00:00,2024-05-09,14,34.1,10,33.3,0.0,0.0,6.2,0.0,0.0,0.0,0.0,none,False
2024-05-09 15:00:00,2024-05-09,15,34.8,9,33.5,0.0,0.0,5.4,0.0,0.0,0.0,0.0,none,False
2024-05-09 16:00:00,2024-05-09,16,36.4,6,33.9,0.0,0.0,5.0,0.0,0.0,0.0,0.0,none,True
2024-05-09 17:00:00,2024-05-09,17,36.5,5,32.5,0.0,0.0,6.3,0.0,0.0,0.0,0.0,none,True
2024-05-09 18:00:00,2024-05-09,18,36.0,6,31.7,0.0,0.0,8.4,0.0,0.0,0.0,0.0,none,True
2024-05-09 19:00:00,2024-05-09,19,35.1,6,30.7,0.0,0.0,9.7,0.0,0.0,0.0,0.0,none,False
2024-05-09 20:00:00,2024-05-09,20,32.6,10,29.1,0.0,0.0,5.9,0.0,0.0,0.0,0.0,none,False
2024-05-09 21:00:00,2024-05-09,21,31.1,10,27.6,0.0,0.0,6.4,0.0,0.0,0.0,0.0,none,False
2024-05-09 22:00:00,2024-05-09,22,30.3,15,26.0,0.0,0.0,15.9,0.0,0.0,0.0,0.0,none,False
2024-05-09 23:00:00,2024-05-09,23,29.5,14,24.7,0.0,0.0,17.4,0.0,0.0,0.0,0.0,none,False
2024-05-10 00:00:00,2024-05-10,0,28.8,15,24.3,0.0,0.0,15.5,0.0,0.0,0.0,0.0,none,False
2024-05-10 01:00:00,2024-05-10,1,28.0,13,24.0,0.0,0.0,10.0,0.0,0.0,0.0,0.0,none,False
2024-05-10 02:00:00,2024-05-10,2,26.4,13,22.5,0.0,0.0,8.5,0.0,0.0,0.0,0.0,none,False
2024-05-10 03:00:00,2024-05-10,3,26.8,12,22.3,0.0,0.0,11.1,0.0,0.0,0.0,0.0,none,False
2024-05-10 04:00:00,2024-05-10,4,26.2,19,22.9,0.0,0.0,9.6,0.0,0.0,0.0,0.0,none,False
2024-05-10 05:00:00,2024-05-10,5,25.5,19,21.4,0.0,0.0,13.1,0.0,0.0,0.0,0.0,none,False
2024-05-10 06:00:00,2024-05-10,6,25.5,16,20.0,0.0,0.0,21.6,0.0,0.0,0.0,0.0,none,False
2024-05-10 07:00:00,2024-05-10,7,26.1,16,20.6,0.0,0.0,21.4,0.0,0.0,0.0,0.0,none,True
2024-05-10 08:00:00,2024-05-10,8,27.7,14,22.0,0.0,0.0,22.3,0.0,0.0,0.0,0.0,none,True
2024-05-10 09:00:00,2024-05-10,9,30.3,9,23.7,0.0,0.0,25.7,0.0,0.0,0.0,0.0,none,True
2024-05-10 10:00:00,2024-05-10,10,32.3,8,25.8,0.0,0.0,27.3,0.0,0.0,0.0,0.0,none,False
2024-05-10 11:00:00,2024-05-10,11,34.8,8,29.9,0.0,0.0,22.8,0.0,0.0,0.0,0.0,none,False
2024-05-10 12:00:00,2024-05-10,12,34.8,10,30.8,0.0,0.0,16.2,0.0,0.0,0.0,0.0,none,False
2024-05-10 13:00:00,2024-05-10,13,34.3,11,31.1,0.0,0.0,7.0,0.0,0.0,0.0,0.0,none,False
2024-05-10 14:00:00,2024-05-10,14,34.5,14,30.5,0.0,0.0,17.7,0.0,0.0,0.0,0.0,none,False
2024-05-10 15:00:00,2024-05-10,15,35.2,14,32.7,0.0,0.0,13.3,0.0,0.0,0.0,0.0,none,False
2024-05-10 16:00:00,2024-05-10,16,33.7,21,31.8,0.0,0.0,9.1,0.0,0.0,0.0,0.0,none,True
2024-05-10 17:00:00,2024-05-10,17,33.8,21,31.1,0.0,0.0,15.6,0.0,0.0,0.0,0.0,none,True
2024-05-10 18:00:00,2024-05-10,18,32.8,22,30.6,0.0,0.0,12.1,0.0,0.0,0.0,0.0,none,True
2024-05-10 19:00:00,2024-05-10,19,32.2,23,30.6,0.0,0.0,7.1,0.0,0.0,0.0,0.0,none,False
2024-05-10 20:00:00,2024-05-10,20,30.9,25,29.1,0.0,0.0,9.6,0.0,0.0,0.0,0.0,none,False
2024-05-10 21:00:00,2024-05-10,21,29.7,30,29.2,0.0,0.0,4.1,0.0,0.0,0.0,0.0,none,False
2024-05-10 22:00:00,2024-05-10,22,28.8,30,28.1,0.0,0.0,4.1,0.0,0.0,0.0,0.0,none,False
2024-05-10 23:00:00,2024-05-10,23,27.5,32,26.2,0.0,0.0,8.3,0.0,0.0,0.0,0.0,none,False
2024-05-11 00:00:00,2024-05-11,0,26.0,34,24.9,0.0,0.0,6.5,0.0,0.0,0.0,0.0,none,False
2024-05-11 01:00:00,2024-05-11,1,24.8,37,23.5,0.0,0.0,6.9,0.0,0.0,0.0,0.0,none,False
2024-05-11 02:00:00,2024-05-11,2,23.1,41,21.3,0.0,0.0,10.7,0.0,0.0,0.0,0.0,none,False
2024-05-11 03:00:00,2024-05-11,3,22.1,47,20.9,0.0,0.0,9.0,0.0,0.0,0.0,0.0,none,False
2024-05-11 04:00:00,2024-05-11,4,22.5,39,21.3,0.0,0.0,3.9,0.0,0.0,0.0,0.0,none,False
2024-05-11 05:00:00,2024-05-11,5,20.6,43,18.8,0.0,0.0,8.3,0.0,0.0,0.0,0.0,none,False
2024-05-11 06:00:00,2024-05-11,6,19.4,56,18.0,0.0,0.0,10.8,0.0,0.0,0.0,0.0,none,False
2024-05-11 07:00:00,2024-05-11,7,19.8,62,18.9,0.0,0.0,11.4,0.0,0.0,0.0,0.0,none,True
2024-05-11 08:00:00,2024-05-11,8,21.5,56,20.8,0.0,0.0,9.7,0.0,0.0,0.0,0.0,none,True
2024-05-11 09:00:00,2024-05-11,9,23.8,44,22.5,0.0,0.0,10.5,0.0,0.0,0.0,0.0,none,True
2024-05-11 10:00:00,2024-05-11,10,25.9,35,24.3,0.0,0.0,11.6,0.0,0.0,0.0,0.0,none,False
2024-05-11 11:00:00,2024-05-11,11,27.6,31,26.7,0.0,0.0,12.7,0.0,0.0,0.0,0.0,none,False
2024-05-11 12:00:00,2024-05-11,12,29.0,28,28.4,0.0,0.0,14.5,0.0,0.0,0.0,0.0,none,False
2024-05-11 13:00:00,2024-05-11,13,30.2,25,29.4,0.0,0.0,16.3,0.0,0.0,0.0,0.0,none,False
2024-05-11 14:00:00,2024-05-11,14,31.0,23,30.1,0.0,0.0,16.4,0.0,0.0,0.0,0.0,none,False
2024-05-11 15:00:00,2024-05-11,15,31.5,22,30.1,0.0,0.0,15.6,0.0,0.0,0.0,0.0,none,False
2024-05-11 16:00:00,2024-05-11,16,31.4,22,29.7,0.0,0.0,14.3,0.0,0.0,0.0,0.0,none,True
2024-05-11 17:00:00,2024-05-11,17,31.2,22,28.3,0.0,0.0,14.6,0.0,0.0,0.0,0.0,none,True
2024-05-11 18:00:00,2024-05-11,18,30.7,22,27.8,0.0,0.0,14.1,0.0,0.0,0.0,0.0,none,True
2024-05-11 19:00:00,2024-05-11,19,29.7,24,27.1,0.0,0.0,13.2,0.0,0.0,0.0,0.0,none,False
2024-05-11 20:00:00,2024-05-11,20,28.5,28,25.5,0.0,0.0,16.7,0.0,0.0,0.0,0.0,none,False
2024-05-11 21:00:00,2024-05-11,21,25.7,39,22.9,0.0,0.0,20.3,0.0,0.0,0.0,0.0,none,False
2024-05-11 22:00:00,2024-05-11,22,24.0,44,21.4,0.0,0.0,19.7,0.0,0.0,0.0,0.0,none,False
2024-05-11 23:00:00,2024-05-11,23,22.8,50,20.8,0.0,0.0,17.1,0.0,0.0,0.0,0.0,none,False
2024-05-12 00:00:00,2024-05-12,0,21.7,56,20.2,0.0,0.0,16.0,0.0,0.0,0.0,0.0,none,False
2024-05-12 01:00:00,2024-05-12,1,20.6,63,19.7,0.0,0.0,14.1,0.0,0.0,0.0,0.0,none,False
2024-05-12 02:00:00,2024-05-12,2,19.8,69,19.4,0.0,0.0,11.9,0.0,0.0,0.0,0.0,none,False
2024-05-12 03:00:00,2024-05-12,3,19.0,74,19.2,0.0,0.0,8.7,0.0,0.0,0.0,0.0,none,False
2024-05-12 04:00:00,2024-05-12,4,19.7,86,20.9,0.0,0.0,10.1,0.0,0.0,0.0,0.0,none,False
2024-05-12 05:00:00,2024-05-12,5,19.9,85,21.3,0.0,0.0,7.8,0.0,0.0,0.0,0.0,none,False
2024-05-12 06:00:00,2024-05-12,6,19.8,84,21.4,0.0,0.0,6.4,0.0,0.0,0.0,0.0,none,False
2024-05-12 07:00:00,2024-05-12,7,19.9,84,21.6,0.0,0.0,4.7,0.0,0.0,0.0,0.0,none,True
2024-05-12 08:00:00,2024-05-12,8,20.6,80,22.3,0.0,0.0,5.8,0.0,0.0,0.0,0.0,none,True
2024-05-12 09:00:00,2024-05-12,9,22.2,69,23.2,0.0,0.0,7.4,0.0,0.0,0.0,0.0,none,True
2024-05-12 10:00:00,2024-05-12,10,24.3,56,24.6,0.0,0.0,10.0,0.0,0.0,0.0,0.0,none,False
2024-05-12 11:00:00,2024-05-12,11,26.4,43,26.0,0.0,0.0,15.0,0.0,0.0,0.0,0.0,none,False
2024-05-12 12:00:00,2024-05-12,12,27.8,34,26.8,0.0,0.0,19.6,0.0,0.0,0.0,0.0,none,False
2024-05-12 13:00:00,2024-05-12,13,28.8,30,27.4,0.0,0.0,21.9,0.0,0.0,0.0,0.0,none,False
2024-05-12 14:00:00,2024-05-12,14,29.5,28,27.8,0.0,0.0,22.7,0.0,0.0,0.0,0.0,none,False
2024-05-12 15:00:00,2024-05-12,15,29.9,26,27.6,0.0,0.0,22.8,0.0,0.0,0.0,0.0,none,False
2024-05-12 16:00:00,2024-05-12,16,29.1,28,26.4,0.0,0.0,20.2,0.0,0.0,0.0,0.0,none,True
2024-05-12 17:00:00,2024-05-12,17,29.2,27,25.8,0.0,0.0,20.8,0.0,0.0,0.0,0.0,none,True
2024-05-12 18:00:00,2024-05-12,18,28.2,29,24.4,0.0,0.0,23.3,0.0,0.0,0.0,0.0,none,True
2024-05-12 19:00:00,2024-05-12,19,26.9,30,23.1,0.0,0.0,22.3,0.0,0.0,0.0,0.0,none,False
2024-05-12 20:00:00,2024-05-12,20,25.5,32,21.9,0.0,0.0,21.1,0.0,0.0,0.0,0.0,none,False
2024-05-12 21:00:00,2024-05-12,21,24.1,39,20.9,0.0,0.0,20.9,0.0,0.0,0.0,0.0,none,False
2024-05-12 22:00:00,2024-05-12,22,22.6,46,20.1,0.0,0.0,18.4,0.0,0.0,0.0,0.0,none,False
2024-05-12 23:00:00,2024-05-12,23,21.3,53,19.4,0.0,0.0,16.4,0.0,0.0,0.0,0.0,none,False
2024-05-13 00:00:00,2024-05-13,0,20.0,64,18.9,0.0,0.0,14.6,0.0,0.0,0.0,0.0,none,False
2024-05-13 01:00:00,2024-05-13,1,19.1,70,18.5,0.0,0.0,12.2,0.0,0.0,0.0,0.0,none,False
2024-05-13 02:00:00,2024-05-13,2,18.5,74,18.5,0.0,0.0,7.9,0.0,0.0,0.0,0.0,none,False
2024-05-13 03:00:00,2024-05-13,3,17.9,77,18.2,0.0,0.0,6.4,0.0,0.0,0.0,0.0,none,False
2024-05-13 04:00:00,2024-05-13,4,17.5,78,17.8,0.0,0.0,6.2,0.0,0.0,0.0,0.0,none,False
2024-05-13 05:00:00,2024-05-13,5,17.0,82,17.4,0.0,0.0,5.2,0.0,0.0,0.0,0.0,none,False
2024-05-13 06:00:00,2024-05-13,6,16.1,87,16.6,0.0,0.0,5.9,0.0,0.0,0.0,0.0,none,False
2024-05-13 07:00:00,2024-05-13,7,17.1,82,17.6,0.0,0.0,5.4,0.0,0.0,0.0,0.0,none,True
2024-05-13 08:00:00,2024-05-13,8,18.6,74,18.9,0.0,0.0,7.1,0.0,0.0,0.0,0.0,none,True
2024-05-13 09:00:00,2024-05-13,9,20.7,62,19.7,0.0,0.0,13.4,0.0,0.0,0.0,0.0,none,True
2024-05-13 10:00:00,2024-05-13,10,22.2,52,21.3,0.0,0.0,11.3,0.0,0.0,0.0,0.0,none,False
2024-05-13 11:00:00,2024-05-13,11,24.0,42,24.0,0.0,0.0,10.8,0.0,0.0,0.0,0.0,none,False
2024-05-13 12:00:00,2024-05-13,12,25.8,35,25.8,0.0,0.0,12.0,0.0,0.0,0.0,0.0,none,False
2024-05-13 13:00:00,2024-05-13,13,27.4,28,26.9,0.0,0.0,14.2,0.0,0.0,0.0,0.0,none,False
2024-05-13 14:00:00,2024-05-13,14,28.5,27,27.5,0.0,0.0,17.1,0.0,0.0,0.0,0.0,none,False
2024-05-13 15:00:00,2024-05-13,15,29.4,23,27.3,0.0,0.0,18.7,0.0,0.0,0.0,0.0,none,False
2024-05-13 16:00:00,2024-05-13,16,28.0,27,25.2,0.0,0.0,19.5,0.0,0.0,0.0,0.0,none,True
2024-05-13 17:00:00,2024-05-13,17,28.0,26,24.9,0.0,0.0,16.2,0.0,0.0,0.0,0.0,none,True
2024-05-13 18:00:00,2024-05-13,18,27.2,28,23.7,0.0,0.0,19.1,0.0,0.0,0.0,0.0,none,True
2024-05-13 19:00:00,2024-05-13,19,25.9,30,22.1,0.0,0.0,20.2,0.0,0.0,0.0,0.0,none,False
2024-05-13 20:00:00,2024-05-13,20,24.5,33,20.9,0.0,0.0,19.4,0.0,0.0,0.0,0.0,none,False
2024-05-13 21:00:00,2024-05-13,21,23.0,38,19.5,0.0,0.0,20.7,0.0,0.0,0.0,0.0,none,False
2024-05-13 22:00:00,2024-05-13,22,21.9,43,18.8,0.0,0.0,18.9,0.0,0.0,0.0,0.0,none,False
2024-05-13 23:00:00,2024-05-13,23,20.9,46,18.2,0.0,0.0,16.1,0.0,0.0,0.0,0.0,none,False
2024-05-14 00:00:00,2024-05-14,0,19.8,51,17.7,0.0,0.0,13.4,0.0,0.0,0.0,0.0,none,False
2024-05-14 01:00:00,2024-05-14,1,18.9,57,17.6,0.0,0.0,9.4,0.0,0.0,0.0,0.0,none,False
2024-05-14 02:00:00,2024-05-14,2,18.2,62,17.6,0.0,0.0,5.9,0.0,0.0,0.0,0.0,none,False
2024-05-14 03:00:00,2024-05-14,3,17.4,67,17.0,0.0,0.0,4.9,0.0,0.0,0.0,0.0,none,False
2024-05-14 04:00:00,2024-05-14,4,17.4,69,17.2,0.0,0.0,4.9,0.0,0.0,0.0,0.0,none,False
2024-05-14 05:00:00,2024-05-14,5,16.8,73,16.6,0.0,0.0,5.5,0.0,0.0,0.0,0.0,none,False
2024-05-14 06:00:00,2024-05-14,6,16.2,76,16.0,0.0,0.0,6.0,0.0,0.0,0.0,0.0,none,False
2024-05-14 07:00:00,2024-05-14,7,17.2,71,16.8,0.0,0.0,7.4,0.0,0.0,0.0,0.0,none,True
2024-05-14 08:00:00,2024-05-14,8,18.9,66,18.5,0.0,0.0,7.4,0.0,0.0,0.0,0.0,none,True
2024-05-14 09:00:00,2024-05-14,9,21.0,58,20.5,0.0,0.0,9.1,0.0,0.0,0.0,0.0,none,True
2024-05-14 10:00:00,2024-05-14,10,23.4,43,22.3,0.0,0.0,10.0,0.0,0.0,0.0,0.0,none,False
2024-05-14 11:00:00,2024-05-14,11,25.4,32,24.4,0.0,0.0,11.4,0.0,0.0,0.0,0.0,none,False
2024-05-14 12:00:00,2024-05-14,12,27.2,26,26.5,0.0,0.0,12.6,0.0,0.0,0.0,0.0,none,False
2024-05-14 13:00:00,2024-05-14,13,28.8,24,28.1,0.0,0.0,14.0,0.0,0.0,0.0,0.0,none,False
2024-05-14 14:00:00,2024-05-14,14,29.9,23,28.9,0.0,0.0,15.0,0.0,0.0,0.0,0.0,none,False
2024-05-14 15:00:00,2024-05-14,15,30.7,21,29.1,0.0,0.0,15.9,0.0,0.0,0.0,0.0,none,False
2024-05-14 16:00:00,2024-05-14,16,29.6,23,26.5,0.0,0.0,20.2,0.0,0.0,0.0,0.0,none,True
2024-05-14 17:00:00,2024-05-14,17,29.9,21,26.4,0.0,0.0,15.5,0.0,0.0,0.0,0.0,none,True
2024-05-14 18:00:00,2024-05-14,18,29.1,22,24.8,0.0,0.0,21.9,0.0,0.0,0.0,0.0,none,True
2024-05-14 19:00:00,2024-05-14,19,27.1,27,22.7,0.0,0.0,23.8,0.0,0.0,0.0,0.0,none,False
2024-05-14 20:00:00,2024-05-14,20,26.0,28,22.0,0.0,0.0,20.4,0.0,0.0,0.0,0.0,none,False
2024-05-14 21:00:00,2024-05-14,21,24.5,32,20.2,0.0,0.0,23.4,0.0,0.0,0.0,0.0,none,False
2024-05-14 22:00:00,2024-05-14,22,23.0,37,19.1,0.0,0.0,22.3,0.0,0.0,0.0,0.0,none,False
2024-05-14 23:00:00,2024-05-14,23,21.8,42,18.6,0.0,0.0,19.1,0.0,0.0,0.0,0.0,none,False
2024-05-15 00:00:00,2024-05-15,0,20.5,48,18.2,0.0,0.0,14.8,0.0,0.0,0.0,0.0,none,False
2024-05-15 01:00:00,2024-05-15,1,19.5,55,17.9,0.0,0.0,11.2,0.0,0.0,0.0,0.0,none,False
2024-05-15 02:00:00,2024-05-15,2,18.6,61,17.7,0.0,0.0,8.0,0.0,0.0,0.0,0.0,none,False
2024-05-15 03:00:00,2024-05-15,3,17.9,67,17.5,0.0,0.0,5.7,0.0,0.0,0.0,0.0,none,False
2024-05-15 04:00:00,2024-05-15,4,17.5,68,17.2,0.0,0.0,5.0,0.0,0.0,0.0,0.0,none,False
2024-05-15 05:00:00,2024-05-15,5,16.8,73,16.6,0.0,0.0,4.8,0.0,0.0,0.0,0.0,none,False
2024-05-15 06:00:00,2024-05-15,6,16.0,77,16.0,0.0,0.0,4.8,0.0,0.0,0.0,0.0,none,False
2024-05-15 07:00:00,2024-05-15,7,17.0,73,16.8,0.0,0.0,6.6,0.0,0.0,0.0,0.0,none,True
2024-05-15 08:00:00,2024-05-15,8,19.0,68,18.9,0.0,0.0,7.1,0.0,0.0,0.0,0.0,none,True
2024-05-15 09:00:00,2024-05-15,9,20.9,58,20.3,0.0,0.0,9.4,0.0,0.0,0.0,0.0,none,True
2024-05-15 10:00:00,2024-05-15,10,23.3,43,22.1,0.0,0.0,11.2,0.0,0.0,0.0,0.0,none,False
2024-05-15 11:00:00,2024-05-15,11,25.6,33,24.8,0.0,0.0,11.8,0.0,0.0,0.0,0.0,none,False
2024-05-15 12:00:00,2024-05-15,12,27.9,26,27.0,0.0,0.0,13.4,0.0,0.0,0.0,0.0,none,False
2024-05-15 13:00:00,2024-05-15,13,29.6,22,28.2,0.0,0.0,16.9,0.0,0.0,0.0,0.0,none,False
2024-05-15 14:00:00,2024-05-15,14,31.0,19,29.0,0.0,0.0,18.8,0.0,0.0,0.0,0.0,none,False
2024-05-15 15:00:00,2024-05-15,15,31.9,18,29.2,0.0,0.0,20.6,0.0,0.0,0.0,0.0,none,False
2024-05-15 16:00:00,2024-05-15,16,30.9,22,27.9,0.0,0.0,20.5,0.0,0.0,0.0,0.0,none,True
2024-05-15 17:00:00,2024-05-15,17,31.0,21,26.7,0.0,0.0,22.3,0.0,0.0,0.0,0.0,none,True
2024-05-15 18:00:00,2024-05-15,18,30.0,21,25.3,0.0,0.0,23.5,0.0,0.0,0.0,0.0,none,True
2024-05-15 19:00:00,2024-05-15,19,28.8,22,24.5,0.0,0.0,20.9,0.0,0.0,0.0,0.0,none,False
2024-05-15 20:00:00,2024-05-15,20,27.4,24,23.4,0.0,0.0,18.0,0.0,0.0,0.0,0.0,none,False
2024-05-15 21:00:00,2024-05-15,21,26.1,25,22.3,0.0,0.0,18.0,0.0,0.0,0.0,0.0,none,False
2024-05-15 22:00:00,2024-05-15,22,24.9,28,21.2,0.0,0.0,17.4,0.0,0.0,0.0,0.0,none,False
2024-05-15 23:00:00,2024-05-15,23,23.5,33,20.1,0.0,0.0,16.7,0.0,0.0,0.0,0.0,none,False
2024-05-16 00:00:00,2024-05-16,0,22.3,38,19.4,0.0,0.0,14.8,0.0,0.0,0.0,0.0,none,False
2024-05-16 01:00:00,2024-05-16,1,21.1,48,19.1,0.0,0.0,13.0,0.0,0.0,0.0,0.0,none,False
2024-05-16 02:00:00,2024-05-16,2,20.0,57,18.7,0.0,0.0,12.0,0.0,0.0,0.0,0.0,none,False
2024-05-16 03:00:00,2024-05-16,3,19.2,64,18.3,0.0,0.0,10.5,0.0,0.0,0.0,0.0,none,False
2024-05-16 04:00:00,2024-05-16,4,18.6,68,18.1,0.0,0.0,9.4,0.0,0.0,0.0,0.0,none,False
2024-05-16 05:00:00,2024-05-16,5,18.1,73,17.8,0.0,0.0,9.2,0.0,0.0,0.0,0.0,none,False
2024-05-16 06:00:00,2024-05-16,6,17.8,77,17.6,0.0,0.0,8.9,0.0,0.0,0.0,0.0,none,False
2024-05-16 07:00:00,2024-05-16,7,18.6,73,18.2,0.0,0.0,10.8,0.0,0.0,0.0,0.0,none,True
2024-05-16 08:00:00,2024-05-16,8,21.1,59,20.3,0.0,0.0,11.5,0.0,0.0,0.0,0.0,none,True
2024-05-16 09:00:00,2024-05-16,9,23.9,41,22.0,0.0,0.0,12.6,0.0,0.0,0.0,0.0,none,True
2024-05-16 10:00:00,2024-05-16,10,25.9,34,23.9,0.0,0.0,13.5,0.0,0.0,0.0,0.0,none,False
2024-05-16 11:00:00,2024-05-16,11,27.7,31,26.6,0.0,0.0,13.8,0.0,0.0,0.0,0.0,none,False
2024-05-16 12:00:00,2024-05-16,12,29.6,28,29.2,0.0,0.0,14.0,0.0,0.0,0.0,0.0,none,False
2024-05-16 13:00:00,2024-05-16,13,31.3,25,31.2,0.0,0.0,14.2,0.0,0.0,0.0,0.0,none,False
2024-05-16 14:00:00,2024-05-16,14,33.2,21,32.5,0.0,0.0,15.6,0.0,0.0,0.0,0.0,none,False
2024-05-16 15:00:00,2024-05-16,15,34.5,18,32.6,0.0,0.0,18.4,0.0,0.0,0.0,0.0,none,False
2024-05-16 16:00:00,2024-05-16,16,34.2,17,30.7,0.0,0.0,22.9,0.0,0.0,0.0,0.0,none,True
2024-05-16 17:00:00,2024-05-16,17,34.0,17,29.5,0.0,0.0,23.3,0.0,0.0,0.0,0.0,none,True
2024-05-16 18:00:00,2024-05-16,18,33.5,18,29.2,0.0,0.0,22.7,0.0,0.0,0.0,0.0,none,True
2024-05-16 19:00:00,2024-05-16,19,32.5,19,28.3,0.0,0.0,22.2,0.0,0.0,0.0,0.0,none,False
2024-05-16 20:00:00,2024-05-16,20,30.1,24,26.2,0.0,0.0,22.1,0.0,0.0,0.0,0.0,none,False
2024-05-16 21:00:00,2024-05-16,21,27.6,28,23.7,0.0,0.0,23.2,0.0,0.0,0.0,0.0,none,False
2024-05-16 22:00:00,2024-05-16,22,26.2,31,22.6,0.0,0.0,21.3,0.0,0.0,0.0,0.0,none,False
2024-05-16 23:00:00,2024-05-16,23,25.0,33,21.6,0.0,0.0,19.3,0.0,0.0,0.0,0.0,none,False
2024-05-17 00:00:00,2024-05-17,0,24.0,34,20.7,0.0,0.0,17.1,0.0,0.0,0.0,0.0,none,False
2024-05-17 01:00:00,2024-05-17,1,23.1,35,20.2,0.0,0.0,14.8,0.0,0.0,0.0,0.0,none,False
2024-05-17 02:00:00,2024-05-17,2,22.5,37,19.9,0.0,0.0,13.0,0.0,0.0,0.0,0.0,none,False
2024-05-17 03:00:00,2024-05-17,3,22.1,36,19.5,0.0,0.0,11.6,0.0,0.0,0.0,0.0,none,False
2024-05-17 04:00:00,2024-05-17,4,21.1,40,19.2,0.0,0.0,8.4,0.0,0.0,0.0,0.0,none,False
2024-05-17 05:00:00,2024-05-17,5,20.5,39,18.6,0.0,0.0,6.4,0.0,0.0,0.0,0.0,none,False
2024-05-17 06:00:00,2024-05-17,6,20.0,38,17.9,0.0,0.0,6.6,0.0,0.0,0.0,0.0,none,False
2024-05-17 07:00:00,2024-05-17,7,21.5,34,19.1,0.0,0.0,7.7,0.0,0.0,0.0,0.0,none,True
2024-05-17 08:00:00,2024-05-17,8,24.2,28,21.7,0.0,0.0,8.6,0.0,0.0,0.0,0.0,none,True
2024-05-17 09:00:00,2024-05-17,9,27.4,23,24.2,0.0,0.0,12.7,0.0,0.0,0.0,0.0,none,True
2024-05-17 10:00:00,2024-05-17,10,30.0,20,26.9,0.0,0.0,15.1,0.0,0.0,0.0,0.0,none,False
2024-05-17 11:00:00,2024-05-17,11,32.1,18,29.7,0.0,0.0,16.4,0.0,0.0,0.0,0.0,none,False
2024-05-17 12:00:00,2024-05-17,12,33.8,17,31.8,0.0,0.0,18.1,0.0,0.0,0.0,0.0,none,False
2024-05-17 13:00:00,2024-05-17,13,35.0,16,32.9,0.0,0.0,20.1,0.0,0.0,0.0,0.0,none,False
2024-05-17 14:00:00,2024-05-17,14,36.0,15,33.7,0.0,0.0,20.9,0.0,0.0,0.0,0.0,none,False
2024-05-17 15:00:00,2024-05-17,15,36.8,14,34.0,0.0,0.0,21.4,0.0,0.0,0.0,0.0,none,False
2024-05-17 16:00:00,2024-05-17,16,36.6,14,33.1,0.0,0.0,22.1,0.0,0.0,0.0,0.0,none,True
2024-05-17 17:00:00,2024-05-17,17,36.3,15,32.1,0.0,0.0,21.9,0.0,0.0,0.0,0.0,none,True
2024-05-17 18:00:00,2024-05-17,18,35.7,16,31.5,0.0,0.0,22.4,0.0,0.0,0.0,0.0,none,True
2024-05-17 19:00:00,2024-05-17,19,34.2,18,29.8,0.0,0.0,23.8,0.0,0.0,0.0,0.0,none,False
2024-05-17 20:00:00,2024-05-17,20,32.0,21,27.9,0.0,0.0,23.2,0.0,0.0,0.0,0.0,none,False
2024-05-17 21:00:00,2024-05-17,21,30.2,25,26.3,0.0,0.0,22.4,0.0,0.0,0.0,0.0,none,False
2024-05-17 22:00:00,2024-05-17,22,28.6,27,25.2,0.0,0.0,19.8,0.0,0.0,0.0,0.0,none,False
2024-05-17 23:00:00,2024-05-17,23,27.2,29,23.9,0.0,0.0,18.4,0.0,0.0,0.0,0.0,none,False
2024-05-18 00:00:00,2024-05-18,0,26.4,30,23.2,0.0,0.0,16.8,0.0,0.0,0.0,0.0,none,False
2024-05-18 01:00:00,2024-05-18,1,26.0,30,23.1,0.0,0.0,14.5,0.0,0.0,0.0,0.0,none,False
2024-05-18 02:00:00,2024-05-18,2,25.8,29,23.1,0.0,0.0,12.2,0.0,0.0,0.0,0.0,none,False
2024-05-18 03:00:00,2024-05-18,3,25.4,29,23.0,0.0,0.0,9.3,0.0,0.0,0.0,0.0,none,False
2024-05-18 04:00:00,2024-05-18,4,24.1,31,22.0,0.0,0.0,7.3,0.0,0.0,0.0,0.0,none,False
2024-05-18 05:00:00,2024-05-18,5,22.8,33,20.4,0.0,0.0,9.4,0.0,0.0,0.0,0.0,none,False
2024-05-18 06:00:00,2024-05-18,6,22.9,33,20.9,0.0,0.0,7.0,0.0,0.0,0.0,0.0,none,False
2024-05-18 07:00:00,2024-05-18,7,24.1,32,22.6,0.0,0.0,4.2,0.0,0.0,0.0,0.0,none,True
2024-05-18 08:00:00,2024-05-18,8,26.9,27,25.7,0.0,0.0,1.1,0.0,0.0,0.0,0.0,none,True
2024-05-18 09:00:00,2024-05-18,9,30.0,22,28.4,0.0,0.0,4.8,0.0,0.0,0.0,0.0,none,True
2024-05-18 10:00:00,2024-05-18,10,33.3,18,32.0,0.0,0.0,4.8,0.0,0.0,0.0,0.0,none,False
2024-05-18 11:00:00,2024-05-18,11,36.3,14,35.2,0.0,0.0,8.5,0.0,0.0,0.0,0.0,none,False
2024-05-18 12:00:00,2024-05-18,12,38.5,11,36.9,0.0,0.0,13.4,0.0,0.0,0.0,0.0,none,False
2024-05-18 13:00:00,2024-05-18,13,39.7,10,38.2,0.0,0.0,14.0,0.0,0.0,0.0,0.0,none,False
2024-05-18 14:00:00,2024-05-18,14,40.8,9,39.1,0.0,0.0,14.2,0.0,0.0,0.0,0.0,none,False
2024-05-18 15:00:00,2024-05-18,15,41.5,9,39.2,0.0,0.0,14.8,0.0,0.0,0.0,0.0,none,False
2024-05-18 16:00:00,2024-05-18,16,41.0,9,37.5,0.0,0.0,17.3,0.0,0.0,0.0,0.0,none,True
2024-05-18 17:00:00,2024-05-18,17,40.5,9,35.8,0.0,0.0,19.8,0.0,0.0,0.0,0.0,none,True
2024-05-18 18:00:00,2024-05-18,18,40.0,9,35.2,0.0,0.0,18.8,0.0,0.0,0.0,0.0,none,True
2024-05-18 19:00:00,2024-05-18,19,38.6,10,33.2,0.0,0.0,24.7,0.0,0.0,0.0,0.0,none,False
2024-05-18 20:00:00,2024-05-18,20,36.2,12,31.4,0.0,0.0,21.7,0.0,0.0,0.0,0.0,none,False
2024-05-18 21:00:00,2024-05-18,21,34.5,14,30.0,0.0,0.0,20.3,0.0,0.0,0.0,0.0,none,False
2024-05-18 22:00:00,2024-05-18,22,32.8,16,28.9,0.0,0.0,15.8,0.0,0.0,0.0,0.0,none,False
2024-05-18 23:00:00,2024-05-18,23,30.9,19,27.9,0.0,0.0,11.2,0.0,0.0,0.0,0.0,none,False
2024-05-19 00:00:00,2024-05-19,0,29.3,24,27.0,0.0,0.0,9.6,0.0,0.0,0.0,0.0,none,False
2024-05-19 01:00:00,2024-05-19,1,28.2,26,26.2,0.0,0.0,8.4,0.0,0.0,0.0,0.0,none,False
2024-05-19 02:00:00,2024-05-19,2,27.1,28,25.0,0.0,0.0,9.2,0.0,0.0,0.0,0.0,none,False
2024-05-19 03:00:00,2024-05-19,3,26.1,29,24.0,0.0,0.0,8.5,0.0,0.0,0.0,0.0,none,False
2024-05-19 04:00:00,2024-05-19,4,24.7,32,22.7,0.0,0.0,8.1,0.0,0.0,0.0,0.0,none,False
2024-05-19 05:00:00,2024-05-19,5,24.0,33,22.1,0.0,0.0,7.5,0.0,0.0,0.0,0.0,none,False
2024-05-19 06:00:00,2024-05-19,6,23.6,34,21.9,0.0,0.0,6.1,0.0,0.0,0.0,0.0,none,False
2024-05-19 07:00:00,2024-05-19,7,24.2,33,22.2,0.0,0.0,8.5,0.0,0.0,0.0,0.0,none,True
2024-05-19 08:00:00,2024-05-19,8,26.6,28,24.9,0.0,0.0,5.5,0.0,0.0,0.0,0.0,none,True
2024-05-19 09:00:00,2024-05-19,9,29.1,23,27.3,0.0,0.0,5.6,0.0,0.0,0.0,0.0,none,True
2024-05-19 10:00:00,2024-05-19,10,31.9,18,30.0,0.0,0.0,5.5,0.0,0.0,0.0,0.0,none,False
2024-05-19 11:00:00,2024-05-19,11,34.5,15,33.2,0.0,0.0,7.1,0.0,0.0,0.0,0.0,none,False
2024-05-19 12:00:00,2024-05-19,12,36.5,14,35.9,0.0,0.0,7.9,0.0,0.0,0.0,0.0,none,False
2024-05-19 13:00:00,2024-05-19,13,38.4,13,37.9,0.0,0.0,10.1,0.0,0.0,0.0,0.0,none,False
2024-05-19 14:00:00,2024-05-19,14,39.8,12,39.3,0.0,0.0,11.0,0.0,0.0,0.0,0.0,none,False
2024-05-19 15:00:00,2024-05-19,15,40.9,11,39.8,0.0,0.0,11.4,0.0,0.0,0.0,0.0,none,False
2024-05-19 16:00:00,2024-05-19,16,40.8,10,37.3,0.0,0.0,19.1,0.0,0.0,0.0,0.0,none,True
2024-05-19 17:00:00,2024-05-19,17,40.3,11,35.8,0.0,0.0,21.6,0.0,0.0,0.0,0.0,none,True
2024-05-19 18:00:00,2024-05-19,18,40.0,11,35.9,0.0,0.0,17.5,0.0,0.0,0.0,0.0,none,True
2024-05-19 19:00:00,2024-05-19,19,39.8,10,35.2,0.0,0.0,18.7,0.0,0.0,0.0,0.0,none,False
2024-05-19 20:00:00,2024-05-19,20,37.2,12,32.1,0.0,0.0,24.1,0.0,0.0,0.0,0.0,none,False
2024-05-19 21:00:00,2024-05-19,21,35.1,15,30.3,0.0,0.0,24.4,0.0,0.0,0.0,0.0,none,False
2024-05-19 22:00:00,2024-05-19,22,32.2,22,28.5,0.0,0.0,22.2,0.0,0.0,0.0,0.0,none,False
2024-05-19 23:00:00,2024-05-19,23,30.5,25,27.2,0.0,0.0,19.6,0.0,0.0,0.0,0.0,none,False
2024-05-20 00:00:00,2024-05-20,0,29.4,25,26.3,0.0,0.0,16.5,0.0,0.0,0.0,0.0,none,False
2024-05-20 01:00:00,2024-05-20,1,28.9,24,25.8,0.0,0.0,14.8,0.0,0.0,0.0,0.0,none,False
2024-05-20 02:00:00,2024-05-20,2,28.9,22,26.1,0.0,0.0,10.9,0.0,0.0,0.0,0.0,none,False
2024-05-20 03:00:00,2024-05-20,3,28.0,23,25.6,0.0,0.0,7.8,0.0,0.0,0.0,0.0,none,False
2024-05-20 04:00:00,2024-05-20,4,25.9,29,24.0,0.0,0.0,6.5,0.0,0.0,0.0,0.0,none,False
2024-05-20 05:00:00,2024-05-20,5,25.1,30,23.3,0.0,0.0,6.4,0.0,0.0,0.0,0.0,none,False
2024-05-20 06:00:00,2024-05-20,6,25.2,30,23.5,0.0,0.0,5.8,0.0,0.0,0.0,0.0,none,False
2024-05-20 07:00:00,2024-05-20,7,27.1,27,24.7,0.0,0.0,10.1,0.0,0.0,0.0,0.0,none,True
2024-05-20 08:00:00,2024-05-20,8,30.1,22,26.7,0.0,0.0,15.9,0.0,0.0,0.0,0.0,none,True
2024-05-20 09:00:00,2024-05-20,9,32.8,18,29.4,0.0,0.0,15.6,0.0,0.0,0.0,0.0,none,True
2024-05-20 10:00:00,2024-05-20,10,35.7,16,33.2,0.0,0.0,12.1,0.0,0.0,0.0,0.0,none,False
2024-05-20 11:00:00,2024-05-20,11,38.7,12,37.4,0.0,0.0,9.7,0.0,0.0,0.0,0.0,none,False
2024-05-20 12:00:00,2024-05-20,12,41.1,9,39.6,0.0,0.0,11.5,0.0,0.0,0.0,0.0,none,False
2024-05-20 13:00:00,2024-05-20,13,42.2,7,39.6,0.0,0.0,18.0,0.0,0.0,0.0,0.0,none,False
2024-05-20 14:00:00,2024-05-20,14,42.6,8,39.5,0.0,0.0,21.3,0.0,0.0,0.0,0.0,none,False
2024-05-20 15:00:00,2024-05-20,15,43.0,8,39.6,0.0,0.0,21.0,0.0,0.0,0.0,0.0,none,False
2024-05-20 16:00:00,2024-05-20,16,42.5,9,39.1,0.0,0.0,17.4,0.0,0.0,0.0,0.0,none,True
2024-05-20 17:00:00,2024-05-20,17,42.5,9,38.4,0.0,0.0,16.9,0.0,0.0,0.0,0.0,none,True
2024-05-20 18:00:00,2024-05-20,18,41.8,9,37.0,0.0,0.0,21.0,0.0,0.0,0.0,0.0,none,True
2024-05-20 19:00:00,2024-05-20,19,38.5,13,33.9,0.0,0.0,24.4,0.0,0.0,0.0,0.0,none,False
2024-05-20 20:00:00,2024-05-20,20,36.7,15,32.6,0.0,0.0,20.9,0.0,0.0,0.0,0.0,none,False
2024-05-20 21:00:00,2024-05-20,21,34.8,17,31.0,0.0,0.0,19.0,0.0,0.0,0.0,0.0,none,False
2024-05-20 22:00:00,2024-05-20,22,33.0,20,29.9,0.0,0.0,16.0,0.0,0.0,0.0,0.0,none,False
2024-05-20 23:00:00,2024-05-20,23,31.5,22,28.8,0.0,0.0,13.5,0.0,0.0,0.0,0.0,none,False
2024-05-21 00:00:00,2024-05-21,0,30.1,24,28.0,0.0,0.0,10.0,0.0,0.0,0.0,0.0,none,False
2024-05-21 01:00:00,2024-05-21,1,28.8,26,27.0,0.0,0.0,8.2,0.0,0.0,0.0,0.0,none,False
2024-05-21 02:00:00,2024-05-21,2,27.3,29,25.7,0.0,0.0,7.3,0.0,0.0,0.0,0.0,none,False
2024-05-21 03:00:00,2024-05-21,3,26.1,32,24.5,0.0,0.0,7.4,0.0,0.0,0.0,0.0,none,False
2024-05-21 04:00:00,2024-05-21,4,25.4,34,23.8,0.0,0.0,7.4,0.0,0.0,0.0,0.0,none,False
2024-05-21 05:00:00,2024-05-21,5,24.5,36,23.1,0.0,0.0,6.6,0.0,0.0,0.0,0.0,none,False
2024-05-21 06:00:00,2024-05-21,6,23.5,38,22.2,0.0,0.0,6.5,0.0,0.0,0.0,0.0,none,False
2024-05-21 07:00:00,2024-05-21,7,24.4,38,22.8,0.0,0.0,8.7,0.0,0.0,0.0,0.0,none,True
2024-05-21 08:00:00,2024-05-21,8,26.2,35,25.1,0.0,0.0,6.8,0.0,0.0,0.0,0.0,none,True
2024-05-21 09:00:00,2024-05-21,9,29.0,30,27.8,0.0,0.0,7.6,0.0,0.0,0.0,0.0,none,True
2024-05-21 10:00:00,2024-05-21,10,31.6,24,30.5,0.0,0.0,8.0,0.0,0.0,0.0,0.0,none,False
2024-05-21 11:00:00,2024-05-21,11,34.3,19,33.9,0.0,0.0,7.8,0.0,0.0,0.0,0.0,none,False
2024-05-21 12:00:00,2024-05-21,12,36.7,16,36.8,0.0,0.0,8.4,0.0,0.0,0.0,0.0,none,False
2024-05-21 13:00:00,2024-05-21,13,38.8,14,39.0,0.0,0.0,8.9,0.0,0.0,0.0,0.0,none,False
2024-05-21 14:00:00,2024-05-21,14,40.2,13,39.9,0.0,0.0,11.1,0.0,0.0,0.0,0.0,none,False
2024-05-21 15:00:00,2024-05-21,15,41.0,12,39.9,0.0,0.0,13.5,0.0,0.0,0.0,0.0,none,False
2024-05-21 16:00:00,2024-05-21,16,40.5,12,38.5,0.0,0.0,14.5,0.0,0.0,0.0,0.0,none,True
2024-05-21 17:00:00,2024-05-21,17,40.5,12,37.6,0.0,0.0,13.8,0.0,0.0,0.0,0.0,none,True
2024-05-21 18:00:00,2024-05-21,18,40.0,13,36.9,0.0,0.0,14.7,0.0,0.0,0.0,0.0,none,True
2024-05-21 19:00:00,2024-05-21,19,39.2,14,36.2,0.0,0.0,13.8,0.0,0.0,0.0,0.0,none,False
2024-05-21 20:00:00,2024-05-21,20,37.3,15,34.2,0.0,0.0,15.4,0.0,0.0,0.0,0.0,none,False
2024-05-21 21:00:00,2024-05-21,21,35.3,17,31.4,0.0,0.0,20.5,0.0,0.0,0.0,0.0,none,False
2024-05-21 22:00:00,2024-05-21,22,33.4,18,29.6,0.0,0.0,19.2,0.0,0.0,0.0,0.0,none,False
2024-05-21 23:00:00,2024-05-21,23,31.8,21,28.5,0.0,0.0,16.6,0.0,0.0,0.0,0.0,none,False
2024-05-22 00:00:00,2024-05-22,0,30.4,25,27.6,0.0,0.0,16.3,0.0,0.0,0.0,0.0,none,False
2024-05-22 01:00:00,2024-05-22,1,29.0,31,26.8,0.0,0.0,15.0,0.0,0.0,0.0,0.0,none,False
2024-05-22 02:00:00,2024-05-22,2,27.5,35,25.7,0.0,0.0,14.0,0.0,0.0,0.0,0.0,none,False
2024-05-22 03:00:00,2024-05-22,3,26.3,39,25.1,0.0,0.0,10.7,0.0,0.0,0.0,0.0,none,False
2024-05-22 04:00:00,2024-05-22,4,25.5,40,24.1,0.0,0.0,10.6,0.0,0.0,0.0,0.0,none,False
2024-05-22 05:00:00,2024-05-22,5,25.2,38,23.8,0.0,0.0,9.5,0.0,0.0,0.0,0.0,none,False
2024-05-22 06:00:00,2024-05-22,6,24.3,41,23.4,0.0,0.0,6.9,0.0,0.0,0.0,0.0,none,False
2024-05-22 07:00:00,2024-05-22,7,24.4,45,23.5,0.0,0.0,9.7,0.0,0.0,0.0,0.0,none,True
2024-05-22 08:00:00,2024-05-22,8,26.8,38,25.8,0.0,0.0,9.5,0.0,0.0,0.0,0.0,none,True
2024-05-22 09:00:00,2024-05-22,9,29.9,28,28.2,0.0,0.0,11.0,0.0,0.0,0.0,0.0,none,True
2024-05-22 10:00:00,2024-05-22,10,32.8,21,30.8,0.0,0.0,12.0,0.0,0.0,0.0,0.0,none,False
2024-05-22 11:00:00,2024-05-22,11,35.2,18,33.6,0.0,0.0,14.5,0.0,0.0,0.0,0.0,none,False
2024-05-22 12:00:00,2024-05-22,12,37.2,15,36.1,0.0,0.0,15.0,0.0,0.0,0.0,0.0,none,False
2024-05-22 13:00:00,2024-05-22,13,38.6,14,37.8,0.0,0.0,14.6,0.0,0.0,0.0,0.0,none,False
2024-05-22 14:00:00,2024-05-22,14,39.7,13,39.2,0.0,0.0,12.2,0.0,0.0,0.0,0.0,none,False
2024-05-22 15:00:00,2024-05-22,15,40.8,11,39.9,0.0,0.0,11.0,0.0,0.0,0.0,0.0,none,False
2024-05-22 16:00:00,2024-05-22,16,40.8,11,38.3,0.0,0.0,14.0,0.0,0.0,0.0,0.0,none,True
2024-05-22 17:00:00,2024-05-22,17,40.8,10,36.9,0.0,0.0,17.3,0.0,0.0,0.0,0.0,none,True
2024-05-22 18:00:00,2024-05-22,18,40.1,11,35.7,0.0,0.0,19.9,0.0,0.0,0.0,0.0,none,True
2024-05-22 19:00:00,2024-05-22,19,39.3,11,35.8,0.0,0.0,14.0,0.0,0.0,0.0,0.0,none,False
2024-05-22 20:00:00,2024-05-22,20,37.8,12,34.1,0.0,0.0,15.8,0.0,0.0,0.0,0.0,none,False
2024-05-22 21:00:00,2024-05-22,21,35.8,14,31.5,0.0,0.0,19.7,0.0,0.0,0.0,0.0,none,False
2024-05-22 22:00:00,2024-05-22,22,33.2,21,29.5,0.0,0.0,21.9,0.0,0.0,0.0,0.0,none,False
2024-05-22 23:00:00,2024-05-22,23,31.1,27,28.3,0.0,0.0,19.6,0.0,0.0,0.0,0.0,none,False
2024-05-23 00:00:00,2024-05-23,0,29.7,32,27.6,0.0,0.0,16.6,0.0,0.0,0.0,0.0,none,False
2024-05-23 01:00:00,2024-05-23,1,28.8,32,27.0,0.0,0.0,13.7,0.0,0.0,0.0,0.0,none,False
2024-05-23 02:00:00,2024-05-23,2,27.8,32,26.8,0.0,0.0,6.1,0.0,0.0,0.0,0.0,none,False
2024-05-23 03:00:00,2024-05-23,3,27.0,35,26.2,0.0,0.0,5.9,0.0,0.0,0.0,0.0,none,False
2024-05-23 04:00:00,2024-05-23,4,26.2,35,25.3,0.0,0.0,5.4,0.0,0.0,0.0,0.0,none,False
2024-05-23 05:00:00,2024-05-23,5,25.8,33,24.8,0.0,0.0,4.3,0.0,0.0,0.0,0.0,none,False
2024-05-23 06:00:00,2024-05-23,6,26.2,31,25.1,0.0,0.0,3.4,0.0,0.0,0.0,0.0,none,False
2024-05-23 07:00:00,2024-05-23,7,27.1,28,25.7,0.0,0.0,3.9,0.0,0.0,0.0,0.0,none,True
2024-05-23 08:00:00,2024-05-23,8,30.8,21,28.8,0.0,0.0,6.5,0.0,0.0,0.0,0.0,none,True
2024-05-23 09:00:00,2024-05-23,9,34.7,16,32.8,0.0,0.0,5.2,0.0,0.0,0.0,0.0,none,True
2024-05-23 10:00:00,2024-05-23,10,36.8,14,35.5,0.0,0.0,3.8,0.0,0.0,0.0,0.0,none,False
2024-05-23 11:00:00,2024-05-23,11,38.3,13,37.7,0.0,0.0,6.4,0.0,0.0,0.0,0.0,none,False
2024-05-23 12:00:00,2024-05-23,12,39.3,13,38.7,0.0,0.0,10.1,0.0,0.0,0.0,0.0,none,False
2024-05-23 13:00:00,2024-05-23,13,40.1,13,39.2,0.0,0.0,14.6,0.0,0.0,0.0,0.0,none,False
2024-05-23 14:00:00,2024-05-23,14,40.2,13,38.0,0.0,0.0,21.5,0.0,0.0,0.0,0.0,none,False
2024-05-23 15:00:00,2024-05-23,15,40.2,12,37.5,0.0,0.0,21.2,0.0,0.0,0.0,0.0,none,False
2024-05-23 16:00:00,2024-05-23,16,39.3,14,36.1,0.0,0.0,21.3,0.0,0.0,0.0,0.0,none,True
2024-05-23 17:00:00,2024-05-23,17,38.7,16,34.6,0.0,0.0,24.0,0.0,0.0,0.0,0.0,none,True
2024-05-23 18:00:00,2024-05-23,18,37.2,17,33.5,0.0,0.0,21.0,0.0,0.0,0.0,0.0,none,True
2024-05-23 19:00:00,2024-05-23,19,35.5,19,32.1,0.0,0.0,19.5,0.0,0.0,0.0,0.0,none,False
2024-05-23 20:00:00,2024-05-23,20,33.5,22,30.2,0.0,0.0,20.0,0.0,0.0,0.0,0.0,none,False
2024-05-23 21:00:00,2024-05-23,21,31.4,21,27.6,0.0,0.0,20.1,0.0,0.0,0.0,0.0,none,False
2024-05-23 22:00:00,2024-05-23,22,29.9,22,26.4,0.0,0.0,16.3,0.0,0.0,0.0,0.0,none,False
2024-05-23 23:00:00,2024-05-23,23,28.2,25,25.0,0.0,0.0,15.6,0.0,0.0,0.0,0.0,none,False
2024-05-24 00:00:00,2024-05-24,0,26.2,36,23.9,0.0,0.0,16.3,0.0,0.0,0.0,0.0,none,False
2024-05-24 01:00:00,2024-05-24,1,24.2,52,23.0,0.0,0.0,16.8,0.0,0.0,0.0,0.0,none,False
2024-05-24 02:00:00,2024-05-24,2,22.9,63,22.7,0.0,0.0,14.1,0.0,0.0,0.0,0.0,none,False
2024-05-24 03:00:00,2024-05-24,3,22.1,70,22.6,0.0,0.0,11.6,0.0,0.0,0.0,0.0,none,False
2024-05-24 04:00:00,2024-05-24,4,21.6,75,22.4,0.0,0.0,11.5,0.0,0.0,0.0,0.0,none,False
2024-05-24 05:00:00,2024-05-24,5,21.1,80,22.3,0.0,0.0,10.8,0.0,0.0,0.0,0.0,none,False
2024-05-24 06:00:00,2024-05-24,6,20.5,85,22.2,0.0,0.0,7.6,0.0,0.0,0.0,0.0,none,False
2024-05-24 07:00:00,2024-05-24,7,20.8,84,22.4,0.0,0.0,8.6,0.0,0.0,0.0,0.0,none,True
2024-05-24 08:00:00,2024-05-24,8,22.0,74,23.4,0.0,0.0,8.3,0.0,0.0,0.0,0.0,none,True
2024-05-24 09:00:00,2024-05-24,9,24.0,58,24.5,0.0,0.0,8.4,0.0,0.0,0.0,0.0,none,True
2024-05-24 10:00:00,2024-05-24,10,26.4,43,26.5,0.0,0.0,9.0,0.0,0.0,0.0,0.0,none,False
2024-05-24 11:00:00,2024-05-24,11,28.9,29,28.6,0.0,0.0,10.4,0.0,0.0,0.0,0.0,none,False
2024-05-24 12:00:00,2024-05-24,12,30.8,23,30.6,0.0,0.0,10.9,0.0,0.0,0.0,0.0,none,False
2024-05-24 13:00:00,2024-05-24,13,32.4,19,32.1,0.0,0.0,12.1,0.0,0.0,0.0,0.0,none,False
2024-05-24 14:00:00,2024-05-24,14,33.5,19,33.0,0.0,0.0,13.0,0.0,0.0,0.0,0.0,none,False
2024-05-24 15:00:00,2024-05-24,15,34.2,18,33.0,0.0,0.0,14.8,0.0,0.0,0.0,0.0,none,False
2024-05-24 16:00:00,2024-05-24,16,33.2,21,31.1,0.0,0.0,18.8,0.0,0.0,0.0,0.0,none,True
2024-05-24 17:00:00,2024-05-24,17,33.5,19,29.8,0.0,0.0,19.5,0.0,0.0,0.0,0.0,none,True
2024-05-24 18:00:00,2024-05-24,18,31.9,19,27.0,0.0,0.0,25.3,0.0,0.0,0.0,0.0,none,True
2024-05-24 19:00:00,2024-05-24,19,30.1,19,25.1,0.0,0.0,24.1,0.0,0.0,0.0,0.0,none,False
2024-05-24 20:00:00,2024-05-24,20,28.4,20,23.6,0.0,0.0,22.4,0.0,0.0,0.0,0.0,none,False
2024-05-24 21:00:00,2024-05-24,21,27.0,25,23.0,0.0,0.0,19.7,0.0,0.0,0.0,0.0,none,False
2024-05-24 22:00:00,2024-05-24,22,25.8,33,22.5,0.0,0.0,18.8,0.0,0.0,0.0,0.0,none,False
2024-05-24 23:00:00,2024-05-24,23,24.5,40,22.1,0.0,0.0,16.7,0.0,0.0,0.0,0.0,none,False
2024-05-25 00:00:00,2024-05-25,0,23.5,46,22.3,0.0,0.0,10.9,0.0,0.0,0.0,0.0,none,False
2024-05-25 01:00:00,2024-05-25,1,22.6,51,22.1,0.0,0.0,7.6,0.0,0.0,0.0,0.0,none,False
2024-05-25 02:00:00,2024-05-25,2,21.8,55,21.7,0.0,0.0,5.9,0.0,0.0,0.0,0.0,none,False
2024-05-25 03:00:00,2024-05-25,3,21.0,59,21.2,0.0,0.0,4.6,0.0,0.0,0.0,0.0,none,False
2024-05-25 04:00:00,2024-05-25,4,20.6,61,20.8,0.0,0.0,4.3,0.0,0.0,0.0,0.0,none,False
2024-05-25 05:00:00,2024-05-25,5,20.0,64,20.3,0.0,0.0,4.8,0.0,0.0,0.0,0.0,none,False
2024-05-25 06:00:00,2024-05-25,6,19.4,69,19.7,0.0,0.0,4.9,0.0,0.0,0.0,0.0,none,False
2024-05-25 07:00:00,2024-05-25,7,20.2,68,20.7,0.0,0.0,5.6,0.0,0.0,0.0,0.0,none,True
2024-05-25 08:00:00,2024-05-25,8,21.7,64,22.2,0.0,0.0,6.9,0.0,0.0,0.0,0.0,none,True
2024-05-25 09:00:00,2024-05-25,9,24.0,53,23.8,0.0,0.0,9.7,0.0,0.0,0.0,0.0,none,True
2024-05-25 10:00:00,2024-05-25,10,26.3,39,25.2,0.0,0.0,13.5,0.0,0.0,0.0,0.0,none,False
2024-05-25 11:00:00,2024-05-25,11,28.4,30,27.3,0.0,0.0,15.5,0.0,0.0,0.0,0.0,none,False
2024-05-25 12:00:00,2024-05-25,12,29.9,27,29.3,0.0,0.0,15.3,0.0,0.0,0.0,0.0,none,False
2024-05-25 13:00:00,2024-05-25,13,31.2,25,31.1,0.0,0.0,14.8,0.0,0.0,0.0,0.0,none,False
2024-05-25 14:00:00,2024-05-25,14,32.3,25,32.2,0.0,0.0,15.9,0.0,0.0,0.0,0.0,none,False
2024-05-25 15:00:00,2024-05-25,15,33.3,21,32.3,0.0,0.0,16.5,0.0,0.0,0.0,0.0,none,False
2024-05-25 16:00:00,2024-05-25,16,33.3,19,31.1,0.0,0.0,16.0,0.0,0.0,0.0,0.0,none,True
2024-05-25 17:00:00,2024-05-25,17,33.2,18,29.7,0.0,0.0,17.1,0.0,0.0,0.0,0.0,none,True
2024-05-25 18:00:00,2024-05-25,18,32.4,18,28.6,0.0,0.0,17.6,0.0,0.0,0.0,0.0,none,True
2024-05-25 19:00:00,2024-05-25,19,31.1,19,27.2,0.0,0.0,18.3,0.0,0.0,0.0,0.0,none,False
2024-05-25 20:00:00,2024-05-25,20,29.6,21,25.9,0.0,0.0,17.1,0.0,0.0,0.0,0.0,none,False
2024-05-25 21:00:00,2024-05-25,21,28.2,24,24.9,0.0,0.0,15.6,0.0,0.0,0.0,0.0,none,False
2024-05-25 22:00:00,2024-05-25,22,26.8,27,23.5,0.0,0.0,16.0,0.0,0.0,0.0,0.0,none,False
2024-05-25 23:00:00,2024-05-25,23,25.5,33,22.7,0.0,0.0,15.1,0.0,0.0,0.0,0.0,none,False
2024-05-26 00:00:00,2024-05-26,0,24.0,40,22.0,0.0,0.0,12.6,0.0,0.0,0.0,0.0,none,False
2024-05-26 01:00:00,2024-05-26,1,22.8,46,21.3,0.0,0.0,11.0,0.0,0.0,0.0,0.0,none,False
2024-05-26 02:00:00,2024-05-26,2,21.9,49,20.8,0.0,0.0,9.4,0.0,0.0,0.0,0.0,none,False
2024-05-26 03:00:00,2024-05-26,3,21.5,51,20.7,0.0,0.0,7.7,0.0,0.0,0.0,0.0,none,False
2024-05-26 04:00:00,2024-05-26,4,21.2,52,20.5,0.0,0.0,6.3,0.0,0.0,0.0,0.0,none,False
2024-05-26 05:00:00,2024-05-26,5,20.6,52,19.7,0.0,0.0,7.6,0.0,0.0,0.0,0.0,none,False
2024-05-26 06:00:00,2024-05-26,6,20.1,50,19.0,0.0,0.0,6.2,0.0,0.0,0.0,0.0,none,False
2024-05-26 07:00:00,2024-05-26,7,21.4,44,19.8,0.0,0.0,8.2,0.0,0.0,0.0,0.0,none,True
2024-05-26 08:00:00,2024-05-26,8,23.9,36,23.0,0.0,0.0,1.9,0.0,0.0,0.0,0.0,none,True
2024-05-26 09:00:00,2024-05-26,9,26.5,26,24.9,0.0,0.0,2.8,0.0,0.0,0.0,0.0,none,True
2024-05-26 10:00:00,2024-05-26,10,28.8,18,26.9,0.0,0.0,4.9,0.0,0.0,0.0,0.0,none,False
2024-05-26 11:00:00,2024-05-26,11,30.9,15,30.5,0.0,0.0,0.7,0.0,0.0,0.0,0.0,none,False
2024-05-26 12:00:00,2024-05-26,12,32.6,13,32.9,0.0,0.0,0.5,0.0,0.0,0.0,0.0,none,False
2024-05-26 13:00:00,2024-05-26,13,34.2,12,34.5,0.0,0.0,2.3,0.0,0.0,0.0,0.0,none,False
2024-05-26 14:00:00,2024-05-26,14,35.6,12,36.0,0.0,0.0,2.5,0.0,0.0,0.0,0.0,none,False
2024-05-26 15:00:00,2024-05-26,15,36.0,12,34.6,0.0,0.0,2.3,0.0,0.0,0.0,0.0,none,False
2024-05-26 16:00:00,2024-05-26,16,36.5,11,35.5,0.0,0.0,2.2,0.0,0.0,0.0,0.0,none,True
2024-05-26 17:00:00,2024-05-26,17,36.7,11,34.7,0.0,0.0,2.1,0.0,0.0,0.0,0.0,none,True
2024-05-26 18:00:00,2024-05-26,18,36.6,11,34.4,0.0,0.0,2.5,0.0,0.0,0.0,0.0,none,True
2024-05-26 19:00:00,2024-05-26,19,36.2,11,33.6,0.0,0.0,5.2,0.0,0.0,0.0,0.0,none,False
2024-05-26 20:00:00,2024-05-26,20,35.0,12,32.2,0.0,0.0,7.0,0.0,0.0,0.0,0.0,none,False
2024-05-26 21:00:00,2024-05-26,21,33.5,14,31.1,0.0,0.0,4.3,0.0,0.0,0.0,0.0,none,False
2024-05-26 22:00:00,2024-05-26,22,32.7,15,29.8,0.0,0.0,8.0,0.0,0.0,0.0,0.0,none,False
2024-05-26 23:00:00,2024-05-26,23,32.0,16,27.5,0.0,0.0,20.3,0.0,0.0,0.0,0.0,none,False
2024-05-27 00:00:00,2024-05-27,0,31.4,18,27.2,0.0,0.0,19.2,0.0,0.0,0.0,0.0,none,False
2024-05-27 01:00:00,2024-05-27,1,31.0,18,26.9,0.0,0.0,18.4,0.0,0.0,0.0,0.0,none,False
2024-05-27 02:00:00,2024-05-27,2,30.4,19,26.1,0.0,0.0,19.5,0.0,0.0,0.0,0.0,none,False
2024-05-27 03:00:00,2024-05-27,3,29.2,20,24.9,0.0,0.0,19.8,0.0,0.0,0.0,0.0,none,False
2024-05-27 04:00:00,2024-05-27,4,29.0,20,24.3,0.0,0.0,22.7,0.0,0.0,0.0,0.0,none,False
2024-05-27 05:00:00,2024-05-27,5,28.6,21,23.8,0.0,0.0,23.5,0.0,0.0,0.0,0.0,none,False
2024-05-27 06:00:00,2024-05-27,6,28.0,23,24.2,0.0,0.0,17.2,0.0,0.0,0.0,0.0,none,False
2024-05-27 07:00:00,2024-05-27,7,27.5,29,25.2,0.0,0.0,12.2,0.0,0.0,0.0,0.0,none,True
2024-05-27 08:00:00,2024-05-27,8,27.5,39,26.5,0.0,0.0,11.5,0.0,0.0,0.0,0.0,none,True
2024-05-27 09:00:00,2024-05-27,9,28.5,42,27.7,0.0,0.0,14.6,0.0,0.0,0.0,0.0,none,True
2024-05-27 10:00:00,2024-05-27,10,29.9,38,29.2,0.0,0.0,16.3,0.0,0.0,0.0,0.0,none,False
2024-05-27 11:00:00,2024-05-27,11,31.5,31,31.2,0.0,0.0,16.1,0.0,0.0,0.0,0.0,none,False
2024-05-27 12:00:00,2024-05-27,12,32.9,27,32.7,0.0,0.0,16.8,0.0,0.0,0.0,0.0,none,False
2024-05-27 13:00:00,2024-05-27,13,33.8,26,33.7,0.0,0.0,17.9,0.0,0.0,0.0,0.0,none,False
2024-05-27 14:00:00,2024-05-27,14,34.6,23,34.2,0.0,0.0,17.5,0.0,0.0,0.0,0.0,none,False
2024-05-27 15:00:00,2024-05-27,15,35.0,20,33.6,0.0,0.0,18.2,0.0,0.0,0.0,0.0,none,False
2024-05-27 16:00:00,2024-05-27,16,34.0,21,32.3,0.0,0.0,15.9,0.0,0.0,0.0,0.0,none,True
2024-05-27 17:00:00,2024-05-27,17,34.0,20,31.3,0.0,0.0,15.9,0.0,0.0,0.0,0.0,none,True
2024-05-27 18:00:00,2024-05-27,18,33.1,22,30.3,0.0,0.0,16.9,0.0,0.0,0.0,0.0,none,True
2024-05-27 19:00:00,2024-05-27,19,31.5,26,28.7,0.0,0.0,18.4,0.0,0.0,0.0,0.0,none,False
2024-05-27 20:00:00,2024-05-27,20,29.9,28,27.2,0.0,0.0,17.8,0.0,0.0,0.0,0.0,none,False
2024-05-27 21:00:00,2024-05-27,21,28.4,32,25.6,0.0,0.0,18.8,0.0,0.0,0.0,0.0,none,False
2024-05-27 22:00:00,2024-05-27,22,26.4,39,23.9,0.0,0.0,19.9,0.0,0.0,0.0,0.0,none,False
2024-05-27 23:00:00,2024-05-27,23,24.9,46,22.8,0.0,0.0,19.1,0.0,0.0,0.0,0.0,none,False
2024-05-28 00:00:00,2024-05-28,0,23.8,51,22.3,0.0,0.0,16.8,0.0,0.0,0.0,0.0,none,False
2024-05-28 01:00:00,2024-05-28,1,22.7,56,21.5,0.0,0.0,16.5,0.0,0.0,0.0,0.0,none,False
2024-05-28 02:00:00,2024-05-28,2,21.9,60,20.9,0.0,0.0,15.4,0.0,0.0,0.0,0.0,none,False
2024-05-28 03:00:00,2024-05-28,3,21.0,66,20.4,0.0,0.0,14.9,0.0,0.0,0.0,0.0,none,False
2024-05-28 04:00:00,2024-05-28,4,20.4,69,20.1,0.0,0.0,12.7,0.0,0.0,0.0,0.0,none,False
2024-05-28 05:00:00,2024-05-28,5,19.8,74,19.9,0.0,0.0,10.7,0.0,0.0,0.0,0.0,none,False
2024-05-28 06:00:00,2024-05-28,6,19.4,78,19.9,0.0,0.0,9.0,0.0,0.0,0.0,0.0,none,False
2024-05-28 07:00:00,2024-05-28,7,19.9,77,20.1,0.0,0.0,11.3,0.0,0.0,0.0,0.0,none,True
2024-05-28 08:00:00,2024-05-28,8,21.2,68,21.3,0.0,0.0,11.3,0.0,0.0,0.0,0.0,none,True
2024-05-28 09:00:00,2024-05-28,9,22.9,60,22.9,0.0,0.0,10.6,0.0,0.0,0.0,0.0,none,True
2024-05-28 10:00:00,2024-05-28,10,24.9,51,25.1,0.0,0.0,9.6,0.0,0.0,0.0,0.0,none,False
2024-05-28 11:00:00,2024-05-28,11,27.1,41,27.8,0.0,0.0,10.1,0.0,0.0,0.0,0.0,none,False
2024-05-28 12:00:00,2024-05-28,12,29.0,32,29.1,0.0,0.0,11.6,0.0,0.0,0.0,0.0,none,False
2024-05-28 13:00:00,2024-05-28,13,30.5,27,30.7,0.0,0.0,12.4,0.0,0.0,0.0,0.0,none,False
2024-05-28 14:00:00,2024-05-28,14,31.8,25,32.4,0.0,0.0,10.8,0.0,0.0,0.0,0.0,none,False
2024-05-28 15:00:00,2024-05-28,15,32.7,24,33.1,0.0,0.0,9.7,0.0,0.0,0.0,0.0,none,False
2024-05-28 16:00:00,2024-05-28,16,31.5,25,31.2,0.0,0.0,9.0,0.0,0.0,0.0,0.0,none,True
2024-05-28 17:00:00,2024-05-28,17,31.7,25,30.6,0.0,0.0,8.0,0.0,0.0,0.0,0.0,none,True
2024-05-28 18:00:00,2024-05-28,18,31.5,25,30.3,0.0,0.0,7.7,0.0,0.0,0.0,0.0,none,True
2024-05-28 19:00:00,2024-05-28,19,31.4,26,30.1,0.0,0.0,7.2,0.0,0.0,0.0,0.0,none,False
2024-05-28 20:00:00,2024-05-28,20,30.5,27,28.9,0.0,0.0,9.4,0.0,0.0,0.0,0.0,none,False
2024-05-28 21:00:00,2024-05-28,21,27.6,39,24.5,0.0,0.0,27.0,0.0,0.0,0.0,0.0,none,False
2024-05-28 22:00:00,2024-05-28,22,25.4,48,22.9,0.0,0.0,24.5,0.0,0.0,0.0,0.0,none,False
2024-05-28 23:00:00,2024-05-28,23,24.0,53,22.3,0.0,0.0,20.4,0.0,0.0,0.0,0.0,none,False
2024-05-29 00:00:00,2024-05-29,0,23.2,58,21.9,0.0,0.0,19.1,0.0,0.0,0.0,0.0,none,False
2024-05-29 01:00:00,2024-05-29,1,22.4,62,21.8,0.0,0.0,15.0,0.0,0.0,0.0,0.0,none,False
2024-05-29 02:00:00,2024-05-29,2,21.9,65,21.5,0.0,0.0,13.8,0.0,0.0,0.0,0.0,none,False
2024-05-29 03:00:00,2024-05-29,3,21.2,69,21.2,0.0,0.0,12.2,0.0,0.0,0.0,0.0,none,False
2024-05-29 04:00:00,2024-05-29,4,20.5,73,20.8,0.0,0.0,10.4,0.0,0.0,0.0,0.0,none,False
2024-05-29 05:00:00,2024-05-29,5,19.9,76,20.4,0.0,0.0,9.6,0.0,0.0,0.0,0.0,none,False
2024-05-29 06:00:00,2024-05-29,6,19.4,80,20.1,0.0,0.0,8.8,0.0,0.0,0.0,0.0,none,False
2024-05-29 07:00:00,2024-05-29,7,20.0,77,20.6,0.0,0.0,9.2,0.0,0.0,0.0,0.0,none,True
2024-05-29 08:00:00,2024-05-29,8,21.5,70,22.1,0.0,0.0,9.3,0.0,0.0,0.0,0.0,none,True
2024-05-29 09:00:00,2024-05-29,9,23.1,59,23.5,0.0,0.0,8.4,0.0,0.0,0.0,0.0,none,True
2024-05-29 10:00:00,2024-05-29,10,25.0,50,25.6,0.0,0.0,8.4,0.0,0.0,0.0,0.0,none,False
2024-05-29 11:00:00,2024-05-29,11,26.9,41,28.0,0.0,0.0,8.0,0.0,0.0,0.0,0.0,none,False
2024-05-29 12:00:00,2024-05-29,12,28.9,32,30.0,0.0,0.0,8.3,0.0,0.0,0.0,0.0,none,False
2024-05-29 13:00:00,2024-05-29,13,30.4,26,31.0,0.0,0.0,10.2,0.0,0.0,0.0,0.0,none,False
2024-05-29 14:00:00,2024-05-29,14,31.4,23,31.4,0.0,0.0,12.1,0.0,0.0,0.0,0.0,none,False
2024-05-29 15:00:00,2024-05-29,15,32.2,21,31.3,0.0,0.0,13.7,0.0,0.0,0.0,0.0,none,False
2024-05-29 16:00:00,2024-05-29,16,31.5,24,30.4,0.0,0.0,13.6,0.0,0.0,0.0,0.0,none,True
2024-05-29 17:00:00,2024-05-29,17,31.2,25,29.1,0.0,0.0,13.7,0.0,0.0,0.0,0.0,none,True
2024-05-29 18:00:00,2024-05-29,18,30.9,25,28.7,0.0,0.0,11.8,0.0,0.0,0.0,0.0,none,True
2024-05-29 19:00:00,2024-05-29,19,30.4,26,28.5,0.0,0.0,10.2,0.0,0.0,0.0,0.0,none,False
2024-05-29 20:00:00,2024-05-29,20,29.5,28,27.7,0.0,0.0,10.9,0.0,0.0,0.0,0.0,none,False
2024-05-29 21:00:00,2024-05-29,21,28.8,29,26.7,0.0,0.0,12.5,0.0,0.0,0.0,0.0,none,False
2024-05-29 22:00:00,2024-05-29,22,25.7,38,22.4,0.0,0.0,22.8,0.0,0.0,0.0,0.0,none,False
2024-05-29 23:00:00,2024-05-29,23,24.5,43,21.7,0.0,0.0,20.6,0.0,0.0,0.0,0.0,none,False
2024-05-30 00:00:00,2024-05-30,0,23.5,47,21.7,0.0,0.0,15.7,0.0,0.0,0.0,0.0,none,False
2024-05-30 01:00:00,2024-05-30,1,22.8,50,21.6,0.0,0.0,11.9,0.0,0.0,0.0,0.0,none,False
2024-05-30 02:00:00,2024-05-30,2,22.0,54,21.3,0.0,0.0,9.7,0.0,0.0,0.0,0.0,none,False
2024-05-30 03:00:00,2024-05-30,3,21.1,59,20.5,0.0,0.0,10.2,0.0,0.0,0.0,0.0,none,False
2024-05-30 04:00:00,2024-05-30,4,20.5,59,20.0,0.0,0.0,8.9,0.0,0.0,0.0,0.0,none,False
2024-05-30 05:00:00,2024-05-30,5,19.9,65,19.8,0.0,0.0,7.8,0.0,0.0,0.0,0.0,none,False
2024-05-30 06:00:00,2024-05-30,6,19.2,70,19.6,0.0,0.0,5.5,0.0,0.0,0.0,0.0,none,False
2024-05-30 07:00:00,2024-05-30,7,20.1,67,20.2,0.0,0.0,7.7,0.0,0.0,0.0,0.0,none,True
2024-05-30 08:00:00,2024-05-30,8,22.1,57,21.8,0.0,0.0,8.9,0.0,0.0,0.0,0.0,none,True
2024-05-30 09:00:00,2024-05-30,9,23.8,48,23.0,0.0,0.0,10.1,0.0,0.0,0.0,0.0,none,True
2024-05-30 10:00:00,2024-05-30,10,25.5,41,25.1,0.0,0.0,8.7,0.0,0.0,0.0,0.0,none,False
2024-05-30 11:00:00,2024-05-30,11,27.1,35,28.0,0.0,0.0,6.2,0.0,0.0,0.0,0.0,none,False
2024-05-30 12:00:00,2024-05-30,12,29.0,29,30.1,0.0,0.0,6.4,0.0,0.0,0.0,0.0,none,False
2024-05-30 13:00:00,2024-05-30,13,30.8,23,31.4,0.0,0.0,8.4,0.0,0.0,0.0,0.0,none,False
2024-05-30 14:00:00,2024-05-30,14,32.1,19,31.8,0.0,0.0,11.1,0.0,0.0,0.0,0.0,none,False
2024-05-30 15:00:00,2024-05-30,15,33.0,16,31.2,0.0,0.0,14.8,0.0,0.0,0.0,0.0,none,False
2024-05-30 16:00:00,2024-05-30,16,31.9,20,30.1,0.0,0.0,12.6,0.0,0.0,0.0,0.0,none,True
2024-05-30 17:00:00,2024-05-30,17,31.8,19,28.6,0.0,0.0,13.7,0.0,0.0,0.0,0.0,none,True
2024-05-30 18:00:00,2024-05-30,18,31.4,19,28.4,0.0,0.0,12.1,0.0,0.0,0.0,0.0,none,True
2024-05-30 19:00:00,2024-05-30,19,30.6,22,27.9,0.0,0.0,12.0,0.0,0.0,0.0,0.0,none,False
2024-05-30 20:00:00,2024-05-30,20,30.0,23,27.7,0.0,0.0,9.7,0.0,0.0,0.0,0.0,none,False
2024-05-30 21:00:00,2024-05-30,21,28.8,24,26.1,0.0,0.0,12.2,0.0,0.0,0.0,0.0,none,False
2024-05-30 22:00:00,2024-05-30,22,25.6,33,22.0,0.0,0.0,21.4,0.0,0.0,0.0,0.0,none,False
2024-05-30 23:00:00,2024-05-30,23,24.6,36,21.4,0.0,0.0,19.9,0.0,0.0,0.0,0.0,none,False
2024-05-31 00:00:00,2024-05-31,0,23.8,38,21.0,0.0,0.0,16.6,0.0,0.0,0.0,0.0,none,False
2024-05-31 01:00:00,2024-05-31,1,23.0,39,20.5,0.0,0.0,13.8,0.0,0.0,0.0,0.0,none,False
2024-05-31 02:00:00,2024-05-31,2,22.1,42,20.1,0.0,0.0,11.5,0.0,0.0,0.0,0.0,none,False
2024-05-31 03:00:00,2024-05-31,3,21.3,47,19.8,0.0,0.0,9.5,0.0,0.0,0.0,0.0,none,False
2024-05-31 04:00:00,2024-05-31,4,20.9,54,19.9,0.0,0.0,9.4,0.0,0.0,0.0,0.0,none,False
2024-05-31 05:00:00,2024-05-31,5,20.5,54,19.4,0.0,0.0,9.4,0.0,0.0,0.0,0.0,none,False
2024-05-31 06:00:00,2024-05-31,6,20.1,52,18.9,0.0,0.0,8.0,0.0,0.0,0.0,0.0,none,False
2024-05-31 07:00:00,2024-05-31,7,21.2,46,19.9,0.0,0.0,7.3,0.0,0.0,0.0,0.0,none,True
2024-05-31 08:00:00,2024-05-31,8,24.0,36,22.9,0.0,0.0,4.3,0.0,0.0,0.0,0.0,none,True
2024-05-31 09:00:00,2024-05-31,9,26.6,27,24.6,0.0,0.0,7.2,0.0,0.0,0.0,0.0,none,True
2024-05-31 10:00:00,2024-05-31,10,28.6,22,26.7,0.0,0.0,8.7,0.0,0.0,0.0,0.0,none,False
2024-05-31 11:00:00,2024-05-31,11,30.4,21,29.4,0.0,0.0,8.7,0.0,0.0,0.0,0.0,none,False
2024-05-31 12:00:00,2024-05-31,12,32.0,19,31.6,0.0,0.0,10.2,0.0,0.0,0.0,0.0,none,False
2024-05-31 13:00:00,2024-05-31,13,33.5,18,33.0,0.0,0.0,13.4,0.0,0.0,0.0,0.0,none,False
2024-05-31 14:00:00,2024-05-31,14,34.7,18,34.0,0.0,0.0,14.0,0.0,0.0,0.0,0.0,none,False
2024-05-31 15:00:00,2024-05-31,15,35.7,16,34.2,0.0,0.0,15.8,0.0,0.0,0.0,0.0,none,False
2024-05-31 16:00:00,2024-05-31,16,35.8,16,32.9,0.0,0.0,19.9,0.0,0.0,0.0,0.0,none,True
2024-05-31 17:00:00,2024-05-31,17,35.6,16,31.8,0.0,0.0,20.3,0.0,0.0,0.0,0.0,none,True
2024-05-31 18:00:00,2024-05-31,18,35.2,16,31.1,0.0,0.0,20.5,0.0,0.0,0.0,0.0,none,True
2024-05-31 19:00:00,2024-05-31,19,34.2,19,30.6,0.0,0.0,20.1,0.0,0.0,0.0,0.0,none,False
2024-05-31 20:00:00,2024-05-31,20,32.1,24,28.7,0.0,0.0,22.0,0.0,0.0,0.0,0.0,none,False
2024-05-31 21:00:00,2024-05-31,21,30.7,25,26.8,0.0,0.0,24.3,0.0,0.0,0.0,0.0,none,False
2024-05-31 22:00:00,2024-05-31,22,29.2,25,25.1,0.0,0.0,23.6,0.0,0.0,0.0,0.0,none,False
2024-05-31 23:00:00,2024-05-31,23,28.2,26,24.4,0.0,0.0,20.6,0.0,0.0,0.0,0.0,none,False
2024-06-01 00:00:00,2024-06-01,0,27.6,26,23.8,0.0,0.0,20.2,0.0,0.0,0.0,0.0,none,False
2024-06-01 01:00:00,2024-06-01,1,27.1,26,24.1,0.0,0.0,14.4,0.0,0.0,0.0,0.0,none,False
2024-06-01 02:00:00,2024-06-01,2,26.0,28,24.0,0.0,0.0,6.8,0.0,0.0,0.0,0.0,none,False
2024-06-01 03:00:00,2024-06-01,3,25.0,30,22.8,0.0,0.0,9.0,0.0,0.0,0.0,0.0,none,False
2024-06-01 04:00:00,2024-06-01,4,24.0,32,21.8,0.0,0.0,9.1,0.0,0.0,0.0,0.0,none,False
2024-06-01 05:00:00,2024-06-01,5,25.6,28,23.5,0.0,0.0,7.3,0.0,0.0,0.0,0.0,none,False
2024-06-01 06:00:00,2024-06-01,6,25.3,28,23.6,0.0,0.0,4.1,0.0,0.0,0.0,0.0,none,False
2024-06-01 07:00:00,2024-06-01,7,25.2,29,23.9,0.0,0.0,1.5,0.0,0.0,0.0,0.0,none,True
2024-06-01 08:00:00,2024-06-01,8,27.6,26,26.1,0.0,0.0,3.7,0.0,0.0,0.0,0.0,none,True
2024-06-01 09:00:00,2024-06-01,9,30.4,22,28.6,0.0,0.0,5.8,0.0,0.0,0.0,0.0,none,True
2024-06-01 10:00:00,2024-06-01,10,33.2,18,32.0,0.0,0.0,4.7,0.0,0.0,0.0,0.0,none,False
2024-06-01 11:00:00,2024-06-01,11,35.8,15,34.5,0.0,0.0,10.2,0.0,0.0,0.0,0.0,none,False
2024-06-01 12:00:00,2024-06-01,12,37.0,14,35.6,0.0,0.0,14.5,0.0,0.0,0.0,0.0,none,False
2024-06-01 13:00:00,2024-06-01,13,37.8,13,36.5,0.0,0.0,15.6,0.0,0.0,0.0,0.0,none,False
2024-06-01 14:00:00,2024-06-01,14,38.3,13,37.0,0.0,0.0,15.3,0.0,0.0,0.0,0.0,none,False
2024-06-01 15:00:00,2024-06-01,15,38.8,13,37.1,0.0,0.0,15.6,0.0,0.0,0.0,0.0,none,False
2024-06-01 16:00:00,2024-06-01,16,38.5,12,35.6,0.0,0.0,17.2,0.0,0.0,0.0,0.0,none,True
2024-06-01 17:00:00,2024-06-01,17,38.5,12,34.5,0.0,0.0,19.4,0.0,0.0,0.0,0.0,none,True
2024-06-01 18:00:00,2024-06-01,18,37.8,13,33.3,0.0,0.0,21.1,0.0,0.0,0.0,0.0,none,True
2024-06-01 19:00:00,2024-06-01,19,36.5,15,32.2,0.0,0.0,21.7,0.0,0.0,0.0,0.0,none,False
2024-06-01 20:00:00,2024-06-01,20,33.8,18,29.1,0.0,0.0,26.7,0.0,0.0,0.0,0.0,none,False
2024-06-01 21:00:00,2024-06-01,21,32.3,21,27.4,0.0,0.0,28.3,0.0,0.0,0.0,0.0,none,False
2024-06-01 22:00:00,2024-06-01,22,30.6,25,26.4,0.0,0.0,25.4,0.0,0.0,0.0,0.0,none,False
2024-06-01 23:00:00,2024-06-01,23,29.2,28,25.7,0.0,0.0,21.7,0.0,0.0,0.0,0.0,none,False
2024-06-02 00:00:00,2024-06-02,0,28.2,29,25.3,0.0,0.0,17.3,0.0,0.0,0.0,0.0,none,False
2024-06-02 01:00:00,2024-06-02,1,27.5,29,24.6,0.0,0.0,15.4,0.0,0.0,0.0,0.0,none,False
2024-06-02 02:00:00,2024-06-02,2,27.0,28,23.9,0.0,0.0,15.6,0.0,0.0,0.0,0.0,none,False
2024-06-02 03:00:00,2024-06-02,3,26.7,27,23.9,0.0,0.0,12.4,0.0,0.0,0.0,0.0,none,False
2024-06-02 04:00:00,2024-06-02,4,25.5,30,22.7,0.0,0.0,14.3,0.0,0.0,0.0,0.0,none,False
2024-06-02 05:00:00,2024-06-02,5,25.4,30,22.5,0.0,0.0,13.8,0.0,0.0,0.0,0.0,none,False
2024-06-02 06:00:00,2024-06-02,6,25.0,30,22.1,0.0,0.0,13.4,0.0,0.0,0.0,0.0,none,False
2024-06-02 07:00:00,2024-06-02,7,26.0,29,23.1,0.0,0.0,14.2,0.0,0.0,0.0,0.0,none,True
2024-06-02 08:00:00,2024-06-02,8,28.2,27,25.6,0.0,0.0,12.6,0.0,0.0,0.0,0.0,none,True
2024-06-02 09:00:00,2024-06-02,9,30.8,23,27.5,0.0,0.0,17.5,0.0,0.0,0.0,0.0,none,True
2024-06-02 10:00:00,2024-06-02,10,32.8,20,29.5,0.0,0.0,20.4,0.0,0.0,0.0,0.0,none,False
2024-06-02 11:00:00,2024-06-02,11,34.2,18,31.5,0.0,0.0,21.7,0.0,0.0,0.0,0.0,none,False
2024-06-02 12:00:00,2024-06-02,12,35.4,17,33.1,0.0,0.0,22.7,0.0,0.0,0.0,0.0,none,False
2024-06-02 13:00:00,2024-06-02,13,36.6,16,34.7,0.0,0.0,22.2,0.0,0.0,0.0,0.0,none,False
2024-06-02 14:00:00,2024-06-02,14,37.7,16,36.0,0.0,0.0,21.8,0.0,0.0,0.0,0.0,none,False
2024-06-02 15:00:00,2024-06-02,15,38.3,17,36.7,0.0,0.0,21.2,0.0,0.0,0.0,0.0,none,False
2024-06-02 16:00:00,2024-06-02,16,37.2,19,34.6,0.0,0.0,23.8,0.0,0.0,0.0,0.0,none,True
2024-06-02 17:00:00,2024-06-02,17,36.6,18,32.8,0.0,0.0,25.3,0.0,0.0,0.0,0.0,none,True
2024-06-02 18:00:00,2024-06-02,18,35.7,18,31.2,0.0,0.0,26.0,0.0,0.0,0.0,0.0,none,True
2024-06-02 19:00:00,2024-06-02,19,34.0,19,29.4,0.0,0.0,25.8,0.0,0.0,0.0,0.0,none,False
2024-06-02 20:00:00,2024-06-02,20,32.1,20,27.8,0.0,0.0,23.2,0.0,0.0,0.0,0.0,none,False
2024-06-02 21:00:00,2024-06-02,21,30.4,24,26.5,0.0,0.0,22.6,0.0,0.0,0.0,0.0,none,False
2024-06-02 22:00:00,2024-06-02,22,28.8,29,25.4,0.0,0.0,20.7,0.0,0.0,0.0,0.0,none,False
2024-06-02 23:00:00,2024-06-02,23,27.2,34,24.5,0.0,0.0,18.9,0.0,0.0,0.0,0.0,none,False
2024-06-03 00:00:00,2024-06-03,0,25.9,40,23.7,0.0,0.0,17.1,0.0,0.0,0.0,0.0,none,False
2024-06-03 01:00:00,2024-06-03,1,24.6,45,23.0,0.0,0.0,14.7,0.0,0.0,0.0,0.0,none,False
2024-06-03 02:00:00,2024-06-03,2,23.6,49,22.4,0.0,0.0,13.3,0.0,0.0,0.0,0.0,none,False
2024-06-03 03:00:00,2024-06-03,3,22.7,54,21.7,0.0,0.0,13.0,0.0,0.0,0.0,0.0,none,False
2024-06-03 04:00:00,2024-06-03,4,22.0,60,21.3,0.0,0.0,13.8,0.0,0.0,0.0,0.0,none,False
2024-06-03 05:00:00,2024-06-03,5,21.4,65,21.2,0.0,0.0,12.0,0.0,0.0,0.0,0.0,none,False
2024-06-03 06:00:00,2024-06-03,6,20.8,70,20.9,0.0,0.0,10.6,0.0,0.0,0.0,0.0,none,False
2024-06-03 07:00:00,2024-06-03,7,21.4,70,21.6,0.0,0.0,11.9,0.0,0.0,0.0,0.0,none,True
2024-06-03 08:00:00,2024-06-03,8,23.1,66,23.4,0.0,0.0,13.4,0.0,0.0,0.0,0.0,none,True
2024-06-03 09:00:00,2024-06-03,9,25.7,54,25.4,0.0,0.0,15.0,0.0,0.0,0.0,0.0,none,True
2024-06-03 10:00:00,2024-06-03,10,28.9,40,28.2,0.0,0.0,16.8,0.0,0.0,0.0,0.0,none,False
2024-06-03 11:00:00,2024-06-03,11,31.9,30,31.2,0.0,0.0,18.1,0.0,0.0,0.0,0.0,none,False
2024-06-03 12:00:00,2024-06-03,12,34.5,23,33.9,0.0,0.0,18.4,0.0,0.0,0.0,0.0,none,False
2024-06-03 13:00:00,2024-06-03,13,36.9,17,35.9,0.0,0.0,18.3,0.0,0.0,0.0,0.0,none,False
2024-06-03 14:00:00,2024-06-03,14,38.5,15,37.1,0.0,0.0,18.7,0.0,0.0,0.0,0.0,none,False
2024-06-03 15:00:00,2024-06-03,15,39.5,13,37.2,0.0,0.0,19.8,0.0,0.0,0.0,0.0,none,False
2024-06-03 16:00:00,2024-06-03,16,38.5,14,35.8,0.0,0.0,19.6,0.0,0.0,0.0,0.0,none,True
2024-06-03 17:00:00,2024-06-03,17,38.2,14,34.5,0.0,0.0,20.3,0.0,0.0,0.0,0.0,none,True
2024-06-03 18:00:00,2024-06-03,18,37.5,15,33.4,0.0,0.0,20.9,0.0,0.0,0.0,0.0,none,True
2024-06-03 19:00:00,2024-06-03,19,36.1,16,31.9,0.0,0.0,22.0,0.0,0.0,0.0,0.0,none,False
2024-06-03 20:00:00,2024-06-03,20,34.1,17,29.7,0.0,0.0,22.1,0.0,0.0,0.0,0.0,none,False
2024-06-03 21:00:00,2024-06-03,21,31.6,21,27.3,0.0,0.0,23.2,0.0,0.0,0.0,0.0,none,False
2024-06-03 22:00:00,2024-06-03,22,29.8,25,26.3,0.0,0.0,19.5,0.0,0.0,0.0,0.0,none,False
2024-06-03 23:00:00,2024-06-03,23,28.3,29,25.6,0.0,0.0,16.3,0.0,0.0,0.0,0.0,none,False
2024-06-04 00:00:00,2024-06-04,0,26.8,34,24.9,0.0,0.0,12.4,0.0,0.0,0.0,0.0,none,False
2024-06-04 01:00:00,2024-06-04,1,25.4,38,24.0,0.0,0.0,9.7,0.0,0.0,0.0,0.0,none,False
2024-06-04 02:00:00,2024-06-04,2,24.2,42,23.3,0.0,0.0,8.3,0.0,0.0,0.0,0.0,none,False
2024-06-04 03:00:00,2024-06-04,3,23.3,47,22.7,0.0,0.0,6.8,0.0,0.0,0.0,0.0,none,False
2024-06-04 04:00:00,2024-06-04,4,22.6,52,22.2,0.0,0.0,7.9,0.0,0.0,0.0,0.0,none,False
2024-06-04 05:00:00,2024-06-04,5,21.8,59,22.0,0.0,0.0,5.8,0.0,0.0,0.0,0.0,none,False
2024-06-04 06:00:00,2024-06-04,6,21.1,64,21.7,0.0,0.0,5.4,0.0,0.0,0.0,0.0,none,False
2024-06-04 07:00:00,2024-06-04,7,22.0,64,22.4,0.0,0.0,8.0,0.0,0.0,0.0,0.0,none,True
2024-06-04 08:00:00,2024-06-04,8,23.6,61,24.2,0.0,0.0,9.4,0.0,0.0,0.0,0.0,none,True
2024-06-04 09:00:00,2024-06-04,9,25.8,54,26.4,0.0,0.0,9.8,0.0,0.0,0.0,0.0,none,True
2024-06-04 10:00:00,2024-06-04,10,28.8,44,29.5,0.0,0.0,10.3,0.0,0.0,0.0,0.0,none,False
2024-06-04 11:00:00,2024-06-04,11,32.1,33,32.9,0.0,0.0,12.4,0.0,0.0,0.0,0.0,none,False
2024-06-04 12:00:00,2024-06-04,12,35.2,25,35.8,0.0,0.0,13.8,0.0,0.0,0.0,0.0,none,False
2024-06-04 13:00:00,2024-06-04,13,37.5,19,37.9,0.0,0.0,13.7,0.0,0.0,0.0,0.0,none,False
2024-06-04 14:00:00,2024-06-04,14,39.3,15,39.2,0.0,0.0,13.2,0.0,0.0,0.0,0.0,none,False
2024-06-04 15:00:00,2024-06-04,15,40.6,13,39.7,0.0,0.0,13.6,0.0,0.0,0.0,0.0,none,False
2024-06-04 16:00:00,2024-06-04,16,40.2,13,38.3,0.0,0.0,14.7,0.0,0.0,0.0,0.0,none,True
2024-06-04 17:00:00,2024-06-04,17,40.5,12,37.6,0.0,0.0,15.4,0.0,0.0,0.0,0.0,none,True
2024-06-04 18:00:00,2024-06-04,18,40.2,12,36.6,0.0,0.0,17.1,0.0,0.0,0.0,0.0,none,True
2024-06-04 19:00:00,2024-06-04,19,38.8,12,34.3,0.0,0.0,21.8,0.0,0.0,0.0,0.0,none,False
2024-06-04 20:00:00,2024-06-04,20,36.5,13,31.5,0.0,0.0,24.4,0.0,0.0,0.0,0.0,none,False
2024-06-04 21:00:00,2024-06-04,21,34.0,19,29.7,0.0,0.0,24.0,0.0,0.0,0.0,0.0,none,False
2024-06-04 22:00:00,2024-06-04,22,31.5,29,28.7,0.0,0.0,21.1,0.0,0.0,0.0,0.0,none,False
2024-06-04 23:00:00,2024-06-04,23,29.5,36,27.9,0.0,0.0,16.7,0.0,0.0,0.0,0.0,none,False
2024-06-05 00:00:00,2024-06-05,0,28.0,40,27.2,0.0,0.0,12.8,0.0,0.0,0.0,0.0,none,False
2024-06-05 01:00:00,2024-06-05,1,26.9,45,26.3,0.0,0.0,12.2,0.0,0.0,0.0,0.0,none,False
2024-06-05 02:00:00,2024-06-05,2,25.6,50,25.4,0.0,0.0,11.6,0.0,0.0,0.0,0.0,none,False
2024-06-05 03:00:00,2024-06-05,3,24.6,57,25.1,0.0,0.0,9.4,0.0,0.0,0.0,0.0,none,False
2024-06-05 04:00:00,2024-06-05,4,23.8,62,24.6,0.0,0.0,8.6,0.0,0.0,0.0,0.0,none,False
2024-06-05 05:00:00,2024-06-05,5,23.0,67,24.4,0.0,0.0,6.5,0.0,0.0,0.0,0.0,none,False
2024-06-05 06:00:00,2024-06-05,6,22.2,73,24.0,0.0,0.0,5.1,0.0,0.0,0.0,0.0,none,False
2024-06-05 07:00:00,2024-06-05,7,22.8,73,24.7,0.0,0.0,6.2,0.0,0.0,0.0,0.0,none,True
2024-06-05 08:00:00,2024-06-05,8,24.5,67,26.3,0.0,0.0,7.8,0.0,0.0,0.0,0.0,none,True
2024-06-05 09:00:00,2024-06-05,9,27.2,54,28.6,0.0,0.0,8.0,0.0,0.0,0.0,0.0,none,True
2024-06-05 10:00:00,2024-06-05,10,30.3,41,31.5,0.0,0.0,8.6,0.0,0.0,0.0,0.0,none,False
2024-06-05 11:00:00,2024-06-05,11,33.8,29,35.0,0.0,0.0,9.5,0.0,0.0,0.0,0.0,none,False
2024-06-05 12:00:00,2024-06-05,12,36.8,22,37.9,0.0,0.0,10.8,0.0,0.0,0.0,0.0,none,False
2024-06-05 13:00:00,2024-06-05,13,39.2,17,39.9,0.0,0.0,11.6,0.0,0.0,0.0,0.0,none,False
2024-06-05 14:00:00,2024-06-05,14,40.8,13,40.8,0.0,0.0,11.6,0.0,0.0,0.0,0.0,none,False
2024-06-05 15:00:00,2024-06-05,15,41.8,11,40.8,0.0,0.0,12.3,0.0,0.0,0.0,0.0,none,False
2024-06-05 16:00:00,2024-06-05,16,41.9,11,40.2,0.0,0.0,12.3,0.0,0.0,0.0,0.0,none,True
2024-06-05 17:00:00,2024-06-05,17,42.0,10,38.9,0.0,0.0,14.3,0.0,0.0,0.0,0.0,none,True
2024-06-05 18:00:00,2024-06-05,18,41.6,11,38.2,0.0,0.0,15.2,0.0,0.0,0.0,0.0,none,True
2024-06-05 19:00:00,2024-06-05,19,40.7,12,36.8,0.0,0.0,18.4,0.0,0.0,0.0,0.0,none,False
2024-06-05 20:00:00,2024-06-05,20,38.1,14,34.1,0.0,0.0,20.4,0.0,0.0,0.0,0.0,none,False
2024-06-05 21:00:00,2024-06-05,21,36.2,16,32.2,0.0,0.0,20.3,0.0,0.0,0.0,0.0,none,False
2024-06-05 22:00:00,2024-06-05,22,33.9,20,30.8,0.0,0.0,17.9,0.0,0.0,0.0,0.0,none,False
2024-06-05 23:00:00,2024-06-05,23,32.0,24,29.6,0.0,0.0,14.2,0.0,0.0,0.0,0.0,none,False
2024-06-06 00:00:00,2024-06-06,0,30.3,27,28.3,0.0,0.0,11.9,0.0,0.0,0.0,0.0,none,False
2024-06-06 01:00:00,2024-06-06,1,28.7,30,27.1,0.0,0.0,10.5,0.0,0.0,0.0,0.0,none,False
2024-06-06 02:00:00,2024-06-06,2,27.2,35,25.9,0.0,0.0,10.5,0.0,0.0,0.0,0.0,none,False
2024-06-06 03:00:00,2024-06-06,3,26.0,41,25.1,0.0,0.0,10.1,0.0,0.0,0.0,0.0,none,False
2024-06-06 04:00:00,2024-06-06,4,25.2,41,24.3,0.0,0.0,8.8,0.0,0.0,0.0,0.0,none,False
2024-06-06 05:00:00,2024-06-06,5,24.4,46,23.8,0.0,0.0,8.0,0.0,0.0,0.0,0.0,none,False
2024-06-06 06:00:00,2024-06-06,6,23.5,52,23.4,0.0,0.0,7.6,0.0,0.0,0.0,0.0,none,False
2024-06-06 07:00:00,2024-06-06,7,24.1,53,24.1,0.0,0.0,8.8,0.0,0.0,0.0,0.0,none,True
2024-06-06 08:00:00,2024-06-06,8,25.8,54,26.6,0.0,0.0,7.9,0.0,0.0,0.0,0.0,none,True
2024-06-06 09:00:00,2024-06-06,9,28.4,49,29.6,0.0,0.0,7.6,0.0,0.0,0.0,0.0,none,True
2024-06-06 10:00:00,2024-06-06,10,31.9,37,33.0,0.0,0.0,9.1,0.0,0.0,0.0,0.0,none,False
2024-06-06 11:00:00,2024-06-06,11,35.2,28,36.3,0.0,0.0,10.9,0.0,0.0,0.0,0.0,none,False
2024-06-06 12:00:00,2024-06-06,12,38.3,21,39.1,0.0,0.0,12.6,0.0,0.0,0.0,0.0,none,False
2024-06-06 13:00:00,2024-06-06,13,40.8,15,40.9,0.0,0.0,14.3,0.0,0.0,0.0,0.0,none,False
2024-06-06 14:00:00,2024-06-06,14,42.5,12,41.9,0.0,0.0,15.0,0.0,0.0,0.0,0.0,none,False
2024-06-06 15:00:00,2024-06-06,15,43.7,10,42.4,0.0,0.0,14.3,0.0,0.0,0.0,0.0,none,False
2024-06-06 16:00:00,2024-06-06,16,43.3,11,40.6,0.0,0.0,19.9,0.0,0.0,0.0,0.0,none,True
2024-06-06 17:00:00,2024-06-06,17,43.5,10,39.6,0.0,0.0,20.2,0.0,0.0,0.0,0.0,none,True
2024-06-06 18:00:00,2024-06-06,18,43.1,9,38.4,0.0,0.0,21.8,0.0,0.0,0.0,0.0,none,True
2024-06-06 19:00:00,2024-06-06,19,41.5,10,36.4,0.0,0.0,24.2,0.0,0.0,0.0,0.0,none,False
2024-06-06 20:00:00,2024-06-06,20,39.4,11,34.7,0.0,0.0,21.1,0.0,0.0,0.0,0.0,none,False
2024-06-06 21:00:00,2024-06-06,21,37.7,12,33.3,0.0,0.0,19.2,0.0,0.0,0.0,0.0,none,False
2024-06-06 22:00:00,2024-06-06,22,35.8,14,31.8,0.0,0.0,17.2,0.0,0.0,0.0,0.0,none,False
2024-06-06 23:00:00,2024-06-06,23,33.8,18,30.5,0.0,0.0,15.5,0.0,0.0,0.0,0.0,none,False
2024-06-07 00:00:00,2024-06-07,0,31.6,25,29.5,0.0,0.0,13.1,0.0,0.0,0.0,0.0,none,False
2024-06-07 01:00:00,2024-06-07,1,29.8,33,28.6,0.0,0.0,11.5,0.0,0.0,0.0,0.0,none,False
2024-06-07 02:00:00,2024-06-07,2,28.1,42,27.7,0.0,0.0,11.9,0.0,0.0,0.0,0.0,none,False
2024-06-07 03:00:00,2024-06-07,3,26.9,49,27.1,0.0,0.0,10.8,0.0,0.0,0.0,0.0,none,False
2024-06-07 04:00:00,2024-06-07,4,25.9,55,26.6,0.0,0.0,9.4,0.0,0.0,0.0,0.0,none,False
2024-06-07 05:00:00,2024-06-07,5,25.0,64,26.4,0.0,0.0,9.0,0.0,0.0,0.0,0.0,none,False
2024-06-07 06:00:00,2024-06-07,6,24.2,70,26.4,0.0,0.0,5.8,0.0,0.0,0.0,0.0,none,False
2024-06-07 07:00:00,2024-06-07,7,24.8,68,27.0,0.0,0.0,6.6,0.0,0.0,0.0,0.0,none,True
2024-06-07 08:00:00,2024-06-07,8,26.6,61,28.8,0.0,0.0,5.8,0.0,0.0,0.0,0.0,none,True
2024-06-07 09:00:00,2024-06-07,9,29.4,50,31.3,0.0,0.0,6.6,0.0,0.0,0.0,0.0,none,True
2024-06-07 10:00:00,2024-06-07,10,33.0,37,34.8,0.0,0.0,7.2,0.0,0.0,0.0,0.0,none,False
2024-06-07 11:00:00,2024-06-07,11,36.7,27,38.4,0.0,0.0,8.9,0.0,0.0,0.0,0.0,none,False
2024-06-07 12:00:00,2024-06-07,12,40.1,18,41.1,0.0,0.0,10.8,0.0,0.0,0.0,0.0,none,False
2024-06-07 13:00:00,2024-06-07,13,42.3,12,42.3,0.0,0.0,12.2,0.0,0.0,0.0,0.0,none,False
2024-06-07 14:00:00,2024-06-07,14,43.3,10,43.1,0.0,0.0,11.1,0.0,0.0,0.0,0.0,none,False
2024-06-07 15:00:00,2024-06-07,15,43.8,10,43.3,0.0,0.0,10.2,0.0,0.0,0.0,0.0,none,False
2024-06-07 16:00:00,2024-06-07,16,43.7,9,41.9,0.0,0.0,11.7,0.0,0.0,0.0,0.0,none,True
2024-06-07 17:00:00,2024-06-07,17,43.8,8,40.5,0.0,0.0,13.2,0.0,0.0,0.0,0.0,none,True
2024-06-07 18:00:00,2024-06-07,18,43.2,8,39.0,0.0,0.0,17.3,0.0,0.0,0.0,0.0,none,True
2024-06-07 19:00:00,2024-06-07,19,42.4,9,38.2,0.0,0.0,17.2,0.0,0.0,0.0,0.0,none,False
2024-06-07 20:00:00,2024-06-07,20,39.2,13,34.3,0.0,0.0,26.1,0.0,0.0,0.0,0.0,none,False
2024-06-07 21:00:00,2024-06-07,21,36.7,19,33.1,0.0,0.0,23.1,0.0,0.0,0.0,0.0,none,False
2024-06-07 22:00:00,2024-06-07,22,34.2,25,31.7,0.0,0.0,19.6,0.0,0.0,0.0,0.0,none,False
2024-06-07 23:00:00,2024-06-07,23,32.5,29,31.3,0.0,0.0,13.1,0.0,0.0,0.0,0.0,none,False
2024-06-08 00:00:00,2024-06-08,0,31.1,33,30.5,0.0,0.0,10.2,0.0,0.0,0.0,0.0,none,False
2024-06-08 01:00:00,2024-06-08,1,29.9,37,29.4,0.0,0.0,10.8,0.0,0.0,0.0,0.0,none,False
2024-06-08 02:00:00,2024-06-08,2,28.6,42,28.5,0.0,0.0,10.5,0.0,0.0,0.0,0.0,none,False
2024-06-08 03:00:00,2024-06-08,3,27.5,47,27.7,0.0,0.0,9.8,0.0,0.0,0.0,0.0,none,False
2024-06-08 04:00:00,2024-06-08,4,26.1,54,26.7,0.0,0.0,10.1,0.0,0.0,0.0,0.0,none,False
2024-06-08 05:00:00,2024-06-08,5,25.2,58,25.9,0.0,0.0,10.6,0.0,0.0,0.0,0.0,none,False
2024-06-08 06:00:00,2024-06-08,6,24.4,64,25.5,0.0,0.0,9.4,0.0,0.0,0.0,0.0,none,False
2024-06-08 07:00:00,2024-06-08,7,24.9,64,26.3,0.0,0.0,8.8,0.0,0.0,0.0,0.0,none,True
2024-06-08 08:00:00,2024-06-08,8,26.5,59,28.2,0.0,0.0,8.4,0.0,0.0,0.0,0.0,none,True
2024-06-08 09:00:00,2024-06-08,9,29.0,50,30.6,0.0,0.0,7.1,0.0,0.0,0.0,0.0,none,True
2024-06-08 10:00:00,2024-06-08,10,31.7,40,33.5,0.0,0.0,6.9,0.0,0.0,0.0,0.0,none,False
2024-06-08 11:00:00,2024-06-08,11,34.2,33,36.5,0.0,0.0,8.1,0.0,0.0,0.0,0.0,none,False
2024-06-08 12:00:00,2024-06-08,12,36.4,29,38.7,0.0,0.0,11.2,0.0,0.0,0.0,0.0,none,False
2024-06-08 13:00:00,2024-06-08,13,38.2,25,39.9,0.0,0.0,14.1,0.0,0.0,0.0,0.0,none,False
2024-06-08 14:00:00,2024-06-08,14,39.7,21,40.6,0.0,0.0,15.7,0.0,0.0,0.0,0.0,none,False
2024-06-08 15:00:00,2024-06-08,15,40.5,18,40.1,0.0,0.0,17.4,0.0,0.0,0.0,0.0,none,False
2024-06-08 16:00:00,2024-06-08,16,39.6,19,38.7,0.0,0.0,17.9,0.0,0.0,0.0,0.0,none,True
2024-06-08 17:00:00,2024-06-08,17,39.2,18,36.7,0.0,0.0,20.2,0.0,0.0,0.0,0.0,none,True
2024-06-08 18:00:00,2024-06-08,18,38.0,20,35.2,0.0,0.0,22.1,0.0,0.0,0.0,0.0,none,True
2024-06-08 19:00:00,2024-06-08,19,36.5,23,33.7,0.0,0.0,22.7,0.0,0.0,0.0,0.0,none,False
2024-06-08 20:00:00,2024-06-08,20,34.7,25,32.0,0.0,0.0,21.9,0.0,0.0,0.0,0.0,none,False
2024-06-08 21:00:00,2024-06-08,21,32.6,29,30.0,0.0,0.0,23.0,0.0,0.0,0.0,0.0,none,False
2024-06-08 22:00:00,2024-06-08,22,30.8,34,29.0,0.0,0.0,19.4,0.0,0.0,0.0,0.0,none,False
2024-06-08 23:00:00,2024-06-08,23,29.0,40,28.1,0.0,0.0,15.8,0.0,0.0,0.0,0.0,none,False
2024-06-09 00:00:00,2024-06-09,0,27.2,49,27.4,0.0,0.0,12.7,0.0,0.0,0.0,0.0,none,False
2024-06-09 01:00:00,2024-06-09,1,26.0,56,26.9,0.0,0.0,9.6,0.0,0.0,0.0,0.0,none,False
2024-06-09 02:00:00,2024-06-09,2,24.7,65,26.0,0.0,0.0,10.1,0.0,0.0,0.0,0.0,none,False
2024-06-09 03:00:00,2024-06-09,3,23.6,73,25.8,0.0,0.0,6.9,0.0,0.0,0.0,0.0,none,False
2024-06-09 04:00:00,2024-06-09,4,22.9,79,24.8,0.0,0.0,9.6,0.0,0.0,0.0,0.0,none,False
2024-06-09 05:00:00,2024-06-09,5,22.1,85,24.8,0.0,0.0,6.9,0.0,0.0,0.0,0.0,none,False
2024-06-09 06:00:00,2024-06-09,6,21.6,89,24.7,0.0,0.0,4.1,0.0,0.0,0.0,0.0,none,False
2024-06-09 07:00:00,2024-06-09,7,22.5,83,25.5,0.0,0.0,4.3,0.0,0.0,0.0,0.0,none,True
2024-06-09 08:00:00,2024-06-09,8,24.4,70,26.6,0.0,0.0,6.9,0.0,0.0,0.0,0.0,none,True
2024-06-09 09:00:00,2024-06-09,9,27.0,54,27.8,0.0,0.0,11.2,0.0,0.0,0.0,0.0,none,True
2024-06-09 10:00:00,2024-06-09,10,29.6,40,29.5,0.0,0.0,15.4,0.0,0.0,0.0,0.0,none,False
2024-06-09 11:00:00,2024-06-09,11,31.9,29,31.4,0.0,0.0,16.9,0.0,0.0,0.0,0.0,none,False
2024-06-09 12:00:00,2024-06-09,12,34.0,23,33.3,0.0,0.0,18.4,0.0,0.0,0.0,0.0,none,False
2024-06-09 13:00:00,2024-06-09,13,35.4,23,34.7,0.0,0.0,22.1,0.0,0.0,0.0,0.0,none,False
2024-06-09 14:00:00,2024-06-09,14,36.5,21,35.6,0.0,0.0,22.3,0.0,0.0,0.0,0.0,none,False
2024-06-09 15:00:00,2024-06-09,15,37.5,16,35.2,0.0,0.0,23.3,0.0,0.0,0.0,0.0,none,False
2024-06-09 16:00:00,2024-06-09,16,36.3,18,33.9,0.0,0.0,20.9,0.0,0.0,0.0,0.0,none,True
2024-06-09 17:00:00,2024-06-09,17,36.0,18,32.6,0.0,0.0,20.7,0.0,0.0,0.0,0.0,none,True
2024-06-09 18:00:00,2024-06-09,18,35.4,19,32.1,0.0,0.0,20.0,0.0,0.0,0.0,0.0,none,True
2024-06-09 19:00:00,2024-06-09,19,34.2,23,31.2,0.0,0.0,20.2,0.0,0.0,0.0,0.0,none,False
2024-06-09 20:00:00,2024-06-09,20,32.5,27,30.1,0.0,0.0,19.9,0.0,0.0,0.0,0.0,none,False
2024-06-09 21:00:00,2024-06-09,21,31.1,32,29.1,0.0,0.0,19.3,0.0,0.0,0.0,0.0,none,False
2024-06-09 22:00:00,2024-06-09,22,29.4,39,28.1,0.0,0.0,18.0,0.0,0.0,0.0,0.0,none,False
2024-06-09 23:00:00,2024-06-09,23,27.9,46,27.4,0.0,0.0,15.1,0.0,0.0,0.0,0.0,none,False
2024-06-10 00:00:00,2024-06-10,0,26.6,51,26.7,0.0,0.0,12.9,0.0,0.0,0.0,0.0,none,False
2024-06-10 01:00:00,2024-06-10,1,25.6,56,26.2,0.0,0.0,10.2,0.0,0.0,0.0,0.0,none,False
2024-06-10 02:00:00,2024-06-10,2,24.6,61,25.9,0.0,0.0,7.5,0.0,0.0,0.0,0.0,none,False
2024-06-10 03:00:00,2024-06-10,3,23.9,66,25.4,0.0,0.0,7.0,0.0,0.0,0.0,0.0,none,False
2024-06-10 04:00:00,2024-06-10,4,23.4,71,25.0,0.0,0.0,8.4,0.0,0.0,0.0,0.0,none,False
2024-06-10 05:00:00,2024-06-10,5,22.7,78,24.9,0.0,0.0,7.1,0.0,0.0,0.0,0.0,none,False
2024-06-10 06:00:00,2024-06-10,6,22.0,84,24.8,0.0,0.0,5.1,0.0,0.0,0.0,0.0,none,False
2024-06-10 07:00:00,2024-06-10,7,22.5,83,25.5,0.0,0.0,4.7,0.0,0.0,0.0,0.0,none,True
2024-06-10 08:00:00,2024-06-10,8,23.9,77,26.6,0.0,0.0,6.0,0.0,0.0,0.0,0.0,none,True
2024-06-10 09:00:00,2024-06-10,9,25.9,67,28.3,0.0,0.0,7.1,0.0,0.0,0.0,0.0,none,True
2024-06-10 10:00:00,2024-06-10,10,28.5,54,30.9,0.0,0.0,8.0,0.0,0.0,0.0,0.0,none,False
2024-06-10 11:00:00,2024-06-10,11,31.4,42,34.0,0.0,0.0,9.1,0.0,0.0,0.0,0.0,none,False
2024-06-10 12:00:00,2024-06-10,12,34.1,32,36.4,0.0,0.0,10.7,0.0,0.0,0.0,0.0,none,False
2024-06-10 13:00:00,2024-06-10,13,36.2,24,37.7,0.0,0.0,12.1,0.0,0.0,0.0,0.0,none,False
2024-06-10 14:00:00,2024-06-10,14,37.7,18,38.1,0.0,0.0,12.4,0.0,0.0,0.0,0.0,none,False
2024-06-10 15:00:00,2024-06-10,15,38.4,16,38.0,0.0,0.0,13.0,0.0,0.0,0.0,0.0,none,False
2024-06-10 16:00:00,2024-06-10,16,37.2,18,36.7,0.0,0.0,10.5,0.0,0.0,0.0,0.0,none,True
2024-06-10 17:00:00,2024-06-10,17,37.2,17,35.7,0.0,0.0,9.6,0.0,0.0,0.0,0.0,none,True
2024-06-10 18:00:00,2024-06-10,18,37.0,17,35.1,0.0,0.0,9.0,0.0,0.0,0.0,0.0,none,True
2024-06-10 19:00:00,2024-06-10,19,36.5,17,34.6,0.0,0.0,9.7,0.0,0.0,0.0,0.0,none,False
2024-06-10 20:00:00,2024-06-10,20,35.3,19,33.1,0.0,0.0,11.9,0.0,0.0,0.0,0.0,none,False
2024-06-10 21:00:00,2024-06-10,21,34.0,21,31.3,0.0,0.0,15.5,0.0,0.0,0.0,0.0,none,False
2024-06-10 22:00:00,2024-06-10,22,32.0,31,29.5,0.0,0.0,22.7,0.0,0.0,0.0,0.0,none,False
2024-06-10 23:00:00,2024-06-10,23,30.4,35,28.7,0.0,0.0,18.4,0.0,0.0,0.0,0.0,none,False
2024-06-11 00:00:00,2024-06-11,0,28.8,41,27.9,0.0,0.0,15.7,0.0,0.0,0.0,0.0,none,False
2024-06-11 01:00:00,2024-06-11,1,27.4,48,27.1,0.0,0.0,15.0,0.0,0.0,0.0,0.0,none,False
2024-06-11 02:00:00,2024-06-11,2,26.2,54,26.3,0.0,0.0,13.5,0.0,0.0,0.0,0.0,none,False
2024-06-11 03:00:00,2024-06-11,3,25.2,59,25.8,0.0,0.0,12.0,0.0,0.0,0.0,0.0,none,False
2024-06-11 04:00:00,2024-06-11,4,24.1,62,24.9,0.0,0.0,10.5,0.0,0.0,0.0,0.0,none,False
2024-06-11 05:00:00,2024-06-11,5,23.3,68,24.4,0.0,0.0,9.7,0.0,0.0,0.0,0.0,none,False
2024-06-11 06:00:00,2024-06-11,6,22.5,75,24.0,0.0,0.0,9.4,0.0,0.0,0.0,0.0,none,False
2024-06-11 07:00:00,2024-06-11,7,22.9,76,24.5,0.0,0.0,10.0,0.0,0.0,0.0,0.0,none,True
2024-06-11 08:00:00,2024-06-11,8,24.4,70,26.1,0.0,0.0,9.5,0.0,0.0,0.0,0.0,none,True
2024-06-11 09:00:00,2024-06-11,9,26.5,60,28.1,0.0,0.0,8.7,0.0,0.0,0.0,0.0,none,True
2024-06-11 10:00:00,2024-06-11,10,29.1,46,30.6,0.0,0.0,8.7,0.0,0.0,0.0,0.0,none,False
2024-06-11 11:00:00,2024-06-11,11,32.0,34,33.5,0.0,0.0,9.4,0.0,0.0,0.0,0.0,none,False
2024-06-11 12:00:00,2024-06-11,12,34.4,26,35.9,0.0,0.0,9.8,0.0,0.0,0.0,0.0,none,False
2024-06-11 13:00:00,2024-06-11,13,36.3,20,37.5,0.0,0.0,9.4,0.0,0.0,0.0,0.0,none,False
2024-06-11 14:00:00,2024-06-11,14,37.5,17,38.2,0.0,0.0,9.9,0.0,0.0,0.0,0.0,none,False
2024-06-11 15:00:00,2024-06-11,15,38.3,16,38.3,0.0,0.0,10.2,0.0,0.0,0.0,0.0,none,False
2024-06-11 16:00:00,2024-06-11,16,38.0,17,37.4,0.0,0.0,10.5,0.0,0.0,0.0,0.0,none,True
2024-06-11 17:00:00,2024-06-11,17,38.2,17,36.7,0.0,0.0,10.2,0.0,0.0,0.0,0.0,none,True
2024-06-11 18:00:00,2024-06-11,18,38.3,16,36.2,0.0,0.0,11.5,0.0,0.0,0.0,0.0,none,True
2024-06-11 19:00:00,2024-06-11,19,37.8,16,35.2,0.0,0.0,14.3,0.0,0.0,0.0,0.0,none,False
2024-06-11 20:00:00,2024-06-11,20,36.3,20,32.9,0.0,0.0,23.0,0.0,0.0,0.0,0.0,none,False
2024-06-11 21:00:00,2024-06-11,21,33.8,23,29.9,0.0,0.0,25.8,0.0,0.0,0.0,0.0,none,False
2024-06-11 22:00:00,2024-06-11,22,32.2,25,28.7,0.0,0.0,23.2,0.0,0.0,0.0,0.0,none,False
2024-06-11 23:00:00,2024-06-11,23,30.8,28,28.0,0.0,0.0,19.4,0.0,0.0,0.0,0.0,none,False
2024-06-12 00:00:00,2024-06-12,0,29.4,31,27.4,0.0,0.0,15.0,0.0,0.0,0.0,0.0,none,False
2024-06-12 01:00:00,2024-06-12,1,28.0,35,26.6,0.0,0.0,12.3,0.0,0.0,0.0,0.0,none,False
2024-06-12 02:00:00,2024-06-12,2,26.7,38,25.3,0.0,0.0,12.3,0.0,0.0,0.0,0.0,none,False
2024-06-12 03:00:00,2024-06-12,3,25.5,42,24.4,0.0,0.0,10.4,0.0,0.0,0.0,0.0,none,False
2024-06-12 04:00:00,2024-06-12,4,24.1,47,23.3,0.0,0.0,10.9,0.0,0.0,0.0,0.0,none,False
2024-06-12 05:00:00,2024-06-12,5,23.2,51,22.7,0.0,0.0,8.6,0.0,0.0,0.0,0.0,none,False
2024-06-12 06:00:00,2024-06-12,6,22.4,54,22.2,0.0,0.0,6.8,0.0,0.0,0.0,0.0,none,False
2024-06-12 07:00:00,2024-06-12,7,23.1,52,22.9,0.0,0.0,8.0,0.0,0.0,0.0,0.0,none,True
2024-06-12 08:00:00,2024-06-12,8,25.1,48,24.8,0.0,0.0,8.9,0.0,0.0,0.0,0.0,none,True
2024-06-12 09:00:00,2024-06-12,9,27.2,42,26.7,0.0,0.0,10.5,0.0,0.0,0.0,0.0,none,True
2024-06-12 10:00:00,2024-06-12,10,29.9,34,29.4,0.0,0.0,11.9,0.0,0.0,0.0,0.0,none,False
2024-06-12 11:00:00,2024-06-12,11,32.7,27,32.6,0.0,0.0,12.6,0.0,0.0,0.0,0.0,none,False
2024-06-12 12:00:00,2024-06-12,12,35.2,21,35.2,0.0,0.0,13.9,0.0,0.0,0.0,0.0,none,False
2024-06-12 13:00:00,2024-06-12,13,37.2,19,37.1,0.0,0.0,15.7,0.0,0.0,0.0,0.0,none,False
2024-06-12 14:00:00,2024-06-12,14,38.7,16,38.0,0.0,0.0,17.6,0.0,0.0,0.0,0.0,none,False
2024-06-12 15:00:00,2024-06-12,15,39.7,15,38.5,0.0,0.0,17.8,0.0,0.0,0.0,0.0,none,False
2024-06-12 16:00:00,2024-06-12,16,39.2,15,37.2,0.0,0.0,18.9,0.0,0.0,0.0,0.0,none,True
2024-06-12 17:00:00,2024-06-12,17,39.5,15,36.6,0.0,0.0,18.8,0.0,0.0,0.0,0.0,none,True
2024-06-12 18:00:00,2024-06-12,18,39.7,14,36.2,0.0,0.0,18.5,0.0,0.0,0.0,0.0,none,True
2024-06-12 19:00:00,2024-06-12,19,38.8,13,34.2,0.0,0.0,24.0,0.0,0.0,0.0,0.0,none,False
2024-06-12 20:00:00,2024-06-12,20,36.8,15,32.4,0.0,0.0,23.1,0.0,0.0,0.0,0.0,none,False
2024-06-12 21:00:00,2024-06-12,21,35.0,19,31.0,0.0,0.0,22.6,0.0,0.0,0.0,0.0,none,False
2024-06-12 22:00:00,2024-06-12,22,33.0,24,29.8,0.0,0.0,21.7,0.0,0.0,0.0,0.0,none,False
2024-06-12 23:00:00,2024-06-12,23,31.2,29,28.8,0.0,0.0,19.3,0.0,0.0,0.0,0.0,none,False
2024-06-13 00:00:00,2024-06-13,0,29.8,33,28.0,0.0,0.0,16.3,0.0,0.0,0.0,0.0,none,False
2024-06-13 01:00:00,2024-06-13,1,28.5,37,27.2,0.0,0.0,14.2,0.0,0.0,0.0,0.0,none,False
2024-06-13 02:00:00,2024-06-13,2,27.2,42,26.4,0.0,0.0,12.7,0.0,0.0,0.0,0.0,none,False
2024-06-13 03:00:00,2024-06-13,3,26.1,45,25.6,0.0,0.0,11.5,0.0,0.0,0.0,0.0,none,False
2024-06-13 04:00:00,2024-06-13,4,25.2,51,24.8,0.0,0.0,12.0,0.0,0.0,0.0,0.0,none,False
2024-06-13 05:00:00,2024-06-13,5,24.4,54,24.3,0.0,0.0,11.0,0.0,0.0,0.0,0.0,none,False
2024-06-13 06:00:00,2024-06-13,6,23.6,60,23.9,0.0,0.0,10.1,0.0,0.0,0.0,0.0,none,False
2024-06-13 07:00:00,2024-06-13,7,24.4,60,24.8,0.0,0.0,11.6,0.0,0.0,0.0,0.0,none,True
2024-06-13 08:00:00,2024-06-13,8,26.5,57,27.1,0.0,0.0,13.6,0.0,0.0,0.0,0.0,none,True
2024-06-13 09:00:00,2024-06-13,9,29.5,46,29.5,0.0,0.0,15.3,0.0,0.0,0.0,0.0,none,True
2024-06-13 10:00:00,2024-06-13,10,32.6,33,32.2,0.0,0.0,16.6,0.0,0.0,0.0,0.0,none,False
2024-06-13 11:00:00,2024-06-13,11,35.4,25,34.8,0.0,0.0,18.3,0.0,0.0,0.0,0.0,none,False
2024-06-13 12:00:00,2024-06-13,12,37.9,19,36.9,0.0,0.0,21.1,0.0,0.0,0.0,0.0,none,False
2024-06-13 13:00:00,2024-06-13,13,39.8,16,38.3,0.0,0.0,24.5,0.0,0.0,0.0,0.0,none,False
2024-06-13 14:00:00,2024-06-13,14,41.3,14,39.1,0.0,0.0,26.7,0.0,0.0,0.0,0.0,none,False
2024-06-13 15:00:00,2024-06-13,15,42.5,12,39.3,0.0,0.0,27.7,0.0,0.0,0.0,0.0,none,False
2024-06-13 16:00:00,2024-06-13,16,42.7,10,38.5,0.0,0.0,27.6,0.0,0.0,0.0,0.0,none,True
2024-06-13 17:00:00,2024-06-13,17,42.6,11,38.0,0.0,0.0,25.8,0.0,0.0,0.0,0.0,none,True
2024-06-13 18:00:00,2024-06-13,18,42.1,10,37.1,0.0,0.0,25.0,0.0,0.0,0.0,0.0,none,True
2024-06-13 19:00:00,2024-06-13,19,40.8,11,35.8,0.0,0.0,24.4,0.0,0.0,0.0,0.0,none,False
2024-06-13 20:00:00,2024-06-13,20,38.7,13,34.7,0.0,0.0,19.9,0.0,0.0,0.0,0.0,none,False
2024-06-13 21:00:00,2024-06-13,21,36.8,17,33.2,0.0,0.0,20.2,0.0,0.0,0.0,0.0,none,False
2024-06-13 22:00:00,2024-06-13,22,34.8,24,32.1,0.0,0.0,20.9,0.0,0.0,0.0,0.0,none,False
2024-06-13 23:00:00,2024-06-13,23,32.7,32,31.0,0.0,0.0,20.4,0.0,0.0,0.0,0.0,none,False
2024-06-14 00:00:00,2024-06-14,0,30.9,39,30.0,0.0,0.0,18.3,0.0,0.0,0.0,0.0,none,False
2024-06-14 01:00:00,2024-06-14,1,29.5,44,29.2,0.0,0.0,16.1,0.0,0.0,0.0,0.0,none,False
2024-06-14 02:00:00,2024-06-14,2,28.4,47,28.5,0.0,0.0,14.0,0.0,0.0,0.0,0.0,none,False
2024-06-14 03:00:00,2024-06-14,3,27.5,49,27.6,0.0,0.0,13.3,0.0,0.0,0.0,0.0,none,False
2024-06-14 04:00:00,2024-06-14,4,26.5,54,26.9,0.0,0.0,12.5,0.0,0.0,0.0,0.0,none,False
2024-06-14 05:00:00,2024-06-14,5,25.9,55,26.4,0.0,0.0,11.0,0.0,0.0,0.0,0.0,none,False
2024-06-14 06:00:00,2024-06-14,6,25.2,57,26.0,0.0,0.0,8.8,0.0,0.0,0.0,0.0,none,False
2024-06-14 07:00:00,2024-06-14,7,26.4,53,26.7,0.0,0.0,11.1,0.0,0.0,0.0,0.0,none,True
2024-06-14 08:00:00,2024-06-14,8,29.1,42,29.2,0.0,0.0,11.0,0.0,0.0,0.0,0.0,none,True
2024-06-14 09:00:00,2024-06-14,9,32.2,31,31.3,0.0,0.0,12.6,0.0,0.0,0.0,0.0,none,True
2024-06-14 10:00:00,2024-06-14,10,35.5,21,34.0,0.0,0.0,13.5,0.0,0.0,0.0,0.0,none,False
2024-06-14 11:00:00,2024-06-14,11,38.6,15,37.2,0.0,0.0,14.3,0.0,0.0,0.0,0.0,none,False
2024-06-14 12:00:00,2024-06-14,12,41.2,11,39.8,0.0,0.0,15.4,0.0,0.0,0.0,0.0,none,False
2024-06-14 13:00:00,2024-06-14,13,43.1,10,41.8,0.0,0.0,16.8,0.0,0.0,0.0,0.0,none,False
2024-06-14 14:00:00,2024-06-14,14,44.3,10,42.9,0.0,0.0,17.7,0.0,0.0,0.0,0.0,none,False
2024-06-14 15:00:00,2024-06-14,15,45.1,10,43.5,0.0,0.0,17.3,0.0,0.0,0.0,0.0,none,False
2024-06-14 16:00:00,2024-06-14,16,44.8,10,42.3,0.0,0.0,17.8,0.0,0.0,0.0,0.0,none,True
2024-06-14 17:00:00,2024-06-14,17,44.9,9,41.5,0.0,0.0,17.3,0.0,0.0,0.0,0.0,none,True
2024-06-14 18:00:00,2024-06-14,18,44.8,9,41.2,0.0,0.0,16.4,0.0,0.0,0.0,0.0,none,True
2024-06-14 19:00:00,2024-06-14,19,44.0,9,39.9,0.0,0.0,19.4,0.0,0.0,0.0,0.0,none,False
2024-06-14 20:00:00,2024-06-14,20,40.0,14,35.2,0.0,0.0,29.2,0.0,0.0,0.0,0.0,none,False
2024-06-14 21:00:00,2024-06-14,21,38.4,16,34.5,0.0,0.0,23.7,0.0,0.0,0.0,0.0,none,False
2024-06-14 22:00:00,2024-06-14,22,36.4,20,33.4,0.0,0.0,20.1,0.0,0.0,0.0,0.0,none,False
2024-06-14 23:00:00,2024-06-14,23,34.7,23,32.2,0.0,0.0,18.0,0.0,0.0,0.0,0.0,none,False
2024-06-15 00:00:00,2024-06-15,0,33.0,26,30.9,0.0,0.0,16.8,0.0,0.0,0.0,0.0,none,False
2024-06-15 01:00:00,2024-06-15,1,31.4,33,30.2,0.0,0.0,14.7,0.0,0.0,0.0,0.0,none,False
2024-06-15 02:00:00,2024-06-15,2,30.1,38,29.6,0.0,0.0,13.1,0.0,0.0,0.0,0.0,none,False
2024-06-15 03:00:00,2024-06-15,3,29.0,44,28.9,0.0,0.0,13.4,0.0,0.0,0.0,0.0,none,False
2024-06-15 04:00:00,2024-06-15,4,27.6,52,28.4,0.0,0.0,11.7,0.0,0.0,0.0,0.0,none,False
2024-06-15 05:00:00,2024-06-15,5,26.8,57,27.9,0.0,0.0,11.5,0.0,0.0,0.0,0.0,none,False
2024-06-15 06:00:00,2024-06-15,6,26.0,61,27.6,0.0,0.0,9.5,0.0,0.0,0.0,0.0,none,False
2024-06-15 07:00:00,2024-06-15,7,26.8,60,28.6,0.0,0.0,8.9,0.0,0.0,0.0,0.0,none,True
2024-06-15 08:00:00,2024-06-15,8,28.5,56,30.4,0.0,0.0,9.7,0.0,0.0,0.0,0.0,none,True
2024-06-15 09:00:00,2024-06-15,9,30.9,49,32.6,0.0,0.0,10.7,0.0,0.0,0.0,0.0,none,True
2024-06-15 10:00:00,2024-06-15,10,33.9,38,35.5,0.0,0.0,11.1,0.0,0.0,0.0,0.0,none,False
2024-06-15 11:00:00,2024-06-15,11,37.3,27,38.9,0.0,0.0,11.6,0.0,0.0,0.0,0.0,none,False
2024-06-15 12:00:00,2024-06-15,12,40.2,20,41.3,0.0,0.0,13.6,0.0,0.0,0.0,0.0,none,False
2024-06-15 13:00:00,2024-06-15,13,42.5,16,43.1,0.0,0.0,14.7,0.0,0.0,0.0,0.0,none,False
2024-06-15 14:00:00,2024-06-15,14,44.0,14,44.2,0.0,0.0,15.0,0.0,0.0,0.0,0.0,none,False
2024-06-15 15:00:00,2024-06-15,15,45.0,11,44.1,0.0,0.0,15.1,0.0,0.0,0.0,0.0,none,False
2024-06-15 16:00:00,2024-06-15,16,44.5,11,43.8,0.0,0.0,10.2,0.0,0.0,0.0,0.0,none,True
2024-06-15 17:00:00,2024-06-15,17,45.1,10,42.5,0.0,0.0,12.8,0.0,0.0,0.0,0.0,none,True
2024-06-15 18:00:00,2024-06-15,18,44.7,9,40.7,0.0,0.0,19.4,0.0,0.0,0.0,0.0,none,True
2024-06-15 19:00:00,2024-06-15,19,42.2,13,37.2,0.0,0.0,29.7,0.0,0.0,0.0,0.0,none,False
2024-06-15 20:00:00,2024-06-15,20,38.8,19,34.7,0.0,0.0,29.2,0.0,0.0,0.0,0.0,none,False
2024-06-15 21:00:00,2024-06-15,21,35.3,25,32.4,0.0,0.0,25.3,0.0,0.0,0.0,0.0,none,False
2024-06-15 22:00:00,2024-06-15,22,33.8,26,31.2,0.0,0.0,20.7,0.0,0.0,0.0,0.0,none,False
2024-06-15 23:00:00,2024-06-15,23,32.7,25,30.3,0.0,0.0,16.6,0.0,0.0,0.0,0.0,none,False
2024-06-16 00:00:00,2024-06-16,0,31.1,25,28.5,0.0,0.0,16.3,0.0,0.0,0.0,0.0,none,False
2024-06-16 01:00:00,2024-06-16,1,29.5,29,27.1,0.0,0.0,16.0,0.0,0.0,0.0,0.0,none,False
2024-06-16 02:00:00,2024-06-16,2,28.0,38,26.5,0.0,0.0,15.8,0.0,0.0,0.0,0.0,none,False
2024-06-16 03:00:00,2024-06-16,3,26.9,50,26.6,0.0,0.0,14.4,0.0,0.0,0.0,0.0,none,False
2024-06-16 04:00:00,2024-06-16,4,25.6,60,26.2,0.0,0.0,13.8,0.0,0.0,0.0,0.0,none,False
2024-06-16 05:00:00,2024-06-16,5,24.9,69,26.4,0.0,0.0,11.8,0.0,0.0,0.0,0.0,none,False
2024-06-16 06:00:00,2024-06-16,6,24.3,74,26.3,0.0,0.0,10.6,0.0,0.0,0.0,0.0,none,False
2024-06-16 07:00:00,2024-06-16,7,25.0,73,26.9,0.0,0.0,11.8,0.0,0.0,0.0,0.0,none,True
2024-06-16 08:00:00,2024-06-16,8,26.5,65,28.3,0.0,0.0,13.0,0.0,0.0,0.0,0.0,none,True
2024-06-16 09:00:00,2024-06-16,9,28.9,50,29.7,0.0,0.0,13.0,0.0,0.0,0.0,0.0,none,True
2024-06-16 10:00:00,2024-06-16,10,31.6,35,31.5,0.0,0.0,13.8,0.0,0.0,0.0,0.0,none,False
2024-06-16 11:00:00,2024-06-16,11,33.9,26,34.0,0.0,0.0,13.0,0.0,0.0,0.0,0.0,none,False
2024-06-16 12:00:00,2024-06-16,12,35.8,22,36.6,0.0,0.0,11.3,0.0,0.0,0.0,0.0,none,False
2024-06-16 13:00:00,2024-06-16,13,37.8,19,39.0,0.0,0.0,9.5,0.0,0.0,0.0,0.0,none,False
2024-06-16 14:00:00,2024-06-16,14,39.6,15,40.3,0.0,0.0,9.5,0.0,0.0,0.0,0.0,none,False
2024-06-16 15:00:00,2024-06-16,15,40.9,14,40.7,0.0,0.0,11.3,0.0,0.0,0.0,0.0,none,False
2024-06-16 16:00:00,2024-06-16,16,40.5,14,39.2,0.0,0.0,13.0,0.0,0.0,0.0,0.0,none,True
2024-06-16 17:00:00,2024-06-16,17,40.6,13,38.4,0.0,0.0,12.3,0.0,0.0,0.0,0.0,none,True
2024-06-16 18:00:00,2024-06-16,18,40.2,14,37.7,0.0,0.0,12.6,0.0,0.0,0.0,0.0,none,True
2024-06-16 19:00:00,2024-06-16,19,39.5,15,36.5,0.0,0.0,15.8,0.0,0.0,0.0,0.0,none,False
2024-06-16 20:00:00,2024-06-16,20,36.8,19,33.3,0.0,0.0,22.7,0.0,0.0,0.0,0.0,none,False
2024-06-16 21:00:00,2024-06-16,21,34.4,24,31.5,0.0,0.0,21.5,0.0,0.0,0.0,0.0,none,False
2024-06-16 22:00:00,2024-06-16,22,32.3,28,29.4,0.0,0.0,22.5,0.0,0.0,0.0,0.0,none,False
2024-06-16 23:00:00,2024-06-16,23,30.5,32,27.9,0.0,0.0,21.3,0.0,0.0,0.0,0.0,none,False
2024-06-17 00:00:00,2024-06-17,0,29.0,36,27.0,0.0,0.0,18.8,0.0,0.0,0.0,0.0,none,False
2024-06-17 01:00:00,2024-06-17,1,27.9,41,26.5,0.0,0.0,17.0,0.0,0.0,0.0,0.0,none,False
2024-06-17 02:00:00,2024-06-17,2,26.8,47,26.2,0.0,0.0,14.2,0.0,0.0,0.0,0.0,none,False
2024-06-17 03:00:00,2024-06-17,3,25.8,54,25.8,0.0,0.0,13.4,0.0,0.0,0.0,0.0,none,False
2024-06-17 04:00:00,2024-06-17,4,24.5,61,24.7,0.0,0.0,13.6,0.0,0.0,0.0,0.0,none,False
2024-06-17 05:00:00,2024-06-17,5,23.7,67,24.5,0.0,0.0,12.0,0.0,0.0,0.0,0.0,none,False
2024-06-17 06:00:00,2024-06-17,6,23.0,70,24.1,0.0,0.0,10.5,0.0,0.0,0.0,0.0,none,False
2024-06-17 07:00:00,2024-06-17,7,23.7,66,24.5,0.0,0.0,11.5,0.0,0.0,0.0,0.0,none,True
2024-06-17 08:00:00,2024-06-17,8,25.5,58,25.8,0.0,0.0,13.2,0.0,0.0,0.0,0.0,none,True
2024-06-17 09:00:00,2024-06-17,9,27.6,45,27.2,0.0,0.0,13.3,0.0,0.0,0.0,0.0,none,True
2024-06-17 10:00:00,2024-06-17,10,29.6,36,29.3,0.0,0.0,13.3,0.0,0.0,0.0,0.0,none,False
2024-06-17 11:00:00,2024-06-17,11,31.5,31,32.1,0.0,0.0,11.8,0.0,0.0,0.0,0.0,none,False
2024-06-17 12:00:00,2024-06-17,12,33.4,27,34.7,0.0,0.0,10.3,0.0,0.0,0.0,0.0,none,False
2024-06-17 13:00:00,2024-06-17,13,35.2,22,36.7,0.0,0.0,8.9,0.0,0.0,0.0,0.0,none,False
2024-06-17 14:00:00,2024-06-17,14,36.9,18,37.9,0.0,0.0,8.6,0.0,0.0,0.0,0.0,none,False
2024-06-17 15:00:00,2024-06-17,15,38.1,16,38.5,0.0,0.0,9.2,0.0,0.0,0.0,0.0,none,False
2024-06-17 16:00:00,2024-06-17,16,37.1,20,36.8,0.0,0.0,11.8,0.0,0.0,0.0,0.0,none,True
2024-06-17 17:00:00,2024-06-17,17,37.2,20,35.9,0.0,0.0,11.9,0.0,0.0,0.0,0.0,none,True
2024-06-17 18:00:00,2024-06-17,18,36.9,21,35.3,0.0,0.0,13.0,0.0,0.0,0.0,0.0,none,True
2024-06-17 19:00:00,2024-06-17,19,36.5,22,35.0,0.0,0.0,12.8,0.0,0.0,0.0,0.0,none,False
2024-06-17 20:00:00,2024-06-17,20,35.2,24,32.9,0.0,0.0,19.1,0.0,0.0,0.0,0.0,none,False
2024-06-17 21:00:00,2024-06-17,21,32.3,30,29.7,0.0,0.0,23.8,0.0,0.0,0.0,0.0,none,False
2024-06-17 22:00:00,2024-06-17,22,29.8,42,28.4,0.0,0.0,21.9,0.0,0.0,0.0,0.0,none,False
2024-06-17 23:00:00,2024-06-17,23,28.3,50,27.8,0.0,0.0,20.0,0.0,0.0,0.0,0.0,none,False
2024-06-18 00:00:00,2024-06-18,0,27.2,55,27.4,0.0,0.0,16.9,0.0,0.0,0.0,0.0,none,False
2024-06-18 01:00:00,2024-06-18,1,26.3,61,27.2,0.0,0.0,14.1,0.0,0.0,0.0,0.0,none,False
2024-06-18 02:00:00,2024-06-18,2,25.5,66,27.0,0.0,0.0,12.3,0.0,0.0,0.0,0.0,none,False
2024-06-18 03:00:00,2024-06-18,3,24.7,72,26.6,0.0,0.0,11.4,0.0,0.0,0.0,0.0,none,False
2024-06-18 04:00:00,2024-06-18,4,24.0,76,26.2,0.0,0.0,9.7,0.0,0.0,0.0,0.0,none,False
2024-06-18 05:00:00,2024-06-18,5,23.5,80,26.3,0.0,0.0,7.2,0.0,0.0,0.0,0.0,none,False
2024-06-18 06:00:00,2024-06-18,6,23.2,82,26.1,0.0,0.0,6.7,0.0,0.0,0.0,0.0,none,False
2024-06-18 07:00:00,2024-06-18,7,24.0,79,26.3,0.0,0.0,11.1,0.0,0.0,0.0,0.0,none,True
2024-06-18 08:00:00,2024-06-18,8,25.0,73,27.2,0.0,0.0,10.9,0.0,0.0,0.0,0.0,none,True
2024-06-18 09:00:00,2024-06-18,9,26.5,65,28.6,0.0,0.0,9.4,0.0,0.0,0.0,0.0,none,True
2024-06-18 10:00:00,2024-06-18,10,28.5,56,31.1,0.0,0.0,8.3,0.0,0.0,0.0,0.0,none,False
2024-06-18 11:00:00,2024-06-18,11,31.0,45,33.8,0.0,0.0,9.5,0.0,0.0,0.0,0.0,none,False
2024-06-18 12:00:00,2024-06-18,12,33.7,33,35.8,0.0,0.0,11.4,0.0,0.0,0.0,0.0,none,False
2024-06-18 13:00:00,2024-06-18,13,36.0,24,37.3,0.0,0.0,12.8,0.0,0.0,0.0,0.0,none,False
2024-06-18 14:00:00,2024-06-18,14,37.8,20,38.4,0.0,0.0,14.3,0.0,0.0,0.0,0.0,none,False
2024-06-18 15:00:00,2024-06-18,15,39.0,18,38.9,0.0,0.0,15.4,0.0,0.0,0.0,0.0,none,False
2024-06-18 16:00:00,2024-06-18,16,38.2,16,37.0,0.0,0.0,13.7,0.0,0.0,0.0,0.0,none,True
2024-06-18 17:00:00,2024-06-18,17,38.5,17,36.6,0.0,0.0,13.7,0.0,0.0,0.0,0.0,none,True
2024-06-18 18:00:00,2024-06-18,18,38.5,18,36.5,0.0,0.0,14.4,0.0,0.0,0.0,0.0,none,True
2024-06-18 19:00:00,2024-06-18,19,37.4,21,34.8,0.0,0.0,20.0,0.0,0.0,0.0,0.0,none,False
2024-06-18 20:00:00,2024-06-18,20,35.0,25,32.3,0.0,0.0,23.0,0.0,0.0,0.0,0.0,none,False
2024-06-18 21:00:00,2024-06-18,21,33.2,31,31.2,0.0,0.0,22.6,0.0,0.0,0.0,0.0,none,False
2024-06-18 22:00:00,2024-06-18,22,31.6,36,30.2,0.0,0.0,20.1,0.0,0.0,0.0,0.0,none,False
2024-06-18 23:00:00,2024-06-18,23,30.3,37,29.1,0.0,0.0,17.2,0.0,0.0,0.0,0.0,none,False
2024-06-19 00:00:00,2024-06-19,0,29.0,40,28.2,0.0,0.0,14.3,0.0,0.0,0.0,0.0,none,False
2024-06-19 01:00:00,2024-06-19,1,27.7,45,27.5,0.0,0.0,12.2,0.0,0.0,0.0,0.0,none,False
2024-06-19 02:00:00,2024-06-19,2,26.5,51,26.8,0.0,0.0,10.7,0.0,0.0,0.0,0.0,none,False
2024-06-19 03:00:00,2024-06-19,3,25.5,56,26.2,0.0,0.0,9.5,0.0,0.0,0.0,0.0,none,False
2024-06-19 04:00:00,2024-06-19,4,24.5,61,25.4,0.0,0.0,9.0,0.0,0.0,0.0,0.0,none,False
2024-06-19 05:00:00,2024-06-19,5,23.8,66,25.1,0.0,0.0,7.2,0.0,0.0,0.0,0.0,none,False
2024-06-19 06:00:00,2024-06-19,6,23.0,70,24.8,0.0,0.0,5.6,0.0,0.0,0.0,0.0,none,False
2024-06-19 07:00:00,2024-06-19,7,23.5,69,25.3,0.0,0.0,6.8,0.0,0.0,0.0,0.0,none,True
2024-06-19 08:00:00,2024-06-19,8,24.7,68,26.7,0.0,0.0,8.0,0.0,0.0,0.0,0.0,none,True
2024-06-19 09:00:00,2024-06-19,9,26.4,65,28.6,0.0,0.0,8.3,0.0,0.0,0.0,0.0,none,True
2024-06-19 10:00:00,2024-06-19,10,28.6,55,31.3,0.0,0.0,7.7,0.0,0.0,0.0,0.0,none,False
2024-06-19 11:00:00,2024-06-19,11,31.2,44,34.3,0.0,0.0,7.8,0.0,0.0,0.0,0.0,none,False
2024-06-19 12:00:00,2024-06-19,12,33.8,35,36.7,0.0,0.0,9.1,0.0,0.0,0.0,0.0,none,False
2024-06-19 13:00:00,2024-06-19,13,36.2,26,38.2,0.0,0.0,11.2,0.0,0.0,0.0,0.0,none,False
2024-06-19 14:00:00,2024-06-19,14,38.2,21,39.3,0.0,0.0,12.3,0.0,0.0,0.0,0.0,none,False
2024-06-19 15:00:00,2024-06-19,15,39.3,18,39.9,0.0,0.0,11.2,0.0,0.0,0.0,0.0,none,False
2024-06-19 16:00:00,2024-06-19,16,38.3,19,38.4,0.0,0.0,10.1,0.0,0.0,0.0,0.0,none,True
2024-06-19 17:00:00,2024-06-19,17,38.8,18,37.5,0.0,0.0,12.0,0.0,0.0,0.0,0.0,none,True
2024-06-19 18:00:00,2024-06-19,18,38.7,17,36.7,0.0,0.0,12.4,0.0,0.0,0.0,0.0,none,True
2024-06-19 19:00:00,2024-06-19,19,38.2,18,36.2,0.0,0.0,12.9,0.0,0.0,0.0,0.0,none,False
2024-06-19 20:00:00,2024-06-19,20,36.9,20,35.3,0.0,0.0,11.5,0.0,0.0,0.0,0.0,none,False
2024-06-19 21:00:00,2024-06-19,21,35.3,26,32.8,0.0,0.0,24.3,0.0,0.0,0.0,0.0,none,False
2024-06-19 22:00:00,2024-06-19,22,32.5,35,31.0,0.0,0.0,20.9,0.0,0.0,0.0,0.0,none,False
2024-06-19 23:00:00,2024-06-19,23,30.8,40,30.1,0.0,0.0,16.9,0.0,0.0,0.0,0.0,none,False
2024-06-20 00:00:00,2024-06-20,0,29.6,45,29.8,0.0,0.0,13.5,0.0,0.0,0.0,0.0,none,False
2024-06-20 01:00:00,2024-06-20,1,28.5,50,29.2,0.0,0.0,12.5,0.0,0.0,0.0,0.0,none,False
2024-06-20 02:00:00,2024-06-20,2,27.5,55,28.6,0.0,0.0,10.7,0.0,0.0,0.0,0.0,none,False
2024-06-20 03:00:00,2024-06-20,3,26.5,59,28.1,0.0,0.0,8.7,0.0,0.0,0.0,0.0,none,False
2024-06-20 04:00:00,2024-06-20,4,25.5,63,27.4,0.0,0.0,6.6,0.0,0.0,0.0,0.0,none,False
2024-06-20 05:00:00,2024-06-20,5,24.6,67,26.7,0.0,0.0,6.0,0.0,0.0,0.0,0.0,none,False
2024-06-20 06:00:00,2024-06-20,6,23.8,71,25.9,0.0,0.0,5.5,0.0,0.0,0.0,0.0,none,False
2024-06-20 07:00:00,2024-06-20,7,24.4,68,26.2,0.0,0.0,7.5,0.0,0.0,0.0,0.0,none,True
2024-06-20 08:00:00,2024-06-20,8,26.2,62,28.2,0.0,0.0,7.4,0.0,0.0,0.0,0.0,none,True
2024-06-20 09:00:00,2024-06-20,9,28.6,50,30.2,0.0,0.0,6.9,0.0,0.0,0.0,0.0,none,True
2024-06-20 10:00:00,2024-06-20,10,31.1,40,32.8,0.0,0.0,6.9,0.0,0.0,0.0,0.0,none,False
2024-06-20 11:00:00,2024-06-20,11,33.5,32,35.7,0.0,0.0,7.4,0.0,0.0,0.0,0.0,none,False
2024-06-20 12:00:00,2024-06-20,12,36.1,24,37.9,0.0,0.0,8.2,0.0,0.0,0.0,0.0,none,False
2024-06-20 13:00:00,2024-06-20,13,38.3,17,38.6,0.0,0.0,13.0,0.0,0.0,0.0,0.0,none,False
2024-06-20 14:00:00,2024-06-20,14,39.3,15,38.7,0.0,0.0,16.1,0.0,0.0,0.0,0.0,none,False
2024-06-20 15:00:00,2024-06-20,15,39.9,13,38.3,0.0,0.0,18.2,0.0,0.0,0.0,0.0,none,False
2024-06-20 16:00:00,2024-06-20,16,39.0,14,37.1,0.0,0.0,16.1,0.0,0.0,0.0,0.0,none,True
2024-06-20 17:00:00,2024-06-20,17,38.5,15,35.8,0.0,0.0,16.8,0.0,0.0,0.0,0.0,none,True
2024-06-20 18:00:00,2024-06-20,18,38.0,16,35.0,0.0,0.0,16.0,0.0,0.0,0.0,0.0,none,True
2024-06-20 19:00:00,2024-06-20,19,37.2,17,34.7,0.0,0.0,14.4,0.0,0.0,0.0,0.0,none,False
2024-06-20 20:00:00,2024-06-20,20,36.2,20,34.1,0.0,0.0,13.8,0.0,0.0,0.0,0.0,none,False
2024-06-20 21:00:00,2024-06-20,21,34.7,23,32.1,0.0,0.0,18.6,0.0,0.0,0.0,0.0,none,False
2024-06-20 22:00:00,2024-06-20,22,32.0,38,31.4,0.0,0.0,18.7,0.0,0.0,0.0,0.0,none,False
2024-06-20 23:00:00,2024-06-20,23,31.2,41,31.5,0.0,0.0,14.1,0.0,0.0,0.0,0.0,none,False
2024-06-21 00:00:00,2024-06-21,0,30.5,44,31.0,0.0,0.0,12.2,0.0,0.0,0.0,0.0,none,False
2024-06-21 01:00:00,2024-06-21,1,29.2,49,29.9,0.0,0.0,13.0,0.0,0.0,0.0,0.0,none,False
2024-06-21 02:00:00,2024-06-21,2,28.1,52,29.1,0.0,0.0,11.7,0.0,0.0,0.0,0.0,none,False
2024-06-21 03:00:00,2024-06-21,3,27.1,56,28.8,0.0,0.0,7.6,0.0,0.0,0.0,0.0,none,False
2024-06-21 04:00:00,2024-06-21,4,27.2,57,29.4,0.0,0.0,4.5,0.0,0.0,0.0,0.0,none,False
2024-06-21 05:00:00,2024-06-21,5,26.4,60,28.6,0.0,0.0,4.2,0.0,0.0,0.0,0.0,none,False
2024-06-21 06:00:00,2024-06-21,6,25.6,62,27.9,0.0,0.0,4.2,0.0,0.0,0.0,0.0,none,False
2024-06-21 07:00:00,2024-06-21,7,26.5,59,28.6,0.0,0.0,4.8,0.0,0.0,0.0,0.0,none,True
2024-06-21 08:00:00,2024-06-21,8,28.5,52,30.6,0.0,0.0,4.3,0.0,0.0,0.0,0.0,none,True
2024-06-21 09:00:00,2024-06-21,9,30.8,45,32.6,0.0,0.0,5.6,0.0,0.0,0.0,0.0,none,True
2024-06-21 10:00:00,2024-06-21,10,33.2,35,34.8,0.0,0.0,6.4,0.0,0.0,0.0,0.0,none,False
2024-06-21 11:00:00,2024-06-21,11,35.4,28,36.9,0.0,0.0,8.8,0.0,0.0,0.0,0.0,none,False
2024-06-21 12:00:00,2024-06-21,12,37.0,23,38.0,0.0,0.0,12.3,0.0,0.0,0.0,0.0,none,False
2024-06-21 13:00:00,2024-06-21,13,38.4,19,38.3,0.0,0.0,17.0,0.0,0.0,0.0,0.0,none,False
2024-06-21 14:00:00,2024-06-21,14,39.2,17,38.4,0.0,0.0,19.7,0.0,0.0,0.0,0.0,none,False
2024-06-21 15:00:00,2024-06-21,15,39.5,17,38.1,0.0,0.0,21.0,0.0,0.0,0.0,0.0,none,False
2024-06-21 16:00:00,2024-06-21,16,38.0,19,36.4,0.0,0.0,19.7,0.0,0.0,0.0,0.0,none,True
2024-06-21 17:00:00,2024-06-21,17,37.8,19,35.3,0.0,0.0,19.5,0.0,0.0,0.0,0.0,none,True
2024-06-21 18:00:00,2024-06-21,18,37.3,20,35.0,0.0,0.0,16.5,0.0,0.0,0.0,0.0,none,True
2024-06-21 19:00:00,2024-06-21,19,36.8,20,34.7,0.0,0.0,15.6,0.0,0.0,0.0,0.0,none,False
2024-06-21 20:00:00,2024-06-21,20,35.6,22,33.1,0.0,0.0,17.5,0.0,0.0,0.0,0.0,none,False
2024-06-21 21:00:00,2024-06-21,21,34.0,23,31.2,0.0,0.0,18.9,0.0,0.0,0.0,0.0,none,False
2024-06-21 22:00:00,2024-06-21,22,32.5,26,30.7,0.0,0.0,13.0,0.0,0.0,0.0,0.0,none,False
2024-06-21 23:00:00,2024-06-21,23,30.9,31,30.4,0.0,0.0,7.4,0.0,0.0,0.0,0.0,none,False
2024-06-22 00:00:00,2024-06-22,0,29.8,37,29.8,0.0,0.0,7.6,0.0,0.0,0.0,0.0,none,False
2024-06-22 01:00:00,2024-06-22,1,28.7,43,29.0,0.0,0.0,9.3,0.0,0.0,0.0,0.0,none,False
2024-06-22 02:00:00,2024-06-22,2,27.6,48,28.3,0.0,0.0,8.9,0.0,0.0,0.0,0.0,none,False
2024-06-22 03:00:00,2024-06-22,3,26.7,53,27.9,0.0,0.0,6.7,0.0,0.0,0.0,0.0,none,False
2024-06-22 04:00:00,2024-06-22,4,25.9,58,27.7,0.0,0.0,4.3,0.0,0.0,0.0,0.0,none,False
2024-06-22 05:00:00,2024-06-22,5,25.0,63,27.0,0.0,0.0,4.9,0.0,0.0,0.0,0.0,none,False
2024-06-22 06:00:00,2024-06-22,6,25.0,64,27.1,0.0,0.0,3.9,0.0,0.0,0.0,0.0,none,False
2024-06-22 07:00:00,2024-06-22,7,25.9,60,28.5,0.0,0.0,0.4,0.0,0.0,0.0,0.0,none,True
2024-06-22 08:00:00,2024-06-22,8,27.5,54,29.5,0.0,0.0,5.4,0.0,0.0,0.0,0.0,none,True
2024-06-22 09:00:00,2024-06-22,9,29.8,43,30.6,0.0,0.0,8.4,0.0,0.0,0.0,0.0,none,True
2024-06-22 10:00:00,2024-06-22,10,32.2,34,32.3,0.0,0.0,13.0,0.0,0.0,0.0,0.0,none,False
2024-06-22 11:00:00,2024-06-22,11,34.5,27,34.3,0.0,0.0,15.9,0.0,0.0,0.0,0.0,none,False
2024-06-22 12:00:00,2024-06-22,12,36.3,23,36.3,0.0,0.0,17.3,0.0,0.0,0.0,0.0,none,False
2024-06-22 13:00:00,2024-06-22,13,38.0,21,38.0,0.0,0.0,17.9,0.0,0.0,0.0,0.0,none,False
2024-06-22 14:00:00,2024-06-22,14,38.8,18,37.7,0.0,0.0,20.5,0.0,0.0,0.0,0.0,none,False
2024-06-22 15:00:00,2024-06-22,15,38.8,20,37.8,0.0,0.0,20.7,0.0,0.0,0.0,0.0,none,False
2024-06-22 16:00:00,2024-06-22,16,38.0,22,36.4,0.0,0.0,19.6,0.0,0.0,0.0,0.0,none,True
2024-06-22 17:00:00,2024-06-22,17,38.5,21,37.4,0.0,0.0,13.1,0.0,0.0,0.0,0.0,none,True
2024-06-22 18:00:00,2024-06-22,18,38.3,19,35.1,0.0,0.0,23.6,0.0,0.0,0.0,0.0,none,True
2024-06-22 19:00:00,2024-06-22,19,37.2,20,34.4,0.0,0.0,20.7,0.0,0.0,0.0,0.0,none,False
2024-06-22 20:00:00,2024-06-22,20,35.9,21,33.5,0.0,0.0,16.8,0.0,0.0,0.0,0.0,none,False
2024-06-22 21:00:00,2024-06-22,21,34.6,23,32.4,0.0,0.0,15.6,0.0,0.0,0.0,0.0,none,False
2024-06-22 22:00:00,2024-06-22,22,33.2,26,31.6,0.0,0.0,13.1,0.0,0.0,0.0,0.0,none,False
2024-06-22 23:00:00,2024-06-22,23,31.6,31,30.6,0.0,0.0,12.4,0.0,0.0,0.0,0.0,none,False
2024-06-23 00:00:00,2024-06-23,0,30.2,35,29.8,0.0,0.0,10.0,0.0,0.0,0.0,0.0,none,False
2024-06-23 01:00:00,2024-06-23,1,29.1,39,29.0,0.0,0.0,8.5,0.0,0.0,0.0,0.0,none,False
2024-06-23 02:00:00,2024-06-23,2,28.1,43,28.4,0.0,0.0,7.0,0.0,0.0,0.0,0.0,none,False
2024-06-23 03:00:00,2024-06-23,3,27.2,46,27.9,0.0,0.0,5.7,0.0,0.0,0.0,0.0,none,False
2024-06-23 04:00:00,2024-06-23,4,26.3,50,27.3,0.0,0.0,4.7,0.0,0.0,0.0,0.0,none,False
2024-06-23 05:00:00,2024-06-23,5,25.6,53,26.6,0.0,0.0,5.6,0.0,0.0,0.0,0.0,none,False
2024-06-23 06:00:00,2024-06-23,6,25.1,55,26.2,0.0,0.0,5.2,0.0,0.0,0.0,0.0,none,False
2024-06-23 07:00:00,2024-06-23,7,26.2,52,27.4,0.0,0.0,5.4,0.0,0.0,0.0,0.0,none,True
2024-06-23 08:00:00,2024-06-23,8,27.9,48,29.3,0.0,0.0,3.8,0.0,0.0,0.0,0.0,none,True
2024-06-23 09:00:00,2024-06-23,9,30.0,41,31.5,0.0,0.0,2.4,0.0,0.0,0.0,0.0,none,True
2024-06-23 10:00:00,2024-06-23,10,32.4,33,34.3,0.0,0.0,0.5,0.0,0.0,0.0,0.0,none,False
2024-06-23 11:00:00,2024-06-23,11,34.8,27,37.0,0.0,0.0,2.6,0.0,0.0,0.0,0.0,none,False
2024-06-23 12:00:00,2024-06-23,12,37.1,22,39.2,0.0,0.0,5.4,0.0,0.0,0.0,0.0,none,False
2024-06-23 13:00:00,2024-06-23,13,39.3,17,40.5,0.0,0.0,8.5,0.0,0.0,0.0,0.0,none,False
2024-06-23 14:00:00,2024-06-23,14,40.8,13,40.3,0.0,0.0,13.5,0.0,0.0,0.0,0.0,none,False
2024-06-23 15:00:00,2024-06-23,15,41.2,12,39.6,0.0,0.0,17.2,0.0,0.0,0.0,0.0,none,False
2024-06-23 16:00:00,2024-06-23,16,40.8,12,38.0,0.0,0.0,19.8,0.0,0.0,0.0,0.0,none,True
2024-06-23 17:00:00,2024-06-23,17,40.6,12,37.0,0.0,0.0,19.0,0.0,0.0,0.0,0.0,none,True
2024-06-23 18:00:00,2024-06-23,18,40.0,12,36.3,0.0,0.0,18.2,0.0,0.0,0.0,0.0,none,True
2024-06-23 19:00:00,2024-06-23,19,39.3,13,35.7,0.0,0.0,17.1,0.0,0.0,0.0,0.0,none,False
2024-06-23 20:00:00,2024-06-23,20,37.8,14,35.1,0.0,0.0,11.5,0.0,0.0,0.0,0.0,none,False
2024-06-23 21:00:00,2024-06-23,21,36.5,15,33.7,0.0,0.0,13.0,0.0,0.0,0.0,0.0,none,False
2024-06-23 22:00:00,2024-06-23,22,34.2,24,31.6,0.0,0.0,20.0,0.0,0.0,0.0,0.0,none,False
2024-06-23 23:00:00,2024-06-23,23,32.8,28,31.2,0.0,0.0,14.9,0.0,0.0,0.0,0.0,none,False
2024-06-24 00:00:00,2024-06-24,0,32.0,28,30.0,0.0,0.0,15.8,0.0,0.0,0.0,0.0,none,False
2024-06-24 01:00:00,2024-06-24,1,31.2,30,29.6,0.0,0.0,14.2,0.0,0.0,0.0,0.0,none,False
2024-06-24 02:00:00,2024-06-24,2,30.4,34,29.5,0.0,0.0,12.4,0.0,0.0,0.0,0.0,none,False
2024-06-24 03:00:00,2024-06-24,3,29.6,38,29.2,0.0,0.0,10.8,0.0,0.0,0.0,0.0,none,False
2024-06-24 04:00:00,2024-06-24,4,28.8,37,28.2,0.0,0.0,9.4,0.0,0.0,0.0,0.0,none,False
2024-06-24 05:00:00,2024-06-24,5,28.7,36,28.7,0.0,0.0,4.4,0.0,0.0,0.0,0.0,none,False
2024-06-24 06:00:00,2024-06-24,6,27.0,40,26.9,0.0,0.0,5.4,0.0,0.0,0.0,0.0,none,False
2024-06-24 07:00:00,2024-06-24,7,27.7,39,27.8,0.0,0.0,5.2,0.0,0.0,0.0,0.0,none,True
2024-06-24 08:00:00,2024-06-24,8,29.6,36,29.6,0.0,0.0,6.2,0.0,0.0,0.0,0.0,none,True
2024-06-24 09:00:00,2024-06-24,9,33.0,27,32.3,0.0,0.0,8.0,0.0,0.0,0.0,0.0,none,True
2024-06-24 10:00:00,2024-06-24,10,36.2,18,34.9,0.0,0.0,9.2,0.0,0.0,0.0,0.0,none,False
2024-06-24 11:00:00,2024-06-24,11,38.1,15,37.6,0.0,0.0,8.9,0.0,0.0,0.0,0.0,none,False
2024-06-24 12:00:00,2024-06-24,12,39.4,15,40.2,0.0,0.0,6.4,0.0,0.0,0.0,0.0,none,False
2024-06-24 13:00:00,2024-06-24,13,40.5,14,42.2,0.0,0.0,2.8,0.0,0.0,0.0,0.0,none,False
2024-06-24 14:00:00,2024-06-24,14,41.4,13,43.5,0.0,0.0,0.7,0.0,0.0,0.0,0.0,none,False
2024-06-24 15:00:00,2024-06-24,15,42.3,12,42.8,0.0,0.0,6.0,0.0,0.0,0.0,0.0,none,False
2024-06-24 16:00:00,2024-06-24,16,42.0,12,42.3,0.0,0.0,2.2,0.0,0.0,0.0,0.0,none,True
2024-06-24 17:00:00,2024-06-24,17,41.8,11,39.2,0.0,0.0,12.4,0.0,0.0,0.0,0.0,none,True
2024-06-24 18:00:00,2024-06-24,18,41.2,11,36.8,0.0,0.0,21.1,0.0,0.0,0.0,0.0,none,True
2024-06-24 19:00:00,2024-06-24,19,39.9,11,35.5,0.0,0.0,19.7,0.0,0.0,0.0,0.0,none,False
2024-06-24 20:00:00,2024-06-24,20,39.0,10,35.3,0.0,0.0,13.4,0.0,0.0,0.0,0.0,none,False
2024-06-24 21:00:00,2024-06-24,21,37.7,12,34.1,0.0,0.0,13.5,0.0,0.0,0.0,0.0,none,False
2024-06-24 22:00:00,2024-06-24,22,33.5,28,30.6,0.0,0.0,25.2,0.0,0.0,0.0,0.0,none,False
2024-06-24 23:00:00,2024-06-24,23,32.8,29,30.1,0.0,0.0,22.9,0.0,0.0,0.0,0.0,none,False
2024-06-25 00:00:00,2024-06-25,0,31.4,31,29.3,0.0,0.0,19.1,0.0,0.0,0.0,0.0,none,False
2024-06-25 01:00:00,2024-06-25,1,30.4,35,29.8,0.0,0.0,11.0,0.0,0.0,0.0,0.0,none,False
2024-06-25 02:00:00,2024-06-25,2,29.4,38,29.0,0.0,0.0,10.4,0.0,0.0,0.0,0.0,none,False
2024-06-25 03:00:00,2024-06-25,3,28.6,39,28.1,0.0,0.0,10.9,0.0,0.0,0.0,0.0,none,False
2024-06-25 04:00:00,2024-06-25,4,27.8,40,27.2,0.0,0.0,11.1,0.0,0.0,0.0,0.0,none,False
2024-06-25 05:00:00,2024-06-25,5,26.9,45,26.8,0.0,0.0,8.9,0.0,0.0,0.0,0.0,none,False
2024-06-25 06:00:00,2024-06-25,6,26.0,49,26.3,0.0,0.0,8.7,0.0,0.0,0.0,0.0,none,False
2024-06-25 07:00:00,2024-06-25,7,26.6,50,27.1,0.0,0.0,9.1,0.0,0.0,0.0,0.0,none,True
2024-06-25 08:00:00,2024-06-25,8,28.0,51,29.0,0.0,0.0,8.9,0.0,0.0,0.0,0.0,none,True
2024-06-25 09:00:00,2024-06-25,9,30.1,45,31.3,0.0,0.0,8.9,0.0,0.0,0.0,0.0,none,True
2024-06-25 10:00:00,2024-06-25,10,33.0,35,34.1,0.0,0.0,7.7,0.0,0.0,0.0,0.0,none,False
2024-06-25 11:00:00,2024-06-25,11,35.5,26,36.9,0.0,0.0,7.3,0.0,0.0,0.0,0.0,none,False
2024-06-25 12:00:00,2024-06-25,12,37.5,23,39.9,0.0,0.0,5.9,0.0,0.0,0.0,0.0,none,False
2024-06-25 13:00:00,2024-06-25,13,39.2,19,41.5,0.0,0.0,4.8,0.0,0.0,0.0,0.0,none,False
2024-06-25 14:00:00,2024-06-25,14,40.3,16,41.3,0.0,0.0,10.0,0.0,0.0,0.0,0.0,none,False
2024-06-25 15:00:00,2024-06-25,15,41.0,14,40.3,0.0,0.0,15.6,0.0,0.0,0.0,0.0,none,False
2024-06-25 16:00:00,2024-06-25,16,39.8,15,38.8,0.0,0.0,13.9,0.0,0.0,0.0,0.0,none,True
2024-06-25 17:00:00,2024-06-25,17,39.6,14,37.3,0.0,0.0,13.8,0.0,0.0,0.0,0.0,none,True
2024-06-25 18:00:00,2024-06-25,18,39.1,13,36.1,0.0,0.0,13.4,0.0,0.0,0.0,0.0,none,True
2024-06-25 19:00:00,2024-06-25,19,38.1,14,34.9,0.0,0.0,14.0,0.0,0.0,0.0,0.0,none,False
2024-06-25 20:00:00,2024-06-25,20,37.2,15,34.4,0.0,0.0,12.3,0.0,0.0,0.0,0.0,none,False
2024-06-25 21:00:00,2024-06-25,21,35.0,17,32.0,0.0,0.0,13.8,0.0,0.0,0.0,0.0,none,False
2024-06-25 22:00:00,2024-06-25,22,31.0,40,28.9,0.0,0.0,27.1,0.0,0.0,0.0,0.0,none,False
2024-06-25 23:00:00,2024-06-25,23,30.6,39,29.5,0.0,0.0,19.4,0.0,0.0,0.0,0.0,none,False
2024-06-26 00:00:00,2024-06-26,0,29.3,43,28.8,0.0,0.0,15.8,0.0,0.0,0.0,0.0,none,False
2024-06-26 01:00:00,2024-06-26,1,28.2,47,28.2,0.0,0.0,13.9,0.0,0.0,0.0,0.0,none,False
2024-06-26 02:00:00,2024-06-26,2,27.2,51,27.4,0.0,0.0,13.0,0.0,0.0,0.0,0.0,none,False
2024-06-26 03:00:00,2024-06-26,3,26.1,58,26.9,0.0,0.0,12.3,0.0,0.0,0.0,0.0,none,False
2024-06-26 04:00:00,2024-06-26,4,24.3,74,26.0,0.0,0.0,12.1,0.0,0.0,0.0,0.0,none,False
2024-06-26 05:00:00,2024-06-26,5,23.5,83,26.3,0.0,0.0,9.3,0.0,0.0,0.0,0.0,none,False
2024-06-26 06:00:00,2024-06-26,6,23.0,87,26.2,0.0,0.0,7.3,0.0,0.0,0.0,0.0,none,False
2024-06-26 07:00:00,2024-06-26,7,23.6,84,26.4,0.0,0.0,9.8,0.0,0.0,0.0,0.0,none,True
2024-06-26 08:00:00,2024-06-26,8,24.8,76,27.4,0.0,0.0,9.1,0.0,0.0,0.0,0.0,none,True
2024-06-26 09:00:00,2024-06-26,9,26.5,65,28.8,0.0,0.0,8.7,0.0,0.0,0.0,0.0,none,True
2024-06-26 10:00:00,2024-06-26,10,28.9,53,31.4,0.0,0.0,7.6,0.0,0.0,0.0,0.0,none,False
2024-06-26 11:00:00,2024-06-26,11,31.6,41,34.5,0.0,0.0,7.9,0.0,0.0,0.0,0.0,none,False
2024-06-26 12:00:00,2024-06-26,12,34.3,32,36.9,0.0,0.0,9.4,0.0,0.0,0.0,0.0,none,False
2024-06-26 13:00:00,2024-06-26,13,36.6,25,38.7,0.0,0.0,10.8,0.0,0.0,0.0,0.0,none,False
2024-06-26 14:00:00,2024-06-26,14,38.4,21,40.0,0.0,0.0,11.3,0.0,0.0,0.0,0.0,none,False
2024-06-26 15:00:00,2024-06-26,15,39.7,18,40.2,0.0,0.0,12.4,0.0,0.0,0.0,0.0,none,False
2024-06-26 16:00:00,2024-06-26,16,38.7,17,37.9,0.0,0.0,12.7,0.0,0.0,0.0,0.0,none,True
2024-06-26 17:00:00,2024-06-26,17,39.0,16,37.3,0.0,0.0,12.4,0.0,0.0,0.0,0.0,none,True
2024-06-26 18:00:00,2024-06-26,18,39.0,16,36.5,0.0,0.0,13.8,0.0,0.0,0.0,0.0,none,True
2024-06-26 19:00:00,2024-06-26,19,38.3,17,36.1,0.0,0.0,13.5,0.0,0.0,0.0,0.0,none,False
2024-06-26 20:00:00,2024-06-26,20,37.1,20,34.9,0.0,0.0,16.1,0.0,0.0,0.0,0.0,none,False
2024-06-26 21:00:00,2024-06-26,21,34.8,24,31.6,0.0,0.0,23.8,0.0,0.0,0.0,0.0,none,False
2024-06-26 22:00:00,2024-06-26,22,32.3,31,30.2,0.0,0.0,22.0,0.0,0.0,0.0,0.0,none,False
2024-06-26 23:00:00,2024-06-26,23,30.8,37,29.5,0.0,0.0,18.7,0.0,0.0,0.0,0.0,none,False
2024-06-27 00:00:00,2024-06-27,0,29.4,43,28.9,0.0,0.0,15.9,0.0,0.0,0.0,0.0,none,False
2024-06-27 01:00:00,2024-06-27,1,27.9,50,28.0,0.0,0.0,14.9,0.0,0.0,0.0,0.0,none,False
2024-06-27 02:00:00,2024-06-27,2,26.3,61,27.1,0.0,0.0,14.9,0.0,0.0,0.0,0.0,none,False
2024-06-27 03:00:00,2024-06-27,3,25.0,73,26.7,0.0,0.0,14.5,0.0,0.0,0.0,0.0,none,False
2024-06-27 04:00:00,2024-06-27,4,23.7,82,26.1,0.0,0.0,11.3,0.0,0.0,0.0,0.0,none,False
2024-06-27 05:00:00,2024-06-27,5,23.1,88,26.2,0.0,0.0,8.8,0.0,0.0,0.0,0.0,none,False
2024-06-27 06:00:00,2024-06-27,6,23.0,90,26.2,0.0,0.0,8.8,0.0,0.0,0.0,0.0,none,False
2024-06-27 07:00:00,2024-06-27,7,23.4,87,26.3,0.0,0.0,10.9,0.0,0.0,0.0,0.0,none,True
2024-06-27 08:00:00,2024-06-27,8,24.7,78,27.0,0.0,0.0,13.0,0.0,0.0,0.0,0.0,none,True
2024-06-27 09:00:00,2024-06-27,9,26.5,69,29.0,0.0,0.0,10.5,0.0,0.0,0.0,0.0,none,True
2024-06-27 10:00:00,2024-06-27,10,28.9,57,31.9,0.0,0.0,8.0,0.0,0.0,0.0,0.0,none,False
2024-06-27 11:00:00,2024-06-27,11,32.0,44,35.5,0.0,0.0,7.9,0.0,0.0,0.0,0.0,none,False
2024-06-27 12:00:00,2024-06-27,12,35.1,33,38.3,0.0,0.0,8.8,0.0,0.0,0.0,0.0,none,False
2024-06-27 13:00:00,2024-06-27,13,37.8,24,40.4,0.0,0.0,9.3,0.0,0.0,0.0,0.0,none,False
2024-06-27 14:00:00,2024-06-27,14,40.0,19,41.6,0.0,0.0,10.2,0.0,0.0,0.0,0.0,none,False
2024-06-27 15:00:00,2024-06-27,15,41.6,15,41.8,0.0,0.0,11.4,0.0,0.0,0.0,0.0,none,False
2024-06-27 16:00:00,2024-06-27,16,40.7,16,40.2,0.0,0.0,12.7,0.0,0.0,0.0,0.0,none,True
2024-06-27 17:00:00,2024-06-27,17,41.3,14,39.5,0.0,0.0,12.4,0.0,0.0,0.0,0.0,none,True
2024-06-27 18:00:00,2024-06-27,18,41.5,12,38.7,0.0,0.0,13.3,0.0,0.0,0.0,0.0,none,True
2024-06-27 19:00:00,2024-06-27,19,40.8,13,37.8,0.0,0.0,15.5,0.0,0.0,0.0,0.0,none,False
2024-06-27 20:00:00,2024-06-27,20,39.3,15,36.8,0.0,0.0,13.3,0.0,0.0,0.0,0.0,none,False
2024-06-27 21:00:00,2024-06-27,21,36.5,21,32.7,0.0,0.0,27.1,0.0,0.0,0.0,0.0,none,False
2024-06-27 22:00:00,2024-06-27,22,34.6,25,32.3,0.0,0.0,19.9,0.0,0.0,0.0,0.0,none,False
2024-06-27 23:00:00,2024-06-27,23,32.7,33,31.5,0.0,0.0,17.7,0.0,0.0,0.0,0.0,none,False
2024-06-28 00:00:00,2024-06-28,0,30.5,44,30.5,0.0,0.0,16.6,0.0,0.0,0.0,0.0,none,False
2024-06-28 01:00:00,2024-06-28,1,28.8,53,29.4,0.0,0.0,16.7,0.0,0.0,0.0,0.0,none,False
2024-06-28 02:00:00,2024-06-28,2,27.6,59,28.8,0.0,0.0,14.8,0.0,0.0,0.0,0.0,none,False
2024-06-28 03:00:00,2024-06-28,3,26.5,64,28.2,0.0,0.0,12.4,0.0,0.0,0.0,0.0,none,False
2024-06-28 04:00:00,2024-06-28,4,25.4,69,27.3,0.0,0.0,10.7,0.0,0.0,0.0,0.0,none,False
2024-06-28 05:00:00,2024-06-28,5,24.5,73,27.1,0.0,0.0,7.6,0.0,0.0,0.0,0.0,none,False
2024-06-28 06:00:00,2024-06-28,6,23.8,76,26.4,0.0,0.0,5.9,0.0,0.0,0.0,0.0,none,False
2024-06-28 07:00:00,2024-06-28,7,24.5,71,26.6,0.0,0.0,7.8,0.0,0.0,0.0,0.0,none,True
2024-06-28 08:00:00,2024-06-28,8,26.4,58,27.6,0.0,0.0,10.5,0.0,0.0,0.0,0.0,none,True
2024-06-28 09:00:00,2024-06-28,9,28.5,50,29.4,0.0,0.0,11.4,0.0,0.0,0.0,0.0,none,True
2024-06-28 10:00:00,2024-06-28,10,30.9,43,32.1,0.0,0.0,11.1,0.0,0.0,0.0,0.0,none,False
2024-06-28 11:00:00,2024-06-28,11,33.8,34,35.6,0.0,0.0,11.1,0.0,0.0,0.0,0.0,none,False
2024-06-28 12:00:00,2024-06-28,12,36.7,27,38.5,0.0,0.0,12.1,0.0,0.0,0.0,0.0,none,False
2024-06-28 13:00:00,2024-06-28,13,39.2,21,40.4,0.0,0.0,14.2,0.0,0.0,0.0,0.0,none,False
2024-06-28 14:00:00,2024-06-28,14,41.0,17,41.5,0.0,0.0,15.3,0.0,0.0,0.0,0.0,none,False
2024-06-28 15:00:00,2024-06-28,15,42.5,15,42.0,0.0,0.0,17.0,0.0,0.0,0.0,0.0,none,False
2024-06-28 16:00:00,2024-06-28,16,41.6,16,40.7,0.0,0.0,16.2,0.0,0.0,0.0,0.0,none,True
2024-06-28 17:00:00,2024-06-28,17,42.1,14,39.5,0.0,0.0,18.5,0.0,0.0,0.0,0.0,none,True
2024-06-28 18:00:00,2024-06-28,18,41.8,13,37.9,0.0,0.0,22.5,0.0,0.0,0.0,0.0,none,True
2024-06-28 19:00:00,2024-06-28,19,40.4,13,36.2,0.0,0.0,23.9,0.0,0.0,0.0,0.0,none,False
2024-06-28 20:00:00,2024-06-28,20,38.2,17,34.6,0.0,0.0,22.3,0.0,0.0,0.0,0.0,none,False
2024-06-28 21:00:00,2024-06-28,21,36.0,20,32.8,0.0,0.0,20.7,0.0,0.0,0.0,0.0,none,False
2024-06-28 22:00:00,2024-06-28,22,34.0,24,31.7,0.0,0.0,17.0,0.0,0.0,0.0,0.0,none,False
2024-06-28 23:00:00,2024-06-28,23,32.2,31,31.3,0.0,0.0,12.8,0.0,0.0,0.0,0.0,none,False
2024-06-29 00:00:00,2024-06-29,0,30.6,40,30.7,0.0,0.0,12.1,0.0,0.0,0.0,0.0,none,False
2024-06-29 01:00:00,2024-06-29,1,28.8,52,29.5,0.0,0.0,15.1,0.0,0.0,0.0,0.0,none,False
2024-06-29 02:00:00,2024-06-29,2,26.7,71,28.8,0.0,0.0,15.1,0.0,0.0,0.0,0.0,none,False
2024-06-29 03:00:00,2024-06-29,3,25.6,81,28.9,0.0,0.0,11.2,0.0,0.0,0.0,0.0,none,False
2024-06-29 04:00:00,2024-06-29,4,25.0,84,28.7,0.0,0.0,8.9,0.0,0.0,0.0,0.0,none,False
2024-06-29 05:00:00,2024-06-29,5,24.7,86,28.4,0.0,0.0,9.4,0.0,0.0,0.0,0.0,none,False
2024-06-29 06:00:00,2024-06-29,6,24.5,86,27.7,0.0,0.0,10.9,0.0,0.0,0.0,0.0,none,False
2024-06-29 07:00:00,2024-06-29,7,24.5,82,27.4,0.0,0.0,11.2,0.0,0.0,0.0,0.0,none,True
2024-06-29 08:00:00,2024-06-29,8,25.6,74,28.3,0.0,0.0,10.2,0.0,0.0,0.0,0.0,none,True
2024-06-29 09:00:00,2024-06-29,9,27.2,65,30.0,0.0,0.0,8.4,0.0,0.0,0.0,0.0,none,True
2024-06-29 10:00:00,2024-06-29,10,29.3,56,32.0,0.0,0.0,9.6,0.0,0.0,0.0,0.0,none,False
2024-06-29 11:00:00,2024-06-29,11,31.5,45,34.4,0.0,0.0,11.3,0.0,0.0,0.0,0.0,none,False
2024-06-29 12:00:00,2024-06-29,12,33.7,36,36.1,0.0,0.0,13.0,0.0,0.0,0.0,0.0,none,False
2024-06-29 13:00:00,2024-06-29,13,35.4,30,37.5,0.0,0.0,13.8,0.0,0.0,0.0,0.0,none,False
2024-06-29 14:00:00,2024-06-29,14,36.8,25,38.3,0.0,0.0,14.4,0.0,0.0,0.0,0.0,none,False
2024-06-29 15:00:00,2024-06-29,15,37.8,23,38.6,0.0,0.0,14.9,0.0,0.0,0.0,0.0,none,False
2024-06-29 16:00:00,2024-06-29,16,36.7,27,37.7,0.0,0.0,12.3,0.0,0.0,0.0,0.0,none,True
2024-06-29 17:00:00,2024-06-29,17,37.1,26,37.2,0.0,0.0,11.6,0.0,0.0,0.0,0.0,none,True
2024-06-29 18:00:00,2024-06-29,18,37.0,26,36.4,0.0,0.0,14.3,0.0,0.0,0.0,0.0,none,True
2024-06-29 19:00:00,2024-06-29,19,35.5,29,34.1,0.0,0.0,21.3,0.0,0.0,0.0,0.0,none,False
2024-06-29 20:00:00,2024-06-29,20,33.8,30,31.9,0.0,0.0,21.6,0.0,0.0,0.0,0.0,none,False
2024-06-29 21:00:00,2024-06-29,21,32.0,32,29.3,0.0,0.0,25.5,0.0,0.0,0.0,0.0,none,False
2024-06-29 22:00:00,2024-06-29,22,30.0,39,28.1,0.0,0.0,23.3,0.0,0.0,0.0,0.0,none,False
2024-06-29 23:00:00,2024-06-29,23,28.8,45,28.1,0.0,0.0,17.0,0.0,0.0,0.0,0.0,none,False
2024-06-30 00:00:00,2024-06-30,0,27.7,49,27.9,0.0,0.0,13.1,0.0,0.0,0.0,0.0,none,False
2024-06-30 01:00:00,2024-06-30,1,26.9,53,27.7,0.0,0.0,10.1,0.0,0.0,0.0,0.0,none,False
2024-06-30 02:00:00,2024-06-30,2,26.2,56,27.7,0.0,0.0,6.8,0.0,0.0,0.0,0.0,none,False
2024-06-30 03:00:00,2024-06-30,3,25.6,60,27.4,0.0,0.0,5.1,0.0,0.0,0.0,0.0,none,False
2024-06-30 04:00:00,2024-06-30,4,25.2,61,27.2,0.0,0.0,4.0,0.0,0.0,0.0,0.0,none,False
2024-06-30 05:00:00,2024-06-30,5,24.6,64,26.8,0.0,0.0,3.7,0.0,0.0,0.0,0.0,none,False
2024-06-30 06:00:00,2024-06-30,6,24.2,68,26.3,0.0,0.0,5.2,0.0,0.0,0.0,0.0,none,False
2024-06-30 07:00:00,2024-06-30,7,24.8,67,26.8,0.0,0.0,6.5,0.0,0.0,0.0,0.0,none,True
2024-06-30 08:00:00,2024-06-30,8,25.9,65,28.3,0.0,0.0,6.0,0.0,0.0,0.0,0.0,none,True
2024-06-30 09:00:00,2024-06-30,9,27.2,59,29.8,0.0,0.0,4.7,0.0,0.0,0.0,0.0,none,True
2024-06-30 10:00:00,2024-06-30,10,29.0,52,31.5,0.0,0.0,6.2,0.0,0.0,0.0,0.0,none,False
2024-06-30 11:00:00,2024-06-30,11,30.9,46,33.7,0.0,0.0,9.6,0.0,0.0,0.0,0.0,none,False
2024-06-30 12:00:00,2024-06-30,12,32.5,41,35.4,0.0,0.0,12.4,0.0,0.0,0.0,0.0,none,False
2024-06-30 13:00:00,2024-06-30,13,34.0,37,36.8,0.0,0.0,13.8,0.0,0.0,0.0,0.0,none,False
2024-06-30 14:00:00,2024-06-30,14,35.5,32,37.8,0.0,0.0,14.8,0.0,0.0,0.0,0.0,none,False
2024-06-30 15:00:00,2024-06-30,15,36.5,29,38.0,0.0,0.0,15.3,0.0,0.0,0.0,0.0,none,False
2024-06-30 16:00:00,2024-06-30,16,36.0,30,37.3,0.0,0.0,13.8,0.0,0.0,0.0,0.0,none,True
2024-06-30 17:00:00,2024-06-30,17,36.2,28,36.2,0.0,0.0,13.7,0.0,0.0,0.0,0.0,none,True
2024-06-30 18:00:00,2024-06-30,18,36.2,28,36.2,0.0,0.0,10.6,0.0,0.0,0.0,0.0,none,True
2024-06-30 19:00:00,2024-06-30,19,36.0,29,36.3,0.0,0.0,9.4,0.0,0.0,0.0,0.0,none,False
2024-06-30 20:00:00,2024-06-30,20,35.5,30,35.4,0.0,0.0,12.7,0.0,0.0,0.0,0.0,none,False
2024-06-30 21:00:00,2024-06-30,21,32.8,41,32.3,0.0,0.0,22.4,0.0,0.0,0.0,0.0,none,False
2024-06-30 22:00:00,2024-06-30,22,31.1,47,30.7,0.0,0.0,24.1,0.0,0.0,0.0,0.0,none,False
2024-06-30 23:00:00,2024-06-30,23,30.2,48,30.7,0.0,0.0,16.8,0.0,0.0,0.0,0.0,none,False
2024-07-01 00:00:00,2024-07-01,0,29.0,53,29.9,0.0,0.0,14.8,0.0,0.0,0.0,0.0,none,False
2024-07-01 01:00:00,2024-07-01,1,27.7,59,28.9,0.0,0.0,14.8,0.0,0.0,0.0,0.0,none,False
2024-07-01 02:00:00,2024-07-01,2,26.5,65,28.0,0.0,0.0,14.7,0.0,0.0,0.0,0.0,none,False
2024-07-01 03:00:00,2024-07-01,3,25.8,70,27.6,0.0,0.0,13.0,0.0,0.0,0.0,0.0,none,False
2024-07-01 04:00:00,2024-07-01,4,25.1,68,27.2,0.0,0.0,8.5,0.0,0.0,0.0,0.0,none,False
2024-07-01 05:00:00,2024-07-01,5,24.6,71,27.3,0.0,0.0,5.4,0.0,0.0,0.0,0.0,none,False
2024-07-01 06:00:00,2024-07-01,6,24.1,74,27.0,0.0,0.0,4.3,0.0,0.0,0.0,0.0,none,False
2024-07-01 07:00:00,2024-07-01,7,24.8,73,27.6,0.0,0.0,5.8,0.0,0.0,0.0,0.0,none,True
2024-07-01 08:00:00,2024-07-01,8,26.1,70,29.1,0.0,0.0,6.4,0.0,0.0,0.0,0.0,none,True
2024-07-01 09:00:00,2024-07-01,9,28.0,61,30.9,0.0,0.0,6.6,0.0,0.0,0.0,0.0,none,True
2024-07-01 10:00:00,2024-07-01,10,30.5,49,33.1,0.0,0.0,7.3,0.0,0.0,0.0,0.0,none,False
2024-07-01 11:00:00,2024-07-01,11,33.1,39,35.9,0.0,0.0,8.4,0.0,0.0,0.0,0.0,none,False
2024-07-01 12:00:00,2024-07-01,12,35.5,30,37.9,0.0,0.0,10.3,0.0,0.0,0.0,0.0,none,False
2024-07-01 13:00:00,2024-07-01,13,37.5,23,38.8,0.0,0.0,12.7,0.0,0.0,0.0,0.0,none,False
2024-07-01 14:00:00,2024-07-01,14,38.5,20,39.1,0.0,0.0,15.3,0.0,0.0,0.0,0.0,none,False
2024-07-01 15:00:00,2024-07-01,15,39.4,18,39.1,0.0,0.0,16.2,0.0,0.0,0.0,0.0,none,False
2024-07-01 16:00:00,2024-07-01,16,38.5,17,36.9,0.0,0.0,17.6,0.0,0.0,0.0,0.0,none,True
2024-07-01 17:00:00,2024-07-01,17,38.5,14,34.9,0.0,0.0,20.4,0.0,0.0,0.0,0.0,none,True
2024-07-01 18:00:00,2024-07-01,18,37.5,14,33.2,0.0,0.0,22.2,0.0,0.0,0.0,0.0,none,True
2024-07-01 19:00:00,2024-07-01,19,36.1,16,31.8,0.0,0.0,22.8,0.0,0.0,0.0,0.0,none,False
2024-07-01 20:00:00,2024-07-01,20,34.2,19,30.3,0.0,0.0,21.8,0.0,0.0,0.0,0.0,none,False
2024-07-01 21:00:00,2024-07-01,21,32.5,25,29.3,0.0,0.0,21.1,0.0,0.0,0.0,0.0,none,False
2024-07-01 22:00:00,2024-07-01,22,30.5,36,29.0,0.0,0.0,19.8,0.0,0.0,0.0,0.0,none,False
2024-07-01 23:00:00,2024-07-01,23,29.0,46,28.8,0.0,0.0,16.0,0.0,0.0,0.0,0.0,none,False
2024-07-02 00:00:00,2024-07-02,0,27.5,54,28.3,0.0,0.0,13.1,0.0,0.0,0.0,0.0,none,False
2024-07-02 01:00:00,2024-07-02,1,26.5,61,27.7,0.0,0.0,12.2,0.0,0.0,0.0,0.0,none,False
2024-07-02 02:00:00,2024-07-02,2,25.5,67,27.3,0.0,0.0,9.7,0.0,0.0,0.0,0.0,none,False
2024-07-02 03:00:00,2024-07-02,3,24.6,72,27.3,0.0,0.0,6.1,0.0,0.0,0.0,0.0,none,False
2024-07-02 04:00:00,2024-07-02,4,24.1,76,27.1,0.0,0.0,4.9,0.0,0.0,0.0,0.0,none,False
2024-07-02 05:00:00,2024-07-02,5,23.5,82,26.9,0.0,0.0,4.0,0.0,0.0,0.0,0.0,none,False
2024-07-02 06:00:00,2024-07-02,6,23.0,87,26.5,0.0,0.0,4.0,0.0,0.0,0.0,0.0,none,False
2024-07-02 07:00:00,2024-07-02,7,23.5,86,26.9,0.0,0.0,7.1,0.0,0.0,0.0,0.0,none,True
2024-07-02 08:00:00,2024-07-02,8,25.0,77,27.9,0.0,0.0,8.3,0.0,0.0,0.0,0.0,none,True
2024-07-02 09:00:00,2024-07-02,9,26.5,68,29.5,0.0,0.0,6.1,0.0,0.0,0.0,0.0,none,True
2024-07-02 10:00:00,2024-07-02,10,28.6,57,31.9,0.0,0.0,4.8,0.0,0.0,0.0,0.0,none,False
2024-07-02 11:00:00,2024-07-02,11,31.2,46,35.0,0.0,0.0,5.1,0.0,0.0,0.0,0.0,none,False
2024-07-02 12:00:00,2024-07-02,12,33.8,34,37.3,0.0,0.0,5.8,0.0,0.0,0.0,0.0,none,False
2024-07-02 13:00:00,2024-07-02,13,36.0,25,38.5,0.0,0.0,7.2,0.0,0.0,0.0,0.0,none,False
2024-07-02 14:00:00,2024-07-02,14,37.2,22,39.0,0.0,0.0,9.4,0.0,0.0,0.0,0.0,none,False
2024-07-02 15:00:00,2024-07-02,15,38.1,20,38.3,0.0,0.0,14.1,0.0,0.0,0.0,0.0,none,False
2024-07-02 16:00:00,2024-07-02,16,37.5,19,36.5,0.0,0.0,15.8,0.0,0.0,0.0,0.0,none,True
2024-07-02 17:00:00,2024-07-02,17,37.5,19,35.3,0.0,0.0,17.3,0.0,0.0,0.0,0.0,none,True
2024-07-02 18:00:00,2024-07-02,18,36.8,20,34.4,0.0,0.0,16.6,0.0,0.0,0.0,0.0,none,True
2024-07-02 19:00:00,2024-07-02,19,36.3,21,34.0,0.0,0.0,16.7,0.0,0.0,0.0,0.0,none,False
2024-07-02 20:00:00,2024-07-02,20,34.8,24,32.3,0.0,0.0,19.1,0.0,0.0,0.0,0.0,none,False
2024-07-02 21:00:00,2024-07-02,21,33.2,25,30.3,0.0,0.0,21.4,0.0,0.0,0.0,0.0,none,False
2024-07-02 22:00:00,2024-07-02,22,31.8,26,29.1,0.0,0.0,18.8,0.0,0.0,0.0,0.0,none,False
2024-07-02 23:00:00,2024-07-02,23,30.4,32,28.7,0.0,0.0,15.3,0.0,0.0,0.0,0.0,none,False
2024-07-03 00:00:00,2024-07-03,0,29.0,39,28.6,0.0,0.0,11.3,0.0,0.0,0.0,0.0,none,False
2024-07-03 01:00:00,2024-07-03,1,27.8,45,27.7,0.0,0.0,11.0,0.0,0.0,0.0,0.0,none,False
2024-07-03 02:00:00,2024-07-03,2,26.2,53,26.7,0.0,0.0,11.1,0.0,0.0,0.0,0.0,none,False
2024-07-03 03:00:00,2024-07-03,3,24.9,63,25.9,0.0,0.0,10.9,0.0,0.0,0.0,0.0,none,False
2024-07-03 04:00:00,2024-07-03,4,24.4,66,26.0,0.0,0.0,7.9,0.0,0.0,0.0,0.0,none,False
2024-07-03 05:00:00,2024-07-03,5,23.7,70,25.9,0.0,0.0,4.7,0.0,0.0,0.0,0.0,none,False
2024-07-03 06:00:00,2024-07-03,6,22.9,75,25.1,0.0,0.0,5.0,0.0,0.0,0.0,0.0,none,False
2024-07-03 07:00:00,2024-07-03,7,23.9,71,26.2,0.0,0.0,4.6,0.0,0.0,0.0,0.0,none,True
2024-07-03 08:00:00,2024-07-03,8,25.0,67,27.5,0.0,0.0,5.2,0.0,0.0,0.0,0.0,none,True
2024-07-03 09:00:00,2024-07-03,9,27.0,57,29.2,0.0,0.0,4.7,0.0,0.0,0.0,0.0,none,True
2024-07-03 10:00:00,2024-07-03,10,29.5,42,31.7,0.0,0.0,2.2,0.0,0.0,0.0,0.0,none,False
2024-07-03 11:00:00,2024-07-03,11,32.0,31,34.4,0.0,0.0,1.8,0.0,0.0,0.0,0.0,none,False
2024-07-03 12:00:00,2024-07-03,12,34.2,26,36.7,0.0,0.0,3.4,0.0,0.0,0.0,0.0,none,False
2024-07-03 13:00:00,2024-07-03,13,36.2,21,38.5,0.0,0.0,4.9,0.0,0.0,0.0,0.0,none,False
2024-07-03 14:00:00,2024-07-03,14,37.7,18,39.5,0.0,0.0,5.4,0.0,0.0,0.0,0.0,none,False
2024-07-03 15:00:00,2024-07-03,15,38.7,15,39.3,0.0,0.0,7.6,0.0,0.0,0.0,0.0,none,False
2024-07-03 16:00:00,2024-07-03,16,38.0,16,37.4,0.0,0.0,10.4,0.0,0.0,0.0,0.0,none,True
2024-07-03 17:00:00,2024-07-03,17,38.3,15,36.4,0.0,0.0,11.5,0.0,0.0,0.0,0.0,none,True
2024-07-03 18:00:00,2024-07-03,18,38.0,14,35.4,0.0,0.0,11.5,0.0,0.0,0.0,0.0,none,True
2024-07-03 19:00:00,2024-07-03,19,37.7,14,34.9,0.0,0.0,11.6,0.0,0.0,0.0,0.0,none,False
2024-07-03 20:00:00,2024-07-03,20,36.4,16,33.8,0.0,0.0,11.2,0.0,0.0,0.0,0.0,none,False
2024-07-03 21:00:00,2024-07-03,21,35.2,17,32.6,0.0,0.0,10.5,0.0,0.0,0.0,0.0,none,False
2024-07-03 22:00:00,2024-07-03,22,33.8,18,31.8,0.0,0.0,7.8,0.0,0.0,0.0,0.0,none,False
2024-07-03 23:00:00,2024-07-03,23,32.1,26,29.9,0.0,0.0,15.3,0.0,0.0,0.0,0.0,none,False
2024-07-04 00:00:00,2024-07-04,0,30.7,38,30.2,0.0,0.0,14.3,0.0,0.0,0.0,0.0,none,False
2024-07-04 01:00:00,2024-07-04,1,29.8,40,29.4,0.0,0.0,13.1,0.0,0.0,0.0,0.0,none,False
2024-07-04 02:00:00,2024-07-04,2,28.9,42,28.3,0.0,0.0,14.6,0.0,0.0,0.0,0.0,none,False
2024-07-04 03:00:00,2024-07-04,3,28.2,41,27.9,0.0,0.0,10.8,0.0,0.0,0.0,0.0,none,False
2024-07-04 04:00:00,2024-07-04,4,27.4,38,27.0,0.0,0.0,6.3,0.0,0.0,0.0,0.0,none,False
2024-07-04 05:00:00,2024-07-04,5,26.8,40,26.6,0.0,0.0,5.4,0.0,0.0,0.0,0.0,none,False
2024-07-04 06:00:00,2024-07-04,6,25.5,47,25.4,0.0,0.0,7.8,0.0,0.0,0.0,0.0,none,False
2024-07-04 07:00:00,2024-07-04,7,26.6,46,27.5,0.0,0.0,2.8,0.0,0.0,0.0,0.0,none,True
2024-07-04 08:00:00,2024-07-04,8,28.8,40,29.7,0.0,0.0,1.8,0.0,0.0,0.0,0.0,none,True
2024-07-04 09:00:00,2024-07-04,9,32.0,32,32.5,0.0,0.0,2.7,0.0,0.0,0.0,0.0,none,True
2024-07-04 10:00:00,2024-07-04,10,35.2,22,35.1,0.0,0.0,5.4,0.0,0.0,0.0,0.0,none,False
2024-07-04 11:00:00,2024-07-04,11,37.3,17,37.9,0.0,0.0,3.8,0.0,0.0,0.0,0.0,none,False
2024-07-04 12:00:00,2024-07-04,12,38.8,16,40.5,0.0,0.0,2.3,0.0,0.0,0.0,0.0,none,False
2024-07-04 13:00:00,2024-07-04,13,40.4,15,42.0,0.0,0.0,4.7,0.0,0.0,0.0,0.0,none,False
2024-07-04 14:00:00,2024-07-04,14,41.7,13,42.6,0.0,0.0,7.5,0.0,0.0,0.0,0.0,none,False
2024-07-04 15:00:00,2024-07-04,15,42.2,13,42.1,0.0,0.0,10.9,0.0,0.0,0.0,0.0,none,False
2024-07-04 16:00:00,2024-07-04,16,42.2,13,41.6,0.0,0.0,9.7,0.0,0.0,0.0,0.0,none,True
2024-07-04 17:00:00,2024-07-04,17,41.7,13,39.4,0.0,0.0,14.2,0.0,0.0,0.0,0.0,none,True
2024-07-04 18:00:00,2024-07-04,18,41.3,13,38.6,0.0,0.0,13.7,0.0,0.0,0.0,0.0,none,True
2024-07-04 19:00:00,2024-07-04,19,40.0,14,37.4,0.0,0.0,13.3,0.0,0.0,0.0,0.0,none,False
2024-07-04 20:00:00,2024-07-04,20,39.1,15,36.9,0.0,0.0,11.1,0.0,0.0,0.0,0.0,none,False
2024-07-04 21:00:00,2024-07-04,21,38.0,17,35.6,0.0,0.0,12.8,0.0,0.0,0.0,0.0,none,False
2024-07-04 22:00:00,2024-07-04,22,33.7,32,31.5,0.0,0.0,25.9,0.0,0.0,0.0,0.0,none,False
2024-07-04 23:00:00,2024-07-04,23,31.7,37,29.8,0.0,0.0,24.5,0.0,0.0,0.0,0.0,none,False
2024-07-05 00:00:00,2024-07-05,0,30.2,45,29.4,0.0,0.0,22.3,0.0,0.0,0.0,0.0,none,False
2024-07-05 01:00:00,2024-07-05,1,28.9,50,28.5,0.0,0.0,19.9,0.0,0.0,0.0,0.0,none,False
2024-07-05 02:00:00,2024-07-05,2,27.9,56,28.2,0.0,0.0,18.7,0.0,0.0,0.0,0.0,none,False
2024-07-05 03:00:00,2024-07-05,3,26.8,65,27.9,0.0,0.0,17.4,0.0,0.0,0.0,0.0,none,False
2024-07-05 04:00:00,2024-07-05,4,26.6,67,28.3,0.0,0.0,15.3,0.0,0.0,0.0,0.0,none,False
2024-07-05 05:00:00,2024-07-05,5,26.0,73,28.1,0.0,0.0,14.2,0.0,0.0,0.0,0.0,none,False
2024-07-05 06:00:00,2024-07-05,6,25.4,80,28.1,0.0,0.0,13.8,0.0,0.0,0.0,0.0,none,False
2024-07-05 07:00:00,2024-07-05,7,25.8,81,28.9,0.0,0.0,13.4,0.0,0.0,0.0,0.0,none,True
2024-07-05 08:00:00,2024-07-05,8,28.1,65,30.4,0.0,0.0,14.8,0.0,0.0,0.0,0.0,none,True
2024-07-05 09:00:00,2024-07-05,9,31.0,45,31.7,0.0,0.0,15.0,0.0,0.0,0.0,0.0,none,True
2024-07-05 10:00:00,2024-07-05,10,33.2,35,33.5,0.0,0.0,14.8,0.0,0.0,0.0,0.0,none,False
2024-07-05 11:00:00,2024-07-05,11,35.2,29,36.1,0.0,0.0,13.6,0.0,0.0,0.0,0.0,none,False
2024-07-05 12:00:00,2024-07-05,12,36.9,26,38.8,0.0,0.0,10.0,0.0,0.0,0.0,0.0,none,False
2024-07-05 13:00:00,2024-07-05,13,38.3,22,40.6,0.0,0.0,7.3,0.0,0.0,0.0,0.0,none,False
2024-07-05 14:00:00,2024-07-05,14,39.7,18,41.2,0.0,0.0,9.2,0.0,0.0,0.0,0.0,none,False
2024-07-05 15:00:00,2024-07-05,15,40.5,17,40.5,0.0,0.0,13.7,0.0,0.0,0.0,0.0,none,False
2024-07-05 16:00:00,2024-07-05,16,38.3,22,38.1,0.0,0.0,16.4,0.0,0.0,0.0,0.0,none,True
2024-07-05 17:00:00,2024-07-05,17,38.2,22,37.4,0.0,0.0,15.0,0.0,0.0,0.0,0.0,none,True
2024-07-05 18:00:00,2024-07-05,18,37.7,23,36.5,0.0,0.0,14.5,0.0,0.0,0.0,0.0,none,True
2024-07-05 19:00:00,2024-07-05,19,37.2,24,36.2,0.0,0.0,14.3,0.0,0.0,0.0,0.0,none,False
2024-07-05 20:00:00,2024-07-05,20,34.0,32,31.9,0.0,0.0,26.5,0.0,0.0,0.0,0.0,none,False
2024-07-05 21:00:00,2024-07-05,21,33.2,33,31.8,0.0,0.0,20.2,0.0,0.0,0.0,0.0,none,False
2024-07-05 22:00:00,2024-07-05,22,30.8,43,29.2,0.0,0.0,27.0,0.0,0.0,0.0,0.0,none,False
2024-07-05 23:00:00,2024-07-05,23,28.8,53,28.5,0.0,0.0,22.6,0.0,0.0,0.0,0.0,none,False
2024-07-06 00:00:00,2024-07-06,0,28.0,56,28.5,0.0,0.0,17.9,0.0,0.0,0.0,0.0,none,False
2024-07-06 01:00:00,2024-07-06,1,27.3,58,28.1,0.0,0.0,15.4,0.0,0.0,0.0,0.0,none,False
2024-07-06 02:00:00,2024-07-06,2,26.6,61,27.7,0.0,0.0,14.6,0.0,0.0,0.0,0.0,none,False
2024-07-06 03:00:00,2024-07-06,3,26.1,64,27.4,0.0,0.0,13.7,0.0,0.0,0.0,0.0,none,False
2024-07-06 04:00:00,2024-07-06,4,25.9,67,27.8,0.0,0.0,10.6,0.0,0.0,0.0,0.0,none,False
2024-07-06 05:00:00,2024-07-06,5,25.5,69,27.6,0.0,0.0,9.5,0.0,0.0,0.0,0.0,none,False
2024-07-06 06:00:00,2024-07-06,6,25.0,72,27.3,0.0,0.0,9.4,0.0,0.0,0.0,0.0,none,False
2024-07-06 07:00:00,2024-07-06,7,25.4,71,27.3,0.0,0.0,12.6,0.0,0.0,0.0,0.0,none,True
2024-07-06 08:00:00,2024-07-06,8,26.5,67,28.4,0.0,0.0,13.0,0.0,0.0,0.0,0.0,none,True
2024-07-06 09:00:00,2024-07-06,9,27.8,61,29.7,0.0,0.0,11.9,0.0,0.0,0.0,0.0,none,True
2024-07-06 10:00:00,2024-07-06,10,29.5,53,31.7,0.0,0.0,10.5,0.0,0.0,0.0,0.0,none,False
2024-07-06 11:00:00,2024-07-06,11,31.4,43,34.1,0.0,0.0,9.0,0.0,0.0,0.0,0.0,none,False
2024-07-06 12:00:00,2024-07-06,12,33.2,36,36.2,0.0,0.0,9.0,0.0,0.0,0.0,0.0,none,False
2024-07-06 13:00:00,2024-07-06,13,34.9,31,37.8,0.0,0.0,9.6,0.0,0.0,0.0,0.0,none,False
2024-07-06 14:00:00,2024-07-06,14,36.2,28,38.6,0.0,0.0,11.2,0.0,0.0,0.0,0.0,none,False
2024-07-06 15:00:00,2024-07-06,15,37.3,26,38.8,0.0,0.0,12.9,0.0,0.0,0.0,0.0,none,False
2024-07-06 16:00:00,2024-07-06,16,36.2,28,36.8,0.0,0.0,14.5,0.0,0.0,0.0,0.0,none,True
2024-07-06 17:00:00,2024-07-06,17,36.1,28,35.5,0.0,0.0,15.0,0.0,0.0,0.0,0.0,none,True
2024-07-06 18:00:00,2024-07-06,18,36.0,28,35.0,0.0,0.0,16.9,0.0,0.0,0.0,0.0,none,True
2024-07-06 19:00:00,2024-07-06,19,35.2,29,34.2,0.0,0.0,16.2,0.0,0.0,0.0,0.0,none,False
2024-07-06 20:00:00,2024-07-06,20,34.0,32,32.7,0.0,0.0,19.7,0.0,0.0,0.0,0.0,none,False
2024-07-06 21:00:00,2024-07-06,21,32.2,36,30.8,0.0,0.0,21.7,0.0,0.0,0.0,0.0,none,False
2024-07-06 22:00:00,2024-07-06,22,30.4,43,29.5,0.0,0.0,21.8,0.0,0.0,0.0,0.0,none,False
2024-07-06 23:00:00,2024-07-06,23,29.1,49,29.0,0.0,0.0,18.8,0.0,0.0,0.0,0.0,none,False
2024-07-07 00:00:00,2024-07-07,0,28.1,54,28.7,0.0,0.0,16.0,0.0,0.0,0.0,0.0,none,False
2024-07-07 01:00:00,2024-07-07,1,27.2,59,28.3,0.0,0.0,14.5,0.0,0.0,0.0,0.0,none,False
2024-07-07 02:00:00,2024-07-07,2,26.2,65,27.7,0.0,0.0,13.7,0.0,0.0,0.0,0.0,none,False
2024-07-07 03:00:00,2024-07-07,3,25.4,71,27.5,0.0,0.0,11.8,0.0,0.0,0.0,0.0,none,False
2024-07-07 04:00:00,2024-07-07,4,24.8,75,27.3,0.0,0.0,9.2,0.0,0.0,0.0,0.0,none,False
2024-07-07 05:00:00,2024-07-07,5,24.2,79,27.4,0.0,0.0,5.8,0.0,0.0,0.0,0.0,none,False
2024-07-07 06:00:00,2024-07-07,6,23.8,82,27.2,0.0,0.0,4.6,0.0,0.0,0.0,0.0,none,False
2024-07-07 07:00:00,2024-07-07,7,24.2,81,27.2,0.0,0.0,9.2,0.0,0.0,0.0,0.0,none,True
2024-07-07 08:00:00,2024-07-07,8,25.5,74,28.2,0.0,0.0,9.8,0.0,0.0,0.0,0.0,none,True
2024-07-07 09:00:00,2024-07-07,9,27.0,66,29.8,0.0,0.0,8.0,0.0,0.0,0.0,0.0,none,True
2024-07-07 10:00:00,2024-07-07,10,29.3,55,32.0,0.0,0.0,7.9,0.0,0.0,0.0,0.0,none,False
2024-07-07 11:00:00,2024-07-07,11,31.9,44,35.0,0.0,0.0,8.3,0.0,0.0,0.0,0.0,none,False
2024-07-07 12:00:00,2024-07-07,12,34.3,35,37.3,0.0,0.0,9.4,0.0,0.0,0.0,0.0,none,False
2024-07-07 13:00:00,2024-07-07,13,36.4,28,38.8,0.0,0.0,10.8,0.0,0.0,0.0,0.0,none,False
2024-07-07 14:00:00,2024-07-07,14,38.0,23,39.8,0.0,0.0,11.2,0.0,0.0,0.0,0.0,none,False
2024-07-07 15:00:00,2024-07-07,15,39.0,20,40.0,0.0,0.0,12.0,0.0,0.0,0.0,0.0,none,False
2024-07-07 16:00:00,2024-07-07,16,38.0,23,38.1,0.0,0.0,15.1,0.0,0.0,0.0,0.0,none,True
2024-07-07 17:00:00,2024-07-07,17,38.2,22,37.1,0.0,0.0,16.3,0.0,0.0,0.0,0.0,none,True
2024-07-07 18:00:00,2024-07-07,18,37.8,22,35.7,0.0,0.0,19.5,0.0,0.0,0.0,0.0,none,True
2024-07-07 19:00:00,2024-07-07,19,36.4,23,33.8,0.0,0.0,22.5,0.0,0.0,0.0,0.0,none,False
2024-07-07 20:00:00,2024-07-07,20,34.8,27,32.5,0.0,0.0,22.6,0.0,0.0,0.0,0.0,none,False
2024-07-07 21:00:00,2024-07-07,21,33.2,32,31.1,0.0,0.0,23.9,0.0,0.0,0.0,0.0,none,False
2024-07-07 22:00:00,2024-07-07,22,31.6,38,30.4,0.0,0.0,21.1,0.0,0.0,0.0,0.0,none,False
2024-07-07 23:00:00,2024-07-07,23,30.0,45,29.7,0.0,0.0,18.8,0.0,0.0,0.0,0.0,none,False
2024-07-08 00:00:00,2024-07-08,0,28.6,52,29.1,0.0,0.0,16.3,0.0,0.0,0.0,0.0,none,False
2024-07-08 01:00:00,2024-07-08,1,27.4,60,28.7,0.0,0.0,13.5,0.0,0.0,0.0,0.0,none,False
2024-07-08 02:00:00,2024-07-08,2,26.4,67,28.4,0.0,0.0,11.1,0.0,0.0,0.0,0.0,none,False
2024-07-08 03:00:00,2024-07-08,3,25.5,75,28.1,0.0,0.0,10.5,0.0,0.0,0.0,0.0,none,False
2024-07-08 04:00:00,2024-07-08,4,25.0,77,27.7,0.0,0.0,9.8,0.0,0.0,0.0,0.0,none,False
2024-07-08 05:00:00,2024-07-08,5,24.2,84,27.7,0.0,0.0,8.2,0.0,0.0,0.0,0.0,none,False
2024-07-08 06:00:00,2024-07-08,6,23.9,88,27.7,0.0,0.0,6.4,0.0,0.0,0.0,0.0,none,False
2024-07-08 07:00:00,2024-07-08,7,24.2,87,27.6,0.0,0.0,10.7,0.0,0.0,0.0,0.0,none,True
2024-07-08 08:00:00,2024-07-08,8,25.5,80,28.8,0.0,0.0,9.7,0.0,0.0,0.0,0.0,none,True
2024-07-08 09:00:00,2024-07-08,9,27.2,70,30.7,0.0,0.0,6.6,0.0,0.0,0.0,0.0,none,True
2024-07-08 10:00:00,2024-07-08,10,29.5,58,33.1,0.0,0.0,5.8,0.0,0.0,0.0,0.0,none,False
2024-07-08 11:00:00,2024-07-08,11,32.4,44,36.3,0.0,0.0,5.5,0.0,0.0,0.0,0.0,none,False
2024-07-08 12:00:00,2024-07-08,12,35.1,33,38.7,0.0,0.0,6.2,0.0,0.0,0.0,0.0,none,False
2024-07-08 13:00:00,2024-07-08,13,37.2,25,39.8,0.0,0.0,7.9,0.0,0.0,0.0,0.0,none,False
2024-07-08 14:00:00,2024-07-08,14,38.5,22,40.5,0.0,0.0,9.8,0.0,0.0,0.0,0.0,none,False
2024-07-08 15:00:00,2024-07-08,15,39.2,21,40.2,0.0,0.0,12.9,0.0,0.0,0.0,0.0,none,False
2024-07-08 16:00:00,2024-07-08,16,38.3,21,38.3,0.0,0.0,13.3,0.0,0.0,0.0,0.0,none,True
2024-07-08 17:00:00,2024-07-08,17,38.3,21,37.5,0.0,0.0,13.8,0.0,0.0,0.0,0.0,none,True
2024-07-08 18:00:00,2024-07-08,18,38.1,23,37.1,0.0,0.0,13.2,0.0,0.0,0.0,0.0,none,True
2024-07-08 19:00:00,2024-07-08,19,37.5,23,35.6,0.0,0.0,18.5,0.0,0.0,0.0,0.0,none,False
2024-07-08 20:00:00,2024-07-08,20,35.5,25,33.0,0.0,0.0,22.7,0.0,0.0,0.0,0.0,none,False
2024-07-08 21:00:00,2024-07-08,21,34.0,29,31.8,0.0,0.0,23.0,0.0,0.0,0.0,0.0,none,False
2024-07-08 22:00:00,2024-07-08,22,32.2,36,30.9,0.0,0.0,20.7,0.0,0.0,0.0,0.0,none,False
2024-07-08 23:00:00,2024-07-08,23,30.7,43,30.9,0.0,0.0,14.7,0.0,0.0,0.0,0.0,none,False
2024-07-09 00:00:00,2024-07-09,0,29.7,48,30.7,0.0,0.0,11.2,0.0,0.0,0.0,0.0,none,False
2024-07-09 01:00:00,2024-07-09,1,28.8,53,30.1,0.0,0.0,11.2,0.0,0.0,0.0,0.0,none,False
2024-07-09 02:00:00,2024-07-09,2,27.8,58,29.6,0.0,0.0,10.5,0.0,0.0,0.0,0.0,none,False
2024-07-09 03:00:00,2024-07-09,3,26.9,65,29.2,0.0,0.0,9.2,0.0,0.0,0.0,0.0,none,False
2024-07-09 04:00:00,2024-07-09,4,25.9,68,28.7,0.0,0.0,5.1,0.0,0.0,0.0,0.0,none,False
2024-07-09 05:00:00,2024-07-09,5,25.2,72,28.2,0.0,0.0,4.8,0.0,0.0,0.0,0.0,none,False
2024-07-09 06:00:00,2024-07-09,6,24.5,76,27.9,0.0,0.0,3.6,0.0,0.0,0.0,0.0,none,False
2024-07-09 07:00:00,2024-07-09,7,25.1,74,28.1,0.0,0.0,6.0,0.0,0.0,0.0,0.0,none,True
2024-07-09 08:00:00,2024-07-09,8,26.2,71,29.3,0.0,0.0,7.3,0.0,0.0,0.0,0.0,none,True
2024-07-09 09:00:00,2024-07-09,9,28.0,64,31.2,0.0,0.0,6.4,0.0,0.0,0.0,0.0,none,True
2024-07-09 10:00:00,2024-07-09,10,30.1,55,33.6,0.0,0.0,6.5,0.0,0.0,0.0,0.0,none,False
2024-07-09 11:00:00,2024-07-09,11,32.8,46,36.7,0.0,0.0,7.6,0.0,0.0,0.0,0.0,none,False
2024-07-09 12:00:00,2024-07-09,12,35.2,36,39.1,0.0,0.0,8.0,0.0,0.0,0.0,0.0,none,False
2024-07-09 13:00:00,2024-07-09,13,37.3,30,40.9,0.0,0.0,9.0,0.0,0.0,0.0,0.0,none,False
2024-07-09 14:00:00,2024-07-09,14,38.8,26,41.8,0.0,0.0,9.7,0.0,0.0,0.0,0.0,none,False
2024-07-09 15:00:00,2024-07-09,15,40.0,23,42.1,0.0,0.0,10.3,0.0,0.0,0.0,0.0,none,False
2024-07-09 16:00:00,2024-07-09,16,40.0,22,41.8,0.0,0.0,6.8,0.0,0.0,0.0,0.0,none,True
2024-07-09 17:00:00,2024-07-09,17,40.3,21,39.9,0.0,0.0,10.6,0.0,0.0,0.0,0.0,none,True
2024-07-09 18:00:00,2024-07-09,18,39.8,22,38.5,0.0,0.0,17.1,0.0,0.0,0.0,0.0,none,True
2024-07-09 19:00:00,2024-07-09,19,38.8,23,37.7,0.0,0.0,16.6,0.0,0.0,0.0,0.0,none,False
2024-07-09 20:00:00,2024-07-09,20,37.3,27,35.8,0.0,0.0,22.4,0.0,0.0,0.0,0.0,none,False
2024-07-09 21:00:00,2024-07-09,21,35.8,32,34.4,0.0,0.0,24.5,0.0,0.0,0.0,0.0,none,False
2024-07-09 22:00:00,2024-07-09,22,33.8,40,33.7,0.0,0.0,21.3,0.0,0.0,0.0,0.0,none,False
2024-07-09 23:00:00,2024-07-09,23,32.3,45,32.9,0.0,0.0,18.6,0.0,0.0,0.0,0.0,none,False
2024-07-10 00:00:00,2024-07-10,0,31.5,48,33.0,0.0,0.0,12.6,0.0,0.0,0.0,0.0,none,False
2024-07-10 01:00:00,2024-07-10,1,30.6,51,32.3,0.0,0.0,12.6,0.0,0.0,0.0,0.0,none,False
2024-07-10 02:00:00,2024-07-10,2,29.3,57,31.3,0.0,0.0,12.6,0.0,0.0,0.0,0.0,none,False
2024-07-10 03:00:00,2024-07-10,3,28.2,62,30.6,0.0,0.0,11.2,0.0,0.0,0.0,0.0,none,False
2024-07-10 04:00:00,2024-07-10,4,27.2,66,29.8,0.0,0.0,9.0,0.0,0.0,0.0,0.0,none,False
2024-07-10 05:00:00,2024-07-10,5,26.5,70,29.4,0.0,0.0,7.9,0.0,0.0,0.0,0.0,none,False
2024-07-10 06:00:00,2024-07-10,6,25.9,73,29.1,0.0,0.0,6.5,0.0,0.0,0.0,0.0,none,False
2024-07-10 07:00:00,2024-07-10,7,26.2,72,29.4,0.0,0.0,7.4,0.0,0.0,0.0,0.0,none,True
2024-07-10 08:00:00,2024-07-10,8,27.5,67,31.1,0.0,0.0,5.3,0.0,0.0,0.0,0.0,none,True
2024-07-10 09:00:00,2024-07-10,9,29.5,60,33.2,0.0,0.0,3.7,0.0,0.0,0.0,0.0,none,True
2024-07-10 10:00:00,2024-07-10,10,32.0,49,35.9,0.0,0.0,3.2,0.0,0.0,0.0,0.0,none,False
2024-07-10 11:00:00,2024-07-10,11,35.0,36,38.1,0.0,0.0,7.6,0.0,0.0,0.0,0.0,none,False
2024-07-10 12:00:00,2024-07-10,12,37.3,27,39.3,0.0,0.0,11.4,0.0,0.0,0.0,0.0,none,False
2024-07-10 13:00:00,2024-07-10,13,39.0,22,40.3,0.0,0.0,14.1,0.0,0.0,0.0,0.0,none,False
2024-07-10 14:00:00,2024-07-10,14,40.0,19,40.7,0.0,0.0,15.6,0.0,0.0,0.0,0.0,none,False
2024-07-10 15:00:00,2024-07-10,15,40.4,19,40.7,0.0,0.0,15.7,0.0,0.0,0.0,0.0,none,False
2024-07-10 16:00:00,2024-07-10,16,40.2,19,40.0,0.0,0.0,15.1,0.0,0.0,0.0,0.0,none,True
2024-07-10 17:00:00,2024-07-10,17,40.0,18,38.6,0.0,0.0,14.5,0.0,0.0,0.0,0.0,none,True
2024-07-10 18:00:00,2024-07-10,18,39.7,17,37.8,0.0,0.0,13.6,0.0,0.0,0.0,0.0,none,True
2024-07-10 19:00:00,2024-07-10,19,38.8,18,37.0,0.0,0.0,12.8,0.0,0.0,0.0,0.0,none,False
2024-07-10 20:00:00,2024-07-10,20,37.8,18,36.1,0.0,0.0,10.3,0.0,0.0,0.0,0.0,none,False
2024-07-10 21:00:00,2024-07-10,21,36.8,20,36.0,0.0,0.0,4.8,0.0,0.0,0.0,0.0,none,False
2024-07-10 22:00:00,2024-07-10,22,33.2,43,33.0,0.0,0.0,24.0,0.0,0.0,0.0,0.0,none,False
2024-07-10 23:00:00,2024-07-10,23,32.3,45,32.6,0.0,0.0,20.8,0.0,0.0,0.0,0.0,none,False
2024-07-11 00:00:00,2024-07-11,0,31.2,46,31.5,0.0,0.0,19.3,0.0,0.0,0.0,0.0,none,False
2024-07-11 01:00:00,2024-07-11,1,30.6,45,30.6,0.0,0.0,17.8,0.0,0.0,0.0,0.0,none,False
2024-07-11 02:00:00,2024-07-11,2,30.0,45,29.8,0.0,0.0,18.2,0.0,0.0,0.0,0.0,none,False
2024-07-11 03:00:00,2024-07-11,3,29.5,46,29.6,0.0,0.0,15.2,0.0,0.0,0.0,0.0,none,False
2024-07-11 04:00:00,2024-07-11,4,28.2,57,29.7,0.0,0.0,13.0,0.0,0.0,0.0,0.0,none,False
2024-07-11 05:00:00,2024-07-11,5,28.0,57,29.6,0.0,0.0,11.2,0.0,0.0,0.0,0.0,none,False
2024-07-11 06:00:00,2024-07-11,6,28.0,52,29.5,0.0,0.0,6.5,0.0,0.0,0.0,0.0,none,False
2024-07-11 07:00:00,2024-07-11,7,29.2,44,30.4,0.0,0.0,5.5,0.0,0.0,0.0,0.0,none,True
2024-07-11 08:00:00,2024-07-11,8,31.9,37,33.3,0.0,0.0,2.6,0.0,0.0,0.0,0.0,none,True
2024-07-11 09:00:00,2024-07-11,9,34.6,32,36.0,0.0,0.0,4.0,0.0,0.0,0.0,0.0,none,True
2024-07-11 10:00:00,2024-07-11,10,37.2,25,38.7,0.0,0.0,2.0,0.0,0.0,0.0,0.0,none,False
2024-07-11 11:00:00,2024-07-11,11,39.2,19,40.7,0.0,0.0,3.8,0.0,0.0,0.0,0.0,none,False
2024-07-11 12:00:00,2024-07-11,12,40.5,17,43.0,0.0,0.0,1.1,0.0,0.0,0.0,0.0,none,False
2024-07-11 13:00:00,2024-07-11,13,41.7,15,43.6,0.0,0.0,4.7,0.0,0.0,0.0,0.0,none,False
2024-07-11 14:00:00,2024-07-11,14,42.5,13,43.0,0.0,0.0,9.8,0.0,0.0,0.0,0.0,none,False
2024-07-11 15:00:00,2024-07-11,15,43.0,12,41.7,0.0,0.0,15.9,0.0,0.0,0.0,0.0,none,False
2024-07-11 16:00:00,2024-07-11,16,42.4,14,40.6,0.0,0.0,18.0,0.0,0.0,0.0,0.0,none,True
2024-07-11 17:00:00,2024-07-11,17,42.2,14,40.6,0.0,0.0,10.8,0.0,0.0,0.0,0.0,none,True
2024-07-11 18:00:00,2024-07-11,18,41.9,13,40.5,0.0,0.0,5.2,0.0,0.0,0.0,0.0,none,True
2024-07-11 19:00:00,2024-07-11,19,41.5,13,38.7,0.0,0.0,14.2,0.0,0.0,0.0,0.0,none,False
2024-07-11 20:00:00,2024-07-11,20,40.0,14,36.7,0.0,0.0,18.0,0.0,0.0,0.0,0.0,none,False
2024-07-11 21:00:00,2024-07-11,21,36.2,26,33.0,0.0,0.0,30.1,0.0,0.0,0.0,0.0,none,False
2024-07-11 22:00:00,2024-07-11,22,34.2,33,32.7,0.0,0.0,22.3,0.0,0.0,0.0,0.0,none,False
2024-07-11 23:00:00,2024-07-11,23,32.8,37,31.2,0.0,0.0,25.6,0.0,0.0,0.0,0.0,none,False
2024-07-12 00:00:00,2024-07-12,0,32.2,36,30.8,0.0,0.0,22.5,0.0,0.0,0.0,0.0,none,False
2024-07-12 01:00:00,2024-07-12,1,31.5,36,30.0,0.0,0.0,21.5,0.0,0.0,0.0,0.0,none,False
2024-07-12 02:00:00,2024-07-12,2,31.0,36,29.8,0.0,0.0,17.4,0.0,0.0,0.0,0.0,none,False
2024-07-12 03:00:00,2024-07-12,3,30.2,37,30.0,0.0,0.0,10.5,0.0,0.0,0.0,0.0,none,False
2024-07-12 04:00:00,2024-07-12,4,29.9,37,29.4,0.0,0.0,10.9,0.0,0.0,0.0,0.0,none,False
2024-07-12 05:00:00,2024-07-12,5,29.4,35,29.1,0.0,0.0,7.0,0.0,0.0,0.0,0.0,none,False
2024-07-12 06:00:00,2024-07-12,6,28.7,37,28.5,0.0,0.0,6.8,0.0,0.0,0.0,0.0,none,False
2024-07-12 07:00:00,2024-07-12,7,29.7,37,30.3,0.0,0.0,3.3,0.0,0.0,0.0,0.0,none,True
2024-07-12 08:00:00,2024-07-12,8,32.2,28,32.3,0.0,0.0,2.5,0.0,0.0,0.0,0.0,none,True
2024-07-12 09:00:00,2024-07-12,9,34.0,27,33.9,0.0,0.0,5.8,0.0,0.0,0.0,0.0,none,True
2024-07-12 10:00:00,2024-07-12,10,36.3,23,37.1,0.0,0.0,1.8,0.0,0.0,0.0,0.0,none,False
2024-07-12 11:00:00,2024-07-12,11,39.0,19,40.4,0.0,0.0,3.9,0.0,0.0,0.0,0.0,none,False
2024-07-12 12:00:00,2024-07-12,12,41.4,14,41.7,0.0,0.0,9.7,0.0,0.0,0.0,0.0,none,False
2024-07-12 13:00:00,2024-07-12,13,42.5,12,42.3,0.0,0.0,13.4,0.0,0.0,0.0,0.0,none,False
2024-07-12 14:00:00,2024-07-12,14,42.7,12,42.1,0.0,0.0,15.6,0.0,0.0,0.0,0.0,none,False
2024-07-12 15:00:00,2024-07-12,15,43.0,11,41.1,0.0,0.0,20.0,0.0,0.0,0.0,0.0,none,False
2024-07-12 16:00:00,2024-07-12,16,42.5,12,40.7,0.0,0.0,15.9,0.0,0.0,0.0,0.0,none,True
2024-07-12 17:00:00,2024-07-12,17,42.2,13,39.9,0.0,0.0,14.6,0.0,0.0,0.0,0.0,none,True
2024-07-12 18:00:00,2024-07-12,18,41.3,13,38.9,0.0,0.0,13.1,0.0,0.0,0.0,0.0,none,True
2024-07-12 19:00:00,2024-07-12,19,41.0,13,38.5,0.0,0.0,12.7,0.0,0.0,0.0,0.0,none,False
2024-07-12 20:00:00,2024-07-12,20,37.8,27,36.5,0.0,0.0,21.4,0.0,0.0,0.0,0.0,none,False
2024-07-12 21:00:00,2024-07-12,21,35.5,32,34.3,0.0,0.0,22.7,0.0,0.0,0.0,0.0,none,False
2024-07-12 22:00:00,2024-07-12,22,34.3,32,33.0,0.0,0.0,21.1,0.0,0.0,0.0,0.0,none,False
2024-07-12 23:00:00,2024-07-12,23,33.0,34,32.2,0.0,0.0,17.2,0.0,0.0,0.0,0.0,none,False
2024-07-13 00:00:00,2024-07-13,0,32.2,36,31.9,0.0,0.0,13.8,0.0,0.0,0.0,0.0,none,False
2024-07-13 01:00:00,2024-07-13,1,31.1,37,30.7,0.0,0.0,14.0,0.0,0.0,0.0,0.0,none,False
2024-07-13 02:00:00,2024-07-13,2,29.8,42,29.4,0.0,0.0,14.8,0.0,0.0,0.0,0.0,none,False
2024-07-13 03:00:00,2024-07-13,3,28.6,49,29.3,0.0,0.0,11.9,0.0,0.0,0.0,0.0,none,False
2024-07-13 04:00:00,2024-07-13,4,27.4,60,29.1,0.0,0.0,10.9,0.0,0.0,0.0,0.0,none,False
2024-07-13 05:00:00,2024-07-13,5,26.4,69,29.1,0.0,0.0,9.4,0.0,0.0,0.0,0.0,none,False
2024-07-13 06:00:00,2024-07-13,6,25.8,76,29.2,0.0,0.0,7.2,0.0,0.0,0.0,0.0,none,False
2024-07-13 07:00:00,2024-07-13,7,25.9,80,29.6,0.0,0.0,8.4,0.0,0.0,0.0,0.0,none,True
2024-07-13 08:00:00,2024-07-13,8,26.9,77,30.9,0.0,0.0,7.6,0.0,0.0,0.0,0.0,none,True
2024-07-13 09:00:00,2024-07-13,9,28.9,65,32.7,0.0,0.0,6.1,0.0,0.0,0.0,0.0,none,True
2024-07-13 10:00:00,2024-07-13,10,31.6,51,35.1,0.0,0.0,6.0,0.0,0.0,0.0,0.0,none,False
2024-07-13 11:00:00,2024-07-13,11,34.3,37,37.7,0.0,0.0,6.0,0.0,0.0,0.0,0.0,none,False
2024-07-13 12:00:00,2024-07-13,12,37.1,26,39.3,0.0,0.0,10.0,0.0,0.0,0.0,0.0,none,False
2024-07-13 13:00:00,2024-07-13,13,39.0,20,39.1,0.0,0.0,18.3,0.0,0.0,0.0,0.0,none,False
2024-07-13 14:00:00,2024-07-13,14,39.5,18,38.6,0.0,0.0,22.4,0.0,0.0,0.0,0.0,none,False
2024-07-13 15:00:00,2024-07-13,15,39.8,17,38.3,0.0,0.0,22.4,0.0,0.0,0.0,0.0,none,False
2024-07-13 16:00:00,2024-07-13,16,38.7,20,37.4,0.0,0.0,20.5,0.0,0.0,0.0,0.0,none,True
2024-07-13 17:00:00,2024-07-13,17,38.8,19,36.8,0.0,0.0,18.9,0.0,0.0,0.0,0.0,none,True
2024-07-13 18:00:00,2024-07-13,18,38.7,17,35.7,0.0,0.0,18.8,0.0,0.0,0.0,0.0,none,True
2024-07-13 19:00:00,2024-07-13,19,37.0,17,32.9,0.0,0.0,24.1,0.0,0.0,0.0,0.0,none,False
2024-07-13 20:00:00,2024-07-13,20,35.5,18,31.6,0.0,0.0,21.7,0.0,0.0,0.0,0.0,none,False
2024-07-13 21:00:00,2024-07-13,21,34.1,22,31.8,0.0,0.0,14.3,0.0,0.0,0.0,0.0,none,False
2024-07-13 22:00:00,2024-07-13,22,33.1,24,32.4,0.0,0.0,4.7,0.0,0.0,0.0,0.0,none,False
2024-07-13 23:00:00,2024-07-13,23,32.0,27,31.6,0.0,0.0,5.0,0.0,0.0,0.0,0.0,none,False
2024-07-14 00:00:00,2024-07-14,0,31.1,28,30.2,0.0,0.0,6.5,0.0,0.0,0.0,0.0,none,False
2024-07-14 01:00:00,2024-07-14,1,30.0,30,29.2,0.0,0.0,6.9,0.0,0.0,0.0,0.0,none,False
2024-07-14 02:00:00,2024-07-14,2,29.2,32,28.1,0.0,0.0,9.3,0.0,0.0,0.0,0.0,none,False
2024-07-14 03:00:00,2024-07-14,3,28.2,36,27.2,0.0,0.0,10.7,0.0,0.0,0.0,0.0,none,False
2024-07-14 04:00:00,2024-07-14,4,27.1,41,26.7,0.0,0.0,8.9,0.0,0.0,0.0,0.0,none,False
2024-07-14 05:00:00,2024-07-14,5,26.0,53,27.1,0.0,0.0,6.1,0.0,0.0,0.0,0.0,none,False
2024-07-14 06:00:00,2024-07-14,6,25.1,66,27.6,0.0,0.0,4.7,0.0,0.0,0.0,0.0,none,False
2024-07-14 07:00:00,2024-07-14,7,25.2,78,28.8,0.0,0.0,6.1,0.0,0.0,0.0,0.0,none,True
2024-07-14 08:00:00,2024-07-14,8,26.3,77,30.2,0.0,0.0,6.9,0.0,0.0,0.0,0.0,none,True
2024-07-14 09:00:00,2024-07-14,9,28.4,65,31.6,0.0,0.0,8.7,0.0,0.0,0.0,0.0,none,True
2024-07-14 10:00:00,2024-07-14,10,30.7,52,33.2,0.0,0.0,11.2,0.0,0.0,0.0,0.0,none,False
2024-07-14 11:00:00,2024-07-14,11,32.8,43,35.1,0.0,0.0,14.0,0.0,0.0,0.0,0.0,none,False
2024-07-14 12:00:00,2024-07-14,12,34.5,36,36.6,0.0,0.0,16.2,0.0,0.0,0.0,0.0,none,False
2024-07-14 13:00:00,2024-07-14,13,36.2,31,37.9,0.0,0.0,17.4,0.0,0.0,0.0,0.0,none,False
2024-07-14 14:00:00,2024-07-14,14,37.2,28,38.4,0.0,0.0,19.1,0.0,0.0,0.0,0.0,none,False
2024-07-14 15:00:00,2024-07-14,15,38.1,25,38.6,0.0,0.0,19.8,0.0,0.0,0.0,0.0,none,False
2024-07-14 16:00:00,2024-07-14,16,36.9,31,38.1,0.0,0.0,16.6,0.0,0.0,0.0,0.0,none,True
2024-07-14 17:00:00,2024-07-14,17,37.0,30,37.3,0.0,0.0,15.9,0.0,0.0,0.0,0.0,none,True
2024-07-14 18:00:00,2024-07-14,18,37.5,26,36.5,0.0,0.0,17.5,0.0,0.0,0.0,0.0,none,True
2024-07-14 19:00:00,2024-07-14,19,36.2,26,34.1,0.0,0.0,22.4,0.0,0.0,0.0,0.0,none,False
2024-07-14 20:00:00,2024-07-14,20,34.8,28,32.8,0.0,0.0,20.6,0.0,0.0,0.0,0.0,none,False
2024-07-14 21:00:00,2024-07-14,21,33.7,30,32.2,0.0,0.0,18.2,0.0,0.0,0.0,0.0,none,False
2024-07-14 22:00:00,2024-07-14,22,32.3,33,31.2,0.0,0.0,17.1,0.0,0.0,0.0,0.0,none,False
2024-07-14 23:00:00,2024-07-14,23,31.0,38,30.6,0.0,0.0,13.5,0.0,0.0,0.0,0.0,none,False
2024-07-15 00:00:00,2024-07-15,0,29.8,42,30.1,0.0,0.0,10.2,0.0,0.0,0.0,0.0,none,False
2024-07-15 01:00:00,2024-07-15,1,28.6,47,29.6,0.0,0.0,7.7,0.0,0.0,0.0,0.0,none,False
2024-07-15 02:00:00,2024-07-15,2,27.7,51,29.1,0.0,0.0,6.4,0.0,0.0,0.0,0.0,none,False
2024-07-15 03:00:00,2024-07-15,3,26.9,55,28.6,0.0,0.0,5.4,0.0,0.0,0.0,0.0,none,False
2024-07-15 04:00:00,2024-07-15,4,26.0,60,27.9,0.0,0.0,6.4,0.0,0.0,0.0,0.0,none,False
2024-07-15 05:00:00,2024-07-15,5,25.4,67,27.9,0.0,0.0,4.7,0.0,0.0,0.0,0.0,none,False
2024-07-15 06:00:00,2024-07-15,6,24.6,76,27.8,0.0,0.0,5.2,0.0,0.0,0.0,0.0,none,False
2024-07-15 07:00:00,2024-07-15,7,25.2,78,29.1,0.0,0.0,3.8,0.0,0.0,0.0,0.0,none,True
2024-07-15 08:00:00,2024-07-15,8,26.4,77,30.6,0.0,0.0,5.4,0.0,0.0,0.0,0.0,none,True
2024-07-15 09:00:00,2024-07-15,9,28.5,67,32.2,0.0,0.0,6.7,0.0,0.0,0.0,0.0,none,True
2024-07-15 10:00:00,2024-07-15,10,31.0,52,34.0,0.0,0.0,8.4,0.0,0.0,0.0,0.0,none,False
2024-07-15 11:00:00,2024-07-15,11,33.2,41,36.1,0.0,0.0,10.6,0.0,0.0,0.0,0.0,none,False
2024-07-15 12:00:00,2024-07-15,12,35.2,34,37.6,0.0,0.0,13.1,0.0,0.0,0.0,0.0,none,False
2024-07-15 13:00:00,2024-07-15,13,36.8,27,38.3,0.0,0.0,15.0,0.0,0.0,0.0,0.0,none,False
2024-07-15 14:00:00,2024-07-15,14,37.8,23,38.8,0.0,0.0,15.9,0.0,0.0,0.0,0.0,none,False
2024-07-15 15:00:00,2024-07-15,15,38.5,22,39.0,0.0,0.0,16.3,0.0,0.0,0.0,0.0,none,False
2024-07-15 16:00:00,2024-07-15,16,37.5,27,38.2,0.0,0.0,14.9,0.0,0.0,0.0,0.0,none,True
2024-07-15 17:00:00,2024-07-15,17,37.5,26,37.2,0.0,0.0,16.0,0.0,0.0,0.0,0.0,none,True
2024-07-15 18:00:00,2024-07-15,18,37.5,26,36.8,0.0,0.0,15.4,0.0,0.0,0.0,0.0,none,True
2024-07-15 19:00:00,2024-07-15,19,37.0,25,36.2,0.0,0.0,14.9,0.0,0.0,0.0,0.0,none,False
2024-07-15 20:00:00,2024-07-15,20,36.0,24,34.0,0.0,0.0,18.0,0.0,0.0,0.0,0.0,none,False
2024-07-15 21:00:00,2024-07-15,21,34.3,24,31.5,0.0,0.0,21.3,0.0,0.0,0.0,0.0,none,False
2024-07-15 22:00:00,2024-07-15,22,32.7,30,31.1,0.0,0.0,16.6,0.0,0.0,0.0,0.0,none,False
2024-07-15 23:00:00,2024-07-15,23,31.4,36,31.0,0.0,0.0,13.0,0.0,0.0,0.0,0.0,none,False
2024-07-16 00:00:00,2024-07-16,0,30.2,43,30.8,0.0,0.0,11.2,0.0,0.0,0.0,0.0,none,False
2024-07-16 01:00:00,2024-07-16,1,29.0,49,30.1,0.0,0.0,10.1,0.0,0.0,0.0,0.0,none,False
2024-07-16 02:00:00,2024-07-16,2,27.9,54,29.4,0.0,0.0,8.8,0.0,0.0,0.0,0.0,none,False
2024-07-16 03:00:00,2024-07-16,3,26.8,59,28.6,0.0,0.0,7.1,0.0,0.0,0.0,0.0,none,False
2024-07-16 04:00:00,2024-07-16,4,25.8,59,27.4,0.0,0.0,5.8,0.0,0.0,0.0,0.0,none,False
2024-07-16 05:00:00,2024-07-16,5,24.9,62,26.6,0.0,0.0,5.8,0.0,0.0,0.0,0.0,none,False
2024-07-16 06:00:00,2024-07-16,6,23.9,66,25.6,0.0,0.0,5.7,0.0,0.0,0.0,0.0,none,False
2024-07-16 07:00:00,2024-07-16,7,24.8,62,26.3,0.0,0.0,6.9,0.0,0.0,0.0,0.0,none,True
2024-07-16 08:00:00,2024-07-16,8,26.8,57,28.5,0.0,0.0,6.1,0.0,0.0,0.0,0.0,none,True
2024-07-16 09:00:00,2024-07-16,9,28.6,51,30.6,0.0,0.0,5.0,0.0,0.0,0.0,0.0,none,True
2024-07-16 10:00:00,2024-07-16,10,30.9,40,32.8,0.0,0.0,3.6,0.0,0.0,0.0,0.0,none,False
2024-07-16 11:00:00,2024-07-16,11,33.4,30,35.5,0.0,0.0,4.2,0.0,0.0,0.0,0.0,none,False
2024-07-16 12:00:00,2024-07-16,12,35.8,23,37.2,0.0,0.0,9.0,0.0,0.0,0.0,0.0,none,False
2024-07-16 13:00:00,2024-07-16,13,37.5,19,37.6,0.0,0.0,14.8,0.0,0.0,0.0,0.0,none,False
2024-07-16 14:00:00,2024-07-16,14,38.2,17,37.8,0.0,0.0,16.6,0.0,0.0,0.0,0.0,none,False
2024-07-16 15:00:00,2024-07-16,15,38.5,16,37.6,0.0,0.0,15.8,0.0,0.0,0.0,0.0,none,False
2024-07-16 16:00:00,2024-07-16,16,38.0,15,36.6,0.0,0.0,13.8,0.0,0.0,0.0,0.0,none,True
2024-07-16 17:00:00,2024-07-16,17,38.3,14,35.7,0.0,0.0,14.1,0.0,0.0,0.0,0.0,none,True
2024-07-16 18:00:00,2024-07-16,18,37.5,14,34.5,0.0,0.0,12.3,0.0,0.0,0.0,0.0,none,True
2024-07-16 19:00:00,2024-07-16,19,37.3,14,34.1,0.0,0.0,13.6,0.0,0.0,0.0,0.0,none,False
2024-07-16 20:00:00,2024-07-16,20,35.4,18,33.3,0.0,0.0,9.4,0.0,0.0,0.0,0.0,none,False
2024-07-16 21:00:00,2024-07-16,21,34.3,19,32.4,0.0,0.0,8.9,0.0,0.0,0.0,0.0,none,False
2024-07-16 22:00:00,2024-07-16,22,32.8,22,29.7,0.0,0.0,17.1,0.0,0.0,0.0,0.0,none,False
2024-07-16 23:00:00,2024-07-16,23,30.5,47,31.0,0.0,0.0,16.3,0.0,0.0,0.0,0.0,none,False
2024-07-17 00:00:00,2024-07-17,0,30.0,47,30.5,0.0,0.0,14.8,0.0,0.0,0.0,0.0,none,False
2024-07-17 01:00:00,2024-07-17,1,28.9,51,30.0,0.0,0.0,11.0,0.0,0.0,0.0,0.0,none,False
2024-07-17 02:00:00,2024-07-17,2,27.9,55,29.5,0.0,0.0,8.4,0.0,0.0,0.0,0.0,none,False
2024-07-17 03:00:00,2024-07-17,3,26.9,59,28.9,0.0,0.0,6.8,0.0,0.0,0.0,0.0,none,False
2024-07-17 04:00:00,2024-07-17,4,26.1,65,28.8,0.0,0.0,4.7,0.0,0.0,0.0,0.0,none,False
2024-07-17 05:00:00,2024-07-17,5,25.1,70,28.0,0.0,0.0,4.0,0.0,0.0,0.0,0.0,none,False
2024-07-17 06:00:00,2024-07-17,6,24.4,73,27.2,0.0,0.0,4.5,0.0,0.0,0.0,0.0,none,False
2024-07-17 07:00:00,2024-07-17,7,25.0,70,27.2,0.0,0.0,7.7,0.0,0.0,0.0,0.0,none,True
2024-07-17 08:00:00,2024-07-17,8,26.5,64,28.9,0.0,0.0,7.6,0.0,0.0,0.0,0.0,none,True
2024-07-17 09:00:00,2024-07-17,9,28.8,55,31.2,0.0,0.0,6.6,0.0,0.0,0.0,0.0,none,True
2024-07-17 10:00:00,2024-07-17,10,31.1,44,33.6,0.0,0.0,5.1,0.0,0.0,0.0,0.0,none,False
2024-07-17 11:00:00,2024-07-17,11,33.5,34,36.3,0.0,0.0,3.9,0.0,0.0,0.0,0.0,none,False
2024-07-17 12:00:00,2024-07-17,12,35.7,26,38.3,0.0,0.0,5.5,0.0,0.0,0.0,0.0,none,False
2024-07-17 13:00:00,2024-07-17,13,37.7,21,39.4,0.0,0.0,8.9,0.0,0.0,0.0,0.0,none,False
2024-07-17 14:00:00,2024-07-17,14,38.9,17,39.5,0.0,0.0,12.3,0.0,0.0,0.0,0.0,none,False
2024-07-17 15:00:00,2024-07-17,15,39.5,16,39.2,0.0,0.0,14.0,0.0,0.0,0.0,0.0,none,False
2024-07-17 16:00:00,2024-07-17,16,38.7,18,38.1,0.0,0.0,13.1,0.0,0.0,0.0,0.0,none,True
2024-07-17 17:00:00,2024-07-17,17,38.7,17,36.9,0.0,0.0,13.3,0.0,0.0,0.0,0.0,none,True
2024-07-17 18:00:00,2024-07-17,18,38.0,17,35.9,0.0,0.0,11.0,0.0,0.0,0.0,0.0,none,True
2024-07-17 19:00:00,2024-07-17,19,37.5,17,35.1,0.0,0.0,13.0,0.0,0.0,0.0,0.0,none,False
2024-07-17 20:00:00,2024-07-17,20,35.9,18,33.7,0.0,0.0,11.6,0.0,0.0,0.0,0.0,none,False
2024-07-17 21:00:00,2024-07-17,21,34.7,22,33.1,0.0,0.0,9.9,0.0,0.0,0.0,0.0,none,False
2024-07-17 22:00:00,2024-07-17,22,32.5,37,30.8,0.0,0.0,24.9,0.0,0.0,0.0,0.0,none,False
2024-07-17 23:00:00,2024-07-17,23,30.9,48,31.9,0.0,0.0,15.2,0.0,0.0,0.0,0.0,none,False
2024-07-18 00:00:00,2024-07-18,0,29.8,53,30.9,0.0,0.0,15.9,0.0,0.0,0.0,0.0,none,False
2024-07-18 01:00:00,2024-07-18,1,28.9,57,30.6,0.0,0.0,12.3,0.0,0.0,0.0,0.0,none,False
2024-07-18 02:00:00,2024-07-18,2,28.1,60,30.3,0.0,0.0,10.1,0.0,0.0,0.0,0.0,none,False
2024-07-18 03:00:00,2024-07-18,3,27.1,65,29.4,0.0,0.0,10.3,0.0,0.0,0.0,0.0,none,False
2024-07-18 04:00:00,2024-07-18,4,26.2,66,28.7,0.0,0.0,7.6,0.0,0.0,0.0,0.0,none,False
2024-07-18 05:00:00,2024-07-18,5,25.4,70,28.0,0.0,0.0,6.7,0.0,0.0,0.0,0.0,none,False
2024-07-18 06:00:00,2024-07-18,6,24.6,75,27.4,0.0,0.0,6.6,0.0,0.0,0.0,0.0,none,False
2024-07-18 07:00:00,2024-07-18,7,24.8,76,27.4,0.0,0.0,8.8,0.0,0.0,0.0,0.0,none,True
2024-07-18 08:00:00,2024-07-18,8,26.1,70,28.9,0.0,0.0,8.8,0.0,0.0,0.0,0.0,none,True
2024-07-18 09:00:00,2024-07-18,9,28.0,62,30.8,0.0,0.0,7.5,0.0,0.0,0.0,0.0,none,True
2024-07-18 10:00:00,2024-07-18,10,30.2,51,33.1,0.0,0.0,6.6,0.0,0.0,0.0,0.0,none,False
2024-07-18 11:00:00,2024-07-18,11,32.6,41,36.1,0.0,0.0,5.8,0.0,0.0,0.0,0.0,none,False
2024-07-18 12:00:00,2024-07-18,12,35.0,32,38.5,0.0,0.0,5.7,0.0,0.0,0.0,0.0,none,False
2024-07-18 13:00:00,2024-07-18,13,37.2,25,40.1,0.0,0.0,6.2,0.0,0.0,0.0,0.0,none,False
2024-07-18 14:00:00,2024-07-18,14,38.8,20,41.0,0.0,0.0,6.2,0.0,0.0,0.0,0.0,none,False
2024-07-18 15:00:00,2024-07-18,15,40.0,17,40.9,0.0,0.0,9.1,0.0,0.0,0.0,0.0,none,False
2024-07-18 16:00:00,2024-07-18,16,39.1,19,39.6,0.0,0.0,8.9,0.0,0.0,0.0,0.0,none,True
2024-07-18 17:00:00,2024-07-18,17,39.3,18,38.2,0.0,0.0,12.3,0.0,0.0,0.0,0.0,none,True
2024-07-18 18:00:00,2024-07-18,18,39.0,18,36.9,0.0,0.0,15.0,0.0,0.0,0.0,0.0,none,True
2024-07-18 19:00:00,2024-07-18,19,38.3,19,36.4,0.0,0.0,14.3,0.0,0.0,0.0,0.0,none,False
2024-07-18 20:00:00,2024-07-18,20,37.3,20,35.8,0.0,0.0,11.8,0.0,0.0,0.0,0.0,none,False
2024-07-18 21:00:00,2024-07-18,21,36.0,23,35.2,0.0,0.0,8.4,0.0,0.0,0.0,0.0,none,False
2024-07-18 22:00:00,2024-07-18,22,32.4,36,30.7,0.0,0.0,24.5,0.0,0.0,0.0,0.0,none,False
2024-07-18 23:00:00,2024-07-18,23,31.5,40,31.0,0.0,0.0,17.6,0.0,0.0,0.0,0.0,none,False
2024-07-19 00:00:00,2024-07-19,0,30.2,44,30.5,0.0,0.0,14.0,0.0,0.0,0.0,0.0,none,False
2024-07-19 01:00:00,2024-07-19,1,29.4,47,30.2,0.0,0.0,11.6,0.0,0.0,0.0,0.0,none,False
2024-07-19 02:00:00,2024-07-19,2,28.5,51,29.6,0.0,0.0,10.1,0.0,0.0,0.0,0.0,none,False
2024-07-19 03:00:00,2024-07-19,3,27.5,57,29.0,0.0,0.0,9.4,0.0,0.0,0.0,0.0,none,False
2024-07-19 04:00:00,2024-07-19,4,25.6,62,27.2,0.0,0.0,9.0,0.0,0.0,0.0,0.0,none,False
2024-07-19 05:00:00,2024-07-19,5,24.8,69,26.9,0.0,0.0,7.6,0.0,0.0,0.0,0.0,none,False
2024-07-19 06:00:00,2024-07-19,6,23.9,76,26.5,0.0,0.0,6.9,0.0,0.0,0.0,0.0,none,False
2024-07-19 07:00:00,2024-07-19,7,24.0,79,26.7,0.0,0.0,8.4,0.0,0.0,0.0,0.0,none,True
2024-07-19 08:00:00,2024-07-19,8,25.5,75,28.3,0.0,0.0,9.3,0.0,0.0,0.0,0.0,none,True
2024-07-19 09:00:00,2024-07-19,9,27.5,64,30.2,0.0,0.0,8.7,0.0,0.0,0.0,0.0,none,True
2024-07-19 10:00:00,2024-07-19,10,30.3,49,32.8,0.0,0.0,8.0,0.0,0.0,0.0,0.0,none,False
2024-07-19 11:00:00,2024-07-19,11,33.2,37,35.9,0.0,0.0,7.8,0.0,0.0,0.0,0.0,none,False
2024-07-19 12:00:00,2024-07-19,12,35.8,27,38.0,0.0,0.0,8.4,0.0,0.0,0.0,0.0,none,False
2024-07-19 13:00:00,2024-07-19,13,37.7,21,39.5,0.0,0.0,8.9,0.0,0.0,0.0,0.0,none,False
2024-07-19 14:00:00,2024-07-19,14,39.0,19,40.7,0.0,0.0,8.2,0.0,0.0,0.0,0.0,none,False
2024-07-19 15:00:00,2024-07-19,15,40.1,17,41.2,0.0,0.0,8.6,0.0,0.0,0.0,0.0,none,False
2024-07-19 16:00:00,2024-07-19,16,39.5,17,39.7,0.0,0.0,8.8,0.0,0.0,0.0,0.0,none,True
2024-07-19 17:00:00,2024-07-19,17,39.7,16,38.7,0.0,0.0,8.8,0.0,0.0,0.0,0.0,none,True
2024-07-19 18:00:00,2024-07-19,18,39.7,16,37.7,0.0,0.0,11.3,0.0,0.0,0.0,0.0,none,True
2024-07-19 19:00:00,2024-07-19,19,39.0,16,36.8,0.0,0.0,12.3,0.0,0.0,0.0,0.0,none,False
2024-07-19 20:00:00,2024-07-19,20,37.8,18,35.9,0.0,0.0,10.7,0.0,0.0,0.0,0.0,none,False
2024-07-19 21:00:00,2024-07-19,21,34.8,26,31.7,0.0,0.0,26.6,0.0,0.0,0.0,0.0,none,False
2024-07-19 22:00:00,2024-07-19,22,33.0,30,31.0,0.0,0.0,19.8,0.0,0.0,0.0,0.0,none,False
2024-07-19 23:00:00,2024-07-19,23,31.5,34,30.6,0.0,0.0,15.2,0.0,0.0,0.0,0.0,none,False
2024-07-20 00:00:00,2024-07-20,0,30.6,37,30.3,0.0,0.0,12.0,0.0,0.0,0.0,0.0,none,False
2024-07-20 01:00:00,2024-07-20,1,29.7,40,29.8,0.0,0.0,10.2,0.0,0.0,0.0,0.0,none,False
2024-07-20 02:00:00,2024-07-20,2,28.8,44,29.4,0.0,0.0,8.1,0.0,0.0,0.0,0.0,none,False
2024-07-20 03:00:00,2024-07-20,3,27.9,47,28.9,0.0,0.0,5.6,0.0,0.0,0.0,0.0,none,False
2024-07-20 04:00:00,2024-07-20,4,27.0,46,27.7,0.0,0.0,4.7,0.0,0.0,0.0,0.0,none,False
2024-07-20 05:00:00,2024-07-20,5,26.0,49,26.7,0.0,0.0,5.5,0.0,0.0,0.0,0.0,none,False
2024-07-20 06:00:00,2024-07-20,6,25.2,53,26.1,0.0,0.0,5.5,0.0,0.0,0.0,0.0,none,False
2024-07-20 07:00:00,2024-07-20,7,25.8,54,26.8,0.0,0.0,5.8,0.0,0.0,0.0,0.0,none,True
2024-07-20 08:00:00,2024-07-20,8,27.0,55,28.9,0.0,0.0,4.1,0.0,0.0,0.0,0.0,none,True
2024-07-20 09:00:00,2024-07-20,9,29.2,49,31.6,0.0,0.0,2.0,0.0,0.0,0.0,0.0,none,True
2024-07-20 10:00:00,2024-07-20,10,32.0,37,33.9,0.0,0.0,3.5,0.0,0.0,0.0,0.0,none,False
2024-07-20 11:00:00,2024-07-20,11,34.7,29,36.8,0.0,0.0,5.2,0.0,0.0,0.0,0.0,none,False
2024-07-20 12:00:00,2024-07-20,12,37.0,23,39.1,0.0,0.0,7.0,0.0,0.0,0.0,0.0,none,False
2024-07-20 13:00:00,2024-07-20,13,38.8,20,40.7,0.0,0.0,9.0,0.0,0.0,0.0,0.0,none,False
2024-07-20 14:00:00,2024-07-20,14,40.0,18,41.7,0.0,0.0,9.0,0.0,0.0,0.0,0.0,none,False
2024-07-20 15:00:00,2024-07-20,15,40.8,16,41.8,0.0,0.0,9.1,0.0,0.0,0.0,0.0,none,False
2024-07-20 16:00:00,2024-07-20,16,40.2,17,40.5,0.0,0.0,9.0,0.0,0.0,0.0,0.0,none,True
2024-07-20 17:00:00,2024-07-20,17,40.5,16,39.7,0.0,0.0,8.5,0.0,0.0,0.0,0.0,none,True
2024-07-20 18:00:00,2024-07-20,18,40.2,16,38.9,0.0,0.0,8.1,0.0,0.0,0.0,0.0,none,True
2024-07-20 19:00:00,2024-07-20,19,39.8,17,38.4,0.0,0.0,10.4,0.0,0.0,0.0,0.0,none,False
2024-07-20 20:00:00,2024-07-20,20,38.5,19,36.8,0.0,0.0,12.6,0.0,0.0,0.0,0.0,none,False
2024-07-20 21:00:00,2024-07-20,21,36.5,27,34.7,0.0,0.0,22.2,0.0,0.0,0.0,0.0,none,False
2024-07-20 22:00:00,2024-07-20,22,34.2,36,34.0,0.0,0.0,18.9,0.0,0.0,0.0,0.0,none,False
2024-07-20 23:00:00,2024-07-20,23,33.0,41,33.7,0.0,0.0,15.5,0.0,0.0,0.0,0.0,none,False
2024-07-21 00:00:00,2024-07-21,0,32.2,44,33.4,0.0,0.0,13.1,0.0,0.0,0.0,0.0,none,False
2024-07-21 01:00:00,2024-07-21,1,31.1,48,32.8,0.0,0.0,11.2,0.0,0.0,0.0,0.0,none,False
2024-07-21 02:00:00,2024-07-21,2,30.3,51,32.6,0.0,0.0,7.6,0.0,0.0,0.0,0.0,none,False
2024-07-21 03:00:00,2024-07-21,3,29.3,55,31.8,0.0,0.0,7.2,0.0,0.0,0.0,0.0,none,False
2024-07-21 04:00:00,2024-07-21,4,27.9,57,30.2,0.0,0.0,5.9,0.0,0.0,0.0,0.0,none,False
2024-07-21 05:00:00,2024-07-21,5,27.0,61,29.4,0.0,0.0,6.2,0.0,0.0,0.0,0.0,none,False
2024-07-21 06:00:00,2024-07-21,6,26.2,65,29.0,0.0,0.0,4.9,0.0,0.0,0.0,0.0,none,False
2024-07-21 07:00:00,2024-07-21,7,26.8,64,29.5,0.0,0.0,5.0,0.0,0.0,0.0,0.0,none,True
2024-07-21 08:00:00,2024-07-21,8,28.4,59,31.3,0.0,0.0,4.6,0.0,0.0,0.0,0.0,none,True
2024-07-21 09:00:00,2024-07-21,9,30.5,51,33.3,0.0,0.0,5.1,0.0,0.0,0.0,0.0,none,True
2024-07-21 10:00:00,2024-07-21,10,33.2,42,35.9,0.0,0.0,5.8,0.0,0.0,0.0,0.0,none,False
2024-07-21 11:00:00,2024-07-21,11,36.0,34,39.4,0.0,0.0,5.7,0.0,0.0,0.0,0.0,none,False
2024-07-21 12:00:00,2024-07-21,12,38.8,24,41.4,0.0,0.0,7.9,0.0,0.0,0.0,0.0,none,False
2024-07-21 13:00:00,2024-07-21,13,40.7,16,42.1,0.0,0.0,8.8,0.0,0.0,0.0,0.0,none,False
2024-07-21 14:00:00,2024-07-21,14,41.5,15,42.5,0.0,0.0,9.7,0.0,0.0,0.0,0.0,none,False
2024-07-21 15:00:00,2024-07-21,15,42.1,14,42.0,0.0,0.0,13.1,0.0,0.0,0.0,0.0,none,False
2024-07-21 16:00:00,2024-07-21,16,41.2,15,40.1,0.0,0.0,15.3,0.0,0.0,0.0,0.0,none,True
2024-07-21 17:00:00,2024-07-21,17,41.2,15,39.4,0.0,0.0,13.9,0.0,0.0,0.0,0.0,none,True
2024-07-21 18:00:00,2024-07-21,18,40.8,16,39.2,0.0,0.0,12.3,0.0,0.0,0.0,0.0,none,True
2024-07-21 19:00:00,2024-07-21,19,40.5,17,38.3,0.0,0.0,17.4,0.0,0.0,0.0,0.0,none,False
2024-07-21 20:00:00,2024-07-21,20,37.5,21,34.3,0.0,0.0,25.5,0.0,0.0,0.0,0.0,none,False
2024-07-21 21:00:00,2024-07-21,21,36.0,25,33.2,0.0,0.0,24.9,0.0,0.0,0.0,0.0,none,False
2024-07-21 22:00:00,2024-07-21,22,34.5,30,33.5,0.0,0.0,15.8,0.0,0.0,0.0,0.0,none,False
2024-07-21 23:00:00,2024-07-21,23,33.3,33,33.0,0.0,0.0,13.7,0.0,0.0,0.0,0.0,none,False
2024-07-22 00:00:00,2024-07-22,0,32.3,37,32.8,0.0,0.0,10.5,0.0,0.0,0.0,0.0,none,False
2024-07-22 01:00:00,2024-07-22,1,31.1,41,31.9,0.0,0.0,9.8,0.0,0.0,0.0,0.0,none,False
2024-07-22 02:00:00,2024-07-22,2,29.9,46,31.1,0.0,0.0,8.5,0.0,0.0,0.0,0.0,none,False
2024-07-22 03:00:00,2024-07-22,3,28.7,52,30.4,0.0,0.0,7.8,0.0,0.0,0.0,0.0,none,False
2024-07-22 04:00:00,2024-07-22,4,28.0,54,29.5,0.0,0.0,8.6,0.0,0.0,0.0,0.0,none,False
2024-07-22 05:00:00,2024-07-22,5,27.0,61,28.9,0.0,0.0,9.6,0.0,0.0,0.0,0.0,none,False
2024-07-22 06:00:00,2024-07-22,6,26.1,69,28.8,0.0,0.0,7.9,0.0,0.0,0.0,0.0,none,False
2024-07-22 07:00:00,2024-07-22,7,26.2,72,29.4,0.0,0.0,7.3,0.0,0.0,0.0,0.0,none,True
2024-07-22 08:00:00,2024-07-22,8,27.7,71,31.3,0.0,0.0,8.6,0.0,0.0,0.0,0.0,none,True
2024-07-22 09:00:00,2024-07-22,9,30.0,59,33.1,0.0,0.0,9.4,0.0,0.0,0.0,0.0,none,True
2024-07-22 10:00:00,2024-07-22,10,33.1,43,35.2,0.0,0.0,11.2,0.0,0.0,0.0,0.0,none,False
2024-07-22 11:00:00,2024-07-22,11,36.2,30,37.9,0.0,0.0,11.3,0.0,0.0,0.0,0.0,none,False
2024-07-22 12:00:00,2024-07-22,12,38.8,22,39.9,0.0,0.0,12.0,0.0,0.0,0.0,0.0,none,False
2024-07-22 13:00:00,2024-07-22,13,40.6,16,41.3,0.0,0.0,11.9,0.0,0.0,0.0,0.0,none,False
2024-07-22 14:00:00,2024-07-22,14,41.5,14,42.2,0.0,0.0,10.5,0.0,0.0,0.0,0.0,none,False
2024-07-22 15:00:00,2024-07-22,15,42.0,14,42.5,0.0,0.0,9.8,0.0,0.0,0.0,0.0,none,False
2024-07-22 16:00:00,2024-07-22,16,41.0,15,40.4,0.0,0.0,12.9,0.0,0.0,0.0,0.0,none,True
2024-07-22 17:00:00,2024-07-22,17,41.0,15,39.3,0.0,0.0,13.3,0.0,0.0,0.0,0.0,none,True
2024-07-22 18:00:00,2024-07-22,18,40.8,15,38.5,0.0,0.0,13.8,0.0,0.0,0.0,0.0,none,True
2024-07-22 19:00:00,2024-07-22,19,40.0,16,37.8,0.0,0.0,13.6,0.0,0.0,0.0,0.0,none,False
2024-07-22 20:00:00,2024-07-22,20,38.6,18,36.1,0.0,0.0,17.0,0.0,0.0,0.0,0.0,none,False
2024-07-22 21:00:00,2024-07-22,21,37.0,19,34.1,0.0,0.0,19.9,0.0,0.0,0.0,0.0,none,False
2024-07-22 22:00:00,2024-07-22,22,35.7,20,33.0,0.0,0.0,17.5,0.0,0.0,0.0,0.0,none,False
2024-07-22 23:00:00,2024-07-22,23,34.2,23,32.1,0.0,0.0,14.8,0.0,0.0,0.0,0.0,none,False
2024-07-23 00:00:00,2024-07-23,0,33.0,25,31.8,0.0,0.0,9.8,0.0,0.0,0.0,0.0,none,False
2024-07-23 01:00:00,2024-07-23,1,31.9,28,31.4,0.0,0.0,5.8,0.0,0.0,0.0,0.0,none,False
2024-07-23 02:00:00,2024-07-23,2,30.5,32,30.4,0.0,0.0,4.8,0.0,0.0,0.0,0.0,none,False
2024-07-23 03:00:00,2024-07-23,3,29.4,37,29.6,0.0,0.0,5.0,0.0,0.0,0.0,0.0,none,False
2024-07-23 04:00:00,2024-07-23,4,28.1,39,28.1,0.0,0.0,6.8,0.0,0.0,0.0,0.0,none,False
2024-07-23 05:00:00,2024-07-23,5,27.0,50,27.8,0.0,0.0,7.2,0.0,0.0,0.0,0.0,none,False
2024-07-23 06:00:00,2024-07-23,6,26.0,62,28.1,0.0,0.0,6.2,0.0,0.0,0.0,0.0,none,False
2024-07-23 07:00:00,2024-07-23,7,25.9,75,29.1,0.0,0.0,8.4,0.0,0.0,0.0,0.0,none,True
2024-07-23 08:00:00,2024-07-23,8,26.9,79,31.1,0.0,0.0,8.4,0.0,0.0,0.0,0.0,none,True
2024-07-23 09:00:00,2024-07-23,9,28.7,69,32.7,0.0,0.0,8.3,0.0,0.0,0.0,0.0,none,True
2024-07-23 10:00:00,2024-07-23,10,31.2,56,35.1,0.0,0.0,7.9,0.0,0.0,0.0,0.0,none,False
2024-07-23 11:00:00,2024-07-23,11,34.2,41,37.8,0.0,0.0,8.0,0.0,0.0,0.0,0.0,none,False
2024-07-23 12:00:00,2024-07-23,12,36.9,29,39.4,0.0,0.0,10.5,0.0,0.0,0.0,0.0,none,False
2024-07-23 13:00:00,2024-07-23,13,38.9,21,39.8,0.0,0.0,15.2,0.0,0.0,0.0,0.0,none,False
2024-07-23 14:00:00,2024-07-23,14,40.1,18,39.7,0.0,0.0,19.9,0.0,0.0,0.0,0.0,none,False
2024-07-23 15:00:00,2024-07-23,15,40.5,17,39.3,0.0,0.0,22.0,0.0,0.0,0.0,0.0,none,False
2024-07-23 16:00:00,2024-07-23,16,39.8,20,38.7,0.0,0.0,21.3,0.0,0.0,0.0,0.0,none,True
2024-07-23 17:00:00,2024-07-23,17,39.7,20,37.9,0.0,0.0,20.3,0.0,0.0,0.0,0.0,none,True
2024-07-23 18:00:00,2024-07-23,18,39.4,19,37.0,0.0,0.0,19.9,0.0,0.0,0.0,0.0,none,True
2024-07-23 19:00:00,2024-07-23,19,38.2,19,35.3,0.0,0.0,21.7,0.0,0.0,0.0,0.0,none,False
2024-07-23 20:00:00,2024-07-23,20,36.8,20,34.1,0.0,0.0,20.2,0.0,0.0,0.0,0.0,none,False
2024-07-23 21:00:00,2024-07-23,21,35.2,24,33.1,0.0,0.0,18.2,0.0,0.0,0.0,0.0,none,False
2024-07-23 22:00:00,2024-07-23,22,33.5,31,32.5,0.0,0.0,16.2,0.0,0.0,0.0,0.0,none,False
2024-07-23 23:00:00,2024-07-23,23,31.7,42,32.2,0.0,0.0,14.6,0.0,0.0,0.0,0.0,none,False
2024-07-24 00:00:00,2024-07-24,0,30.0,55,32.0,0.0,0.0,12.0,0.0,0.0,0.0,0.0,none,False
2024-07-24 01:00:00,2024-07-24,1,28.6,63,31.7,0.0,0.0,8.4,0.0,0.0,0.0,0.0,none,False
2024-07-24 02:00:00,2024-07-24,2,27.8,68,31.4,0.0,0.0,6.1,0.0,0.0,0.0,0.0,none,False
2024-07-24 03:00:00,2024-07-24,3,26.9,74,30.8,0.0,0.0,6.2,0.0,0.0,0.0,0.0,none,False
2024-07-24 04:00:00,2024-07-24,4,26.8,71,30.6,0.0,0.0,3.5,0.0,0.0,0.0,0.0,none,False
2024-07-24 05:00:00,2024-07-24,5,25.9,77,29.9,0.0,0.0,3.6,0.0,0.0,0.0,0.0,none,False
2024-07-24 06:00:00,2024-07-24,6,25.0,85,29.1,0.0,0.0,7.3,0.0,0.0,0.0,0.0,none,False
2024-07-24 07:00:00,2024-07-24,7,24.9,90,28.9,0.0,0.0,10.0,0.0,0.0,0.0,0.0,none,True
2024-07-24 08:00:00,2024-07-24,8,26.2,83,30.2,0.0,0.0,10.2,0.0,0.0,0.0,0.0,none,True
2024-07-24 09:00:00,2024-07-24,9,28.0,70,31.7,0.0,0.0,8.7,0.0,0.0,0.0,0.0,none,True
2024-07-24 10:00:00,2024-07-24,10,30.6,54,33.8,0.0,0.0,8.0,0.0,0.0,0.0,0.0,none,False
2024-07-24 11:00:00,2024-07-24,11,33.8,37,36.3,0.0,0.0,9.1,0.0,0.0,0.0,0.0,none,False
2024-07-24 12:00:00,2024-07-24,12,36.5,26,38.2,0.0,0.0,11.2,0.0,0.0,0.0,0.0,none,False
2024-07-24 13:00:00,2024-07-24,13,38.3,21,39.4,0.0,0.0,12.6,0.0,0.0,0.0,0.0,none,False
2024-07-24 14:00:00,2024-07-24,14,39.6,17,40.2,0.0,0.0,12.8,0.0,0.0,0.0,0.0,none,False
2024-07-24 15:00:00,2024-07-24,15,40.3,16,40.3,0.0,0.0,12.7,0.0,0.0,0.0,0.0,none,False
2024-07-24 16:00:00,2024-07-24,16,39.7,16,39.2,0.0,0.0,11.9,0.0,0.0,0.0,0.0,none,True
2024-07-24 17:00:00,2024-07-24,17,39.8,15,38.0,0.0,0.0,12.4,0.0,0.0,0.0,0.0,none,True
2024-07-24 18:00:00,2024-07-24,18,39.5,15,36.9,0.0,0.0,14.1,0.0,0.0,0.0,0.0,none,True
2024-07-24 19:00:00,2024-07-24,19,38.8,15,36.2,0.0,0.0,14.1,0.0,0.0,0.0,0.0,none,False
2024-07-24 20:00:00,2024-07-24,20,37.6,18,35.7,0.0,0.0,11.6,0.0,0.0,0.0,0.0,none,False
2024-07-24 21:00:00,2024-07-24,21,36.5,21,34.8,0.0,0.0,12.8,0.0,0.0,0.0,0.0,none,False
2024-07-24 22:00:00,2024-07-24,22,34.7,28,32.6,0.0,0.0,21.6,0.0,0.0,0.0,0.0,none,False
2024-07-24 23:00:00,2024-07-24,23,33.0,32,32.3,0.0,0.0,14.8,0.0,0.0,0.0,0.0,none,False
2024-07-25 00:00:00,2024-07-25,0,32.0,35,31.6,0.0,0.0,12.3,0.0,0.0,0.0,0.0,none,False
2024-07-25 01:00:00,2024-07-25,1,30.9,38,30.8,0.0,0.0,10.8,0.0,0.0,0.0,0.0,none,False
2024-07-25 02:00:00,2024-07-25,2,29.7,41,30.3,0.0,0.0,7.7,0.0,0.0,0.0,0.0,none,False
2024-07-25 03:00:00,2024-07-25,3,28.8,44,29.6,0.0,0.0,7.0,0.0,0.0,0.0,0.0,none,False
2024-07-25 04:00:00,2024-07-25,4,28.6,45,28.9,0.0,0.0,11.5,0.0,0.0,0.0,0.0,none,False
2024-07-25 05:00:00,2024-07-25,5,28.0,48,28.7,0.0,0.0,10.1,0.0,0.0,0.0,0.0,none,False
2024-07-25 06:00:00,2024-07-25,6,27.1,51,28.0,0.0,0.0,7.5,0.0,0.0,0.0,0.0,none,False
2024-07-25 07:00:00,2024-07-25,7,27.8,47,28.4,0.0,0.0,8.8,0.0,0.0,0.0,0.0,none,True
2024-07-25 08:00:00,2024-07-25,8,31.2,36,31.9,0.0,0.0,5.8,0.0,0.0,0.0,0.0,none,True
2024-07-25 09:00:00,2024-07-25,9,34.8,27,35.0,0.0,0.0,4.7,0.0,0.0,0.0,0.0,none,True
2024-07-25 10:00:00,2024-07-25,10,37.0,21,36.5,0.0,0.0,7.9,0.0,0.0,0.0,0.0,none,False
2024-07-25 11:00:00,2024-07-25,11,39.0,17,38.7,0.0,0.0,10.6,0.0,0.0,0.0,0.0,none,False
2024-07-25 12:00:00,2024-07-25,12,40.5,16,40.3,0.0,0.0,13.7,0.0,0.0,0.0,0.0,none,False
2024-07-25 13:00:00,2024-07-25,13,41.7,14,40.9,0.0,0.0,17.6,0.0,0.0,0.0,0.0,none,False
2024-07-25 14:00:00,2024-07-25,14,42.5,13,41.3,0.0,0.0,19.8,0.0,0.0,0.0,0.0,none,False
2024-07-25 15:00:00,2024-07-25,15,42.4,13,41.0,0.0,0.0,19.2,0.0,0.0,0.0,0.0,none,False
2024-07-25 16:00:00,2024-07-25,16,41.8,13,39.7,0.0,0.0,18.9,0.0,0.0,0.0,0.0,none,True
2024-07-25 17:00:00,2024-07-25,17,42.5,12,39.6,0.0,0.0,18.3,0.0,0.0,0.0,0.0,none,True
2024-07-25 18:00:00,2024-07-25,18,42.6,11,38.8,0.0,0.0,19.6,0.0,0.0,0.0,0.0,none,True
2024-07-25 19:00:00,2024-07-25,19,40.7,12,35.9,0.0,0.0,25.2,0.0,0.0,0.0,0.0,none,False
2024-07-25 20:00:00,2024-07-25,20,38.7,18,34.4,0.0,0.0,29.9,0.0,0.0,0.0,0.0,none,False
2024-07-25 21:00:00,2024-07-25,21,33.2,40,32.4,0.0,0.0,24.9,0.0,0.0,0.0,0.0,none,False
2024-07-25 22:00:00,2024-07-25,22,31.9,43,31.6,0.0,0.0,21.3,0.0,0.0,0.0,0.0,none,False
2024-07-25 23:00:00,2024-07-25,23,31.4,47,32.0,0.0,0.0,17.1,0.0,0.0,0.0,0.0,none,False
2024-07-26 00:00:00,2024-07-26,0,30.5,49,31.4,0.0,0.0,15.3,0.0,0.0,0.0,0.0,none,False
2024-07-26 01:00:00,2024-07-26,1,29.5,53,30.8,0.0,0.0,14.1,0.0,0.0,0.0,0.0,none,False
2024-07-26 02:00:00,2024-07-26,2,28.6,60,30.7,0.0,0.0,12.7,0.0,0.0,0.0,0.0,none,False
2024-07-26 03:00:00,2024-07-26,3,27.9,67,30.3,0.0,0.0,13.8,0.0,0.0,0.0,0.0,none,False
2024-07-26 04:00:00,2024-07-26,4,27.1,74,30.4,0.0,0.0,11.3,0.0,0.0,0.0,0.0,none,False
2024-07-26 05:00:00,2024-07-26,5,26.5,79,30.6,0.0,0.0,9.0,0.0,0.0,0.0,0.0,none,False
2024-07-26 06:00:00,2024-07-26,6,26.0,83,30.3,0.0,0.0,8.4,0.0,0.0,0.0,0.0,none,False
2024-07-26 07:00:00,2024-07-26,7,26.1,83,30.2,0.0,0.0,9.8,0.0,0.0,0.0,0.0,none,True
2024-07-26 08:00:00,2024-07-26,8,27.1,76,30.8,0.0,0.0,10.7,0.0,0.0,0.0,0.0,none,True
2024-07-26 09:00:00,2024-07-26,9,29.0,62,32.1,0.0,0.0,9.3,0.0,0.0,0.0,0.0,none,True
2024-07-26 10:00:00,2024-07-26,10,31.5,48,33.7,0.0,0.0,10.2,0.0,0.0,0.0,0.0,none,False
2024-07-26 11:00:00,2024-07-26,11,33.8,37,35.8,0.0,0.0,12.1,0.0,0.0,0.0,0.0,none,False
2024-07-26 12:00:00,2024-07-26,12,35.8,30,37.4,0.0,0.0,15.4,0.0,0.0,0.0,0.0,none,False
2024-07-26 13:00:00,2024-07-26,13,37.3,25,38.2,0.0,0.0,18.0,0.0,0.0,0.0,0.0,none,False
2024-07-26 14:00:00,2024-07-26,14,38.3,25,39.0,0.0,0.0,20.1,0.0,0.0,0.0,0.0,none,False
2024-07-26 15:00:00,2024-07-26,15,39.2,21,38.9,0.0,0.0,20.1,0.0,0.0,0.0,0.0,none,False
2024-07-26 16:00:00,2024-07-26,16,38.5,21,37.4,0.0,0.0,19.9,0.0,0.0,0.0,0.0,none,True
2024-07-26 17:00:00,2024-07-26,17,37.8,22,35.1,0.0,0.0,25.8,0.0,0.0,0.0,0.0,none,True
2024-07-26 18:00:00,2024-07-26,18,36.7,25,34.0,0.0,0.0,24.9,0.0,0.0,0.0,0.0,none,True
2024-07-26 19:00:00,2024-07-26,19,35.0,28,32.6,0.0,0.0,24.7,0.0,0.0,0.0,0.0,none,False
2024-07-26 20:00:00,2024-07-26,20,33.2,32,31.3,0.0,0.0,23.2,0.0,0.0,0.0,0.0,none,False
2024-07-26 21:00:00,2024-07-26,21,31.9,37,30.7,0.0,0.0,21.1,0.0,0.0,0.0,0.0,none,False
2024-07-26 22:00:00,2024-07-26,22,30.6,42,30.2,0.0,0.0,18.0,0.0,0.0,0.0,0.0,none,False
2024-07-26 23:00:00,2024-07-26,23,29.6,47,30.0,0.0,0.0,15.0,0.0,0.0,0.0,0.0,none,False
2024-07-27 00:00:00,2024-07-27,0,28.6,52,29.4,0.0,0.0,13.9,0.0,0.0,0.0,0.0,none,False
2024-07-27 01:00:00,2024-07-27,1,27.8,58,29.1,0.0,0.0,12.4,0.0,0.0,0.0,0.0,none,False
2024-07-27 02:00:00,2024-07-27,2,27.0,64,29.1,0.0,0.0,10.7,0.0,0.0,0.0,0.0,none,False
2024-07-27 03:00:00,2024-07-27,3,26.5,68,29.2,0.0,0.0,8.4,0.0,0.0,0.0,0.0,none,False
2024-07-27 04:00:00,2024-07-27,4,25.8,72,29.1,0.0,0.0,4.6,0.0,0.0,0.0,0.0,none,False
2024-07-27 05:00:00,2024-07-27,5,25.2,75,28.8,0.0,0.0,3.9,0.0,0.0,0.0,0.0,none,False
2024-07-27 06:00:00,2024-07-27,6,24.9,77,28.5,0.0,0.0,4.1,0.0,0.0,0.0,0.0,none,False
2024-07-27 07:00:00,2024-07-27,7,25.6,74,29.2,0.0,0.0,4.4,0.0,0.0,0.0,0.0,none,True
2024-07-27 08:00:00,2024-07-27,8,27.0,68,29.8,0.0,0.0,9.8,0.0,0.0,0.0,0.0,none,True
2024-07-27 09:00:00,2024-07-27,9,28.8,59,30.8,0.0,0.0,11.8,0.0,0.0,0.0,0.0,none,True
2024-07-27 10:00:00,2024-07-27,10,30.3,53,32.8,0.0,0.0,9.7,0.0,0.0,0.0,0.0,none,False
2024-07-27 11:00:00,2024-07-27,11,32.3,45,35.4,0.0,0.0,10.3,0.0,0.0,0.0,0.0,none,False
2024-07-27 12:00:00,2024-07-27,12,34.5,37,37.6,0.0,0.0,10.5,0.0,0.0,0.0,0.0,none,False
2024-07-27 13:00:00,2024-07-27,13,36.2,31,39.3,0.0,0.0,10.5,0.0,0.0,0.0,0.0,none,False
2024-07-27 14:00:00,2024-07-27,14,37.7,27,40.4,0.0,0.0,10.5,0.0,0.0,0.0,0.0,none,False
2024-07-27 15:00:00,2024-07-27,15,38.8,25,40.9,0.0,0.0,10.2,0.0,0.0,0.0,0.0,none,False
2024-07-27 16:00:00,2024-07-27,16,36.9,29,38.8,0.0,0.0,10.3,0.0,0.0,0.0,0.0,none,True
2024-07-27 17:00:00,2024-07-27,17,37.3,28,37.9,0.0,0.0,11.3,0.0,0.0,0.0,0.0,none,True
2024-07-27 18:00:00,2024-07-27,18,37.1,28,37.1,0.0,0.0,11.9,0.0,0.0,0.0,0.0,none,True
2024-07-27 19:00:00,2024-07-27,19,36.6,29,36.6,0.0,0.0,12.5,0.0,0.0,0.0,0.0,none,False
2024-07-27 20:00:00,2024-07-27,20,35.3,33,35.1,0.0,0.0,17.5,0.0,0.0,0.0,0.0,none,False
2024-07-27 21:00:00,2024-07-27,21,33.5,36,32.5,0.0,0.0,22.5,0.0,0.0,0.0,0.0,none,False
2024-07-27 22:00:00,2024-07-27,22,32.3,37,31.0,0.0,0.0,22.1,0.0,0.0,0.0,0.0,none,False
2024-07-27 23:00:00,2024-07-27,23,31.1,39,30.1,0.0,0.0,19.7,0.0,0.0,0.0,0.0,none,False
2024-07-28 00:00:00,2024-07-28,0,30.1,45,30.1,0.0,0.0,16.3,0.0,0.0,0.0,0.0,none,False
2024-07-28 01:00:00,2024-07-28,1,29.1,51,29.9,0.0,0.0,14.4,0.0,0.0,0.0,0.0,none,False
2024-07-28 02:00:00,2024-07-28,2,28.0,60,29.7,0.0,0.0,13.6,0.0,0.0,0.0,0.0,none,False
2024-07-28 03:00:00,2024-07-28,3,27.0,68,29.5,0.0,0.0,11.9,0.0,0.0,0.0,0.0,none,False
2024-07-28 04:00:00,2024-07-28,4,26.2,67,28.3,0.0,0.0,10.1,0.0,0.0,0.0,0.0,none,False
2024-07-28 05:00:00,2024-07-28,5,25.4,73,28.0,0.0,0.0,8.7,0.0,0.0,0.0,0.0,none,False
2024-07-28 06:00:00,2024-07-28,6,24.8,77,27.8,0.0,0.0,7.6,0.0,0.0,0.0,0.0,none,False
2024-07-28 07:00:00,2024-07-28,7,24.9,78,28.0,0.0,0.0,8.0,0.0,0.0,0.0,0.0,none,True
2024-07-28 08:00:00,2024-07-28,8,26.0,75,29.2,0.0,0.0,9.0,0.0,0.0,0.0,0.0,none,True
2024-07-28 09:00:00,2024-07-28,9,27.5,68,30.8,0.0,0.0,7.6,0.0,0.0,0.0,0.0,none,True
2024-07-28 10:00:00,2024-07-28,10,29.6,56,32.8,0.0,0.0,6.5,0.0,0.0,0.0,0.0,none,False
2024-07-28 11:00:00,2024-07-28,11,31.9,46,35.8,0.0,0.0,5.1,0.0,0.0,0.0,0.0,none,False
2024-07-28 12:00:00,2024-07-28,12,34.1,36,38.0,0.0,0.0,5.5,0.0,0.0,0.0,0.0,none,False
2024-07-28 13:00:00,2024-07-28,13,36.0,30,39.5,0.0,0.0,6.7,0.0,0.0,0.0,0.0,none,False
2024-07-28 14:00:00,2024-07-28,14,37.5,25,40.2,0.0,0.0,7.9,0.0,0.0,0.0,0.0,none,False
2024-07-28 15:00:00,2024-07-28,15,38.7,22,40.4,0.0,0.0,9.0,0.0,0.0,0.0,0.0,none,False
2024-07-28 16:00:00,2024-07-28,16,38.7,24,40.5,0.0,0.0,7.9,0.0,0.0,0.0,0.0,none,True
2024-07-28 17:00:00,2024-07-28,17,39.0,23,39.4,0.0,0.0,9.3,0.0,0.0,0.0,0.0,none,True
2024-07-28 18:00:00,2024-07-28,18,39.2,21,38.6,0.0,0.0,10.6,0.0,0.0,0.0,0.0,none,True
2024-07-28 19:00:00,2024-07-28,19,38.7,21,37.7,0.0,0.0,12.7,0.0,0.0,0.0,0.0,none,False
2024-07-28 20:00:00,2024-07-28,20,37.7,23,36.8,0.0,0.0,12.6,0.0,0.0,0.0,0.0,none,False
2024-07-28 21:00:00,2024-07-28,21,35.6,33,34.6,0.0,0.0,23.3,0.0,0.0,0.0,0.0,none,False
2024-07-28 22:00:00,2024-07-28,22,33.7,36,32.0,0.0,0.0,27.5,0.0,0.0,0.0,0.0,none,False
2024-07-28 23:00:00,2024-07-28,23,32.0,44,31.6,0.0,0.0,22.9,0.0,0.0,0.0,0.0,none,False
2024-07-29 00:00:00,2024-07-29,0,30.5,50,30.9,0.0,0.0,19.9,0.0,0.0,0.0,0.0,none,False
2024-07-29 01:00:00,2024-07-29,1,29.6,53,30.5,0.0,0.0,16.9,0.0,0.0,0.0,0.0,none,False
2024-07-29 02:00:00,2024-07-29,2,28.7,57,30.1,0.0,0.0,14.8,0.0,0.0,0.0,0.0,none,False
2024-07-29 03:00:00,2024-07-29,3,27.8,61,29.8,0.0,0.0,11.9,0.0,0.0,0.0,0.0,none,False
2024-07-29 04:00:00,2024-07-29,4,26.5,67,28.7,0.0,0.0,11.7,0.0,0.0,0.0,0.0,none,False
2024-07-29 05:00:00,2024-07-29,5,25.9,71,28.2,0.0,0.0,11.1,0.0,0.0,0.0,0.0,none,False
2024-07-29 06:00:00,2024-07-29,6,25.2,76,28.0,0.0,0.0,9.8,0.0,0.0,0.0,0.0,none,False
2024-07-29 07:00:00,2024-07-29,7,25.4,77,28.5,0.0,0.0,8.7,0.0,0.0,0.0,0.0,none,True
2024-07-29 08:00:00,2024-07-29,8,26.6,75,30.1,0.0,0.0,9.0,0.0,0.0,0.0,0.0,none,True
2024-07-29 09:00:00,2024-07-29,9,28.7,66,32.0,0.0,0.0,9.7,0.0,0.0,0.0,0.0,none,True
2024-07-29 10:00:00,2024-07-29,10,31.3,51,33.9,0.0,0.0,10.7,0.0,0.0,0.0,0.0,none,False
2024-07-29 11:00:00,2024-07-29,11,33.8,39,36.6,0.0,0.0,9.6,0.0,0.0,0.0,0.0,none,False
2024-07-29 12:00:00,2024-07-29,12,35.8,29,38.3,0.0,0.0,8.3,0.0,0.0,0.0,0.0,none,False
2024-07-29 13:00:00,2024-07-29,13,37.2,25,40.0,0.0,0.0,6.3,0.0,0.0,0.0,0.0,none,False
2024-07-29 14:00:00,2024-07-29,14,38.3,22,41.0,0.0,0.0,6.3,0.0,0.0,0.0,0.0,none,False
2024-07-29 15:00:00,2024-07-29,15,39.4,20,41.3,0.0,0.0,6.7,0.0,0.0,0.0,0.0,none,False
2024-07-29 16:00:00,2024-07-29,16,38.8,19,38.5,0.0,0.0,13.8,0.0,0.0,0.0,0.0,none,True
2024-07-29 17:00:00,2024-07-29,17,38.8,18,37.1,0.0,0.0,15.0,0.0,0.0,0.0,0.0,none,True
2024-07-29 18:00:00,2024-07-29,18,38.4,19,36.6,0.0,0.0,12.8,0.0,0.0,0.0,0.0,none,True
2024-07-29 19:00:00,2024-07-29,19,38.0,20,36.4,0.0,0.0,12.2,0.0,0.0,0.0,0.0,none,False
2024-07-29 20:00:00,2024-07-29,20,36.4,20,33.3,0.0,0.0,20.8,0.0,0.0,0.0,0.0,none,False
2024-07-29 21:00:00,2024-07-29,21,33.2,26,29.9,0.0,0.0,25.7,0.0,0.0,0.0,0.0,none,False
2024-07-29 22:00:00,2024-07-29,22,31.5,31,29.2,0.0,0.0,20.7,0.0,0.0,0.0,0.0,none,False
2024-07-29 23:00:00,2024-07-29,23,30.1,37,28.9,0.0,0.0,17.5,0.0,0.0,0.0,0.0,none,False
2024-07-30 00:00:00,2024-07-30,0,29.0,43,28.7,0.0,0.0,14.1,0.0,0.0,0.0,0.0,none,False
2024-07-30 01:00:00,2024-07-30,1,27.9,51,28.4,0.0,0.0,12.6,0.0,0.0,0.0,0.0,none,False
2024-07-30 02:00:00,2024-07-30,2,26.9,59,28.2,0.0,0.0,11.4,0.0,0.0,0.0,0.0,none,False
2024-07-30 03:00:00,2024-07-30,3,26.0,67,28.1,0.0,0.0,9.4,0.0,0.0,0.0,0.0,none,False
2024-07-30 04:00:00,2024-07-30,4,25.2,70,27.6,0.0,0.0,7.2,0.0,0.0,0.0,0.0,none,False
2024-07-30 05:00:00,2024-07-30,5,24.5,75,27.6,0.0,0.0,5.4,0.0,0.0,0.0,0.0,none,False
2024-07-30 06:00:00,2024-07-30,6,23.9,81,27.4,0.0,0.0,4.1,0.0,0.0,0.0,0.0,none,False
2024-07-30 07:00:00,2024-07-30,7,24.1,85,27.7,0.0,0.0,6.9,0.0,0.0,0.0,0.0,none,True
2024-07-30 08:00:00,2024-07-30,8,25.4,80,28.8,0.0,0.0,9.0,0.0,0.0,0.0,0.0,none,True
2024-07-30 09:00:00,2024-07-30,9,27.1,69,30.4,0.0,0.0,8.0,0.0,0.0,0.0,0.0,none,True
2024-07-30 10:00:00,2024-07-30,10,29.6,55,32.4,0.0,0.0,7.9,0.0,0.0,0.0,0.0,none,False
2024-07-30 11:00:00,2024-07-30,11,32.2,40,35.0,0.0,0.0,7.8,0.0,0.0,0.0,0.0,none,False
2024-07-30 12:00:00,2024-07-30,12,34.6,30,36.9,0.0,0.0,8.7,0.0,0.0,0.0,0.0,none,False
2024-07-30 13:00:00,2024-07-30,13,36.3,25,38.2,0.0,0.0,10.2,0.0,0.0,0.0,0.0,none,False
2024-07-30 14:00:00,2024-07-30,14,37.5,22,38.9,0.0,0.0,11.4,0.0,0.0,0.0,0.0,none,False
2024-07-30 15:00:00,2024-07-30,15,38.5,20,39.2,0.0,0.0,11.4,0.0,0.0,0.0,0.0,none,False
2024-07-30 16:00:00,2024-07-30,16,37.5,19,37.0,0.0,0.0,12.4,0.0,0.0,0.0,0.0,none,True
2024-07-30 17:00:00,2024-07-30,17,37.7,18,36.0,0.0,0.0,12.1,0.0,0.0,0.0,0.0,none,True
2024-07-30 18:00:00,2024-07-30,18,37.4,18,35.5,0.0,0.0,10.8,0.0,0.0,0.0,0.0,none,True
2024-07-30 19:00:00,2024-07-30,19,36.8,20,35.4,0.0,0.0,9.9,0.0,0.0,0.0,0.0,none,False
2024-07-30 20:00:00,2024-07-30,20,35.7,25,35.0,0.0,0.0,9.3,0.0,0.0,0.0,0.0,none,False
2024-07-30 21:00:00,2024-07-30,21,35.0,27,34.5,0.0,0.0,11.0,0.0,0.0,0.0,0.0,none,False
2024-07-30 22:00:00,2024-07-30,22,32.2,41,31.3,0.0,0.0,25.1,0.0,0.0,0.0,0.0,none,False
2024-07-30 23:00:00,2024-07-30,23,31.1,46,31.8,0.0,0.0,15.5,0.0,0.0,0.0,0.0,none,False
2024-07-31 00:00:00,2024-07-31,0,30.4,48,31.6,0.0,0.0,11.9,0.0,0.0,0.0,0.0,none,False
2024-07-31 01:00:00,2024-07-31,1,29.5,52,31.1,0.0,0.0,10.9,0.0,0.0,0.0,0.0,none,False
2024-07-31 02:00:00,2024-07-31,2,28.5,56,30.5,0.0,0.0,9.4,0.0,0.0,0.0,0.0,none,False
2024-07-31 03:00:00,2024-07-31,3,27.8,60,30.1,0.0,0.0,8.3,0.0,0.0,0.0,0.0,none,False
2024-07-31 04:00:00,2024-07-31,4,26.8,63,29.1,0.0,0.0,7.6,0.0,0.0,0.0,0.0,none,False
2024-07-31 05:00:00,2024-07-31,5,26.0,68,28.7,0.0,0.0,5.9,0.0,0.0,0.0,0.0,none,False
2024-07-31 06:00:00,2024-07-31,6,25.3,71,28.2,0.0,0.0,5.4,0.0,0.0,0.0,0.0,none,False
2024-07-31 07:00:00,2024-07-31,7,25.4,71,28.2,0.0,0.0,6.6,0.0,0.0,0.0,0.0,none,True
2024-07-31 08:00:00,2024-07-31,8,26.8,65,29.6,0.0,0.0,5.9,0.0,0.0,0.0,0.0,none,True
2024-07-31 09:00:00,2024-07-31,9,28.6,57,31.4,0.0,0.0,4.5,0.0,0.0,0.0,0.0,none,True
2024-07-31 10:00:00,2024-07-31,10,31.1,42,33.4,0.0,0.0,3.6,0.0,0.0,0.0,0.0,none,False
2024-07-31 11:00:00,2024-07-31,11,33.7,31,36.0,0.0,0.0,4.6,0.0,0.0,0.0,0.0,none,False
2024-07-31 12:00:00,2024-07-31,12,36.0,24,38.0,0.0,0.0,6.6,0.0,0.0,0.0,0.0,none,False
2024-07-31 13:00:00,2024-07-31,13,37.8,19,39.0,0.0,0.0,10.2,0.0,0.0,0.0,0.0,none,False
2024-07-31 14:00:00,2024-07-31,14,39.1,16,39.1,0.0,0.0,13.8,0.0,0.0,0.0,0.0,none,False
2024-07-31 15:00:00,2024-07-31,15,39.7,15,39.0,0.0,0.0,14.8,0.0,0.0,0.0,0.0,none,False
2024-07-31 16:00:00,2024-07-31,16,38.8,18,38.0,0.0,0.0,13.9,0.0,0.0,0.0,0.0,none,True
2024-07-31 17:00:00,2024-07-31,17,38.8,17,37.0,0.0,0.0,13.5,0.0,0.0,0.0,0.0,none,True
2024-07-31 18:00:00,2024-07-31,18,38.2,17,36.0,0.0,0.0,12.8,0.0,0.0,0.0,0.0,none,True
2024-07-31 19:00:00,2024-07-31,19,37.6,17,35.3,0.0,0.0,13.1,0.0,0.0,0.0,0.0,none,False
2024-07-31 20:00:00,2024-07-31,20,36.0,18,34.0,0.0,0.0,10.0,0.0,0.0,0.0,0.0,none,False
2024-07-31 21:00:00,2024-07-31,21,35.2,20,33.7,0.0,0.0,8.0,0.0,0.0,0.0,0.0,none,False
2024-07-31 22:00:00,2024-07-31,22,34.0,24,32.2,0.0,0.0,13.1,0.0,0.0,0.0,0.0,none,False
2024-07-31 23:00:00,2024-07-31,23,31.8,46,32.0,0.0,0.0,21.6,0.0,0.0,0.0,0.0,none,False
2024-08-01 00:00:00,2024-08-01,0,30.9,50,32.6,0.0,0.0,12.2,0.0,0.0,0.0,0.0,none,False
2024-08-01 01:00:00,2024-08-01,1,30.3,52,32.6,0.0,0.0,8.8,0.0,0.0,0.0,0.0,none,False
2024-08-01 02:00:00,2024-08-01,2,29.5,55,32.0,0.0,0.0,7.6,0.0,0.0,0.0,0.0,none,False
2024-08-01 03:00:00,2024-08-01,3,28.5,59,31.3,0.0,0.0,6.3,0.0,0.0,0.0,0.0,none,False
2024-08-01 04:00:00,2024-08-01,4,27.6,63,30.8,0.0,0.0,4.0,0.0,0.0,0.0,0.0,none,False
2024-08-01 05:00:00,2024-08-01,5,26.8,67,29.9,0.0,0.0,5.0,0.0,0.0,0.0,0.0,none,False
2024-08-01 06:00:00,2024-08-01,6,26.0,71,29.2,0.0,0.0,6.2,0.0,0.0,0.0,0.0,none,False
2024-08-01 07:00:00,2024-08-01,7,25.8,76,29.1,0.0,0.0,8.4,0.0,0.0,0.0,0.0,none,True
2024-08-01 08:00:00,2024-08-01,8,26.8,75,30.8,0.0,0.0,6.2,0.0,0.0,0.0,0.0,none,True
2024-08-01 09:00:00,2024-08-01,9,28.8,66,33.1,0.0,0.0,3.3,0.0,0.0,0.0,0.0,none,True
2024-08-01 10:00:00,2024-08-01,10,31.3,55,35.4,0.0,0.0,4.3,0.0,0.0,0.0,0.0,none,False
2024-08-01 11:00:00,2024-08-01,11,34.0,42,37.7,0.0,0.0,7.3,0.0,0.0,0.0,0.0,none,False
2024-08-01 12:00:00,2024-08-01,12,36.4,29,38.7,0.0,0.0,10.9,0.0,0.0,0.0,0.0,none,False
2024-08-01 13:00:00,2024-08-01,13,38.0,23,38.8,0.0,0.0,16.3,0.0,0.0,0.0,0.0,none,False
2024-08-01 14:00:00,2024-08-01,14,38.8,20,38.8,0.0,0.0,19.2,0.0,0.0,0.0,0.0,none,False
2024-08-01 15:00:00,2024-08-01,15,39.3,19,38.8,0.0,0.0,18.8,0.0,0.0,0.0,0.0,none,False
2024-08-01 16:00:00,2024-08-01,16,38.8,20,38.2,0.0,0.0,15.5,0.0,0.0,0.0,0.0,none,True
2024-08-01 17:00:00,2024-08-01,17,38.8,19,37.0,0.0,0.0,15.1,0.0,0.0,0.0,0.0,none,True
2024-08-01 18:00:00,2024-08-01,18,38.3,18,36.4,0.0,0.0,13.6,0.0,0.0,0.0,0.0,none,True
2024-08-01 19:00:00,2024-08-01,19,37.3,18,35.0,0.0,0.0,13.8,0.0,0.0,0.0,0.0,none,False
2024-08-01 20:00:00,2024-08-01,20,36.7,19,34.9,0.0,0.0,10.7,0.0,0.0,0.0,0.0,none,False
2024-08-01 21:00:00,2024-08-01,21,35.2,22,34.0,0.0,0.0,8.7,0.0,0.0,0.0,0.0,none,False
2024-08-01 22:00:00,2024-08-01,22,31.8,43,30.7,0.0,0.0,26.0,0.0,0.0,0.0,0.0,none,False
2024-08-01 23:00:00,2024-08-01,23,31.2,46,31.9,0.0,0.0,15.9,0.0,0.0,0.0,0.0,none,False
2024-08-02 00:00:00,2024-08-02,0,30.0,51,31.3,0.0,0.0,13.4,0.0,0.0,0.0,0.0,none,False
2024-08-02 01:00:00,2024-08-02,1,28.8,60,30.7,0.0,0.0,14.3,0.0,0.0,0.0,0.0,none,False
2024-08-02 02:00:00,2024-08-02,2,27.7,66,30.0,0.0,0.0,13.6,0.0,0.0,0.0,0.0,none,False
2024-08-02 03:00:00,2024-08-02,3,26.6,74,29.5,0.0,0.0,12.7,0.0,0.0,0.0,0.0,none,False
2024-08-02 04:00:00,2024-08-02,4,26.0,77,29.4,0.0,0.0,9.6,0.0,0.0,0.0,0.0,none,False
2024-08-02 05:00:00,2024-08-02,5,25.4,83,29.1,0.0,0.0,8.7,0.0,0.0,0.0,0.0,none,False
2024-08-02 06:00:00,2024-08-02,6,24.8,88,28.9,0.0,0.0,7.9,0.0,0.0,0.0,0.0,none,False
2024-08-02 07:00:00,2024-08-02,7,24.8,89,29.0,0.0,0.0,8.2,0.0,0.0,0.0,0.0,none,True
2024-08-02 08:00:00,2024-08-02,8,26.0,82,30.2,0.0,0.0,7.1,0.0,0.0,0.0,0.0,none,True
2024-08-02 09:00:00,2024-08-02,9,28.0,70,32.1,0.0,0.0,5.4,0.0,0.0,0.0,0.0,none,True
2024-08-02 10:00:00,2024-08-02,10,30.8,51,33.9,0.0,0.0,5.5,0.0,0.0,0.0,0.0,none,False
2024-08-02 11:00:00,2024-08-02,11,33.7,36,36.3,0.0,0.0,6.9,0.0,0.0,0.0,0.0,none,False
2024-08-02 12:00:00,2024-08-02,12,36.0,25,37.9,0.0,0.0,7.8,0.0,0.0,0.0,0.0,none,False
2024-08-02 13:00:00,2024-08-02,13,37.8,19,39.2,0.0,0.0,8.3,0.0,0.0,0.0,0.0,none,False
2024-08-02 14:00:00,2024-08-02,14,38.9,17,39.6,0.0,0.0,11.1,0.0,0.0,0.0,0.0,none,False
2024-08-02 15:00:00,2024-08-02,15,39.5,17,39.0,0.0,0.0,15.9,0.0,0.0,0.0,0.0,none,False
2024-08-02 16:00:00,2024-08-02,16,38.5,19,37.5,0.0,0.0,16.6,0.0,0.0,0.0,0.0,none,True
2024-08-02 17:00:00,2024-08-02,17,38.2,19,36.2,0.0,0.0,17.4,0.0,0.0,0.0,0.0,none,True
2024-08-02 18:00:00,2024-08-02,18,37.3,19,34.9,0.0,0.0,16.8,0.0,0.0,0.0,0.0,none,True
2024-08-02 19:00:00,2024-08-02,19,36.5,20,34.2,0.0,0.0,16.2,0.0,0.0,0.0,0.0,none,False
2024-08-02 20:00:00,2024-08-02,20,35.4,22,33.9,0.0,0.0,12.1,0.0,0.0,0.0,0.0,none,False
2024-08-02 21:00:00,2024-08-02,21,34.3,25,33.1,0.0,0.0,11.7,0.0,0.0,0.0,0.0,none,False
2024-08-02 22:00:00,2024-08-02,22,33.3,28,32.2,0.0,0.0,12.2,0.0,0.0,0.0,0.0,none,False
2024-08-02 23:00:00,2024-08-02,23,31.0,41,30.4,0.0,0.0,19.6,0.0,0.0,0.0,0.0,none,False
2024-08-03 00:00:00,2024-08-03,0,30.5,41,29.8,0.0,0.0,17.8,0.0,0.0,0.0,0.0,none,False
2024-08-03 01:00:00,2024-08-03,1,29.8,43,29.6,0.0,0.0,15.1,0.0,0.0,0.0,0.0,none,False
2024-08-03 02:00:00,2024-08-03,2,29.0,46,29.7,0.0,0.0,10.4,0.0,0.0,0.0,0.0,none,False
2024-08-03 03:00:00,2024-08-03,3,28.0,52,29.1,0.0,0.0,9.6,0.0,0.0,0.0,0.0,none,False
2024-08-03 04:00:00,2024-08-03,4,27.2,54,28.6,0.0,0.0,7.9,0.0,0.0,0.0,0.0,none,False
2024-08-03 05:00:00,2024-08-03,5,26.3,59,27.5,0.0,0.0,10.8,0.0,0.0,0.0,0.0,none,False
2024-08-03 06:00:00,2024-08-03,6,25.5,65,27.0,0.0,0.0,11.0,0.0,0.0,0.0,0.0,none,False
2024-08-03 07:00:00,2024-08-03,7,25.5,67,27.3,0.0,0.0,11.0,0.0,0.0,0.0,0.0,none,True
2024-08-03 08:00:00,2024-08-03,8,27.0,64,29.0,0.0,0.0,11.7,0.0,0.0,0.0,0.0,none,True
2024-08-03 09:00:00,2024-08-03,9,29.0,57,30.9,0.0,0.0,11.4,0.0,0.0,0.0,0.0,none,True
2024-08-03 10:00:00,2024-08-03,10,31.1,46,33.2,0.0,0.0,8.8,0.0,0.0,0.0,0.0,none,False
2024-08-03 11:00:00,2024-08-03,11,33.3,37,36.3,0.0,0.0,5.2,0.0,0.0,0.0,0.0,none,False
2024-08-03 12:00:00,2024-08-03,12,35.2,27,37.8,0.0,0.0,5.5,0.0,0.0,0.0,0.0,none,False
2024-08-03 13:00:00,2024-08-03,13,37.0,22,38.5,0.0,0.0,9.4,0.0,0.0,0.0,0.0,none,False
2024-08-03 14:00:00,2024-08-03,14,38.0,19,38.3,0.0,0.0,13.9,0.0,0.0,0.0,0.0,none,False
2024-08-03 15:00:00,2024-08-03,15,38.2,18,37.8,0.0,0.0,15.5,0.0,0.0,0.0,0.0,none,False
2024-08-03 16:00:00,2024-08-03,16,37.7,21,37.0,0.0,0.0,15.8,0.0,0.0,0.0,0.0,none,True
2024-08-03 17:00:00,2024-08-03,17,37.3,22,35.9,0.0,0.0,15.7,0.0,0.0,0.0,0.0,none,True
2024-08-03 18:00:00,2024-08-03,18,36.8,22,35.1,0.0,0.0,15.0,0.0,0.0,0.0,0.0,none,True
2024-08-03 19:00:00,2024-08-03,19,35.8,21,33.4,0.0,0.0,15.9,0.0,0.0,0.0,0.0,none,False
2024-08-03 20:00:00,2024-08-03,20,35.0,19,32.7,0.0,0.0,11.7,0.0,0.0,0.0,0.0,none,False
2024-08-03 21:00:00,2024-08-03,21,33.7,20,31.6,0.0,0.0,9.4,0.0,0.0,0.0,0.0,none,False
2024-08-03 22:00:00,2024-08-03,22,32.0,26,29.0,0.0,0.0,20.4,0.0,0.0,0.0,0.0,none,False
2024-08-03 23:00:00,2024-08-03,23,30.0,47,30.3,0.0,0.0,15.5,0.0,0.0,0.0,0.0,none,False
2024-08-04 00:00:00,2024-08-04,0,29.2,50,29.9,0.0,0.0,14.9,0.0,0.0,0.0,0.0,none,False
2024-08-04 01:00:00,2024-08-04,1,28.4,55,29.7,0.0,0.0,11.7,0.0,0.0,0.0,0.0,none,False
2024-08-04 02:00:00,2024-08-04,2,27.5,58,29.6,0.0,0.0,7.9,0.0,0.0,0.0,0.0,none,False
2024-08-04 03:00:00,2024-08-04,3,26.9,61,29.2,0.0,0.0,6.5,0.0,0.0,0.0,0.0,none,False
2024-08-04 04:00:00,2024-08-04,4,26.2,63,28.6,0.0,0.0,5.8,0.0,0.0,0.0,0.0,none,False
2024-08-04 05:00:00,2024-08-04,5,25.2,67,27.7,0.0,0.0,5.1,0.0,0.0,0.0,0.0,none,False
2024-08-04 06:00:00,2024-08-04,6,24.9,68,27.6,0.0,0.0,2.6,0.0,0.0,0.0,0.0,none,False
2024-08-04 07:00:00,2024-08-04,7,25.3,65,28.3,0.0,0.0,0.4,0.0,0.0,0.0,0.0,none,True
2024-08-04 08:00:00,2024-08-04,8,26.6,62,29.3,0.0,0.0,4.6,0.0,0.0,0.0,0.0,none,True
2024-08-04 09:00:00,2024-08-04,9,28.6,53,30.9,0.0,0.0,4.2,0.0,0.0,0.0,0.0,none,True
2024-08-04 10:00:00,2024-08-04,10,30.8,40,32.4,0.0,0.0,4.1,0.0,0.0,0.0,0.0,none,False
2024-08-04 11:00:00,2024-08-04,11,32.9,30,34.5,0.0,0.0,5.8,0.0,0.0,0.0,0.0,none,False
2024-08-04 12:00:00,2024-08-04,12,34.8,23,36.2,0.0,0.0,7.6,0.0,0.0,0.0,0.0,none,False
2024-08-04 13:00:00,2024-08-04,13,36.5,18,37.0,0.0,0.0,11.2,0.0,0.0,0.0,0.0,none,False
2024-08-04 14:00:00,2024-08-04,14,37.7,15,37.0,0.0,0.0,14.5,0.0,0.0,0.0,0.0,none,False
2024-08-04 15:00:00,2024-08-04,15,38.2,13,36.7,0.0,0.0,15.2,0.0,0.0,0.0,0.0,none,False
2024-08-04 16:00:00,2024-08-04,16,37.7,13,35.4,0.0,0.0,15.5,0.0,0.0,0.0,0.0,none,True
2024-08-04 17:00:00,2024-08-04,17,37.5,14,34.5,0.0,0.0,15.9,0.0,0.0,0.0,0.0,none,True
2024-08-04 18:00:00,2024-08-04,18,37.0,15,34.1,0.0,0.0,13.6,0.0,0.0,0.0,0.0,none,True
2024-08-04 19:00:00,2024-08-04,19,36.2,15,33.1,0.0,0.0,13.5,0.0,0.0,0.0,0.0,none,False
2024-08-04 20:00:00,2024-08-04,20,35.2,18,33.0,0.0,0.0,9.2,0.0,0.0,0.0,0.0,none,False
2024-08-04 21:00:00,2024-08-04,21,34.0,22,32.1,0.0,0.0,11.2,0.0,0.0,0.0,0.0,none,False
2024-08-04 22:00:00,2024-08-04,22,31.0,41,30.0,0.0,0.0,21.7,0.0,0.0,0.0,0.0,none,False
2024-08-04 23:00:00,2024-08-04,23,30.5,41,30.5,0.0,0.0,14.2,0.0,0.0,0.0,0.0,none,False
2024-08-05 00:00:00,2024-08-05,0,29.5,44,30.1,0.0,0.0,10.1,0.0,0.0,0.0,0.0,none,False
2024-08-05 01:00:00,2024-08-05,1,28.5,47,29.7,0.0,0.0,6.2,0.0,0.0,0.0,0.0,none,False
2024-08-05 02:00:00,2024-08-05,2,27.4,50,28.7,0.0,0.0,5.8,0.0,0.0,0.0,0.0,none,False
2024-08-05 03:00:00,2024-08-05,3,26.4,55,27.9,0.0,0.0,5.1,0.0,0.0,0.0,0.0,none,False
2024-08-05 04:00:00,2024-08-05,4,25.7,61,27.6,0.0,0.0,5.8,0.0,0.0,0.0,0.0,none,False
2024-08-05 05:00:00,2024-08-05,5,24.7,66,26.8,0.0,0.0,5.4,0.0,0.0,0.0,0.0,none,False
2024-08-05 06:00:00,2024-08-05,6,23.8,72,26.2,0.0,0.0,4.5,0.0,0.0,0.0,0.0,none,False
2024-08-05 07:00:00,2024-08-05,7,23.9,73,26.3,0.0,0.0,5.9,0.0,0.0,0.0,0.0,none,True
2024-08-05 08:00:00,2024-08-05,8,25.4,69,28.1,0.0,0.0,6.0,0.0,0.0,0.0,0.0,none,True
2024-08-05 09:00:00,2024-08-05,9,27.5,62,30.2,0.0,0.0,6.1,0.0,0.0,0.0,0.0,none,True
2024-08-05 10:00:00,2024-08-05,10,30.0,46,32.3,0.0,0.0,4.4,0.0,0.0,0.0,0.0,none,False
2024-08-05 11:00:00,2024-08-05,11,32.7,32,34.8,0.0,0.0,4.4,0.0,0.0,0.0,0.0,none,False
2024-08-05 12:00:00,2024-08-05,12,35.0,23,36.7,0.0,0.0,5.4,0.0,0.0,0.0,0.0,none,False
2024-08-05 13:00:00,2024-08-05,13,37.0,17,37.9,0.0,0.0,7.8,0.0,0.0,0.0,0.0,none,False
2024-08-05 14:00:00,2024-08-05,14,38.3,14,38.1,0.0,0.0,11.8,0.0,0.0,0.0,0.0,none,False
2024-08-05 15:00:00,2024-08-05,15,38.8,12,37.2,0.0,0.0,15.1,0.0,0.0,0.0,0.0,none,False
2024-08-05 16:00:00,2024-08-05,16,37.7,14,35.5,0.0,0.0,15.5,0.0,0.0,0.0,0.0,none,True
2024-08-05 17:00:00,2024-08-05,17,37.8,13,34.7,0.0,0.0,15.5,0.0,0.0,0.0,0.0,none,True
2024-08-05 18:00:00,2024-08-05,18,37.0,15,33.8,0.0,0.0,14.0,0.0,0.0,0.0,0.0,none,True
2024-08-05 19:00:00,2024-08-05,19,36.2,15,33.4,0.0,0.0,11.7,0.0,0.0,0.0,0.0,none,False
2024-08-05 20:00:00,2024-08-05,20,34.5,18,32.0,0.0,0.0,11.8,0.0,0.0,0.0,0.0,none,False
2024-08-05 21:00:00,2024-08-05,21,33.5,19,31.3,0.0,0.0,10.0,0.0,0.0,0.0,0.0,none,False
2024-08-05 22:00:00,2024-08-05,22,32.3,25,29.7,0.0,0.0,17.7,0.0,0.0,0.0,0.0,none,False
2024-08-05 23:00:00,2024-08-05,23,30.0,43,29.2,0.0,0.0,20.2,0.0,0.0,0.0,0.0,none,False
2024-08-06 00:00:00,2024-08-06,0,29.4,46,30.0,0.0,0.0,11.9,0.0,0.0,0.0,0.0,none,False
2024-08-06 01:00:00,2024-08-06,1,28.6,48,29.3,0.0,0.0,11.2,0.0,0.0,0.0,0.0,none,False
2024-08-06 02:00:00,2024-08-06,2,27.7,52,28.7,0.0,0.0,9.7,0.0,0.0,0.0,0.0,none,False
2024-08-06 03:00:00,2024-08-06,3,26.8,57,28.6,0.0,0.0,5.9,0.0,0.0,0.0,0.0,none,False
2024-08-06 04:00:00,2024-08-06,4,25.8,65,28.3,0.0,0.0,4.9,0.0,0.0,0.0,0.0,none,False
2024-08-06 05:00:00,2024-08-06,5,25.0,68,27.3,0.0,0.0,6.8,0.0,0.0,0.0,0.0,none,False
2024-08-06 06:00:00,2024-08-06,6,24.4,71,26.6,0.0,0.0,6.9,0.0,0.0,0.0,0.0,none,False
2024-08-06 07:00:00,2024-08-06,7,24.4,70,26.4,0.0,0.0,8.0,0.0,0.0,0.0,0.0,none,True
2024-08-06 08:00:00,2024-08-06,8,25.9,65,28.3,0.0,0.0,6.2,0.0,0.0,0.0,0.0,none,True
2024-08-06 09:00:00,2024-08-06,9,27.8,60,30.4,0.0,0.0,6.0,0.0,0.0,0.0,0.0,none,True
2024-08-06 10:00:00,2024-08-06,10,30.1,47,32.4,0.0,0.0,5.8,0.0,0.0,0.0,0.0,none,False
2024-08-06 11:00:00,2024-08-06,11,32.6,33,34.5,0.0,0.0,6.4,0.0,0.0,0.0,0.0,none,False
2024-08-06 12:00:00,2024-08-06,12,34.7,26,36.6,0.0,0.0,6.9,0.0,0.0,0.0,0.0,none,False
2024-08-06 13:00:00,2024-08-06,13,36.5,22,38.2,0.0,0.0,8.2,0.0,0.0,0.0,0.0,none,False
2024-08-06 14:00:00,2024-08-06,14,38.1,19,39.2,0.0,0.0,10.2,0.0,0.0,0.0,0.0,none,False
2024-08-06 15:00:00,2024-08-06,15,39.4,17,39.3,0.0,0.0,13.5,0.0,0.0,0.0,0.0,none,False
2024-08-06 16:00:00,2024-08-06,16,38.7,17,37.8,0.0,0.0,13.0,0.0,0.0,0.0,0.0,none,True
2024-08-06 17:00:00,2024-08-06,17,38.9,19,37.5,0.0,0.0,14.0,0.0,0.0,0.0,0.0,none,True
2024-08-06 18:00:00,2024-08-06,18,38.6,22,37.7,0.0,0.0,13.6,0.0,0.0,0.0,0.0,none,True
2024-08-06 19:00:00,2024-08-06,19,38.3,23,37.4,0.0,0.0,13.8,0.0,0.0,0.0,0.0,none,False
2024-08-06 20:00:00,2024-08-06,20,36.5,26,34.1,0.0,0.0,25.1,0.0,0.0,0.0,0.0,none,False
2024-08-06 21:00:00,2024-08-06,21,34.4,31,32.5,0.0,0.0,24.3,0.0,0.0,0.0,0.0,none,False
2024-08-06 22:00:00,2024-08-06,22,32.7,36,31.7,0.0,0.0,19.6,0.0,0.0,0.0,0.0,none,False
2024-08-06 23:00:00,2024-08-06,23,31.3,41,31.1,0.0,0.0,16.6,0.0,0.0,0.0,0.0,none,False
2024-08-07 00:00:00,2024-08-07,0,30.2,46,30.8,0.0,0.0,13.0,0.0,0.0,0.0,0.0,none,False
2024-08-07 01:00:00,2024-08-07,1,29.1,52,30.3,0.0,0.0,11.9,0.0,0.0,0.0,0.0,none,False
2024-08-07 02:00:00,2024-08-07,2,28.1,58,30.1,0.0,0.0,10.1,0.0,0.0,0.0,0.0,none,False
2024-08-07 03:00:00,2024-08-07,3,27.2,64,29.7,0.0,0.0,9.7,0.0,0.0,0.0,0.0,none,False
2024-08-07 04:00:00,2024-08-07,4,26.2,73,29.1,0.0,0.0,10.1,0.0,0.0,0.0,0.0,none,False
2024-08-07 05:00:00,2024-08-07,5,25.6,77,29.1,0.0,0.0,7.6,0.0,0.0,0.0,0.0,none,False
2024-08-07 06:00:00,2024-08-07,6,25.1,80,28.9,0.0,0.0,6.6,0.0,0.0,0.0,0.0,none,False
2024-08-07 07:00:00,2024-08-07,7,25.2,81,28.9,0.0,0.0,8.0,0.0,0.0,0.0,0.0,none,True
2024-08-07 08:00:00,2024-08-07,8,26.4,79,30.3,0.0,0.0,9.1,0.0,0.0,0.0,0.0,none,True
2024-08-07 09:00:00,2024-08-07,9,28.2,70,32.1,0.0,0.0,7.6,0.0,0.0,0.0,0.0,none,True
2024-08-07 10:00:00,2024-08-07,10,30.6,55,34.2,0.0,0.0,5.8,0.0,0.0,0.0,0.0,none,False
2024-08-07 11:00:00,2024-08-07,11,33.3,42,36.8,0.0,0.0,6.5,0.0,0.0,0.0,0.0,none,False
2024-08-07 12:00:00,2024-08-07,12,35.8,32,39.1,0.0,0.0,7.3,0.0,0.0,0.0,0.0,none,False
2024-08-07 13:00:00,2024-08-07,13,37.9,24,40.4,0.0,0.0,8.0,0.0,0.0,0.0,0.0,none,False
2024-08-07 14:00:00,2024-08-07,14,39.5,19,41.0,0.0,0.0,9.4,0.0,0.0,0.0,0.0,none,False
2024-08-07 15:00:00,2024-08-07,15,40.3,17,41.1,0.0,0.0,10.5,0.0,0.0,0.0,0.0,none,False
2024-08-07 16:00:00,2024-08-07,16,39.7,19,39.5,0.0,0.0,13.0,0.0,0.0,0.0,0.0,none,True
2024-08-07 17:00:00,2024-08-07,17,39.8,18,38.4,0.0,0.0,13.4,0.0,0.0,0.0,0.0,none,True
2024-08-07 18:00:00,2024-08-07,18,39.3,19,37.7,0.0,0.0,13.4,0.0,0.0,0.0,0.0,none,True
2024-08-07 19:00:00,2024-08-07,19,38.6,19,36.8,0.0,0.0,14.2,0.0,0.0,0.0,0.0,none,False
2024-08-07 20:00:00,2024-08-07,20,37.3,20,35.1,0.0,0.0,17.1,0.0,0.0,0.0,0.0,none,False
2024-08-07 21:00:00,2024-08-07,21,34.8,26,32.0,0.0,0.0,23.8,0.0,0.0,0.0,0.0,none,False
2024-08-07 22:00:00,2024-08-07,22,32.7,33,31.1,0.0,0.0,20.6,0.0,0.0,0.0,0.0,none,False
2024-08-07 23:00:00,2024-08-07,23,31.5,38,30.6,0.0,0.0,18.0,0.0,0.0,0.0,0.0,none,False
2024-08-08 00:00:00,2024-08-08,0,30.6,41,30.6,0.0,0.0,14.1,0.0,0.0,0.0,0.0,none,False
2024-08-08 01:00:00,2024-08-08,1,29.5,45,29.9,0.0,0.0,12.6,0.0,0.0,0.0,0.0,none,False
2024-08-08 02:00:00,2024-08-08,2,28.4,50,29.2,0.0,0.0,10.9,0.0,0.0,0.0,0.0,none,False
2024-08-08 03:00:00,2024-08-08,3,27.4,55,28.9,0.0,0.0,9.0,0.0,0.0,0.0,0.0,none,False
2024-08-08 04:00:00,2024-08-08,4,26.4,58,28.2,0.0,0.0,5.9,0.0,0.0,0.0,0.0,none,False
2024-08-08 05:00:00,2024-08-08,5,25.6,63,27.5,0.0,0.0,7.0,0.0,0.0,0.0,0.0,none,False
2024-08-08 06:00:00,2024-08-08,6,24.9,68,26.9,0.0,0.0,8.0,0.0,0.0,0.0,0.0,none,False
2024-08-08 07:00:00,2024-08-08,7,24.8,71,26.9,0.0,0.0,9.0,0.0,0.0,0.0,0.0,none,True
2024-08-08 08:00:00,2024-08-08,8,26.1,70,28.8,0.0,0.0,8.5,0.0,0.0,0.0,0.0,none,True
2024-08-08 09:00:00,2024-08-08,9,28.0,61,30.5,0.0,0.0,8.7,0.0,0.0,0.0,0.0,none,True
2024-08-08 10:00:00,2024-08-08,10,30.4,47,32.3,0.0,0.0,8.0,0.0,0.0,0.0,0.0,none,False
2024-08-08 11:00:00,2024-08-08,11,32.8,36,35.2,0.0,0.0,6.6,0.0,0.0,0.0,0.0,none,False
2024-08-08 12:00:00,2024-08-08,12,35.0,29,37.7,0.0,0.0,5.2,0.0,0.0,0.0,0.0,none,False
2024-08-08 13:00:00,2024-08-08,13,36.8,23,39.8,0.0,0.0,3.5,0.0,0.0,0.0,0.0,none,False
2024-08-08 14:00:00,2024-08-08,14,38.3,20,41.0,0.0,0.0,2.6,0.0,0.0,0.0,0.0,none,False
2024-08-08 15:00:00,2024-08-08,15,39.3,17,41.2,0.0,0.0,3.2,0.0,0.0,0.0,0.0,none,False
2024-08-08 16:00:00,2024-08-08,16,39.8,16,40.4,0.0,0.0,4.8,0.0,0.0,0.0,0.0,none,True
2024-08-08 17:00:00,2024-08-08,17,40.0,16,38.9,0.0,0.0,8.7,0.0,0.0,0.0,0.0,none,True
2024-08-08 18:00:00,2024-08-08,18,39.6,17,37.9,0.0,0.0,11.1,0.0,0.0,0.0,0.0,none,True
2024-08-08 19:00:00,2024-08-08,19,38.8,18,37.1,0.0,0.0,12.1,0.0,0.0,0.0,0.0,none,False
2024-08-08 20:00:00,2024-08-08,20,37.8,19,36.8,0.0,0.0,8.8,0.0,0.0,0.0,0.0,none,False
2024-08-08 21:00:00,2024-08-08,21,35.3,30,33.0,0.0,0.0,27.9,0.0,0.0,0.0,0.0,none,False
2024-08-08 22:00:00,2024-08-08,22,33.0,38,32.2,0.0,0.0,21.0,0.0,0.0,0.0,0.0,none,False
2024-08-08 23:00:00,2024-08-08,23,31.8,41,31.6,0.0,0.0,17.3,0.0,0.0,0.0,0.0,none,False
2024-08-09 00:00:00,2024-08-09,0,30.8,44,31.1,0.0,0.0,15.5,0.0,0.0,0.0,0.0,none,False
2024-08-09 01:00:00,2024-08-09,1,29.5,51,30.4,0.0,0.0,15.1,0.0,0.0,0.0,0.0,none,False
2024-08-09 02:00:00,2024-08-09,2,28.2,61,30.0,0.0,0.0,14.4,0.0,0.0,0.0,0.0,none,False
2024-08-09 03:00:00,2024-08-09,3,27.2,69,29.7,0.0,0.0,13.3,0.0,0.0,0.0,0.0,none,False
2024-08-09 04:00:00,2024-08-09,4,26.3,74,29.5,0.0,0.0,9.3,0.0,0.0,0.0,0.0,none,False
2024-08-09 05:00:00,2024-08-09,5,25.6,79,29.1,0.0,0.0,8.2,0.0,0.0,0.0,0.0,none,False
2024-08-09 06:00:00,2024-08-09,6,25.0,83,28.7,0.0,0.0,7.2,0.0,0.0,0.0,0.0,none,False
2024-08-09 07:00:00,2024-08-09,7,25.0,83,28.6,0.0,0.0,8.3,0.0,0.0,0.0,0.0,none,True
2024-08-09 08:00:00,2024-08-09,8,26.3,77,30.0,0.0,0.0,7.7,0.0,0.0,0.0,0.0,none,True
2024-08-09 09:00:00,2024-08-09,9,28.1,66,31.5,0.0,0.0,7.2,0.0,0.0,0.0,0.0,none,True
2024-08-09 10:00:00,2024-08-09,10,30.6,50,33.1,0.0,0.0,7.6,0.0,0.0,0.0,0.0,none,False
2024-08-09 11:00:00,2024-08-09,11,33.2,36,35.5,0.0,0.0,8.5,0.0,0.0,0.0,0.0,none,False
2024-08-09 12:00:00,2024-08-09,12,35.5,28,37.8,0.0,0.0,7.7,0.0,0.0,0.0,0.0,none,False
2024-08-09 13:00:00,2024-08-09,13,37.2,23,39.8,0.0,0.0,5.7,0.0,0.0,0.0,0.0,none,False
2024-08-09 14:00:00,2024-08-09,14,38.8,19,40.8,0.0,0.0,5.9,0.0,0.0,0.0,0.0,none,False
2024-08-09 15:00:00,2024-08-09,15,40.1,16,40.7,0.0,0.0,8.8,0.0,0.0,0.0,0.0,none,False
2024-08-09 16:00:00,2024-08-09,16,39.8,15,38.9,0.0,0.0,11.0,0.0,0.0,0.0,0.0,none,True
2024-08-09 17:00:00,2024-08-09,17,39.8,15,37.6,0.0,0.0,12.5,0.0,0.0,0.0,0.0,none,True
2024-08-09 18:00:00,2024-08-09,18,39.2,15,36.7,0.0,0.0,13.4,0.0,0.0,0.0,0.0,none,True
2024-08-09 19:00:00,2024-08-09,19,38.5,16,36.3,0.0,0.0,12.4,0.0,0.0,0.0,0.0,none,False
2024-08-09 20:00:00,2024-08-09,20,37.1,19,35.4,0.0,0.0,11.4,0.0,0.0,0.0,0.0,none,False
2024-08-09 21:00:00,2024-08-09,21,36.0,23,35.0,0.0,0.0,10.3,0.0,0.0,0.0,0.0,none,False
2024-08-09 22:00:00,2024-08-09,22,33.1,37,32.1,0.0,0.0,22.7,0.0,0.0,0.0,0.0,none,False
2024-08-09 23:00:00,2024-08-09,23,32.0,42,32.3,0.0,0.0,16.9,0.0,0.0,0.0,0.0,none,False
2024-08-10 00:00:00,2024-08-10,0,31.1,45,31.8,0.0,0.0,14.5,0.0,0.0,0.0,0.0,none,False
2024-08-10 01:00:00,2024-08-10,1,30.2,49,31.3,0.0,0.0,13.2,0.0,0.0,0.0,0.0,none,False
2024-08-10 02:00:00,2024-08-10,2,29.2,52,30.6,0.0,0.0,12.1,0.0,0.0,0.0,0.0,none,False
2024-08-10 03:00:00,2024-08-10,3,28.3,56,29.8,0.0,0.0,11.3,0.0,0.0,0.0,0.0,none,False
2024-08-10 04:00:00,2024-08-10,4,27.4,59,29.1,0.0,0.0,10.4,0.0,0.0,0.0,0.0,none,False
2024-08-10 05:00:00,2024-08-10,5,26.6,63,28.5,0.0,0.0,9.9,0.0,0.0,0.0,0.0,none,False
2024-08-10 06:00:00,2024-08-10,6,26.0,66,27.9,0.0,0.0,10.2,0.0,0.0,0.0,0.0,none,False
2024-08-10 07:00:00,2024-08-10,7,25.9,68,27.9,0.0,0.0,11.0,0.0,0.0,0.0,0.0,none,True
2024-08-10 08:00:00,2024-08-10,8,27.4,63,29.5,0.0,0.0,11.0,0.0,0.0,0.0,0.0,none,True
2024-08-10 09:00:00,2024-08-10,9,29.5,50,30.9,0.0,0.0,10.1,0.0,0.0,0.0,0.0,none,True
2024-08-10 10:00:00,2024-08-10,10,31.5,40,32.5,0.0,0.0,9.3,0.0,0.0,0.0,0.0,none,False
2024-08-10 11:00:00,2024-08-10,11,33.5,33,35.3,0.0,0.0,7.9,0.0,0.0,0.0,0.0,none,False
2024-08-10 12:00:00,2024-08-10,12,35.5,28,37.7,0.0,0.0,8.0,0.0,0.0,0.0,0.0,none,False
2024-08-10 13:00:00,2024-08-10,13,37.6,21,39.1,0.0,0.0,9.8,0.0,0.0,0.0,0.0,none,False
2024-08-10 14:00:00,2024-08-10,14,39.2,16,39.2,0.0,0.0,13.0,0.0,0.0,0.0,0.0,none,False
2024-08-10 15:00:00,2024-08-10,15,40.0,14,39.0,0.0,0.0,14.1,0.0,0.0,0.0,0.0,none,False
2024-08-10 16:00:00,2024-08-10,16,39.3,18,38.9,0.0,0.0,11.9,0.0,0.0,0.0,0.0,none,True
2024-08-10 17:00:00,2024-08-10,17,39.3,17,37.7,0.0,0.0,12.7,0.0,0.0,0.0,0.0,none,True
2024-08-10 18:00:00,2024-08-10,18,38.8,18,36.9,0.0,0.0,14.2,0.0,0.0,0.0,0.0,none,True
2024-08-10 19:00:00,2024-08-10,19,38.0,20,36.2,0.0,0.0,14.3,0.0,0.0,0.0,0.0,none,False
2024-08-10 20:00:00,2024-08-10,20,36.8,23,35.7,0.0,0.0,12.2,0.0,0.0,0.0,0.0,none,False
2024-08-10 21:00:00,2024-08-10,21,35.8,25,34.2,0.0,0.0,16.2,0.0,0.0,0.0,0.0,none,False
2024-08-10 22:00:00,2024-08-10,22,33.6,30,31.6,0.0,0.0,21.3,0.0,0.0,0.0,0.0,none,False
2024-08-10 23:00:00,2024-08-10,23,32.1,34,31.0,0.0,0.0,16.9,0.0,0.0,0.0,0.0,none,False
2024-08-11 00:00:00,2024-08-11,0,30.9,38,30.6,0.0,0.0,13.8,0.0,0.0,0.0,0.0,none,False
2024-08-11 01:00:00,2024-08-11,1,29.8,42,29.8,0.0,0.0,12.6,0.0,0.0,0.0,0.0,none,False
2024-08-11 02:00:00,2024-08-11,2,28.4,48,28.6,0.0,0.0,13.1,0.0,0.0,0.0,0.0,none,False
2024-08-11 03:00:00,2024-08-11,3,27.0,58,28.2,0.0,0.0,12.0,0.0,0.0,0.0,0.0,none,False
2024-08-11 04:00:00,2024-08-11,4,26.2,61,27.6,0.0,0.0,11.3,0.0,0.0,0.0,0.0,none,False
2024-08-11 05:00:00,2024-08-11,5,25.3,74,27.8,0.0,0.0,9.9,0.0,0.0,0.0,0.0,none,False
2024-08-11 06:00:00,2024-08-11,6,24.7,82,27.9,0.0,0.0,9.2,0.0,0.0,0.0,0.0,none,False
2024-08-11 07:00:00,2024-08-11,7,24.8,85,28.1,0.0,0.0,10.5,0.0,0.0,0.0,0.0,none,True
2024-08-11 08:00:00,2024-08-11,8,26.0,79,29.2,0.0,0.0,12.0,0.0,0.0,0.0,0.0,none,True
2024-08-11 09:00:00,2024-08-11,9,27.7,70,31.1,0.0,0.0,9.7,0.0,0.0,0.0,0.0,none,True
2024-08-11 10:00:00,2024-08-11,10,30.0,59,33.2,0.0,0.0,8.4,0.0,0.0,0.0,0.0,none,False
2024-08-11 11:00:00,2024-08-11,11,32.7,46,36.0,0.0,0.0,10.0,0.0,0.0,0.0,0.0,none,False
2024-08-11 12:00:00,2024-08-11,12,35.4,35,38.4,0.0,0.0,11.2,0.0,0.0,0.0,0.0,none,False
2024-08-11 13:00:00,2024-08-11,13,37.7,27,39.8,0.0,0.0,13.0,0.0,0.0,0.0,0.0,none,False
2024-08-11 14:00:00,2024-08-11,14,39.4,22,40.7,0.0,0.0,14.1,0.0,0.0,0.0,0.0,none,False
2024-08-11 15:00:00,2024-08-11,15,40.5,19,40.9,0.0,0.0,13.9,0.0,0.0,0.0,0.0,none,False
2024-08-11 16:00:00,2024-08-11,16,39.9,19,39.7,0.0,0.0,13.4,0.0,0.0,0.0,0.0,none,True
2024-08-11 17:00:00,2024-08-11,17,40.0,18,38.3,0.0,0.0,14.8,0.0,0.0,0.0,0.0,none,True
2024-08-11 18:00:00,2024-08-11,18,39.5,19,37.6,0.0,0.0,16.1,0.0,0.0,0.0,0.0,none,True
2024-08-11 19:00:00,2024-08-11,19,38.4,21,36.3,0.0,0.0,19.2,0.0,0.0,0.0,0.0,none,False
2024-08-11 20:00:00,2024-08-11,20,36.3,25,34.1,0.0,0.0,22.4,0.0,0.0,0.0,0.0,none,False
2024-08-11 21:00:00,2024-08-11,21,34.0,30,31.8,0.0,0.0,25.0,0.0,0.0,0.0,0.0,none,False
2024-08-11 22:00:00,2024-08-11,22,32.2,37,31.0,0.0,0.0,21.2,0.0,0.0,0.0,0.0,none,False
2024-08-11 23:00:00,2024-08-11,23,30.6,44,30.8,0.0,0.0,16.3,0.0,0.0,0.0,0.0,none,False
2024-08-12 00:00:00,2024-08-12,0,29.5,50,30.5,0.0,0.0,13.0,0.0,0.0,0.0,0.0,none,False
2024-08-12 01:00:00,2024-08-12,1,28.2,58,29.8,0.0,0.0,12.9,0.0,0.0,0.0,0.0,none,False
2024-08-12 02:00:00,2024-08-12,2,27.0,66,29.2,0.0,0.0,11.5,0.0,0.0,0.0,0.0,none,False
2024-08-12 03:00:00,2024-08-12,3,26.1,72,28.9,0.0,0.0,9.7,0.0,0.0,0.0,0.0,none,False
2024-08-12 04:00:00,2024-08-12,4,25.2,76,28.1,0.0,0.0,9.0,0.0,0.0,0.0,0.0,none,False
2024-08-12 05:00:00,2024-08-12,5,24.5,82,28.1,0.0,0.0,6.5,0.0,0.0,0.0,0.0,none,False
2024-08-12 06:00:00,2024-08-12,6,23.9,86,27.8,0.0,0.0,5.4,0.0,0.0,0.0,0.0,none,False
2024-08-12 07:00:00,2024-08-12,7,24.0,87,27.7,0.0,0.0,6.7,0.0,0.0,0.0,0.0,none,True
2024-08-12 08:00:00,2024-08-12,8,25.2,82,29.0,0.0,0.0,7.5,0.0,0.0,0.0,0.0,none,True
2024-08-12 09:00:00,2024-08-12,9,26.9,74,30.7,0.0,0.0,6.2,0.0,0.0,0.0,0.0,none,True
2024-08-12 10:00:00,2024-08-12,10,29.2,59,32.7,0.0,0.0,5.8,0.0,0.0,0.0,0.0,none,False
2024-08-12 11:00:00,2024-08-12,11,32.0,44,35.5,0.0,0.0,5.2,0.0,0.0,0.0,0.0,none,False
2024-08-12 12:00:00,2024-08-12,12,34.5,33,38.1,0.0,0.0,4.4,0.0,0.0,0.0,0.0,none,False
2024-08-12 13:00:00,2024-08-12,13,36.8,24,39.3,0.0,0.0,6.4,0.0,0.0,0.0,0.0,none,False
2024-08-12 14:00:00,2024-08-12,14,38.7,17,39.3,0.0,0.0,10.9,0.0,0.0,0.0,0.0,none,False
2024-08-12 15:00:00,2024-08-12,15,39.6,14,38.3,0.0,0.0,16.0,0.0,0.0,0.0,0.0,none,False
2024-08-12 16:00:00,2024-08-12,16,38.0,15,35.6,0.0,0.0,17.6,0.0,0.0,0.0,0.0,none,True
2024-08-12 17:00:00,2024-08-12,17,37.8,15,35.0,0.0,0.0,15.6,0.0,0.0,0.0,0.0,none,True
2024-08-12 18:00:00,2024-08-12,18,37.0,17,34.3,0.0,0.0,14.1,0.0,0.0,0.0,0.0,none,True
2024-08-12 19:00:00,2024-08-12,19,36.1,18,33.9,0.0,0.0,12.2,0.0,0.0,0.0,0.0,none,False
2024-08-12 20:00:00,2024-08-12,20,34.7,22,33.1,0.0,0.0,9.7,0.0,0.0,0.0,0.0,none,False
2024-08-12 21:00:00,2024-08-12,21,33.8,24,32.9,0.0,0.0,6.8,0.0,0.0,0.0,0.0,none,False
2024-08-12 22:00:00,2024-08-12,22,32.8,25,31.6,0.0,0.0,9.4,0.0,0.0,0.0,0.0,none,False
2024-08-12 23:00:00,2024-08-12,23,29.6,49,28.6,0.0,0.0,25.5,0.0,0.0,0.0,0.0,none,False
2024-08-13 00:00:00,2024-08-13,0,29.1,51,29.5,0.0,0.0,17.3,0.0,0.0,0.0,0.0,none,False
2024-08-13 01:00:00,2024-08-13,1,28.3,52,28.8,0.0,0.0,15.5,0.0,0.0,0.0,0.0,none,False
2024-08-13 02:00:00,2024-08-13,2,27.5,57,28.7,0.0,0.0,12.4,0.0,0.0,0.0,0.0,none,False
2024-08-13 03:00:00,2024-08-13,3,26.9,60,28.6,0.0,0.0,9.8,0.0,0.0,0.0,0.0,none,False
2024-08-13 04:00:00,2024-08-13,4,26.5,57,27.9,0.0,0.0,8.3,0.0,0.0,0.0,0.0,none,False
2024-08-13 05:00:00,2024-08-13,5,25.9,61,27.8,0.0,0.0,6.3,0.0,0.0,0.0,0.0,none,False
2024-08-13 06:00:00,2024-08-13,6,25.3,64,27.4,0.0,0.0,5.6,0.0,0.0,0.0,0.0,none,False
2024-08-13 07:00:00,2024-08-13,7,25.4,65,27.6,0.0,0.0,6.2,0.0,0.0,0.0,0.0,none,True
2024-08-13 08:00:00,2024-08-13,8,27.0,60,29.4,0.0,0.0,5.9,0.0,0.0,0.0,0.0,none,True
2024-08-13 09:00:00,2024-08-13,9,29.4,48,31.0,0.0,0.0,6.0,0.0,0.0,0.0,0.0,none,True
2024-08-13 10:00:00,2024-08-13,10,31.6,39,32.8,0.0,0.0,6.6,0.0,0.0,0.0,0.0,none,False
2024-08-13 11:00:00,2024-08-13,11,33.6,34,35.8,0.0,0.0,6.0,0.0,0.0,0.0,0.0,none,False
2024-08-13 12:00:00,2024-08-13,12,35.3,29,37.6,0.0,0.0,7.8,0.0,0.0,0.0,0.0,none,False
2024-08-13 13:00:00,2024-08-13,13,36.8,25,38.3,0.0,0.0,11.8,0.0,0.0,0.0,0.0,none,False
2024-08-13 14:00:00,2024-08-13,14,37.8,21,37.9,0.0,0.0,16.7,0.0,0.0,0.0,0.0,none,False
2024-08-13 15:00:00,2024-08-13,15,38.0,20,37.4,0.0,0.0,17.2,0.0,0.0,0.0,0.0,none,False
2024-08-13 16:00:00,2024-08-13,16,37.7,20,36.7,0.0,0.0,15.7,0.0,0.0,0.0,0.0,none,True
2024-08-13 17:00:00,2024-08-13,17,37.5,20,35.6,0.0,0.0,15.8,0.0,0.0,0.0,0.0,none,True
2024-08-13 18:00:00,2024-08-13,18,36.7,20,34.7,0.0,0.0,14.5,0.0,0.0,0.0,0.0,none,True
2024-08-13 19:00:00,2024-08-13,19,36.0,20,33.8,0.0,0.0,13.7,0.0,0.0,0.0,0.0,none,False
2024-08-13 20:00:00,2024-08-13,20,34.4,22,32.9,0.0,0.0,10.2,0.0,0.0,0.0,0.0,none,False
2024-08-13 21:00:00,2024-08-13,21,33.8,25,32.7,0.0,0.0,9.0,0.0,0.0,0.0,0.0,none,False
2024-08-13 22:00:00,2024-08-13,22,32.8,31,31.5,0.0,0.0,16.2,0.0,0.0,0.0,0.0,none,False
2024-08-13 23:00:00,2024-08-13,23,29.8,53,30.3,0.0,0.0,20.2,0.0,0.0,0.0,0.0,none,False
2024-08-14 00:00:00,2024-08-14,0,29.5,54,31.2,0.0,0.0,12.8,0.0,0.0,0.0,0.0,none,False
2024-08-14 01:00:00,2024-08-14,1,28.9,58,30.9,0.0,0.0,10.9,0.0,0.0,0.0,0.0,none,False
2024-08-14 02:00:00,2024-08-14,2,28.1,61,30.5,0.0,0.0,9.3,0.0,0.0,0.0,0.0,none,False
2024-08-14 03:00:00,2024-08-14,3,27.2,64,29.9,0.0,0.0,8.0,0.0,0.0,0.0,0.0,none,False
2024-08-14 04:00:00,2024-08-14,4,26.4,66,28.9,0.0,0.0,8.1,0.0,0.0,0.0,0.0,none,False
2024-08-14 05:00:00,2024-08-14,5,25.5,69,27.6,0.0,0.0,10.3,0.0,0.0,0.0,0.0,none,False
2024-08-14 06:00:00,2024-08-14,6,24.7,74,27.2,0.0,0.0,8.2,0.0,0.0,0.0,0.0,none,False
2024-08-14 07:00:00,2024-08-14,7,24.5,77,27.5,0.0,0.0,7.3,0.0,0.0,0.0,0.0,none,True
2024-08-14 08:00:00,2024-08-14,8,25.8,76,29.1,0.0,0.0,7.4,0.0,0.0,0.0,0.0,none,True
2024-08-14 09:00:00,2024-08-14,9,27.6,65,30.6,0.0,0.0,8.1,0.0,0.0,0.0,0.0,none,True
2024-08-14 10:00:00,2024-08-14,10,29.5,58,32.4,0.0,0.0,8.8,0.0,0.0,0.0,0.0,none,False
2024-08-14 11:00:00,2024-08-14,11,31.9,47,35.1,0.0,0.0,9.2,0.0,0.0,0.0,0.0,none,False
2024-08-14 12:00:00,2024-08-14,12,34.4,37,37.4,0.0,0.0,10.8,0.0,0.0,0.0,0.0,none,False
2024-08-14 13:00:00,2024-08-14,13,36.7,29,38.7,0.0,0.0,13.9,0.0,0.0,0.0,0.0,none,False
2024-08-14 14:00:00,2024-08-14,14,38.2,25,39.5,0.0,0.0,16.1,0.0,0.0,0.0,0.0,none,False
2024-08-14 15:00:00,2024-08-14,15,39.3,23,39.9,0.0,0.0,16.3,0.0,0.0,0.0,0.0,none,False
2024-08-14 16:00:00,2024-08-14,16,38.6,24,38.5,0.0,0.0,17.0,0.0,0.0,0.0,0.0,none,True
2024-08-14 17:00:00,2024-08-14,17,39.0,20,37.2,0.0,0.0,17.6,0.0,0.0,0.0,0.0,none,True
2024-08-14 18:00:00,2024-08-14,18,38.4,20,35.8,0.0,0.0,20.6,0.0,0.0,0.0,0.0,none,True
2024-08-14 19:00:00,2024-08-14,19,37.0,21,34.3,0.0,0.0,21.1,0.0,0.0,0.0,0.0,none,False
2024-08-14 20:00:00,2024-08-14,20,35.5,23,33.0,0.0,0.0,19.5,0.0,0.0,0.0,0.0,none,False
2024-08-14 21:00:00,2024-08-14,21,34.0,27,31.7,0.0,0.0,20.2,0.0,0.0,0.0,0.0,none,False
2024-08-14 22:00:00,2024-08-14,22,32.1,35,30.8,0.0,0.0,19.8,0.0,0.0,0.0,0.0,none,False
2024-08-14 23:00:00,2024-08-14,23,30.5,42,30.3,0.0,0.0,15.9,0.0,0.0,0.0,0.0,none,False
2024-08-15 00:00:00,2024-08-15,0,29.2,47,29.9,0.0,0.0,12.0,0.0,0.0,0.0,0.0,none,False
2024-08-15 01:00:00,2024-08-15,1,28.1,53,29.5,0.0,0.0,8.7,0.0,0.0,0.0,0.0,none,False
2024-08-15 02:00:00,2024-08-15,2,27.1,58,28.9,0.0,0.0,7.9,0.0,0.0,0.0,0.0,none,False
2024-08-15 03:00:00,2024-08-15,3,26.2,63,28.4,0.0,0.0,6.8,0.0,0.0,0.0,0.0,none,False
2024-08-15 04:00:00,2024-08-15,4,25.1,68,27.3,0.0,0.0,7.7,0.0,0.0,0.0,0.0,none,False
2024-08-15 05:00:00,2024-08-15,5,24.5,73,26.9,0.0,0.0,7.3,0.0,0.0,0.0,0.0,none,False
2024-08-15 06:00:00,2024-08-15,6,23.9,77,26.7,0.0,0.0,6.0,0.0,0.0,0.0,0.0,none,False
2024-08-15 07:00:00,2024-08-15,7,23.9,78,26.6,0.0,0.0,7.8,0.0,0.0,0.0,0.0,none,True
2024-08-15 08:00:00,2024-08-15,8,25.3,78,28.7,0.0,0.0,7.3,0.0,0.0,0.0,0.0,none,True
2024-08-15 09:00:00,2024-08-15,9,27.0,72,30.5,0.0,0.0,8.1,0.0,0.0,0.0,0.0,none,True
2024-08-15 10:00:00,2024-08-15,10,29.5,58,32.3,0.0,0.0,8.7,0.0,0.0,0.0,0.0,none,False
2024-08-15 11:00:00,2024-08-15,11,32.3,45,35.4,0.0,0.0,9.3,0.0,0.0,0.0,0.0,none,False
2024-08-15 12:00:00,2024-08-15,12,35.2,34,38.1,0.0,0.0,10.2,0.0,0.0,0.0,0.0,none,False
2024-08-15 13:00:00,2024-08-15,13,38.0,22,39.0,0.0,0.0,13.7,0.0,0.0,0.0,0.0,none,False
2024-08-15 14:00:00,2024-08-15,14,39.5,17,39.4,0.0,0.0,16.1,0.0,0.0,0.0,0.0,none,False
2024-08-15 15:00:00,2024-08-15,15,40.5,15,39.5,0.0,0.0,16.2,0.0,0.0,0.0,0.0,none,False
2024-08-15 16:00:00,2024-08-15,16,39.8,15,37.8,0.0,0.0,17.5,0.0,0.0,0.0,0.0,none,True
2024-08-15 17:00:00,2024-08-15,17,39.5,15,36.5,0.0,0.0,18.8,0.0,0.0,0.0,0.0,none,True
2024-08-15 18:00:00,2024-08-15,18,39.0,16,35.9,0.0,0.0,18.3,0.0,0.0,0.0,0.0,none,True
2024-08-15 19:00:00,2024-08-15,19,37.5,18,34.2,0.0,0.0,21.0,0.0,0.0,0.0,0.0,none,False
2024-08-15 20:00:00,2024-08-15,20,35.8,21,33.2,0.0,0.0,18.5,0.0,0.0,0.0,0.0,none,False
2024-08-15 21:00:00,2024-08-15,21,34.2,25,32.1,0.0,0.0,17.9,0.0,0.0,0.0,0.0,none,False
2024-08-15 22:00:00,2024-08-15,22,32.7,29,30.9,0.0,0.0,17.2,0.0,0.0,0.0,0.0,none,False
2024-08-15 23:00:00,2024-08-15,23,31.3,33,30.2,0.0,0.0,14.0,0.0,0.0,0.0,0.0,none,False
2024-08-16 00:00:00,2024-08-16,0,29.8,40,29.6,0.0,0.0,11.4,0.0,0.0,0.0,0.0,none,False
2024-08-16 01:00:00,2024-08-16,1,28.2,49,29.1,0.0,0.0,8.8,0.0,0.0,0.0,0.0,none,False
2024-08-16 02:00:00,2024-08-16,2,27.0,56,28.8,0.0,0.0,5.8,0.0,0.0,0.0,0.0,none,False
2024-08-16 03:00:00,2024-08-16,3,26.0,63,28.4,0.0,0.0,5.5,0.0,0.0,0.0,0.0,none,False
2024-08-16 04:00:00,2024-08-16,4,25.1,64,26.8,0.0,0.0,7.6,0.0,0.0,0.0,0.0,none,False
2024-08-16 05:00:00,2024-08-16,5,24.0,78,26.7,0.0,0.0,8.5,0.0,0.0,0.0,0.0,none,False
2024-08-16 06:00:00,2024-08-16,6,23.3,91,27.2,0.0,0.0,5.8,0.0,0.0,0.0,0.0,none,False
2024-08-16 07:00:00,2024-08-16,7,23.9,92,27.8,0.0,0.0,9.1,0.0,0.0,0.0,0.0,none,True
2024-08-16 08:00:00,2024-08-16,8,25.0,84,28.8,0.0,0.0,8.2,0.0,0.0,0.0,0.0,none,True
2024-08-16 09:00:00,2024-08-16,9,26.8,72,30.3,0.0,0.0,6.4,0.0,0.0,0.0,0.0,none,True
2024-08-16 10:00:00,2024-08-16,10,29.0,59,32.2,0.0,0.0,6.8,0.0,0.0,0.0,0.0,none,False
2024-08-16 11:00:00,2024-08-16,11,31.9,46,35.2,0.0,0.0,7.7,0.0,0.0,0.0,0.0,none,False
2024-08-16 12:00:00,2024-08-16,12,34.6,34,37.3,0.0,0.0,10.0,0.0,0.0,0.0,0.0,none,False
2024-08-16 13:00:00,2024-08-16,13,36.7,28,38.6,0.0,0.0,13.7,0.0,0.0,0.0,0.0,none,False
2024-08-16 14:00:00,2024-08-16,14,38.2,25,39.3,0.0,0.0,16.9,0.0,0.0,0.0,0.0,none,False
2024-08-16 15:00:00,2024-08-16,15,38.9,25,39.6,0.0,0.0,18.5,0.0,0.0,0.0,0.0,none,False
2024-08-16 16:00:00,2024-08-16,16,38.6,26,39.1,0.0,0.0,16.8,0.0,0.0,0.0,0.0,none,True
2024-08-16 17:00:00,2024-08-16,17,39.2,24,38.7,0.0,0.0,15.5,0.0,0.0,0.0,0.0,none,True
2024-08-16 18:00:00,2024-08-16,18,39.1,23,37.6,0.0,0.0,19.1,0.0,0.0,0.0,0.0,none,True
2024-08-16 19:00:00,2024-08-16,19,37.6,25,35.2,0.0,0.0,26.0,0.0,0.0,0.0,0.0,none,False
2024-08-16 20:00:00,2024-08-16,20,35.5,30,33.8,0.0,0.0,24.3,0.0,0.0,0.0,0.0,none,False
2024-08-16 21:00:00,2024-08-16,21,34.4,32,33.6,0.0,0.0,17.8,0.0,0.0,0.0,0.0,none,False
2024-08-16 22:00:00,2024-08-16,22,33.0,38,32.9,0.0,0.0,16.1,0.0,0.0,0.0,0.0,none,False
2024-08-16 23:00:00,2024-08-16,23,31.2,46,32.0,0.0,0.0,14.8,0.0,0.0,0.0,0.0,none,False
2024-08-17 00:00:00,2024-08-17,0,29.8,52,31.1,0.0,0.0,13.5,0.0,0.0,0.0,0.0,none,False
2024-08-17 01:00:00,2024-08-17,1,28.5,59,30.5,0.0,0.0,12.5,0.0,0.0,0.0,0.0,none,False
2024-08-17 02:00:00,2024-08-17,2,27.6,66,30.3,0.0,0.0,10.4,0.0,0.0,0.0,0.0,none,False
2024-08-17 03:00:00,2024-08-17,3,27.0,71,30.2,0.0,0.0,9.7,0.0,0.0,0.0,0.0,none,False
2024-08-17 04:00:00,2024-08-17,4,26.5,74,30.2,0.0,0.0,6.5,0.0,0.0,0.0,0.0,none,False
2024-08-17 05:00:00,2024-08-17,5,26.0,79,30.1,0.0,0.0,5.4,0.0,0.0,0.0,0.0,none,False
2024-08-17 06:00:00,2024-08-17,6,25.5,82,29.8,0.0,0.0,4.7,0.0,0.0,0.0,0.0,none,False
2024-08-17 07:00:00,2024-08-17,7,25.3,85,29.5,0.0,0.0,7.8,0.0,0.0,0.0,0.0,none,True
2024-08-17 08:00:00,2024-08-17,8,26.6,81,30.5,0.0,0.0,11.9,0.0,0.0,0.0,0.0,none,True
2024-08-17 09:00:00,2024-08-17,9,28.2,71,32.0,0.0,0.0,9.8,0.0,0.0,0.0,0.0,none,True
2024-08-17 10:00:00,2024-08-17,10,30.2,60,33.7,0.0,0.0,9.1,0.0,0.0,0.0,0.0,none,False
2024-08-17 11:00:00,2024-08-17,11,32.7,48,36.5,0.0,0.0,9.7,0.0,0.0,0.0,0.0,none,False
2024-08-17 12:00:00,2024-08-17,12,35.2,37,38.5,0.0,0.0,11.3,0.0,0.0,0.0,0.0,none,False
2024-08-17 13:00:00,2024-08-17,13,37.5,28,39.9,0.0,0.0,12.6,0.0,0.0,0.0,0.0,none,False
2024-08-17 14:00:00,2024-08-17,14,39.2,22,40.6,0.0,0.0,13.9,0.0,0.0,0.0,0.0,none,False
2024-08-17 15:00:00,2024-08-17,15,40.2,19,40.2,0.0,0.0,17.7,0.0,0.0,0.0,0.0,none,False
2024-08-17 16:00:00,2024-08-17,16,39.3,23,39.2,0.0,0.0,16.9,0.0,0.0,0.0,0.0,none,True
2024-08-17 17:00:00,2024-08-17,17,39.5,20,37.5,0.0,0.0,18.2,0.0,0.0,0.0,0.0,none,True
2024-08-17 18:00:00,2024-08-17,18,39.2,16,36.3,0.0,0.0,18.1,0.0,0.0,0.0,0.0,none,True
2024-08-17 19:00:00,2024-08-17,19,37.8,17,34.5,0.0,0.0,20.5,0.0,0.0,0.0,0.0,none,False
2024-08-17 20:00:00,2024-08-17,20,35.5,23,32.9,0.0,0.0,19.7,0.0,0.0,0.0,0.0,none,False
2024-08-17 21:00:00,2024-08-17,21,33.8,25,31.3,0.0,0.0,19.4,0.0,0.0,0.0,0.0,none,False
2024-08-17 22:00:00,2024-08-17,22,32.5,28,30.8,0.0,0.0,15.8,0.0,0.0,0.0,0.0,none,False
2024-08-17 23:00:00,2024-08-17,23,31.1,36,31.1,0.0,0.0,9.9,0.0,0.0,0.0,0.0,none,False
2024-08-18 00:00:00,2024-08-18,0,29.9,44,30.8,0.0,0.0,8.0,0.0,0.0,0.0,0.0,none,False
2024-08-18 01:00:00,2024-08-18,1,28.5,51,29.9,0.0,0.0,9.0,0.0,0.0,0.0,0.0,none,False
2024-08-18 02:00:00,2024-08-18,2,27.1,60,28.8,0.0,0.0,10.6,0.0,0.0,0.0,0.0,none,False
2024-08-18 03:00:00,2024-08-18,3,25.9,71,28.6,0.0,0.0,9.0,0.0,0.0,0.0,0.0,none,False
2024-08-18 04:00:00,2024-08-18,4,25.5,77,28.8,0.0,0.0,7.4,0.0,0.0,0.0,0.0,none,False
2024-08-18 05:00:00,2024-08-18,5,24.8,84,28.7,0.0,0.0,6.0,0.0,0.0,0.0,0.0,none,False
2024-08-18 06:00:00,2024-08-18,6,24.3,89,28.6,0.0,0.0,5.8,0.0,0.0,0.0,0.0,none,False
2024-08-18 07:00:00,2024-08-18,7,24.6,88,28.7,0.0,0.0,7.6,0.0,0.0,0.0,0.0,none,True
2024-08-18 08:00:00,2024-08-18,8,25.6,81,29.6,0.0,0.0,6.4,0.0,0.0,0.0,0.0,none,True
2024-08-18 09:00:00,2024-08-18,9,27.1,72,31.1,0.0,0.0,5.4,0.0,0.0,0.0,0.0,none,True
2024-08-18 10:00:00,2024-08-18,10,29.2,62,33.0,0.0,0.0,5.7,0.0,0.0,0.0,0.0,none,False
2024-08-18 11:00:00,2024-08-18,11,31.7,50,35.7,0.0,0.0,7.0,0.0,0.0,0.0,0.0,none,False
2024-08-18 12:00:00,2024-08-18,12,34.2,38,37.9,0.0,0.0,8.5,0.0,0.0,0.0,0.0,none,False
2024-08-18 13:00:00,2024-08-18,13,36.2,30,39.1,0.0,0.0,10.5,0.0,0.0,0.0,0.0,none,False
2024-08-18 14:00:00,2024-08-18,14,37.8,25,39.7,0.0,0.0,12.4,0.0,0.0,0.0,0.0,none,False
2024-08-18 15:00:00,2024-08-18,15,38.8,21,39.4,0.0,0.0,13.2,0.0,0.0,0.0,0.0,none,False
2024-08-18 16:00:00,2024-08-18,16,38.5,20,37.8,0.0,0.0,14.6,0.0,0.0,0.0,0.0,none,True
2024-08-18 17:00:00,2024-08-18,17,38.5,18,36.4,0.0,0.0,15.7,0.0,0.0,0.0,0.0,none,True
2024-08-18 18:00:00,2024-08-18,18,37.8,19,35.6,0.0,0.0,14.4,0.0,0.0,0.0,0.0,none,True
2024-08-18 19:00:00,2024-08-18,19,36.8,19,34.7,0.0,0.0,13.3,0.0,0.0,0.0,0.0,none,False
2024-08-18 20:00:00,2024-08-18,20,35.5,22,34.4,0.0,0.0,8.3,0.0,0.0,0.0,0.0,none,False
2024-08-18 21:00:00,2024-08-18,21,34.5,25,33.4,0.0,0.0,10.9,0.0,0.0,0.0,0.0,none,False
2024-08-18 22:00:00,2024-08-18,22,31.9,41,31.4,0.0,0.0,20.3,0.0,0.0,0.0,0.0,none,False
2024-08-18 23:00:00,2024-08-18,23,31.0,44,31.6,0.0,0.0,14.9,0.0,0.0,0.0,0.0,none,False
2024-08-19 00:00:00,2024-08-19,0,29.9,49,30.9,0.0,0.0,13.2,0.0,0.0,0.0,0.0,none,False
2024-08-19 01:00:00,2024-08-19,1,28.9,54,30.5,0.0,0.0,11.4,0.0,0.0,0.0,0.0,none,False
2024-08-19 02:00:00,2024-08-19,2,27.8,60,29.9,0.0,0.0,9.8,0.0,0.0,0.0,0.0,none,False
2024-08-19 03:00:00,2024-08-19,3,27.0,66,29.6,0.0,0.0,8.1,0.0,0.0,0.0,0.0,none,False
2024-08-19 04:00:00,2024-08-19,4,25.9,67,28.6,0.0,0.0,5.9,0.0,0.0,0.0,0.0,none,False
2024-08-19 05:00:00,2024-08-19,5,25.0,73,28.1,0.0,0.0,4.6,0.0,0.0,0.0,0.0,none,False
2024-08-19 06:00:00,2024-08-19,6,24.0,79,27.5,0.0,0.0,4.0,0.0,0.0,0.0,0.0,none,False
2024-08-19 07:00:00,2024-08-19,7,24.1,80,27.8,0.0,0.0,2.9,0.0,0.0,0.0,0.0,none,True
2024-08-19 08:00:00,2024-08-19,8,25.3,74,28.9,0.0,0.0,2.9,0.0,0.0,0.0,0.0,none,True
2024-08-19 09:00:00,2024-08-19,9,27.5,61,30.4,0.0,0.0,3.5,0.0,0.0,0.0,0.0,none,True
2024-08-19 10:00:00,2024-08-19,10,30.1,45,32.1,0.0,0.0,4.8,0.0,0.0,0.0,0.0,none,False
2024-08-19 11:00:00,2024-08-19,11,32.6,36,34.9,0.0,0.0,6.3,0.0,0.0,0.0,0.0,none,False
2024-08-19 12:00:00,2024-08-19,12,35.0,30,37.2,0.0,0.0,9.1,0.0,0.0,0.0,0.0,none,False
2024-08-19 13:00:00,2024-08-19,13,37.0,23,38.0,0.0,0.0,14.1,0.0,0.0,0.0,0.0,none,False
2024-08-19 14:00:00,2024-08-19,14,38.3,20,38.4,0.0,0.0,15.9,0.0,0.0,0.0,0.0,none,False
2024-08-19 15:00:00,2024-08-19,15,38.9,19,38.7,0.0,0.0,15.5,0.0,0.0,0.0,0.0,none,False
2024-08-19 16:00:00,2024-08-19,16,38.5,20,37.8,0.0,0.0,14.5,0.0,0.0,0.0,0.0,none,True
2024-08-19 17:00:00,2024-08-19,17,38.5,20,37.0,0.0,0.0,14.4,0.0,0.0,0.0,0.0,none,True
2024-08-19 18:00:00,2024-08-19,18,37.9,21,36.7,0.0,0.0,11.9,0.0,0.0,0.0,0.0,none,True
2024-08-19 19:00:00,2024-08-19,19,37.4,23,36.7,0.0,0.0,10.0,0.0,0.0,0.0,0.0,none,False
2024-08-19 20:00:00,2024-08-19,20,36.2,26,36.1,0.0,0.0,9.2,0.0,0.0,0.0,0.0,none,False
2024-08-19 21:00:00,2024-08-19,21,32.9,37,31.2,0.0,0.0,26.5,0.0,0.0,0.0,0.0,none,False
2024-08-19 22:00:00,2024-08-19,22,32.0,38,31.5,0.0,0.0,18.0,0.0,0.0,0.0,0.0,none,False
2024-08-19 23:00:00,2024-08-19,23,30.8,40,30.6,0.0,0.0,14.8,0.0,0.0,0.0,0.0,none,False
2024-08-20 00:00:00,2024-08-20,0,29.8,44,30.0,0.0,0.0,12.3,0.0,0.0,0.0,0.0,none,False
2024-08-20 01:00:00,2024-08-20,1,28.6,48,29.4,0.0,0.0,10.5,0.0,0.0,0.0,0.0,none,False
2024-08-20 02:00:00,2024-08-20,2,27.5,55,28.8,0.0,0.0,9.4,0.0,0.0,0.0,0.0,none,False
2024-08-20 03:00:00,2024-08-20,3,26.4,62,28.3,0.0,0.0,9.0,0.0,0.0,0.0,0.0,none,False
2024-08-20 04:00:00,2024-08-20,4,24.9,69,26.9,0.0,0.0,9.2,0.0,0.0,0.0,0.0,none,False
2024-08-20 05:00:00,2024-08-20,5,24.1,75,26.6,0.0,0.0,7.2,0.0,0.0,0.0,0.0,none,False
2024-08-20 06:00:00,2024-08-20,6,23.5,80,26.4,0.0,0.0,5.5,0.0,0.0,0.0,0.0,none,False
2024-08-20 07:00:00,2024-08-20,7,23.4,81,26.2,0.0,0.0,7.3,0.0,0.0,0.0,0.0,none,True
2024-08-20 08:00:00,2024-08-20,8,24.6,77,27.6,0.0,0.0,7.6,0.0,0.0,0.0,0.0,none,True
2024-08-20 09:00:00,2024-08-20,9,26.4,69,29.2,0.0,0.0,7.2,0.0,0.0,0.0,0.0,none,True
2024-08-20 10:00:00,2024-08-20,10,28.6,55,31.2,0.0,0.0,6.0,0.0,0.0,0.0,0.0,none,False
2024-08-20 11:00:00,2024-08-20,11,31.1,43,34.2,0.0,0.0,5.7,0.0,0.0,0.0,0.0,none,False
2024-08-20 12:00:00,2024-08-20,12,33.8,34,36.9,0.0,0.0,6.2,0.0,0.0,0.0,0.0,none,False
2024-08-20 13:00:00,2024-08-20,13,36.2,27,38.9,0.0,0.0,7.2,0.0,0.0,0.0,0.0,none,False
2024-08-20 14:00:00,2024-08-20,14,38.2,20,39.8,0.0,0.0,8.7,0.0,0.0,0.0,0.0,none,False
2024-08-20 15:00:00,2024-08-20,15,39.7,17,39.9,0.0,0.0,10.8,0.0,0.0,0.0,0.0,none,False
2024-08-20 16:00:00,2024-08-20,16,38.9,17,38.2,0.0,0.0,10.8,0.0,0.0,0.0,0.0,none,True
2024-08-20 17:00:00,2024-08-20,17,39.2,16,36.9,0.0,0.0,13.8,0.0,0.0,0.0,0.0,none,True
2024-08-20 18:00:00,2024-08-20,18,38.8,16,36.3,0.0,0.0,14.9,0.0,0.0,0.0,0.0,none,True
2024-08-20 19:00:00,2024-08-20,19,37.8,19,35.7,0.0,0.0,14.4,0.0,0.0,0.0,0.0,none,False
2024-08-20 20:00:00,2024-08-20,20,36.8,22,35.2,0.0,0.0,13.5,0.0,0.0,0.0,0.0,none,False
2024-08-20 21:00:00,2024-08-20,21,34.1,25,30.8,0.0,0.0,25.6,0.0,0.0,0.0,0.0,none,False
2024-08-20 22:00:00,2024-08-20,22,32.5,31,30.6,0.0,0.0,19.1,0.0,0.0,0.0,0.0,none,False
2024-08-20 23:00:00,2024-08-20,23,30.8,36,29.8,0.0,0.0,15.9,0.0,0.0,0.0,0.0,none,False
2024-08-21 00:00:00,2024-08-21,0,29.5,42,29.2,0.0,0.0,13.8,0.0,0.0,0.0,0.0,none,False
2024-08-21 01:00:00,2024-08-21,1,28.2,48,28.6,0.0,0.0,11.8,0.0,0.0,0.0,0.0,none,False
2024-08-21 02:00:00,2024-08-21,2,27.0,54,28.1,0.0,0.0,9.4,0.0,0.0,0.0,0.0,none,False
2024-08-21 03:00:00,2024-08-21,3,26.0,60,27.4,0.0,0.0,8.8,0.0,0.0,0.0,0.0,none,False
2024-08-21 04:00:00,2024-08-21,4,24.9,65,26.4,0.0,0.0,9.0,0.0,0.0,0.0,0.0,none,False
2024-08-21 05:00:00,2024-08-21,5,24.1,69,26.0,0.0,0.0,7.6,0.0,0.0,0.0,0.0,none,False
2024-08-21 06:00:00,2024-08-21,6,23.5,73,25.6,0.0,0.0,6.2,0.0,0.0,0.0,0.0,none,False
2024-08-21 07:00:00,2024-08-21,7,23.5,72,25.4,0.0,0.0,6.8,0.0,0.0,0.0,0.0,none,True
2024-08-21 08:00:00,2024-08-21,8,26.1,56,28.0,0.0,0.0,3.4,0.0,0.0,0.0,0.0,none,True
2024-08-21 09:00:00,2024-08-21,9,28.8,47,29.1,0.0,0.0,12.6,0.0,0.0,0.0,0.0,none,True
2024-08-21 10:00:00,2024-08-21,10,30.9,40,31.1,0.0,0.0,13.0,0.0,0.0,0.0,0.0,none,False
2024-08-21 11:00:00,2024-08-21,11,33.3,33,34.1,0.0,0.0,13.0,0.0,0.0,0.0,0.0,none,False
2024-08-21 12:00:00,2024-08-21,12,36.0,27,37.0,0.0,0.0,14.1,0.0,0.0,0.0,0.0,none,False
2024-08-21 13:00:00,2024-08-21,13,38.2,22,38.9,0.0,0.0,15.9,0.0,0.0,0.0,0.0,none,False
2024-08-21 14:00:00,2024-08-21,14,39.8,19,39.9,0.0,0.0,17.7,0.0,0.0,0.0,0.0,none,False
2024-08-21 15:00:00,2024-08-21,15,40.8,17,40.0,0.0,0.0,19.5,0.0,0.0,0.0,0.0,none,False
2024-08-21 16:00:00,2024-08-21,16,40.0,20,39.2,0.0,0.0,17.9,0.0,0.0,0.0,0.0,none,True
2024-08-21 17:00:00,2024-08-21,17,40.0,20,38.4,0.0,0.0,18.2,0.0,0.0,0.0,0.0,none,True
2024-08-21 18:00:00,2024-08-21,18,39.7,21,38.1,0.0,0.0,18.2,0.0,0.0,0.0,0.0,none,True
2024-08-21 19:00:00,2024-08-21,19,38.8,20,36.4,0.0,0.0,20.5,0.0,0.0,0.0,0.0,none,False
2024-08-21 20:00:00,2024-08-21,20,37.2,20,34.6,0.0,0.0,19.4,0.0,0.0,0.0,0.0,none,False
2024-08-21 21:00:00,2024-08-21,21,35.8,21,32.9,0.0,0.0,19.7,0.0,0.0,0.0,0.0,none,False
2024-08-21 22:00:00,2024-08-21,22,33.9,26,31.4,0.0,0.0,20.7,0.0,0.0,0.0,0.0,none,False
2024-08-21 23:00:00,2024-08-21,23,32.3,32,31.1,0.0,0.0,16.2,0.0,0.0,0.0,0.0,none,False
2024-08-22 00:00:00,2024-08-22,0,30.9,38,30.4,0.0,0.0,13.7,0.0,0.0,0.0,0.0,none,False
2024-08-22 01:00:00,2024-08-22,1,29.4,45,29.7,0.0,0.0,12.3,0.0,0.0,0.0,0.0,none,False
2024-08-22 02:00:00,2024-08-22,2,28.0,54,29.1,0.0,0.0,11.2,0.0,0.0,0.0,0.0,none,False
2024-08-22 03:00:00,2024-08-22,3,27.0,62,29.2,0.0,0.0,8.4,0.0,0.0,0.0,0.0,none,False
2024-08-22 04:00:00,2024-08-22,4,26.2,75,29.5,0.0,0.0,8.8,0.0,0.0,0.0,0.0,none,False
2024-08-22 05:00:00,2024-08-22,5,25.6,80,29.2,0.0,0.0,8.8,0.0,0.0,0.0,0.0,none,False
2024-08-22 06:00:00,2024-08-22,6,25.0,84,29.0,0.0,0.0,7.7,0.0,0.0,0.0,0.0,none,False
2024-08-22 07:00:00,2024-08-22,7,25.0,83,28.6,0.0,0.0,8.9,0.0,0.0,0.0,0.0,none,True
2024-08-22 08:00:00,2024-08-22,8,26.6,73,30.0,0.0,0.0,9.2,0.0,0.0,0.0,0.0,none,True
2024-08-22 09:00:00,2024-08-22,9,29.1,58,31.5,0.0,0.0,9.9,0.0,0.0,0.0,0.0,none,True
2024-08-22 10:00:00,2024-08-22,10,31.4,48,33.3,0.0,0.0,10.6,0.0,0.0,0.0,0.0,none,False
2024-08-22 11:00:00,2024-08-22,11,33.7,38,35.9,0.0,0.0,10.9,0.0,0.0,0.0,0.0,none,False
2024-08-22 12:00:00,2024-08-22,12,35.8,32,38.3,0.0,0.0,11.3,0.0,0.0,0.0,0.0,none,False
2024-08-22 13:00:00,2024-08-22,13,38.0,27,39.9,0.0,0.0,13.6,0.0,0.0,0.0,0.0,none,False
2024-08-22 14:00:00,2024-08-22,14,39.3,23,40.3,0.0,0.0,16.4,0.0,0.0,0.0,0.0,none,False
2024-08-22 15:00:00,2024-08-22,15,39.9,21,40.1,0.0,0.0,17.7,0.0,0.0,0.0,0.0,none,False
2024-08-22 16:00:00,2024-08-22,16,38.9,24,38.8,0.0,0.0,17.2,0.0,0.0,0.0,0.0,none,True
2024-08-22 17:00:00,2024-08-22,17,38.5,27,37.7,0.0,0.0,18.8,0.0,0.0,0.0,0.0,none,True
2024-08-22 18:00:00,2024-08-22,18,37.7,27,36.7,0.0,0.0,20.1,0.0,0.0,0.0,0.0,none,True
2024-08-22 19:00:00,2024-08-22,19,36.3,28,34.8,0.0,0.0,21.5,0.0,0.0,0.0,0.0,none,False
2024-08-22 20:00:00,2024-08-22,20,34.9,32,33.9,0.0,0.0,20.1,0.0,0.0,0.0,0.0,none,False
2024-08-22 21:00:00,2024-08-22,21,33.7,36,33.1,0.0,0.0,19.7,0.0,0.0,0.0,0.0,none,False
2024-08-22 22:00:00,2024-08-22,22,32.5,40,32.5,0.0,0.0,16.9,0.0,0.0,0.0,0.0,none,False
2024-08-22 23:00:00,2024-08-22,23,31.2,43,31.6,0.0,0.0,15.5,0.0,0.0,0.0,0.0,none,False
2024-08-23 00:00:00,2024-08-23,0,30.0,49,30.9,0.0,0.0,14.4,0.0,0.0,0.0,0.0,none,False
2024-08-23 01:00:00,2024-08-23,1,28.9,55,30.4,0.0,0.0,13.4,0.0,0.0,0.0,0.0,none,False
2024-08-23 02:00:00,2024-08-23,2,28.1,59,29.9,0.0,0.0,11.8,0.0,0.0,0.0,0.0,none,False
2024-08-23 03:00:00,2024-08-23,3,27.4,62,29.5,0.0,0.0,10.0,0.0,0.0,0.0,0.0,none,False
2024-08-23 04:00:00,2024-08-23,4,26.9,64,29.1,0.0,0.0,10.0,0.0,0.0,0.0,0.0,none,False
2024-08-23 05:00:00,2024-08-23,5,26.2,68,28.5,0.0,0.0,9.7,0.0,0.0,0.0,0.0,none,False
2024-08-23 06:00:00,2024-08-23,6,25.7,71,28.4,0.0,0.0,8.5,0.0,0.0,0.0,0.0,none,False
2024-08-23 07:00:00,2024-08-23,7,25.6,74,28.5,0.0,0.0,9.2,0.0,0.0,0.0,0.0,none,True
2024-08-23 08:00:00,2024-08-23,8,27.0,72,30.4,0.0,0.0,8.6,0.0,0.0,0.0,0.0,none,True
2024-08-23 09:00:00,2024-08-23,9,28.7,61,31.6,0.0,0.0,8.2,0.0,0.0,0.0,0.0,none,True
2024-08-23 10:00:00,2024-08-23,10,30.4,53,33.0,0.0,0.0,7.9,0.0,0.0,0.0,0.0,none,False
2024-08-23 11:00:00,2024-08-23,11,32.2,45,35.4,0.0,0.0,7.5,0.0,0.0,0.0,0.0,none,False
2024-08-23 12:00:00,2024-08-23,12,33.8,39,37.7,0.0,0.0,7.0,0.0,0.0,0.0,0.0,none,False
2024-08-23 13:00:00,2024-08-23,13,35.2,35,39.5,0.0,0.0,5.5,0.0,0.0,0.0,0.0,none,False
2024-08-23 14:00:00,2024-08-23,14,36.5,32,40.9,0.0,0.0,4.0,0.0,0.0,0.0,0.0,none,False
2024-08-23 15:00:00,2024-08-23,15,37.9,28,41.6,0.0,0.0,3.2,0.0,0.0,0.0,0.0,none,False
2024-08-23 16:00:00,2024-08-23,16,37.3,31,40.5,0.0,0.0,3.8,0.0,0.0,0.0,0.0,none,True
2024-08-23 17:00:00,2024-08-23,17,38.5,27,39.7,0.0,0.0,7.7,0.0,0.0,0.0,0.0,none,True
2024-08-23 18:00:00,2024-08-23,18,37.6,27,37.2,0.0,0.0,15.4,0.0,0.0,0.0,0.0,none,True
2024-08-23 19:00:00,2024-08-23,19,37.0,27,36.3,0.0,0.0,16.0,0.0,0.0,0.0,0.0,none,False
2024-08-23 20:00:00,2024-08-23,20,36.0,29,35.5,0.0,0.0,15.5,0.0,0.0,0.0,0.0,none,False
2024-08-23 21:00:00,2024-08-23,21,32.8,47,33.5,0.0,0.0,21.9,0.0,0.0,0.0,0.0,none,False
2024-08-23 22:00:00,2024-08-23,22,31.5,51,32.2,0.0,0.0,22.3,0.0,0.0,0.0,0.0,none,False
2024-08-23 23:00:00,2024-08-23,23,30.1,53,31.0,0.0,0.0,19.4,0.0,0.0,0.0,0.0,none,False
2024-08-24 00:00:00,2024-08-24,0,29.5,55,30.6,0.0,0.0,17.4,0.0,0.0,0.0,0.0,none,False
2024-08-24 01:00:00,2024-08-24,1,28.9,58,30.6,0.0,0.0,14.0,0.0,0.0,0.0,0.0,none,False
2024-08-24 02:00:00,2024-08-24,2,28.3,61,30.3,0.0,0.0,12.8,0.0,0.0,0.0,0.0,none,False
2024-08-24 03:00:00,2024-08-24,3,27.5,64,29.6,0.0,0.0,13.0,0.0,0.0,0.0,0.0,none,False
2024-08-24 04:00:00,2024-08-24,4,26.3,69,28.8,0.0,0.0,10.1,0.0,0.0,0.0,0.0,none,False
2024-08-24 05:00:00,2024-08-24,5,25.6,73,28.6,0.0,0.0,7.9,0.0,0.0,0.0,0.0,none,False
2024-08-24 06:00:00,2024-08-24,6,25.1,77,28.5,0.0,0.0,5.4,0.0,0.0,0.0,0.0,none,False
2024-08-24 07:00:00,2024-08-24,7,25.0,77,28.5,0.0,0.0,5.7,0.0,0.0,0.0,0.0,none,True
2024-08-24 08:00:00,2024-08-24,8,26.1,73,29.6,0.0,0.0,6.2,0.0,0.0,0.0,0.0,none,True
2024-08-24 09:00:00,2024-08-24,9,27.7,66,30.8,0.0,0.0,7.3,0.0,0.0,0.0,0.0,none,True
2024-08-24 10:00:00,2024-08-24,10,29.5,58,32.5,0.0,0.0,8.0,0.0,0.0,0.0,0.0,none,False
2024-08-24 11:00:00,2024-08-24,11,31.5,51,35.3,0.0,0.0,7.7,0.0,0.0,0.0,0.0,none,False
2024-08-24 12:00:00,2024-08-24,12,33.6,42,37.7,0.0,0.0,7.6,0.0,0.0,0.0,0.0,none,False
2024-08-24 13:00:00,2024-08-24,13,35.8,33,39.0,0.0,0.0,9.2,0.0,0.0,0.0,0.0,none,False
2024-08-24 14:00:00,2024-08-24,14,37.4,28,39.7,0.0,0.0,11.8,0.0,0.0,0.0,0.0,none,False
2024-08-24 15:00:00,2024-08-24,15,38.4,26,39.9,0.0,0.0,13.1,0.0,0.0,0.0,0.0,none,False
2024-08-24 16:00:00,2024-08-24,16,38.0,26,37.6,0.0,0.0,14.7,0.0,0.0,0.0,0.0,none,True
2024-08-24 17:00:00,2024-08-24,17,38.0,25,37.4,0.0,0.0,14.0,0.0,0.0,0.0,0.0,none,True
2024-08-24 18:00:00,2024-08-24,18,37.7,25,37.0,0.0,0.0,14.4,0.0,0.0,0.0,0.0,none,True
2024-08-24 19:00:00,2024-08-24,19,36.5,27,35.3,0.0,0.0,18.3,0.0,0.0,0.0,0.0,none,False
2024-08-24 20:00:00,2024-08-24,20,35.3,31,34.2,0.0,0.0,19.9,0.0,0.0,0.0,0.0,none,False
2024-08-24 21:00:00,2024-08-24,21,33.7,38,33.3,0.0,0.0,20.2,0.0,0.0,0.0,0.0,none,False
2024-08-24 22:00:00,2024-08-24,22,32.1,44,32.2,0.0,0.0,20.6,0.0,0.0,0.0,0.0,none,False
2024-08-24 23:00:00,2024-08-24,23,30.6,50,31.4,0.0,0.0,17.4,0.0,0.0,0.0,0.0,none,False
2024-08-25 00:00:00,2024-08-25,0,29.6,53,30.7,0.0,0.0,15.5,0.0,0.0,0.0,0.0,none,False
2024-08-25 01:00:00,2024-08-25,1,28.8,55,30.3,0.0,0.0,12.7,0.0,0.0,0.0,0.0,none,False
2024-08-25 02:00:00,2024-08-25,2,28.0,59,29.8,0.0,0.0,11.5,0.0,0.0,0.0,0.0,none,False
2024-08-25 03:00:00,2024-08-25,3,27.1,64,29.5,0.0,0.0,9.4,0.0,0.0,0.0,0.0,none,False
2024-08-25 04:00:00,2024-08-25,4,26.5,64,28.8,0.0,0.0,7.6,0.0,0.0,0.0,0.0,none,False
2024-08-25 05:00:00,2024-08-25,5,25.9,68,28.5,0.0,0.0,6.5,0.0,0.0,0.0,0.0,none,False
2024-08-25 06:00:00,2024-08-25,6,25.4,71,28.3,0.0,0.0,5.8,0.0,0.0,0.0,0.0,none,False
2024-08-25 07:00:00,2024-08-25,7,25.3,73,28.3,0.0,0.0,6.6,0.0,0.0,0.0,0.0,none,True
2024-08-25 08:00:00,2024-08-25,8,26.4,72,29.8,0.0,0.0,6.1,0.0,0.0,0.0,0.0,none,True
2024-08-25 09:00:00,2024-08-25,9,27.9,65,31.5,0.0,0.0,4.4,0.0,0.0,0.0,0.0,none,True
2024-08-25 10:00:00,2024-08-25,10,29.9,55,33.3,0.0,0.0,2.9,0.0,0.0,0.0,0.0,none,False
2024-08-25 11:00:00,2024-08-25,11,32.2,45,36.2,0.0,0.0,2.9,0.0,0.0,0.0,0.0,none,False
2024-08-25 12:00:00,2024-08-25,12,34.5,36,38.4,0.0,0.0,5.4,0.0,0.0,0.0,0.0,none,False
2024-08-25 13:00:00,2024-08-25,13,36.7,30,39.7,0.0,0.0,8.8,0.0,0.0,0.0,0.0,none,False
2024-08-25 14:00:00,2024-08-25,14,38.0,25,39.8,0.0,0.0,12.1,0.0,0.0,0.0,0.0,none,False
2024-08-25 15:00:00,2024-08-25,15,38.8,22,39.2,0.0,0.0,15.0,0.0,0.0,0.0,0.0,none,False
2024-08-25 16:00:00,2024-08-25,16,38.7,21,38.5,0.0,0.0,13.0,0.0,0.0,0.0,0.0,none,True
2024-08-25 17:00:00,2024-08-25,17,38.7,18,36.5,0.0,0.0,15.1,0.0,0.0,0.0,0.0,none,True
2024-08-25 18:00:00,2024-08-25,18,37.4,18,35.2,0.0,0.0,13.9,0.0,0.0,0.0,0.0,none,True
2024-08-25 19:00:00,2024-08-25,19,37.0,18,35.0,0.0,0.0,11.5,0.0,0.0,0.0,0.0,none,False
2024-08-25 20:00:00,2024-08-25,20,35.3,20,33.3,0.0,0.0,12.0,0.0,0.0,0.0,0.0,none,False
2024-08-25 21:00:00,2024-08-25,21,34.2,22,32.7,0.0,0.0,9.1,0.0,0.0,0.0,0.0,none,False
2024-08-25 22:00:00,2024-08-25,22,33.0,24,31.2,0.0,0.0,11.5,0.0,0.0,0.0,0.0,none,False
2024-08-25 23:00:00,2024-08-25,23,30.6,54,31.8,0.0,0.0,19.3,0.0,0.0,0.0,0.0,none,False
2024-08-26 00:00:00,2024-08-26,0,29.9,58,31.6,0.0,0.0,16.8,0.0,0.0,0.0,0.0,none,False
2024-08-26 01:00:00,2024-08-26,1,29.1,62,31.2,0.0,0.0,16.9,0.0,0.0,0.0,0.0,none,False
2024-08-26 02:00:00,2024-08-26,2,28.5,64,30.8,0.0,0.0,14.5,0.0,0.0,0.0,0.0,none,False
2024-08-26 03:00:00,2024-08-26,3,27.9,66,30.9,0.0,0.0,9.2,0.0,0.0,0.0,0.0,none,False
2024-08-26 04:00:00,2024-08-26,4,27.5,74,30.8,0.0,0.0,12.2,0.0,0.0,0.0,0.0,none,False
2024-08-26 05:00:00,2024-08-26,5,26.8,77,30.5,0.0,0.0,10.6,0.0,0.0,0.0,0.0,none,False
2024-08-26 06:00:00,2024-08-26,6,26.1,80,29.7,0.0,0.0,10.7,0.0,0.0,0.0,0.0,none,False
2024-08-26 07:00:00,2024-08-26,7,25.8,80,29.9,0.0,0.0,5.7,0.0,0.0,0.0,0.0,none,True
2024-08-26 08:00:00,2024-08-26,8,27.7,71,32.2,0.0,0.0,2.5,0.0,0.0,0.0,0.0,none,True
2024-08-26 09:00:00,2024-08-26,9,29.6,63,33.7,0.0,0.0,4.7,0.0,0.0,0.0,0.0,none,True
2024-08-26 10:00:00,2024-08-26,10,32.7,46,35.7,0.0,0.0,5.4,0.0,0.0,0.0,0.0,none,False
2024-08-26 11:00:00,2024-08-26,11,35.8,31,37.6,0.0,0.0,9.2,0.0,0.0,0.0,0.0,none,False
2024-08-26 12:00:00,2024-08-26,12,37.8,22,38.1,0.0,0.0,15.0,0.0,0.0,0.0,0.0,none,False
2024-08-26 13:00:00,2024-08-26,13,38.9,19,38.6,0.0,0.0,18.3,0.0,0.0,0.0,0.0,none,False
2024-08-26 14:00:00,2024-08-26,14,39.5,17,38.7,0.0,0.0,18.9,0.0,0.0,0.0,0.0,none,False
2024-08-26 15:00:00,2024-08-26,15,39.5,16,38.2,0.0,0.0,18.4,0.0,0.0,0.0,0.0,none,False
2024-08-26 16:00:00,2024-08-26,16,40.0,15,38.1,0.0,0.0,17.7,0.0,0.0,0.0,0.0,none,True
2024-08-26 17:00:00,2024-08-26,17,39.3,17,36.9,0.0,0.0,16.3,0.0,0.0,0.0,0.0,none,True
2024-08-26 18:00:00,2024-08-26,18,38.5,18,36.6,0.0,0.0,14.0,0.0,0.0,0.0,0.0,none,True
2024-08-26 19:00:00,2024-08-26,19,38.2,19,36.4,0.0,0.0,13.7,0.0,0.0,0.0,0.0,none,False
2024-08-26 20:00:00,2024-08-26,20,36.8,21,35.6,0.0,0.0,10.5,0.0,0.0,0.0,0.0,none,False
2024-08-26 21:00:00,2024-08-26,21,35.4,25,34.5,0.0,0.0,10.9,0.0,0.0,0.0,0.0,none,False
2024-08-26 22:00:00,2024-08-26,22,32.4,42,32.1,0.0,0.0,21.5,0.0,0.0,0.0,0.0,none,False
2024-08-26 23:00:00,2024-08-26,23,30.6,54,31.8,0.0,0.0,18.9,0.0,0.0,0.0,0.0,none,False
2024-08-27 00:00:00,2024-08-27,0,30.2,54,31.5,0.0,0.0,17.0,0.0,0.0,0.0,0.0,none,False
2024-08-27 01:00:00,2024-08-27,1,29.5,56,30.8,0.0,0.0,16.8,0.0,0.0,0.0,0.0,none,False
2024-08-27 02:00:00,2024-08-27,2,28.7,58,30.4,0.0,0.0,14.2,0.0,0.0,0.0,0.0,none,False
2024-08-27 03:00:00,2024-08-27,3,28.1,60,29.9,0.0,0.0,12.1,0.0,0.0,0.0,0.0,none,False
2024-08-27 04:00:00,2024-08-27,4,27.1,68,29.9,0.0,0.0,10.0,0.0,0.0,0.0,0.0,none,False
2024-08-27 05:00:00,2024-08-27,5,26.5,72,29.7,0.0,0.0,9.2,0.0,0.0,0.0,0.0,none,False
2024-08-27 06:00:00,2024-08-27,6,26.1,77,29.8,0.0,0.0,7.4,0.0,0.0,0.0,0.0,none,False
2024-08-27 07:00:00,2024-08-27,7,26.0,78,29.8,0.0,0.0,7.4,0.0,0.0,0.0,0.0,none,True
2024-08-27 08:00:00,2024-08-27,8,28.0,67,31.4,0.0,0.0,7.4,0.0,0.0,0.0,0.0,none,True
2024-08-27 09:00:00,2024-08-27,9,30.9,47,33.0,0.0,0.0,6.3,0.0,0.0,0.0,0.0,none,True
2024-08-27 10:00:00,2024-08-27,10,33.1,37,34.9,0.0,0.0,3.7,0.0,0.0,0.0,0.0,none,False
2024-08-27 11:00:00,2024-08-27,11,35.0,29,36.8,0.0,0.0,5.4,0.0,0.0,0.0,0.0,none,False
2024-08-27 12:00:00,2024-08-27,12,36.7,25,38.0,0.0,0.0,10.1,0.0,0.0,0.0,0.0,none,False
2024-08-27 13:00:00,2024-08-27,13,38.4,19,38.5,0.0,0.0,14.5,0.0,0.0,0.0,0.0,none,False
2024-08-27 14:00:00,2024-08-27,14,39.2,16,38.2,0.0,0.0,18.0,0.0,0.0,0.0,0.0,none,False
2024-08-27 15:00:00,2024-08-27,15,39.5,16,37.9,0.0,0.0,18.9,0.0,0.0,0.0,0.0,none,False
2024-08-27 16:00:00,2024-08-27,16,38.6,17,36.8,0.0,0.0,16.6,0.0,0.0,0.0,0.0,none,True
2024-08-27 17:00:00,2024-08-27,17,38.1,18,35.9,0.0,0.0,14.3,0.0,0.0,0.0,0.0,none,True
2024-08-27 18:00:00,2024-08-27,18,37.9,18,36.0,0.0,0.0,12.5,0.0,0.0,0.0,0.0,none,True
2024-08-27 19:00:00,2024-08-27,19,37.0,20,35.4,0.0,0.0,11.5,0.0,0.0,0.0,0.0,none,False
2024-08-27 20:00:00,2024-08-27,20,35.8,22,34.7,0.0,0.0,10.2,0.0,0.0,0.0,0.0,none,False
2024-08-27 21:00:00,2024-08-27,21,34.0,29,32.7,0.0,0.0,17.1,0.0,0.0,0.0,0.0,none,False
2024-08-27 22:00:00,2024-08-27,22,31.1,52,33.0,0.0,0.0,13.9,0.0,0.0,0.0,0.0,none,False
2024-08-27 23:00:00,2024-08-27,23,30.9,51,32.4,0.0,0.0,14.4,0.0,0.0,0.0,0.0,none,False
2024-08-28 00:00:00,2024-08-28,0,30.0,55,31.5,0.0,0.0,15.3,0.0,0.0,0.0,0.0,none,False
2024-08-28 01:00:00,2024-08-28,1,28.9,59,30.9,0.0,0.0,12.6,0.0,0.0,0.0,0.0,none,False
2024-08-28 02:00:00,2024-08-28,2,28.0,61,30.0,0.0,0.0,12.6,0.0,0.0,0.0,0.0,none,False
2024-08-28 03:00:00,2024-08-28,3,27.2,65,29.4,0.0,0.0,11.3,0.0,0.0,0.0,0.0,none,False
2024-08-28 04:00:00,2024-08-28,4,26.4,68,28.5,0.0,0.0,12.2,0.0,0.0,0.0,0.0,none,False
2024-08-28 05:00:00,2024-08-28,5,25.8,71,28.3,0.0,0.0,10.4,0.0,0.0,0.0,0.0,none,False
2024-08-28 06:00:00,2024-08-28,6,25.3,74,27.7,0.0,0.0,10.9,0.0,0.0,0.0,0.0,none,False
2024-08-28 07:00:00,2024-08-28,7,25.4,74,27.6,0.0,0.0,12.6,0.0,0.0,0.0,0.0,none,True
2024-08-28 08:00:00,2024-08-28,8,25.7,73,28.0,0.0,0.0,12.2,0.0,0.0,0.0,0.0,none,True
2024-08-28 09:00:00,2024-08-28,9,27.2,66,29.3,0.0,0.0,13.3,0.0,0.0,0.0,0.0,none,True
2024-08-28 10:00:00,2024-08-28,10,29.0,56,30.9,0.0,0.0,11.8,0.0,0.0,0.0,0.0,none,False
2024-08-28 11:00:00,2024-08-28,11,31.0,47,32.9,0.0,0.0,10.9,0.0,0.0,0.0,0.0,none,False
2024-08-28 12:00:00,2024-08-28,12,32.2,41,33.6,0.0,0.0,9.3,0.0,0.0,0.0,0.0,none,False
2024-08-28 13:00:00,2024-08-28,13,32.7,38,33.8,0.0,0.0,7.3,0.0,0.0,0.0,0.0,none,False
2024-08-28 14:00:00,2024-08-28,14,33.5,33,34.0,0.0,0.0,8.7,0.0,0.0,0.0,0.0,none,False
2024-08-28 15:00:00,2024-08-28,15,34.4,29,34.1,0.0,0.0,10.3,0.0,0.0,0.0,0.0,none,False
2024-08-28 16:00:00,2024-08-28,16,34.8,29,34.3,0.0,0.0,11.3,0.0,0.0,0.0,0.0,none,True
2024-08-28 17:00:00,2024-08-28,17,35.2,25,34.1,0.0,0.0,12.8,0.0,0.0,0.0,0.0,none,True
2024-08-28 18:00:00,2024-08-28,18,34.8,24,33.5,0.0,0.0,11.9,0.0,0.0,0.0,0.0,none,True
2024-08-28 19:00:00,2024-08-28,19,34.5,24,33.5,0.0,0.0,9.8,0.0,0.0,0.0,0.0,none,False
2024-08-28 20:00:00,2024-08-28,20,33.8,27,33.3,0.0,0.0,7.3,0.0,0.0,0.0,0.0,none,False
2024-08-28 21:00:00,2024-08-28,21,33.3,29,32.3,0.0,0.0,13.7,0.0,0.0,0.0,0.0,none,False
2024-08-28 22:00:00,2024-08-28,22,30.6,49,30.8,0.0,0.0,21.5,0.0,0.0,0.0,0.0,none,False
2024-08-28 23:00:00,2024-08-28,23,30.4,50,30.9,0.0,0.0,18.8,0.0,0.0,0.0,0.0,none,False
2024-08-29 00:00:00,2024-08-29,0,29.6,53,30.5,0.0,0.0,17.7,0.0,0.0,0.0,0.0,none,False
2024-08-29 01:00:00,2024-08-29,1,28.6,57,29.8,0.0,0.0,15.8,0.0,0.0,0.0,0.0,none,False
2024-08-29 02:00:00,2024-08-29,2,27.7,60,29.2,0.0,0.0,13.7,0.0,0.0,0.0,0.0,none,False
2024-08-29 03:00:00,2024-08-29,3,27.0,64,28.8,0.0,0.0,11.8,0.0,0.0,0.0,0.0,none,False
2024-08-29 04:00:00,2024-08-29,4,25.9,66,27.8,0.0,0.0,10.2,0.0,0.0,0.0,0.0,none,False
2024-08-29 05:00:00,2024-08-29,5,25.2,70,27.2,0.0,0.0,10.4,0.0,0.0,0.0,0.0,none,False
2024-08-29 06:00:00,2024-08-29,6,24.6,73,27.0,0.0,0.0,8.6,0.0,0.0,0.0,0.0,none,False
2024-08-29 07:00:00,2024-08-29,7,24.5,75,26.9,0.0,0.0,8.7,0.0,0.0,0.0,0.0,none,True
2024-08-29 08:00:00,2024-08-29,8,26.0,69,28.2,0.0,0.0,10.2,0.0,0.0,0.0,0.0,none,True
2024-08-29 09:00:00,2024-08-29,9,27.6,63,29.7,0.0,0.0,12.5,0.0,0.0,0.0,0.0,none,True
2024-08-29 10:00:00,2024-08-29,10,29.7,53,31.4,0.0,0.0,11.7,0.0,0.0,0.0,0.0,none,False
2024-08-29 11:00:00,2024-08-29,11,31.9,43,34.1,0.0,0.0,11.0,0.0,0.0,0.0,0.0,none,False
2024-08-29 12:00:00,2024-08-29,12,33.9,36,36.3,0.0,0.0,11.4,0.0,0.0,0.0,0.0,none,False
2024-08-29 13:00:00,2024-08-29,13,35.9,29,37.9,0.0,0.0,11.7,0.0,0.0,0.0,0.0,none,False
2024-08-29 14:00:00,2024-08-29,14,37.8,22,38.6,0.0,0.0,13.0,0.0,0.0,0.0,0.0,none,False
2024-08-29 15:00:00,2024-08-29,15,38.9,19,38.3,0.0,0.0,16.3,0.0,0.0,0.0,0.0,none,False
2024-08-29 16:00:00,2024-08-29,16,37.6,22,36.5,0.0,0.0,16.9,0.0,0.0,0.0,0.0,none,True
2024-08-29 17:00:00,2024-08-29,17,37.5,22,35.8,0.0,0.0,15.3,0.0,0.0,0.0,0.0,none,True
2024-08-29 18:00:00,2024-08-29,18,37.0,23,35.5,0.0,0.0,15.5,0.0,0.0,0.0,0.0,none,True
2024-08-29 19:00:00,2024-08-29,19,35.8,27,34.6,0.0,0.0,16.2,0.0,0.0,0.0,0.0,none,False
2024-08-29 20:00:00,2024-08-29,20,35.2,29,34.7,0.0,0.0,12.9,0.0,0.0,0.0,0.0,none,False
2024-08-29 21:00:00,2024-08-29,21,33.7,29,31.8,0.0,0.0,20.5,0.0,0.0,0.0,0.0,none,False
2024-08-29 22:00:00,2024-08-29,22,32.0,33,30.3,0.0,0.0,20.1,0.0,0.0,0.0,0.0,none,False
2024-08-29 23:00:00,2024-08-29,23,30.6,38,29.8,0.0,0.0,16.9,0.0,0.0,0.0,0.0,none,False
2024-08-30 00:00:00,2024-08-30,0,29.6,45,30.1,0.0,0.0,12.1,0.0,0.0,0.0,0.0,none,False
2024-08-30 01:00:00,2024-08-30,1,28.8,48,29.3,0.0,0.0,12.6,0.0,0.0,0.0,0.0,none,False
2024-08-30 02:00:00,2024-08-30,2,27.7,53,28.5,0.0,0.0,11.9,0.0,0.0,0.0,0.0,none,False
2024-08-30 03:00:00,2024-08-30,3,26.8,58,28.0,0.0,0.0,10.7,0.0,0.0,0.0,0.0,none,False
2024-08-30 04:00:00,2024-08-30,4,25.9,62,27.4,0.0,0.0,9.4,0.0,0.0,0.0,0.0,none,False
2024-08-30 05:00:00,2024-08-30,5,25.2,66,27.2,0.0,0.0,7.9,0.0,0.0,0.0,0.0,none,False
2024-08-30 06:00:00,2024-08-30,6,24.6,70,26.8,0.0,0.0,7.4,0.0,0.0,0.0,0.0,none,False
2024-08-30 07:00:00,2024-08-30,7,24.5,72,27.0,0.0,0.0,5.9,0.0,0.0,0.0,0.0,none,True
2024-08-30 08:00:00,2024-08-30,8,25.8,68,28.6,0.0,0.0,5.2,0.0,0.0,0.0,0.0,none,True
2024-08-30 09:00:00,2024-08-30,9,27.4,62,30.2,0.0,0.0,5.4,0.0,0.0,0.0,0.0,none,True
2024-08-30 10:00:00,2024-08-30,10,29.5,50,31.8,0.0,0.0,4.9,0.0,0.0,0.0,0.0,none,False
2024-08-30 11:00:00,2024-08-30,11,32.0,39,34.3,0.0,0.0,6.1,0.0,0.0,0.0,0.0,none,False
2024-08-30 12:00:00,2024-08-30,12,34.2,32,36.5,0.0,0.0,8.4,0.0,0.0,0.0,0.0,none,False
2024-08-30 13:00:00,2024-08-30,13,36.2,27,37.9,0.0,0.0,11.2,0.0,0.0,0.0,0.0,none,False
2024-08-30 14:00:00,2024-08-30,14,37.8,21,37.7,0.0,0.0,16.8,0.0,0.0,0.0,0.0,none,False
2024-08-30 15:00:00,2024-08-30,15,38.3,19,37.1,0.0,0.0,20.4,0.0,0.0,0.0,0.0,none,False
2024-08-30 16:00:00,2024-08-30,16,37.5,22,36.5,0.0,0.0,17.3,0.0,0.0,0.0,0.0,none,True
2024-08-30 17:00:00,2024-08-30,17,37.2,24,35.8,0.0,0.0,16.6,0.0,0.0,0.0,0.0,none,True
2024-08-30 18:00:00,2024-08-30,18,36.8,25,35.9,0.0,0.0,14.0,0.0,0.0,0.0,0.0,none,True
2024-08-30 19:00:00,2024-08-30,19,36.6,24,35.6,0.0,0.0,12.0,0.0,0.0,0.0,0.0,none,False
2024-08-30 20:00:00,2024-08-30,20,35.5,22,33.1,0.0,0.0,18.1,0.0,0.0,0.0,0.0,none,False
2024-08-30 21:00:00,2024-08-30,21,33.8,25,31.5,0.0,0.0,17.9,0.0,0.0,0.0,0.0,none,False
2024-08-30 22:00:00,2024-08-30,22,32.0,32,31.0,0.0,0.0,14.4,0.0,0.0,0.0,0.0,none,False
2024-08-30 23:00:00,2024-08-30,23,30.7,36,30.0,0.0,0.0,12.9,0.0,0.0,0.0,0.0,none,False
2024-08-31 00:00:00,2024-08-31,0,29.6,39,29.1,0.0,0.0,12.5,0.0,0.0,0.0,0.0,none,False
2024-08-31 01:00:00,2024-08-31,1,28.5,44,28.5,0.0,0.0,12.6,0.0,0.0,0.0,0.0,none,False
2024-08-31 02:00:00,2024-08-31,2,27.5,52,28.1,0.0,0.0,11.5,0.0,0.0,0.0,0.0,none,False
2024-08-31 03:00:00,2024-08-31,3,26.5,59,28.0,0.0,0.0,8.7,0.0,0.0,0.0,0.0,none,False
2024-08-31 04:00:00,2024-08-31,4,25.6,60,27.3,0.0,0.0,6.5,0.0,0.0,0.0,0.0,none,False
2024-08-31 05:00:00,2024-08-31,5,25.1,62,26.9,0.0,0.0,5.6,0.0,0.0,0.0,0.0,none,False
2024-08-31 06:00:00,2024-08-31,6,24.5,65,26.3,0.0,0.0,5.7,0.0,0.0,0.0,0.0,none,False
2024-08-31 07:00:00,2024-08-31,7,24.3,69,26.4,0.0,0.0,5.8,0.0,0.0,0.0,0.0,none,True
2024-08-31 08:00:00,2024-08-31,8,26.3,62,28.3,0.0,0.0,7.4,0.0,0.0,0.0,0.0,none,True
2024-08-31 09:00:00,2024-08-31,9,28.6,49,29.8,0.0,0.0,8.2,0.0,0.0,0.0,0.0,none,True
2024-08-31 10:00:00,2024-08-31,10,30.7,38,31.2,0.0,0.0,7.5,0.0,0.0,0.0,0.0,none,False
2024-08-31 11:00:00,2024-08-31,11,32.5,31,33.6,0.0,0.0,6.3,0.0,0.0,0.0,0.0,none,False
2024-08-31 12:00:00,2024-08-31,12,34.2,27,36.3,0.0,0.0,3.8,0.0,0.0,0.0,0.0,none,False
2024-08-31 13:00:00,2024-08-31,13,36.0,23,38.1,0.0,0.0,4.6,0.0,0.0,0.0,0.0,none,False
2024-08-31 14:00:00,2024-08-31,14,37.8,19,38.0,0.0,0.0,11.7,0.0,0.0,0.0,0.0,none,False
2024-08-31 15:00:00,2024-08-31,15,38.2,18,36.7,0.0,0.0,19.4,0.0,0.0,0.0,0.0,none,False
2024-08-31 16:00:00,2024-08-31,16,37.9,17,35.8,0.0,0.0,16.5,0.0,0.0,0.0,0.0,none,True
2024-08-31 17:00:00,2024-08-31,17,37.6,18,35.0,0.0,0.0,17.1,0.0,0.0,0.0,0.0,none,True
2024-08-31 18:00:00,2024-08-31,18,36.7,22,34.6,0.0,0.0,17.4,0.0,0.0,0.0,0.0,none,True
2024-08-31 19:00:00,2024-08-31,19,36.5,21,34.6,0.0,0.0,14.7,0.0,0.0,0.0,0.0,none,False
2024-08-31 20:00:00,2024-08-31,20,34.5,22,31.2,0.0,0.0,21.1,0.0,0.0,0.0,0.0,none,False
2024-08-31 21:00:00,2024-08-31,21,33.3,24,30.8,0.0,0.0,18.0,0.0,0.0,0.0,0.0,none,False
2024-08-31 22:00:00,2024-08-31,22,31.9,29,30.0,0.0,0.0,16.2,0.0,0.0,0.0,0.0,none,False
2024-08-31 23:00:00,2024-08-31,23,30.5,35,29.7,0.0,0.0,13.0,0.0,0.0,0.0,0.0,none,False
2024-09-01 00:00:00,2024-09-01,0,29.5,39,29.3,0.0,0.0,10.3,0.0,0.0,0.0,0.0,none,False
2024-09-01 01:00:00,2024-09-01,1,28.6,42,29.0,0.0,0.0,7.6,0.0,0.0,0.0,0.0,none,False
2024-09-01 02:00:00,2024-09-01,2,27.9,46,28.4,0.0,0.0,8.8,0.0,0.0,0.0,0.0,none,False
2024-09-01 03:00:00,2024-09-01,3,27.8,50,28.8,0.0,0.0,7.8,0.0,0.0,0.0,0.0,none,False
2024-09-01 04:00:00,2024-09-01,4,26.5,56,28.3,0.0,0.0,4.3,0.0,0.0,0.0,0.0,none,False
2024-09-01 05:00:00,2024-09-01,5,25.9,59,27.8,0.0,0.0,4.0,0.0,0.0,0.0,0.0,none,False
2024-09-01 06:00:00,2024-09-01,6,25.5,61,27.5,0.0,0.0,4.1,0.0,0.0,0.0,0.0,none,False
2024-09-01 07:00:00,2024-09-01,7,25.5,62,27.7,0.0,0.0,3.8,0.0,0.0,0.0,0.0,none,True
2024-09-01 08:00:00,2024-09-01,8,26.8,65,30.0,0.0,0.0,3.1,0.0,0.0,0.0,0.0,none,True
2024-09-01 09:00:00,2024-09-01,9,28.0,64,31.5,0.0,0.0,4.1,0.0,0.0,0.0,0.0,none,True
2024-09-01 10:00:00,2024-09-01,10,29.8,55,33.1,0.0,0.0,2.3,0.0,0.0,0.0,0.0,none,False
2024-09-01 11:00:00,2024-09-01,11,31.9,44,35.4,0.0,0.0,3.7,0.0,0.0,0.0,0.0,none,False
2024-09-01 12:00:00,2024-09-01,12,34.1,34,36.8,0.0,0.0,7.2,0.0,0.0,0.0,0.0,none,False
2024-09-01 13:00:00,2024-09-01,13,36.4,24,37.2,0.0,0.0,12.8,0.0,0.0,0.0,0.0,none,False
2024-09-01 14:00:00,2024-09-01,14,37.6,19,36.7,0.0,0.0,18.9,0.0,0.0,0.0,0.0,none,False
2024-09-01 15:00:00,2024-09-01,15,37.8,19,36.2,0.0,0.0,20.5,0.0,0.0,0.0,0.0,none,False
2024-09-01 16:00:00,2024-09-01,16,37.0,20,35.7,0.0,0.0,15.8,0.0,0.0,0.0,0.0,none,True
2024-09-01 17:00:00,2024-09-01,17,36.8,22,34.4,0.0,0.0,18.5,0.0,0.0,0.0,0.0,none,True
2024-09-01 18:00:00,2024-09-01,18,35.9,24,33.9,0.0,0.0,17.4,0.0,0.0,0.0,0.0,none,True
2024-09-01 19:00:00,2024-09-01,19,35.2,24,33.7,0.0,0.0,13.2,0.0,0.0,0.0,0.0,none,False
2024-09-01 20:00:00,2024-09-01,20,34.3,25,32.9,0.0,0.0,12.6,0.0,0.0,0.0,0.0,none,False
2024-09-01 21:00:00,2024-09-01,21,33.2,28,31.8,0.0,0.0,14.8,0.0,0.0,0.0,0.0,none,False
2024-09-01 22:00:00,2024-09-01,22,32.0,33,30.3,0.0,0.0,20.3,0.0,0.0,0.0,0.0,none,False
2024-09-01 23:00:00,2024-09-01,23,30.3,47,30.1,0.0,0.0,20.2,0.0,0.0,0.0,0.0,none,False
2024-09-02 00:00:00,2024-09-02,0,29.2,56,30.3,0.0,0.0,18.4,0.0,0.0,0.0,0.0,none,False
2024-09-02 01:00:00,2024-09-02,1,28.4,61,29.7,0.0,0.0,17.5,0.0,0.0,0.0,0.0,none,False
2024-09-02 02:00:00,2024-09-02,2,27.8,64,29.4,0.0,0.0,16.4,0.0,0.0,0.0,0.0,none,False
2024-09-02 03:00:00,2024-09-02,3,27.2,67,29.3,0.0,0.0,14.0,0.0,0.0,0.0,0.0,none,False
2024-09-02 04:00:00,2024-09-02,4,27.0,65,28.9,0.0,0.0,13.3,0.0,0.0,0.0,0.0,none,False
2024-09-02 05:00:00,2024-09-02,5,26.8,62,28.8,0.0,0.0,9.3,0.0,0.0,0.0,0.0,none,False
2024-09-02 06:00:00,2024-09-02,6,26.0,63,28.0,0.0,0.0,7.3,0.0,0.0,0.0,0.0,none,False
2024-09-02 07:00:00,2024-09-02,7,26.6,60,29.2,0.0,0.0,2.6,0.0,0.0,0.0,0.0,none,True
2024-09-02 08:00:00,2024-09-02,8,27.7,57,30.5,0.0,0.0,2.3,0.0,0.0,0.0,0.0,none,True
2024-09-02 09:00:00,2024-09-02,9,30.0,50,32.6,0.0,0.0,3.0,0.0,0.0,0.0,0.0,none,True
2024-09-02 10:00:00,2024-09-02,10,32.8,36,34.4,0.0,0.0,2.8,0.0,0.0,0.0,0.0,none,False
2024-09-02 11:00:00,2024-09-02,11,34.6,30,36.9,0.0,0.0,2.0,0.0,0.0,0.0,0.0,none,False
2024-09-02 12:00:00,2024-09-02,12,36.2,27,38.9,0.0,0.0,4.2,0.0,0.0,0.0,0.0,none,False
2024-09-02 13:00:00,2024-09-02,13,38.2,23,39.7,0.0,0.0,10.6,0.0,0.0,0.0,0.0,none,False
2024-09-02 14:00:00,2024-09-02,14,38.7,21,38.5,0.0,0.0,17.9,0.0,0.0,0.0,0.0,none,False
2024-09-02 15:00:00,2024-09-02,15,38.7,20,37.9,0.0,0.0,18.0,0.0,0.0,0.0,0.0,none,False
2024-09-02 16:00:00,2024-09-02,16,38.2,22,37.3,0.0,0.0,15.9,0.0,0.0,0.0,0.0,none,True
2024-09-02 17:00:00,2024-09-02,17,37.8,22,36.5,0.0,0.0,14.5,0.0,0.0,0.0,0.0,none,True
2024-09-02 18:00:00,2024-09-02,18,37.2,23,35.8,0.0,0.0,14.8,0.0,0.0,0.0,0.0,none,True
2024-09-02 19:00:00,2024-09-02,19,36.3,22,34.5,0.0,0.0,15.6,0.0,0.0,0.0,0.0,none,False
2024-09-02 20:00:00,2024-09-02,20,34.7,23,33.0,0.0,0.0,12.1,0.0,0.0,0.0,0.0,none,False
2024-09-02 21:00:00,2024-09-02,21,33.2,32,30.3,0.0,0.0,29.3,0.0,0.0,0.0,0.0,none,False
2024-09-02 22:00:00,2024-09-02,22,31.2,44,30.4,0.0,0.0,24.5,0.0,0.0,0.0,0.0,none,False
2024-09-02 23:00:00,2024-09-02,23,30.1,50,29.8,0.0,0.0,23.6,0.0,0.0,0.0,0.0,none,False
2024-09-03 00:00:00,2024-09-03,0,29.4,52,29.9,0.0,0.0,18.2,0.0,0.0,0.0,0.0,none,False
2024-09-03 01:00:00,2024-09-03,1,28.8,56,30.1,0.0,0.0,14.1,0.0,0.0,0.0,0.0,none,False
2024-09-03 02:00:00,2024-09-03,2,28.0,60,29.9,0.0,0.0,11.7,0.0,0.0,0.0,0.0,none,False
2024-09-03 03:00:00,2024-09-03,3,27.2,65,29.5,0.0,0.0,11.5,0.0,0.0,0.0,0.0,none,False
2024-09-03 04:00:00,2024-09-03,4,26.9,70,29.5,0.0,0.0,11.5,0.0,0.0,0.0,0.0,none,False
2024-09-03 05:00:00,2024-09-03,5,26.3,73,29.3,0.0,0.0,10.0,0.0,0.0,0.0,0.0,none,False
2024-09-03 06:00:00,2024-09-03,6,25.8,75,29.0,0.0,0.0,8.7,0.0,0.0,0.0,0.0,none,False
2024-09-03 07:00:00,2024-09-03,7,25.5,78,28.6,0.0,0.0,9.9,0.0,0.0,0.0,0.0,none,True
2024-09-03 08:00:00,2024-09-03,8,26.9,73,29.7,0.0,0.0,12.0,0.0,0.0,0.0,0.0,none,True
2024-09-03 09:00:00,2024-09-03,9,28.9,61,31.4,0.0,0.0,12.2,0.0,0.0,0.0,0.0,none,True
2024-09-03 10:00:00,2024-09-03,10,31.2,48,33.0,0.0,0.0,10.2,0.0,0.0,0.0,0.0,none,False
2024-09-03 11:00:00,2024-09-03,11,33.5,38,35.7,0.0,0.0,8.6,0.0,0.0,0.0,0.0,none,False
2024-09-03 12:00:00,2024-09-03,12,35.7,29,37.9,0.0,0.0,8.0,0.0,0.0,0.0,0.0,none,False
2024-09-03 13:00:00,2024-09-03,13,37.5,22,38.5,0.0,0.0,11.9,0.0,0.0,0.0,0.0,none,False
2024-09-03 14:00:00,2024-09-03,14,38.4,20,38.0,0.0,0.0,17.7,0.0,0.0,0.0,0.0,none,False
2024-09-03 15:00:00,2024-09-03,15,38.7,18,37.3,0.0,0.0,19.8,0.0,0.0,0.0,0.0,none,False
2024-09-03 16:00:00,2024-09-03,16,37.8,22,36.5,0.0,0.0,18.2,0.0,0.0,0.0,0.0,none,True
2024-09-03 17:00:00,2024-09-03,17,37.5,22,35.9,0.0,0.0,15.6,0.0,0.0,0.0,0.0,none,True
2024-09-03 18:00:00,2024-09-03,18,36.8,23,35.0,0.0,0.0,16.6,0.0,0.0,0.0,0.0,none,True
2024-09-03 19:00:00,2024-09-03,19,35.4,25,33.6,0.0,0.0,17.2,0.0,0.0,0.0,0.0,none,False
2024-09-03 20:00:00,2024-09-03,20,34.0,30,31.8,0.0,0.0,22.9,0.0,0.0,0.0,0.0,none,False
2024-09-03 21:00:00,2024-09-03,21,32.5,33,30.7,0.0,0.0,21.1,0.0,0.0,0.0,0.0,none,False
2024-09-03 22:00:00,2024-09-03,22,30.4,46,29.8,0.0,0.0,22.2,0.0,0.0,0.0,0.0,none,False
2024-09-03 23:00:00,2024-09-03,23,29.0,53,29.1,0.0,0.0,20.4,0.0,0.0,0.0,0.0,none,False
2024-09-04 00:00:00,2024-09-04,0,28.0,58,28.6,0.0,0.0,18.0,0.0,0.0,0.0,0.0,none,False
2024-09-04 01:00:00,2024-09-04,1,27.1,62,28.1,0.0,0.0,16.9,0.0,0.0,0.0,0.0,none,False
2024-09-04 02:00:00,2024-09-04,2,26.5,65,28.1,0.0,0.0,13.9,0.0,0.0,0.0,0.0,none,False
2024-09-04 03:00:00,2024-09-04,3,25.9,69,27.9,0.0,0.0,11.6,0.0,0.0,0.0,0.0,none,False
2024-09-04 04:00:00,2024-09-04,4,25.4,72,27.8,0.0,0.0,9.1,0.0,0.0,0.0,0.0,none,False
2024-09-04 05:00:00,2024-09-04,5,24.8,76,27.5,0.0,0.0,8.4,0.0,0.0,0.0,0.0,none,False
2024-09-04 06:00:00,2024-09-04,6,24.2,79,27.1,0.0,0.0,8.1,0.0,0.0,0.0,0.0,none,False
2024-09-04 07:00:00,2024-09-04,7,24.0,81,26.9,0.0,0.0,8.0,0.0,0.0,0.0,0.0,none,True
2024-09-04 08:00:00,2024-09-04,8,25.2,75,28.0,0.0,0.0,8.9,0.0,0.0,0.0,0.0,none,True
2024-09-04 09:00:00,2024-09-04,9,26.9,65,29.1,0.0,0.0,10.2,0.0,0.0,0.0,0.0,none,True
2024-09-04 10:00:00,2024-09-04,10,28.6,53,30.2,0.0,0.0,9.8,0.0,0.0,0.0,0.0,none,False
2024-09-04 11:00:00,2024-09-04,11,30.7,44,32.6,0.0,0.0,10.0,0.0,0.0,0.0,0.0,none,False
2024-09-04 12:00:00,2024-09-04,12,32.8,36,34.8,0.0,0.0,9.1,0.0,0.0,0.0,0.0,none,False
2024-09-04 13:00:00,2024-09-04,13,34.6,30,36.0,0.0,0.0,10.5,0.0,0.0,0.0,0.0,none,False
2024-09-04 14:00:00,2024-09-04,14,35.7,27,35.7,0.0,0.0,14.5,0.0,0.0,0.0,0.0,none,False
2024-09-04 15:00:00,2024-09-04,15,36.0,26,34.8,0.0,0.0,15.8,0.0,0.0,0.0,0.0,none,False
2024-09-04 16:00:00,2024-09-04,16,35.0,32,34.6,0.0,0.0,15.5,0.0,0.0,0.0,0.0,none,True
2024-09-04 17:00:00,2024-09-04,17,34.0,34,33.7,0.0,0.0,16.2,0.0,0.0,0.0,0.0,none,True
2024-09-04 18:00:00,2024-09-04,18,34.0,34,33.7,0.0,0.0,16.0,0.0,0.0,0.0,0.0,none,True
2024-09-04 19:00:00,2024-09-04,19,32.8,37,32.6,0.0,0.0,16.2,0.0,0.0,0.0,0.0,none,False
2024-09-04 20:00:00,2024-09-04,20,32.8,37,32.6,0.0,0.0,15.3,0.0,0.0,0.0,0.0,none,False
2024-09-04 21:00:00,2024-09-04,21,31.2,38,29.7,0.0,0.0,23.0,0.0,0.0,0.0,0.0,none,False
2024-09-04 22:00:00,2024-09-04,22,29.9,43,28.8,0.0,0.0,21.5,0.0,0.0,0.0,0.0,none,False
2024-09-04 23:00:00,2024-09-04,23,28.9,48,28.7,0.0,0.0,17.2,0.0,0.0,0.0,0.0,none,False
2024-09-05 00:00:00,2024-09-05,0,28.0,52,28.7,0.0,0.0,13.1,0.0,0.0,0.0,0.0,none,False
2024-09-05 01:00:00,2024-09-05,1,27.2,57,28.5,0.0,0.0,11.0,0.0,0.0,0.0,0.0,none,False
2024-09-05 02:00:00,2024-09-05,2,26.5,62,28.5,0.0,0.0,8.1,0.0,0.0,0.0,0.0,none,False
2024-09-05 03:00:00,2024-09-05,3,25.9,66,28.3,0.0,0.0,6.7,0.0,0.0,0.0,0.0,none,False
2024-09-05 04:00:00,2024-09-05,4,25.3,60,27.2,0.0,0.0,4.0,0.0,0.0,0.0,0.0,none,False
2024-09-05 05:00:00,2024-09-05,5,24.8,63,26.6,0.0,0.0,5.1,0.0,0.0,0.0,0.0,none,False
2024-09-05 06:00:00,2024-09-05,6,24.4,66,26.3,0.0,0.0,5.8,0.0,0.0,0.0,0.0,none,False
2024-09-05 07:00:00,2024-09-05,7,24.6,66,27.1,0.0,0.0,3.2,0.0,0.0,0.0,0.0,none,True
2024-09-05 08:00:00,2024-09-05,8,25.8,67,28.6,0.0,0.0,4.1,0.0,0.0,0.0,0.0,none,True
2024-09-05 09:00:00,2024-09-05,9,27.3,65,30.2,0.0,0.0,6.6,0.0,0.0,0.0,0.0,none,True
2024-09-05 10:00:00,2024-09-05,10,29.0,57,31.7,0.0,0.0,7.2,0.0,0.0,0.0,0.0,none,False
2024-09-05 11:00:00,2024-09-05,11,30.9,49,33.7,0.0,0.0,8.4,0.0,0.0,0.0,0.0,none,False
2024-09-05 12:00:00,2024-09-05,12,32.8,41,35.5,0.0,0.0,10.5,0.0,0.0,0.0,0.0,none,False
2024-09-05 13:00:00,2024-09-05,13,34.3,36,36.4,0.0,0.0,13.7,0.0,0.0,0.0,0.0,none,False
2024-09-05 14:00:00,2024-09-05,14,35.4,32,36.8,0.0,0.0,15.3,0.0,0.0,0.0,0.0,none,False
2024-09-05 15:00:00,2024-09-05,15,36.2,29,36.7,0.0,0.0,16.1,0.0,0.0,0.0,0.0,none,False
2024-09-05 16:00:00,2024-09-05,16,35.8,31,36.0,0.0,0.0,15.2,0.0,0.0,0.0,0.0,none,True
2024-09-05 17:00:00,2024-09-05,17,35.8,30,35.4,0.0,0.0,15.3,0.0,0.0,0.0,0.0,none,True
2024-09-05 18:00:00,2024-09-05,18,35.2,31,34.6,0.0,0.0,16.2,0.0,0.0,0.0,0.0,none,True
2024-09-05 19:00:00,2024-09-05,19,34.3,32,33.6,0.0,0.0,16.4,0.0,0.0,0.0,0.0,none,False
2024-09-05 20:00:00,2024-09-05,20,33.7,32,32.3,0.0,0.0,19.6,0.0,0.0,0.0,0.0,none,False
2024-09-05 21:00:00,2024-09-05,21,31.9,36,30.0,0.0,0.0,24.3,0.0,0.0,0.0,0.0,none,False
2024-09-05 22:00:00,2024-09-05,22,30.0,46,29.3,0.0,0.0,21.2,0.0,0.0,0.0,0.0,none,False
2024-09-05 23:00:00,2024-09-05,23,28.8,53,29.1,0.0,0.0,18.4,0.0,0.0,0.0,0.0,none,False
2024-09-06 00:00:00,2024-09-06,0,27.7,60,28.9,0.0,0.0,15.5,0.0,0.0,0.0,0.0,none,False
2024-09-06 01:00:00,2024-09-06,1,27.0,65,29.0,0.0,0.0,11.9,0.0,0.0,0.0,0.0,none,False
2024-09-06 02:00:00,2024-09-06,2,26.4,68,29.1,0.0,0.0,7.9,0.0,0.0,0.0,0.0,none,False
2024-09-06 03:00:00,2024-09-06,3,25.8,71,29.0,0.0,0.0,5.2,0.0,0.0,0.0,0.0,none,False
2024-09-06 04:00:00,2024-09-06,4,25.1,73,28.3,0.0,0.0,3.9,0.0,0.0,0.0,0.0,none,False
2024-09-06 05:00:00,2024-09-06,5,24.5,77,27.5,0.0,0.0,5.6,0.0,0.0,0.0,0.0,none,False
2024-09-06 06:00:00,2024-09-06,6,24.0,79,27.0,0.0,0.0,6.1,0.0,0.0,0.0,0.0,none,False
2024-09-06 07:00:00,2024-09-06,7,24.1,78,27.5,0.0,0.0,4.2,0.0,0.0,0.0,0.0,none,True
2024-09-06 08:00:00,2024-09-06,8,25.8,70,28.9,0.0,0.0,4.8,0.0,0.0,0.0,0.0,none,True
2024-09-06 09:00:00,2024-09-06,9,28.0,61,30.3,0.0,0.0,9.7,0.0,0.0,0.0,0.0,none,True
2024-09-06 10:00:00,2024-09-06,10,29.8,53,31.6,0.0,0.0,10.8,0.0,0.0,0.0,0.0,none,False
2024-09-06 11:00:00,2024-09-06,11,31.4,45,33.8,0.0,0.0,9.5,0.0,0.0,0.0,0.0,none,False
2024-09-06 12:00:00,2024-09-06,12,33.2,39,35.8,0.0,0.0,10.7,0.0,0.0,0.0,0.0,none,False
2024-09-06 13:00:00,2024-09-06,13,34.9,33,37.1,0.0,0.0,12.5,0.0,0.0,0.0,0.0,none,False
2024-09-06 14:00:00,2024-09-06,14,36.2,29,37.9,0.0,0.0,13.2,0.0,0.0,0.0,0.0,none,False
2024-09-06 15:00:00,2024-09-06,15,37.2,27,38.2,0.0,0.0,14.5,0.0,0.0,0.0,0.0,none,False
2024-09-06 16:00:00,2024-09-06,16,34.8,33,34.7,0.0,0.0,14.7,0.0,0.0,0.0,0.0,none,True
2024-09-06 17:00:00,2024-09-06,17,34.2,35,34.2,0.0,0.0,14.8,0.0,0.0,0.0,0.0,none,True
2024-09-06 18:00:00,2024-09-06,18,34.2,33,34.9,0.0,0.0,8.1,0.0,0.0,0.0,0.0,none,True
2024-09-06 19:00:00,2024-09-06,19,34.2,32,34.9,0.0,0.0,7.1,0.0,0.0,0.0,0.0,none,False
2024-09-06 20:00:00,2024-09-06,20,33.5,33,33.3,0.0,0.0,13.3,0.0,0.0,0.0,0.0,none,False
2024-09-06 21:00:00,2024-09-06,21,32.2,35,31.2,0.0,0.0,18.3,0.0,0.0,0.0,0.0,none,False
2024-09-06 22:00:00,2024-09-06,22,30.9,39,30.1,0.0,0.0,17.3,0.0,0.0,0.0,0.0,none,False
2024-09-06 23:00:00,2024-09-06,23,29.4,46,29.2,0.0,0.0,16.6,0.0,0.0,0.0,0.0,none,False
2024-09-07 00:00:00,2024-09-07,0,28.4,52,29.1,0.0,0.0,13.8,0.0,0.0,0.0,0.0,none,False
2024-09-07 01:00:00,2024-09-07,1,27.5,57,28.9,0.0,0.0,12.2,0.0,0.0,0.0,0.0,none,False
2024-09-07 02:00:00,2024-09-07,2,26.8,63,28.5,0.0,0.0,11.5,0.0,0.0,0.0,0.0,none,False
2024-09-07 03:00:00,2024-09-07,3,26.0,68,28.3,0.0,0.0,10.1,0.0,0.0,0.0,0.0,none,False
2024-09-07 04:00:00,2024-09-07,4,25.3,69,27.7,0.0,0.0,7.2,0.0,0.0,0.0,0.0,none,False
2024-09-07 05:00:00,2024-09-07,5,24.7,74,27.6,0.0,0.0,5.6,0.0,0.0,0.0,0.0,none,False
2024-09-07 06:00:00,2024-09-07,6,24.0,78,27.2,0.0,0.0,4.2,0.0,0.0,0.0,0.0,none,False
2024-09-07 07:00:00,2024-09-07,7,23.9,80,27.3,0.0,0.0,3.4,0.0,0.0,0.0,0.0,none,True
2024-09-07 08:00:00,2024-09-07,8,25.2,74,29.0,0.0,0.0,0.8,0.0,0.0,0.0,0.0,none,True
2024-09-07 09:00:00,2024-09-07,9,26.6,71,30.6,0.0,0.0,2.1,0.0,0.0,0.0,0.0,none,True
2024-09-07 10:00:00,2024-09-07,10,28.5,60,31.9,0.0,0.0,3.7,0.0,0.0,0.0,0.0,none,False
2024-09-07 11:00:00,2024-09-07,11,30.8,49,34.3,0.0,0.0,5.4,0.0,0.0,0.0,0.0,none,False
2024-09-07 12:00:00,2024-09-07,12,33.0,40,36.4,0.0,0.0,6.6,0.0,0.0,0.0,0.0,none,False
2024-09-07 13:00:00,2024-09-07,13,34.8,33,37.6,0.0,0.0,9.1,0.0,0.0,0.0,0.0,none,False
2024-09-07 14:00:00,2024-09-07,14,35.8,29,37.7,0.0,0.0,12.3,0.0,0.0,0.0,0.0,none,False
2024-09-07 15:00:00,2024-09-07,15,36.4,27,37.3,0.0,0.0,13.6,0.0,0.0,0.0,0.0,none,False
2024-09-07 16:00:00,2024-09-07,16,35.9,28,36.3,0.0,0.0,12.1,0.0,0.0,0.0,0.0,none,True
2024-09-07 17:00:00,2024-09-07,17,35.9,27,35.1,0.0,0.0,14.2,0.0,0.0,0.0,0.0,none,True
2024-09-07 18:00:00,2024-09-07,18,35.2,27,34.5,0.0,0.0,13.0,0.0,0.0,0.0,0.0,none,True
2024-09-07 19:00:00,2024-09-07,19,34.3,28,33.6,0.0,0.0,12.7,0.0,0.0,0.0,0.0,none,False
2024-09-07 20:00:00,2024-09-07,20,33.8,30,33.2,0.0,0.0,12.0,0.0,0.0,0.0,0.0,none,False
2024-09-07 21:00:00,2024-09-07,21,33.0,32,32.5,0.0,0.0,12.2,0.0,0.0,0.0,0.0,none,False
2024-09-07 22:00:00,2024-09-07,22,31.5,43,31.1,0.0,0.0,20.5,0.0,0.0,0.0,0.0,none,False
2024-09-07 23:00:00,2024-09-07,23,30.6,46,30.7,0.0,0.0,18.8,0.0,0.0,0.0,0.0,none,False
2024-09-08 00:00:00,2024-09-08,0,29.0,55,29.8,0.0,0.0,17.2,0.0,0.0,0.0,0.0,none,False
2024-09-08 01:00:00,2024-09-08,1,28.0,62,29.7,0.0,0.0,14.3,0.0,0.0,0.0,0.0,none,False
2024-09-08 02:00:00,2024-09-08,2,27.4,67,30.1,0.0,0.0,9.9,0.0,0.0,0.0,0.0,none,False
2024-09-08 03:00:00,2024-09-08,3,26.9,71,30.2,0.0,0.0,7.7,0.0,0.0,0.0,0.0,none,False
2024-09-08 04:00:00,2024-09-08,4,25.9,73,28.9,0.0,0.0,8.4,0.0,0.0,0.0,0.0,none,False
2024-09-08 05:00:00,2024-09-08,5,25.2,80,28.7,0.0,0.0,8.5,0.0,0.0,0.0,0.0,none,False
2024-09-08 06:00:00,2024-09-08,6,24.8,84,28.7,0.0,0.0,6.6,0.0,0.0,0.0,0.0,none,False
2024-09-08 07:00:00,2024-09-08,7,24.7,84,28.8,0.0,0.0,5.3,0.0,0.0,0.0,0.0,none,True
2024-09-08 08:00:00,2024-09-08,8,25.6,79,29.5,0.0,0.0,6.4,0.0,0.0,0.0,0.0,none,True
2024-09-08 09:00:00,2024-09-08,9,27.5,67,30.8,0.0,0.0,6.1,0.0,0.0,0.0,0.0,none,True
2024-09-08 10:00:00,2024-09-08,10,29.6,55,32.5,0.0,0.0,5.4,0.0,0.0,0.0,0.0,none,False
2024-09-08 11:00:00,2024-09-08,11,31.8,46,35.1,0.0,0.0,6.3,0.0,0.0,0.0,0.0,none,False
2024-09-08 12:00:00,2024-09-08,12,33.7,38,37.2,0.0,0.0,6.3,0.0,0.0,0.0,0.0,none,False
2024-09-08 13:00:00,2024-09-08,13,35.1,32,38.3,0.0,0.0,6.1,0.0,0.0,0.0,0.0,none,False
2024-09-08 14:00:00,2024-09-08,14,36.1,29,38.8,0.0,0.0,6.0,0.0,0.0,0.0,0.0,none,False
2024-09-08 15:00:00,2024-09-08,15,36.8,26,39.1,0.0,0.0,4.2,0.0,0.0,0.0,0.0,none,False
2024-09-08 16:00:00,2024-09-08,16,36.4,28,38.1,0.0,0.0,3.7,0.0,0.0,0.0,0.0,none,True
2024-09-08 17:00:00,2024-09-08,17,36.8,26,37.7,0.0,0.0,3.1,0.0,0.0,0.0,0.0,none,True
2024-09-08 18:00:00,2024-09-08,18,36.8,25,36.8,0.0,0.0,7.1,0.0,0.0,0.0,0.0,none,True
2024-09-08 19:00:00,2024-09-08,19,36.2,23,35.4,0.0,0.0,9.5,0.0,0.0,0.0,0.0,none,False
2024-09-08 20:00:00,2024-09-08,20,35.4,22,34.0,0.0,0.0,10.4,0.0,0.0,0.0,0.0,none,False
2024-09-08 21:00:00,2024-09-08,21,34.3,24,32.1,0.0,0.0,17.1,0.0,0.0,0.0,0.0,none,False
2024-09-08 22:00:00,2024-09-08,22,31.0,39,28.9,0.0,0.0,26.3,0.0,0.0,0.0,0.0,none,False
2024-09-08 23:00:00,2024-09-08,23,29.8,47,29.6,0.0,0.0,18.7,0.0,0.0,0.0,0.0,none,False
2024-09-09 00:00:00,2024-09-09,0,28.4,57,29.3,0.0,0.0,16.9,0.0,0.0,0.0,0.0,none,False
2024-09-09 01:00:00,2024-09-09,1,27.5,65,29.4,0.0,0.0,13.8,0.0,0.0,0.0,0.0,none,False
2024-09-09 02:00:00,2024-09-09,2,26.7,70,29.3,0.0,0.0,11.9,0.0,0.0,0.0,0.0,none,False
2024-09-09 03:00:00,2024-09-09,3,26.1,74,29.3,0.0,0.0,9.0,0.0,0.0,0.0,0.0,none,False
2024-09-09 04:00:00,2024-09-09,4,25.5,81,29.1,0.0,0.0,8.5,0.0,0.0,0.0,0.0,none,False
2024-09-09 05:00:00,2024-09-09,5,25.0,84,28.8,0.0,0.0,7.6,0.0,0.0,0.0,0.0,none,False
2024-09-09 06:00:00,2024-09-09,6,24.5,87,28.4,0.0,0.0,7.9,0.0,0.0,0.0,0.0,none,False
2024-09-09 07:00:00,2024-09-09,7,24.2,89,28.1,0.0,0.0,8.3,0.0,0.0,0.0,0.0,none,True
2024-09-09 08:00:00,2024-09-09,8,25.5,83,29.1,0.0,0.0,10.9,0.0,0.0,0.0,0.0,none,True
2024-09-09 09:00:00,2024-09-09,9,27.0,73,30.2,0.0,0.0,10.7,0.0,0.0,0.0,0.0,none,True
2024-09-09 10:00:00,2024-09-09,10,28.9,61,31.6,0.0,0.0,9.3,0.0,0.0,0.0,0.0,none,False
2024-09-09 11:00:00,2024-09-09,11,31.1,46,33.8,0.0,0.0,8.7,0.0,0.0,0.0,0.0,none,False
2024-09-09 12:00:00,2024-09-09,12,33.2,35,35.6,0.0,0.0,8.2,0.0,0.0,0.0,0.0,none,False
2024-09-09 13:00:00,2024-09-09,13,34.8,28,37.1,0.0,0.0,6.7,0.0,0.0,0.0,0.0,none,False
2024-09-09 14:00:00,2024-09-09,14,36.0,24,38.0,0.0,0.0,5.1,0.0,0.0,0.0,0.0,none,False
2024-09-09 15:00:00,2024-09-09,15,36.8,21,38.3,0.0,0.0,3.3,0.0,0.0,0.0,0.0,none,False
2024-09-09 16:00:00,2024-09-09,16,36.3,23,37.2,0.0,0.0,3.9,0.0,0.0,0.0,0.0,none,True
2024-09-09 17:00:00,2024-09-09,17,36.7,22,36.0,0.0,0.0,7.7,0.0,0.0,0.0,0.0,none,True
2024-09-09 18:00:00,2024-09-09,18,36.2,22,34.5,0.0,0.0,12.7,0.0,0.0,0.0,0.0,none,True
2024-09-09 19:00:00,2024-09-09,19,35.2,22,33.6,0.0,0.0,12.5,0.0,0.0,0.0,0.0,none,False
2024-09-09 20:00:00,2024-09-09,20,34.2,24,32.7,0.0,0.0,12.1,0.0,0.0,0.0,0.0,none,False
2024-09-09 21:00:00,2024-09-09,21,31.8,33,29.4,0.0,0.0,24.1,0.0,0.0,0.0,0.0,none,False
2024-09-09 22:00:00,2024-09-09,22,29.8,43,29.2,0.0,0.0,17.5,0.0,0.0,0.0,0.0,none,False
2024-09-09 23:00:00,2024-09-09,23,28.8,48,28.9,0.0,0.0,15.8,0.0,0.0,0.0,0.0,none,False
2024-09-10 00:00:00,2024-09-10,0,28.0,53,28.5,0.0,0.0,14.4,0.0,0.0,0.0,0.0,none,False
2024-09-10 01:00:00,2024-09-10,1,27.2,57,28.2,0.0,0.0,13.1,0.0,0.0,0.0,0.0,none,False
2024-09-10 02:00:00,2024-09-10,2,26.5,61,27.9,0.0,0.0,11.2,0.0,0.0,0.0,0.0,none,False
2024-09-10 03:00:00,2024-09-10,3,25.7,66,27.4,0.0,0.0,11.0,0.0,0.0,0.0,0.0,none,False
2024-09-10 04:00:00,2024-09-10,4,25.1,64,26.3,0.0,0.0,11.3,0.0,0.0,0.0,0.0,none,False
2024-09-10 05:00:00,2024-09-10,5,24.7,64,26.0,0.0,0.0,9.1,0.0,0.0,0.0,0.0,none,False
2024-09-10 06:00:00,2024-09-10,6,24.3,63,25.7,0.0,0.0,6.5,0.0,0.0,0.0,0.0,none,False
2024-09-10 07:00:00,2024-09-10,7,23.7,63,25.3,0.0,0.0,3.7,0.0,0.0,0.0,0.0,none,True
2024-09-10 08:00:00,2024-09-10,8,25.8,56,27.5,0.0,0.0,3.4,0.0,0.0,0.0,0.0,none,True
2024-09-10 09:00:00,2024-09-10,9,28.7,43,30.2,0.0,0.0,1.3,0.0,0.0,0.0,0.0,none,True
2024-09-10 10:00:00,2024-09-10,10,31.5,32,31.9,0.0,0.0,2.6,0.0,0.0,0.0,0.0,none,False
2024-09-10 11:00:00,2024-09-10,11,33.4,26,34.4,0.0,0.0,3.4,0.0,0.0,0.0,0.0,none,False
2024-09-10 12:00:00,2024-09-10,12,34.8,22,36.4,0.0,0.0,2.3,0.0,0.0,0.0,0.0,none,False
2024-09-10 13:00:00,2024-09-10,13,36.0,19,38.0,0.0,0.0,1.0,0.0,0.0,0.0,0.0,none,False
2024-09-10 14:00:00,2024-09-10,14,37.0,18,38.8,0.0,0.0,0.8,0.0,0.0,0.0,0.0,none,False
2024-09-10 15:00:00,2024-09-10,15,37.7,17,38.8,0.0,0.0,1.1,0.0,0.0,0.0,0.0,none,False
2024-09-10 16:00:00,2024-09-10,16,37.6,17,35.7,0.0,0.0,14.9,0.0,0.0,0.0,0.0,none,True
2024-09-10 17:00:00,2024-09-10,17,37.1,17,33.9,0.0,0.0,17.7,0.0,0.0,0.0,0.0,none,True
2024-09-10 18:00:00,2024-09-10,18,36.2,16,32.9,0.0,0.0,17.1,0.0,0.0,0.0,0.0,none,True
2024-09-10 19:00:00,2024-09-10,19,35.0,17,32.0,0.0,0.0,13.7,0.0,0.0,0.0,0.0,none,False
2024-09-10 20:00:00,2024-09-10,20,34.0,19,31.7,0.0,0.0,10.5,0.0,0.0,0.0,0.0,none,False
2024-09-10 21:00:00,2024-09-10,21,32.8,21,31.3,0.0,0.0,6.5,0.0,0.0,0.0,0.0,none,False
2024-09-10 22:00:00,2024-09-10,22,31.6,23,29.8,0.0,0.0,9.4,0.0,0.0,0.0,0.0,none,False
2024-09-10 23:00:00,2024-09-10,23,29.8,46,29.0,0.0,0.0,21.4,0.0,0.0,0.0,0.0,none,False
2024-09-11 00:00:00,2024-09-11,0,29.1,47,28.4,0.0,0.0,20.5,0.0,0.0,0.0,0.0,none,False
2024-09-11 01:00:00,2024-09-11,1,28.6,46,27.2,0.0,0.0,23.8,0.0,0.0,0.0,0.0,none,False
2024-09-11 02:00:00,2024-09-11,2,28.3,43,26.3,0.0,0.0,23.5,0.0,0.0,0.0,0.0,none,False
2024-09-11 03:00:00,2024-09-11,3,28.2,40,26.1,0.0,0.0,21.8,0.0,0.0,0.0,0.0,none,False
2024-09-11 04:00:00,2024-09-11,4,28.7,39,27.2,0.0,0.0,17.7,0.0,0.0,0.0,0.0,none,False
2024-09-11 05:00:00,2024-09-11,5,28.1,40,27.3,0.0,0.0,13.0,0.0,0.0,0.0,0.0,none,False
2024-09-11 06:00:00,2024-09-11,6,27.1,43,27.0,0.0,0.0,8.0,0.0,0.0,0.0,0.0,none,False
2024-09-11 07:00:00,2024-09-11,7,26.3,46,26.3,0.0,0.0,7.6,0.0,0.0,0.0,0.0,none,True
2024-09-11 08:00:00,2024-09-11,8,28.8,38,29.6,0.0,0.0,1.5,0.0,0.0,0.0,0.0,none,True
2024-09-11 09:00:00,2024-09-11,9,31.9,30,32.4,0.0,0.0,1.3,0.0,0.0,0.0,0.0,none,True
2024-09-11 10:00:00,2024-09-11,10,35.0,22,34.5,0.0,0.0,3.6,0.0,0.0,0.0,0.0,none,False
2024-09-11 11:00:00,2024-09-11,11,37.0,18,36.5,0.0,0.0,6.0,0.0,0.0,0.0,0.0,none,False
2024-09-11 12:00:00,2024-09-11,12,38.2,16,38.5,0.0,0.0,6.2,0.0,0.0,0.0,0.0,none,False
2024-09-11 13:00:00,2024-09-11,13,39.0,16,40.0,0.0,0.0,4.8,0.0,0.0,0.0,0.0,none,False
2024-09-11 14:00:00,2024-09-11,14,39.7,15,40.5,0.0,0.0,4.9,0.0,0.0,0.0,0.0,none,False
2024-09-11 15:00:00,2024-09-11,15,40.2,15,40.4,0.0,0.0,6.1,0.0,0.0,0.0,0.0,none,False
2024-09-11 16:00:00,2024-09-11,16,39.8,16,39.1,0.0,0.0,6.5,0.0,0.0,0.0,0.0,none,True
2024-09-11 17:00:00,2024-09-11,17,40.5,15,39.1,0.0,0.0,7.8,0.0,0.0,0.0,0.0,none,True
2024-09-11 18:00:00,2024-09-11,18,39.8,16,38.0,0.0,0.0,10.2,0.0,0.0,0.0,0.0,none,True
2024-09-11 19:00:00,2024-09-11,19,38.3,17,37.6,0.0,0.0,3.3,0.0,0.0,0.0,0.0,none,False
2024-09-11 20:00:00,2024-09-11,20,37.2,18,36.4,0.0,0.0,4.0,0.0,0.0,0.0,0.0,none,False
2024-09-11 21:00:00,2024-09-11,21,36.2,20,34.9,0.0,0.0,7.2,0.0,0.0,0.0,0.0,none,False
2024-09-11 22:00:00,2024-09-11,22,35.3,21,33.7,0.0,0.0,11.3,0.0,0.0,0.0,0.0,none,False
2024-09-11 23:00:00,2024-09-11,23,34.8,23,32.8,0.0,0.0,14.3,0.0,0.0,0.0,0.0,none,False
2024-09-12 00:00:00,2024-09-12,0,34.0,25,31.9,0.0,0.0,15.9,0.0,0.0,0.0,0.0,none,False
2024-09-12 01:00:00,2024-09-12,1,33.1,26,31.9,0.0,0.0,11.1,0.0,0.0,0.0,0.0,none,False
2024-09-12 02:00:00,2024-09-12,2,31.5,30,31.1,0.0,0.0,6.4,0.0,0.0,0.0,0.0,none,False
2024-09-12 03:00:00,2024-09-12,3,31.6,29,31.6,0.0,0.0,3.1,0.0,0.0,0.0,0.0,none,False
2024-09-12 04:00:00,2024-09-12,4,30.8,28,29.7,0.0,0.0,7.2,0.0,0.0,0.0,0.0,none,False
2024-09-12 05:00:00,2024-09-12,5,30.1,29,29.5,0.0,0.0,5.1,0.0,0.0,0.0,0.0,none,False
2024-09-12 06:00:00,2024-09-12,6,28.0,35,27.5,0.0,0.0,5.9,0.0,0.0,0.0,0.0,none,False
2024-09-12 07:00:00,2024-09-12,7,27.6,37,27.4,0.0,0.0,4.7,0.0,0.0,0.0,0.0,none,True
2024-09-12 08:00:00,2024-09-12,8,29.0,34,28.9,0.0,0.0,3.4,0.0,0.0,0.0,0.0,none,True
2024-09-12 09:00:00,2024-09-12,9,31.9,27,31.7,0.0,0.0,3.0,0.0,0.0,0.0,0.0,none,True
2024-09-12 10:00:00,2024-09-12,10,34.8,23,34.0,0.0,0.0,6.7,0.0,0.0,0.0,0.0,none,False
2024-09-12 11:00:00,2024-09-12,11,37.0,20,37.0,0.0,0.0,7.0,0.0,0.0,0.0,0.0,none,False
2024-09-12 12:00:00,2024-09-12,12,38.7,19,39.7,0.0,0.0,5.7,0.0,0.0,0.0,0.0,none,False
2024-09-12 13:00:00,2024-09-12,13,39.8,17,41.5,0.0,0.0,3.8,0.0,0.0,0.0,0.0,none,False
2024-09-12 14:00:00,2024-09-12,14,40.3,16,42.1,0.0,0.0,2.6,0.0,0.0,0.0,0.0,none,False
2024-09-12 15:00:00,2024-09-12,15,41.2,15,41.8,0.0,0.0,5.9,0.0,0.0,0.0,0.0,none,False
2024-09-12 16:00:00,2024-09-12,16,40.6,15,39.9,0.0,0.0,6.8,0.0,0.0,0.0,0.0,none,True
2024-09-12 17:00:00,2024-09-12,17,40.6,15,38.7,0.0,0.0,10.2,0.0,0.0,0.0,0.0,none,True
2024-09-12 18:00:00,2024-09-12,18,39.8,16,36.6,0.0,0.0,21.4,0.0,0.0,0.0,0.0,none,True
2024-09-12 19:00:00,2024-09-12,19,34.5,42,34.2,0.0,0.0,27.1,0.0,0.0,0.0,0.0,none,False
2024-09-12 20:00:00,2024-09-12,20,32.8,46,32.7,0.0,0.0,26.1,0.0,0.0,0.0,0.0,none,False
2024-09-12 21:00:00,2024-09-12,21,31.6,49,31.9,0.0,0.0,23.4,0.0,0.0,0.0,0.0,none,False
2024-09-12 22:00:00,2024-09-12,22,30.5,51,30.7,0.0,0.0,22.3,0.0,0.0,0.0,0.0,none,False
2024-09-12 23:00:00,2024-09-12,23,29.5,56,30.3,0.0,0.0,19.8,0.0,0.0,0.0,0.0,none,False
2024-09-13 00:00:00,2024-09-13,0,28.3,65,30.0,0.0,0.0,18.6,0.0,0.0,0.0,0.0,none,False
2024-09-13 01:00:00,2024-09-13,1,27.1,75,29.6,0.0,0.0,18.3,0.0,0.0,0.0,0.0,none,False
2024-09-13 02:00:00,2024-09-13,2,26.6,78,29.4,0.0,0.0,17.1,0.0,0.0,0.0,0.0,none,False
2024-09-13 03:00:00,2024-09-13,3,26.2,80,29.1,0.0,0.0,16.3,0.0,0.0,0.0,0.0,none,False
2024-09-13 04:00:00,2024-09-13,4,26.4,80,29.4,0.0,0.0,15.2,0.0,0.0,0.0,0.0,none,False
2024-09-13 05:00:00,2024-09-13,5,26.0,81,29.3,0.0,0.0,14.1,0.0,0.0,0.0,0.0,none,False
2024-09-13 06:00:00,2024-09-13,6,25.8,82,29.0,0.0,0.0,13.3,0.0,0.0,0.0,0.0,none,False
2024-09-13 07:00:00,2024-09-13,7,25.6,82,28.8,0.0,0.0,13.0,0.0,0.0,0.0,0.0,none,True
2024-09-13 08:00:00,2024-09-13,8,26.5,78,29.3,0.0,0.0,16.0,0.0,0.0,0.0,0.0,none,True
2024-09-13 09:00:00,2024-09-13,9,28.1,69,30.6,0.0,0.0,17.1,0.0,0.0,0.0,0.0,none,True
2024-09-13 10:00:00,2024-09-13,10,30.0,60,32.1,0.0,0.0,16.3,0.0,0.0,0.0,0.0,none,False
2024-09-13 11:00:00,2024-09-13,11,32.0,50,34.4,0.0,0.0,15.6,0.0,0.0,0.0,0.0,none,False
2024-09-13 12:00:00,2024-09-13,12,34.0,41,36.6,0.0,0.0,14.8,0.0,0.0,0.0,0.0,none,False
2024-09-13 13:00:00,2024-09-13,13,35.7,35,38.3,0.0,0.0,14.3,0.0,0.0,0.0,0.0,none,False
2024-09-13 14:00:00,2024-09-13,14,37.0,31,39.0,0.0,0.0,15.2,0.0,0.0,0.0,0.0,none,False
2024-09-13 15:00:00,2024-09-13,15,37.8,28,38.9,0.0,0.0,16.2,0.0,0.0,0.0,0.0,none,False
2024-09-13 16:00:00,2024-09-13,16,36.7,31,37.2,0.0,0.0,16.5,0.0,0.0,0.0,0.0,none,True
2024-09-13 17:00:00,2024-09-13,17,37.5,28,37.2,0.0,0.0,16.6,0.0,0.0,0.0,0.0,none,True
2024-09-13 18:00:00,2024-09-13,18,33.6,38,31.7,0.0,0.0,30.3,0.0,0.0,0.0,0.0,none,True
2024-09-13 19:00:00,2024-09-13,19,32.7,37,31.3,0.0,0.0,23.9,0.0,0.0,0.0,0.0,none,False
2024-09-13 20:00:00,2024-09-13,20,31.7,36,29.9,0.0,0.0,22.9,0.0,0.0,0.0,0.0,none,False
2024-09-13 21:00:00,2024-09-13,21,30.4,38,28.5,0.0,0.0,22.5,0.0,0.0,0.0,0.0,none,False
2024-09-13 22:00:00,2024-09-13,22,29.1,41,27.6,0.0,0.0,20.2,0.0,0.0,0.0,0.0,none,False
2024-09-13 23:00:00,2024-09-13,23,28.0,47,27.2,0.0,0.0,18.0,0.0,0.0,0.0,0.0,none,False
2024-09-14 00:00:00,2024-09-14,0,26.6,56,26.7,0.0,0.0,17.0,0.0,0.0,0.0,0.0,none,False
2024-09-14 01:00:00,2024-09-14,1,25.6,63,26.3,0.0,0.0,15.1,0.0,0.0,0.0,0.0,none,False
2024-09-14 02:00:00,2024-09-14,2,24.7,69,26.0,0.0,0.0,13.0,0.0,0.0,0.0,0.0,none,False
2024-09-14 03:00:00,2024-09-14,3,24.0,75,25.8,0.0,0.0,10.9,0.0,0.0,0.0,0.0,none,False
2024-09-14 04:00:00,2024-09-14,4,23.7,74,25.6,0.0,0.0,9.4,0.0,0.0,0.0,0.0,none,False
2024-09-14 05:00:00,2024-09-14,5,23.1,78,25.4,0.0,0.0,7.7,0.0,0.0,0.0,0.0,none,False
2024-09-14 06:00:00,2024-09-14,6,22.6,81,25.3,0.0,0.0,6.0,0.0,0.0,0.0,0.0,none,False
2024-09-14 07:00:00,2024-09-14,7,22.5,83,25.2,0.0,0.0,5.6,0.0,0.0,0.0,0.0,none,True
2024-09-14 08:00:00,2024-09-14,8,24.0,76,26.6,0.0,0.0,7.6,0.0,0.0,0.0,0.0,none,True
2024-09-14 09:00:00,2024-09-14,9,26.0,68,28.4,0.0,0.0,8.7,0.0,0.0,0.0,0.0,none,True
2024-09-14 10:00:00,2024-09-14,10,28.4,57,29.7,0.0,0.0,14.7,0.0,0.0,0.0,0.0,none,False
2024-09-14 11:00:00,2024-09-14,11,30.3,48,31.7,0.0,0.0,13.9,0.0,0.0,0.0,0.0,none,False
2024-09-14 12:00:00,2024-09-14,12,32.4,38,33.7,0.0,0.0,15.2,0.0,0.0,0.0,0.0,none,False
2024-09-14 13:00:00,2024-09-14,13,34.1,32,34.9,0.0,0.0,17.6,0.0,0.0,0.0,0.0,none,False
2024-09-14 14:00:00,2024-09-14,14,35.3,29,35.5,0.0,0.0,19.1,0.0,0.0,0.0,0.0,none,False
2024-09-14 15:00:00,2024-09-14,15,36.3,26,35.7,0.0,0.0,20.2,0.0,0.0,0.0,0.0,none,False
2024-09-14 16:00:00,2024-09-14,16,35.5,27,33.8,0.0,0.0,22.4,0.0,0.0,0.0,0.0,none,True
2024-09-14 17:00:00,2024-09-14,17,35.2,26,32.5,0.0,0.0,24.5,0.0,0.0,0.0,0.0,none,True
2024-09-14 18:00:00,2024-09-14,18,34.1,26,31.1,0.0,0.0,24.6,0.0,0.0,0.0,0.0,none,True
2024-09-14 19:00:00,2024-09-14,19,32.6,28,29.9,0.0,0.0,22.4,0.0,0.0,0.0,0.0,none,False
2024-09-14 20:00:00,2024-09-14,20,31.1,33,28.9,0.0,0.0,22.0,0.0,0.0,0.0,0.0,none,False
2024-09-14 21:00:00,2024-09-14,21,29.8,42,28.5,0.0,0.0,20.9,0.0,0.0,0.0,0.0,none,False
2024-09-14 22:00:00,2024-09-14,22,28.5,50,28.1,0.0,0.0,19.8,0.0,0.0,0.0,0.0,none,False
2024-09-14 23:00:00,2024-09-14,23,27.5,58,28.0,0.0,0.0,17.3,0.0,0.0,0.0,0.0,none,False
2024-09-15 00:00:00,2024-09-15,0,26.7,64,28.2,0.0,0.0,13.7,0.0,0.0,0.0,0.0,none,False
2024-09-15 01:00:00,2024-09-15,1,26.0,69,28.3,0.0,0.0,10.8,0.0,0.0,0.0,0.0,none,False
2024-09-15 02:00:00,2024-09-15,2,25.5,72,28.2,0.0,0.0,8.3,0.0,0.0,0.0,0.0,none,False
2024-09-15 03:00:00,2024-09-15,3,25.0,75,27.9,0.0,0.0,7.2,0.0,0.0,0.0,0.0,none,False
2024-09-15 04:00:00,2024-09-15,4,24.7,77,28.0,0.0,0.0,5.4,0.0,0.0,0.0,0.0,none,False
2024-09-15 05:00:00,2024-09-15,5,24.1,80,27.8,0.0,0.0,3.6,0.0,0.0,0.0,0.0,none,False
2024-09-15 06:00:00,2024-09-15,6,23.5,84,27.1,0.0,0.0,4.0,0.0,0.0,0.0,0.0,none,False
2024-09-15 07:00:00,2024-09-15,7,23.4,85,27.0,0.0,0.0,4.2,0.0,0.0,0.0,0.0,none,True
2024-09-15 08:00:00,2024-09-15,8,24.6,79,28.0,0.0,0.0,6.6,0.0,0.0,0.0,0.0,none,True
2024-09-15 09:00:00,2024-09-15,9,26.4,73,29.8,0.0,0.0,7.1,0.0,0.0,0.0,0.0,none,True
2024-09-15 10:00:00,2024-09-15,10,28.5,62,31.5,0.0,0.0,7.3,0.0,0.0,0.0,0.0,none,False
2024-09-15 11:00:00,2024-09-15,11,31.0,48,34.0,0.0,0.0,7.4,0.0,0.0,0.0,0.0,none,False
2024-09-15 12:00:00,2024-09-15,12,33.3,37,35.6,0.0,0.0,10.4,0.0,0.0,0.0,0.0,none,False
2024-09-15 13:00:00,2024-09-15,13,35.2,31,36.7,0.0,0.0,15.3,0.0,0.0,0.0,0.0,none,False
2024-09-15 14:00:00,2024-09-15,14,37.0,28,36.6,0.0,0.0,23.8,0.0,0.0,0.0,0.0,none,False
2024-09-15 15:00:00,2024-09-15,15,36.8,28,34.8,0.0,0.0,25.4,0.0,0.0,0.0,0.0,none,False
2024-09-15 16:00:00,2024-09-15,16,35.0,35,34.2,0.1,0.1,23.4,0.1,0.09999999999999995,0.09999999999999995,0.09999999999999995,light,True
2024-09-15 17:00:00,2024-09-15,17,35.2,33,34.5,0.0,0.0,20.5,0.0,0.09999999999999995,0.09999999999999995,0.09999999999999995,none,True
2024-09-15 18:00:00,2024-09-15,18,34.6,34,33.7,0.0,0.0,21.0,0.0,0.09999999999999995,0.09999999999999995,0.09999999999999995,none,True
2024-09-15 19:00:00,2024-09-15,19,33.3,36,32.5,0.0,0.0,20.7,0.0,0.0,0.09999999999999995,0.09999999999999995,none,False
2024-09-15 20:00:00,2024-09-15,20,32.3,38,31.7,0.0,0.0,18.8,0.0,0.0,0.09999999999999995,0.09999999999999995,none,False
2024-09-15 21:00:00,2024-09-15,21,31.2,42,31.0,0.0,0.0,17.3,0.0,0.0,0.09999999999999995,0.09999999999999995,none,False
2024-09-15 22:00:00,2024-09-15,22,30.0,47,30.3,0.0,0.0,16.2,0.0,0.0,0.0,0.09999999999999995,none,False
2024-09-15 23:00:00,2024-09-15,23,29.0,51,29.9,0.0,0.0,13.0,0.0,0.0,0.0,0.09999999999999995,none,False
2024-09-16 00:00:00,2024-09-16,0,28.1,55,29.5,0.0,0.0,10.8,0.0,0.0,0.0,0.09999999999999995,none,False
2024-09-16 01:00:00,2024-09-16,1,27.2,59,29.0,0.0,0.0,9.7,0.0,0.0,0.0,0.09999999999999995,none,False
2024-09-16 02:00:00,2024-09-16,2,26.5,64,28.7,0.0,0.0,8.0,0.0,0.0,0.0,0.09999999999999995,none,False
2024-09-16 03:00:00,2024-09-16,3,25.8,68,28.6,0.0,0.0,5.4,0.0,0.0,0.0,0.09999999999999995,none,False
2024-09-16 04:00:00,2024-09-16,4,25.3,68,28.2,0.0,0.0,3.5,0.0,0.0,0.0,0.09999999999999995,none,False
2024-09-16 05:00:00,2024-09-16,5,24.8,72,27.7,0.0,0.0,3.7,0.0,0.0,0.0,0.09999999999999995,none,False
2024-09-16 06:00:00,2024-09-16,6,24.3,76,27.4,0.0,0.0,4.3,0.0,0.0,0.0,0.09999999999999995,none,False
2024-09-16 07:00:00,2024-09-16,7,24.0,80,27.0,0.0,0.0,7.1,0.0,0.0,0.0,0.09999999999999995,none,True
2024-09-16 08:00:00,2024-09-16,8,25.1,77,27.9,0.0,0.0,9.7,0.0,0.0,0.0,0.09999999999999995,none,True
2024-09-16 09:00:00,2024-09-16,9,26.7,65,28.8,0.0,0.0,10.5,0.0,0.0,0.0,0.09999999999999995,none,True
2024-09-16 10:00:00,2024-09-16,10,28.5,54,30.2,0.0,0.0,9.5,0.0,0.0,0.0,0.09999999999999995,none,False
2024-09-16 11:00:00,2024-09-16,11,30.5,44,32.5,0.0,0.0,8.6,0.0,0.0,0.0,0.09999999999999995,none,False
2024-09-16 12:00:00,2024-09-16,12,32.5,38,34.7,0.0,0.0,10.3,0.0,0.0,0.0,0.09999999999999995,none,False
2024-09-16 13:00:00,2024-09-16,13,34.2,34,35.6,0.0,0.0,15.3,0.0,0.0,0.0,0.09999999999999995,none,False
2024-09-16 14:00:00,2024-09-16,14,34.7,33,35.4,0.0,0.0,18.5,0.0,0.0,0.0,0.09999999999999995,none,False
2024-09-16 15:00:00,2024-09-16,15,35.2,31,35.3,0.0,0.0,18.9,0.0,0.0,0.0,0.09999999999999995,none,False
2024-09-16 16:00:00,2024-09-16,16,34.6,31,34.3,0.0,0.0,16.5,0.0,0.0,0.0,0.0,none,True
2024-09-16 17:00:00,2024-09-16,17,34.5,29,33.4,0.0,0.0,16.5,0.0,0.0,0.0,0.0,none,True
2024-09-16 18:00:00,2024-09-16,18,33.9,29,32.9,0.0,0.0,14.5,0.0,0.0,0.0,0.0,none,True
2024-09-16 19:00:00,2024-09-16,19,33.0,30,32.1,0.0,0.0,13.7,0.0,0.0,0.0,0.0,none,False
2024-09-16 20:00:00,2024-09-16,20,32.0,33,31.5,0.0,0.0,12.0,0.0,0.0,0.0,0.0,none,False
2024-09-16 21:00:00,2024-09-16,21,31.1,36,30.2,0.0,0.0,15.4,0.0,0.0,0.0,0.0,none,False
2024-09-16 22:00:00,2024-09-16,22,29.6,39,28.0,0.0,0.0,20.3,0.0,0.0,0.0,0.0,none,False
2024-09-16 23:00:00,2024-09-16,23,28.4,44,27.5,0.0,0.0,17.8,0.0,0.0,0.0,0.0,none,False
2024-09-17 00:00:00,2024-09-17,0,27.4,49,27.1,0.0,0.0,15.4,0.0,0.0,0.0,0.0,none,False
2024-09-17 01:00:00,2024-09-17,1,26.6,53,26.8,0.0,0.0,12.9,0.0,0.0,0.0,0.0,none,False
2024-09-17 02:00:00,2024-09-17,2,25.8,56,26.6,0.0,0.0,9.8,0.0,0.0,0.0,0.0,none,False
2024-09-17 03:00:00,2024-09-17,3,25.1,59,26.5,0.0,0.0,6.7,0.0,0.0,0.0,0.0,none,False
2024-09-17 04:00:00,2024-09-17,4,25.0,62,26.8,0.0,0.0,5.6,0.0,0.0,0.0,0.0,none,False
2024-09-17 05:00:00,2024-09-17,5,24.2,66,26.2,0.0,0.0,4.3,0.0,0.0,0.0,0.0,none,False
2024-09-17 06:00:00,2024-09-17,6,23.7,69,25.8,0.0,0.0,4.4,0.0,0.0,0.0,0.0,none,False
2024-09-17 07:00:00,2024-09-17,7,23.9,68,26.2,0.0,0.0,2.6,0.0,0.0,0.0,0.0,none,True
2024-09-17 08:00:00,2024-09-17,8,24.9,64,27.2,0.0,0.0,2.0,0.0,0.0,0.0,0.0,none,True
2024-09-17 09:00:00,2024-09-17,9,26.7,55,28.6,0.0,0.0,3.6,0.0,0.0,0.0,0.0,none,True
2024-09-17 10:00:00,2024-09-17,10,28.5,47,29.8,0.0,0.0,5.9,0.0,0.0,0.0,0.0,none,False
2024-09-17 11:00:00,2024-09-17,11,30.3,38,31.6,0.0,0.0,7.6,0.0,0.0,0.0,0.0,none,False
2024-09-17 12:00:00,2024-09-17,12,31.9,32,33.3,0.0,0.0,8.6,0.0,0.0,0.0,0.0,none,False
2024-09-17 13:00:00,2024-09-17,13,33.2,28,34.3,0.0,0.0,10.4,0.0,0.0,0.0,0.0,none,False
2024-09-17 14:00:00,2024-09-17,14,34.0,27,34.3,0.0,0.0,13.8,0.0,0.0,0.0,0.0,none,False
2024-09-17 15:00:00,2024-09-17,15,34.3,26,34.3,0.0,0.0,13.3,0.0,0.0,0.0,0.0,none,False
2024-09-17 16:00:00,2024-09-17,16,33.8,28,32.4,0.0,0.0,15.1,0.0,0.0,0.0,0.0,none,True
2024-09-17 17:00:00,2024-09-17,17,32.5,33,30.7,0.0,0.0,22.1,0.0,0.0,0.0,0.0,none,True
2024-09-17 18:00:00,2024-09-17,18,31.8,34,30.6,0.0,0.0,17.0,0.0,0.0,0.0,0.0,none,True
2024-09-17 19:00:00,2024-09-17,19,31.3,35,30.3,0.0,0.0,15.8,0.0,0.0,0.0,0.0,none,False
2024-09-17 20:00:00,2024-09-17,20,30.3,40,29.8,0.0,0.0,15.7,0.0,0.0,0.0,0.0,none,False
2024-09-17 21:00:00,2024-09-17,21,29.8,41,29.6,0.0,0.0,13.4,0.0,0.0,0.0,0.0,none,False
2024-09-17 22:00:00,2024-09-17,22,29.5,42,28.9,0.0,0.0,15.9,0.0,0.0,0.0,0.0,none,False
2024-09-17 23:00:00,2024-09-17,23,26.9,53,25.8,0.0,0.0,23.6,0.0,0.0,0.0,0.0,none,False
2024-09-18 00:00:00,2024-09-18,0,26.1,57,26.1,0.0,0.0,16.9,0.0,0.0,0.0,0.0,none,False
2024-09-18 01:00:00,2024-09-18,1,25.5,61,26.1,0.0,0.0,14.0,0.0,0.0,0.0,0.0,none,False
2024-09-18 02:00:00,2024-09-18,2,24.9,64,25.9,0.0,0.0,11.6,0.0,0.0,0.0,0.0,none,False
2024-09-18 03:00:00,2024-09-18,3,24.3,66,25.7,0.0,0.0,9.3,0.0,0.0,0.0,0.0,none,False
2024-09-18 04:00:00,2024-09-18,4,23.9,67,25.5,0.0,0.0,6.1,0.0,0.0,0.0,0.0,none,False
2024-09-18 05:00:00,2024-09-18,5,23.0,70,24.9,0.0,0.0,4.9,0.0,0.0,0.0,0.0,none,False
2024-09-18 06:00:00,2024-09-18,6,22.2,74,24.2,0.0,0.0,4.7,0.0,0.0,0.0,0.0,none,False
2024-09-18 07:00:00,2024-09-18,7,21.9,75,23.8,0.0,0.0,5.2,0.0,0.0,0.0,0.0,none,True
2024-09-18 08:00:00,2024-09-18,8,23.6,68,25.3,0.0,0.0,7.0,0.0,0.0,0.0,0.0,none,True
2024-09-18 09:00:00,2024-09-18,9,25.5,61,27.0,0.0,0.0,7.9,0.0,0.0,0.0,0.0,none,True
2024-09-18 10:00:00,2024-09-18,10,27.4,51,28.1,0.0,0.0,10.1,0.0,0.0,0.0,0.0,none,False
2024-09-18 11:00:00,2024-09-18,11,29.2,41,30.1,0.0,0.0,10.8,0.0,0.0,0.0,0.0,none,False
2024-09-18 12:00:00,2024-09-18,12,31.0,35,32.0,0.0,0.0,11.4,0.0,0.0,0.0,0.0,none,False
2024-09-18 13:00:00,2024-09-18,13,32.8,28,33.5,0.0,0.0,12.8,0.0,0.0,0.0,0.0,none,False
2024-09-18 14:00:00,2024-09-18,14,34.4,24,33.8,0.0,0.0,16.7,0.0,0.0,0.0,0.0,none,False
2024-09-18 15:00:00,2024-09-18,15,35.0,23,33.3,0.0,0.0,20.5,0.0,0.0,0.0,0.0,none,False
2024-09-18 16:00:00,2024-09-18,16,34.7,24,32.2,0.0,0.0,21.6,0.0,0.0,0.0,0.0,none,True
2024-09-18 17:00:00,2024-09-18,17,34.6,24,31.8,0.0,0.0,21.3,0.0,0.0,0.0,0.0,none,True
2024-09-18 18:00:00,2024-09-18,18,34.0,25,31.1,0.0,0.0,22.1,0.0,0.0,0.0,0.0,none,True
2024-09-18 19:00:00,2024-09-18,19,33.2,25,30.2,0.0,0.0,20.4,0.0,0.0,0.0,0.0,none,False
2024-09-18 20:00:00,2024-09-18,20,31.6,24,27.8,0.0,0.0,23.1,0.0,0.0,0.0,0.0,none,False
2024-09-18 21:00:00,2024-09-18,21,30.0,26,26.6,0.0,0.0,20.1,0.0,0.0,0.0,0.0,none,False
2024-09-18 22:00:00,2024-09-18,22,28.7,31,26.2,0.0,0.0,17.4,0.0,0.0,0.0,0.0,none,False
2024-09-18 23:00:00,2024-09-18,23,27.5,38,26.1,0.0,0.0,13.5,0.0,0.0,0.0,0.0,none,False
2024-09-19 00:00:00,2024-09-19,0,26.6,44,26.1,0.0,0.0,10.9,0.0,0.0,0.0,0.0,none,False
2024-09-19 01:00:00,2024-09-19,1,25.8,49,25.8,0.0,0.0,9.3,0.0,0.0,0.0,0.0,none,False
2024-09-19 02:00:00,2024-09-19,2,25.0,54,25.6,0.0,0.0,7.5,0.0,0.0,0.0,0.0,none,False
2024-09-19 03:00:00,2024-09-19,3,24.4,59,25.5,0.0,0.0,6.1,0.0,0.0,0.0,0.0,none,False
2024-09-19 04:00:00,2024-09-19,4,24.2,62,25.5,0.0,0.0,7.4,0.0,0.0,0.0,0.0,none,False
2024-09-19 05:00:00,2024-09-19,5,23.8,64,25.1,0.0,0.0,7.3,0.0,0.0,0.0,0.0,none,False
2024-09-19 06:00:00,2024-09-19,6,23.4,65,24.8,0.0,0.0,5.6,0.0,0.0,0.0,0.0,none,False
2024-09-19 07:00:00,2024-09-19,7,23.1,64,24.4,0.0,0.0,4.3,0.0,0.0,0.0,0.0,none,True
2024-09-19 08:00:00,2024-09-19,8,25.0,53,25.8,0.0,0.0,5.1,0.0,0.0,0.0,0.0,none,True
2024-09-19 09:00:00,2024-09-19,9,27.8,39,28.2,0.0,0.0,2.8,0.0,0.0,0.0,0.0,none,True
2024-09-19 10:00:00,2024-09-19,10,30.0,33,29.6,0.0,0.0,7.2,0.0,0.0,0.0,0.0,none,False
2024-09-19 11:00:00,2024-09-19,11,31.9,30,32.3,0.0,0.0,7.9,0.0,0.0,0.0,0.0,none,False
2024-09-19 12:00:00,2024-09-19,12,33.7,28,35.1,0.0,0.0,7.2,0.0,0.0,0.0,0.0,none,False
2024-09-19 13:00:00,2024-09-19,13,35.6,25,37.2,0.0,0.0,7.6,0.0,0.0,0.0,0.0,none,False
2024-09-19 14:00:00,2024-09-19,14,37.0,23,37.8,0.0,0.0,10.7,0.0,0.0,0.0,0.0,none,False
2024-09-19 15:00:00,2024-09-19,15,37.9,21,37.8,0.0,0.0,12.4,0.0,0.0,0.0,0.0,none,False
2024-09-19 16:00:00,2024-09-19,16,37.5,21,36.4,0.0,0.0,13.8,0.0,0.0,0.0,0.0,none,True
2024-09-19 17:00:00,2024-09-19,17,37.2,22,35.7,0.0,0.0,13.3,0.0,0.0,0.0,0.0,none,True
2024-09-19 18:00:00,2024-09-19,18,36.8,22,35.9,0.0,0.0,9.5,0.0,0.0,0.0,0.0,none,True
2024-09-19 19:00:00,2024-09-19,19,36.0,23,35.0,0.0,0.0,9.8,0.0,0.0,0.0,0.0,none,False
2024-09-19 20:00:00,2024-09-19,20,34.9,25,33.9,0.0,0.0,10.2,0.0,0.0,0.0,0.0,none,False
2024-09-19 21:00:00,2024-09-19,21,34.0,26,33.4,0.0,0.0,8.5,0.0,0.0,0.0,0.0,none,False
2024-09-19 22:00:00,2024-09-19,22,32.8,28,32.6,0.0,0.0,5.4,0.0,0.0,0.0,0.0,none,False
2024-09-19 23:00:00,2024-09-19,23,31.8,30,31.4,0.0,0.0,7.1,0.0,0.0,0.0,0.0,none,False
2024-09-20 00:00:00,2024-09-20,0,30.8,32,30.7,0.0,0.0,5.5,0.0,0.0,0.0,0.0,none,False
2024-09-20 01:00:00,2024-09-20,1,29.8,35,29.4,0.0,0.0,7.3,0.0,0.0,0.0,0.0,none,False
2024-09-20 02:00:00,2024-09-20,2,28.9,38,28.6,0.0,0.0,9.0,0.0,0.0,0.0,0.0,none,False
2024-09-20 03:00:00,2024-09-20,3,28.1,42,28.5,0.0,0.0,6.2,0.0,0.0,0.0,0.0,none,False
2024-09-20 04:00:00,2024-09-20,4,27.6,46,28.2,0.0,0.0,7.3,0.0,0.0,0.0,0.0,none,False
2024-09-20 05:00:00,2024-09-20,5,27.5,46,27.8,0.0,0.0,8.6,0.0,0.0,0.0,0.0,none,False
2024-09-20 06:00:00,2024-09-20,6,27.5,45,27.5,0.0,0.0,9.1,0.0,0.0,0.0,0.0,none,False
2024-09-20 07:00:00,2024-09-20,7,27.6,43,27.4,0.0,0.0,10.0,0.0,0.0,0.0,0.0,none,True
2024-09-20 08:00:00,2024-09-20,8,29.8,37,29.0,0.0,0.0,13.0,0.0,0.0,0.0,0.0,none,True
2024-09-20 09:00:00,2024-09-20,9,32.0,32,31.1,0.0,0.0,13.4,0.0,0.0,0.0,0.0,none,True
2024-09-20 10:00:00,2024-09-20,10,34.5,27,33.1,0.0,0.0,15.8,0.0,0.0,0.0,0.0,none,False
2024-09-20 11:00:00,2024-09-20,11,36.8,23,35.5,0.0,0.0,18.1,0.0,0.0,0.0,0.0,none,False
2024-09-20 12:00:00,2024-09-20,12,38.5,20,37.6,0.0,0.0,18.6,0.0,0.0,0.0,0.0,none,False
2024-09-20 13:00:00,2024-09-20,13,39.8,19,38.7,0.0,0.0,20.8,0.0,0.0,0.0,0.0,none,False
2024-09-20 14:00:00,2024-09-20,14,40.9,16,39.1,0.0,0.0,22.6,0.0,0.0,0.0,0.0,none,False
2024-09-20 15:00:00,2024-09-20,15,41.5,15,38.2,0.0,0.0,28.0,0.0,0.0,0.0,0.0,none,False
2024-09-20 16:00:00,2024-09-20,16,40.5,16,36.1,0.0,0.0,30.2,0.0,0.0,0.0,0.0,none,True
2024-09-20 17:00:00,2024-09-20,17,40.5,16,37.0,0.0,0.0,22.3,0.0,0.0,0.0,0.0,none,True
2024-09-20 18:00:00,2024-09-20,18,39.1,15,34.9,0.0,0.0,24.7,0.0,0.0,0.0,0.0,none,True
2024-09-20 19:00:00,2024-09-20,19,37.1,17,33.6,0.0,0.0,20.6,0.0,0.0,0.0,0.0,none,False
2024-09-20 20:00:00,2024-09-20,20,33.2,43,32.7,0.0,0.0,25.8,0.0,0.0,0.0,0.0,none,False
2024-09-20 21:00:00,2024-09-20,21,31.4,51,32.0,0.0,0.0,22.2,0.0,0.0,0.0,0.0,none,False
2024-09-20 22:00:00,2024-09-20,22,30.1,56,31.6,0.0,0.0,17.2,0.0,0.0,0.0,0.0,none,False
2024-09-20 23:00:00,2024-09-20,23,29.0,58,30.6,0.0,0.0,16.2,0.0,0.0,0.0,0.0,none,False
2024-09-21 00:00:00,2024-09-21,0,28.1,61,29.8,0.0,0.0,15.4,0.0,0.0,0.0,0.0,none,False
2024-09-21 01:00:00,2024-09-21,1,27.4,64,29.0,0.0,0.0,14.8,0.0,0.0,0.0,0.0,none,False
2024-09-21 02:00:00,2024-09-21,2,26.6,65,28.3,0.0,0.0,13.3,0.0,0.0,0.0,0.0,none,False
2024-09-21 03:00:00,2024-09-21,3,26.0,67,28.1,0.0,0.0,9.7,0.0,0.0,0.0,0.0,none,False
2024-09-21 04:00:00,2024-09-21,4,25.2,67,27.0,0.0,0.0,10.2,0.0,0.0,0.0,0.0,none,False
2024-09-21 05:00:00,2024-09-21,5,24.7,70,26.8,0.0,0.0,8.4,0.0,0.0,0.0,0.0,none,False
2024-09-21 06:00:00,2024-09-21,6,24.3,73,26.8,0.0,0.0,6.2,0.0,0.0,0.0,0.0,none,False
2024-09-21 07:00:00,2024-09-21,7,24.0,74,26.4,0.0,0.0,7.6,0.0,0.0,0.0,0.0,none,True
2024-09-21 08:00:00,2024-09-21,8,25.2,70,27.4,0.0,0.0,9.6,0.0,0.0,0.0,0.0,none,True
2024-09-21 09:00:00,2024-09-21,9,26.9,64,28.6,0.0,0.0,12.8,0.0,0.0,0.0,0.0,none,True
2024-09-21 10:00:00,2024-09-21,10,28.5,55,29.9,0.0,0.0,12.2,0.0,0.0,0.0,0.0,none,False
2024-09-21 11:00:00,2024-09-21,11,30.2,46,31.8,0.0,0.0,11.2,0.0,0.0,0.0,0.0,none,False
2024-09-21 12:00:00,2024-09-21,12,31.8,39,33.8,0.0,0.0,10.5,0.0,0.0,0.0,0.0,none,False
2024-09-21 13:00:00,2024-09-21,13,33.2,34,35.1,0.0,0.0,10.7,0.0,0.0,0.0,0.0,none,False
2024-09-21 14:00:00,2024-09-21,14,34.3,30,35.6,0.0,0.0,11.7,0.0,0.0,0.0,0.0,none,False
2024-09-21 15:00:00,2024-09-21,15,35.0,29,35.2,0.0,0.0,14.5,0.0,0.0,0.0,0.0,none,False
2024-09-21 16:00:00,2024-09-21,16,35.0,28,33.1,0.0,0.0,21.3,0.0,0.0,0.0,0.0,none,True
2024-09-21 17:00:00,2024-09-21,17,33.1,34,31.4,0.0,0.0,23.7,0.0,0.0,0.0,0.0,none,True
2024-09-21 18:00:00,2024-09-21,18,33.3,32,31.9,0.0,0.0,20.0,0.0,0.0,0.0,0.0,none,True
2024-09-21 19:00:00,2024-09-21,19,31.4,38,29.8,0.0,0.0,22.9,0.0,0.0,0.0,0.0,none,False
2024-09-21 20:00:00,2024-09-21,20,30.0,41,28.5,0.0,0.0,22.9,0.0,0.0,0.0,0.0,none,False
2024-09-21 21:00:00,2024-09-21,21,28.6,44,27.3,0.0,0.0,20.8,0.0,0.0,0.0,0.0,none,False
2024-09-21 22:00:00,2024-09-21,22,27.6,45,26.7,0.0,0.0,16.6,0.0,0.0,0.0,0.0,none,False
2024-09-21 23:00:00,2024-09-21,23,26.9,47,26.5,0.0,0.0,13.4,0.0,0.0,0.0,0.0,none,False
2024-09-22 00:00:00,2024-09-22,0,26.0,51,26.0,0.0,0.0,11.9,0.0,0.0,0.0,0.0,none,False
2024-09-22 01:00:00,2024-09-22,1,25.4,55,26.2,0.0,0.0,8.3,0.0,0.0,0.0,0.0,none,False
2024-09-22 02:00:00,2024-09-22,2,24.8,59,26.2,0.0,0.0,5.1,0.0,0.0,0.0,0.0,none,False
2024-09-22 03:00:00,2024-09-22,3,24.0,63,25.7,0.0,0.0,3.8,0.0,0.0,0.0,0.0,none,False
2024-09-22 04:00:00,2024-09-22,4,23.7,67,25.7,0.0,0.0,4.1,0.0,0.0,0.0,0.0,none,False
2024-09-22 05:00:00,2024-09-22,5,23.1,69,25.0,0.0,0.0,4.7,0.0,0.0,0.0,0.0,none,False
2024-09-22 06:00:00,2024-09-22,6,22.8,71,24.6,0.0,0.0,4.7,0.0,0.0,0.0,0.0,none,False
2024-09-22 07:00:00,2024-09-22,7,22.5,72,24.5,0.0,0.0,4.3,0.0,0.0,0.0,0.0,none,True
2024-09-22 08:00:00,2024-09-22,8,23.9,66,25.7,0.0,0.0,5.2,0.0,0.0,0.0,0.0,none,True
2024-09-22 09:00:00,2024-09-22,9,25.9,58,27.3,0.0,0.0,6.9,0.0,0.0,0.0,0.0,none,True
2024-09-22 10:00:00,2024-09-22,10,27.5,49,28.3,0.0,0.0,8.2,0.0,0.0,0.0,0.0,none,False
2024-09-22 11:00:00,2024-09-22,11,29.2,41,30.4,0.0,0.0,8.4,0.0,0.0,0.0,0.0,none,False
2024-09-22 12:00:00,2024-09-22,12,30.6,37,32.0,0.0,0.0,10.0,0.0,0.0,0.0,0.0,none,False
2024-09-22 13:00:00,2024-09-22,13,32.2,32,32.8,0.0,0.0,13.7,0.0,0.0,0.0,0.0,none,False
2024-09-22 14:00:00,2024-09-22,14,32.8,30,32.5,0.0,0.0,17.7,0.0,0.0,0.0,0.0,none,False
2024-09-22 15:00:00,2024-09-22,15,33.2,29,32.4,0.0,0.0,17.1,0.0,0.0,0.0,0.0,none,False
2024-09-22 16:00:00,2024-09-22,16,31.5,35,29.7,0.0,0.0,21.8,0.0,0.0,0.0,0.0,none,True
2024-09-22 17:00:00,2024-09-22,17,31.0,36,29.6,0.0,0.0,19.5,0.0,0.0,0.0,0.0,none,True
2024-09-22 18:00:00,2024-09-22,18,30.9,36,29.7,0.0,0.0,16.8,0.0,0.0,0.0,0.0,none,True
2024-09-22 19:00:00,2024-09-22,19,30.0,38,28.9,0.0,0.0,16.4,0.0,0.0,0.0,0.0,none,False
2024-09-22 20:00:00,2024-09-22,20,29.2,37,27.4,0.0,0.0,19.2,0.0,0.0,0.0,0.0,none,False
2024-09-22 21:00:00,2024-09-22,21,28.1,38,26.3,0.0,0.0,17.8,0.0,0.0,0.0,0.0,none,False
2024-09-22 22:00:00,2024-09-22,22,27.0,43,25.7,0.0,0.0,15.8,0.0,0.0,0.0,0.0,none,False
2024-09-22 23:00:00,2024-09-22,23,26.0,48,25.4,0.0,0.0,13.3,0.0,0.0,0.0,0.0,none,False
2024-09-23 00:00:00,2024-09-23,0,25.1,54,25.2,0.0,0.0,10.9,0.0,0.0,0.0,0.0,none,False
2024-09-23 01:00:00,2024-09-23,1,24.3,59,25.2,0.0,0.0,7.2,0.0,0.0,0.0,0.0,none,False
2024-09-23 02:00:00,2024-09-23,2,23.5,64,25.2,0.0,0.0,4.0,0.0,0.0,0.0,0.0,none,False
2024-09-23 03:00:00,2024-09-23,3,22.9,68,24.6,0.0,0.0,4.3,0.0,0.0,0.0,0.0,none,False
2024-09-23 04:00:00,2024-09-23,4,22.9,62,23.9,0.0,0.0,4.7,0.0,0.0,0.0,0.0,none,False
2024-09-23 05:00:00,2024-09-23,5,22.2,66,23.2,0.0,0.0,6.2,0.0,0.0,0.0,0.0,none,False
2024-09-23 06:00:00,2024-09-23,6,22.3,66,23.6,0.0,0.0,4.5,0.0,0.0,0.0,0.0,none,False
2024-09-23 07:00:00,2024-09-23,7,21.5,70,22.8,0.0,0.0,5.8,0.0,0.0,0.0,0.0,none,True
2024-09-23 08:00:00,2024-09-23,8,23.3,65,24.9,0.0,0.0,4.1,0.0,0.0,0.0,0.0,none,True
2024-09-23 09:00:00,2024-09-23,9,25.2,59,26.5,0.0,0.0,7.4,0.0,0.0,0.0,0.0,none,True
2024-09-23 10:00:00,2024-09-23,10,26.9,51,27.7,0.0,0.0,8.7,0.0,0.0,0.0,0.0,none,False
2024-09-23 11:00:00,2024-09-23,11,28.5,44,29.7,0.0,0.0,8.3,0.0,0.0,0.0,0.0,none,False
2024-09-23 12:00:00,2024-09-23,12,30.0,38,31.6,0.0,0.0,7.8,0.0,0.0,0.0,0.0,none,False
2024-09-23 13:00:00,2024-09-23,13,31.4,34,32.7,0.0,0.0,10.3,0.0,0.0,0.0,0.0,none,False
2024-09-23 14:00:00,2024-09-23,14,32.2,31,32.7,0.0,0.0,13.2,0.0,0.0,0.0,0.0,none,False
2024-09-23 15:00:00,2024-09-23,15,32.8,29,32.6,0.0,0.0,12.8,0.0,0.0,0.0,0.0,none,False
2024-09-23 16:00:00,2024-09-23,16,30.9,37,29.6,0.0,0.0,18.8,0.0,0.0,0.0,0.0,none,True
2024-09-23 17:00:00,2024-09-23,17,30.9,36,30.1,0.0,0.0,14.3,0.0,0.0,0.0,0.0,none,True
2024-09-23 18:00:00,2024-09-23,18,30.6,36,29.8,0.0,0.0,13.8,0.0,0.0,0.0,0.0,none,True
2024-09-23 19:00:00,2024-09-23,19,30.0,37,29.1,0.0,0.0,14.2,0.0,0.0,0.0,0.0,none,False
2024-09-23 20:00:00,2024-09-23,20,29.9,37,28.7,0.0,0.0,15.5,0.0,0.0,0.0,0.0,none,False
2024-09-23 21:00:00,2024-09-23,21,27.4,37,24.5,0.0,0.0,22.3,0.0,0.0,0.0,0.0,none,False
2024-09-23 22:00:00,2024-09-23,22,26.0,43,24.0,0.0,0.0,18.0,0.0,0.0,0.0,0.0,none,False
2024-09-23 23:00:00,2024-09-23,23,25.0,48,23.9,0.0,0.0,15.0,0.0,0.0,0.0,0.0,none,False
2024-09-24 00:00:00,2024-09-24,0,24.5,51,23.8,0.0,0.0,12.7,0.0,0.0,0.0,0.0,none,False
2024-09-24 01:00:00,2024-09-24,1,23.9,54,23.7,0.0,0.0,10.2,0.0,0.0,0.0,0.0,none,False
2024-09-24 02:00:00,2024-09-24,2,23.2,57,23.4,0.0,0.0,8.3,0.0,0.0,0.0,0.0,none,False
2024-09-24 03:00:00,2024-09-24,3,22.5,60,22.9,0.0,0.0,7.1,0.0,0.0,0.0,0.0,none,False
2024-09-24 04:00:00,2024-09-24,4,21.8,61,22.3,0.0,0.0,5.4,0.0,0.0,0.0,0.0,none,False
2024-09-24 05:00:00,2024-09-24,5,21.2,64,21.7,0.0,0.0,5.4,0.0,0.0,0.0,0.0,none,False
2024-09-24 06:00:00,2024-09-24,6,20.6,67,21.3,0.0,0.0,5.1,0.0,0.0,0.0,0.0,none,False
2024-09-24 07:00:00,2024-09-24,7,20.2,69,20.8,0.0,0.0,5.7,0.0,0.0,0.0,0.0,none,True
2024-09-24 08:00:00,2024-09-24,8,22.2,61,22.9,0.0,0.0,5.2,0.0,0.0,0.0,0.0,none,True
2024-09-24 09:00:00,2024-09-24,9,24.4,55,24.8,0.0,0.0,8.4,0.0,0.0,0.0,0.0,none,True
2024-09-24 10:00:00,2024-09-24,10,26.3,50,25.9,0.0,0.0,13.8,0.0,0.0,0.0,0.0,none,False
2024-09-24 11:00:00,2024-09-24,11,28.0,45,28.1,0.0,0.0,14.8,0.0,0.0,0.0,0.0,none,False
2024-09-24 12:00:00,2024-09-24,12,29.5,40,30.3,0.0,0.0,13.8,0.0,0.0,0.0,0.0,none,False
2024-09-24 13:00:00,2024-09-24,13,30.8,36,31.9,0.0,0.0,13.0,0.0,0.0,0.0,0.0,none,False
2024-09-24 14:00:00,2024-09-24,14,32.0,32,32.9,0.0,0.0,12.4,0.0,0.0,0.0,0.0,none,False
2024-09-24 15:00:00,2024-09-24,15,33.1,29,33.5,0.0,0.0,11.1,0.0,0.0,0.0,0.0,none,False
2024-09-24 16:00:00,2024-09-24,16,32.8,31,32.4,0.0,0.0,12.3,0.0,0.0,0.0,0.0,none,True
2024-09-24 17:00:00,2024-09-24,17,33.0,30,31.8,0.0,0.0,14.2,0.0,0.0,0.0,0.0,none,True
2024-09-24 18:00:00,2024-09-24,18,32.2,29,30.3,0.0,0.0,16.9,0.0,0.0,0.0,0.0,none,True
2024-09-24 19:00:00,2024-09-24,19,31.2,30,29.3,0.0,0.0,16.7,0.0,0.0,0.0,0.0,none,False
2024-09-24 20:00:00,2024-09-24,20,30.3,32,29.6,0.0,0.0,9.1,0.0,0.0,0.0,0.0,none,False
2024-09-24 21:00:00,2024-09-24,21,28.5,43,26.4,0.0,0.0,25.7,0.0,0.0,0.0,0.0,none,False
2024-09-24 22:00:00,2024-09-24,22,27.1,48,25.6,0.0,0.0,22.1,0.0,0.0,0.0,0.0,none,False
2024-09-24 23:00:00,2024-09-24,23,26.2,51,25.2,0.0,0.0,19.0,0.0,0.0,0.0,0.0,none,False
2024-09-25 00:00:00,2024-09-25,0,25.5,55,25.3,0.0,0.0,14.9,0.0,0.0,0.0,0.0,none,False
2024-09-25 01:00:00,2024-09-25,1,24.9,58,25.1,0.0,0.0,12.4,0.0,0.0,0.0,0.0,none,False
2024-09-25 02:00:00,2024-09-25,2,24.1,61,24.8,0.0,0.0,10.5,0.0,0.0,0.0,0.0,none,False
2024-09-25 03:00:00,2024-09-25,3,23.4,65,24.1,0.0,0.0,10.1,0.0,0.0,0.0,0.0,none,False
2024-09-25 04:00:00,2024-09-25,4,22.6,67,23.3,0.0,0.0,9.2,0.0,0.0,0.0,0.0,none,False
2024-09-25 05:00:00,2024-09-25,5,22.0,69,22.8,0.0,0.0,8.8,0.0,0.0,0.0,0.0,none,False
2024-09-25 06:00:00,2024-09-25,6,21.4,72,22.3,0.0,0.0,8.4,0.0,0.0,0.0,0.0,none,False
2024-09-25 07:00:00,2024-09-25,7,21.0,74,22.0,0.0,0.0,7.7,0.0,0.0,0.0,0.0,none,True
2024-09-25 08:00:00,2024-09-25,8,22.4,69,23.2,0.0,0.0,9.0,0.0,0.0,0.0,0.0,none,True
2024-09-25 09:00:00,2024-09-25,9,24.8,60,25.3,0.0,0.0,12.4,0.0,0.0,0.0,0.0,none,True
2024-09-25 10:00:00,2024-09-25,10,27.2,53,26.7,0.0,0.0,19.7,0.0,0.0,0.0,0.0,none,False
2024-09-25 11:00:00,2024-09-25,11,28.9,47,28.6,0.0,0.0,19.4,0.0,0.0,0.0,0.0,none,False
2024-09-25 12:00:00,2024-09-25,12,30.5,41,30.9,0.0,0.0,18.4,0.0,0.0,0.0,0.0,none,False
2024-09-25 13:00:00,2024-09-25,13,32.0,36,32.7,0.0,0.0,17.3,0.0,0.0,0.0,0.0,none,False
2024-09-25 14:00:00,2024-09-25,14,33.3,31,33.6,0.0,0.0,17.1,0.0,0.0,0.0,0.0,none,False
2024-09-25 15:00:00,2024-09-25,15,34.2,28,33.7,0.0,0.0,17.7,0.0,0.0,0.0,0.0,none,False
2024-09-25 16:00:00,2024-09-25,16,33.2,33,31.8,0.0,0.0,21.4,0.0,0.0,0.0,0.0,none,True
2024-09-25 17:00:00,2024-09-25,17,32.7,34,31.0,0.0,0.0,21.9,0.0,0.0,0.0,0.0,none,True
2024-09-25 18:00:00,2024-09-25,18,31.4,37,29.5,0.0,0.0,23.9,0.0,0.0,0.0,0.0,none,True
2024-09-25 19:00:00,2024-09-25,19,29.6,39,27.5,0.0,0.0,24.2,0.0,0.0,0.0,0.0,none,False
2024-09-25 20:00:00,2024-09-25,20,28.0,44,25.9,0.0,0.0,24.8,0.0,0.0,0.0,0.0,none,False
2024-09-25 21:00:00,2024-09-25,21,26.6,50,25.0,0.0,0.0,23.0,0.0,0.0,0.0,0.0,none,False
2024-09-25 22:00:00,2024-09-25,22,25.5,55,24.6,0.0,0.0,20.1,0.0,0.0,0.0,0.0,none,False
2024-09-25 23:00:00,2024-09-25,23,24.7,60,24.4,0.0,0.0,17.2,0.0,0.0,0.0,0.0,none,False
2024-09-26 00:00:00,2024-09-26,0,23.9,65,24.1,0.0,0.0,14.9,0.0,0.0,0.0,0.0,none,False
2024-09-26 01:00:00,2024-09-26,1,23.2,69,23.8,0.0,0.0,13.3,0.0,0.0,0.0,0.0,none,False
2024-09-26 02:00:00,2024-09-26,2,22.5,73,23.4,0.0,0.0,12.1,0.0,0.0,0.0,0.0,none,False
2024-09-26 03:00:00,2024-09-26,3,21.9,76,22.9,0.0,0.0,11.6,0.0,0.0,0.0,0.0,none,False
2024-09-26 04:00:00,2024-09-26,4,21.7,76,22.7,0.0,0.0,10.7,0.0,0.0,0.0,0.0,none,False
2024-09-26 05:00:00,2024-09-26,5,21.2,79,22.4,0.0,0.0,9.8,0.0,0.0,0.0,0.0,none,False
2024-09-26 06:00:00,2024-09-26,6,20.7,82,22.0,0.0,0.0,9.8,0.0,0.0,0.0,0.0,none,False
2024-09-26 07:00:00,2024-09-26,7,20.4,84,21.7,0.0,0.0,9.5,0.0,0.0,0.0,0.0,none,True
2024-09-26 08:00:00,2024-09-26,8,21.6,78,22.8,0.0,0.0,10.8,0.0,0.0,0.0,0.0,none,True
2024-09-26 09:00:00,2024-09-26,9,23.8,69,24.6,0.0,0.0,13.4,0.0,0.0,0.0,0.0,none,True
2024-09-26 10:00:00,2024-09-26,10,26.0,60,26.2,0.0,0.0,17.4,0.0,0.0,0.0,0.0,none,False
2024-09-26 11:00:00,2024-09-26,11,27.9,52,28.5,0.0,0.0,16.6,0.0,0.0,0.0,0.0,none,False
2024-09-26 12:00:00,2024-09-26,12,29.6,45,30.8,0.0,0.0,15.6,0.0,0.0,0.0,0.0,none,False
2024-09-26 13:00:00,2024-09-26,13,31.2,39,32.7,0.0,0.0,14.4,0.0,0.0,0.0,0.0,none,False
2024-09-26 14:00:00,2024-09-26,14,32.7,35,33.9,0.0,0.0,13.5,0.0,0.0,0.0,0.0,none,False
2024-09-26 15:00:00,2024-09-26,15,33.7,30,34.0,0.0,0.0,13.5,0.0,0.0,0.0,0.0,none,False
2024-09-26 16:00:00,2024-09-26,16,33.3,33,33.0,0.0,0.0,15.2,0.0,0.0,0.0,0.0,none,True
2024-09-26 17:00:00,2024-09-26,17,33.2,33,32.6,0.0,0.0,15.4,0.0,0.0,0.0,0.0,none,True
2024-09-26 18:00:00,2024-09-26,18,32.7,34,32.1,0.0,0.0,15.5,0.0,0.0,0.0,0.0,none,True
2024-09-26 19:00:00,2024-09-26,19,31.7,37,31.1,0.0,0.0,15.7,0.0,0.0,0.0,0.0,none,False
2024-09-26 20:00:00,2024-09-26,20,30.2,39,28.8,0.0,0.0,20.5,0.0,0.0,0.0,0.0,none,False
2024-09-26 21:00:00,2024-09-26,21,28.6,41,26.7,0.0,0.0,21.6,0.0,0.0,0.0,0.0,none,False
2024-09-26 22:00:00,2024-09-26,22,27.1,45,25.5,0.0,0.0,20.1,0.0,0.0,0.0,0.0,none,False
2024-09-26 23:00:00,2024-09-26,23,25.7,51,24.6,0.0,0.0,18.3,0.0,0.0,0.0,0.0,none,False
2024-09-27 00:00:00,2024-09-27,0,24.5,58,24.3,0.0,0.0,15.4,0.0,0.0,0.0,0.0,none,False
2024-09-27 01:00:00,2024-09-27,1,23.7,65,24.1,0.0,0.0,13.1,0.0,0.0,0.0,0.0,none,False
2024-09-27 02:00:00,2024-09-27,2,22.8,70,23.7,0.0,0.0,11.2,0.0,0.0,0.0,0.0,none,False
2024-09-27 03:00:00,2024-09-27,3,22.0,75,23.2,0.0,0.0,9.6,0.0,0.0,0.0,0.0,none,False
2024-09-27 04:00:00,2024-09-27,4,21.7,78,23.1,0.0,0.0,9.6,0.0,0.0,0.0,0.0,none,False
2024-09-27 05:00:00,2024-09-27,5,21.1,81,22.6,0.0,0.0,8.8,0.0,0.0,0.0,0.0,none,False
2024-09-27 06:00:00,2024-09-27,6,20.6,84,22.3,0.0,0.0,7.2,0.0,0.0,0.0,0.0,none,False
2024-09-27 07:00:00,2024-09-27,7,20.2,86,22.1,0.0,0.0,6.0,0.0,0.0,0.0,0.0,none,True
2024-09-27 08:00:00,2024-09-27,8,21.4,80,23.1,0.0,0.0,7.8,0.0,0.0,0.0,0.0,none,True
2024-09-27 09:00:00,2024-09-27,9,23.6,70,25.2,0.0,0.0,9.1,0.0,0.0,0.0,0.0,none,True
2024-09-27 10:00:00,2024-09-27,10,26.2,62,27.3,0.0,0.0,13.0,0.0,0.0,0.0,0.0,none,False
2024-09-27 11:00:00,2024-09-27,11,28.2,52,29.6,0.0,0.0,13.5,0.0,0.0,0.0,0.0,none,False
2024-09-27 12:00:00,2024-09-27,12,30.1,44,31.8,0.0,0.0,12.9,0.0,0.0,0.0,0.0,none,False
2024-09-27 13:00:00,2024-09-27,13,31.9,37,33.6,0.0,0.0,12.3,0.0,0.0,0.0,0.0,none,False
2024-09-27 14:00:00,2024-09-27,14,33.3,32,34.6,0.0,0.0,11.8,0.0,0.0,0.0,0.0,none,False
2024-09-27 15:00:00,2024-09-27,15,34.5,28,34.9,0.0,0.0,12.1,0.0,0.0,0.0,0.0,none,False
2024-09-27 16:00:00,2024-09-27,16,34.5,27,33.6,0.0,0.0,13.5,0.0,0.0,0.0,0.0,none,True
2024-09-27 17:00:00,2024-09-27,17,34.5,26,33.2,0.0,0.0,13.5,0.0,0.0,0.0,0.0,none,True
2024-09-27 18:00:00,2024-09-27,18,34.0,27,32.8,0.0,0.0,13.0,0.0,0.0,0.0,0.0,none,True
2024-09-27 19:00:00,2024-09-27,19,32.9,29,32.4,0.0,0.0,9.3,0.0,0.0,0.0,0.0,none,False
2024-09-27 20:00:00,2024-09-27,20,31.8,31,31.4,0.0,0.0,8.3,0.0,0.0,0.0,0.0,none,False
2024-09-27 21:00:00,2024-09-27,21,30.1,38,28.5,0.0,0.0,19.7,0.0,0.0,0.0,0.0,none,False
2024-09-27 22:00:00,2024-09-27,22,28.7,42,27.6,0.0,0.0,18.1,0.0,0.0,0.0,0.0,none,False
2024-09-27 23:00:00,2024-09-27,23,27.4,48,26.8,0.0,0.0,15.9,0.0,0.0,0.0,0.0,none,False
2024-09-28 00:00:00,2024-09-28,0,26.1,53,26.0,0.0,0.0,14.5,0.0,0.0,0.0,0.0,none,False
2024-09-28 01:00:00,2024-09-28,1,25.1,59,25.4,0.0,0.0,13.6,0.0,0.0,0.0,0.0,none,False
2024-09-28 02:00:00,2024-09-28,2,24.1,65,24.8,0.0,0.0,12.1,0.0,0.0,0.0,0.0,none,False
2024-09-28 03:00:00,2024-09-28,3,23.2,70,24.4,0.0,0.0,10.3,0.0,0.0,0.0,0.0,none,False
2024-09-28 04:00:00,2024-09-28,4,22.4,77,23.9,0.0,0.0,9.7,0.0,0.0,0.0,0.0,none,False
2024-09-28 05:00:00,2024-09-28,5,21.8,79,23.5,0.0,0.0,8.3,0.0,0.0,0.0,0.0,none,False
2024-09-28 06:00:00,2024-09-28,6,21.2,83,23.3,0.0,0.0,6.4,0.0,0.0,0.0,0.0,none,False
2024-09-28 07:00:00,2024-09-28,7,20.8,86,23.1,0.0,0.0,4.9,0.0,0.0,0.0,0.0,none,True
2024-09-28 08:00:00,2024-09-28,8,22.0,81,24.3,0.0,0.0,5.9,0.0,0.0,0.0,0.0,none,True
2024-09-28 09:00:00,2024-09-28,9,23.9,74,26.3,0.0,0.0,6.6,0.0,0.0,0.0,0.0,none,True
2024-09-28 10:00:00,2024-09-28,10,26.2,64,28.3,0.0,0.0,7.9,0.0,0.0,0.0,0.0,none,False
2024-09-28 11:00:00,2024-09-28,11,28.8,48,30.4,0.0,0.0,9.5,0.0,0.0,0.0,0.0,none,False
2024-09-28 12:00:00,2024-09-28,12,31.0,36,32.4,0.0,0.0,9.8,0.0,0.0,0.0,0.0,none,False
2024-09-28 13:00:00,2024-09-28,13,32.7,30,33.9,0.0,0.0,9.3,0.0,0.0,0.0,0.0,none,False
2024-09-28 14:00:00,2024-09-28,14,34.0,25,34.8,0.0,0.0,8.4,0.0,0.0,0.0,0.0,none,False
2024-09-28 15:00:00,2024-09-28,15,34.8,23,35.1,0.0,0.0,7.0,0.0,0.0,0.0,0.0,none,False
2024-09-28 16:00:00,2024-09-28,16,34.7,22,33.9,0.0,0.0,7.4,0.0,0.0,0.0,0.0,none,True
2024-09-28 17:00:00,2024-09-28,17,34.7,21,33.2,0.0,0.0,8.9,0.0,0.0,0.0,0.0,none,True
2024-09-28 18:00:00,2024-09-28,18,34.5,20,32.8,0.0,0.0,8.7,0.0,0.0,0.0,0.0,none,True
2024-09-28 19:00:00,2024-09-28,19,33.0,22,31.2,0.0,0.0,9.9,0.0,0.0,0.0,0.0,none,False
2024-09-28 20:00:00,2024-09-28,20,31.6,24,30.0,0.0,0.0,8.5,0.0,0.0,0.0,0.0,none,False
2024-09-28 21:00:00,2024-09-28,21,28.1,44,25.6,0.0,0.0,27.5,0.0,0.0,0.0,0.0,none,False
2024-09-28 22:00:00,2024-09-28,22,27.4,46,26.5,0.0,0.0,17.1,0.0,0.0,0.0,0.0,none,False
2024-09-28 23:00:00,2024-09-28,23,26.5,48,25.8,0.0,0.0,14.9,0.0,0.0,0.0,0.0,none,False
2024-09-29 00:00:00,2024-09-29,0,25.5,53,25.5,0.0,0.0,12.2,0.0,0.0,0.0,0.0,none,False
2024-09-29 01:00:00,2024-09-29,1,24.5,60,25.2,0.0,0.0,10.4,0.0,0.0,0.0,0.0,none,False
2024-09-29 02:00:00,2024-09-29,2,23.8,67,25.1,0.0,0.0,8.5,0.0,0.0,0.0,0.0,none,False
2024-09-29 03:00:00,2024-09-29,3,23.0,74,24.8,0.0,0.0,7.5,0.0,0.0,0.0,0.0,none,False
2024-09-29 04:00:00,2024-09-29,4,22.5,76,24.2,0.0,0.0,8.5,0.0,0.0,0.0,0.0,none,False
2024-09-29 05:00:00,2024-09-29,5,21.9,82,24.0,0.0,0.0,7.9,0.0,0.0,0.0,0.0,none,False
2024-09-29 06:00:00,2024-09-29,6,21.3,86,23.9,0.0,0.0,4.9,0.0,0.0,0.0,0.0,none,False
2024-09-29 07:00:00,2024-09-29,7,20.8,89,23.5,0.0,0.0,4.8,0.0,0.0,0.0,0.0,none,True
2024-09-29 08:00:00,2024-09-29,8,22.1,82,24.4,0.0,0.0,7.2,0.0,0.0,0.0,0.0,none,True
2024-09-29 09:00:00,2024-09-29,9,24.3,72,26.2,0.0,0.0,9.9,0.0,0.0,0.0,0.0,none,True
2024-09-29 10:00:00,2024-09-29,10,26.6,59,27.5,0.0,0.0,13.4,0.0,0.0,0.0,0.0,none,False
2024-09-29 11:00:00,2024-09-29,11,28.5,47,29.4,0.0,0.0,11.8,0.0,0.0,0.0,0.0,none,False
2024-09-29 12:00:00,2024-09-29,12,30.4,38,31.5,0.0,0.0,11.1,0.0,0.0,0.0,0.0,none,False
2024-09-29 13:00:00,2024-09-29,13,32.0,32,33.0,0.0,0.0,11.4,0.0,0.0,0.0,0.0,none,False
2024-09-29 14:00:00,2024-09-29,14,33.3,28,33.7,0.0,0.0,12.1,0.0,0.0,0.0,0.0,none,False
2024-09-29 15:00:00,2024-09-29,15,34.1,26,33.6,0.0,0.0,13.6,0.0,0.0,0.0,0.0,none,False
2024-09-29 16:00:00,2024-09-29,16,33.7,27,32.4,0.0,0.0,14.2,0.0,0.0,0.0,0.0,none,True
2024-09-29 17:00:00,2024-09-29,17,33.5,27,32.0,0.0,0.0,14.6,0.0,0.0,0.0,0.0,none,True
2024-09-29 18:00:00,2024-09-29,18,32.8,30,31.5,0.0,0.0,14.8,0.0,0.0,0.0,0.0,none,True
2024-09-29 19:00:00,2024-09-29,19,31.6,33,30.2,0.0,0.0,17.3,0.0,0.0,0.0,0.0,none,False
2024-09-29 20:00:00,2024-09-29,20,29.9,37,28.0,0.0,0.0,21.1,0.0,0.0,0.0,0.0,none,False
2024-09-29 21:00:00,2024-09-29,21,28.3,43,26.8,0.0,0.0,20.1,0.0,0.0,0.0,0.0,none,False
2024-09-29 22:00:00,2024-09-29,22,27.0,48,26.4,0.0,0.0,16.3,0.0,0.0,0.0,0.0,none,False
2024-09-29 23:00:00,2024-09-29,23,25.9,54,25.8,0.0,0.0,14.3,0.0,0.0,0.0,0.0,none,False
2024-09-30 00:00:00,2024-09-30,0,24.9,60,25.4,0.0,0.0,11.7,0.0,0.0,0.0,0.0,none,False
2024-09-30 01:00:00,2024-09-30,1,23.9,67,25.3,0.0,0.0,8.6,0.0,0.0,0.0,0.0,none,False
2024-09-30 02:00:00,2024-09-30,2,23.1,73,25.2,0.0,0.0,5.7,0.0,0.0,0.0,0.0,none,False
2024-09-30 03:00:00,2024-09-30,3,22.2,79,24.7,0.0,0.0,4.1,0.0,0.0,0.0,0.0,none,False
2024-09-30 04:00:00,2024-09-30,4,21.6,81,23.8,0.0,0.0,5.5,0.0,0.0,0.0,0.0,none,False
2024-09-30 05:00:00,2024-09-30,5,22.0,79,24.5,0.0,0.0,3.3,0.0,0.0,0.0,0.0,none,False
2024-09-30 06:00:00,2024-09-30,6,21.7,81,24.4,0.0,0.0,2.3,0.0,0.0,0.0,0.0,none,False
2024-09-30 07:00:00,2024-09-30,7,21.5,83,24.4,0.0,0.0,1.0,0.0,0.0,0.0,0.0,none,True
2024-09-30 08:00:00,2024-09-30,8,22.1,79,25.0,0.0,0.0,1.5,0.0,0.0,0.0,0.0,none,True
2024-09-30 09:00:00,2024-09-30,9,23.9,72,27.0,0.0,0.0,0.2,0.0,0.0,0.0,0.0,none,True
2024-09-30 10:00:00,2024-09-30,10,25.7,63,28.1,0.0,0.0,4.0,0.0,0.0,0.0,0.0,none,False
2024-09-30 11:00:00,2024-09-30,11,27.7,54,30.3,0.0,0.0,5.3,0.0,0.0,0.0,0.0,none,False
2024-09-30 12:00:00,2024-09-30,12,29.7,46,32.5,0.0,0.0,6.9,0.0,0.0,0.0,0.0,none,False
2024-09-30 13:00:00,2024-09-30,13,31.5,40,33.9,0.0,0.0,8.9,0.0,0.0,0.0,0.0,none,False
2024-09-30 14:00:00,2024-09-30,14,32.7,37,34.4,0.0,0.0,12.0,0.0,0.0,0.0,0.0,none,False
2024-09-30 15:00:00,2024-09-30,15,33.4,35,34.1,0.0,0.0,14.9,0.0,0.0,0.0,0.0,none,False
2024-09-30 16:00:00,2024-09-30,16,32.8,36,32.8,0.0,0.0,14.6,0.0,0.0,0.0,0.0,none,True
2024-09-30 17:00:00,2024-09-30,17,32.8,37,32.8,0.0,0.0,14.0,0.0,0.0,0.0,0.0,none,True
2024-09-30 18:00:00,2024-09-30,18,32.5,38,33.1,0.0,0.0,10.5,0.0,0.0,0.0,0.0,none,True
2024-09-30 19:00:00,2024-09-30,19,32.5,37,33.2,0.0,0.0,8.9,0.0,0.0,0.0,0.0,none,False
2024-09-30 20:00:00,2024-09-30,20,29.9,44,28.7,0.0,0.0,23.1,0.0,0.0,0.0,0.0,none,False
2024-09-30 21:00:00,2024-09-30,21,28.5,48,27.7,0.0,0.0,20.5,0.0,0.0,0.0,0.0,none,False
2024-09-30 22:00:00,2024-09-30,22,27.0,56,27.2,0.0,0.0,16.5,0.0,0.0,0.0,0.0,none,False
2024-09-30 23:00:00,2024-09-30,23,25.7,65,26.9,0.0,0.0,13.5,0.0,0.0,0.0,0.0,none,False
2024-10-01 00:00:00,2024-10-01,0,24.9,70,26.6,0.0,0.0,11.5,0.0,0.0,0.0,0.0,none,False
2024-10-01 01:00:00,2024-10-01,1,24.3,73,26.4,0.0,0.0,8.8,0.0,0.0,0.0,0.0,none,False
2024-10-01 02:00:00,2024-10-01,2,23.9,75,26.3,0.0,0.0,7.3,0.0,0.0,0.0,0.0,none,False
2024-10-01 03:00:00,2024-10-01,3,23.3,78,26.0,0.0,0.0,5.6,0.0,0.0,0.0,0.0,none,False
2024-10-01 04:00:00,2024-10-01,4,23.0,78,25.7,0.0,0.0,4.9,0.0,0.0,0.0,0.0,none,False
2024-10-01 05:00:00,2024-10-01,5,22.2,82,24.9,0.0,0.0,4.8,0.0,0.0,0.0,0.0,none,False
2024-10-01 06:00:00,2024-10-01,6,21.6,85,24.2,0.0,0.0,5.6,0.0,0.0,0.0,0.0,none,False
2024-10-01 07:00:00,2024-10-01,7,21.4,85,23.9,0.0,0.0,5.2,0.0,0.0,0.0,0.0,none,True
2024-10-01 08:00:00,2024-10-01,8,22.6,78,25.2,0.0,0.0,4.1,0.0,0.0,0.0,0.0,none,True
2024-10-01 09:00:00,2024-10-01,9,24.3,69,26.5,0.0,0.0,6.0,0.0,0.0,0.0,0.0,none,True
2024-10-01 10:00:00,2024-10-01,10,26.0,59,27.4,0.0,0.0,9.0,0.0,0.0,0.0,0.0,none,False
2024-10-01 11:00:00,2024-10-01,11,27.6,49,28.7,0.0,0.0,8.2,0.0,0.0,0.0,0.0,none,False
2024-10-01 12:00:00,2024-10-01,12,28.9,43,29.5,0.0,0.0,9.1,0.0,0.0,0.0,0.0,none,False
2024-10-01 13:00:00,2024-10-01,13,29.0,42,28.6,0.0,0.0,13.2,0.0,0.0,0.0,0.0,none,False
2024-10-01 14:00:00,2024-10-01,14,29.5,40,29.2,0.0,0.0,12.4,0.0,0.0,0.0,0.0,none,False
2024-10-01 15:00:00,2024-10-01,15,31.1,35,30.9,0.0,0.0,12.3,0.0,0.0,0.0,0.0,none,False
2024-10-01 16:00:00,2024-10-01,16,30.8,36,29.3,0.0,0.0,18.7,0.0,0.0,0.0,0.0,none,True
2024-10-01 17:00:00,2024-10-01,17,29.9,38,28.9,0.0,0.0,15.0,0.0,0.0,0.0,0.0,none,True
2024-10-01 18:00:00,2024-10-01,18,29.3,40,27.9,0.0,0.0,18.9,0.0,0.0,0.0,0.0,none,True
2024-10-01 19:00:00,2024-10-01,19,28.2,44,27.5,0.0,0.0,16.1,0.0,0.0,0.0,0.0,none,False
2024-10-01 20:00:00,2024-10-01,20,27.9,45,27.4,0.0,0.0,13.9,0.0,0.0,0.0,0.0,none,False
2024-10-01 21:00:00,2024-10-01,21,27.1,48,26.9,0.0,0.0,13.7,0.0,0.0,0.0,0.0,none,False
2024-10-01 22:00:00,2024-10-01,22,26.1,53,25.7,0.0,0.0,15.6,0.0,0.0,0.0,0.0,none,False
2024-10-01 23:00:00,2024-10-01,23,25.1,56,25.5,0.0,0.0,10.6,0.0,0.0,0.0,0.0,none,False
2024-10-02 00:00:00,2024-10-02,0,24.4,58,25.2,0.0,0.0,7.6,0.0,0.0,0.0,0.0,none,False
2024-10-02 01:00:00,2024-10-02,1,23.9,60,24.9,0.0,0.0,5.8,0.0,0.0,0.0,0.0,none,False
2024-10-02 02:00:00,2024-10-02,2,23.2,63,24.5,0.0,0.0,5.0,0.0,0.0,0.0,0.0,none,False
2024-10-02 03:00:00,2024-10-02,3,22.5,67,23.8,0.0,0.0,5.8,0.0,0.0,0.0,0.0,none,False
2024-10-02 04:00:00,2024-10-02,4,21.8,68,22.9,0.0,0.0,5.3,0.0,0.0,0.0,0.0,none,False
2024-10-02 05:00:00,2024-10-02,5,21.4,70,22.5,0.0,0.0,5.6,0.0,0.0,0.0,0.0,none,False
2024-10-02 06:00:00,2024-10-02,6,21.0,73,22.5,0.0,0.0,4.5,0.0,0.0,0.0,0.0,none,False
2024-10-02 07:00:00,2024-10-02,7,20.5,79,22.1,0.0,0.0,4.5,0.0,0.0,0.0,0.0,none,True
2024-10-02 08:00:00,2024-10-02,8,21.6,74,23.2,0.0,0.0,5.8,0.0,0.0,0.0,0.0,none,True
2024-10-02 09:00:00,2024-10-02,9,23.8,58,24.3,0.0,0.0,7.3,0.0,0.0,0.0,0.0,none,True
2024-10-02 10:00:00,2024-10-02,10,25.1,49,25.3,0.0,0.0,7.4,0.0,0.0,0.0,0.0,none,False
2024-10-02 11:00:00,2024-10-02,11,26.5,43,27.2,0.0,0.0,6.7,0.0,0.0,0.0,0.0,none,False
2024-10-02 12:00:00,2024-10-02,12,28.0,39,29.2,0.0,0.0,6.7,0.0,0.0,0.0,0.0,none,False
2024-10-02 13:00:00,2024-10-02,13,29.4,34,30.5,0.0,0.0,7.3,0.0,0.0,0.0,0.0,none,False
2024-10-02 14:00:00,2024-10-02,14,30.8,30,31.2,0.0,0.0,9.3,0.0,0.0,0.0,0.0,none,False
2024-10-02 15:00:00,2024-10-02,15,31.5,28,31.0,0.0,0.0,11.6,0.0,0.0,0.0,0.0,none,False
2024-10-02 16:00:00,2024-10-02,16,30.5,32,29.4,0.0,0.0,12.0,0.0,0.0,0.0,0.0,none,True
2024-10-02 17:00:00,2024-10-02,17,30.2,33,29.2,0.0,0.0,11.6,0.0,0.0,0.0,0.0,none,True
2024-10-02 18:00:00,2024-10-02,18,29.8,34,28.9,0.0,0.0,11.1,0.0,0.0,0.0,0.0,none,True
2024-10-02 19:00:00,2024-10-02,19,29.0,35,28.1,0.0,0.0,10.8,0.0,0.0,0.0,0.0,none,False
2024-10-02 20:00:00,2024-10-02,20,28.5,37,28.0,0.0,0.0,7.9,0.0,0.0,0.0,0.0,none,False
2024-10-02 21:00:00,2024-10-02,21,27.7,39,26.7,0.0,0.0,11.8,0.0,0.0,0.0,0.0,none,False
2024-10-02 22:00:00,2024-10-02,22,25.8,48,24.3,0.0,0.0,18.6,0.0,0.0,0.0,0.0,none,False
2024-10-02 23:00:00,2024-10-02,23,24.8,51,23.7,0.0,0.0,16.0,0.0,0.0,0.0,0.0,none,False
2024-10-03 00:00:00,2024-10-03,0,24.0,54,23.2,0.0,0.0,13.9,0.0,0.0,0.0,0.0,none,False
2024-10-03 01:00:00,2024-10-03,1,23.2,57,22.9,0.0,0.0,11.6,0.0,0.0,0.0,0.0,none,False
2024-10-03 02:00:00,2024-10-03,2,22.6,59,22.5,0.0,0.0,10.2,0.0,0.0,0.0,0.0,none,False
2024-10-03 03:00:00,2024-10-03,3,22.0,62,22.0,0.0,0.0,9.7,0.0,0.0,0.0,0.0,none,False
2024-10-03 04:00:00,2024-10-03,4,21.7,64,21.9,0.0,0.0,9.0,0.0,0.0,0.0,0.0,none,False
2024-10-03 05:00:00,2024-10-03,5,21.2,68,21.6,0.0,0.0,8.6,0.0,0.0,0.0,0.0,none,False
2024-10-03 06:00:00,2024-10-03,6,20.8,71,21.4,0.0,0.0,8.3,0.0,0.0,0.0,0.0,none,False
2024-10-03 07:00:00,2024-10-03,7,20.2,75,21.1,0.0,0.0,7.0,0.0,0.0,0.0,0.0,none,True
2024-10-03 08:00:00,2024-10-03,8,21.5,70,22.3,0.0,0.0,8.5,0.0,0.0,0.0,0.0,none,True
2024-10-03 09:00:00,2024-10-03,9,23.5,61,23.7,0.0,0.0,12.2,0.0,0.0,0.0,0.0,none,True
2024-10-03 10:00:00,2024-10-03,10,25.0,55,24.8,0.0,0.0,13.1,0.0,0.0,0.0,0.0,none,False
2024-10-03 11:00:00,2024-10-03,11,26.4,49,26.8,0.0,0.0,12.2,0.0,0.0,0.0,0.0,none,False
2024-10-03 12:00:00,2024-10-03,12,27.9,44,28.9,0.0,0.0,11.8,0.0,0.0,0.0,0.0,none,False
2024-10-03 13:00:00,2024-10-03,13,29.4,39,30.6,0.0,0.0,11.1,0.0,0.0,0.0,0.0,none,False
2024-10-03 14:00:00,2024-10-03,14,30.6,35,31.5,0.0,0.0,10.6,0.0,0.0,0.0,0.0,none,False
2024-10-03 15:00:00,2024-10-03,15,31.4,32,31.6,0.0,0.0,11.1,0.0,0.0,0.0,0.0,none,False
2024-10-03 16:00:00,2024-10-03,16,31.0,33,30.1,0.0,0.0,13.1,0.0,0.0,0.0,0.0,none,True
2024-10-03 17:00:00,2024-10-03,17,30.8,33,29.6,0.0,0.0,13.3,0.0,0.0,0.0,0.0,none,True
2024-10-03 18:00:00,2024-10-03,18,30.1,33,28.8,0.0,0.0,13.2,0.0,0.0,0.0,0.0,none,True
2024-10-03 19:00:00,2024-10-03,19,29.2,34,28.0,0.0,0.0,12.4,0.0,0.0,0.0,0.0,none,False
2024-10-03 20:00:00,2024-10-03,20,28.5,36,27.3,0.0,0.0,12.4,0.0,0.0,0.0,0.0,none,False
2024-10-03 21:00:00,2024-10-03,21,26.1,42,23.5,0.0,0.0,23.3,0.0,0.0,0.0,0.0,none,False
2024-10-03 22:00:00,2024-10-03,22,25.0,46,22.9,0.0,0.0,19.9,0.0,0.0,0.0,0.0,none,False
2024-10-03 23:00:00,2024-10-03,23,23.8,53,22.3,0.0,0.0,17.8,0.0,0.0,0.0,0.0,none,False
2024-10-04 00:00:00,2024-10-04,0,22.9,59,22.0,0.0,0.0,15.9,0.0,0.0,0.0,0.0,none,False
2024-10-04 01:00:00,2024-10-04,1,22.0,63,21.6,0.0,0.0,13.7,0.0,0.0,0.0,0.0,none,False
2024-10-04 02:00:00,2024-10-04,2,21.4,66,21.3,0.0,0.0,11.9,0.0,0.0,0.0,0.0,none,False
2024-10-04 03:00:00,2024-10-04,3,20.8,69,21.1,0.0,0.0,9.7,0.0,0.0,0.0,0.0,none,False
2024-10-04 04:00:00,2024-10-04,4,20.5,70,21.1,0.0,0.0,6.9,0.0,0.0,0.0,0.0,none,False
2024-10-04 05:00:00,2024-10-04,5,19.9,73,20.7,0.0,0.0,6.1,0.0,0.0,0.0,0.0,none,False
2024-10-04 06:00:00,2024-10-04,6,19.4,76,20.2,0.0,0.0,5.6,0.0,0.0,0.0,0.0,none,False
2024-10-04 07:00:00,2024-10-04,7,18.8,80,19.8,0.0,0.0,5.3,0.0,0.0,0.0,0.0,none,True
2024-10-04 08:00:00,2024-10-04,8,20.0,74,20.6,0.0,0.0,7.4,0.0,0.0,0.0,0.0,none,True
2024-10-04 09:00:00,2024-10-04,9,21.9,66,22.3,0.0,0.0,9.3,0.0,0.0,0.0,0.0,none,True
2024-10-04 10:00:00,2024-10-04,10,24.1,59,24.2,0.0,0.0,12.9,0.0,0.0,0.0,0.0,none,False
2024-10-04 11:00:00,2024-10-04,11,26.0,51,26.3,0.0,0.0,13.8,0.0,0.0,0.0,0.0,none,False
2024-10-04 12:00:00,2024-10-04,12,27.7,45,28.4,0.0,0.0,13.7,0.0,0.0,0.0,0.0,none,False
2024-10-04 13:00:00,2024-10-04,13,29.2,40,30.2,0.0,0.0,13.0,0.0,0.0,0.0,0.0,none,False
2024-10-04 14:00:00,2024-10-04,14,30.4,36,31.1,0.0,0.0,12.1,0.0,0.0,0.0,0.0,none,False
2024-10-04 15:00:00,2024-10-04,15,31.3,33,31.4,0.0,0.0,11.8,0.0,0.0,0.0,0.0,none,False
2024-10-04 16:00:00,2024-10-04,16,31.0,31,29.6,0.0,0.0,14.1,0.0,0.0,0.0,0.0,none,True
2024-10-04 17:00:00,2024-10-04,17,31.0,30,29.3,0.0,0.0,14.5,0.0,0.0,0.0,0.0,none,True
2024-10-04 18:00:00,2024-10-04,18,30.2,32,28.7,0.0,0.0,14.6,0.0,0.0,0.0,0.0,none,True
2024-10-04 19:00:00,2024-10-04,19,29.3,35,28.2,0.0,0.0,12.8,0.0,0.0,0.0,0.0,none,False
2024-10-04 20:00:00,2024-10-04,20,28.2,40,26.6,0.0,0.0,18.7,0.0,0.0,0.0,0.0,none,False
2024-10-04 21:00:00,2024-10-04,21,26.3,47,24.5,0.0,0.0,21.2,0.0,0.0,0.0,0.0,none,False
2024-10-04 22:00:00,2024-10-04,22,24.9,51,23.4,0.0,0.0,19.3,0.0,0.0,0.0,0.0,none,False
2024-10-04 23:00:00,2024-10-04,23,23.8,54,22.6,0.0,0.0,16.6,0.0,0.0,0.0,0.0,none,False
2024-10-05 00:00:00,2024-10-05,0,22.8,58,21.9,0.0,0.0,14.7,0.0,0.0,0.0,0.0,none,False
2024-10-05 01:00:00,2024-10-05,1,21.8,64,21.5,0.0,0.0,12.4,0.0,0.0,0.0,0.0,none,False
2024-10-05 02:00:00,2024-10-05,2,21.0,70,21.2,0.0,0.0,10.7,0.0,0.0,0.0,0.0,none,False
2024-10-05 03:00:00,2024-10-05,3,20.3,75,20.9,0.0,0.0,9.1,0.0,0.0,0.0,0.0,none,False
2024-10-05 04:00:00,2024-10-05,4,19.9,77,20.7,0.0,0.0,8.3,0.0,0.0,0.0,0.0,none,False
2024-10-05 05:00:00,2024-10-05,5,19.2,80,20.3,0.0,0.0,6.5,0.0,0.0,0.0,0.0,none,False
2024-10-05 06:00:00,2024-10-05,6,18.7,83,19.9,0.0,0.0,5.6,0.0,0.0,0.0,0.0,none,False
2024-10-05 07:00:00,2024-10-05,7,18.2,86,19.4,0.0,0.0,5.4,0.0,0.0,0.0,0.0,none,True
2024-10-05 08:00:00,2024-10-05,8,19.4,79,20.2,0.0,0.0,7.2,0.0,0.0,0.0,0.0,none,True
2024-10-05 09:00:00,2024-10-05,9,21.3,69,21.8,0.0,0.0,9.0,0.0,0.0,0.0,0.0,none,True
2024-10-05 10:00:00,2024-10-05,10,23.9,60,24.1,0.0,0.0,11.2,0.0,0.0,0.0,0.0,none,False
2024-10-05 11:00:00,2024-10-05,11,26.0,51,26.5,0.0,0.0,12.6,0.0,0.0,0.0,0.0,none,False
2024-10-05 12:00:00,2024-10-05,12,27.8,45,28.8,0.0,0.0,12.4,0.0,0.0,0.0,0.0,none,False
2024-10-05 13:00:00,2024-10-05,13,29.3,41,30.7,0.0,0.0,11.3,0.0,0.0,0.0,0.0,none,False
2024-10-05 14:00:00,2024-10-05,14,30.5,37,31.9,0.0,0.0,9.9,0.0,0.0,0.0,0.0,none,False
2024-10-05 15:00:00,2024-10-05,15,31.5,33,32.1,0.0,0.0,9.9,0.0,0.0,0.0,0.0,none,False
2024-10-05 16:00:00,2024-10-05,16,31.2,34,30.5,0.0,0.0,12.4,0.0,0.0,0.0,0.0,none,True
2024-10-05 17:00:00,2024-10-05,17,31.1,33,30.1,0.0,0.0,13.4,0.0,0.0,0.0,0.0,none,True
2024-10-05 18:00:00,2024-10-05,18,30.3,34,28.9,0.0,0.0,14.8,0.0,0.0,0.0,0.0,none,True
2024-10-05 19:00:00,2024-10-05,19,29.3,33,27.8,0.0,0.0,13.2,0.0,0.0,0.0,0.0,none,False
2024-10-05 20:00:00,2024-10-05,20,28.2,32,26.4,0.0,0.0,12.3,0.0,0.0,0.0,0.0,none,False
2024-10-05 21:00:00,2024-10-05,21,25.5,48,23.4,0.0,0.0,23.1,0.0,0.0,0.0,0.0,none,False
2024-10-05 22:00:00,2024-10-05,22,24.4,51,23.0,0.0,0.0,17.7,0.0,0.0,0.0,0.0,none,False
2024-10-05 23:00:00,2024-10-05,23,23.4,54,22.3,0.0,0.0,15.3,0.0,0.0,0.0,0.0,none,False
2024-10-06 00:00:00,2024-10-06,0,22.6,57,22.1,0.0,0.0,11.8,0.0,0.0,0.0,0.0,none,False
2024-10-06 01:00:00,2024-10-06,1,21.8,61,21.9,0.0,0.0,8.3,0.0,0.0,0.0,0.0,none,False
2024-10-06 02:00:00,2024-10-06,2,21.0,64,21.4,0.0,0.0,6.5,0.0,0.0,0.0,0.0,none,False
2024-10-06 03:00:00,2024-10-06,3,20.2,69,20.8,0.0,0.0,5.4,0.0,0.0,0.0,0.0,none,False
2024-10-06 04:00:00,2024-10-06,4,19.8,70,20.3,0.0,0.0,5.5,0.0,0.0,0.0,0.0,none,False
2024-10-06 05:00:00,2024-10-06,5,19.1,73,19.9,0.0,0.0,4.4,0.0,0.0,0.0,0.0,none,False
2024-10-06 06:00:00,2024-10-06,6,18.5,77,19.4,0.0,0.0,4.6,0.0,0.0,0.0,0.0,none,False
2024-10-06 07:00:00,2024-10-06,7,18.0,82,18.8,0.0,0.0,5.4,0.0,0.0,0.0,0.0,none,True
2024-10-06 08:00:00,2024-10-06,8,19.4,76,20.4,0.0,0.0,4.9,0.0,0.0,0.0,0.0,none,True
2024-10-06 09:00:00,2024-10-06,9,21.3,69,22.2,0.0,0.0,6.3,0.0,0.0,0.0,0.0,none,True
2024-10-06 10:00:00,2024-10-06,10,23.5,59,23.9,0.0,0.0,8.5,0.0,0.0,0.0,0.0,none,False
2024-10-06 11:00:00,2024-10-06,11,25.5,48,26.2,0.0,0.0,8.5,0.0,0.0,0.0,0.0,none,False
2024-10-06 12:00:00,2024-10-06,12,27.2,42,28.4,0.0,0.0,8.1,0.0,0.0,0.0,0.0,none,False
2024-10-06 13:00:00,2024-10-06,13,28.9,35,30.0,0.0,0.0,8.0,0.0,0.0,0.0,0.0,none,False
2024-10-06 14:00:00,2024-10-06,14,30.1,31,30.8,0.0,0.0,7.6,0.0,0.0,0.0,0.0,none,False
2024-10-06 15:00:00,2024-10-06,15,31.1,28,31.2,0.0,0.0,7.7,0.0,0.0,0.0,0.0,none,False
2024-10-06 16:00:00,2024-10-06,16,31.1,29,29.9,0.0,0.0,10.7,0.0,0.0,0.0,0.0,none,True
2024-10-06 17:00:00,2024-10-06,17,31.2,29,29.7,0.0,0.0,12.5,0.0,0.0,0.0,0.0,none,True
2024-10-06 18:00:00,2024-10-06,18,30.5,31,28.9,0.0,0.0,13.3,0.0,0.0,0.0,0.0,none,True
2024-10-06 19:00:00,2024-10-06,19,29.4,33,28.1,0.0,0.0,12.5,0.0,0.0,0.0,0.0,none,False
2024-10-06 20:00:00,2024-10-06,20,28.5,37,27.3,0.0,0.0,13.2,0.0,0.0,0.0,0.0,none,False
2024-10-06 21:00:00,2024-10-06,21,26.2,49,24.6,0.0,0.0,21.9,0.0,0.0,0.0,0.0,none,False
2024-10-06 22:00:00,2024-10-06,22,25.0,54,24.0,0.0,0.0,18.2,0.0,0.0,0.0,0.0,none,False
2024-10-06 23:00:00,2024-10-06,23,24.0,60,23.6,0.0,0.0,15.3,0.0,0.0,0.0,0.0,none,False
2024-10-07 00:00:00,2024-10-07,0,23.1,65,23.4,0.0,0.0,12.7,0.0,0.0,0.0,0.0,none,False
2024-10-07 01:00:00,2024-10-07,1,22.3,70,23.2,0.0,0.0,9.8,0.0,0.0,0.0,0.0,none,False
2024-10-07 02:00:00,2024-10-07,2,21.5,75,22.8,0.0,0.0,7.6,0.0,0.0,0.0,0.0,none,False
2024-10-07 03:00:00,2024-10-07,3,20.8,79,22.3,0.0,0.0,6.2,0.0,0.0,0.0,0.0,none,False
2024-10-07 04:00:00,2024-10-07,4,20.9,79,22.5,0.0,0.0,6.2,0.0,0.0,0.0,0.0,none,False
2024-10-07 05:00:00,2024-10-07,5,20.2,83,22.0,0.0,0.0,5.5,0.0,0.0,0.0,0.0,none,False
2024-10-07 06:00:00,2024-10-07,6,19.6,87,21.5,0.0,0.0,5.4,0.0,0.0,0.0,0.0,none,False
2024-10-07 07:00:00,2024-10-07,7,19.0,90,20.9,0.0,0.0,5.7,0.0,0.0,0.0,0.0,none,True
2024-10-07 08:00:00,2024-10-07,8,20.9,81,22.4,0.0,0.0,7.3,0.0,0.0,0.0,0.0,none,True
2024-10-07 09:00:00,2024-10-07,9,23.4,69,24.7,0.0,0.0,8.5,0.0,0.0,0.0,0.0,none,True
2024-10-07 10:00:00,2024-10-07,10,25.6,56,26.1,0.0,0.0,11.7,0.0,0.0,0.0,0.0,none,False
2024-10-07 11:00:00,2024-10-07,11,27.8,46,28.1,0.0,0.0,12.9,0.0,0.0,0.0,0.0,none,False
2024-10-07 12:00:00,2024-10-07,12,29.6,39,30.2,0.0,0.0,13.3,0.0,0.0,0.0,0.0,none,False
2024-10-07 13:00:00,2024-10-07,13,31.1,36,32.0,0.0,0.0,13.0,0.0,0.0,0.0,0.0,none,False
2024-10-07 14:00:00,2024-10-07,14,32.7,31,33.3,0.0,0.0,12.3,0.0,0.0,0.0,0.0,none,False
2024-10-07 15:00:00,2024-10-07,15,34.0,28,33.4,0.0,0.0,15.3,0.0,0.0,0.0,0.0,none,False
2024-10-07 16:00:00,2024-10-07,16,34.0,27,32.1,0.0,0.0,17.8,0.0,0.0,0.0,0.0,none,True
2024-10-07 17:00:00,2024-10-07,17,33.7,29,31.7,0.0,0.0,19.6,0.0,0.0,0.0,0.0,none,True
2024-10-07 18:00:00,2024-10-07,18,33.1,29,31.2,0.0,0.0,18.3,0.0,0.0,0.0,0.0,none,True
2024-10-07 19:00:00,2024-10-07,19,32.0,28,29.3,0.0,0.0,20.4,0.0,0.0,0.0,0.0,none,False
2024-10-07 20:00:00,2024-10-07,20,30.2,31,27.5,0.0,0.0,21.0,0.0,0.0,0.0,0.0,none,False
2024-10-07 21:00:00,2024-10-07,21,28.8,36,26.7,0.0,0.0,18.9,0.0,0.0,0.0,0.0,none,False
2024-10-07 22:00:00,2024-10-07,22,27.5,42,26.3,0.0,0.0,15.7,0.0,0.0,0.0,0.0,none,False
2024-10-07 23:00:00,2024-10-07,23,26.2,48,25.5,0.0,0.0,14.4,0.0,0.0,0.0,0.0,none,False
2024-10-08 00:00:00,2024-10-08,0,25.0,55,24.9,0.0,0.0,13.5,0.0,0.0,0.0,0.0,none,False
2024-10-08 01:00:00,2024-10-08,1,24.0,64,24.8,0.0,0.0,11.1,0.0,0.0,0.0,0.0,none,False
2024-10-08 02:00:00,2024-10-08,2,23.2,72,24.6,0.0,0.0,9.6,0.0,0.0,0.0,0.0,none,False
2024-10-08 03:00:00,2024-10-08,3,22.5,78,24.3,0.0,0.0,9.0,0.0,0.0,0.0,0.0,none,False
2024-10-08 04:00:00,2024-10-08,4,22.0,80,23.5,0.0,0.0,10.1,0.0,0.0,0.0,0.0,none,False
2024-10-08 05:00:00,2024-10-08,5,21.5,84,23.3,0.0,0.0,9.9,0.0,0.0,0.0,0.0,none,False
2024-10-08 06:00:00,2024-10-08,6,21.1,88,23.2,0.0,0.0,9.9,0.0,0.0,0.0,0.0,none,False
2024-10-08 07:00:00,2024-10-08,7,21.0,91,23.2,0.0,0.0,9.7,0.0,0.0,0.0,0.0,none,True
2024-10-08 08:00:00,2024-10-08,8,22.8,82,24.5,0.0,0.0,12.8,0.0,0.0,0.0,0.0,none,True
2024-10-08 09:00:00,2024-10-08,9,26.0,61,26.9,0.0,0.0,13.4,0.0,0.0,0.0,0.0,none,True
2024-10-08 10:00:00,2024-10-08,10,28.4,45,27.8,0.0,0.0,16.5,0.0,0.0,0.0,0.0,none,False
2024-10-08 11:00:00,2024-10-08,11,30.2,37,29.4,0.0,0.0,17.6,0.0,0.0,0.0,0.0,none,False
2024-10-08 12:00:00,2024-10-08,12,31.8,32,31.3,0.0,0.0,17.8,0.0,0.0,0.0,0.0,none,False
2024-10-08 13:00:00,2024-10-08,13,33.1,29,32.8,0.0,0.0,16.8,0.0,0.0,0.0,0.0,none,False
2024-10-08 14:00:00,2024-10-08,14,34.0,26,33.6,0.0,0.0,15.4,0.0,0.0,0.0,0.0,none,False
2024-10-08 15:00:00,2024-10-08,15,34.7,25,33.9,0.0,0.0,13.9,0.0,0.0,0.0,0.0,none,False
2024-10-08 16:00:00,2024-10-08,16,34.2,24,32.7,0.0,0.0,12.8,0.0,0.0,0.0,0.0,none,True
2024-10-08 17:00:00,2024-10-08,17,34.1,25,32.7,0.0,0.0,11.7,0.0,0.0,0.0,0.0,none,True
2024-10-08 18:00:00,2024-10-08,18,33.6,25,32.2,0.0,0.0,11.8,0.0,0.0,0.0,0.0,none,True
2024-10-08 19:00:00,2024-10-08,19,32.1,28,31.2,0.0,0.0,9.2,0.0,0.0,0.0,0.0,none,False
2024-10-08 20:00:00,2024-10-08,20,30.8,32,30.5,0.0,0.0,6.3,0.0,0.0,0.0,0.0,none,False
2024-10-08 21:00:00,2024-10-08,21,29.7,35,28.0,0.0,0.0,17.2,0.0,0.0,0.0,0.0,none,False
2024-10-08 22:00:00,2024-10-08,22,28.1,49,27.4,0.0,0.0,19.7,0.0,0.0,0.0,0.0,none,False
2024-10-08 23:00:00,2024-10-08,23,26.8,56,26.7,0.0,0.0,18.8,0.0,0.0,0.0,0.0,none,False
2024-10-09 00:00:00,2024-10-09,0,25.8,59,25.9,0.0,0.0,17.0,0.0,0.0,0.0,0.0,none,False
2024-10-09 01:00:00,2024-10-09,1,25.0,59,25.2,0.0,0.0,14.3,0.0,0.0,0.0,0.0,none,False
2024-10-09 02:00:00,2024-10-09,2,24.2,62,25.0,0.0,0.0,10.0,0.0,0.0,0.0,0.0,none,False
2024-10-09 03:00:00,2024-10-09,3,23.5,65,24.5,0.0,0.0,8.0,0.0,0.0,0.0,0.0,none,False
2024-10-09 04:00:00,2024-10-09,4,23.0,52,22.9,0.0,0.0,6.3,0.0,0.0,0.0,0.0,none,False
2024-10-09 05:00:00,2024-10-09,5,21.8,52,20.9,0.0,0.0,9.0,0.0,0.0,0.0,0.0,none,False
2024-10-09 06:00:00,2024-10-09,6,22.0,47,21.0,0.0,0.0,7.0,0.0,0.0,0.0,0.0,none,False
2024-10-09 07:00:00,2024-10-09,7,21.5,47,20.6,0.0,0.0,6.1,0.0,0.0,0.0,0.0,none,True
2024-10-09 08:00:00,2024-10-09,8,22.9,42,21.7,0.0,0.0,6.7,0.0,0.0,0.0,0.0,none,True
2024-10-09 09:00:00,2024-10-09,9,26.3,33,24.8,0.0,0.0,8.1,0.0,0.0,0.0,0.0,none,True
2024-10-09 10:00:00,2024-10-09,10,29.2,29,27.2,0.0,0.0,13.0,0.0,0.0,0.0,0.0,none,False
2024-10-09 11:00:00,2024-10-09,11,30.8,28,29.1,0.0,0.0,15.5,0.0,0.0,0.0,0.0,none,False
2024-10-09 12:00:00,2024-10-09,12,32.0,26,31.1,0.0,0.0,14.6,0.0,0.0,0.0,0.0,none,False
2024-10-09 13:00:00,2024-10-09,13,33.2,24,32.7,0.0,0.0,12.6,0.0,0.0,0.0,0.0,none,False
2024-10-09 14:00:00,2024-10-09,14,34.0,24,33.6,0.0,0.0,11.8,0.0,0.0,0.0,0.0,none,False
2024-10-09 15:00:00,2024-10-09,15,34.5,23,33.8,0.0,0.0,11.3,0.0,0.0,0.0,0.0,none,False
2024-10-09 16:00:00,2024-10-09,16,34.4,23,32.8,0.0,0.0,11.9,0.0,0.0,0.0,0.0,none,True
2024-10-09 17:00:00,2024-10-09,17,34.2,23,32.5,0.0,0.0,11.9,0.0,0.0,0.0,0.0,none,True
2024-10-09 18:00:00,2024-10-09,18,33.5,23,31.6,0.0,0.0,12.8,0.0,0.0,0.0,0.0,none,True
2024-10-09 19:00:00,2024-10-09,19,32.0,25,30.1,0.0,0.0,13.1,0.0,0.0,0.0,0.0,none,False
2024-10-09 20:00:00,2024-10-09,20,31.3,27,29.3,0.0,0.0,14.2,0.0,0.0,0.0,0.0,none,False
2024-10-09 21:00:00,2024-10-09,21,30.0,31,27.5,0.0,0.0,19.2,0.0,0.0,0.0,0.0,none,False
2024-10-09 22:00:00,2024-10-09,22,27.6,52,26.9,0.0,0.0,21.8,0.0,0.0,0.0,0.0,none,False
2024-10-09 23:00:00,2024-10-09,23,26.5,59,26.5,0.0,0.0,18.9,0.0,0.0,0.0,0.0,none,False
2024-10-10 00:00:00,2024-10-10,0,25.4,66,26.4,0.0,0.0,14.4,0.0,0.0,0.0,0.0,none,False
2024-10-10 01:00:00,2024-10-10,1,24.5,72,26.0,0.0,0.0,12.8,0.0,0.0,0.0,0.0,none,False
2024-10-10 02:00:00,2024-10-10,2,23.5,79,25.4,0.0,0.0,12.4,0.0,0.0,0.0,0.0,none,False
2024-10-10 03:00:00,2024-10-10,3,22.9,84,25.1,0.0,0.0,11.5,0.0,0.0,0.0,0.0,none,False
2024-10-10 04:00:00,2024-10-10,4,22.4,89,24.7,0.0,0.0,11.7,0.0,0.0,0.0,0.0,none,False
2024-10-10 05:00:00,2024-10-10,5,21.8,93,24.3,0.0,0.0,11.5,0.0,0.0,0.0,0.0,none,False
2024-10-10 06:00:00,2024-10-10,6,21.2,96,23.8,0.0,0.0,11.0,0.0,0.0,0.0,0.0,none,False
2024-10-10 07:00:00,2024-10-10,7,20.8,98,23.2,0.0,0.0,11.0,0.0,0.0,0.0,0.0,none,True
2024-10-10 08:00:00,2024-10-10,8,21.2,96,23.5,0.0,0.0,13.3,0.0,0.0,0.0,0.0,none,True
2024-10-10 09:00:00,2024-10-10,9,22.6,86,24.5,0.0,0.0,14.0,0.0,0.0,0.0,0.0,none,True
2024-10-10 10:00:00,2024-10-10,10,25.0,69,26.5,0.0,0.0,13.0,0.0,0.0,0.0,0.0,none,False
2024-10-10 11:00:00,2024-10-10,11,27.1,58,28.6,0.0,0.0,12.2,0.0,0.0,0.0,0.0,none,False
2024-10-10 12:00:00,2024-10-10,12,28.8,50,30.8,0.0,0.0,11.1,0.0,0.0,0.0,0.0,none,False
2024-10-10 13:00:00,2024-10-10,13,30.4,44,32.5,0.0,0.0,10.4,0.0,0.0,0.0,0.0,none,False
2024-10-10 14:00:00,2024-10-10,14,31.7,38,33.3,0.0,0.0,10.6,0.0,0.0,0.0,0.0,none,False
2024-10-10 15:00:00,2024-10-10,15,32.8,33,33.0,0.0,0.0,12.4,0.0,0.0,0.0,0.0,none,False
2024-10-10 16:00:00,2024-10-10,16,31.8,36,31.2,0.0,0.0,14.7,0.0,0.0,0.0,0.0,none,True
2024-10-10 17:00:00,2024-10-10,17,31.5,35,30.9,0.0,0.0,14.3,0.0,0.0,0.0,0.0,none,True
2024-10-10 18:00:00,2024-10-10,18,30.7,38,30.3,0.0,0.0,12.8,0.0,0.0,0.0,0.0,none,True
2024-10-10 19:00:00,2024-10-10,19,29.8,40,29.7,0.0,0.0,11.4,0.0,0.0,0.0,0.0,none,False
2024-10-10 20:00:00,2024-10-10,20,29.1,42,29.5,0.0,0.0,8.8,0.0,0.0,0.0,0.0,none,False
2024-10-10 21:00:00,2024-10-10,21,28.1,45,27.8,0.0,0.0,13.9,0.0,0.0,0.0,0.0,none,False
2024-10-10 22:00:00,2024-10-10,22,26.5,48,25.6,0.0,0.0,17.5,0.0,0.0,0.0,0.0,none,False
2024-10-10 23:00:00,2024-10-10,23,25.1,56,24.7,0.0,0.0,16.6,0.0,0.0,0.0,0.0,none,False
2024-10-11 00:00:00,2024-10-11,0,24.0,63,24.1,0.0,0.0,15.4,0.0,0.0,0.0,0.0,none,False
2024-10-11 01:00:00,2024-10-11,1,23.1,69,23.7,0.0,0.0,13.2,0.0,0.0,0.0,0.0,none,False
2024-10-11 02:00:00,2024-10-11,2,22.4,74,23.4,0.0,0.0,10.7,0.0,0.0,0.0,0.0,none,False
2024-10-11 03:00:00,2024-10-11,3,21.6,78,23.0,0.0,0.0,9.1,0.0,0.0,0.0,0.0,none,False
2024-10-11 04:00:00,2024-10-11,4,21.4,80,23.0,0.0,0.0,8.0,0.0,0.0,0.0,0.0,none,False
2024-10-11 05:00:00,2024-10-11,5,20.9,83,22.7,0.0,0.0,7.1,0.0,0.0,0.0,0.0,none,False
2024-10-11 06:00:00,2024-10-11,6,20.3,86,22.4,0.0,0.0,5.3,0.0,0.0,0.0,0.0,none,False
2024-10-11 07:00:00,2024-10-11,7,19.5,90,21.8,0.0,0.0,4.6,0.0,0.0,0.0,0.0,none,True
2024-10-11 08:00:00,2024-10-11,8,20.8,83,22.7,0.0,0.0,6.2,0.0,0.0,0.0,0.0,none,True
2024-10-11 09:00:00,2024-10-11,9,23.0,72,24.6,0.0,0.0,7.6,0.0,0.0,0.0,0.0,none,True
2024-10-11 10:00:00,2024-10-11,10,25.0,61,26.0,0.0,0.0,9.4,0.0,0.0,0.0,0.0,none,False
2024-10-11 11:00:00,2024-10-11,11,26.9,52,27.9,0.0,0.0,10.3,0.0,0.0,0.0,0.0,none,False
2024-10-11 12:00:00,2024-10-11,12,28.6,44,30.1,0.0,0.0,9.3,0.0,0.0,0.0,0.0,none,False
2024-10-11 13:00:00,2024-10-11,13,30.3,38,32.0,0.0,0.0,8.1,0.0,0.0,0.0,0.0,none,False
2024-10-11 14:00:00,2024-10-11,14,31.9,33,33.2,0.0,0.0,7.3,0.0,0.0,0.0,0.0,none,False
2024-10-11 15:00:00,2024-10-11,15,33.2,28,33.4,0.0,0.0,8.1,0.0,0.0,0.0,0.0,none,False
2024-10-11 16:00:00,2024-10-11,16,33.6,26,32.7,0.0,0.0,9.2,0.0,0.0,0.0,0.0,none,True
2024-10-11 17:00:00,2024-10-11,17,33.5,26,32.1,0.0,0.0,11.5,0.0,0.0,0.0,0.0,none,True
2024-10-11 18:00:00,2024-10-11,18,32.5,28,31.3,0.0,0.0,11.8,0.0,0.0,0.0,0.0,none,True
2024-10-11 19:00:00,2024-10-11,19,31.5,30,30.6,0.0,0.0,9.5,0.0,0.0,0.0,0.0,none,False
2024-10-11 20:00:00,2024-10-11,20,30.4,32,30.2,0.0,0.0,4.9,0.0,0.0,0.0,0.0,none,False
2024-10-11 21:00:00,2024-10-11,21,29.2,35,29.2,0.0,0.0,4.3,0.0,0.0,0.0,0.0,none,False
2024-10-11 22:00:00,2024-10-11,22,28.1,38,26.9,0.0,0.0,13.6,0.0,0.0,0.0,0.0,none,False
2024-10-11 23:00:00,2024-10-11,23,26.2,57,26.2,0.0,0.0,16.9,0.0,0.0,0.0,0.0,none,False
2024-10-12 00:00:00,2024-10-12,0,25.2,62,25.6,0.0,0.0,15.4,0.0,0.0,0.0,0.0,none,False
2024-10-12 01:00:00,2024-10-12,1,24.5,65,25.0,0.0,0.0,14.8,0.0,0.0,0.0,0.0,none,False
2024-10-12 02:00:00,2024-10-12,2,23.6,70,24.4,0.0,0.0,13.9,0.0,0.0,0.0,0.0,none,False
2024-10-12 03:00:00,2024-10-12,3,23.0,73,24.0,0.0,0.0,12.5,0.0,0.0,0.0,0.0,none,False
2024-10-12 04:00:00,2024-10-12,4,22.7,74,23.8,0.0,0.0,12.4,0.0,0.0,0.0,0.0,none,False
2024-10-12 05:00:00,2024-10-12,5,22.3,76,23.5,0.0,0.0,11.5,0.0,0.0,0.0,0.0,none,False
2024-10-12 06:00:00,2024-10-12,6,21.9,77,23.2,0.0,0.0,9.9,0.0,0.0,0.0,0.0,none,False
2024-10-12 07:00:00,2024-10-12,7,21.5,78,22.9,0.0,0.0,8.3,0.0,0.0,0.0,0.0,none,True
2024-10-12 08:00:00,2024-10-12,8,22.6,72,23.7,0.0,0.0,10.2,0.0,0.0,0.0,0.0,none,True
2024-10-12 09:00:00,2024-10-12,9,25.0,62,25.8,0.0,0.0,11.7,0.0,0.0,0.0,0.0,none,True
2024-10-12 10:00:00,2024-10-12,10,26.8,56,27.5,0.0,0.0,13.6,0.0,0.0,0.0,0.0,none,False
2024-10-12 11:00:00,2024-10-12,11,28.5,51,29.5,0.0,0.0,13.4,0.0,0.0,0.0,0.0,none,False
2024-10-12 12:00:00,2024-10-12,12,30.0,46,31.6,0.0,0.0,12.8,0.0,0.0,0.0,0.0,none,False
2024-10-12 13:00:00,2024-10-12,13,31.4,41,33.0,0.0,0.0,12.2,0.0,0.0,0.0,0.0,none,False
2024-10-12 14:00:00,2024-10-12,14,32.4,37,33.9,0.0,0.0,11.6,0.0,0.0,0.0,0.0,none,False
2024-10-12 15:00:00,2024-10-12,15,33.2,36,34.3,0.0,0.0,11.4,0.0,0.0,0.0,0.0,none,False
2024-10-12 16:00:00,2024-10-12,16,32.7,36,32.9,0.0,0.0,11.5,0.0,0.0,0.0,0.0,none,True
2024-10-12 17:00:00,2024-10-12,17,32.8,35,32.9,0.0,0.0,11.4,0.0,0.0,0.0,0.0,none,True
2024-10-12 18:00:00,2024-10-12,18,32.3,34,32.1,0.0,0.0,12.1,0.0,0.0,0.0,0.0,none,True
2024-10-12 19:00:00,2024-10-12,19,31.4,36,31.4,0.0,0.0,10.5,0.0,0.0,0.0,0.0,none,False
2024-10-12 20:00:00,2024-10-12,20,30.2,39,30.6,0.0,0.0,8.7,0.0,0.0,0.0,0.0,none,False
2024-10-12 21:00:00,2024-10-12,21,28.8,49,28.3,0.0,0.0,20.4,0.0,0.0,0.0,0.0,none,False
2024-10-12 22:00:00,2024-10-12,22,26.9,57,26.4,0.0,0.0,21.7,0.0,0.0,0.0,0.0,none,False
2024-10-12 23:00:00,2024-10-12,23,25.7,62,25.7,0.0,0.0,19.6,0.0,0.0,0.0,0.0,none,False
2024-10-13 00:00:00,2024-10-13,0,24.8,66,25.3,0.0,0.0,16.8,0.0,0.0,0.0,0.0,none,False
2024-10-13 01:00:00,2024-10-13,1,24.0,70,24.9,0.0,0.0,14.5,0.0,0.0,0.0,0.0,none,False
2024-10-13 02:00:00,2024-10-13,2,23.4,74,24.7,0.0,0.0,12.2,0.0,0.0,0.0,0.0,none,False
2024-10-13 03:00:00,2024-10-13,3,22.8,77,24.5,0.0,0.0,10.1,0.0,0.0,0.0,0.0,none,False
2024-10-13 04:00:00,2024-10-13,4,22.1,82,24.3,0.0,0.0,8.3,0.0,0.0,0.0,0.0,none,False
2024-10-13 05:00:00,2024-10-13,5,21.6,84,23.8,0.0,0.0,7.2,0.0,0.0,0.0,0.0,none,False
2024-10-13 06:00:00,2024-10-13,6,21.1,86,23.3,0.0,0.0,7.5,0.0,0.0,0.0,0.0,none,False
2024-10-13 07:00:00,2024-10-13,7,20.8,87,22.8,0.0,0.0,7.2,0.0,0.0,0.0,0.0,none,True
2024-10-13 08:00:00,2024-10-13,8,22.0,80,23.7,0.0,0.0,9.5,0.0,0.0,0.0,0.0,none,True
2024-10-13 09:00:00,2024-10-13,9,24.8,67,26.2,0.0,0.0,10.7,0.0,0.0,0.0,0.0,none,True
2024-10-13 10:00:00,2024-10-13,10,27.3,54,27.9,0.0,0.0,13.9,0.0,0.0,0.0,0.0,none,False
2024-10-13 11:00:00,2024-10-13,11,29.4,44,29.6,0.0,0.0,14.8,0.0,0.0,0.0,0.0,none,False
2024-10-13 12:00:00,2024-10-13,12,31.5,36,31.8,0.0,0.0,13.9,0.0,0.0,0.0,0.0,none,False
2024-10-13 13:00:00,2024-10-13,13,32.9,31,33.1,0.0,0.0,14.1,0.0,0.0,0.0,0.0,none,False
2024-10-13 14:00:00,2024-10-13,14,33.8,28,33.9,0.0,0.0,13.0,0.0,0.0,0.0,0.0,none,False
2024-10-13 15:00:00,2024-10-13,15,34.5,27,34.3,0.0,0.0,11.6,0.0,0.0,0.0,0.0,none,False
2024-10-13 16:00:00,2024-10-13,16,34.4,28,33.8,0.0,0.0,11.3,0.0,0.0,0.0,0.0,none,True
2024-10-13 17:00:00,2024-10-13,17,34.2,28,33.6,0.0,0.0,11.1,0.0,0.0,0.0,0.0,none,True
2024-10-13 18:00:00,2024-10-13,18,33.7,29,33.2,0.0,0.0,9.6,0.0,0.0,0.0,0.0,none,True
2024-10-13 19:00:00,2024-10-13,19,32.3,31,32.2,0.0,0.0,8.4,0.0,0.0,0.0,0.0,none,False
2024-10-13 20:00:00,2024-10-13,20,31.1,35,31.0,0.0,0.0,9.0,0.0,0.0,0.0,0.0,none,False
2024-10-13 21:00:00,2024-10-13,21,30.1,37,30.2,0.0,0.0,8.5,0.0,0.0,0.0,0.0,none,False
2024-10-13 22:00:00,2024-10-13,22,28.7,41,29.4,0.0,0.0,4.9,0.0,0.0,0.0,0.0,none,False
2024-10-13 23:00:00,2024-10-13,23,27.8,46,27.9,0.0,0.0,10.3,0.0,0.0,0.0,0.0,none,False
2024-10-14 00:00:00,2024-10-14,0,26.5,53,27.6,0.0,0.0,6.8,0.0,0.0,0.0,0.0,none,False
2024-10-14 01:00:00,2024-10-14,1,25.4,59,27.0,0.0,0.0,5.4,0.0,0.0,0.0,0.0,none,False
2024-10-14 02:00:00,2024-10-14,2,24.5,68,26.2,0.0,0.0,9.4,0.0,0.0,0.0,0.0,none,False
2024-10-14 03:00:00,2024-10-14,3,23.6,75,25.5,0.0,0.0,10.0,0.0,0.0,0.0,0.0,none,False
2024-10-14 04:00:00,2024-10-14,4,23.2,76,25.6,0.0,0.0,6.0,0.0,0.0,0.0,0.0,none,False
2024-10-14 05:00:00,2024-10-14,5,22.6,81,25.3,0.0,0.0,6.1,0.0,0.0,0.0,0.0,none,False
2024-10-14 06:00:00,2024-10-14,6,22.1,86,25.1,0.0,0.0,5.4,0.0,0.0,0.0,0.0,none,False
2024-10-14 07:00:00,2024-10-14,7,21.6,89,24.7,0.0,0.0,4.7,0.0,0.0,0.0,0.0,none,True
2024-10-14 08:00:00,2024-10-14,8,22.6,83,25.2,0.0,0.0,7.8,0.0,0.0,0.0,0.0,none,True
2024-10-14 09:00:00,2024-10-14,9,24.5,74,27.0,0.0,0.0,8.7,0.0,0.0,0.0,0.0,none,True
2024-10-14 10:00:00,2024-10-14,10,26.6,65,29.0,0.0,0.0,8.3,0.0,0.0,0.0,0.0,none,False
2024-10-14 11:00:00,2024-10-14,11,28.5,54,30.9,0.0,0.0,6.9,0.0,0.0,0.0,0.0,none,False
2024-10-14 12:00:00,2024-10-14,12,30.2,46,33.1,0.0,0.0,4.8,0.0,0.0,0.0,0.0,none,False
2024-10-14 13:00:00,2024-10-14,13,31.8,40,34.9,0.0,0.0,3.4,0.0,0.0,0.0,0.0,none,False
2024-10-14 14:00:00,2024-10-14,14,33.3,36,35.8,0.0,0.0,5.9,0.0,0.0,0.0,0.0,none,False
2024-10-14 15:00:00,2024-10-14,15,34.2,33,34.8,0.0,0.0,12.3,0.0,0.0,0.0,0.0,none,False
2024-10-14 16:00:00,2024-10-14,16,33.6,33,33.0,0.0,0.0,15.9,0.0,0.0,0.0,0.0,none,True
2024-10-14 17:00:00,2024-10-14,17,32.9,35,32.4,0.0,0.0,15.8,0.0,0.0,0.0,0.0,none,True
2024-10-14 18:00:00,2024-10-14,18,31.9,38,31.7,0.0,0.0,14.6,0.0,0.0,0.0,0.0,none,True
2024-10-14 19:00:00,2024-10-14,19,31.0,40,31.3,0.0,0.0,11.5,0.0,0.0,0.0,0.0,none,False
2024-10-14 20:00:00,2024-10-14,20,30.4,42,30.6,0.0,0.0,11.8,0.0,0.0,0.0,0.0,none,False
2024-10-14 21:00:00,2024-10-14,21,27.1,52,26.3,0.0,0.0,20.7,0.0,0.0,0.0,0.0,none,False
2024-10-14 22:00:00,2024-10-14,22,26.3,56,26.1,0.0,0.0,17.7,0.0,0.0,0.0,0.0,none,False
2024-10-14 23:00:00,2024-10-14,23,25.2,60,25.3,0.0,0.0,16.5,0.0,0.0,0.0,0.0,none,False
2024-10-15 00:00:00,2024-10-15,0,24.5,65,24.8,0.0,0.0,15.9,0.0,0.0,0.0,0.0,none,False
2024-10-15 01:00:00,2024-10-15,1,23.8,70,24.4,0.0,0.0,15.1,0.0,0.0,0.0,0.0,none,False
2024-10-15 02:00:00,2024-10-15,2,23.1,73,24.0,0.0,0.0,13.9,0.0,0.0,0.0,0.0,none,False
2024-10-15 03:00:00,2024-10-15,3,22.5,75,23.5,0.0,0.0,12.8,0.0,0.0,0.0,0.0,none,False
2024-10-15 04:00:00,2024-10-15,4,22.0,74,22.9,0.0,0.0,10.8,0.0,0.0,0.0,0.0,none,False
2024-10-15 05:00:00,2024-10-15,5,21.5,76,22.6,0.0,0.0,9.3,0.0,0.0,0.0,0.0,none,False
2024-10-15 06:00:00,2024-10-15,6,21.0,78,22.3,0.0,0.0,7.6,0.0,0.0,0.0,0.0,none,False
2024-10-15 07:00:00,2024-10-15,7,20.5,80,22.0,0.0,0.0,6.1,0.0,0.0,0.0,0.0,none,True
2024-10-15 08:00:00,2024-10-15,8,21.4,76,22.7,0.0,0.0,7.7,0.0,0.0,0.0,0.0,none,True
2024-10-15 09:00:00,2024-10-15,9,23.2,67,24.1,0.0,0.0,10.1,0.0,0.0,0.0,0.0,none,True
2024-10-15 10:00:00,2024-10-15,10,25.0,56,25.2,0.0,0.0,11.8,0.0,0.0,0.0,0.0,none,False
2024-10-15 11:00:00,2024-10-15,11,26.7,46,26.8,0.0,0.0,10.8,0.0,0.0,0.0,0.0,none,False
2024-10-15 12:00:00,2024-10-15,12,28.2,39,28.8,0.0,0.0,9.0,0.0,0.0,0.0,0.0,none,False
2024-10-15 13:00:00,2024-10-15,13,29.5,35,30.5,0.0,0.0,6.8,0.0,0.0,0.0,0.0,none,False
2024-10-15 14:00:00,2024-10-15,14,30.3,33,31.5,0.0,0.0,4.7,0.0,0.0,0.0,0.0,none,False
2024-10-15 15:00:00,2024-10-15,15,30.9,31,31.7,0.0,0.0,3.3,0.0,0.0,0.0,0.0,none,False
2024-10-15 16:00:00,2024-10-15,16,31.1,30,30.7,0.0,0.0,6.0,0.0,0.0,0.0,0.0,none,True
2024-10-15 17:00:00,2024-10-15,17,31.0,29,30.0,0.0,0.0,8.7,0.0,0.0,0.0,0.0,none,True
2024-10-15 18:00:00,2024-10-15,18,30.4,29,29.0,0.0,0.0,10.4,0.0,0.0,0.0,0.0,none,True
2024-10-15 19:00:00,2024-10-15,19,29.5,31,28.1,0.0,0.0,10.6,0.0,0.0,0.0,0.0,none,False
2024-10-15 20:00:00,2024-10-15,20,28.2,34,27.0,0.0,0.0,10.4,0.0,0.0,0.0,0.0,none,False
2024-10-15 21:00:00,2024-10-15,21,27.1,36,25.8,0.0,0.0,10.8,0.0,0.0,0.0,0.0,none,False
2024-10-15 22:00:00,2024-10-15,22,26.0,39,23.5,0.0,0.0,19.5,0.0,0.0,0.0,0.0,none,False
2024-10-15 23:00:00,2024-10-15,23,24.5,50,23.2,0.0,0.0,16.3,0.0,0.0,0.0,0.0,none,False
2024-10-16 00:00:00,2024-10-16,0,23.8,54,23.1,0.0,0.0,13.5,0.0,0.0,0.0,0.0,none,False
2024-10-16 01:00:00,2024-10-16,1,23.2,56,22.9,0.0,0.0,11.1,0.0,0.0,0.0,0.0,none,False
2024-10-16 02:00:00,2024-10-16,2,22.8,58,22.6,0.0,0.0,10.3,0.0,0.0,0.0,0.0,none,False
2024-10-16 03:00:00,2024-10-16,3,22.1,61,22.4,0.0,0.0,8.0,0.0,0.0,0.0,0.0,none,False
2024-10-16 04:00:00,2024-10-16,4,21.9,63,22.2,0.0,0.0,8.2,0.0,0.0,0.0,0.0,none,False
2024-10-16 05:00:00,2024-10-16,5,21.5,65,21.9,0.0,0.0,7.4,0.0,0.0,0.0,0.0,none,False
2024-10-16 06:00:00,2024-10-16,6,21.0,67,21.9,0.0,0.0,4.9,0.0,0.0,0.0,0.0,none,False
2024-10-16 07:00:00,2024-10-16,7,19.8,74,20.6,0.0,0.0,6.2,0.0,0.0,0.0,0.0,none,True
2024-10-16 08:00:00,2024-10-16,8,21.2,68,22.0,0.0,0.0,5.9,0.0,0.0,0.0,0.0,none,True
2024-10-16 09:00:00,2024-10-16,9,23.1,59,24.1,0.0,0.0,4.3,0.0,0.0,0.0,0.0,none,True
2024-10-16 10:00:00,2024-10-16,10,25.0,51,25.7,0.0,0.0,5.3,0.0,0.0,0.0,0.0,none,False
2024-10-16 11:00:00,2024-10-16,11,26.7,44,27.2,0.0,0.0,6.1,0.0,0.0,0.0,0.0,none,False
2024-10-16 12:00:00,2024-10-16,12,28.1,40,29.3,0.0,0.0,5.9,0.0,0.0,0.0,0.0,none,False
2024-10-16 13:00:00,2024-10-16,13,29.5,37,30.8,0.0,0.0,6.9,0.0,0.0,0.0,0.0,none,False
2024-10-16 14:00:00,2024-10-16,14,30.5,35,30.9,0.0,0.0,10.9,0.0,0.0,0.0,0.0,none,False
2024-10-16 15:00:00,2024-10-16,15,30.8,33,30.1,0.0,0.0,13.8,0.0,0.0,0.0,0.0,none,False
2024-10-16 16:00:00,2024-10-16,16,29.9,34,28.6,0.0,0.0,13.7,0.0,0.0,0.0,0.0,none,True
2024-10-16 17:00:00,2024-10-16,17,29.5,33,28.2,0.0,0.0,12.2,0.0,0.0,0.0,0.0,none,True
2024-10-16 18:00:00,2024-10-16,18,28.8,34,27.6,0.0,0.0,10.3,0.0,0.0,0.0,0.0,none,True
2024-10-16 19:00:00,2024-10-16,19,27.6,37,26.6,0.0,0.0,10.2,0.0,0.0,0.0,0.0,none,False
2024-10-16 20:00:00,2024-10-16,20,26.9,39,26.2,0.0,0.0,8.2,0.0,0.0,0.0,0.0,none,False
2024-10-16 21:00:00,2024-10-16,21,26.0,41,25.4,0.0,0.0,8.4,0.0,0.0,0.0,0.0,none,False
2024-10-16 22:00:00,2024-10-16,22,25.3,45,24.1,0.0,0.0,13.2,0.0,0.0,0.0,0.0,none,False
2024-10-16 23:00:00,2024-10-16,23,24.0,56,23.2,0.0,0.0,16.2,0.0,0.0,0.0,0.0,none,False
2024-10-17 00:00:00,2024-10-17,0,23.2,61,23.2,0.0,0.0,12.3,0.0,0.0,0.0,0.0,none,False
2024-10-17 01:00:00,2024-10-17,1,22.5,67,23.1,0.0,0.0,10.7,0.0,0.0,0.0,0.0,none,False
2024-10-17 02:00:00,2024-10-17,2,22.0,71,23.2,0.0,0.0,7.8,0.0,0.0,0.0,0.0,none,False
2024-10-17 03:00:00,2024-10-17,3,21.4,75,23.0,0.0,0.0,4.7,0.0,0.0,0.0,0.0,none,False
2024-10-17 04:00:00,2024-10-17,4,21.3,79,23.4,0.0,0.0,4.0,0.0,0.0,0.0,0.0,none,False
2024-10-17 05:00:00,2024-10-17,5,20.8,82,22.8,0.0,0.0,4.6,0.0,0.0,0.0,0.0,none,False
2024-10-17 06:00:00,2024-10-17,6,20.2,84,22.0,0.0,0.0,6.1,0.0,0.0,0.0,0.0,none,False
2024-10-17 07:00:00,2024-10-17,7,20.0,87,21.9,0.0,0.0,6.0,0.0,0.0,0.0,0.0,none,True
2024-10-17 08:00:00,2024-10-17,8,21.0,82,23.4,0.0,0.0,3.6,0.0,0.0,0.0,0.0,none,True
2024-10-17 09:00:00,2024-10-17,9,22.8,75,25.2,0.0,0.0,3.6,0.0,0.0,0.0,0.0,none,True
2024-10-17 10:00:00,2024-10-17,10,24.6,65,26.4,0.0,0.0,7.1,0.0,0.0,0.0,0.0,none,False
2024-10-17 11:00:00,2024-10-17,11,26.3,56,27.6,0.0,0.0,7.5,0.0,0.0,0.0,0.0,none,False
2024-10-17 12:00:00,2024-10-17,12,27.8,48,29.1,0.0,0.0,7.6,0.0,0.0,0.0,0.0,none,False
2024-10-17 13:00:00,2024-10-17,13,28.8,43,29.6,0.0,0.0,8.3,0.0,0.0,0.0,0.0,none,False
2024-10-17 14:00:00,2024-10-17,14,29.7,39,30.4,0.0,0.0,8.0,0.0,0.0,0.0,0.0,none,False
2024-10-17 15:00:00,2024-10-17,15,30.2,36,30.2,0.0,0.0,7.8,0.0,0.0,0.0,0.0,none,False
2024-10-17 16:00:00,2024-10-17,16,30.0,36,29.6,0.0,0.0,10.4,0.0,0.0,0.0,0.0,none,True
2024-10-17 17:00:00,2024-10-17,17,29.8,36,28.8,0.0,0.0,13.8,0.0,0.0,0.0,0.0,none,True
2024-10-17 18:00:00,2024-10-17,18,29.0,37,27.8,0.0,0.0,13.9,0.0,0.0,0.0,0.0,none,True
2024-10-17 19:00:00,2024-10-17,19,27.9,40,27.1,0.0,0.0,12.4,0.0,0.0,0.0,0.0,none,False
2024-10-17 20:00:00,2024-10-17,20,27.1,43,26.7,0.0,0.0,10.3,0.0,0.0,0.0,0.0,none,False
2024-10-17 21:00:00,2024-10-17,21,26.5,44,26.0,0.0,0.0,10.8,0.0,0.0,0.0,0.0,none,False
2024-10-17 22:00:00,2024-10-17,22,25.5,49,24.2,0.0,0.0,19.0,0.0,0.0,0.0,0.0,none,False
2024-10-17 23:00:00,2024-10-17,23,24.2,56,23.8,0.0,0.0,14.6,0.0,0.0,0.0,0.0,none,False
2024-10-18 00:00:00,2024-10-18,0,23.5,61,23.7,0.0,0.0,10.6,0.0,0.0,0.0,0.0,none,False
2024-10-18 01:00:00,2024-10-18,1,22.6,65,23.6,0.0,0.0,6.9,0.0,0.0,0.0,0.0,none,False
2024-10-18 02:00:00,2024-10-18,2,22.0,68,23.2,0.0,0.0,5.6,0.0,0.0,0.0,0.0,none,False
2024-10-18 03:00:00,2024-10-18,3,21.4,71,22.6,0.0,0.0,5.6,0.0,0.0,0.0,0.0,none,False
2024-10-18 04:00:00,2024-10-18,4,20.8,74,22.0,0.0,0.0,5.2,0.0,0.0,0.0,0.0,none,False
2024-10-18 05:00:00,2024-10-18,5,20.1,78,21.5,0.0,0.0,5.0,0.0,0.0,0.0,0.0,none,False
2024-10-18 06:00:00,2024-10-18,6,19.4,84,21.0,0.0,0.0,4.9,0.0,0.0,0.0,0.0,none,False
2024-10-18 07:00:00,2024-10-18,7,19.0,87,20.6,0.0,0.0,5.7,0.0,0.0,0.0,0.0,none,True
2024-10-18 08:00:00,2024-10-18,8,20.0,83,22.2,0.0,0.0,2.8,0.0,0.0,0.0,0.0,none,True
2024-10-18 09:00:00,2024-10-18,9,21.9,76,24.0,0.0,0.0,3.6,0.0,0.0,0.0,0.0,none,True
2024-10-18 10:00:00,2024-10-18,10,23.9,68,25.6,0.0,0.0,6.3,0.0,0.0,0.0,0.0,none,False
2024-10-18 11:00:00,2024-10-18,11,25.8,56,27.3,0.0,0.0,5.8,0.0,0.0,0.0,0.0,none,False
2024-10-18 12:00:00,2024-10-18,12,27.5,45,29.2,0.0,0.0,5.8,0.0,0.0,0.0,0.0,none,False
2024-10-18 13:00:00,2024-10-18,13,28.9,39,30.4,0.0,0.0,6.1,0.0,0.0,0.0,0.0,none,False
2024-10-18 14:00:00,2024-10-18,14,29.9,35,30.9,0.0,0.0,6.3,0.0,0.0,0.0,0.0,none,False
2024-10-18 15:00:00,2024-10-18,15,30.7,32,30.9,0.0,0.0,7.0,0.0,0.0,0.0,0.0,none,False
2024-10-18 16:00:00,2024-10-18,16,30.4,33,29.9,0.0,0.0,8.5,0.0,0.0,0.0,0.0,none,True
2024-10-18 17:00:00,2024-10-18,17,30.4,31,29.5,0.0,0.0,9.0,0.0,0.0,0.0,0.0,none,True
2024-10-18 18:00:00,2024-10-18,18,30.2,30,29.1,0.0,0.0,8.7,0.0,0.0,0.0,0.0,none,True
2024-10-18 19:00:00,2024-10-18,19,28.3,42,26.6,0.0,0.0,20.8,0.0,0.0,0.0,0.0,none,False
2024-10-18 20:00:00,2024-10-18,20,28.0,39,25.8,0.0,0.0,20.9,0.0,0.0,0.0,0.0,none,False
2024-10-18 21:00:00,2024-10-18,21,25.5,44,22.5,0.0,0.0,25.9,0.0,0.0,0.0,0.0,none,False
2024-10-18 22:00:00,2024-10-18,22,24.4,49,22.2,0.0,0.0,21.4,0.0,0.0,0.0,0.0,none,False
2024-10-18 23:00:00,2024-10-18,23,23.6,51,22.0,0.0,0.0,17.4,0.0,0.0,0.0,0.0,none,False
2024-10-19 00:00:00,2024-10-19,0,22.9,54,21.6,0.0,0.0,14.8,0.0,0.0,0.0,0.0,none,False
2024-10-19 01:00:00,2024-10-19,1,22.1,56,21.3,0.0,0.0,12.0,0.0,0.0,0.0,0.0,none,False
2024-10-19 02:00:00,2024-10-19,2,21.4,60,20.9,0.0,0.0,9.7,0.0,0.0,0.0,0.0,none,False
2024-10-19 03:00:00,2024-10-19,3,20.6,63,20.5,0.0,0.0,8.2,0.0,0.0,0.0,0.0,none,False
2024-10-19 04:00:00,2024-10-19,4,20.1,66,20.4,0.0,0.0,5.9,0.0,0.0,0.0,0.0,none,False
2024-10-19 05:00:00,2024-10-19,5,19.4,70,19.9,0.0,0.0,5.0,0.0,0.0,0.0,0.0,none,False
2024-10-19 06:00:00,2024-10-19,6,18.8,72,19.3,0.0,0.0,4.9,0.0,0.0,0.0,0.0,none,False
2024-10-19 07:00:00,2024-10-19,7,18.4,74,18.9,0.0,0.0,5.0,0.0,0.0,0.0,0.0,none,True
2024-10-19 08:00:00,2024-10-19,8,19.9,68,20.2,0.0,0.0,6.6,0.0,0.0,0.0,0.0,none,True
2024-10-19 09:00:00,2024-10-19,9,21.8,61,22.0,0.0,0.0,7.3,0.0,0.0,0.0,0.0,none,True
2024-10-19 10:00:00,2024-10-19,10,23.9,53,23.6,0.0,0.0,10.2,0.0,0.0,0.0,0.0,none,False
2024-10-19 11:00:00,2024-10-19,11,25.5,48,25.1,0.0,0.0,13.2,0.0,0.0,0.0,0.0,none,False
2024-10-19 12:00:00,2024-10-19,12,26.8,43,26.7,0.0,0.0,13.2,0.0,0.0,0.0,0.0,none,False
2024-10-19 13:00:00,2024-10-19,13,27.9,40,27.8,0.0,0.0,13.8,0.0,0.0,0.0,0.0,none,False
2024-10-19 14:00:00,2024-10-19,14,28.5,37,28.3,0.0,0.0,13.6,0.0,0.0,0.0,0.0,none,False
2024-10-19 15:00:00,2024-10-19,15,29.2,36,28.8,0.0,0.0,11.6,0.0,0.0,0.0,0.0,none,False
2024-10-19 16:00:00,2024-10-19,16,29.1,36,28.2,0.0,0.0,12.0,0.0,0.0,0.0,0.0,none,True
2024-10-19 17:00:00,2024-10-19,17,29.2,34,28.1,0.0,0.0,12.1,0.0,0.0,0.0,0.0,none,True
2024-10-19 18:00:00,2024-10-19,18,28.7,35,27.3,0.0,0.0,12.8,0.0,0.0,0.0,0.0,none,True
2024-10-19 19:00:00,2024-10-19,19,27.8,36,26.0,0.0,0.0,14.2,0.0,0.0,0.0,0.0,none,False
2024-10-19 20:00:00,2024-10-19,20,26.7,39,24.5,0.0,0.0,18.4,0.0,0.0,0.0,0.0,none,False
2024-10-19 21:00:00,2024-10-19,21,25.1,47,22.5,0.0,0.0,23.8,0.0,0.0,0.0,0.0,none,False
2024-10-19 22:00:00,2024-10-19,22,24.0,51,22.2,0.0,0.0,19.7,0.0,0.0,0.0,0.0,none,False
2024-10-19 23:00:00,2024-10-19,23,23.1,55,21.4,0.0,0.0,19.4,0.0,0.0,0.0,0.0,none,False
2024-10-20 00:00:00,2024-10-20,0,22.3,58,20.8,0.0,0.0,18.4,0.0,0.0,0.0,0.0,none,False
2024-10-20 01:00:00,2024-10-20,1,21.8,59,20.4,0.0,0.0,16.4,0.0,0.0,0.0,0.0,none,False
2024-10-20 02:00:00,2024-10-20,2,21.1,61,19.9,0.0,0.0,15.7,0.0,0.0,0.0,0.0,none,False
2024-10-20 03:00:00,2024-10-20,3,20.5,64,19.4,0.0,0.0,15.6,0.0,0.0,0.0,0.0,none,False
2024-10-20 04:00:00,2024-10-20,4,20.5,66,19.2,0.0,0.0,17.3,0.0,0.0,0.0,0.0,none,False
2024-10-20 05:00:00,2024-10-20,5,20.1,68,19.0,0.0,0.0,16.2,0.0,0.0,0.0,0.0,none,False
2024-10-20 06:00:00,2024-10-20,6,19.6,70,18.6,0.0,0.0,15.8,0.0,0.0,0.0,0.0,none,False
2024-10-20 07:00:00,2024-10-20,7,19.2,71,18.1,0.0,0.0,16.2,0.0,0.0,0.0,0.0,none,True
2024-10-20 08:00:00,2024-10-20,8,20.0,69,18.9,0.0,0.0,16.7,0.0,0.0,0.0,0.0,none,True
2024-10-20 09:00:00,2024-10-20,9,22.0,61,20.6,0.0,0.0,19.2,0.0,0.0,0.0,0.0,none,True
2024-10-20 10:00:00,2024-10-20,10,24.2,53,21.8,0.0,0.0,25.4,0.0,0.0,0.0,0.0,none,False
2024-10-20 11:00:00,2024-10-20,11,25.9,46,23.1,0.0,0.0,27.9,0.0,0.0,0.0,0.0,none,False
2024-10-20 12:00:00,2024-10-20,12,27.3,42,25.0,0.0,0.0,27.5,0.0,0.0,0.0,0.0,none,False
2024-10-20 13:00:00,2024-10-20,13,28.5,38,26.5,0.0,0.0,25.7,0.0,0.0,0.0,0.0,none,False
2024-10-20 14:00:00,2024-10-20,14,29.4,35,27.2,0.0,0.0,25.1,0.0,0.0,0.0,0.0,none,False
2024-10-20 15:00:00,2024-10-20,15,29.9,33,27.3,0.0,0.0,24.7,0.0,0.0,0.0,0.0,none,False
2024-10-20 16:00:00,2024-10-20,16,29.0,36,26.2,0.0,0.0,24.8,0.0,0.0,0.0,0.0,none,True
2024-10-20 17:00:00,2024-10-20,17,28.1,36,25.1,0.0,0.0,24.8,0.0,0.0,0.0,0.0,none,True
2024-10-20 18:00:00,2024-10-20,18,26.8,40,23.9,0.0,0.0,24.3,0.0,0.0,0.0,0.0,none,True
2024-10-20 19:00:00,2024-10-20,19,25.4,45,22.7,0.0,0.0,24.4,0.0,0.0,0.0,0.0,none,False
2024-10-20 20:00:00,2024-10-20,20,24.2,51,21.6,0.0,0.0,25.3,0.0,0.0,0.0,0.0,none,False
2024-10-20 21:00:00,2024-10-20,21,23.0,58,21.0,0.0,0.0,23.9,0.0,0.0,0.0,0.0,none,False
2024-10-20 22:00:00,2024-10-20,22,22.2,63,20.8,0.0,0.0,20.8,0.0,0.0,0.0,0.0,none,False
2024-10-20 23:00:00,2024-10-20,23,21.6,67,20.5,0.0,0.0,19.7,0.0,0.0,0.0,0.0,none,False
2024-10-21 00:00:00,2024-10-21,0,21.1,70,20.2,0.0,0.0,18.8,0.0,0.0,0.0,0.0,none,False
2024-10-21 01:00:00,2024-10-21,1,20.8,72,20.1,0.0,0.0,18.2,0.0,0.0,0.0,0.0,none,False
2024-10-21 02:00:00,2024-10-21,2,20.4,75,19.8,0.0,0.0,16.8,0.0,0.0,0.0,0.0,none,False
2024-10-21 03:00:00,2024-10-21,3,19.8,77,19.4,0.0,0.0,15.8,0.0,0.0,0.0,0.0,none,False
2024-10-21 04:00:00,2024-10-21,4,19.6,79,19.3,0.0,0.0,15.4,0.0,0.0,0.0,0.0,none,False
2024-10-21 05:00:00,2024-10-21,5,19.2,79,18.9,0.0,0.0,14.4,0.0,0.0,0.0,0.0,none,False
2024-10-21 06:00:00,2024-10-21,6,19.0,79,18.5,0.0,0.0,14.9,0.0,0.0,0.0,0.0,none,False
2024-10-21 07:00:00,2024-10-21,7,18.9,79,18.4,0.0,0.0,15.2,0.0,0.0,0.0,0.0,none,True
2024-10-21 08:00:00,2024-10-21,8,20.0,74,19.3,0.0,0.0,16.9,0.0,0.0,0.0,0.0,none,True
2024-10-21 09:00:00,2024-10-21,9,22.3,65,21.4,0.0,0.0,18.4,0.0,0.0,0.0,0.0,none,True
2024-10-21 10:00:00,2024-10-21,10,24.5,57,22.7,0.0,0.0,24.3,0.0,0.0,0.0,0.0,none,False
2024-10-21 11:00:00,2024-10-21,11,26.1,48,23.7,0.0,0.0,25.9,0.0,0.0,0.0,0.0,none,False
2024-10-21 12:00:00,2024-10-21,12,27.6,42,25.7,0.0,0.0,24.3,0.0,0.0,0.0,0.0,none,False
2024-10-21 13:00:00,2024-10-21,13,29.0,37,27.3,0.0,0.0,23.1,0.0,0.0,0.0,0.0,none,False
2024-10-21 14:00:00,2024-10-21,14,29.9,34,28.0,0.0,0.0,22.5,0.0,0.0,0.0,0.0,none,False
2024-10-21 15:00:00,2024-10-21,15,30.2,32,27.7,0.0,0.0,22.2,0.0,0.0,0.0,0.0,none,False
2024-10-21 16:00:00,2024-10-21,16,29.5,34,26.7,0.0,0.0,23.3,0.0,0.0,0.0,0.0,none,True
2024-10-21 17:00:00,2024-10-21,17,28.8,30,25.1,0.0,0.0,24.2,0.0,0.0,0.0,0.0,none,True
2024-10-21 18:00:00,2024-10-21,18,27.3,34,23.7,0.0,0.0,24.2,0.0,0.0,0.0,0.0,none,True
2024-10-21 19:00:00,2024-10-21,19,25.6,39,22.2,0.0,0.0,25.2,0.0,0.0,0.0,0.0,none,False
2024-10-21 20:00:00,2024-10-21,20,24.3,43,20.9,0.0,0.0,25.0,0.0,0.0,0.0,0.0,none,False
2024-10-21 21:00:00,2024-10-21,21,23.1,48,20.2,0.0,0.0,22.8,0.0,0.0,0.0,0.0,none,False
2024-10-21 22:00:00,2024-10-21,22,22.1,52,19.9,0.0,0.0,19.4,0.0,0.0,0.0,0.0,none,False
2024-10-21 23:00:00,2024-10-21,23,21.6,56,19.9,0.0,0.0,16.9,0.0,0.0,0.0,0.0,none,False
2024-10-22 00:00:00,2024-10-22,0,21.0,61,19.8,0.0,0.0,14.2,0.0,0.0,0.0,0.0,none,False
2024-10-22 01:00:00,2024-10-22,1,20.2,64,19.6,0.0,0.0,11.9,0.0,0.0,0.0,0.0,none,False
2024-10-22 02:00:00,2024-10-22,2,19.6,68,19.1,0.0,0.0,11.5,0.0,0.0,0.0,0.0,none,False
2024-10-22 03:00:00,2024-10-22,3,19.0,72,18.5,0.0,0.0,12.2,0.0,0.0,0.0,0.0,none,False
2024-10-22 04:00:00,2024-10-22,4,19.2,68,18.0,0.0,0.0,15.6,0.0,0.0,0.0,0.0,none,False
2024-10-22 05:00:00,2024-10-22,5,19.0,66,17.7,0.0,0.0,15.1,0.0,0.0,0.0,0.0,none,False
2024-10-22 06:00:00,2024-10-22,6,18.5,67,17.3,0.0,0.0,13.7,0.0,0.0,0.0,0.0,none,False
2024-10-22 07:00:00,2024-10-22,7,18.0,69,17.0,0.0,0.0,11.9,0.0,0.0,0.0,0.0,none,True
2024-10-22 08:00:00,2024-10-22,8,18.8,66,17.5,0.0,0.0,13.9,0.0,0.0,0.0,0.0,none,True
2024-10-22 09:00:00,2024-10-22,9,21.1,57,20.0,0.0,0.0,12.7,0.0,0.0,0.0,0.0,none,True
2024-10-22 10:00:00,2024-10-22,10,23.6,48,21.2,0.0,0.0,21.2,0.0,0.0,0.0,0.0,none,False
2024-10-22 11:00:00,2024-10-22,11,25.0,40,21.5,0.0,0.0,25.0,0.0,0.0,0.0,0.0,none,False
2024-10-22 12:00:00,2024-10-22,12,26.4,35,23.3,0.0,0.0,25.3,0.0,0.0,0.0,0.0,none,False
2024-10-22 13:00:00,2024-10-22,13,27.6,30,24.5,0.0,0.0,25.5,0.0,0.0,0.0,0.0,none,False
2024-10-22 14:00:00,2024-10-22,14,28.0,30,24.5,0.0,0.0,26.7,0.0,0.0,0.0,0.0,none,False
2024-10-22 15:00:00,2024-10-22,15,28.1,30,24.4,0.0,0.0,25.8,0.0,0.0,0.0,0.0,none,False
2024-10-22 16:00:00,2024-10-22,16,27.4,31,23.4,0.0,0.0,25.8,0.0,0.0,0.0,0.0,none,True
2024-10-22 17:00:00,2024-10-22,17,26.4,33,22.1,0.0,0.0,27.3,0.0,0.0,0.0,0.0,none,True
2024-10-22 18:00:00,2024-10-22,18,25.1,37,21.4,0.0,0.0,25.1,0.0,0.0,0.0,0.0,none,True
2024-10-22 19:00:00,2024-10-22,19,24.4,39,21.2,0.0,0.0,20.9,0.0,0.0,0.0,0.0,none,False
2024-10-22 20:00:00,2024-10-22,20,23.0,44,19.4,0.0,0.0,24.9,0.0,0.0,0.0,0.0,none,False
2024-10-22 21:00:00,2024-10-22,21,22.5,42,18.9,0.0,0.0,22.8,0.0,0.0,0.0,0.0,none,False
2024-10-22 22:00:00,2024-10-22,22,21.8,47,18.5,0.0,0.0,22.8,0.0,0.0,0.0,0.0,none,False
2024-10-22 23:00:00,2024-10-22,23,21.1,53,18.3,0.0,0.0,21.5,0.0,0.0,0.0,0.0,none,False
2024-10-23 00:00:00,2024-10-23,0,20.7,56,18.3,0.0,0.0,19.9,0.0,0.0,0.0,0.0,none,False
2024-10-23 01:00:00,2024-10-23,1,20.2,56,18.0,0.0,0.0,17.3,0.0,0.0,0.0,0.0,none,False
2024-10-23 02:00:00,2024-10-23,2,19.6,57,17.6,0.0,0.0,15.8,0.0,0.0,0.0,0.0,none,False
2024-10-23 03:00:00,2024-10-23,3,19.4,58,17.5,0.0,0.0,14.8,0.0,0.0,0.0,0.0,none,False
2024-10-23 04:00:00,2024-10-23,4,19.2,54,16.1,0.0,0.0,20.9,0.0,0.0,0.0,0.0,none,False
2024-10-23 05:00:00,2024-10-23,5,19.1,53,16.0,0.0,0.0,20.7,0.0,0.0,0.0,0.0,none,False
2024-10-23 06:00:00,2024-10-23,6,18.8,54,15.9,0.0,0.0,18.7,0.0,0.0,0.0,0.0,none,False
2024-10-23 07:00:00,2024-10-23,7,18.1,56,15.7,0.0,0.0,15.2,0.0,0.0,0.0,0.0,none,True
2024-10-23 08:00:00,2024-10-23,8,18.8,54,16.3,0.0,0.0,15.6,0.0,0.0,0.0,0.0,none,True
2024-10-23 09:00:00,2024-10-23,9,20.8,48,18.4,0.0,0.0,15.5,0.0,0.0,0.0,0.0,none,True
2024-10-23 10:00:00,2024-10-23,10,23.2,42,19.9,0.0,0.0,21.7,0.0,0.0,0.0,0.0,none,False
2024-10-23 11:00:00,2024-10-23,11,25.0,36,21.2,0.0,0.0,26.0,0.0,0.0,0.0,0.0,none,False
2024-10-23 12:00:00,2024-10-23,12,26.8,30,23.1,0.0,0.0,26.2,0.0,0.0,0.0,0.0,none,False
2024-10-23 13:00:00,2024-10-23,13,27.6,28,23.6,0.0,0.0,28.9,0.0,0.0,0.0,0.0,none,False
2024-10-23 14:00:00,2024-10-23,14,27.8,26,23.2,0.0,0.0,30.5,0.0,0.0,0.0,0.0,none,False
2024-10-23 15:00:00,2024-10-23,15,27.6,21,22.0,0.0,0.0,29.9,0.0,0.0,0.0,0.0,none,False
2024-10-23 16:00:00,2024-10-23,16,26.6,21,20.8,0.0,0.0,28.8,0.0,0.0,0.0,0.0,none,True
2024-10-23 17:00:00,2024-10-23,17,25.9,24,20.5,0.0,0.0,27.2,0.0,0.0,0.0,0.0,none,True
2024-10-23 18:00:00,2024-10-23,18,24.6,29,19.8,0.0,0.0,24.9,0.0,0.0,0.0,0.0,none,True
2024-10-23 19:00:00,2024-10-23,19,23.4,32,18.7,0.0,0.0,24.9,0.0,0.0,0.0,0.0,none,False
2024-10-23 20:00:00,2024-10-23,20,22.2,36,17.2,0.0,0.0,28.3,0.0,0.0,0.0,0.0,none,False
2024-10-23 21:00:00,2024-10-23,21,21.5,42,17.7,0.0,0.0,23.0,0.0,0.0,0.0,0.0,none,False
2024-10-23 22:00:00,2024-10-23,22,20.8,46,17.6,0.0,0.0,19.4,0.0,0.0,0.0,0.0,none,False
2024-10-23 23:00:00,2024-10-23,23,20.1,49,17.2,0.0,0.0,18.3,0.0,0.0,0.0,0.0,none,False
2024-10-24 00:00:00,2024-10-24,0,19.7,51,16.9,0.0,0.0,18.0,0.0,0.0,0.0,0.0,none,False
2024-10-24 01:00:00,2024-10-24,1,19.0,53,16.5,0.0,0.0,16.2,0.0,0.0,0.0,0.0,none,False
2024-10-24 02:00:00,2024-10-24,2,18.4,56,16.1,0.0,0.0,14.3,0.0,0.0,0.0,0.0,none,False
2024-10-24 03:00:00,2024-10-24,3,17.9,58,15.7,0.0,0.0,13.9,0.0,0.0,0.0,0.0,none,False
2024-10-24 04:00:00,2024-10-24,4,17.8,58,15.7,0.0,0.0,12.9,0.0,0.0,0.0,0.0,none,False
2024-10-24 05:00:00,2024-10-24,5,17.4,61,15.4,0.0,0.0,13.0,0.0,0.0,0.0,0.0,none,False
2024-10-24 06:00:00,2024-10-24,6,17.0,62,15.2,0.0,0.0,12.4,0.0,0.0,0.0,0.0,none,False
2024-10-24 07:00:00,2024-10-24,7,16.7,63,14.9,0.0,0.0,11.8,0.0,0.0,0.0,0.0,none,True
2024-10-24 08:00:00,2024-10-24,8,17.8,59,15.5,0.0,0.0,15.4,0.0,0.0,0.0,0.0,none,True
2024-10-24 09:00:00,2024-10-24,9,20.6,50,18.2,0.0,0.0,16.0,0.0,0.0,0.0,0.0,none,True
2024-10-24 10:00:00,2024-10-24,10,23.6,40,20.2,0.0,0.0,22.0,0.0,0.0,0.0,0.0,none,False
2024-10-24 11:00:00,2024-10-24,11,25.5,27,20.4,0.0,0.0,27.9,0.0,0.0,0.0,0.0,none,False
2024-10-24 12:00:00,2024-10-24,12,26.8,19,21.4,0.0,0.0,28.2,0.0,0.0,0.0,0.0,none,False
2024-10-24 13:00:00,2024-10-24,13,27.8,11,21.7,0.0,0.0,28.4,0.0,0.0,0.0,0.0,none,False
2024-10-24 14:00:00,2024-10-24,14,28.0,9,21.8,0.0,0.0,27.7,0.0,0.0,0.0,0.0,none,False
2024-10-24 15:00:00,2024-10-24,15,27.9,9,21.3,0.0,0.0,26.9,0.0,0.0,0.0,0.0,none,False
2024-10-24 16:00:00,2024-10-24,16,27.0,12,20.3,0.0,0.0,27.1,0.0,0.0,0.0,0.0,none,True
2024-10-24 17:00:00,2024-10-24,17,26.1,16,20.0,0.0,0.0,26.4,0.0,0.0,0.0,0.0,none,True
2024-10-24 18:00:00,2024-10-24,18,24.7,21,19.2,0.0,0.0,24.1,0.0,0.0,0.0,0.0,none,True
2024-10-24 19:00:00,2024-10-24,19,23.4,23,18.0,0.0,0.0,23.9,0.0,0.0,0.0,0.0,none,False
2024-10-24 20:00:00,2024-10-24,20,22.2,28,17.3,0.0,0.0,22.7,0.0,0.0,0.0,0.0,none,False
2024-10-24 21:00:00,2024-10-24,21,21.1,35,17.0,0.0,0.0,19.8,0.0,0.0,0.0,0.0,none,False
2024-10-24 22:00:00,2024-10-24,22,20.1,41,16.7,0.0,0.0,17.0,0.0,0.0,0.0,0.0,none,False
2024-10-24 23:00:00,2024-10-24,23,19.3,47,16.6,0.0,0.0,14.6,0.0,0.0,0.0,0.0,none,False
2024-10-25 00:00:00,2024-10-25,0,18.4,52,16.2,0.0,0.0,11.9,0.0,0.0,0.0,0.0,none,False
2024-10-25 01:00:00,2024-10-25,1,17.6,56,15.7,0.0,0.0,10.6,0.0,0.0,0.0,0.0,none,False
2024-10-25 02:00:00,2024-10-25,2,17.0,60,15.2,0.0,0.0,10.4,0.0,0.0,0.0,0.0,none,False
2024-10-25 03:00:00,2024-10-25,3,16.5,62,14.8,0.0,0.0,10.7,0.0,0.0,0.0,0.0,none,False
2024-10-25 04:00:00,2024-10-25,4,16.5,64,14.9,0.0,0.0,11.0,0.0,0.0,0.0,0.0,none,False
2024-10-25 05:00:00,2024-10-25,5,16.4,64,14.6,0.0,0.0,11.5,0.0,0.0,0.0,0.0,none,False
2024-10-25 06:00:00,2024-10-25,6,16.3,65,14.7,0.0,0.0,11.0,0.0,0.0,0.0,0.0,none,False
2024-10-25 07:00:00,2024-10-25,7,16.2,66,14.6,0.0,0.0,11.0,0.0,0.0,0.0,0.0,none,True
2024-10-25 08:00:00,2024-10-25,8,17.5,63,15.6,0.0,0.0,13.4,0.0,0.0,0.0,0.0,none,True
2024-10-25 09:00:00,2024-10-25,9,20.2,55,18.6,0.0,0.0,13.1,0.0,0.0,0.0,0.0,none,True
2024-10-25 10:00:00,2024-10-25,10,23.0,48,20.9,0.0,0.0,17.4,0.0,0.0,0.0,0.0,none,False
2024-10-25 11:00:00,2024-10-25,11,25.3,37,22.0,0.0,0.0,23.1,0.0,0.0,0.0,0.0,none,False
2024-10-25 12:00:00,2024-10-25,12,27.1,26,23.3,0.0,0.0,24.3,0.0,0.0,0.0,0.0,none,False
2024-10-25 13:00:00,2024-10-25,13,28.5,20,24.5,0.0,0.0,23.0,0.0,0.0,0.0,0.0,none,False
2024-10-25 14:00:00,2024-10-25,14,29.5,17,25.2,0.0,0.0,22.1,0.0,0.0,0.0,0.0,none,False
2024-10-25 15:00:00,2024-10-25,15,30.0,15,25.2,0.0,0.0,21.3,0.0,0.0,0.0,0.0,none,False
2024-10-25 16:00:00,2024-10-25,16,29.0,19,24.4,0.0,0.0,20.8,0.0,0.0,0.0,0.0,none,True
2024-10-25 17:00:00,2024-10-25,17,27.9,21,23.0,0.0,0.0,23.3,0.0,0.0,0.0,0.0,none,True
2024-10-25 18:00:00,2024-10-25,18,26.1,24,21.5,0.0,0.0,22.2,0.0,0.0,0.0,0.0,none,True
2024-10-25 19:00:00,2024-10-25,19,24.5,29,20.0,0.0,0.0,22.2,0.0,0.0,0.0,0.0,none,False
2024-10-25 20:00:00,2024-10-25,20,23.1,35,19.3,0.0,0.0,21.0,0.0,0.0,0.0,0.0,none,False
2024-10-25 21:00:00,2024-10-25,21,22.0,43,19.2,0.0,0.0,17.4,0.0,0.0,0.0,0.0,none,False
2024-10-25 22:00:00,2024-10-25,22,20.9,50,18.8,0.0,0.0,14.2,0.0,0.0,0.0,0.0,none,False
2024-10-25 23:00:00,2024-10-25,23,19.8,56,18.2,0.0,0.0,12.5,0.0,0.0,0.0,0.0,none,False
2024-10-26 00:00:00,2024-10-26,0,18.9,62,17.6,0.0,0.0,11.5,0.0,0.0,0.0,0.0,none,False
2024-10-26 01:00:00,2024-10-26,1,18.1,66,17.2,0.0,0.0,9.9,0.0,0.0,0.0,0.0,none,False
2024-10-26 02:00:00,2024-10-26,2,17.5,69,16.7,0.0,0.0,8.6,0.0,0.0,0.0,0.0,none,False
2024-10-26 03:00:00,2024-10-26,3,16.9,72,16.3,0.0,0.0,8.3,0.0,0.0,0.0,0.0,none,False
2024-10-26 04:00:00,2024-10-26,4,16.5,71,15.9,0.0,0.0,7.1,0.0,0.0,0.0,0.0,none,False
2024-10-26 05:00:00,2024-10-26,5,16.2,72,15.5,0.0,0.0,6.7,0.0,0.0,0.0,0.0,none,False
2024-10-26 06:00:00,2024-10-26,6,15.9,71,15.2,0.0,0.0,6.7,0.0,0.0,0.0,0.0,none,False
2024-10-26 07:00:00,2024-10-26,7,15.9,72,15.2,0.0,0.0,6.7,0.0,0.0,0.0,0.0,none,True
2024-10-26 08:00:00,2024-10-26,8,17.4,70,16.5,0.0,0.0,9.6,0.0,0.0,0.0,0.0,none,True
2024-10-26 09:00:00,2024-10-26,9,19.9,65,19.4,0.0,0.0,10.0,0.0,0.0,0.0,0.0,none,True
2024-10-26 10:00:00,2024-10-26,10,22.9,58,22.3,0.0,0.0,13.0,0.0,0.0,0.0,0.0,none,False
2024-10-26 11:00:00,2024-10-26,11,25.0,48,23.7,0.0,0.0,17.6,0.0,0.0,0.0,0.0,none,False
2024-10-26 12:00:00,2024-10-26,12,26.7,38,25.5,0.0,0.0,16.3,0.0,0.0,0.0,0.0,none,False
2024-10-26 13:00:00,2024-10-26,13,28.0,32,26.6,0.0,0.0,15.6,0.0,0.0,0.0,0.0,none,False
2024-10-26 14:00:00,2024-10-26,14,28.9,28,27.2,0.0,0.0,14.6,0.0,0.0,0.0,0.0,none,False
2024-10-26 15:00:00,2024-10-26,15,29.4,25,26.9,0.0,0.0,14.8,0.0,0.0,0.0,0.0,none,False
2024-10-26 16:00:00,2024-10-26,16,28.5,27,25.4,0.0,0.0,17.4,0.0,0.0,0.0,0.0,none,True
2024-10-26 17:00:00,2024-10-26,17,27.9,31,25.0,0.0,0.0,18.4,0.0,0.0,0.0,0.0,none,True
2024-10-26 18:00:00,2024-10-26,18,26.4,36,23.6,0.0,0.0,19.3,0.0,0.0,0.0,0.0,none,True
2024-10-26 19:00:00,2024-10-26,19,25.0,39,22.0,0.0,0.0,20.2,0.0,0.0,0.0,0.0,none,False
2024-10-26 20:00:00,2024-10-26,20,23.8,42,20.8,0.0,0.0,20.3,0.0,0.0,0.0,0.0,none,False
2024-10-26 21:00:00,2024-10-26,21,22.6,46,20.0,0.0,0.0,19.1,0.0,0.0,0.0,0.0,none,False
2024-10-26 22:00:00,2024-10-26,22,21.6,51,19.3,0.0,0.0,17.5,0.0,0.0,0.0,0.0,none,False
2024-10-26 23:00:00,2024-10-26,23,20.8,57,19.4,0.0,0.0,13.6,0.0,0.0,0.0,0.0,none,False
2024-10-27 00:00:00,2024-10-27,0,20.0,61,19.2,0.0,0.0,10.2,0.0,0.0,0.0,0.0,none,False
2024-10-27 01:00:00,2024-10-27,1,19.3,64,18.6,0.0,0.0,10.2,0.0,0.0,0.0,0.0,none,False
2024-10-27 02:00:00,2024-10-27,2,18.8,67,18.2,0.0,0.0,9.2,0.0,0.0,0.0,0.0,none,False
2024-10-27 03:00:00,2024-10-27,3,18.2,71,17.9,0.0,0.0,8.2,0.0,0.0,0.0,0.0,none,False
2024-10-27 04:00:00,2024-10-27,4,17.6,76,17.4,0.0,0.0,8.8,0.0,0.0,0.0,0.0,none,False
2024-10-27 05:00:00,2024-10-27,5,17.0,81,17.0,0.0,0.0,8.2,0.0,0.0,0.0,0.0,none,False
2024-10-27 06:00:00,2024-10-27,6,16.5,84,16.7,0.0,0.0,7.6,0.0,0.0,0.0,0.0,none,False
2024-10-27 07:00:00,2024-10-27,7,16.1,87,16.4,0.0,0.0,7.4,0.0,0.0,0.0,0.0,none,True
2024-10-27 08:00:00,2024-10-27,8,17.2,82,17.1,0.0,0.0,10.7,0.0,0.0,0.0,0.0,none,True
2024-10-27 09:00:00,2024-10-27,9,20.0,69,20.0,0.0,0.0,9.8,0.0,0.0,0.0,0.0,none,True
2024-10-27 10:00:00,2024-10-27,10,23.0,57,22.4,0.0,0.0,13.3,0.0,0.0,0.0,0.0,none,False
2024-10-27 11:00:00,2024-10-27,11,25.6,44,23.6,0.0,0.0,20.8,0.0,0.0,0.0,0.0,none,False
2024-10-27 12:00:00,2024-10-27,12,27.6,35,25.5,0.0,0.0,20.4,0.0,0.0,0.0,0.0,none,False
2024-10-27 13:00:00,2024-10-27,13,29.3,26,26.6,0.0,0.0,20.7,0.0,0.0,0.0,0.0,none,False
2024-10-27 14:00:00,2024-10-27,14,30.3,23,27.2,0.0,0.0,20.7,0.0,0.0,0.0,0.0,none,False
2024-10-27 15:00:00,2024-10-27,15,30.8,21,27.1,0.0,0.0,20.5,0.0,0.0,0.0,0.0,none,False
2024-10-27 16:00:00,2024-10-27,16,29.9,21,25.6,0.0,0.0,21.8,0.0,0.0,0.0,0.0,none,True
2024-10-27 17:00:00,2024-10-27,17,29.0,23,24.8,0.0,0.0,22.5,0.0,0.0,0.0,0.0,none,True
2024-10-27 18:00:00,2024-10-27,18,27.5,27,23.8,0.0,0.0,19.7,0.0,0.0,0.0,0.0,none,True
2024-10-27 19:00:00,2024-10-27,19,26.0,31,22.7,0.0,0.0,18.5,0.0,0.0,0.0,0.0,none,False
2024-10-27 20:00:00,2024-10-27,20,24.5,37,21.5,0.0,0.0,18.7,0.0,0.0,0.0,0.0,none,False
2024-10-27 21:00:00,2024-10-27,21,23.1,44,20.7,0.0,0.0,17.3,0.0,0.0,0.0,0.0,none,False
2024-10-27 22:00:00,2024-10-27,22,21.9,54,20.4,0.0,0.0,14.3,0.0,0.0,0.0,0.0,none,False
2024-10-27 23:00:00,2024-10-27,23,20.8,62,20.1,0.0,0.0,11.7,0.0,0.0,0.0,0.0,none,False
2024-10-28 00:00:00,2024-10-28,0,20.0,70,19.8,0.0,0.0,10.8,0.0,0.0,0.0,0.0,none,False
2024-10-28 01:00:00,2024-10-28,1,19.1,77,19.3,0.0,0.0,10.3,0.0,0.0,0.0,0.0,none,False
2024-10-28 02:00:00,2024-10-28,2,18.4,82,18.8,0.0,0.0,9.9,0.0,0.0,0.0,0.0,none,False
2024-10-28 03:00:00,2024-10-28,3,17.8,87,18.3,0.0,0.0,9.3,0.0,0.0,0.0,0.0,none,False
2024-10-28 04:00:00,2024-10-28,4,17.4,91,18.1,0.0,0.0,9.2,0.0,0.0,0.0,0.0,none,False
2024-10-28 05:00:00,2024-10-28,5,16.9,94,17.6,0.0,0.0,8.6,0.0,0.0,0.0,0.0,none,False
2024-10-28 06:00:00,2024-10-28,6,16.5,94,17.2,0.0,0.0,8.4,0.0,0.0,0.0,0.0,none,False
2024-10-28 07:00:00,2024-10-28,7,16.2,94,16.7,0.0,0.0,8.2,0.0,0.0,0.0,0.0,none,True
2024-10-28 08:00:00,2024-10-28,8,17.0,89,17.2,0.0,0.0,11.1,0.0,0.0,0.0,0.0,none,True
2024-10-28 09:00:00,2024-10-28,9,19.6,75,19.8,0.0,0.0,10.6,0.0,0.0,0.0,0.0,none,True
2024-10-28 10:00:00,2024-10-28,10,22.8,60,22.2,0.0,0.0,13.8,0.0,0.0,0.0,0.0,none,False
2024-10-28 11:00:00,2024-10-28,11,25.5,47,23.8,0.0,0.0,19.8,0.0,0.0,0.0,0.0,none,False
2024-10-28 12:00:00,2024-10-28,12,27.5,36,25.8,0.0,0.0,19.2,0.0,0.0,0.0,0.0,none,False
2024-10-28 13:00:00,2024-10-28,13,29.0,30,27.1,0.0,0.0,18.5,0.0,0.0,0.0,0.0,none,False
2024-10-28 14:00:00,2024-10-28,14,30.0,26,27.8,0.0,0.0,17.7,0.0,0.0,0.0,0.0,none,False
2024-10-28 15:00:00,2024-10-28,15,30.5,25,27.8,0.0,0.0,17.2,0.0,0.0,0.0,0.0,none,False
2024-10-28 16:00:00,2024-10-28,16,29.8,25,26.5,0.0,0.0,18.3,0.0,0.0,0.0,0.0,none,True
2024-10-28 17:00:00,2024-10-28,17,29.0,27,25.8,0.0,0.0,18.9,0.0,0.0,0.0,0.0,none,True
2024-10-28 18:00:00,2024-10-28,18,27.5,30,24.5,0.0,0.0,17.4,0.0,0.0,0.0,0.0,none,True
2024-10-28 19:00:00,2024-10-28,19,26.0,32,22.6,0.0,0.0,19.1,0.0,0.0,0.0,0.0,none,False
2024-10-28 20:00:00,2024-10-28,20,24.5,36,21.0,0.0,0.0,20.7,0.0,0.0,0.0,0.0,none,False
2024-10-28 21:00:00,2024-10-28,21,23.1,40,19.9,0.0,0.0,19.9,0.0,0.0,0.0,0.0,none,False
2024-10-28 22:00:00,2024-10-28,22,21.9,46,19.2,0.0,0.0,17.7,0.0,0.0,0.0,0.0,none,False
2024-10-28 23:00:00,2024-10-28,23,20.9,52,18.8,0.0,0.0,15.0,0.0,0.0,0.0,0.0,none,False
2024-10-29 00:00:00,2024-10-29,0,19.9,57,18.4,0.0,0.0,12.4,0.0,0.0,0.0,0.0,none,False
2024-10-29 01:00:00,2024-10-29,1,18.9,64,17.9,0.0,0.0,10.4,0.0,0.0,0.0,0.0,none,False
2024-10-29 02:00:00,2024-10-29,2,18.1,72,17.6,0.0,0.0,10.1,0.0,0.0,0.0,0.0,none,False
2024-10-29 03:00:00,2024-10-29,3,17.7,79,17.6,0.0,0.0,9.5,0.0,0.0,0.0,0.0,none,False
2024-10-29 04:00:00,2024-10-29,4,17.2,79,17.0,0.0,0.0,9.5,0.0,0.0,0.0,0.0,none,False
2024-10-29 05:00:00,2024-10-29,5,16.7,83,16.8,0.0,0.0,7.7,0.0,0.0,0.0,0.0,none,False
2024-10-29 06:00:00,2024-10-29,6,16.2,88,16.7,0.0,0.0,6.6,0.0,0.0,0.0,0.0,none,False
2024-10-29 07:00:00,2024-10-29,7,15.9,91,16.4,0.0,0.0,6.8,0.0,0.0,0.0,0.0,none,True
2024-10-29 08:00:00,2024-10-29,8,17.0,86,17.0,0.0,0.0,10.0,0.0,0.0,0.0,0.0,none,True
2024-10-29 09:00:00,2024-10-29,9,19.2,73,19.2,0.0,0.0,9.6,0.0,0.0,0.0,0.0,none,True
2024-10-29 10:00:00,2024-10-29,10,22.1,59,21.5,0.0,0.0,12.8,0.0,0.0,0.0,0.0,none,False
2024-10-29 11:00:00,2024-10-29,11,24.3,49,22.8,0.0,0.0,17.0,0.0,0.0,0.0,0.0,none,False
2024-10-29 12:00:00,2024-10-29,12,25.8,42,24.6,0.0,0.0,16.0,0.0,0.0,0.0,0.0,none,False
2024-10-29 13:00:00,2024-10-29,13,27.0,36,25.9,0.0,0.0,15.0,0.0,0.0,0.0,0.0,none,False
2024-10-29 14:00:00,2024-10-29,14,27.9,32,26.5,0.0,0.0,13.8,0.0,0.0,0.0,0.0,none,False
2024-10-29 15:00:00,2024-10-29,15,28.4,29,26.3,0.0,0.0,13.9,0.0,0.0,0.0,0.0,none,False
2024-10-29 16:00:00,2024-10-29,16,27.7,33,25.4,0.0,0.0,15.7,0.0,0.0,0.0,0.0,none,True
2024-10-29 17:00:00,2024-10-29,17,27.2,33,24.9,0.0,0.0,15.0,0.0,0.0,0.0,0.0,none,True
2024-10-29 18:00:00,2024-10-29,18,26.4,34,24.5,0.0,0.0,11.7,0.0,0.0,0.0,0.0,none,True
2024-10-29 19:00:00,2024-10-29,19,25.1,36,23.3,0.0,0.0,10.6,0.0,0.0,0.0,0.0,none,False
2024-10-29 20:00:00,2024-10-29,20,23.9,39,21.3,0.0,0.0,16.2,0.0,0.0,0.0,0.0,none,False
2024-10-29 21:00:00,2024-10-29,21,22.5,48,20.1,0.0,0.0,18.4,0.0,0.0,0.0,0.0,none,False
2024-10-29 22:00:00,2024-10-29,22,21.3,53,19.1,0.0,0.0,17.5,0.0,0.0,0.0,0.0,none,False
2024-10-29 23:00:00,2024-10-29,23,20.4,57,18.8,0.0,0.0,14.1,0.0,0.0,0.0,0.0,none,False
2024-10-30 00:00:00,2024-10-30,0,19.5,61,18.5,0.0,0.0,10.8,0.0,0.0,0.0,0.0,none,False
2024-10-30 01:00:00,2024-10-30,1,18.9,65,18.3,0.0,0.0,8.4,0.0,0.0,0.0,0.0,none,False
2024-10-30 02:00:00,2024-10-30,2,18.0,68,17.8,0.0,0.0,6.4,0.0,0.0,0.0,0.0,none,False
2024-10-30 03:00:00,2024-10-30,3,17.2,72,17.2,0.0,0.0,5.1,0.0,0.0,0.0,0.0,none,False
2024-10-30 04:00:00,2024-10-30,4,16.7,75,16.7,0.0,0.0,4.6,0.0,0.0,0.0,0.0,none,False
2024-10-30 05:00:00,2024-10-30,5,16.0,78,15.9,0.0,0.0,5.6,0.0,0.0,0.0,0.0,none,False
2024-10-30 06:00:00,2024-10-30,6,15.4,82,15.1,0.0,0.0,6.8,0.0,0.0,0.0,0.0,none,False
2024-10-30 07:00:00,2024-10-30,7,15.4,81,15.1,0.0,0.0,6.1,0.0,0.0,0.0,0.0,none,True
2024-10-30 08:00:00,2024-10-30,8,16.5,76,16.8,0.0,0.0,3.1,0.0,0.0,0.0,0.0,none,True
2024-10-30 09:00:00,2024-10-30,9,18.4,68,18.7,0.0,0.0,3.5,0.0,0.0,0.0,0.0,none,True
2024-10-30 10:00:00,2024-10-30,10,20.8,60,20.7,0.0,0.0,6.8,0.0,0.0,0.0,0.0,none,False
2024-10-30 11:00:00,2024-10-30,11,22.7,48,21.8,0.0,0.0,9.7,0.0,0.0,0.0,0.0,none,False
2024-10-30 12:00:00,2024-10-30,12,24.0,43,23.5,0.0,0.0,9.4,0.0,0.0,0.0,0.0,none,False
2024-10-30 13:00:00,2024-10-30,13,25.0,39,24.6,0.0,0.0,8.5,0.0,0.0,0.0,0.0,none,False
2024-10-30 14:00:00,2024-10-30,14,26.0,35,25.3,0.0,0.0,8.0,0.0,0.0,0.0,0.0,none,False
2024-10-30 15:00:00,2024-10-30,15,26.5,33,25.2,0.0,0.0,8.2,0.0,0.0,0.0,0.0,none,False
2024-10-30 16:00:00,2024-10-30,16,26.0,35,24.5,0.0,0.0,9.5,0.0,0.0,0.0,0.0,none,True
2024-10-30 17:00:00,2024-10-30,17,25.8,35,24.3,0.0,0.0,8.7,0.0,0.0,0.0,0.0,none,True
2024-10-30 18:00:00,2024-10-30,18,25.3,35,23.8,0.0,0.0,8.0,0.0,0.0,0.0,0.0,none,True
2024-10-30 19:00:00,2024-10-30,19,24.4,38,22.9,0.0,0.0,8.4,0.0,0.0,0.0,0.0,none,False
2024-10-30 20:00:00,2024-10-30,20,23.5,40,21.6,0.0,0.0,10.8,0.0,0.0,0.0,0.0,none,False
2024-10-30 21:00:00,2024-10-30,21,22.4,40,19.4,0.0,0.0,17.1,0.0,0.0,0.0,0.0,none,False
2024-10-30 22:00:00,2024-10-30,22,21.3,50,19.0,0.0,0.0,16.6,0.0,0.0,0.0,0.0,none,False
2024-10-30 23:00:00,2024-10-30,23,20.2,58,18.9,0.0,0.0,12.4,0.0,0.0,0.0,0.0,none,False
2024-10-31 00:00:00,2024-10-31,0,19.2,63,18.7,0.0,0.0,8.1,0.0,0.0,0.0,0.0,none,False
2024-10-31 01:00:00,2024-10-31,1,18.2,68,18.2,0.0,0.0,5.0,0.0,0.0,0.0,0.0,none,False
2024-10-31 02:00:00,2024-10-31,2,17.3,73,17.3,0.0,0.0,5.5,0.0,0.0,0.0,0.0,none,False
2024-10-31 03:00:00,2024-10-31,3,16.9,76,16.9,0.0,0.0,5.5,0.0,0.0,0.0,0.0,none,False
2024-10-31 04:00:00,2024-10-31,4,16.2,82,16.3,0.0,0.0,5.8,0.0,0.0,0.0,0.0,none,False
2024-10-31 05:00:00,2024-10-31,5,15.5,85,15.5,0.0,0.0,6.5,0.0,0.0,0.0,0.0,none,False
2024-10-31 06:00:00,2024-10-31,6,15.1,87,15.2,0.0,0.0,6.0,0.0,0.0,0.0,0.0,none,False
2024-10-31 07:00:00,2024-10-31,7,16.0,83,16.4,0.0,0.0,4.6,0.0,0.0,0.0,0.0,none,True
2024-10-31 08:00:00,2024-10-31,8,15.9,89,16.8,0.0,0.0,2.6,0.0,0.0,0.0,0.0,none,True
2024-10-31 09:00:00,2024-10-31,9,17.8,77,18.8,0.0,0.0,1.0,0.0,0.0,0.0,0.0,none,True
2024-10-31 10:00:00,2024-10-31,10,20.1,67,20.9,0.0,0.0,2.8,0.0,0.0,0.0,0.0,none,False
2024-10-31 11:00:00,2024-10-31,11,22.4,56,22.5,0.0,0.0,6.7,0.0,0.0,0.0,0.0,none,False
2024-10-31 12:00:00,2024-10-31,12,23.9,46,23.8,0.0,0.0,8.5,0.0,0.0,0.0,0.0,none,False
2024-10-31 13:00:00,2024-10-31,13,25.1,39,24.9,0.0,0.0,7.9,0.0,0.0,0.0,0.0,none,False
2024-10-31 14:00:00,2024-10-31,14,26.2,34,25.4,0.0,0.0,7.8,0.0,0.0,0.0,0.0,none,False
2024-10-31 15:00:00,2024-10-31,15,26.8,30,24.9,0.0,0.0,8.8,0.0,0.0,0.0,0.0,none,False
2024-10-31 16:00:00,2024-10-31,16,26.0,37,24.1,0.0,0.0,13.0,0.0,0.0,0.0,0.0,none,True
2024-10-31 17:00:00,2024-10-31,17,25.3,39,23.5,0.0,0.0,13.1,0.0,0.0,0.0,0.0,none,True
2024-10-31 18:00:00,2024-10-31,18,24.8,39,23.0,0.0,0.0,11.7,0.0,0.0,0.0,0.0,none,True
2024-10-31 19:00:00,2024-10-31,19,23.9,41,22.2,0.0,0.0,11.5,0.0,0.0,0.0,0.0,none,False
2024-10-31 20:00:00,2024-10-31,20,23.0,44,21.8,0.0,0.0,8.3,0.0,0.0,0.0,0.0,none,False
2024-10-31 21:00:00,2024-10-31,21,22.2,46,20.9,0.0,0.0,8.9,0.0,0.0,0.0,0.0,none,False
2024-10-31 22:00:00,2024-10-31,22,21.6,46,19.2,0.0,0.0,15.2,0.0,0.0,0.0,0.0,none,False
2024-10-31 23:00:00,2024-10-31,23,20.2,53,18.8,0.0,0.0,10.9,0.0,0.0,0.0,0.0,none,False
2024-11-01 00:00:00,2024-11-01,0,19.2,60,18.7,0.0,0.0,6.6,0.0,0.0,0.0,0.0,none,False
2024-11-01 01:00:00,2024-11-01,1,18.4,67,18.3,0.0,0.0,4.9,0.0,0.0,0.0,0.0,none,False
2024-11-01 02:00:00,2024-11-01,2,17.4,73,17.2,0.0,0.0,6.7,0.0,0.0,0.0,0.0,none,False
2024-11-01 03:00:00,2024-11-01,3,17.7,73,17.9,0.0,0.0,5.2,0.0,0.0,0.0,0.0,none,False
2024-11-01 04:00:00,2024-11-01,4,17.7,79,18.3,0.0,0.0,4.9,0.0,0.0,0.0,0.0,none,False
2024-11-01 05:00:00,2024-11-01,5,16.9,85,17.5,0.0,0.0,5.5,0.0,0.0,0.0,0.0,none,False
2024-11-01 06:00:00,2024-11-01,6,16.8,86,17.5,0.0,0.0,5.2,0.0,0.0,0.0,0.0,none,False
2024-11-01 07:00:00,2024-11-01,7,16.6,88,17.5,0.0,0.0,4.9,0.0,0.0,0.0,0.0,none,True
2024-11-01 08:00:00,2024-11-01,8,16.5,89,17.6,0.0,0.0,3.6,0.0,0.0,0.0,0.0,none,True
2024-11-01 09:00:00,2024-11-01,9,18.5,79,19.6,0.0,0.0,2.9,0.0,0.0,0.0,0.0,none,True
2024-11-01 10:00:00,2024-11-01,10,20.8,67,21.5,0.0,0.0,4.6,0.0,0.0,0.0,0.0,none,False
2024-11-01 11:00:00,2024-11-01,11,22.8,56,23.0,0.0,0.0,6.8,0.0,0.0,0.0,0.0,none,False
2024-11-01 12:00:00,2024-11-01,12,24.4,49,24.4,0.0,0.0,9.3,0.0,0.0,0.0,0.0,none,False
2024-11-01 13:00:00,2024-11-01,13,25.2,44,25.2,0.0,0.0,9.0,0.0,0.0,0.0,0.0,none,False
2024-11-01 14:00:00,2024-11-01,14,25.8,42,25.9,0.0,0.0,6.0,0.0,0.0,0.0,0.0,none,False
2024-11-01 15:00:00,2024-11-01,15,26.2,40,25.9,0.0,0.0,5.5,0.0,0.0,0.0,0.0,none,False
2024-11-01 16:00:00,2024-11-01,16,25.5,41,23.6,0.0,0.0,15.5,0.0,0.0,0.0,0.0,none,True
2024-11-01 17:00:00,2024-11-01,17,24.2,46,23.9,0.0,0.0,6.3,0.0,0.0,0.0,0.0,none,True
2024-11-01 18:00:00,2024-11-01,18,24.0,46,24.0,0.0,0.0,3.4,0.0,0.0,0.0,0.0,none,True
2024-11-01 19:00:00,2024-11-01,19,23.2,49,22.9,0.0,0.0,5.6,0.0,0.0,0.0,0.0,none,False
2024-11-01 20:00:00,2024-11-01,20,22.6,52,22.9,0.0,0.0,3.1,0.0,0.0,0.0,0.0,none,False
2024-11-01 21:00:00,2024-11-01,21,22.0,55,22.3,0.0,0.0,3.7,0.0,0.0,0.0,0.0,none,False
2024-11-01 22:00:00,2024-11-01,22,21.2,57,21.3,0.0,0.0,4.9,0.0,0.0,0.0,0.0,none,False
2024-11-01 23:00:00,2024-11-01,23,20.2,61,20.2,0.0,0.0,6.1,0.0,0.0,0.0,0.0,none,False
2024-11-02 00:00:00,2024-11-02,0,19.0,66,18.4,0.0,0.0,10.1,0.0,0.0,0.0,0.0,none,False
2024-11-02 01:00:00,2024-11-02,1,18.1,71,18.0,0.0,0.0,7.4,0.0,0.0,0.0,0.0,none,False
2024-11-02 02:00:00,2024-11-02,2,17.5,75,17.8,0.0,0.0,5.0,0.0,0.0,0.0,0.0,none,False
2024-11-02 03:00:00,2024-11-02,3,16.8,82,17.0,0.0,0.0,6.3,0.0,0.0,0.0,0.0,none,False
2024-11-02 04:00:00,2024-11-02,4,17.8,76,18.3,0.0,0.0,4.0,0.0,0.0,0.0,0.0,none,False
2024-11-02 05:00:00,2024-11-02,5,17.7,78,18.6,0.0,0.0,2.3,0.0,0.0,0.0,0.0,none,False
2024-11-02 06:00:00,2024-11-02,6,17.5,81,18.4,0.0,0.0,2.9,0.0,0.0,0.0,0.0,none,False
2024-11-02 07:00:00,2024-11-02,7,17.2,83,18.5,0.0,0.0,1.0,0.0,0.0,0.0,0.0,none,True
2024-11-02 08:00:00,2024-11-02,8,17.0,85,18.2,0.0,0.0,1.3,0.0,0.0,0.0,0.0,none,True
2024-11-02 09:00:00,2024-11-02,9,18.4,78,19.7,0.0,0.0,0.9,0.0,0.0,0.0,0.0,none,True
2024-11-02 10:00:00,2024-11-02,10,20.6,65,21.3,0.0,0.0,3.5,0.0,0.0,0.0,0.0,none,False
2024-11-02 11:00:00,2024-11-02,11,22.9,52,22.8,0.0,0.0,5.6,0.0,0.0,0.0,0.0,none,False
2024-11-02 12:00:00,2024-11-02,12,24.6,41,24.4,0.0,0.0,7.1,0.0,0.0,0.0,0.0,none,False
2024-11-02 13:00:00,2024-11-02,13,25.7,36,25.1,0.0,0.0,9.3,0.0,0.0,0.0,0.0,none,False
2024-11-02 14:00:00,2024-11-02,14,26.5,31,25.1,0.0,0.0,11.5,0.0,0.0,0.0,0.0,none,False
2024-11-02 15:00:00,2024-11-02,15,26.8,30,24.4,0.0,0.0,13.2,0.0,0.0,0.0,0.0,none,False
2024-11-02 16:00:00,2024-11-02,16,26.4,28,23.5,0.0,0.0,13.4,0.0,0.0,0.0,0.0,none,True
2024-11-02 17:00:00,2024-11-02,17,25.8,29,22.9,0.0,0.0,13.6,0.0,0.0,0.0,0.0,none,True
2024-11-02 18:00:00,2024-11-02,18,24.8,33,22.1,0.0,0.0,13.3,0.0,0.0,0.0,0.0,none,True
2024-11-02 19:00:00,2024-11-02,19,23.9,35,21.9,0.0,0.0,9.7,0.0,0.0,0.0,0.0,none,False
2024-11-02 20:00:00,2024-11-02,20,23.4,37,22.0,0.0,0.0,5.4,0.0,0.0,0.0,0.0,none,False
2024-11-02 21:00:00,2024-11-02,21,22.5,39,21.1,0.0,0.0,5.2,0.0,0.0,0.0,0.0,none,False
2024-11-02 22:00:00,2024-11-02,22,21.9,40,20.5,0.0,0.0,5.2,0.0,0.0,0.0,0.0,none,False
2024-11-02 23:00:00,2024-11-02,23,20.5,45,19.1,0.0,0.0,6.1,0.0,0.0,0.0,0.0,none,False
2024-11-03 00:00:00,2024-11-03,0,20.2,45,19.2,0.0,0.0,3.4,0.0,0.0,0.0,0.0,none,False
2024-11-03 01:00:00,2024-11-03,1,19.7,48,18.6,0.0,0.0,4.3,0.0,0.0,0.0,0.0,none,False
2024-11-03 02:00:00,2024-11-03,2,19.8,48,18.8,0.0,0.0,3.9,0.0,0.0,0.0,0.0,none,False
2024-11-03 03:00:00,2024-11-03,3,18.0,54,16.8,0.0,0.0,5.7,0.0,0.0,0.0,0.0,none,False
2024-11-03 04:00:00,2024-11-03,4,17.8,57,16.4,0.0,0.0,7.8,0.0,0.0,0.0,0.0,none,False
2024-11-03 05:00:00,2024-11-03,5,17.5,57,16.0,0.0,0.0,8.3,0.0,0.0,0.0,0.0,none,False
2024-11-03 06:00:00,2024-11-03,6,17.2,58,15.4,0.0,0.0,10.4,0.0,0.0,0.0,0.0,none,False
2024-11-03 07:00:00,2024-11-03,7,17.0,59,15.0,0.0,0.0,11.9,0.0,0.0,0.0,0.0,none,True
2024-11-03 08:00:00,2024-11-03,8,17.8,57,15.7,0.0,0.0,12.5,0.0,0.0,0.0,0.0,none,True
2024-11-03 09:00:00,2024-11-03,9,20.3,48,18.3,0.0,0.0,12.0,0.0,0.0,0.0,0.0,none,True
2024-11-03 10:00:00,2024-11-03,10,22.6,41,20.6,0.0,0.0,11.7,0.0,0.0,0.0,0.0,none,False
2024-11-03 11:00:00,2024-11-03,11,24.2,37,22.4,0.0,0.0,9.9,0.0,0.0,0.0,0.0,none,False
2024-11-03 12:00:00,2024-11-03,12,25.4,33,23.7,0.0,0.0,11.4,0.0,0.0,0.0,0.0,none,False
2024-11-03 13:00:00,2024-11-03,13,26.5,30,24.7,0.0,0.0,12.4,0.0,0.0,0.0,0.0,none,False
2024-11-03 14:00:00,2024-11-03,14,27.0,29,24.2,0.0,0.0,14.8,0.0,0.0,0.0,0.0,none,False
2024-11-03 15:00:00,2024-11-03,15,26.9,29,24.0,0.0,0.0,14.4,0.0,0.0,0.0,0.0,none,False
2024-11-03 16:00:00,2024-11-03,16,25.9,34,23.2,0.0,0.0,15.4,0.0,0.0,0.0,0.0,none,True
2024-11-03 17:00:00,2024-11-03,17,25.0,36,22.8,0.0,0.0,12.9,0.0,0.0,0.0,0.0,none,True
2024-11-03 18:00:00,2024-11-03,18,24.3,38,22.9,0.0,0.0,8.0,0.0,0.0,0.0,0.0,none,True
2024-11-03 19:00:00,2024-11-03,19,23.9,39,23.2,0.0,0.0,3.1,0.0,0.0,0.0,0.0,none,False
2024-11-03 20:00:00,2024-11-03,20,22.9,43,21.9,0.0,0.0,5.9,0.0,0.0,0.0,0.0,none,False
2024-11-03 21:00:00,2024-11-03,21,22.1,45,21.0,0.0,0.0,6.7,0.0,0.0,0.0,0.0,none,False
2024-11-03 22:00:00,2024-11-03,22,21.1,49,20.0,0.0,0.0,7.5,0.0,0.0,0.0,0.0,none,False
2024-11-03 23:00:00,2024-11-03,23,20.8,50,19.9,0.0,0.0,6.2,0.0,0.0,0.0,0.0,none,False
2024-11-04 00:00:00,2024-11-04,0,21.0,49,20.5,0.0,0.0,4.1,0.0,0.0,0.0,0.0,none,False
2024-11-04 01:00:00,2024-11-04,1,18.8,58,17.8,0.0,0.0,6.9,0.0,0.0,0.0,0.0,none,False
2024-11-04 02:00:00,2024-11-04,2,18.0,61,17.0,0.0,0.0,7.1,0.0,0.0,0.0,0.0,none,False
2024-11-04 03:00:00,2024-11-04,3,17.2,65,16.2,0.0,0.0,7.7,0.0,0.0,0.0,0.0,none,False
2024-11-04 04:00:00,2024-11-04,4,17.6,63,17.2,0.0,0.0,4.2,0.0,0.0,0.0,0.0,none,False
2024-11-04 05:00:00,2024-11-04,5,17.0,67,16.8,0.0,0.0,3.9,0.0,0.0,0.0,0.0,none,False
2024-11-04 06:00:00,2024-11-04,6,15.9,72,15.9,0.0,0.0,2.5,0.0,0.0,0.0,0.0,none,False
2024-11-04 07:00:00,2024-11-04,7,15.6,73,15.3,0.0,0.0,3.9,0.0,0.0,0.0,0.0,none,True
2024-11-04 08:00:00,2024-11-04,8,17.1,66,16.9,0.0,0.0,2.9,0.0,0.0,0.0,0.0,none,True
2024-11-04 09:00:00,2024-11-04,9,18.9,62,18.8,0.0,0.0,3.5,0.0,0.0,0.0,0.0,none,True
2024-11-04 10:00:00,2024-11-04,10,20.9,60,21.3,0.0,0.0,2.9,0.0,0.0,0.0,0.0,none,False
2024-11-04 11:00:00,2024-11-04,11,22.9,56,23.1,0.0,0.0,6.3,0.0,0.0,0.0,0.0,none,False
2024-11-04 12:00:00,2024-11-04,12,23.9,51,23.1,0.3,0.3,12.1,0.3,0.29999999999999993,0.29999999999999993,0.29999999999999993,light,False
2024-11-04 13:00:00,2024-11-04,13,24.2,51,23.7,0.3,0.3,11.6,0.3,0.5999999999999999,0.5999999999999999,0.5999999999999999,light,False
2024-11-04 14:00:00,2024-11-04,14,25.3,47,25.0,0.0,0.0,10.7,0.0,0.5999999999999999,0.5999999999999999,0.5999999999999999,none,False
2024-11-04 15:00:00,2024-11-04,15,26.0,43,25.2,0.0,0.0,10.2,0.0,0.29999999999999993,0.5999999999999999,0.5999999999999999,none,False
2024-11-04 16:00:00,2024-11-04,16,25.9,44,24.5,0.0,0.0,15.5,0.0,0.0,0.5999999999999999,0.5999999999999999,none,True
2024-11-04 17:00:00,2024-11-04,17,25.5,42,23.4,0.1,0.1,17.3,0.1,0.09999999999999995,0.7,0.7,light,True
2024-11-04 18:00:00,2024-11-04,18,24.8,41,22.7,0.0,0.0,15.9,0.0,0.09999999999999995,0.3999999999999999,0.7,none,True
2024-11-04 19:00:00,2024-11-04,19,23.9,44,21.6,0.0,0.0,16.7,0.0,0.09999999999999995,0.09999999999999995,0.7,none,False
2024-11-04 20:00:00,2024-11-04,20,22.8,46,20.6,0.0,0.0,16.1,0.0,0.0,0.09999999999999995,0.7,none,False
2024-11-04 21:00:00,2024-11-04,21,21.8,47,19.7,0.0,0.0,14.3,0.0,0.0,0.09999999999999995,0.7,none,False
2024-11-04 22:00:00,2024-11-04,22,20.5,54,18.7,0.0,0.0,13.7,0.0,0.0,0.09999999999999995,0.7,none,False
2024-11-04 23:00:00,2024-11-04,23,19.4,64,18.5,0.0,0.0,10.8,0.0,0.0,0.0,0.7,none,False
2024-11-05 00:00:00,2024-11-05,0,18.5,72,18.4,0.0,0.0,7.6,0.0,0.0,0.0,0.7,none,False
2024-11-05 01:00:00,2024-11-05,1,17.6,78,18.1,0.0,0.0,5.3,0.0,0.0,0.0,0.7,none,False
2024-11-05 02:00:00,2024-11-05,2,16.9,83,17.2,0.0,0.0,6.2,0.0,0.0,0.0,0.7,none,False
2024-11-05 03:00:00,2024-11-05,3,16.1,87,16.3,0.0,0.0,7.4,0.0,0.0,0.0,0.7,none,False
2024-11-05 04:00:00,2024-11-05,4,16.4,84,16.8,0.0,0.0,5.1,0.0,0.0,0.0,0.7,none,False
2024-11-05 05:00:00,2024-11-05,5,17.1,79,17.8,0.0,0.0,3.6,0.0,0.0,0.0,0.7,none,False
2024-11-05 06:00:00,2024-11-05,6,17.0,80,17.7,0.0,0.0,2.6,0.0,0.0,0.0,0.7,none,False
2024-11-05 07:00:00,2024-11-05,7,16.8,81,17.6,0.0,0.0,1.9,0.0,0.0,0.0,0.7,none,True
2024-11-05 08:00:00,2024-11-05,8,16.7,81,17.7,0.0,0.0,1.0,0.0,0.0,0.0,0.7,none,True
2024-11-05 09:00:00,2024-11-05,9,18.1,74,18.8,0.0,0.0,2.4,0.0,0.0,0.0,0.7,none,True
2024-11-05 10:00:00,2024-11-05,10,20.1,65,20.6,0.0,0.0,3.9,0.0,0.0,0.0,0.7,none,False
2024-11-05 11:00:00,2024-11-05,11,22.0,56,21.9,0.0,0.0,6.4,0.0,0.0,0.0,0.7,none,False
2024-11-05 12:00:00,2024-11-05,12,23.5,46,23.3,0.0,0.0,8.2,0.0,0.0,0.0,0.3999999999999999,none,False
2024-11-05 13:00:00,2024-11-05,13,24.8,40,24.2,0.0,0.0,9.3,0.0,0.0,0.0,0.09999999999999995,none,False
2024-11-05 14:00:00,2024-11-05,14,25.7,36,24.6,0.0,0.0,9.4,0.0,0.0,0.0,0.09999999999999995,none,False
2024-11-05 15:00:00,2024-11-05,15,26.4,32,24.6,0.0,0.0,8.8,0.0,0.0,0.0,0.09999999999999995,none,False
2024-11-05 16:00:00,2024-11-05,16,26.6,30,24.5,0.0,0.0,9.7,0.0,0.0,0.0,0.09999999999999995,none,True
2024-11-05 17:00:00,2024-11-05,17,26.2,30,23.9,0.0,0.0,11.1,0.0,0.0,0.0,0.0,none,True
2024-11-05 18:00:00,2024-11-05,18,25.3,32,23.1,0.0,0.0,10.3,0.0,0.0,0.0,0.0,none,True
2024-11-05 19:00:00,2024-11-05,19,24.0,36,21.5,0.0,0.0,13.0,0.0,0.0,0.0,0.0,none,False
2024-11-05 20:00:00,2024-11-05,20,22.9,40,20.6,0.0,0.0,12.4,0.0,0.0,0.0,0.0,none,False
2024-11-05 21:00:00,2024-11-05,21,22.0,43,19.0,0.0,0.0,18.3,0.0,0.0,0.0,0.0,none,False
2024-11-05 22:00:00,2024-11-05,22,21.2,50,18.9,0.0,0.0,16.9,0.0,0.0,0.0,0.0,none,False
2024-11-05 23:00:00,2024-11-05,23,20.1,56,18.3,0.0,0.0,14.8,0.0,0.0,0.0,0.0,none,False
2024-11-06 00:00:00,2024-11-06,0,19.2,62,17.9,0.0,0.0,12.7,0.0,0.0,0.0,0.0,none,False
2024-11-06 01:00:00,2024-11-06,1,18.2,68,17.4,0.0,0.0,10.4,0.0,0.0,0.0,0.0,none,False
2024-11-06 02:00:00,2024-11-06,2,17.4,73,16.8,0.0,0.0,8.7,0.0,0.0,0.0,0.0,none,False
2024-11-06 03:00:00,2024-11-06,3,16.5,77,16.2,0.0,0.0,7.7,0.0,0.0,0.0,0.0,none,False
2024-11-06 04:00:00,2024-11-06,4,16.0,80,15.8,0.0,0.0,7.3,0.0,0.0,0.0,0.0,none,False
2024-11-06 05:00:00,2024-11-06,5,15.5,83,15.4,0.0,0.0,6.4,0.0,0.0,0.0,0.0,none,False
2024-11-06 06:00:00,2024-11-06,6,15.1,86,15.0,0.0,0.0,5.9,0.0,0.0,0.0,0.0,none,False
2024-11-06 07:00:00,2024-11-06,7,14.6,89,14.7,0.0,0.0,5.4,0.0,0.0,0.0,0.0,none,True
2024-11-06 08:00:00,2024-11-06,8,15.4,85,15.2,0.0,0.0,7.3,0.0,0.0,0.0,0.0,none,True
2024-11-06 09:00:00,2024-11-06,9,17.4,74,17.3,0.0,0.0,6.6,0.0,0.0,0.0,0.0,none,True
2024-11-06 10:00:00,2024-11-06,10,19.9,64,19.5,0.0,0.0,8.5,0.0,0.0,0.0,0.0,none,False
2024-11-06 11:00:00,2024-11-06,11,22.5,54,21.7,0.0,0.0,11.5,0.0,0.0,0.0,0.0,none,False
2024-11-06 12:00:00,2024-11-06,12,24.5,45,23.5,0.0,0.0,13.8,0.0,0.0,0.0,0.0,none,False
2024-11-06 13:00:00,2024-11-06,13,25.9,40,24.9,0.0,0.0,14.2,0.0,0.0,0.0,0.0,none,False
2024-11-06 14:00:00,2024-11-06,14,27.0,37,26.0,0.0,0.0,12.9,0.0,0.0,0.0,0.0,none,False
2024-11-06 15:00:00,2024-11-06,15,27.9,34,26.1,0.0,0.0,13.0,0.0,0.0,0.0,0.0,none,False
2024-11-06 16:00:00,2024-11-06,16,28.0,32,25.7,0.0,0.0,15.5,0.0,0.0,0.0,0.0,none,True
2024-11-06 17:00:00,2024-11-06,17,27.5,33,25.0,0.0,0.0,17.0,0.0,0.0,0.0,0.0,none,True
2024-11-06 18:00:00,2024-11-06,18,26.4,36,23.8,0.0,0.0,17.4,0.0,0.0,0.0,0.0,none,True
2024-11-06 19:00:00,2024-11-06,19,24.8,46,22.5,0.0,0.0,20.3,0.0,0.0,0.0,0.0,none,False
2024-11-06 20:00:00,2024-11-06,20,23.8,49,21.5,0.0,0.0,21.0,0.0,0.0,0.0,0.0,none,False
2024-11-06 21:00:00,2024-11-06,21,22.3,62,20.6,0.0,0.0,21.8,0.0,0.0,0.0,0.0,none,False
2024-11-06 22:00:00,2024-11-06,22,21.4,70,20.5,0.0,0.0,19.7,0.0,0.0,0.0,0.0,none,False
2024-11-06 23:00:00,2024-11-06,23,20.8,73,20.2,0.0,0.0,17.3,0.0,0.0,0.0,0.0,none,False
2024-11-07 00:00:00,2024-11-07,0,20.1,75,19.9,0.0,0.0,14.8,0.0,0.0,0.0,0.0,none,False
2024-11-07 01:00:00,2024-11-07,1,19.5,78,19.5,0.0,0.0,12.8,0.0,0.0,0.0,0.0,none,False
2024-11-07 02:00:00,2024-11-07,2,18.9,81,19.2,0.0,0.0,11.4,0.0,0.0,0.0,0.0,none,False
2024-11-07 03:00:00,2024-11-07,3,18.4,85,18.9,0.0,0.0,9.9,0.0,0.0,0.0,0.0,none,False
2024-11-07 04:00:00,2024-11-07,4,18.0,87,18.5,0.0,0.0,10.2,0.0,0.0,0.0,0.0,none,False
2024-11-07 05:00:00,2024-11-07,5,17.8,89,18.3,0.0,0.0,10.4,0.0,0.0,0.0,0.0,none,False
2024-11-07 06:00:00,2024-11-07,6,17.5,92,18.0,0.0,0.0,10.7,0.0,0.0,0.0,0.0,none,False
2024-11-07 07:00:00,2024-11-07,7,17.2,92,17.6,0.0,0.0,11.2,0.0,0.0,0.0,0.0,none,True
2024-11-07 08:00:00,2024-11-07,8,17.8,88,17.8,0.0,0.0,13.4,0.0,0.0,0.0,0.0,none,True
2024-11-07 09:00:00,2024-11-07,9,20.1,75,20.0,0.0,0.0,14.2,0.0,0.0,0.0,0.0,none,True
2024-11-07 10:00:00,2024-11-07,10,22.8,64,22.1,0.0,0.0,17.5,0.0,0.0,0.0,0.0,none,False
2024-11-07 11:00:00,2024-11-07,11,25.1,55,23.9,0.0,0.0,20.9,0.0,0.0,0.0,0.0,none,False
2024-11-07 12:00:00,2024-11-07,12,26.7,49,25.8,0.0,0.0,20.5,0.0,0.0,0.0,0.0,none,False
2024-11-07 13:00:00,2024-11-07,13,28.1,44,27.4,0.0,0.0,19.4,0.0,0.0,0.0,0.0,none,False
2024-11-07 14:00:00,2024-11-07,14,28.8,39,27.2,0.0,0.0,20.2,0.0,0.0,0.0,0.0,none,False
2024-11-07 15:00:00,2024-11-07,15,29.3,35,27.1,0.0,0.0,19.9,0.0,0.0,0.0,0.0,none,False
2024-11-07 16:00:00,2024-11-07,16,28.6,38,26.5,0.0,0.0,20.5,0.0,0.0,0.0,0.0,none,True
2024-11-07 17:00:00,2024-11-07,17,27.8,40,25.5,0.0,0.0,21.6,0.0,0.0,0.0,0.0,none,True
2024-11-07 18:00:00,2024-11-07,18,26.3,45,24.3,0.0,0.0,21.3,0.0,0.0,0.0,0.0,none,True
2024-11-07 19:00:00,2024-11-07,19,25.2,49,23.4,0.0,0.0,20.7,0.0,0.0,0.0,0.0,none,False
2024-11-07 20:00:00,2024-11-07,20,24.0,58,22.9,0.0,0.0,20.1,0.0,0.0,0.0,0.0,none,False
2024-11-07 21:00:00,2024-11-07,21,22.9,68,22.4,0.0,0.0,19.0,0.0,0.0,0.0,0.0,none,False
2024-11-07 22:00:00,2024-11-07,22,21.8,78,21.9,0.0,0.0,17.6,0.0,0.0,0.0,0.0,none,False
2024-11-07 23:00:00,2024-11-07,23,21.0,84,21.6,0.0,0.0,15.9,0.0,0.0,0.0,0.0,none,False
2024-11-08 00:00:00,2024-11-08,0,20.5,88,21.3,0.0,0.0,15.2,0.0,0.0,0.0,0.0,none,False
2024-11-08 01:00:00,2024-11-08,1,20.0,91,20.9,0.0,0.0,14.7,0.0,0.0,0.0,0.0,none,False
2024-11-08 02:00:00,2024-11-08,2,20.0,91,20.9,0.0,0.0,14.9,0.0,0.0,0.0,0.0,none,False
2024-11-08 03:00:00,2024-11-08,3,20.4,89,21.2,0.0,0.0,15.3,0.0,0.0,0.0,0.0,none,False
2024-11-08 04:00:00,2024-11-08,4,20.5,88,21.5,0.0,0.0,15.0,0.0,0.0,0.0,0.0,none,False
2024-11-08 05:00:00,2024-11-08,5,20.6,86,21.5,0.0,0.0,14.3,0.0,0.0,0.0,0.0,none,False
2024-11-08 06:00:00,2024-11-08,6,20.6,84,21.4,0.0,0.0,14.3,0.0,0.0,0.0,0.0,none,False
2024-11-08 07:00:00,2024-11-08,7,20.3,85,21.2,0.0,0.0,12.5,0.0,0.0,0.0,0.0,none,True
2024-11-08 08:00:00,2024-11-08,8,19.7,90,20.7,0.0,0.0,13.1,0.0,0.0,0.0,0.0,none,True
2024-11-08 09:00:00,2024-11-08,9,20.7,83,21.6,0.0,0.0,13.1,0.0,0.0,0.0,0.0,none,True
2024-11-08 10:00:00,2024-11-08,10,22.6,71,22.8,0.0,0.0,16.3,0.0,0.0,0.0,0.0,none,False
2024-11-08 11:00:00,2024-11-08,11,24.5,60,24.2,0.0,0.0,16.6,0.0,0.0,0.0,0.0,none,False
2024-11-08 12:00:00,2024-11-08,12,26.1,47,25.3,0.0,0.0,15.9,0.0,0.0,0.0,0.0,none,False
2024-11-08 13:00:00,2024-11-08,13,27.6,38,26.6,0.0,0.0,15.4,0.0,0.0,0.0,0.0,none,False
2024-11-08 14:00:00,2024-11-08,14,28.5,33,27.1,0.0,0.0,14.5,0.0,0.0,0.0,0.0,none,False
2024-11-08 15:00:00,2024-11-08,15,29.0,30,26.9,0.0,0.0,14.1,0.0,0.0,0.0,0.0,none,False
2024-11-08 16:00:00,2024-11-08,16,27.8,35,25.5,0.0,0.0,17.4,0.0,0.0,0.0,0.0,none,True
2024-11-08 17:00:00,2024-11-08,17,27.2,36,24.8,0.0,0.0,17.8,0.0,0.0,0.0,0.0,none,True
2024-11-08 18:00:00,2024-11-08,18,26.0,39,23.5,0.0,0.0,18.4,0.0,0.0,0.0,0.0,none,True
2024-11-08 19:00:00,2024-11-08,19,24.7,44,22.5,0.0,0.0,18.7,0.0,0.0,0.0,0.0,none,False
2024-11-08 20:00:00,2024-11-08,20,23.6,51,21.4,0.0,0.0,21.0,0.0,0.0,0.0,0.0,none,False
2024-11-08 21:00:00,2024-11-08,21,22.4,58,21.0,0.0,0.0,17.8,0.0,0.0,0.0,0.0,none,False
2024-11-08 22:00:00,2024-11-08,22,21.4,65,20.6,0.0,0.0,15.9,0.0,0.0,0.0,0.0,none,False
2024-11-08 23:00:00,2024-11-08,23,20.6,70,20.3,0.0,0.0,13.8,0.0,0.0,0.0,0.0,none,False
2024-11-09 00:00:00,2024-11-09,0,19.8,75,19.9,0.0,0.0,10.9,0.0,0.0,0.0,0.0,none,False
2024-11-09 01:00:00,2024-11-09,1,19.0,78,19.4,0.0,0.0,8.5,0.0,0.0,0.0,0.0,none,False
2024-11-09 02:00:00,2024-11-09,2,18.4,79,18.8,0.0,0.0,7.4,0.0,0.0,0.0,0.0,none,False
2024-11-09 03:00:00,2024-11-09,3,17.7,81,18.3,0.0,0.0,6.0,0.0,0.0,0.0,0.0,none,False
2024-11-09 04:00:00,2024-11-09,4,17.4,84,18.2,0.0,0.0,4.7,0.0,0.0,0.0,0.0,none,False
2024-11-09 05:00:00,2024-11-09,5,17.0,85,17.8,0.0,0.0,4.9,0.0,0.0,0.0,0.0,none,False
2024-11-09 06:00:00,2024-11-09,6,16.6,87,17.4,0.0,0.0,4.9,0.0,0.0,0.0,0.0,none,False
2024-11-09 07:00:00,2024-11-09,7,15.9,91,16.5,0.0,0.0,6.5,0.0,0.0,0.0,0.0,none,True
2024-11-09 08:00:00,2024-11-09,8,17.0,85,17.9,0.0,0.0,3.8,0.0,0.0,0.0,0.0,none,True
2024-11-09 09:00:00,2024-11-09,9,18.5,77,19.2,0.0,0.0,5.4,0.0,0.0,0.0,0.0,none,True
2024-11-09 10:00:00,2024-11-09,10,20.6,69,21.1,0.0,0.0,6.9,0.0,0.0,0.0,0.0,none,False
2024-11-09 11:00:00,2024-11-09,11,22.9,60,22.9,0.0,0.0,9.7,0.0,0.0,0.0,0.0,none,False
2024-11-09 12:00:00,2024-11-09,12,24.6,50,24.6,0.0,0.0,9.9,0.0,0.0,0.0,0.0,none,False
2024-11-09 13:00:00,2024-11-09,13,25.8,43,26.0,0.0,0.0,8.3,0.0,0.0,0.0,0.0,none,False
2024-11-09 14:00:00,2024-11-09,14,26.6,38,26.3,0.0,0.0,7.7,0.0,0.0,0.0,0.0,none,False
2024-11-09 15:00:00,2024-11-09,15,27.0,36,26.1,0.0,0.0,7.6,0.0,0.0,0.0,0.0,none,False
2024-11-09 16:00:00,2024-11-09,16,26.7,35,25.7,0.0,0.0,7.0,0.0,0.0,0.0,0.0,none,True
2024-11-09 17:00:00,2024-11-09,17,26.3,35,25.1,0.0,0.0,7.2,0.0,0.0,0.0,0.0,none,True
2024-11-09 18:00:00,2024-11-09,18,25.5,36,24.0,0.0,0.0,8.5,0.0,0.0,0.0,0.0,none,True
2024-11-09 19:00:00,2024-11-09,19,24.5,37,22.7,0.0,0.0,9.9,0.0,0.0,0.0,0.0,none,False
2024-11-09 20:00:00,2024-11-09,20,23.6,36,21.6,0.0,0.0,10.0,0.0,0.0,0.0,0.0,none,False
2024-11-09 21:00:00,2024-11-09,21,22.4,44,19.4,0.0,0.0,19.2,0.0,0.0,0.0,0.0,none,False
2024-11-09 22:00:00,2024-11-09,22,20.7,65,19.7,0.0,0.0,15.8,0.0,0.0,0.0,0.0,none,False
2024-11-09 23:00:00,2024-11-09,23,20.1,69,19.7,0.0,0.0,12.4,0.0,0.0,0.0,0.0,none,False
2024-11-10 00:00:00,2024-11-10,0,19.2,76,19.4,0.0,0.0,9.5,0.0,0.0,0.0,0.0,none,False
2024-11-10 01:00:00,2024-11-10,1,18.5,80,19.2,0.0,0.0,6.2,0.0,0.0,0.0,0.0,none,False
2024-11-10 02:00:00,2024-11-10,2,17.9,83,18.7,0.0,0.0,6.0,0.0,0.0,0.0,0.0,none,False
2024-11-10 03:00:00,2024-11-10,3,17.2,86,18.1,0.0,0.0,5.4,0.0,0.0,0.0,0.0,none,False
2024-11-10 04:00:00,2024-11-10,4,17.0,87,17.6,0.0,0.0,7.0,0.0,0.0,0.0,0.0,none,False
2024-11-10 05:00:00,2024-11-10,5,17.9,80,18.5,0.0,0.0,5.5,0.0,0.0,0.0,0.0,none,False
2024-11-10 06:00:00,2024-11-10,6,17.8,77,18.4,0.0,0.0,4.1,0.0,0.0,0.0,0.0,none,False
2024-11-10 07:00:00,2024-11-10,7,16.2,84,16.6,0.0,0.0,5.3,0.0,0.0,0.0,0.0,none,True
2024-11-10 08:00:00,2024-11-10,8,16.8,79,16.8,0.0,0.0,6.4,0.0,0.0,0.0,0.0,none,True
2024-11-10 09:00:00,2024-11-10,9,18.1,71,17.6,0.0,0.0,9.4,0.0,0.0,0.0,0.0,none,True
2024-11-10 10:00:00,2024-11-10,10,20.0,63,19.6,0.0,0.0,8.2,0.0,0.0,0.0,0.0,none,False
2024-11-10 11:00:00,2024-11-10,11,21.9,54,21.3,0.0,0.0,8.3,0.0,0.0,0.0,0.0,none,False
2024-11-10 12:00:00,2024-11-10,12,23.0,48,21.7,0.0,0.0,12.4,0.0,0.0,0.0,0.0,none,False
2024-11-10 13:00:00,2024-11-10,13,23.4,46,21.5,0.0,0.0,15.3,0.0,0.0,0.0,0.0,none,False
2024-11-10 14:00:00,2024-11-10,14,24.2,38,21.9,0.0,0.0,15.8,0.0,0.0,0.0,0.0,none,False
2024-11-10 15:00:00,2024-11-10,15,25.0,34,21.9,0.0,0.0,17.5,0.0,0.0,0.0,0.0,none,False
2024-11-10 16:00:00,2024-11-10,16,25.0,34,21.9,0.0,0.0,17.9,0.0,0.0,0.0,0.0,none,True
2024-11-10 17:00:00,2024-11-10,17,24.2,36,21.0,0.0,0.0,18.5,0.0,0.0,0.0,0.0,none,True
2024-11-10 18:00:00,2024-11-10,18,23.0,40,20.3,0.0,0.0,16.0,0.0,0.0,0.0,0.0,none,True
2024-11-10 19:00:00,2024-11-10,19,22.0,43,19.9,0.0,0.0,12.1,0.0,0.0,0.0,0.0,none,False
2024-11-10 20:00:00,2024-11-10,20,21.2,45,19.2,0.0,0.0,11.6,0.0,0.0,0.0,0.0,none,False
2024-11-10 21:00:00,2024-11-10,21,20.4,48,18.7,0.0,0.0,9.6,0.0,0.0,0.0,0.0,none,False
2024-11-10 22:00:00,2024-11-10,22,19.2,53,18.0,0.0,0.0,6.9,0.0,0.0,0.0,0.0,none,False
2024-11-10 23:00:00,2024-11-10,23,18.0,63,17.2,0.0,0.0,7.0,0.0,0.0,0.0,0.0,none,False
2024-11-11 00:00:00,2024-11-11,0,17.1,70,16.4,0.0,0.0,7.9,0.0,0.0,0.0,0.0,none,False
2024-11-11 01:00:00,2024-11-11,1,16.5,75,15.9,0.0,0.0,8.3,0.0,0.0,0.0,0.0,none,False
2024-11-11 02:00:00,2024-11-11,2,16.8,73,16.3,0.0,0.0,6.9,0.0,0.0,0.0,0.0,none,False
2024-11-11 03:00:00,2024-11-11,3,16.3,76,16.0,0.0,0.0,6.4,0.0,0.0,0.0,0.0,none,False
2024-11-11 04:00:00,2024-11-11,4,15.8,77,15.6,0.0,0.0,5.6,0.0,0.0,0.0,0.0,none,False
2024-11-11 05:00:00,2024-11-11,5,15.4,79,15.1,0.0,0.0,5.8,0.0,0.0,0.0,0.0,none,False
2024-11-11 06:00:00,2024-11-11,6,14.3,84,13.8,0.0,0.0,6.7,0.0,0.0,0.0,0.0,none,False
2024-11-11 07:00:00,2024-11-11,7,14.1,85,13.6,0.0,0.0,5.9,0.0,0.0,0.0,0.0,none,True
2024-11-11 08:00:00,2024-11-11,8,15.2,79,15.1,0.0,0.0,4.6,0.0,0.0,0.0,0.0,none,True
2024-11-11 09:00:00,2024-11-11,9,17.2,69,17.0,0.0,0.0,4.7,0.0,0.0,0.0,0.0,none,True
2024-11-11 10:00:00,2024-11-11,10,19.4,60,19.2,0.0,0.0,4.1,0.0,0.0,0.0,0.0,none,False
2024-11-11 11:00:00,2024-11-11,11,21.4,53,21.1,0.0,0.0,4.7,0.0,0.0,0.0,0.0,none,False
2024-11-11 12:00:00,2024-11-11,12,22.9,44,22.5,0.0,0.0,5.8,0.0,0.0,0.0,0.0,none,False
2024-11-11 13:00:00,2024-11-11,13,24.0,39,23.4,0.0,0.0,7.0,0.0,0.0,0.0,0.0,none,False
2024-11-11 14:00:00,2024-11-11,14,24.8,36,23.8,0.0,0.0,8.5,0.0,0.0,0.0,0.0,none,False
2024-11-11 15:00:00,2024-11-11,15,25.0,36,23.2,0.0,0.0,10.2,0.0,0.0,0.0,0.0,none,False
2024-11-11 16:00:00,2024-11-11,16,24.8,34,22.4,0.0,0.0,13.1,0.0,0.0,0.0,0.0,none,True
2024-11-11 17:00:00,2024-11-11,17,24.3,35,22.2,0.0,0.0,10.7,0.0,0.0,0.0,0.0,none,True
2024-11-11 18:00:00,2024-11-11,18,23.5,38,22.4,0.0,0.0,4.4,0.0,0.0,0.0,0.0,none,True
2024-11-11 19:00:00,2024-11-11,19,22.4,43,21.6,0.0,0.0,3.9,0.0,0.0,0.0,0.0,none,False
2024-11-11 20:00:00,2024-11-11,20,22.0,44,21.2,0.0,0.0,4.2,0.0,0.0,0.0,0.0,none,False
2024-11-11 21:00:00,2024-11-11,21,21.6,49,20.1,0.0,0.0,11.2,0.0,0.0,0.0,0.0,none,False
2024-11-11 22:00:00,2024-11-11,22,20.7,56,19.2,0.0,0.0,13.8,0.0,0.0,0.0,0.0,none,False
2024-11-11 23:00:00,2024-11-11,23,19.8,60,18.5,0.0,0.0,12.6,0.0,0.0,0.0,0.0,none,False
2024-11-12 00:00:00,2024-11-12,0,18.8,64,17.9,0.0,0.0,9.4,0.0,0.0,0.0,0.0,none,False
2024-11-12 01:00:00,2024-11-12,1,18.0,68,17.6,0.0,0.0,6.6,0.0,0.0,0.0,0.0,none,False
2024-11-12 02:00:00,2024-11-12,2,17.1,72,17.0,0.0,0.0,5.2,0.0,0.0,0.0,0.0,none,False
2024-11-12 03:00:00,2024-11-12,3,16.4,77,16.2,0.0,0.0,5.6,0.0,0.0,0.0,0.0,none,False
2024-11-12 04:00:00,2024-11-12,4,15.8,80,15.6,0.0,0.0,6.4,0.0,0.0,0.0,0.0,none,False
2024-11-12 05:00:00,2024-11-12,5,15.3,83,15.1,0.0,0.0,6.7,0.0,0.0,0.0,0.0,none,False
2024-11-12 06:00:00,2024-11-12,6,14.8,86,14.6,0.0,0.0,6.7,0.0,0.0,0.0,0.0,none,False
2024-11-12 07:00:00,2024-11-12,7,14.4,88,14.2,0.0,0.0,6.8,0.0,0.0,0.0,0.0,none,True
2024-11-12 08:00:00,2024-11-12,8,15.6,82,15.6,0.0,0.0,4.8,0.0,0.0,0.0,0.0,none,True
2024-11-12 09:00:00,2024-11-12,9,17.6,72,17.5,0.0,0.0,6.3,0.0,0.0,0.0,0.0,none,True
2024-11-12 10:00:00,2024-11-12,10,19.9,63,19.5,0.0,0.0,7.6,0.0,0.0,0.0,0.0,none,False
2024-11-12 11:00:00,2024-11-12,11,22.1,55,21.2,0.0,0.0,12.2,0.0,0.0,0.0,0.0,none,False
2024-11-12 12:00:00,2024-11-12,12,23.9,48,22.7,0.0,0.0,15.0,0.0,0.0,0.0,0.0,none,False
2024-11-12 13:00:00,2024-11-12,13,25.5,41,24.1,0.0,0.0,14.5,0.0,0.0,0.0,0.0,none,False
2024-11-12 14:00:00,2024-11-12,14,26.3,36,24.1,0.0,0.0,16.1,0.0,0.0,0.0,0.0,none,False
2024-11-12 15:00:00,2024-11-12,15,26.1,38,23.7,0.0,0.0,18.1,0.0,0.0,0.0,0.0,none,False
2024-11-12 16:00:00,2024-11-12,16,26.1,37,24.5,0.0,0.0,11.6,0.0,0.0,0.0,0.0,none,True
2024-11-12 17:00:00,2024-11-12,17,25.5,39,23.9,0.0,0.0,11.9,0.0,0.0,0.0,0.0,none,True
2024-11-12 18:00:00,2024-11-12,18,24.9,42,23.5,0.0,0.0,11.5,0.0,0.0,0.0,0.0,none,True
2024-11-12 19:00:00,2024-11-12,19,24.5,44,23.0,0.0,0.0,12.8,0.0,0.0,0.0,0.0,none,False
2024-11-12 20:00:00,2024-11-12,20,22.8,53,21.6,0.0,0.0,14.0,0.0,0.0,0.0,0.0,none,False
2024-11-12 21:00:00,2024-11-12,21,21.5,60,20.5,0.0,0.0,14.2,0.0,0.0,0.0,0.0,none,False
2024-11-12 22:00:00,2024-11-12,22,20.6,66,20.0,0.0,0.0,12.7,0.0,0.0,0.0,0.0,none,False
2024-11-12 23:00:00,2024-11-12,23,20.0,69,19.7,0.0,0.0,11.5,0.0,0.0,0.0,0.0,none,False
2024-11-13 00:00:00,2024-11-13,0,19.5,71,19.3,0.0,0.0,10.4,0.0,0.0,0.0,0.0,none,False
2024-11-13 01:00:00,2024-11-13,1,18.9,73,18.9,0.0,0.0,9.0,0.0,0.0,0.0,0.0,none,False
2024-11-13 02:00:00,2024-11-13,2,18.3,75,18.4,0.0,0.0,8.0,0.0,0.0,0.0,0.0,none,False
2024-11-13 03:00:00,2024-11-13,3,17.8,77,17.9,0.0,0.0,7.3,0.0,0.0,0.0,0.0,none,False
2024-11-13 04:00:00,2024-11-13,4,17.1,77,17.2,0.0,0.0,5.8,0.0,0.0,0.0,0.0,none,False
2024-11-13 05:00:00,2024-11-13,5,16.5,79,16.7,0.0,0.0,5.4,0.0,0.0,0.0,0.0,none,False
2024-11-13 06:00:00,2024-11-13,6,16.1,82,16.3,0.0,0.0,5.1,0.0,0.0,0.0,0.0,none,False
2024-11-13 07:00:00,2024-11-13,7,15.8,83,15.9,0.0,0.0,5.2,0.0,0.0,0.0,0.0,none,True
2024-11-13 08:00:00,2024-11-13,8,16.0,82,16.0,0.0,0.0,6.5,0.0,0.0,0.0,0.0,none,True
2024-11-13 09:00:00,2024-11-13,9,17.4,74,17.5,0.0,0.0,5.7,0.0,0.0,0.0,0.0,none,True
2024-11-13 10:00:00,2024-11-13,10,19.6,66,19.7,0.0,0.0,6.6,0.0,0.0,0.0,0.0,none,False
2024-11-13 11:00:00,2024-11-13,11,22.3,60,22.3,0.0,0.0,9.3,0.0,0.0,0.0,0.0,none,False
2024-11-13 12:00:00,2024-11-13,12,24.5,51,23.5,0.0,0.0,15.6,0.0,0.0,0.0,0.0,none,False
2024-11-13 13:00:00,2024-11-13,13,25.8,45,24.7,0.0,0.0,15.3,0.0,0.0,0.0,0.0,none,False
2024-11-13 14:00:00,2024-11-13,14,26.5,40,24.8,0.0,0.0,15.6,0.0,0.0,0.0,0.0,none,False
2024-11-13 15:00:00,2024-11-13,15,27.0,37,25.1,0.0,0.0,15.1,0.0,0.0,0.0,0.0,none,False
2024-11-13 16:00:00,2024-11-13,16,26.5,40,24.6,0.0,0.0,16.7,0.0,0.0,0.0,0.0,none,True
2024-11-13 17:00:00,2024-11-13,17,25.5,45,23.9,0.0,0.0,16.7,0.0,0.0,0.0,0.0,none,True
2024-11-13 18:00:00,2024-11-13,18,24.8,48,23.9,0.0,0.0,12.5,0.0,0.0,0.0,0.0,none,True
2024-11-13 19:00:00,2024-11-13,19,24.1,48,23.0,0.0,0.0,13.3,0.0,0.0,0.0,0.0,none,False
2024-11-13 20:00:00,2024-11-13,20,22.9,55,21.7,0.0,0.0,15.5,0.0,0.0,0.0,0.0,none,False
2024-11-13 21:00:00,2024-11-13,21,21.6,63,20.9,0.0,0.0,14.4,0.0,0.0,0.0,0.0,none,False
2024-11-13 22:00:00,2024-11-13,22,20.5,70,20.3,0.0,0.0,12.6,0.0,0.0,0.0,0.0,none,False
2024-11-13 23:00:00,2024-11-13,23,19.8,75,19.8,0.0,0.0,11.4,0.0,0.0,0.0,0.0,none,False
2024-11-14 00:00:00,2024-11-14,0,19.1,79,19.4,0.0,0.0,10.5,0.0,0.0,0.0,0.0,none,False
2024-11-14 01:00:00,2024-11-14,1,18.5,81,18.9,0.0,0.0,9.6,0.0,0.0,0.0,0.0,none,False
2024-11-14 02:00:00,2024-11-14,2,17.9,84,18.3,0.0,0.0,8.8,0.0,0.0,0.0,0.0,none,False
2024-11-14 03:00:00,2024-11-14,3,17.3,86,17.8,0.0,0.0,7.9,0.0,0.0,0.0,0.0,none,False
2024-11-14 04:00:00,2024-11-14,4,16.8,84,16.9,0.0,0.0,8.0,0.0,0.0,0.0,0.0,none,False
2024-11-14 05:00:00,2024-11-14,5,16.3,86,16.4,0.0,0.0,8.3,0.0,0.0,0.0,0.0,none,False
2024-11-14 06:00:00,2024-11-14,6,16.0,87,16.0,0.0,0.0,8.2,0.0,0.0,0.0,0.0,none,False
2024-11-14 07:00:00,2024-11-14,7,15.8,87,15.9,0.0,0.0,7.7,0.0,0.0,0.0,0.0,none,True
2024-11-14 08:00:00,2024-11-14,8,16.1,86,16.1,0.0,0.0,8.0,0.0,0.0,0.0,0.0,none,True
2024-11-14 09:00:00,2024-11-14,9,18.0,76,18.0,0.0,0.0,7.7,0.0,0.0,0.0,0.0,none,True
2024-11-14 10:00:00,2024-11-14,10,20.1,68,20.2,0.0,0.0,8.6,0.0,0.0,0.0,0.0,none,False
2024-11-14 11:00:00,2024-11-14,11,22.1,62,21.9,0.0,0.0,11.5,0.0,0.0,0.0,0.0,none,False
2024-11-14 12:00:00,2024-11-14,12,23.8,53,23.1,0.0,0.0,14.2,0.0,0.0,0.0,0.0,none,False
2024-11-14 13:00:00,2024-11-14,13,25.1,46,24.2,0.0,0.0,13.7,0.0,0.0,0.0,0.0,none,False
2024-11-14 14:00:00,2024-11-14,14,26.3,40,25.2,0.0,0.0,13.8,0.0,0.0,0.0,0.0,none,False
2024-11-14 15:00:00,2024-11-14,15,26.9,36,25.1,0.0,0.0,13.9,0.0,0.0,0.0,0.0,none,False
2024-11-14 16:00:00,2024-11-14,16,27.0,34,24.8,0.0,0.0,15.3,0.0,0.0,0.0,0.0,none,True
2024-11-14 17:00:00,2024-11-14,17,26.1,36,23.9,0.0,0.0,15.5,0.0,0.0,0.0,0.0,none,True
2024-11-14 18:00:00,2024-11-14,18,25.1,41,23.6,0.0,0.0,12.2,0.0,0.0,0.0,0.0,none,True
2024-11-14 19:00:00,2024-11-14,19,24.2,43,22.8,0.0,0.0,11.7,0.0,0.0,0.0,0.0,none,False
2024-11-14 20:00:00,2024-11-14,20,23.2,48,22.0,0.0,0.0,11.6,0.0,0.0,0.0,0.0,none,False
2024-11-14 21:00:00,2024-11-14,21,22.0,53,21.0,0.0,0.0,11.3,0.0,0.0,0.0,0.0,none,False
2024-11-14 22:00:00,2024-11-14,22,21.0,61,20.3,0.0,0.0,11.0,0.0,0.0,0.0,0.0,none,False
2024-11-14 23:00:00,2024-11-14,23,20.0,69,19.8,0.0,0.0,10.4,0.0,0.0,0.0,0.0,none,False
2024-11-15 00:00:00,2024-11-15,0,19.3,75,19.5,0.0,0.0,9.2,0.0,0.0,0.0,0.0,none,False
2024-11-15 01:00:00,2024-11-15,1,18.8,79,19.2,0.0,0.0,8.3,0.0,0.0,0.0,0.0,none,False
2024-11-15 02:00:00,2024-11-15,2,18.2,83,18.9,0.0,0.0,7.6,0.0,0.0,0.0,0.0,none,False
2024-11-15 03:00:00,2024-11-15,3,17.8,86,18.5,0.0,0.0,7.5,0.0,0.0,0.0,0.0,none,False
2024-11-15 04:00:00,2024-11-15,4,17.9,84,18.5,0.0,0.0,7.9,0.0,0.0,0.0,0.0,none,False
2024-11-15 05:00:00,2024-11-15,5,17.5,87,18.2,0.0,0.0,7.9,0.0,0.0,0.0,0.0,none,False
2024-11-15 06:00:00,2024-11-15,6,17.2,89,17.9,0.0,0.0,8.0,0.0,0.0,0.0,0.0,none,False
2024-11-15 07:00:00,2024-11-15,7,16.8,92,17.6,0.0,0.0,7.2,0.0,0.0,0.0,0.0,none,True
2024-11-15 08:00:00,2024-11-15,8,16.9,91,17.7,0.0,0.0,7.3,0.0,0.0,0.0,0.0,none,True
2024-11-15 09:00:00,2024-11-15,9,18.4,82,19.2,0.0,0.0,6.8,0.0,0.0,0.0,0.0,none,True
2024-11-15 10:00:00,2024-11-15,10,20.4,73,21.2,0.0,0.0,6.7,0.0,0.0,0.0,0.0,none,False
2024-11-15 11:00:00,2024-11-15,11,22.4,63,22.5,0.0,0.0,10.6,0.0,0.0,0.0,0.0,none,False
2024-11-15 12:00:00,2024-11-15,12,24.0,52,23.8,0.0,0.0,10.7,0.0,0.0,0.0,0.0,none,False
2024-11-15 13:00:00,2024-11-15,13,25.5,42,24.7,0.0,0.0,12.1,0.0,0.0,0.0,0.0,none,False
2024-11-15 14:00:00,2024-11-15,14,26.5,36,25.0,0.0,0.0,12.6,0.0,0.0,0.0,0.0,none,False
2024-11-15 15:00:00,2024-11-15,15,26.8,34,24.8,0.0,0.0,12.8,0.0,0.0,0.0,0.0,none,False
2024-11-15 16:00:00,2024-11-15,16,26.7,32,24.5,0.0,0.0,12.8,0.0,0.0,0.0,0.0,none,True
2024-11-15 17:00:00,2024-11-15,17,26.2,32,23.9,0.0,0.0,12.8,0.0,0.0,0.0,0.0,none,True
2024-11-15 18:00:00,2024-11-15,18,25.3,33,22.9,0.0,0.0,12.0,0.0,0.0,0.0,0.0,none,True
2024-11-15 19:00:00,2024-11-15,19,24.5,32,21.7,0.0,0.0,14.2,0.0,0.0,0.0,0.0,none,False
2024-11-15 20:00:00,2024-11-15,20,23.4,35,20.8,0.0,0.0,12.5,0.0,0.0,0.0,0.0,none,False
2024-11-15 21:00:00,2024-11-15,21,22.4,38,20.1,0.0,0.0,11.2,0.0,0.0,0.0,0.0,none,False
2024-11-15 22:00:00,2024-11-15,22,21.3,45,19.7,0.0,0.0,9.0,0.0,0.0,0.0,0.0,none,False
2024-11-15 23:00:00,2024-11-15,23,20.3,51,19.3,0.0,0.0,6.6,0.0,0.0,0.0,0.0,none,False
2024-11-16 00:00:00,2024-11-16,0,19.3,57,18.8,0.0,0.0,4.2,0.0,0.0,0.0,0.0,none,False
2024-11-16 01:00:00,2024-11-16,1,18.5,61,18.2,0.0,0.0,3.5,0.0,0.0,0.0,0.0,none,False
2024-11-16 02:00:00,2024-11-16,2,17.8,65,17.7,0.0,0.0,3.0,0.0,0.0,0.0,0.0,none,False
2024-11-16 03:00:00,2024-11-16,3,17.2,69,17.2,0.0,0.0,3.0,0.0,0.0,0.0,0.0,none,False
2024-11-16 04:00:00,2024-11-16,4,17.0,72,17.2,0.0,0.0,2.3,0.0,0.0,0.0,0.0,none,False
2024-11-16 05:00:00,2024-11-16,5,16.6,74,17.1,0.0,0.0,1.0,0.0,0.0,0.0,0.0,none,False
2024-11-16 06:00:00,2024-11-16,6,16.2,77,16.7,0.0,0.0,1.0,0.0,0.0,0.0,0.0,none,False
2024-11-16 07:00:00,2024-11-16,7,15.9,80,16.4,0.0,0.0,1.1,0.0,0.0,0.0,0.0,none,True
2024-11-16 08:00:00,2024-11-16,8,16.1,80,16.8,0.0,0.0,1.0,0.0,0.0,0.0,0.0,none,True
2024-11-16 09:00:00,2024-11-16,9,17.9,72,18.5,0.0,0.0,1.9,0.0,0.0,0.0,0.0,none,True
2024-11-16 10:00:00,2024-11-16,10,20.3,62,20.8,0.0,0.0,2.7,0.0,0.0,0.0,0.0,none,False
2024-11-16 11:00:00,2024-11-16,11,22.5,54,22.8,0.0,0.0,4.3,0.0,0.0,0.0,0.0,none,False
2024-11-16 12:00:00,2024-11-16,12,24.1,47,24.5,0.0,0.0,4.8,0.0,0.0,0.0,0.0,none,False
2024-11-16 13:00:00,2024-11-16,13,25.5,39,25.6,0.0,0.0,4.8,0.0,0.0,0.0,0.0,none,False
2024-11-16 14:00:00,2024-11-16,14,26.5,33,26.0,0.0,0.0,4.8,0.0,0.0,0.0,0.0,none,False
2024-11-16 15:00:00,2024-11-16,15,27.0,30,25.7,0.0,0.0,5.3,0.0,0.0,0.0,0.0,none,False
2024-11-16 16:00:00,2024-11-16,16,26.9,29,25.3,0.0,0.0,5.7,0.0,0.0,0.0,0.0,none,True
2024-11-16 17:00:00,2024-11-16,17,26.5,29,25.0,0.0,0.0,4.8,0.0,0.0,0.0,0.0,none,True
2024-11-16 18:00:00,2024-11-16,18,25.5,30,24.1,0.0,0.0,3.7,0.0,0.0,0.0,0.0,none,True
2024-11-16 19:00:00,2024-11-16,19,24.1,34,23.0,0.0,0.0,2.9,0.0,0.0,0.0,0.0,none,False
2024-11-16 20:00:00,2024-11-16,20,23.1,45,23.2,0.0,0.0,0.6,0.0,0.0,0.0,0.0,none,False
2024-11-16 21:00:00,2024-11-16,21,22.4,37,20.8,0.0,0.0,5.2,0.0,0.0,0.0,0.0,none,False
2024-11-16 22:00:00,2024-11-16,22,21.7,33,19.1,0.0,0.0,9.3,0.0,0.0,0.0,0.0,none,False
2024-11-16 23:00:00,2024-11-16,23,20.5,41,18.8,0.0,0.0,6.0,0.0,0.0,0.0,0.0,none,False
2024-11-17 00:00:00,2024-11-17,0,19.9,50,18.8,0.0,0.0,6.5,0.0,0.0,0.0,0.0,none,False
2024-11-17 01:00:00,2024-11-17,1,19.4,55,18.4,0.0,0.0,7.2,0.0,0.0,0.0,0.0,none,False
2024-11-17 02:00:00,2024-11-17,2,18.7,55,17.6,0.0,0.0,6.5,0.0,0.0,0.0,0.0,none,False
2024-11-17 03:00:00,2024-11-17,3,17.9,57,16.9,0.0,0.0,5.1,0.0,0.0,0.0,0.0,none,False
2024-11-17 04:00:00,2024-11-17,4,17.0,59,15.8,0.0,0.0,6.0,0.0,0.0,0.0,0.0,none,False
2024-11-17 05:00:00,2024-11-17,5,16.9,58,15.4,0.0,0.0,7.6,0.0,0.0,0.0,0.0,none,False
2024-11-17 06:00:00,2024-11-17,6,16.8,56,14.9,0.0,0.0,8.8,0.0,0.0,0.0,0.0,none,False
2024-11-17 07:00:00,2024-11-17,7,16.8,57,15.0,0.0,0.0,8.3,0.0,0.0,0.0,0.0,none,True
2024-11-17 08:00:00,2024-11-17,8,16.9,57,15.1,0.0,0.0,9.0,0.0,0.0,0.0,0.0,none,True
2024-11-17 09:00:00,2024-11-17,9,18.5,51,16.9,0.0,0.0,7.7,0.0,0.0,0.0,0.0,none,True
2024-11-17 10:00:00,2024-11-17,10,20.8,41,18.9,0.0,0.0,7.8,0.0,0.0,0.0,0.0,none,False
2024-11-17 11:00:00,2024-11-17,11,22.7,36,20.8,0.0,0.0,7.7,0.0,0.0,0.0,0.0,none,False
2024-11-17 12:00:00,2024-11-17,12,24.3,34,22.9,0.0,0.0,7.5,0.0,0.0,0.0,0.0,none,False
2024-11-17 13:00:00,2024-11-17,13,25.5,34,24.5,0.0,0.0,8.6,0.0,0.0,0.0,0.0,none,False
2024-11-17 14:00:00,2024-11-17,14,26.6,31,24.7,0.0,0.0,13.0,0.0,0.0,0.0,0.0,none,False
2024-11-17 15:00:00,2024-11-17,15,26.3,31,23.5,0.0,0.0,14.7,0.0,0.0,0.0,0.0,none,False
2024-11-17 16:00:00,2024-11-17,16,25.8,30,23.0,0.0,0.0,13.7,0.0,0.0,0.0,0.0,none,True
2024-11-17 17:00:00,2024-11-17,17,24.7,34,22.2,0.0,0.0,13.0,0.0,0.0,0.0,0.0,none,True
2024-11-17 18:00:00,2024-11-17,18,23.4,38,21.3,0.0,0.0,10.8,0.0,0.0,0.0,0.0,none,True
2024-11-17 19:00:00,2024-11-17,19,22.6,39,20.4,0.0,0.0,11.5,0.0,0.0,0.0,0.0,none,False
2024-11-17 20:00:00,2024-11-17,20,21.7,39,19.3,0.0,0.0,11.5,0.0,0.0,0.0,0.0,none,False
2024-11-17 21:00:00,2024-11-17,21,21.2,39,18.8,0.0,0.0,10.3,0.0,0.0,0.0,0.0,none,False
2024-11-17 22:00:00,2024-11-17,22,20.6,40,18.3,0.0,0.0,9.2,0.0,0.0,0.0,0.0,none,False
2024-11-17 23:00:00,2024-11-17,23,19.4,43,17.7,0.0,0.0,5.3,0.0,0.0,0.0,0.0,none,False
2024-11-18 00:00:00,2024-11-18,0,18.5,45,16.8,0.0,0.0,5.1,0.0,0.0,0.0,0.0,none,False
2024-11-18 01:00:00,2024-11-18,1,17.4,53,16.3,0.0,0.0,3.6,0.0,0.0,0.0,0.0,none,False
2024-11-18 02:00:00,2024-11-18,2,17.0,61,16.4,0.0,0.0,3.0,0.0,0.0,0.0,0.0,none,False
2024-11-18 03:00:00,2024-11-18,3,16.5,65,16.0,0.0,0.0,3.2,0.0,0.0,0.0,0.0,none,False
2024-11-18 04:00:00,2024-11-18,4,16.7,65,16.1,0.0,0.0,4.3,0.0,0.0,0.0,0.0,none,False
2024-11-18 05:00:00,2024-11-18,5,16.2,67,15.5,0.0,0.0,5.1,0.0,0.0,0.0,0.0,none,False
2024-11-18 06:00:00,2024-11-18,6,15.7,69,14.8,0.0,0.0,6.1,0.0,0.0,0.0,0.0,none,False
2024-11-18 07:00:00,2024-11-18,7,15.2,72,14.2,0.0,0.0,7.3,0.0,0.0,0.0,0.0,none,True
2024-11-18 08:00:00,2024-11-18,8,15.1,72,13.9,0.0,0.0,8.4,0.0,0.0,0.0,0.0,none,True
2024-11-18 09:00:00,2024-11-18,9,16.5,66,15.5,0.0,0.0,7.9,0.0,0.0,0.0,0.0,none,True
2024-11-18 10:00:00,2024-11-18,10,18.5,60,17.4,0.0,0.0,8.4,0.0,0.0,0.0,0.0,none,False
2024-11-18 11:00:00,2024-11-18,11,20.4,53,19.3,0.0,0.0,9.0,0.0,0.0,0.0,0.0,none,False
2024-11-18 12:00:00,2024-11-18,12,21.8,47,20.5,0.0,0.0,10.5,0.0,0.0,0.0,0.0,none,False
2024-11-18 13:00:00,2024-11-18,13,22.8,43,21.6,0.0,0.0,11.0,0.0,0.0,0.0,0.0,none,False
2024-11-18 14:00:00,2024-11-18,14,23.5,40,22.1,0.0,0.0,10.9,0.0,0.0,0.0,0.0,none,False
2024-11-18 15:00:00,2024-11-18,15,23.7,39,21.7,0.0,0.0,11.7,0.0,0.0,0.0,0.0,none,False
2024-11-18 16:00:00,2024-11-18,16,23.9,36,21.4,0.0,0.0,12.8,0.0,0.0,0.0,0.0,none,True
2024-11-18 17:00:00,2024-11-18,17,23.2,38,21.0,0.0,0.0,12.1,0.0,0.0,0.0,0.0,none,True
2024-11-18 18:00:00,2024-11-18,18,22.4,41,20.5,0.0,0.0,10.3,0.0,0.0,0.0,0.0,none,True
2024-11-18 19:00:00,2024-11-18,19,21.9,43,20.3,0.0,0.0,8.6,0.0,0.0,0.0,0.0,none,False
2024-11-18 20:00:00,2024-11-18,20,21.3,45,19.9,0.0,0.0,7.8,0.0,0.0,0.0,0.0,none,False
2024-11-18 21:00:00,2024-11-18,21,20.6,46,19.3,0.0,0.0,7.0,0.0,0.0,0.0,0.0,none,False
2024-11-18 22:00:00,2024-11-18,22,19.8,49,18.7,0.0,0.0,5.1,0.0,0.0,0.0,0.0,none,False
2024-11-18 23:00:00,2024-11-18,23,18.8,53,18.0,0.0,0.0,3.2,0.0,0.0,0.0,0.0,none,False
2024-11-19 00:00:00,2024-11-19,0,18.1,55,17.3,0.0,0.0,3.3,0.0,0.0,0.0,0.0,none,False
2024-11-19 01:00:00,2024-11-19,1,17.5,59,16.9,0.0,0.0,2.6,0.0,0.0,0.0,0.0,none,False
2024-11-19 02:00:00,2024-11-19,2,17.0,62,16.5,0.0,0.0,2.5,0.0,0.0,0.0,0.0,none,False
2024-11-19 03:00:00,2024-11-19,3,16.6,65,16.3,0.0,0.0,2.7,0.0,0.0,0.0,0.0,none,False
2024-11-19 04:00:00,2024-11-19,4,16.8,68,16.6,0.0,0.0,2.9,0.0,0.0,0.0,0.0,none,False
2024-11-19 05:00:00,2024-11-19,5,16.5,69,16.1,0.0,0.0,4.6,0.0,0.0,0.0,0.0,none,False
2024-11-19 06:00:00,2024-11-19,6,15.9,70,15.3,0.0,0.0,5.5,0.0,0.0,0.0,0.0,none,False
2024-11-19 07:00:00,2024-11-19,7,15.3,72,14.3,0.0,0.0,7.1,0.0,0.0,0.0,0.0,none,True
2024-11-19 08:00:00,2024-11-19,8,15.2,71,14.0,0.0,0.0,8.8,0.0,0.0,0.0,0.0,none,True
2024-11-19 09:00:00,2024-11-19,9,16.8,63,15.3,0.0,0.0,9.1,0.0,0.0,0.0,0.0,none,True
2024-11-19 10:00:00,2024-11-19,10,19.0,53,17.5,0.0,0.0,8.7,0.0,0.0,0.0,0.0,none,False
2024-11-19 11:00:00,2024-11-19,11,21.1,44,19.4,0.0,0.0,9.0,0.0,0.0,0.0,0.0,none,False
2024-11-19 12:00:00,2024-11-19,12,22.7,42,21.4,0.0,0.0,8.7,0.0,0.0,0.0,0.0,none,False
2024-11-19 13:00:00,2024-11-19,13,23.8,41,22.9,0.0,0.0,9.2,0.0,0.0,0.0,0.0,none,False
2024-11-19 14:00:00,2024-11-19,14,24.3,40,23.2,0.0,0.0,9.8,0.0,0.0,0.0,0.0,none,False
2024-11-19 15:00:00,2024-11-19,15,24.6,39,23.1,0.0,0.0,10.3,0.0,0.0,0.0,0.0,none,False
2024-11-19 16:00:00,2024-11-19,16,24.8,36,22.8,0.0,0.0,10.7,0.0,0.0,0.0,0.0,none,True
2024-11-19 17:00:00,2024-11-19,17,24.2,37,22.1,0.0,0.0,11.9,0.0,0.0,0.0,0.0,none,True
2024-11-19 18:00:00,2024-11-19,18,23.5,38,21.6,0.0,0.0,10.0,0.0,0.0,0.0,0.0,none,True
2024-11-19 19:00:00,2024-11-19,19,23.0,39,21.8,0.0,0.0,4.7,0.0,0.0,0.0,0.0,none,False
2024-11-19 20:00:00,2024-11-19,20,22.2,44,21.2,0.0,0.0,6.2,0.0,0.0,0.0,0.0,none,False
2024-11-19 21:00:00,2024-11-19,21,21.0,52,20.9,0.0,0.0,2.4,0.0,0.0,0.0,0.0,none,False
2024-11-19 22:00:00,2024-11-19,22,20.5,57,20.9,0.0,0.0,0.6,0.0,0.0,0.0,0.0,none,False
2024-11-19 23:00:00,2024-11-19,23,19.8,57,19.9,0.0,0.0,1.3,0.0,0.0,0.0,0.0,none,False
2024-11-20 00:00:00,2024-11-20,0,19.0,60,19.2,0.0,0.0,0.9,0.0,0.0,0.0,0.0,none,False
2024-11-20 01:00:00,2024-11-20,1,18.1,63,18.1,0.0,0.0,2.1,0.0,0.0,0.0,0.0,none,False
2024-11-20 02:00:00,2024-11-20,2,17.5,64,17.3,0.0,0.0,2.5,0.0,0.0,0.0,0.0,none,False
2024-11-20 03:00:00,2024-11-20,3,17.0,66,16.8,0.0,0.0,3.2,0.0,0.0,0.0,0.0,none,False
2024-11-20 04:00:00,2024-11-20,4,17.6,57,16.7,0.0,0.0,4.7,0.0,0.0,0.0,0.0,none,False
2024-11-20 05:00:00,2024-11-20,5,17.1,59,15.8,0.0,0.0,7.1,0.0,0.0,0.0,0.0,none,False
2024-11-20 06:00:00,2024-11-20,6,16.5,61,15.1,0.0,0.0,8.0,0.0,0.0,0.0,0.0,none,False
2024-11-20 07:00:00,2024-11-20,7,16.1,63,14.8,0.0,0.0,7.7,0.0,0.0,0.0,0.0,none,True
2024-11-20 08:00:00,2024-11-20,8,16.0,63,14.7,0.0,0.0,7.5,0.0,0.0,0.0,0.0,none,True
2024-11-20 09:00:00,2024-11-20,9,17.6,57,16.3,0.0,0.0,7.4,0.0,0.0,0.0,0.0,none,True
2024-11-20 10:00:00,2024-11-20,10,20.0,48,18.5,0.0,0.0,7.6,0.0,0.0,0.0,0.0,none,False
2024-11-20 11:00:00,2024-11-20,11,21.9,41,20.3,0.0,0.0,7.6,0.0,0.0,0.0,0.0,none,False
2024-11-20 12:00:00,2024-11-20,12,23.5,37,22.2,0.0,0.0,7.2,0.0,0.0,0.0,0.0,none,False
2024-11-20 13:00:00,2024-11-20,13,24.6,35,23.8,0.0,0.0,6.5,0.0,0.0,0.0,0.0,none,False
2024-11-20 14:00:00,2024-11-20,14,25.4,33,24.1,0.0,0.0,7.1,0.0,0.0,0.0,0.0,none,False
2024-11-20 15:00:00,2024-11-20,15,25.5,33,23.8,0.0,0.0,8.5,0.0,0.0,0.0,0.0,none,False
2024-11-20 16:00:00,2024-11-20,16,26.0,29,23.6,0.0,0.0,9.6,0.0,0.0,0.0,0.0,none,True
2024-11-20 17:00:00,2024-11-20,17,25.0,31,22.7,0.0,0.0,10.1,0.0,0.0,0.0,0.0,none,True
2024-11-20 18:00:00,2024-11-20,18,24.0,35,22.3,0.0,0.0,7.2,0.0,0.0,0.0,0.0,none,True
2024-11-20 19:00:00,2024-11-20,19,23.2,38,22.0,0.0,0.0,4.8,0.0,0.0,0.0,0.0,none,False
2024-11-20 20:00:00,2024-11-20,20,22.1,46,21.5,0.0,0.0,4.9,0.0,0.0,0.0,0.0,none,False
2024-11-20 21:00:00,2024-11-20,21,21.0,53,21.1,0.0,0.0,1.8,0.0,0.0,0.0,0.0,none,False
2024-11-20 22:00:00,2024-11-20,22,20.6,55,20.9,0.0,0.0,0.6,0.0,0.0,0.0,0.0,none,False
2024-11-20 23:00:00,2024-11-20,23,20.0,57,20.3,0.0,0.0,0.6,0.0,0.0,0.0,0.0,none,False
2024-11-21 00:00:00,2024-11-21,0,19.1,59,19.1,0.0,0.0,2.3,0.0,0.0,0.0,0.0,none,False
2024-11-21 01:00:00,2024-11-21,1,18.5,62,18.5,0.0,0.0,1.8,0.0,0.0,0.0,0.0,none,False
2024-11-21 02:00:00,2024-11-21,2,17.8,65,18.0,0.0,0.0,1.1,0.0,0.0,0.0,0.0,none,False
2024-11-21 03:00:00,2024-11-21,3,17.0,68,17.2,0.0,0.0,1.4,0.0,0.0,0.0,0.0,none,False
2024-11-21 04:00:00,2024-11-21,4,16.4,75,16.4,0.0,0.0,3.8,0.0,0.0,0.0,0.0,none,False
2024-11-21 05:00:00,2024-11-21,5,15.7,78,15.8,0.0,0.0,3.2,0.0,0.0,0.0,0.0,none,False
2024-11-21 06:00:00,2024-11-21,6,15.1,81,15.3,0.0,0.0,2.9,0.0,0.0,0.0,0.0,none,False
2024-11-21 07:00:00,2024-11-21,7,14.8,83,14.9,0.0,0.0,3.2,0.0,0.0,0.0,0.0,none,True
2024-11-21 08:00:00,2024-11-21,8,15.5,79,15.4,0.0,0.0,4.5,0.0,0.0,0.0,0.0,none,True
2024-11-21 09:00:00,2024-11-21,9,18.1,67,18.1,0.0,0.0,4.2,0.0,0.0,0.0,0.0,none,True
2024-11-21 10:00:00,2024-11-21,10,21.0,55,21.1,0.0,0.0,2.6,0.0,0.0,0.0,0.0,none,False
2024-11-21 11:00:00,2024-11-21,11,22.9,47,22.8,0.0,0.0,2.8,0.0,0.0,0.0,0.0,none,False
2024-11-21 12:00:00,2024-11-21,12,24.0,41,23.7,0.0,0.0,3.3,0.0,0.0,0.0,0.0,none,False
2024-11-21 13:00:00,2024-11-21,13,25.0,36,24.7,0.0,0.0,3.3,0.0,0.0,0.0,0.0,none,False
2024-11-21 14:00:00,2024-11-21,14,25.9,33,25.3,0.0,0.0,2.8,0.0,0.0,0.0,0.0,none,False
2024-11-21 15:00:00,2024-11-21,15,26.2,30,25.2,0.0,0.0,2.4,0.0,0.0,0.0,0.0,none,False
2024-11-21 16:00:00,2024-11-21,16,26.5,29,25.2,0.0,0.0,3.1,0.0,0.0,0.0,0.0,none,True
2024-11-21 17:00:00,2024-11-21,17,26.1,29,24.6,0.0,0.0,4.1,0.0,0.0,0.0,0.0,none,True
2024-11-21 18:00:00,2024-11-21,18,24.5,33,23.4,0.0,0.0,2.7,0.0,0.0,0.0,0.0,none,True
2024-11-21 19:00:00,2024-11-21,19,24.0,32,22.5,0.0,0.0,4.2,0.0,0.0,0.0,0.0,none,False
2024-11-21 20:00:00,2024-11-21,20,23.1,34,21.8,0.0,0.0,3.3,0.0,0.0,0.0,0.0,none,False
2024-11-21 21:00:00,2024-11-21,21,22.8,46,22.9,0.0,0.0,0.4,0.0,0.0,0.0,0.0,none,False
2024-11-21 22:00:00,2024-11-21,22,22.3,37,21.3,0.0,0.0,0.9,0.0,0.0,0.0,0.0,none,False
2024-11-21 23:00:00,2024-11-21,23,21.6,38,20.4,0.0,0.0,2.4,0.0,0.0,0.0,0.0,none,False
2024-11-22 00:00:00,2024-11-22,0,21.2,38,20.1,0.0,0.0,1.9,0.0,0.0,0.0,0.0,none,False
2024-11-22 01:00:00,2024-11-22,1,20.8,40,19.7,0.0,0.0,1.1,0.0,0.0,0.0,0.0,none,False
2024-11-22 02:00:00,2024-11-22,2,19.8,43,18.8,0.0,0.0,0.5,0.0,0.0,0.0,0.0,none,False
2024-11-22 03:00:00,2024-11-22,3,19.2,44,18.3,0.0,0.0,0.8,0.0,0.0,0.0,0.0,none,False
2024-11-22 04:00:00,2024-11-22,4,19.5,44,18.5,0.0,0.0,1.0,0.0,0.0,0.0,0.0,none,False
2024-11-22 05:00:00,2024-11-22,5,19.0,45,17.7,0.0,0.0,2.9,0.0,0.0,0.0,0.0,none,False
2024-11-22 06:00:00,2024-11-22,6,17.7,49,16.3,0.0,0.0,4.1,0.0,0.0,0.0,0.0,none,False
2024-11-22 07:00:00,2024-11-22,7,16.6,55,15.7,0.0,0.0,2.0,0.0,0.0,0.0,0.0,none,True
2024-11-22 08:00:00,2024-11-22,8,16.8,54,15.7,0.0,0.0,2.8,0.0,0.0,0.0,0.0,none,True
2024-11-22 09:00:00,2024-11-22,9,19.5,47,18.3,0.0,0.0,4.5,0.0,0.0,0.0,0.0,none,True
2024-11-22 10:00:00,2024-11-22,10,23.3,37,22.4,0.0,0.0,2.1,0.0,0.0,0.0,0.0,none,False
2024-11-22 11:00:00,2024-11-22,11,25.7,31,24.1,0.0,0.0,5.8,0.0,0.0,0.0,0.0,none,False
2024-11-22 12:00:00,2024-11-22,12,27.0,27,24.9,0.0,0.0,8.9,0.0,0.0,0.0,0.0,none,False
2024-11-22 13:00:00,2024-11-22,13,27.5,25,25.5,0.0,0.0,9.6,0.0,0.0,0.0,0.0,none,False
2024-11-22 14:00:00,2024-11-22,14,28.0,23,25.7,0.0,0.0,9.4,0.0,0.0,0.0,0.0,none,False
2024-11-22 15:00:00,2024-11-22,15,28.1,23,25.6,0.0,0.0,8.8,0.0,0.0,0.0,0.0,none,False
2024-11-22 16:00:00,2024-11-22,16,27.8,22,25.2,0.0,0.0,7.8,0.0,0.0,0.0,0.0,none,True
2024-11-22 17:00:00,2024-11-22,17,27.2,22,24.5,0.0,0.0,8.2,0.0,0.0,0.0,0.0,none,True
2024-11-22 18:00:00,2024-11-22,18,25.9,24,23.7,0.0,0.0,4.7,0.0,0.0,0.0,0.0,none,True
2024-11-22 19:00:00,2024-11-22,19,25.0,26,22.8,0.0,0.0,5.9,0.0,0.0,0.0,0.0,none,False
2024-11-22 20:00:00,2024-11-22,20,24.1,28,21.8,0.0,0.0,6.7,0.0,0.0,0.0,0.0,none,False
2024-11-22 21:00:00,2024-11-22,21,23.1,31,20.7,0.0,0.0,8.6,0.0,0.0,0.0,0.0,none,False
2024-11-22 22:00:00,2024-11-22,22,22.3,34,19.7,0.0,0.0,10.8,0.0,0.0,0.0,0.0,none,False
2024-11-22 23:00:00,2024-11-22,23,21.5,38,19.3,0.0,0.0,8.3,0.0,0.0,0.0,0.0,none,False
2024-11-23 00:00:00,2024-11-23,0,20.5,40,18.7,0.0,0.0,6.3,0.0,0.0,0.0,0.0,none,False
2024-11-23 01:00:00,2024-11-23,1,19.8,42,18.0,0.0,0.0,6.3,0.0,0.0,0.0,0.0,none,False
2024-11-23 02:00:00,2024-11-23,2,18.9,46,17.4,0.0,0.0,4.9,0.0,0.0,0.0,0.0,none,False
2024-11-23 03:00:00,2024-11-23,3,18.0,51,16.8,0.0,0.0,4.3,0.0,0.0,0.0,0.0,none,False
2024-11-23 04:00:00,2024-11-23,4,18.0,64,17.6,0.0,0.0,5.5,0.0,0.0,0.0,0.0,none,False
2024-11-23 05:00:00,2024-11-23,5,17.2,72,17.2,0.0,0.0,5.0,0.0,0.0,0.0,0.0,none,False
2024-11-23 06:00:00,2024-11-23,6,16.6,79,16.8,0.0,0.0,4.7,0.0,0.0,0.0,0.0,none,False
2024-11-23 07:00:00,2024-11-23,7,16.1,84,16.6,0.0,0.0,4.9,0.0,0.0,0.0,0.0,none,True
2024-11-23 08:00:00,2024-11-23,8,16.2,86,16.8,0.0,0.0,4.9,0.0,0.0,0.0,0.0,none,True
2024-11-23 09:00:00,2024-11-23,9,18.1,78,18.9,0.0,0.0,4.7,0.0,0.0,0.0,0.0,none,True
2024-11-23 10:00:00,2024-11-23,10,20.4,70,21.3,0.0,0.0,4.9,0.0,0.0,0.0,0.0,none,False
2024-11-23 11:00:00,2024-11-23,11,22.5,61,23.2,0.0,0.0,6.1,0.0,0.0,0.0,0.0,none,False
2024-11-23 12:00:00,2024-11-23,12,24.3,51,24.7,0.0,0.0,6.5,0.0,0.0,0.0,0.0,none,False
2024-11-23 13:00:00,2024-11-23,13,26.0,40,25.9,0.0,0.0,6.8,0.0,0.0,0.0,0.0,none,False
2024-11-23 14:00:00,2024-11-23,14,27.4,30,26.2,0.0,0.0,7.0,0.0,0.0,0.0,0.0,none,False
2024-11-23 15:00:00,2024-11-23,15,28.0,26,26.0,0.0,0.0,8.0,0.0,0.0,0.0,0.0,none,False
2024-11-23 16:00:00,2024-11-23,16,28.1,25,25.9,0.0,0.0,7.8,0.0,0.0,0.0,0.0,none,True
2024-11-23 17:00:00,2024-11-23,17,27.4,26,25.0,0.0,0.0,9.7,0.0,0.0,0.0,0.0,none,True
2024-11-23 18:00:00,2024-11-23,18,26.5,27,24.3,0.0,0.0,7.7,0.0,0.0,0.0,0.0,none,True
2024-11-23 19:00:00,2024-11-23,19,25.4,29,23.3,0.0,0.0,7.1,0.0,0.0,0.0,0.0,none,False
2024-11-23 20:00:00,2024-11-23,20,24.0,31,22.3,0.0,0.0,5.3,0.0,0.0,0.0,0.0,none,False
2024-11-23 21:00:00,2024-11-23,21,22.8,34,21.2,0.0,0.0,4.4,0.0,0.0,0.0,0.0,none,False
2024-11-23 22:00:00,2024-11-23,22,21.7,37,20.2,0.0,0.0,3.9,0.0,0.0,0.0,0.0,none,False
2024-11-23 23:00:00,2024-11-23,23,20.6,41,19.2,0.0,0.0,3.6,0.0,0.0,0.0,0.0,none,False
2024-11-24 00:00:00,2024-11-24,0,19.9,44,18.9,0.0,0.0,2.2,0.0,0.0,0.0,0.0,none,False
2024-11-24 01:00:00,2024-11-24,1,19.2,47,18.6,0.0,0.0,0.4,0.0,0.0,0.0,0.0,none,False
2024-11-24 02:00:00,2024-11-24,2,18.4,49,17.2,0.0,0.0,4.0,0.0,0.0,0.0,0.0,none,False
2024-11-24 03:00:00,2024-11-24,3,17.9,52,17.1,0.0,0.0,1.7,0.0,0.0,0.0,0.0,none,False
2024-11-24 04:00:00,2024-11-24,4,17.5,55,16.7,0.0,0.0,2.2,0.0,0.0,0.0,0.0,none,False
2024-11-24 05:00:00,2024-11-24,5,16.8,61,15.8,0.0,0.0,4.6,0.0,0.0,0.0,0.0,none,False
2024-11-24 06:00:00,2024-11-24,6,16.5,71,16.7,0.0,0.0,1.7,0.0,0.0,0.0,0.0,none,False
2024-11-24 07:00:00,2024-11-24,7,16.0,82,16.6,0.0,0.0,3.0,0.0,0.0,0.0,0.0,none,True
2024-11-24 08:00:00,2024-11-24,8,16.4,88,17.3,0.0,0.0,3.9,0.0,0.0,0.0,0.0,none,True
2024-11-24 09:00:00,2024-11-24,9,18.2,84,18.4,0.1,0.1,11.6,0.1,0.09999999999999995,0.09999999999999995,0.09999999999999995,light,True
2024-11-24 10:00:00,2024-11-24,10,18.8,80,18.9,0.2,0.2,11.8,0.2,0.29999999999999993,0.29999999999999993,0.29999999999999993,light,False
2024-11-24 11:00:00,2024-11-24,11,19.0,73,17.7,0.3,0.3,17.7,0.3,0.6,0.6,0.6,light,False
2024-11-24 12:00:00,2024-11-24,12,18.9,65,17.2,0.0,0.0,15.8,0.0,0.5,0.6,0.6,none,False
2024-11-24 13:00:00,2024-11-24,13,19.6,44,17.0,0.0,0.0,12.9,0.0,0.29999999999999993,0.6,0.6,none,False
2024-11-24 14:00:00,2024-11-24,14,20.3,40,17.4,0.0,0.0,13.0,0.0,0.0,0.6,0.6,none,False
2024-11-24 15:00:00,2024-11-24,15,21.6,37,18.2,0.0,0.0,16.8,0.0,0.0,0.5,0.6,none,False
2024-11-24 16:00:00,2024-11-24,16,19.8,40,16.3,0.0,0.0,16.5,0.0,0.0,0.29999999999999993,0.6,none,True
2024-11-24 17:00:00,2024-11-24,17,18.5,42,14.9,0.0,0.0,16.7,0.0,0.0,0.0,0.6,none,True
2024-11-24 18:00:00,2024-11-24,18,17.2,45,13.8,0.0,0.0,15.8,0.0,0.0,0.0,0.6,none,True
2024-11-24 19:00:00,2024-11-24,19,16.5,48,13.0,0.0,0.0,16.6,0.0,0.0,0.0,0.6,none,False
2024-11-24 20:00:00,2024-11-24,20,16.2,49,13.2,0.0,0.0,13.4,0.0,0.0,0.0,0.6,none,False
2024-11-24 21:00:00,2024-11-24,21,16.0,53,13.3,0.0,0.0,12.7,0.0,0.0,0.0,0.6,none,False
2024-11-24 22:00:00,2024-11-24,22,15.9,55,13.4,0.0,0.0,11.4,0.0,0.0,0.0,0.6,none,False
2024-11-24 23:00:00,2024-11-24,23,15.4,57,13.4,0.0,0.0,8.1,0.0,0.0,0.0,0.6,none,False
2024-11-25 00:00:00,2024-11-25,0,15.6,56,13.7,0.0,0.0,8.2,0.0,0.0,0.0,0.6,none,False
2024-11-25 01:00:00,2024-11-25,1,15.6,57,13.5,0.0,0.0,9.0,0.0,0.0,0.0,0.6,none,False
2024-11-25 02:00:00,2024-11-25,2,15.4,58,13.3,0.0,0.0,8.7,0.0,0.0,0.0,0.6,none,False
2024-11-25 03:00:00,2024-11-25,3,15.0,59,13.0,0.0,0.0,8.5,0.0,0.0,0.0,0.6,none,False
2024-11-25 04:00:00,2024-11-25,4,14.8,57,12.5,0.0,0.0,8.9,0.0,0.0,0.0,0.6,none,False
2024-11-25 05:00:00,2024-11-25,5,14.8,53,12.2,0.0,0.0,9.2,0.0,0.0,0.0,0.6,none,False
2024-11-25 06:00:00,2024-11-25,6,14.9,50,12.4,0.0,0.0,7.9,0.0,0.0,0.0,0.6,none,False
2024-11-25 07:00:00,2024-11-25,7,14.5,53,12.1,0.0,0.0,7.9,0.0,0.0,0.0,0.6,none,True
2024-11-25 08:00:00,2024-11-25,8,14.3,54,11.9,0.0,0.0,8.4,0.0,0.0,0.0,0.6,none,True
2024-11-25 09:00:00,2024-11-25,9,15.4,49,13.1,0.0,0.0,7.1,0.0,0.0,0.0,0.5,none,True
2024-11-25 10:00:00,2024-11-25,10,17.0,38,13.0,0.0,0.0,15.7,0.0,0.0,0.0,0.29999999999999993,none,False
2024-11-25 11:00:00,2024-11-25,11,17.9,35,13.7,0.0,0.0,16.2,0.0,0.0,0.0,0.0,none,False
2024-11-25 12:00:00,2024-11-25,12,18.4,34,14.7,0.0,0.0,13.3,0.0,0.0,0.0,0.0,none,False
2024-11-25 13:00:00,2024-11-25,13,19.1,32,15.5,0.0,0.0,12.4,0.0,0.0,0.0,0.0,none,False
2024-11-25 14:00:00,2024-11-25,14,19.5,32,15.9,0.0,0.0,12.7,0.0,0.0,0.0,0.0,none,False
2024-11-25 15:00:00,2024-11-25,15,18.5,39,15.2,0.0,0.0,13.7,0.0,0.0,0.0,0.0,none,False
2024-11-25 16:00:00,2024-11-25,16,18.3,42,15.3,0.0,0.0,12.3,0.0,0.0,0.0,0.0,none,True
2024-11-25 17:00:00,2024-11-25,17,18.5,39,15.7,0.0,0.0,9.7,0.0,0.0,0.0,0.0,none,True
2024-11-25 18:00:00,2024-11-25,18,18.0,44,15.3,0.0,0.0,10.8,0.0,0.0,0.0,0.0,none,True
2024-11-25 19:00:00,2024-11-25,19,16.9,50,14.6,0.0,0.0,9.4,0.0,0.0,0.0,0.0,none,False
2024-11-25 20:00:00,2024-11-25,20,16.6,53,14.7,0.0,0.0,7.7,0.0,0.0,0.0,0.0,none,False
2024-11-25 21:00:00,2024-11-25,21,16.1,56,14.5,0.0,0.0,6.2,0.0,0.0,0.0,0.0,none,False
2024-11-25 22:00:00,2024-11-25,22,15.1,60,13.9,0.0,0.0,4.0,0.0,0.0,0.0,0.0,none,False
2024-11-25 23:00:00,2024-11-25,23,14.6,63,13.6,0.0,0.0,2.7,0.0,0.0,0.0,0.0,none,False
2024-11-26 00:00:00,2024-11-26,0,15.1,61,14.2,0.0,0.0,2.3,0.0,0.0,0.0,0.0,none,False
2024-11-26 01:00:00,2024-11-26,1,14.9,61,13.9,0.0,0.0,2.7,0.0,0.0,0.0,0.0,none,False
2024-11-26 02:00:00,2024-11-26,2,14.1,64,13.0,0.0,0.0,3.4,0.0,0.0,0.0,0.0,none,False
2024-11-26 03:00:00,2024-11-26,3,14.6,61,13.3,0.0,0.0,3.9,0.0,0.0,0.0,0.0,none,False
2024-11-26 04:00:00,2024-11-26,4,14.0,66,12.2,0.0,0.0,8.5,0.0,0.0,0.0,0.0,none,False
2024-11-26 05:00:00,2024-11-26,5,13.2,71,11.9,0.0,0.0,6.2,0.0,0.0,0.0,0.0,none,False
2024-11-26 06:00:00,2024-11-26,6,12.4,77,11.5,0.0,0.0,3.8,0.0,0.0,0.0,0.0,none,False
2024-11-26 07:00:00,2024-11-26,7,11.6,82,10.8,0.0,0.0,3.3,0.0,0.0,0.0,0.0,none,True
2024-11-26 08:00:00,2024-11-26,8,12.1,80,11.3,0.0,0.0,3.4,0.0,0.0,0.0,0.0,none,True
2024-11-26 09:00:00,2024-11-26,9,13.4,74,12.6,0.0,0.0,3.5,0.0,0.0,0.0,0.0,none,True
2024-11-26 10:00:00,2024-11-26,10,15.4,59,14.0,0.0,0.0,4.7,0.0,0.0,0.0,0.0,none,False
2024-11-26 11:00:00,2024-11-26,11,17.4,41,13.9,0.0,0.0,13.3,0.0,0.0,0.0,0.0,none,False
2024-11-26 12:00:00,2024-11-26,12,18.0,34,14.5,0.0,0.0,12.1,0.0,0.0,0.0,0.0,none,False
2024-11-26 13:00:00,2024-11-26,13,19.1,30,15.6,0.0,0.0,12.5,0.0,0.0,0.0,0.0,none,False
2024-11-26 14:00:00,2024-11-26,14,19.8,29,16.6,0.0,0.0,9.9,0.0,0.0,0.0,0.0,none,False
2024-11-26 15:00:00,2024-11-26,15,20.0,28,16.5,0.0,0.0,10.8,0.0,0.0,0.0,0.0,none,False
2024-11-26 16:00:00,2024-11-26,16,19.5,29,16.1,0.0,0.0,9.5,0.0,0.0,0.0,0.0,none,True
2024-11-26 17:00:00,2024-11-26,17,18.8,32,15.2,0.0,0.0,12.2,0.0,0.0,0.0,0.0,none,True
2024-11-26 18:00:00,2024-11-26,18,17.9,35,14.6,0.0,0.0,10.1,0.0,0.0,0.0,0.0,none,True
2024-11-26 19:00:00,2024-11-26,19,17.2,37,14.1,0.0,0.0,10.1,0.0,0.0,0.0,0.0,none,False
2024-11-26 20:00:00,2024-11-26,20,16.4,39,13.2,0.0,0.0,10.3,0.0,0.0,0.0,0.0,none,False
2024-11-26 21:00:00,2024-11-26,21,15.6,42,12.7,0.0,0.0,8.1,0.0,0.0,0.0,0.0,none,False
2024-11-26 22:00:00,2024-11-26,22,14.9,44,12.1,0.0,0.0,7.7,0.0,0.0,0.0,0.0,none,False
2024-11-26 23:00:00,2024-11-26,23,14.2,46,11.7,0.0,0.0,5.7,0.0,0.0,0.0,0.0,none,False
2024-11-27 00:00:00,2024-11-27,0,13.6,48,11.3,0.0,0.0,4.4,0.0,0.0,0.0,0.0,none,False
2024-11-27 01:00:00,2024-11-27,1,12.8,51,10.5,0.0,0.0,3.9,0.0,0.0,0.0,0.0,none,False
2024-11-27 02:00:00,2024-11-27,2,11.8,56,9.8,0.0,0.0,2.6,0.0,0.0,0.0,0.0,none,False
2024-11-27 03:00:00,2024-11-27,3,11.9,57,10.3,0.0,0.0,1.5,0.0,0.0,0.0,0.0,none,False
2024-11-27 04:00:00,2024-11-27,4,13.4,52,11.7,0.0,0.0,1.5,0.0,0.0,0.0,0.0,none,False
2024-11-27 05:00:00,2024-11-27,5,13.8,51,12.2,0.0,0.0,0.8,0.0,0.0,0.0,0.0,none,False
2024-11-27 06:00:00,2024-11-27,6,13.5,52,11.8,0.0,0.0,1.7,0.0,0.0,0.0,0.0,none,False
2024-11-27 07:00:00,2024-11-27,7,13.6,52,11.7,0.0,0.0,3.1,0.0,0.0,0.0,0.0,none,True
2024-11-27 08:00:00,2024-11-27,8,13.4,53,11.5,0.0,0.0,3.4,0.0,0.0,0.0,0.0,none,True
2024-11-27 09:00:00,2024-11-27,9,14.4,49,12.4,0.0,0.0,4.0,0.0,0.0,0.0,0.0,none,True
2024-11-27 10:00:00,2024-11-27,10,16.0,44,13.7,0.0,0.0,5.5,0.0,0.0,0.0,0.0,none,False
2024-11-27 11:00:00,2024-11-27,11,17.9,42,15.8,0.0,0.0,5.2,0.0,0.0,0.0,0.0,none,False
2024-11-27 12:00:00,2024-11-27,12,19.1,43,17.5,0.0,0.0,4.7,0.0,0.0,0.0,0.0,none,False
2024-11-27 13:00:00,2024-11-27,13,20.1,42,18.3,0.0,0.0,6.9,0.0,0.0,0.0,0.0,none,False
2024-11-27 14:00:00,2024-11-27,14,20.1,44,18.2,0.0,0.0,8.4,0.0,0.0,0.0,0.0,none,False
2024-11-27 15:00:00,2024-11-27,15,20.7,42,18.6,0.0,0.0,9.7,0.0,0.0,0.0,0.0,none,False
2024-11-27 16:00:00,2024-11-27,16,20.8,41,18.6,0.0,0.0,9.3,0.0,0.0,0.0,0.0,none,True
2024-11-27 17:00:00,2024-11-27,17,20.6,41,18.3,0.0,0.0,10.0,0.0,0.0,0.0,0.0,none,True
2024-11-27 18:00:00,2024-11-27,18,19.9,46,18.1,0.0,0.0,8.5,0.0,0.0,0.0,0.0,none,True
2024-11-27 19:00:00,2024-11-27,19,19.0,51,17.8,0.0,0.0,5.4,0.0,0.0,0.0,0.0,none,False
2024-11-27 20:00:00,2024-11-27,20,18.4,54,17.7,0.0,0.0,2.7,0.0,0.0,0.0,0.0,none,False
2024-11-27 21:00:00,2024-11-27,21,18.5,54,17.7,0.0,0.0,3.2,0.0,0.0,0.0,0.0,none,False
2024-11-27 22:00:00,2024-11-27,22,18.2,55,17.0,0.0,0.0,7.0,0.0,0.0,0.0,0.0,none,False
2024-11-27 23:00:00,2024-11-27,23,17.1,62,16.0,0.0,0.0,7.0,0.0,0.0,0.0,0.0,none,False
2024-11-28 00:00:00,2024-11-28,0,16.5,65,15.9,0.0,0.0,3.6,0.0,0.0,0.0,0.0,none,False
2024-11-28 01:00:00,2024-11-28,1,15.6,68,15.2,0.0,0.0,2.8,0.0,0.0,0.0,0.0,none,False
2024-11-28 02:00:00,2024-11-28,2,14.8,72,14.2,0.0,0.0,3.2,0.0,0.0,0.0,0.0,none,False
2024-11-28 03:00:00,2024-11-28,3,14.2,74,13.7,0.0,0.0,3.3,0.0,0.0,0.0,0.0,none,False
2024-11-28 04:00:00,2024-11-28,4,14.3,68,13.7,0.0,0.0,1.1,0.0,0.0,0.0,0.0,none,False
2024-11-28 05:00:00,2024-11-28,5,13.8,70,13.2,0.0,0.0,0.9,0.0,0.0,0.0,0.0,none,False
2024-11-28 06:00:00,2024-11-28,6,13.6,70,13.1,0.0,0.0,0.2,0.0,0.0,0.0,0.0,none,False
2024-11-28 07:00:00,2024-11-28,7,13.5,72,13.1,0.0,0.0,0.3,0.0,0.0,0.0,0.0,none,True
2024-11-28 08:00:00,2024-11-28,8,14.4,69,14.0,0.0,0.0,0.2,0.0,0.0,0.0,0.0,none,True
2024-11-28 09:00:00,2024-11-28,9,15.4,63,14.9,0.0,0.0,0.4,0.0,0.0,0.0,0.0,none,True
2024-11-28 10:00:00,2024-11-28,10,16.9,58,16.1,0.0,0.0,3.0,0.0,0.0,0.0,0.0,none,False
2024-11-28 11:00:00,2024-11-28,11,18.6,50,17.6,0.0,0.0,3.3,0.0,0.0,0.0,0.0,none,False
2024-11-28 12:00:00,2024-11-28,12,20.2,46,19.1,0.0,0.0,4.4,0.0,0.0,0.0,0.0,none,False
2024-11-28 13:00:00,2024-11-28,13,21.4,43,20.1,0.0,0.0,6.4,0.0,0.0,0.0,0.0,none,False
2024-11-28 14:00:00,2024-11-28,14,21.6,43,20.1,0.0,0.0,7.3,0.0,0.0,0.0,0.0,none,False
2024-11-28 15:00:00,2024-11-28,15,21.5,44,20.1,0.0,0.0,6.7,0.0,0.0,0.0,0.0,none,False
2024-11-28 16:00:00,2024-11-28,16,21.9,40,20.0,0.0,0.0,9.0,0.0,0.0,0.0,0.0,none,True
2024-11-28 17:00:00,2024-11-28,17,21.2,44,19.5,0.0,0.0,8.7,0.0,0.0,0.0,0.0,none,True
2024-11-28 18:00:00,2024-11-28,18,20.8,46,19.5,0.0,0.0,6.5,0.0,0.0,0.0,0.0,none,True
2024-11-28 19:00:00,2024-11-28,19,20.0,50,19.4,0.0,0.0,2.4,0.0,0.0,0.0,0.0,none,False
2024-11-28 20:00:00,2024-11-28,20,19.9,50,19.2,0.0,0.0,3.1,0.0,0.0,0.0,0.0,none,False
2024-11-28 21:00:00,2024-11-28,21,19.6,52,18.2,0.0,0.0,9.0,0.0,0.0,0.0,0.0,none,False
2024-11-28 22:00:00,2024-11-28,22,18.4,54,16.2,0.0,0.0,12.8,0.0,0.0,0.0,0.0,none,False
2024-11-28 23:00:00,2024-11-28,23,17.4,57,16.1,0.0,0.0,6.5,0.0,0.0,0.0,0.0,none,False
2024-11-29 00:00:00,2024-11-29,0,16.2,62,15.5,0.0,0.0,3.4,0.0,0.0,0.0,0.0,none,False
2024-11-29 01:00:00,2024-11-29,1,15.4,65,14.8,0.0,0.0,2.9,0.0,0.0,0.0,0.0,none,False
2024-11-29 02:00:00,2024-11-29,2,14.8,69,14.2,0.0,0.0,2.5,0.0,0.0,0.0,0.0,none,False
2024-11-29 03:00:00,2024-11-29,3,14.2,72,13.8,0.0,0.0,2.2,0.0,0.0,0.0,0.0,none,False
2024-11-29 04:00:00,2024-11-29,4,13.8,75,13.4,0.0,0.0,1.9,0.0,0.0,0.0,0.0,none,False
2024-11-29 05:00:00,2024-11-29,5,13.4,77,13.2,0.0,0.0,1.3,0.0,0.0,0.0,0.0,none,False
2024-11-29 06:00:00,2024-11-29,6,13.0,80,12.7,0.0,0.0,1.4,0.0,0.0,0.0,0.0,none,False
2024-11-29 07:00:00,2024-11-29,7,12.6,82,12.4,0.0,0.0,1.0,0.0,0.0,0.0,0.0,none,True
2024-11-29 08:00:00,2024-11-29,8,12.8,81,12.7,0.0,0.0,0.2,0.0,0.0,0.0,0.0,none,True
2024-11-29 09:00:00,2024-11-29,9,14.6,73,14.5,0.0,0.0,0.3,0.0,0.0,0.0,0.0,none,True
2024-11-29 10:00:00,2024-11-29,10,16.5,64,16.3,0.0,0.0,1.1,0.0,0.0,0.0,0.0,none,False
2024-11-29 11:00:00,2024-11-29,11,18.5,55,18.1,0.0,0.0,1.9,0.0,0.0,0.0,0.0,none,False
2024-11-29 12:00:00,2024-11-29,12,20.2,46,19.3,0.0,0.0,4.5,0.0,0.0,0.0,0.0,none,False
2024-11-29 13:00:00,2024-11-29,13,21.3,40,19.8,0.0,0.0,6.3,0.0,0.0,0.0,0.0,none,False
2024-11-29 14:00:00,2024-11-29,14,22.2,36,20.4,0.0,0.0,7.2,0.0,0.0,0.0,0.0,none,False
2024-11-29 15:00:00,2024-11-29,15,22.5,34,20.4,0.0,0.0,8.0,0.0,0.0,0.0,0.0,none,False
2024-11-29 16:00:00,2024-11-29,16,23.0,32,20.9,0.0,0.0,6.5,0.0,0.0,0.0,0.0,none,True
2024-11-29 17:00:00,2024-11-29,17,22.8,31,20.1,0.0,0.0,9.5,0.0,0.0,0.0,0.0,none,True
2024-11-29 18:00:00,2024-11-29,18,21.7,36,19.4,0.0,0.0,8.8,0.0,0.0,0.0,0.0,none,True
2024-11-29 19:00:00,2024-11-29,19,21.1,39,19.0,0.0,0.0,8.6,0.0,0.0,0.0,0.0,none,False
2024-11-29 20:00:00,2024-11-29,20,20.2,51,18.5,0.0,0.0,11.7,0.0,0.0,0.0,0.0,none,False
2024-11-29 21:00:00,2024-11-29,21,19.0,63,17.6,0.0,0.0,13.1,0.0,0.0,0.0,0.0,none,False
2024-11-29 22:00:00,2024-11-29,22,17.8,72,17.2,0.0,0.0,9.3,0.0,0.0,0.0,0.0,none,False
2024-11-29 23:00:00,2024-11-29,23,17.2,76,17.0,0.0,0.0,7.8,0.0,0.0,0.0,0.0,none,False
2024-11-30 00:00:00,2024-11-30,0,17.0,78,17.0,0.0,0.0,6.3,0.0,0.0,0.0,0.0,none,False
2024-11-30 01:00:00,2024-11-30,1,16.6,80,16.7,0.0,0.0,6.1,0.0,0.0,0.0,0.0,none,False
2024-11-30 02:00:00,2024-11-30,2,16.3,81,16.5,0.0,0.0,5.4,0.0,0.0,0.0,0.0,none,False
2024-11-30 03:00:00,2024-11-30,3,15.9,83,16.1,0.0,0.0,5.0,0.0,0.0,0.0,0.0,none,False
2024-11-30 04:00:00,2024-11-30,4,15.3,88,15.6,0.0,0.0,5.2,0.0,0.0,0.0,0.0,none,False
2024-11-30 05:00:00,2024-11-30,5,14.8,90,15.0,0.0,0.0,5.4,0.0,0.0,0.0,0.0,none,False
2024-11-30 06:00:00,2024-11-30,6,14.4,92,14.6,0.0,0.0,5.5,0.0,0.0,0.0,0.0,none,False
2024-11-30 07:00:00,2024-11-30,7,14.1,93,14.2,0.0,0.0,5.7,0.0,0.0,0.0,0.0,none,True
2024-11-30 08:00:00,2024-11-30,8,13.9,94,13.9,0.0,0.0,5.9,0.0,0.0,0.0,0.0,none,True
2024-11-30 09:00:00,2024-11-30,9,15.1,86,15.2,0.0,0.0,5.4,0.0,0.0,0.0,0.0,none,True
2024-11-30 10:00:00,2024-11-30,10,17.1,75,16.9,0.0,0.0,7.2,0.0,0.0,0.0,0.0,none,False
2024-11-30 11:00:00,2024-11-30,11,19.0,63,18.3,0.0,0.0,9.3,0.0,0.0,0.0,0.0,none,False
2024-11-30 12:00:00,2024-11-30,12,20.5,52,19.0,0.0,0.0,11.9,0.0,0.0,0.0,0.0,none,False
2024-11-30 13:00:00,2024-11-30,13,21.5,45,19.8,0.0,0.0,12.0,0.0,0.0,0.0,0.0,none,False
2024-11-30 14:00:00,2024-11-30,14,22.1,41,20.1,0.0,0.0,11.3,0.0,0.0,0.0,0.0,none,False
2024-11-30 15:00:00,2024-11-30,15,22.4,38,20.3,0.0,0.0,10.0,0.0,0.0,0.0,0.0,none,False
2024-11-30 16:00:00,2024-11-30,16,22.5,37,20.1,0.0,0.0,11.2,0.0,0.0,0.0,0.0,none,True
2024-11-30 17:00:00,2024-11-30,17,22.2,36,19.7,0.0,0.0,11.0,0.0,0.0,0.0,0.0,none,True
2024-11-30 18:00:00,2024-11-30,18,21.2,40,18.9,0.0,0.0,10.9,0.0,0.0,0.0,0.0,none,True
2024-11-30 19:00:00,2024-11-30,19,20.0,46,17.9,0.0,0.0,11.2,0.0,0.0,0.0,0.0,none,False
2024-11-30 20:00:00,2024-11-30,20,19.5,47,17.4,0.0,0.0,10.7,0.0,0.0,0.0,0.0,none,False
2024-11-30 21:00:00,2024-11-30,21,18.5,51,16.5,0.0,0.0,10.5,0.0,0.0,0.0,0.0,none,False
2024-11-30 22:00:00,2024-11-30,22,17.6,55,15.8,0.0,0.0,9.5,0.0,0.0,0.0,0.0,none,False
2024-11-30 23:00:00,2024-11-30,23,17.0,58,15.5,0.0,0.0,7.6,0.0,0.0,0.0,0.0,none,False
2024-12-01 00:00:00,2024-12-01,0,16.1,63,15.1,0.0,0.0,5.0,0.0,0.0,0.0,0.0,none,False
2024-12-01 01:00:00,2024-12-01,1,15.4,67,14.4,0.0,0.0,5.0,0.0,0.0,0.0,0.0,none,False
2024-12-01 02:00:00,2024-12-01,2,14.7,71,13.8,0.0,0.0,5.4,0.0,0.0,0.0,0.0,none,False
2024-12-01 03:00:00,2024-12-01,3,14.3,75,13.5,0.0,0.0,5.6,0.0,0.0,0.0,0.0,none,False
2024-12-01 04:00:00,2024-12-01,4,13.7,78,12.9,0.0,0.0,5.3,0.0,0.0,0.0,0.0,none,False
2024-12-01 05:00:00,2024-12-01,5,13.4,81,12.5,0.0,0.0,6.0,0.0,0.0,0.0,0.0,none,False
2024-12-01 06:00:00,2024-12-01,6,13.1,82,12.2,0.0,0.0,5.9,0.0,0.0,0.0,0.0,none,False
2024-12-01 07:00:00,2024-12-01,7,12.7,83,11.8,0.0,0.0,5.7,0.0,0.0,0.0,0.0,none,True
2024-12-01 08:00:00,2024-12-01,8,12.6,81,11.6,0.0,0.0,6.6,0.0,0.0,0.0,0.0,none,True
2024-12-01 09:00:00,2024-12-01,9,14.1,72,13.0,0.0,0.0,6.4,0.0,0.0,0.0,0.0,none,True
2024-12-01 10:00:00,2024-12-01,10,16.4,62,15.1,0.0,0.0,7.7,0.0,0.0,0.0,0.0,none,False
2024-12-01 11:00:00,2024-12-01,11,18.5,56,16.9,0.0,0.0,10.3,0.0,0.0,0.0,0.0,none,False
2024-12-01 12:00:00,2024-12-01,12,20.0,52,18.1,0.0,0.0,13.5,0.0,0.0,0.0,0.0,none,False
2024-12-01 13:00:00,2024-12-01,13,20.9,49,19.2,0.0,0.0,14.3,0.0,0.0,0.0,0.0,none,False
2024-12-01 14:00:00,2024-12-01,14,21.6,45,19.8,0.0,0.0,13.4,0.0,0.0,0.0,0.0,none,False
2024-12-01 15:00:00,2024-12-01,15,22.1,43,20.0,0.0,0.0,12.9,0.0,0.0,0.0,0.0,none,False
2024-12-01 16:00:00,2024-12-01,16,22.5,42,20.4,0.0,0.0,12.2,0.0,0.0,0.0,0.0,none,True
2024-12-01 17:00:00,2024-12-01,17,22.0,43,19.9,0.0,0.0,12.1,0.0,0.0,0.0,0.0,none,True
2024-12-01 18:00:00,2024-12-01,18,20.9,46,19.1,0.0,0.0,9.7,0.0,0.0,0.0,0.0,none,True
2024-12-01 19:00:00,2024-12-01,19,19.9,49,18.0,0.0,0.0,10.6,0.0,0.0,0.0,0.0,none,False
2024-12-01 20:00:00,2024-12-01,20,19.0,54,17.2,0.0,0.0,11.5,0.0,0.0,0.0,0.0,none,False
2024-12-01 21:00:00,2024-12-01,21,18.0,61,16.4,0.0,0.0,12.3,0.0,0.0,0.0,0.0,none,False
2024-12-01 22:00:00,2024-12-01,22,17.3,66,15.9,0.0,0.0,11.5,0.0,0.0,0.0,0.0,none,False
2024-12-01 23:00:00,2024-12-01,23,16.6,70,15.4,0.0,0.0,10.6,0.0,0.0,0.0,0.0,none,False
2024-12-02 00:00:00,2024-12-02,0,15.9,73,14.8,0.0,0.0,10.2,0.0,0.0,0.0,0.0,none,False
2024-12-02 01:00:00,2024-12-02,1,15.4,76,14.4,0.0,0.0,9.6,0.0,0.0,0.0,0.0,none,False
2024-12-02 02:00:00,2024-12-02,2,15.0,79,14.2,0.0,0.0,8.4,0.0,0.0,0.0,0.0,none,False
2024-12-02 03:00:00,2024-12-02,3,14.6,81,14.0,0.0,0.0,7.5,0.0,0.0,0.0,0.0,none,False
2024-12-02 04:00:00,2024-12-02,4,14.2,82,13.5,0.0,0.0,7.1,0.0,0.0,0.0,0.0,none,False
2024-12-02 05:00:00,2024-12-02,5,13.8,85,13.1,0.0,0.0,7.6,0.0,0.0,0.0,0.0,none,False
2024-12-02 06:00:00,2024-12-02,6,13.4,87,12.7,0.0,0.0,7.6,0.0,0.0,0.0,0.0,none,False
2024-12-02 07:00:00,2024-12-02,7,13.1,89,12.5,0.0,0.0,7.1,0.0,0.0,0.0,0.0,none,True
2024-12-02 08:00:00,2024-12-02,8,13.0,89,12.3,0.0,0.0,7.2,0.0,0.0,0.0,0.0,none,True
2024-12-02 09:00:00,2024-12-02,9,14.4,82,13.8,0.0,0.0,6.3,0.0,0.0,0.0,0.0,none,True
2024-12-02 10:00:00,2024-12-02,10,16.6,71,16.0,0.0,0.0,7.0,0.0,0.0,0.0,0.0,none,False
2024-12-02 11:00:00,2024-12-02,11,18.6,64,17.9,0.0,0.0,8.7,0.0,0.0,0.0,0.0,none,False
2024-12-02 12:00:00,2024-12-02,12,20.1,58,19.1,0.0,0.0,11.1,0.0,0.0,0.0,0.0,none,False
2024-12-02 13:00:00,2024-12-02,13,21.2,50,20.1,0.0,0.0,11.4,0.0,0.0,0.0,0.0,none,False
2024-12-02 14:00:00,2024-12-02,14,22.0,44,20.5,0.0,0.0,11.0,0.0,0.0,0.0,0.0,none,False
2024-12-02 15:00:00,2024-12-02,15,22.5,40,20.5,0.0,0.0,10.3,0.0,0.0,0.0,0.0,none,False
2024-12-02 16:00:00,2024-12-02,16,22.5,36,20.2,0.0,0.0,10.2,0.0,0.0,0.0,0.0,none,True
2024-12-02 17:00:00,2024-12-02,17,22.0,36,19.6,0.0,0.0,9.6,0.0,0.0,0.0,0.0,none,True
2024-12-02 18:00:00,2024-12-02,18,20.8,39,19.1,0.0,0.0,5.0,0.0,0.0,0.0,0.0,none,True
2024-12-02 19:00:00,2024-12-02,19,19.7,42,18.2,0.0,0.0,4.2,0.0,0.0,0.0,0.0,none,False
2024-12-02 20:00:00,2024-12-02,20,18.8,45,17.3,0.0,0.0,3.8,0.0,0.0,0.0,0.0,none,False
2024-12-02 21:00:00,2024-12-02,21,18.3,47,16.7,0.0,0.0,5.1,0.0,0.0,0.0,0.0,none,False
2024-12-02 22:00:00,2024-12-02,22,17.4,53,16.2,0.0,0.0,4.4,0.0,0.0,0.0,0.0,none,False
2024-12-02 23:00:00,2024-12-02,23,16.4,60,15.9,0.0,0.0,0.9,0.0,0.0,0.0,0.0,none,False
2024-12-03 00:00:00,2024-12-03,0,15.4,63,14.5,0.0,0.0,3.6,0.0,0.0,0.0,0.0,none,False
2024-12-03 01:00:00,2024-12-03,1,15.2,67,14.2,0.0,0.0,5.5,0.0,0.0,0.0,0.0,none,False
2024-12-03 02:00:00,2024-12-03,2,14.4,74,13.7,0.0,0.0,4.5,0.0,0.0,0.0,0.0,none,False
2024-12-03 03:00:00,2024-12-03,3,13.6,81,13.2,0.0,0.0,3.7,0.0,0.0,0.0,0.0,none,False
2024-12-03 04:00:00,2024-12-03,4,13.1,85,12.9,0.0,0.0,3.4,0.0,0.0,0.0,0.0,none,False
2024-12-03 05:00:00,2024-12-03,5,12.6,89,12.5,0.0,0.0,2.5,0.0,0.0,0.0,0.0,none,False
2024-12-03 06:00:00,2024-12-03,6,12.1,91,11.9,0.0,0.0,3.2,0.0,0.0,0.0,0.0,none,False
2024-12-03 07:00:00,2024-12-03,7,12.1,92,11.8,0.0,0.0,4.6,0.0,0.0,0.0,0.0,none,True
2024-12-03 08:00:00,2024-12-03,8,12.0,93,11.4,0.0,0.0,5.8,0.0,0.0,0.0,0.0,none,True
2024-12-03 09:00:00,2024-12-03,9,13.9,83,13.5,0.0,0.0,5.0,0.0,0.0,0.0,0.0,none,True
2024-12-03 10:00:00,2024-12-03,10,16.9,68,16.9,0.0,0.0,2.3,0.0,0.0,0.0,0.0,none,False
2024-12-03 11:00:00,2024-12-03,11,19.1,56,18.7,0.0,0.0,2.7,0.0,0.0,0.0,0.0,none,False
2024-12-03 12:00:00,2024-12-03,12,20.7,44,19.6,0.0,0.0,4.0,0.0,0.0,0.0,0.0,none,False
2024-12-03 13:00:00,2024-12-03,13,21.6,36,20.2,0.0,0.0,5.7,0.0,0.0,0.0,0.0,none,False
2024-12-03 14:00:00,2024-12-03,14,22.2,33,20.3,0.0,0.0,7.1,0.0,0.0,0.0,0.0,none,False
2024-12-03 15:00:00,2024-12-03,15,22.5,30,19.8,0.0,0.0,8.3,0.0,0.0,0.0,0.0,none,False
2024-12-03 16:00:00,2024-12-03,16,22.2,29,19.5,0.0,0.0,8.7,0.0,0.0,0.0,0.0,none,True
2024-12-03 17:00:00,2024-12-03,17,21.8,30,19.1,0.0,0.0,7.7,0.0,0.0,0.0,0.0,none,True
2024-12-03 18:00:00,2024-12-03,18,20.5,33,18.4,0.0,0.0,4.3,0.0,0.0,0.0,0.0,none,True
2024-12-03 19:00:00,2024-12-03,19,19.5,36,17.5,0.0,0.0,3.9,0.0,0.0,0.0,0.0,none,False
2024-12-03 20:00:00,2024-12-03,20,18.7,40,17.0,0.0,0.0,3.1,0.0,0.0,0.0,0.0,none,False
2024-12-03 21:00:00,2024-12-03,21,18.3,41,16.4,0.0,0.0,4.1,0.0,0.0,0.0,0.0,none,False
2024-12-03 22:00:00,2024-12-03,22,17.5,45,15.7,0.0,0.0,4.2,0.0,0.0,0.0,0.0,none,False
2024-12-03 23:00:00,2024-12-03,23,16.8,50,15.2,0.0,0.0,4.1,0.0,0.0,0.0,0.0,none,False
2024-12-04 00:00:00,2024-12-04,0,16.3,53,14.9,0.0,0.0,4.0,0.0,0.0,0.0,0.0,none,False
2024-12-04 01:00:00,2024-12-04,1,15.9,55,14.4,0.0,0.0,4.7,0.0,0.0,0.0,0.0,none,False
2024-12-04 02:00:00,2024-12-04,2,15.4,57,13.6,0.0,0.0,7.1,0.0,0.0,0.0,0.0,none,False
2024-12-04 03:00:00,2024-12-04,3,14.9,58,12.9,0.0,0.0,8.4,0.0,0.0,0.0,0.0,none,False
2024-12-04 04:00:00,2024-12-04,4,14.8,52,12.2,0.0,0.0,9.0,0.0,0.0,0.0,0.0,none,False
2024-12-04 05:00:00,2024-12-04,5,14.2,54,11.6,0.0,0.0,9.6,0.0,0.0,0.0,0.0,none,False
2024-12-04 06:00:00,2024-12-04,6,13.8,57,11.1,0.0,0.0,10.2,0.0,0.0,0.0,0.0,none,False
2024-12-04 07:00:00,2024-12-04,7,13.2,60,10.7,0.0,0.0,10.3,0.0,0.0,0.0,0.0,none,True
2024-12-04 08:00:00,2024-12-04,8,12.9,62,10.4,0.0,0.0,10.4,0.0,0.0,0.0,0.0,none,True
2024-12-04 09:00:00,2024-12-04,9,14.0,58,11.5,0.0,0.0,10.2,0.0,0.0,0.0,0.0,none,True
2024-12-04 10:00:00,2024-12-04,10,16.2,52,14.1,0.0,0.0,8.3,0.0,0.0,0.0,0.0,none,False
2024-12-04 11:00:00,2024-12-04,11,18.2,48,16.3,0.0,0.0,7.8,0.0,0.0,0.0,0.0,none,False
2024-12-04 12:00:00,2024-12-04,12,20.0,44,18.4,0.0,0.0,6.9,0.0,0.0,0.0,0.0,none,False
2024-12-04 13:00:00,2024-12-04,13,21.4,42,20.0,0.0,0.0,8.1,0.0,0.0,0.0,0.0,none,False
2024-12-04 14:00:00,2024-12-04,14,22.4,37,20.5,0.0,0.0,9.1,0.0,0.0,0.0,0.0,none,False
2024-12-04 15:00:00,2024-12-04,15,22.5,35,20.1,0.0,0.0,10.4,0.0,0.0,0.0,0.0,none,False
2024-12-04 16:00:00,2024-12-04,16,22.5,32,19.9,0.0,0.0,9.9,0.0,0.0,0.0,0.0,none,True
2024-12-04 17:00:00,2024-12-04,17,21.8,33,19.2,0.0,0.0,9.4,0.0,0.0,0.0,0.0,none,True
2024-12-04 18:00:00,2024-12-04,18,20.7,37,18.7,0.0,0.0,6.1,0.0,0.0,0.0,0.0,none,True
2024-12-04 19:00:00,2024-12-04,19,19.9,41,18.1,0.0,0.0,4.9,0.0,0.0,0.0,0.0,none,False
2024-12-04 20:00:00,2024-12-04,20,19.1,44,17.6,0.0,0.0,4.8,0.0,0.0,0.0,0.0,none,False
2024-12-04 21:00:00,2024-12-04,21,18.5,46,16.9,0.0,0.0,4.9,0.0,0.0,0.0,0.0,none,False
2024-12-04 22:00:00,2024-12-04,22,18.0,48,16.4,0.0,0.0,5.3,0.0,0.0,0.0,0.0,none,False
2024-12-04 23:00:00,2024-12-04,23,17.1,55,16.2,0.0,0.0,2.4,0.0,0.0,0.0,0.0,none,False
2024-12-05 00:00:00,2024-12-05,0,16.6,58,16.1,0.0,0.0,0.9,0.0,0.0,0.0,0.0,none,False
2024-12-05 01:00:00,2024-12-05,1,16.1,62,15.6,0.0,0.0,0.9,0.0,0.0,0.0,0.0,none,False
2024-12-05 02:00:00,2024-12-05,2,15.4,66,15.1,0.0,0.0,0.9,0.0,0.0,0.0,0.0,none,False
2024-12-05 03:00:00,2024-12-05,3,14.8,71,14.6,0.0,0.0,0.7,0.0,0.0,0.0,0.0,none,False
2024-12-05 04:00:00,2024-12-05,4,15.1,66,14.8,0.0,0.0,0.4,0.0,0.0,0.0,0.0,none,False
2024-12-05 05:00:00,2024-12-05,5,14.6,69,14.3,0.0,0.0,0.2,0.0,0.0,0.0,0.0,none,False
2024-12-05 06:00:00,2024-12-05,6,14.0,71,13.6,0.0,0.0,0.5,0.0,0.0,0.0,0.0,none,False
2024-12-05 07:00:00,2024-12-05,7,13.6,75,13.4,0.0,0.0,0.2,0.0,0.0,0.0,0.0,none,True
2024-12-05 08:00:00,2024-12-05,8,13.3,76,13.1,0.0,0.0,0.2,0.0,0.0,0.0,0.0,none,True
2024-12-05 09:00:00,2024-12-05,9,14.8,72,14.5,0.0,0.0,2.2,0.0,0.0,0.0,0.0,none,True
2024-12-05 10:00:00,2024-12-05,10,16.6,68,16.5,0.0,0.0,1.9,0.0,0.0,0.0,0.0,none,False
2024-12-05 11:00:00,2024-12-05,11,18.5,61,18.4,0.0,0.0,3.1,0.0,0.0,0.0,0.0,none,False
2024-12-05 12:00:00,2024-12-05,12,20.1,55,19.8,0.0,0.0,4.4,0.0,0.0,0.0,0.0,none,False
2024-12-05 13:00:00,2024-12-05,13,21.4,49,21.2,0.0,0.0,3.9,0.0,0.0,0.0,0.0,none,False
2024-12-05 14:00:00,2024-12-05,14,22.1,44,21.1,0.0,0.0,5.9,0.0,0.0,0.0,0.0,none,False
2024-12-05 15:00:00,2024-12-05,15,22.4,42,21.0,0.0,0.0,7.3,0.0,0.0,0.0,0.0,none,False
2024-12-05 16:00:00,2024-12-05,16,22.5,39,20.8,0.0,0.0,7.8,0.0,0.0,0.0,0.0,none,True
2024-12-05 17:00:00,2024-12-05,17,22.0,39,20.1,0.0,0.0,8.9,0.0,0.0,0.0,0.0,none,True
2024-12-05 18:00:00,2024-12-05,18,21.2,43,19.7,0.0,0.0,6.8,0.0,0.0,0.0,0.0,none,True
2024-12-05 19:00:00,2024-12-05,19,20.5,45,19.3,0.0,0.0,5.6,0.0,0.0,0.0,0.0,none,False
2024-12-05 20:00:00,2024-12-05,20,19.8,49,18.2,0.0,0.0,8.9,0.0,0.0,0.0,0.0,none,False
2024-12-05 21:00:00,2024-12-05,21,18.8,55,17.1,0.0,0.0,10.0,0.0,0.0,0.0,0.0,none,False
2024-12-05 22:00:00,2024-12-05,22,18.0,61,16.6,0.0,0.0,10.0,0.0,0.0,0.0,0.0,none,False
2024-12-05 23:00:00,2024-12-05,23,17.2,66,16.1,0.0,0.0,9.8,0.0,0.0,0.0,0.0,none,False
2024-12-06 00:00:00,2024-12-06,0,16.9,69,15.8,0.0,0.0,9.8,0.0,0.0,0.0,0.0,none,False
2024-12-06 01:00:00,2024-12-06,1,16.5,71,15.5,0.0,0.0,9.2,0.0,0.0,0.0,0.0,none,False
2024-12-06 02:00:00,2024-12-06,2,16.0,73,15.1,0.0,0.0,9.2,0.0,0.0,0.0,0.0,none,False
2024-12-06 03:00:00,2024-12-06,3,15.6,77,14.8,0.0,0.0,8.7,0.0,0.0,0.0,0.0,none,False
2024-12-06 04:00:00,2024-12-06,4,15.9,76,15.2,0.0,0.0,8.5,0.0,0.0,0.0,0.0,none,False
2024-12-06 05:00:00,2024-12-06,5,15.7,78,15.2,0.0,0.0,7.4,0.0,0.0,0.0,0.0,none,False
2024-12-06 06:00:00,2024-12-06,6,15.4,81,15.0,0.0,0.0,7.0,0.0,0.0,0.0,0.0,none,False
2024-12-06 07:00:00,2024-12-06,7,14.7,86,14.7,0.0,0.0,5.2,0.0,0.0,0.0,0.0,none,True
2024-12-06 08:00:00,2024-12-06,8,14.1,90,14.1,0.0,0.0,4.9,0.0,0.0,0.0,0.0,none,True
2024-12-06 09:00:00,2024-12-06,9,15.3,83,15.4,0.0,0.0,4.3,0.0,0.0,0.0,0.0,none,True
2024-12-06 10:00:00,2024-12-06,10,17.2,74,17.4,0.0,0.0,4.1,0.0,0.0,0.0,0.0,none,False
2024-12-06 11:00:00,2024-12-06,11,19.2,67,19.4,0.0,0.0,4.8,0.0,0.0,0.0,0.0,none,False
2024-12-06 12:00:00,2024-12-06,12,20.9,60,21.1,0.0,0.0,4.4,0.0,0.0,0.0,0.0,none,False
2024-12-06 13:00:00,2024-12-06,13,22.2,51,22.8,0.0,0.0,2.1,0.0,0.0,0.0,0.0,none,False
2024-12-06 14:00:00,2024-12-06,14,23.1,43,23.2,0.0,0.0,1.6,0.0,0.0,0.0,0.0,none,False
2024-12-06 15:00:00,2024-12-06,15,23.5,37,22.3,0.0,0.0,4.5,0.0,0.0,0.0,0.0,none,False
2024-12-06 16:00:00,2024-12-06,16,23.4,31,21.1,0.0,0.0,7.3,0.0,0.0,0.0,0.0,none,True
2024-12-06 17:00:00,2024-12-06,17,22.5,33,20.3,0.0,0.0,7.3,0.0,0.0,0.0,0.0,none,True
2024-12-06 18:00:00,2024-12-06,18,21.6,36,19.9,0.0,0.0,4.8,0.0,0.0,0.0,0.0,none,True
2024-12-06 19:00:00,2024-12-06,19,21.1,40,19.8,0.0,0.0,3.4,0.0,0.0,0.0,0.0,none,False
2024-12-06 20:00:00,2024-12-06,20,20.6,42,19.3,0.0,0.0,3.9,0.0,0.0,0.0,0.0,none,False
2024-12-06 21:00:00,2024-12-06,21,19.5,47,18.4,0.0,0.0,3.6,0.0,0.0,0.0,0.0,none,False
2024-12-06 22:00:00,2024-12-06,22,18.8,53,18.1,0.0,0.0,2.6,0.0,0.0,0.0,0.0,none,False
2024-12-06 23:00:00,2024-12-06,23,17.9,56,17.2,0.0,0.0,3.0,0.0,0.0,0.0,0.0,none,False
2024-12-07 00:00:00,2024-12-07,0,17.1,59,16.5,0.0,0.0,2.3,0.0,0.0,0.0,0.0,none,False
2024-12-07 01:00:00,2024-12-07,1,16.5,61,15.9,0.0,0.0,2.4,0.0,0.0,0.0,0.0,none,False
2024-12-07 02:00:00,2024-12-07,2,16.1,62,15.3,0.0,0.0,3.8,0.0,0.0,0.0,0.0,none,False
2024-12-07 03:00:00,2024-12-07,3,15.7,64,14.8,0.0,0.0,3.8,0.0,0.0,0.0,0.0,none,False
2024-12-07 04:00:00,2024-12-07,4,15.2,64,14.3,0.0,0.0,3.1,0.0,0.0,0.0,0.0,none,False
2024-12-07 05:00:00,2024-12-07,5,14.9,65,14.0,0.0,0.0,2.9,0.0,0.0,0.0,0.0,none,False
2024-12-07 06:00:00,2024-12-07,6,14.6,66,13.8,0.0,0.0,2.8,0.0,0.0,0.0,0.0,none,False
2024-12-07 07:00:00,2024-12-07,7,14.2,69,13.6,0.0,0.0,2.0,0.0,0.0,0.0,0.0,none,True
2024-12-07 08:00:00,2024-12-07,8,14.1,70,13.4,0.0,0.0,2.7,0.0,0.0,0.0,0.0,none,True
2024-12-07 09:00:00,2024-12-07,9,15.8,64,15.0,0.0,0.0,3.4,0.0,0.0,0.0,0.0,none,True
2024-12-07 10:00:00,2024-12-07,10,17.8,60,17.6,0.0,0.0,1.5,0.0,0.0,0.0,0.0,none,False
2024-12-07 11:00:00,2024-12-07,11,19.5,59,19.7,0.0,0.0,0.8,0.0,0.0,0.0,0.0,none,False
2024-12-07 12:00:00,2024-12-07,12,21.0,55,21.4,0.0,0.0,1.1,0.0,0.0,0.0,0.0,none,False
2024-12-07 13:00:00,2024-12-07,13,22.0,47,21.8,0.0,0.0,1.9,0.0,0.0,0.0,0.0,none,False
2024-12-07 14:00:00,2024-12-07,14,22.8,41,22.0,0.0,0.0,3.2,0.0,0.0,0.0,0.0,none,False
2024-12-07 15:00:00,2024-12-07,15,23.1,37,22.0,0.0,0.0,3.6,0.0,0.0,0.0,0.0,none,False
2024-12-07 16:00:00,2024-12-07,16,23.0,37,21.8,0.0,0.0,3.4,0.0,0.0,0.0,0.0,none,True
2024-12-07 17:00:00,2024-12-07,17,22.7,37,21.4,0.0,0.0,4.0,0.0,0.0,0.0,0.0,none,True
2024-12-07 18:00:00,2024-12-07,18,21.2,41,20.2,0.0,0.0,2.6,0.0,0.0,0.0,0.0,none,True
2024-12-07 19:00:00,2024-12-07,19,20.4,43,19.4,0.0,0.0,2.5,0.0,0.0,0.0,0.0,none,False
2024-12-07 20:00:00,2024-12-07,20,19.6,46,18.6,0.0,0.0,2.5,0.0,0.0,0.0,0.0,none,False
2024-12-07 21:00:00,2024-12-07,21,18.9,49,18.0,0.0,0.0,2.3,0.0,0.0,0.0,0.0,none,False
2024-12-07 22:00:00,2024-12-07,22,18.4,55,18.1,0.0,0.0,0.6,0.0,0.0,0.0,0.0,none,False
2024-12-07 23:00:00,2024-12-07,23,17.6,51,16.9,0.0,0.0,0.9,0.0,0.0,0.0,0.0,none,False
2024-12-08 00:00:00,2024-12-08,0,17.0,54,16.1,0.0,0.0,2.1,0.0,0.0,0.0,0.0,none,False
2024-12-08 01:00:00,2024-12-08,1,16.5,55,15.5,0.0,0.0,2.6,0.0,0.0,0.0,0.0,none,False
2024-12-08 02:00:00,2024-12-08,2,15.9,58,15.2,0.0,0.0,1.5,0.0,0.0,0.0,0.0,none,False
2024-12-08 03:00:00,2024-12-08,3,15.1,62,14.3,0.0,0.0,2.1,0.0,0.0,0.0,0.0,none,False
2024-12-08 04:00:00,2024-12-08,4,15.0,60,14.0,0.0,0.0,1.9,0.0,0.0,0.0,0.0,none,False
2024-12-08 05:00:00,2024-12-08,5,14.4,63,13.3,0.0,0.0,2.5,0.0,0.0,0.0,0.0,none,False
2024-12-08 06:00:00,2024-12-08,6,13.9,64,12.5,0.0,0.0,5.0,0.0,0.0,0.0,0.0,none,False
2024-12-08 07:00:00,2024-12-08,7,14.1,63,12.3,0.0,0.0,7.3,0.0,0.0,0.0,0.0,none,True
2024-12-08 08:00:00,2024-12-08,8,14.1,62,12.0,0.0,0.0,8.4,0.0,0.0,0.0,0.0,none,True
2024-12-08 09:00:00,2024-12-08,9,15.4,55,13.1,0.0,0.0,9.8,0.0,0.0,0.0,0.0,none,True
2024-12-08 10:00:00,2024-12-08,10,17.4,49,15.2,0.0,0.0,8.7,0.0,0.0,0.0,0.0,none,False
2024-12-08 11:00:00,2024-12-08,11,19.3,45,17.4,0.0,0.0,7.7,0.0,0.0,0.0,0.0,none,False
2024-12-08 12:00:00,2024-12-08,12,21.0,38,19.0,0.0,0.0,7.3,0.0,0.0,0.0,0.0,none,False
2024-12-08 13:00:00,2024-12-08,13,22.3,33,20.4,0.0,0.0,7.2,0.0,0.0,0.0,0.0,none,False
2024-12-08 14:00:00,2024-12-08,14,23.1,30,21.0,0.0,0.0,6.8,0.0,0.0,0.0,0.0,none,False
2024-12-08 15:00:00,2024-12-08,15,23.5,26,20.8,0.0,0.0,7.1,0.0,0.0,0.0,0.0,none,False
2024-12-08 16:00:00,2024-12-08,16,23.2,25,20.3,0.0,0.0,7.9,0.0,0.0,0.0,0.0,none,True
2024-12-08 17:00:00,2024-12-08,17,22.5,26,19.8,0.0,0.0,6.9,0.0,0.0,0.0,0.0,none,True
2024-12-08 18:00:00,2024-12-08,18,20.7,31,18.6,0.0,0.0,3.3,0.0,0.0,0.0,0.0,none,True
2024-12-08 19:00:00,2024-12-08,19,19.8,33,17.6,0.0,0.0,3.4,0.0,0.0,0.0,0.0,none,False
2024-12-08 20:00:00,2024-12-08,20,18.8,35,16.8,0.0,0.0,2.7,0.0,0.0,0.0,0.0,none,False
2024-12-08 21:00:00,2024-12-08,21,18.0,37,16.2,0.0,0.0,1.6,0.0,0.0,0.0,0.0,none,False
2024-12-08 22:00:00,2024-12-08,22,17.5,44,16.2,0.0,0.0,0.7,0.0,0.0,0.0,0.0,none,False
2024-12-08 23:00:00,2024-12-08,23,17.0,43,15.5,0.0,0.0,0.7,0.0,0.0,0.0,0.0,none,False
2024-12-09 00:00:00,2024-12-09,0,16.1,43,14.6,0.0,0.0,0.5,0.0,0.0,0.0,0.0,none,False
2024-12-09 01:00:00,2024-12-09,1,15.3,44,13.4,0.0,0.0,1.9,0.0,0.0,0.0,0.0,none,False
2024-12-09 02:00:00,2024-12-09,2,14.9,45,13.1,0.0,0.0,1.2,0.0,0.0,0.0,0.0,none,False
2024-12-09 03:00:00,2024-12-09,3,14.4,47,12.7,0.0,0.0,1.5,0.0,0.0,0.0,0.0,none,False
2024-12-09 04:00:00,2024-12-09,4,13.4,52,11.4,0.0,0.0,3.3,0.0,0.0,0.0,0.0,none,False
2024-12-09 05:00:00,2024-12-09,5,12.7,55,10.7,0.0,0.0,4.0,0.0,0.0,0.0,0.0,none,False
2024-12-09 06:00:00,2024-12-09,6,12.4,56,10.3,0.0,0.0,4.5,0.0,0.0,0.0,0.0,none,False
2024-12-09 07:00:00,2024-12-09,7,11.9,57,9.8,0.0,0.0,4.3,0.0,0.0,0.0,0.0,none,True
2024-12-09 08:00:00,2024-12-09,8,11.4,59,9.4,0.0,0.0,3.5,0.0,0.0,0.0,0.0,none,True
2024-12-09 09:00:00,2024-12-09,9,13.3,52,11.4,0.0,0.0,3.0,0.0,0.0,0.0,0.0,none,True
2024-12-09 10:00:00,2024-12-09,10,16.9,42,15.3,0.0,0.0,1.3,0.0,0.0,0.0,0.0,none,False
2024-12-09 11:00:00,2024-12-09,11,19.5,36,17.8,0.0,0.0,2.2,0.0,0.0,0.0,0.0,none,False
2024-12-09 12:00:00,2024-12-09,12,21.5,30,19.7,0.0,0.0,1.9,0.0,0.0,0.0,0.0,none,False
2024-12-09 13:00:00,2024-12-09,13,22.8,26,21.1,0.0,0.0,2.3,0.0,0.0,0.0,0.0,none,False
2024-12-09 14:00:00,2024-12-09,14,23.5,24,21.4,0.0,0.0,3.4,0.0,0.0,0.0,0.0,none,False
2024-12-09 15:00:00,2024-12-09,15,23.9,23,21.3,0.0,0.0,4.8,0.0,0.0,0.0,0.0,none,False
2024-12-09 16:00:00,2024-12-09,16,23.6,25,20.9,0.0,0.0,7.0,0.0,0.0,0.0,0.0,none,True
2024-12-09 17:00:00,2024-12-09,17,23.0,26,20.3,0.0,0.0,7.4,0.0,0.0,0.0,0.0,none,True
2024-12-09 18:00:00,2024-12-09,18,21.4,30,19.1,0.0,0.0,4.4,0.0,0.0,0.0,0.0,none,True
2024-12-09 19:00:00,2024-12-09,19,20.5,32,18.3,0.0,0.0,4.5,0.0,0.0,0.0,0.0,none,False
2024-12-09 20:00:00,2024-12-09,20,19.9,34,17.6,0.0,0.0,5.2,0.0,0.0,0.0,0.0,none,False
2024-12-09 21:00:00,2024-12-09,21,19.2,36,16.8,0.0,0.0,6.8,0.0,0.0,0.0,0.0,none,False
2024-12-09 22:00:00,2024-12-09,22,18.5,38,16.0,0.0,0.0,7.6,0.0,0.0,0.0,0.0,none,False
2024-12-09 23:00:00,2024-12-09,23,17.7,40,15.1,0.0,0.0,8.2,0.0,0.0,0.0,0.0,none,False
2024-12-10 00:00:00,2024-12-10,0,16.9,46,14.4,0.0,0.0,9.1,0.0,0.0,0.0,0.0,none,False
2024-12-10 01:00:00,2024-12-10,1,16.2,52,14.0,0.0,0.0,9.1,0.0,0.0,0.0,0.0,none,False
2024-12-10 02:00:00,2024-12-10,2,15.8,55,13.7,0.0,0.0,8.4,0.0,0.0,0.0,0.0,none,False
2024-12-10 03:00:00,2024-12-10,3,15.4,56,13.2,0.0,0.0,8.7,0.0,0.0,0.0,0.0,none,False
2024-12-10 04:00:00,2024-12-10,4,15.1,57,12.9,0.0,0.0,9.3,0.0,0.0,0.0,0.0,none,False
2024-12-10 05:00:00,2024-12-10,5,14.6,58,12.4,0.0,0.0,9.2,0.0,0.0,0.0,0.0,none,False
2024-12-10 06:00:00,2024-12-10,6,14.2,61,12.0,0.0,0.0,9.5,0.0,0.0,0.0,0.0,none,False
2024-12-10 07:00:00,2024-12-10,7,13.9,65,11.8,0.0,0.0,9.6,0.0,0.0,0.0,0.0,none,True
2024-12-10 08:00:00,2024-12-10,8,13.8,69,11.9,0.0,0.0,9.6,0.0,0.0,0.0,0.0,none,True
2024-12-10 09:00:00,2024-12-10,9,15.1,66,13.4,0.0,0.0,8.9,0.0,0.0,0.0,0.0,none,True
2024-12-10 10:00:00,2024-12-10,10,17.1,61,15.8,0.0,0.0,8.0,0.0,0.0,0.0,0.0,none,False
2024-12-10 11:00:00,2024-12-10,11,19.0,58,17.9,0.0,0.0,9.3,0.0,0.0,0.0,0.0,none,False
2024-12-10 12:00:00,2024-12-10,12,20.7,56,19.7,0.0,0.0,10.1,0.0,0.0,0.0,0.0,none,False
2024-12-10 13:00:00,2024-12-10,13,22.2,49,21.2,0.0,0.0,10.2,0.0,0.0,0.0,0.0,none,False
2024-12-10 14:00:00,2024-12-10,14,23.2,42,21.6,0.0,0.0,10.2,0.0,0.0,0.0,0.0,none,False
2024-12-10 15:00:00,2024-12-10,15,23.8,39,21.9,0.0,0.0,10.5,0.0,0.0,0.0,0.0,none,False
2024-12-10 16:00:00,2024-12-10,16,24.0,39,22.1,0.0,0.0,11.1,0.0,0.0,0.0,0.0,none,True
2024-12-10 17:00:00,2024-12-10,17,23.3,42,21.6,0.0,0.0,11.1,0.0,0.0,0.0,0.0,none,True
2024-12-10 18:00:00,2024-12-10,18,22.1,47,21.1,0.0,0.0,7.9,0.0,0.0,0.0,0.0,none,True
2024-12-10 19:00:00,2024-12-10,19,21.2,52,20.4,0.0,0.0,7.5,0.0,0.0,0.0,0.0,none,False
2024-12-10 20:00:00,2024-12-10,20,20.5,56,19.5,0.0,0.0,10.5,0.0,0.0,0.0,0.0,none,False
2024-12-10 21:00:00,2024-12-10,21,19.5,63,18.4,0.0,0.0,12.1,0.0,0.0,0.0,0.0,none,False
2024-12-10 22:00:00,2024-12-10,22,18.2,71,17.6,0.0,0.0,11.0,0.0,0.0,0.0,0.0,none,False
2024-12-10 23:00:00,2024-12-10,23,17.5,78,17.2,0.0,0.0,9.5,0.0,0.0,0.0,0.0,none,False
2024-12-11 00:00:00,2024-12-11,0,16.8,83,16.8,0.0,0.0,8.7,0.0,0.0,0.0,0.0,none,False
2024-12-11 01:00:00,2024-12-11,1,15.9,88,16.1,0.0,0.0,7.4,0.0,0.0,0.0,0.0,none,False
2024-12-11 02:00:00,2024-12-11,2,15.2,92,15.5,0.0,0.0,6.7,0.0,0.0,0.0,0.0,none,False
2024-12-11 03:00:00,2024-12-11,3,14.6,94,14.9,0.0,0.0,6.1,0.0,0.0,0.0,0.0,none,False
2024-12-11 04:00:00,2024-12-11,4,14.3,95,14.5,0.0,0.0,6.1,0.0,0.0,0.0,0.0,none,False
2024-12-11 05:00:00,2024-12-11,5,13.9,96,14.0,0.0,0.0,6.4,0.0,0.0,0.0,0.0,none,False
2024-12-11 06:00:00,2024-12-11,6,13.6,98,13.7,0.0,0.0,6.0,0.0,0.0,0.0,0.0,none,False
2024-12-11 07:00:00,2024-12-11,7,13.5,99,13.7,0.0,0.0,6.2,0.0,0.0,0.0,0.0,none,True
2024-12-11 08:00:00,2024-12-11,8,13.6,99,13.8,0.0,0.0,6.4,0.0,0.0,0.0,0.0,none,True
2024-12-11 09:00:00,2024-12-11,9,13.9,99,13.9,0.0,0.0,7.5,0.0,0.0,0.0,0.0,none,True
2024-12-11 10:00:00,2024-12-11,10,14.6,97,14.5,0.0,0.0,9.1,0.0,0.0,0.0,0.0,none,False
2024-12-11 11:00:00,2024-12-11,11,16.5,85,16.5,0.0,0.0,9.7,0.0,0.0,0.0,0.0,none,False
2024-12-11 12:00:00,2024-12-11,12,19.4,71,19.0,0.0,0.0,10.9,0.0,0.0,0.0,0.0,none,False
2024-12-11 13:00:00,2024-12-11,13,21.0,61,20.6,0.0,0.0,9.7,0.0,0.0,0.0,0.0,none,False
2024-12-11 14:00:00,2024-12-11,14,21.7,57,21.2,0.0,0.0,9.1,0.0,0.0,0.0,0.0,none,False
2024-12-11 15:00:00,2024-12-11,15,23.0,51,22.4,0.0,0.0,9.2,0.0,0.0,0.0,0.0,none,False
2024-12-11 16:00:00,2024-12-11,16,23.1,51,22.4,0.0,0.0,10.6,0.0,0.0,0.0,0.0,none,True
2024-12-11 17:00:00,2024-12-11,17,22.8,52,22.0,0.0,0.0,10.7,0.0,0.0,0.0,0.0,none,True
2024-12-11 18:00:00,2024-12-11,18,21.9,56,21.4,0.0,0.0,8.8,0.0,0.0,0.0,0.0,none,True
2024-12-11 19:00:00,2024-12-11,19,21.4,56,20.7,0.0,0.0,9.8,0.0,0.0,0.0,0.0,none,False
2024-12-11 20:00:00,2024-12-11,20,20.5,59,19.6,0.0,0.0,10.5,0.0,0.0,0.0,0.0,none,False
2024-12-11 21:00:00,2024-12-11,21,19.6,63,18.8,0.0,0.0,11.0,0.0,0.0,0.0,0.0,none,False
2024-12-11 22:00:00,2024-12-11,22,18.7,69,18.1,0.0,0.0,10.8,0.0,0.0,0.0,0.0,none,False
2024-12-11 23:00:00,2024-12-11,23,18.0,77,17.7,0.0,0.0,10.3,0.0,0.0,0.0,0.0,none,False
2024-12-12 00:00:00,2024-12-12,0,17.2,84,17.4,0.0,0.0,9.2,0.0,0.0,0.0,0.0,none,False
2024-12-12 01:00:00,2024-12-12,1,16.6,88,16.9,0.0,0.0,8.4,0.0,0.0,0.0,0.0,none,False
2024-12-12 02:00:00,2024-12-12,2,16.0,92,16.4,0.0,0.0,8.1,0.0,0.0,0.0,0.0,none,False
2024-12-12 03:00:00,2024-12-12,3,15.8,93,16.2,0.0,0.0,7.6,0.0,0.0,0.0,0.0,none,False
2024-12-12 04:00:00,2024-12-12,4,15.4,94,15.9,0.0,0.0,7.3,0.0,0.0,0.0,0.0,none,False
2024-12-12 05:00:00,2024-12-12,5,15.2,95,15.7,0.0,0.0,7.1,0.0,0.0,0.0,0.0,none,False
2024-12-12 06:00:00,2024-12-12,6,15.1,96,15.5,0.0,0.0,7.3,0.0,0.0,0.0,0.0,none,False
2024-12-12 07:00:00,2024-12-12,7,15.3,94,15.6,0.0,0.0,7.6,0.0,0.0,0.0,0.0,none,True
2024-12-12 08:00:00,2024-12-12,8,15.2,94,15.5,0.0,0.0,7.5,0.0,0.0,0.0,0.0,none,True
2024-12-12 09:00:00,2024-12-12,9,16.2,87,16.2,0.0,0.0,9.5,0.0,0.0,0.0,0.0,none,True
2024-12-12 10:00:00,2024-12-12,10,17.5,80,17.6,0.0,0.0,8.7,0.0,0.0,0.0,0.0,none,False
2024-12-12 11:00:00,2024-12-12,11,19.3,71,18.5,0.0,0.0,14.5,0.0,0.0,0.0,0.0,none,False
2024-12-12 12:00:00,2024-12-12,12,20.9,60,20.0,0.0,0.0,12.2,0.0,0.0,0.0,0.0,none,False
2024-12-12 13:00:00,2024-12-12,13,22.0,52,21.0,0.0,0.0,11.0,0.0,0.0,0.0,0.0,none,False
2024-12-12 14:00:00,2024-12-12,14,22.8,47,21.4,0.0,0.0,11.0,0.0,0.0,0.0,0.0,none,False
2024-12-12 15:00:00,2024-12-12,15,23.2,44,21.7,0.0,0.0,11.2,0.0,0.0,0.0,0.0,none,False
2024-12-12 16:00:00,2024-12-12,16,23.0,46,21.6,0.0,0.0,11.2,0.0,0.0,0.0,0.0,none,True
2024-12-12 17:00:00,2024-12-12,17,22.5,47,21.2,0.0,0.0,11.0,0.0,0.0,0.0,0.0,none,True
2024-12-12 18:00:00,2024-12-12,18,21.6,50,20.6,0.0,0.0,8.7,0.0,0.0,0.0,0.0,none,True
2024-12-12 19:00:00,2024-12-12,19,21.2,51,20.2,0.0,0.0,9.2,0.0,0.0,0.0,0.0,none,False
2024-12-12 20:00:00,2024-12-12,20,20.4,52,18.9,0.0,0.0,10.0,0.0,0.0,0.0,0.0,none,False
2024-12-12 21:00:00,2024-12-12,21,19.3,55,17.9,0.0,0.0,9.6,0.0,0.0,0.0,0.0,none,False
2024-12-12 22:00:00,2024-12-12,22,18.4,59,17.2,0.0,0.0,8.6,0.0,0.0,0.0,0.0,none,False
2024-12-12 23:00:00,2024-12-12,23,17.5,66,16.6,0.0,0.0,8.2,0.0,0.0,0.0,0.0,none,False
2024-12-13 00:00:00,2024-12-13,0,17.0,71,16.4,0.0,0.0,7.3,0.0,0.0,0.0,0.0,none,False
2024-12-13 01:00:00,2024-12-13,1,16.4,77,16.1,0.0,0.0,7.1,0.0,0.0,0.0,0.0,none,False
2024-12-13 02:00:00,2024-12-13,2,15.7,83,15.6,0.0,0.0,6.8,0.0,0.0,0.0,0.0,none,False
2024-12-13 03:00:00,2024-12-13,3,15.2,88,15.3,0.0,0.0,6.8,0.0,0.0,0.0,0.0,none,False
2024-12-13 04:00:00,2024-12-13,4,15.1,88,15.0,0.0,0.0,6.7,0.0,0.0,0.0,0.0,none,False
2024-12-13 05:00:00,2024-12-13,5,14.6,91,14.7,0.0,0.0,6.3,0.0,0.0,0.0,0.0,none,False
2024-12-13 06:00:00,2024-12-13,6,14.2,93,14.3,0.0,0.0,6.3,0.0,0.0,0.0,0.0,none,False
2024-12-13 07:00:00,2024-12-13,7,13.9,94,13.9,0.0,0.0,6.0,0.0,0.0,0.0,0.0,none,True
2024-12-13 08:00:00,2024-12-13,8,13.5,95,13.6,0.0,0.0,4.8,0.0,0.0,0.0,0.0,none,True
2024-12-13 09:00:00,2024-12-13,9,14.6,89,14.6,0.0,0.0,5.5,0.0,0.0,0.0,0.0,none,True
2024-12-13 10:00:00,2024-12-13,10,16.5,76,16.4,0.0,0.0,5.2,0.0,0.0,0.0,0.0,none,False
2024-12-13 11:00:00,2024-12-13,11,18.8,60,17.4,0.0,0.0,11.4,0.0,0.0,0.0,0.0,none,False
2024-12-13 12:00:00,2024-12-13,12,20.2,49,18.3,0.0,0.0,11.4,0.0,0.0,0.0,0.0,none,False
2024-12-13 13:00:00,2024-12-13,13,21.4,42,19.2,0.0,0.0,12.5,0.0,0.0,0.0,0.0,none,False
2024-12-13 14:00:00,2024-12-13,14,22.0,40,19.8,0.0,0.0,12.5,0.0,0.0,0.0,0.0,none,False
2024-12-13 15:00:00,2024-12-13,15,22.6,37,20.0,0.0,0.0,13.1,0.0,0.0,0.0,0.0,none,False
2024-12-13 16:00:00,2024-12-13,16,22.1,38,19.2,0.0,0.0,14.9,0.0,0.0,0.0,0.0,none,True
2024-12-13 17:00:00,2024-12-13,17,21.1,40,18.1,0.0,0.0,15.3,0.0,0.0,0.0,0.0,none,True
2024-12-13 18:00:00,2024-12-13,18,20.0,40,16.9,0.0,0.0,13.8,0.0,0.0,0.0,0.0,none,True
2024-12-13 19:00:00,2024-12-13,19,18.9,43,15.7,0.0,0.0,14.5,0.0,0.0,0.0,0.0,none,False
2024-12-13 20:00:00,2024-12-13,20,17.9,48,15.3,0.0,0.0,12.4,0.0,0.0,0.0,0.0,none,False
2024-12-13 21:00:00,2024-12-13,21,17.2,52,15.0,0.0,0.0,10.5,0.0,0.0,0.0,0.0,none,False
2024-12-13 22:00:00,2024-12-13,22,16.5,56,14.4,0.0,0.0,10.3,0.0,0.0,0.0,0.0,none,False
2024-12-13 23:00:00,2024-12-13,23,15.9,59,14.2,0.0,0.0,8.1,0.0,0.0,0.0,0.0,none,False
2024-12-14 00:00:00,2024-12-14,0,15.2,63,13.7,0.0,0.0,6.7,0.0,0.0,0.0,0.0,none,False
2024-12-14 01:00:00,2024-12-14,1,14.6,67,13.3,0.0,0.0,5.6,0.0,0.0,0.0,0.0,none,False
2024-12-14 02:00:00,2024-12-14,2,13.9,71,12.8,0.0,0.0,5.5,0.0,0.0,0.0,0.0,none,False
2024-12-14 03:00:00,2024-12-14,3,13.5,73,12.3,0.0,0.0,5.9,0.0,0.0,0.0,0.0,none,False
2024-12-14 04:00:00,2024-12-14,4,14.1,65,12.4,0.0,0.0,7.7,0.0,0.0,0.0,0.0,none,False
2024-12-14 05:00:00,2024-12-14,5,13.8,66,12.0,0.0,0.0,7.6,0.0,0.0,0.0,0.0,none,False
2024-12-14 06:00:00,2024-12-14,6,13.6,66,11.9,0.0,0.0,6.6,0.0,0.0,0.0,0.0,none,False
2024-12-14 07:00:00,2024-12-14,7,13.1,69,11.6,0.0,0.0,5.3,0.0,0.0,0.0,0.0,none,True
2024-12-14 08:00:00,2024-12-14,8,12.5,72,11.2,0.0,0.0,4.8,0.0,0.0,0.0,0.0,none,True
2024-12-14 09:00:00,2024-12-14,9,13.9,65,12.4,0.0,0.0,6.4,0.0,0.0,0.0,0.0,none,True
2024-12-14 10:00:00,2024-12-14,10,16.0,57,14.7,0.0,0.0,4.7,0.0,0.0,0.0,0.0,none,False
2024-12-14 11:00:00,2024-12-14,11,18.2,47,16.1,0.0,0.0,8.1,0.0,0.0,0.0,0.0,none,False
2024-12-14 12:00:00,2024-12-14,12,19.8,40,17.1,0.0,0.0,10.5,0.0,0.0,0.0,0.0,none,False
2024-12-14 13:00:00,2024-12-14,13,20.9,35,18.2,0.0,0.0,11.5,0.0,0.0,0.0,0.0,none,False
2024-12-14 14:00:00,2024-12-14,14,21.5,33,18.6,0.0,0.0,11.5,0.0,0.0,0.0,0.0,none,False
2024-12-14 15:00:00,2024-12-14,15,21.6,32,18.7,0.0,0.0,11.0,0.0,0.0,0.0,0.0,none,False
2024-12-14 16:00:00,2024-12-14,16,21.6,31,18.8,0.0,0.0,9.9,0.0,0.0,0.0,0.0,none,True
2024-12-14 17:00:00,2024-12-14,17,21.2,33,18.5,0.0,0.0,9.0,0.0,0.0,0.0,0.0,none,True
2024-12-14 18:00:00,2024-12-14,18,20.2,35,17.7,0.0,0.0,8.6,0.0,0.0,0.0,0.0,none,True
2024-12-14 19:00:00,2024-12-14,19,19.4,38,16.7,0.0,0.0,9.3,0.0,0.0,0.0,0.0,none,False
2024-12-14 20:00:00,2024-12-14,20,18.3,41,15.9,0.0,0.0,7.5,0.0,0.0,0.0,0.0,none,False
2024-12-14 21:00:00,2024-12-14,21,17.5,43,15.0,0.0,0.0,8.7,0.0,0.0,0.0,0.0,none,False
2024-12-14 22:00:00,2024-12-14,22,16.9,47,14.2,0.0,0.0,10.8,0.0,0.0,0.0,0.0,none,False
2024-12-14 23:00:00,2024-12-14,23,16.0,53,13.6,0.0,0.0,10.5,0.0,0.0,0.0,0.0,none,False
2024-12-15 00:00:00,2024-12-15,0,15.1,60,13.1,0.0,0.0,8.5,0.0,0.0,0.0,0.0,none,False
2024-12-15 01:00:00,2024-12-15,1,14.2,66,12.5,0.0,0.0,8.5,0.0,0.0,0.0,0.0,none,False
2024-12-15 02:00:00,2024-12-15,2,13.8,71,12.1,0.0,0.0,8.7,0.0,0.0,0.0,0.0,none,False
2024-12-15 03:00:00,2024-12-15,3,13.4,72,11.9,0.0,0.0,8.0,0.0,0.0,0.0,0.0,none,False
2024-12-15 04:00:00,2024-12-15,4,13.1,71,11.5,0.0,0.0,7.8,0.0,0.0,0.0,0.0,none,False
2024-12-15 05:00:00,2024-12-15,5,12.5,73,10.9,0.0,0.0,6.7,0.0,0.0,0.0,0.0,none,False
2024-12-15 06:00:00,2024-12-15,6,11.9,75,10.3,0.0,0.0,6.2,0.0,0.0,0.0,0.0,none,False
2024-12-15 07:00:00,2024-12-15,7,11.4,76,9.8,0.0,0.0,6.1,0.0,0.0,0.0,0.0,none,True
2024-12-15 08:00:00,2024-12-15,8,11.2,76,9.5,0.0,0.0,6.6,0.0,0.0,0.0,0.0,none,True
2024-12-15 09:00:00,2024-12-15,9,12.4,70,10.7,0.0,0.0,7.1,0.0,0.0,0.0,0.0,none,True
2024-12-15 10:00:00,2024-12-15,10,14.5,62,12.9,0.0,0.0,6.0,0.0,0.0,0.0,0.0,none,False
2024-12-15 11:00:00,2024-12-15,11,16.8,54,15.0,0.0,0.0,7.4,0.0,0.0,0.0,0.0,none,False
2024-12-15 12:00:00,2024-12-15,12,18.5,47,16.3,0.0,0.0,10.0,0.0,0.0,0.0,0.0,none,False
2024-12-15 13:00:00,2024-12-15,13,19.8,40,17.2,0.0,0.0,11.7,0.0,0.0,0.0,0.0,none,False
2024-12-15 14:00:00,2024-12-15,14,20.4,35,17.6,0.0,0.0,11.8,0.0,0.0,0.0,0.0,none,False
2024-12-15 15:00:00,2024-12-15,15,20.8,32,17.6,0.0,0.0,11.5,0.0,0.0,0.0,0.0,none,False
2024-12-15 16:00:00,2024-12-15,16,20.9,31,17.7,0.0,0.0,11.1,0.0,0.0,0.0,0.0,none,True
2024-12-15 17:00:00,2024-12-15,17,20.4,33,17.2,0.0,0.0,10.8,0.0,0.0,0.0,0.0,none,True
2024-12-15 18:00:00,2024-12-15,18,19.2,35,16.4,0.0,0.0,8.8,0.0,0.0,0.0,0.0,none,True
2024-12-15 19:00:00,2024-12-15,19,18.4,37,15.8,0.0,0.0,7.0,0.0,0.0,0.0,0.0,none,False
2024-12-15 20:00:00,2024-12-15,20,17.5,39,14.8,0.0,0.0,8.1,0.0,0.0,0.0,0.0,none,False
2024-12-15 21:00:00,2024-12-15,21,16.7,41,13.8,0.0,0.0,9.7,0.0,0.0,0.0,0.0,none,False
2024-12-15 22:00:00,2024-12-15,22,15.9,45,13.0,0.0,0.0,10.4,0.0,0.0,0.0,0.0,none,False
2024-12-15 23:00:00,2024-12-15,23,15.0,53,12.5,0.0,0.0,9.8,0.0,0.0,0.0,0.0,none,False
2024-12-16 00:00:00,2024-12-16,0,14.1,60,12.0,0.0,0.0,8.9,0.0,0.0,0.0,0.0,none,False
2024-12-16 01:00:00,2024-12-16,1,13.6,63,11.6,0.0,0.0,8.7,0.0,0.0,0.0,0.0,none,False
2024-12-16 02:00:00,2024-12-16,2,13.4,62,11.2,0.0,0.0,8.9,0.0,0.0,0.0,0.0,none,False
2024-12-16 03:00:00,2024-12-16,3,13.1,59,10.7,0.0,0.0,8.6,0.0,0.0,0.0,0.0,none,False
2024-12-16 04:00:00,2024-12-16,4,12.5,65,10.4,0.0,0.0,7.4,0.0,0.0,0.0,0.0,none,False
2024-12-16 05:00:00,2024-12-16,5,11.9,66,10.0,0.0,0.0,6.5,0.0,0.0,0.0,0.0,none,False
2024-12-16 06:00:00,2024-12-16,6,11.4,67,9.5,0.0,0.0,5.5,0.0,0.0,0.0,0.0,none,False
2024-12-16 07:00:00,2024-12-16,7,11.1,67,9.2,0.0,0.0,5.5,0.0,0.0,0.0,0.0,none,True
2024-12-16 08:00:00,2024-12-16,8,10.9,68,8.9,0.0,0.0,5.0,0.0,0.0,0.0,0.0,none,True
2024-12-16 09:00:00,2024-12-16,9,12.4,61,10.4,0.0,0.0,6.0,0.0,0.0,0.0,0.0,none,True
2024-12-16 10:00:00,2024-12-16,10,14.7,55,12.9,0.0,0.0,5.1,0.0,0.0,0.0,0.0,none,False
2024-12-16 11:00:00,2024-12-16,11,16.8,55,15.2,0.0,0.0,6.4,0.0,0.0,0.0,0.0,none,False
2024-12-16 12:00:00,2024-12-16,12,18.5,52,16.9,0.0,0.0,7.5,0.0,0.0,0.0,0.0,none,False
2024-12-16 13:00:00,2024-12-16,13,19.9,46,18.3,0.0,0.0,8.0,0.0,0.0,0.0,0.0,none,False
2024-12-16 14:00:00,2024-12-16,14,20.8,42,19.2,0.0,0.0,7.7,0.0,0.0,0.0,0.0,none,False
2024-12-16 15:00:00,2024-12-16,15,21.4,41,19.6,0.0,0.0,7.7,0.0,0.0,0.0,0.0,none,False
2024-12-16 16:00:00,2024-12-16,16,21.6,38,19.8,0.0,0.0,7.1,0.0,0.0,0.0,0.0,none,True
2024-12-16 17:00:00,2024-12-16,17,21.3,38,19.2,0.0,0.0,8.0,0.0,0.0,0.0,0.0,none,True
2024-12-16 18:00:00,2024-12-16,18,20.1,40,18.4,0.0,0.0,5.6,0.0,0.0,0.0,0.0,none,True
2024-12-16 19:00:00,2024-12-16,19,19.3,43,17.5,0.0,0.0,5.8,0.0,0.0,0.0,0.0,none,False
2024-12-16 20:00:00,2024-12-16,20,18.8,46,16.9,0.0,0.0,7.7,0.0,0.0,0.0,0.0,none,False
2024-12-16 21:00:00,2024-12-16,21,18.1,52,16.0,0.0,0.0,10.6,0.0,0.0,0.0,0.0,none,False
2024-12-16 22:00:00,2024-12-16,22,17.0,58,15.2,0.0,0.0,10.0,0.0,0.0,0.0,0.0,none,False
2024-12-16 23:00:00,2024-12-16,23,16.1,62,14.6,0.0,0.0,8.2,0.0,0.0,0.0,0.0,none,False
2024-12-17 00:00:00,2024-12-17,0,15.4,66,14.1,0.0,0.0,6.8,0.0,0.0,0.0,0.0,none,False
2024-12-17 01:00:00,2024-12-17,1,14.8,70,13.7,0.0,0.0,5.7,0.0,0.0,0.0,0.0,none,False
2024-12-17 02:00:00,2024-12-17,2,14.2,73,13.3,0.0,0.0,5.2,0.0,0.0,0.0,0.0,none,False
2024-12-17 03:00:00,2024-12-17,3,13.6,77,12.9,0.0,0.0,4.2,0.0,0.0,0.0,0.0,none,False
2024-12-17 04:00:00,2024-12-17,4,13.1,76,12.2,0.0,0.0,4.8,0.0,0.0,0.0,0.0,none,False
2024-12-17 05:00:00,2024-12-17,5,12.4,80,11.6,0.0,0.0,4.1,0.0,0.0,0.0,0.0,none,False
2024-12-17 06:00:00,2024-12-17,6,11.9,82,11.1,0.0,0.0,4.1,0.0,0.0,0.0,0.0,none,False
2024-12-17 07:00:00,2024-12-17,7,11.6,84,10.8,0.0,0.0,4.0,0.0,0.0,0.0,0.0,none,True
2024-12-17 08:00:00,2024-12-17,8,11.4,85,10.6,0.0,0.0,3.9,0.0,0.0,0.0,0.0,none,True
2024-12-17 09:00:00,2024-12-17,9,13.3,75,12.3,0.0,0.0,5.2,0.0,0.0,0.0,0.0,none,True
2024-12-17 10:00:00,2024-12-17,10,15.5,65,14.5,0.0,0.0,5.1,0.0,0.0,0.0,0.0,none,False
2024-12-17 11:00:00,2024-12-17,11,17.4,58,16.2,0.0,0.0,6.2,0.0,0.0,0.0,0.0,none,False
2024-12-17 12:00:00,2024-12-17,12,19.2,54,18.0,0.0,0.0,8.5,0.0,0.0,0.0,0.0,none,False
2024-12-17 13:00:00,2024-12-17,13,20.8,48,19.4,0.0,0.0,9.5,0.0,0.0,0.0,0.0,none,False
2024-12-17 14:00:00,2024-12-17,14,21.8,42,20.1,0.0,0.0,9.0,0.0,0.0,0.0,0.0,none,False
2024-12-17 15:00:00,2024-12-17,15,22.3,38,20.3,0.0,0.0,8.5,0.0,0.0,0.0,0.0,none,False
2024-12-17 16:00:00,2024-12-17,16,22.0,40,20.1,0.0,0.0,9.3,0.0,0.0,0.0,0.0,none,True
2024-12-17 17:00:00,2024-12-17,17,21.7,40,19.8,0.0,0.0,8.6,0.0,0.0,0.0,0.0,none,True
2024-12-17 18:00:00,2024-12-17,18,20.7,42,19.2,0.0,0.0,6.0,0.0,0.0,0.0,0.0,none,True
2024-12-17 19:00:00,2024-12-17,19,19.8,46,18.4,0.0,0.0,5.8,0.0,0.0,0.0,0.0,none,False
2024-12-17 20:00:00,2024-12-17,20,19.3,47,17.7,0.0,0.0,6.8,0.0,0.0,0.0,0.0,none,False
2024-12-17 21:00:00,2024-12-17,21,18.5,50,16.3,0.0,0.0,12.2,0.0,0.0,0.0,0.0,none,False
2024-12-17 22:00:00,2024-12-17,22,17.8,59,15.8,0.0,0.0,13.0,0.0,0.0,0.0,0.0,none,False
2024-12-17 23:00:00,2024-12-17,23,16.8,66,15.3,0.0,0.0,10.8,0.0,0.0,0.0,0.0,none,False
2024-12-18 00:00:00,2024-12-18,0,15.9,71,14.7,0.0,0.0,9.2,0.0,0.0,0.0,0.0,none,False
2024-12-18 01:00:00,2024-12-18,1,15.1,75,14.1,0.0,0.0,8.1,0.0,0.0,0.0,0.0,none,False
2024-12-18 02:00:00,2024-12-18,2,14.4,79,13.6,0.0,0.0,7.0,0.0,0.0,0.0,0.0,none,False
2024-12-18 03:00:00,2024-12-18,3,13.9,82,13.2,0.0,0.0,6.2,0.0,0.0,0.0,0.0,none,False
2024-12-18 04:00:00,2024-12-18,4,13.4,82,12.8,0.0,0.0,5.1,0.0,0.0,0.0,0.0,none,False
2024-12-18 05:00:00,2024-12-18,5,12.9,84,12.4,0.0,0.0,4.7,0.0,0.0,0.0,0.0,none,False
2024-12-18 06:00:00,2024-12-18,6,12.6,86,12.0,0.0,0.0,4.4,0.0,0.0,0.0,0.0,none,False
2024-12-18 07:00:00,2024-12-18,7,12.1,88,11.5,0.0,0.0,3.8,0.0,0.0,0.0,0.0,none,True
2024-12-18 08:00:00,2024-12-18,8,11.8,90,11.3,0.0,0.0,3.7,0.0,0.0,0.0,0.0,none,True
2024-12-18 09:00:00,2024-12-18,9,12.9,83,12.3,0.0,0.0,4.2,0.0,0.0,0.0,0.0,none,True
2024-12-18 10:00:00,2024-12-18,10,14.6,74,14.1,0.0,0.0,4.5,0.0,0.0,0.0,0.0,none,False
2024-12-18 11:00:00,2024-12-18,11,16.8,66,16.1,0.0,0.0,5.5,0.0,0.0,0.0,0.0,none,False
2024-12-18 12:00:00,2024-12-18,12,18.8,60,17.9,0.0,0.0,7.6,0.0,0.0,0.0,0.0,none,False
2024-12-18 13:00:00,2024-12-18,13,20.2,53,19.1,0.0,0.0,9.9,0.0,0.0,0.0,0.0,none,False
2024-12-18 14:00:00,2024-12-18,14,21.1,47,19.5,0.0,0.0,11.1,0.0,0.0,0.0,0.0,none,False
2024-12-18 15:00:00,2024-12-18,15,21.8,43,19.7,0.0,0.0,11.5,0.0,0.0,0.0,0.0,none,False
2024-12-18 16:00:00,2024-12-18,16,21.7,43,19.6,0.0,0.0,12.2,0.0,0.0,0.0,0.0,none,True
2024-12-18 17:00:00,2024-12-18,17,21.1,43,18.8,0.0,0.0,12.5,0.0,0.0,0.0,0.0,none,True
2024-12-18 18:00:00,2024-12-18,18,20.2,45,18.4,0.0,0.0,9.0,0.0,0.0,0.0,0.0,none,True
2024-12-18 19:00:00,2024-12-18,19,19.6,47,17.8,0.0,0.0,9.0,0.0,0.0,0.0,0.0,none,False
2024-12-18 20:00:00,2024-12-18,20,18.9,49,16.6,0.0,0.0,11.9,0.0,0.0,0.0,0.0,none,False
2024-12-18 21:00:00,2024-12-18,21,18.0,53,15.6,0.0,0.0,12.9,0.0,0.0,0.0,0.0,none,False
2024-12-18 22:00:00,2024-12-18,22,17.1,56,14.9,0.0,0.0,12.2,0.0,0.0,0.0,0.0,none,False
2024-12-18 23:00:00,2024-12-18,23,16.4,60,14.4,0.0,0.0,11.3,0.0,0.0,0.0,0.0,none,False
2024-12-19 00:00:00,2024-12-19,0,15.7,64,14.0,0.0,0.0,10.0,0.0,0.0,0.0,0.0,none,False
2024-12-19 01:00:00,2024-12-19,1,15.0,68,13.5,0.0,0.0,8.9,0.0,0.0,0.0,0.0,none,False
2024-12-19 02:00:00,2024-12-19,2,14.4,72,13.0,0.0,0.0,8.3,0.0,0.0,0.0,0.0,none,False
2024-12-19 03:00:00,2024-12-19,3,13.8,78,12.6,0.0,0.0,7.6,0.0,0.0,0.0,0.0,none,False
2024-12-19 04:00:00,2024-12-19,4,13.0,80,11.8,0.0,0.0,7.3,0.0,0.0,0.0,0.0,none,False
2024-12-19 05:00:00,2024-12-19,5,12.5,85,11.5,0.0,0.0,6.8,0.0,0.0,0.0,0.0,none,False
2024-12-19 06:00:00,2024-12-19,6,12.1,89,11.3,0.0,0.0,6.0,0.0,0.0,0.0,0.0,none,False
2024-12-19 07:00:00,2024-12-19,7,11.7,92,11.1,0.0,0.0,5.3,0.0,0.0,0.0,0.0,none,True
2024-12-19 08:00:00,2024-12-19,8,11.4,93,10.8,0.0,0.0,4.6,0.0,0.0,0.0,0.0,none,True
2024-12-19 09:00:00,2024-12-19,9,12.8,87,12.2,0.0,0.0,5.4,0.0,0.0,0.0,0.0,none,True
2024-12-19 10:00:00,2024-12-19,10,14.9,76,14.6,0.0,0.0,4.1,0.0,0.0,0.0,0.0,none,False
2024-12-19 11:00:00,2024-12-19,11,17.2,67,16.9,0.0,0.0,4.2,0.0,0.0,0.0,0.0,none,False
2024-12-19 12:00:00,2024-12-19,12,19.1,59,18.5,0.0,0.0,6.1,0.0,0.0,0.0,0.0,none,False
2024-12-19 13:00:00,2024-12-19,13,20.4,49,19.7,0.0,0.0,4.6,0.0,0.0,0.0,0.0,none,False
2024-12-19 14:00:00,2024-12-19,14,21.1,42,20.2,0.0,0.0,3.8,0.0,0.0,0.0,0.0,none,False
2024-12-19 15:00:00,2024-12-19,15,21.6,39,20.4,0.0,0.0,2.8,0.0,0.0,0.0,0.0,none,False
2024-12-19 16:00:00,2024-12-19,16,21.8,37,20.2,0.0,0.0,4.3,0.0,0.0,0.0,0.0,none,True
2024-12-19 17:00:00,2024-12-19,17,21.5,37,19.4,0.0,0.0,7.7,0.0,0.0,0.0,0.0,none,True
2024-12-19 18:00:00,2024-12-19,18,20.5,40,18.2,0.0,0.0,9.4,0.0,0.0,0.0,0.0,none,True
2024-12-19 19:00:00,2024-12-19,19,19.4,44,17.0,0.0,0.0,10.5,0.0,0.0,0.0,0.0,none,False
2024-12-19 20:00:00,2024-12-19,20,18.0,50,15.6,0.0,0.0,12.2,0.0,0.0,0.0,0.0,none,False
2024-12-19 21:00:00,2024-12-19,21,15.9,71,14.5,0.0,0.0,10.9,0.0,0.0,0.0,0.0,none,False
2024-12-19 22:00:00,2024-12-19,22,14.9,76,13.8,0.0,0.0,9.5,0.0,0.0,0.0,0.0,none,False
2024-12-19 23:00:00,2024-12-19,23,14.3,80,13.7,0.0,0.0,6.3,0.0,0.0,0.0,0.0,none,False
2024-12-20 00:00:00,2024-12-20,0,13.6,83,13.5,0.0,0.0,2.5,0.0,0.0,0.0,0.0,none,False
2024-12-20 01:00:00,2024-12-20,1,13.6,83,13.0,0.0,0.0,5.8,0.0,0.0,0.0,0.0,none,False
2024-12-20 02:00:00,2024-12-20,2,13.2,85,12.4,0.0,0.0,7.1,0.0,0.0,0.0,0.0,none,False
2024-12-20 03:00:00,2024-12-20,3,13.0,85,12.2,0.3,0.3,6.8,0.3,0.3,0.3,0.3,light,False
2024-12-20 04:00:00,2024-12-20,4,13.1,85,12.6,0.2,0.2,5.3,0.2,0.5,0.5,0.5,light,False
2024-12-20 05:00:00,2024-12-20,5,12.7,88,12.1,0.0,0.0,5.9,0.0,0.5,0.5,0.5,none,False
2024-12-20 06:00:00,2024-12-20,6,12.6,88,11.7,0.0,0.0,7.5,0.0,0.2,0.5,0.5,none,False
2024-12-20 07:00:00,2024-12-20,7,12.4,89,11.4,0.0,0.0,8.3,0.0,0.0,0.5,0.5,none,True
2024-12-20 08:00:00,2024-12-20,8,12.2,87,11.2,1.1,1.1,7.1,1.1,1.1,1.6,1.6,light,True
2024-12-20 09:00:00,2024-12-20,9,13.1,83,12.4,0.0,0.0,5.1,0.0,1.1,1.3,1.6,none,True
2024-12-20 10:00:00,2024-12-20,10,14.4,77,13.6,0.3,0.3,6.3,0.3,1.4000000000000001,1.4000000000000001,1.9000000000000001,light,False
2024-12-20 11:00:00,2024-12-20,11,16.2,69,15.5,0.2,0.2,6.4,0.2,0.5,1.6,2.1,light,False
2024-12-20 12:00:00,2024-12-20,12,18.4,59,17.2,0.0,0.0,8.6,0.0,0.5,1.6,2.1,none,False
2024-12-20 13:00:00,2024-12-20,13,19.8,53,17.8,0.1,0.1,13.3,0.1,0.30000000000000004,1.7000000000000002,2.2,light,False
2024-12-20 14:00:00,2024-12-20,14,20.7,48,18.5,0.0,0.0,13.2,0.0,0.1,0.6,2.2,none,False
2024-12-20 15:00:00,2024-12-20,15,21.3,44,19.0,0.0,0.0,13.0,0.0,0.1,0.6,2.2,none,False
2024-12-20 16:00:00,2024-12-20,16,21.4,42,19.0,0.0,0.0,12.4,0.0,0.0,0.30000000000000004,2.2,none,True
2024-12-20 17:00:00,2024-12-20,17,21.3,41,19.1,0.0,0.0,10.8,0.0,0.0,0.1,2.2,none,True
2024-12-20 18:00:00,2024-12-20,18,20.4,43,18.5,0.0,0.0,8.0,0.0,0.0,0.1,2.2,none,True
2024-12-20 19:00:00,2024-12-20,19,19.5,47,17.8,0.0,0.0,7.3,0.0,0.0,0.0,2.2,none,False
2024-12-20 20:00:00,2024-12-20,20,18.6,50,17.2,0.0,0.0,6.3,0.0,0.0,0.0,2.2,none,False
2024-12-20 21:00:00,2024-12-20,21,17.5,55,16.5,0.0,0.0,4.5,0.0,0.0,0.0,2.2,none,False
2024-12-20 22:00:00,2024-12-20,22,16.4,60,15.4,0.0,0.0,3.7,0.0,0.0,0.0,2.2,none,False
2024-12-20 23:00:00,2024-12-20,23,15.7,65,15.2,0.0,0.0,1.4,0.0,0.0,0.0,2.2,none,False
2024-12-21 00:00:00,2024-12-21,0,15.1,70,15.0,0.0,0.0,0.8,0.0,0.0,0.0,2.2,none,False
2024-12-21 01:00:00,2024-12-21,1,14.5,71,14.1,0.0,0.0,1.6,0.0,0.0,0.0,2.2,none,False
2024-12-21 02:00:00,2024-12-21,2,13.9,77,13.4,0.0,0.0,3.3,0.0,0.0,0.0,2.2,none,False
2024-12-21 03:00:00,2024-12-21,3,13.4,83,13.1,0.0,0.0,2.9,0.0,0.0,0.0,1.9000000000000001,none,False
2024-12-21 04:00:00,2024-12-21,4,13.8,78,13.1,0.0,0.0,4.8,0.0,0.0,0.0,1.7000000000000002,none,False
2024-12-21 05:00:00,2024-12-21,5,13.2,82,12.5,0.0,0.0,5.9,0.0,0.0,0.0,1.7000000000000002,none,False
2024-12-21 06:00:00,2024-12-21,6,12.9,84,11.9,0.0,0.0,7.3,0.0,0.0,0.0,1.7000000000000002,none,False
2024-12-21 07:00:00,2024-12-21,7,12.4,85,11.4,0.0,0.0,7.3,0.0,0.0,0.0,1.7000000000000002,none,True
2024-12-21 08:00:00,2024-12-21,8,12.1,85,11.0,0.0,0.0,7.7,0.0,0.0,0.0,0.6,none,True
2024-12-21 09:00:00,2024-12-21,9,13.3,78,11.8,0.0,0.0,9.5,0.0,0.0,0.0,0.6,none,True
2024-12-21 10:00:00,2024-12-21,10,15.4,68,14.3,0.0,0.0,7.4,0.0,0.0,0.0,0.30000000000000004,none,False
2024-12-21 11:00:00,2024-12-21,11,17.3,62,16.2,0.0,0.0,7.4,0.0,0.0,0.0,0.1,none,False
2024-12-21 12:00:00,2024-12-21,12,18.9,55,17.8,0.0,0.0,7.1,0.0,0.0,0.0,0.1,none,False
2024-12-21 13:00:00,2024-12-21,13,20.2,46,19.0,0.0,0.0,7.4,0.0,0.0,0.0,0.0,none,False
2024-12-21 14:00:00,2024-12-21,14,21.2,40,19.5,0.0,0.0,7.5,0.0,0.0,0.0,0.0,none,False
2024-12-21 15:00:00,2024-12-21,15,21.6,36,19.5,0.0,0.0,8.0,0.0,0.0,0.0,0.0,none,False
2024-12-21 16:00:00,2024-12-21,16,21.8,34,19.6,0.0,0.0,7.3,0.0,0.0,0.0,0.0,none,True
2024-12-21 17:00:00,2024-12-21,17,21.2,35,18.9,0.0,0.0,7.7,0.0,0.0,0.0,0.0,none,True
2024-12-21 18:00:00,2024-12-21,18,20.0,37,18.0,0.0,0.0,5.3,0.0,0.0,0.0,0.0,none,True
2024-12-21 19:00:00,2024-12-21,19,18.8,42,17.0,0.0,0.0,4.0,0.0,0.0,0.0,0.0,none,False
2024-12-21 20:00:00,2024-12-21,20,17.9,45,16.2,0.0,0.0,3.8,0.0,0.0,0.0,0.0,none,False
2024-12-21 21:00:00,2024-12-21,21,16.9,49,15.4,0.0,0.0,3.8,0.0,0.0,0.0,0.0,none,False
2024-12-21 22:00:00,2024-12-21,22,16.1,52,14.6,0.0,0.0,3.8,0.0,0.0,0.0,0.0,none,False
2024-12-21 23:00:00,2024-12-21,23,15.4,56,14.1,0.0,0.0,3.2,0.0,0.0,0.0,0.0,none,False
2024-12-22 00:00:00,2024-12-22,0,15.0,58,13.9,0.0,0.0,2.3,0.0,0.0,0.0,0.0,none,False
2024-12-22 01:00:00,2024-12-22,1,14.4,61,13.1,0.0,0.0,3.3,0.0,0.0,0.0,0.0,none,False
2024-12-22 02:00:00,2024-12-22,2,14.1,63,12.8,0.0,0.0,4.0,0.0,0.0,0.0,0.0,none,False
2024-12-22 03:00:00,2024-12-22,3,13.6,65,12.1,0.0,0.0,5.4,0.0,0.0,0.0,0.0,none,False
2024-12-22 04:00:00,2024-12-22,4,13.4,64,11.6,0.0,0.0,6.2,0.0,0.0,0.0,0.0,none,False
2024-12-22 05:00:00,2024-12-22,5,12.9,66,11.0,0.0,0.0,6.8,0.0,0.0,0.0,0.0,none,False
2024-12-22 06:00:00,2024-12-22,6,12.5,68,10.7,0.0,0.0,6.6,0.0,0.0,0.0,0.0,none,False
2024-12-22 07:00:00,2024-12-22,7,12.1,70,10.4,0.0,0.0,6.0,0.0,0.0,0.0,0.0,none,True
2024-12-22 08:00:00,2024-12-22,8,11.9,71,10.3,0.0,0.0,6.2,0.0,0.0,0.0,0.0,none,True
2024-12-22 09:00:00,2024-12-22,9,13.2,66,11.3,0.0,0.0,8.0,0.0,0.0,0.0,0.0,none,True
2024-12-22 10:00:00,2024-12-22,10,15.4,57,13.9,0.0,0.0,5.2,0.0,0.0,0.0,0.0,none,False
2024-12-22 11:00:00,2024-12-22,11,17.5,49,16.0,0.0,0.0,5.1,0.0,0.0,0.0,0.0,none,False
2024-12-22 12:00:00,2024-12-22,12,19.2,41,17.4,0.0,0.0,4.8,0.0,0.0,0.0,0.0,none,False
2024-12-22 13:00:00,2024-12-22,13,20.4,35,18.5,0.0,0.0,4.6,0.0,0.0,0.0,0.0,none,False
2024-12-22 14:00:00,2024-12-22,14,21.1,32,19.1,0.0,0.0,4.3,0.0,0.0,0.0,0.0,none,False
2024-12-22 15:00:00,2024-12-22,15,21.5,29,19.1,0.0,0.0,5.0,0.0,0.0,0.0,0.0,none,False
2024-12-22 16:00:00,2024-12-22,16,21.7,30,19.4,0.0,0.0,5.2,0.0,0.0,0.0,0.0,none,True
2024-12-22 17:00:00,2024-12-22,17,21.3,29,18.9,0.0,0.0,4.8,0.0,0.0,0.0,0.0,none,True
2024-12-22 18:00:00,2024-12-22,18,20.0,30,17.7,0.0,0.0,3.2,0.0,0.0,0.0,0.0,none,True
2024-12-22 19:00:00,2024-12-22,19,19.3,29,16.7,0.0,0.0,4.2,0.0,0.0,0.0,0.0,none,False
2024-12-22 20:00:00,2024-12-22,20,18.4,29,15.7,0.0,0.0,4.0,0.0,0.0,0.0,0.0,none,False
2024-12-22 21:00:00,2024-12-22,21,17.6,32,15.1,0.0,0.0,3.1,0.0,0.0,0.0,0.0,none,False
2024-12-22 22:00:00,2024-12-22,22,17.0,35,14.7,0.0,0.0,2.4,0.0,0.0,0.0,0.0,none,False
2024-12-22 23:00:00,2024-12-22,23,16.0,37,13.7,0.0,0.0,2.9,0.0,0.0,0.0,0.0,none,False
2024-12-23 00:00:00,2024-12-23,0,15.6,39,13.2,0.0,0.0,3.2,0.0,0.0,0.0,0.0,none,False
2024-12-23 01:00:00,2024-12-23,1,14.7,43,12.6,0.0,0.0,2.1,0.0,0.0,0.0,0.0,none,False
2024-12-23 02:00:00,2024-12-23,2,14.2,45,12.2,0.0,0.0,1.9,0.0,0.0,0.0,0.0,none,False
2024-12-23 03:00:00,2024-12-23,3,13.4,48,11.3,0.0,0.0,3.2,0.0,0.0,0.0,0.0,none,False
2024-12-23 04:00:00,2024-12-23,4,13.1,49,10.9,0.0,0.0,3.8,0.0,0.0,0.0,0.0,none,False
2024-12-23 05:00:00,2024-12-23,5,13.1,50,10.8,0.0,0.0,4.6,0.0,0.0,0.0,0.0,none,False
2024-12-23 06:00:00,2024-12-23,6,12.6,53,10.2,0.0,0.0,6.2,0.0,0.0,0.0,0.0,none,False
2024-12-23 07:00:00,2024-12-23,7,12.1,56,9.4,0.0,0.0,8.7,0.0,0.0,0.0,0.0,none,True
2024-12-23 08:00:00,2024-12-23,8,11.8,60,9.1,0.0,0.0,9.2,0.0,0.0,0.0,0.0,none,True
2024-12-23 09:00:00,2024-12-23,9,12.4,58,9.6,0.0,0.0,10.8,0.0,0.0,0.0,0.0,none,True
2024-12-23 10:00:00,2024-12-23,10,14.7,51,12.1,0.0,0.0,8.8,0.0,0.0,0.0,0.0,none,False
2024-12-23 11:00:00,2024-12-23,11,16.8,46,14.1,0.0,0.0,9.9,0.0,0.0,0.0,0.0,none,False
2024-12-23 12:00:00,2024-12-23,12,18.5,41,15.8,0.0,0.0,10.2,0.0,0.0,0.0,0.0,none,False
2024-12-23 13:00:00,2024-12-23,13,20.2,35,17.4,0.0,0.0,11.0,0.0,0.0,0.0,0.0,none,False
2024-12-23 14:00:00,2024-12-23,14,21.0,31,17.3,0.0,0.0,14.2,0.0,0.0,0.0,0.0,none,False
2024-12-23 15:00:00,2024-12-23,15,20.1,31,16.0,0.0,0.0,16.4,0.0,0.0,0.0,0.0,none,False
2024-12-23 16:00:00,2024-12-23,16,20.4,29,16.3,0.0,0.0,15.6,0.0,0.0,0.0,0.0,none,True
2024-12-23 17:00:00,2024-12-23,17,19.4,34,15.6,0.0,0.0,15.3,0.0,0.0,0.0,0.0,none,True
2024-12-23 18:00:00,2024-12-23,18,18.2,38,15.0,0.0,0.0,12.2,0.0,0.0,0.0,0.0,none,True
2024-12-23 19:00:00,2024-12-23,19,17.5,41,14.6,0.0,0.0,9.8,0.0,0.0,0.0,0.0,none,False
2024-12-23 20:00:00,2024-12-23,20,16.6,43,14.1,0.0,0.0,7.5,0.0,0.0,0.0,0.0,none,False
2024-12-23 21:00:00,2024-12-23,21,15.9,45,13.4,0.0,0.0,7.1,0.0,0.0,0.0,0.0,none,False
2024-12-23 22:00:00,2024-12-23,22,15.1,48,12.9,0.0,0.0,5.0,0.0,0.0,0.0,0.0,none,False
2024-12-23 23:00:00,2024-12-23,23,14.3,50,12.1,0.0,0.0,5.2,0.0,0.0,0.0,0.0,none,False
2024-12-24 00:00:00,2024-12-24,0,13.7,53,11.6,0.0,0.0,5.5,0.0,0.0,0.0,0.0,none,False
2024-12-24 01:00:00,2024-12-24,1,13.1,57,11.0,0.0,0.0,5.8,0.0,0.0,0.0,0.0,none,False
2024-12-24 02:00:00,2024-12-24,2,12.6,60,10.4,0.0,0.0,7.2,0.0,0.0,0.0,0.0,none,False
2024-12-24 03:00:00,2024-12-24,3,12.0,63,9.7,0.0,0.0,8.0,0.0,0.0,0.0,0.0,none,False
2024-12-24 04:00:00,2024-12-24,4,12.2,60,9.6,0.0,0.0,8.8,0.0,0.0,0.0,0.0,none,False
2024-12-24 05:00:00,2024-12-24,5,11.6,63,8.8,0.0,0.0,9.9,0.0,0.0,0.0,0.0,none,False
2024-12-24 06:00:00,2024-12-24,6,10.9,67,8.3,0.0,0.0,10.0,0.0,0.0,0.0,0.0,none,False
2024-12-24 07:00:00,2024-12-24,7,10.6,69,7.9,0.0,0.0,10.0,0.0,0.0,0.0,0.0,none,True
2024-12-24 08:00:00,2024-12-24,8,10.2,70,7.6,0.0,0.0,10.1,0.0,0.0,0.0,0.0,none,True
2024-12-24 09:00:00,2024-12-24,9,11.2,65,8.5,0.0,0.0,10.2,0.0,0.0,0.0,0.0,none,True
2024-12-24 10:00:00,2024-12-24,10,13.1,58,10.3,0.0,0.0,10.5,0.0,0.0,0.0,0.0,none,False
2024-12-24 11:00:00,2024-12-24,11,14.9,52,12.1,0.0,0.0,10.6,0.0,0.0,0.0,0.0,none,False
2024-12-24 12:00:00,2024-12-24,12,16.8,45,13.8,0.0,0.0,11.3,0.0,0.0,0.0,0.0,none,False
2024-12-24 13:00:00,2024-12-24,13,18.2,39,15.2,0.0,0.0,12.8,0.0,0.0,0.0,0.0,none,False
2024-12-24 14:00:00,2024-12-24,14,19.1,36,16.0,0.0,0.0,12.7,0.0,0.0,0.0,0.0,none,False
2024-12-24 15:00:00,2024-12-24,15,19.6,35,16.4,0.0,0.0,12.3,0.0,0.0,0.0,0.0,none,False
2024-12-24 16:00:00,2024-12-24,16,19.6,36,16.6,0.0,0.0,10.8,0.0,0.0,0.0,0.0,none,True
2024-12-24 17:00:00,2024-12-24,17,19.1,37,16.2,0.0,0.0,10.2,0.0,0.0,0.0,0.0,none,True
2024-12-24 18:00:00,2024-12-24,18,18.1,40,15.8,0.0,0.0,6.7,0.0,0.0,0.0,0.0,none,True
2024-12-24 19:00:00,2024-12-24,19,16.7,44,14.8,0.0,0.0,4.0,0.0,0.0,0.0,0.0,none,False
2024-12-24 20:00:00,2024-12-24,20,16.1,45,14.0,0.0,0.0,5.1,0.0,0.0,0.0,0.0,none,False
2024-12-24 21:00:00,2024-12-24,21,15.6,45,13.0,0.0,0.0,7.5,0.0,0.0,0.0,0.0,none,False
2024-12-24 22:00:00,2024-12-24,22,15.0,46,12.3,0.0,0.0,8.3,0.0,0.0,0.0,0.0,none,False
2024-12-24 23:00:00,2024-12-24,23,14.4,48,11.7,0.0,0.0,8.6,0.0,0.0,0.0,0.0,none,False
2024-12-25 00:00:00,2024-12-25,0,13.9,50,11.1,0.0,0.0,9.2,0.0,0.0,0.0,0.0,none,False
2024-12-25 01:00:00,2024-12-25,1,13.5,51,10.5,0.0,0.0,10.4,0.0,0.0,0.0,0.0,none,False
2024-12-25 02:00:00,2024-12-25,2,13.0,53,9.9,0.0,0.0,11.1,0.0,0.0,0.0,0.0,none,False
2024-12-25 03:00:00,2024-12-25,3,12.4,55,9.3,0.0,0.0,11.0,0.0,0.0,0.0,0.0,none,False
2024-12-25 04:00:00,2024-12-25,4,12.1,56,9.0,0.0,0.0,10.3,0.0,0.0,0.0,0.0,none,False
2024-12-25 05:00:00,2024-12-25,5,11.6,57,8.5,0.0,0.0,10.6,0.0,0.0,0.0,0.0,none,False
2024-12-25 06:00:00,2024-12-25,6,11.4,57,8.2,0.0,0.0,10.8,0.0,0.0,0.0,0.0,none,False
2024-12-25 07:00:00,2024-12-25,7,11.4,55,7.9,0.0,0.0,12.4,0.0,0.0,0.0,0.0,none,True
2024-12-25 08:00:00,2024-12-25,8,11.4,55,7.7,0.0,0.0,13.6,0.0,0.0,0.0,0.0,none,True
2024-12-25 09:00:00,2024-12-25,9,12.6,50,8.8,0.0,0.0,13.8,0.0,0.0,0.0,0.0,none,True
2024-12-25 10:00:00,2024-12-25,10,14.1,45,10.5,0.0,0.0,12.8,0.0,0.0,0.0,0.0,none,False
2024-12-25 11:00:00,2024-12-25,11,16.4,38,12.6,0.0,0.0,13.7,0.0,0.0,0.0,0.0,none,False
2024-12-25 12:00:00,2024-12-25,12,18.5,33,14.4,0.0,0.0,15.2,0.0,0.0,0.0,0.0,none,False
2024-12-25 13:00:00,2024-12-25,13,20.0,28,15.8,0.0,0.0,16.6,0.0,0.0,0.0,0.0,none,False
2024-12-25 14:00:00,2024-12-25,14,20.8,27,16.3,0.0,0.0,18.6,0.0,0.0,0.0,0.0,none,False
2024-12-25 15:00:00,2024-12-25,15,21.0,27,16.2,0.0,0.0,19.3,0.0,0.0,0.0,0.0,none,False
2024-12-25 16:00:00,2024-12-25,16,20.7,25,15.9,0.0,0.0,18.4,0.0,0.0,0.0,0.0,none,True
2024-12-25 17:00:00,2024-12-25,17,20.0,26,15.5,0.0,0.0,16.1,0.0,0.0,0.0,0.0,none,True
2024-12-25 18:00:00,2024-12-25,18,18.8,29,14.8,0.0,0.0,12.4,0.0,0.0,0.0,0.0,none,True
2024-12-25 19:00:00,2024-12-25,19,17.9,31,14.2,0.0,0.0,11.1,0.0,0.0,0.0,0.0,none,False
2024-12-25 20:00:00,2024-12-25,20,17.1,33,13.7,0.0,0.0,9.7,0.0,0.0,0.0,0.0,none,False
2024-12-25 21:00:00,2024-12-25,21,16.1,34,12.8,0.0,0.0,8.4,0.0,0.0,0.0,0.0,none,False
2024-12-25 22:00:00,2024-12-25,22,15.1,34,11.9,0.0,0.0,6.8,0.0,0.0,0.0,0.0,none,False
2024-12-25 23:00:00,2024-12-25,23,14.5,31,10.8,0.0,0.0,8.7,0.0,0.0,0.0,0.0,none,False
2024-12-26 00:00:00,2024-12-26,0,13.8,29,9.6,0.0,0.0,10.5,0.0,0.0,0.0,0.0,none,False
2024-12-26 01:00:00,2024-12-26,1,13.2,29,8.9,0.0,0.0,10.6,0.0,0.0,0.0,0.0,none,False
2024-12-26 02:00:00,2024-12-26,2,12.4,31,8.4,0.0,0.0,8.4,0.0,0.0,0.0,0.0,none,False
2024-12-26 03:00:00,2024-12-26,3,11.6,34,7.9,0.0,0.0,6.9,0.0,0.0,0.0,0.0,none,False
2024-12-26 04:00:00,2024-12-26,4,10.8,35,6.9,0.0,0.0,7.6,0.0,0.0,0.0,0.0,none,False
2024-12-26 05:00:00,2024-12-26,5,10.1,37,6.0,0.0,0.0,9.4,0.0,0.0,0.0,0.0,none,False
2024-12-26 06:00:00,2024-12-26,6,9.5,41,5.5,0.0,0.0,9.7,0.0,0.0,0.0,0.0,none,False
2024-12-26 07:00:00,2024-12-26,7,9.1,44,5.1,0.0,0.0,10.6,0.0,0.0,0.0,0.0,none,True
2024-12-26 08:00:00,2024-12-26,8,9.1,42,5.0,0.0,0.0,10.5,0.0,0.0,0.0,0.0,none,True
2024-12-26 09:00:00,2024-12-26,9,9.9,39,5.9,0.0,0.0,10.3,0.0,0.0,0.0,0.0,none,True
2024-12-26 10:00:00,2024-12-26,10,11.8,34,7.6,0.0,0.0,10.5,0.0,0.0,0.0,0.0,none,False
2024-12-26 11:00:00,2024-12-26,11,13.6,29,9.2,0.0,0.0,11.9,0.0,0.0,0.0,0.0,none,False
2024-12-26 12:00:00,2024-12-26,12,15.2,27,10.8,0.0,0.0,12.6,0.0,0.0,0.0,0.0,none,False
2024-12-26 13:00:00,2024-12-26,13,16.5,27,12.3,0.0,0.0,13.5,0.0,0.0,0.0,0.0,none,False
2024-12-26 14:00:00,2024-12-26,14,17.0,28,12.6,0.0,0.0,14.4,0.0,0.0,0.0,0.0,none,False
2024-12-26 15:00:00,2024-12-26,15,17.0,26,12.5,0.0,0.0,14.1,0.0,0.0,0.0,0.0,none,False
2024-12-26 16:00:00,2024-12-26,16,17.0,27,12.5,0.0,0.0,14.0,0.0,0.0,0.0,0.0,none,True
2024-12-26 17:00:00,2024-12-26,17,16.5,28,12.2,0.0,0.0,13.5,0.0,0.0,0.0,0.0,none,True
2024-12-26 18:00:00,2024-12-26,18,15.9,30,11.9,0.0,0.0,11.1,0.0,0.0,0.0,0.0,none,True
2024-12-26 19:00:00,2024-12-26,19,15.2,31,11.4,0.0,0.0,10.4,0.0,0.0,0.0,0.0,none,False
2024-12-26 20:00:00,2024-12-26,20,14.8,33,10.9,0.0,0.0,10.6,0.0,0.0,0.0,0.0,none,False
2024-12-26 21:00:00,2024-12-26,21,14.0,34,10.2,0.0,0.0,10.1,0.0,0.0,0.0,0.0,none,False
2024-12-26 22:00:00,2024-12-26,22,13.4,35,9.5,0.0,0.0,10.7,0.0,0.0,0.0,0.0,none,False
2024-12-26 23:00:00,2024-12-26,23,12.8,36,8.9,0.0,0.0,10.6,0.0,0.0,0.0,0.0,none,False
2024-12-27 00:00:00,2024-12-27,0,12.1,40,8.2,0.0,0.0,10.9,0.0,0.0,0.0,0.0,none,False
2024-12-27 01:00:00,2024-12-27,1,11.2,43,7.6,0.0,0.0,9.8,0.0,0.0,0.0,0.0,none,False
2024-12-27 02:00:00,2024-12-27,2,10.7,45,7.1,0.0,0.0,9.2,0.0,0.0,0.0,0.0,none,False
2024-12-27 03:00:00,2024-12-27,3,10.0,47,6.9,0.0,0.0,5.4,0.0,0.0,0.0,0.0,none,False
2024-12-27 04:00:00,2024-12-27,4,10.9,45,8.2,0.0,0.0,3.4,0.0,0.0,0.0,0.0,none,False
2024-12-27 05:00:00,2024-12-27,5,11.1,45,7.7,0.0,0.0,7.9,0.0,0.0,0.0,0.0,none,False
2024-12-27 06:00:00,2024-12-27,6,10.1,47,6.5,0.0,0.0,9.7,0.0,0.0,0.0,0.0,none,False
2024-12-27 07:00:00,2024-12-27,7,9.3,51,5.6,0.0,0.0,10.3,0.0,0.0,0.0,0.0,none,True
2024-12-27 08:00:00,2024-12-27,8,9.1,50,5.5,0.0,0.0,9.9,0.0,0.0,0.0,0.0,none,True
2024-12-27 09:00:00,2024-12-27,9,9.9,47,6.1,0.0,0.0,10.6,0.0,0.0,0.0,0.0,none,True
2024-12-27 10:00:00,2024-12-27,10,11.4,43,7.5,0.0,0.0,11.9,0.0,0.0,0.0,0.0,none,False
2024-12-27 11:00:00,2024-12-27,11,13.3,36,8.9,0.0,0.0,14.5,0.0,0.0,0.0,0.0,none,False
2024-12-27 12:00:00,2024-12-27,12,14.6,31,9.6,0.0,0.0,17.4,0.0,0.0,0.0,0.0,none,False
2024-12-27 13:00:00,2024-12-27,13,15.6,32,10.9,0.0,0.0,18.2,0.0,0.0,0.0,0.0,none,False
2024-12-27 14:00:00,2024-12-27,14,16.2,32,11.6,0.0,0.0,18.4,0.0,0.0,0.0,0.0,none,False
2024-12-27 15:00:00,2024-12-27,15,16.9,31,11.9,0.0,0.0,18.8,0.0,0.0,0.0,0.0,none,False
2024-12-27 16:00:00,2024-12-27,16,16.9,33,12.0,0.0,0.0,19.0,0.0,0.0,0.0,0.0,none,True
2024-12-27 17:00:00,2024-12-27,17,16.6,34,11.9,0.0,0.0,18.5,0.0,0.0,0.0,0.0,none,True
2024-12-27 18:00:00,2024-12-27,18,15.9,37,12.0,0.0,0.0,13.4,0.0,0.0,0.0,0.0,none,True
2024-12-27 19:00:00,2024-12-27,19,14.9,40,11.2,0.0,0.0,13.0,0.0,0.0,0.0,0.0,none,False
2024-12-27 20:00:00,2024-12-27,20,14.1,43,10.4,0.0,0.0,13.1,0.0,0.0,0.0,0.0,none,False
2024-12-27 21:00:00,2024-12-27,21,13.6,47,10.0,0.0,0.0,13.0,0.0,0.0,0.0,0.0,none,False
2024-12-27 22:00:00,2024-12-27,22,13.0,51,9.6,0.0,0.0,12.2,0.0,0.0,0.0,0.0,none,False
2024-12-27 23:00:00,2024-12-27,23,12.4,56,9.2,0.0,0.0,11.8,0.0,0.0,0.0,0.0,none,False
2024-12-28 00:00:00,2024-12-28,0,11.8,60,8.7,0.0,0.0,11.6,0.0,0.0,0.0,0.0,none,False
2024-12-28 01:00:00,2024-12-28,1,11.2,63,8.2,0.0,0.0,11.6,0.0,0.0,0.0,0.0,none,False
2024-12-28 02:00:00,2024-12-28,2,10.8,66,7.8,0.0,0.0,11.7,0.0,0.0,0.0,0.0,none,False
2024-12-28 03:00:00,2024-12-28,3,10.2,69,7.3,0.0,0.0,11.5,0.0,0.0,0.0,0.0,none,False
2024-12-28 04:00:00,2024-12-28,4,10.2,66,7.1,0.0,0.0,11.3,0.0,0.0,0.0,0.0,none,False
2024-12-28 05:00:00,2024-12-28,5,9.7,68,6.4,0.0,0.0,12.7,0.0,0.0,0.0,0.0,none,False
2024-12-28 06:00:00,2024-12-28,6,9.2,70,5.8,0.0,0.0,13.5,0.0,0.0,0.0,0.0,none,False
2024-12-28 07:00:00,2024-12-28,7,8.8,70,5.4,0.0,0.0,13.0,0.0,0.0,0.0,0.0,none,True
2024-12-28 08:00:00,2024-12-28,8,8.7,71,5.4,0.0,0.0,12.9,0.0,0.0,0.0,0.0,none,True
2024-12-28 09:00:00,2024-12-28,9,9.4,68,6.3,0.0,0.0,11.9,0.0,0.0,0.0,0.0,none,True
2024-12-28 10:00:00,2024-12-28,10,11.2,61,7.9,0.0,0.0,13.4,0.0,0.0,0.0,0.0,none,False
2024-12-28 11:00:00,2024-12-28,11,13.2,54,9.9,0.0,0.0,13.2,0.0,0.0,0.0,0.0,none,False
2024-12-28 12:00:00,2024-12-28,12,15.1,49,11.8,0.0,0.0,13.5,0.0,0.0,0.0,0.0,none,False
2024-12-28 13:00:00,2024-12-28,13,16.7,46,13.5,0.0,0.0,14.0,0.0,0.0,0.0,0.0,none,False
2024-12-28 14:00:00,2024-12-28,14,17.8,43,14.2,0.0,0.0,17.2,0.0,0.0,0.0,0.0,none,False
2024-12-28 15:00:00,2024-12-28,15,17.9,43,14.2,0.0,0.0,16.9,0.0,0.0,0.0,0.0,none,False
2024-12-28 16:00:00,2024-12-28,16,17.9,44,14.6,0.0,0.0,14.9,0.0,0.0,0.0,0.0,none,True
2024-12-28 17:00:00,2024-12-28,17,18.2,41,15.1,0.0,0.0,12.5,0.0,0.0,0.0,0.0,none,True
2024-12-28 18:00:00,2024-12-28,18,17.9,40,15.0,0.0,0.0,10.3,0.0,0.0,0.0,0.0,none,True
2024-12-28 19:00:00,2024-12-28,19,16.6,47,14.0,0.0,0.0,10.1,0.0,0.0,0.0,0.0,none,False
2024-12-28 20:00:00,2024-12-28,20,15.8,51,13.2,0.0,0.0,10.3,0.0,0.0,0.0,0.0,none,False
2024-12-28 21:00:00,2024-12-28,21,15.1,53,12.7,0.0,0.0,9.7,0.0,0.0,0.0,0.0,none,False
2024-12-28 22:00:00,2024-12-28,22,14.5,56,12.1,0.0,0.0,9.3,0.0,0.0,0.0,0.0,none,False
2024-12-28 23:00:00,2024-12-28,23,13.9,58,11.5,0.0,0.0,9.2,0.0,0.0,0.0,0.0,none,False
2024-12-29 00:00:00,2024-12-29,0,13.1,61,10.8,0.0,0.0,8.8,0.0,0.0,0.0,0.0,none,False
2024-12-29 01:00:00,2024-12-29,1,12.4,63,10.0,0.0,0.0,9.3,0.0,0.0,0.0,0.0,none,False
2024-12-29 02:00:00,2024-12-29,2,11.9,66,9.4,0.0,0.0,10.4,0.0,0.0,0.0,0.0,none,False
2024-12-29 03:00:00,2024-12-29,3,11.6,67,8.9,0.0,0.0,10.9,0.0,0.0,0.0,0.0,none,False
2024-12-29 04:00:00,2024-12-29,4,11.4,67,8.6,0.0,0.0,11.1,0.0,0.0,0.0,0.0,none,False
2024-12-29 05:00:00,2024-12-29,5,10.9,69,8.1,0.0,0.0,11.7,0.0,0.0,0.0,0.0,none,False
2024-12-29 06:00:00,2024-12-29,6,10.6,70,7.8,0.0,0.0,11.4,0.0,0.0,0.0,0.0,none,False
2024-12-29 07:00:00,2024-12-29,7,10.2,72,7.4,0.0,0.0,11.6,0.0,0.0,0.0,0.0,none,True
2024-12-29 08:00:00,2024-12-29,8,9.8,74,7.0,0.0,0.0,11.7,0.0,0.0,0.0,0.0,none,True
2024-12-29 09:00:00,2024-12-29,9,10.5,71,7.8,0.0,0.0,11.0,0.0,0.0,0.0,0.0,none,True
2024-12-29 10:00:00,2024-12-29,10,12.2,63,9.5,0.0,0.0,10.9,0.0,0.0,0.0,0.0,none,False
2024-12-29 11:00:00,2024-12-29,11,14.3,56,11.6,0.0,0.0,11.0,0.0,0.0,0.0,0.0,none,False
2024-12-29 12:00:00,2024-12-29,12,16.3,50,13.6,0.0,0.0,11.3,0.0,0.0,0.0,0.0,none,False
2024-12-29 13:00:00,2024-12-29,13,18.0,46,15.2,0.0,0.0,13.6,0.0,0.0,0.0,0.0,none,False
2024-12-29 14:00:00,2024-12-29,14,18.6,42,15.3,0.0,0.0,15.8,0.0,0.0,0.0,0.0,none,False
2024-12-29 15:00:00,2024-12-29,15,18.9,40,15.2,0.0,0.0,16.4,0.0,0.0,0.0,0.0,none,False
2024-12-29 16:00:00,2024-12-29,16,18.6,40,15.1,0.0,0.0,15.9,0.0,0.0,0.0,0.0,none,True
2024-12-29 17:00:00,2024-12-29,17,18.3,42,14.9,0.0,0.0,15.3,0.0,0.0,0.0,0.0,none,True
2024-12-29 18:00:00,2024-12-29,18,17.5,44,14.6,0.0,0.0,12.2,0.0,0.0,0.0,0.0,none,True
2024-12-29 19:00:00,2024-12-29,19,16.9,47,14.3,0.0,0.0,10.1,0.0,0.0,0.0,0.0,none,False
2024-12-29 20:00:00,2024-12-29,20,16.3,48,13.8,0.0,0.0,9.2,0.0,0.0,0.0,0.0,none,False
2024-12-29 21:00:00,2024-12-29,21,15.7,50,13.3,0.0,0.0,8.8,0.0,0.0,0.0,0.0,none,False
2024-12-29 22:00:00,2024-12-29,22,14.9,54,12.7,0.0,0.0,6.8,0.0,0.0,0.0,0.0,none,False
2024-12-29 23:00:00,2024-12-29,23,13.4,60,11.9,0.0,0.0,3.8,0.0,0.0,0.0,0.0,none,False
2024-12-30 00:00:00,2024-12-30,0,12.6,67,11.4,0.0,0.0,2.8,0.0,0.0,0.0,0.0,none,False
2024-12-30 01:00:00,2024-12-30,1,12.0,71,10.8,0.0,0.0,2.9,0.0,0.0,0.0,0.0,none,False
2024-12-30 02:00:00,2024-12-30,2,11.4,74,10.2,0.0,0.0,3.2,0.0,0.0,0.0,0.0,none,False
2024-12-30 03:00:00,2024-12-30,3,10.9,78,9.6,0.0,0.0,3.4,0.0,0.0,0.0,0.0,none,False
2024-12-30 04:00:00,2024-12-30,4,11.6,73,10.3,0.0,0.0,4.0,0.0,0.0,0.0,0.0,none,False
2024-12-30 05:00:00,2024-12-30,5,11.1,76,9.7,0.0,0.0,4.2,0.0,0.0,0.0,0.0,none,False
2024-12-30 06:00:00,2024-12-30,6,10.6,78,9.2,0.0,0.0,4.6,0.0,0.0,0.0,0.0,none,False
2024-12-30 07:00:00,2024-12-30,7,10.2,80,8.6,0.0,0.0,5.3,0.0,0.0,0.0,0.0,none,True
2024-12-30 08:00:00,2024-12-30,8,9.7,82,8.0,0.0,0.0,6.4,0.0,0.0,0.0,0.0,none,True
2024-12-30 09:00:00,2024-12-30,9,10.6,76,8.5,0.0,0.0,8.4,0.0,0.0,0.0,0.0,none,True
2024-12-30 10:00:00,2024-12-30,10,12.6,65,10.6,0.0,0.0,7.2,0.0,0.0,0.0,0.0,none,False
2024-12-30 11:00:00,2024-12-30,11,14.6,55,12.4,0.0,0.0,7.6,0.0,0.0,0.0,0.0,none,False
2024-12-30 12:00:00,2024-12-30,12,16.2,48,13.7,0.0,0.0,9.1,0.0,0.0,0.0,0.0,none,False
2024-12-30 13:00:00,2024-12-30,13,17.3,43,14.6,0.0,0.0,11.0,0.0,0.0,0.0,0.0,none,False
2024-12-30 14:00:00,2024-12-30,14,18.0,40,14.9,0.0,0.0,12.8,0.0,0.0,0.0,0.0,none,False
2024-12-30 15:00:00,2024-12-30,15,18.1,40,14.8,0.0,0.0,13.3,0.0,0.0,0.0,0.0,none,False
2024-12-30 16:00:00,2024-12-30,16,18.0,39,14.5,0.0,0.0,13.9,0.0,0.0,0.0,0.0,none,True
2024-12-30 17:00:00,2024-12-30,17,17.6,40,14.1,0.0,0.0,14.3,0.0,0.0,0.0,0.0,none,True
2024-12-30 18:00:00,2024-12-30,18,16.8,44,13.8,0.0,0.0,11.6,0.0,0.0,0.0,0.0,none,True
2024-12-30 19:00:00,2024-12-30,19,16.1,47,13.5,0.0,0.0,9.0,0.0,0.0,0.0,0.0,none,False
2024-12-30 20:00:00,2024-12-30,20,15.2,52,13.0,0.0,0.0,7.9,0.0,0.0,0.0,0.0,none,False
2024-12-30 21:00:00,2024-12-30,21,14.6,57,12.7,0.0,0.0,5.9,0.0,0.0,0.0,0.0,none,False
2024-12-30 22:00:00,2024-12-30,22,13.9,61,12.1,0.0,0.0,5.9,0.0,0.0,0.0,0.0,none,False
2024-12-30 23:00:00,2024-12-30,23,13.3,65,11.6,0.0,0.0,5.8,0.0,0.0,0.0,0.0,none,False
2024-12-31 00:00:00,2024-12-31,0,12.6,68,11.1,0.0,0.0,5.5,0.0,0.0,0.0,0.0,none,False
2024-12-31 01:00:00,2024-12-31,1,12.1,71,10.5,0.0,0.0,5.5,0.0,0.0,0.0,0.0,none,False
2024-12-31 02:00:00,2024-12-31,2,11.3,75,9.8,0.0,0.0,5.2,0.0,0.0,0.0,0.0,none,False
2024-12-31 03:00:00,2024-12-31,3,10.9,78,9.5,0.0,0.0,5.5,0.0,0.0,0.0,0.0,none,False
2024-12-31 04:00:00,2024-12-31,4,11.3,74,9.7,0.0,0.0,5.7,0.0,0.0,0.0,0.0,none,False
2024-12-31 05:00:00,2024-12-31,5,10.9,77,9.3,0.0,0.0,5.8,0.0,0.0,0.0,0.0,none,False
2024-12-31 06:00:00,2024-12-31,6,10.4,81,8.8,0.0,0.0,6.1,0.0,0.0,0.0,0.0,none,False
2024-12-31 07:00:00,2024-12-31,7,10.1,83,8.5,0.0,0.0,5.7,0.0,0.0,0.0,0.0,none,True
2024-12-31 08:00:00,2024-12-31,8,9.7,84,8.1,0.0,0.0,5.9,0.0,0.0,0.0,0.0,none,True
2024-12-31 09:00:00,2024-12-31,9,10.6,79,8.8,0.0,0.0,7.6,0.0,0.0,0.0,0.0,none,True
2024-12-31 10:00:00,2024-12-31,10,12.4,70,10.7,0.0,0.0,6.8,0.0,0.0,0.0,0.0,none,False
2024-12-31 11:00:00,2024-12-31,11,14.5,62,12.7,0.0,0.0,7.2,0.0,0.0,0.0,0.0,none,False
2024-12-31 12:00:00,2024-12-31,12,16.5,55,14.7,0.0,0.0,7.5,0.0,0.0,0.0,0.0,none,False
2024-12-31 13:00:00,2024-12-31,13,18.0,48,15.2,0.1,0.1,13.2,0.1,0.1,0.1,0.1,light,False
2024-12-31 14:00:00,2024-12-31,14,19.0,42,15.9,0.0,0.0,13.6,0.0,0.1,0.1,0.1,none,False
2024-12-31 15:00:00,2024-12-31,15,19.2,40,16.0,0.0,0.0,14.1,0.0,0.1,0.1,0.1,none,False
2024-12-31 16:00:00,2024-12-31,16,18.9,41,15.7,0.0,0.0,14.1,0.0,0.0,0.1,0.1,none,True
2024-12-31 17:00:00,2024-12-31,17,18.5,43,15.4,0.0,0.0,13.8,0.0,0.0,0.1,0.1,none,True
2024-12-31 18:00:00,2024-12-31,18,17.7,47,15.1,0.0,0.0,11.1,0.0,0.0,0.1,0.1,none,True
2024-12-31 19:00:00,2024-12-31,19,16.8,50,14.6,0.0,0.0,9.2,0.0,0.0,0.0,0.1,none,False
2024-12-31 20:00:00,2024-12-31,20,15.9,54,13.8,0.0,0.0,8.7,0.0,0.0,0.0,0.1,none,False
2024-12-31 21:00:00,2024-12-31,21,15.1,59,13.1,0.0,0.0,8.2,0.0,0.0,0.0,0.1,none,False
2024-12-31 22:00:00,2024-12-31,22,14.1,64,12.6,0.0,0.0,6.3,0.0,0.0,0.0,0.1,none,False
2024-12-31 23:00:00,2024-12-31,23,13.1,70,12.0,0.0,0.0,3.7,0.0,0.0,0.0,0.1,none,False
