zone_code,scenario_id,scenario_name,rain_1h_mm,rain_3h_mm,rain_6h_mm,rain_24h_mm,temperature_2m,apparent_temperature,relative_humidity_2m,wind_speed_10m,hour,is_rush_hour,road_count,road_length_m,road_density_m_per_km2,avg_base_speed_kph,avg_base_travel_time_sec,elevation_mean,elevation_min,elevation_max,slope_mean,road_density_score,road_count_score,rainfall_score,rainfall_accumulation_score,temperature_score,humidity_score,wind_score,rush_hour_score,low_elevation_score,low_slope_score,builtup_proxy_score,impervious_proxy_score,low_vegetation_proxy_score,elevation_source
NSR-GRID-001,normal_day,Normal Dry Day,0.0,0.0,0.0,0.0,30.0,31.0,45.0,12.0,12,False,49,3266.9375210621474,30529.424813364763,25.04766931403103,10.087913884592572,72.64079210914176,57.0,84.0,5.994002613861012,0.42862590906609777,0.08718861209964412,0.0,0.0,0.42000000000000004,0.18867924528301888,0.1,0.0,0.8659807873128332,0.562558674533516,0.25790726058287095,0.25790726058287095,0.5773721781748613,srtm_earth_engine
NSR-GRID-001,light_rain,Light Rain,2.0,4.0,5.0,7.0,25.0,25.5,65.0,15.0,9,True,49,3266.9375210621474,30529.424813364763,25.04766931403103,10.087913884592572,72.64079210914176,57.0,84.0,5.994002613861012,0.42862590906609777,0.08718861209964412,0.13333333333333333,0.132,0.21000000000000002,0.5660377358490566,0.25,1.0,0.8659807873128332,0.562558674533516,0.25790726058287095,0.25790726058287095,0.5773721781748613,srtm_earth_engine
NSR-GRID-001,heavy_rain_rush_hour,Heavy Rain During Rush Hour,12.0,24.0,32.0,40.0,23.0,23.5,80.0,22.0,17,True,49,3266.9375210621474,30529.424813364763,25.04766931403103,10.087913884592572,72.64079210914176,57.0,84.0,5.994002613861012,0.42862590906609777,0.08718861209964412,0.8,0.8,0.13,0.8490566037735849,0.6,1.0,0.8659807873128332,0.562558674533516,0.25790726058287095,0.25790726058287095,0.5773721781748613,srtm_earth_engine
NSR-GRID-001,extreme_rain,Extreme Rain Event,25.0,50.0,70.0,90.0,22.0,22.5,88.0,30.0,18,True,49,3266.9375210621474,30529.424813364763,25.04766931403103,10.087913884592572,72.64079210914176,57.0,84.0,5.994002613861012,0.42862590906609777,0.08718861209964412,1.0,1.0,0.09,1.0,1.0,1.0,0.8659807873128332,0.562558674533516,0.25790726058287095,0.25790726058287095,0.5773721781748613,srtm_earth_engine
NSR-GRID-001,hot_day_optional,Hot Urban Heat Day,0.0,0.0,0.0,0.0,40.0,43.0,35.0,10.0,14,False,49,3266.9375210621474,30529.424813364763,25.04766931403103,10.087913884592572,72.64079210914176,57.0,84.0,5.994002613861012,0.42862590906609777,0.08718861209964412,0.0,0.0,0.8600000000000001,0.0,0.0,0.0,0.8659807873128332,0.562558674533516,0.25790726058287095,0.25790726058287095,0.5773721781748613,srtm_earth_engine
NSR-GRID-002,normal_day,Normal Dry Day,0.0,0.0,0.0,0.0,30.0,31.0,45.0,12.0,12,False,29,1793.113171189965,28226.998476878285,23.5,9.472057837540532,79.21488701816571,64.0,90.0,7.127927557404519,0.39630038745645974,0.051601423487544484,0.0,0.0,0.42000000000000004,0.18867924528301888,0.1,0.0,0.8345233043348896,0.4501194338280651,0.2239509054720021,0.2239509054720021,0.5671852716416006,srtm_earth_engine
NSR-GRID-002,light_rain,Light Rain,2.0,4.0,5.0,7.0,25.0,25.5,65.0,15.0,9,True,29,1793.113171189965,28226.998476878285,23.5,9.472057837540532,79.21488701816571,64.0,90.0,7.127927557404519,0.39630038745645974,0.051601423487544484,0.13333333333333333,0.132,0.21000000000000002,0.5660377358490566,0.25,1.0,0.8345233043348896,0.4501194338280651,0.2239509054720021,0.2239509054720021,0.5671852716416006,srtm_earth_engine
NSR-GRID-002,heavy_rain_rush_hour,Heavy Rain During Rush Hour,12.0,24.0,32.0,40.0,23.0,23.5,80.0,22.0,17,True,29,1793.113171189965,28226.998476878285,23.5,9.472057837540532,79.21488701816571,64.0,90.0,7.127927557404519,0.39630038745645974,0.051601423487544484,0.8,0.8,0.13,0.8490566037735849,0.6,1.0,0.8345233043348896,0.4501194338280651,0.2239509054720021,0.2239509054720021,0.5671852716416006,srtm_earth_engine
NSR-GRID-002,extreme_rain,Extreme Rain Event,25.0,50.0,70.0,90.0,22.0,22.5,88.0,30.0,18,True,29,1793.113171189965,28226.998476878285,23.5,9.472057837540532,79.21488701816571,64.0,90.0,7.127927557404519,0.39630038745645974,0.051601423487544484,1.0,1.0,0.09,1.0,1.0,1.0,0.8345233043348896,0.4501194338280651,0.2239509054720021,0.2239509054720021,0.5671852716416006,srtm_earth_engine
NSR-GRID-002,hot_day_optional,Hot Urban Heat Day,0.0,0.0,0.0,0.0,40.0,43.0,35.0,10.0,14,False,29,1793.113171189965,28226.998476878285,23.5,9.472057837540532,79.21488701816571,64.0,90.0,7.127927557404519,0.39630038745645974,0.051601423487544484,0.0,0.0,0.8600000000000001,0.0,0.0,0.0,0.8345233043348896,0.4501194338280651,0.2239509054720021,0.2239509054720021,0.5671852716416006,srtm_earth_engine
NSR-GRID-003,normal_day,Normal Dry Day,0.0,0.0,0.0,0.0,30.0,31.0,45.0,12.0,12,False,4,222.34488847842863,6788.615542432688,23.5,8.515336154493012,54.376723929349154,44.0,59.0,5.901407614880314,0.09531055779674068,0.0071174377224199285,0.0,0.0,0.42000000000000004,0.18867924528301888,0.1,0.0,0.953375572728112,0.5717403328414958,0.051213997759580306,0.051213997759580306,0.5153641993278741,srtm_earth_engine
NSR-GRID-003,light_rain,Light Rain,2.0,4.0,5.0,7.0,25.0,25.5,65.0,15.0,9,True,4,222.34488847842863,6788.615542432688,23.5,8.515336154493012,54.376723929349154,44.0,59.0,5.901407614880314,0.09531055779674068,0.0071174377224199285,0.13333333333333333,0.132,0.21000000000000002,0.5660377358490566,0.25,1.0,0.953375572728112,0.5717403328414958,0.051213997759580306,0.051213997759580306,0.5153641993278741,srtm_earth_engine
NSR-GRID-003,heavy_rain_rush_hour,Heavy Rain During Rush Hour,12.0,24.0,32.0,40.0,23.0,23.5,80.0,22.0,17,True,4,222.34488847842863,6788.615542432688,23.5,8.515336154493012,54.376723929349154,44.0,59.0,5.901407614880314,0.09531055779674068,0.0071174377224199285,0.8,0.8,0.13,0.8490566037735849,0.6,1.0,0.953375572728112,0.5717403328414958,0.051213997759580306,0.051213997759580306,0.5153641993278741,srtm_earth_engine
NSR-GRID-003,extreme_rain,Extreme Rain Event,25.0,50.0,70.0,90.0,22.0,22.5,88.0,30.0,18,True,4,222.34488847842863,6788.615542432688,23.5,8.515336154493012,54.376723929349154,44.0,59.0,5.901407614880314,0.09531055779674068,0.0071174377224199285,1.0,1.0,0.09,1.0,1.0,1.0,0.953375572728112,0.5717403328414958,0.051213997759580306,0.051213997759580306,0.5153641993278741,srtm_earth_engine
NSR-GRID-003,hot_day_optional,Hot Urban Heat Day,0.0,0.0,0.0,0.0,40.0,43.0,35.0,10.0,14,False,4,222.34488847842863,6788.615542432688,23.5,8.515336154493012,54.376723929349154,44.0,59.0,5.901407614880314,0.09531055779674068,0.0071174377224199285,0.0,0.0,0.8600000000000001,0.0,0.0,0.0,0.953375572728112,0.5717403328414958,0.051213997759580306,0.051213997759580306,0.5153641993278741,srtm_earth_engine
NSR-GRID-004,normal_day,Normal Dry Day,0.0,0.0,0.0,0.0,30.0,31.0,45.0,12.0,12,False,5,342.1216150567688,9502.88079281026,46.25073891625616,8.0242681245891,58.80803620708687,52.0,70.0,4.872579186039527,0.1334182004235453,0.008896797153024912,0.0,0.0,0.42000000000000004,0.18867924528301888,0.1,0.0,0.9321714476772948,0.6737582732825438,0.0711574987882851,0.0711574987882851,0.5213472496364855,srtm_earth_engine
NSR-GRID-004,light_rain,Light Rain,2.0,4.0,5.0,7.0,25.0,25.5,65.0,15.0,9,True,5,342.1216150567688,9502.88079281026,46.25073891625616,8.0242681245891,58.80803620708687,52.0,70.0,4.872579186039527,0.1334182004235453,0.008896797153024912,0.13333333333333333,0.132,0.21000000000000002,0.5660377358490566,0.25,1.0,0.9321714476772948,0.6737582732825438,0.0711574987882851,0.0711574987882851,0.5213472496364855,srtm_earth_engine
NSR-GRID-004,heavy_rain_rush_hour,Heavy Rain During Rush Hour,12.0,24.0,32.0,40.0,23.0,23.5,80.0,22.0,17,True,5,342.1216150567688,9502.88079281026,46.25073891625616,8.0242681245891,58.80803620708687,52.0,70.0,4.872579186039527,0.1334182004235453,0.008896797153024912,0.8,0.8,0.13,0.8490566037735849,0.6,1.0,0.9321714476772948,0.6737582732825438,0.0711574987882851,0.0711574987882851,0.5213472496364855,srtm_earth_engine
NSR-GRID-004,extreme_rain,Extreme Rain Event,25.0,50.0,70.0,90.0,22.0,22.5,88.0,30.0,18,True,5,342.1216150567688,9502.88079281026,46.25073891625616,8.0242681245891,58.80803620708687,52.0,70.0,4.872579186039527,0.1334182004235453,0.008896797153024912,1.0,1.0,0.09,1.0,1.0,1.0,0.9321714476772948,0.6737582732825438,0.0711574987882851,0.0711574987882851,0.5213472496364855,srtm_earth_engine
NSR-GRID-004,hot_day_optional,Hot Urban Heat Day,0.0,0.0,0.0,0.0,40.0,43.0,35.0,10.0,14,False,5,342.1216150567688,9502.88079281026,46.25073891625616,8.0242681245891,58.80803620708687,52.0,70.0,4.872579186039527,0.1334182004235453,0.008896797153024912,0.0,0.0,0.8600000000000001,0.0,0.0,0.0,0.9321714476772948,0.6737582732825438,0.0711574987882851,0.0711574987882851,0.5213472496364855,srtm_earth_engine
NSR-GRID-005,normal_day,Normal Dry Day,0.0,0.0,0.0,0.0,30.0,31.0,45.0,12.0,12,False,0,0.0,0.0,50.0,0.0,46.63636363636364,46.0,47.0,4.804499192671343,0.0,0.0,0.0,0.0,0.42000000000000004,0.18867924528301888,0.1,0.0,0.990413713419618,0.6805090399934599,0.0,0.0,0.5,srtm_earth_engine
NSR-GRID-005,light_rain,Light Rain,2.0,4.0,5.0,7.0,25.0,25.5,65.0,15.0,9,True,0,0.0,0.0,50.0,0.0,46.63636363636364,46.0,47.0,4.804499192671343,0.0,0.0,0.13333333333333333,0.132,0.21000000000000002,0.5660377358490566,0.25,1.0,0.990413713419618,0.6805090399934599,0.0,0.0,0.5,srtm_earth_engine
NSR-GRID-005,heavy_rain_rush_hour,Heavy Rain During Rush Hour,12.0,24.0,32.0,40.0,23.0,23.5,80.0,22.0,17,True,0,0.0,0.0,50.0,0.0,46.63636363636364,46.0,47.0,4.804499192671343,0.0,0.0,0.8,0.8,0.13,0.8490566037735849,0.6,1.0,0.990413713419618,0.6805090399934599,0.0,0.0,0.5,srtm_earth_engine
NSR-GRID-005,extreme_rain,Extreme Rain Event,25.0,50.0,70.0,90.0,22.0,22.5,88.0,30.0,18,True,0,0.0,0.0,50.0,0.0,46.63636363636364,46.0,47.0,4.804499192671343,0.0,0.0,1.0,1.0,0.09,1.0,1.0,1.0,0.990413713419618,0.6805090399934599,0.0,0.0,0.5,srtm_earth_engine
NSR-GRID-005,hot_day_optional,Hot Urban Heat Day,0.0,0.0,0.0,0.0,40.0,43.0,35.0,10.0,14,False,0,0.0,0.0,50.0,0.0,46.63636363636364,46.0,47.0,4.804499192671343,0.0,0.0,0.0,0.0,0.8600000000000001,0.0,0.0,0.0,0.990413713419618,0.6805090399934599,0.0,0.0,0.5,srtm_earth_engine
NSR-GRID-006,normal_day,Normal Dry Day,0.0,0.0,0.0,0.0,30.0,31.0,45.0,12.0,12,False,68,6697.9917066530425,26791.966826711978,23.5,15.089343018742772,56.42074165959391,45.0,68.0,4.662196512440635,0.37615288224300125,0.12099644128113879,0.0,0.0,0.42000000000000004,0.18867924528301888,0.1,0.0,0.9435948114452886,0.6946196788030183,0.24857466176207002,0.24857466176207002,0.574572398528621,srtm_earth_engine
NSR-GRID-006,light_rain,Light Rain,2.0,4.0,5.0,7.0,25.0,25.5,65.0,15.0,9,True,68,6697.9917066530425,26791.966826711978,23.5,15.089343018742772,56.42074165959391,45.0,68.0,4.662196512440635,0.37615288224300125,0.12099644128113879,0.13333333333333333,0.132,0.21000000000000002,0.5660377358490566,0.25,1.0,0.9435948114452886,0.6946196788030183,0.24857466176207002,0.24857466176207002,0.574572398528621,srtm_earth_engine
NSR-GRID-006,heavy_rain_rush_hour,Heavy Rain During Rush Hour,12.0,24.0,32.0,40.0,23.0,23.5,80.0,22.0,17,True,68,6697.9917066530425,26791.966826711978,23.5,15.089343018742772,56.42074165959391,45.0,68.0,4.662196512440635,0.37615288224300125,0.12099644128113879,0.8,0.8,0.13,0.8490566037735849,0.6,1.0,0.9435948114452886,0.6946196788030183,0.24857466176207002,0.24857466176207002,0.574572398528621,srtm_earth_engine
NSR-GRID-006,extreme_rain,Extreme Rain Event,25.0,50.0,70.0,90.0,22.0,22.5,88.0,30.0,18,True,68,6697.9917066530425,26791.966826711978,23.5,15.089343018742772,56.42074165959391,45.0,68.0,4.662196512440635,0.37615288224300125,0.12099644128113879,1.0,1.0,0.09,1.0,1.0,1.0,0.9435948114452886,0.6946196788030183,0.24857466176207002,0.24857466176207002,0.574572398528621,srtm_earth_engine
NSR-GRID-006,hot_day_optional,Hot Urban Heat Day,0.0,0.0,0.0,0.0,40.0,43.0,35.0,10.0,14,False,68,6697.9917066530425,26791.966826711978,23.5,15.089343018742772,56.42074165959391,45.0,68.0,4.662196512440635,0.37615288224300125,0.12099644128113879,0.0,0.0,0.8600000000000001,0.0,0.0,0.0,0.9435948114452886,0.6946196788030183,0.24857466176207002,0.24857466176207002,0.574572398528621,srtm_earth_engine
NSR-GRID-007,normal_day,Normal Dry Day,0.0,0.0,0.0,0.0,30.0,31.0,45.0,12.0,12,False,90,5991.511325815853,23966.045303375013,34.45405947819741,8.137196421452938,59.12139256407327,53.0,72.0,4.270243845313732,0.3364776119326511,0.1601423487544484,0.0,0.0,0.42000000000000004,0.18867924528301888,0.1,0.0,0.9306720165917473,0.7334854437155567,0.24830998034354973,0.24830998034354973,0.5744929941030649,srtm_earth_engine
NSR-GRID-007,light_rain,Light Rain,2.0,4.0,5.0,7.0,25.0,25.5,65.0,15.0,9,True,90,5991.511325815853,23966.045303375013,34.45405947819741,8.137196421452938,59.12139256407327,53.0,72.0,4.270243845313732,0.3364776119326511,0.1601423487544484,0.13333333333333333,0.132,0.21000000000000002,0.5660377358490566,0.25,1.0,0.9306720165917473,0.7334854437155567,0.24830998034354973,0.24830998034354973,0.5744929941030649,srtm_earth_engine
NSR-GRID-007,heavy_rain_rush_hour,Heavy Rain During Rush Hour,12.0,24.0,32.0,40.0,23.0,23.5,80.0,22.0,17,True,90,5991.511325815853,23966.045303375013,34.45405947819741,8.137196421452938,59.12139256407327,53.0,72.0,4.270243845313732,0.3364776119326511,0.1601423487544484,0.8,0.8,0.13,0.8490566037735849,0.6,1.0,0.9306720165917473,0.7334854437155567,0.24830998034354973,0.24830998034354973,0.5744929941030649,srtm_earth_engine
NSR-GRID-007,extreme_rain,Extreme Rain Event,25.0,50.0,70.0,90.0,22.0,22.5,88.0,30.0,18,True,90,5991.511325815853,23966.045303375013,34.45405947819741,8.137196421452938,59.12139256407327,53.0,72.0,4.270243845313732,0.3364776119326511,0.1601423487544484,1.0,1.0,0.09,1.0,1.0,1.0,0.9306720165917473,0.7334854437155567,0.24830998034354973,0.24830998034354973,0.5744929941030649,srtm_earth_engine
NSR-GRID-007,hot_day_optional,Hot Urban Heat Day,0.0,0.0,0.0,0.0,40.0,43.0,35.0,10.0,14,False,90,5991.511325815853,23966.045303375013,34.45405947819741,8.137196421452938,59.12139256407327,53.0,72.0,4.270243845313732,0.3364776119326511,0.1601423487544484,0.0,0.0,0.8600000000000001,0.0,0.0,0.0,0.9306720165917473,0.7334854437155567,0.24830998034354973,0.24830998034354973,0.5744929941030649,srtm_earth_engine
NSR-GRID-008,normal_day,Normal Dry Day,0.0,0.0,0.0,0.0,30.0,31.0,45.0,12.0,12,False,102,7656.922940909893,30627.691763782197,27.960929199265912,10.673787302798988,68.19219346627065,59.0,89.0,7.524644331783292,0.430005553825582,0.18149466192170818,0.0,0.0,0.42000000000000004,0.18867924528301888,0.1,0.0,0.8872676287747246,0.4107812632196385,0.3057501078736451,0.3057501078736451,0.5917250323620935,srtm_earth_engine
NSR-GRID-008,light_rain,Light Rain,2.0,4.0,5.0,7.0,25.0,25.5,65.0,15.0,9,True,102,7656.922940909893,30627.691763782197,27.960929199265912,10.673787302798988,68.19219346627065,59.0,89.0,7.524644331783292,0.430005553825582,0.18149466192170818,0.13333333333333333,0.132,0.21000000000000002,0.5660377358490566,0.25,1.0,0.8872676287747246,0.4107812632196385,0.3057501078736451,0.3057501078736451,0.5917250323620935,srtm_earth_engine
NSR-GRID-008,heavy_rain_rush_hour,Heavy Rain During Rush Hour,12.0,24.0,32.0,40.0,23.0,23.5,80.0,22.0,17,True,102,7656.922940909893,30627.691763782197,27.960929199265912,10.673787302798988,68.19219346627065,59.0,89.0,7.524644331783292,0.430005553825582,0.18149466192170818,0.8,0.8,0.13,0.8490566037735849,0.6,1.0,0.8872676287747246,0.4107812632196385,0.3057501078736451,0.3057501078736451,0.5917250323620935,srtm_earth_engine
NSR-GRID-008,extreme_rain,Extreme Rain Event,25.0,50.0,70.0,90.0,22.0,22.5,88.0,30.0,18,True,102,7656.922940909893,30627.691763782197,27.960929199265912,10.673787302798988,68.19219346627065,59.0,89.0,7.524644331783292,0.430005553825582,0.18149466192170818,1.0,1.0,0.09,1.0,1.0,1.0,0.8872676287747246,0.4107812632196385,0.3057501078736451,0.3057501078736451,0.5917250323620935,srtm_earth_engine
NSR-GRID-008,hot_day_optional,Hot Urban Heat Day,0.0,0.0,0.0,0.0,40.0,43.0,35.0,10.0,14,False,102,7656.922940909893,30627.691763782197,27.960929199265912,10.673787302798988,68.19219346627065,59.0,89.0,7.524644331783292,0.430005553825582,0.18149466192170818,0.0,0.0,0.8600000000000001,0.0,0.0,0.0,0.8872676287747246,0.4107812632196385,0.3057501078736451,0.3057501078736451,0.5917250323620935,srtm_earth_engine
NSR-GRID-009,normal_day,Normal Dry Day,0.0,0.0,0.0,0.0,30.0,31.0,45.0,12.0,12,False,106,7499.926780456009,30016.27896083941,29.881541035412216,9.793158000304064,82.12943218853887,62.0,123.0,9.31520645624471,0.42142146257335245,0.18861209964412812,0.0,0.0,0.42000000000000004,0.18867924528301888,0.1,0.0,0.8205770111410371,0.2332303178446932,0.3050167811087403,0.3050167811087403,0.5915050343326221,srtm_earth_engine
NSR-GRID-009,light_rain,Light Rain,2.0,4.0,5.0,7.0,25.0,25.5,65.0,15.0,9,True,106,7499.926780456009,30016.27896083941,29.881541035412216,9.793158000304064,82.12943218853887,62.0,123.0,9.31520645624471,0.42142146257335245,0.18861209964412812,0.13333333333333333,0.132,0.21000000000000002,0.5660377358490566,0.25,1.0,0.8205770111410371,0.2332303178446932,0.3050167811087403,0.3050167811087403,0.5915050343326221,srtm_earth_engine
NSR-GRID-009,heavy_rain_rush_hour,Heavy Rain During Rush Hour,12.0,24.0,32.0,40.0,23.0,23.5,80.0,22.0,17,True,106,7499.926780456009,30016.27896083941,29.881541035412216,9.793158000304064,82.12943218853887,62.0,123.0,9.31520645624471,0.42142146257335245,0.18861209964412812,0.8,0.8,0.13,0.8490566037735849,0.6,1.0,0.8205770111410371,0.2332303178446932,0.3050167811087403,0.3050167811087403,0.5915050343326221,srtm_earth_engine
NSR-GRID-009,extreme_rain,Extreme Rain Event,25.0,50.0,70.0,90.0,22.0,22.5,88.0,30.0,18,True,106,7499.926780456009,30016.27896083941,29.881541035412216,9.793158000304064,82.12943218853887,62.0,123.0,9.31520645624471,0.42142146257335245,0.18861209964412812,1.0,1.0,0.09,1.0,1.0,1.0,0.8205770111410371,0.2332303178446932,0.3050167811087403,0.3050167811087403,0.5915050343326221,srtm_earth_engine
NSR-GRID-009,hot_day_optional,Hot Urban Heat Day,0.0,0.0,0.0,0.0,40.0,43.0,35.0,10.0,14,False,106,7499.926780456009,30016.27896083941,29.881541035412216,9.793158000304064,82.12943218853887,62.0,123.0,9.31520645624471,0.42142146257335245,0.18861209964412812,0.0,0.0,0.8600000000000001,0.0,0.0,0.0,0.8205770111410371,0.2332303178446932,0.3050167811087403,0.3050167811087403,0.5915050343326221,srtm_earth_engine
NSR-GRID-010,normal_day,Normal Dry Day,0.0,0.0,0.0,0.0,30.0,31.0,45.0,12.0,12,False,4,137.8728667836195,800.5516735599792,23.5,5.280237451287555,44.90100909607732,31.0,53.0,5.433560588058759,0.0112395562946806,0.0071174377224199285,0.0,0.0,0.42000000000000004,0.18867924528301888,0.1,0.0,0.9987175007344044,0.6181317318151618,0.009178497008550265,0.009178497008550265,0.5027535491025651,srtm_earth_engine
NSR-GRID-010,light_rain,Light Rain,2.0,4.0,5.0,7.0,25.0,25.5,65.0,15.0,9,True,4,137.8728667836195,800.5516735599792,23.5,5.280237451287555,44.90100909607732,31.0,53.0,5.433560588058759,0.0112395562946806,0.0071174377224199285,0.13333333333333333,0.132,0.21000000000000002,0.5660377358490566,0.25,1.0,0.9987175007344044,0.6181317318151618,0.009178497008550265,0.009178497008550265,0.5027535491025651,srtm_earth_engine
NSR-GRID-010,heavy_rain_rush_hour,Heavy Rain During Rush Hour,12.0,24.0,32.0,40.0,23.0,23.5,80.0,22.0,17,True,4,137.8728667836195,800.5516735599792,23.5,5.280237451287555,44.90100909607732,31.0,53.0,5.433560588058759,0.0112395562946806,0.0071174377224199285,0.8,0.8,0.13,0.8490566037735849,0.6,1.0,0.9987175007344044,0.6181317318151618,0.009178497008550265,0.009178497008550265,0.5027535491025651,srtm_earth_engine
NSR-GRID-010,extreme_rain,Extreme Rain Event,25.0,50.0,70.0,90.0,22.0,22.5,88.0,30.0,18,True,4,137.8728667836195,800.5516735599792,23.5,5.280237451287555,44.90100909607732,31.0,53.0,5.433560588058759,0.0112395562946806,0.0071174377224199285,1.0,1.0,0.09,1.0,1.0,1.0,0.9987175007344044,0.6181317318151618,0.009178497008550265,0.009178497008550265,0.5027535491025651,srtm_earth_engine
NSR-GRID-010,hot_day_optional,Hot Urban Heat Day,0.0,0.0,0.0,0.0,40.0,43.0,35.0,10.0,14,False,4,137.8728667836195,800.5516735599792,23.5,5.280237451287555,44.90100909607732,31.0,53.0,5.433560588058759,0.0112395562946806,0.0071174377224199285,0.0,0.0,0.8600000000000001,0.0,0.0,0.0,0.9987175007344044,0.6181317318151618,0.009178497008550265,0.009178497008550265,0.5027535491025651,srtm_earth_engine
NSR-GRID-011,normal_day,Normal Dry Day,0.0,0.0,0.0,0.0,30.0,31.0,45.0,12.0,12,False,66,5169.7006390404185,29491.870651113048,30.830521968453,11.105717523728137,81.21651354808695,68.0,103.0,7.366792462096407,0.41405889384327016,0.11743772241992882,0.0,0.0,0.42000000000000004,0.18867924528301888,0.1,0.0,0.8249453877753391,0.4264337492793105,0.2657483081315995,0.2657483081315995,0.5797244924394799,srtm_earth_engine
NSR-GRID-011,light_rain,Light Rain,2.0,4.0,5.0,7.0,25.0,25.5,65.0,15.0,9,True,66,5169.7006390404185,29491.870651113048,30.830521968453,11.105717523728137,81.21651354808695,68.0,103.0,7.366792462096407,0.41405889384327016,0.11743772241992882,0.13333333333333333,0.132,0.21000000000000002,0.5660377358490566,0.25,1.0,0.8249453877753391,0.4264337492793105,0.2657483081315995,0.2657483081315995,0.5797244924394799,srtm_earth_engine
NSR-GRID-011,heavy_rain_rush_hour,Heavy Rain During Rush Hour,12.0,24.0,32.0,40.0,23.0,23.5,80.0,22.0,17,True,66,5169.7006390404185,29491.870651113048,30.830521968453,11.105717523728137,81.21651354808695,68.0,103.0,7.366792462096407,0.41405889384327016,0.11743772241992882,0.8,0.8,0.13,0.8490566037735849,0.6,1.0,0.8249453877753391,0.4264337492793105,0.2657483081315995,0.2657483081315995,0.5797244924394799,srtm_earth_engine
NSR-GRID-011,extreme_rain,Extreme Rain Event,25.0,50.0,70.0,90.0,22.0,22.5,88.0,30.0,18,True,66,5169.7006390404185,29491.870651113048,30.830521968453,11.105717523728137,81.21651354808695,68.0,103.0,7.366792462096407,0.41405889384327016,0.11743772241992882,1.0,1.0,0.09,1.0,1.0,1.0,0.8249453877753391,0.4264337492793105,0.2657483081315995,0.2657483081315995,0.5797244924394799,srtm_earth_engine
NSR-GRID-011,hot_day_optional,Hot Urban Heat Day,0.0,0.0,0.0,0.0,40.0,43.0,35.0,10.0,14,False,66,5169.7006390404185,29491.870651113048,30.830521968453,11.105717523728137,81.21651354808695,68.0,103.0,7.366792462096407,0.41405889384327016,0.11743772241992882,0.0,0.0,0.8600000000000001,0.0,0.0,0.0,0.8249453877753391,0.4264337492793105,0.2657483081315995,0.2657483081315995,0.5797244924394799,srtm_earth_engine
NSR-GRID-012,normal_day,Normal Dry Day,0.0,0.0,0.0,0.0,30.0,31.0,45.0,12.0,12,False,6,433.2014612754163,4694.927318045326,36.13929939792009,10.06222229734843,81.15300353356889,73.0,89.0,4.472092664826253,0.0659156699478821,0.010676156583629894,0.0,0.0,0.42000000000000004,0.18867924528301888,0.1,0.0,0.8252492874342698,0.7134702494714338,0.038295913265756,0.038295913265756,0.5114887739797268,srtm_earth_engine
NSR-GRID-012,light_rain,Light Rain,2.0,4.0,5.0,7.0,25.0,25.5,65.0,15.0,9,True,6,433.2014612754163,4694.927318045326,36.13929939792009,10.06222229734843,81.15300353356889,73.0,89.0,4.472092664826253,0.0659156699478821,0.010676156583629894,0.13333333333333333,0.132,0.21000000000000002,0.5660377358490566,0.25,1.0,0.8252492874342698,0.7134702494714338,0.038295913265756,0.038295913265756,0.5114887739797268,srtm_earth_engine
NSR-GRID-012,heavy_rain_rush_hour,Heavy Rain During Rush Hour,12.0,24.0,32.0,40.0,23.0,23.5,80.0,22.0,17,True,6,433.2014612754163,4694.927318045326,36.13929939792009,10.06222229734843,81.15300353356889,73.0,89.0,4.472092664826253,0.0659156699478821,0.010676156583629894,0.8,0.8,0.13,0.8490566037735849,0.6,1.0,0.8252492874342698,0.7134702494714338,0.038295913265756,0.038295913265756,0.5114887739797268,srtm_earth_engine
NSR-GRID-012,extreme_rain,Extreme Rain Event,25.0,50.0,70.0,90.0,22.0,22.5,88.0,30.0,18,True,6,433.2014612754163,4694.927318045326,36.13929939792009,10.06222229734843,81.15300353356889,73.0,89.0,4.472092664826253,0.0659156699478821,0.010676156583629894,1.0,1.0,0.09,1.0,1.0,1.0,0.8252492874342698,0.7134702494714338,0.038295913265756,0.038295913265756,0.5114887739797268,srtm_earth_engine
NSR-GRID-012,hot_day_optional,Hot Urban Heat Day,0.0,0.0,0.0,0.0,40.0,43.0,35.0,10.0,14,False,6,433.2014612754163,4694.927318045326,36.13929939792009,10.06222229734843,81.15300353356889,73.0,89.0,4.472092664826253,0.0659156699478821,0.010676156583629894,0.0,0.0,0.8600000000000001,0.0,0.0,0.0,0.8252492874342698,0.7134702494714338,0.038295913265756,0.038295913265756,0.5114887739797268,srtm_earth_engine
NSR-GRID-013,normal_day,Normal Dry Day,0.0,0.0,0.0,0.0,30.0,31.0,45.0,12.0,12,False,0,0.0,0.0,50.0,0.0,86.1729712253475,80.0,94.0,4.437477949515074,0.0,0.0,0.0,0.0,0.42000000000000004,0.18867924528301888,0.1,0.0,0.8012284069329573,0.7169026215424297,0.0,0.0,0.5,srtm_earth_engine
NSR-GRID-013,light_rain,Light Rain,2.0,4.0,5.0,7.0,25.0,25.5,65.0,15.0,9,True,0,0.0,0.0,50.0,0.0,86.1729712253475,80.0,94.0,4.437477949515074,0.0,0.0,0.13333333333333333,0.132,0.21000000000000002,0.5660377358490566,0.25,1.0,0.8012284069329573,0.7169026215424297,0.0,0.0,0.5,srtm_earth_engine
NSR-GRID-013,heavy_rain_rush_hour,Heavy Rain During Rush Hour,12.0,24.0,32.0,40.0,23.0,23.5,80.0,22.0,17,True,0,0.0,0.0,50.0,0.0,86.1729712253475,80.0,94.0,4.437477949515074,0.0,0.0,0.8,0.8,0.13,0.8490566037735849,0.6,1.0,0.8012284069329573,0.7169026215424297,0.0,0.0,0.5,srtm_earth_engine
NSR-GRID-013,extreme_rain,Extreme Rain Event,25.0,50.0,70.0,90.0,22.0,22.5,88.0,30.0,18,True,0,0.0,0.0,50.0,0.0,86.1729712253475,80.0,94.0,4.437477949515074,0.0,0.0,1.0,1.0,0.09,1.0,1.0,1.0,0.8012284069329573,0.7169026215424297,0.0,0.0,0.5,srtm_earth_engine
NSR-GRID-013,hot_day_optional,Hot Urban Heat Day,0.0,0.0,0.0,0.0,40.0,43.0,35.0,10.0,14,False,0,0.0,0.0,50.0,0.0,86.1729712253475,80.0,94.0,4.437477949515074,0.0,0.0,0.0,0.0,0.8600000000000001,0.0,0.0,0.0,0.8012284069329573,0.7169026215424297,0.0,0.0,0.5,srtm_earth_engine
NSR-GRID-014,normal_day,Normal Dry Day,0.0,0.0,0.0,0.0,30.0,31.0,45.0,12.0,12,False,1,52.89370836189436,900.0855064978016,61.417898193760266,3.100356015148774,145.73720608575374,140.0,157.0,4.768780884971097,0.012636987785336489,0.0017793594306049821,0.0,0.0,0.42000000000000004,0.18867924528301888,0.1,0.0,0.5162095670553242,0.6840508435493009,0.007208173607970735,0.007208173607970735,0.5021624520823912,srtm_earth_engine
NSR-GRID-014,light_rain,Light Rain,2.0,4.0,5.0,7.0,25.0,25.5,65.0,15.0,9,True,1,52.89370836189436,900.0855064978016,61.417898193760266,3.100356015148774,145.73720608575374,140.0,157.0,4.768780884971097,0.012636987785336489,0.0017793594306049821,0.13333333333333333,0.132,0.21000000000000002,0.5660377358490566,0.25,1.0,0.5162095670553242,0.6840508435493009,0.007208173607970735,0.007208173607970735,0.5021624520823912,srtm_earth_engine
NSR-GRID-014,heavy_rain_rush_hour,Heavy Rain During Rush Hour,12.0,24.0,32.0,40.0,23.0,23.5,80.0,22.0,17,True,1,52.89370836189436,900.0855064978016,61.417898193760266,3.100356015148774,145.73720608575374,140.0,157.0,4.768780884971097,0.012636987785336489,0.0017793594306049821,0.8,0.8,0.13,0.8490566037735849,0.6,1.0,0.5162095670553242,0.6840508435493009,0.007208173607970735,0.007208173607970735,0.5021624520823912,srtm_earth_engine
NSR-GRID-014,extreme_rain,Extreme Rain Event,25.0,50.0,70.0,90.0,22.0,22.5,88.0,30.0,18,True,1,52.89370836189436,900.0855064978016,61.417898193760266,3.100356015148774,145.73720608575374,140.0,157.0,4.768780884971097,0.012636987785336489,0.0017793594306049821,1.0,1.0,0.09,1.0,1.0,1.0,0.5162095670553242,0.6840508435493009,0.007208173607970735,0.007208173607970735,0.5021624520823912,srtm_earth_engine
NSR-GRID-014,hot_day_optional,Hot Urban Heat Day,0.0,0.0,0.0,0.0,40.0,43.0,35.0,10.0,14,False,1,52.89370836189436,900.0855064978016,61.417898193760266,3.100356015148774,145.73720608575374,140.0,157.0,4.768780884971097,0.012636987785336489,0.0017793594306049821,0.0,0.0,0.8600000000000001,0.0,0.0,0.0,0.5162095670553242,0.6840508435493009,0.007208173607970735,0.007208173607970735,0.5021624520823912,srtm_earth_engine
NSR-GRID-015,normal_day,Normal Dry Day,0.0,0.0,0.0,0.0,30.0,31.0,45.0,12.0,12,False,0,0.0,0.0,50.0,0.0,139.9039230823215,136.0,145.0,2.94693169255651,0.0,0.0,0.0,0.0,0.42000000000000004,0.18867924528301888,0.1,0.0,0.5441222156138527,0.8647041937038437,0.0,0.0,0.5,srtm_earth_engine
NSR-GRID-015,light_rain,Light Rain,2.0,4.0,5.0,7.0,25.0,25.5,65.0,15.0,9,True,0,0.0,0.0,50.0,0.0,139.9039230823215,136.0,145.0,2.94693169255651,0.0,0.0,0.13333333333333333,0.132,0.21000000000000002,0.5660377358490566,0.25,1.0,0.5441222156138527,0.8647041937038437,0.0,0.0,0.5,srtm_earth_engine
NSR-GRID-015,heavy_rain_rush_hour,Heavy Rain During Rush Hour,12.0,24.0,32.0,40.0,23.0,23.5,80.0,22.0,17,True,0,0.0,0.0,50.0,0.0,139.9039230823215,136.0,145.0,2.94693169255651,0.0,0.0,0.8,0.8,0.13,0.8490566037735849,0.6,1.0,0.5441222156138527,0.8647041937038437,0.0,0.0,0.5,srtm_earth_engine
NSR-GRID-015,extreme_rain,Extreme Rain Event,25.0,50.0,70.0,90.0,22.0,22.5,88.0,30.0,18,True,0,0.0,0.0,50.0,0.0,139.9039230823215,136.0,145.0,2.94693169255651,0.0,0.0,1.0,1.0,0.09,1.0,1.0,1.0,0.5441222156138527,0.8647041937038437,0.0,0.0,0.5,srtm_earth_engine
NSR-GRID-015,hot_day_optional,Hot Urban Heat Day,0.0,0.0,0.0,0.0,40.0,43.0,35.0,10.0,14,False,0,0.0,0.0,50.0,0.0,139.9039230823215,136.0,145.0,2.94693169255651,0.0,0.0,0.0,0.0,0.8600000000000001,0.0,0.0,0.0,0.5441222156138527,0.8647041937038437,0.0,0.0,0.5,srtm_earth_engine
NSR-GRID-016,normal_day,Normal Dry Day,0.0,0.0,0.0,0.0,30.0,31.0,45.0,12.0,12,False,1,31.404131616685,2221.972278487508,61.417898193760266,1.8407480090478208,44.63298791018997,33.0,56.0,7.185755470805148,0.031195965649816304,0.0017793594306049821,0.0,0.0,0.42000000000000004,0.18867924528301888,0.1,0.0,1.0,0.4443852565252638,0.016487662540210644,0.016487662540210644,0.5049462987620632,srtm_earth_engine
NSR-GRID-016,light_rain,Light Rain,2.0,4.0,5.0,7.0,25.0,25.5,65.0,15.0,9,True,1,31.404131616685,2221.972278487508,61.417898193760266,1.8407480090478208,44.63298791018997,33.0,56.0,7.185755470805148,0.031195965649816304,0.0017793594306049821,0.13333333333333333,0.132,0.21000000000000002,0.5660377358490566,0.25,1.0,1.0,0.4443852565252638,0.016487662540210644,0.016487662540210644,0.5049462987620632,srtm_earth_engine
NSR-GRID-016,heavy_rain_rush_hour,Heavy Rain During Rush Hour,12.0,24.0,32.0,40.0,23.0,23.5,80.0,22.0,17,True,1,31.404131616685,2221.972278487508,61.417898193760266,1.8407480090478208,44.63298791018997,33.0,56.0,7.185755470805148,0.031195965649816304,0.0017793594306049821,0.8,0.8,0.13,0.8490566037735849,0.6,1.0,1.0,0.4443852565252638,0.016487662540210644,0.016487662540210644,0.5049462987620632,srtm_earth_engine
NSR-GRID-016,extreme_rain,Extreme Rain Event,25.0,50.0,70.0,90.0,22.0,22.5,88.0,30.0,18,True,1,31.404131616685,2221.972278487508,61.417898193760266,1.8407480090478208,44.63298791018997,33.0,56.0,7.185755470805148,0.031195965649816304,0.0017793594306049821,1.0,1.0,0.09,1.0,1.0,1.0,1.0,0.4443852565252638,0.016487662540210644,0.016487662540210644,0.5049462987620632,srtm_earth_engine
NSR-GRID-016,hot_day_optional,Hot Urban Heat Day,0.0,0.0,0.0,0.0,40.0,43.0,35.0,10.0,14,False,1,31.404131616685,2221.972278487508,61.417898193760266,1.8407480090478208,44.63298791018997,33.0,56.0,7.185755470805148,0.031195965649816304,0.0017793594306049821,0.0,0.0,0.8600000000000001,0.0,0.0,0.0,1.0,0.4443852565252638,0.016487662540210644,0.016487662540210644,0.5049462987620632,srtm_earth_engine
NSR-GRID-017,normal_day,Normal Dry Day,0.0,0.0,0.0,0.0,30.0,31.0,45.0,12.0,12,False,0,0.0,0.0,50.0,0.0,135.98742076069723,128.0,141.0,4.600466301313431,0.0,0.0,0.0,0.0,0.42000000000000004,0.18867924528301888,0.1,0.0,0.562862940659738,0.7007408053442863,0.0,0.0,0.5,srtm_earth_engine
NSR-GRID-017,light_rain,Light Rain,2.0,4.0,5.0,7.0,25.0,25.5,65.0,15.0,9,True,0,0.0,0.0,50.0,0.0,135.98742076069723,128.0,141.0,4.600466301313431,0.0,0.0,0.13333333333333333,0.132,0.21000000000000002,0.5660377358490566,0.25,1.0,0.562862940659738,0.7007408053442863,0.0,0.0,0.5,srtm_earth_engine
NSR-GRID-017,heavy_rain_rush_hour,Heavy Rain During Rush Hour,12.0,24.0,32.0,40.0,23.0,23.5,80.0,22.0,17,True,0,0.0,0.0,50.0,0.0,135.98742076069723,128.0,141.0,4.600466301313431,0.0,0.0,0.8,0.8,0.13,0.8490566037735849,0.6,1.0,0.562862940659738,0.7007408053442863,0.0,0.0,0.5,srtm_earth_engine
NSR-GRID-017,extreme_rain,Extreme Rain Event,25.0,50.0,70.0,90.0,22.0,22.5,88.0,30.0,18,True,0,0.0,0.0,50.0,0.0,135.98742076069723,128.0,141.0,4.600466301313431,0.0,0.0,1.0,1.0,0.09,1.0,1.0,1.0,0.562862940659738,0.7007408053442863,0.0,0.0,0.5,srtm_earth_engine
NSR-GRID-017,hot_day_optional,Hot Urban Heat Day,0.0,0.0,0.0,0.0,40.0,43.0,35.0,10.0,14,False,0,0.0,0.0,50.0,0.0,135.98742076069723,128.0,141.0,4.600466301313431,0.0,0.0,0.0,0.0,0.8600000000000001,0.0,0.0,0.0,0.562862940659738,0.7007408053442863,0.0,0.0,0.5,srtm_earth_engine
NSR-GRID-018,normal_day,Normal Dry Day,0.0,0.0,0.0,0.0,30.0,31.0,45.0,12.0,12,False,1,48.32971777350932,1558.9870462464182,61.417898193760266,2.832838457541188,149.5374622752921,140.0,156.0,4.169219186035081,0.02188780967884846,0.0017793594306049821,0.0,0.0,0.42000000000000004,0.18867924528301888,0.1,0.0,0.4980250875112074,0.7435029815133595,0.011833584554726722,0.011833584554726722,0.503550075366418,srtm_earth_engine
NSR-GRID-018,light_rain,Light Rain,2.0,4.0,5.0,7.0,25.0,25.5,65.0,15.0,9,True,1,48.32971777350932,1558.9870462464182,61.417898193760266,2.832838457541188,149.5374622752921,140.0,156.0,4.169219186035081,0.02188780967884846,0.0017793594306049821,0.13333333333333333,0.132,0.21000000000000002,0.5660377358490566,0.25,1.0,0.4980250875112074,0.7435029815133595,0.011833584554726722,0.011833584554726722,0.503550075366418,srtm_earth_engine
NSR-GRID-018,heavy_rain_rush_hour,Heavy Rain During Rush Hour,12.0,24.0,32.0,40.0,23.0,23.5,80.0,22.0,17,True,1,48.32971777350932,1558.9870462464182,61.417898193760266,2.832838457541188,149.5374622752921,140.0,156.0,4.169219186035081,0.02188780967884846,0.0017793594306049821,0.8,0.8,0.13,0.8490566037735849,0.6,1.0,0.4980250875112074,0.7435029815133595,0.011833584554726722,0.011833584554726722,0.503550075366418,srtm_earth_engine
NSR-GRID-018,extreme_rain,Extreme Rain Event,25.0,50.0,70.0,90.0,22.0,22.5,88.0,30.0,18,True,1,48.32971777350932,1558.9870462464182,61.417898193760266,2.832838457541188,149.5374622752921,140.0,156.0,4.169219186035081,0.02188780967884846,0.0017793594306049821,1.0,1.0,0.09,1.0,1.0,1.0,0.4980250875112074,0.7435029815133595,0.011833584554726722,0.011833584554726722,0.503550075366418,srtm_earth_engine
NSR-GRID-018,hot_day_optional,Hot Urban Heat Day,0.0,0.0,0.0,0.0,40.0,43.0,35.0,10.0,14,False,1,48.32971777350932,1558.9870462464182,61.417898193760266,2.832838457541188,149.5374622752921,140.0,156.0,4.169219186035081,0.02188780967884846,0.0017793594306049821,0.0,0.0,0.8600000000000001,0.0,0.0,0.0,0.4980250875112074,0.7435029815133595,0.011833584554726722,0.011833584554726722,0.503550075366418,srtm_earth_engine
NSR-GRID-019,normal_day,Normal Dry Day,0.0,0.0,0.0,0.0,30.0,31.0,45.0,12.0,12,False,0,0.0,0.0,50.0,0.0,91.81917489831496,87.0,99.0,3.0445955782418754,0.0,0.0,0.0,0.0,0.42000000000000004,0.18867924528301888,0.1,0.0,0.7742109454587439,0.8550199079728233,0.0,0.0,0.5,srtm_earth_engine
NSR-GRID-019,light_rain,Light Rain,2.0,4.0,5.0,7.0,25.0,25.5,65.0,15.0,9,True,0,0.0,0.0,50.0,0.0,91.81917489831496,87.0,99.0,3.0445955782418754,0.0,0.0,0.13333333333333333,0.132,0.21000000000000002,0.5660377358490566,0.25,1.0,0.7742109454587439,0.8550199079728233,0.0,0.0,0.5,srtm_earth_engine
NSR-GRID-019,heavy_rain_rush_hour,Heavy Rain During Rush Hour,12.0,24.0,32.0,40.0,23.0,23.5,80.0,22.0,17,True,0,0.0,0.0,50.0,0.0,91.81917489831496,87.0,99.0,3.0445955782418754,0.0,0.0,0.8,0.8,0.13,0.8490566037735849,0.6,1.0,0.7742109454587439,0.8550199079728233,0.0,0.0,0.5,srtm_earth_engine
NSR-GRID-019,extreme_rain,Extreme Rain Event,25.0,50.0,70.0,90.0,22.0,22.5,88.0,30.0,18,True,0,0.0,0.0,50.0,0.0,91.81917489831496,87.0,99.0,3.0445955782418754,0.0,0.0,1.0,1.0,0.09,1.0,1.0,1.0,0.7742109454587439,0.8550199079728233,0.0,0.0,0.5,srtm_earth_engine
NSR-GRID-019,hot_day_optional,Hot Urban Heat Day,0.0,0.0,0.0,0.0,40.0,43.0,35.0,10.0,14,False,0,0.0,0.0,50.0,0.0,91.81917489831496,87.0,99.0,3.0445955782418754,0.0,0.0,0.0,0.0,0.8600000000000001,0.0,0.0,0.0,0.7742109454587439,0.8550199079728233,0.0,0.0,0.5,srtm_earth_engine
NSR-GRID-020,normal_day,Normal Dry Day,0.0,0.0,0.0,0.0,30.0,31.0,45.0,12.0,12,False,0,0.0,0.0,50.0,0.0,127.13578928635,122.0,131.0,3.3597317395377475,0.0,0.0,0.0,0.0,0.42000000000000004,0.18867924528301888,0.1,0.0,0.6052185881343571,0.8237712165169246,0.0,0.0,0.5,srtm_earth_engine
NSR-GRID-020,light_rain,Light Rain,2.0,4.0,5.0,7.0,25.0,25.5,65.0,15.0,9,True,0,0.0,0.0,50.0,0.0,127.13578928635,122.0,131.0,3.3597317395377475,0.0,0.0,0.13333333333333333,0.132,0.21000000000000002,0.5660377358490566,0.25,1.0,0.6052185881343571,0.8237712165169246,0.0,0.0,0.5,srtm_earth_engine
NSR-GRID-020,heavy_rain_rush_hour,Heavy Rain During Rush Hour,12.0,24.0,32.0,40.0,23.0,23.5,80.0,22.0,17,True,0,0.0,0.0,50.0,0.0,127.13578928635,122.0,131.0,3.3597317395377475,0.0,0.0,0.8,0.8,0.13,0.8490566037735849,0.6,1.0,0.6052185881343571,0.8237712165169246,0.0,0.0,0.5,srtm_earth_engine
NSR-GRID-020,extreme_rain,Extreme Rain Event,25.0,50.0,70.0,90.0,22.0,22.5,88.0,30.0,18,True,0,0.0,0.0,50.0,0.0,127.13578928635,122.0,131.0,3.3597317395377475,0.0,0.0,1.0,1.0,0.09,1.0,1.0,1.0,0.6052185881343571,0.8237712165169246,0.0,0.0,0.5,srtm_earth_engine
NSR-GRID-020,hot_day_optional,Hot Urban Heat Day,0.0,0.0,0.0,0.0,40.0,43.0,35.0,10.0,14,False,0,0.0,0.0,50.0,0.0,127.13578928635,122.0,131.0,3.3597317395377475,0.0,0.0,0.0,0.0,0.8600000000000001,0.0,0.0,0.0,0.6052185881343571,0.8237712165169246,0.0,0.0,0.5,srtm_earth_engine
NSR-GRID-021,normal_day,Normal Dry Day,0.0,0.0,0.0,0.0,30.0,31.0,45.0,12.0,12,False,0,0.0,0.0,50.0,0.0,94.67315436241608,93.0,96.0,1.5825033261471946,0.0,0.0,0.0,0.0,0.42000000000000004,0.18867924528301888,0.1,0.0,0.7605544632123247,1.0,0.0,0.0,0.5,srtm_earth_engine
NSR-GRID-021,light_rain,Light Rain,2.0,4.0,5.0,7.0,25.0,25.5,65.0,15.0,9,True,0,0.0,0.0,50.0,0.0,94.67315436241608,93.0,96.0,1.5825033261471946,0.0,0.0,0.13333333333333333,0.132,0.21000000000000002,0.5660377358490566,0.25,1.0,0.7605544632123247,1.0,0.0,0.0,0.5,srtm_earth_engine
NSR-GRID-021,heavy_rain_rush_hour,Heavy Rain During Rush Hour,12.0,24.0,32.0,40.0,23.0,23.5,80.0,22.0,17,True,0,0.0,0.0,50.0,0.0,94.67315436241608,93.0,96.0,1.5825033261471946,0.0,0.0,0.8,0.8,0.13,0.8490566037735849,0.6,1.0,0.7605544632123247,1.0,0.0,0.0,0.5,srtm_earth_engine
NSR-GRID-021,extreme_rain,Extreme Rain Event,25.0,50.0,70.0,90.0,22.0,22.5,88.0,30.0,18,True,0,0.0,0.0,50.0,0.0,94.67315436241608,93.0,96.0,1.5825033261471946,0.0,0.0,1.0,1.0,0.09,1.0,1.0,1.0,0.7605544632123247,1.0,0.0,0.0,0.5,srtm_earth_engine
NSR-GRID-021,hot_day_optional,Hot Urban Heat Day,0.0,0.0,0.0,0.0,40.0,43.0,35.0,10.0,14,False,0,0.0,0.0,50.0,0.0,94.67315436241608,93.0,96.0,1.5825033261471946,0.0,0.0,0.0,0.0,0.8600000000000001,0.0,0.0,0.0,0.7605544632123247,1.0,0.0,0.0,0.5,srtm_earth_engine
NSR-GRID-022,normal_day,Normal Dry Day,0.0,0.0,0.0,0.0,30.0,31.0,45.0,12.0,12,False,0,0.0,0.0,50.0,0.0,127.5322175732218,125.0,130.0,3.343160492805258,0.0,0.0,0.0,0.0,0.42000000000000004,0.18867924528301888,0.1,0.0,0.6033216523190364,0.8254144102845131,0.0,0.0,0.5,srtm_earth_engine
NSR-GRID-022,light_rain,Light Rain,2.0,4.0,5.0,7.0,25.0,25.5,65.0,15.0,9,True,0,0.0,0.0,50.0,0.0,127.5322175732218,125.0,130.0,3.343160492805258,0.0,0.0,0.13333333333333333,0.132,0.21000000000000002,0.5660377358490566,0.25,1.0,0.6033216523190364,0.8254144102845131,0.0,0.0,0.5,srtm_earth_engine
NSR-GRID-022,heavy_rain_rush_hour,Heavy Rain During Rush Hour,12.0,24.0,32.0,40.0,23.0,23.5,80.0,22.0,17,True,0,0.0,0.0,50.0,0.0,127.5322175732218,125.0,130.0,3.343160492805258,0.0,0.0,0.8,0.8,0.13,0.8490566037735849,0.6,1.0,0.6033216523190364,0.8254144102845131,0.0,0.0,0.5,srtm_earth_engine
NSR-GRID-022,extreme_rain,Extreme Rain Event,25.0,50.0,70.0,90.0,22.0,22.5,88.0,30.0,18,True,0,0.0,0.0,50.0,0.0,127.5322175732218,125.0,130.0,3.343160492805258,0.0,0.0,1.0,1.0,0.09,1.0,1.0,1.0,0.6033216523190364,0.8254144102845131,0.0,0.0,0.5,srtm_earth_engine
NSR-GRID-022,hot_day_optional,Hot Urban Heat Day,0.0,0.0,0.0,0.0,40.0,43.0,35.0,10.0,14,False,0,0.0,0.0,50.0,0.0,127.5322175732218,125.0,130.0,3.343160492805258,0.0,0.0,0.0,0.0,0.8600000000000001,0.0,0.0,0.0,0.6033216523190364,0.8254144102845131,0.0,0.0,0.5,srtm_earth_engine
NSR-GRID-023,normal_day,Normal Dry Day,0.0,0.0,0.0,0.0,30.0,31.0,45.0,12.0,12,False,0,0.0,0.0,50.0,0.0,149.56,149.0,151.0,2.906627311706542,0.0,0.0,0.0,0.0,0.42000000000000004,0.18867924528301888,0.1,0.0,0.4979172429940274,0.8687007492128105,0.0,0.0,0.5,srtm_earth_engine
NSR-GRID-023,light_rain,Light Rain,2.0,4.0,5.0,7.0,25.0,25.5,65.0,15.0,9,True,0,0.0,0.0,50.0,0.0,149.56,149.0,151.0,2.906627311706542,0.0,0.0,0.13333333333333333,0.132,0.21000000000000002,0.5660377358490566,0.25,1.0,0.4979172429940274,0.8687007492128105,0.0,0.0,0.5,srtm_earth_engine
NSR-GRID-023,heavy_rain_rush_hour,Heavy Rain During Rush Hour,12.0,24.0,32.0,40.0,23.0,23.5,80.0,22.0,17,True,0,0.0,0.0,50.0,0.0,149.56,149.0,151.0,2.906627311706542,0.0,0.0,0.8,0.8,0.13,0.8490566037735849,0.6,1.0,0.4979172429940274,0.8687007492128105,0.0,0.0,0.5,srtm_earth_engine
NSR-GRID-023,extreme_rain,Extreme Rain Event,25.0,50.0,70.0,90.0,22.0,22.5,88.0,30.0,18,True,0,0.0,0.0,50.0,0.0,149.56,149.0,151.0,2.906627311706542,0.0,0.0,1.0,1.0,0.09,1.0,1.0,1.0,0.4979172429940274,0.8687007492128105,0.0,0.0,0.5,srtm_earth_engine
NSR-GRID-023,hot_day_optional,Hot Urban Heat Day,0.0,0.0,0.0,0.0,40.0,43.0,35.0,10.0,14,False,0,0.0,0.0,50.0,0.0,149.56,149.0,151.0,2.906627311706542,0.0,0.0,0.0,0.0,0.8600000000000001,0.0,0.0,0.0,0.4979172429940274,0.8687007492128105,0.0,0.0,0.5,srtm_earth_engine
NSR-GRID-024,normal_day,Normal Dry Day,0.0,0.0,0.0,0.0,30.0,31.0,45.0,12.0,12,False,26,3213.3489593986783,12853.395837546832,33.70866489832007,14.324102198678988,54.73643512023234,46.0,77.0,5.82237012742348,0.18045863979209725,0.046263345195729534,0.0,0.0,0.42000000000000004,0.18867924528301888,0.1,0.0,0.9516543306680604,0.579577637354034,0.11336099249391339,0.11336099249391339,0.534008297748174,srtm_earth_engine
NSR-GRID-024,light_rain,Light Rain,2.0,4.0,5.0,7.0,25.0,25.5,65.0,15.0,9,True,26,3213.3489593986783,12853.395837546832,33.70866489832007,14.324102198678988,54.73643512023234,46.0,77.0,5.82237012742348,0.18045863979209725,0.046263345195729534,0.13333333333333333,0.132,0.21000000000000002,0.5660377358490566,0.25,1.0,0.9516543306680604,0.579577637354034,0.11336099249391339,0.11336099249391339,0.534008297748174,srtm_earth_engine
NSR-GRID-024,heavy_rain_rush_hour,Heavy Rain During Rush Hour,12.0,24.0,32.0,40.0,23.0,23.5,80.0,22.0,17,True,26,3213.3489593986783,12853.395837546832,33.70866489832007,14.324102198678988,54.73643512023234,46.0,77.0,5.82237012742348,0.18045863979209725,0.046263345195729534,0.8,0.8,0.13,0.8490566037735849,0.6,1.0,0.9516543306680604,0.579577637354034,0.11336099249391339,0.11336099249391339,0.534008297748174,srtm_earth_engine
NSR-GRID-024,extreme_rain,Extreme Rain Event,25.0,50.0,70.0,90.0,22.0,22.5,88.0,30.0,18,True,26,3213.3489593986783,12853.395837546832,33.70866489832007,14.324102198678988,54.73643512023234,46.0,77.0,5.82237012742348,0.18045863979209725,0.046263345195729534,1.0,1.0,0.09,1.0,1.0,1.0,0.9516543306680604,0.579577637354034,0.11336099249391339,0.11336099249391339,0.534008297748174,srtm_earth_engine
NSR-GRID-024,hot_day_optional,Hot Urban Heat Day,0.0,0.0,0.0,0.0,40.0,43.0,35.0,10.0,14,False,26,3213.3489593986783,12853.395837546832,33.70866489832007,14.324102198678988,54.73643512023234,46.0,77.0,5.82237012742348,0.18045863979209725,0.046263345195729534,0.0,0.0,0.8600000000000001,0.0,0.0,0.0,0.9516543306680604,0.579577637354034,0.11336099249391339,0.11336099249391339,0.534008297748174,srtm_earth_engine
NSR-GRID-025,normal_day,Normal Dry Day,0.0,0.0,0.0,0.0,30.0,31.0,45.0,12.0,12,False,21,2153.38412313426,8613.536492496929,54.19544139494879,7.220115942410773,57.0630976079366,44.0,75.0,5.263891018261135,0.12093201663446589,0.037366548042704624,0.0,0.0,0.42000000000000004,0.18867924528301888,0.1,0.0,0.9405210953535064,0.6349560531315694,0.07914928233858526,0.07914928233858526,0.5237447847015756,srtm_earth_engine
NSR-GRID-025,light_rain,Light Rain,2.0,4.0,5.0,7.0,25.0,25.5,65.0,15.0,9,True,21,2153.38412313426,8613.536492496929,54.19544139494879,7.220115942410773,57.0630976079366,44.0,75.0,5.263891018261135,0.12093201663446589,0.037366548042704624,0.13333333333333333,0.132,0.21000000000000002,0.5660377358490566,0.25,1.0,0.9405210953535064,0.6349560531315694,0.07914928233858526,0.07914928233858526,0.5237447847015756,srtm_earth_engine
NSR-GRID-025,heavy_rain_rush_hour,Heavy Rain During Rush Hour,12.0,24.0,32.0,40.0,23.0,23.5,80.0,22.0,17,True,21,2153.38412313426,8613.536492496929,54.19544139494879,7.220115942410773,57.0630976079366,44.0,75.0,5.263891018261135,0.12093201663446589,0.037366548042704624,0.8,0.8,0.13,0.8490566037735849,0.6,1.0,0.9405210953535064,0.6349560531315694,0.07914928233858526,0.07914928233858526,0.5237447847015756,srtm_earth_engine
NSR-GRID-025,extreme_rain,Extreme Rain Event,25.0,50.0,70.0,90.0,22.0,22.5,88.0,30.0,18,True,21,2153.38412313426,8613.536492496929,54.19544139494879,7.220115942410773,57.0630976079366,44.0,75.0,5.263891018261135,0.12093201663446589,0.037366548042704624,1.0,1.0,0.09,1.0,1.0,1.0,0.9405210953535064,0.6349560531315694,0.07914928233858526,0.07914928233858526,0.5237447847015756,srtm_earth_engine
NSR-GRID-025,hot_day_optional,Hot Urban Heat Day,0.0,0.0,0.0,0.0,40.0,43.0,35.0,10.0,14,False,21,2153.38412313426,8613.536492496929,54.19544139494879,7.220115942410773,57.0630976079366,44.0,75.0,5.263891018261135,0.12093201663446589,0.037366548042704624,0.0,0.0,0.8600000000000001,0.0,0.0,0.0,0.9405210953535064,0.6349560531315694,0.07914928233858526,0.07914928233858526,0.5237447847015756,srtm_earth_engine
NSR-GRID-026,normal_day,Normal Dry Day,0.0,0.0,0.0,0.0,30.0,31.0,45.0,12.0,12,False,57,3634.907860372569,14539.631441436111,26.826131420505288,9.447561684336614,64.10467771398751,55.0,84.0,5.262632443830136,0.20413298914637204,0.10142348754448399,0.0,0.0,0.42000000000000004,0.18867924528301888,0.1,0.0,0.9068266645019124,0.6350808525322692,0.15277823834542803,0.15277823834542803,0.5458334715036284,srtm_earth_engine
NSR-GRID-026,light_rain,Light Rain,2.0,4.0,5.0,7.0,25.0,25.5,65.0,15.0,9,True,57,3634.907860372569,14539.631441436111,26.826131420505288,9.447561684336614,64.10467771398751,55.0,84.0,5.262632443830136,0.20413298914637204,0.10142348754448399,0.13333333333333333,0.132,0.21000000000000002,0.5660377358490566,0.25,1.0,0.9068266645019124,0.6350808525322692,0.15277823834542803,0.15277823834542803,0.5458334715036284,srtm_earth_engine
NSR-GRID-026,heavy_rain_rush_hour,Heavy Rain During Rush Hour,12.0,24.0,32.0,40.0,23.0,23.5,80.0,22.0,17,True,57,3634.907860372569,14539.631441436111,26.826131420505288,9.447561684336614,64.10467771398751,55.0,84.0,5.262632443830136,0.20413298914637204,0.10142348754448399,0.8,0.8,0.13,0.8490566037735849,0.6,1.0,0.9068266645019124,0.6350808525322692,0.15277823834542803,0.15277823834542803,0.5458334715036284,srtm_earth_engine
NSR-GRID-026,extreme_rain,Extreme Rain Event,25.0,50.0,70.0,90.0,22.0,22.5,88.0,30.0,18,True,57,3634.907860372569,14539.631441436111,26.826131420505288,9.447561684336614,64.10467771398751,55.0,84.0,5.262632443830136,0.20413298914637204,0.10142348754448399,1.0,1.0,0.09,1.0,1.0,1.0,0.9068266645019124,0.6350808525322692,0.15277823834542803,0.15277823834542803,0.5458334715036284,srtm_earth_engine
NSR-GRID-026,hot_day_optional,Hot Urban Heat Day,0.0,0.0,0.0,0.0,40.0,43.0,35.0,10.0,14,False,57,3634.907860372569,14539.631441436111,26.826131420505288,9.447561684336614,64.10467771398751,55.0,84.0,5.262632443830136,0.20413298914637204,0.10142348754448399,0.0,0.0,0.8600000000000001,0.0,0.0,0.0,0.9068266645019124,0.6350808525322692,0.15277823834542803,0.15277823834542803,0.5458334715036284,srtm_earth_engine
NSR-GRID-027,normal_day,Normal Dry Day,0.0,0.0,0.0,0.0,30.0,31.0,45.0,12.0,12,False,30,3303.7210337898305,13214.884135110093,23.5,16.870064853394876,67.59576168879904,59.0,85.0,5.075151479412649,0.1855338500558681,0.05338078291814947,0.0,0.0,0.42000000000000004,0.18867924528301888,0.1,0.0,0.8901215946433286,0.6536713398531957,0.11945731648700877,0.11945731648700877,0.5358371949461026,srtm_earth_engine
NSR-GRID-027,light_rain,Light Rain,2.0,4.0,5.0,7.0,25.0,25.5,65.0,15.0,9,True,30,3303.7210337898305,13214.884135110093,23.5,16.870064853394876,67.59576168879904,59.0,85.0,5.075151479412649,0.1855338500558681,0.05338078291814947,0.13333333333333333,0.132,0.21000000000000002,0.5660377358490566,0.25,1.0,0.8901215946433286,0.6536713398531957,0.11945731648700877,0.11945731648700877,0.5358371949461026,srtm_earth_engine
NSR-GRID-027,heavy_rain_rush_hour,Heavy Rain During Rush Hour,12.0,24.0,32.0,40.0,23.0,23.5,80.0,22.0,17,True,30,3303.7210337898305,13214.884135110093,23.5,16.870064853394876,67.59576168879904,59.0,85.0,5.075151479412649,0.1855338500558681,0.05338078291814947,0.8,0.8,0.13,0.8490566037735849,0.6,1.0,0.8901215946433286,0.6536713398531957,0.11945731648700877,0.11945731648700877,0.5358371949461026,srtm_earth_engine
NSR-GRID-027,extreme_rain,Extreme Rain Event,25.0,50.0,70.0,90.0,22.0,22.5,88.0,30.0,18,True,30,3303.7210337898305,13214.884135110093,23.5,16.870064853394876,67.59576168879904,59.0,85.0,5.075151479412649,0.1855338500558681,0.05338078291814947,1.0,1.0,0.09,1.0,1.0,1.0,0.8901215946433286,0.6536713398531957,0.11945731648700877,0.11945731648700877,0.5358371949461026,srtm_earth_engine
NSR-GRID-027,hot_day_optional,Hot Urban Heat Day,0.0,0.0,0.0,0.0,40.0,43.0,35.0,10.0,14,False,30,3303.7210337898305,13214.884135110093,23.5,16.870064853394876,67.59576168879904,59.0,85.0,5.075151479412649,0.1855338500558681,0.05338078291814947,0.0,0.0,0.8600000000000001,0.0,0.0,0.0,0.8901215946433286,0.6536713398531957,0.11945731648700877,0.11945731648700877,0.5358371949461026,srtm_earth_engine
NSR-GRID-028,normal_day,Normal Dry Day,0.0,0.0,0.0,0.0,30.0,31.0,45.0,12.0,12,False,102,6257.265534288359,25029.062137083507,31.49958144177211,8.551590287154637,82.94008419541177,72.0,109.0,8.300377388287865,0.351402117044893,0.18149466192170818,0.0,0.0,0.42000000000000004,0.18867924528301888,0.1,0.0,0.8166979871749798,0.3338600910026112,0.2664483894833006,0.2664483894833006,0.5799345168449902,srtm_earth_engine
NSR-GRID-028,light_rain,Light Rain,2.0,4.0,5.0,7.0,25.0,25.5,65.0,15.0,9,True,102,6257.265534288359,25029.062137083507,31.49958144177211,8.551590287154637,82.94008419541177,72.0,109.0,8.300377388287865,0.351402117044893,0.18149466192170818,0.13333333333333333,0.132,0.21000000000000002,0.5660377358490566,0.25,1.0,0.8166979871749798,0.3338600910026112,0.2664483894833006,0.2664483894833006,0.5799345168449902,srtm_earth_engine
NSR-GRID-028,heavy_rain_rush_hour,Heavy Rain During Rush Hour,12.0,24.0,32.0,40.0,23.0,23.5,80.0,22.0,17,True,102,6257.265534288359,25029.062137083507,31.49958144177211,8.551590287154637,82.94008419541177,72.0,109.0,8.300377388287865,0.351402117044893,0.18149466192170818,0.8,0.8,0.13,0.8490566037735849,0.6,1.0,0.8166979871749798,0.3338600910026112,0.2664483894833006,0.2664483894833006,0.5799345168449902,srtm_earth_engine
NSR-GRID-028,extreme_rain,Extreme Rain Event,25.0,50.0,70.0,90.0,22.0,22.5,88.0,30.0,18,True,102,6257.265534288359,25029.062137083507,31.49958144177211,8.551590287154637,82.94008419541177,72.0,109.0,8.300377388287865,0.351402117044893,0.18149466192170818,1.0,1.0,0.09,1.0,1.0,1.0,0.8166979871749798,0.3338600910026112,0.2664483894833006,0.2664483894833006,0.5799345168449902,srtm_earth_engine
NSR-GRID-028,hot_day_optional,Hot Urban Heat Day,0.0,0.0,0.0,0.0,40.0,43.0,35.0,10.0,14,False,102,6257.265534288359,25029.062137083507,31.49958144177211,8.551590287154637,82.94008419541177,72.0,109.0,8.300377388287865,0.351402117044893,0.18149466192170818,0.0,0.0,0.8600000000000001,0.0,0.0,0.0,0.8166979871749798,0.3338600910026112,0.2664483894833006,0.2664483894833006,0.5799345168449902,srtm_earth_engine
NSR-GRID-029,normal_day,Normal Dry Day,0.0,0.0,0.0,0.0,30.0,31.0,45.0,12.0,12,False,73,5354.134879327784,21416.539517231355,37.524428099062014,9.078613200902728,83.85653705636742,73.0,98.0,6.556711088080495,0.3006831532444967,0.1298932384341637,0.0,0.0,0.42000000000000004,0.18867924528301888,0.1,0.0,0.8123126990596489,0.5067608777392754,0.21528819583933018,0.21528819583933018,0.564586458751799,srtm_earth_engine
NSR-GRID-029,light_rain,Light Rain,2.0,4.0,5.0,7.0,25.0,25.5,65.0,15.0,9,True,73,5354.134879327784,21416.539517231355,37.524428099062014,9.078613200902728,83.85653705636742,73.0,98.0,6.556711088080495,0.3006831532444967,0.1298932384341637,0.13333333333333333,0.132,0.21000000000000002,0.5660377358490566,0.25,1.0,0.8123126990596489,0.5067608777392754,0.21528819583933018,0.21528819583933018,0.564586458751799,srtm_earth_engine
NSR-GRID-029,heavy_rain_rush_hour,Heavy Rain During Rush Hour,12.0,24.0,32.0,40.0,23.0,23.5,80.0,22.0,17,True,73,5354.134879327784,21416.539517231355,37.524428099062014,9.078613200902728,83.85653705636742,73.0,98.0,6.556711088080495,0.3006831532444967,0.1298932384341637,0.8,0.8,0.13,0.8490566037735849,0.6,1.0,0.8123126990596489,0.5067608777392754,0.21528819583933018,0.21528819583933018,0.564586458751799,srtm_earth_engine
NSR-GRID-029,extreme_rain,Extreme Rain Event,25.0,50.0,70.0,90.0,22.0,22.5,88.0,30.0,18,True,73,5354.134879327784,21416.539517231355,37.524428099062014,9.078613200902728,83.85653705636742,73.0,98.0,6.556711088080495,0.3006831532444967,0.1298932384341637,1.0,1.0,0.09,1.0,1.0,1.0,0.8123126990596489,0.5067608777392754,0.21528819583933018,0.21528819583933018,0.564586458751799,srtm_earth_engine
NSR-GRID-029,hot_day_optional,Hot Urban Heat Day,0.0,0.0,0.0,0.0,40.0,43.0,35.0,10.0,14,False,73,5354.134879327784,21416.539517231355,37.524428099062014,9.078613200902728,83.85653705636742,73.0,98.0,6.556711088080495,0.3006831532444967,0.1298932384341637,0.0,0.0,0.8600000000000001,0.0,0.0,0.0,0.8123126990596489,0.5067608777392754,0.21528819583933018,0.21528819583933018,0.564586458751799,srtm_earth_engine
NSR-GRID-030,normal_day,Normal Dry Day,0.0,0.0,0.0,0.0,30.0,31.0,45.0,12.0,12,False,37,2577.0404887478567,10308.161954953026,45.020969245107175,6.239402729293123,89.17781983098968,73.0,107.0,5.9248855498518616,0.14472415762016258,0.06583629893238434,0.0,0.0,0.42000000000000004,0.18867924528301888,0.1,0.0,0.7868500057733487,0.5694122764771272,0.10528022827627345,0.10528022827627345,0.5315840684828821,srtm_earth_engine
NSR-GRID-030,light_rain,Light Rain,2.0,4.0,5.0,7.0,25.0,25.5,65.0,15.0,9,True,37,2577.0404887478567,10308.161954953026,45.020969245107175,6.239402729293123,89.17781983098968,73.0,107.0,5.9248855498518616,0.14472415762016258,0.06583629893238434,0.13333333333333333,0.132,0.21000000000000002,0.5660377358490566,0.25,1.0,0.7868500057733487,0.5694122764771272,0.10528022827627345,0.10528022827627345,0.5315840684828821,srtm_earth_engine
NSR-GRID-030,heavy_rain_rush_hour,Heavy Rain During Rush Hour,12.0,24.0,32.0,40.0,23.0,23.5,80.0,22.0,17,True,37,2577.0404887478567,10308.161954953026,45.020969245107175,6.239402729293123,89.17781983098968,73.0,107.0,5.9248855498518616,0.14472415762016258,0.06583629893238434,0.8,0.8,0.13,0.8490566037735849,0.6,1.0,0.7868500057733487,0.5694122764771272,0.10528022827627345,0.10528022827627345,0.5315840684828821,srtm_earth_engine
NSR-GRID-030,extreme_rain,Extreme Rain Event,25.0,50.0,70.0,90.0,22.0,22.5,88.0,30.0,18,True,37,2577.0404887478567,10308.161954953026,45.020969245107175,6.239402729293123,89.17781983098968,73.0,107.0,5.9248855498518616,0.14472415762016258,0.06583629893238434,1.0,1.0,0.09,1.0,1.0,1.0,0.7868500057733487,0.5694122764771272,0.10528022827627345,0.10528022827627345,0.5315840684828821,srtm_earth_engine
NSR-GRID-030,hot_day_optional,Hot Urban Heat Day,0.0,0.0,0.0,0.0,40.0,43.0,35.0,10.0,14,False,37,2577.0404887478567,10308.161954953026,45.020969245107175,6.239402729293123,89.17781983098968,73.0,107.0,5.9248855498518616,0.14472415762016258,0.06583629893238434,0.0,0.0,0.8600000000000001,0.0,0.0,0.0,0.7868500057733487,0.5694122764771272,0.10528022827627345,0.10528022827627345,0.5315840684828821,srtm_earth_engine
NSR-GRID-031,normal_day,Normal Dry Day,0.0,0.0,0.0,0.0,30.0,31.0,45.0,12.0,12,False,11,1637.3926248276484,6549.570499280094,61.417898193760266,8.72504539723953,91.1561204842868,71.0,104.0,6.77492849813703,0.09195442188669985,0.019572953736654804,0.0,0.0,0.42000000000000004,0.18867924528301888,0.1,0.0,0.7773837050905087,0.4851225849799755,0.05576368781167733,0.05576368781167733,0.5167291063435032,srtm_earth_engine
NSR-GRID-031,light_rain,Light Rain,2.0,4.0,5.0,7.0,25.0,25.5,65.0,15.0,9,True,11,1637.3926248276484,6549.570499280094,61.417898193760266,8.72504539723953,91.1561204842868,71.0,104.0,6.77492849813703,0.09195442188669985,0.019572953736654804,0.13333333333333333,0.132,0.21000000000000002,0.5660377358490566,0.25,1.0,0.7773837050905087,0.4851225849799755,0.05576368781167733,0.05576368781167733,0.5167291063435032,srtm_earth_engine
NSR-GRID-031,heavy_rain_rush_hour,Heavy Rain During Rush Hour,12.0,24.0,32.0,40.0,23.0,23.5,80.0,22.0,17,True,11,1637.3926248276484,6549.570499280094,61.417898193760266,8.72504539723953,91.1561204842868,71.0,104.0,6.77492849813703,0.09195442188669985,0.019572953736654804,0.8,0.8,0.13,0.8490566037735849,0.6,1.0,0.7773837050905087,0.4851225849799755,0.05576368781167733,0.05576368781167733,0.5167291063435032,srtm_earth_engine
NSR-GRID-031,extreme_rain,Extreme Rain Event,25.0,50.0,70.0,90.0,22.0,22.5,88.0,30.0,18,True,11,1637.3926248276484,6549.570499280094,61.417898193760266,8.72504539723953,91.1561204842868,71.0,104.0,6.77492849813703,0.09195442188669985,0.019572953736654804,1.0,1.0,0.09,1.0,1.0,1.0,0.7773837050905087,0.4851225849799755,0.05576368781167733,0.05576368781167733,0.5167291063435032,srtm_earth_engine
NSR-GRID-031,hot_day_optional,Hot Urban Heat Day,0.0,0.0,0.0,0.0,40.0,43.0,35.0,10.0,14,False,11,1637.3926248276484,6549.570499280094,61.417898193760266,8.72504539723953,91.1561204842868,71.0,104.0,6.77492849813703,0.09195442188669985,0.019572953736654804,0.0,0.0,0.8600000000000001,0.0,0.0,0.0,0.7773837050905087,0.4851225849799755,0.05576368781167733,0.05576368781167733,0.5167291063435032,srtm_earth_engine
NSR-GRID-032,normal_day,Normal Dry Day,0.0,0.0,0.0,0.0,30.0,31.0,45.0,12.0,12,False,0,0.0,0.0,50.0,0.0,92.98708246346555,85.0,100.0,3.5386888599937047,0.0,0.0,0.0,0.0,0.42000000000000004,0.18867924528301888,0.1,0.0,0.7686224297985722,0.8060259478750502,0.0,0.0,0.5,srtm_earth_engine
NSR-GRID-032,light_rain,Light Rain,2.0,4.0,5.0,7.0,25.0,25.5,65.0,15.0,9,True,0,0.0,0.0,50.0,0.0,92.98708246346555,85.0,100.0,3.5386888599937047,0.0,0.0,0.13333333333333333,0.132,0.21000000000000002,0.5660377358490566,0.25,1.0,0.7686224297985722,0.8060259478750502,0.0,0.0,0.5,srtm_earth_engine
NSR-GRID-032,heavy_rain_rush_hour,Heavy Rain During Rush Hour,12.0,24.0,32.0,40.0,23.0,23.5,80.0,22.0,17,True,0,0.0,0.0,50.0,0.0,92.98708246346555,85.0,100.0,3.5386888599937047,0.0,0.0,0.8,0.8,0.13,0.8490566037735849,0.6,1.0,0.7686224297985722,0.8060259478750502,0.0,0.0,0.5,srtm_earth_engine
NSR-GRID-032,extreme_rain,Extreme Rain Event,25.0,50.0,70.0,90.0,22.0,22.5,88.0,30.0,18,True,0,0.0,0.0,50.0,0.0,92.98708246346555,85.0,100.0,3.5386888599937047,0.0,0.0,1.0,1.0,0.09,1.0,1.0,1.0,0.7686224297985722,0.8060259478750502,0.0,0.0,0.5,srtm_earth_engine
NSR-GRID-032,hot_day_optional,Hot Urban Heat Day,0.0,0.0,0.0,0.0,40.0,43.0,35.0,10.0,14,False,0,0.0,0.0,50.0,0.0,92.98708246346555,85.0,100.0,3.5386888599937047,0.0,0.0,0.0,0.0,0.8600000000000001,0.0,0.0,0.0,0.7686224297985722,0.8060259478750502,0.0,0.0,0.5,srtm_earth_engine
NSR-GRID-033,normal_day,Normal Dry Day,0.0,0.0,0.0,0.0,30.0,31.0,45.0,12.0,12,False,8,1356.3892777545946,5425.557110998167,61.417898193760266,9.93806680039693,131.00758415970773,117.0,140.0,4.049539985441426,0.07617353956415121,0.014234875444839857,0.0,0.0,0.42000000000000004,0.18867924528301888,0.1,0.0,0.586691791212768,0.7553702911793185,0.04520420750449553,0.04520420750449553,0.5135612622513487,srtm_earth_engine
NSR-GRID-033,light_rain,Light Rain,2.0,4.0,5.0,7.0,25.0,25.5,65.0,15.0,9,True,8,1356.3892777545946,5425.557110998167,61.417898193760266,9.93806680039693,131.00758415970773,117.0,140.0,4.049539985441426,0.07617353956415121,0.014234875444839857,0.13333333333333333,0.132,0.21000000000000002,0.5660377358490566,0.25,1.0,0.586691791212768,0.7553702911793185,0.04520420750449553,0.04520420750449553,0.5135612622513487,srtm_earth_engine
NSR-GRID-033,heavy_rain_rush_hour,Heavy Rain During Rush Hour,12.0,24.0,32.0,40.0,23.0,23.5,80.0,22.0,17,True,8,1356.3892777545946,5425.557110998167,61.417898193760266,9.93806680039693,131.00758415970773,117.0,140.0,4.049539985441426,0.07617353956415121,0.014234875444839857,0.8,0.8,0.13,0.8490566037735849,0.6,1.0,0.586691791212768,0.7553702911793185,0.04520420750449553,0.04520420750449553,0.5135612622513487,srtm_earth_engine
NSR-GRID-033,extreme_rain,Extreme Rain Event,25.0,50.0,70.0,90.0,22.0,22.5,88.0,30.0,18,True,8,1356.3892777545946,5425.557110998167,61.417898193760266,9.93806680039693,131.00758415970773,117.0,140.0,4.049539985441426,0.07617353956415121,0.014234875444839857,1.0,1.0,0.09,1.0,1.0,1.0,0.586691791212768,0.7553702911793185,0.04520420750449553,0.04520420750449553,0.5135612622513487,srtm_earth_engine
NSR-GRID-033,hot_day_optional,Hot Urban Heat Day,0.0,0.0,0.0,0.0,40.0,43.0,35.0,10.0,14,False,8,1356.3892777545946,5425.557110998167,61.417898193760266,9.93806680039693,131.00758415970773,117.0,140.0,4.049539985441426,0.07617353956415121,0.014234875444839857,0.0,0.0,0.8600000000000001,0.0,0.0,0.0,0.586691791212768,0.7553702911793185,0.04520420750449553,0.04520420750449553,0.5135612622513487,srtm_earth_engine
NSR-GRID-034,normal_day,Normal Dry Day,0.0,0.0,0.0,0.0,30.0,31.0,45.0,12.0,12,False,0,0.0,0.0,50.0,0.0,138.16932036934327,125.0,151.0,3.5704885982639443,0.0,0.0,0.0,0.0,0.42000000000000004,0.18867924528301888,0.1,0.0,0.5524224053847833,0.8028727070489297,0.0,0.0,0.5,srtm_earth_engine
NSR-GRID-034,light_rain,Light Rain,2.0,4.0,5.0,7.0,25.0,25.5,65.0,15.0,9,True,0,0.0,0.0,50.0,0.0,138.16932036934327,125.0,151.0,3.5704885982639443,0.0,0.0,0.13333333333333333,0.132,0.21000000000000002,0.5660377358490566,0.25,1.0,0.5524224053847833,0.8028727070489297,0.0,0.0,0.5,srtm_earth_engine
NSR-GRID-034,heavy_rain_rush_hour,Heavy Rain During Rush Hour,12.0,24.0,32.0,40.0,23.0,23.5,80.0,22.0,17,True,0,0.0,0.0,50.0,0.0,138.16932036934327,125.0,151.0,3.5704885982639443,0.0,0.0,0.8,0.8,0.13,0.8490566037735849,0.6,1.0,0.5524224053847833,0.8028727070489297,0.0,0.0,0.5,srtm_earth_engine
NSR-GRID-034,extreme_rain,Extreme Rain Event,25.0,50.0,70.0,90.0,22.0,22.5,88.0,30.0,18,True,0,0.0,0.0,50.0,0.0,138.16932036934327,125.0,151.0,3.5704885982639443,0.0,0.0,1.0,1.0,0.09,1.0,1.0,1.0,0.5524224053847833,0.8028727070489297,0.0,0.0,0.5,srtm_earth_engine
NSR-GRID-034,hot_day_optional,Hot Urban Heat Day,0.0,0.0,0.0,0.0,40.0,43.0,35.0,10.0,14,False,0,0.0,0.0,50.0,0.0,138.16932036934327,125.0,151.0,3.5704885982639443,0.0,0.0,0.0,0.0,0.8600000000000001,0.0,0.0,0.0,0.5524224053847833,0.8028727070489297,0.0,0.0,0.5,srtm_earth_engine
NSR-GRID-035,normal_day,Normal Dry Day,0.0,0.0,0.0,0.0,30.0,31.0,45.0,12.0,12,False,2,602.7653364288183,2411.0613457040454,61.417898193760266,17.665495522966314,144.4608882942272,136.0,151.0,3.4329111530155805,0.03385073146429272,0.0035587188612099642,0.0,0.0,0.42000000000000004,0.18867924528301888,0.1,0.0,0.5223168328853749,0.8165147947109057,0.018704725162751342,0.018704725162751342,0.5056114175488254,srtm_earth_engine
NSR-GRID-035,light_rain,Light Rain,2.0,4.0,5.0,7.0,25.0,25.5,65.0,15.0,9,True,2,602.7653364288183,2411.0613457040454,61.417898193760266,17.665495522966314,144.4608882942272,136.0,151.0,3.4329111530155805,0.03385073146429272,0.0035587188612099642,0.13333333333333333,0.132,0.21000000000000002,0.5660377358490566,0.25,1.0,0.5223168328853749,0.8165147947109057,0.018704725162751342,0.018704725162751342,0.5056114175488254,srtm_earth_engine
NSR-GRID-035,heavy_rain_rush_hour,Heavy Rain During Rush Hour,12.0,24.0,32.0,40.0,23.0,23.5,80.0,22.0,17,True,2,602.7653364288183,2411.0613457040454,61.417898193760266,17.665495522966314,144.4608882942272,136.0,151.0,3.4329111530155805,0.03385073146429272,0.0035587188612099642,0.8,0.8,0.13,0.8490566037735849,0.6,1.0,0.5223168328853749,0.8165147947109057,0.018704725162751342,0.018704725162751342,0.5056114175488254,srtm_earth_engine
NSR-GRID-035,extreme_rain,Extreme Rain Event,25.0,50.0,70.0,90.0,22.0,22.5,88.0,30.0,18,True,2,602.7653364288183,2411.0613457040454,61.417898193760266,17.665495522966314,144.4608882942272,136.0,151.0,3.4329111530155805,0.03385073146429272,0.0035587188612099642,1.0,1.0,0.09,1.0,1.0,1.0,0.5223168328853749,0.8165147947109057,0.018704725162751342,0.018704725162751342,0.5056114175488254,srtm_earth_engine
NSR-GRID-035,hot_day_optional,Hot Urban Heat Day,0.0,0.0,0.0,0.0,40.0,43.0,35.0,10.0,14,False,2,602.7653364288183,2411.0613457040454,61.417898193760266,17.665495522966314,144.4608882942272,136.0,151.0,3.4329111530155805,0.03385073146429272,0.0035587188612099642,0.0,0.0,0.8600000000000001,0.0,0.0,0.0,0.5223168328853749,0.8165147947109057,0.018704725162751342,0.018704725162751342,0.5056114175488254,srtm_earth_engine
NSR-GRID-036,normal_day,Normal Dry Day,0.0,0.0,0.0,0.0,30.0,31.0,45.0,12.0,12,False,2,1469.2416308116733,5876.9665232248,61.417898193760266,43.05967825726887,148.57760307933194,137.0,157.0,4.1526325813461575,0.0825112210258711,0.0035587188612099642,0.0,0.0,0.42000000000000004,0.18867924528301888,0.1,0.0,0.5026180778370231,0.7451476981656592,0.04303496994354054,0.04303496994354054,0.5129104909830622,srtm_earth_engine
NSR-GRID-036,light_rain,Light Rain,2.0,4.0,5.0,7.0,25.0,25.5,65.0,15.0,9,True,2,1469.2416308116733,5876.9665232248,61.417898193760266,43.05967825726887,148.57760307933194,137.0,157.0,4.1526325813461575,0.0825112210258711,0.0035587188612099642,0.13333333333333333,0.132,0.21000000000000002,0.5660377358490566,0.25,1.0,0.5026180778370231,0.7451476981656592,0.04303496994354054,0.04303496994354054,0.5129104909830622,srtm_earth_engine
NSR-GRID-036,heavy_rain_rush_hour,Heavy Rain During Rush Hour,12.0,24.0,32.0,40.0,23.0,23.5,80.0,22.0,17,True,2,1469.2416308116733,5876.9665232248,61.417898193760266,43.05967825726887,148.57760307933194,137.0,157.0,4.1526325813461575,0.0825112210258711,0.0035587188612099642,0.8,0.8,0.13,0.8490566037735849,0.6,1.0,0.5026180778370231,0.7451476981656592,0.04303496994354054,0.04303496994354054,0.5129104909830622,srtm_earth_engine
NSR-GRID-036,extreme_rain,Extreme Rain Event,25.0,50.0,70.0,90.0,22.0,22.5,88.0,30.0,18,True,2,1469.2416308116733,5876.9665232248,61.417898193760266,43.05967825726887,148.57760307933194,137.0,157.0,4.1526325813461575,0.0825112210258711,0.0035587188612099642,1.0,1.0,0.09,1.0,1.0,1.0,0.5026180778370231,0.7451476981656592,0.04303496994354054,0.04303496994354054,0.5129104909830622,srtm_earth_engine
NSR-GRID-036,hot_day_optional,Hot Urban Heat Day,0.0,0.0,0.0,0.0,40.0,43.0,35.0,10.0,14,False,2,1469.2416308116733,5876.9665232248,61.417898193760266,43.05967825726887,148.57760307933194,137.0,157.0,4.1526325813461575,0.0825112210258711,0.0035587188612099642,0.0,0.0,0.8600000000000001,0.0,0.0,0.0,0.5026180778370231,0.7451476981656592,0.04303496994354054,0.04303496994354054,0.5129104909830622,srtm_earth_engine
NSR-GRID-037,normal_day,Normal Dry Day,0.0,0.0,0.0,0.0,30.0,31.0,45.0,12.0,12,False,2,1249.8440532935124,4999.376213155426,61.417898193760266,36.629701798504094,154.23142680022207,141.0,165.0,3.537263895521012,0.07019006048188291,0.0035587188612099642,0.0,0.0,0.42000000000000004,0.18867924528301888,0.1,0.0,0.4755641539248413,0.8061672464012481,0.03687438967154644,0.03687438967154644,0.511062316901464,srtm_earth_engine
NSR-GRID-037,light_rain,Light Rain,2.0,4.0,5.0,7.0,25.0,25.5,65.0,15.0,9,True,2,1249.8440532935124,4999.376213155426,61.417898193760266,36.629701798504094,154.23142680022207,141.0,165.0,3.537263895521012,0.07019006048188291,0.0035587188612099642,0.13333333333333333,0.132,0.21000000000000002,0.5660377358490566,0.25,1.0,0.4755641539248413,0.8061672464012481,0.03687438967154644,0.03687438967154644,0.511062316901464,srtm_earth_engine
NSR-GRID-037,heavy_rain_rush_hour,Heavy Rain During Rush Hour,12.0,24.0,32.0,40.0,23.0,23.5,80.0,22.0,17,True,2,1249.8440532935124,4999.376213155426,61.417898193760266,36.629701798504094,154.23142680022207,141.0,165.0,3.537263895521012,0.07019006048188291,0.0035587188612099642,0.8,0.8,0.13,0.8490566037735849,0.6,1.0,0.4755641539248413,0.8061672464012481,0.03687438967154644,0.03687438967154644,0.511062316901464,srtm_earth_engine
NSR-GRID-037,extreme_rain,Extreme Rain Event,25.0,50.0,70.0,90.0,22.0,22.5,88.0,30.0,18,True,2,1249.8440532935124,4999.376213155426,61.417898193760266,36.629701798504094,154.23142680022207,141.0,165.0,3.537263895521012,0.07019006048188291,0.0035587188612099642,1.0,1.0,0.09,1.0,1.0,1.0,0.4755641539248413,0.8061672464012481,0.03687438967154644,0.03687438967154644,0.511062316901464,srtm_earth_engine
NSR-GRID-037,hot_day_optional,Hot Urban Heat Day,0.0,0.0,0.0,0.0,40.0,43.0,35.0,10.0,14,False,2,1249.8440532935124,4999.376213155426,61.417898193760266,36.629701798504094,154.23142680022207,141.0,165.0,3.537263895521012,0.07019006048188291,0.0035587188612099642,0.0,0.0,0.8600000000000001,0.0,0.0,0.0,0.4755641539248413,0.8061672464012481,0.03687438967154644,0.03687438967154644,0.511062316901464,srtm_earth_engine
NSR-GRID-038,normal_day,Normal Dry Day,0.0,0.0,0.0,0.0,30.0,31.0,45.0,12.0,12,False,0,0.0,0.0,50.0,0.0,128.23993497964003,120.0,138.0,3.248239713518514,0.0,0.0,0.0,0.0,0.42000000000000004,0.18867924528301888,0.1,0.0,0.599935177287312,0.8348266914155893,0.0,0.0,0.5,srtm_earth_engine
NSR-GRID-038,light_rain,Light Rain,2.0,4.0,5.0,7.0,25.0,25.5,65.0,15.0,9,True,0,0.0,0.0,50.0,0.0,128.23993497964003,120.0,138.0,3.248239713518514,0.0,0.0,0.13333333333333333,0.132,0.21000000000000002,0.5660377358490566,0.25,1.0,0.599935177287312,0.8348266914155893,0.0,0.0,0.5,srtm_earth_engine
NSR-GRID-038,heavy_rain_rush_hour,Heavy Rain During Rush Hour,12.0,24.0,32.0,40.0,23.0,23.5,80.0,22.0,17,True,0,0.0,0.0,50.0,0.0,128.23993497964003,120.0,138.0,3.248239713518514,0.0,0.0,0.8,0.8,0.13,0.8490566037735849,0.6,1.0,0.599935177287312,0.8348266914155893,0.0,0.0,0.5,srtm_earth_engine
NSR-GRID-038,extreme_rain,Extreme Rain Event,25.0,50.0,70.0,90.0,22.0,22.5,88.0,30.0,18,True,0,0.0,0.0,50.0,0.0,128.23993497964003,120.0,138.0,3.248239713518514,0.0,0.0,1.0,1.0,0.09,1.0,1.0,1.0,0.599935177287312,0.8348266914155893,0.0,0.0,0.5,srtm_earth_engine
NSR-GRID-038,hot_day_optional,Hot Urban Heat Day,0.0,0.0,0.0,0.0,40.0,43.0,35.0,10.0,14,False,0,0.0,0.0,50.0,0.0,128.23993497964003,120.0,138.0,3.248239713518514,0.0,0.0,0.0,0.0,0.8600000000000001,0.0,0.0,0.0,0.599935177287312,0.8348266914155893,0.0,0.0,0.5,srtm_earth_engine
NSR-GRID-039,normal_day,Normal Dry Day,0.0,0.0,0.0,0.0,30.0,31.0,45.0,12.0,12,False,5,755.1096022739234,3069.942484964511,73.70509031198688,7.590827761420071,97.21660619778322,88.0,106.0,3.5338757979613127,0.043101266939772495,0.008896797153024912,0.0,0.0,0.42000000000000004,0.18867924528301888,0.1,0.0,0.7483838763979398,0.8065032078943062,0.025999032046398703,0.025999032046398703,0.5077997096139196,srtm_earth_engine
NSR-GRID-039,light_rain,Light Rain,2.0,4.0,5.0,7.0,25.0,25.5,65.0,15.0,9,True,5,755.1096022739234,3069.942484964511,73.70509031198688,7.590827761420071,97.21660619778322,88.0,106.0,3.5338757979613127,0.043101266939772495,0.008896797153024912,0.13333333333333333,0.132,0.21000000000000002,0.5660377358490566,0.25,1.0,0.7483838763979398,0.8065032078943062,0.025999032046398703,0.025999032046398703,0.5077997096139196,srtm_earth_engine
NSR-GRID-039,heavy_rain_rush_hour,Heavy Rain During Rush Hour,12.0,24.0,32.0,40.0,23.0,23.5,80.0,22.0,17,True,5,755.1096022739234,3069.942484964511,73.70509031198688,7.590827761420071,97.21660619778322,88.0,106.0,3.5338757979613127,0.043101266939772495,0.008896797153024912,0.8,0.8,0.13,0.8490566037735849,0.6,1.0,0.7483838763979398,0.8065032078943062,0.025999032046398703,0.025999032046398703,0.5077997096139196,srtm_earth_engine
NSR-GRID-039,extreme_rain,Extreme Rain Event,25.0,50.0,70.0,90.0,22.0,22.5,88.0,30.0,18,True,5,755.1096022739234,3069.942484964511,73.70509031198688,7.590827761420071,97.21660619778322,88.0,106.0,3.5338757979613127,0.043101266939772495,0.008896797153024912,1.0,1.0,0.09,1.0,1.0,1.0,0.7483838763979398,0.8065032078943062,0.025999032046398703,0.025999032046398703,0.5077997096139196,srtm_earth_engine
NSR-GRID-039,hot_day_optional,Hot Urban Heat Day,0.0,0.0,0.0,0.0,40.0,43.0,35.0,10.0,14,False,5,755.1096022739234,3069.942484964511,73.70509031198688,7.590827761420071,97.21660619778322,88.0,106.0,3.5338757979613127,0.043101266939772495,0.008896797153024912,0.0,0.0,0.8600000000000001,0.0,0.0,0.0,0.7483838763979398,0.8065032078943062,0.025999032046398703,0.025999032046398703,0.5077997096139196,srtm_earth_engine
NSR-GRID-040,normal_day,Normal Dry Day,0.0,0.0,0.0,0.0,30.0,31.0,45.0,12.0,12,False,111,5267.410256164225,22402.182864672177,24.83902868385627,5.918547339511398,123.74653158563548,116.0,132.0,3.840029271192181,0.31452135289596306,0.19750889679715303,0.0,0.0,0.42000000000000004,0.18867924528301888,0.1,0.0,0.6214364124742131,0.7761452337925621,0.25601512484655803,0.25601512484655803,0.5768045374539674,srtm_earth_engine
NSR-GRID-040,light_rain,Light Rain,2.0,4.0,5.0,7.0,25.0,25.5,65.0,15.0,9,True,111,5267.410256164225,22402.182864672177,24.83902868385627,5.918547339511398,123.74653158563548,116.0,132.0,3.840029271192181,0.31452135289596306,0.19750889679715303,0.13333333333333333,0.132,0.21000000000000002,0.5660377358490566,0.25,1.0,0.6214364124742131,0.7761452337925621,0.25601512484655803,0.25601512484655803,0.5768045374539674,srtm_earth_engine
NSR-GRID-040,heavy_rain_rush_hour,Heavy Rain During Rush Hour,12.0,24.0,32.0,40.0,23.0,23.5,80.0,22.0,17,True,111,5267.410256164225,22402.182864672177,24.83902868385627,5.918547339511398,123.74653158563548,116.0,132.0,3.840029271192181,0.31452135289596306,0.19750889679715303,0.8,0.8,0.13,0.8490566037735849,0.6,1.0,0.6214364124742131,0.7761452337925621,0.25601512484655803,0.25601512484655803,0.5768045374539674,srtm_earth_engine
NSR-GRID-040,extreme_rain,Extreme Rain Event,25.0,50.0,70.0,90.0,22.0,22.5,88.0,30.0,18,True,111,5267.410256164225,22402.182864672177,24.83902868385627,5.918547339511398,123.74653158563548,116.0,132.0,3.840029271192181,0.31452135289596306,0.19750889679715303,1.0,1.0,0.09,1.0,1.0,1.0,0.6214364124742131,0.7761452337925621,0.25601512484655803,0.25601512484655803,0.5768045374539674,srtm_earth_engine
NSR-GRID-040,hot_day_optional,Hot Urban Heat Day,0.0,0.0,0.0,0.0,40.0,43.0,35.0,10.0,14,False,111,5267.410256164225,22402.182864672177,24.83902868385627,5.918547339511398,123.74653158563548,116.0,132.0,3.840029271192181,0.31452135289596306,0.19750889679715303,0.0,0.0,0.8600000000000001,0.0,0.0,0.0,0.6214364124742131,0.7761452337925621,0.25601512484655803,0.25601512484655803,0.5768045374539674,srtm_earth_engine
NSR-GRID-041,normal_day,Normal Dry Day,0.0,0.0,0.0,0.0,30.0,31.0,45.0,12.0,12,False,22,2622.696247753921,13954.99365638516,26.94708165397821,17.886739949130526,52.45725853849669,40.0,74.0,6.575945836628302,0.19592481281734558,0.03914590747330961,0.0,0.0,0.42000000000000004,0.18867924528301888,0.1,0.0,0.9625603427527448,0.504853572909101,0.11753536014532759,0.11753536014532759,0.5352606080435983,srtm_earth_engine
NSR-GRID-041,light_rain,Light Rain,2.0,4.0,5.0,7.0,25.0,25.5,65.0,15.0,9,True,22,2622.696247753921,13954.99365638516,26.94708165397821,17.886739949130526,52.45725853849669,40.0,74.0,6.575945836628302,0.19592481281734558,0.03914590747330961,0.13333333333333333,0.132,0.21000000000000002,0.5660377358490566,0.25,1.0,0.9625603427527448,0.504853572909101,0.11753536014532759,0.11753536014532759,0.5352606080435983,srtm_earth_engine
NSR-GRID-041,heavy_rain_rush_hour,Heavy Rain During Rush Hour,12.0,24.0,32.0,40.0,23.0,23.5,80.0,22.0,17,True,22,2622.696247753921,13954.99365638516,26.94708165397821,17.886739949130526,52.45725853849669,40.0,74.0,6.575945836628302,0.19592481281734558,0.03914590747330961,0.8,0.8,0.13,0.8490566037735849,0.6,1.0,0.9625603427527448,0.504853572909101,0.11753536014532759,0.11753536014532759,0.5352606080435983,srtm_earth_engine
NSR-GRID-041,extreme_rain,Extreme Rain Event,25.0,50.0,70.0,90.0,22.0,22.5,88.0,30.0,18,True,22,2622.696247753921,13954.99365638516,26.94708165397821,17.886739949130526,52.45725853849669,40.0,74.0,6.575945836628302,0.19592481281734558,0.03914590747330961,1.0,1.0,0.09,1.0,1.0,1.0,0.9625603427527448,0.504853572909101,0.11753536014532759,0.11753536014532759,0.5352606080435983,srtm_earth_engine
NSR-GRID-041,hot_day_optional,Hot Urban Heat Day,0.0,0.0,0.0,0.0,40.0,43.0,35.0,10.0,14,False,22,2622.696247753921,13954.99365638516,26.94708165397821,17.886739949130526,52.45725853849669,40.0,74.0,6.575945836628302,0.19592481281734558,0.03914590747330961,0.0,0.0,0.8600000000000001,0.0,0.0,0.0,0.9625603427527448,0.504853572909101,0.11753536014532759,0.11753536014532759,0.5352606080435983,srtm_earth_engine
NSR-GRID-042,normal_day,Normal Dry Day,0.0,0.0,0.0,0.0,30.0,31.0,45.0,12.0,12,False,11,1744.1253412543665,7902.158090731774,40.73540826989103,14.359069570421669,157.71091707913902,142.0,170.0,4.5918687695285,0.11094443200060487,0.019572953736654804,0.0,0.0,0.42000000000000004,0.18867924528301888,0.1,0.0,0.458914560675023,0.7015933308587332,0.06525869286862984,0.06525869286862984,0.5195776078605889,srtm_earth_engine
NSR-GRID-042,light_rain,Light Rain,2.0,4.0,5.0,7.0,25.0,25.5,65.0,15.0,9,True,11,1744.1253412543665,7902.158090731774,40.73540826989103,14.359069570421669,157.71091707913902,142.0,170.0,4.5918687695285,0.11094443200060487,0.019572953736654804,0.13333333333333333,0.132,0.21000000000000002,0.5660377358490566,0.25,1.0,0.458914560675023,0.7015933308587332,0.06525869286862984,0.06525869286862984,0.5195776078605889,srtm_earth_engine
NSR-GRID-042,heavy_rain_rush_hour,Heavy Rain During Rush Hour,12.0,24.0,32.0,40.0,23.0,23.5,80.0,22.0,17,True,11,1744.1253412543665,7902.158090731774,40.73540826989103,14.359069570421669,157.71091707913902,142.0,170.0,4.5918687695285,0.11094443200060487,0.019572953736654804,0.8,0.8,0.13,0.8490566037735849,0.6,1.0,0.458914560675023,0.7015933308587332,0.06525869286862984,0.06525869286862984,0.5195776078605889,srtm_earth_engine
NSR-GRID-042,extreme_rain,Extreme Rain Event,25.0,50.0,70.0,90.0,22.0,22.5,88.0,30.0,18,True,11,1744.1253412543665,7902.158090731774,40.73540826989103,14.359069570421669,157.71091707913902,142.0,170.0,4.5918687695285,0.11094443200060487,0.019572953736654804,1.0,1.0,0.09,1.0,1.0,1.0,0.458914560675023,0.7015933308587332,0.06525869286862984,0.06525869286862984,0.5195776078605889,srtm_earth_engine
NSR-GRID-042,hot_day_optional,Hot Urban Heat Day,0.0,0.0,0.0,0.0,40.0,43.0,35.0,10.0,14,False,11,1744.1253412543665,7902.158090731774,40.73540826989103,14.359069570421669,157.71091707913902,142.0,170.0,4.5918687695285,0.11094443200060487,0.019572953736654804,0.0,0.0,0.8600000000000001,0.0,0.0,0.0,0.458914560675023,0.7015933308587332,0.06525869286862984,0.06525869286862984,0.5195776078605889,srtm_earth_engine
NSR-GRID-043,normal_day,Normal Dry Day,0.0,0.0,0.0,0.0,30.0,31.0,45.0,12.0,12,False,0,0.0,0.0,50.0,0.0,101.21385979665152,94.0,109.0,3.867376844601231,0.0,0.0,0.0,0.0,0.42000000000000004,0.18867924528301888,0.1,0.0,0.72925675110008,0.7734334666630367,0.0,0.0,0.5,srtm_earth_engine
NSR-GRID-043,light_rain,Light Rain,2.0,4.0,5.0,7.0,25.0,25.5,65.0,15.0,9,True,0,0.0,0.0,50.0,0.0,101.21385979665152,94.0,109.0,3.867376844601231,0.0,0.0,0.13333333333333333,0.132,0.21000000000000002,0.5660377358490566,0.25,1.0,0.72925675110008,0.7734334666630367,0.0,0.0,0.5,srtm_earth_engine
NSR-GRID-043,heavy_rain_rush_hour,Heavy Rain During Rush Hour,12.0,24.0,32.0,40.0,23.0,23.5,80.0,22.0,17,True,0,0.0,0.0,50.0,0.0,101.21385979665152,94.0,109.0,3.867376844601231,0.0,0.0,0.8,0.8,0.13,0.8490566037735849,0.6,1.0,0.72925675110008,0.7734334666630367,0.0,0.0,0.5,srtm_earth_engine
NSR-GRID-043,extreme_rain,Extreme Rain Event,25.0,50.0,70.0,90.0,22.0,22.5,88.0,30.0,18,True,0,0.0,0.0,50.0,0.0,101.21385979665152,94.0,109.0,3.867376844601231,0.0,0.0,1.0,1.0,0.09,1.0,1.0,1.0,0.72925675110008,0.7734334666630367,0.0,0.0,0.5,srtm_earth_engine
NSR-GRID-043,hot_day_optional,Hot Urban Heat Day,0.0,0.0,0.0,0.0,40.0,43.0,35.0,10.0,14,False,0,0.0,0.0,50.0,0.0,101.21385979665152,94.0,109.0,3.867376844601231,0.0,0.0,0.0,0.0,0.8600000000000001,0.0,0.0,0.0,0.72925675110008,0.7734334666630367,0.0,0.0,0.5,srtm_earth_engine
NSR-GRID-044,normal_day,Normal Dry Day,0.0,0.0,0.0,0.0,30.0,31.0,45.0,12.0,12,False,364,10817.314821589796,52090.90743639985,23.5,4.552529034103725,120.15215591991162,110.0,128.0,3.098189946883637,0.7313440292602761,0.6476868327402135,0.0,0.0,0.42000000000000004,0.18867924528301888,0.1,0.0,0.6386357399688065,0.8497055261431616,0.6895154310002448,0.6895154310002448,0.7068546293000735,srtm_earth_engine
NSR-GRID-044,light_rain,Light Rain,2.0,4.0,5.0,7.0,25.0,25.5,65.0,15.0,9,True,364,10817.314821589796,52090.90743639985,23.5,4.552529034103725,120.15215591991162,110.0,128.0,3.098189946883637,0.7313440292602761,0.6476868327402135,0.13333333333333333,0.132,0.21000000000000002,0.5660377358490566,0.25,1.0,0.6386357399688065,0.8497055261431616,0.6895154310002448,0.6895154310002448,0.7068546293000735,srtm_earth_engine
NSR-GRID-044,heavy_rain_rush_hour,Heavy Rain During Rush Hour,12.0,24.0,32.0,40.0,23.0,23.5,80.0,22.0,17,True,364,10817.314821589796,52090.90743639985,23.5,4.552529034103725,120.15215591991162,110.0,128.0,3.098189946883637,0.7313440292602761,0.6476868327402135,0.8,0.8,0.13,0.8490566037735849,0.6,1.0,0.6386357399688065,0.8497055261431616,0.6895154310002448,0.6895154310002448,0.7068546293000735,srtm_earth_engine
NSR-GRID-044,extreme_rain,Extreme Rain Event,25.0,50.0,70.0,90.0,22.0,22.5,88.0,30.0,18,True,364,10817.314821589796,52090.90743639985,23.5,4.552529034103725,120.15215591991162,110.0,128.0,3.098189946883637,0.7313440292602761,0.6476868327402135,1.0,1.0,0.09,1.0,1.0,1.0,0.6386357399688065,0.8497055261431616,0.6895154310002448,0.6895154310002448,0.7068546293000735,srtm_earth_engine
NSR-GRID-044,hot_day_optional,Hot Urban Heat Day,0.0,0.0,0.0,0.0,40.0,43.0,35.0,10.0,14,False,364,10817.314821589796,52090.90743639985,23.5,4.552529034103725,120.15215591991162,110.0,128.0,3.098189946883637,0.7313440292602761,0.6476868327402135,0.0,0.0,0.8600000000000001,0.0,0.0,0.0,0.6386357399688065,0.8497055261431616,0.6895154310002448,0.6895154310002448,0.7068546293000735,srtm_earth_engine
NSR-GRID-045,normal_day,Normal Dry Day,0.0,0.0,0.0,0.0,30.0,31.0,45.0,12.0,12,False,0,0.0,0.0,50.0,0.0,175.1356917455572,168.0,182.0,3.742513504817901,0.0,0.0,0.0,0.0,0.42000000000000004,0.18867924528301888,0.1,0.0,0.3755358507463078,0.7858148321115389,0.0,0.0,0.5,srtm_earth_engine
NSR-GRID-045,light_rain,Light Rain,2.0,4.0,5.0,7.0,25.0,25.5,65.0,15.0,9,True,0,0.0,0.0,50.0,0.0,175.1356917455572,168.0,182.0,3.742513504817901,0.0,0.0,0.13333333333333333,0.132,0.21000000000000002,0.5660377358490566,0.25,1.0,0.3755358507463078,0.7858148321115389,0.0,0.0,0.5,srtm_earth_engine
NSR-GRID-045,heavy_rain_rush_hour,Heavy Rain During Rush Hour,12.0,24.0,32.0,40.0,23.0,23.5,80.0,22.0,17,True,0,0.0,0.0,50.0,0.0,175.1356917455572,168.0,182.0,3.742513504817901,0.0,0.0,0.8,0.8,0.13,0.8490566037735849,0.6,1.0,0.3755358507463078,0.7858148321115389,0.0,0.0,0.5,srtm_earth_engine
NSR-GRID-045,extreme_rain,Extreme Rain Event,25.0,50.0,70.0,90.0,22.0,22.5,88.0,30.0,18,True,0,0.0,0.0,50.0,0.0,175.1356917455572,168.0,182.0,3.742513504817901,0.0,0.0,1.0,1.0,0.09,1.0,1.0,1.0,0.3755358507463078,0.7858148321115389,0.0,0.0,0.5,srtm_earth_engine
NSR-GRID-045,hot_day_optional,Hot Urban Heat Day,0.0,0.0,0.0,0.0,40.0,43.0,35.0,10.0,14,False,0,0.0,0.0,50.0,0.0,175.1356917455572,168.0,182.0,3.742513504817901,0.0,0.0,0.0,0.0,0.8600000000000001,0.0,0.0,0.0,0.3755358507463078,0.7858148321115389,0.0,0.0,0.5,srtm_earth_engine
NSR-GRID-046,normal_day,Normal Dry Day,0.0,0.0,0.0,0.0,30.0,31.0,45.0,12.0,12,False,0,0.0,0.0,50.0,0.0,107.52744709730534,98.0,120.0,3.697098284195188,0.0,0.0,0.0,0.0,0.42000000000000004,0.18867924528301888,0.1,0.0,0.6990458144177611,0.7903181750817806,0.0,0.0,0.5,srtm_earth_engine
NSR-GRID-046,light_rain,Light Rain,2.0,4.0,5.0,7.0,25.0,25.5,65.0,15.0,9,True,0,0.0,0.0,50.0,0.0,107.52744709730534,98.0,120.0,3.697098284195188,0.0,0.0,0.13333333333333333,0.132,0.21000000000000002,0.5660377358490566,0.25,1.0,0.6990458144177611,0.7903181750817806,0.0,0.0,0.5,srtm_earth_engine
NSR-GRID-046,heavy_rain_rush_hour,Heavy Rain During Rush Hour,12.0,24.0,32.0,40.0,23.0,23.5,80.0,22.0,17,True,0,0.0,0.0,50.0,0.0,107.52744709730534,98.0,120.0,3.697098284195188,0.0,0.0,0.8,0.8,0.13,0.8490566037735849,0.6,1.0,0.6990458144177611,0.7903181750817806,0.0,0.0,0.5,srtm_earth_engine
NSR-GRID-046,extreme_rain,Extreme Rain Event,25.0,50.0,70.0,90.0,22.0,22.5,88.0,30.0,18,True,0,0.0,0.0,50.0,0.0,107.52744709730534,98.0,120.0,3.697098284195188,0.0,0.0,1.0,1.0,0.09,1.0,1.0,1.0,0.6990458144177611,0.7903181750817806,0.0,0.0,0.5,srtm_earth_engine
NSR-GRID-046,hot_day_optional,Hot Urban Heat Day,0.0,0.0,0.0,0.0,40.0,43.0,35.0,10.0,14,False,0,0.0,0.0,50.0,0.0,107.52744709730534,98.0,120.0,3.697098284195188,0.0,0.0,0.0,0.0,0.8600000000000001,0.0,0.0,0.0,0.6990458144177611,0.7903181750817806,0.0,0.0,0.5,srtm_earth_engine
NSR-GRID-047,normal_day,Normal Dry Day,0.0,0.0,0.0,0.0,30.0,31.0,45.0,12.0,12,False,1,647.6642600420874,3968.323980385594,61.417898193760266,37.96273406810251,164.36545217304015,155.0,172.0,2.826420348633798,0.055714330812317234,0.0017793594306049821,0.0,0.0,0.42000000000000004,0.18867924528301888,0.1,0.0,0.4270721660428466,0.8766540181470021,0.02874684512146111,0.02874684512146111,0.5086240535364384,srtm_earth_engine
NSR-GRID-047,light_rain,Light Rain,2.0,4.0,5.0,7.0,25.0,25.5,65.0,15.0,9,True,1,647.6642600420874,3968.323980385594,61.417898193760266,37.96273406810251,164.36545217304015,155.0,172.0,2.826420348633798,0.055714330812317234,0.0017793594306049821,0.13333333333333333,0.132,0.21000000000000002,0.5660377358490566,0.25,1.0,0.4270721660428466,0.8766540181470021,0.02874684512146111,0.02874684512146111,0.5086240535364384,srtm_earth_engine
NSR-GRID-047,heavy_rain_rush_hour,Heavy Rain During Rush Hour,12.0,24.0,32.0,40.0,23.0,23.5,80.0,22.0,17,True,1,647.6642600420874,3968.323980385594,61.417898193760266,37.96273406810251,164.36545217304015,155.0,172.0,2.826420348633798,0.055714330812317234,0.0017793594306049821,0.8,0.8,0.13,0.8490566037735849,0.6,1.0,0.4270721660428466,0.8766540181470021,0.02874684512146111,0.02874684512146111,0.5086240535364384,srtm_earth_engine
NSR-GRID-047,extreme_rain,Extreme Rain Event,25.0,50.0,70.0,90.0,22.0,22.5,88.0,30.0,18,True,1,647.6642600420874,3968.323980385594,61.417898193760266,37.96273406810251,164.36545217304015,155.0,172.0,2.826420348633798,0.055714330812317234,0.0017793594306049821,1.0,1.0,0.09,1.0,1.0,1.0,0.4270721660428466,0.8766540181470021,0.02874684512146111,0.02874684512146111,0.5086240535364384,srtm_earth_engine
NSR-GRID-047,hot_day_optional,Hot Urban Heat Day,0.0,0.0,0.0,0.0,40.0,43.0,35.0,10.0,14,False,1,647.6642600420874,3968.323980385594,61.417898193760266,37.96273406810251,164.36545217304015,155.0,172.0,2.826420348633798,0.055714330812317234,0.0017793594306049821,0.0,0.0,0.8600000000000001,0.0,0.0,0.0,0.4270721660428466,0.8766540181470021,0.02874684512146111,0.02874684512146111,0.5086240535364384,srtm_earth_engine
NSR-GRID-048,normal_day,Normal Dry Day,0.0,0.0,0.0,0.0,30.0,31.0,45.0,12.0,12,False,8,1796.806327454491,11203.283953243432,61.417898193760266,13.16493841589432,117.1848114846224,106.0,124.0,3.9124291986775135,0.157291458923341,0.014234875444839857,0.0,0.0,0.42000000000000004,0.18867924528301888,0.1,0.0,0.6528346811697733,0.7689661052973891,0.08576316718409044,0.08576316718409044,0.5257289501552271,srtm_earth_engine
NSR-GRID-048,light_rain,Light Rain,2.0,4.0,5.0,7.0,25.0,25.5,65.0,15.0,9,True,8,1796.806327454491,11203.283953243432,61.417898193760266,13.16493841589432,117.1848114846224,106.0,124.0,3.9124291986775135,0.157291458923341,0.014234875444839857,0.13333333333333333,0.132,0.21000000000000002,0.5660377358490566,0.25,1.0,0.6528346811697733,0.7689661052973891,0.08576316718409044,0.08576316718409044,0.5257289501552271,srtm_earth_engine
NSR-GRID-048,heavy_rain_rush_hour,Heavy Rain During Rush Hour,12.0,24.0,32.0,40.0,23.0,23.5,80.0,22.0,17,True,8,1796.806327454491,11203.283953243432,61.417898193760266,13.16493841589432,117.1848114846224,106.0,124.0,3.9124291986775135,0.157291458923341,0.014234875444839857,0.8,0.8,0.13,0.8490566037735849,0.6,1.0,0.6528346811697733,0.7689661052973891,0.08576316718409044,0.08576316718409044,0.5257289501552271,srtm_earth_engine
NSR-GRID-048,extreme_rain,Extreme Rain Event,25.0,50.0,70.0,90.0,22.0,22.5,88.0,30.0,18,True,8,1796.806327454491,11203.283953243432,61.417898193760266,13.16493841589432,117.1848114846224,106.0,124.0,3.9124291986775135,0.157291458923341,0.014234875444839857,1.0,1.0,0.09,1.0,1.0,1.0,0.6528346811697733,0.7689661052973891,0.08576316718409044,0.08576316718409044,0.5257289501552271,srtm_earth_engine
NSR-GRID-048,hot_day_optional,Hot Urban Heat Day,0.0,0.0,0.0,0.0,40.0,43.0,35.0,10.0,14,False,8,1796.806327454491,11203.283953243432,61.417898193760266,13.16493841589432,117.1848114846224,106.0,124.0,3.9124291986775135,0.157291458923341,0.014234875444839857,0.0,0.0,0.8600000000000001,0.0,0.0,0.0,0.6528346811697733,0.7689661052973891,0.08576316718409044,0.08576316718409044,0.5257289501552271,srtm_earth_engine
NSR-GRID-049,normal_day,Normal Dry Day,0.0,0.0,0.0,0.0,30.0,31.0,45.0,12.0,12,False,2,381.14058656171375,2368.040762312601,61.417898193760266,11.17024639375862,170.70776360349348,164.0,184.0,3.623902140508936,0.03324673264094642,0.0035587188612099642,0.0,0.0,0.42000000000000004,0.18867924528301888,0.1,0.0,0.3967237824820252,0.7975762558441017,0.018402725751078194,0.018402725751078194,0.5055208177253234,srtm_earth_engine
NSR-GRID-049,light_rain,Light Rain,2.0,4.0,5.0,7.0,25.0,25.5,65.0,15.0,9,True,2,381.14058656171375,2368.040762312601,61.417898193760266,11.17024639375862,170.70776360349348,164.0,184.0,3.623902140508936,0.03324673264094642,0.0035587188612099642,0.13333333333333333,0.132,0.21000000000000002,0.5660377358490566,0.25,1.0,0.3967237824820252,0.7975762558441017,0.018402725751078194,0.018402725751078194,0.5055208177253234,srtm_earth_engine
NSR-GRID-049,heavy_rain_rush_hour,Heavy Rain During Rush Hour,12.0,24.0,32.0,40.0,23.0,23.5,80.0,22.0,17,True,2,381.14058656171375,2368.040762312601,61.417898193760266,11.17024639375862,170.70776360349348,164.0,184.0,3.623902140508936,0.03324673264094642,0.0035587188612099642,0.8,0.8,0.13,0.8490566037735849,0.6,1.0,0.3967237824820252,0.7975762558441017,0.018402725751078194,0.018402725751078194,0.5055208177253234,srtm_earth_engine
NSR-GRID-049,extreme_rain,Extreme Rain Event,25.0,50.0,70.0,90.0,22.0,22.5,88.0,30.0,18,True,2,381.14058656171375,2368.040762312601,61.417898193760266,11.17024639375862,170.70776360349348,164.0,184.0,3.623902140508936,0.03324673264094642,0.0035587188612099642,1.0,1.0,0.09,1.0,1.0,1.0,0.3967237824820252,0.7975762558441017,0.018402725751078194,0.018402725751078194,0.5055208177253234,srtm_earth_engine
NSR-GRID-049,hot_day_optional,Hot Urban Heat Day,0.0,0.0,0.0,0.0,40.0,43.0,35.0,10.0,14,False,2,381.14058656171375,2368.040762312601,61.417898193760266,11.17024639375862,170.70776360349348,164.0,184.0,3.623902140508936,0.03324673264094642,0.0035587188612099642,0.0,0.0,0.8600000000000001,0.0,0.0,0.0,0.3967237824820252,0.7975762558441017,0.018402725751078194,0.018402725751078194,0.5055208177253234,srtm_earth_engine
NSR-GRID-050,normal_day,Normal Dry Day,0.0,0.0,0.0,0.0,30.0,31.0,45.0,12.0,12,False,0,0.0,0.0,50.0,0.0,113.23877186531492,108.0,123.0,3.078689933233342,0.0,0.0,0.0,0.0,0.42000000000000004,0.18867924528301888,0.1,0.0,0.6717167441567655,0.8516391344838807,0.0,0.0,0.5,srtm_earth_engine
NSR-GRID-050,light_rain,Light Rain,2.0,4.0,5.0,7.0,25.0,25.5,65.0,15.0,9,True,0,0.0,0.0,50.0,0.0,113.23877186531492,108.0,123.0,3.078689933233342,0.0,0.0,0.13333333333333333,0.132,0.21000000000000002,0.5660377358490566,0.25,1.0,0.6717167441567655,0.8516391344838807,0.0,0.0,0.5,srtm_earth_engine
NSR-GRID-050,heavy_rain_rush_hour,Heavy Rain During Rush Hour,12.0,24.0,32.0,40.0,23.0,23.5,80.0,22.0,17,True,0,0.0,0.0,50.0,0.0,113.23877186531492,108.0,123.0,3.078689933233342,0.0,0.0,0.8,0.8,0.13,0.8490566037735849,0.6,1.0,0.6717167441567655,0.8516391344838807,0.0,0.0,0.5,srtm_earth_engine
NSR-GRID-050,extreme_rain,Extreme Rain Event,25.0,50.0,70.0,90.0,22.0,22.5,88.0,30.0,18,True,0,0.0,0.0,50.0,0.0,113.23877186531492,108.0,123.0,3.078689933233342,0.0,0.0,1.0,1.0,0.09,1.0,1.0,1.0,0.6717167441567655,0.8516391344838807,0.0,0.0,0.5,srtm_earth_engine
NSR-GRID-050,hot_day_optional,Hot Urban Heat Day,0.0,0.0,0.0,0.0,40.0,43.0,35.0,10.0,14,False,0,0.0,0.0,50.0,0.0,113.23877186531492,108.0,123.0,3.078689933233342,0.0,0.0,0.0,0.0,0.8600000000000001,0.0,0.0,0.0,0.6717167441567655,0.8516391344838807,0.0,0.0,0.5,srtm_earth_engine
NSR-GRID-051,normal_day,Normal Dry Day,0.0,0.0,0.0,0.0,30.0,31.0,45.0,12.0,12,False,0,0.0,0.0,50.0,0.0,181.219905155642,175.0,189.0,4.186452960849157,0.0,0.0,0.0,0.0,0.42000000000000004,0.18867924528301888,0.1,0.0,0.3464224834416768,0.7417940919033224,0.0,0.0,0.5,srtm_earth_engine
NSR-GRID-051,light_rain,Light Rain,2.0,4.0,5.0,7.0,25.0,25.5,65.0,15.0,9,True,0,0.0,0.0,50.0,0.0,181.219905155642,175.0,189.0,4.186452960849157,0.0,0.0,0.13333333333333333,0.132,0.21000000000000002,0.5660377358490566,0.25,1.0,0.3464224834416768,0.7417940919033224,0.0,0.0,0.5,srtm_earth_engine
NSR-GRID-051,heavy_rain_rush_hour,Heavy Rain During Rush Hour,12.0,24.0,32.0,40.0,23.0,23.5,80.0,22.0,17,True,0,0.0,0.0,50.0,0.0,181.219905155642,175.0,189.0,4.186452960849157,0.0,0.0,0.8,0.8,0.13,0.8490566037735849,0.6,1.0,0.3464224834416768,0.7417940919033224,0.0,0.0,0.5,srtm_earth_engine
NSR-GRID-051,extreme_rain,Extreme Rain Event,25.0,50.0,70.0,90.0,22.0,22.5,88.0,30.0,18,True,0,0.0,0.0,50.0,0.0,181.219905155642,175.0,189.0,4.186452960849157,0.0,0.0,1.0,1.0,0.09,1.0,1.0,1.0,0.3464224834416768,0.7417940919033224,0.0,0.0,0.5,srtm_earth_engine
NSR-GRID-051,hot_day_optional,Hot Urban Heat Day,0.0,0.0,0.0,0.0,40.0,43.0,35.0,10.0,14,False,0,0.0,0.0,50.0,0.0,181.219905155642,175.0,189.0,4.186452960849157,0.0,0.0,0.0,0.0,0.8600000000000001,0.0,0.0,0.0,0.3464224834416768,0.7417940919033224,0.0,0.0,0.5,srtm_earth_engine
NSR-GRID-052,normal_day,Normal Dry Day,0.0,0.0,0.0,0.0,30.0,31.0,45.0,12.0,12,False,23,1873.53413246665,19128.299143194385,25.148604269293923,12.413438691346604,58.373669166079786,47.0,74.0,7.271142352473799,0.26855679919494435,0.04092526690391459,0.0,0.0,0.42000000000000004,0.18867924528301888,0.1,0.0,0.9342499229636652,0.4359183503197907,0.15474103304942946,0.15474103304942946,0.5464223099148289,srtm_earth_engine
NSR-GRID-052,light_rain,Light Rain,2.0,4.0,5.0,7.0,25.0,25.5,65.0,15.0,9,True,23,1873.53413246665,19128.299143194385,25.148604269293923,12.413438691346604,58.373669166079786,47.0,74.0,7.271142352473799,0.26855679919494435,0.04092526690391459,0.13333333333333333,0.132,0.21000000000000002,0.5660377358490566,0.25,1.0,0.9342499229636652,0.4359183503197907,0.15474103304942946,0.15474103304942946,0.5464223099148289,srtm_earth_engine
NSR-GRID-052,heavy_rain_rush_hour,Heavy Rain During Rush Hour,12.0,24.0,32.0,40.0,23.0,23.5,80.0,22.0,17,True,23,1873.53413246665,19128.299143194385,25.148604269293923,12.413438691346604,58.373669166079786,47.0,74.0,7.271142352473799,0.26855679919494435,0.04092526690391459,0.8,0.8,0.13,0.8490566037735849,0.6,1.0,0.9342499229636652,0.4359183503197907,0.15474103304942946,0.15474103304942946,0.5464223099148289,srtm_earth_engine
NSR-GRID-052,extreme_rain,Extreme Rain Event,25.0,50.0,70.0,90.0,22.0,22.5,88.0,30.0,18,True,23,1873.53413246665,19128.299143194385,25.148604269293923,12.413438691346604,58.373669166079786,47.0,74.0,7.271142352473799,0.26855679919494435,0.04092526690391459,1.0,1.0,0.09,1.0,1.0,1.0,0.9342499229636652,0.4359183503197907,0.15474103304942946,0.15474103304942946,0.5464223099148289,srtm_earth_engine
NSR-GRID-052,hot_day_optional,Hot Urban Heat Day,0.0,0.0,0.0,0.0,40.0,43.0,35.0,10.0,14,False,23,1873.53413246665,19128.299143194385,25.148604269293923,12.413438691346604,58.373669166079786,47.0,74.0,7.271142352473799,0.26855679919494435,0.04092526690391459,0.0,0.0,0.8600000000000001,0.0,0.0,0.0,0.9342499229636652,0.4359183503197907,0.15474103304942946,0.15474103304942946,0.5464223099148289,srtm_earth_engine
NSR-GRID-053,normal_day,Normal Dry Day,0.0,0.0,0.0,0.0,30.0,31.0,45.0,12.0,12,False,2,1514.9686366327096,6139.232964851725,61.417898193760266,44.39981871955234,178.5236802711018,168.0,189.0,4.235106712689645,0.08619337988235438,0.0035587188612099642,0.0,0.0,0.42000000000000004,0.18867924528301888,0.1,0.0,0.3593240994943608,0.7369696183386785,0.044876049371782176,0.044876049371782176,0.5134628148115347,srtm_earth_engine
NSR-GRID-053,light_rain,Light Rain,2.0,4.0,5.0,7.0,25.0,25.5,65.0,15.0,9,True,2,1514.9686366327096,6139.232964851725,61.417898193760266,44.39981871955234,178.5236802711018,168.0,189.0,4.235106712689645,0.08619337988235438,0.0035587188612099642,0.13333333333333333,0.132,0.21000000000000002,0.5660377358490566,0.25,1.0,0.3593240994943608,0.7369696183386785,0.044876049371782176,0.044876049371782176,0.5134628148115347,srtm_earth_engine
NSR-GRID-053,heavy_rain_rush_hour,Heavy Rain During Rush Hour,12.0,24.0,32.0,40.0,23.0,23.5,80.0,22.0,17,True,2,1514.9686366327096,6139.232964851725,61.417898193760266,44.39981871955234,178.5236802711018,168.0,189.0,4.235106712689645,0.08619337988235438,0.0035587188612099642,0.8,0.8,0.13,0.8490566037735849,0.6,1.0,0.3593240994943608,0.7369696183386785,0.044876049371782176,0.044876049371782176,0.5134628148115347,srtm_earth_engine
NSR-GRID-053,extreme_rain,Extreme Rain Event,25.0,50.0,70.0,90.0,22.0,22.5,88.0,30.0,18,True,2,1514.9686366327096,6139.232964851725,61.417898193760266,44.39981871955234,178.5236802711018,168.0,189.0,4.235106712689645,0.08619337988235438,0.0035587188612099642,1.0,1.0,0.09,1.0,1.0,1.0,0.3593240994943608,0.7369696183386785,0.044876049371782176,0.044876049371782176,0.5134628148115347,srtm_earth_engine
NSR-GRID-053,hot_day_optional,Hot Urban Heat Day,0.0,0.0,0.0,0.0,40.0,43.0,35.0,10.0,14,False,2,1514.9686366327096,6139.232964851725,61.417898193760266,44.39981871955234,178.5236802711018,168.0,189.0,4.235106712689645,0.08619337988235438,0.0035587188612099642,0.0,0.0,0.8600000000000001,0.0,0.0,0.0,0.3593240994943608,0.7369696183386785,0.044876049371782176,0.044876049371782176,0.5134628148115347,srtm_earth_engine
NSR-GRID-054,normal_day,Normal Dry Day,0.0,0.0,0.0,0.0,30.0,31.0,45.0,12.0,12,False,65,5754.720763074051,23018.88305227477,32.25028419856006,11.794723332233753,61.55752226826324,49.0,77.0,5.934802003030523,0.3231796777791976,0.11565836298932385,0.0,0.0,0.42000000000000004,0.18867924528301888,0.1,0.0,0.919014973339082,0.568428967597427,0.21941902038426073,0.21941902038426073,0.5658257061152783,srtm_earth_engine
NSR-GRID-054,light_rain,Light Rain,2.0,4.0,5.0,7.0,25.0,25.5,65.0,15.0,9,True,65,5754.720763074051,23018.88305227477,32.25028419856006,11.794723332233753,61.55752226826324,49.0,77.0,5.934802003030523,0.3231796777791976,0.11565836298932385,0.13333333333333333,0.132,0.21000000000000002,0.5660377358490566,0.25,1.0,0.919014973339082,0.568428967597427,0.21941902038426073,0.21941902038426073,0.5658257061152783,srtm_earth_engine
NSR-GRID-054,heavy_rain_rush_hour,Heavy Rain During Rush Hour,12.0,24.0,32.0,40.0,23.0,23.5,80.0,22.0,17,True,65,5754.720763074051,23018.88305227477,32.25028419856006,11.794723332233753,61.55752226826324,49.0,77.0,5.934802003030523,0.3231796777791976,0.11565836298932385,0.8,0.8,0.13,0.8490566037735849,0.6,1.0,0.919014973339082,0.568428967597427,0.21941902038426073,0.21941902038426073,0.5658257061152783,srtm_earth_engine
NSR-GRID-054,extreme_rain,Extreme Rain Event,25.0,50.0,70.0,90.0,22.0,22.5,88.0,30.0,18,True,65,5754.720763074051,23018.88305227477,32.25028419856006,11.794723332233753,61.55752226826324,49.0,77.0,5.934802003030523,0.3231796777791976,0.11565836298932385,1.0,1.0,0.09,1.0,1.0,1.0,0.919014973339082,0.568428967597427,0.21941902038426073,0.21941902038426073,0.5658257061152783,srtm_earth_engine
NSR-GRID-054,hot_day_optional,Hot Urban Heat Day,0.0,0.0,0.0,0.0,40.0,43.0,35.0,10.0,14,False,65,5754.720763074051,23018.88305227477,32.25028419856006,11.794723332233753,61.55752226826324,49.0,77.0,5.934802003030523,0.3231796777791976,0.11565836298932385,0.0,0.0,0.8600000000000001,0.0,0.0,0.0,0.919014973339082,0.568428967597427,0.21941902038426073,0.21941902038426073,0.5658257061152783,srtm_earth_engine
NSR-GRID-055,normal_day,Normal Dry Day,0.0,0.0,0.0,0.0,30.0,31.0,45.0,12.0,12,False,11,1428.123636642318,5712.494546558631,47.62957157784744,11.55832410626252,65.89667776254812,53.0,106.0,8.832181344334337,0.08020207334472733,0.019572953736654804,0.0,0.0,0.42000000000000004,0.18867924528301888,0.1,0.0,0.8982518246487958,0.2811267656070525,0.04988751354069107,0.04988751354069107,0.5149662540622073,srtm_earth_engine
NSR-GRID-055,light_rain,Light Rain,2.0,4.0,5.0,7.0,25.0,25.5,65.0,15.0,9,True,11,1428.123636642318,5712.494546558631,47.62957157784744,11.55832410626252,65.89667776254812,53.0,106.0,8.832181344334337,0.08020207334472733,0.019572953736654804,0.13333333333333333,0.132,0.21000000000000002,0.5660377358490566,0.25,1.0,0.8982518246487958,0.2811267656070525,0.04988751354069107,0.04988751354069107,0.5149662540622073,srtm_earth_engine
NSR-GRID-055,heavy_rain_rush_hour,Heavy Rain During Rush Hour,12.0,24.0,32.0,40.0,23.0,23.5,80.0,22.0,17,True,11,1428.123636642318,5712.494546558631,47.62957157784744,11.55832410626252,65.89667776254812,53.0,106.0,8.832181344334337,0.08020207334472733,0.019572953736654804,0.8,0.8,0.13,0.8490566037735849,0.6,1.0,0.8982518246487958,0.2811267656070525,0.04988751354069107,0.04988751354069107,0.5149662540622073,srtm_earth_engine
NSR-GRID-055,extreme_rain,Extreme Rain Event,25.0,50.0,70.0,90.0,22.0,22.5,88.0,30.0,18,True,11,1428.123636642318,5712.494546558631,47.62957157784744,11.55832410626252,65.89667776254812,53.0,106.0,8.832181344334337,0.08020207334472733,0.019572953736654804,1.0,1.0,0.09,1.0,1.0,1.0,0.8982518246487958,0.2811267656070525,0.04988751354069107,0.04988751354069107,0.5149662540622073,srtm_earth_engine
NSR-GRID-055,hot_day_optional,Hot Urban Heat Day,0.0,0.0,0.0,0.0,40.0,43.0,35.0,10.0,14,False,11,1428.123636642318,5712.494546558631,47.62957157784744,11.55832410626252,65.89667776254812,53.0,106.0,8.832181344334337,0.08020207334472733,0.019572953736654804,0.0,0.0,0.8600000000000001,0.0,0.0,0.0,0.8982518246487958,0.2811267656070525,0.04988751354069107,0.04988751354069107,0.5149662540622073,srtm_earth_engine
NSR-GRID-056,normal_day,Normal Dry Day,0.0,0.0,0.0,0.0,30.0,31.0,45.0,12.0,12,False,27,2766.8932619503653,11067.573047791157,55.80043179468467,8.414743300456195,65.43973447286011,54.0,84.0,5.641054996485684,0.1553861098846588,0.04804270462633452,0.0,0.0,0.42000000000000004,0.18867924528301888,0.1,0.0,0.900438328792129,0.5975567247417284,0.10171440725549666,0.10171440725549666,0.530514322176649,srtm_earth_engine
NSR-GRID-056,light_rain,Light Rain,2.0,4.0,5.0,7.0,25.0,25.5,65.0,15.0,9,True,27,2766.8932619503653,11067.573047791157,55.80043179468467,8.414743300456195,65.43973447286011,54.0,84.0,5.641054996485684,0.1553861098846588,0.04804270462633452,0.13333333333333333,0.132,0.21000000000000002,0.5660377358490566,0.25,1.0,0.900438328792129,0.5975567247417284,0.10171440725549666,0.10171440725549666,0.530514322176649,srtm_earth_engine
NSR-GRID-056,heavy_rain_rush_hour,Heavy Rain During Rush Hour,12.0,24.0,32.0,40.0,23.0,23.5,80.0,22.0,17,True,27,2766.8932619503653,11067.573047791157,55.80043179468467,8.414743300456195,65.43973447286011,54.0,84.0,5.641054996485684,0.1553861098846588,0.04804270462633452,0.8,0.8,0.13,0.8490566037735849,0.6,1.0,0.900438328792129,0.5975567247417284,0.10171440725549666,0.10171440725549666,0.530514322176649,srtm_earth_engine
NSR-GRID-056,extreme_rain,Extreme Rain Event,25.0,50.0,70.0,90.0,22.0,22.5,88.0,30.0,18,True,27,2766.8932619503653,11067.573047791157,55.80043179468467,8.414743300456195,65.43973447286011,54.0,84.0,5.641054996485684,0.1553861098846588,0.04804270462633452,1.0,1.0,0.09,1.0,1.0,1.0,0.900438328792129,0.5975567247417284,0.10171440725549666,0.10171440725549666,0.530514322176649,srtm_earth_engine
NSR-GRID-056,hot_day_optional,Hot Urban Heat Day,0.0,0.0,0.0,0.0,40.0,43.0,35.0,10.0,14,False,27,2766.8932619503653,11067.573047791157,55.80043179468467,8.414743300456195,65.43973447286011,54.0,84.0,5.641054996485684,0.1553861098846588,0.04804270462633452,0.0,0.0,0.8600000000000001,0.0,0.0,0.0,0.900438328792129,0.5975567247417284,0.10171440725549666,0.10171440725549666,0.530514322176649,srtm_earth_engine
NSR-GRID-057,normal_day,Normal Dry Day,0.0,0.0,0.0,0.0,30.0,31.0,45.0,12.0,12,False,23,2572.9370794585648,10291.748317824677,38.33743842364533,14.32271686757963,70.80801983751509,63.0,85.0,4.511613230744507,0.1444937140340738,0.04092526690391459,0.0,0.0,0.42000000000000004,0.18867924528301888,0.1,0.0,0.8747507249749749,0.7095514165280364,0.0927094904689942,0.0927094904689942,0.5278128471406982,srtm_earth_engine
NSR-GRID-057,light_rain,Light Rain,2.0,4.0,5.0,7.0,25.0,25.5,65.0,15.0,9,True,23,2572.9370794585648,10291.748317824677,38.33743842364533,14.32271686757963,70.80801983751509,63.0,85.0,4.511613230744507,0.1444937140340738,0.04092526690391459,0.13333333333333333,0.132,0.21000000000000002,0.5660377358490566,0.25,1.0,0.8747507249749749,0.7095514165280364,0.0927094904689942,0.0927094904689942,0.5278128471406982,srtm_earth_engine
NSR-GRID-057,heavy_rain_rush_hour,Heavy Rain During Rush Hour,12.0,24.0,32.0,40.0,23.0,23.5,80.0,22.0,17,True,23,2572.9370794585648,10291.748317824677,38.33743842364533,14.32271686757963,70.80801983751509,63.0,85.0,4.511613230744507,0.1444937140340738,0.04092526690391459,0.8,0.8,0.13,0.8490566037735849,0.6,1.0,0.8747507249749749,0.7095514165280364,0.0927094904689942,0.0927094904689942,0.5278128471406982,srtm_earth_engine
NSR-GRID-057,extreme_rain,Extreme Rain Event,25.0,50.0,70.0,90.0,22.0,22.5,88.0,30.0,18,True,23,2572.9370794585648,10291.748317824677,38.33743842364533,14.32271686757963,70.80801983751509,63.0,85.0,4.511613230744507,0.1444937140340738,0.04092526690391459,1.0,1.0,0.09,1.0,1.0,1.0,0.8747507249749749,0.7095514165280364,0.0927094904689942,0.0927094904689942,0.5278128471406982,srtm_earth_engine
NSR-GRID-057,hot_day_optional,Hot Urban Heat Day,0.0,0.0,0.0,0.0,40.0,43.0,35.0,10.0,14,False,23,2572.9370794585648,10291.748317824677,38.33743842364533,14.32271686757963,70.80801983751509,63.0,85.0,4.511613230744507,0.1444937140340738,0.04092526690391459,0.0,0.0,0.8600000000000001,0.0,0.0,0.0,0.8747507249749749,0.7095514165280364,0.0927094904689942,0.0927094904689942,0.5278128471406982,srtm_earth_engine
NSR-GRID-058,normal_day,Normal Dry Day,0.0,0.0,0.0,0.0,30.0,31.0,45.0,12.0,12,False,30,3462.623660326298,13850.494641305191,54.69299397920088,11.025294910922195,81.80011095881467,69.0,96.0,6.181695803876379,0.19445767134288336,0.05338078291814947,0.0,0.0,0.42000000000000004,0.18867924528301888,0.1,0.0,0.8221528352083326,0.5439471430639271,0.12391922713051641,0.12391922713051641,0.5371757681391549,srtm_earth_engine
NSR-GRID-058,light_rain,Light Rain,2.0,4.0,5.0,7.0,25.0,25.5,65.0,15.0,9,True,30,3462.623660326298,13850.494641305191,54.69299397920088,11.025294910922195,81.80011095881467,69.0,96.0,6.181695803876379,0.19445767134288336,0.05338078291814947,0.13333333333333333,0.132,0.21000000000000002,0.5660377358490566,0.25,1.0,0.8221528352083326,0.5439471430639271,0.12391922713051641,0.12391922713051641,0.5371757681391549,srtm_earth_engine
NSR-GRID-058,heavy_rain_rush_hour,Heavy Rain During Rush Hour,12.0,24.0,32.0,40.0,23.0,23.5,80.0,22.0,17,True,30,3462.623660326298,13850.494641305191,54.69299397920088,11.025294910922195,81.80011095881467,69.0,96.0,6.181695803876379,0.19445767134288336,0.05338078291814947,0.8,0.8,0.13,0.8490566037735849,0.6,1.0,0.8221528352083326,0.5439471430639271,0.12391922713051641,0.12391922713051641,0.5371757681391549,srtm_earth_engine
NSR-GRID-058,extreme_rain,Extreme Rain Event,25.0,50.0,70.0,90.0,22.0,22.5,88.0,30.0,18,True,30,3462.623660326298,13850.494641305191,54.69299397920088,11.025294910922195,81.80011095881467,69.0,96.0,6.181695803876379,0.19445767134288336,0.05338078291814947,1.0,1.0,0.09,1.0,1.0,1.0,0.8221528352083326,0.5439471430639271,0.12391922713051641,0.12391922713051641,0.5371757681391549,srtm_earth_engine
NSR-GRID-058,hot_day_optional,Hot Urban Heat Day,0.0,0.0,0.0,0.0,40.0,43.0,35.0,10.0,14,False,30,3462.623660326298,13850.494641305191,54.69299397920088,11.025294910922195,81.80011095881467,69.0,96.0,6.181695803876379,0.19445767134288336,0.05338078291814947,0.0,0.0,0.8600000000000001,0.0,0.0,0.0,0.8221528352083326,0.5439471430639271,0.12391922713051641,0.12391922713051641,0.5371757681391549,srtm_earth_engine
NSR-GRID-059,normal_day,Normal Dry Day,0.0,0.0,0.0,0.0,30.0,31.0,45.0,12.0,12,False,57,4213.414177477627,16853.656709894814,54.76563535274969,4.95976858445349,87.41680258350722,67.0,113.0,7.993870894434332,0.2366213570196126,0.10142348754448399,0.0,0.0,0.42000000000000004,0.18867924528301888,0.1,0.0,0.7952765908551223,0.3642530703937194,0.16902242228204828,0.16902242228204828,0.5507067266846145,srtm_earth_engine
NSR-GRID-059,light_rain,Light Rain,2.0,4.0,5.0,7.0,25.0,25.5,65.0,15.0,9,True,57,4213.414177477627,16853.656709894814,54.76563535274969,4.95976858445349,87.41680258350722,67.0,113.0,7.993870894434332,0.2366213570196126,0.10142348754448399,0.13333333333333333,0.132,0.21000000000000002,0.5660377358490566,0.25,1.0,0.7952765908551223,0.3642530703937194,0.16902242228204828,0.16902242228204828,0.5507067266846145,srtm_earth_engine
NSR-GRID-059,heavy_rain_rush_hour,Heavy Rain During Rush Hour,12.0,24.0,32.0,40.0,23.0,23.5,80.0,22.0,17,True,57,4213.414177477627,16853.656709894814,54.76563535274969,4.95976858445349,87.41680258350722,67.0,113.0,7.993870894434332,0.2366213570196126,0.10142348754448399,0.8,0.8,0.13,0.8490566037735849,0.6,1.0,0.7952765908551223,0.3642530703937194,0.16902242228204828,0.16902242228204828,0.5507067266846145,srtm_earth_engine
NSR-GRID-059,extreme_rain,Extreme Rain Event,25.0,50.0,70.0,90.0,22.0,22.5,88.0,30.0,18,True,57,4213.414177477627,16853.656709894814,54.76563535274969,4.95976858445349,87.41680258350722,67.0,113.0,7.993870894434332,0.2366213570196126,0.10142348754448399,1.0,1.0,0.09,1.0,1.0,1.0,0.7952765908551223,0.3642530703937194,0.16902242228204828,0.16902242228204828,0.5507067266846145,srtm_earth_engine
NSR-GRID-059,hot_day_optional,Hot Urban Heat Day,0.0,0.0,0.0,0.0,40.0,43.0,35.0,10.0,14,False,57,4213.414177477627,16853.656709894814,54.76563535274969,4.95976858445349,87.41680258350722,67.0,113.0,7.993870894434332,0.2366213570196126,0.10142348754448399,0.0,0.0,0.8600000000000001,0.0,0.0,0.0,0.7952765908551223,0.3642530703937194,0.16902242228204828,0.16902242228204828,0.5507067266846145,srtm_earth_engine
NSR-GRID-060,normal_day,Normal Dry Day,0.0,0.0,0.0,0.0,30.0,31.0,45.0,12.0,12,False,23,1795.6005200078196,7182.40208002459,54.82348111658457,4.733977450411869,94.19941923064373,67.0,108.0,6.30996081437807,0.10083922771715892,0.04092526690391459,0.0,0.0,0.42000000000000004,0.18867924528301888,0.1,0.0,0.7628213174409314,0.5312284702170118,0.07088224731053676,0.07088224731053676,0.521264674193161,srtm_earth_engine
NSR-GRID-060,light_rain,Light Rain,2.0,4.0,5.0,7.0,25.0,25.5,65.0,15.0,9,True,23,1795.6005200078196,7182.40208002459,54.82348111658457,4.733977450411869,94.19941923064373,67.0,108.0,6.30996081437807,0.10083922771715892,0.04092526690391459,0.13333333333333333,0.132,0.21000000000000002,0.5660377358490566,0.25,1.0,0.7628213174409314,0.5312284702170118,0.07088224731053676,0.07088224731053676,0.521264674193161,srtm_earth_engine
NSR-GRID-060,heavy_rain_rush_hour,Heavy Rain During Rush Hour,12.0,24.0,32.0,40.0,23.0,23.5,80.0,22.0,17,True,23,1795.6005200078196,7182.40208002459,54.82348111658457,4.733977450411869,94.19941923064373,67.0,108.0,6.30996081437807,0.10083922771715892,0.04092526690391459,0.8,0.8,0.13,0.8490566037735849,0.6,1.0,0.7628213174409314,0.5312284702170118,0.07088224731053676,0.07088224731053676,0.521264674193161,srtm_earth_engine
NSR-GRID-060,extreme_rain,Extreme Rain Event,25.0,50.0,70.0,90.0,22.0,22.5,88.0,30.0,18,True,23,1795.6005200078196,7182.40208002459,54.82348111658457,4.733977450411869,94.19941923064373,67.0,108.0,6.30996081437807,0.10083922771715892,0.04092526690391459,1.0,1.0,0.09,1.0,1.0,1.0,0.7628213174409314,0.5312284702170118,0.07088224731053676,0.07088224731053676,0.521264674193161,srtm_earth_engine
NSR-GRID-060,hot_day_optional,Hot Urban Heat Day,0.0,0.0,0.0,0.0,40.0,43.0,35.0,10.0,14,False,23,1795.6005200078196,7182.40208002459,54.82348111658457,4.733977450411869,94.19941923064373,67.0,108.0,6.30996081437807,0.10083922771715892,0.04092526690391459,0.0,0.0,0.8600000000000001,0.0,0.0,0.0,0.7628213174409314,0.5312284702170118,0.07088224731053676,0.07088224731053676,0.521264674193161,srtm_earth_engine
NSR-GRID-061,normal_day,Normal Dry Day,0.0,0.0,0.0,0.0,30.0,31.0,45.0,12.0,12,False,10,1743.7520762816132,6975.008305113461,57.62610837438424,10.68519848687879,101.01958096729976,82.0,123.0,6.341916801909671,0.09792746813277863,0.017793594306049824,0.0,0.0,0.42000000000000004,0.18867924528301888,0.1,0.0,0.7301863882671553,0.5280597358184036,0.05786053121941422,0.05786053121941422,0.5173581593658243,srtm_earth_engine
NSR-GRID-061,light_rain,Light Rain,2.0,4.0,5.0,7.0,25.0,25.5,65.0,15.0,9,True,10,1743.7520762816132,6975.008305113461,57.62610837438424,10.68519848687879,101.01958096729976,82.0,123.0,6.341916801909671,0.09792746813277863,0.017793594306049824,0.13333333333333333,0.132,0.21000000000000002,0.5660377358490566,0.25,1.0,0.7301863882671553,0.5280597358184036,0.05786053121941422,0.05786053121941422,0.5173581593658243,srtm_earth_engine
NSR-GRID-061,heavy_rain_rush_hour,Heavy Rain During Rush Hour,12.0,24.0,32.0,40.0,23.0,23.5,80.0,22.0,17,True,10,1743.7520762816132,6975.008305113461,57.62610837438424,10.68519848687879,101.01958096729976,82.0,123.0,6.341916801909671,0.09792746813277863,0.017793594306049824,0.8,0.8,0.13,0.8490566037735849,0.6,1.0,0.7301863882671553,0.5280597358184036,0.05786053121941422,0.05786053121941422,0.5173581593658243,srtm_earth_engine
NSR-GRID-061,extreme_rain,Extreme Rain Event,25.0,50.0,70.0,90.0,22.0,22.5,88.0,30.0,18,True,10,1743.7520762816132,6975.008305113461,57.62610837438424,10.68519848687879,101.01958096729976,82.0,123.0,6.341916801909671,0.09792746813277863,0.017793594306049824,1.0,1.0,0.09,1.0,1.0,1.0,0.7301863882671553,0.5280597358184036,0.05786053121941422,0.05786053121941422,0.5173581593658243,srtm_earth_engine
NSR-GRID-061,hot_day_optional,Hot Urban Heat Day,0.0,0.0,0.0,0.0,40.0,43.0,35.0,10.0,14,False,10,1743.7520762816132,6975.008305113461,57.62610837438424,10.68519848687879,101.01958096729976,82.0,123.0,6.341916801909671,0.09792746813277863,0.017793594306049824,0.0,0.0,0.8600000000000001,0.0,0.0,0.0,0.7301863882671553,0.5280597358184036,0.05786053121941422,0.05786053121941422,0.5173581593658243,srtm_earth_engine
NSR-GRID-062,normal_day,Normal Dry Day,0.0,0.0,0.0,0.0,30.0,31.0,45.0,12.0,12,False,2,541.6794026460169,2166.71761058205,81.89655172413794,11.90554308131456,99.34288556889352,88.0,115.0,5.377619796073825,0.030420203171292487,0.0035587188612099642,0.0,0.0,0.42000000000000004,0.18867924528301888,0.1,0.0,0.7382094876723921,0.6236787834177058,0.016989461016251227,0.016989461016251227,0.5050968383048754,srtm_earth_engine
NSR-GRID-062,light_rain,Light Rain,2.0,4.0,5.0,7.0,25.0,25.5,65.0,15.0,9,True,2,541.6794026460169,2166.71761058205,81.89655172413794,11.90554308131456,99.34288556889352,88.0,115.0,5.377619796073825,0.030420203171292487,0.0035587188612099642,0.13333333333333333,0.132,0.21000000000000002,0.5660377358490566,0.25,1.0,0.7382094876723921,0.6236787834177058,0.016989461016251227,0.016989461016251227,0.5050968383048754,srtm_earth_engine
NSR-GRID-062,heavy_rain_rush_hour,Heavy Rain During Rush Hour,12.0,24.0,32.0,40.0,23.0,23.5,80.0,22.0,17,True,2,541.6794026460169,2166.71761058205,81.89655172413794,11.90554308131456,99.34288556889352,88.0,115.0,5.377619796073825,0.030420203171292487,0.0035587188612099642,0.8,0.8,0.13,0.8490566037735849,0.6,1.0,0.7382094876723921,0.6236787834177058,0.016989461016251227,0.016989461016251227,0.5050968383048754,srtm_earth_engine
NSR-GRID-062,extreme_rain,Extreme Rain Event,25.0,50.0,70.0,90.0,22.0,22.5,88.0,30.0,18,True,2,541.6794026460169,2166.71761058205,81.89655172413794,11.90554308131456,99.34288556889352,88.0,115.0,5.377619796073825,0.030420203171292487,0.0035587188612099642,1.0,1.0,0.09,1.0,1.0,1.0,0.7382094876723921,0.6236787834177058,0.016989461016251227,0.016989461016251227,0.5050968383048754,srtm_earth_engine
NSR-GRID-062,hot_day_optional,Hot Urban Heat Day,0.0,0.0,0.0,0.0,40.0,43.0,35.0,10.0,14,False,2,541.6794026460169,2166.71761058205,81.89655172413794,11.90554308131456,99.34288556889352,88.0,115.0,5.377619796073825,0.030420203171292487,0.0035587188612099642,0.0,0.0,0.8600000000000001,0.0,0.0,0.0,0.7382094876723921,0.6236787834177058,0.016989461016251227,0.016989461016251227,0.5050968383048754,srtm_earth_engine
NSR-GRID-063,normal_day,Normal Dry Day,0.0,0.0,0.0,0.0,30.0,31.0,45.0,12.0,12,False,16,2234.650782686393,8938.60313073725,65.25764573070607,7.085669915909873,103.97424059512542,96.0,121.0,3.993237091595012,0.12549587540922483,0.028469750889679714,0.0,0.0,0.42000000000000004,0.18867924528301888,0.1,0.0,0.716048144716646,0.7609532485608073,0.07698281314945227,0.07698281314945227,0.5230948439448356,srtm_earth_engine
NSR-GRID-063,light_rain,Light Rain,2.0,4.0,5.0,7.0,25.0,25.5,65.0,15.0,9,True,16,2234.650782686393,8938.60313073725,65.25764573070607,7.085669915909873,103.97424059512542,96.0,121.0,3.993237091595012,0.12549587540922483,0.028469750889679714,0.13333333333333333,0.132,0.21000000000000002,0.5660377358490566,0.25,1.0,0.716048144716646,0.7609532485608073,0.07698281314945227,0.07698281314945227,0.5230948439448356,srtm_earth_engine
NSR-GRID-063,heavy_rain_rush_hour,Heavy Rain During Rush Hour,12.0,24.0,32.0,40.0,23.0,23.5,80.0,22.0,17,True,16,2234.650782686393,8938.60313073725,65.25764573070607,7.085669915909873,103.97424059512542,96.0,121.0,3.993237091595012,0.12549587540922483,0.028469750889679714,0.8,0.8,0.13,0.8490566037735849,0.6,1.0,0.716048144716646,0.7609532485608073,0.07698281314945227,0.07698281314945227,0.5230948439448356,srtm_earth_engine
NSR-GRID-063,extreme_rain,Extreme Rain Event,25.0,50.0,70.0,90.0,22.0,22.5,88.0,30.0,18,True,16,2234.650782686393,8938.60313073725,65.25764573070607,7.085669915909873,103.97424059512542,96.0,121.0,3.993237091595012,0.12549587540922483,0.028469750889679714,1.0,1.0,0.09,1.0,1.0,1.0,0.716048144716646,0.7609532485608073,0.07698281314945227,0.07698281314945227,0.5230948439448356,srtm_earth_engine
NSR-GRID-063,hot_day_optional,Hot Urban Heat Day,0.0,0.0,0.0,0.0,40.0,43.0,35.0,10.0,14,False,16,2234.650782686393,8938.60313073725,65.25764573070607,7.085669915909873,103.97424059512542,96.0,121.0,3.993237091595012,0.12549587540922483,0.028469750889679714,0.0,0.0,0.8600000000000001,0.0,0.0,0.0,0.716048144716646,0.7609532485608073,0.07698281314945227,0.07698281314945227,0.5230948439448356,srtm_earth_engine
NSR-GRID-064,normal_day,Normal Dry Day,0.0,0.0,0.0,0.0,30.0,31.0,45.0,12.0,12,False,21,1716.5226825551956,6866.090730220783,54.19544139494879,5.60359634725239,110.62200574375034,98.0,126.0,5.623998552305984,0.09639829112282686,0.037366548042704624,0.0,0.0,0.42000000000000004,0.18867924528301888,0.1,0.0,0.684238144724528,0.5992480303643979,0.06688241958276574,0.06688241958276574,0.5200647258748298,srtm_earth_engine
NSR-GRID-064,light_rain,Light Rain,2.0,4.0,5.0,7.0,25.0,25.5,65.0,15.0,9,True,21,1716.5226825551956,6866.090730220783,54.19544139494879,5.60359634725239,110.62200574375034,98.0,126.0,5.623998552305984,0.09639829112282686,0.037366548042704624,0.13333333333333333,0.132,0.21000000000000002,0.5660377358490566,0.25,1.0,0.684238144724528,0.5992480303643979,0.06688241958276574,0.06688241958276574,0.5200647258748298,srtm_earth_engine
NSR-GRID-064,heavy_rain_rush_hour,Heavy Rain During Rush Hour,12.0,24.0,32.0,40.0,23.0,23.5,80.0,22.0,17,True,21,1716.5226825551956,6866.090730220783,54.19544139494879,5.60359634725239,110.62200574375034,98.0,126.0,5.623998552305984,0.09639829112282686,0.037366548042704624,0.8,0.8,0.13,0.8490566037735849,0.6,1.0,0.684238144724528,0.5992480303643979,0.06688241958276574,0.06688241958276574,0.5200647258748298,srtm_earth_engine
NSR-GRID-064,extreme_rain,Extreme Rain Event,25.0,50.0,70.0,90.0,22.0,22.5,88.0,30.0,18,True,21,1716.5226825551956,6866.090730220783,54.19544139494879,5.60359634725239,110.62200574375034,98.0,126.0,5.623998552305984,0.09639829112282686,0.037366548042704624,1.0,1.0,0.09,1.0,1.0,1.0,0.684238144724528,0.5992480303643979,0.06688241958276574,0.06688241958276574,0.5200647258748298,srtm_earth_engine
NSR-GRID-064,hot_day_optional,Hot Urban Heat Day,0.0,0.0,0.0,0.0,40.0,43.0,35.0,10.0,14,False,21,1716.5226825551956,6866.090730220783,54.19544139494879,5.60359634725239,110.62200574375034,98.0,126.0,5.623998552305984,0.09639829112282686,0.037366548042704624,0.0,0.0,0.8600000000000001,0.0,0.0,0.0,0.684238144724528,0.5992480303643979,0.06688241958276574,0.06688241958276574,0.5200647258748298,srtm_earth_engine
NSR-GRID-065,normal_day,Normal Dry Day,0.0,0.0,0.0,0.0,30.0,31.0,45.0,12.0,12,False,108,6148.3002432777885,24593.200973088253,34.03274949826674,7.026647800524764,116.47473577766168,101.0,136.0,4.781307133695296,0.34528272931367415,0.19217081850533807,0.0,0.0,0.42000000000000004,0.18867924528301888,0.1,0.0,0.6562324408270163,0.6828087490848868,0.2687267739095061,0.2687267739095061,0.5806180321728518,srtm_earth_engine
NSR-GRID-065,light_rain,Light Rain,2.0,4.0,5.0,7.0,25.0,25.5,65.0,15.0,9,True,108,6148.3002432777885,24593.200973088253,34.03274949826674,7.026647800524764,116.47473577766168,101.0,136.0,4.781307133695296,0.34528272931367415,0.19217081850533807,0.13333333333333333,0.132,0.21000000000000002,0.5660377358490566,0.25,1.0,0.6562324408270163,0.6828087490848868,0.2687267739095061,0.2687267739095061,0.5806180321728518,srtm_earth_engine
NSR-GRID-065,heavy_rain_rush_hour,Heavy Rain During Rush Hour,12.0,24.0,32.0,40.0,23.0,23.5,80.0,22.0,17,True,108,6148.3002432777885,24593.200973088253,34.03274949826674,7.026647800524764,116.47473577766168,101.0,136.0,4.781307133695296,0.34528272931367415,0.19217081850533807,0.8,0.8,0.13,0.8490566037735849,0.6,1.0,0.6562324408270163,0.6828087490848868,0.2687267739095061,0.2687267739095061,0.5806180321728518,srtm_earth_engine
NSR-GRID-065,extreme_rain,Extreme Rain Event,25.0,50.0,70.0,90.0,22.0,22.5,88.0,30.0,18,True,108,6148.3002432777885,24593.200973088253,34.03274949826674,7.026647800524764,116.47473577766168,101.0,136.0,4.781307133695296,0.34528272931367415,0.19217081850533807,1.0,1.0,0.09,1.0,1.0,1.0,0.6562324408270163,0.6828087490848868,0.2687267739095061,0.2687267739095061,0.5806180321728518,srtm_earth_engine
NSR-GRID-065,hot_day_optional,Hot Urban Heat Day,0.0,0.0,0.0,0.0,40.0,43.0,35.0,10.0,14,False,108,6148.3002432777885,24593.200973088253,34.03274949826674,7.026647800524764,116.47473577766168,101.0,136.0,4.781307133695296,0.34528272931367415,0.19217081850533807,0.0,0.0,0.8600000000000001,0.0,0.0,0.0,0.6562324408270163,0.6828087490848868,0.2687267739095061,0.2687267739095061,0.5806180321728518,srtm_earth_engine
NSR-GRID-066,normal_day,Normal Dry Day,0.0,0.0,0.0,0.0,30.0,31.0,45.0,12.0,12,False,8,1333.3070753129512,5333.228301246838,61.417898193760266,9.768946862981116,117.42789324284637,107.0,133.0,5.552386532517613,0.07487726489620103,0.014234875444839857,0.0,0.0,0.42000000000000004,0.18867924528301888,0.1,0.0,0.6516715187303198,0.6063490304581305,0.04455607017052044,0.04455607017052044,0.5133668210511562,srtm_earth_engine
NSR-GRID-066,light_rain,Light Rain,2.0,4.0,5.0,7.0,25.0,25.5,65.0,15.0,9,True,8,1333.3070753129512,5333.228301246838,61.417898193760266,9.768946862981116,117.42789324284637,107.0,133.0,5.552386532517613,0.07487726489620103,0.014234875444839857,0.13333333333333333,0.132,0.21000000000000002,0.5660377358490566,0.25,1.0,0.6516715187303198,0.6063490304581305,0.04455607017052044,0.04455607017052044,0.5133668210511562,srtm_earth_engine
NSR-GRID-066,heavy_rain_rush_hour,Heavy Rain During Rush Hour,12.0,24.0,32.0,40.0,23.0,23.5,80.0,22.0,17,True,8,1333.3070753129512,5333.228301246838,61.417898193760266,9.768946862981116,117.42789324284637,107.0,133.0,5.552386532517613,0.07487726489620103,0.014234875444839857,0.8,0.8,0.13,0.8490566037735849,0.6,1.0,0.6516715187303198,0.6063490304581305,0.04455607017052044,0.04455607017052044,0.5133668210511562,srtm_earth_engine
NSR-GRID-066,extreme_rain,Extreme Rain Event,25.0,50.0,70.0,90.0,22.0,22.5,88.0,30.0,18,True,8,1333.3070753129512,5333.228301246838,61.417898193760266,9.768946862981116,117.42789324284637,107.0,133.0,5.552386532517613,0.07487726489620103,0.014234875444839857,1.0,1.0,0.09,1.0,1.0,1.0,0.6516715187303198,0.6063490304581305,0.04455607017052044,0.04455607017052044,0.5133668210511562,srtm_earth_engine
NSR-GRID-066,hot_day_optional,Hot Urban Heat Day,0.0,0.0,0.0,0.0,40.0,43.0,35.0,10.0,14,False,8,1333.3070753129512,5333.228301246838,61.417898193760266,9.768946862981116,117.42789324284637,107.0,133.0,5.552386532517613,0.07487726489620103,0.014234875444839857,0.0,0.0,0.8600000000000001,0.0,0.0,0.0,0.6516715187303198,0.6063490304581305,0.04455607017052044,0.04455607017052044,0.5133668210511562,srtm_earth_engine
NSR-GRID-067,normal_day,Normal Dry Day,0.0,0.0,0.0,0.0,30.0,31.0,45.0,12.0,12,False,29,1961.7121654719788,7846.848661873299,61.417898193760266,3.965015030937789,119.85157626786756,112.0,126.0,2.980791423268212,0.11016790069124288,0.051601423487544484,0.0,0.0,0.42000000000000004,0.18867924528301888,0.1,0.0,0.6400740336683259,0.861346685401912,0.08088466208939368,0.08088466208939368,0.5242653986268181,srtm_earth_engine
NSR-GRID-067,light_rain,Light Rain,2.0,4.0,5.0,7.0,25.0,25.5,65.0,15.0,9,True,29,1961.7121654719788,7846.848661873299,61.417898193760266,3.965015030937789,119.85157626786756,112.0,126.0,2.980791423268212,0.11016790069124288,0.051601423487544484,0.13333333333333333,0.132,0.21000000000000002,0.5660377358490566,0.25,1.0,0.6400740336683259,0.861346685401912,0.08088466208939368,0.08088466208939368,0.5242653986268181,srtm_earth_engine
NSR-GRID-067,heavy_rain_rush_hour,Heavy Rain During Rush Hour,12.0,24.0,32.0,40.0,23.0,23.5,80.0,22.0,17,True,29,1961.7121654719788,7846.848661873299,61.417898193760266,3.965015030937789,119.85157626786756,112.0,126.0,2.980791423268212,0.11016790069124288,0.051601423487544484,0.8,0.8,0.13,0.8490566037735849,0.6,1.0,0.6400740336683259,0.861346685401912,0.08088466208939368,0.08088466208939368,0.5242653986268181,srtm_earth_engine
NSR-GRID-067,extreme_rain,Extreme Rain Event,25.0,50.0,70.0,90.0,22.0,22.5,88.0,30.0,18,True,29,1961.7121654719788,7846.848661873299,61.417898193760266,3.965015030937789,119.85157626786756,112.0,126.0,2.980791423268212,0.11016790069124288,0.051601423487544484,1.0,1.0,0.09,1.0,1.0,1.0,0.6400740336683259,0.861346685401912,0.08088466208939368,0.08088466208939368,0.5242653986268181,srtm_earth_engine
NSR-GRID-067,hot_day_optional,Hot Urban Heat Day,0.0,0.0,0.0,0.0,40.0,43.0,35.0,10.0,14,False,29,1961.7121654719788,7846.848661873299,61.417898193760266,3.965015030937789,119.85157626786756,112.0,126.0,2.980791423268212,0.11016790069124288,0.051601423487544484,0.0,0.0,0.8600000000000001,0.0,0.0,0.0,0.6400740336683259,0.861346685401912,0.08088466208939368,0.08088466208939368,0.5242653986268181,srtm_earth_engine
NSR-GRID-068,normal_day,Normal Dry Day,0.0,0.0,0.0,0.0,30.0,31.0,45.0,12.0,12,False,366,13318.642352091923,53274.56940831808,23.9144032589482,5.4483974205361765,128.35061651878905,118.0,137.0,3.5959333172631816,0.7479623635997531,0.6512455516014235,0.0,0.0,0.42000000000000004,0.18867924528301888,0.1,0.0,0.5994055587341979,0.8003496256928593,0.6996039576005884,0.6996039576005884,0.7098811872801765,srtm_earth_engine
NSR-GRID-068,light_rain,Light Rain,2.0,4.0,5.0,7.0,25.0,25.5,65.0,15.0,9,True,366,13318.642352091923,53274.56940831808,23.9144032589482,5.4483974205361765,128.35061651878905,118.0,137.0,3.5959333172631816,0.7479623635997531,0.6512455516014235,0.13333333333333333,0.132,0.21000000000000002,0.5660377358490566,0.25,1.0,0.5994055587341979,0.8003496256928593,0.6996039576005884,0.6996039576005884,0.7098811872801765,srtm_earth_engine
NSR-GRID-068,heavy_rain_rush_hour,Heavy Rain During Rush Hour,12.0,24.0,32.0,40.0,23.0,23.5,80.0,22.0,17,True,366,13318.642352091923,53274.56940831808,23.9144032589482,5.4483974205361765,128.35061651878905,118.0,137.0,3.5959333172631816,0.7479623635997531,0.6512455516014235,0.8,0.8,0.13,0.8490566037735849,0.6,1.0,0.5994055587341979,0.8003496256928593,0.6996039576005884,0.6996039576005884,0.7098811872801765,srtm_earth_engine
NSR-GRID-068,extreme_rain,Extreme Rain Event,25.0,50.0,70.0,90.0,22.0,22.5,88.0,30.0,18,True,366,13318.642352091923,53274.56940831808,23.9144032589482,5.4483974205361765,128.35061651878905,118.0,137.0,3.5959333172631816,0.7479623635997531,0.6512455516014235,1.0,1.0,0.09,1.0,1.0,1.0,0.5994055587341979,0.8003496256928593,0.6996039576005884,0.6996039576005884,0.7098811872801765,srtm_earth_engine
NSR-GRID-068,hot_day_optional,Hot Urban Heat Day,0.0,0.0,0.0,0.0,40.0,43.0,35.0,10.0,14,False,366,13318.642352091923,53274.56940831808,23.9144032589482,5.4483974205361765,128.35061651878905,118.0,137.0,3.5959333172631816,0.7479623635997531,0.6512455516014235,0.0,0.0,0.8600000000000001,0.0,0.0,0.0,0.5994055587341979,0.8003496256928593,0.6996039576005884,0.6996039576005884,0.7098811872801765,srtm_earth_engine
NSR-GRID-069,normal_day,Normal Dry Day,0.0,0.0,0.0,0.0,30.0,31.0,45.0,12.0,12,False,230,8821.177962032558,35284.71184809737,24.944099378881987,5.699059959074213,131.8598159809455,121.0,151.0,3.8801773226213694,0.4953890151708751,0.4092526690391459,0.0,0.0,0.42000000000000004,0.18867924528301888,0.1,0.0,0.5826138050594118,0.7721641798046373,0.4523208421050105,0.4523208421050105,0.6356962526315031,srtm_earth_engine
NSR-GRID-069,light_rain,Light Rain,2.0,4.0,5.0,7.0,25.0,25.5,65.0,15.0,9,True,230,8821.177962032558,35284.71184809737,24.944099378881987,5.699059959074213,131.8598159809455,121.0,151.0,3.8801773226213694,0.4953890151708751,0.4092526690391459,0.13333333333333333,0.132,0.21000000000000002,0.5660377358490566,0.25,1.0,0.5826138050594118,0.7721641798046373,0.4523208421050105,0.4523208421050105,0.6356962526315031,srtm_earth_engine
NSR-GRID-069,heavy_rain_rush_hour,Heavy Rain During Rush Hour,12.0,24.0,32.0,40.0,23.0,23.5,80.0,22.0,17,True,230,8821.177962032558,35284.71184809737,24.944099378881987,5.699059959074213,131.8598159809455,121.0,151.0,3.8801773226213694,0.4953890151708751,0.4092526690391459,0.8,0.8,0.13,0.8490566037735849,0.6,1.0,0.5826138050594118,0.7721641798046373,0.4523208421050105,0.4523208421050105,0.6356962526315031,srtm_earth_engine
NSR-GRID-069,extreme_rain,Extreme Rain Event,25.0,50.0,70.0,90.0,22.0,22.5,88.0,30.0,18,True,230,8821.177962032558,35284.71184809737,24.944099378881987,5.699059959074213,131.8598159809455,121.0,151.0,3.8801773226213694,0.4953890151708751,0.4092526690391459,1.0,1.0,0.09,1.0,1.0,1.0,0.5826138050594118,0.7721641798046373,0.4523208421050105,0.4523208421050105,0.6356962526315031,srtm_earth_engine
NSR-GRID-069,hot_day_optional,Hot Urban Heat Day,0.0,0.0,0.0,0.0,40.0,43.0,35.0,10.0,14,False,230,8821.177962032558,35284.71184809737,24.944099378881987,5.699059959074213,131.8598159809455,121.0,151.0,3.8801773226213694,0.4953890151708751,0.4092526690391459,0.0,0.0,0.8600000000000001,0.0,0.0,0.0,0.5826138050594118,0.7721641798046373,0.4523208421050105,0.4523208421050105,0.6356962526315031,srtm_earth_engine
NSR-GRID-070,normal_day,Normal Dry Day,0.0,0.0,0.0,0.0,30.0,31.0,45.0,12.0,12,False,2,836.7844206680079,3347.137682672032,61.417898193760266,24.523990587412143,136.99319561386332,122.0,168.0,6.663556584920474,0.04699302200337037,0.0035587188612099642,0.0,0.0,0.42000000000000004,0.18867924528301888,0.1,0.0,0.5580502408492003,0.4961661495732811,0.025275870432290168,0.025275870432290168,0.507582761129687,srtm_earth_engine
NSR-GRID-070,light_rain,Light Rain,2.0,4.0,5.0,7.0,25.0,25.5,65.0,15.0,9,True,2,836.7844206680079,3347.137682672032,61.417898193760266,24.523990587412143,136.99319561386332,122.0,168.0,6.663556584920474,0.04699302200337037,0.0035587188612099642,0.13333333333333333,0.132,0.21000000000000002,0.5660377358490566,0.25,1.0,0.5580502408492003,0.4961661495732811,0.025275870432290168,0.025275870432290168,0.507582761129687,srtm_earth_engine
NSR-GRID-070,heavy_rain_rush_hour,Heavy Rain During Rush Hour,12.0,24.0,32.0,40.0,23.0,23.5,80.0,22.0,17,True,2,836.7844206680079,3347.137682672032,61.417898193760266,24.523990587412143,136.99319561386332,122.0,168.0,6.663556584920474,0.04699302200337037,0.0035587188612099642,0.8,0.8,0.13,0.8490566037735849,0.6,1.0,0.5580502408492003,0.4961661495732811,0.025275870432290168,0.025275870432290168,0.507582761129687,srtm_earth_engine
NSR-GRID-070,extreme_rain,Extreme Rain Event,25.0,50.0,70.0,90.0,22.0,22.5,88.0,30.0,18,True,2,836.7844206680079,3347.137682672032,61.417898193760266,24.523990587412143,136.99319561386332,122.0,168.0,6.663556584920474,0.04699302200337037,0.0035587188612099642,1.0,1.0,0.09,1.0,1.0,1.0,0.5580502408492003,0.4961661495732811,0.025275870432290168,0.025275870432290168,0.507582761129687,srtm_earth_engine
NSR-GRID-070,hot_day_optional,Hot Urban Heat Day,0.0,0.0,0.0,0.0,40.0,43.0,35.0,10.0,14,False,2,836.7844206680079,3347.137682672032,61.417898193760266,24.523990587412143,136.99319561386332,122.0,168.0,6.663556584920474,0.04699302200337037,0.0035587188612099642,0.0,0.0,0.8600000000000001,0.0,0.0,0.0,0.5580502408492003,0.4961661495732811,0.025275870432290168,0.025275870432290168,0.507582761129687,srtm_earth_engine
NSR-GRID-071,normal_day,Normal Dry Day,0.0,0.0,0.0,0.0,30.0,31.0,45.0,12.0,12,False,20,2688.1314535375554,10752.525814140208,61.417898193760266,7.878219148924214,139.49169819937345,127.0,156.0,4.06056318842438,0.1509629211823521,0.03558718861209965,0.0,0.0,0.42000000000000004,0.18867924528301888,0.1,0.0,0.546094739195863,0.7542772377275864,0.09327505489722587,0.09327505489722587,0.5279825164691677,srtm_earth_engine
NSR-GRID-071,light_rain,Light Rain,2.0,4.0,5.0,7.0,25.0,25.5,65.0,15.0,9,True,20,2688.1314535375554,10752.525814140208,61.417898193760266,7.878219148924214,139.49169819937345,127.0,156.0,4.06056318842438,0.1509629211823521,0.03558718861209965,0.13333333333333333,0.132,0.21000000000000002,0.5660377358490566,0.25,1.0,0.546094739195863,0.7542772377275864,0.09327505489722587,0.09327505489722587,0.5279825164691677,srtm_earth_engine
NSR-GRID-071,heavy_rain_rush_hour,Heavy Rain During Rush Hour,12.0,24.0,32.0,40.0,23.0,23.5,80.0,22.0,17,True,20,2688.1314535375554,10752.525814140208,61.417898193760266,7.878219148924214,139.49169819937345,127.0,156.0,4.06056318842438,0.1509629211823521,0.03558718861209965,0.8,0.8,0.13,0.8490566037735849,0.6,1.0,0.546094739195863,0.7542772377275864,0.09327505489722587,0.09327505489722587,0.5279825164691677,srtm_earth_engine
NSR-GRID-071,extreme_rain,Extreme Rain Event,25.0,50.0,70.0,90.0,22.0,22.5,88.0,30.0,18,True,20,2688.1314535375554,10752.525814140208,61.417898193760266,7.878219148924214,139.49169819937345,127.0,156.0,4.06056318842438,0.1509629211823521,0.03558718861209965,1.0,1.0,0.09,1.0,1.0,1.0,0.546094739195863,0.7542772377275864,0.09327505489722587,0.09327505489722587,0.5279825164691677,srtm_earth_engine
NSR-GRID-071,hot_day_optional,Hot Urban Heat Day,0.0,0.0,0.0,0.0,40.0,43.0,35.0,10.0,14,False,20,2688.1314535375554,10752.525814140208,61.417898193760266,7.878219148924214,139.49169819937345,127.0,156.0,4.06056318842438,0.1509629211823521,0.03558718861209965,0.0,0.0,0.8600000000000001,0.0,0.0,0.0,0.546094739195863,0.7542772377275864,0.09327505489722587,0.09327505489722587,0.5279825164691677,srtm_earth_engine
NSR-GRID-072,normal_day,Normal Dry Day,0.0,0.0,0.0,0.0,30.0,31.0,45.0,12.0,12,False,4,901.8573678919796,3607.429471564559,61.417898193760266,13.21555531812782,144.02081633984793,135.0,159.0,4.046798207895289,0.050647457202151434,0.0071174377224199285,0.0,0.0,0.42000000000000004,0.18867924528301888,0.1,0.0,0.5244226065630495,0.755642164011137,0.02888244746228568,0.02888244746228568,0.5086647342386857,srtm_earth_engine
NSR-GRID-072,light_rain,Light Rain,2.0,4.0,5.0,7.0,25.0,25.5,65.0,15.0,9,True,4,901.8573678919796,3607.429471564559,61.417898193760266,13.21555531812782,144.02081633984793,135.0,159.0,4.046798207895289,0.050647457202151434,0.0071174377224199285,0.13333333333333333,0.132,0.21000000000000002,0.5660377358490566,0.25,1.0,0.5244226065630495,0.755642164011137,0.02888244746228568,0.02888244746228568,0.5086647342386857,srtm_earth_engine
NSR-GRID-072,heavy_rain_rush_hour,Heavy Rain During Rush Hour,12.0,24.0,32.0,40.0,23.0,23.5,80.0,22.0,17,True,4,901.8573678919796,3607.429471564559,61.417898193760266,13.21555531812782,144.02081633984793,135.0,159.0,4.046798207895289,0.050647457202151434,0.0071174377224199285,0.8,0.8,0.13,0.8490566037735849,0.6,1.0,0.5244226065630495,0.755642164011137,0.02888244746228568,0.02888244746228568,0.5086647342386857,srtm_earth_engine
NSR-GRID-072,extreme_rain,Extreme Rain Event,25.0,50.0,70.0,90.0,22.0,22.5,88.0,30.0,18,True,4,901.8573678919796,3607.429471564559,61.417898193760266,13.21555531812782,144.02081633984793,135.0,159.0,4.046798207895289,0.050647457202151434,0.0071174377224199285,1.0,1.0,0.09,1.0,1.0,1.0,0.5244226065630495,0.755642164011137,0.02888244746228568,0.02888244746228568,0.5086647342386857,srtm_earth_engine
NSR-GRID-072,hot_day_optional,Hot Urban Heat Day,0.0,0.0,0.0,0.0,40.0,43.0,35.0,10.0,14,False,4,901.8573678919796,3607.429471564559,61.417898193760266,13.21555531812782,144.02081633984793,135.0,159.0,4.046798207895289,0.050647457202151434,0.0071174377224199285,0.0,0.0,0.8600000000000001,0.0,0.0,0.0,0.5244226065630495,0.755642164011137,0.02888244746228568,0.02888244746228568,0.5086647342386857,srtm_earth_engine
NSR-GRID-073,normal_day,Normal Dry Day,0.0,0.0,0.0,0.0,30.0,31.0,45.0,12.0,12,False,19,2686.724245670421,10746.896982661669,53.43518278454758,8.674518391649263,148.847888519026,135.0,159.0,3.903298661607836,0.15088389371870947,0.033807829181494664,0.0,0.0,0.42000000000000004,0.18867924528301888,0.1,0.0,0.5013247439658173,0.7698714832601838,0.09234586145010207,0.09234586145010207,0.5277037584350306,srtm_earth_engine
NSR-GRID-073,light_rain,Light Rain,2.0,4.0,5.0,7.0,25.0,25.5,65.0,15.0,9,True,19,2686.724245670421,10746.896982661669,53.43518278454758,8.674518391649263,148.847888519026,135.0,159.0,3.903298661607836,0.15088389371870947,0.033807829181494664,0.13333333333333333,0.132,0.21000000000000002,0.5660377358490566,0.25,1.0,0.5013247439658173,0.7698714832601838,0.09234586145010207,0.09234586145010207,0.5277037584350306,srtm_earth_engine
NSR-GRID-073,heavy_rain_rush_hour,Heavy Rain During Rush Hour,12.0,24.0,32.0,40.0,23.0,23.5,80.0,22.0,17,True,19,2686.724245670421,10746.896982661669,53.43518278454758,8.674518391649263,148.847888519026,135.0,159.0,3.903298661607836,0.15088389371870947,0.033807829181494664,0.8,0.8,0.13,0.8490566037735849,0.6,1.0,0.5013247439658173,0.7698714832601838,0.09234586145010207,0.09234586145010207,0.5277037584350306,srtm_earth_engine
NSR-GRID-073,extreme_rain,Extreme Rain Event,25.0,50.0,70.0,90.0,22.0,22.5,88.0,30.0,18,True,19,2686.724245670421,10746.896982661669,53.43518278454758,8.674518391649263,148.847888519026,135.0,159.0,3.903298661607836,0.15088389371870947,0.033807829181494664,1.0,1.0,0.09,1.0,1.0,1.0,0.5013247439658173,0.7698714832601838,0.09234586145010207,0.09234586145010207,0.5277037584350306,srtm_earth_engine
NSR-GRID-073,hot_day_optional,Hot Urban Heat Day,0.0,0.0,0.0,0.0,40.0,43.0,35.0,10.0,14,False,19,2686.724245670421,10746.896982661669,53.43518278454758,8.674518391649263,148.847888519026,135.0,159.0,3.903298661607836,0.15088389371870947,0.033807829181494664,0.0,0.0,0.8600000000000001,0.0,0.0,0.0,0.5013247439658173,0.7698714832601838,0.09234586145010207,0.09234586145010207,0.5277037584350306,srtm_earth_engine
NSR-GRID-074,normal_day,Normal Dry Day,0.0,0.0,0.0,0.0,30.0,31.0,45.0,12.0,12,False,4,1450.5559177819346,5802.223671122335,61.417898193760266,21.25602412972792,156.93270485386208,146.0,165.0,3.8466733442152794,0.08146184904705193,0.0071174377224199285,0.0,0.0,0.42000000000000004,0.18867924528301888,0.1,0.0,0.4626383581207024,0.775486411945347,0.044289643384735934,0.044289643384735934,0.5132868930154207,srtm_earth_engine
NSR-GRID-074,light_rain,Light Rain,2.0,4.0,5.0,7.0,25.0,25.5,65.0,15.0,9,True,4,1450.5559177819346,5802.223671122335,61.417898193760266,21.25602412972792,156.93270485386208,146.0,165.0,3.8466733442152794,0.08146184904705193,0.0071174377224199285,0.13333333333333333,0.132,0.21000000000000002,0.5660377358490566,0.25,1.0,0.4626383581207024,0.775486411945347,0.044289643384735934,0.044289643384735934,0.5132868930154207,srtm_earth_engine
NSR-GRID-074,heavy_rain_rush_hour,Heavy Rain During Rush Hour,12.0,24.0,32.0,40.0,23.0,23.5,80.0,22.0,17,True,4,1450.5559177819346,5802.223671122335,61.417898193760266,21.25602412972792,156.93270485386208,146.0,165.0,3.8466733442152794,0.08146184904705193,0.0071174377224199285,0.8,0.8,0.13,0.8490566037735849,0.6,1.0,0.4626383581207024,0.775486411945347,0.044289643384735934,0.044289643384735934,0.5132868930154207,srtm_earth_engine
NSR-GRID-074,extreme_rain,Extreme Rain Event,25.0,50.0,70.0,90.0,22.0,22.5,88.0,30.0,18,True,4,1450.5559177819346,5802.223671122335,61.417898193760266,21.25602412972792,156.93270485386208,146.0,165.0,3.8466733442152794,0.08146184904705193,0.0071174377224199285,1.0,1.0,0.09,1.0,1.0,1.0,0.4626383581207024,0.775486411945347,0.044289643384735934,0.044289643384735934,0.5132868930154207,srtm_earth_engine
NSR-GRID-074,hot_day_optional,Hot Urban Heat Day,0.0,0.0,0.0,0.0,40.0,43.0,35.0,10.0,14,False,4,1450.5559177819346,5802.223671122335,61.417898193760266,21.25602412972792,156.93270485386208,146.0,165.0,3.8466733442152794,0.08146184904705193,0.0071174377224199285,0.0,0.0,0.8600000000000001,0.0,0.0,0.0,0.4626383581207024,0.775486411945347,0.044289643384735934,0.044289643384735934,0.5132868930154207,srtm_earth_engine
NSR-GRID-075,normal_day,Normal Dry Day,0.0,0.0,0.0,0.0,30.0,31.0,45.0,12.0,12,False,9,2291.1969952178606,9164.787980862908,61.417898193760266,14.922014999534024,164.15728082482295,151.0,182.0,5.764421947656078,0.12867145724854098,0.01601423487544484,0.0,0.0,0.42000000000000004,0.18867924528301888,0.1,0.0,0.4280682798400553,0.5853237401895076,0.07234284606199291,0.07234284606199291,0.5217028538185978,srtm_earth_engine
NSR-GRID-075,light_rain,Light Rain,2.0,4.0,5.0,7.0,25.0,25.5,65.0,15.0,9,True,9,2291.1969952178606,9164.787980862908,61.417898193760266,14.922014999534024,164.15728082482295,151.0,182.0,5.764421947656078,0.12867145724854098,0.01601423487544484,0.13333333333333333,0.132,0.21000000000000002,0.5660377358490566,0.25,1.0,0.4280682798400553,0.5853237401895076,0.07234284606199291,0.07234284606199291,0.5217028538185978,srtm_earth_engine
NSR-GRID-075,heavy_rain_rush_hour,Heavy Rain During Rush Hour,12.0,24.0,32.0,40.0,23.0,23.5,80.0,22.0,17,True,9,2291.1969952178606,9164.787980862908,61.417898193760266,14.922014999534024,164.15728082482295,151.0,182.0,5.764421947656078,0.12867145724854098,0.01601423487544484,0.8,0.8,0.13,0.8490566037735849,0.6,1.0,0.4280682798400553,0.5853237401895076,0.07234284606199291,0.07234284606199291,0.5217028538185978,srtm_earth_engine
NSR-GRID-075,extreme_rain,Extreme Rain Event,25.0,50.0,70.0,90.0,22.0,22.5,88.0,30.0,18,True,9,2291.1969952178606,9164.787980862908,61.417898193760266,14.922014999534024,164.15728082482295,151.0,182.0,5.764421947656078,0.12867145724854098,0.01601423487544484,1.0,1.0,0.09,1.0,1.0,1.0,0.4280682798400553,0.5853237401895076,0.07234284606199291,0.07234284606199291,0.5217028538185978,srtm_earth_engine
NSR-GRID-075,hot_day_optional,Hot Urban Heat Day,0.0,0.0,0.0,0.0,40.0,43.0,35.0,10.0,14,False,9,2291.1969952178606,9164.787980862908,61.417898193760266,14.922014999534024,164.15728082482295,151.0,182.0,5.764421947656078,0.12867145724854098,0.01601423487544484,0.0,0.0,0.8600000000000001,0.0,0.0,0.0,0.4280682798400553,0.5853237401895076,0.07234284606199291,0.07234284606199291,0.5217028538185978,srtm_earth_engine
NSR-GRID-076,normal_day,Normal Dry Day,0.0,0.0,0.0,0.0,30.0,31.0,45.0,12.0,12,False,18,3577.6836108233747,14310.7344432935,52.99169859514687,15.767668308684456,168.62417596762603,152.0,183.0,5.220979061053803,0.200919329389886,0.03202846975088968,0.0,0.0,0.42000000000000004,0.18867924528301888,0.1,0.0,0.4066938884046495,0.6392111741720319,0.11647389957038784,0.11647389957038784,0.5349421698711163,srtm_earth_engine
NSR-GRID-076,light_rain,Light Rain,2.0,4.0,5.0,7.0,25.0,25.5,65.0,15.0,9,True,18,3577.6836108233747,14310.7344432935,52.99169859514687,15.767668308684456,168.62417596762603,152.0,183.0,5.220979061053803,0.200919329389886,0.03202846975088968,0.13333333333333333,0.132,0.21000000000000002,0.5660377358490566,0.25,1.0,0.4066938884046495,0.6392111741720319,0.11647389957038784,0.11647389957038784,0.5349421698711163,srtm_earth_engine
NSR-GRID-076,heavy_rain_rush_hour,Heavy Rain During Rush Hour,12.0,24.0,32.0,40.0,23.0,23.5,80.0,22.0,17,True,18,3577.6836108233747,14310.7344432935,52.99169859514687,15.767668308684456,168.62417596762603,152.0,183.0,5.220979061053803,0.200919329389886,0.03202846975088968,0.8,0.8,0.13,0.8490566037735849,0.6,1.0,0.4066938884046495,0.6392111741720319,0.11647389957038784,0.11647389957038784,0.5349421698711163,srtm_earth_engine
NSR-GRID-076,extreme_rain,Extreme Rain Event,25.0,50.0,70.0,90.0,22.0,22.5,88.0,30.0,18,True,18,3577.6836108233747,14310.7344432935,52.99169859514687,15.767668308684456,168.62417596762603,152.0,183.0,5.220979061053803,0.200919329389886,0.03202846975088968,1.0,1.0,0.09,1.0,1.0,1.0,0.4066938884046495,0.6392111741720319,0.11647389957038784,0.11647389957038784,0.5349421698711163,srtm_earth_engine
NSR-GRID-076,hot_day_optional,Hot Urban Heat Day,0.0,0.0,0.0,0.0,40.0,43.0,35.0,10.0,14,False,18,3577.6836108233747,14310.7344432935,52.99169859514687,15.767668308684456,168.62417596762603,152.0,183.0,5.220979061053803,0.200919329389886,0.03202846975088968,0.0,0.0,0.8600000000000001,0.0,0.0,0.0,0.4066938884046495,0.6392111741720319,0.11647389957038784,0.11647389957038784,0.5349421698711163,srtm_earth_engine
NSR-GRID-077,normal_day,Normal Dry Day,0.0,0.0,0.0,0.0,30.0,31.0,45.0,12.0,12,False,14,1338.5168108830017,5354.067243527021,28.91684259910861,11.328296798130566,173.19451330897684,164.0,186.0,3.974474067361301,0.07516983872074649,0.02491103202846975,0.0,0.0,0.42000000000000004,0.18867924528301888,0.1,0.0,0.3848245191441518,0.7628137775227891,0.05004043537460812,0.05004043537460812,0.5150121306123825,srtm_earth_engine
NSR-GRID-077,light_rain,Light Rain,2.0,4.0,5.0,7.0,25.0,25.5,65.0,15.0,9,True,14,1338.5168108830017,5354.067243527021,28.91684259910861,11.328296798130566,173.19451330897684,164.0,186.0,3.974474067361301,0.07516983872074649,0.02491103202846975,0.13333333333333333,0.132,0.21000000000000002,0.5660377358490566,0.25,1.0,0.3848245191441518,0.7628137775227891,0.05004043537460812,0.05004043537460812,0.5150121306123825,srtm_earth_engine
NSR-GRID-077,heavy_rain_rush_hour,Heavy Rain During Rush Hour,12.0,24.0,32.0,40.0,23.0,23.5,80.0,22.0,17,True,14,1338.5168108830017,5354.067243527021,28.91684259910861,11.328296798130566,173.19451330897684,164.0,186.0,3.974474067361301,0.07516983872074649,0.02491103202846975,0.8,0.8,0.13,0.8490566037735849,0.6,1.0,0.3848245191441518,0.7628137775227891,0.05004043537460812,0.05004043537460812,0.5150121306123825,srtm_earth_engine
NSR-GRID-077,extreme_rain,Extreme Rain Event,25.0,50.0,70.0,90.0,22.0,22.5,88.0,30.0,18,True,14,1338.5168108830017,5354.067243527021,28.91684259910861,11.328296798130566,173.19451330897684,164.0,186.0,3.974474067361301,0.07516983872074649,0.02491103202846975,1.0,1.0,0.09,1.0,1.0,1.0,0.3848245191441518,0.7628137775227891,0.05004043537460812,0.05004043537460812,0.5150121306123825,srtm_earth_engine
NSR-GRID-077,hot_day_optional,Hot Urban Heat Day,0.0,0.0,0.0,0.0,40.0,43.0,35.0,10.0,14,False,14,1338.5168108830017,5354.067243527021,28.91684259910861,11.328296798130566,173.19451330897684,164.0,186.0,3.974474067361301,0.07516983872074649,0.02491103202846975,0.0,0.0,0.8600000000000001,0.0,0.0,0.0,0.3848245191441518,0.7628137775227891,0.05004043537460812,0.05004043537460812,0.5150121306123825,srtm_earth_engine
NSR-GRID-078,normal_day,Normal Dry Day,0.0,0.0,0.0,0.0,30.0,31.0,45.0,12.0,12,False,0,0.0,0.0,50.0,0.0,65.04405286343612,61.0,66.0,7.085983704890449,0.0,0.0,0.0,0.0,0.42000000000000004,0.18867924528301888,0.1,0.0,0.9023316917060192,0.4542785582531841,0.0,0.0,0.5,srtm_earth_engine
NSR-GRID-078,light_rain,Light Rain,2.0,4.0,5.0,7.0,25.0,25.5,65.0,15.0,9,True,0,0.0,0.0,50.0,0.0,65.04405286343612,61.0,66.0,7.085983704890449,0.0,0.0,0.13333333333333333,0.132,0.21000000000000002,0.5660377358490566,0.25,1.0,0.9023316917060192,0.4542785582531841,0.0,0.0,0.5,srtm_earth_engine
NSR-GRID-078,heavy_rain_rush_hour,Heavy Rain During Rush Hour,12.0,24.0,32.0,40.0,23.0,23.5,80.0,22.0,17,True,0,0.0,0.0,50.0,0.0,65.04405286343612,61.0,66.0,7.085983704890449,0.0,0.0,0.8,0.8,0.13,0.8490566037735849,0.6,1.0,0.9023316917060192,0.4542785582531841,0.0,0.0,0.5,srtm_earth_engine
NSR-GRID-078,extreme_rain,Extreme Rain Event,25.0,50.0,70.0,90.0,22.0,22.5,88.0,30.0,18,True,0,0.0,0.0,50.0,0.0,65.04405286343612,61.0,66.0,7.085983704890449,0.0,0.0,1.0,1.0,0.09,1.0,1.0,1.0,0.9023316917060192,0.4542785582531841,0.0,0.0,0.5,srtm_earth_engine
NSR-GRID-078,hot_day_optional,Hot Urban Heat Day,0.0,0.0,0.0,0.0,40.0,43.0,35.0,10.0,14,False,0,0.0,0.0,50.0,0.0,65.04405286343612,61.0,66.0,7.085983704890449,0.0,0.0,0.0,0.0,0.8600000000000001,0.0,0.0,0.0,0.9023316917060192,0.4542785582531841,0.0,0.0,0.5,srtm_earth_engine
NSR-GRID-079,normal_day,Normal Dry Day,0.0,0.0,0.0,0.0,30.0,31.0,45.0,12.0,12,False,5,1315.7236995747437,12270.749763700387,78.5671592775041,13.758200346744683,183.46662584200868,177.0,189.0,2.494697293007731,0.17227842661766174,0.008896797153024912,0.0,0.0,0.42000000000000004,0.18867924528301888,0.1,0.0,0.3356717749828501,0.9095474549758356,0.09058761188534332,0.09058761188534332,0.527176283565603,srtm_earth_engine
NSR-GRID-079,light_rain,Light Rain,2.0,4.0,5.0,7.0,25.0,25.5,65.0,15.0,9,True,5,1315.7236995747437,12270.749763700387,78.5671592775041,13.758200346744683,183.46662584200868,177.0,189.0,2.494697293007731,0.17227842661766174,0.008896797153024912,0.13333333333333333,0.132,0.21000000000000002,0.5660377358490566,0.25,1.0,0.3356717749828501,0.9095474549758356,0.09058761188534332,0.09058761188534332,0.527176283565603,srtm_earth_engine
NSR-GRID-079,heavy_rain_rush_hour,Heavy Rain During Rush Hour,12.0,24.0,32.0,40.0,23.0,23.5,80.0,22.0,17,True,5,1315.7236995747437,12270.749763700387,78.5671592775041,13.758200346744683,183.46662584200868,177.0,189.0,2.494697293007731,0.17227842661766174,0.008896797153024912,0.8,0.8,0.13,0.8490566037735849,0.6,1.0,0.3356717749828501,0.9095474549758356,0.09058761188534332,0.09058761188534332,0.527176283565603,srtm_earth_engine
NSR-GRID-079,extreme_rain,Extreme Rain Event,25.0,50.0,70.0,90.0,22.0,22.5,88.0,30.0,18,True,5,1315.7236995747437,12270.749763700387,78.5671592775041,13.758200346744683,183.46662584200868,177.0,189.0,2.494697293007731,0.17227842661766174,0.008896797153024912,1.0,1.0,0.09,1.0,1.0,1.0,0.3356717749828501,0.9095474549758356,0.09058761188534332,0.09058761188534332,0.527176283565603,srtm_earth_engine
NSR-GRID-079,hot_day_optional,Hot Urban Heat Day,0.0,0.0,0.0,0.0,40.0,43.0,35.0,10.0,14,False,5,1315.7236995747437,12270.749763700387,78.5671592775041,13.758200346744683,183.46662584200868,177.0,189.0,2.494697293007731,0.17227842661766174,0.008896797153024912,0.0,0.0,0.8600000000000001,0.0,0.0,0.0,0.3356717749828501,0.9095474549758356,0.09058761188534332,0.09058761188534332,0.527176283565603,srtm_earth_engine
NSR-GRID-080,normal_day,Normal Dry Day,0.0,0.0,0.0,0.0,30.0,31.0,45.0,12.0,12,False,40,3451.211949257369,17760.39224662362,30.135632183908047,12.07376156464036,67.64784753552301,55.0,79.0,6.362710003492559,0.2493517096577266,0.0711743772241993,0.0,0.0,0.42000000000000004,0.18867924528301888,0.1,0.0,0.8898723603898862,0.5259978958252652,0.16026304344096295,0.16026304344096295,0.5480789130322888,srtm_earth_engine
NSR-GRID-080,light_rain,Light Rain,2.0,4.0,5.0,7.0,25.0,25.5,65.0,15.0,9,True,40,3451.211949257369,17760.39224662362,30.135632183908047,12.07376156464036,67.64784753552301,55.0,79.0,6.362710003492559,0.2493517096577266,0.0711743772241993,0.13333333333333333,0.132,0.21000000000000002,0.5660377358490566,0.25,1.0,0.8898723603898862,0.5259978958252652,0.16026304344096295,0.16026304344096295,0.5480789130322888,srtm_earth_engine
NSR-GRID-080,heavy_rain_rush_hour,Heavy Rain During Rush Hour,12.0,24.0,32.0,40.0,23.0,23.5,80.0,22.0,17,True,40,3451.211949257369,17760.39224662362,30.135632183908047,12.07376156464036,67.64784753552301,55.0,79.0,6.362710003492559,0.2493517096577266,0.0711743772241993,0.8,0.8,0.13,0.8490566037735849,0.6,1.0,0.8898723603898862,0.5259978958252652,0.16026304344096295,0.16026304344096295,0.5480789130322888,srtm_earth_engine
NSR-GRID-080,extreme_rain,Extreme Rain Event,25.0,50.0,70.0,90.0,22.0,22.5,88.0,30.0,18,True,40,3451.211949257369,17760.39224662362,30.135632183908047,12.07376156464036,67.64784753552301,55.0,79.0,6.362710003492559,0.2493517096577266,0.0711743772241993,1.0,1.0,0.09,1.0,1.0,1.0,0.8898723603898862,0.5259978958252652,0.16026304344096295,0.16026304344096295,0.5480789130322888,srtm_earth_engine
NSR-GRID-080,hot_day_optional,Hot Urban Heat Day,0.0,0.0,0.0,0.0,40.0,43.0,35.0,10.0,14,False,40,3451.211949257369,17760.39224662362,30.135632183908047,12.07376156464036,67.64784753552301,55.0,79.0,6.362710003492559,0.2493517096577266,0.0711743772241993,0.0,0.0,0.8600000000000001,0.0,0.0,0.0,0.8898723603898862,0.5259978958252652,0.16026304344096295,0.16026304344096295,0.5480789130322888,srtm_earth_engine
NSR-GRID-081,normal_day,Normal Dry Day,0.0,0.0,0.0,0.0,30.0,31.0,45.0,12.0,12,False,14,4153.238515770571,16651.137901282014,61.417898193760266,17.38867088827707,179.76774521707745,170.0,186.0,3.21523923998967,0.23377804080991302,0.02491103202846975,0.0,0.0,0.42000000000000004,0.18867924528301888,0.1,0.0,0.353371165683234,0.8380989963486726,0.12934453641919139,0.12934453641919139,0.5388033609257574,srtm_earth_engine
NSR-GRID-081,light_rain,Light Rain,2.0,4.0,5.0,7.0,25.0,25.5,65.0,15.0,9,True,14,4153.238515770571,16651.137901282014,61.417898193760266,17.38867088827707,179.76774521707745,170.0,186.0,3.21523923998967,0.23377804080991302,0.02491103202846975,0.13333333333333333,0.132,0.21000000000000002,0.5660377358490566,0.25,1.0,0.353371165683234,0.8380989963486726,0.12934453641919139,0.12934453641919139,0.5388033609257574,srtm_earth_engine
NSR-GRID-081,heavy_rain_rush_hour,Heavy Rain During Rush Hour,12.0,24.0,32.0,40.0,23.0,23.5,80.0,22.0,17,True,14,4153.238515770571,16651.137901282014,61.417898193760266,17.38867088827707,179.76774521707745,170.0,186.0,3.21523923998967,0.23377804080991302,0.02491103202846975,0.8,0.8,0.13,0.8490566037735849,0.6,1.0,0.353371165683234,0.8380989963486726,0.12934453641919139,0.12934453641919139,0.5388033609257574,srtm_earth_engine
NSR-GRID-081,extreme_rain,Extreme Rain Event,25.0,50.0,70.0,90.0,22.0,22.5,88.0,30.0,18,True,14,4153.238515770571,16651.137901282014,61.417898193760266,17.38867088827707,179.76774521707745,170.0,186.0,3.21523923998967,0.23377804080991302,0.02491103202846975,1.0,1.0,0.09,1.0,1.0,1.0,0.353371165683234,0.8380989963486726,0.12934453641919139,0.12934453641919139,0.5388033609257574,srtm_earth_engine
NSR-GRID-081,hot_day_optional,Hot Urban Heat Day,0.0,0.0,0.0,0.0,40.0,43.0,35.0,10.0,14,False,14,4153.238515770571,16651.137901282014,61.417898193760266,17.38867088827707,179.76774521707745,170.0,186.0,3.21523923998967,0.23377804080991302,0.02491103202846975,0.0,0.0,0.8600000000000001,0.0,0.0,0.0,0.353371165683234,0.8380989963486726,0.12934453641919139,0.12934453641919139,0.5388033609257574,srtm_earth_engine
NSR-GRID-082,normal_day,Normal Dry Day,0.0,0.0,0.0,0.0,30.0,31.0,45.0,12.0,12,False,39,3411.667100915909,13646.668403638216,47.80634499600017,8.791670328764841,69.989377671899,58.0,82.0,6.173073213482186,0.19159599913826048,0.0693950177935943,0.0,0.0,0.42000000000000004,0.18867924528301888,0.1,0.0,0.8786679823839827,0.5448021533733463,0.1304955084659274,0.1304955084659274,0.5391486525397782,srtm_earth_engine
NSR-GRID-082,light_rain,Light Rain,2.0,4.0,5.0,7.0,25.0,25.5,65.0,15.0,9,True,39,3411.667100915909,13646.668403638216,47.80634499600017,8.791670328764841,69.989377671899,58.0,82.0,6.173073213482186,0.19159599913826048,0.0693950177935943,0.13333333333333333,0.132,0.21000000000000002,0.5660377358490566,0.25,1.0,0.8786679823839827,0.5448021533733463,0.1304955084659274,0.1304955084659274,0.5391486525397782,srtm_earth_engine
NSR-GRID-082,heavy_rain_rush_hour,Heavy Rain During Rush Hour,12.0,24.0,32.0,40.0,23.0,23.5,80.0,22.0,17,True,39,3411.667100915909,13646.668403638216,47.80634499600017,8.791670328764841,69.989377671899,58.0,82.0,6.173073213482186,0.19159599913826048,0.0693950177935943,0.8,0.8,0.13,0.8490566037735849,0.6,1.0,0.8786679823839827,0.5448021533733463,0.1304955084659274,0.1304955084659274,0.5391486525397782,srtm_earth_engine
NSR-GRID-082,extreme_rain,Extreme Rain Event,25.0,50.0,70.0,90.0,22.0,22.5,88.0,30.0,18,True,39,3411.667100915909,13646.668403638216,47.80634499600017,8.791670328764841,69.989377671899,58.0,82.0,6.173073213482186,0.19159599913826048,0.0693950177935943,1.0,1.0,0.09,1.0,1.0,1.0,0.8786679823839827,0.5448021533733463,0.1304955084659274,0.1304955084659274,0.5391486525397782,srtm_earth_engine
NSR-GRID-082,hot_day_optional,Hot Urban Heat Day,0.0,0.0,0.0,0.0,40.0,43.0,35.0,10.0,14,False,39,3411.667100915909,13646.668403638216,47.80634499600017,8.791670328764841,69.989377671899,58.0,82.0,6.173073213482186,0.19159599913826048,0.0693950177935943,0.0,0.0,0.8600000000000001,0.0,0.0,0.0,0.8786679823839827,0.5448021533733463,0.1304955084659274,0.1304955084659274,0.5391486525397782,srtm_earth_engine
NSR-GRID-083,normal_day,Normal Dry Day,0.0,0.0,0.0,0.0,30.0,31.0,45.0,12.0,12,False,22,1627.1094524249288,6508.437809693654,61.417898193760266,4.335125132305817,69.56686184006657,50.0,81.0,5.732444915113078,0.09137692864619165,0.03914590747330961,0.0,0.0,0.42000000000000004,0.18867924528301888,0.1,0.0,0.8806897488433528,0.5884945613974022,0.06526141805975064,0.06526141805975064,0.5195784254179252,srtm_earth_engine
NSR-GRID-083,light_rain,Light Rain,2.0,4.0,5.0,7.0,25.0,25.5,65.0,15.0,9,True,22,1627.1094524249288,6508.437809693654,61.417898193760266,4.335125132305817,69.56686184006657,50.0,81.0,5.732444915113078,0.09137692864619165,0.03914590747330961,0.13333333333333333,0.132,0.21000000000000002,0.5660377358490566,0.25,1.0,0.8806897488433528,0.5884945613974022,0.06526141805975064,0.06526141805975064,0.5195784254179252,srtm_earth_engine
NSR-GRID-083,heavy_rain_rush_hour,Heavy Rain During Rush Hour,12.0,24.0,32.0,40.0,23.0,23.5,80.0,22.0,17,True,22,1627.1094524249288,6508.437809693654,61.417898193760266,4.335125132305817,69.56686184006657,50.0,81.0,5.732444915113078,0.09137692864619165,0.03914590747330961,0.8,0.8,0.13,0.8490566037735849,0.6,1.0,0.8806897488433528,0.5884945613974022,0.06526141805975064,0.06526141805975064,0.5195784254179252,srtm_earth_engine
NSR-GRID-083,extreme_rain,Extreme Rain Event,25.0,50.0,70.0,90.0,22.0,22.5,88.0,30.0,18,True,22,1627.1094524249288,6508.437809693654,61.417898193760266,4.335125132305817,69.56686184006657,50.0,81.0,5.732444915113078,0.09137692864619165,0.03914590747330961,1.0,1.0,0.09,1.0,1.0,1.0,0.8806897488433528,0.5884945613974022,0.06526141805975064,0.06526141805975064,0.5195784254179252,srtm_earth_engine
NSR-GRID-083,hot_day_optional,Hot Urban Heat Day,0.0,0.0,0.0,0.0,40.0,43.0,35.0,10.0,14,False,22,1627.1094524249288,6508.437809693654,61.417898193760266,4.335125132305817,69.56686184006657,50.0,81.0,5.732444915113078,0.09137692864619165,0.03914590747330961,0.0,0.0,0.8600000000000001,0.0,0.0,0.0,0.8806897488433528,0.5884945613974022,0.06526141805975064,0.06526141805975064,0.5195784254179252,srtm_earth_engine
NSR-GRID-084,normal_day,Normal Dry Day,0.0,0.0,0.0,0.0,30.0,31.0,45.0,12.0,12,False,7,785.256326082745,3141.025304328055,48.52709359605912,13.354592960319712,75.78963424581558,64.0,104.0,6.70160328719083,0.044099252923948076,0.012455516014234875,0.0,0.0,0.42000000000000004,0.18867924528301888,0.1,0.0,0.8509133674952885,0.4923934639656634,0.028277384469091477,0.028277384469091477,0.5084832153407275,srtm_earth_engine
NSR-GRID-084,light_rain,Light Rain,2.0,4.0,5.0,7.0,25.0,25.5,65.0,15.0,9,True,7,785.256326082745,3141.025304328055,48.52709359605912,13.354592960319712,75.78963424581558,64.0,104.0,6.70160328719083,0.044099252923948076,0.012455516014234875,0.13333333333333333,0.132,0.21000000000000002,0.5660377358490566,0.25,1.0,0.8509133674952885,0.4923934639656634,0.028277384469091477,0.028277384469091477,0.5084832153407275,srtm_earth_engine
NSR-GRID-084,heavy_rain_rush_hour,Heavy Rain During Rush Hour,12.0,24.0,32.0,40.0,23.0,23.5,80.0,22.0,17,True,7,785.256326082745,3141.025304328055,48.52709359605912,13.354592960319712,75.78963424581558,64.0,104.0,6.70160328719083,0.044099252923948076,0.012455516014234875,0.8,0.8,0.13,0.8490566037735849,0.6,1.0,0.8509133674952885,0.4923934639656634,0.028277384469091477,0.028277384469091477,0.5084832153407275,srtm_earth_engine
NSR-GRID-084,extreme_rain,Extreme Rain Event,25.0,50.0,70.0,90.0,22.0,22.5,88.0,30.0,18,True,7,785.256326082745,3141.025304328055,48.52709359605912,13.354592960319712,75.78963424581558,64.0,104.0,6.70160328719083,0.044099252923948076,0.012455516014234875,1.0,1.0,0.09,1.0,1.0,1.0,0.8509133674952885,0.4923934639656634,0.028277384469091477,0.028277384469091477,0.5084832153407275,srtm_earth_engine
NSR-GRID-084,hot_day_optional,Hot Urban Heat Day,0.0,0.0,0.0,0.0,40.0,43.0,35.0,10.0,14,False,7,785.256326082745,3141.025304328055,48.52709359605912,13.354592960319712,75.78963424581558,64.0,104.0,6.70160328719083,0.044099252923948076,0.012455516014234875,0.0,0.0,0.8600000000000001,0.0,0.0,0.0,0.8509133674952885,0.4923934639656634,0.028277384469091477,0.028277384469091477,0.5084832153407275,srtm_earth_engine
NSR-GRID-085,normal_day,Normal Dry Day,0.0,0.0,0.0,0.0,30.0,31.0,45.0,12.0,12,False,48,5706.2429779084005,22824.9719116336,57.47235905856596,10.843011559698638,87.57771758639828,74.0,114.0,7.074650521609914,0.32045721119348647,0.08540925266903915,0.0,0.0,0.42000000000000004,0.18867924528301888,0.1,0.0,0.7945066018247855,0.4554023491443668,0.2029332319312628,0.2029332319312628,0.5608799695793788,srtm_earth_engine
NSR-GRID-085,light_rain,Light Rain,2.0,4.0,5.0,7.0,25.0,25.5,65.0,15.0,9,True,48,5706.2429779084005,22824.9719116336,57.47235905856596,10.843011559698638,87.57771758639828,74.0,114.0,7.074650521609914,0.32045721119348647,0.08540925266903915,0.13333333333333333,0.132,0.21000000000000002,0.5660377358490566,0.25,1.0,0.7945066018247855,0.4554023491443668,0.2029332319312628,0.2029332319312628,0.5608799695793788,srtm_earth_engine
NSR-GRID-085,heavy_rain_rush_hour,Heavy Rain During Rush Hour,12.0,24.0,32.0,40.0,23.0,23.5,80.0,22.0,17,True,48,5706.2429779084005,22824.9719116336,57.47235905856596,10.843011559698638,87.57771758639828,74.0,114.0,7.074650521609914,0.32045721119348647,0.08540925266903915,0.8,0.8,0.13,0.8490566037735849,0.6,1.0,0.7945066018247855,0.4554023491443668,0.2029332319312628,0.2029332319312628,0.5608799695793788,srtm_earth_engine
NSR-GRID-085,extreme_rain,Extreme Rain Event,25.0,50.0,70.0,90.0,22.0,22.5,88.0,30.0,18,True,48,5706.2429779084005,22824.9719116336,57.47235905856596,10.843011559698638,87.57771758639828,74.0,114.0,7.074650521609914,0.32045721119348647,0.08540925266903915,1.0,1.0,0.09,1.0,1.0,1.0,0.7945066018247855,0.4554023491443668,0.2029332319312628,0.2029332319312628,0.5608799695793788,srtm_earth_engine
NSR-GRID-085,hot_day_optional,Hot Urban Heat Day,0.0,0.0,0.0,0.0,40.0,43.0,35.0,10.0,14,False,48,5706.2429779084005,22824.9719116336,57.47235905856596,10.843011559698638,87.57771758639828,74.0,114.0,7.074650521609914,0.32045721119348647,0.08540925266903915,0.0,0.0,0.8600000000000001,0.0,0.0,0.0,0.7945066018247855,0.4554023491443668,0.2029332319312628,0.2029332319312628,0.5608799695793788,srtm_earth_engine
NSR-GRID-086,normal_day,Normal Dry Day,0.0,0.0,0.0,0.0,30.0,31.0,45.0,12.0,12,False,83,4750.455060504004,19001.82024199832,47.19215779373653,5.092939007006717,90.63567269583945,76.0,113.0,9.04056884062366,0.2667810653141307,0.14768683274021352,0.0,0.0,0.42000000000000004,0.18867924528301888,0.1,0.0,0.779874082499499,0.2604632005371635,0.20723394902717213,0.20723394902717213,0.5621701847081516,srtm_earth_engine
NSR-GRID-086,light_rain,Light Rain,2.0,4.0,5.0,7.0,25.0,25.5,65.0,15.0,9,True,83,4750.455060504004,19001.82024199832,47.19215779373653,5.092939007006717,90.63567269583945,76.0,113.0,9.04056884062366,0.2667810653141307,0.14768683274021352,0.13333333333333333,0.132,0.21000000000000002,0.5660377358490566,0.25,1.0,0.779874082499499,0.2604632005371635,0.20723394902717213,0.20723394902717213,0.5621701847081516,srtm_earth_engine
NSR-GRID-086,heavy_rain_rush_hour,Heavy Rain During Rush Hour,12.0,24.0,32.0,40.0,23.0,23.5,80.0,22.0,17,True,83,4750.455060504004,19001.82024199832,47.19215779373653,5.092939007006717,90.63567269583945,76.0,113.0,9.04056884062366,0.2667810653141307,0.14768683274021352,0.8,0.8,0.13,0.8490566037735849,0.6,1.0,0.779874082499499,0.2604632005371635,0.20723394902717213,0.20723394902717213,0.5621701847081516,srtm_earth_engine
NSR-GRID-086,extreme_rain,Extreme Rain Event,25.0,50.0,70.0,90.0,22.0,22.5,88.0,30.0,18,True,83,4750.455060504004,19001.82024199832,47.19215779373653,5.092939007006717,90.63567269583945,76.0,113.0,9.04056884062366,0.2667810653141307,0.14768683274021352,1.0,1.0,0.09,1.0,1.0,1.0,0.779874082499499,0.2604632005371635,0.20723394902717213,0.20723394902717213,0.5621701847081516,srtm_earth_engine
NSR-GRID-086,hot_day_optional,Hot Urban Heat Day,0.0,0.0,0.0,0.0,40.0,43.0,35.0,10.0,14,False,83,4750.455060504004,19001.82024199832,47.19215779373653,5.092939007006717,90.63567269583945,76.0,113.0,9.04056884062366,0.2667810653141307,0.14768683274021352,0.0,0.0,0.8600000000000001,0.0,0.0,0.0,0.779874082499499,0.2604632005371635,0.20723394902717213,0.20723394902717213,0.5621701847081516,srtm_earth_engine
NSR-GRID-087,normal_day,Normal Dry Day,0.0,0.0,0.0,0.0,30.0,31.0,45.0,12.0,12,False,59,4936.420568568396,19745.6822742552,47.78411399627064,7.309929978173958,95.6753401416034,80.0,125.0,5.778852597808113,0.27722471244292574,0.10498220640569395,0.0,0.0,0.42000000000000004,0.18867924528301888,0.1,0.0,0.7557589373603556,0.5838928065503637,0.19110345942430984,0.19110345942430984,0.557331037827293,srtm_earth_engine
NSR-GRID-087,light_rain,Light Rain,2.0,4.0,5.0,7.0,25.0,25.5,65.0,15.0,9,True,59,4936.420568568396,19745.6822742552,47.78411399627064,7.309929978173958,95.6753401416034,80.0,125.0,5.778852597808113,0.27722471244292574,0.10498220640569395,0.13333333333333333,0.132,0.21000000000000002,0.5660377358490566,0.25,1.0,0.7557589373603556,0.5838928065503637,0.19110345942430984,0.19110345942430984,0.557331037827293,srtm_earth_engine
NSR-GRID-087,heavy_rain_rush_hour,Heavy Rain During Rush Hour,12.0,24.0,32.0,40.0,23.0,23.5,80.0,22.0,17,True,59,4936.420568568396,19745.6822742552,47.78411399627064,7.309929978173958,95.6753401416034,80.0,125.0,5.778852597808113,0.27722471244292574,0.10498220640569395,0.8,0.8,0.13,0.8490566037735849,0.6,1.0,0.7557589373603556,0.5838928065503637,0.19110345942430984,0.19110345942430984,0.557331037827293,srtm_earth_engine
NSR-GRID-087,extreme_rain,Extreme Rain Event,25.0,50.0,70.0,90.0,22.0,22.5,88.0,30.0,18,True,59,4936.420568568396,19745.6822742552,47.78411399627064,7.309929978173958,95.6753401416034,80.0,125.0,5.778852597808113,0.27722471244292574,0.10498220640569395,1.0,1.0,0.09,1.0,1.0,1.0,0.7557589373603556,0.5838928065503637,0.19110345942430984,0.19110345942430984,0.557331037827293,srtm_earth_engine
NSR-GRID-087,hot_day_optional,Hot Urban Heat Day,0.0,0.0,0.0,0.0,40.0,43.0,35.0,10.0,14,False,59,4936.420568568396,19745.6822742552,47.78411399627064,7.309929978173958,95.6753401416034,80.0,125.0,5.778852597808113,0.27722471244292574,0.10498220640569395,0.0,0.0,0.8600000000000001,0.0,0.0,0.0,0.7557589373603556,0.5838928065503637,0.19110345942430984,0.19110345942430984,0.557331037827293,srtm_earth_engine
NSR-GRID-088,normal_day,Normal Dry Day,0.0,0.0,0.0,0.0,30.0,31.0,45.0,12.0,12,False,60,7149.9309361829055,28599.723744678347,38.5318691844554,12.326096636390153,105.68819958881316,90.0,145.0,7.085997808042025,0.40153336212661367,0.10676156583629894,0.0,0.0,0.42000000000000004,0.18867924528301888,0.1,0.0,0.7078467365205434,0.4542771597940851,0.2541474639814563,0.2541474639814563,0.5762442391944369,srtm_earth_engine
NSR-GRID-088,light_rain,Light Rain,2.0,4.0,5.0,7.0,25.0,25.5,65.0,15.0,9,True,60,7149.9309361829055,28599.723744678347,38.5318691844554,12.326096636390153,105.68819958881316,90.0,145.0,7.085997808042025,0.40153336212661367,0.10676156583629894,0.13333333333333333,0.132,0.21000000000000002,0.5660377358490566,0.25,1.0,0.7078467365205434,0.4542771597940851,0.2541474639814563,0.2541474639814563,0.5762442391944369,srtm_earth_engine
NSR-GRID-088,heavy_rain_rush_hour,Heavy Rain During Rush Hour,12.0,24.0,32.0,40.0,23.0,23.5,80.0,22.0,17,True,60,7149.9309361829055,28599.723744678347,38.5318691844554,12.326096636390153,105.68819958881316,90.0,145.0,7.085997808042025,0.40153336212661367,0.10676156583629894,0.8,0.8,0.13,0.8490566037735849,0.6,1.0,0.7078467365205434,0.4542771597940851,0.2541474639814563,0.2541474639814563,0.5762442391944369,srtm_earth_engine
NSR-GRID-088,extreme_rain,Extreme Rain Event,25.0,50.0,70.0,90.0,22.0,22.5,88.0,30.0,18,True,60,7149.9309361829055,28599.723744678347,38.5318691844554,12.326096636390153,105.68819958881316,90.0,145.0,7.085997808042025,0.40153336212661367,0.10676156583629894,1.0,1.0,0.09,1.0,1.0,1.0,0.7078467365205434,0.4542771597940851,0.2541474639814563,0.2541474639814563,0.5762442391944369,srtm_earth_engine
NSR-GRID-088,hot_day_optional,Hot Urban Heat Day,0.0,0.0,0.0,0.0,40.0,43.0,35.0,10.0,14,False,60,7149.9309361829055,28599.723744678347,38.5318691844554,12.326096636390153,105.68819958881316,90.0,145.0,7.085997808042025,0.40153336212661367,0.10676156583629894,0.0,0.0,0.8600000000000001,0.0,0.0,0.0,0.7078467365205434,0.4542771597940851,0.2541474639814563,0.2541474639814563,0.5762442391944369,srtm_earth_engine
NSR-GRID-089,normal_day,Normal Dry Day,0.0,0.0,0.0,0.0,30.0,31.0,45.0,12.0,12,False,31,2236.87601512858,8947.504060505986,48.42767095714816,7.314774596412377,109.83691876111104,94.0,142.0,4.774803672177804,0.12562084235953527,0.05516014234875445,0.0,0.0,0.42000000000000004,0.18867924528301888,0.1,0.0,0.6879948383430945,0.6834536279890396,0.09039049235414487,0.09039049235414487,0.5271171477062435,srtm_earth_engine
NSR-GRID-089,light_rain,Light Rain,2.0,4.0,5.0,7.0,25.0,25.5,65.0,15.0,9,True,31,2236.87601512858,8947.504060505986,48.42767095714816,7.314774596412377,109.83691876111104,94.0,142.0,4.774803672177804,0.12562084235953527,0.05516014234875445,0.13333333333333333,0.132,0.21000000000000002,0.5660377358490566,0.25,1.0,0.6879948383430945,0.6834536279890396,0.09039049235414487,0.09039049235414487,0.5271171477062435,srtm_earth_engine
NSR-GRID-089,heavy_rain_rush_hour,Heavy Rain During Rush Hour,12.0,24.0,32.0,40.0,23.0,23.5,80.0,22.0,17,True,31,2236.87601512858,8947.504060505986,48.42767095714816,7.314774596412377,109.83691876111104,94.0,142.0,4.774803672177804,0.12562084235953527,0.05516014234875445,0.8,0.8,0.13,0.8490566037735849,0.6,1.0,0.6879948383430945,0.6834536279890396,0.09039049235414487,0.09039049235414487,0.5271171477062435,srtm_earth_engine
NSR-GRID-089,extreme_rain,Extreme Rain Event,25.0,50.0,70.0,90.0,22.0,22.5,88.0,30.0,18,True,31,2236.87601512858,8947.504060505986,48.42767095714816,7.314774596412377,109.83691876111104,94.0,142.0,4.774803672177804,0.12562084235953527,0.05516014234875445,1.0,1.0,0.09,1.0,1.0,1.0,0.6879948383430945,0.6834536279890396,0.09039049235414487,0.09039049235414487,0.5271171477062435,srtm_earth_engine
NSR-GRID-089,hot_day_optional,Hot Urban Heat Day,0.0,0.0,0.0,0.0,40.0,43.0,35.0,10.0,14,False,31,2236.87601512858,8947.504060505986,48.42767095714816,7.314774596412377,109.83691876111104,94.0,142.0,4.774803672177804,0.12562084235953527,0.05516014234875445,0.0,0.0,0.8600000000000001,0.0,0.0,0.0,0.6879948383430945,0.6834536279890396,0.09039049235414487,0.09039049235414487,0.5271171477062435,srtm_earth_engine
NSR-GRID-090,normal_day,Normal Dry Day,0.0,0.0,0.0,0.0,30.0,31.0,45.0,12.0,12,False,2,927.7589855157388,3711.035942059498,61.417898193760266,27.19022016448601,111.74922509706688,103.0,124.0,4.000065688457945,0.05210206756158351,0.0035587188612099642,0.0,0.0,0.42000000000000004,0.18867924528301888,0.1,0.0,0.6788443248740283,0.7602761294527713,0.02783039321139674,0.02783039321139674,0.508349117963419,srtm_earth_engine
NSR-GRID-090,light_rain,Light Rain,2.0,4.0,5.0,7.0,25.0,25.5,65.0,15.0,9,True,2,927.7589855157388,3711.035942059498,61.417898193760266,27.19022016448601,111.74922509706688,103.0,124.0,4.000065688457945,0.05210206756158351,0.0035587188612099642,0.13333333333333333,0.132,0.21000000000000002,0.5660377358490566,0.25,1.0,0.6788443248740283,0.7602761294527713,0.02783039321139674,0.02783039321139674,0.508349117963419,srtm_earth_engine
NSR-GRID-090,heavy_rain_rush_hour,Heavy Rain During Rush Hour,12.0,24.0,32.0,40.0,23.0,23.5,80.0,22.0,17,True,2,927.7589855157388,3711.035942059498,61.417898193760266,27.19022016448601,111.74922509706688,103.0,124.0,4.000065688457945,0.05210206756158351,0.0035587188612099642,0.8,0.8,0.13,0.8490566037735849,0.6,1.0,0.6788443248740283,0.7602761294527713,0.02783039321139674,0.02783039321139674,0.508349117963419,srtm_earth_engine
NSR-GRID-090,extreme_rain,Extreme Rain Event,25.0,50.0,70.0,90.0,22.0,22.5,88.0,30.0,18,True,2,927.7589855157388,3711.035942059498,61.417898193760266,27.19022016448601,111.74922509706688,103.0,124.0,4.000065688457945,0.05210206756158351,0.0035587188612099642,1.0,1.0,0.09,1.0,1.0,1.0,0.6788443248740283,0.7602761294527713,0.02783039321139674,0.02783039321139674,0.508349117963419,srtm_earth_engine
NSR-GRID-090,hot_day_optional,Hot Urban Heat Day,0.0,0.0,0.0,0.0,40.0,43.0,35.0,10.0,14,False,2,927.7589855157388,3711.035942059498,61.417898193760266,27.19022016448601,111.74922509706688,103.0,124.0,4.000065688457945,0.05210206756158351,0.0035587188612099642,0.0,0.0,0.8600000000000001,0.0,0.0,0.0,0.6788443248740283,0.7602761294527713,0.02783039321139674,0.02783039321139674,0.508349117963419,srtm_earth_engine
NSR-GRID-091,normal_day,Normal Dry Day,0.0,0.0,0.0,0.0,30.0,31.0,45.0,12.0,12,False,42,3118.688103669265,12474.75241467706,32.52807099851435,9.47786047833518,115.57350781581448,102.0,127.0,4.314295565548455,0.1751425756234593,0.07473309608540925,0.0,0.0,0.42000000000000004,0.18867924528301888,0.1,0.0,0.6605448767838108,0.7291173045338903,0.12493783585443427,0.12493783585443427,0.5374813507563303,srtm_earth_engine
NSR-GRID-091,light_rain,Light Rain,2.0,4.0,5.0,7.0,25.0,25.5,65.0,15.0,9,True,42,3118.688103669265,12474.75241467706,32.52807099851435,9.47786047833518,115.57350781581448,102.0,127.0,4.314295565548455,0.1751425756234593,0.07473309608540925,0.13333333333333333,0.132,0.21000000000000002,0.5660377358490566,0.25,1.0,0.6605448767838108,0.7291173045338903,0.12493783585443427,0.12493783585443427,0.5374813507563303,srtm_earth_engine
NSR-GRID-091,heavy_rain_rush_hour,Heavy Rain During Rush Hour,12.0,24.0,32.0,40.0,23.0,23.5,80.0,22.0,17,True,42,3118.688103669265,12474.75241467706,32.52807099851435,9.47786047833518,115.57350781581448,102.0,127.0,4.314295565548455,0.1751425756234593,0.07473309608540925,0.8,0.8,0.13,0.8490566037735849,0.6,1.0,0.6605448767838108,0.7291173045338903,0.12493783585443427,0.12493783585443427,0.5374813507563303,srtm_earth_engine
NSR-GRID-091,extreme_rain,Extreme Rain Event,25.0,50.0,70.0,90.0,22.0,22.5,88.0,30.0,18,True,42,3118.688103669265,12474.75241467706,32.52807099851435,9.47786047833518,115.57350781581448,102.0,127.0,4.314295565548455,0.1751425756234593,0.07473309608540925,1.0,1.0,0.09,1.0,1.0,1.0,0.6605448767838108,0.7291173045338903,0.12493783585443427,0.12493783585443427,0.5374813507563303,srtm_earth_engine
NSR-GRID-091,hot_day_optional,Hot Urban Heat Day,0.0,0.0,0.0,0.0,40.0,43.0,35.0,10.0,14,False,42,3118.688103669265,12474.75241467706,32.52807099851435,9.47786047833518,115.57350781581448,102.0,127.0,4.314295565548455,0.1751425756234593,0.07473309608540925,0.0,0.0,0.8600000000000001,0.0,0.0,0.0,0.6605448767838108,0.7291173045338903,0.12493783585443427,0.12493783585443427,0.5374813507563303,srtm_earth_engine
NSR-GRID-092,normal_day,Normal Dry Day,0.0,0.0,0.0,0.0,30.0,31.0,45.0,12.0,12,False,127,8025.085418616421,32100.34167443579,27.97849191264885,8.544875339902788,125.11883287394193,116.0,134.0,4.137785013429771,0.45068121052559545,0.22597864768683273,0.0,0.0,0.42000000000000004,0.18867924528301888,0.1,0.0,0.6148698592049175,0.7466199730920966,0.33832992910621407,0.33832992910621407,0.6014989787318642,srtm_earth_engine
NSR-GRID-092,light_rain,Light Rain,2.0,4.0,5.0,7.0,25.0,25.5,65.0,15.0,9,True,127,8025.085418616421,32100.34167443579,27.97849191264885,8.544875339902788,125.11883287394193,116.0,134.0,4.137785013429771,0.45068121052559545,0.22597864768683273,0.13333333333333333,0.132,0.21000000000000002,0.5660377358490566,0.25,1.0,0.6148698592049175,0.7466199730920966,0.33832992910621407,0.33832992910621407,0.6014989787318642,srtm_earth_engine
NSR-GRID-092,heavy_rain_rush_hour,Heavy Rain During Rush Hour,12.0,24.0,32.0,40.0,23.0,23.5,80.0,22.0,17,True,127,8025.085418616421,32100.34167443579,27.97849191264885,8.544875339902788,125.11883287394193,116.0,134.0,4.137785013429771,0.45068121052559545,0.22597864768683273,0.8,0.8,0.13,0.8490566037735849,0.6,1.0,0.6148698592049175,0.7466199730920966,0.33832992910621407,0.33832992910621407,0.6014989787318642,srtm_earth_engine
NSR-GRID-092,extreme_rain,Extreme Rain Event,25.0,50.0,70.0,90.0,22.0,22.5,88.0,30.0,18,True,127,8025.085418616421,32100.34167443579,27.97849191264885,8.544875339902788,125.11883287394193,116.0,134.0,4.137785013429771,0.45068121052559545,0.22597864768683273,1.0,1.0,0.09,1.0,1.0,1.0,0.6148698592049175,0.7466199730920966,0.33832992910621407,0.33832992910621407,0.6014989787318642,srtm_earth_engine
NSR-GRID-092,hot_day_optional,Hot Urban Heat Day,0.0,0.0,0.0,0.0,40.0,43.0,35.0,10.0,14,False,127,8025.085418616421,32100.34167443579,27.97849191264885,8.544875339902788,125.11883287394193,116.0,134.0,4.137785013429771,0.45068121052559545,0.22597864768683273,0.0,0.0,0.8600000000000001,0.0,0.0,0.0,0.6148698592049175,0.7466199730920966,0.33832992910621407,0.33832992910621407,0.6014989787318642,srtm_earth_engine
NSR-GRID-093,normal_day,Normal Dry Day,0.0,0.0,0.0,0.0,30.0,31.0,45.0,12.0,12,False,202,9636.143726192937,38544.57490473585,24.25084946918337,6.669956332213112,129.06034454631487,114.0,137.0,3.525199095689789,0.5411567220511888,0.3594306049822064,0.0,0.0,0.42000000000000004,0.18867924528301888,0.1,0.0,0.5960094627462594,0.8073635839013712,0.45029366351669764,0.45029366351669764,0.6350880990550093,srtm_earth_engine
NSR-GRID-093,light_rain,Light Rain,2.0,4.0,5.0,7.0,25.0,25.5,65.0,15.0,9,True,202,9636.143726192937,38544.57490473585,24.25084946918337,6.669956332213112,129.06034454631487,114.0,137.0,3.525199095689789,0.5411567220511888,0.3594306049822064,0.13333333333333333,0.132,0.21000000000000002,0.5660377358490566,0.25,1.0,0.5960094627462594,0.8073635839013712,0.45029366351669764,0.45029366351669764,0.6350880990550093,srtm_earth_engine
NSR-GRID-093,heavy_rain_rush_hour,Heavy Rain During Rush Hour,12.0,24.0,32.0,40.0,23.0,23.5,80.0,22.0,17,True,202,9636.143726192937,38544.57490473585,24.25084946918337,6.669956332213112,129.06034454631487,114.0,137.0,3.525199095689789,0.5411567220511888,0.3594306049822064,0.8,0.8,0.13,0.8490566037735849,0.6,1.0,0.5960094627462594,0.8073635839013712,0.45029366351669764,0.45029366351669764,0.6350880990550093,srtm_earth_engine
NSR-GRID-093,extreme_rain,Extreme Rain Event,25.0,50.0,70.0,90.0,22.0,22.5,88.0,30.0,18,True,202,9636.143726192937,38544.57490473585,24.25084946918337,6.669956332213112,129.06034454631487,114.0,137.0,3.525199095689789,0.5411567220511888,0.3594306049822064,1.0,1.0,0.09,1.0,1.0,1.0,0.5960094627462594,0.8073635839013712,0.45029366351669764,0.45029366351669764,0.6350880990550093,srtm_earth_engine
NSR-GRID-093,hot_day_optional,Hot Urban Heat Day,0.0,0.0,0.0,0.0,40.0,43.0,35.0,10.0,14,False,202,9636.143726192937,38544.57490473585,24.25084946918337,6.669956332213112,129.06034454631487,114.0,137.0,3.525199095689789,0.5411567220511888,0.3594306049822064,0.0,0.0,0.8600000000000001,0.0,0.0,0.0,0.5960094627462594,0.8073635839013712,0.45029366351669764,0.45029366351669764,0.6350880990550093,srtm_earth_engine
NSR-GRID-094,normal_day,Normal Dry Day,0.0,0.0,0.0,0.0,30.0,31.0,45.0,12.0,12,False,220,9720.765265121456,38883.06106041339,26.94708165397821,6.015438256864284,127.40413797604684,116.0,139.0,3.3479010693550726,0.5459089876792023,0.3914590747330961,0.0,0.0,0.42000000000000004,0.18867924528301888,0.1,0.0,0.6039345217411713,0.8249443378773381,0.4686840312061492,0.4686840312061492,0.6406052093618447,srtm_earth_engine
NSR-GRID-094,light_rain,Light Rain,2.0,4.0,5.0,7.0,25.0,25.5,65.0,15.0,9,True,220,9720.765265121456,38883.06106041339,26.94708165397821,6.015438256864284,127.40413797604684,116.0,139.0,3.3479010693550726,0.5459089876792023,0.3914590747330961,0.13333333333333333,0.132,0.21000000000000002,0.5660377358490566,0.25,1.0,0.6039345217411713,0.8249443378773381,0.4686840312061492,0.4686840312061492,0.6406052093618447,srtm_earth_engine
NSR-GRID-094,heavy_rain_rush_hour,Heavy Rain During Rush Hour,12.0,24.0,32.0,40.0,23.0,23.5,80.0,22.0,17,True,220,9720.765265121456,38883.06106041339,26.94708165397821,6.015438256864284,127.40413797604684,116.0,139.0,3.3479010693550726,0.5459089876792023,0.3914590747330961,0.8,0.8,0.13,0.8490566037735849,0.6,1.0,0.6039345217411713,0.8249443378773381,0.4686840312061492,0.4686840312061492,0.6406052093618447,srtm_earth_engine
NSR-GRID-094,extreme_rain,Extreme Rain Event,25.0,50.0,70.0,90.0,22.0,22.5,88.0,30.0,18,True,220,9720.765265121456,38883.06106041339,26.94708165397821,6.015438256864284,127.40413797604684,116.0,139.0,3.3479010693550726,0.5459089876792023,0.3914590747330961,1.0,1.0,0.09,1.0,1.0,1.0,0.6039345217411713,0.8249443378773381,0.4686840312061492,0.4686840312061492,0.6406052093618447,srtm_earth_engine
NSR-GRID-094,hot_day_optional,Hot Urban Heat Day,0.0,0.0,0.0,0.0,40.0,43.0,35.0,10.0,14,False,220,9720.765265121456,38883.06106041339,26.94708165397821,6.015438256864284,127.40413797604684,116.0,139.0,3.3479010693550726,0.5459089876792023,0.3914590747330961,0.0,0.0,0.8600000000000001,0.0,0.0,0.0,0.6039345217411713,0.8249443378773381,0.4686840312061492,0.4686840312061492,0.6406052093618447,srtm_earth_engine
NSR-GRID-095,normal_day,Normal Dry Day,0.0,0.0,0.0,0.0,30.0,31.0,45.0,12.0,12,False,166,8703.495915062513,34813.98366021763,24.413684293825547,7.280847633553026,127.97874838941178,121.0,137.0,3.168124339546823,0.48878010266477817,0.29537366548042704,0.0,0.0,0.42000000000000004,0.18867924528301888,0.1,0.0,0.6011849725564516,0.8427708784356401,0.3920768840726026,0.3920768840726026,0.6176230652217808,srtm_earth_engine
NSR-GRID-095,light_rain,Light Rain,2.0,4.0,5.0,7.0,25.0,25.5,65.0,15.0,9,True,166,8703.495915062513,34813.98366021763,24.413684293825547,7.280847633553026,127.97874838941178,121.0,137.0,3.168124339546823,0.48878010266477817,0.29537366548042704,0.13333333333333333,0.132,0.21000000000000002,0.5660377358490566,0.25,1.0,0.6011849725564516,0.8427708784356401,0.3920768840726026,0.3920768840726026,0.6176230652217808,srtm_earth_engine
NSR-GRID-095,heavy_rain_rush_hour,Heavy Rain During Rush Hour,12.0,24.0,32.0,40.0,23.0,23.5,80.0,22.0,17,True,166,8703.495915062513,34813.98366021763,24.413684293825547,7.280847633553026,127.97874838941178,121.0,137.0,3.168124339546823,0.48878010266477817,0.29537366548042704,0.8,0.8,0.13,0.8490566037735849,0.6,1.0,0.6011849725564516,0.8427708784356401,0.3920768840726026,0.3920768840726026,0.6176230652217808,srtm_earth_engine
NSR-GRID-095,extreme_rain,Extreme Rain Event,25.0,50.0,70.0,90.0,22.0,22.5,88.0,30.0,18,True,166,8703.495915062513,34813.98366021763,24.413684293825547,7.280847633553026,127.97874838941178,121.0,137.0,3.168124339546823,0.48878010266477817,0.29537366548042704,1.0,1.0,0.09,1.0,1.0,1.0,0.6011849725564516,0.8427708784356401,0.3920768840726026,0.3920768840726026,0.6176230652217808,srtm_earth_engine
NSR-GRID-095,hot_day_optional,Hot Urban Heat Day,0.0,0.0,0.0,0.0,40.0,43.0,35.0,10.0,14,False,166,8703.495915062513,34813.98366021763,24.413684293825547,7.280847633553026,127.97874838941178,121.0,137.0,3.168124339546823,0.48878010266477817,0.29537366548042704,0.0,0.0,0.8600000000000001,0.0,0.0,0.0,0.6011849725564516,0.8427708784356401,0.3920768840726026,0.3920768840726026,0.6176230652217808,srtm_earth_engine
NSR-GRID-096,normal_day,Normal Dry Day,0.0,0.0,0.0,0.0,30.0,31.0,45.0,12.0,12,False,234,10938.89523736382,43755.58094941453,25.519034286275662,5.833664549921633,133.0242585402461,121.0,143.0,4.216816164905897,0.6143180153511381,0.41637010676156583,0.0,0.0,0.42000000000000004,0.18867924528301888,0.1,0.0,0.5770418696835304,0.7387832968511774,0.515344061056352,0.515344061056352,0.6546032183169056,srtm_earth_engine
NSR-GRID-096,light_rain,Light Rain,2.0,4.0,5.0,7.0,25.0,25.5,65.0,15.0,9,True,234,10938.89523736382,43755.58094941453,25.519034286275662,5.833664549921633,133.0242585402461,121.0,143.0,4.216816164905897,0.6143180153511381,0.41637010676156583,0.13333333333333333,0.132,0.21000000000000002,0.5660377358490566,0.25,1.0,0.5770418696835304,0.7387832968511774,0.515344061056352,0.515344061056352,0.6546032183169056,srtm_earth_engine
NSR-GRID-096,heavy_rain_rush_hour,Heavy Rain During Rush Hour,12.0,24.0,32.0,40.0,23.0,23.5,80.0,22.0,17,True,234,10938.89523736382,43755.58094941453,25.519034286275662,5.833664549921633,133.0242585402461,121.0,143.0,4.216816164905897,0.6143180153511381,0.41637010676156583,0.8,0.8,0.13,0.8490566037735849,0.6,1.0,0.5770418696835304,0.7387832968511774,0.515344061056352,0.515344061056352,0.6546032183169056,srtm_earth_engine
NSR-GRID-096,extreme_rain,Extreme Rain Event,25.0,50.0,70.0,90.0,22.0,22.5,88.0,30.0,18,True,234,10938.89523736382,43755.58094941453,25.519034286275662,5.833664549921633,133.0242585402461,121.0,143.0,4.216816164905897,0.6143180153511381,0.41637010676156583,1.0,1.0,0.09,1.0,1.0,1.0,0.5770418696835304,0.7387832968511774,0.515344061056352,0.515344061056352,0.6546032183169056,srtm_earth_engine
NSR-GRID-096,hot_day_optional,Hot Urban Heat Day,0.0,0.0,0.0,0.0,40.0,43.0,35.0,10.0,14,False,234,10938.89523736382,43755.58094941453,25.519034286275662,5.833664549921633,133.0242585402461,121.0,143.0,4.216816164905897,0.6143180153511381,0.41637010676156583,0.0,0.0,0.8600000000000001,0.0,0.0,0.0,0.5770418696835304,0.7387832968511774,0.515344061056352,0.515344061056352,0.6546032183169056,srtm_earth_engine
NSR-GRID-097,normal_day,Normal Dry Day,0.0,0.0,0.0,0.0,30.0,31.0,45.0,12.0,12,False,0,0.0,0.0,50.0,0.0,144.48671801063864,124.0,168.0,6.290285522427064,0.0,0.0,0.0,0.0,0.42000000000000004,0.18867924528301888,0.1,0.0,0.5221932359681443,0.5331794590370618,0.0,0.0,0.5,srtm_earth_engine
NSR-GRID-097,light_rain,Light Rain,2.0,4.0,5.0,7.0,25.0,25.5,65.0,15.0,9,True,0,0.0,0.0,50.0,0.0,144.48671801063864,124.0,168.0,6.290285522427064,0.0,0.0,0.13333333333333333,0.132,0.21000000000000002,0.5660377358490566,0.25,1.0,0.5221932359681443,0.5331794590370618,0.0,0.0,0.5,srtm_earth_engine
NSR-GRID-097,heavy_rain_rush_hour,Heavy Rain During Rush Hour,12.0,24.0,32.0,40.0,23.0,23.5,80.0,22.0,17,True,0,0.0,0.0,50.0,0.0,144.48671801063864,124.0,168.0,6.290285522427064,0.0,0.0,0.8,0.8,0.13,0.8490566037735849,0.6,1.0,0.5221932359681443,0.5331794590370618,0.0,0.0,0.5,srtm_earth_engine
NSR-GRID-097,extreme_rain,Extreme Rain Event,25.0,50.0,70.0,90.0,22.0,22.5,88.0,30.0,18,True,0,0.0,0.0,50.0,0.0,144.48671801063864,124.0,168.0,6.290285522427064,0.0,0.0,1.0,1.0,0.09,1.0,1.0,1.0,0.5221932359681443,0.5331794590370618,0.0,0.0,0.5,srtm_earth_engine
NSR-GRID-097,hot_day_optional,Hot Urban Heat Day,0.0,0.0,0.0,0.0,40.0,43.0,35.0,10.0,14,False,0,0.0,0.0,50.0,0.0,144.48671801063864,124.0,168.0,6.290285522427064,0.0,0.0,0.0,0.0,0.8600000000000001,0.0,0.0,0.0,0.5221932359681443,0.5331794590370618,0.0,0.0,0.5,srtm_earth_engine
NSR-GRID-098,normal_day,Normal Dry Day,0.0,0.0,0.0,0.0,30.0,31.0,45.0,12.0,12,False,0,0.0,0.0,50.0,0.0,157.97953125764525,139.0,172.0,5.831393512117982,0.0,0.0,0.0,0.0,0.42000000000000004,0.18867924528301888,0.1,0.0,0.4576292239001621,0.5786828845492562,0.0,0.0,0.5,srtm_earth_engine
NSR-GRID-098,light_rain,Light Rain,2.0,4.0,5.0,7.0,25.0,25.5,65.0,15.0,9,True,0,0.0,0.0,50.0,0.0,157.97953125764525,139.0,172.0,5.831393512117982,0.0,0.0,0.13333333333333333,0.132,0.21000000000000002,0.5660377358490566,0.25,1.0,0.4576292239001621,0.5786828845492562,0.0,0.0,0.5,srtm_earth_engine
NSR-GRID-098,heavy_rain_rush_hour,Heavy Rain During Rush Hour,12.0,24.0,32.0,40.0,23.0,23.5,80.0,22.0,17,True,0,0.0,0.0,50.0,0.0,157.97953125764525,139.0,172.0,5.831393512117982,0.0,0.0,0.8,0.8,0.13,0.8490566037735849,0.6,1.0,0.4576292239001621,0.5786828845492562,0.0,0.0,0.5,srtm_earth_engine
NSR-GRID-098,extreme_rain,Extreme Rain Event,25.0,50.0,70.0,90.0,22.0,22.5,88.0,30.0,18,True,0,0.0,0.0,50.0,0.0,157.97953125764525,139.0,172.0,5.831393512117982,0.0,0.0,1.0,1.0,0.09,1.0,1.0,1.0,0.4576292239001621,0.5786828845492562,0.0,0.0,0.5,srtm_earth_engine
NSR-GRID-098,hot_day_optional,Hot Urban Heat Day,0.0,0.0,0.0,0.0,40.0,43.0,35.0,10.0,14,False,0,0.0,0.0,50.0,0.0,157.97953125764525,139.0,172.0,5.831393512117982,0.0,0.0,0.0,0.0,0.8600000000000001,0.0,0.0,0.0,0.4576292239001621,0.5786828845492562,0.0,0.0,0.5,srtm_earth_engine
NSR-GRID-099,normal_day,Normal Dry Day,0.0,0.0,0.0,0.0,30.0,31.0,45.0,12.0,12,False,0,0.0,0.0,50.0,0.0,159.93087865835764,140.0,174.0,5.391052686531998,0.0,0.0,0.0,0.0,0.42000000000000004,0.18867924528301888,0.1,0.0,0.4482918963301411,0.6223467869639753,0.0,0.0,0.5,srtm_earth_engine
NSR-GRID-099,light_rain,Light Rain,2.0,4.0,5.0,7.0,25.0,25.5,65.0,15.0,9,True,0,0.0,0.0,50.0,0.0,159.93087865835764,140.0,174.0,5.391052686531998,0.0,0.0,0.13333333333333333,0.132,0.21000000000000002,0.5660377358490566,0.25,1.0,0.4482918963301411,0.6223467869639753,0.0,0.0,0.5,srtm_earth_engine
NSR-GRID-099,heavy_rain_rush_hour,Heavy Rain During Rush Hour,12.0,24.0,32.0,40.0,23.0,23.5,80.0,22.0,17,True,0,0.0,0.0,50.0,0.0,159.93087865835764,140.0,174.0,5.391052686531998,0.0,0.0,0.8,0.8,0.13,0.8490566037735849,0.6,1.0,0.4482918963301411,0.6223467869639753,0.0,0.0,0.5,srtm_earth_engine
NSR-GRID-099,extreme_rain,Extreme Rain Event,25.0,50.0,70.0,90.0,22.0,22.5,88.0,30.0,18,True,0,0.0,0.0,50.0,0.0,159.93087865835764,140.0,174.0,5.391052686531998,0.0,0.0,1.0,1.0,0.09,1.0,1.0,1.0,0.4482918963301411,0.6223467869639753,0.0,0.0,0.5,srtm_earth_engine
NSR-GRID-099,hot_day_optional,Hot Urban Heat Day,0.0,0.0,0.0,0.0,40.0,43.0,35.0,10.0,14,False,0,0.0,0.0,50.0,0.0,159.93087865835764,140.0,174.0,5.391052686531998,0.0,0.0,0.0,0.0,0.8600000000000001,0.0,0.0,0.0,0.4482918963301411,0.6223467869639753,0.0,0.0,0.5,srtm_earth_engine
NSR-GRID-100,normal_day,Normal Dry Day,0.0,0.0,0.0,0.0,30.0,31.0,45.0,12.0,12,False,12,2642.956153052714,10571.824612191163,51.9384236453202,14.102335047571207,154.26007571060285,135.0,167.0,7.396793875935323,0.14842591901384616,0.021352313167259787,0.0,0.0,0.42000000000000004,0.18867924528301888,0.1,0.0,0.4754270669762785,0.4234588291037334,0.08488911609055297,0.08488911609055297,0.5254667348271659,srtm_earth_engine
NSR-GRID-100,light_rain,Light Rain,2.0,4.0,5.0,7.0,25.0,25.5,65.0,15.0,9,True,12,2642.956153052714,10571.824612191163,51.9384236453202,14.102335047571207,154.26007571060285,135.0,167.0,7.396793875935323,0.14842591901384616,0.021352313167259787,0.13333333333333333,0.132,0.21000000000000002,0.5660377358490566,0.25,1.0,0.4754270669762785,0.4234588291037334,0.08488911609055297,0.08488911609055297,0.5254667348271659,srtm_earth_engine
NSR-GRID-100,heavy_rain_rush_hour,Heavy Rain During Rush Hour,12.0,24.0,32.0,40.0,23.0,23.5,80.0,22.0,17,True,12,2642.956153052714,10571.824612191163,51.9384236453202,14.102335047571207,154.26007571060285,135.0,167.0,7.396793875935323,0.14842591901384616,0.021352313167259787,0.8,0.8,0.13,0.8490566037735849,0.6,1.0,0.4754270669762785,0.4234588291037334,0.08488911609055297,0.08488911609055297,0.5254667348271659,srtm_earth_engine
NSR-GRID-100,extreme_rain,Extreme Rain Event,25.0,50.0,70.0,90.0,22.0,22.5,88.0,30.0,18,True,12,2642.956153052714,10571.824612191163,51.9384236453202,14.102335047571207,154.26007571060285,135.0,167.0,7.396793875935323,0.14842591901384616,0.021352313167259787,1.0,1.0,0.09,1.0,1.0,1.0,0.4754270669762785,0.4234588291037334,0.08488911609055297,0.08488911609055297,0.5254667348271659,srtm_earth_engine
NSR-GRID-100,hot_day_optional,Hot Urban Heat Day,0.0,0.0,0.0,0.0,40.0,43.0,35.0,10.0,14,False,12,2642.956153052714,10571.824612191163,51.9384236453202,14.102335047571207,154.26007571060285,135.0,167.0,7.396793875935323,0.14842591901384616,0.021352313167259787,0.0,0.0,0.8600000000000001,0.0,0.0,0.0,0.4754270669762785,0.4234588291037334,0.08488911609055297,0.08488911609055297,0.5254667348271659,srtm_earth_engine
NSR-GRID-101,normal_day,Normal Dry Day,0.0,0.0,0.0,0.0,30.0,31.0,45.0,12.0,12,False,4,296.84273996251727,1187.3709598489634,42.45894909688013,7.345249739895797,157.35555265604356,148.0,168.0,3.906836349744284,0.016670407653443603,0.0071174377224199285,0.0,0.0,0.42000000000000004,0.18867924528301888,0.1,0.0,0.4606150031610522,0.769520688465361,0.011893922687931765,0.011893922687931765,0.5035681768063796,srtm_earth_engine
NSR-GRID-101,light_rain,Light Rain,2.0,4.0,5.0,7.0,25.0,25.5,65.0,15.0,9,True,4,296.84273996251727,1187.3709598489634,42.45894909688013,7.345249739895797,157.35555265604356,148.0,168.0,3.906836349744284,0.016670407653443603,0.0071174377224199285,0.13333333333333333,0.132,0.21000000000000002,0.5660377358490566,0.25,1.0,0.4606150031610522,0.769520688465361,0.011893922687931765,0.011893922687931765,0.5035681768063796,srtm_earth_engine
NSR-GRID-101,heavy_rain_rush_hour,Heavy Rain During Rush Hour,12.0,24.0,32.0,40.0,23.0,23.5,80.0,22.0,17,True,4,296.84273996251727,1187.3709598489634,42.45894909688013,7.345249739895797,157.35555265604356,148.0,168.0,3.906836349744284,0.016670407653443603,0.0071174377224199285,0.8,0.8,0.13,0.8490566037735849,0.6,1.0,0.4606150031610522,0.769520688465361,0.011893922687931765,0.011893922687931765,0.5035681768063796,srtm_earth_engine
NSR-GRID-101,extreme_rain,Extreme Rain Event,25.0,50.0,70.0,90.0,22.0,22.5,88.0,30.0,18,True,4,296.84273996251727,1187.3709598489634,42.45894909688013,7.345249739895797,157.35555265604356,148.0,168.0,3.906836349744284,0.016670407653443603,0.0071174377224199285,1.0,1.0,0.09,1.0,1.0,1.0,0.4606150031610522,0.769520688465361,0.011893922687931765,0.011893922687931765,0.5035681768063796,srtm_earth_engine
NSR-GRID-101,hot_day_optional,Hot Urban Heat Day,0.0,0.0,0.0,0.0,40.0,43.0,35.0,10.0,14,False,4,296.84273996251727,1187.3709598489634,42.45894909688013,7.345249739895797,157.35555265604356,148.0,168.0,3.906836349744284,0.016670407653443603,0.0071174377224199285,0.0,0.0,0.8600000000000001,0.0,0.0,0.0,0.4606150031610522,0.769520688465361,0.011893922687931765,0.011893922687931765,0.5035681768063796,srtm_earth_engine
NSR-GRID-102,normal_day,Normal Dry Day,0.0,0.0,0.0,0.0,30.0,31.0,45.0,12.0,12,False,0,0.0,0.0,50.0,0.0,164.45915038011046,158.0,175.0,2.8318370568256013,0.0,0.0,0.0,0.0,0.42000000000000004,0.18867924528301888,0.1,0.0,0.4266238138674114,0.876116900977407,0.0,0.0,0.5,srtm_earth_engine
NSR-GRID-102,light_rain,Light Rain,2.0,4.0,5.0,7.0,25.0,25.5,65.0,15.0,9,True,0,0.0,0.0,50.0,0.0,164.45915038011046,158.0,175.0,2.8318370568256013,0.0,0.0,0.13333333333333333,0.132,0.21000000000000002,0.5660377358490566,0.25,1.0,0.4266238138674114,0.876116900977407,0.0,0.0,0.5,srtm_earth_engine
NSR-GRID-102,heavy_rain_rush_hour,Heavy Rain During Rush Hour,12.0,24.0,32.0,40.0,23.0,23.5,80.0,22.0,17,True,0,0.0,0.0,50.0,0.0,164.45915038011046,158.0,175.0,2.8318370568256013,0.0,0.0,0.8,0.8,0.13,0.8490566037735849,0.6,1.0,0.4266238138674114,0.876116900977407,0.0,0.0,0.5,srtm_earth_engine
NSR-GRID-102,extreme_rain,Extreme Rain Event,25.0,50.0,70.0,90.0,22.0,22.5,88.0,30.0,18,True,0,0.0,0.0,50.0,0.0,164.45915038011046,158.0,175.0,2.8318370568256013,0.0,0.0,1.0,1.0,0.09,1.0,1.0,1.0,0.4266238138674114,0.876116900977407,0.0,0.0,0.5,srtm_earth_engine
NSR-GRID-102,hot_day_optional,Hot Urban Heat Day,0.0,0.0,0.0,0.0,40.0,43.0,35.0,10.0,14,False,0,0.0,0.0,50.0,0.0,164.45915038011046,158.0,175.0,2.8318370568256013,0.0,0.0,0.0,0.0,0.8600000000000001,0.0,0.0,0.0,0.4266238138674114,0.876116900977407,0.0,0.0,0.5,srtm_earth_engine
NSR-GRID-103,normal_day,Normal Dry Day,0.0,0.0,0.0,0.0,30.0,31.0,45.0,12.0,12,False,6,2931.6343201717004,11726.537280686802,61.417898193760266,28.639543908744884,172.56970596873686,164.0,185.0,4.16037295788631,0.1646378119751382,0.010676156583629894,0.0,0.0,0.42000000000000004,0.18867924528301888,0.1,0.0,0.3878142639747465,0.7443801675932835,0.08765698427938404,0.08765698427938404,0.5262970952838152,srtm_earth_engine
NSR-GRID-103,light_rain,Light Rain,2.0,4.0,5.0,7.0,25.0,25.5,65.0,15.0,9,True,6,2931.6343201717004,11726.537280686802,61.417898193760266,28.639543908744884,172.56970596873686,164.0,185.0,4.16037295788631,0.1646378119751382,0.010676156583629894,0.13333333333333333,0.132,0.21000000000000002,0.5660377358490566,0.25,1.0,0.3878142639747465,0.7443801675932835,0.08765698427938404,0.08765698427938404,0.5262970952838152,srtm_earth_engine
NSR-GRID-103,heavy_rain_rush_hour,Heavy Rain During Rush Hour,12.0,24.0,32.0,40.0,23.0,23.5,80.0,22.0,17,True,6,2931.6343201717004,11726.537280686802,61.417898193760266,28.639543908744884,172.56970596873686,164.0,185.0,4.16037295788631,0.1646378119751382,0.010676156583629894,0.8,0.8,0.13,0.8490566037735849,0.6,1.0,0.3878142639747465,0.7443801675932835,0.08765698427938404,0.08765698427938404,0.5262970952838152,srtm_earth_engine
NSR-GRID-103,extreme_rain,Extreme Rain Event,25.0,50.0,70.0,90.0,22.0,22.5,88.0,30.0,18,True,6,2931.6343201717004,11726.537280686802,61.417898193760266,28.639543908744884,172.56970596873686,164.0,185.0,4.16037295788631,0.1646378119751382,0.010676156583629894,1.0,1.0,0.09,1.0,1.0,1.0,0.3878142639747465,0.7443801675932835,0.08765698427938404,0.08765698427938404,0.5262970952838152,srtm_earth_engine
NSR-GRID-103,hot_day_optional,Hot Urban Heat Day,0.0,0.0,0.0,0.0,40.0,43.0,35.0,10.0,14,False,6,2931.6343201717004,11726.537280686802,61.417898193760266,28.639543908744884,172.56970596873686,164.0,185.0,4.16037295788631,0.1646378119751382,0.010676156583629894,0.0,0.0,0.8600000000000001,0.0,0.0,0.0,0.3878142639747465,0.7443801675932835,0.08765698427938404,0.08765698427938404,0.5262970952838152,srtm_earth_engine
NSR-GRID-104,normal_day,Normal Dry Day,0.0,0.0,0.0,0.0,30.0,31.0,45.0,12.0,12,False,1,143.33456029375213,1619.3059921457282,90.0,5.733382411750085,174.22191541258223,169.0,182.0,3.196994933390112,0.02273467342351627,0.0017793594306049821,0.0,0.0,0.42000000000000004,0.18867924528301888,0.1,0.0,0.3799083314965857,0.839908089616205,0.012257016427060627,0.012257016427060627,0.5036771049281182,srtm_earth_engine
NSR-GRID-104,light_rain,Light Rain,2.0,4.0,5.0,7.0,25.0,25.5,65.0,15.0,9,True,1,143.33456029375213,1619.3059921457282,90.0,5.733382411750085,174.22191541258223,169.0,182.0,3.196994933390112,0.02273467342351627,0.0017793594306049821,0.13333333333333333,0.132,0.21000000000000002,0.5660377358490566,0.25,1.0,0.3799083314965857,0.839908089616205,0.012257016427060627,0.012257016427060627,0.5036771049281182,srtm_earth_engine
NSR-GRID-104,heavy_rain_rush_hour,Heavy Rain During Rush Hour,12.0,24.0,32.0,40.0,23.0,23.5,80.0,22.0,17,True,1,143.33456029375213,1619.3059921457282,90.0,5.733382411750085,174.22191541258223,169.0,182.0,3.196994933390112,0.02273467342351627,0.0017793594306049821,0.8,0.8,0.13,0.8490566037735849,0.6,1.0,0.3799083314965857,0.839908089616205,0.012257016427060627,0.012257016427060627,0.5036771049281182,srtm_earth_engine
NSR-GRID-104,extreme_rain,Extreme Rain Event,25.0,50.0,70.0,90.0,22.0,22.5,88.0,30.0,18,True,1,143.33456029375213,1619.3059921457282,90.0,5.733382411750085,174.22191541258223,169.0,182.0,3.196994933390112,0.02273467342351627,0.0017793594306049821,1.0,1.0,0.09,1.0,1.0,1.0,0.3799083314965857,0.839908089616205,0.012257016427060627,0.012257016427060627,0.5036771049281182,srtm_earth_engine
NSR-GRID-104,hot_day_optional,Hot Urban Heat Day,0.0,0.0,0.0,0.0,40.0,43.0,35.0,10.0,14,False,1,143.33456029375213,1619.3059921457282,90.0,5.733382411750085,174.22191541258223,169.0,182.0,3.196994933390112,0.02273467342351627,0.0017793594306049821,0.0,0.0,0.8600000000000001,0.0,0.0,0.0,0.3799083314965857,0.839908089616205,0.012257016427060627,0.012257016427060627,0.5036771049281182,srtm_earth_engine
NSR-GRID-105,normal_day,Normal Dry Day,0.0,0.0,0.0,0.0,30.0,31.0,45.0,12.0,12,False,25,1201.9257977822597,12487.434139267278,38.21274220032841,5.981930349681655,74.92656734156795,61.0,93.0,8.555473885484986,0.17532062403951162,0.04448398576512456,0.0,0.0,0.42000000000000004,0.18867924528301888,0.1,0.0,0.8550432002441173,0.3085648925727834,0.10990230490231809,0.10990230490231809,0.5329706914706954,srtm_earth_engine
NSR-GRID-105,light_rain,Light Rain,2.0,4.0,5.0,7.0,25.0,25.5,65.0,15.0,9,True,25,1201.9257977822597,12487.434139267278,38.21274220032841,5.981930349681655,74.92656734156795,61.0,93.0,8.555473885484986,0.17532062403951162,0.04448398576512456,0.13333333333333333,0.132,0.21000000000000002,0.5660377358490566,0.25,1.0,0.8550432002441173,0.3085648925727834,0.10990230490231809,0.10990230490231809,0.5329706914706954,srtm_earth_engine
NSR-GRID-105,heavy_rain_rush_hour,Heavy Rain During Rush Hour,12.0,24.0,32.0,40.0,23.0,23.5,80.0,22.0,17,True,25,1201.9257977822597,12487.434139267278,38.21274220032841,5.981930349681655,74.92656734156795,61.0,93.0,8.555473885484986,0.17532062403951162,0.04448398576512456,0.8,0.8,0.13,0.8490566037735849,0.6,1.0,0.8550432002441173,0.3085648925727834,0.10990230490231809,0.10990230490231809,0.5329706914706954,srtm_earth_engine
NSR-GRID-105,extreme_rain,Extreme Rain Event,25.0,50.0,70.0,90.0,22.0,22.5,88.0,30.0,18,True,25,1201.9257977822597,12487.434139267278,38.21274220032841,5.981930349681655,74.92656734156795,61.0,93.0,8.555473885484986,0.17532062403951162,0.04448398576512456,1.0,1.0,0.09,1.0,1.0,1.0,0.8550432002441173,0.3085648925727834,0.10990230490231809,0.10990230490231809,0.5329706914706954,srtm_earth_engine
NSR-GRID-105,hot_day_optional,Hot Urban Heat Day,0.0,0.0,0.0,0.0,40.0,43.0,35.0,10.0,14,False,25,1201.9257977822597,12487.434139267278,38.21274220032841,5.981930349681655,74.92656734156795,61.0,93.0,8.555473885484986,0.17532062403951162,0.04448398576512456,0.0,0.0,0.8600000000000001,0.0,0.0,0.0,0.8550432002441173,0.3085648925727834,0.10990230490231809,0.10990230490231809,0.5329706914706954,srtm_earth_engine
NSR-GRID-106,normal_day,Normal Dry Day,0.0,0.0,0.0,0.0,30.0,31.0,45.0,12.0,12,False,26,2327.178309703689,9604.853008862632,38.0838069976001,10.47024572206968,171.34807338520474,166.0,182.0,2.995996448662264,0.13484986623684286,0.046263345195729534,0.0,0.0,0.42000000000000004,0.18867924528301888,0.1,0.0,0.3936598574341613,0.8598389652305294,0.0905566057162862,0.0905566057162862,0.5271669817148859,srtm_earth_engine
NSR-GRID-106,light_rain,Light Rain,2.0,4.0,5.0,7.0,25.0,25.5,65.0,15.0,9,True,26,2327.178309703689,9604.853008862632,38.0838069976001,10.47024572206968,171.34807338520474,166.0,182.0,2.995996448662264,0.13484986623684286,0.046263345195729534,0.13333333333333333,0.132,0.21000000000000002,0.5660377358490566,0.25,1.0,0.3936598574341613,0.8598389652305294,0.0905566057162862,0.0905566057162862,0.5271669817148859,srtm_earth_engine
NSR-GRID-106,heavy_rain_rush_hour,Heavy Rain During Rush Hour,12.0,24.0,32.0,40.0,23.0,23.5,80.0,22.0,17,True,26,2327.178309703689,9604.853008862632,38.0838069976001,10.47024572206968,171.34807338520474,166.0,182.0,2.995996448662264,0.13484986623684286,0.046263345195729534,0.8,0.8,0.13,0.8490566037735849,0.6,1.0,0.3936598574341613,0.8598389652305294,0.0905566057162862,0.0905566057162862,0.5271669817148859,srtm_earth_engine
NSR-GRID-106,extreme_rain,Extreme Rain Event,25.0,50.0,70.0,90.0,22.0,22.5,88.0,30.0,18,True,26,2327.178309703689,9604.853008862632,38.0838069976001,10.47024572206968,171.34807338520474,166.0,182.0,2.995996448662264,0.13484986623684286,0.046263345195729534,1.0,1.0,0.09,1.0,1.0,1.0,0.3936598574341613,0.8598389652305294,0.0905566057162862,0.0905566057162862,0.5271669817148859,srtm_earth_engine
NSR-GRID-106,hot_day_optional,Hot Urban Heat Day,0.0,0.0,0.0,0.0,40.0,43.0,35.0,10.0,14,False,26,2327.178309703689,9604.853008862632,38.0838069976001,10.47024572206968,171.34807338520474,166.0,182.0,2.995996448662264,0.13484986623684286,0.046263345195729534,0.0,0.0,0.8600000000000001,0.0,0.0,0.0,0.3936598574341613,0.8598389652305294,0.0905566057162862,0.0905566057162862,0.5271669817148859,srtm_earth_engine
NSR-GRID-107,normal_day,Normal Dry Day,0.0,0.0,0.0,0.0,30.0,31.0,45.0,12.0,12,False,100,7229.435245719376,28917.74098290444,36.16487684729064,8.379131289342494,77.31667319365573,67.0,93.0,5.853492820700964,0.40599824899122555,0.17793594306049823,0.0,0.0,0.42000000000000004,0.18867924528301888,0.1,0.0,0.8436063841959751,0.5764915318575861,0.2919670960258619,0.2919670960258619,0.5875901288077585,srtm_earth_engine
NSR-GRID-107,light_rain,Light Rain,2.0,4.0,5.0,7.0,25.0,25.5,65.0,15.0,9,True,100,7229.435245719376,28917.74098290444,36.16487684729064,8.379131289342494,77.31667319365573,67.0,93.0,5.853492820700964,0.40599824899122555,0.17793594306049823,0.13333333333333333,0.132,0.21000000000000002,0.5660377358490566,0.25,1.0,0.8436063841959751,0.5764915318575861,0.2919670960258619,0.2919670960258619,0.5875901288077585,srtm_earth_engine
NSR-GRID-107,heavy_rain_rush_hour,Heavy Rain During Rush Hour,12.0,24.0,32.0,40.0,23.0,23.5,80.0,22.0,17,True,100,7229.435245719376,28917.74098290444,36.16487684729064,8.379131289342494,77.31667319365573,67.0,93.0,5.853492820700964,0.40599824899122555,0.17793594306049823,0.8,0.8,0.13,0.8490566037735849,0.6,1.0,0.8436063841959751,0.5764915318575861,0.2919670960258619,0.2919670960258619,0.5875901288077585,srtm_earth_engine
NSR-GRID-107,extreme_rain,Extreme Rain Event,25.0,50.0,70.0,90.0,22.0,22.5,88.0,30.0,18,True,100,7229.435245719376,28917.74098290444,36.16487684729064,8.379131289342494,77.31667319365573,67.0,93.0,5.853492820700964,0.40599824899122555,0.17793594306049823,1.0,1.0,0.09,1.0,1.0,1.0,0.8436063841959751,0.5764915318575861,0.2919670960258619,0.2919670960258619,0.5875901288077585,srtm_earth_engine
NSR-GRID-107,hot_day_optional,Hot Urban Heat Day,0.0,0.0,0.0,0.0,40.0,43.0,35.0,10.0,14,False,100,7229.435245719376,28917.74098290444,36.16487684729064,8.379131289342494,77.31667319365573,67.0,93.0,5.853492820700964,0.40599824899122555,0.17793594306049823,0.0,0.0,0.8600000000000001,0.0,0.0,0.0,0.8436063841959751,0.5764915318575861,0.2919670960258619,0.2919670960258619,0.5875901288077585,srtm_earth_engine
NSR-GRID-108,normal_day,Normal Dry Day,0.0,0.0,0.0,0.0,30.0,31.0,45.0,12.0,12,False,46,5668.870617803618,22675.48247125671,27.308470764617688,16.23602046263352,83.37540162771354,65.0,106.0,8.046837545911288,0.31835841478087684,0.08185053380782918,0.0,0.0,0.42000000000000004,0.18867924528301888,0.1,0.0,0.8146149642028231,0.3590009325792287,0.20010447429435302,0.20010447429435302,0.5600313422883059,srtm_earth_engine
NSR-GRID-108,light_rain,Light Rain,2.0,4.0,5.0,7.0,25.0,25.5,65.0,15.0,9,True,46,5668.870617803618,22675.48247125671,27.308470764617688,16.23602046263352,83.37540162771354,65.0,106.0,8.046837545911288,0.31835841478087684,0.08185053380782918,0.13333333333333333,0.132,0.21000000000000002,0.5660377358490566,0.25,1.0,0.8146149642028231,0.3590009325792287,0.20010447429435302,0.20010447429435302,0.5600313422883059,srtm_earth_engine
NSR-GRID-108,heavy_rain_rush_hour,Heavy Rain During Rush Hour,12.0,24.0,32.0,40.0,23.0,23.5,80.0,22.0,17,True,46,5668.870617803618,22675.48247125671,27.308470764617688,16.23602046263352,83.37540162771354,65.0,106.0,8.046837545911288,0.31835841478087684,0.08185053380782918,0.8,0.8,0.13,0.8490566037735849,0.6,1.0,0.8146149642028231,0.3590009325792287,0.20010447429435302,0.20010447429435302,0.5600313422883059,srtm_earth_engine
NSR-GRID-108,extreme_rain,Extreme Rain Event,25.0,50.0,70.0,90.0,22.0,22.5,88.0,30.0,18,True,46,5668.870617803618,22675.48247125671,27.308470764617688,16.23602046263352,83.37540162771354,65.0,106.0,8.046837545911288,0.31835841478087684,0.08185053380782918,1.0,1.0,0.09,1.0,1.0,1.0,0.8146149642028231,0.3590009325792287,0.20010447429435302,0.20010447429435302,0.5600313422883059,srtm_earth_engine
NSR-GRID-108,hot_day_optional,Hot Urban Heat Day,0.0,0.0,0.0,0.0,40.0,43.0,35.0,10.0,14,False,46,5668.870617803618,22675.48247125671,27.308470764617688,16.23602046263352,83.37540162771354,65.0,106.0,8.046837545911288,0.31835841478087684,0.08185053380782918,0.0,0.0,0.8600000000000001,0.0,0.0,0.0,0.8146149642028231,0.3590009325792287,0.20010447429435302,0.20010447429435302,0.5600313422883059,srtm_earth_engine
NSR-GRID-109,normal_day,Normal Dry Day,0.0,0.0,0.0,0.0,30.0,31.0,45.0,12.0,12,False,56,5512.519774228898,22050.079096956662,25.585591133004925,14.013430057699134,87.93934549251202,72.0,106.0,7.476799515399147,0.3095778992133181,0.099644128113879,0.0,0.0,0.42000000000000004,0.18867924528301888,0.1,0.0,0.7927761881544098,0.4155255232842541,0.20461101366359855,0.20461101366359855,0.5613833040990795,srtm_earth_engine
NSR-GRID-109,light_rain,Light Rain,2.0,4.0,5.0,7.0,25.0,25.5,65.0,15.0,9,True,56,5512.519774228898,22050.079096956662,25.585591133004925,14.013430057699134,87.93934549251202,72.0,106.0,7.476799515399147,0.3095778992133181,0.099644128113879,0.13333333333333333,0.132,0.21000000000000002,0.5660377358490566,0.25,1.0,0.7927761881544098,0.4155255232842541,0.20461101366359855,0.20461101366359855,0.5613833040990795,srtm_earth_engine
NSR-GRID-109,heavy_rain_rush_hour,Heavy Rain During Rush Hour,12.0,24.0,32.0,40.0,23.0,23.5,80.0,22.0,17,True,56,5512.519774228898,22050.079096956662,25.585591133004925,14.013430057699134,87.93934549251202,72.0,106.0,7.476799515399147,0.3095778992133181,0.099644128113879,0.8,0.8,0.13,0.8490566037735849,0.6,1.0,0.7927761881544098,0.4155255232842541,0.20461101366359855,0.20461101366359855,0.5613833040990795,srtm_earth_engine
NSR-GRID-109,extreme_rain,Extreme Rain Event,25.0,50.0,70.0,90.0,22.0,22.5,88.0,30.0,18,True,56,5512.519774228898,22050.079096956662,25.585591133004925,14.013430057699134,87.93934549251202,72.0,106.0,7.476799515399147,0.3095778992133181,0.099644128113879,1.0,1.0,0.09,1.0,1.0,1.0,0.7927761881544098,0.4155255232842541,0.20461101366359855,0.20461101366359855,0.5613833040990795,srtm_earth_engine
NSR-GRID-109,hot_day_optional,Hot Urban Heat Day,0.0,0.0,0.0,0.0,40.0,43.0,35.0,10.0,14,False,56,5512.519774228898,22050.079096956662,25.585591133004925,14.013430057699134,87.93934549251202,72.0,106.0,7.476799515399147,0.3095778992133181,0.099644128113879,0.0,0.0,0.8600000000000001,0.0,0.0,0.0,0.7927761881544098,0.4155255232842541,0.20461101366359855,0.20461101366359855,0.5613833040990795,srtm_earth_engine
NSR-GRID-110,normal_day,Normal Dry Day,0.0,0.0,0.0,0.0,30.0,31.0,45.0,12.0,12,False,73,6731.680952143112,26926.723808647683,29.18297455968689,12.821249968526628,100.63639775471574,79.0,123.0,9.874730974353138,0.3780448384209607,0.1298932384341637,0.0,0.0,0.42000000000000004,0.18867924528301888,0.1,0.0,0.732019945517865,0.1777482400136915,0.2539690384275622,0.2539690384275622,0.5761907115282686,srtm_earth_engine
NSR-GRID-110,light_rain,Light Rain,2.0,4.0,5.0,7.0,25.0,25.5,65.0,15.0,9,True,73,6731.680952143112,26926.723808647683,29.18297455968689,12.821249968526628,100.63639775471574,79.0,123.0,9.874730974353138,0.3780448384209607,0.1298932384341637,0.13333333333333333,0.132,0.21000000000000002,0.5660377358490566,0.25,1.0,0.732019945517865,0.1777482400136915,0.2539690384275622,0.2539690384275622,0.5761907115282686,srtm_earth_engine
NSR-GRID-110,heavy_rain_rush_hour,Heavy Rain During Rush Hour,12.0,24.0,32.0,40.0,23.0,23.5,80.0,22.0,17,True,73,6731.680952143112,26926.723808647683,29.18297455968689,12.821249968526628,100.63639775471574,79.0,123.0,9.874730974353138,0.3780448384209607,0.1298932384341637,0.8,0.8,0.13,0.8490566037735849,0.6,1.0,0.732019945517865,0.1777482400136915,0.2539690384275622,0.2539690384275622,0.5761907115282686,srtm_earth_engine
NSR-GRID-110,extreme_rain,Extreme Rain Event,25.0,50.0,70.0,90.0,22.0,22.5,88.0,30.0,18,True,73,6731.680952143112,26926.723808647683,29.18297455968689,12.821249968526628,100.63639775471574,79.0,123.0,9.874730974353138,0.3780448384209607,0.1298932384341637,1.0,1.0,0.09,1.0,1.0,1.0,0.732019945517865,0.1777482400136915,0.2539690384275622,0.2539690384275622,0.5761907115282686,srtm_earth_engine
NSR-GRID-110,hot_day_optional,Hot Urban Heat Day,0.0,0.0,0.0,0.0,40.0,43.0,35.0,10.0,14,False,73,6731.680952143112,26926.723808647683,29.18297455968689,12.821249968526628,100.63639775471574,79.0,123.0,9.874730974353138,0.3780448384209607,0.1298932384341637,0.0,0.0,0.8600000000000001,0.0,0.0,0.0,0.732019945517865,0.1777482400136915,0.2539690384275622,0.2539690384275622,0.5761907115282686,srtm_earth_engine
NSR-GRID-111,normal_day,Normal Dry Day,0.0,0.0,0.0,0.0,30.0,31.0,45.0,12.0,12,False,89,6758.096285630636,27032.385142572894,26.783832401616205,11.08911920344806,98.9108508799112,85.0,122.0,8.29153463109845,0.37952829857730813,0.1583629893238434,0.0,0.0,0.42000000000000004,0.18867924528301888,0.1,0.0,0.7402768024986333,0.3347369329045218,0.26894564395057574,0.26894564395057574,0.5806836931851728,srtm_earth_engine
NSR-GRID-111,light_rain,Light Rain,2.0,4.0,5.0,7.0,25.0,25.5,65.0,15.0,9,True,89,6758.096285630636,27032.385142572894,26.783832401616205,11.08911920344806,98.9108508799112,85.0,122.0,8.29153463109845,0.37952829857730813,0.1583629893238434,0.13333333333333333,0.132,0.21000000000000002,0.5660377358490566,0.25,1.0,0.7402768024986333,0.3347369329045218,0.26894564395057574,0.26894564395057574,0.5806836931851728,srtm_earth_engine
NSR-GRID-111,heavy_rain_rush_hour,Heavy Rain During Rush Hour,12.0,24.0,32.0,40.0,23.0,23.5,80.0,22.0,17,True,89,6758.096285630636,27032.385142572894,26.783832401616205,11.08911920344806,98.9108508799112,85.0,122.0,8.29153463109845,0.37952829857730813,0.1583629893238434,0.8,0.8,0.13,0.8490566037735849,0.6,1.0,0.7402768024986333,0.3347369329045218,0.26894564395057574,0.26894564395057574,0.5806836931851728,srtm_earth_engine
NSR-GRID-111,extreme_rain,Extreme Rain Event,25.0,50.0,70.0,90.0,22.0,22.5,88.0,30.0,18,True,89,6758.096285630636,27032.385142572894,26.783832401616205,11.08911920344806,98.9108508799112,85.0,122.0,8.29153463109845,0.37952829857730813,0.1583629893238434,1.0,1.0,0.09,1.0,1.0,1.0,0.7402768024986333,0.3347369329045218,0.26894564395057574,0.26894564395057574,0.5806836931851728,srtm_earth_engine
NSR-GRID-111,hot_day_optional,Hot Urban Heat Day,0.0,0.0,0.0,0.0,40.0,43.0,35.0,10.0,14,False,89,6758.096285630636,27032.385142572894,26.783832401616205,11.08911920344806,98.9108508799112,85.0,122.0,8.29153463109845,0.37952829857730813,0.1583629893238434,0.0,0.0,0.8600000000000001,0.0,0.0,0.0,0.7402768024986333,0.3347369329045218,0.26894564395057574,0.26894564395057574,0.5806836931851728,srtm_earth_engine
NSR-GRID-112,normal_day,Normal Dry Day,0.0,0.0,0.0,0.0,30.0,31.0,45.0,12.0,12,False,183,9231.47652963418,36925.906118605504,26.193621183163295,7.333190651679812,100.5897745440308,89.0,121.0,7.4359215110897265,0.5184309948495315,0.32562277580071175,0.0,0.0,0.42000000000000004,0.18867924528301888,0.1,0.0,0.7322430406932154,0.419578958912667,0.4220268853251216,0.4220268853251216,0.6266080655975365,srtm_earth_engine
NSR-GRID-112,light_rain,Light Rain,2.0,4.0,5.0,7.0,25.0,25.5,65.0,15.0,9,True,183,9231.47652963418,36925.906118605504,26.193621183163295,7.333190651679812,100.5897745440308,89.0,121.0,7.4359215110897265,0.5184309948495315,0.32562277580071175,0.13333333333333333,0.132,0.21000000000000002,0.5660377358490566,0.25,1.0,0.7322430406932154,0.419578958912667,0.4220268853251216,0.4220268853251216,0.6266080655975365,srtm_earth_engine
NSR-GRID-112,heavy_rain_rush_hour,Heavy Rain During Rush Hour,12.0,24.0,32.0,40.0,23.0,23.5,80.0,22.0,17,True,183,9231.47652963418,36925.906118605504,26.193621183163295,7.333190651679812,100.5897745440308,89.0,121.0,7.4359215110897265,0.5184309948495315,0.32562277580071175,0.8,0.8,0.13,0.8490566037735849,0.6,1.0,0.7322430406932154,0.419578958912667,0.4220268853251216,0.4220268853251216,0.6266080655975365,srtm_earth_engine
NSR-GRID-112,extreme_rain,Extreme Rain Event,25.0,50.0,70.0,90.0,22.0,22.5,88.0,30.0,18,True,183,9231.47652963418,36925.906118605504,26.193621183163295,7.333190651679812,100.5897745440308,89.0,121.0,7.4359215110897265,0.5184309948495315,0.32562277580071175,1.0,1.0,0.09,1.0,1.0,1.0,0.7322430406932154,0.419578958912667,0.4220268853251216,0.4220268853251216,0.6266080655975365,srtm_earth_engine
NSR-GRID-112,hot_day_optional,Hot Urban Heat Day,0.0,0.0,0.0,0.0,40.0,43.0,35.0,10.0,14,False,183,9231.47652963418,36925.906118605504,26.193621183163295,7.333190651679812,100.5897745440308,89.0,121.0,7.4359215110897265,0.5184309948495315,0.32562277580071175,0.0,0.0,0.8600000000000001,0.0,0.0,0.0,0.7322430406932154,0.419578958912667,0.4220268853251216,0.4220268853251216,0.6266080655975365,srtm_earth_engine
NSR-GRID-113,normal_day,Normal Dry Day,0.0,0.0,0.0,0.0,30.0,31.0,45.0,12.0,12,False,95,6117.339457728612,24469.357830937235,23.899135770460635,9.85041600435909,110.07866653612687,95.0,137.0,7.773327771869685,0.3435440008669186,0.16903914590747332,0.0,0.0,0.42000000000000004,0.18867924528301888,0.1,0.0,0.686838059102339,0.3861219792533178,0.256291573387196,0.256291573387196,0.5768874720161588,srtm_earth_engine
NSR-GRID-113,light_rain,Light Rain,2.0,4.0,5.0,7.0,25.0,25.5,65.0,15.0,9,True,95,6117.339457728612,24469.357830937235,23.899135770460635,9.85041600435909,110.07866653612687,95.0,137.0,7.773327771869685,0.3435440008669186,0.16903914590747332,0.13333333333333333,0.132,0.21000000000000002,0.5660377358490566,0.25,1.0,0.686838059102339,0.3861219792533178,0.256291573387196,0.256291573387196,0.5768874720161588,srtm_earth_engine
NSR-GRID-113,heavy_rain_rush_hour,Heavy Rain During Rush Hour,12.0,24.0,32.0,40.0,23.0,23.5,80.0,22.0,17,True,95,6117.339457728612,24469.357830937235,23.899135770460635,9.85041600435909,110.07866653612687,95.0,137.0,7.773327771869685,0.3435440008669186,0.16903914590747332,0.8,0.8,0.13,0.8490566037735849,0.6,1.0,0.686838059102339,0.3861219792533178,0.256291573387196,0.256291573387196,0.5768874720161588,srtm_earth_engine
NSR-GRID-113,extreme_rain,Extreme Rain Event,25.0,50.0,70.0,90.0,22.0,22.5,88.0,30.0,18,True,95,6117.339457728612,24469.357830937235,23.899135770460635,9.85041600435909,110.07866653612687,95.0,137.0,7.773327771869685,0.3435440008669186,0.16903914590747332,1.0,1.0,0.09,1.0,1.0,1.0,0.686838059102339,0.3861219792533178,0.256291573387196,0.256291573387196,0.5768874720161588,srtm_earth_engine
NSR-GRID-113,hot_day_optional,Hot Urban Heat Day,0.0,0.0,0.0,0.0,40.0,43.0,35.0,10.0,14,False,95,6117.339457728612,24469.357830937235,23.899135770460635,9.85041600435909,110.07866653612687,95.0,137.0,7.773327771869685,0.3435440008669186,0.16903914590747332,0.0,0.0,0.8600000000000001,0.0,0.0,0.0,0.686838059102339,0.3861219792533178,0.256291573387196,0.256291573387196,0.5768874720161588,srtm_earth_engine
NSR-GRID-114,normal_day,Normal Dry Day,0.0,0.0,0.0,0.0,30.0,31.0,45.0,12.0,12,False,62,6565.647210087514,26262.58884039897,35.15616558080407,14.35495184187692,117.33128374080528,103.0,141.0,6.778115140919879,0.3687205404281741,0.1103202846975089,0.0,0.0,0.42000000000000004,0.18867924528301888,0.1,0.0,0.6521338016465268,0.4848065996081543,0.2395204125628415,0.2395204125628415,0.5718561237688524,srtm_earth_engine
NSR-GRID-114,light_rain,Light Rain,2.0,4.0,5.0,7.0,25.0,25.5,65.0,15.0,9,True,62,6565.647210087514,26262.58884039897,35.15616558080407,14.35495184187692,117.33128374080528,103.0,141.0,6.778115140919879,0.3687205404281741,0.1103202846975089,0.13333333333333333,0.132,0.21000000000000002,0.5660377358490566,0.25,1.0,0.6521338016465268,0.4848065996081543,0.2395204125628415,0.2395204125628415,0.5718561237688524,srtm_earth_engine
NSR-GRID-114,heavy_rain_rush_hour,Heavy Rain During Rush Hour,12.0,24.0,32.0,40.0,23.0,23.5,80.0,22.0,17,True,62,6565.647210087514,26262.58884039897,35.15616558080407,14.35495184187692,117.33128374080528,103.0,141.0,6.778115140919879,0.3687205404281741,0.1103202846975089,0.8,0.8,0.13,0.8490566037735849,0.6,1.0,0.6521338016465268,0.4848065996081543,0.2395204125628415,0.2395204125628415,0.5718561237688524,srtm_earth_engine
NSR-GRID-114,extreme_rain,Extreme Rain Event,25.0,50.0,70.0,90.0,22.0,22.5,88.0,30.0,18,True,62,6565.647210087514,26262.58884039897,35.15616558080407,14.35495184187692,117.33128374080528,103.0,141.0,6.778115140919879,0.3687205404281741,0.1103202846975089,1.0,1.0,0.09,1.0,1.0,1.0,0.6521338016465268,0.4848065996081543,0.2395204125628415,0.2395204125628415,0.5718561237688524,srtm_earth_engine
NSR-GRID-114,hot_day_optional,Hot Urban Heat Day,0.0,0.0,0.0,0.0,40.0,43.0,35.0,10.0,14,False,62,6565.647210087514,26262.58884039897,35.15616558080407,14.35495184187692,117.33128374080528,103.0,141.0,6.778115140919879,0.3687205404281741,0.1103202846975089,0.0,0.0,0.8600000000000001,0.0,0.0,0.0,0.6521338016465268,0.4848065996081543,0.2395204125628415,0.2395204125628415,0.5718561237688524,srtm_earth_engine
NSR-GRID-115,normal_day,Normal Dry Day,0.0,0.0,0.0,0.0,30.0,31.0,45.0,12.0,12,False,77,4928.556145586095,19714.224582381103,38.76564732476063,7.408352286018277,118.52035955496102,109.0,141.0,4.1951207387170815,0.27678305388371327,0.13701067615658363,0.0,0.0,0.42000000000000004,0.18867924528301888,0.1,0.0,0.6464439945018285,0.7409346008341627,0.20689686502014845,0.20689686502014845,0.5620690595060446,srtm_earth_engine
NSR-GRID-115,light_rain,Light Rain,2.0,4.0,5.0,7.0,25.0,25.5,65.0,15.0,9,True,77,4928.556145586095,19714.224582381103,38.76564732476063,7.408352286018277,118.52035955496102,109.0,141.0,4.1951207387170815,0.27678305388371327,0.13701067615658363,0.13333333333333333,0.132,0.21000000000000002,0.5660377358490566,0.25,1.0,0.6464439945018285,0.7409346008341627,0.20689686502014845,0.20689686502014845,0.5620690595060446,srtm_earth_engine
NSR-GRID-115,heavy_rain_rush_hour,Heavy Rain During Rush Hour,12.0,24.0,32.0,40.0,23.0,23.5,80.0,22.0,17,True,77,4928.556145586095,19714.224582381103,38.76564732476063,7.408352286018277,118.52035955496102,109.0,141.0,4.1951207387170815,0.27678305388371327,0.13701067615658363,0.8,0.8,0.13,0.8490566037735849,0.6,1.0,0.6464439945018285,0.7409346008341627,0.20689686502014845,0.20689686502014845,0.5620690595060446,srtm_earth_engine
NSR-GRID-115,extreme_rain,Extreme Rain Event,25.0,50.0,70.0,90.0,22.0,22.5,88.0,30.0,18,True,77,4928.556145586095,19714.224582381103,38.76564732476063,7.408352286018277,118.52035955496102,109.0,141.0,4.1951207387170815,0.27678305388371327,0.13701067615658363,1.0,1.0,0.09,1.0,1.0,1.0,0.6464439945018285,0.7409346008341627,0.20689686502014845,0.20689686502014845,0.5620690595060446,srtm_earth_engine
NSR-GRID-115,hot_day_optional,Hot Urban Heat Day,0.0,0.0,0.0,0.0,40.0,43.0,35.0,10.0,14,False,77,4928.556145586095,19714.224582381103,38.76564732476063,7.408352286018277,118.52035955496102,109.0,141.0,4.1951207387170815,0.27678305388371327,0.13701067615658363,0.0,0.0,0.8600000000000001,0.0,0.0,0.0,0.6464439945018285,0.7409346008341627,0.20689686502014845,0.20689686502014845,0.5620690595060446,srtm_earth_engine
NSR-GRID-116,normal_day,Normal Dry Day,0.0,0.0,0.0,0.0,30.0,31.0,45.0,12.0,12,False,40,3511.9886510257143,14047.954604142107,51.9384236453202,7.0252851625091015,120.1886626199334,103.0,131.0,4.505263464306386,0.19722996255349537,0.0711743772241993,0.0,0.0,0.42000000000000004,0.18867924528301888,0.1,0.0,0.6384610529722832,0.7101810551306834,0.13420216988884734,0.13420216988884734,0.5402606509666542,srtm_earth_engine
NSR-GRID-116,light_rain,Light Rain,2.0,4.0,5.0,7.0,25.0,25.5,65.0,15.0,9,True,40,3511.9886510257143,14047.954604142107,51.9384236453202,7.0252851625091015,120.1886626199334,103.0,131.0,4.505263464306386,0.19722996255349537,0.0711743772241993,0.13333333333333333,0.132,0.21000000000000002,0.5660377358490566,0.25,1.0,0.6384610529722832,0.7101810551306834,0.13420216988884734,0.13420216988884734,0.5402606509666542,srtm_earth_engine
NSR-GRID-116,heavy_rain_rush_hour,Heavy Rain During Rush Hour,12.0,24.0,32.0,40.0,23.0,23.5,80.0,22.0,17,True,40,3511.9886510257143,14047.954604142107,51.9384236453202,7.0252851625091015,120.1886626199334,103.0,131.0,4.505263464306386,0.19722996255349537,0.0711743772241993,0.8,0.8,0.13,0.8490566037735849,0.6,1.0,0.6384610529722832,0.7101810551306834,0.13420216988884734,0.13420216988884734,0.5402606509666542,srtm_earth_engine
NSR-GRID-116,extreme_rain,Extreme Rain Event,25.0,50.0,70.0,90.0,22.0,22.5,88.0,30.0,18,True,40,3511.9886510257143,14047.954604142107,51.9384236453202,7.0252851625091015,120.1886626199334,103.0,131.0,4.505263464306386,0.19722996255349537,0.0711743772241993,1.0,1.0,0.09,1.0,1.0,1.0,0.6384610529722832,0.7101810551306834,0.13420216988884734,0.13420216988884734,0.5402606509666542,srtm_earth_engine
NSR-GRID-116,hot_day_optional,Hot Urban Heat Day,0.0,0.0,0.0,0.0,40.0,43.0,35.0,10.0,14,False,40,3511.9886510257143,14047.954604142107,51.9384236453202,7.0252851625091015,120.1886626199334,103.0,131.0,4.505263464306386,0.19722996255349537,0.0711743772241993,0.0,0.0,0.8600000000000001,0.0,0.0,0.0,0.6384610529722832,0.7101810551306834,0.13420216988884734,0.13420216988884734,0.5402606509666542,srtm_earth_engine
NSR-GRID-117,normal_day,Normal Dry Day,0.0,0.0,0.0,0.0,30.0,31.0,45.0,12.0,12,False,24,1716.036088698198,6864.144354805578,55.098248494800224,5.453867602664542,129.37200919870168,122.0,138.0,4.542274429360544,0.09637096447200305,0.042704626334519574,0.0,0.0,0.42000000000000004,0.18867924528301888,0.1,0.0,0.5945181265801467,0.7065110725342507,0.06953779540326131,0.06953779540326131,0.5208613386209784,srtm_earth_engine
NSR-GRID-117,light_rain,Light Rain,2.0,4.0,5.0,7.0,25.0,25.5,65.0,15.0,9,True,24,1716.036088698198,6864.144354805578,55.098248494800224,5.453867602664542,129.37200919870168,122.0,138.0,4.542274429360544,0.09637096447200305,0.042704626334519574,0.13333333333333333,0.132,0.21000000000000002,0.5660377358490566,0.25,1.0,0.5945181265801467,0.7065110725342507,0.06953779540326131,0.06953779540326131,0.5208613386209784,srtm_earth_engine
NSR-GRID-117,heavy_rain_rush_hour,Heavy Rain During Rush Hour,12.0,24.0,32.0,40.0,23.0,23.5,80.0,22.0,17,True,24,1716.036088698198,6864.144354805578,55.098248494800224,5.453867602664542,129.37200919870168,122.0,138.0,4.542274429360544,0.09637096447200305,0.042704626334519574,0.8,0.8,0.13,0.8490566037735849,0.6,1.0,0.5945181265801467,0.7065110725342507,0.06953779540326131,0.06953779540326131,0.5208613386209784,srtm_earth_engine
NSR-GRID-117,extreme_rain,Extreme Rain Event,25.0,50.0,70.0,90.0,22.0,22.5,88.0,30.0,18,True,24,1716.036088698198,6864.144354805578,55.098248494800224,5.453867602664542,129.37200919870168,122.0,138.0,4.542274429360544,0.09637096447200305,0.042704626334519574,1.0,1.0,0.09,1.0,1.0,1.0,0.5945181265801467,0.7065110725342507,0.06953779540326131,0.06953779540326131,0.5208613386209784,srtm_earth_engine
NSR-GRID-117,hot_day_optional,Hot Urban Heat Day,0.0,0.0,0.0,0.0,40.0,43.0,35.0,10.0,14,False,24,1716.036088698198,6864.144354805578,55.098248494800224,5.453867602664542,129.37200919870168,122.0,138.0,4.542274429360544,0.09637096447200305,0.042704626334519574,0.0,0.0,0.8600000000000001,0.0,0.0,0.0,0.5945181265801467,0.7065110725342507,0.06953779540326131,0.06953779540326131,0.5208613386209784,srtm_earth_engine
NSR-GRID-118,normal_day,Normal Dry Day,0.0,0.0,0.0,0.0,30.0,31.0,45.0,12.0,12,False,94,5915.75599652167,23663.023986130756,25.113527582713203,7.605038362075216,134.3124734901628,116.0,149.0,6.27322178599383,0.33222326425449344,0.16725978647686832,0.0,0.0,0.42000000000000004,0.18867924528301888,0.1,0.0,0.570877675156416,0.5348714877547254,0.2497415253656809,0.2497415253656809,0.5749224576097043,srtm_earth_engine
NSR-GRID-118,light_rain,Light Rain,2.0,4.0,5.0,7.0,25.0,25.5,65.0,15.0,9,True,94,5915.75599652167,23663.023986130756,25.113527582713203,7.605038362075216,134.3124734901628,116.0,149.0,6.27322178599383,0.33222326425449344,0.16725978647686832,0.13333333333333333,0.132,0.21000000000000002,0.5660377358490566,0.25,1.0,0.570877675156416,0.5348714877547254,0.2497415253656809,0.2497415253656809,0.5749224576097043,srtm_earth_engine
NSR-GRID-118,heavy_rain_rush_hour,Heavy Rain During Rush Hour,12.0,24.0,32.0,40.0,23.0,23.5,80.0,22.0,17,True,94,5915.75599652167,23663.023986130756,25.113527582713203,7.605038362075216,134.3124734901628,116.0,149.0,6.27322178599383,0.33222326425449344,0.16725978647686832,0.8,0.8,0.13,0.8490566037735849,0.6,1.0,0.570877675156416,0.5348714877547254,0.2497415253656809,0.2497415253656809,0.5749224576097043,srtm_earth_engine
NSR-GRID-118,extreme_rain,Extreme Rain Event,25.0,50.0,70.0,90.0,22.0,22.5,88.0,30.0,18,True,94,5915.75599652167,23663.023986130756,25.113527582713203,7.605038362075216,134.3124734901628,116.0,149.0,6.27322178599383,0.33222326425449344,0.16725978647686832,1.0,1.0,0.09,1.0,1.0,1.0,0.570877675156416,0.5348714877547254,0.2497415253656809,0.2497415253656809,0.5749224576097043,srtm_earth_engine
NSR-GRID-118,hot_day_optional,Hot Urban Heat Day,0.0,0.0,0.0,0.0,40.0,43.0,35.0,10.0,14,False,94,5915.75599652167,23663.023986130756,25.113527582713203,7.605038362075216,134.3124734901628,116.0,149.0,6.27322178599383,0.33222326425449344,0.16725978647686832,0.0,0.0,0.8600000000000001,0.0,0.0,0.0,0.570877675156416,0.5348714877547254,0.2497415253656809,0.2497415253656809,0.5749224576097043,srtm_earth_engine
NSR-GRID-119,normal_day,Normal Dry Day,0.0,0.0,0.0,0.0,30.0,31.0,45.0,12.0,12,False,440,16563.79616296287,66255.1846519132,24.18941633079564,5.721517475003605,144.12014555185684,131.0,154.0,3.3451329797553,0.9302071337857785,0.7829181494661922,0.0,0.0,0.42000000000000004,0.18867924528301888,0.1,0.0,0.5239473096530985,0.8252188197948366,0.8565626416259853,0.8565626416259853,0.7569687924877956,srtm_earth_engine
NSR-GRID-119,light_rain,Light Rain,2.0,4.0,5.0,7.0,25.0,25.5,65.0,15.0,9,True,440,16563.79616296287,66255.1846519132,24.18941633079564,5.721517475003605,144.12014555185684,131.0,154.0,3.3451329797553,0.9302071337857785,0.7829181494661922,0.13333333333333333,0.132,0.21000000000000002,0.5660377358490566,0.25,1.0,0.5239473096530985,0.8252188197948366,0.8565626416259853,0.8565626416259853,0.7569687924877956,srtm_earth_engine
NSR-GRID-119,heavy_rain_rush_hour,Heavy Rain During Rush Hour,12.0,24.0,32.0,40.0,23.0,23.5,80.0,22.0,17,True,440,16563.79616296287,66255.1846519132,24.18941633079564,5.721517475003605,144.12014555185684,131.0,154.0,3.3451329797553,0.9302071337857785,0.7829181494661922,0.8,0.8,0.13,0.8490566037735849,0.6,1.0,0.5239473096530985,0.8252188197948366,0.8565626416259853,0.8565626416259853,0.7569687924877956,srtm_earth_engine
NSR-GRID-119,extreme_rain,Extreme Rain Event,25.0,50.0,70.0,90.0,22.0,22.5,88.0,30.0,18,True,440,16563.79616296287,66255.1846519132,24.18941633079564,5.721517475003605,144.12014555185684,131.0,154.0,3.3451329797553,0.9302071337857785,0.7829181494661922,1.0,1.0,0.09,1.0,1.0,1.0,0.5239473096530985,0.8252188197948366,0.8565626416259853,0.8565626416259853,0.7569687924877956,srtm_earth_engine
NSR-GRID-119,hot_day_optional,Hot Urban Heat Day,0.0,0.0,0.0,0.0,40.0,43.0,35.0,10.0,14,False,440,16563.79616296287,66255.1846519132,24.18941633079564,5.721517475003605,144.12014555185684,131.0,154.0,3.3451329797553,0.9302071337857785,0.7829181494661922,0.0,0.0,0.8600000000000001,0.0,0.0,0.0,0.5239473096530985,0.8252188197948366,0.8565626416259853,0.8565626416259853,0.7569687924877956,srtm_earth_engine
NSR-GRID-120,normal_day,Normal Dry Day,0.0,0.0,0.0,0.0,30.0,31.0,45.0,12.0,12,False,424,17806.567549676518,71226.27019883874,28.19143856306348,5.490720390283643,141.04614029651125,132.0,151.0,2.7847695501454592,1.0,0.7544483985765125,0.0,0.0,0.42000000000000004,0.18867924528301888,0.1,0.0,0.5386566299979275,0.8807840835304918,0.8772241992882562,0.8772241992882562,0.7631672597864769,srtm_earth_engine
NSR-GRID-120,light_rain,Light Rain,2.0,4.0,5.0,7.0,25.0,25.5,65.0,15.0,9,True,424,17806.567549676518,71226.27019883874,28.19143856306348,5.490720390283643,141.04614029651125,132.0,151.0,2.7847695501454592,1.0,0.7544483985765125,0.13333333333333333,0.132,0.21000000000000002,0.5660377358490566,0.25,1.0,0.5386566299979275,0.8807840835304918,0.8772241992882562,0.8772241992882562,0.7631672597864769,srtm_earth_engine
NSR-GRID-120,heavy_rain_rush_hour,Heavy Rain During Rush Hour,12.0,24.0,32.0,40.0,23.0,23.5,80.0,22.0,17,True,424,17806.567549676518,71226.27019883874,28.19143856306348,5.490720390283643,141.04614029651125,132.0,151.0,2.7847695501454592,1.0,0.7544483985765125,0.8,0.8,0.13,0.8490566037735849,0.6,1.0,0.5386566299979275,0.8807840835304918,0.8772241992882562,0.8772241992882562,0.7631672597864769,srtm_earth_engine
NSR-GRID-120,extreme_rain,Extreme Rain Event,25.0,50.0,70.0,90.0,22.0,22.5,88.0,30.0,18,True,424,17806.567549676518,71226.27019883874,28.19143856306348,5.490720390283643,141.04614029651125,132.0,151.0,2.7847695501454592,1.0,0.7544483985765125,1.0,1.0,0.09,1.0,1.0,1.0,0.5386566299979275,0.8807840835304918,0.8772241992882562,0.8772241992882562,0.7631672597864769,srtm_earth_engine
NSR-GRID-120,hot_day_optional,Hot Urban Heat Day,0.0,0.0,0.0,0.0,40.0,43.0,35.0,10.0,14,False,424,17806.567549676518,71226.27019883874,28.19143856306348,5.490720390283643,141.04614029651125,132.0,151.0,2.7847695501454592,1.0,0.7544483985765125,0.0,0.0,0.8600000000000001,0.0,0.0,0.0,0.5386566299979275,0.8807840835304918,0.8772241992882562,0.8772241992882562,0.7631672597864769,srtm_earth_engine
NSR-GRID-121,normal_day,Normal Dry Day,0.0,0.0,0.0,0.0,30.0,31.0,45.0,12.0,12,False,251,9509.27300727973,38037.09202918976,23.651067323481115,5.772723952763089,139.84147933048388,131.0,151.0,3.725584499126874,0.5340317824168463,0.44661921708185054,0.0,0.0,0.42000000000000004,0.18867924528301888,0.1,0.0,0.5444210131346817,0.7874935010187145,0.49032549974934847,0.49032549974934847,0.6470976499248046,srtm_earth_engine
NSR-GRID-121,light_rain,Light Rain,2.0,4.0,5.0,7.0,25.0,25.5,65.0,15.0,9,True,251,9509.27300727973,38037.09202918976,23.651067323481115,5.772723952763089,139.84147933048388,131.0,151.0,3.725584499126874,0.5340317824168463,0.44661921708185054,0.13333333333333333,0.132,0.21000000000000002,0.5660377358490566,0.25,1.0,0.5444210131346817,0.7874935010187145,0.49032549974934847,0.49032549974934847,0.6470976499248046,srtm_earth_engine
NSR-GRID-121,heavy_rain_rush_hour,Heavy Rain During Rush Hour,12.0,24.0,32.0,40.0,23.0,23.5,80.0,22.0,17,True,251,9509.27300727973,38037.09202918976,23.651067323481115,5.772723952763089,139.84147933048388,131.0,151.0,3.725584499126874,0.5340317824168463,0.44661921708185054,0.8,0.8,0.13,0.8490566037735849,0.6,1.0,0.5444210131346817,0.7874935010187145,0.49032549974934847,0.49032549974934847,0.6470976499248046,srtm_earth_engine
NSR-GRID-121,extreme_rain,Extreme Rain Event,25.0,50.0,70.0,90.0,22.0,22.5,88.0,30.0,18,True,251,9509.27300727973,38037.09202918976,23.651067323481115,5.772723952763089,139.84147933048388,131.0,151.0,3.725584499126874,0.5340317824168463,0.44661921708185054,1.0,1.0,0.09,1.0,1.0,1.0,0.5444210131346817,0.7874935010187145,0.49032549974934847,0.49032549974934847,0.6470976499248046,srtm_earth_engine
NSR-GRID-121,hot_day_optional,Hot Urban Heat Day,0.0,0.0,0.0,0.0,40.0,43.0,35.0,10.0,14,False,251,9509.27300727973,38037.09202918976,23.651067323481115,5.772723952763089,139.84147933048388,131.0,151.0,3.725584499126874,0.5340317824168463,0.44661921708185054,0.0,0.0,0.8600000000000001,0.0,0.0,0.0,0.5444210131346817,0.7874935010187145,0.49032549974934847,0.49032549974934847,0.6470976499248046,srtm_earth_engine
NSR-GRID-122,normal_day,Normal Dry Day,0.0,0.0,0.0,0.0,30.0,31.0,45.0,12.0,12,False,0,0.0,0.0,50.0,0.0,141.1998074538215,129.0,153.0,5.007141325985331,0.0,0.0,0.0,0.0,0.42000000000000004,0.18867924528301888,0.1,0.0,0.5379213223925077,0.6604151812821814,0.0,0.0,0.5,srtm_earth_engine
NSR-GRID-122,light_rain,Light Rain,2.0,4.0,5.0,7.0,25.0,25.5,65.0,15.0,9,True,0,0.0,0.0,50.0,0.0,141.1998074538215,129.0,153.0,5.007141325985331,0.0,0.0,0.13333333333333333,0.132,0.21000000000000002,0.5660377358490566,0.25,1.0,0.5379213223925077,0.6604151812821814,0.0,0.0,0.5,srtm_earth_engine
NSR-GRID-122,heavy_rain_rush_hour,Heavy Rain During Rush Hour,12.0,24.0,32.0,40.0,23.0,23.5,80.0,22.0,17,True,0,0.0,0.0,50.0,0.0,141.1998074538215,129.0,153.0,5.007141325985331,0.0,0.0,0.8,0.8,0.13,0.8490566037735849,0.6,1.0,0.5379213223925077,0.6604151812821814,0.0,0.0,0.5,srtm_earth_engine
NSR-GRID-122,extreme_rain,Extreme Rain Event,25.0,50.0,70.0,90.0,22.0,22.5,88.0,30.0,18,True,0,0.0,0.0,50.0,0.0,141.1998074538215,129.0,153.0,5.007141325985331,0.0,0.0,1.0,1.0,0.09,1.0,1.0,1.0,0.5379213223925077,0.6604151812821814,0.0,0.0,0.5,srtm_earth_engine
NSR-GRID-122,hot_day_optional,Hot Urban Heat Day,0.0,0.0,0.0,0.0,40.0,43.0,35.0,10.0,14,False,0,0.0,0.0,50.0,0.0,141.1998074538215,129.0,153.0,5.007141325985331,0.0,0.0,0.0,0.0,0.8600000000000001,0.0,0.0,0.0,0.5379213223925077,0.6604151812821814,0.0,0.0,0.5,srtm_earth_engine
NSR-GRID-123,normal_day,Normal Dry Day,0.0,0.0,0.0,0.0,30.0,31.0,45.0,12.0,12,False,0,0.0,0.0,50.0,0.0,148.5904620553552,136.0,163.0,4.925073836129463,0.0,0.0,0.0,0.0,0.42000000000000004,0.18867924528301888,0.1,0.0,0.5025565467783809,0.6685529388106117,0.0,0.0,0.5,srtm_earth_engine
NSR-GRID-123,light_rain,Light Rain,2.0,4.0,5.0,7.0,25.0,25.5,65.0,15.0,9,True,0,0.0,0.0,50.0,0.0,148.5904620553552,136.0,163.0,4.925073836129463,0.0,0.0,0.13333333333333333,0.132,0.21000000000000002,0.5660377358490566,0.25,1.0,0.5025565467783809,0.6685529388106117,0.0,0.0,0.5,srtm_earth_engine
NSR-GRID-123,heavy_rain_rush_hour,Heavy Rain During Rush Hour,12.0,24.0,32.0,40.0,23.0,23.5,80.0,22.0,17,True,0,0.0,0.0,50.0,0.0,148.5904620553552,136.0,163.0,4.925073836129463,0.0,0.0,0.8,0.8,0.13,0.8490566037735849,0.6,1.0,0.5025565467783809,0.6685529388106117,0.0,0.0,0.5,srtm_earth_engine
NSR-GRID-123,extreme_rain,Extreme Rain Event,25.0,50.0,70.0,90.0,22.0,22.5,88.0,30.0,18,True,0,0.0,0.0,50.0,0.0,148.5904620553552,136.0,163.0,4.925073836129463,0.0,0.0,1.0,1.0,0.09,1.0,1.0,1.0,0.5025565467783809,0.6685529388106117,0.0,0.0,0.5,srtm_earth_engine
NSR-GRID-123,hot_day_optional,Hot Urban Heat Day,0.0,0.0,0.0,0.0,40.0,43.0,35.0,10.0,14,False,0,0.0,0.0,50.0,0.0,148.5904620553552,136.0,163.0,4.925073836129463,0.0,0.0,0.0,0.0,0.8600000000000001,0.0,0.0,0.0,0.5025565467783809,0.6685529388106117,0.0,0.0,0.5,srtm_earth_engine
NSR-GRID-124,normal_day,Normal Dry Day,0.0,0.0,0.0,0.0,30.0,31.0,45.0,12.0,12,False,0,0.0,0.0,50.0,0.0,163.08161767104974,149.0,180.0,5.204040167223684,0.0,0.0,0.0,0.0,0.42000000000000004,0.18867924528301888,0.1,0.0,0.4332153998342273,0.6408908235804813,0.0,0.0,0.5,srtm_earth_engine
NSR-GRID-124,light_rain,Light Rain,2.0,4.0,5.0,7.0,25.0,25.5,65.0,15.0,9,True,0,0.0,0.0,50.0,0.0,163.08161767104974,149.0,180.0,5.204040167223684,0.0,0.0,0.13333333333333333,0.132,0.21000000000000002,0.5660377358490566,0.25,1.0,0.4332153998342273,0.6408908235804813,0.0,0.0,0.5,srtm_earth_engine
NSR-GRID-124,heavy_rain_rush_hour,Heavy Rain During Rush Hour,12.0,24.0,32.0,40.0,23.0,23.5,80.0,22.0,17,True,0,0.0,0.0,50.0,0.0,163.08161767104974,149.0,180.0,5.204040167223684,0.0,0.0,0.8,0.8,0.13,0.8490566037735849,0.6,1.0,0.4332153998342273,0.6408908235804813,0.0,0.0,0.5,srtm_earth_engine
NSR-GRID-124,extreme_rain,Extreme Rain Event,25.0,50.0,70.0,90.0,22.0,22.5,88.0,30.0,18,True,0,0.0,0.0,50.0,0.0,163.08161767104974,149.0,180.0,5.204040167223684,0.0,0.0,1.0,1.0,0.09,1.0,1.0,1.0,0.4332153998342273,0.6408908235804813,0.0,0.0,0.5,srtm_earth_engine
NSR-GRID-124,hot_day_optional,Hot Urban Heat Day,0.0,0.0,0.0,0.0,40.0,43.0,35.0,10.0,14,False,0,0.0,0.0,50.0,0.0,163.08161767104974,149.0,180.0,5.204040167223684,0.0,0.0,0.0,0.0,0.8600000000000001,0.0,0.0,0.0,0.4332153998342273,0.6408908235804813,0.0,0.0,0.5,srtm_earth_engine
NSR-GRID-125,normal_day,Normal Dry Day,0.0,0.0,0.0,0.0,30.0,31.0,45.0,12.0,12,False,9,898.5794408035875,3594.317763217698,27.713099799306697,9.154132483745894,164.73567325892574,151.0,178.0,4.507457693658099,0.05046337191577805,0.01601423487544484,0.0,0.0,0.42000000000000004,0.18867924528301888,0.1,0.0,0.4253006334336451,0.7099634768124314,0.033238803395611444,0.033238803395611444,0.5099716410186834,srtm_earth_engine
NSR-GRID-125,light_rain,Light Rain,2.0,4.0,5.0,7.0,25.0,25.5,65.0,15.0,9,True,9,898.5794408035875,3594.317763217698,27.713099799306697,9.154132483745894,164.73567325892574,151.0,178.0,4.507457693658099,0.05046337191577805,0.01601423487544484,0.13333333333333333,0.132,0.21000000000000002,0.5660377358490566,0.25,1.0,0.4253006334336451,0.7099634768124314,0.033238803395611444,0.033238803395611444,0.5099716410186834,srtm_earth_engine
NSR-GRID-125,heavy_rain_rush_hour,Heavy Rain During Rush Hour,12.0,24.0,32.0,40.0,23.0,23.5,80.0,22.0,17,True,9,898.5794408035875,3594.317763217698,27.713099799306697,9.154132483745894,164.73567325892574,151.0,178.0,4.507457693658099,0.05046337191577805,0.01601423487544484,0.8,0.8,0.13,0.8490566037735849,0.6,1.0,0.4253006334336451,0.7099634768124314,0.033238803395611444,0.033238803395611444,0.5099716410186834,srtm_earth_engine
NSR-GRID-125,extreme_rain,Extreme Rain Event,25.0,50.0,70.0,90.0,22.0,22.5,88.0,30.0,18,True,9,898.5794408035875,3594.317763217698,27.713099799306697,9.154132483745894,164.73567325892574,151.0,178.0,4.507457693658099,0.05046337191577805,0.01601423487544484,1.0,1.0,0.09,1.0,1.0,1.0,0.4253006334336451,0.7099634768124314,0.033238803395611444,0.033238803395611444,0.5099716410186834,srtm_earth_engine
NSR-GRID-125,hot_day_optional,Hot Urban Heat Day,0.0,0.0,0.0,0.0,40.0,43.0,35.0,10.0,14,False,9,898.5794408035875,3594.317763217698,27.713099799306697,9.154132483745894,164.73567325892574,151.0,178.0,4.507457693658099,0.05046337191577805,0.01601423487544484,0.0,0.0,0.8600000000000001,0.0,0.0,0.0,0.4253006334336451,0.7099634768124314,0.033238803395611444,0.033238803395611444,0.5099716410186834,srtm_earth_engine
NSR-GRID-126,normal_day,Normal Dry Day,0.0,0.0,0.0,0.0,30.0,31.0,45.0,12.0,12,False,0,0.0,0.0,50.0,0.0,162.48130086604775,153.0,169.0,3.3516207761600656,0.0,0.0,0.0,0.0,0.42000000000000004,0.18867924528301888,0.1,0.0,0.4360879558189,0.8245754942328078,0.0,0.0,0.5,srtm_earth_engine
NSR-GRID-126,light_rain,Light Rain,2.0,4.0,5.0,7.0,25.0,25.5,65.0,15.0,9,True,0,0.0,0.0,50.0,0.0,162.48130086604775,153.0,169.0,3.3516207761600656,0.0,0.0,0.13333333333333333,0.132,0.21000000000000002,0.5660377358490566,0.25,1.0,0.4360879558189,0.8245754942328078,0.0,0.0,0.5,srtm_earth_engine
NSR-GRID-126,heavy_rain_rush_hour,Heavy Rain During Rush Hour,12.0,24.0,32.0,40.0,23.0,23.5,80.0,22.0,17,True,0,0.0,0.0,50.0,0.0,162.48130086604775,153.0,169.0,3.3516207761600656,0.0,0.0,0.8,0.8,0.13,0.8490566037735849,0.6,1.0,0.4360879558189,0.8245754942328078,0.0,0.0,0.5,srtm_earth_engine
NSR-GRID-126,extreme_rain,Extreme Rain Event,25.0,50.0,70.0,90.0,22.0,22.5,88.0,30.0,18,True,0,0.0,0.0,50.0,0.0,162.48130086604775,153.0,169.0,3.3516207761600656,0.0,0.0,1.0,1.0,0.09,1.0,1.0,1.0,0.4360879558189,0.8245754942328078,0.0,0.0,0.5,srtm_earth_engine
NSR-GRID-126,hot_day_optional,Hot Urban Heat Day,0.0,0.0,0.0,0.0,40.0,43.0,35.0,10.0,14,False,0,0.0,0.0,50.0,0.0,162.48130086604775,153.0,169.0,3.3516207761600656,0.0,0.0,0.0,0.0,0.8600000000000001,0.0,0.0,0.0,0.4360879558189,0.8245754942328078,0.0,0.0,0.5,srtm_earth_engine
NSR-GRID-127,normal_day,Normal Dry Day,0.0,0.0,0.0,0.0,30.0,31.0,45.0,12.0,12,False,4,771.7466694190541,3086.9866776819663,42.45894909688013,11.727047936470887,168.55866423048056,160.0,176.0,3.540918747133491,0.04334056337730704,0.0071174377224199285,0.0,0.0,0.42000000000000004,0.18867924528301888,0.1,0.0,0.4070073664399727,0.8058048337543282,0.025229000549863483,0.025229000549863483,0.507568700164959,srtm_earth_engine
NSR-GRID-127,light_rain,Light Rain,2.0,4.0,5.0,7.0,25.0,25.5,65.0,15.0,9,True,4,771.7466694190541,3086.9866776819663,42.45894909688013,11.727047936470887,168.55866423048056,160.0,176.0,3.540918747133491,0.04334056337730704,0.0071174377224199285,0.13333333333333333,0.132,0.21000000000000002,0.5660377358490566,0.25,1.0,0.4070073664399727,0.8058048337543282,0.025229000549863483,0.025229000549863483,0.507568700164959,srtm_earth_engine
NSR-GRID-127,heavy_rain_rush_hour,Heavy Rain During Rush Hour,12.0,24.0,32.0,40.0,23.0,23.5,80.0,22.0,17,True,4,771.7466694190541,3086.9866776819663,42.45894909688013,11.727047936470887,168.55866423048056,160.0,176.0,3.540918747133491,0.04334056337730704,0.0071174377224199285,0.8,0.8,0.13,0.8490566037735849,0.6,1.0,0.4070073664399727,0.8058048337543282,0.025229000549863483,0.025229000549863483,0.507568700164959,srtm_earth_engine
NSR-GRID-127,extreme_rain,Extreme Rain Event,25.0,50.0,70.0,90.0,22.0,22.5,88.0,30.0,18,True,4,771.7466694190541,3086.9866776819663,42.45894909688013,11.727047936470887,168.55866423048056,160.0,176.0,3.540918747133491,0.04334056337730704,0.0071174377224199285,1.0,1.0,0.09,1.0,1.0,1.0,0.4070073664399727,0.8058048337543282,0.025229000549863483,0.025229000549863483,0.507568700164959,srtm_earth_engine
NSR-GRID-127,hot_day_optional,Hot Urban Heat Day,0.0,0.0,0.0,0.0,40.0,43.0,35.0,10.0,14,False,4,771.7466694190541,3086.9866776819663,42.45894909688013,11.727047936470887,168.55866423048056,160.0,176.0,3.540918747133491,0.04334056337730704,0.0071174377224199285,0.0,0.0,0.8600000000000001,0.0,0.0,0.0,0.4070073664399727,0.8058048337543282,0.025229000549863483,0.025229000549863483,0.507568700164959,srtm_earth_engine
NSR-GRID-128,normal_day,Normal Dry Day,0.0,0.0,0.0,0.0,30.0,31.0,45.0,12.0,12,False,0,0.0,0.0,50.0,0.0,81.40626813697035,74.0,90.0,11.667282771732108,0.0,0.0,0.0,0.0,0.42000000000000004,0.18867924528301888,0.1,0.0,0.8240373994009101,0.0,0.0,0.0,0.5,srtm_earth_engine
NSR-GRID-128,light_rain,Light Rain,2.0,4.0,5.0,7.0,25.0,25.5,65.0,15.0,9,True,0,0.0,0.0,50.0,0.0,81.40626813697035,74.0,90.0,11.667282771732108,0.0,0.0,0.13333333333333333,0.132,0.21000000000000002,0.5660377358490566,0.25,1.0,0.8240373994009101,0.0,0.0,0.0,0.5,srtm_earth_engine
NSR-GRID-128,heavy_rain_rush_hour,Heavy Rain During Rush Hour,12.0,24.0,32.0,40.0,23.0,23.5,80.0,22.0,17,True,0,0.0,0.0,50.0,0.0,81.40626813697035,74.0,90.0,11.667282771732108,0.0,0.0,0.8,0.8,0.13,0.8490566037735849,0.6,1.0,0.8240373994009101,0.0,0.0,0.0,0.5,srtm_earth_engine
NSR-GRID-128,extreme_rain,Extreme Rain Event,25.0,50.0,70.0,90.0,22.0,22.5,88.0,30.0,18,True,0,0.0,0.0,50.0,0.0,81.40626813697035,74.0,90.0,11.667282771732108,0.0,0.0,1.0,1.0,0.09,1.0,1.0,1.0,0.8240373994009101,0.0,0.0,0.0,0.5,srtm_earth_engine
NSR-GRID-128,hot_day_optional,Hot Urban Heat Day,0.0,0.0,0.0,0.0,40.0,43.0,35.0,10.0,14,False,0,0.0,0.0,50.0,0.0,81.40626813697035,74.0,90.0,11.667282771732108,0.0,0.0,0.0,0.0,0.8600000000000001,0.0,0.0,0.0,0.8240373994009101,0.0,0.0,0.0,0.5,srtm_earth_engine
NSR-GRID-129,normal_day,Normal Dry Day,0.0,0.0,0.0,0.0,30.0,31.0,45.0,12.0,12,False,1,950.8158375353836,10944.127561162846,90.0,38.03263350141533,174.23532970356914,168.0,178.0,2.480544749111874,0.15365296442746032,0.0017793594306049821,0.0,0.0,0.42000000000000004,0.18867924528301888,0.1,0.0,0.379844143218774,0.9109508117842042,0.07771616192903265,0.07771616192903265,0.5233148485787098,srtm_earth_engine
NSR-GRID-129,light_rain,Light Rain,2.0,4.0,5.0,7.0,25.0,25.5,65.0,15.0,9,True,1,950.8158375353836,10944.127561162846,90.0,38.03263350141533,174.23532970356914,168.0,178.0,2.480544749111874,0.15365296442746032,0.0017793594306049821,0.13333333333333333,0.132,0.21000000000000002,0.5660377358490566,0.25,1.0,0.379844143218774,0.9109508117842042,0.07771616192903265,0.07771616192903265,0.5233148485787098,srtm_earth_engine
NSR-GRID-129,heavy_rain_rush_hour,Heavy Rain During Rush Hour,12.0,24.0,32.0,40.0,23.0,23.5,80.0,22.0,17,True,1,950.8158375353836,10944.127561162846,90.0,38.03263350141533,174.23532970356914,168.0,178.0,2.480544749111874,0.15365296442746032,0.0017793594306049821,0.8,0.8,0.13,0.8490566037735849,0.6,1.0,0.379844143218774,0.9109508117842042,0.07771616192903265,0.07771616192903265,0.5233148485787098,srtm_earth_engine
NSR-GRID-129,extreme_rain,Extreme Rain Event,25.0,50.0,70.0,90.0,22.0,22.5,88.0,30.0,18,True,1,950.8158375353836,10944.127561162846,90.0,38.03263350141533,174.23532970356914,168.0,178.0,2.480544749111874,0.15365296442746032,0.0017793594306049821,1.0,1.0,0.09,1.0,1.0,1.0,0.379844143218774,0.9109508117842042,0.07771616192903265,0.07771616192903265,0.5233148485787098,srtm_earth_engine
NSR-GRID-129,hot_day_optional,Hot Urban Heat Day,0.0,0.0,0.0,0.0,40.0,43.0,35.0,10.0,14,False,1,950.8158375353836,10944.127561162846,90.0,38.03263350141533,174.23532970356914,168.0,178.0,2.480544749111874,0.15365296442746032,0.0017793594306049821,0.0,0.0,0.8600000000000001,0.0,0.0,0.0,0.379844143218774,0.9109508117842042,0.07771616192903265,0.07771616192903265,0.5233148485787098,srtm_earth_engine
NSR-GRID-130,normal_day,Normal Dry Day,0.0,0.0,0.0,0.0,30.0,31.0,45.0,12.0,12,False,120,6470.072495036561,29146.339078264424,28.555719759168035,7.411244900751963,86.75024211968929,75.0,104.0,6.636465309977583,0.4092077122232861,0.21352313167259787,0.0,0.0,0.42000000000000004,0.18867924528301888,0.1,0.0,0.7984661271691691,0.4988525023179363,0.311365421947942,0.311365421947942,0.5934096265843826,srtm_earth_engine
NSR-GRID-130,light_rain,Light Rain,2.0,4.0,5.0,7.0,25.0,25.5,65.0,15.0,9,True,120,6470.072495036561,29146.339078264424,28.555719759168035,7.411244900751963,86.75024211968929,75.0,104.0,6.636465309977583,0.4092077122232861,0.21352313167259787,0.13333333333333333,0.132,0.21000000000000002,0.5660377358490566,0.25,1.0,0.7984661271691691,0.4988525023179363,0.311365421947942,0.311365421947942,0.5934096265843826,srtm_earth_engine
NSR-GRID-130,heavy_rain_rush_hour,Heavy Rain During Rush Hour,12.0,24.0,32.0,40.0,23.0,23.5,80.0,22.0,17,True,120,6470.072495036561,29146.339078264424,28.555719759168035,7.411244900751963,86.75024211968929,75.0,104.0,6.636465309977583,0.4092077122232861,0.21352313167259787,0.8,0.8,0.13,0.8490566037735849,0.6,1.0,0.7984661271691691,0.4988525023179363,0.311365421947942,0.311365421947942,0.5934096265843826,srtm_earth_engine
NSR-GRID-130,extreme_rain,Extreme Rain Event,25.0,50.0,70.0,90.0,22.0,22.5,88.0,30.0,18,True,120,6470.072495036561,29146.339078264424,28.555719759168035,7.411244900751963,86.75024211968929,75.0,104.0,6.636465309977583,0.4092077122232861,0.21352313167259787,1.0,1.0,0.09,1.0,1.0,1.0,0.7984661271691691,0.4988525023179363,0.311365421947942,0.311365421947942,0.5934096265843826,srtm_earth_engine
NSR-GRID-130,hot_day_optional,Hot Urban Heat Day,0.0,0.0,0.0,0.0,40.0,43.0,35.0,10.0,14,False,120,6470.072495036561,29146.339078264424,28.555719759168035,7.411244900751963,86.75024211968929,75.0,104.0,6.636465309977583,0.4092077122232861,0.21352313167259787,0.0,0.0,0.8600000000000001,0.0,0.0,0.0,0.7984661271691691,0.4988525023179363,0.311365421947942,0.311365421947942,0.5934096265843826,srtm_earth_engine
NSR-GRID-131,normal_day,Normal Dry Day,0.0,0.0,0.0,0.0,30.0,31.0,45.0,12.0,12,False,35,4028.9657513680695,16127.345963797496,39.75052779732583,14.370097432497571,171.2471117755066,163.0,180.0,3.2949993677112013,0.226424125800433,0.06227758007117438,0.0,0.0,0.42000000000000004,0.18867924528301888,0.1,0.0,0.394142965476022,0.8301900353097229,0.1443508529358037,0.1443508529358037,0.5433052558807411,srtm_earth_engine
NSR-GRID-131,light_rain,Light Rain,2.0,4.0,5.0,7.0,25.0,25.5,65.0,15.0,9,True,35,4028.9657513680695,16127.345963797496,39.75052779732583,14.370097432497571,171.2471117755066,163.0,180.0,3.2949993677112013,0.226424125800433,0.06227758007117438,0.13333333333333333,0.132,0.21000000000000002,0.5660377358490566,0.25,1.0,0.394142965476022,0.8301900353097229,0.1443508529358037,0.1443508529358037,0.5433052558807411,srtm_earth_engine
NSR-GRID-131,heavy_rain_rush_hour,Heavy Rain During Rush Hour,12.0,24.0,32.0,40.0,23.0,23.5,80.0,22.0,17,True,35,4028.9657513680695,16127.345963797496,39.75052779732583,14.370097432497571,171.2471117755066,163.0,180.0,3.2949993677112013,0.226424125800433,0.06227758007117438,0.8,0.8,0.13,0.8490566037735849,0.6,1.0,0.394142965476022,0.8301900353097229,0.1443508529358037,0.1443508529358037,0.5433052558807411,srtm_earth_engine
NSR-GRID-131,extreme_rain,Extreme Rain Event,25.0,50.0,70.0,90.0,22.0,22.5,88.0,30.0,18,True,35,4028.9657513680695,16127.345963797496,39.75052779732583,14.370097432497571,171.2471117755066,163.0,180.0,3.2949993677112013,0.226424125800433,0.06227758007117438,1.0,1.0,0.09,1.0,1.0,1.0,0.394142965476022,0.8301900353097229,0.1443508529358037,0.1443508529358037,0.5433052558807411,srtm_earth_engine
NSR-GRID-131,hot_day_optional,Hot Urban Heat Day,0.0,0.0,0.0,0.0,40.0,43.0,35.0,10.0,14,False,35,4028.9657513680695,16127.345963797496,39.75052779732583,14.370097432497571,171.2471117755066,163.0,180.0,3.2949993677112013,0.226424125800433,0.06227758007117438,0.0,0.0,0.8600000000000001,0.0,0.0,0.0,0.394142965476022,0.8301900353097229,0.1443508529358037,0.1443508529358037,0.5433052558807411,srtm_earth_engine
NSR-GRID-132,normal_day,Normal Dry Day,0.0,0.0,0.0,0.0,30.0,31.0,45.0,12.0,12,False,80,6327.35941343123,25309.43765377206,27.291789819376028,11.680405284009238,90.71582346609264,77.0,109.0,6.609190149386892,0.35533852303534913,0.1423487544483986,0.0,0.0,0.42000000000000004,0.18867924528301888,0.1,0.0,0.7794905557135611,0.5015570890407162,0.24884363874187387,0.24884363874187387,0.5746530916225622,srtm_earth_engine
NSR-GRID-132,light_rain,Light Rain,2.0,4.0,5.0,7.0,25.0,25.5,65.0,15.0,9,True,80,6327.35941343123,25309.43765377206,27.291789819376028,11.680405284009238,90.71582346609264,77.0,109.0,6.609190149386892,0.35533852303534913,0.1423487544483986,0.13333333333333333,0.132,0.21000000000000002,0.5660377358490566,0.25,1.0,0.7794905557135611,0.5015570890407162,0.24884363874187387,0.24884363874187387,0.5746530916225622,srtm_earth_engine
NSR-GRID-132,heavy_rain_rush_hour,Heavy Rain During Rush Hour,12.0,24.0,32.0,40.0,23.0,23.5,80.0,22.0,17,True,80,6327.35941343123,25309.43765377206,27.291789819376028,11.680405284009238,90.71582346609264,77.0,109.0,6.609190149386892,0.35533852303534913,0.1423487544483986,0.8,0.8,0.13,0.8490566037735849,0.6,1.0,0.7794905557135611,0.5015570890407162,0.24884363874187387,0.24884363874187387,0.5746530916225622,srtm_earth_engine
NSR-GRID-132,extreme_rain,Extreme Rain Event,25.0,50.0,70.0,90.0,22.0,22.5,88.0,30.0,18,True,80,6327.35941343123,25309.43765377206,27.291789819376028,11.680405284009238,90.71582346609264,77.0,109.0,6.609190149386892,0.35533852303534913,0.1423487544483986,1.0,1.0,0.09,1.0,1.0,1.0,0.7794905557135611,0.5015570890407162,0.24884363874187387,0.24884363874187387,0.5746530916225622,srtm_earth_engine
NSR-GRID-132,hot_day_optional,Hot Urban Heat Day,0.0,0.0,0.0,0.0,40.0,43.0,35.0,10.0,14,False,80,6327.35941343123,25309.43765377206,27.291789819376028,11.680405284009238,90.71582346609264,77.0,109.0,6.609190149386892,0.35533852303534913,0.1423487544483986,0.0,0.0,0.8600000000000001,0.0,0.0,0.0,0.7794905557135611,0.5015570890407162,0.24884363874187387,0.24884363874187387,0.5746530916225622,srtm_earth_engine
NSR-GRID-133,normal_day,Normal Dry Day,0.0,0.0,0.0,0.0,30.0,31.0,45.0,12.0,12,False,63,6419.564169279206,25678.256677164653,30.120585398910524,14.00366830613476,96.89384991843409,88.0,119.0,6.813499406717157,0.36051665495722257,0.11209964412811388,0.0,0.0,0.42000000000000004,0.18867924528301888,0.1,0.0,0.7499282867394628,0.4812979194244969,0.2363081495426682,0.2363081495426682,0.5708924448628004,srtm_earth_engine
NSR-GRID-133,light_rain,Light Rain,2.0,4.0,5.0,7.0,25.0,25.5,65.0,15.0,9,True,63,6419.564169279206,25678.256677164653,30.120585398910524,14.00366830613476,96.89384991843409,88.0,119.0,6.813499406717157,0.36051665495722257,0.11209964412811388,0.13333333333333333,0.132,0.21000000000000002,0.5660377358490566,0.25,1.0,0.7499282867394628,0.4812979194244969,0.2363081495426682,0.2363081495426682,0.5708924448628004,srtm_earth_engine
NSR-GRID-133,heavy_rain_rush_hour,Heavy Rain During Rush Hour,12.0,24.0,32.0,40.0,23.0,23.5,80.0,22.0,17,True,63,6419.564169279206,25678.256677164653,30.120585398910524,14.00366830613476,96.89384991843409,88.0,119.0,6.813499406717157,0.36051665495722257,0.11209964412811388,0.8,0.8,0.13,0.8490566037735849,0.6,1.0,0.7499282867394628,0.4812979194244969,0.2363081495426682,0.2363081495426682,0.5708924448628004,srtm_earth_engine
NSR-GRID-133,extreme_rain,Extreme Rain Event,25.0,50.0,70.0,90.0,22.0,22.5,88.0,30.0,18,True,63,6419.564169279206,25678.256677164653,30.120585398910524,14.00366830613476,96.89384991843409,88.0,119.0,6.813499406717157,0.36051665495722257,0.11209964412811388,1.0,1.0,0.09,1.0,1.0,1.0,0.7499282867394628,0.4812979194244969,0.2363081495426682,0.2363081495426682,0.5708924448628004,srtm_earth_engine
NSR-GRID-133,hot_day_optional,Hot Urban Heat Day,0.0,0.0,0.0,0.0,40.0,43.0,35.0,10.0,14,False,63,6419.564169279206,25678.256677164653,30.120585398910524,14.00366830613476,96.89384991843409,88.0,119.0,6.813499406717157,0.36051665495722257,0.11209964412811388,0.0,0.0,0.8600000000000001,0.0,0.0,0.0,0.7499282867394628,0.4812979194244969,0.2363081495426682,0.2363081495426682,0.5708924448628004,srtm_earth_engine
NSR-GRID-134,normal_day,Normal Dry Day,0.0,0.0,0.0,0.0,30.0,31.0,45.0,12.0,12,False,86,6867.413957373698,27469.655829571544,36.55046397067247,8.890865427846979,102.239043174624,86.0,120.0,7.405919904921746,0.3856674756783685,0.15302491103202848,0.0,0.0,0.42000000000000004,0.18867924528301888,0.1,0.0,0.7243511802027734,0.4225538981594658,0.2693461933551985,0.2693461933551985,0.5808038580065595,srtm_earth_engine
NSR-GRID-134,light_rain,Light Rain,2.0,4.0,5.0,7.0,25.0,25.5,65.0,15.0,9,True,86,6867.413957373698,27469.655829571544,36.55046397067247,8.890865427846979,102.239043174624,86.0,120.0,7.405919904921746,0.3856674756783685,0.15302491103202848,0.13333333333333333,0.132,0.21000000000000002,0.5660377358490566,0.25,1.0,0.7243511802027734,0.4225538981594658,0.2693461933551985,0.2693461933551985,0.5808038580065595,srtm_earth_engine
NSR-GRID-134,heavy_rain_rush_hour,Heavy Rain During Rush Hour,12.0,24.0,32.0,40.0,23.0,23.5,80.0,22.0,17,True,86,6867.413957373698,27469.655829571544,36.55046397067247,8.890865427846979,102.239043174624,86.0,120.0,7.405919904921746,0.3856674756783685,0.15302491103202848,0.8,0.8,0.13,0.8490566037735849,0.6,1.0,0.7243511802027734,0.4225538981594658,0.2693461933551985,0.2693461933551985,0.5808038580065595,srtm_earth_engine
NSR-GRID-134,extreme_rain,Extreme Rain Event,25.0,50.0,70.0,90.0,22.0,22.5,88.0,30.0,18,True,86,6867.413957373698,27469.655829571544,36.55046397067247,8.890865427846979,102.239043174624,86.0,120.0,7.405919904921746,0.3856674756783685,0.15302491103202848,1.0,1.0,0.09,1.0,1.0,1.0,0.7243511802027734,0.4225538981594658,0.2693461933551985,0.2693461933551985,0.5808038580065595,srtm_earth_engine
NSR-GRID-134,hot_day_optional,Hot Urban Heat Day,0.0,0.0,0.0,0.0,40.0,43.0,35.0,10.0,14,False,86,6867.413957373698,27469.655829571544,36.55046397067247,8.890865427846979,102.239043174624,86.0,120.0,7.405919904921746,0.3856674756783685,0.15302491103202848,0.0,0.0,0.8600000000000001,0.0,0.0,0.0,0.7243511802027734,0.4225538981594658,0.2693461933551985,0.2693461933551985,0.5808038580065595,srtm_earth_engine
NSR-GRID-135,normal_day,Normal Dry Day,0.0,0.0,0.0,0.0,30.0,31.0,45.0,12.0,12,False,73,5200.652310243675,20802.609241013448,28.174809366354005,9.840018591710148,104.93174478911835,90.0,131.0,6.98596099665609,0.2920637172624632,0.1298932384341637,0.0,0.0,0.42000000000000004,0.18867924528301888,0.1,0.0,0.7114664232324465,0.4641967432540617,0.21097847784831347,0.21097847784831347,0.563293543354494,srtm_earth_engine
NSR-GRID-135,light_rain,Light Rain,2.0,4.0,5.0,7.0,25.0,25.5,65.0,15.0,9,True,73,5200.652310243675,20802.609241013448,28.174809366354005,9.840018591710148,104.93174478911835,90.0,131.0,6.98596099665609,0.2920637172624632,0.1298932384341637,0.13333333333333333,0.132,0.21000000000000002,0.5660377358490566,0.25,1.0,0.7114664232324465,0.4641967432540617,0.21097847784831347,0.21097847784831347,0.563293543354494,srtm_earth_engine
NSR-GRID-135,heavy_rain_rush_hour,Heavy Rain During Rush Hour,12.0,24.0,32.0,40.0,23.0,23.5,80.0,22.0,17,True,73,5200.652310243675,20802.609241013448,28.174809366354005,9.840018591710148,104.93174478911835,90.0,131.0,6.98596099665609,0.2920637172624632,0.1298932384341637,0.8,0.8,0.13,0.8490566037735849,0.6,1.0,0.7114664232324465,0.4641967432540617,0.21097847784831347,0.21097847784831347,0.563293543354494,srtm_earth_engine
NSR-GRID-135,extreme_rain,Extreme Rain Event,25.0,50.0,70.0,90.0,22.0,22.5,88.0,30.0,18,True,73,5200.652310243675,20802.609241013448,28.174809366354005,9.840018591710148,104.93174478911835,90.0,131.0,6.98596099665609,0.2920637172624632,0.1298932384341637,1.0,1.0,0.09,1.0,1.0,1.0,0.7114664232324465,0.4641967432540617,0.21097847784831347,0.21097847784831347,0.563293543354494,srtm_earth_engine
NSR-GRID-135,hot_day_optional,Hot Urban Heat Day,0.0,0.0,0.0,0.0,40.0,43.0,35.0,10.0,14,False,73,5200.652310243675,20802.609241013448,28.174809366354005,9.840018591710148,104.93174478911835,90.0,131.0,6.98596099665609,0.2920637172624632,0.1298932384341637,0.0,0.0,0.8600000000000001,0.0,0.0,0.0,0.7114664232324465,0.4641967432540617,0.21097847784831347,0.21097847784831347,0.563293543354494,srtm_earth_engine
NSR-GRID-136,normal_day,Normal Dry Day,0.0,0.0,0.0,0.0,30.0,31.0,45.0,12.0,12,False,26,3545.1045653597253,14180.418261465316,58.501136794240246,9.33112327427884,104.907422512235,91.0,122.0,4.63458936513346,0.19908972099589894,0.046263345195729534,0.0,0.0,0.42000000000000004,0.18867924528301888,0.1,0.0,0.7115828069509098,0.6973571851070617,0.12267653309581424,0.12267653309581424,0.5368029599287443,srtm_earth_engine
NSR-GRID-136,light_rain,Light Rain,2.0,4.0,5.0,7.0,25.0,25.5,65.0,15.0,9,True,26,3545.1045653597253,14180.418261465316,58.501136794240246,9.33112327427884,104.907422512235,91.0,122.0,4.63458936513346,0.19908972099589894,0.046263345195729534,0.13333333333333333,0.132,0.21000000000000002,0.5660377358490566,0.25,1.0,0.7115828069509098,0.6973571851070617,0.12267653309581424,0.12267653309581424,0.5368029599287443,srtm_earth_engine
NSR-GRID-136,heavy_rain_rush_hour,Heavy Rain During Rush Hour,12.0,24.0,32.0,40.0,23.0,23.5,80.0,22.0,17,True,26,3545.1045653597253,14180.418261465316,58.501136794240246,9.33112327427884,104.907422512235,91.0,122.0,4.63458936513346,0.19908972099589894,0.046263345195729534,0.8,0.8,0.13,0.8490566037735849,0.6,1.0,0.7115828069509098,0.6973571851070617,0.12267653309581424,0.12267653309581424,0.5368029599287443,srtm_earth_engine
NSR-GRID-136,extreme_rain,Extreme Rain Event,25.0,50.0,70.0,90.0,22.0,22.5,88.0,30.0,18,True,26,3545.1045653597253,14180.418261465316,58.501136794240246,9.33112327427884,104.907422512235,91.0,122.0,4.63458936513346,0.19908972099589894,0.046263345195729534,1.0,1.0,0.09,1.0,1.0,1.0,0.7115828069509098,0.6973571851070617,0.12267653309581424,0.12267653309581424,0.5368029599287443,srtm_earth_engine
NSR-GRID-136,hot_day_optional,Hot Urban Heat Day,0.0,0.0,0.0,0.0,40.0,43.0,35.0,10.0,14,False,26,3545.1045653597253,14180.418261465316,58.501136794240246,9.33112327427884,104.907422512235,91.0,122.0,4.63458936513346,0.19908972099589894,0.046263345195729534,0.0,0.0,0.8600000000000001,0.0,0.0,0.0,0.7115828069509098,0.6973571851070617,0.12267653309581424,0.12267653309581424,0.5368029599287443,srtm_earth_engine
NSR-GRID-137,normal_day,Normal Dry Day,0.0,0.0,0.0,0.0,30.0,31.0,45.0,12.0,12,False,77,5749.125766833104,22996.50306735383,34.33368519821722,9.108103562257757,117.69232777469584,95.0,138.0,8.621721182166963,0.3228654680801854,0.13701067615658363,0.0,0.0,0.42000000000000004,0.18867924528301888,0.1,0.0,0.6504061818437141,0.3019958548422675,0.22993807211838452,0.22993807211838452,0.5689814216355153,srtm_earth_engine
NSR-GRID-137,light_rain,Light Rain,2.0,4.0,5.0,7.0,25.0,25.5,65.0,15.0,9,True,77,5749.125766833104,22996.50306735383,34.33368519821722,9.108103562257757,117.69232777469584,95.0,138.0,8.621721182166963,0.3228654680801854,0.13701067615658363,0.13333333333333333,0.132,0.21000000000000002,0.5660377358490566,0.25,1.0,0.6504061818437141,0.3019958548422675,0.22993807211838452,0.22993807211838452,0.5689814216355153,srtm_earth_engine
NSR-GRID-137,heavy_rain_rush_hour,Heavy Rain During Rush Hour,12.0,24.0,32.0,40.0,23.0,23.5,80.0,22.0,17,True,77,5749.125766833104,22996.50306735383,34.33368519821722,9.108103562257757,117.69232777469584,95.0,138.0,8.621721182166963,0.3228654680801854,0.13701067615658363,0.8,0.8,0.13,0.8490566037735849,0.6,1.0,0.6504061818437141,0.3019958548422675,0.22993807211838452,0.22993807211838452,0.5689814216355153,srtm_earth_engine
NSR-GRID-137,extreme_rain,Extreme Rain Event,25.0,50.0,70.0,90.0,22.0,22.5,88.0,30.0,18,True,77,5749.125766833104,22996.50306735383,34.33368519821722,9.108103562257757,117.69232777469584,95.0,138.0,8.621721182166963,0.3228654680801854,0.13701067615658363,1.0,1.0,0.09,1.0,1.0,1.0,0.6504061818437141,0.3019958548422675,0.22993807211838452,0.22993807211838452,0.5689814216355153,srtm_earth_engine
NSR-GRID-137,hot_day_optional,Hot Urban Heat Day,0.0,0.0,0.0,0.0,40.0,43.0,35.0,10.0,14,False,77,5749.125766833104,22996.50306735383,34.33368519821722,9.108103562257757,117.69232777469584,95.0,138.0,8.621721182166963,0.3228654680801854,0.13701067615658363,0.0,0.0,0.8600000000000001,0.0,0.0,0.0,0.6504061818437141,0.3019958548422675,0.22993807211838452,0.22993807211838452,0.5689814216355153,srtm_earth_engine
NSR-GRID-138,normal_day,Normal Dry Day,0.0,0.0,0.0,0.0,30.0,31.0,45.0,12.0,12,False,66,5909.608602669905,23638.43441072365,37.678633626909495,11.08534940339339,127.85889030237796,111.0,156.0,10.866540891953983,0.3318780324272693,0.11743772241992882,0.0,0.0,0.42000000000000004,0.18867924528301888,0.1,0.0,0.6017585015037535,0.0794010304438224,0.22465787742359908,0.22465787742359908,0.5673973632270797,srtm_earth_engine
NSR-GRID-138,light_rain,Light Rain,2.0,4.0,5.0,7.0,25.0,25.5,65.0,15.0,9,True,66,5909.608602669905,23638.43441072365,37.678633626909495,11.08534940339339,127.85889030237796,111.0,156.0,10.866540891953983,0.3318780324272693,0.11743772241992882,0.13333333333333333,0.132,0.21000000000000002,0.5660377358490566,0.25,1.0,0.6017585015037535,0.0794010304438224,0.22465787742359908,0.22465787742359908,0.5673973632270797,srtm_earth_engine
NSR-GRID-138,heavy_rain_rush_hour,Heavy Rain During Rush Hour,12.0,24.0,32.0,40.0,23.0,23.5,80.0,22.0,17,True,66,5909.608602669905,23638.43441072365,37.678633626909495,11.08534940339339,127.85889030237796,111.0,156.0,10.866540891953983,0.3318780324272693,0.11743772241992882,0.8,0.8,0.13,0.8490566037735849,0.6,1.0,0.6017585015037535,0.0794010304438224,0.22465787742359908,0.22465787742359908,0.5673973632270797,srtm_earth_engine
NSR-GRID-138,extreme_rain,Extreme Rain Event,25.0,50.0,70.0,90.0,22.0,22.5,88.0,30.0,18,True,66,5909.608602669905,23638.43441072365,37.678633626909495,11.08534940339339,127.85889030237796,111.0,156.0,10.866540891953983,0.3318780324272693,0.11743772241992882,1.0,1.0,0.09,1.0,1.0,1.0,0.6017585015037535,0.0794010304438224,0.22465787742359908,0.22465787742359908,0.5673973632270797,srtm_earth_engine
NSR-GRID-138,hot_day_optional,Hot Urban Heat Day,0.0,0.0,0.0,0.0,40.0,43.0,35.0,10.0,14,False,66,5909.608602669905,23638.43441072365,37.678633626909495,11.08534940339339,127.85889030237796,111.0,156.0,10.866540891953983,0.3318780324272693,0.11743772241992882,0.0,0.0,0.8600000000000001,0.0,0.0,0.0,0.6017585015037535,0.0794010304438224,0.22465787742359908,0.22465787742359908,0.5673973632270797,srtm_earth_engine
NSR-GRID-139,normal_day,Normal Dry Day,0.0,0.0,0.0,0.0,30.0,31.0,45.0,12.0,12,False,143,8443.22524745485,33772.900989882306,33.96319772181842,7.3481325638876465,124.3982055464928,104.0,145.0,5.097685034269227,0.4741635480223831,0.25444839857651247,0.0,0.0,0.42000000000000004,0.18867924528301888,0.1,0.0,0.6183181090705461,0.6514369275908192,0.3643059732994478,0.3643059732994478,0.6092917919898343,srtm_earth_engine
NSR-GRID-139,light_rain,Light Rain,2.0,4.0,5.0,7.0,25.0,25.5,65.0,15.0,9,True,143,8443.22524745485,33772.900989882306,33.96319772181842,7.3481325638876465,124.3982055464928,104.0,145.0,5.097685034269227,0.4741635480223831,0.25444839857651247,0.13333333333333333,0.132,0.21000000000000002,0.5660377358490566,0.25,1.0,0.6183181090705461,0.6514369275908192,0.3643059732994478,0.3643059732994478,0.6092917919898343,srtm_earth_engine
NSR-GRID-139,heavy_rain_rush_hour,Heavy Rain During Rush Hour,12.0,24.0,32.0,40.0,23.0,23.5,80.0,22.0,17,True,143,8443.22524745485,33772.900989882306,33.96319772181842,7.3481325638876465,124.3982055464928,104.0,145.0,5.097685034269227,0.4741635480223831,0.25444839857651247,0.8,0.8,0.13,0.8490566037735849,0.6,1.0,0.6183181090705461,0.6514369275908192,0.3643059732994478,0.3643059732994478,0.6092917919898343,srtm_earth_engine
NSR-GRID-139,extreme_rain,Extreme Rain Event,25.0,50.0,70.0,90.0,22.0,22.5,88.0,30.0,18,True,143,8443.22524745485,33772.900989882306,33.96319772181842,7.3481325638876465,124.3982055464928,104.0,145.0,5.097685034269227,0.4741635480223831,0.25444839857651247,1.0,1.0,0.09,1.0,1.0,1.0,0.6183181090705461,0.6514369275908192,0.3643059732994478,0.3643059732994478,0.6092917919898343,srtm_earth_engine
NSR-GRID-139,hot_day_optional,Hot Urban Heat Day,0.0,0.0,0.0,0.0,40.0,43.0,35.0,10.0,14,False,143,8443.22524745485,33772.900989882306,33.96319772181842,7.3481325638876465,124.3982055464928,104.0,145.0,5.097685034269227,0.4741635480223831,0.25444839857651247,0.0,0.0,0.8600000000000001,0.0,0.0,0.0,0.6183181090705461,0.6514369275908192,0.3643059732994478,0.3643059732994478,0.6092917919898343,srtm_earth_engine
NSR-GRID-140,normal_day,Normal Dry Day,0.0,0.0,0.0,0.0,30.0,31.0,45.0,12.0,12,False,7,1325.5871224836164,5302.3484899492805,61.417898193760266,11.099867305516026,118.1743465065432,99.0,143.0,8.860149956584369,0.07444371964370709,0.012455516014234875,0.0,0.0,0.42000000000000004,0.18867924528301888,0.1,0.0,0.6480996900357963,0.2783534166804901,0.043449617828970985,0.043449617828970985,0.5130348853486913,srtm_earth_engine
NSR-GRID-140,light_rain,Light Rain,2.0,4.0,5.0,7.0,25.0,25.5,65.0,15.0,9,True,7,1325.5871224836164,5302.3484899492805,61.417898193760266,11.099867305516026,118.1743465065432,99.0,143.0,8.860149956584369,0.07444371964370709,0.012455516014234875,0.13333333333333333,0.132,0.21000000000000002,0.5660377358490566,0.25,1.0,0.6480996900357963,0.2783534166804901,0.043449617828970985,0.043449617828970985,0.5130348853486913,srtm_earth_engine
NSR-GRID-140,heavy_rain_rush_hour,Heavy Rain During Rush Hour,12.0,24.0,32.0,40.0,23.0,23.5,80.0,22.0,17,True,7,1325.5871224836164,5302.3484899492805,61.417898193760266,11.099867305516026,118.1743465065432,99.0,143.0,8.860149956584369,0.07444371964370709,0.012455516014234875,0.8,0.8,0.13,0.8490566037735849,0.6,1.0,0.6480996900357963,0.2783534166804901,0.043449617828970985,0.043449617828970985,0.5130348853486913,srtm_earth_engine
NSR-GRID-140,extreme_rain,Extreme Rain Event,25.0,50.0,70.0,90.0,22.0,22.5,88.0,30.0,18,True,7,1325.5871224836164,5302.3484899492805,61.417898193760266,11.099867305516026,118.1743465065432,99.0,143.0,8.860149956584369,0.07444371964370709,0.012455516014234875,1.0,1.0,0.09,1.0,1.0,1.0,0.6480996900357963,0.2783534166804901,0.043449617828970985,0.043449617828970985,0.5130348853486913,srtm_earth_engine
NSR-GRID-140,hot_day_optional,Hot Urban Heat Day,0.0,0.0,0.0,0.0,40.0,43.0,35.0,10.0,14,False,7,1325.5871224836164,5302.3484899492805,61.417898193760266,11.099867305516026,118.1743465065432,99.0,143.0,8.860149956584369,0.07444371964370709,0.012455516014234875,0.0,0.0,0.8600000000000001,0.0,0.0,0.0,0.6480996900357963,0.2783534166804901,0.043449617828970985,0.043449617828970985,0.5130348853486913,srtm_earth_engine
NSR-GRID-141,normal_day,Normal Dry Day,0.0,0.0,0.0,0.0,30.0,31.0,45.0,12.0,12,False,0,0.0,0.0,50.0,0.0,130.95668199758626,109.0,148.0,7.114762079233754,0.0,0.0,0.0,0.0,0.42000000000000004,0.18867924528301888,0.1,0.0,0.5869353614563735,0.4514249138578271,0.0,0.0,0.5,srtm_earth_engine
NSR-GRID-141,light_rain,Light Rain,2.0,4.0,5.0,7.0,25.0,25.5,65.0,15.0,9,True,0,0.0,0.0,50.0,0.0,130.95668199758626,109.0,148.0,7.114762079233754,0.0,0.0,0.13333333333333333,0.132,0.21000000000000002,0.5660377358490566,0.25,1.0,0.5869353614563735,0.4514249138578271,0.0,0.0,0.5,srtm_earth_engine
NSR-GRID-141,heavy_rain_rush_hour,Heavy Rain During Rush Hour,12.0,24.0,32.0,40.0,23.0,23.5,80.0,22.0,17,True,0,0.0,0.0,50.0,0.0,130.95668199758626,109.0,148.0,7.114762079233754,0.0,0.0,0.8,0.8,0.13,0.8490566037735849,0.6,1.0,0.5869353614563735,0.4514249138578271,0.0,0.0,0.5,srtm_earth_engine
NSR-GRID-141,extreme_rain,Extreme Rain Event,25.0,50.0,70.0,90.0,22.0,22.5,88.0,30.0,18,True,0,0.0,0.0,50.0,0.0,130.95668199758626,109.0,148.0,7.114762079233754,0.0,0.0,1.0,1.0,0.09,1.0,1.0,1.0,0.5869353614563735,0.4514249138578271,0.0,0.0,0.5,srtm_earth_engine
NSR-GRID-141,hot_day_optional,Hot Urban Heat Day,0.0,0.0,0.0,0.0,40.0,43.0,35.0,10.0,14,False,0,0.0,0.0,50.0,0.0,130.95668199758626,109.0,148.0,7.114762079233754,0.0,0.0,0.0,0.0,0.8600000000000001,0.0,0.0,0.0,0.5869353614563735,0.4514249138578271,0.0,0.0,0.5,srtm_earth_engine
NSR-GRID-142,normal_day,Normal Dry Day,0.0,0.0,0.0,0.0,30.0,31.0,45.0,12.0,12,False,67,4012.756474109881,16051.025896469422,32.55502046418155,7.759213926710453,143.7518597063623,119.0,159.0,5.86548384016432,0.22535261009260477,0.11921708185053381,0.0,0.0,0.42000000000000004,0.18867924528301888,0.1,0.0,0.5257095820078466,0.5753025103695053,0.1722848459715693,0.1722848459715693,0.5516854537914708,srtm_earth_engine
NSR-GRID-142,light_rain,Light Rain,2.0,4.0,5.0,7.0,25.0,25.5,65.0,15.0,9,True,67,4012.756474109881,16051.025896469422,32.55502046418155,7.759213926710453,143.7518597063623,119.0,159.0,5.86548384016432,0.22535261009260477,0.11921708185053381,0.13333333333333333,0.132,0.21000000000000002,0.5660377358490566,0.25,1.0,0.5257095820078466,0.5753025103695053,0.1722848459715693,0.1722848459715693,0.5516854537914708,srtm_earth_engine
NSR-GRID-142,heavy_rain_rush_hour,Heavy Rain During Rush Hour,12.0,24.0,32.0,40.0,23.0,23.5,80.0,22.0,17,True,67,4012.756474109881,16051.025896469422,32.55502046418155,7.759213926710453,143.7518597063623,119.0,159.0,5.86548384016432,0.22535261009260477,0.11921708185053381,0.8,0.8,0.13,0.8490566037735849,0.6,1.0,0.5257095820078466,0.5753025103695053,0.1722848459715693,0.1722848459715693,0.5516854537914708,srtm_earth_engine
NSR-GRID-142,extreme_rain,Extreme Rain Event,25.0,50.0,70.0,90.0,22.0,22.5,88.0,30.0,18,True,67,4012.756474109881,16051.025896469422,32.55502046418155,7.759213926710453,143.7518597063623,119.0,159.0,5.86548384016432,0.22535261009260477,0.11921708185053381,1.0,1.0,0.09,1.0,1.0,1.0,0.5257095820078466,0.5753025103695053,0.1722848459715693,0.1722848459715693,0.5516854537914708,srtm_earth_engine
NSR-GRID-142,hot_day_optional,Hot Urban Heat Day,0.0,0.0,0.0,0.0,40.0,43.0,35.0,10.0,14,False,67,4012.756474109881,16051.025896469422,32.55502046418155,7.759213926710453,143.7518597063623,119.0,159.0,5.86548384016432,0.22535261009260477,0.11921708185053381,0.0,0.0,0.8600000000000001,0.0,0.0,0.0,0.5257095820078466,0.5753025103695053,0.1722848459715693,0.1722848459715693,0.5516854537914708,srtm_earth_engine
NSR-GRID-143,normal_day,Normal Dry Day,0.0,0.0,0.0,0.0,30.0,31.0,45.0,12.0,12,False,227,9148.51965052876,36594.07860214912,27.843019176377823,5.652852612285593,153.82831315471742,147.0,162.0,3.086776541306069,0.5137722149424826,0.40391459074733094,0.0,0.0,0.42000000000000004,0.18867924528301888,0.1,0.0,0.4774930796274856,0.8508372718237839,0.45884340284490677,0.45884340284490677,0.6376530208534721,srtm_earth_engine
NSR-GRID-143,light_rain,Light Rain,2.0,4.0,5.0,7.0,25.0,25.5,65.0,15.0,9,True,227,9148.51965052876,36594.07860214912,27.843019176377823,5.652852612285593,153.82831315471742,147.0,162.0,3.086776541306069,0.5137722149424826,0.40391459074733094,0.13333333333333333,0.132,0.21000000000000002,0.5660377358490566,0.25,1.0,0.4774930796274856,0.8508372718237839,0.45884340284490677,0.45884340284490677,0.6376530208534721,srtm_earth_engine
NSR-GRID-143,heavy_rain_rush_hour,Heavy Rain During Rush Hour,12.0,24.0,32.0,40.0,23.0,23.5,80.0,22.0,17,True,227,9148.51965052876,36594.07860214912,27.843019176377823,5.652852612285593,153.82831315471742,147.0,162.0,3.086776541306069,0.5137722149424826,0.40391459074733094,0.8,0.8,0.13,0.8490566037735849,0.6,1.0,0.4774930796274856,0.8508372718237839,0.45884340284490677,0.45884340284490677,0.6376530208534721,srtm_earth_engine
NSR-GRID-143,extreme_rain,Extreme Rain Event,25.0,50.0,70.0,90.0,22.0,22.5,88.0,30.0,18,True,227,9148.51965052876,36594.07860214912,27.843019176377823,5.652852612285593,153.82831315471742,147.0,162.0,3.086776541306069,0.5137722149424826,0.40391459074733094,1.0,1.0,0.09,1.0,1.0,1.0,0.4774930796274856,0.8508372718237839,0.45884340284490677,0.45884340284490677,0.6376530208534721,srtm_earth_engine
NSR-GRID-143,hot_day_optional,Hot Urban Heat Day,0.0,0.0,0.0,0.0,40.0,43.0,35.0,10.0,14,False,227,9148.51965052876,36594.07860214912,27.843019176377823,5.652852612285593,153.82831315471742,147.0,162.0,3.086776541306069,0.5137722149424826,0.40391459074733094,0.0,0.0,0.8600000000000001,0.0,0.0,0.0,0.4774930796274856,0.8508372718237839,0.45884340284490677,0.45884340284490677,0.6376530208534721,srtm_earth_engine
NSR-GRID-144,normal_day,Normal Dry Day,0.0,0.0,0.0,0.0,30.0,31.0,45.0,12.0,12,False,463,16042.633744058763,64170.53497635458,26.20257157752503,5.068379775536721,153.74911113285717,145.0,165.0,3.0637137159419847,0.9009391450263081,0.8238434163701067,0.0,0.0,0.42000000000000004,0.18867924528301888,0.1,0.0,0.4778720665890319,0.8531241661964893,0.8623912806982075,0.8623912806982075,0.7587173842094622,srtm_earth_engine
NSR-GRID-144,light_rain,Light Rain,2.0,4.0,5.0,7.0,25.0,25.5,65.0,15.0,9,True,463,16042.633744058763,64170.53497635458,26.20257157752503,5.068379775536721,153.74911113285717,145.0,165.0,3.0637137159419847,0.9009391450263081,0.8238434163701067,0.13333333333333333,0.132,0.21000000000000002,0.5660377358490566,0.25,1.0,0.4778720665890319,0.8531241661964893,0.8623912806982075,0.8623912806982075,0.7587173842094622,srtm_earth_engine
NSR-GRID-144,heavy_rain_rush_hour,Heavy Rain During Rush Hour,12.0,24.0,32.0,40.0,23.0,23.5,80.0,22.0,17,True,463,16042.633744058763,64170.53497635458,26.20257157752503,5.068379775536721,153.74911113285717,145.0,165.0,3.0637137159419847,0.9009391450263081,0.8238434163701067,0.8,0.8,0.13,0.8490566037735849,0.6,1.0,0.4778720665890319,0.8531241661964893,0.8623912806982075,0.8623912806982075,0.7587173842094622,srtm_earth_engine
NSR-GRID-144,extreme_rain,Extreme Rain Event,25.0,50.0,70.0,90.0,22.0,22.5,88.0,30.0,18,True,463,16042.633744058763,64170.53497635458,26.20257157752503,5.068379775536721,153.74911113285717,145.0,165.0,3.0637137159419847,0.9009391450263081,0.8238434163701067,1.0,1.0,0.09,1.0,1.0,1.0,0.4778720665890319,0.8531241661964893,0.8623912806982075,0.8623912806982075,0.7587173842094622,srtm_earth_engine
NSR-GRID-144,hot_day_optional,Hot Urban Heat Day,0.0,0.0,0.0,0.0,40.0,43.0,35.0,10.0,14,False,463,16042.633744058763,64170.53497635458,26.20257157752503,5.068379775536721,153.74911113285717,145.0,165.0,3.0637137159419847,0.9009391450263081,0.8238434163701067,0.0,0.0,0.8600000000000001,0.0,0.0,0.0,0.4778720665890319,0.8531241661964893,0.8623912806982075,0.8623912806982075,0.7587173842094622,srtm_earth_engine
NSR-GRID-145,normal_day,Normal Dry Day,0.0,0.0,0.0,0.0,30.0,31.0,45.0,12.0,12,False,350,12227.078543485586,48908.31417403344,23.5,5.351669636054481,152.70877650897236,140.0,167.0,3.5899373610665366,0.6866611720296261,0.6227758007117438,0.0,0.0,0.42000000000000004,0.18867924528301888,0.1,0.0,0.4828501372094148,0.8009441807080679,0.654718486370685,0.654718486370685,0.6964155459112055,srtm_earth_engine
NSR-GRID-145,light_rain,Light Rain,2.0,4.0,5.0,7.0,25.0,25.5,65.0,15.0,9,True,350,12227.078543485586,48908.31417403344,23.5,5.351669636054481,152.70877650897236,140.0,167.0,3.5899373610665366,0.6866611720296261,0.6227758007117438,0.13333333333333333,0.132,0.21000000000000002,0.5660377358490566,0.25,1.0,0.4828501372094148,0.8009441807080679,0.654718486370685,0.654718486370685,0.6964155459112055,srtm_earth_engine
NSR-GRID-145,heavy_rain_rush_hour,Heavy Rain During Rush Hour,12.0,24.0,32.0,40.0,23.0,23.5,80.0,22.0,17,True,350,12227.078543485586,48908.31417403344,23.5,5.351669636054481,152.70877650897236,140.0,167.0,3.5899373610665366,0.6866611720296261,0.6227758007117438,0.8,0.8,0.13,0.8490566037735849,0.6,1.0,0.4828501372094148,0.8009441807080679,0.654718486370685,0.654718486370685,0.6964155459112055,srtm_earth_engine
NSR-GRID-145,extreme_rain,Extreme Rain Event,25.0,50.0,70.0,90.0,22.0,22.5,88.0,30.0,18,True,350,12227.078543485586,48908.31417403344,23.5,5.351669636054481,152.70877650897236,140.0,167.0,3.5899373610665366,0.6866611720296261,0.6227758007117438,1.0,1.0,0.09,1.0,1.0,1.0,0.4828501372094148,0.8009441807080679,0.654718486370685,0.654718486370685,0.6964155459112055,srtm_earth_engine
NSR-GRID-145,hot_day_optional,Hot Urban Heat Day,0.0,0.0,0.0,0.0,40.0,43.0,35.0,10.0,14,False,350,12227.078543485586,48908.31417403344,23.5,5.351669636054481,152.70877650897236,140.0,167.0,3.5899373610665366,0.6866611720296261,0.6227758007117438,0.0,0.0,0.8600000000000001,0.0,0.0,0.0,0.4828501372094148,0.8009441807080679,0.654718486370685,0.654718486370685,0.6964155459112055,srtm_earth_engine
NSR-GRID-146,normal_day,Normal Dry Day,0.0,0.0,0.0,0.0,30.0,31.0,45.0,12.0,12,False,0,0.0,0.0,50.0,0.0,146.7379499396274,136.0,163.0,5.310037919528938,0.0,0.0,0.0,0.0,0.42000000000000004,0.18867924528301888,0.1,0.0,0.5114209409122333,0.6303801571968293,0.0,0.0,0.5,srtm_earth_engine
NSR-GRID-146,light_rain,Light Rain,2.0,4.0,5.0,7.0,25.0,25.5,65.0,15.0,9,True,0,0.0,0.0,50.0,0.0,146.7379499396274,136.0,163.0,5.310037919528938,0.0,0.0,0.13333333333333333,0.132,0.21000000000000002,0.5660377358490566,0.25,1.0,0.5114209409122333,0.6303801571968293,0.0,0.0,0.5,srtm_earth_engine
NSR-GRID-146,heavy_rain_rush_hour,Heavy Rain During Rush Hour,12.0,24.0,32.0,40.0,23.0,23.5,80.0,22.0,17,True,0,0.0,0.0,50.0,0.0,146.7379499396274,136.0,163.0,5.310037919528938,0.0,0.0,0.8,0.8,0.13,0.8490566037735849,0.6,1.0,0.5114209409122333,0.6303801571968293,0.0,0.0,0.5,srtm_earth_engine
NSR-GRID-146,extreme_rain,Extreme Rain Event,25.0,50.0,70.0,90.0,22.0,22.5,88.0,30.0,18,True,0,0.0,0.0,50.0,0.0,146.7379499396274,136.0,163.0,5.310037919528938,0.0,0.0,1.0,1.0,0.09,1.0,1.0,1.0,0.5114209409122333,0.6303801571968293,0.0,0.0,0.5,srtm_earth_engine
NSR-GRID-146,hot_day_optional,Hot Urban Heat Day,0.0,0.0,0.0,0.0,40.0,43.0,35.0,10.0,14,False,0,0.0,0.0,50.0,0.0,146.7379499396274,136.0,163.0,5.310037919528938,0.0,0.0,0.0,0.0,0.8600000000000001,0.0,0.0,0.0,0.5114209409122333,0.6303801571968293,0.0,0.0,0.5,srtm_earth_engine
NSR-GRID-147,normal_day,Normal Dry Day,0.0,0.0,0.0,0.0,30.0,31.0,45.0,12.0,12,False,0,0.0,0.0,50.0,0.0,149.92376944906553,141.0,160.0,5.11282944119902,0.0,0.0,0.0,0.0,0.42000000000000004,0.18867924528301888,0.1,0.0,0.4961765818976736,0.6499352183059004,0.0,0.0,0.5,srtm_earth_engine
NSR-GRID-147,light_rain,Light Rain,2.0,4.0,5.0,7.0,25.0,25.5,65.0,15.0,9,True,0,0.0,0.0,50.0,0.0,149.92376944906553,141.0,160.0,5.11282944119902,0.0,0.0,0.13333333333333333,0.132,0.21000000000000002,0.5660377358490566,0.25,1.0,0.4961765818976736,0.6499352183059004,0.0,0.0,0.5,srtm_earth_engine
NSR-GRID-147,heavy_rain_rush_hour,Heavy Rain During Rush Hour,12.0,24.0,32.0,40.0,23.0,23.5,80.0,22.0,17,True,0,0.0,0.0,50.0,0.0,149.92376944906553,141.0,160.0,5.11282944119902,0.0,0.0,0.8,0.8,0.13,0.8490566037735849,0.6,1.0,0.4961765818976736,0.6499352183059004,0.0,0.0,0.5,srtm_earth_engine
NSR-GRID-147,extreme_rain,Extreme Rain Event,25.0,50.0,70.0,90.0,22.0,22.5,88.0,30.0,18,True,0,0.0,0.0,50.0,0.0,149.92376944906553,141.0,160.0,5.11282944119902,0.0,0.0,1.0,1.0,0.09,1.0,1.0,1.0,0.4961765818976736,0.6499352183059004,0.0,0.0,0.5,srtm_earth_engine
NSR-GRID-147,hot_day_optional,Hot Urban Heat Day,0.0,0.0,0.0,0.0,40.0,43.0,35.0,10.0,14,False,0,0.0,0.0,50.0,0.0,149.92376944906553,141.0,160.0,5.11282944119902,0.0,0.0,0.0,0.0,0.8600000000000001,0.0,0.0,0.0,0.4961765818976736,0.6499352183059004,0.0,0.0,0.5,srtm_earth_engine
NSR-GRID-148,normal_day,Normal Dry Day,0.0,0.0,0.0,0.0,30.0,31.0,45.0,12.0,12,False,0,0.0,0.0,50.0,0.0,156.14313213703113,144.0,166.0,4.751354112172989,0.0,0.0,0.0,0.0,0.42000000000000004,0.18867924528301888,0.1,0.0,0.4664165162768106,0.6857788707106423,0.0,0.0,0.5,srtm_earth_engine
NSR-GRID-148,light_rain,Light Rain,2.0,4.0,5.0,7.0,25.0,25.5,65.0,15.0,9,True,0,0.0,0.0,50.0,0.0,156.14313213703113,144.0,166.0,4.751354112172989,0.0,0.0,0.13333333333333333,0.132,0.21000000000000002,0.5660377358490566,0.25,1.0,0.4664165162768106,0.6857788707106423,0.0,0.0,0.5,srtm_earth_engine
NSR-GRID-148,heavy_rain_rush_hour,Heavy Rain During Rush Hour,12.0,24.0,32.0,40.0,23.0,23.5,80.0,22.0,17,True,0,0.0,0.0,50.0,0.0,156.14313213703113,144.0,166.0,4.751354112172989,0.0,0.0,0.8,0.8,0.13,0.8490566037735849,0.6,1.0,0.4664165162768106,0.6857788707106423,0.0,0.0,0.5,srtm_earth_engine
NSR-GRID-148,extreme_rain,Extreme Rain Event,25.0,50.0,70.0,90.0,22.0,22.5,88.0,30.0,18,True,0,0.0,0.0,50.0,0.0,156.14313213703113,144.0,166.0,4.751354112172989,0.0,0.0,1.0,1.0,0.09,1.0,1.0,1.0,0.4664165162768106,0.6857788707106423,0.0,0.0,0.5,srtm_earth_engine
NSR-GRID-148,hot_day_optional,Hot Urban Heat Day,0.0,0.0,0.0,0.0,40.0,43.0,35.0,10.0,14,False,0,0.0,0.0,50.0,0.0,156.14313213703113,144.0,166.0,4.751354112172989,0.0,0.0,0.0,0.0,0.8600000000000001,0.0,0.0,0.0,0.4664165162768106,0.6857788707106423,0.0,0.0,0.5,srtm_earth_engine
NSR-GRID-149,normal_day,Normal Dry Day,0.0,0.0,0.0,0.0,30.0,31.0,45.0,12.0,12,False,11,935.6144833904312,3742.45793356521,54.523734885803854,6.363693514380599,163.8067095258298,152.0,175.0,3.5159498387112817,0.052543224896061266,0.019572953736654804,0.0,0.0,0.42000000000000004,0.18867924528301888,0.1,0.0,0.4297457869073011,0.8082807340511007,0.03605808931635804,0.03605808931635804,0.5108174267949074,srtm_earth_engine
NSR-GRID-149,light_rain,Light Rain,2.0,4.0,5.0,7.0,25.0,25.5,65.0,15.0,9,True,11,935.6144833904312,3742.45793356521,54.523734885803854,6.363693514380599,163.8067095258298,152.0,175.0,3.5159498387112817,0.052543224896061266,0.019572953736654804,0.13333333333333333,0.132,0.21000000000000002,0.5660377358490566,0.25,1.0,0.4297457869073011,0.8082807340511007,0.03605808931635804,0.03605808931635804,0.5108174267949074,srtm_earth_engine
NSR-GRID-149,heavy_rain_rush_hour,Heavy Rain During Rush Hour,12.0,24.0,32.0,40.0,23.0,23.5,80.0,22.0,17,True,11,935.6144833904312,3742.45793356521,54.523734885803854,6.363693514380599,163.8067095258298,152.0,175.0,3.5159498387112817,0.052543224896061266,0.019572953736654804,0.8,0.8,0.13,0.8490566037735849,0.6,1.0,0.4297457869073011,0.8082807340511007,0.03605808931635804,0.03605808931635804,0.5108174267949074,srtm_earth_engine
NSR-GRID-149,extreme_rain,Extreme Rain Event,25.0,50.0,70.0,90.0,22.0,22.5,88.0,30.0,18,True,11,935.6144833904312,3742.45793356521,54.523734885803854,6.363693514380599,163.8067095258298,152.0,175.0,3.5159498387112817,0.052543224896061266,0.019572953736654804,1.0,1.0,0.09,1.0,1.0,1.0,0.4297457869073011,0.8082807340511007,0.03605808931635804,0.03605808931635804,0.5108174267949074,srtm_earth_engine
NSR-GRID-149,hot_day_optional,Hot Urban Heat Day,0.0,0.0,0.0,0.0,40.0,43.0,35.0,10.0,14,False,11,935.6144833904312,3742.45793356521,54.523734885803854,6.363693514380599,163.8067095258298,152.0,175.0,3.5159498387112817,0.052543224896061266,0.019572953736654804,0.0,0.0,0.8600000000000001,0.0,0.0,0.0,0.4297457869073011,0.8082807340511007,0.03605808931635804,0.03605808931635804,0.5108174267949074,srtm_earth_engine
NSR-GRID-150,normal_day,Normal Dry Day,0.0,0.0,0.0,0.0,30.0,31.0,45.0,12.0,12,False,12,2700.90228534439,10803.609141397685,29.819649698960045,26.91672644182853,167.83423035522077,162.0,177.0,3.180005610814496,0.15168011902403145,0.021352313167259787,0.0,0.0,0.42000000000000004,0.18867924528301888,0.1,0.0,0.4104738308909725,0.8415927395054056,0.08651621609564561,0.08651621609564561,0.5259548648286937,srtm_earth_engine
NSR-GRID-150,light_rain,Light Rain,2.0,4.0,5.0,7.0,25.0,25.5,65.0,15.0,9,True,12,2700.90228534439,10803.609141397685,29.819649698960045,26.91672644182853,167.83423035522077,162.0,177.0,3.180005610814496,0.15168011902403145,0.021352313167259787,0.13333333333333333,0.132,0.21000000000000002,0.5660377358490566,0.25,1.0,0.4104738308909725,0.8415927395054056,0.08651621609564561,0.08651621609564561,0.5259548648286937,srtm_earth_engine
NSR-GRID-150,heavy_rain_rush_hour,Heavy Rain During Rush Hour,12.0,24.0,32.0,40.0,23.0,23.5,80.0,22.0,17,True,12,2700.90228534439,10803.609141397685,29.819649698960045,26.91672644182853,167.83423035522077,162.0,177.0,3.180005610814496,0.15168011902403145,0.021352313167259787,0.8,0.8,0.13,0.8490566037735849,0.6,1.0,0.4104738308909725,0.8415927395054056,0.08651621609564561,0.08651621609564561,0.5259548648286937,srtm_earth_engine
NSR-GRID-150,extreme_rain,Extreme Rain Event,25.0,50.0,70.0,90.0,22.0,22.5,88.0,30.0,18,True,12,2700.90228534439,10803.609141397685,29.819649698960045,26.91672644182853,167.83423035522077,162.0,177.0,3.180005610814496,0.15168011902403145,0.021352313167259787,1.0,1.0,0.09,1.0,1.0,1.0,0.4104738308909725,0.8415927395054056,0.08651621609564561,0.08651621609564561,0.5259548648286937,srtm_earth_engine
NSR-GRID-150,hot_day_optional,Hot Urban Heat Day,0.0,0.0,0.0,0.0,40.0,43.0,35.0,10.0,14,False,12,2700.90228534439,10803.609141397685,29.819649698960045,26.91672644182853,167.83423035522077,162.0,177.0,3.180005610814496,0.15168011902403145,0.021352313167259787,0.0,0.0,0.8600000000000001,0.0,0.0,0.0,0.4104738308909725,0.8415927395054056,0.08651621609564561,0.08651621609564561,0.5259548648286937,srtm_earth_engine
NSR-GRID-151,normal_day,Normal Dry Day,0.0,0.0,0.0,0.0,30.0,31.0,45.0,12.0,12,False,6,2411.884332424157,16002.13977083625,58.30596606458676,36.55475943756849,174.199522102748,163.0,183.0,4.475026716218913,0.2246662604424448,0.010676156583629894,0.0,0.0,0.42000000000000004,0.18867924528301888,0.1,0.0,0.3800154849789553,0.713179310893303,0.11767120851303735,0.11767120851303735,0.5353013625539113,srtm_earth_engine
NSR-GRID-151,light_rain,Light Rain,2.0,4.0,5.0,7.0,25.0,25.5,65.0,15.0,9,True,6,2411.884332424157,16002.13977083625,58.30596606458676,36.55475943756849,174.199522102748,163.0,183.0,4.475026716218913,0.2246662604424448,0.010676156583629894,0.13333333333333333,0.132,0.21000000000000002,0.5660377358490566,0.25,1.0,0.3800154849789553,0.713179310893303,0.11767120851303735,0.11767120851303735,0.5353013625539113,srtm_earth_engine
NSR-GRID-151,heavy_rain_rush_hour,Heavy Rain During Rush Hour,12.0,24.0,32.0,40.0,23.0,23.5,80.0,22.0,17,True,6,2411.884332424157,16002.13977083625,58.30596606458676,36.55475943756849,174.199522102748,163.0,183.0,4.475026716218913,0.2246662604424448,0.010676156583629894,0.8,0.8,0.13,0.8490566037735849,0.6,1.0,0.3800154849789553,0.713179310893303,0.11767120851303735,0.11767120851303735,0.5353013625539113,srtm_earth_engine
NSR-GRID-151,extreme_rain,Extreme Rain Event,25.0,50.0,70.0,90.0,22.0,22.5,88.0,30.0,18,True,6,2411.884332424157,16002.13977083625,58.30596606458676,36.55475943756849,174.199522102748,163.0,183.0,4.475026716218913,0.2246662604424448,0.010676156583629894,1.0,1.0,0.09,1.0,1.0,1.0,0.3800154849789553,0.713179310893303,0.11767120851303735,0.11767120851303735,0.5353013625539113,srtm_earth_engine
NSR-GRID-151,hot_day_optional,Hot Urban Heat Day,0.0,0.0,0.0,0.0,40.0,43.0,35.0,10.0,14,False,6,2411.884332424157,16002.13977083625,58.30596606458676,36.55475943756849,174.199522102748,163.0,183.0,4.475026716218913,0.2246662604424448,0.010676156583629894,0.0,0.0,0.8600000000000001,0.0,0.0,0.0,0.3800154849789553,0.713179310893303,0.11767120851303735,0.11767120851303735,0.5353013625539113,srtm_earth_engine
NSR-GRID-152,normal_day,Normal Dry Day,0.0,0.0,0.0,0.0,30.0,31.0,45.0,12.0,12,False,26,3483.874508589616,24541.01042102818,58.501136794240246,8.4451847752911,99.0926310326933,81.0,123.0,7.201575180504799,0.3445499862974475,0.046263345195729534,0.0,0.0,0.42000000000000004,0.18867924528301888,0.1,0.0,0.7394069723332638,0.4428165846683324,0.19540666574658852,0.19540666574658852,0.5586219997239765,srtm_earth_engine
NSR-GRID-152,light_rain,Light Rain,2.0,4.0,5.0,7.0,25.0,25.5,65.0,15.0,9,True,26,3483.874508589616,24541.01042102818,58.501136794240246,8.4451847752911,99.0926310326933,81.0,123.0,7.201575180504799,0.3445499862974475,0.046263345195729534,0.13333333333333333,0.132,0.21000000000000002,0.5660377358490566,0.25,1.0,0.7394069723332638,0.4428165846683324,0.19540666574658852,0.19540666574658852,0.5586219997239765,srtm_earth_engine
NSR-GRID-152,heavy_rain_rush_hour,Heavy Rain During Rush Hour,12.0,24.0,32.0,40.0,23.0,23.5,80.0,22.0,17,True,26,3483.874508589616,24541.01042102818,58.501136794240246,8.4451847752911,99.0926310326933,81.0,123.0,7.201575180504799,0.3445499862974475,0.046263345195729534,0.8,0.8,0.13,0.8490566037735849,0.6,1.0,0.7394069723332638,0.4428165846683324,0.19540666574658852,0.19540666574658852,0.5586219997239765,srtm_earth_engine
NSR-GRID-152,extreme_rain,Extreme Rain Event,25.0,50.0,70.0,90.0,22.0,22.5,88.0,30.0,18,True,26,3483.874508589616,24541.01042102818,58.501136794240246,8.4451847752911,99.0926310326933,81.0,123.0,7.201575180504799,0.3445499862974475,0.046263345195729534,1.0,1.0,0.09,1.0,1.0,1.0,0.7394069723332638,0.4428165846683324,0.19540666574658852,0.19540666574658852,0.5586219997239765,srtm_earth_engine
NSR-GRID-152,hot_day_optional,Hot Urban Heat Day,0.0,0.0,0.0,0.0,40.0,43.0,35.0,10.0,14,False,26,3483.874508589616,24541.01042102818,58.501136794240246,8.4451847752911,99.0926310326933,81.0,123.0,7.201575180504799,0.3445499862974475,0.046263345195729534,0.0,0.0,0.8600000000000001,0.0,0.0,0.0,0.7394069723332638,0.4428165846683324,0.19540666574658852,0.19540666574658852,0.5586219997239765,srtm_earth_engine
NSR-GRID-153,normal_day,Normal Dry Day,0.0,0.0,0.0,0.0,30.0,31.0,45.0,12.0,12,False,70,7114.233775486875,28456.935101921,28.91684259910861,13.90739220098312,100.98565116013631,87.0,117.0,5.3375155980506666,0.39952864332891824,0.12455516014234876,0.0,0.0,0.42000000000000004,0.18867924528301888,0.1,0.0,0.7303487446593369,0.6276554889311531,0.2620419017356335,0.2620419017356335,0.57861257052069,srtm_earth_engine
NSR-GRID-153,light_rain,Light Rain,2.0,4.0,5.0,7.0,25.0,25.5,65.0,15.0,9,True,70,7114.233775486875,28456.935101921,28.91684259910861,13.90739220098312,100.98565116013631,87.0,117.0,5.3375155980506666,0.39952864332891824,0.12455516014234876,0.13333333333333333,0.132,0.21000000000000002,0.5660377358490566,0.25,1.0,0.7303487446593369,0.6276554889311531,0.2620419017356335,0.2620419017356335,0.57861257052069,srtm_earth_engine
NSR-GRID-153,heavy_rain_rush_hour,Heavy Rain During Rush Hour,12.0,24.0,32.0,40.0,23.0,23.5,80.0,22.0,17,True,70,7114.233775486875,28456.935101921,28.91684259910861,13.90739220098312,100.98565116013631,87.0,117.0,5.3375155980506666,0.39952864332891824,0.12455516014234876,0.8,0.8,0.13,0.8490566037735849,0.6,1.0,0.7303487446593369,0.6276554889311531,0.2620419017356335,0.2620419017356335,0.57861257052069,srtm_earth_engine
NSR-GRID-153,extreme_rain,Extreme Rain Event,25.0,50.0,70.0,90.0,22.0,22.5,88.0,30.0,18,True,70,7114.233775486875,28456.935101921,28.91684259910861,13.90739220098312,100.98565116013631,87.0,117.0,5.3375155980506666,0.39952864332891824,0.12455516014234876,1.0,1.0,0.09,1.0,1.0,1.0,0.7303487446593369,0.6276554889311531,0.2620419017356335,0.2620419017356335,0.57861257052069,srtm_earth_engine
NSR-GRID-153,hot_day_optional,Hot Urban Heat Day,0.0,0.0,0.0,0.0,40.0,43.0,35.0,10.0,14,False,70,7114.233775486875,28456.935101921,28.91684259910861,13.90739220098312,100.98565116013631,87.0,117.0,5.3375155980506666,0.39952864332891824,0.12455516014234876,0.0,0.0,0.8600000000000001,0.0,0.0,0.0,0.7303487446593369,0.6276554889311531,0.2620419017356335,0.2620419017356335,0.57861257052069,srtm_earth_engine
NSR-GRID-154,normal_day,Normal Dry Day,0.0,0.0,0.0,0.0,30.0,31.0,45.0,12.0,12,False,64,6048.7050329802105,24194.820131898312,28.239737274220037,13.403410178186263,102.68374785941457,85.0,124.0,6.604670444516101,0.3396895564565555,0.11387900355871886,0.0,0.0,0.42000000000000004,0.18867924528301888,0.1,0.0,0.7222232386008338,0.5020052599595923,0.22678428000763717,0.22678428000763717,0.5680352840022912,srtm_earth_engine
NSR-GRID-154,light_rain,Light Rain,2.0,4.0,5.0,7.0,25.0,25.5,65.0,15.0,9,True,64,6048.7050329802105,24194.820131898312,28.239737274220037,13.403410178186263,102.68374785941457,85.0,124.0,6.604670444516101,0.3396895564565555,0.11387900355871886,0.13333333333333333,0.132,0.21000000000000002,0.5660377358490566,0.25,1.0,0.7222232386008338,0.5020052599595923,0.22678428000763717,0.22678428000763717,0.5680352840022912,srtm_earth_engine
NSR-GRID-154,heavy_rain_rush_hour,Heavy Rain During Rush Hour,12.0,24.0,32.0,40.0,23.0,23.5,80.0,22.0,17,True,64,6048.7050329802105,24194.820131898312,28.239737274220037,13.403410178186263,102.68374785941457,85.0,124.0,6.604670444516101,0.3396895564565555,0.11387900355871886,0.8,0.8,0.13,0.8490566037735849,0.6,1.0,0.7222232386008338,0.5020052599595923,0.22678428000763717,0.22678428000763717,0.5680352840022912,srtm_earth_engine
NSR-GRID-154,extreme_rain,Extreme Rain Event,25.0,50.0,70.0,90.0,22.0,22.5,88.0,30.0,18,True,64,6048.7050329802105,24194.820131898312,28.239737274220037,13.403410178186263,102.68374785941457,85.0,124.0,6.604670444516101,0.3396895564565555,0.11387900355871886,1.0,1.0,0.09,1.0,1.0,1.0,0.7222232386008338,0.5020052599595923,0.22678428000763717,0.22678428000763717,0.5680352840022912,srtm_earth_engine
NSR-GRID-154,hot_day_optional,Hot Urban Heat Day,0.0,0.0,0.0,0.0,40.0,43.0,35.0,10.0,14,False,64,6048.7050329802105,24194.820131898312,28.239737274220037,13.403410178186263,102.68374785941457,85.0,124.0,6.604670444516101,0.3396895564565555,0.11387900355871886,0.0,0.0,0.8600000000000001,0.0,0.0,0.0,0.7222232386008338,0.5020052599595923,0.22678428000763717,0.22678428000763717,0.5680352840022912,srtm_earth_engine
NSR-GRID-155,normal_day,Normal Dry Day,0.0,0.0,0.0,0.0,30.0,31.0,45.0,12.0,12,False,97,6997.385469001466,27989.541876005864,29.47496318114875,9.57319747828237,108.37328309027444,96.0,128.0,7.358725746610747,0.39296655290062066,0.17259786476868327,0.0,0.0,0.42000000000000004,0.18867924528301888,0.1,0.0,0.694998432729609,0.4272336394037487,0.282782208834652,0.282782208834652,0.5848346626503956,srtm_earth_engine
NSR-GRID-155,light_rain,Light Rain,2.0,4.0,5.0,7.0,25.0,25.5,65.0,15.0,9,True,97,6997.385469001466,27989.541876005864,29.47496318114875,9.57319747828237,108.37328309027444,96.0,128.0,7.358725746610747,0.39296655290062066,0.17259786476868327,0.13333333333333333,0.132,0.21000000000000002,0.5660377358490566,0.25,1.0,0.694998432729609,0.4272336394037487,0.282782208834652,0.282782208834652,0.5848346626503956,srtm_earth_engine
NSR-GRID-155,heavy_rain_rush_hour,Heavy Rain During Rush Hour,12.0,24.0,32.0,40.0,23.0,23.5,80.0,22.0,17,True,97,6997.385469001466,27989.541876005864,29.47496318114875,9.57319747828237,108.37328309027444,96.0,128.0,7.358725746610747,0.39296655290062066,0.17259786476868327,0.8,0.8,0.13,0.8490566037735849,0.6,1.0,0.694998432729609,0.4272336394037487,0.282782208834652,0.282782208834652,0.5848346626503956,srtm_earth_engine
NSR-GRID-155,extreme_rain,Extreme Rain Event,25.0,50.0,70.0,90.0,22.0,22.5,88.0,30.0,18,True,97,6997.385469001466,27989.541876005864,29.47496318114875,9.57319747828237,108.37328309027444,96.0,128.0,7.358725746610747,0.39296655290062066,0.17259786476868327,1.0,1.0,0.09,1.0,1.0,1.0,0.694998432729609,0.4272336394037487,0.282782208834652,0.282782208834652,0.5848346626503956,srtm_earth_engine
NSR-GRID-155,hot_day_optional,Hot Urban Heat Day,0.0,0.0,0.0,0.0,40.0,43.0,35.0,10.0,14,False,97,6997.385469001466,27989.541876005864,29.47496318114875,9.57319747828237,108.37328309027444,96.0,128.0,7.358725746610747,0.39296655290062066,0.17259786476868327,0.0,0.0,0.8600000000000001,0.0,0.0,0.0,0.694998432729609,0.4272336394037487,0.282782208834652,0.282782208834652,0.5848346626503956,srtm_earth_engine
NSR-GRID-156,normal_day,Normal Dry Day,0.0,0.0,0.0,0.0,30.0,31.0,45.0,12.0,12,False,81,7264.27018800355,29057.08075198714,24.46296296296296,13.33700409298798,112.79398000945716,100.0,128.0,6.581943845951634,0.40795454641763457,0.14412811387900357,0.0,0.0,0.42000000000000004,0.18867924528301888,0.1,0.0,0.6738451028780805,0.5042588143072202,0.27604133014831905,0.27604133014831905,0.5828123990444957,srtm_earth_engine
NSR-GRID-156,light_rain,Light Rain,2.0,4.0,5.0,7.0,25.0,25.5,65.0,15.0,9,True,81,7264.27018800355,29057.08075198714,24.46296296296296,13.33700409298798,112.79398000945716,100.0,128.0,6.581943845951634,0.40795454641763457,0.14412811387900357,0.13333333333333333,0.132,0.21000000000000002,0.5660377358490566,0.25,1.0,0.6738451028780805,0.5042588143072202,0.27604133014831905,0.27604133014831905,0.5828123990444957,srtm_earth_engine
NSR-GRID-156,heavy_rain_rush_hour,Heavy Rain During Rush Hour,12.0,24.0,32.0,40.0,23.0,23.5,80.0,22.0,17,True,81,7264.27018800355,29057.08075198714,24.46296296296296,13.33700409298798,112.79398000945716,100.0,128.0,6.581943845951634,0.40795454641763457,0.14412811387900357,0.8,0.8,0.13,0.8490566037735849,0.6,1.0,0.6738451028780805,0.5042588143072202,0.27604133014831905,0.27604133014831905,0.5828123990444957,srtm_earth_engine
NSR-GRID-156,extreme_rain,Extreme Rain Event,25.0,50.0,70.0,90.0,22.0,22.5,88.0,30.0,18,True,81,7264.27018800355,29057.08075198714,24.46296296296296,13.33700409298798,112.79398000945716,100.0,128.0,6.581943845951634,0.40795454641763457,0.14412811387900357,1.0,1.0,0.09,1.0,1.0,1.0,0.6738451028780805,0.5042588143072202,0.27604133014831905,0.27604133014831905,0.5828123990444957,srtm_earth_engine
NSR-GRID-156,hot_day_optional,Hot Urban Heat Day,0.0,0.0,0.0,0.0,40.0,43.0,35.0,10.0,14,False,81,7264.27018800355,29057.08075198714,24.46296296296296,13.33700409298798,112.79398000945716,100.0,128.0,6.581943845951634,0.40795454641763457,0.14412811387900357,0.0,0.0,0.8600000000000001,0.0,0.0,0.0,0.6738451028780805,0.5042588143072202,0.27604133014831905,0.27604133014831905,0.5828123990444957,srtm_earth_engine
NSR-GRID-157,normal_day,Normal Dry Day,0.0,0.0,0.0,0.0,30.0,31.0,45.0,12.0,12,False,64,5214.905336979207,20859.6213478974,29.42467159277504,10.975589062105648,117.9101851096796,97.0,136.0,6.726489465006089,0.2928641537688926,0.11387900355871886,0.0,0.0,0.42000000000000004,0.18867924528301888,0.1,0.0,0.649363719953262,0.4899257671806679,0.20337157866380573,0.20337157866380573,0.5610114735991417,srtm_earth_engine
NSR-GRID-157,light_rain,Light Rain,2.0,4.0,5.0,7.0,25.0,25.5,65.0,15.0,9,True,64,5214.905336979207,20859.6213478974,29.42467159277504,10.975589062105648,117.9101851096796,97.0,136.0,6.726489465006089,0.2928641537688926,0.11387900355871886,0.13333333333333333,0.132,0.21000000000000002,0.5660377358490566,0.25,1.0,0.649363719953262,0.4899257671806679,0.20337157866380573,0.20337157866380573,0.5610114735991417,srtm_earth_engine
NSR-GRID-157,heavy_rain_rush_hour,Heavy Rain During Rush Hour,12.0,24.0,32.0,40.0,23.0,23.5,80.0,22.0,17,True,64,5214.905336979207,20859.6213478974,29.42467159277504,10.975589062105648,117.9101851096796,97.0,136.0,6.726489465006089,0.2928641537688926,0.11387900355871886,0.8,0.8,0.13,0.8490566037735849,0.6,1.0,0.649363719953262,0.4899257671806679,0.20337157866380573,0.20337157866380573,0.5610114735991417,srtm_earth_engine
NSR-GRID-157,extreme_rain,Extreme Rain Event,25.0,50.0,70.0,90.0,22.0,22.5,88.0,30.0,18,True,64,5214.905336979207,20859.6213478974,29.42467159277504,10.975589062105648,117.9101851096796,97.0,136.0,6.726489465006089,0.2928641537688926,0.11387900355871886,1.0,1.0,0.09,1.0,1.0,1.0,0.649363719953262,0.4899257671806679,0.20337157866380573,0.20337157866380573,0.5610114735991417,srtm_earth_engine
NSR-GRID-157,hot_day_optional,Hot Urban Heat Day,0.0,0.0,0.0,0.0,40.0,43.0,35.0,10.0,14,False,64,5214.905336979207,20859.6213478974,29.42467159277504,10.975589062105648,117.9101851096796,97.0,136.0,6.726489465006089,0.2928641537688926,0.11387900355871886,0.0,0.0,0.8600000000000001,0.0,0.0,0.0,0.649363719953262,0.4899257671806679,0.20337157866380573,0.20337157866380573,0.5610114735991417,srtm_earth_engine
NSR-GRID-158,normal_day,Normal Dry Day,0.0,0.0,0.0,0.0,30.0,31.0,45.0,12.0,12,False,61,6852.542235267446,27410.168941018725,23.5,17.20903526122274,127.85202766630783,107.0,145.0,6.464218495549483,0.3848322938221973,0.10854092526690391,0.0,0.0,0.42000000000000004,0.18867924528301888,0.1,0.0,0.6017913396754482,0.5159323814920426,0.2466866095445506,0.2466866095445506,0.5740059828633652,srtm_earth_engine
NSR-GRID-158,light_rain,Light Rain,2.0,4.0,5.0,7.0,25.0,25.5,65.0,15.0,9,True,61,6852.542235267446,27410.168941018725,23.5,17.20903526122274,127.85202766630783,107.0,145.0,6.464218495549483,0.3848322938221973,0.10854092526690391,0.13333333333333333,0.132,0.21000000000000002,0.5660377358490566,0.25,1.0,0.6017913396754482,0.5159323814920426,0.2466866095445506,0.2466866095445506,0.5740059828633652,srtm_earth_engine
NSR-GRID-158,heavy_rain_rush_hour,Heavy Rain During Rush Hour,12.0,24.0,32.0,40.0,23.0,23.5,80.0,22.0,17,True,61,6852.542235267446,27410.168941018725,23.5,17.20903526122274,127.85202766630783,107.0,145.0,6.464218495549483,0.3848322938221973,0.10854092526690391,0.8,0.8,0.13,0.8490566037735849,0.6,1.0,0.6017913396754482,0.5159323814920426,0.2466866095445506,0.2466866095445506,0.5740059828633652,srtm_earth_engine
NSR-GRID-158,extreme_rain,Extreme Rain Event,25.0,50.0,70.0,90.0,22.0,22.5,88.0,30.0,18,True,61,6852.542235267446,27410.168941018725,23.5,17.20903526122274,127.85202766630783,107.0,145.0,6.464218495549483,0.3848322938221973,0.10854092526690391,1.0,1.0,0.09,1.0,1.0,1.0,0.6017913396754482,0.5159323814920426,0.2466866095445506,0.2466866095445506,0.5740059828633652,srtm_earth_engine
NSR-GRID-158,hot_day_optional,Hot Urban Heat Day,0.0,0.0,0.0,0.0,40.0,43.0,35.0,10.0,14,False,61,6852.542235267446,27410.168941018725,23.5,17.20903526122274,127.85202766630783,107.0,145.0,6.464218495549483,0.3848322938221973,0.10854092526690391,0.0,0.0,0.8600000000000001,0.0,0.0,0.0,0.6017913396754482,0.5159323814920426,0.2466866095445506,0.2466866095445506,0.5740059828633652,srtm_earth_engine
NSR-GRID-159,normal_day,Normal Dry Day,0.0,0.0,0.0,0.0,30.0,31.0,45.0,12.0,12,False,95,7031.100203407892,28124.400813605374,28.16165413533835,10.275367418650896,131.41027898710232,115.0,158.0,8.845020663973639,0.3948599405120038,0.16903914590747332,0.0,0.0,0.42000000000000004,0.18867924528301888,0.1,0.0,0.5847648695827377,0.2798536272396168,0.28194954320973853,0.28194954320973853,0.5845848629629216,srtm_earth_engine
NSR-GRID-159,light_rain,Light Rain,2.0,4.0,5.0,7.0,25.0,25.5,65.0,15.0,9,True,95,7031.100203407892,28124.400813605374,28.16165413533835,10.275367418650896,131.41027898710232,115.0,158.0,8.845020663973639,0.3948599405120038,0.16903914590747332,0.13333333333333333,0.132,0.21000000000000002,0.5660377358490566,0.25,1.0,0.5847648695827377,0.2798536272396168,0.28194954320973853,0.28194954320973853,0.5845848629629216,srtm_earth_engine
NSR-GRID-159,heavy_rain_rush_hour,Heavy Rain During Rush Hour,12.0,24.0,32.0,40.0,23.0,23.5,80.0,22.0,17,True,95,7031.100203407892,28124.400813605374,28.16165413533835,10.275367418650896,131.41027898710232,115.0,158.0,8.845020663973639,0.3948599405120038,0.16903914590747332,0.8,0.8,0.13,0.8490566037735849,0.6,1.0,0.5847648695827377,0.2798536272396168,0.28194954320973853,0.28194954320973853,0.5845848629629216,srtm_earth_engine
NSR-GRID-159,extreme_rain,Extreme Rain Event,25.0,50.0,70.0,90.0,22.0,22.5,88.0,30.0,18,True,95,7031.100203407892,28124.400813605374,28.16165413533835,10.275367418650896,131.41027898710232,115.0,158.0,8.845020663973639,0.3948599405120038,0.16903914590747332,1.0,1.0,0.09,1.0,1.0,1.0,0.5847648695827377,0.2798536272396168,0.28194954320973853,0.28194954320973853,0.5845848629629216,srtm_earth_engine
NSR-GRID-159,hot_day_optional,Hot Urban Heat Day,0.0,0.0,0.0,0.0,40.0,43.0,35.0,10.0,14,False,95,7031.100203407892,28124.400813605374,28.16165413533835,10.275367418650896,131.41027898710232,115.0,158.0,8.845020663973639,0.3948599405120038,0.16903914590747332,0.0,0.0,0.8600000000000001,0.0,0.0,0.0,0.5847648695827377,0.2798536272396168,0.28194954320973853,0.28194954320973853,0.5845848629629216,srtm_earth_engine
NSR-GRID-160,normal_day,Normal Dry Day,0.0,0.0,0.0,0.0,30.0,31.0,45.0,12.0,12,False,163,9227.800931701497,36911.20372677161,29.5482536996182,7.711187030008955,136.65365734322765,119.0,150.0,4.616623844619603,0.5182245767429416,0.2900355871886121,0.0,0.0,0.42000000000000004,0.18867924528301888,0.1,0.0,0.5596749541392718,0.6991386341323769,0.4041300819657769,0.4041300819657769,0.621239024589733,srtm_earth_engine
NSR-GRID-160,light_rain,Light Rain,2.0,4.0,5.0,7.0,25.0,25.5,65.0,15.0,9,True,163,9227.800931701497,36911.20372677161,29.5482536996182,7.711187030008955,136.65365734322765,119.0,150.0,4.616623844619603,0.5182245767429416,0.2900355871886121,0.13333333333333333,0.132,0.21000000000000002,0.5660377358490566,0.25,1.0,0.5596749541392718,0.6991386341323769,0.4041300819657769,0.4041300819657769,0.621239024589733,srtm_earth_engine
NSR-GRID-160,heavy_rain_rush_hour,Heavy Rain During Rush Hour,12.0,24.0,32.0,40.0,23.0,23.5,80.0,22.0,17,True,163,9227.800931701497,36911.20372677161,29.5482536996182,7.711187030008955,136.65365734322765,119.0,150.0,4.616623844619603,0.5182245767429416,0.2900355871886121,0.8,0.8,0.13,0.8490566037735849,0.6,1.0,0.5596749541392718,0.6991386341323769,0.4041300819657769,0.4041300819657769,0.621239024589733,srtm_earth_engine
NSR-GRID-160,extreme_rain,Extreme Rain Event,25.0,50.0,70.0,90.0,22.0,22.5,88.0,30.0,18,True,163,9227.800931701497,36911.20372677161,29.5482536996182,7.711187030008955,136.65365734322765,119.0,150.0,4.616623844619603,0.5182245767429416,0.2900355871886121,1.0,1.0,0.09,1.0,1.0,1.0,0.5596749541392718,0.6991386341323769,0.4041300819657769,0.4041300819657769,0.621239024589733,srtm_earth_engine
NSR-GRID-160,hot_day_optional,Hot Urban Heat Day,0.0,0.0,0.0,0.0,40.0,43.0,35.0,10.0,14,False,163,9227.800931701497,36911.20372677161,29.5482536996182,7.711187030008955,136.65365734322765,119.0,150.0,4.616623844619603,0.5182245767429416,0.2900355871886121,0.0,0.0,0.8600000000000001,0.0,0.0,0.0,0.5596749541392718,0.6991386341323769,0.4041300819657769,0.4041300819657769,0.621239024589733,srtm_earth_engine
NSR-GRID-161,normal_day,Normal Dry Day,0.0,0.0,0.0,0.0,30.0,31.0,45.0,12.0,12,False,67,5985.071174088272,23940.284696353086,39.56120873465186,10.492350005979638,144.44670646960955,126.0,159.0,5.4743525624481375,0.33611593909831605,0.11921708185053381,0.0,0.0,0.42000000000000004,0.18867924528301888,0.1,0.0,0.5223846938628448,0.6140868268562103,0.22766651047442493,0.22766651047442493,0.5682999531423275,srtm_earth_engine
NSR-GRID-161,light_rain,Light Rain,2.0,4.0,5.0,7.0,25.0,25.5,65.0,15.0,9,True,67,5985.071174088272,23940.284696353086,39.56120873465186,10.492350005979638,144.44670646960955,126.0,159.0,5.4743525624481375,0.33611593909831605,0.11921708185053381,0.13333333333333333,0.132,0.21000000000000002,0.5660377358490566,0.25,1.0,0.5223846938628448,0.6140868268562103,0.22766651047442493,0.22766651047442493,0.5682999531423275,srtm_earth_engine
NSR-GRID-161,heavy_rain_rush_hour,Heavy Rain During Rush Hour,12.0,24.0,32.0,40.0,23.0,23.5,80.0,22.0,17,True,67,5985.071174088272,23940.284696353086,39.56120873465186,10.492350005979638,144.44670646960955,126.0,159.0,5.4743525624481375,0.33611593909831605,0.11921708185053381,0.8,0.8,0.13,0.8490566037735849,0.6,1.0,0.5223846938628448,0.6140868268562103,0.22766651047442493,0.22766651047442493,0.5682999531423275,srtm_earth_engine
NSR-GRID-161,extreme_rain,Extreme Rain Event,25.0,50.0,70.0,90.0,22.0,22.5,88.0,30.0,18,True,67,5985.071174088272,23940.284696353086,39.56120873465186,10.492350005979638,144.44670646960955,126.0,159.0,5.4743525624481375,0.33611593909831605,0.11921708185053381,1.0,1.0,0.09,1.0,1.0,1.0,0.5223846938628448,0.6140868268562103,0.22766651047442493,0.22766651047442493,0.5682999531423275,srtm_earth_engine
NSR-GRID-161,hot_day_optional,Hot Urban Heat Day,0.0,0.0,0.0,0.0,40.0,43.0,35.0,10.0,14,False,67,5985.071174088272,23940.284696353086,39.56120873465186,10.492350005979638,144.44670646960955,126.0,159.0,5.4743525624481375,0.33611593909831605,0.11921708185053381,0.0,0.0,0.8600000000000001,0.0,0.0,0.0,0.5223846938628448,0.6140868268562103,0.22766651047442493,0.22766651047442493,0.5682999531423275,srtm_earth_engine
NSR-GRID-162,normal_day,Normal Dry Day,0.0,0.0,0.0,0.0,30.0,31.0,45.0,12.0,12,False,48,4451.172536228837,17804.690144898766,44.51221264367816,9.95544089271,147.60656459423762,123.0,160.0,5.975855670491894,0.2499736416801599,0.08540925266903915,0.0,0.0,0.42000000000000004,0.18867924528301888,0.1,0.0,0.5072645618075925,0.564358113328091,0.16769144717459952,0.16769144717459952,0.5503074341523798,srtm_earth_engine
NSR-GRID-162,light_rain,Light Rain,2.0,4.0,5.0,7.0,25.0,25.5,65.0,15.0,9,True,48,4451.172536228837,17804.690144898766,44.51221264367816,9.95544089271,147.60656459423762,123.0,160.0,5.975855670491894,0.2499736416801599,0.08540925266903915,0.13333333333333333,0.132,0.21000000000000002,0.5660377358490566,0.25,1.0,0.5072645618075925,0.564358113328091,0.16769144717459952,0.16769144717459952,0.5503074341523798,srtm_earth_engine
NSR-GRID-162,heavy_rain_rush_hour,Heavy Rain During Rush Hour,12.0,24.0,32.0,40.0,23.0,23.5,80.0,22.0,17,True,48,4451.172536228837,17804.690144898766,44.51221264367816,9.95544089271,147.60656459423762,123.0,160.0,5.975855670491894,0.2499736416801599,0.08540925266903915,0.8,0.8,0.13,0.8490566037735849,0.6,1.0,0.5072645618075925,0.564358113328091,0.16769144717459952,0.16769144717459952,0.5503074341523798,srtm_earth_engine
NSR-GRID-162,extreme_rain,Extreme Rain Event,25.0,50.0,70.0,90.0,22.0,22.5,88.0,30.0,18,True,48,4451.172536228837,17804.690144898766,44.51221264367816,9.95544089271,147.60656459423762,123.0,160.0,5.975855670491894,0.2499736416801599,0.08540925266903915,1.0,1.0,0.09,1.0,1.0,1.0,0.5072645618075925,0.564358113328091,0.16769144717459952,0.16769144717459952,0.5503074341523798,srtm_earth_engine
NSR-GRID-162,hot_day_optional,Hot Urban Heat Day,0.0,0.0,0.0,0.0,40.0,43.0,35.0,10.0,14,False,48,4451.172536228837,17804.690144898766,44.51221264367816,9.95544089271,147.60656459423762,123.0,160.0,5.975855670491894,0.2499736416801599,0.08540925266903915,0.0,0.0,0.8600000000000001,0.0,0.0,0.0,0.5072645618075925,0.564358113328091,0.16769144717459952,0.16769144717459952,0.5503074341523798,srtm_earth_engine
NSR-GRID-163,normal_day,Normal Dry Day,0.0,0.0,0.0,0.0,30.0,31.0,45.0,12.0,12,False,80,6996.648582632228,27986.59433050285,35.927329638752056,9.28517867384397,152.7246187719157,132.0,162.0,4.586484586613163,0.3929251700583802,0.1423487544483986,0.0,0.0,0.42000000000000004,0.18867924528301888,0.1,0.0,0.482774330923718,0.7021272228436188,0.2676369622533894,0.2676369622533894,0.5802910886760169,srtm_earth_engine
NSR-GRID-163,light_rain,Light Rain,2.0,4.0,5.0,7.0,25.0,25.5,65.0,15.0,9,True,80,6996.648582632228,27986.59433050285,35.927329638752056,9.28517867384397,152.7246187719157,132.0,162.0,4.586484586613163,0.3929251700583802,0.1423487544483986,0.13333333333333333,0.132,0.21000000000000002,0.5660377358490566,0.25,1.0,0.482774330923718,0.7021272228436188,0.2676369622533894,0.2676369622533894,0.5802910886760169,srtm_earth_engine
NSR-GRID-163,heavy_rain_rush_hour,Heavy Rain During Rush Hour,12.0,24.0,32.0,40.0,23.0,23.5,80.0,22.0,17,True,80,6996.648582632228,27986.59433050285,35.927329638752056,9.28517867384397,152.7246187719157,132.0,162.0,4.586484586613163,0.3929251700583802,0.1423487544483986,0.8,0.8,0.13,0.8490566037735849,0.6,1.0,0.482774330923718,0.7021272228436188,0.2676369622533894,0.2676369622533894,0.5802910886760169,srtm_earth_engine
NSR-GRID-163,extreme_rain,Extreme Rain Event,25.0,50.0,70.0,90.0,22.0,22.5,88.0,30.0,18,True,80,6996.648582632228,27986.59433050285,35.927329638752056,9.28517867384397,152.7246187719157,132.0,162.0,4.586484586613163,0.3929251700583802,0.1423487544483986,1.0,1.0,0.09,1.0,1.0,1.0,0.482774330923718,0.7021272228436188,0.2676369622533894,0.2676369622533894,0.5802910886760169,srtm_earth_engine
NSR-GRID-163,hot_day_optional,Hot Urban Heat Day,0.0,0.0,0.0,0.0,40.0,43.0,35.0,10.0,14,False,80,6996.648582632228,27986.59433050285,35.927329638752056,9.28517867384397,152.7246187719157,132.0,162.0,4.586484586613163,0.3929251700583802,0.1423487544483986,0.0,0.0,0.8600000000000001,0.0,0.0,0.0,0.482774330923718,0.7021272228436188,0.2676369622533894,0.2676369622533894,0.5802910886760169,srtm_earth_engine
NSR-GRID-164,normal_day,Normal Dry Day,0.0,0.0,0.0,0.0,30.0,31.0,45.0,12.0,12,False,68,6098.596569165266,24394.386276615624,32.24306964164977,10.94246837974787,159.0465074548955,152.0,169.0,4.5001040915692885,0.342491417962994,0.12099644128113879,0.0,0.0,0.42000000000000004,0.18867924528301888,0.1,0.0,0.4525236715728299,0.7106926550883161,0.23174392962206639,0.23174392962206639,0.56952317888662,srtm_earth_engine
NSR-GRID-164,light_rain,Light Rain,2.0,4.0,5.0,7.0,25.0,25.5,65.0,15.0,9,True,68,6098.596569165266,24394.386276615624,32.24306964164977,10.94246837974787,159.0465074548955,152.0,169.0,4.5001040915692885,0.342491417962994,0.12099644128113879,0.13333333333333333,0.132,0.21000000000000002,0.5660377358490566,0.25,1.0,0.4525236715728299,0.7106926550883161,0.23174392962206639,0.23174392962206639,0.56952317888662,srtm_earth_engine
NSR-GRID-164,heavy_rain_rush_hour,Heavy Rain During Rush Hour,12.0,24.0,32.0,40.0,23.0,23.5,80.0,22.0,17,True,68,6098.596569165266,24394.386276615624,32.24306964164977,10.94246837974787,159.0465074548955,152.0,169.0,4.5001040915692885,0.342491417962994,0.12099644128113879,0.8,0.8,0.13,0.8490566037735849,0.6,1.0,0.4525236715728299,0.7106926550883161,0.23174392962206639,0.23174392962206639,0.56952317888662,srtm_earth_engine
NSR-GRID-164,extreme_rain,Extreme Rain Event,25.0,50.0,70.0,90.0,22.0,22.5,88.0,30.0,18,True,68,6098.596569165266,24394.386276615624,32.24306964164977,10.94246837974787,159.0465074548955,152.0,169.0,4.5001040915692885,0.342491417962994,0.12099644128113879,1.0,1.0,0.09,1.0,1.0,1.0,0.4525236715728299,0.7106926550883161,0.23174392962206639,0.23174392962206639,0.56952317888662,srtm_earth_engine
NSR-GRID-164,hot_day_optional,Hot Urban Heat Day,0.0,0.0,0.0,0.0,40.0,43.0,35.0,10.0,14,False,68,6098.596569165266,24394.386276615624,32.24306964164977,10.94246837974787,159.0465074548955,152.0,169.0,4.5001040915692885,0.342491417962994,0.12099644128113879,0.0,0.0,0.8600000000000001,0.0,0.0,0.0,0.4525236715728299,0.7106926550883161,0.23174392962206639,0.23174392962206639,0.56952317888662,srtm_earth_engine
NSR-GRID-165,normal_day,Normal Dry Day,0.0,0.0,0.0,0.0,30.0,31.0,45.0,12.0,12,False,562,16932.108743080145,67728.43497225751,24.714452255316164,4.536709710656846,164.93200606564594,157.0,178.0,4.3518916065810815,0.9508912200959492,1.0,0.0,0.0,0.42000000000000004,0.18867924528301888,0.1,0.0,0.4243611678477536,0.7253893061938685,0.9754456100479746,0.9754456100479746,0.7926336830143923,srtm_earth_engine
NSR-GRID-165,light_rain,Light Rain,2.0,4.0,5.0,7.0,25.0,25.5,65.0,15.0,9,True,562,16932.108743080145,67728.43497225751,24.714452255316164,4.536709710656846,164.93200606564594,157.0,178.0,4.3518916065810815,0.9508912200959492,1.0,0.13333333333333333,0.132,0.21000000000000002,0.5660377358490566,0.25,1.0,0.4243611678477536,0.7253893061938685,0.9754456100479746,0.9754456100479746,0.7926336830143923,srtm_earth_engine
NSR-GRID-165,heavy_rain_rush_hour,Heavy Rain During Rush Hour,12.0,24.0,32.0,40.0,23.0,23.5,80.0,22.0,17,True,562,16932.108743080145,67728.43497225751,24.714452255316164,4.536709710656846,164.93200606564594,157.0,178.0,4.3518916065810815,0.9508912200959492,1.0,0.8,0.8,0.13,0.8490566037735849,0.6,1.0,0.4243611678477536,0.7253893061938685,0.9754456100479746,0.9754456100479746,0.7926336830143923,srtm_earth_engine
NSR-GRID-165,extreme_rain,Extreme Rain Event,25.0,50.0,70.0,90.0,22.0,22.5,88.0,30.0,18,True,562,16932.108743080145,67728.43497225751,24.714452255316164,4.536709710656846,164.93200606564594,157.0,178.0,4.3518916065810815,0.9508912200959492,1.0,1.0,1.0,0.09,1.0,1.0,1.0,0.4243611678477536,0.7253893061938685,0.9754456100479746,0.9754456100479746,0.7926336830143923,srtm_earth_engine
NSR-GRID-165,hot_day_optional,Hot Urban Heat Day,0.0,0.0,0.0,0.0,40.0,43.0,35.0,10.0,14,False,562,16932.108743080145,67728.43497225751,24.714452255316164,4.536709710656846,164.93200606564594,157.0,178.0,4.3518916065810815,0.9508912200959492,1.0,0.0,0.0,0.8600000000000001,0.0,0.0,0.0,0.4243611678477536,0.7253893061938685,0.9754456100479746,0.9754456100479746,0.7926336830143923,srtm_earth_engine
NSR-GRID-166,normal_day,Normal Dry Day,0.0,0.0,0.0,0.0,30.0,31.0,45.0,12.0,12,False,322,11600.764187022138,46403.05674804534,27.26823832981469,5.216375946029058,162.23221071515948,147.0,169.0,3.877428245870092,0.6514879498604138,0.5729537366548043,0.0,0.0,0.42000000000000004,0.18867924528301888,0.1,0.0,0.4372798688183283,0.7724367764207666,0.6122208432576091,0.6122208432576091,0.6836662529772827,srtm_earth_engine
NSR-GRID-166,light_rain,Light Rain,2.0,4.0,5.0,7.0,25.0,25.5,65.0,15.0,9,True,322,11600.764187022138,46403.05674804534,27.26823832981469,5.216375946029058,162.23221071515948,147.0,169.0,3.877428245870092,0.6514879498604138,0.5729537366548043,0.13333333333333333,0.132,0.21000000000000002,0.5660377358490566,0.25,1.0,0.4372798688183283,0.7724367764207666,0.6122208432576091,0.6122208432576091,0.6836662529772827,srtm_earth_engine
NSR-GRID-166,heavy_rain_rush_hour,Heavy Rain During Rush Hour,12.0,24.0,32.0,40.0,23.0,23.5,80.0,22.0,17,True,322,11600.764187022138,46403.05674804534,27.26823832981469,5.216375946029058,162.23221071515948,147.0,169.0,3.877428245870092,0.6514879498604138,0.5729537366548043,0.8,0.8,0.13,0.8490566037735849,0.6,1.0,0.4372798688183283,0.7724367764207666,0.6122208432576091,0.6122208432576091,0.6836662529772827,srtm_earth_engine
NSR-GRID-166,extreme_rain,Extreme Rain Event,25.0,50.0,70.0,90.0,22.0,22.5,88.0,30.0,18,True,322,11600.764187022138,46403.05674804534,27.26823832981469,5.216375946029058,162.23221071515948,147.0,169.0,3.877428245870092,0.6514879498604138,0.5729537366548043,1.0,1.0,0.09,1.0,1.0,1.0,0.4372798688183283,0.7724367764207666,0.6122208432576091,0.6122208432576091,0.6836662529772827,srtm_earth_engine
NSR-GRID-166,hot_day_optional,Hot Urban Heat Day,0.0,0.0,0.0,0.0,40.0,43.0,35.0,10.0,14,False,322,11600.764187022138,46403.05674804534,27.26823832981469,5.216375946029058,162.23221071515948,147.0,169.0,3.877428245870092,0.6514879498604138,0.5729537366548043,0.0,0.0,0.8600000000000001,0.0,0.0,0.0,0.4372798688183283,0.7724367764207666,0.6122208432576091,0.6122208432576091,0.6836662529772827,srtm_earth_engine
NSR-GRID-167,normal_day,Normal Dry Day,0.0,0.0,0.0,0.0,30.0,31.0,45.0,12.0,12,False,24,1112.9822799815315,4451.929119926126,23.5,7.104142212648074,160.29062673322244,141.0,172.0,5.605875237925923,0.06250403267639738,0.042704626334519574,0.0,0.0,0.42000000000000004,0.18867924528301888,0.1,0.0,0.4465704777777753,0.6010451261241863,0.05260432950545848,0.05260432950545848,0.5157812988516376,srtm_earth_engine
NSR-GRID-167,light_rain,Light Rain,2.0,4.0,5.0,7.0,25.0,25.5,65.0,15.0,9,True,24,1112.9822799815315,4451.929119926126,23.5,7.104142212648074,160.29062673322244,141.0,172.0,5.605875237925923,0.06250403267639738,0.042704626334519574,0.13333333333333333,0.132,0.21000000000000002,0.5660377358490566,0.25,1.0,0.4465704777777753,0.6010451261241863,0.05260432950545848,0.05260432950545848,0.5157812988516376,srtm_earth_engine
NSR-GRID-167,heavy_rain_rush_hour,Heavy Rain During Rush Hour,12.0,24.0,32.0,40.0,23.0,23.5,80.0,22.0,17,True,24,1112.9822799815315,4451.929119926126,23.5,7.104142212648074,160.29062673322244,141.0,172.0,5.605875237925923,0.06250403267639738,0.042704626334519574,0.8,0.8,0.13,0.8490566037735849,0.6,1.0,0.4465704777777753,0.6010451261241863,0.05260432950545848,0.05260432950545848,0.5157812988516376,srtm_earth_engine
NSR-GRID-167,extreme_rain,Extreme Rain Event,25.0,50.0,70.0,90.0,22.0,22.5,88.0,30.0,18,True,24,1112.9822799815315,4451.929119926126,23.5,7.104142212648074,160.29062673322244,141.0,172.0,5.605875237925923,0.06250403267639738,0.042704626334519574,1.0,1.0,0.09,1.0,1.0,1.0,0.4465704777777753,0.6010451261241863,0.05260432950545848,0.05260432950545848,0.5157812988516376,srtm_earth_engine
NSR-GRID-167,hot_day_optional,Hot Urban Heat Day,0.0,0.0,0.0,0.0,40.0,43.0,35.0,10.0,14,False,24,1112.9822799815315,4451.929119926126,23.5,7.104142212648074,160.29062673322244,141.0,172.0,5.605875237925923,0.06250403267639738,0.042704626334519574,0.0,0.0,0.8600000000000001,0.0,0.0,0.0,0.4465704777777753,0.6010451261241863,0.05260432950545848,0.05260432950545848,0.5157812988516376,srtm_earth_engine
NSR-GRID-168,normal_day,Normal Dry Day,0.0,0.0,0.0,0.0,30.0,31.0,45.0,12.0,12,False,8,341.0701154648805,1364.280461858251,23.5,6.531129870604095,159.3697272089875,145.0,185.0,6.400231038536255,0.0191541752509244,0.014234875444839857,0.0,0.0,0.42000000000000004,0.18867924528301888,0.1,0.0,0.4509770434737241,0.5222773350290524,0.016694525347882128,0.016694525347882128,0.5050083576043647,srtm_earth_engine
NSR-GRID-168,light_rain,Light Rain,2.0,4.0,5.0,7.0,25.0,25.5,65.0,15.0,9,True,8,341.0701154648805,1364.280461858251,23.5,6.531129870604095,159.3697272089875,145.0,185.0,6.400231038536255,0.0191541752509244,0.014234875444839857,0.13333333333333333,0.132,0.21000000000000002,0.5660377358490566,0.25,1.0,0.4509770434737241,0.5222773350290524,0.016694525347882128,0.016694525347882128,0.5050083576043647,srtm_earth_engine
NSR-GRID-168,heavy_rain_rush_hour,Heavy Rain During Rush Hour,12.0,24.0,32.0,40.0,23.0,23.5,80.0,22.0,17,True,8,341.0701154648805,1364.280461858251,23.5,6.531129870604095,159.3697272089875,145.0,185.0,6.400231038536255,0.0191541752509244,0.014234875444839857,0.8,0.8,0.13,0.8490566037735849,0.6,1.0,0.4509770434737241,0.5222773350290524,0.016694525347882128,0.016694525347882128,0.5050083576043647,srtm_earth_engine
NSR-GRID-168,extreme_rain,Extreme Rain Event,25.0,50.0,70.0,90.0,22.0,22.5,88.0,30.0,18,True,8,341.0701154648805,1364.280461858251,23.5,6.531129870604095,159.3697272089875,145.0,185.0,6.400231038536255,0.0191541752509244,0.014234875444839857,1.0,1.0,0.09,1.0,1.0,1.0,0.4509770434737241,0.5222773350290524,0.016694525347882128,0.016694525347882128,0.5050083576043647,srtm_earth_engine
NSR-GRID-168,hot_day_optional,Hot Urban Heat Day,0.0,0.0,0.0,0.0,40.0,43.0,35.0,10.0,14,False,8,341.0701154648805,1364.280461858251,23.5,6.531129870604095,159.3697272089875,145.0,185.0,6.400231038536255,0.0191541752509244,0.014234875444839857,0.0,0.0,0.8600000000000001,0.0,0.0,0.0,0.4509770434737241,0.5222773350290524,0.016694525347882128,0.016694525347882128,0.5050083576043647,srtm_earth_engine
NSR-GRID-169,normal_day,Normal Dry Day,0.0,0.0,0.0,0.0,30.0,31.0,45.0,12.0,12,False,30,2925.4663635641405,11701.865454245664,26.027859879584017,13.725503720020397,160.5539916822964,150.0,185.0,5.242151295114169,0.16429142536283542,0.05338078291814947,0.0,0.0,0.42000000000000004,0.18867924528301888,0.1,0.0,0.4453102589161478,0.6371117495713645,0.10883610414049244,0.10883610414049244,0.5326508312421477,srtm_earth_engine
NSR-GRID-169,light_rain,Light Rain,2.0,4.0,5.0,7.0,25.0,25.5,65.0,15.0,9,True,30,2925.4663635641405,11701.865454245664,26.027859879584017,13.725503720020397,160.5539916822964,150.0,185.0,5.242151295114169,0.16429142536283542,0.05338078291814947,0.13333333333333333,0.132,0.21000000000000002,0.5660377358490566,0.25,1.0,0.4453102589161478,0.6371117495713645,0.10883610414049244,0.10883610414049244,0.5326508312421477,srtm_earth_engine
NSR-GRID-169,heavy_rain_rush_hour,Heavy Rain During Rush Hour,12.0,24.0,32.0,40.0,23.0,23.5,80.0,22.0,17,True,30,2925.4663635641405,11701.865454245664,26.027859879584017,13.725503720020397,160.5539916822964,150.0,185.0,5.242151295114169,0.16429142536283542,0.05338078291814947,0.8,0.8,0.13,0.8490566037735849,0.6,1.0,0.4453102589161478,0.6371117495713645,0.10883610414049244,0.10883610414049244,0.5326508312421477,srtm_earth_engine
NSR-GRID-169,extreme_rain,Extreme Rain Event,25.0,50.0,70.0,90.0,22.0,22.5,88.0,30.0,18,True,30,2925.4663635641405,11701.865454245664,26.027859879584017,13.725503720020397,160.5539916822964,150.0,185.0,5.242151295114169,0.16429142536283542,0.05338078291814947,1.0,1.0,0.09,1.0,1.0,1.0,0.4453102589161478,0.6371117495713645,0.10883610414049244,0.10883610414049244,0.5326508312421477,srtm_earth_engine
NSR-GRID-169,hot_day_optional,Hot Urban Heat Day,0.0,0.0,0.0,0.0,40.0,43.0,35.0,10.0,14,False,30,2925.4663635641405,11701.865454245664,26.027859879584017,13.725503720020397,160.5539916822964,150.0,185.0,5.242151295114169,0.16429142536283542,0.05338078291814947,0.0,0.0,0.8600000000000001,0.0,0.0,0.0,0.4453102589161478,0.6371117495713645,0.10883610414049244,0.10883610414049244,0.5326508312421477,srtm_earth_engine
NSR-GRID-170,normal_day,Normal Dry Day,0.0,0.0,0.0,0.0,30.0,31.0,45.0,12.0,12,False,27,2032.598517507795,8130.394070016035,61.417898193760266,4.4126084356178685,164.9130370950378,154.0,183.0,4.657956228296559,0.11414881120854467,0.04804270462633452,0.0,0.0,0.42000000000000004,0.18867924528301888,0.1,0.0,0.4244519356383426,0.6950401425490977,0.08109575791743959,0.08109575791743959,0.5243287273752318,srtm_earth_engine
NSR-GRID-170,light_rain,Light Rain,2.0,4.0,5.0,7.0,25.0,25.5,65.0,15.0,9,True,27,2032.598517507795,8130.394070016035,61.417898193760266,4.4126084356178685,164.9130370950378,154.0,183.0,4.657956228296559,0.11414881120854467,0.04804270462633452,0.13333333333333333,0.132,0.21000000000000002,0.5660377358490566,0.25,1.0,0.4244519356383426,0.6950401425490977,0.08109575791743959,0.08109575791743959,0.5243287273752318,srtm_earth_engine
NSR-GRID-170,heavy_rain_rush_hour,Heavy Rain During Rush Hour,12.0,24.0,32.0,40.0,23.0,23.5,80.0,22.0,17,True,27,2032.598517507795,8130.394070016035,61.417898193760266,4.4126084356178685,164.9130370950378,154.0,183.0,4.657956228296559,0.11414881120854467,0.04804270462633452,0.8,0.8,0.13,0.8490566037735849,0.6,1.0,0.4244519356383426,0.6950401425490977,0.08109575791743959,0.08109575791743959,0.5243287273752318,srtm_earth_engine
NSR-GRID-170,extreme_rain,Extreme Rain Event,25.0,50.0,70.0,90.0,22.0,22.5,88.0,30.0,18,True,27,2032.598517507795,8130.394070016035,61.417898193760266,4.4126084356178685,164.9130370950378,154.0,183.0,4.657956228296559,0.11414881120854467,0.04804270462633452,1.0,1.0,0.09,1.0,1.0,1.0,0.4244519356383426,0.6950401425490977,0.08109575791743959,0.08109575791743959,0.5243287273752318,srtm_earth_engine
NSR-GRID-170,hot_day_optional,Hot Urban Heat Day,0.0,0.0,0.0,0.0,40.0,43.0,35.0,10.0,14,False,27,2032.598517507795,8130.394070016035,61.417898193760266,4.4126084356178685,164.9130370950378,154.0,183.0,4.657956228296559,0.11414881120854467,0.04804270462633452,0.0,0.0,0.8600000000000001,0.0,0.0,0.0,0.4244519356383426,0.6950401425490977,0.08109575791743959,0.08109575791743959,0.5243287273752318,srtm_earth_engine
NSR-GRID-171,normal_day,Normal Dry Day,0.0,0.0,0.0,0.0,30.0,31.0,45.0,12.0,12,False,15,2158.749201643568,8634.99680656623,41.195019157088126,11.11614939538704,172.1159321038986,164.0,186.0,4.0250633995752905,0.1212333143720758,0.026690391459074734,0.0,0.0,0.42000000000000004,0.18867924528301888,0.1,0.0,0.3899856022086061,0.7577973730999699,0.07396185291557526,0.07396185291557526,0.5221885558746726,srtm_earth_engine
NSR-GRID-171,light_rain,Light Rain,2.0,4.0,5.0,7.0,25.0,25.5,65.0,15.0,9,True,15,2158.749201643568,8634.99680656623,41.195019157088126,11.11614939538704,172.1159321038986,164.0,186.0,4.0250633995752905,0.1212333143720758,0.026690391459074734,0.13333333333333333,0.132,0.21000000000000002,0.5660377358490566,0.25,1.0,0.3899856022086061,0.7577973730999699,0.07396185291557526,0.07396185291557526,0.5221885558746726,srtm_earth_engine
NSR-GRID-171,heavy_rain_rush_hour,Heavy Rain During Rush Hour,12.0,24.0,32.0,40.0,23.0,23.5,80.0,22.0,17,True,15,2158.749201643568,8634.99680656623,41.195019157088126,11.11614939538704,172.1159321038986,164.0,186.0,4.0250633995752905,0.1212333143720758,0.026690391459074734,0.8,0.8,0.13,0.8490566037735849,0.6,1.0,0.3899856022086061,0.7577973730999699,0.07396185291557526,0.07396185291557526,0.5221885558746726,srtm_earth_engine
NSR-GRID-171,extreme_rain,Extreme Rain Event,25.0,50.0,70.0,90.0,22.0,22.5,88.0,30.0,18,True,15,2158.749201643568,8634.99680656623,41.195019157088126,11.11614939538704,172.1159321038986,164.0,186.0,4.0250633995752905,0.1212333143720758,0.026690391459074734,1.0,1.0,0.09,1.0,1.0,1.0,0.3899856022086061,0.7577973730999699,0.07396185291557526,0.07396185291557526,0.5221885558746726,srtm_earth_engine
NSR-GRID-171,hot_day_optional,Hot Urban Heat Day,0.0,0.0,0.0,0.0,40.0,43.0,35.0,10.0,14,False,15,2158.749201643568,8634.99680656623,41.195019157088126,11.11614939538704,172.1159321038986,164.0,186.0,4.0250633995752905,0.1212333143720758,0.026690391459074734,0.0,0.0,0.8600000000000001,0.0,0.0,0.0,0.3899856022086061,0.7577973730999699,0.07396185291557526,0.07396185291557526,0.5221885558746726,srtm_earth_engine
NSR-GRID-172,normal_day,Normal Dry Day,0.0,0.0,0.0,0.0,30.0,31.0,45.0,12.0,12,False,0,0.0,0.0,50.0,0.0,173.63902439024386,171.0,177.0,2.5128502513335005,0.0,0.0,0.0,0.0,0.42000000000000004,0.18867924528301888,0.1,0.0,0.3826975039479959,0.9077474197421732,0.0,0.0,0.5,srtm_earth_engine
NSR-GRID-172,light_rain,Light Rain,2.0,4.0,5.0,7.0,25.0,25.5,65.0,15.0,9,True,0,0.0,0.0,50.0,0.0,173.63902439024386,171.0,177.0,2.5128502513335005,0.0,0.0,0.13333333333333333,0.132,0.21000000000000002,0.5660377358490566,0.25,1.0,0.3826975039479959,0.9077474197421732,0.0,0.0,0.5,srtm_earth_engine
NSR-GRID-172,heavy_rain_rush_hour,Heavy Rain During Rush Hour,12.0,24.0,32.0,40.0,23.0,23.5,80.0,22.0,17,True,0,0.0,0.0,50.0,0.0,173.63902439024386,171.0,177.0,2.5128502513335005,0.0,0.0,0.8,0.8,0.13,0.8490566037735849,0.6,1.0,0.3826975039479959,0.9077474197421732,0.0,0.0,0.5,srtm_earth_engine
NSR-GRID-172,extreme_rain,Extreme Rain Event,25.0,50.0,70.0,90.0,22.0,22.5,88.0,30.0,18,True,0,0.0,0.0,50.0,0.0,173.63902439024386,171.0,177.0,2.5128502513335005,0.0,0.0,1.0,1.0,0.09,1.0,1.0,1.0,0.3826975039479959,0.9077474197421732,0.0,0.0,0.5,srtm_earth_engine
NSR-GRID-172,hot_day_optional,Hot Urban Heat Day,0.0,0.0,0.0,0.0,40.0,43.0,35.0,10.0,14,False,0,0.0,0.0,50.0,0.0,173.63902439024386,171.0,177.0,2.5128502513335005,0.0,0.0,0.0,0.0,0.8600000000000001,0.0,0.0,0.0,0.3826975039479959,0.9077474197421732,0.0,0.0,0.5,srtm_earth_engine
NSR-GRID-173,normal_day,Normal Dry Day,0.0,0.0,0.0,0.0,30.0,31.0,45.0,12.0,12,False,3,1598.8268196415183,7634.2138847970145,70.94526546250684,29.29072862741061,172.155028691067,164.0,186.0,4.269172962967575,0.10718255867512042,0.005338078291814947,0.0,0.0,0.42000000000000004,0.18867924528301888,0.1,0.0,0.3897985224292044,0.7335916316943751,0.05626031848346768,0.05626031848346768,0.5168780955450403,srtm_earth_engine
NSR-GRID-173,light_rain,Light Rain,2.0,4.0,5.0,7.0,25.0,25.5,65.0,15.0,9,True,3,1598.8268196415183,7634.2138847970145,70.94526546250684,29.29072862741061,172.155028691067,164.0,186.0,4.269172962967575,0.10718255867512042,0.005338078291814947,0.13333333333333333,0.132,0.21000000000000002,0.5660377358490566,0.25,1.0,0.3897985224292044,0.7335916316943751,0.05626031848346768,0.05626031848346768,0.5168780955450403,srtm_earth_engine
NSR-GRID-173,heavy_rain_rush_hour,Heavy Rain During Rush Hour,12.0,24.0,32.0,40.0,23.0,23.5,80.0,22.0,17,True,3,1598.8268196415183,7634.2138847970145,70.94526546250684,29.29072862741061,172.155028691067,164.0,186.0,4.269172962967575,0.10718255867512042,0.005338078291814947,0.8,0.8,0.13,0.8490566037735849,0.6,1.0,0.3897985224292044,0.7335916316943751,0.05626031848346768,0.05626031848346768,0.5168780955450403,srtm_earth_engine
NSR-GRID-173,extreme_rain,Extreme Rain Event,25.0,50.0,70.0,90.0,22.0,22.5,88.0,30.0,18,True,3,1598.8268196415183,7634.2138847970145,70.94526546250684,29.29072862741061,172.155028691067,164.0,186.0,4.269172962967575,0.10718255867512042,0.005338078291814947,1.0,1.0,0.09,1.0,1.0,1.0,0.3897985224292044,0.7335916316943751,0.05626031848346768,0.05626031848346768,0.5168780955450403,srtm_earth_engine
NSR-GRID-173,hot_day_optional,Hot Urban Heat Day,0.0,0.0,0.0,0.0,40.0,43.0,35.0,10.0,14,False,3,1598.8268196415183,7634.2138847970145,70.94526546250684,29.29072862741061,172.155028691067,164.0,186.0,4.269172962967575,0.10718255867512042,0.005338078291814947,0.0,0.0,0.8600000000000001,0.0,0.0,0.0,0.3897985224292044,0.7335916316943751,0.05626031848346768,0.05626031848346768,0.5168780955450403,srtm_earth_engine
NSR-GRID-174,normal_day,Normal Dry Day,0.0,0.0,0.0,0.0,30.0,31.0,45.0,12.0,12,False,2,309.32930210537364,2905.5678383543523,61.417898193760266,9.065643080671876,105.68237447100536,96.0,116.0,6.5315209336820566,0.04079348574961214,0.0035587188612099642,0.0,0.0,0.42000000000000004,0.18867924528301888,0.1,0.0,0.7078746100980959,0.5092587166394078,0.022176102305411054,0.022176102305411054,0.5066528306916234,srtm_earth_engine
NSR-GRID-174,light_rain,Light Rain,2.0,4.0,5.0,7.0,25.0,25.5,65.0,15.0,9,True,2,309.32930210537364,2905.5678383543523,61.417898193760266,9.065643080671876,105.68237447100536,96.0,116.0,6.5315209336820566,0.04079348574961214,0.0035587188612099642,0.13333333333333333,0.132,0.21000000000000002,0.5660377358490566,0.25,1.0,0.7078746100980959,0.5092587166394078,0.022176102305411054,0.022176102305411054,0.5066528306916234,srtm_earth_engine
NSR-GRID-174,heavy_rain_rush_hour,Heavy Rain During Rush Hour,12.0,24.0,32.0,40.0,23.0,23.5,80.0,22.0,17,True,2,309.32930210537364,2905.5678383543523,61.417898193760266,9.065643080671876,105.68237447100536,96.0,116.0,6.5315209336820566,0.04079348574961214,0.0035587188612099642,0.8,0.8,0.13,0.8490566037735849,0.6,1.0,0.7078746100980959,0.5092587166394078,0.022176102305411054,0.022176102305411054,0.5066528306916234,srtm_earth_engine
NSR-GRID-174,extreme_rain,Extreme Rain Event,25.0,50.0,70.0,90.0,22.0,22.5,88.0,30.0,18,True,2,309.32930210537364,2905.5678383543523,61.417898193760266,9.065643080671876,105.68237447100536,96.0,116.0,6.5315209336820566,0.04079348574961214,0.0035587188612099642,1.0,1.0,0.09,1.0,1.0,1.0,0.7078746100980959,0.5092587166394078,0.022176102305411054,0.022176102305411054,0.5066528306916234,srtm_earth_engine
NSR-GRID-174,hot_day_optional,Hot Urban Heat Day,0.0,0.0,0.0,0.0,40.0,43.0,35.0,10.0,14,False,2,309.32930210537364,2905.5678383543523,61.417898193760266,9.065643080671876,105.68237447100536,96.0,116.0,6.5315209336820566,0.04079348574961214,0.0035587188612099642,0.0,0.0,0.8600000000000001,0.0,0.0,0.0,0.7078746100980959,0.5092587166394078,0.022176102305411054,0.022176102305411054,0.5066528306916234,srtm_earth_engine
NSR-GRID-175,normal_day,Normal Dry Day,0.0,0.0,0.0,0.0,30.0,31.0,45.0,12.0,12,False,77,6775.7429432114,27116.539997844964,29.596293689889748,12.262275201441108,116.60739285076254,103.0,125.0,4.353726592346455,0.38070981285619904,0.13701067615658363,0.0,0.0,0.42000000000000004,0.18867924528301888,0.1,0.0,0.6555976678770173,0.7252073502299058,0.25886024450639133,0.25886024450639133,0.5776580733519174,srtm_earth_engine
NSR-GRID-175,light_rain,Light Rain,2.0,4.0,5.0,7.0,25.0,25.5,65.0,15.0,9,True,77,6775.7429432114,27116.539997844964,29.596293689889748,12.262275201441108,116.60739285076254,103.0,125.0,4.353726592346455,0.38070981285619904,0.13701067615658363,0.13333333333333333,0.132,0.21000000000000002,0.5660377358490566,0.25,1.0,0.6555976678770173,0.7252073502299058,0.25886024450639133,0.25886024450639133,0.5776580733519174,srtm_earth_engine
NSR-GRID-175,heavy_rain_rush_hour,Heavy Rain During Rush Hour,12.0,24.0,32.0,40.0,23.0,23.5,80.0,22.0,17,True,77,6775.7429432114,27116.539997844964,29.596293689889748,12.262275201441108,116.60739285076254,103.0,125.0,4.353726592346455,0.38070981285619904,0.13701067615658363,0.8,0.8,0.13,0.8490566037735849,0.6,1.0,0.6555976678770173,0.7252073502299058,0.25886024450639133,0.25886024450639133,0.5776580733519174,srtm_earth_engine
NSR-GRID-175,extreme_rain,Extreme Rain Event,25.0,50.0,70.0,90.0,22.0,22.5,88.0,30.0,18,True,77,6775.7429432114,27116.539997844964,29.596293689889748,12.262275201441108,116.60739285076254,103.0,125.0,4.353726592346455,0.38070981285619904,0.13701067615658363,1.0,1.0,0.09,1.0,1.0,1.0,0.6555976678770173,0.7252073502299058,0.25886024450639133,0.25886024450639133,0.5776580733519174,srtm_earth_engine
NSR-GRID-175,hot_day_optional,Hot Urban Heat Day,0.0,0.0,0.0,0.0,40.0,43.0,35.0,10.0,14,False,77,6775.7429432114,27116.539997844964,29.596293689889748,12.262275201441108,116.60739285076254,103.0,125.0,4.353726592346455,0.38070981285619904,0.13701067615658363,0.0,0.0,0.8600000000000001,0.0,0.0,0.0,0.6555976678770173,0.7252073502299058,0.25886024450639133,0.25886024450639133,0.5776580733519174,srtm_earth_engine
NSR-GRID-176,normal_day,Normal Dry Day,0.0,0.0,0.0,0.0,30.0,31.0,45.0,12.0,12,False,55,5080.98938383988,20323.957535340596,28.53246753246753,12.838497075402168,120.37006101340992,103.0,142.0,5.372827036215892,0.28534356043919246,0.09786476868327403,0.0,0.0,0.42000000000000004,0.18867924528301888,0.1,0.0,0.6375930495506745,0.6241540302868904,0.19160416456123325,0.19160416456123325,0.55748124936837,srtm_earth_engine
NSR-GRID-176,light_rain,Light Rain,2.0,4.0,5.0,7.0,25.0,25.5,65.0,15.0,9,True,55,5080.98938383988,20323.957535340596,28.53246753246753,12.838497075402168,120.37006101340992,103.0,142.0,5.372827036215892,0.28534356043919246,0.09786476868327403,0.13333333333333333,0.132,0.21000000000000002,0.5660377358490566,0.25,1.0,0.6375930495506745,0.6241540302868904,0.19160416456123325,0.19160416456123325,0.55748124936837,srtm_earth_engine
NSR-GRID-176,heavy_rain_rush_hour,Heavy Rain During Rush Hour,12.0,24.0,32.0,40.0,23.0,23.5,80.0,22.0,17,True,55,5080.98938383988,20323.957535340596,28.53246753246753,12.838497075402168,120.37006101340992,103.0,142.0,5.372827036215892,0.28534356043919246,0.09786476868327403,0.8,0.8,0.13,0.8490566037735849,0.6,1.0,0.6375930495506745,0.6241540302868904,0.19160416456123325,0.19160416456123325,0.55748124936837,srtm_earth_engine
NSR-GRID-176,extreme_rain,Extreme Rain Event,25.0,50.0,70.0,90.0,22.0,22.5,88.0,30.0,18,True,55,5080.98938383988,20323.957535340596,28.53246753246753,12.838497075402168,120.37006101340992,103.0,142.0,5.372827036215892,0.28534356043919246,0.09786476868327403,1.0,1.0,0.09,1.0,1.0,1.0,0.6375930495506745,0.6241540302868904,0.19160416456123325,0.19160416456123325,0.55748124936837,srtm_earth_engine
NSR-GRID-176,hot_day_optional,Hot Urban Heat Day,0.0,0.0,0.0,0.0,40.0,43.0,35.0,10.0,14,False,55,5080.98938383988,20323.957535340596,28.53246753246753,12.838497075402168,120.37006101340992,103.0,142.0,5.372827036215892,0.28534356043919246,0.09786476868327403,0.0,0.0,0.8600000000000001,0.0,0.0,0.0,0.6375930495506745,0.6241540302868904,0.19160416456123325,0.19160416456123325,0.55748124936837,srtm_earth_engine
NSR-GRID-177,normal_day,Normal Dry Day,0.0,0.0,0.0,0.0,30.0,31.0,45.0,12.0,12,False,87,6958.601888720822,27834.407554883288,41.150576600041525,8.099693040166613,116.44475809741364,107.0,136.0,5.228720882793439,0.3907885036964507,0.15480427046263345,0.0,0.0,0.42000000000000004,0.18867924528301888,0.1,0.0,0.6563758860280926,0.6384435002946398,0.27279638707954207,0.27279638707954207,0.5818389161238626,srtm_earth_engine
NSR-GRID-177,light_rain,Light Rain,2.0,4.0,5.0,7.0,25.0,25.5,65.0,15.0,9,True,87,6958.601888720822,27834.407554883288,41.150576600041525,8.099693040166613,116.44475809741364,107.0,136.0,5.228720882793439,0.3907885036964507,0.15480427046263345,0.13333333333333333,0.132,0.21000000000000002,0.5660377358490566,0.25,1.0,0.6563758860280926,0.6384435002946398,0.27279638707954207,0.27279638707954207,0.5818389161238626,srtm_earth_engine
NSR-GRID-177,heavy_rain_rush_hour,Heavy Rain During Rush Hour,12.0,24.0,32.0,40.0,23.0,23.5,80.0,22.0,17,True,87,6958.601888720822,27834.407554883288,41.150576600041525,8.099693040166613,116.44475809741364,107.0,136.0,5.228720882793439,0.3907885036964507,0.15480427046263345,0.8,0.8,0.13,0.8490566037735849,0.6,1.0,0.6563758860280926,0.6384435002946398,0.27279638707954207,0.27279638707954207,0.5818389161238626,srtm_earth_engine
NSR-GRID-177,extreme_rain,Extreme Rain Event,25.0,50.0,70.0,90.0,22.0,22.5,88.0,30.0,18,True,87,6958.601888720822,27834.407554883288,41.150576600041525,8.099693040166613,116.44475809741364,107.0,136.0,5.228720882793439,0.3907885036964507,0.15480427046263345,1.0,1.0,0.09,1.0,1.0,1.0,0.6563758860280926,0.6384435002946398,0.27279638707954207,0.27279638707954207,0.5818389161238626,srtm_earth_engine
NSR-GRID-177,hot_day_optional,Hot Urban Heat Day,0.0,0.0,0.0,0.0,40.0,43.0,35.0,10.0,14,False,87,6958.601888720822,27834.407554883288,41.150576600041525,8.099693040166613,116.44475809741364,107.0,136.0,5.228720882793439,0.3907885036964507,0.15480427046263345,0.0,0.0,0.8600000000000001,0.0,0.0,0.0,0.6563758860280926,0.6384435002946398,0.27279638707954207,0.27279638707954207,0.5818389161238626,srtm_earth_engine
NSR-GRID-178,normal_day,Normal Dry Day,0.0,0.0,0.0,0.0,30.0,31.0,45.0,12.0,12,False,59,6339.801320261493,25359.20528102236,30.06779661016949,14.958071088805454,119.25327005251644,106.0,140.0,6.571685585810535,0.3560372487598798,0.10498220640569395,0.0,0.0,0.42000000000000004,0.18867924528301888,0.1,0.0,0.6429369688473072,0.5052760165372194,0.23050972758278687,0.23050972758278687,0.569152918274836,srtm_earth_engine
NSR-GRID-178,light_rain,Light Rain,2.0,4.0,5.0,7.0,25.0,25.5,65.0,15.0,9,True,59,6339.801320261493,25359.20528102236,30.06779661016949,14.958071088805454,119.25327005251644,106.0,140.0,6.571685585810535,0.3560372487598798,0.10498220640569395,0.13333333333333333,0.132,0.21000000000000002,0.5660377358490566,0.25,1.0,0.6429369688473072,0.5052760165372194,0.23050972758278687,0.23050972758278687,0.569152918274836,srtm_earth_engine
NSR-GRID-178,heavy_rain_rush_hour,Heavy Rain During Rush Hour,12.0,24.0,32.0,40.0,23.0,23.5,80.0,22.0,17,True,59,6339.801320261493,25359.20528102236,30.06779661016949,14.958071088805454,119.25327005251644,106.0,140.0,6.571685585810535,0.3560372487598798,0.10498220640569395,0.8,0.8,0.13,0.8490566037735849,0.6,1.0,0.6429369688473072,0.5052760165372194,0.23050972758278687,0.23050972758278687,0.569152918274836,srtm_earth_engine
NSR-GRID-178,extreme_rain,Extreme Rain Event,25.0,50.0,70.0,90.0,22.0,22.5,88.0,30.0,18,True,59,6339.801320261493,25359.20528102236,30.06779661016949,14.958071088805454,119.25327005251644,106.0,140.0,6.571685585810535,0.3560372487598798,0.10498220640569395,1.0,1.0,0.09,1.0,1.0,1.0,0.6429369688473072,0.5052760165372194,0.23050972758278687,0.23050972758278687,0.569152918274836,srtm_earth_engine
NSR-GRID-178,hot_day_optional,Hot Urban Heat Day,0.0,0.0,0.0,0.0,40.0,43.0,35.0,10.0,14,False,59,6339.801320261493,25359.20528102236,30.06779661016949,14.958071088805454,119.25327005251644,106.0,140.0,6.571685585810535,0.3560372487598798,0.10498220640569395,0.0,0.0,0.8600000000000001,0.0,0.0,0.0,0.6429369688473072,0.5052760165372194,0.23050972758278687,0.23050972758278687,0.569152918274836,srtm_earth_engine
NSR-GRID-179,normal_day,Normal Dry Day,0.0,0.0,0.0,0.0,30.0,31.0,45.0,12.0,12,False,68,6474.455549598881,25897.822198371407,41.07553366174056,10.502763670106894,122.54744037325848,107.0,135.0,6.344782863483096,0.3635993029829272,0.12099644128113879,0.0,0.0,0.42000000000000004,0.18867924528301888,0.1,0.0,0.6271741439679543,0.5277755390653771,0.242297872132033,0.242297872132033,0.5726893616396099,srtm_earth_engine
NSR-GRID-179,light_rain,Light Rain,2.0,4.0,5.0,7.0,25.0,25.5,65.0,15.0,9,True,68,6474.455549598881,25897.822198371407,41.07553366174056,10.502763670106894,122.54744037325848,107.0,135.0,6.344782863483096,0.3635993029829272,0.12099644128113879,0.13333333333333333,0.132,0.21000000000000002,0.5660377358490566,0.25,1.0,0.6271741439679543,0.5277755390653771,0.242297872132033,0.242297872132033,0.5726893616396099,srtm_earth_engine
NSR-GRID-179,heavy_rain_rush_hour,Heavy Rain During Rush Hour,12.0,24.0,32.0,40.0,23.0,23.5,80.0,22.0,17,True,68,6474.455549598881,25897.822198371407,41.07553366174056,10.502763670106894,122.54744037325848,107.0,135.0,6.344782863483096,0.3635993029829272,0.12099644128113879,0.8,0.8,0.13,0.8490566037735849,0.6,1.0,0.6271741439679543,0.5277755390653771,0.242297872132033,0.242297872132033,0.5726893616396099,srtm_earth_engine
NSR-GRID-179,extreme_rain,Extreme Rain Event,25.0,50.0,70.0,90.0,22.0,22.5,88.0,30.0,18,True,68,6474.455549598881,25897.822198371407,41.07553366174056,10.502763670106894,122.54744037325848,107.0,135.0,6.344782863483096,0.3635993029829272,0.12099644128113879,1.0,1.0,0.09,1.0,1.0,1.0,0.6271741439679543,0.5277755390653771,0.242297872132033,0.242297872132033,0.5726893616396099,srtm_earth_engine
NSR-GRID-179,hot_day_optional,Hot Urban Heat Day,0.0,0.0,0.0,0.0,40.0,43.0,35.0,10.0,14,False,68,6474.455549598881,25897.822198371407,41.07553366174056,10.502763670106894,122.54744037325848,107.0,135.0,6.344782863483096,0.3635993029829272,0.12099644128113879,0.0,0.0,0.8600000000000001,0.0,0.0,0.0,0.6271741439679543,0.5277755390653771,0.242297872132033,0.242297872132033,0.5726893616396099,srtm_earth_engine
NSR-GRID-180,normal_day,Normal Dry Day,0.0,0.0,0.0,0.0,30.0,31.0,45.0,12.0,12,False,46,5493.653897028275,21974.615588072167,28.31366459627329,15.95597392804762,132.08494737700897,112.0,159.0,8.720037680812306,0.308518409383599,0.08185053380782918,0.0,0.0,0.42000000000000004,0.18867924528301888,0.1,0.0,0.5815365363011306,0.2922468564456407,0.1951844715957141,0.1951844715957141,0.5585553414787142,srtm_earth_engine
NSR-GRID-180,light_rain,Light Rain,2.0,4.0,5.0,7.0,25.0,25.5,65.0,15.0,9,True,46,5493.653897028275,21974.615588072167,28.31366459627329,15.95597392804762,132.08494737700897,112.0,159.0,8.720037680812306,0.308518409383599,0.08185053380782918,0.13333333333333333,0.132,0.21000000000000002,0.5660377358490566,0.25,1.0,0.5815365363011306,0.2922468564456407,0.1951844715957141,0.1951844715957141,0.5585553414787142,srtm_earth_engine
NSR-GRID-180,heavy_rain_rush_hour,Heavy Rain During Rush Hour,12.0,24.0,32.0,40.0,23.0,23.5,80.0,22.0,17,True,46,5493.653897028275,21974.615588072167,28.31366459627329,15.95597392804762,132.08494737700897,112.0,159.0,8.720037680812306,0.308518409383599,0.08185053380782918,0.8,0.8,0.13,0.8490566037735849,0.6,1.0,0.5815365363011306,0.2922468564456407,0.1951844715957141,0.1951844715957141,0.5585553414787142,srtm_earth_engine
NSR-GRID-180,extreme_rain,Extreme Rain Event,25.0,50.0,70.0,90.0,22.0,22.5,88.0,30.0,18,True,46,5493.653897028275,21974.615588072167,28.31366459627329,15.95597392804762,132.08494737700897,112.0,159.0,8.720037680812306,0.308518409383599,0.08185053380782918,1.0,1.0,0.09,1.0,1.0,1.0,0.5815365363011306,0.2922468564456407,0.1951844715957141,0.1951844715957141,0.5585553414787142,srtm_earth_engine
NSR-GRID-180,hot_day_optional,Hot Urban Heat Day,0.0,0.0,0.0,0.0,40.0,43.0,35.0,10.0,14,False,46,5493.653897028275,21974.615588072167,28.31366459627329,15.95597392804762,132.08494737700897,112.0,159.0,8.720037680812306,0.308518409383599,0.08185053380782918,0.0,0.0,0.8600000000000001,0.0,0.0,0.0,0.5815365363011306,0.2922468564456407,0.1951844715957141,0.1951844715957141,0.5585553414787142,srtm_earth_engine
NSR-GRID-181,normal_day,Normal Dry Day,0.0,0.0,0.0,0.0,30.0,31.0,45.0,12.0,12,False,67,6790.402429337711,27161.609717325548,43.1145013847021,10.985586649528935,141.58461362820876,121.0,163.0,7.959748350877314,0.38134258106594476,0.11921708185053381,0.0,0.0,0.42000000000000004,0.18867924528301888,0.1,0.0,0.5360799991612326,0.3676366390420111,0.2502798314582393,0.2502798314582393,0.5750839494374718,srtm_earth_engine
NSR-GRID-181,light_rain,Light Rain,2.0,4.0,5.0,7.0,25.0,25.5,65.0,15.0,9,True,67,6790.402429337711,27161.609717325548,43.1145013847021,10.985586649528935,141.58461362820876,121.0,163.0,7.959748350877314,0.38134258106594476,0.11921708185053381,0.13333333333333333,0.132,0.21000000000000002,0.5660377358490566,0.25,1.0,0.5360799991612326,0.3676366390420111,0.2502798314582393,0.2502798314582393,0.5750839494374718,srtm_earth_engine
NSR-GRID-181,heavy_rain_rush_hour,Heavy Rain During Rush Hour,12.0,24.0,32.0,40.0,23.0,23.5,80.0,22.0,17,True,67,6790.402429337711,27161.609717325548,43.1145013847021,10.985586649528935,141.58461362820876,121.0,163.0,7.959748350877314,0.38134258106594476,0.11921708185053381,0.8,0.8,0.13,0.8490566037735849,0.6,1.0,0.5360799991612326,0.3676366390420111,0.2502798314582393,0.2502798314582393,0.5750839494374718,srtm_earth_engine
NSR-GRID-181,extreme_rain,Extreme Rain Event,25.0,50.0,70.0,90.0,22.0,22.5,88.0,30.0,18,True,67,6790.402429337711,27161.609717325548,43.1145013847021,10.985586649528935,141.58461362820876,121.0,163.0,7.959748350877314,0.38134258106594476,0.11921708185053381,1.0,1.0,0.09,1.0,1.0,1.0,0.5360799991612326,0.3676366390420111,0.2502798314582393,0.2502798314582393,0.5750839494374718,srtm_earth_engine
NSR-GRID-181,hot_day_optional,Hot Urban Heat Day,0.0,0.0,0.0,0.0,40.0,43.0,35.0,10.0,14,False,67,6790.402429337711,27161.609717325548,43.1145013847021,10.985586649528935,141.58461362820876,121.0,163.0,7.959748350877314,0.38134258106594476,0.11921708185053381,0.0,0.0,0.8600000000000001,0.0,0.0,0.0,0.5360799991612326,0.3676366390420111,0.2502798314582393,0.2502798314582393,0.5750839494374718,srtm_earth_engine
NSR-GRID-182,normal_day,Normal Dry Day,0.0,0.0,0.0,0.0,30.0,31.0,45.0,12.0,12,False,116,6623.465084153038,26493.86033658748,32.19470868014269,7.273736583594315,138.9316943456556,132.0,146.0,2.987868154171245,0.3719675375760365,0.20640569395017794,0.0,0.0,0.42000000000000004,0.18867924528301888,0.1,0.0,0.5487743950176447,0.8606449614880458,0.2891866157631072,0.2891866157631072,0.5867559847289322,srtm_earth_engine
NSR-GRID-182,light_rain,Light Rain,2.0,4.0,5.0,7.0,25.0,25.5,65.0,15.0,9,True,116,6623.465084153038,26493.86033658748,32.19470868014269,7.273736583594315,138.9316943456556,132.0,146.0,2.987868154171245,0.3719675375760365,0.20640569395017794,0.13333333333333333,0.132,0.21000000000000002,0.5660377358490566,0.25,1.0,0.5487743950176447,0.8606449614880458,0.2891866157631072,0.2891866157631072,0.5867559847289322,srtm_earth_engine
NSR-GRID-182,heavy_rain_rush_hour,Heavy Rain During Rush Hour,12.0,24.0,32.0,40.0,23.0,23.5,80.0,22.0,17,True,116,6623.465084153038,26493.86033658748,32.19470868014269,7.273736583594315,138.9316943456556,132.0,146.0,2.987868154171245,0.3719675375760365,0.20640569395017794,0.8,0.8,0.13,0.8490566037735849,0.6,1.0,0.5487743950176447,0.8606449614880458,0.2891866157631072,0.2891866157631072,0.5867559847289322,srtm_earth_engine
NSR-GRID-182,extreme_rain,Extreme Rain Event,25.0,50.0,70.0,90.0,22.0,22.5,88.0,30.0,18,True,116,6623.465084153038,26493.86033658748,32.19470868014269,7.273736583594315,138.9316943456556,132.0,146.0,2.987868154171245,0.3719675375760365,0.20640569395017794,1.0,1.0,0.09,1.0,1.0,1.0,0.5487743950176447,0.8606449614880458,0.2891866157631072,0.2891866157631072,0.5867559847289322,srtm_earth_engine
NSR-GRID-182,hot_day_optional,Hot Urban Heat Day,0.0,0.0,0.0,0.0,40.0,43.0,35.0,10.0,14,False,116,6623.465084153038,26493.86033658748,32.19470868014269,7.273736583594315,138.9316943456556,132.0,146.0,2.987868154171245,0.3719675375760365,0.20640569395017794,0.0,0.0,0.8600000000000001,0.0,0.0,0.0,0.5487743950176447,0.8606449614880458,0.2891866157631072,0.2891866157631072,0.5867559847289322,srtm_earth_engine
NSR-GRID-183,normal_day,Normal Dry Day,0.0,0.0,0.0,0.0,30.0,31.0,45.0,12.0,12,False,85,6154.429281695916,24617.717126783664,31.493914807302232,9.02232175527608,148.54962878355218,139.0,163.0,4.434115621534363,0.34562693031741853,0.1512455516014235,0.0,0.0,0.42000000000000004,0.18867924528301888,0.1,0.0,0.5027519367096875,0.7172360277412317,0.24843624095942102,0.24843624095942102,0.5745308722878263,srtm_earth_engine
NSR-GRID-183,light_rain,Light Rain,2.0,4.0,5.0,7.0,25.0,25.5,65.0,15.0,9,True,85,6154.429281695916,24617.717126783664,31.493914807302232,9.02232175527608,148.54962878355218,139.0,163.0,4.434115621534363,0.34562693031741853,0.1512455516014235,0.13333333333333333,0.132,0.21000000000000002,0.5660377358490566,0.25,1.0,0.5027519367096875,0.7172360277412317,0.24843624095942102,0.24843624095942102,0.5745308722878263,srtm_earth_engine
NSR-GRID-183,heavy_rain_rush_hour,Heavy Rain During Rush Hour,12.0,24.0,32.0,40.0,23.0,23.5,80.0,22.0,17,True,85,6154.429281695916,24617.717126783664,31.493914807302232,9.02232175527608,148.54962878355218,139.0,163.0,4.434115621534363,0.34562693031741853,0.1512455516014235,0.8,0.8,0.13,0.8490566037735849,0.6,1.0,0.5027519367096875,0.7172360277412317,0.24843624095942102,0.24843624095942102,0.5745308722878263,srtm_earth_engine
NSR-GRID-183,extreme_rain,Extreme Rain Event,25.0,50.0,70.0,90.0,22.0,22.5,88.0,30.0,18,True,85,6154.429281695916,24617.717126783664,31.493914807302232,9.02232175527608,148.54962878355218,139.0,163.0,4.434115621534363,0.34562693031741853,0.1512455516014235,1.0,1.0,0.09,1.0,1.0,1.0,0.5027519367096875,0.7172360277412317,0.24843624095942102,0.24843624095942102,0.5745308722878263,srtm_earth_engine
NSR-GRID-183,hot_day_optional,Hot Urban Heat Day,0.0,0.0,0.0,0.0,40.0,43.0,35.0,10.0,14,False,85,6154.429281695916,24617.717126783664,31.493914807302232,9.02232175527608,148.54962878355218,139.0,163.0,4.434115621534363,0.34562693031741853,0.1512455516014235,0.0,0.0,0.8600000000000001,0.0,0.0,0.0,0.5027519367096875,0.7172360277412317,0.24843624095942102,0.24843624095942102,0.5745308722878263,srtm_earth_engine
NSR-GRID-184,normal_day,Normal Dry Day,0.0,0.0,0.0,0.0,30.0,31.0,45.0,12.0,12,False,82,6218.072466645023,24872.28986655693,27.19930714085466,10.450367201804749,156.56385164888914,146.0,168.0,3.3650937348669303,0.3492010714182033,0.14590747330960854,0.0,0.0,0.42000000000000004,0.18867924528301888,0.1,0.0,0.4644033453284272,0.8232395246382758,0.24755427236390593,0.24755427236390593,0.5742662817091718,srtm_earth_engine
NSR-GRID-184,light_rain,Light Rain,2.0,4.0,5.0,7.0,25.0,25.5,65.0,15.0,9,True,82,6218.072466645023,24872.28986655693,27.19930714085466,10.450367201804749,156.56385164888914,146.0,168.0,3.3650937348669303,0.3492010714182033,0.14590747330960854,0.13333333333333333,0.132,0.21000000000000002,0.5660377358490566,0.25,1.0,0.4644033453284272,0.8232395246382758,0.24755427236390593,0.24755427236390593,0.5742662817091718,srtm_earth_engine
NSR-GRID-184,heavy_rain_rush_hour,Heavy Rain During Rush Hour,12.0,24.0,32.0,40.0,23.0,23.5,80.0,22.0,17,True,82,6218.072466645023,24872.28986655693,27.19930714085466,10.450367201804749,156.56385164888914,146.0,168.0,3.3650937348669303,0.3492010714182033,0.14590747330960854,0.8,0.8,0.13,0.8490566037735849,0.6,1.0,0.4644033453284272,0.8232395246382758,0.24755427236390593,0.24755427236390593,0.5742662817091718,srtm_earth_engine
NSR-GRID-184,extreme_rain,Extreme Rain Event,25.0,50.0,70.0,90.0,22.0,22.5,88.0,30.0,18,True,82,6218.072466645023,24872.28986655693,27.19930714085466,10.450367201804749,156.56385164888914,146.0,168.0,3.3650937348669303,0.3492010714182033,0.14590747330960854,1.0,1.0,0.09,1.0,1.0,1.0,0.4644033453284272,0.8232395246382758,0.24755427236390593,0.24755427236390593,0.5742662817091718,srtm_earth_engine
NSR-GRID-184,hot_day_optional,Hot Urban Heat Day,0.0,0.0,0.0,0.0,40.0,43.0,35.0,10.0,14,False,82,6218.072466645023,24872.28986655693,27.19930714085466,10.450367201804749,156.56385164888914,146.0,168.0,3.3650937348669303,0.3492010714182033,0.14590747330960854,0.0,0.0,0.8600000000000001,0.0,0.0,0.0,0.4644033453284272,0.8232395246382758,0.24755427236390593,0.24755427236390593,0.5742662817091718,srtm_earth_engine
NSR-GRID-185,normal_day,Normal Dry Day,0.0,0.0,0.0,0.0,30.0,31.0,45.0,12.0,12,False,65,4539.64290760543,18158.57163040481,27.000113679424025,9.23153888861872,160.82740056771837,147.0,181.0,4.484686713918176,0.2549420541004387,0.11565836298932385,0.0,0.0,0.42000000000000004,0.18867924528301888,0.1,0.0,0.4440019791486358,0.7122214319678009,0.18530020854488127,0.18530020854488127,0.5555900625634644,srtm_earth_engine
NSR-GRID-185,light_rain,Light Rain,2.0,4.0,5.0,7.0,25.0,25.5,65.0,15.0,9,True,65,4539.64290760543,18158.57163040481,27.000113679424025,9.23153888861872,160.82740056771837,147.0,181.0,4.484686713918176,0.2549420541004387,0.11565836298932385,0.13333333333333333,0.132,0.21000000000000002,0.5660377358490566,0.25,1.0,0.4440019791486358,0.7122214319678009,0.18530020854488127,0.18530020854488127,0.5555900625634644,srtm_earth_engine
NSR-GRID-185,heavy_rain_rush_hour,Heavy Rain During Rush Hour,12.0,24.0,32.0,40.0,23.0,23.5,80.0,22.0,17,True,65,4539.64290760543,18158.57163040481,27.000113679424025,9.23153888861872,160.82740056771837,147.0,181.0,4.484686713918176,0.2549420541004387,0.11565836298932385,0.8,0.8,0.13,0.8490566037735849,0.6,1.0,0.4440019791486358,0.7122214319678009,0.18530020854488127,0.18530020854488127,0.5555900625634644,srtm_earth_engine
NSR-GRID-185,extreme_rain,Extreme Rain Event,25.0,50.0,70.0,90.0,22.0,22.5,88.0,30.0,18,True,65,4539.64290760543,18158.57163040481,27.000113679424025,9.23153888861872,160.82740056771837,147.0,181.0,4.484686713918176,0.2549420541004387,0.11565836298932385,1.0,1.0,0.09,1.0,1.0,1.0,0.4440019791486358,0.7122214319678009,0.18530020854488127,0.18530020854488127,0.5555900625634644,srtm_earth_engine
NSR-GRID-185,hot_day_optional,Hot Urban Heat Day,0.0,0.0,0.0,0.0,40.0,43.0,35.0,10.0,14,False,65,4539.64290760543,18158.57163040481,27.000113679424025,9.23153888861872,160.82740056771837,147.0,181.0,4.484686713918176,0.2549420541004387,0.11565836298932385,0.0,0.0,0.8600000000000001,0.0,0.0,0.0,0.4440019791486358,0.7122214319678009,0.18530020854488127,0.18530020854488127,0.5555900625634644,srtm_earth_engine
NSR-GRID-186,normal_day,Normal Dry Day,0.0,0.0,0.0,0.0,30.0,31.0,45.0,12.0,12,False,101,7149.249441949242,28596.997767743705,29.73175470256385,9.7982348827625,167.3336705556008,157.0,185.0,5.95426174707627,0.40149509005470774,0.1797153024911032,0.0,0.0,0.42000000000000004,0.18867924528301888,0.1,0.0,0.4128690429458477,0.5664993523638221,0.2906051962729055,0.2906051962729055,0.5871815588818716,srtm_earth_engine
NSR-GRID-186,light_rain,Light Rain,2.0,4.0,5.0,7.0,25.0,25.5,65.0,15.0,9,True,101,7149.249441949242,28596.997767743705,29.73175470256385,9.7982348827625,167.3336705556008,157.0,185.0,5.95426174707627,0.40149509005470774,0.1797153024911032,0.13333333333333333,0.132,0.21000000000000002,0.5660377358490566,0.25,1.0,0.4128690429458477,0.5664993523638221,0.2906051962729055,0.2906051962729055,0.5871815588818716,srtm_earth_engine
NSR-GRID-186,heavy_rain_rush_hour,Heavy Rain During Rush Hour,12.0,24.0,32.0,40.0,23.0,23.5,80.0,22.0,17,True,101,7149.249441949242,28596.997767743705,29.73175470256385,9.7982348827625,167.3336705556008,157.0,185.0,5.95426174707627,0.40149509005470774,0.1797153024911032,0.8,0.8,0.13,0.8490566037735849,0.6,1.0,0.4128690429458477,0.5664993523638221,0.2906051962729055,0.2906051962729055,0.5871815588818716,srtm_earth_engine
NSR-GRID-186,extreme_rain,Extreme Rain Event,25.0,50.0,70.0,90.0,22.0,22.5,88.0,30.0,18,True,101,7149.249441949242,28596.997767743705,29.73175470256385,9.7982348827625,167.3336705556008,157.0,185.0,5.95426174707627,0.40149509005470774,0.1797153024911032,1.0,1.0,0.09,1.0,1.0,1.0,0.4128690429458477,0.5664993523638221,0.2906051962729055,0.2906051962729055,0.5871815588818716,srtm_earth_engine
NSR-GRID-186,hot_day_optional,Hot Urban Heat Day,0.0,0.0,0.0,0.0,40.0,43.0,35.0,10.0,14,False,101,7149.249441949242,28596.997767743705,29.73175470256385,9.7982348827625,167.3336705556008,157.0,185.0,5.95426174707627,0.40149509005470774,0.1797153024911032,0.0,0.0,0.8600000000000001,0.0,0.0,0.0,0.4128690429458477,0.5664993523638221,0.2906051962729055,0.2906051962729055,0.5871815588818716,srtm_earth_engine
NSR-GRID-187,normal_day,Normal Dry Day,0.0,0.0,0.0,0.0,30.0,31.0,45.0,12.0,12,False,176,10427.758795118976,41711.03518043706,23.181818181818183,9.175754402655691,174.06861401963644,164.0,182.0,3.88707737940244,0.5856130759619238,0.31316725978647686,0.0,0.0,0.42000000000000004,0.18867924528301888,0.1,0.0,0.3806418888951057,0.7714799747788058,0.44939016787420033,0.44939016787420033,0.6348170503622601,srtm_earth_engine
NSR-GRID-187,light_rain,Light Rain,2.0,4.0,5.0,7.0,25.0,25.5,65.0,15.0,9,True,176,10427.758795118976,41711.03518043706,23.181818181818183,9.175754402655691,174.06861401963644,164.0,182.0,3.88707737940244,0.5856130759619238,0.31316725978647686,0.13333333333333333,0.132,0.21000000000000002,0.5660377358490566,0.25,1.0,0.3806418888951057,0.7714799747788058,0.44939016787420033,0.44939016787420033,0.6348170503622601,srtm_earth_engine
NSR-GRID-187,heavy_rain_rush_hour,Heavy Rain During Rush Hour,12.0,24.0,32.0,40.0,23.0,23.5,80.0,22.0,17,True,176,10427.758795118976,41711.03518043706,23.181818181818183,9.175754402655691,174.06861401963644,164.0,182.0,3.88707737940244,0.5856130759619238,0.31316725978647686,0.8,0.8,0.13,0.8490566037735849,0.6,1.0,0.3806418888951057,0.7714799747788058,0.44939016787420033,0.44939016787420033,0.6348170503622601,srtm_earth_engine
NSR-GRID-187,extreme_rain,Extreme Rain Event,25.0,50.0,70.0,90.0,22.0,22.5,88.0,30.0,18,True,176,10427.758795118976,41711.03518043706,23.181818181818183,9.175754402655691,174.06861401963644,164.0,182.0,3.88707737940244,0.5856130759619238,0.31316725978647686,1.0,1.0,0.09,1.0,1.0,1.0,0.3806418888951057,0.7714799747788058,0.44939016787420033,0.44939016787420033,0.6348170503622601,srtm_earth_engine
NSR-GRID-187,hot_day_optional,Hot Urban Heat Day,0.0,0.0,0.0,0.0,40.0,43.0,35.0,10.0,14,False,176,10427.758795118976,41711.03518043706,23.181818181818183,9.175754402655691,174.06861401963644,164.0,182.0,3.88707737940244,0.5856130759619238,0.31316725978647686,0.0,0.0,0.8600000000000001,0.0,0.0,0.0,0.3806418888951057,0.7714799747788058,0.44939016787420033,0.44939016787420033,0.6348170503622601,srtm_earth_engine
NSR-GRID-188,normal_day,Normal Dry Day,0.0,0.0,0.0,0.0,30.0,31.0,45.0,12.0,12,False,124,8334.724734917898,33338.898939640545,23.5,10.296845931950733,170.9242389637508,161.0,182.0,3.606092517729074,0.46807026180888095,0.2206405693950178,0.0,0.0,0.42000000000000004,0.18867924528301888,0.1,0.0,0.3956879334328896,0.7993422461541486,0.3443554156019494,0.3443554156019494,0.6033066246805848,srtm_earth_engine
NSR-GRID-188,light_rain,Light Rain,2.0,4.0,5.0,7.0,25.0,25.5,65.0,15.0,9,True,124,8334.724734917898,33338.898939640545,23.5,10.296845931950733,170.9242389637508,161.0,182.0,3.606092517729074,0.46807026180888095,0.2206405693950178,0.13333333333333333,0.132,0.21000000000000002,0.5660377358490566,0.25,1.0,0.3956879334328896,0.7993422461541486,0.3443554156019494,0.3443554156019494,0.6033066246805848,srtm_earth_engine
NSR-GRID-188,heavy_rain_rush_hour,Heavy Rain During Rush Hour,12.0,24.0,32.0,40.0,23.0,23.5,80.0,22.0,17,True,124,8334.724734917898,33338.898939640545,23.5,10.296845931950733,170.9242389637508,161.0,182.0,3.606092517729074,0.46807026180888095,0.2206405693950178,0.8,0.8,0.13,0.8490566037735849,0.6,1.0,0.3956879334328896,0.7993422461541486,0.3443554156019494,0.3443554156019494,0.6033066246805848,srtm_earth_engine
NSR-GRID-188,extreme_rain,Extreme Rain Event,25.0,50.0,70.0,90.0,22.0,22.5,88.0,30.0,18,True,124,8334.724734917898,33338.898939640545,23.5,10.296845931950733,170.9242389637508,161.0,182.0,3.606092517729074,0.46807026180888095,0.2206405693950178,1.0,1.0,0.09,1.0,1.0,1.0,0.3956879334328896,0.7993422461541486,0.3443554156019494,0.3443554156019494,0.6033066246805848,srtm_earth_engine
NSR-GRID-188,hot_day_optional,Hot Urban Heat Day,0.0,0.0,0.0,0.0,40.0,43.0,35.0,10.0,14,False,124,8334.724734917898,33338.898939640545,23.5,10.296845931950733,170.9242389637508,161.0,182.0,3.606092517729074,0.46807026180888095,0.2206405693950178,0.0,0.0,0.8600000000000001,0.0,0.0,0.0,0.3956879334328896,0.7993422461541486,0.3443554156019494,0.3443554156019494,0.6033066246805848,srtm_earth_engine
NSR-GRID-189,normal_day,Normal Dry Day,0.0,0.0,0.0,0.0,30.0,31.0,45.0,12.0,12,False,214,11866.152175884465,47464.60870353786,30.8958688212636,7.534944372623549,170.86698213265882,164.0,183.0,3.0440220463438314,0.6663918884287122,0.3807829181494662,0.0,0.0,0.42000000000000004,0.18867924528301888,0.1,0.0,0.3959619111917101,0.8550767790131013,0.5235874032890893,0.5235874032890893,0.6570762209867268,srtm_earth_engine
NSR-GRID-189,light_rain,Light Rain,2.0,4.0,5.0,7.0,25.0,25.5,65.0,15.0,9,True,214,11866.152175884465,47464.60870353786,30.8958688212636,7.534944372623549,170.86698213265882,164.0,183.0,3.0440220463438314,0.6663918884287122,0.3807829181494662,0.13333333333333333,0.132,0.21000000000000002,0.5660377358490566,0.25,1.0,0.3959619111917101,0.8550767790131013,0.5235874032890893,0.5235874032890893,0.6570762209867268,srtm_earth_engine
NSR-GRID-189,heavy_rain_rush_hour,Heavy Rain During Rush Hour,12.0,24.0,32.0,40.0,23.0,23.5,80.0,22.0,17,True,214,11866.152175884465,47464.60870353786,30.8958688212636,7.534944372623549,170.86698213265882,164.0,183.0,3.0440220463438314,0.6663918884287122,0.3807829181494662,0.8,0.8,0.13,0.8490566037735849,0.6,1.0,0.3959619111917101,0.8550767790131013,0.5235874032890893,0.5235874032890893,0.6570762209867268,srtm_earth_engine
NSR-GRID-189,extreme_rain,Extreme Rain Event,25.0,50.0,70.0,90.0,22.0,22.5,88.0,30.0,18,True,214,11866.152175884465,47464.60870353786,30.8958688212636,7.534944372623549,170.86698213265882,164.0,183.0,3.0440220463438314,0.6663918884287122,0.3807829181494662,1.0,1.0,0.09,1.0,1.0,1.0,0.3959619111917101,0.8550767790131013,0.5235874032890893,0.5235874032890893,0.6570762209867268,srtm_earth_engine
NSR-GRID-189,hot_day_optional,Hot Urban Heat Day,0.0,0.0,0.0,0.0,40.0,43.0,35.0,10.0,14,False,214,11866.152175884465,47464.60870353786,30.8958688212636,7.534944372623549,170.86698213265882,164.0,183.0,3.0440220463438314,0.6663918884287122,0.3807829181494662,0.0,0.0,0.8600000000000001,0.0,0.0,0.0,0.3959619111917101,0.8550767790131013,0.5235874032890893,0.5235874032890893,0.6570762209867268,srtm_earth_engine
NSR-GRID-190,normal_day,Normal Dry Day,0.0,0.0,0.0,0.0,30.0,31.0,45.0,12.0,12,False,134,8248.998556997796,32995.99422796046,23.5,9.430420706634507,167.5027563036173,158.0,181.0,3.568330949448274,0.4632559606988717,0.23843416370106763,0.0,0.0,0.42000000000000004,0.18867924528301888,0.1,0.0,0.4120599563546668,0.8030866580656388,0.3508450621999697,0.3508450621999697,0.6052535186599909,srtm_earth_engine
NSR-GRID-190,light_rain,Light Rain,2.0,4.0,5.0,7.0,25.0,25.5,65.0,15.0,9,True,134,8248.998556997796,32995.99422796046,23.5,9.430420706634507,167.5027563036173,158.0,181.0,3.568330949448274,0.4632559606988717,0.23843416370106763,0.13333333333333333,0.132,0.21000000000000002,0.5660377358490566,0.25,1.0,0.4120599563546668,0.8030866580656388,0.3508450621999697,0.3508450621999697,0.6052535186599909,srtm_earth_engine
NSR-GRID-190,heavy_rain_rush_hour,Heavy Rain During Rush Hour,12.0,24.0,32.0,40.0,23.0,23.5,80.0,22.0,17,True,134,8248.998556997796,32995.99422796046,23.5,9.430420706634507,167.5027563036173,158.0,181.0,3.568330949448274,0.4632559606988717,0.23843416370106763,0.8,0.8,0.13,0.8490566037735849,0.6,1.0,0.4120599563546668,0.8030866580656388,0.3508450621999697,0.3508450621999697,0.6052535186599909,srtm_earth_engine
NSR-GRID-190,extreme_rain,Extreme Rain Event,25.0,50.0,70.0,90.0,22.0,22.5,88.0,30.0,18,True,134,8248.998556997796,32995.99422796046,23.5,9.430420706634507,167.5027563036173,158.0,181.0,3.568330949448274,0.4632559606988717,0.23843416370106763,1.0,1.0,0.09,1.0,1.0,1.0,0.4120599563546668,0.8030866580656388,0.3508450621999697,0.3508450621999697,0.6052535186599909,srtm_earth_engine
NSR-GRID-190,hot_day_optional,Hot Urban Heat Day,0.0,0.0,0.0,0.0,40.0,43.0,35.0,10.0,14,False,134,8248.998556997796,32995.99422796046,23.5,9.430420706634507,167.5027563036173,158.0,181.0,3.568330949448274,0.4632559606988717,0.23843416370106763,0.0,0.0,0.8600000000000001,0.0,0.0,0.0,0.4120599563546668,0.8030866580656388,0.3508450621999697,0.3508450621999697,0.6052535186599909,srtm_earth_engine
NSR-GRID-191,normal_day,Normal Dry Day,0.0,0.0,0.0,0.0,30.0,31.0,45.0,12.0,12,False,112,7401.245479832784,29604.98191930357,27.562631949331458,9.14286709053393,168.76751280629054,158.0,181.0,3.667295679398984,0.41564694931598767,0.199288256227758,0.0,0.0,0.42000000000000004,0.18867924528301888,0.1,0.0,0.4060080120635257,0.7932733814853526,0.30746760277187285,0.30746760277187285,0.5922402808315619,srtm_earth_engine
NSR-GRID-191,light_rain,Light Rain,2.0,4.0,5.0,7.0,25.0,25.5,65.0,15.0,9,True,112,7401.245479832784,29604.98191930357,27.562631949331458,9.14286709053393,168.76751280629054,158.0,181.0,3.667295679398984,0.41564694931598767,0.199288256227758,0.13333333333333333,0.132,0.21000000000000002,0.5660377358490566,0.25,1.0,0.4060080120635257,0.7932733814853526,0.30746760277187285,0.30746760277187285,0.5922402808315619,srtm_earth_engine
NSR-GRID-191,heavy_rain_rush_hour,Heavy Rain During Rush Hour,12.0,24.0,32.0,40.0,23.0,23.5,80.0,22.0,17,True,112,7401.245479832784,29604.98191930357,27.562631949331458,9.14286709053393,168.76751280629054,158.0,181.0,3.667295679398984,0.41564694931598767,0.199288256227758,0.8,0.8,0.13,0.8490566037735849,0.6,1.0,0.4060080120635257,0.7932733814853526,0.30746760277187285,0.30746760277187285,0.5922402808315619,srtm_earth_engine
NSR-GRID-191,extreme_rain,Extreme Rain Event,25.0,50.0,70.0,90.0,22.0,22.5,88.0,30.0,18,True,112,7401.245479832784,29604.98191930357,27.562631949331458,9.14286709053393,168.76751280629054,158.0,181.0,3.667295679398984,0.41564694931598767,0.199288256227758,1.0,1.0,0.09,1.0,1.0,1.0,0.4060080120635257,0.7932733814853526,0.30746760277187285,0.30746760277187285,0.5922402808315619,srtm_earth_engine
NSR-GRID-191,hot_day_optional,Hot Urban Heat Day,0.0,0.0,0.0,0.0,40.0,43.0,35.0,10.0,14,False,112,7401.245479832784,29604.98191930357,27.562631949331458,9.14286709053393,168.76751280629054,158.0,181.0,3.667295679398984,0.41564694931598767,0.199288256227758,0.0,0.0,0.8600000000000001,0.0,0.0,0.0,0.4060080120635257,0.7932733814853526,0.30746760277187285,0.30746760277187285,0.5922402808315619,srtm_earth_engine
NSR-GRID-192,normal_day,Normal Dry Day,0.0,0.0,0.0,0.0,30.0,31.0,45.0,12.0,12,False,8,1228.069558895555,4912.27823557307,42.45894909688013,17.40356560567841,167.99898833319736,159.0,176.0,3.643484126570328,0.06896722546133208,0.014234875444839857,0.0,0.0,0.42000000000000004,0.18867924528301888,0.1,0.0,0.4096854529683227,0.7956345191738006,0.041601050453085965,0.041601050453085965,0.5124803151359257,srtm_earth_engine
NSR-GRID-192,light_rain,Light Rain,2.0,4.0,5.0,7.0,25.0,25.5,65.0,15.0,9,True,8,1228.069558895555,4912.27823557307,42.45894909688013,17.40356560567841,167.99898833319736,159.0,176.0,3.643484126570328,0.06896722546133208,0.014234875444839857,0.13333333333333333,0.132,0.21000000000000002,0.5660377358490566,0.25,1.0,0.4096854529683227,0.7956345191738006,0.041601050453085965,0.041601050453085965,0.5124803151359257,srtm_earth_engine
NSR-GRID-192,heavy_rain_rush_hour,Heavy Rain During Rush Hour,12.0,24.0,32.0,40.0,23.0,23.5,80.0,22.0,17,True,8,1228.069558895555,4912.27823557307,42.45894909688013,17.40356560567841,167.99898833319736,159.0,176.0,3.643484126570328,0.06896722546133208,0.014234875444839857,0.8,0.8,0.13,0.8490566037735849,0.6,1.0,0.4096854529683227,0.7956345191738006,0.041601050453085965,0.041601050453085965,0.5124803151359257,srtm_earth_engine
NSR-GRID-192,extreme_rain,Extreme Rain Event,25.0,50.0,70.0,90.0,22.0,22.5,88.0,30.0,18,True,8,1228.069558895555,4912.27823557307,42.45894909688013,17.40356560567841,167.99898833319736,159.0,176.0,3.643484126570328,0.06896722546133208,0.014234875444839857,1.0,1.0,0.09,1.0,1.0,1.0,0.4096854529683227,0.7956345191738006,0.041601050453085965,0.041601050453085965,0.5124803151359257,srtm_earth_engine
NSR-GRID-192,hot_day_optional,Hot Urban Heat Day,0.0,0.0,0.0,0.0,40.0,43.0,35.0,10.0,14,False,8,1228.069558895555,4912.27823557307,42.45894909688013,17.40356560567841,167.99898833319736,159.0,176.0,3.643484126570328,0.06896722546133208,0.014234875444839857,0.0,0.0,0.8600000000000001,0.0,0.0,0.0,0.4096854529683227,0.7956345191738006,0.041601050453085965,0.041601050453085965,0.5124803151359257,srtm_earth_engine
NSR-GRID-193,normal_day,Normal Dry Day,0.0,0.0,0.0,0.0,30.0,31.0,45.0,12.0,12,False,0,0.0,0.0,50.0,0.0,104.8448637316562,101.0,106.0,4.860075282350776,0.0,0.0,0.0,0.0,0.42000000000000004,0.18867924528301888,0.1,0.0,0.7118821548919438,0.6749981520281545,0.0,0.0,0.5,srtm_earth_engine
NSR-GRID-193,light_rain,Light Rain,2.0,4.0,5.0,7.0,25.0,25.5,65.0,15.0,9,True,0,0.0,0.0,50.0,0.0,104.8448637316562,101.0,106.0,4.860075282350776,0.0,0.0,0.13333333333333333,0.132,0.21000000000000002,0.5660377358490566,0.25,1.0,0.7118821548919438,0.6749981520281545,0.0,0.0,0.5,srtm_earth_engine
NSR-GRID-193,heavy_rain_rush_hour,Heavy Rain During Rush Hour,12.0,24.0,32.0,40.0,23.0,23.5,80.0,22.0,17,True,0,0.0,0.0,50.0,0.0,104.8448637316562,101.0,106.0,4.860075282350776,0.0,0.0,0.8,0.8,0.13,0.8490566037735849,0.6,1.0,0.7118821548919438,0.6749981520281545,0.0,0.0,0.5,srtm_earth_engine
NSR-GRID-193,extreme_rain,Extreme Rain Event,25.0,50.0,70.0,90.0,22.0,22.5,88.0,30.0,18,True,0,0.0,0.0,50.0,0.0,104.8448637316562,101.0,106.0,4.860075282350776,0.0,0.0,1.0,1.0,0.09,1.0,1.0,1.0,0.7118821548919438,0.6749981520281545,0.0,0.0,0.5,srtm_earth_engine
NSR-GRID-193,hot_day_optional,Hot Urban Heat Day,0.0,0.0,0.0,0.0,40.0,43.0,35.0,10.0,14,False,0,0.0,0.0,50.0,0.0,104.8448637316562,101.0,106.0,4.860075282350776,0.0,0.0,0.0,0.0,0.8600000000000001,0.0,0.0,0.0,0.7118821548919438,0.6749981520281545,0.0,0.0,0.5,srtm_earth_engine
NSR-GRID-194,normal_day,Normal Dry Day,0.0,0.0,0.0,0.0,30.0,31.0,45.0,12.0,12,False,1,197.53737376986535,4408.933785146246,90.0,7.901494950794615,175.728858690662,173.0,180.0,2.217694432782946,0.0619003883375902,0.0017793594306049821,0.0,0.0,0.42000000000000004,0.18867924528301888,0.1,0.0,0.3726975073185151,0.9370148737448256,0.03183987388409759,0.03183987388409759,0.5095519621652292,srtm_earth_engine
NSR-GRID-194,light_rain,Light Rain,2.0,4.0,5.0,7.0,25.0,25.5,65.0,15.0,9,True,1,197.53737376986535,4408.933785146246,90.0,7.901494950794615,175.728858690662,173.0,180.0,2.217694432782946,0.0619003883375902,0.0017793594306049821,0.13333333333333333,0.132,0.21000000000000002,0.5660377358490566,0.25,1.0,0.3726975073185151,0.9370148737448256,0.03183987388409759,0.03183987388409759,0.5095519621652292,srtm_earth_engine
NSR-GRID-194,heavy_rain_rush_hour,Heavy Rain During Rush Hour,12.0,24.0,32.0,40.0,23.0,23.5,80.0,22.0,17,True,1,197.53737376986535,4408.933785146246,90.0,7.901494950794615,175.728858690662,173.0,180.0,2.217694432782946,0.0619003883375902,0.0017793594306049821,0.8,0.8,0.13,0.8490566037735849,0.6,1.0,0.3726975073185151,0.9370148737448256,0.03183987388409759,0.03183987388409759,0.5095519621652292,srtm_earth_engine
NSR-GRID-194,extreme_rain,Extreme Rain Event,25.0,50.0,70.0,90.0,22.0,22.5,88.0,30.0,18,True,1,197.53737376986535,4408.933785146246,90.0,7.901494950794615,175.728858690662,173.0,180.0,2.217694432782946,0.0619003883375902,0.0017793594306049821,1.0,1.0,0.09,1.0,1.0,1.0,0.3726975073185151,0.9370148737448256,0.03183987388409759,0.03183987388409759,0.5095519621652292,srtm_earth_engine
NSR-GRID-194,hot_day_optional,Hot Urban Heat Day,0.0,0.0,0.0,0.0,40.0,43.0,35.0,10.0,14,False,1,197.53737376986535,4408.933785146246,90.0,7.901494950794615,175.728858690662,173.0,180.0,2.217694432782946,0.0619003883375902,0.0017793594306049821,0.0,0.0,0.8600000000000001,0.0,0.0,0.0,0.3726975073185151,0.9370148737448256,0.03183987388409759,0.03183987388409759,0.5095519621652292,srtm_earth_engine
NSR-GRID-195,normal_day,Normal Dry Day,0.0,0.0,0.0,0.0,30.0,31.0,45.0,12.0,12,False,105,5669.165500110751,28552.01081542116,25.96996637735554,7.916860331331158,115.39939785123624,101.0,137.0,6.472125782379921,0.4008634838762997,0.18683274021352314,0.0,0.0,0.42000000000000004,0.18867924528301888,0.1,0.0,0.6613780045866193,0.5151483002066656,0.29384811204491146,0.29384811204491146,0.5881544336134734,srtm_earth_engine
NSR-GRID-195,light_rain,Light Rain,2.0,4.0,5.0,7.0,25.0,25.5,65.0,15.0,9,True,105,5669.165500110751,28552.01081542116,25.96996637735554,7.916860331331158,115.39939785123624,101.0,137.0,6.472125782379921,0.4008634838762997,0.18683274021352314,0.13333333333333333,0.132,0.21000000000000002,0.5660377358490566,0.25,1.0,0.6613780045866193,0.5151483002066656,0.29384811204491146,0.29384811204491146,0.5881544336134734,srtm_earth_engine
NSR-GRID-195,heavy_rain_rush_hour,Heavy Rain During Rush Hour,12.0,24.0,32.0,40.0,23.0,23.5,80.0,22.0,17,True,105,5669.165500110751,28552.01081542116,25.96996637735554,7.916860331331158,115.39939785123624,101.0,137.0,6.472125782379921,0.4008634838762997,0.18683274021352314,0.8,0.8,0.13,0.8490566037735849,0.6,1.0,0.6613780045866193,0.5151483002066656,0.29384811204491146,0.29384811204491146,0.5881544336134734,srtm_earth_engine
NSR-GRID-195,extreme_rain,Extreme Rain Event,25.0,50.0,70.0,90.0,22.0,22.5,88.0,30.0,18,True,105,5669.165500110751,28552.01081542116,25.96996637735554,7.916860331331158,115.39939785123624,101.0,137.0,6.472125782379921,0.4008634838762997,0.18683274021352314,1.0,1.0,0.09,1.0,1.0,1.0,0.6613780045866193,0.5151483002066656,0.29384811204491146,0.29384811204491146,0.5881544336134734,srtm_earth_engine
NSR-GRID-195,hot_day_optional,Hot Urban Heat Day,0.0,0.0,0.0,0.0,40.0,43.0,35.0,10.0,14,False,105,5669.165500110751,28552.01081542116,25.96996637735554,7.916860331331158,115.39939785123624,101.0,137.0,6.472125782379921,0.4008634838762997,0.18683274021352314,0.0,0.0,0.8600000000000001,0.0,0.0,0.0,0.6613780045866193,0.5151483002066656,0.29384811204491146,0.29384811204491146,0.5881544336134734,srtm_earth_engine
NSR-GRID-196,normal_day,Normal Dry Day,0.0,0.0,0.0,0.0,30.0,31.0,45.0,12.0,12,False,20,4122.654544734457,16979.24366113052,68.07877668308703,11.088754497546514,176.26062771803234,170.0,185.0,2.371211269331192,0.23838456813378592,0.03558718861209965,0.0,0.0,0.42000000000000004,0.18867924528301888,0.1,0.0,0.3701529570255557,0.9217922466783056,0.1369858783729428,0.1369858783729428,0.5410957635118828,srtm_earth_engine
NSR-GRID-196,light_rain,Light Rain,2.0,4.0,5.0,7.0,25.0,25.5,65.0,15.0,9,True,20,4122.654544734457,16979.24366113052,68.07877668308703,11.088754497546514,176.26062771803234,170.0,185.0,2.371211269331192,0.23838456813378592,0.03558718861209965,0.13333333333333333,0.132,0.21000000000000002,0.5660377358490566,0.25,1.0,0.3701529570255557,0.9217922466783056,0.1369858783729428,0.1369858783729428,0.5410957635118828,srtm_earth_engine
NSR-GRID-196,heavy_rain_rush_hour,Heavy Rain During Rush Hour,12.0,24.0,32.0,40.0,23.0,23.5,80.0,22.0,17,True,20,4122.654544734457,16979.24366113052,68.07877668308703,11.088754497546514,176.26062771803234,170.0,185.0,2.371211269331192,0.23838456813378592,0.03558718861209965,0.8,0.8,0.13,0.8490566037735849,0.6,1.0,0.3701529570255557,0.9217922466783056,0.1369858783729428,0.1369858783729428,0.5410957635118828,srtm_earth_engine
NSR-GRID-196,extreme_rain,Extreme Rain Event,25.0,50.0,70.0,90.0,22.0,22.5,88.0,30.0,18,True,20,4122.654544734457,16979.24366113052,68.07877668308703,11.088754497546514,176.26062771803234,170.0,185.0,2.371211269331192,0.23838456813378592,0.03558718861209965,1.0,1.0,0.09,1.0,1.0,1.0,0.3701529570255557,0.9217922466783056,0.1369858783729428,0.1369858783729428,0.5410957635118828,srtm_earth_engine
NSR-GRID-196,hot_day_optional,Hot Urban Heat Day,0.0,0.0,0.0,0.0,40.0,43.0,35.0,10.0,14,False,20,4122.654544734457,16979.24366113052,68.07877668308703,11.088754497546514,176.26062771803234,170.0,185.0,2.371211269331192,0.23838456813378592,0.03558718861209965,0.0,0.0,0.8600000000000001,0.0,0.0,0.0,0.3701529570255557,0.9217922466783056,0.1369858783729428,0.1369858783729428,0.5410957635118828,srtm_earth_engine
NSR-GRID-197,normal_day,Normal Dry Day,0.0,0.0,0.0,0.0,30.0,31.0,45.0,12.0,12,False,44,4512.425074150818,18049.70029660327,23.5,15.710570857778476,126.2740764902554,113.0,146.0,6.298367474937118,0.2534135263044779,0.07829181494661921,0.0,0.0,0.42000000000000004,0.18867924528301888,0.1,0.0,0.6093419413852834,0.5323780580194528,0.16585267062554854,0.16585267062554854,0.5497558011876645,srtm_earth_engine
NSR-GRID-197,light_rain,Light Rain,2.0,4.0,5.0,7.0,25.0,25.5,65.0,15.0,9,True,44,4512.425074150818,18049.70029660327,23.5,15.710570857778476,126.2740764902554,113.0,146.0,6.298367474937118,0.2534135263044779,0.07829181494661921,0.13333333333333333,0.132,0.21000000000000002,0.5660377358490566,0.25,1.0,0.6093419413852834,0.5323780580194528,0.16585267062554854,0.16585267062554854,0.5497558011876645,srtm_earth_engine
NSR-GRID-197,heavy_rain_rush_hour,Heavy Rain During Rush Hour,12.0,24.0,32.0,40.0,23.0,23.5,80.0,22.0,17,True,44,4512.425074150818,18049.70029660327,23.5,15.710570857778476,126.2740764902554,113.0,146.0,6.298367474937118,0.2534135263044779,0.07829181494661921,0.8,0.8,0.13,0.8490566037735849,0.6,1.0,0.6093419413852834,0.5323780580194528,0.16585267062554854,0.16585267062554854,0.5497558011876645,srtm_earth_engine
NSR-GRID-197,extreme_rain,Extreme Rain Event,25.0,50.0,70.0,90.0,22.0,22.5,88.0,30.0,18,True,44,4512.425074150818,18049.70029660327,23.5,15.710570857778476,126.2740764902554,113.0,146.0,6.298367474937118,0.2534135263044779,0.07829181494661921,1.0,1.0,0.09,1.0,1.0,1.0,0.6093419413852834,0.5323780580194528,0.16585267062554854,0.16585267062554854,0.5497558011876645,srtm_earth_engine
NSR-GRID-197,hot_day_optional,Hot Urban Heat Day,0.0,0.0,0.0,0.0,40.0,43.0,35.0,10.0,14,False,44,4512.425074150818,18049.70029660327,23.5,15.710570857778476,126.2740764902554,113.0,146.0,6.298367474937118,0.2534135263044779,0.07829181494661921,0.0,0.0,0.8600000000000001,0.0,0.0,0.0,0.6093419413852834,0.5323780580194528,0.16585267062554854,0.16585267062554854,0.5497558011876645,srtm_earth_engine
NSR-GRID-198,normal_day,Normal Dry Day,0.0,0.0,0.0,0.0,30.0,31.0,45.0,12.0,12,False,30,4099.836124691782,16399.3444987824,32.726190476190474,17.297483560235847,129.67950474699035,117.0,145.0,5.293102981408254,0.23024292094758278,0.05338078291814947,0.0,0.0,0.42000000000000004,0.18867924528301888,0.1,0.0,0.5930467398554422,0.6320594143597708,0.14181185193286613,0.14181185193286613,0.5425435555798599,srtm_earth_engine
NSR-GRID-198,light_rain,Light Rain,2.0,4.0,5.0,7.0,25.0,25.5,65.0,15.0,9,True,30,4099.836124691782,16399.3444987824,32.726190476190474,17.297483560235847,129.67950474699035,117.0,145.0,5.293102981408254,0.23024292094758278,0.05338078291814947,0.13333333333333333,0.132,0.21000000000000002,0.5660377358490566,0.25,1.0,0.5930467398554422,0.6320594143597708,0.14181185193286613,0.14181185193286613,0.5425435555798599,srtm_earth_engine
NSR-GRID-198,heavy_rain_rush_hour,Heavy Rain During Rush Hour,12.0,24.0,32.0,40.0,23.0,23.5,80.0,22.0,17,True,30,4099.836124691782,16399.3444987824,32.726190476190474,17.297483560235847,129.67950474699035,117.0,145.0,5.293102981408254,0.23024292094758278,0.05338078291814947,0.8,0.8,0.13,0.8490566037735849,0.6,1.0,0.5930467398554422,0.6320594143597708,0.14181185193286613,0.14181185193286613,0.5425435555798599,srtm_earth_engine
NSR-GRID-198,extreme_rain,Extreme Rain Event,25.0,50.0,70.0,90.0,22.0,22.5,88.0,30.0,18,True,30,4099.836124691782,16399.3444987824,32.726190476190474,17.297483560235847,129.67950474699035,117.0,145.0,5.293102981408254,0.23024292094758278,0.05338078291814947,1.0,1.0,0.09,1.0,1.0,1.0,0.5930467398554422,0.6320594143597708,0.14181185193286613,0.14181185193286613,0.5425435555798599,srtm_earth_engine
NSR-GRID-198,hot_day_optional,Hot Urban Heat Day,0.0,0.0,0.0,0.0,40.0,43.0,35.0,10.0,14,False,30,4099.836124691782,16399.3444987824,32.726190476190474,17.297483560235847,129.67950474699035,117.0,145.0,5.293102981408254,0.23024292094758278,0.05338078291814947,0.0,0.0,0.8600000000000001,0.0,0.0,0.0,0.5930467398554422,0.6320594143597708,0.14181185193286613,0.14181185193286613,0.5425435555798599,srtm_earth_engine
NSR-GRID-199,normal_day,Normal Dry Day,0.0,0.0,0.0,0.0,30.0,31.0,45.0,12.0,12,False,64,7230.75125188911,28923.00500755644,23.5,17.307649273138825,130.5755352280325,114.0,149.0,8.153489854111514,0.40607215465324187,0.11387900355871886,0.0,0.0,0.42000000000000004,0.18867924528301888,0.1,0.0,0.5887591741912457,0.3484253608698326,0.25997557910598035,0.25997557910598035,0.5779926737317941,srtm_earth_engine
NSR-GRID-199,light_rain,Light Rain,2.0,4.0,5.0,7.0,25.0,25.5,65.0,15.0,9,True,64,7230.75125188911,28923.00500755644,23.5,17.307649273138825,130.5755352280325,114.0,149.0,8.153489854111514,0.40607215465324187,0.11387900355871886,0.13333333333333333,0.132,0.21000000000000002,0.5660377358490566,0.25,1.0,0.5887591741912457,0.3484253608698326,0.25997557910598035,0.25997557910598035,0.5779926737317941,srtm_earth_engine
NSR-GRID-199,heavy_rain_rush_hour,Heavy Rain During Rush Hour,12.0,24.0,32.0,40.0,23.0,23.5,80.0,22.0,17,True,64,7230.75125188911,28923.00500755644,23.5,17.307649273138825,130.5755352280325,114.0,149.0,8.153489854111514,0.40607215465324187,0.11387900355871886,0.8,0.8,0.13,0.8490566037735849,0.6,1.0,0.5887591741912457,0.3484253608698326,0.25997557910598035,0.25997557910598035,0.5779926737317941,srtm_earth_engine
NSR-GRID-199,extreme_rain,Extreme Rain Event,25.0,50.0,70.0,90.0,22.0,22.5,88.0,30.0,18,True,64,7230.75125188911,28923.00500755644,23.5,17.307649273138825,130.5755352280325,114.0,149.0,8.153489854111514,0.40607215465324187,0.11387900355871886,1.0,1.0,0.09,1.0,1.0,1.0,0.5887591741912457,0.3484253608698326,0.25997557910598035,0.25997557910598035,0.5779926737317941,srtm_earth_engine
NSR-GRID-199,hot_day_optional,Hot Urban Heat Day,0.0,0.0,0.0,0.0,40.0,43.0,35.0,10.0,14,False,64,7230.75125188911,28923.00500755644,23.5,17.307649273138825,130.5755352280325,114.0,149.0,8.153489854111514,0.40607215465324187,0.11387900355871886,0.0,0.0,0.8600000000000001,0.0,0.0,0.0,0.5887591741912457,0.3484253608698326,0.25997557910598035,0.25997557910598035,0.5779926737317941,srtm_earth_engine
NSR-GRID-200,normal_day,Normal Dry Day,0.0,0.0,0.0,0.0,30.0,31.0,45.0,12.0,12,False,55,5081.16531170413,20324.66124681652,35.2200776235259,11.182378226196532,131.83589659952713,114.0,161.0,7.389621924473283,0.2853534403819995,0.09786476868327403,0.0,0.0,0.42000000000000004,0.18867924528301888,0.1,0.0,0.5827282608961808,0.4241699950246876,0.19160910453263677,0.19160910453263677,0.557482731359791,srtm_earth_engine
NSR-GRID-200,light_rain,Light Rain,2.0,4.0,5.0,7.0,25.0,25.5,65.0,15.0,9,True,55,5081.16531170413,20324.66124681652,35.2200776235259,11.182378226196532,131.83589659952713,114.0,161.0,7.389621924473283,0.2853534403819995,0.09786476868327403,0.13333333333333333,0.132,0.21000000000000002,0.5660377358490566,0.25,1.0,0.5827282608961808,0.4241699950246876,0.19160910453263677,0.19160910453263677,0.557482731359791,srtm_earth_engine
NSR-GRID-200,heavy_rain_rush_hour,Heavy Rain During Rush Hour,12.0,24.0,32.0,40.0,23.0,23.5,80.0,22.0,17,True,55,5081.16531170413,20324.66124681652,35.2200776235259,11.182378226196532,131.83589659952713,114.0,161.0,7.389621924473283,0.2853534403819995,0.09786476868327403,0.8,0.8,0.13,0.8490566037735849,0.6,1.0,0.5827282608961808,0.4241699950246876,0.19160910453263677,0.19160910453263677,0.557482731359791,srtm_earth_engine
NSR-GRID-200,extreme_rain,Extreme Rain Event,25.0,50.0,70.0,90.0,22.0,22.5,88.0,30.0,18,True,55,5081.16531170413,20324.66124681652,35.2200776235259,11.182378226196532,131.83589659952713,114.0,161.0,7.389621924473283,0.2853534403819995,0.09786476868327403,1.0,1.0,0.09,1.0,1.0,1.0,0.5827282608961808,0.4241699950246876,0.19160910453263677,0.19160910453263677,0.557482731359791,srtm_earth_engine
NSR-GRID-200,hot_day_optional,Hot Urban Heat Day,0.0,0.0,0.0,0.0,40.0,43.0,35.0,10.0,14,False,55,5081.16531170413,20324.66124681652,35.2200776235259,11.182378226196532,131.83589659952713,114.0,161.0,7.389621924473283,0.2853534403819995,0.09786476868327403,0.0,0.0,0.8600000000000001,0.0,0.0,0.0,0.5827282608961808,0.4241699950246876,0.19160910453263677,0.19160910453263677,0.557482731359791,srtm_earth_engine
NSR-GRID-201,normal_day,Normal Dry Day,0.0,0.0,0.0,0.0,30.0,31.0,45.0,12.0,12,False,151,8674.407759673295,34697.63103866087,28.773350079926924,7.829380394520705,135.1820005872566,120.0,160.0,7.315412741129034,0.487146539356859,0.26868327402135234,0.0,0.0,0.42000000000000004,0.18867924528301888,0.1,0.0,0.5667169299535832,0.4315285281234693,0.37791490668910566,0.37791490668910566,0.6133744720067317,srtm_earth_engine
NSR-GRID-201,light_rain,Light Rain,2.0,4.0,5.0,7.0,25.0,25.5,65.0,15.0,9,True,151,8674.407759673295,34697.63103866087,28.773350079926924,7.829380394520705,135.1820005872566,120.0,160.0,7.315412741129034,0.487146539356859,0.26868327402135234,0.13333333333333333,0.132,0.21000000000000002,0.5660377358490566,0.25,1.0,0.5667169299535832,0.4315285281234693,0.37791490668910566,0.37791490668910566,0.6133744720067317,srtm_earth_engine
NSR-GRID-201,heavy_rain_rush_hour,Heavy Rain During Rush Hour,12.0,24.0,32.0,40.0,23.0,23.5,80.0,22.0,17,True,151,8674.407759673295,34697.63103866087,28.773350079926924,7.829380394520705,135.1820005872566,120.0,160.0,7.315412741129034,0.487146539356859,0.26868327402135234,0.8,0.8,0.13,0.8490566037735849,0.6,1.0,0.5667169299535832,0.4315285281234693,0.37791490668910566,0.37791490668910566,0.6133744720067317,srtm_earth_engine
NSR-GRID-201,extreme_rain,Extreme Rain Event,25.0,50.0,70.0,90.0,22.0,22.5,88.0,30.0,18,True,151,8674.407759673295,34697.63103866087,28.773350079926924,7.829380394520705,135.1820005872566,120.0,160.0,7.315412741129034,0.487146539356859,0.26868327402135234,1.0,1.0,0.09,1.0,1.0,1.0,0.5667169299535832,0.4315285281234693,0.37791490668910566,0.37791490668910566,0.6133744720067317,srtm_earth_engine
NSR-GRID-201,hot_day_optional,Hot Urban Heat Day,0.0,0.0,0.0,0.0,40.0,43.0,35.0,10.0,14,False,151,8674.407759673295,34697.63103866087,28.773350079926924,7.829380394520705,135.1820005872566,120.0,160.0,7.315412741129034,0.487146539356859,0.26868327402135234,0.0,0.0,0.8600000000000001,0.0,0.0,0.0,0.5667169299535832,0.4315285281234693,0.37791490668910566,0.37791490668910566,0.6133744720067317,srtm_earth_engine
NSR-GRID-202,normal_day,Normal Dry Day,0.0,0.0,0.0,0.0,30.0,31.0,45.0,12.0,12,False,66,5558.261499719119,22233.045998876474,31.97954918644574,11.370901238215724,141.44851538423922,123.0,154.0,6.119151661295305,0.3121467112739389,0.11743772241992882,0.0,0.0,0.42000000000000004,0.18867924528301888,0.1,0.0,0.5367312383435454,0.5501489785050042,0.21479221684693386,0.21479221684693386,0.5644376650540801,srtm_earth_engine
NSR-GRID-202,light_rain,Light Rain,2.0,4.0,5.0,7.0,25.0,25.5,65.0,15.0,9,True,66,5558.261499719119,22233.045998876474,31.97954918644574,11.370901238215724,141.44851538423922,123.0,154.0,6.119151661295305,0.3121467112739389,0.11743772241992882,0.13333333333333333,0.132,0.21000000000000002,0.5660377358490566,0.25,1.0,0.5367312383435454,0.5501489785050042,0.21479221684693386,0.21479221684693386,0.5644376650540801,srtm_earth_engine
NSR-GRID-202,heavy_rain_rush_hour,Heavy Rain During Rush Hour,12.0,24.0,32.0,40.0,23.0,23.5,80.0,22.0,17,True,66,5558.261499719119,22233.045998876474,31.97954918644574,11.370901238215724,141.44851538423922,123.0,154.0,6.119151661295305,0.3121467112739389,0.11743772241992882,0.8,0.8,0.13,0.8490566037735849,0.6,1.0,0.5367312383435454,0.5501489785050042,0.21479221684693386,0.21479221684693386,0.5644376650540801,srtm_earth_engine
NSR-GRID-202,extreme_rain,Extreme Rain Event,25.0,50.0,70.0,90.0,22.0,22.5,88.0,30.0,18,True,66,5558.261499719119,22233.045998876474,31.97954918644574,11.370901238215724,141.44851538423922,123.0,154.0,6.119151661295305,0.3121467112739389,0.11743772241992882,1.0,1.0,0.09,1.0,1.0,1.0,0.5367312383435454,0.5501489785050042,0.21479221684693386,0.21479221684693386,0.5644376650540801,srtm_earth_engine
NSR-GRID-202,hot_day_optional,Hot Urban Heat Day,0.0,0.0,0.0,0.0,40.0,43.0,35.0,10.0,14,False,66,5558.261499719119,22233.045998876474,31.97954918644574,11.370901238215724,141.44851538423922,123.0,154.0,6.119151661295305,0.3121467112739389,0.11743772241992882,0.0,0.0,0.8600000000000001,0.0,0.0,0.0,0.5367312383435454,0.5501489785050042,0.21479221684693386,0.21479221684693386,0.5644376650540801,srtm_earth_engine
NSR-GRID-203,normal_day,Normal Dry Day,0.0,0.0,0.0,0.0,30.0,31.0,45.0,12.0,12,False,80,5740.091995258012,22960.367981032046,31.08357963875205,8.717240144301707,140.4073717687354,131.0,151.0,3.464973545084188,0.32235814000838114,0.1423487544483986,0.0,0.0,0.42000000000000004,0.18867924528301888,0.1,0.0,0.5417131800428276,0.8133355093094146,0.23235344722838985,0.23235344722838985,0.569706034168517,srtm_earth_engine
NSR-GRID-203,light_rain,Light Rain,2.0,4.0,5.0,7.0,25.0,25.5,65.0,15.0,9,True,80,5740.091995258012,22960.367981032046,31.08357963875205,8.717240144301707,140.4073717687354,131.0,151.0,3.464973545084188,0.32235814000838114,0.1423487544483986,0.13333333333333333,0.132,0.21000000000000002,0.5660377358490566,0.25,1.0,0.5417131800428276,0.8133355093094146,0.23235344722838985,0.23235344722838985,0.569706034168517,srtm_earth_engine
NSR-GRID-203,heavy_rain_rush_hour,Heavy Rain During Rush Hour,12.0,24.0,32.0,40.0,23.0,23.5,80.0,22.0,17,True,80,5740.091995258012,22960.367981032046,31.08357963875205,8.717240144301707,140.4073717687354,131.0,151.0,3.464973545084188,0.32235814000838114,0.1423487544483986,0.8,0.8,0.13,0.8490566037735849,0.6,1.0,0.5417131800428276,0.8133355093094146,0.23235344722838985,0.23235344722838985,0.569706034168517,srtm_earth_engine
NSR-GRID-203,extreme_rain,Extreme Rain Event,25.0,50.0,70.0,90.0,22.0,22.5,88.0,30.0,18,True,80,5740.091995258012,22960.367981032046,31.08357963875205,8.717240144301707,140.4073717687354,131.0,151.0,3.464973545084188,0.32235814000838114,0.1423487544483986,1.0,1.0,0.09,1.0,1.0,1.0,0.5417131800428276,0.8133355093094146,0.23235344722838985,0.23235344722838985,0.569706034168517,srtm_earth_engine
NSR-GRID-203,hot_day_optional,Hot Urban Heat Day,0.0,0.0,0.0,0.0,40.0,43.0,35.0,10.0,14,False,80,5740.091995258012,22960.367981032046,31.08357963875205,8.717240144301707,140.4073717687354,131.0,151.0,3.464973545084188,0.32235814000838114,0.1423487544483986,0.0,0.0,0.8600000000000001,0.0,0.0,0.0,0.5417131800428276,0.8133355093094146,0.23235344722838985,0.23235344722838985,0.569706034168517,srtm_earth_engine
NSR-GRID-204,normal_day,Normal Dry Day,0.0,0.0,0.0,0.0,30.0,31.0,45.0,12.0,12,False,73,5495.78331815294,21983.13327263224,31.291348943923342,9.49008529775451,149.4874392352616,140.0,157.0,3.1020156648296275,0.3086379956617558,0.1298932384341637,0.0,0.0,0.42000000000000004,0.18867924528301888,0.1,0.0,0.4982644510969239,0.849326170504634,0.21926561704795977,0.21926561704795977,0.5657796851143879,srtm_earth_engine
NSR-GRID-204,light_rain,Light Rain,2.0,4.0,5.0,7.0,25.0,25.5,65.0,15.0,9,True,73,5495.78331815294,21983.13327263224,31.291348943923342,9.49008529775451,149.4874392352616,140.0,157.0,3.1020156648296275,0.3086379956617558,0.1298932384341637,0.13333333333333333,0.132,0.21000000000000002,0.5660377358490566,0.25,1.0,0.4982644510969239,0.849326170504634,0.21926561704795977,0.21926561704795977,0.5657796851143879,srtm_earth_engine
NSR-GRID-204,heavy_rain_rush_hour,Heavy Rain During Rush Hour,12.0,24.0,32.0,40.0,23.0,23.5,80.0,22.0,17,True,73,5495.78331815294,21983.13327263224,31.291348943923342,9.49008529775451,149.4874392352616,140.0,157.0,3.1020156648296275,0.3086379956617558,0.1298932384341637,0.8,0.8,0.13,0.8490566037735849,0.6,1.0,0.4982644510969239,0.849326170504634,0.21926561704795977,0.21926561704795977,0.5657796851143879,srtm_earth_engine
NSR-GRID-204,extreme_rain,Extreme Rain Event,25.0,50.0,70.0,90.0,22.0,22.5,88.0,30.0,18,True,73,5495.78331815294,21983.13327263224,31.291348943923342,9.49008529775451,149.4874392352616,140.0,157.0,3.1020156648296275,0.3086379956617558,0.1298932384341637,1.0,1.0,0.09,1.0,1.0,1.0,0.4982644510969239,0.849326170504634,0.21926561704795977,0.21926561704795977,0.5657796851143879,srtm_earth_engine
NSR-GRID-204,hot_day_optional,Hot Urban Heat Day,0.0,0.0,0.0,0.0,40.0,43.0,35.0,10.0,14,False,73,5495.78331815294,21983.13327263224,31.291348943923342,9.49008529775451,149.4874392352616,140.0,157.0,3.1020156648296275,0.3086379956617558,0.1298932384341637,0.0,0.0,0.8600000000000001,0.0,0.0,0.0,0.4982644510969239,0.849326170504634,0.21926561704795977,0.21926561704795977,0.5657796851143879,srtm_earth_engine
NSR-GRID-205,normal_day,Normal Dry Day,0.0,0.0,0.0,0.0,30.0,31.0,45.0,12.0,12,False,44,7322.504964775818,29290.01985910327,32.96234512613823,16.592471320442407,161.6858093234849,149.0,174.0,5.216501034796606,0.41122495642879825,0.07829181494661921,0.0,0.0,0.42000000000000004,0.18867924528301888,0.1,0.0,0.4398944359512328,0.6396552122673973,0.24475838568770875,0.24475838568770875,0.5734275157063127,srtm_earth_engine
NSR-GRID-205,light_rain,Light Rain,2.0,4.0,5.0,7.0,25.0,25.5,65.0,15.0,9,True,44,7322.504964775818,29290.01985910327,32.96234512613823,16.592471320442407,161.6858093234849,149.0,174.0,5.216501034796606,0.41122495642879825,0.07829181494661921,0.13333333333333333,0.132,0.21000000000000002,0.5660377358490566,0.25,1.0,0.4398944359512328,0.6396552122673973,0.24475838568770875,0.24475838568770875,0.5734275157063127,srtm_earth_engine
NSR-GRID-205,heavy_rain_rush_hour,Heavy Rain During Rush Hour,12.0,24.0,32.0,40.0,23.0,23.5,80.0,22.0,17,True,44,7322.504964775818,29290.01985910327,32.96234512613823,16.592471320442407,161.6858093234849,149.0,174.0,5.216501034796606,0.41122495642879825,0.07829181494661921,0.8,0.8,0.13,0.8490566037735849,0.6,1.0,0.4398944359512328,0.6396552122673973,0.24475838568770875,0.24475838568770875,0.5734275157063127,srtm_earth_engine
NSR-GRID-205,extreme_rain,Extreme Rain Event,25.0,50.0,70.0,90.0,22.0,22.5,88.0,30.0,18,True,44,7322.504964775818,29290.01985910327,32.96234512613823,16.592471320442407,161.6858093234849,149.0,174.0,5.216501034796606,0.41122495642879825,0.07829181494661921,1.0,1.0,0.09,1.0,1.0,1.0,0.4398944359512328,0.6396552122673973,0.24475838568770875,0.24475838568770875,0.5734275157063127,srtm_earth_engine
NSR-GRID-205,hot_day_optional,Hot Urban Heat Day,0.0,0.0,0.0,0.0,40.0,43.0,35.0,10.0,14,False,44,7322.504964775818,29290.01985910327,32.96234512613823,16.592471320442407,161.6858093234849,149.0,174.0,5.216501034796606,0.41122495642879825,0.07829181494661921,0.0,0.0,0.8600000000000001,0.0,0.0,0.0,0.4398944359512328,0.6396552122673973,0.24475838568770875,0.24475838568770875,0.5734275157063127,srtm_earth_engine
NSR-GRID-206,normal_day,Normal Dry Day,0.0,0.0,0.0,0.0,30.0,31.0,45.0,12.0,12,False,118,7288.713796437313,29154.855185749253,23.5,9.46244849158829,172.74942509989418,163.0,186.0,3.896577000864899,0.40932727635967925,0.2099644128113879,0.0,0.0,0.42000000000000004,0.18867924528301888,0.1,0.0,0.3869542959354302,0.770537998653922,0.30964584458553357,0.30964584458553357,0.5928937533756601,srtm_earth_engine
NSR-GRID-206,light_rain,Light Rain,2.0,4.0,5.0,7.0,25.0,25.5,65.0,15.0,9,True,118,7288.713796437313,29154.855185749253,23.5,9.46244849158829,172.74942509989418,163.0,186.0,3.896577000864899,0.40932727635967925,0.2099644128113879,0.13333333333333333,0.132,0.21000000000000002,0.5660377358490566,0.25,1.0,0.3869542959354302,0.770537998653922,0.30964584458553357,0.30964584458553357,0.5928937533756601,srtm_earth_engine
NSR-GRID-206,heavy_rain_rush_hour,Heavy Rain During Rush Hour,12.0,24.0,32.0,40.0,23.0,23.5,80.0,22.0,17,True,118,7288.713796437313,29154.855185749253,23.5,9.46244849158829,172.74942509989418,163.0,186.0,3.896577000864899,0.40932727635967925,0.2099644128113879,0.8,0.8,0.13,0.8490566037735849,0.6,1.0,0.3869542959354302,0.770537998653922,0.30964584458553357,0.30964584458553357,0.5928937533756601,srtm_earth_engine
NSR-GRID-206,extreme_rain,Extreme Rain Event,25.0,50.0,70.0,90.0,22.0,22.5,88.0,30.0,18,True,118,7288.713796437313,29154.855185749253,23.5,9.46244849158829,172.74942509989418,163.0,186.0,3.896577000864899,0.40932727635967925,0.2099644128113879,1.0,1.0,0.09,1.0,1.0,1.0,0.3869542959354302,0.770537998653922,0.30964584458553357,0.30964584458553357,0.5928937533756601,srtm_earth_engine
NSR-GRID-206,hot_day_optional,Hot Urban Heat Day,0.0,0.0,0.0,0.0,40.0,43.0,35.0,10.0,14,False,118,7288.713796437313,29154.855185749253,23.5,9.46244849158829,172.74942509989418,163.0,186.0,3.896577000864899,0.40932727635967925,0.2099644128113879,0.0,0.0,0.8600000000000001,0.0,0.0,0.0,0.3869542959354302,0.770537998653922,0.30964584458553357,0.30964584458553357,0.5928937533756601,srtm_earth_engine
NSR-GRID-207,normal_day,Normal Dry Day,0.0,0.0,0.0,0.0,30.0,31.0,45.0,12.0,12,False,63,7426.575724654554,29706.302898590555,44.35986655198478,12.84858301975755,180.23022087370737,168.0,197.0,4.9933966605681865,0.4170694719190123,0.11209964412811388,0.0,0.0,0.42000000000000004,0.18867924528301888,0.1,0.0,0.3511581887947836,0.6617780931327883,0.26458455802356307,0.26458455802356307,0.579375367407069,srtm_earth_engine
NSR-GRID-207,light_rain,Light Rain,2.0,4.0,5.0,7.0,25.0,25.5,65.0,15.0,9,True,63,7426.575724654554,29706.302898590555,44.35986655198478,12.84858301975755,180.23022087370737,168.0,197.0,4.9933966605681865,0.4170694719190123,0.11209964412811388,0.13333333333333333,0.132,0.21000000000000002,0.5660377358490566,0.25,1.0,0.3511581887947836,0.6617780931327883,0.26458455802356307,0.26458455802356307,0.579375367407069,srtm_earth_engine
NSR-GRID-207,heavy_rain_rush_hour,Heavy Rain During Rush Hour,12.0,24.0,32.0,40.0,23.0,23.5,80.0,22.0,17,True,63,7426.575724654554,29706.302898590555,44.35986655198478,12.84858301975755,180.23022087370737,168.0,197.0,4.9933966605681865,0.4170694719190123,0.11209964412811388,0.8,0.8,0.13,0.8490566037735849,0.6,1.0,0.3511581887947836,0.6617780931327883,0.26458455802356307,0.26458455802356307,0.579375367407069,srtm_earth_engine
NSR-GRID-207,extreme_rain,Extreme Rain Event,25.0,50.0,70.0,90.0,22.0,22.5,88.0,30.0,18,True,63,7426.575724654554,29706.302898590555,44.35986655198478,12.84858301975755,180.23022087370737,168.0,197.0,4.9933966605681865,0.4170694719190123,0.11209964412811388,1.0,1.0,0.09,1.0,1.0,1.0,0.3511581887947836,0.6617780931327883,0.26458455802356307,0.26458455802356307,0.579375367407069,srtm_earth_engine
NSR-GRID-207,hot_day_optional,Hot Urban Heat Day,0.0,0.0,0.0,0.0,40.0,43.0,35.0,10.0,14,False,63,7426.575724654554,29706.302898590555,44.35986655198478,12.84858301975755,180.23022087370737,168.0,197.0,4.9933966605681865,0.4170694719190123,0.11209964412811388,0.0,0.0,0.8600000000000001,0.0,0.0,0.0,0.3511581887947836,0.6617780931327883,0.26458455802356307,0.26458455802356307,0.579375367407069,srtm_earth_engine
NSR-GRID-208,normal_day,Normal Dry Day,0.0,0.0,0.0,0.0,30.0,31.0,45.0,12.0,12,False,91,6968.524520095911,27874.098080383643,28.205651491365774,10.809741972118935,183.182213960769,172.0,195.0,3.08826927265379,0.39134574929403076,0.1619217081850534,0.0,0.0,0.42000000000000004,0.18867924528301888,0.1,0.0,0.3370327048198291,0.8506892535794806,0.27663372873954206,0.27663372873954206,0.5829901186218627,srtm_earth_engine
NSR-GRID-208,light_rain,Light Rain,2.0,4.0,5.0,7.0,25.0,25.5,65.0,15.0,9,True,91,6968.524520095911,27874.098080383643,28.205651491365774,10.809741972118935,183.182213960769,172.0,195.0,3.08826927265379,0.39134574929403076,0.1619217081850534,0.13333333333333333,0.132,0.21000000000000002,0.5660377358490566,0.25,1.0,0.3370327048198291,0.8506892535794806,0.27663372873954206,0.27663372873954206,0.5829901186218627,srtm_earth_engine
NSR-GRID-208,heavy_rain_rush_hour,Heavy Rain During Rush Hour,12.0,24.0,32.0,40.0,23.0,23.5,80.0,22.0,17,True,91,6968.524520095911,27874.098080383643,28.205651491365774,10.809741972118935,183.182213960769,172.0,195.0,3.08826927265379,0.39134574929403076,0.1619217081850534,0.8,0.8,0.13,0.8490566037735849,0.6,1.0,0.3370327048198291,0.8506892535794806,0.27663372873954206,0.27663372873954206,0.5829901186218627,srtm_earth_engine
NSR-GRID-208,extreme_rain,Extreme Rain Event,25.0,50.0,70.0,90.0,22.0,22.5,88.0,30.0,18,True,91,6968.524520095911,27874.098080383643,28.205651491365774,10.809741972118935,183.182213960769,172.0,195.0,3.08826927265379,0.39134574929403076,0.1619217081850534,1.0,1.0,0.09,1.0,1.0,1.0,0.3370327048198291,0.8506892535794806,0.27663372873954206,0.27663372873954206,0.5829901186218627,srtm_earth_engine
NSR-GRID-208,hot_day_optional,Hot Urban Heat Day,0.0,0.0,0.0,0.0,40.0,43.0,35.0,10.0,14,False,91,6968.524520095911,27874.098080383643,28.205651491365774,10.809741972118935,183.182213960769,172.0,195.0,3.08826927265379,0.39134574929403076,0.1619217081850534,0.0,0.0,0.8600000000000001,0.0,0.0,0.0,0.3370327048198291,0.8506892535794806,0.27663372873954206,0.27663372873954206,0.5829901186218627,srtm_earth_engine
NSR-GRID-209,normal_day,Normal Dry Day,0.0,0.0,0.0,0.0,30.0,31.0,45.0,12.0,12,False,66,6051.955766767317,24207.82306706927,34.7139622829278,12.457247531549996,183.13639403082468,174.0,195.0,3.988433667186,0.3398721145932466,0.11743772241992882,0.0,0.0,0.42000000000000004,0.18867924528301888,0.1,0.0,0.3372519562432146,0.7614295529197602,0.22865491850658773,0.22865491850658773,0.5685964755519763,srtm_earth_engine
NSR-GRID-209,light_rain,Light Rain,2.0,4.0,5.0,7.0,25.0,25.5,65.0,15.0,9,True,66,6051.955766767317,24207.82306706927,34.7139622829278,12.457247531549996,183.13639403082468,174.0,195.0,3.988433667186,0.3398721145932466,0.11743772241992882,0.13333333333333333,0.132,0.21000000000000002,0.5660377358490566,0.25,1.0,0.3372519562432146,0.7614295529197602,0.22865491850658773,0.22865491850658773,0.5685964755519763,srtm_earth_engine
NSR-GRID-209,heavy_rain_rush_hour,Heavy Rain During Rush Hour,12.0,24.0,32.0,40.0,23.0,23.5,80.0,22.0,17,True,66,6051.955766767317,24207.82306706927,34.7139622829278,12.457247531549996,183.13639403082468,174.0,195.0,3.988433667186,0.3398721145932466,0.11743772241992882,0.8,0.8,0.13,0.8490566037735849,0.6,1.0,0.3372519562432146,0.7614295529197602,0.22865491850658773,0.22865491850658773,0.5685964755519763,srtm_earth_engine
NSR-GRID-209,extreme_rain,Extreme Rain Event,25.0,50.0,70.0,90.0,22.0,22.5,88.0,30.0,18,True,66,6051.955766767317,24207.82306706927,34.7139622829278,12.457247531549996,183.13639403082468,174.0,195.0,3.988433667186,0.3398721145932466,0.11743772241992882,1.0,1.0,0.09,1.0,1.0,1.0,0.3372519562432146,0.7614295529197602,0.22865491850658773,0.22865491850658773,0.5685964755519763,srtm_earth_engine
NSR-GRID-209,hot_day_optional,Hot Urban Heat Day,0.0,0.0,0.0,0.0,40.0,43.0,35.0,10.0,14,False,66,6051.955766767317,24207.82306706927,34.7139622829278,12.457247531549996,183.13639403082468,174.0,195.0,3.988433667186,0.3398721145932466,0.11743772241992882,0.0,0.0,0.8600000000000001,0.0,0.0,0.0,0.3372519562432146,0.7614295529197602,0.22865491850658773,0.22865491850658773,0.5685964755519763,srtm_earth_engine
NSR-GRID-210,normal_day,Normal Dry Day,0.0,0.0,0.0,0.0,30.0,31.0,45.0,12.0,12,False,48,4603.4967645159095,18413.987058080787,32.68705528188287,11.95462404030974,181.54503931356248,169.0,194.0,3.2342842935948006,0.2585280263402169,0.08540925266903915,0.0,0.0,0.42000000000000004,0.18867924528301888,0.1,0.0,0.3448666947924603,0.8362105015424258,0.171968639504628,0.171968639504628,0.5515905918513884,srtm_earth_engine
NSR-GRID-210,light_rain,Light Rain,2.0,4.0,5.0,7.0,25.0,25.5,65.0,15.0,9,True,48,4603.4967645159095,18413.987058080787,32.68705528188287,11.95462404030974,181.54503931356248,169.0,194.0,3.2342842935948006,0.2585280263402169,0.08540925266903915,0.13333333333333333,0.132,0.21000000000000002,0.5660377358490566,0.25,1.0,0.3448666947924603,0.8362105015424258,0.171968639504628,0.171968639504628,0.5515905918513884,srtm_earth_engine
NSR-GRID-210,heavy_rain_rush_hour,Heavy Rain During Rush Hour,12.0,24.0,32.0,40.0,23.0,23.5,80.0,22.0,17,True,48,4603.4967645159095,18413.987058080787,32.68705528188287,11.95462404030974,181.54503931356248,169.0,194.0,3.2342842935948006,0.2585280263402169,0.08540925266903915,0.8,0.8,0.13,0.8490566037735849,0.6,1.0,0.3448666947924603,0.8362105015424258,0.171968639504628,0.171968639504628,0.5515905918513884,srtm_earth_engine
NSR-GRID-210,extreme_rain,Extreme Rain Event,25.0,50.0,70.0,90.0,22.0,22.5,88.0,30.0,18,True,48,4603.4967645159095,18413.987058080787,32.68705528188287,11.95462404030974,181.54503931356248,169.0,194.0,3.2342842935948006,0.2585280263402169,0.08540925266903915,1.0,1.0,0.09,1.0,1.0,1.0,0.3448666947924603,0.8362105015424258,0.171968639504628,0.171968639504628,0.5515905918513884,srtm_earth_engine
NSR-GRID-210,hot_day_optional,Hot Urban Heat Day,0.0,0.0,0.0,0.0,40.0,43.0,35.0,10.0,14,False,48,4603.4967645159095,18413.987058080787,32.68705528188287,11.95462404030974,181.54503931356248,169.0,194.0,3.2342842935948006,0.2585280263402169,0.08540925266903915,0.0,0.0,0.8600000000000001,0.0,0.0,0.0,0.3448666947924603,0.8362105015424258,0.171968639504628,0.171968639504628,0.5515905918513884,srtm_earth_engine
NSR-GRID-211,normal_day,Normal Dry Day,0.0,0.0,0.0,0.0,30.0,31.0,45.0,12.0,12,False,72,7048.9428088897885,28195.771235559158,33.010616219667945,13.758804815028483,176.41093120709616,165.0,189.0,3.986308620425989,0.39586196436857446,0.12811387900355872,0.0,0.0,0.42000000000000004,0.18867924528301888,0.1,0.0,0.369433744797229,0.7616402711383864,0.2619879216860666,0.2619879216860666,0.57859637650582,srtm_earth_engine
NSR-GRID-211,light_rain,Light Rain,2.0,4.0,5.0,7.0,25.0,25.5,65.0,15.0,9,True,72,7048.9428088897885,28195.771235559158,33.010616219667945,13.758804815028483,176.41093120709616,165.0,189.0,3.986308620425989,0.39586196436857446,0.12811387900355872,0.13333333333333333,0.132,0.21000000000000002,0.5660377358490566,0.25,1.0,0.369433744797229,0.7616402711383864,0.2619879216860666,0.2619879216860666,0.57859637650582,srtm_earth_engine
NSR-GRID-211,heavy_rain_rush_hour,Heavy Rain During Rush Hour,12.0,24.0,32.0,40.0,23.0,23.5,80.0,22.0,17,True,72,7048.9428088897885,28195.771235559158,33.010616219667945,13.758804815028483,176.41093120709616,165.0,189.0,3.986308620425989,0.39586196436857446,0.12811387900355872,0.8,0.8,0.13,0.8490566037735849,0.6,1.0,0.369433744797229,0.7616402711383864,0.2619879216860666,0.2619879216860666,0.57859637650582,srtm_earth_engine
NSR-GRID-211,extreme_rain,Extreme Rain Event,25.0,50.0,70.0,90.0,22.0,22.5,88.0,30.0,18,True,72,7048.9428088897885,28195.771235559158,33.010616219667945,13.758804815028483,176.41093120709616,165.0,189.0,3.986308620425989,0.39586196436857446,0.12811387900355872,1.0,1.0,0.09,1.0,1.0,1.0,0.369433744797229,0.7616402711383864,0.2619879216860666,0.2619879216860666,0.57859637650582,srtm_earth_engine
NSR-GRID-211,hot_day_optional,Hot Urban Heat Day,0.0,0.0,0.0,0.0,40.0,43.0,35.0,10.0,14,False,72,7048.9428088897885,28195.771235559158,33.010616219667945,13.758804815028483,176.41093120709616,165.0,189.0,3.986308620425989,0.39586196436857446,0.12811387900355872,0.0,0.0,0.8600000000000001,0.0,0.0,0.0,0.369433744797229,0.7616402711383864,0.2619879216860666,0.2619879216860666,0.57859637650582,srtm_earth_engine
NSR-GRID-212,normal_day,Normal Dry Day,0.0,0.0,0.0,0.0,30.0,31.0,45.0,12.0,12,False,71,5771.076007798858,23084.304031195432,34.298295520247926,9.987146777304108,177.1806572616816,169.0,184.0,3.174426795113665,0.32409817286167253,0.12633451957295375,0.0,0.0,0.42000000000000004,0.18867924528301888,0.1,0.0,0.3657505542447828,0.8421459311474173,0.22521634621731312,0.22521634621731312,0.567564903865194,srtm_earth_engine
NSR-GRID-212,light_rain,Light Rain,2.0,4.0,5.0,7.0,25.0,25.5,65.0,15.0,9,True,71,5771.076007798858,23084.304031195432,34.298295520247926,9.987146777304108,177.1806572616816,169.0,184.0,3.174426795113665,0.32409817286167253,0.12633451957295375,0.13333333333333333,0.132,0.21000000000000002,0.5660377358490566,0.25,1.0,0.3657505542447828,0.8421459311474173,0.22521634621731312,0.22521634621731312,0.567564903865194,srtm_earth_engine
NSR-GRID-212,heavy_rain_rush_hour,Heavy Rain During Rush Hour,12.0,24.0,32.0,40.0,23.0,23.5,80.0,22.0,17,True,71,5771.076007798858,23084.304031195432,34.298295520247926,9.987146777304108,177.1806572616816,169.0,184.0,3.174426795113665,0.32409817286167253,0.12633451957295375,0.8,0.8,0.13,0.8490566037735849,0.6,1.0,0.3657505542447828,0.8421459311474173,0.22521634621731312,0.22521634621731312,0.567564903865194,srtm_earth_engine
NSR-GRID-212,extreme_rain,Extreme Rain Event,25.0,50.0,70.0,90.0,22.0,22.5,88.0,30.0,18,True,71,5771.076007798858,23084.304031195432,34.298295520247926,9.987146777304108,177.1806572616816,169.0,184.0,3.174426795113665,0.32409817286167253,0.12633451957295375,1.0,1.0,0.09,1.0,1.0,1.0,0.3657505542447828,0.8421459311474173,0.22521634621731312,0.22521634621731312,0.567564903865194,srtm_earth_engine
NSR-GRID-212,hot_day_optional,Hot Urban Heat Day,0.0,0.0,0.0,0.0,40.0,43.0,35.0,10.0,14,False,71,5771.076007798858,23084.304031195432,34.298295520247926,9.987146777304108,177.1806572616816,169.0,184.0,3.174426795113665,0.32409817286167253,0.12633451957295375,0.0,0.0,0.8600000000000001,0.0,0.0,0.0,0.3657505542447828,0.8421459311474173,0.22521634621731312,0.22521634621731312,0.567564903865194,srtm_earth_engine
NSR-GRID-213,normal_day,Normal Dry Day,0.0,0.0,0.0,0.0,30.0,31.0,45.0,12.0,12,False,1,416.12702301018646,2911.3500884086498,90.0,16.645080920407455,184.77100798545,177.0,192.0,4.0497755958396455,0.040874667173799534,0.0017793594306049821,0.0,0.0,0.42000000000000004,0.18867924528301888,0.1,0.0,0.3294302193555174,0.7553469282094597,0.02132701330220226,0.02132701330220226,0.5063981039906607,srtm_earth_engine
NSR-GRID-213,light_rain,Light Rain,2.0,4.0,5.0,7.0,25.0,25.5,65.0,15.0,9,True,1,416.12702301018646,2911.3500884086498,90.0,16.645080920407455,184.77100798545,177.0,192.0,4.0497755958396455,0.040874667173799534,0.0017793594306049821,0.13333333333333333,0.132,0.21000000000000002,0.5660377358490566,0.25,1.0,0.3294302193555174,0.7553469282094597,0.02132701330220226,0.02132701330220226,0.5063981039906607,srtm_earth_engine
NSR-GRID-213,heavy_rain_rush_hour,Heavy Rain During Rush Hour,12.0,24.0,32.0,40.0,23.0,23.5,80.0,22.0,17,True,1,416.12702301018646,2911.3500884086498,90.0,16.645080920407455,184.77100798545,177.0,192.0,4.0497755958396455,0.040874667173799534,0.0017793594306049821,0.8,0.8,0.13,0.8490566037735849,0.6,1.0,0.3294302193555174,0.7553469282094597,0.02132701330220226,0.02132701330220226,0.5063981039906607,srtm_earth_engine
NSR-GRID-213,extreme_rain,Extreme Rain Event,25.0,50.0,70.0,90.0,22.0,22.5,88.0,30.0,18,True,1,416.12702301018646,2911.3500884086498,90.0,16.645080920407455,184.77100798545,177.0,192.0,4.0497755958396455,0.040874667173799534,0.0017793594306049821,1.0,1.0,0.09,1.0,1.0,1.0,0.3294302193555174,0.7553469282094597,0.02132701330220226,0.02132701330220226,0.5063981039906607,srtm_earth_engine
NSR-GRID-213,hot_day_optional,Hot Urban Heat Day,0.0,0.0,0.0,0.0,40.0,43.0,35.0,10.0,14,False,1,416.12702301018646,2911.3500884086498,90.0,16.645080920407455,184.77100798545,177.0,192.0,4.0497755958396455,0.040874667173799534,0.0017793594306049821,0.0,0.0,0.8600000000000001,0.0,0.0,0.0,0.3294302193555174,0.7553469282094597,0.02132701330220226,0.02132701330220226,0.5063981039906607,srtm_earth_engine
NSR-GRID-214,normal_day,Normal Dry Day,0.0,0.0,0.0,0.0,30.0,31.0,45.0,12.0,12,False,46,4763.439603879077,31964.69795857885,23.5,15.863443639190267,113.39371322728262,103.0,136.0,7.278708999567781,0.44877680481295223,0.08185053380782918,0.0,0.0,0.42000000000000004,0.18867924528301888,0.1,0.0,0.6709753393970035,0.4351680466433633,0.2653136693103907,0.2653136693103907,0.5795941007931172,srtm_earth_engine
NSR-GRID-214,light_rain,Light Rain,2.0,4.0,5.0,7.0,25.0,25.5,65.0,15.0,9,True,46,4763.439603879077,31964.69795857885,23.5,15.863443639190267,113.39371322728262,103.0,136.0,7.278708999567781,0.44877680481295223,0.08185053380782918,0.13333333333333333,0.132,0.21000000000000002,0.5660377358490566,0.25,1.0,0.6709753393970035,0.4351680466433633,0.2653136693103907,0.2653136693103907,0.5795941007931172,srtm_earth_engine
NSR-GRID-214,heavy_rain_rush_hour,Heavy Rain During Rush Hour,12.0,24.0,32.0,40.0,23.0,23.5,80.0,22.0,17,True,46,4763.439603879077,31964.69795857885,23.5,15.863443639190267,113.39371322728262,103.0,136.0,7.278708999567781,0.44877680481295223,0.08185053380782918,0.8,0.8,0.13,0.8490566037735849,0.6,1.0,0.6709753393970035,0.4351680466433633,0.2653136693103907,0.2653136693103907,0.5795941007931172,srtm_earth_engine
NSR-GRID-214,extreme_rain,Extreme Rain Event,25.0,50.0,70.0,90.0,22.0,22.5,88.0,30.0,18,True,46,4763.439603879077,31964.69795857885,23.5,15.863443639190267,113.39371322728262,103.0,136.0,7.278708999567781,0.44877680481295223,0.08185053380782918,1.0,1.0,0.09,1.0,1.0,1.0,0.6709753393970035,0.4351680466433633,0.2653136693103907,0.2653136693103907,0.5795941007931172,srtm_earth_engine
NSR-GRID-214,hot_day_optional,Hot Urban Heat Day,0.0,0.0,0.0,0.0,40.0,43.0,35.0,10.0,14,False,46,4763.439603879077,31964.69795857885,23.5,15.863443639190267,113.39371322728262,103.0,136.0,7.278708999567781,0.44877680481295223,0.08185053380782918,0.0,0.0,0.8600000000000001,0.0,0.0,0.0,0.6709753393970035,0.4351680466433633,0.2653136693103907,0.2653136693103907,0.5795941007931172,srtm_earth_engine
NSR-GRID-215,normal_day,Normal Dry Day,0.0,0.0,0.0,0.0,30.0,31.0,45.0,12.0,12,False,73,5521.297541334169,22085.19016529554,23.5,11.586517720083362,120.923591290875,106.0,140.0,6.241412493189682,0.31007085031465836,0.1298932384341637,0.0,0.0,0.42000000000000004,0.18867924528301888,0.1,0.0,0.6349443702233906,0.5380256760020523,0.21998204437441105,0.21998204437441105,0.5659946133123233,srtm_earth_engine
NSR-GRID-215,light_rain,Light Rain,2.0,4.0,5.0,7.0,25.0,25.5,65.0,15.0,9,True,73,5521.297541334169,22085.19016529554,23.5,11.586517720083362,120.923591290875,106.0,140.0,6.241412493189682,0.31007085031465836,0.1298932384341637,0.13333333333333333,0.132,0.21000000000000002,0.5660377358490566,0.25,1.0,0.6349443702233906,0.5380256760020523,0.21998204437441105,0.21998204437441105,0.5659946133123233,srtm_earth_engine
NSR-GRID-215,heavy_rain_rush_hour,Heavy Rain During Rush Hour,12.0,24.0,32.0,40.0,23.0,23.5,80.0,22.0,17,True,73,5521.297541334169,22085.19016529554,23.5,11.586517720083362,120.923591290875,106.0,140.0,6.241412493189682,0.31007085031465836,0.1298932384341637,0.8,0.8,0.13,0.8490566037735849,0.6,1.0,0.6349443702233906,0.5380256760020523,0.21998204437441105,0.21998204437441105,0.5659946133123233,srtm_earth_engine
NSR-GRID-215,extreme_rain,Extreme Rain Event,25.0,50.0,70.0,90.0,22.0,22.5,88.0,30.0,18,True,73,5521.297541334169,22085.19016529554,23.5,11.586517720083362,120.923591290875,106.0,140.0,6.241412493189682,0.31007085031465836,0.1298932384341637,1.0,1.0,0.09,1.0,1.0,1.0,0.6349443702233906,0.5380256760020523,0.21998204437441105,0.21998204437441105,0.5659946133123233,srtm_earth_engine
NSR-GRID-215,hot_day_optional,Hot Urban Heat Day,0.0,0.0,0.0,0.0,40.0,43.0,35.0,10.0,14,False,73,5521.297541334169,22085.19016529554,23.5,11.586517720083362,120.923591290875,106.0,140.0,6.241412493189682,0.31007085031465836,0.1298932384341637,0.0,0.0,0.8600000000000001,0.0,0.0,0.0,0.6349443702233906,0.5380256760020523,0.21998204437441105,0.21998204437441105,0.5659946133123233,srtm_earth_engine
NSR-GRID-216,normal_day,Normal Dry Day,0.0,0.0,0.0,0.0,30.0,31.0,45.0,12.0,12,False,30,3746.458588756513,14985.834355012095,35.835358511220576,16.21842579740771,127.34969004893972,116.0,144.0,5.0729117933358125,0.21039757259753888,0.05338078291814947,0.0,0.0,0.42000000000000004,0.18867924528301888,0.1,0.0,0.6041950587069224,0.6538934256299767,0.13188917775784417,0.13188917775784417,0.5395667533273533,srtm_earth_engine
NSR-GRID-216,light_rain,Light Rain,2.0,4.0,5.0,7.0,25.0,25.5,65.0,15.0,9,True,30,3746.458588756513,14985.834355012095,35.835358511220576,16.21842579740771,127.34969004893972,116.0,144.0,5.0729117933358125,0.21039757259753888,0.05338078291814947,0.13333333333333333,0.132,0.21000000000000002,0.5660377358490566,0.25,1.0,0.6041950587069224,0.6538934256299767,0.13188917775784417,0.13188917775784417,0.5395667533273533,srtm_earth_engine
NSR-GRID-216,heavy_rain_rush_hour,Heavy Rain During Rush Hour,12.0,24.0,32.0,40.0,23.0,23.5,80.0,22.0,17,True,30,3746.458588756513,14985.834355012095,35.835358511220576,16.21842579740771,127.34969004893972,116.0,144.0,5.0729117933358125,0.21039757259753888,0.05338078291814947,0.8,0.8,0.13,0.8490566037735849,0.6,1.0,0.6041950587069224,0.6538934256299767,0.13188917775784417,0.13188917775784417,0.5395667533273533,srtm_earth_engine
NSR-GRID-216,extreme_rain,Extreme Rain Event,25.0,50.0,70.0,90.0,22.0,22.5,88.0,30.0,18,True,30,3746.458588756513,14985.834355012095,35.835358511220576,16.21842579740771,127.34969004893972,116.0,144.0,5.0729117933358125,0.21039757259753888,0.05338078291814947,1.0,1.0,0.09,1.0,1.0,1.0,0.6041950587069224,0.6538934256299767,0.13188917775784417,0.13188917775784417,0.5395667533273533,srtm_earth_engine
NSR-GRID-216,hot_day_optional,Hot Urban Heat Day,0.0,0.0,0.0,0.0,40.0,43.0,35.0,10.0,14,False,30,3746.458588756513,14985.834355012095,35.835358511220576,16.21842579740771,127.34969004893972,116.0,144.0,5.0729117933358125,0.21039757259753888,0.05338078291814947,0.0,0.0,0.8600000000000001,0.0,0.0,0.0,0.6041950587069224,0.6538934256299767,0.13188917775784417,0.13188917775784417,0.5395667533273533,srtm_earth_engine
NSR-GRID-217,normal_day,Normal Dry Day,0.0,0.0,0.0,0.0,30.0,31.0,45.0,12.0,12,False,59,6203.411833415439,24813.647333615536,27.60012245693134,15.13517539651707,134.9664432813187,117.0,158.0,6.095003893043632,0.34837774411526173,0.10498220640569395,0.0,0.0,0.42000000000000004,0.18867924528301888,0.1,0.0,0.5677483860515177,0.5525434550904337,0.22667997526047784,0.22667997526047784,0.5680039925781434,srtm_earth_engine
NSR-GRID-217,light_rain,Light Rain,2.0,4.0,5.0,7.0,25.0,25.5,65.0,15.0,9,True,59,6203.411833415439,24813.647333615536,27.60012245693134,15.13517539651707,134.9664432813187,117.0,158.0,6.095003893043632,0.34837774411526173,0.10498220640569395,0.13333333333333333,0.132,0.21000000000000002,0.5660377358490566,0.25,1.0,0.5677483860515177,0.5525434550904337,0.22667997526047784,0.22667997526047784,0.5680039925781434,srtm_earth_engine
NSR-GRID-217,heavy_rain_rush_hour,Heavy Rain During Rush Hour,12.0,24.0,32.0,40.0,23.0,23.5,80.0,22.0,17,True,59,6203.411833415439,24813.647333615536,27.60012245693134,15.13517539651707,134.9664432813187,117.0,158.0,6.095003893043632,0.34837774411526173,0.10498220640569395,0.8,0.8,0.13,0.8490566037735849,0.6,1.0,0.5677483860515177,0.5525434550904337,0.22667997526047784,0.22667997526047784,0.5680039925781434,srtm_earth_engine
NSR-GRID-217,extreme_rain,Extreme Rain Event,25.0,50.0,70.0,90.0,22.0,22.5,88.0,30.0,18,True,59,6203.411833415439,24813.647333615536,27.60012245693134,15.13517539651707,134.9664432813187,117.0,158.0,6.095003893043632,0.34837774411526173,0.10498220640569395,1.0,1.0,0.09,1.0,1.0,1.0,0.5677483860515177,0.5525434550904337,0.22667997526047784,0.22667997526047784,0.5680039925781434,srtm_earth_engine
NSR-GRID-217,hot_day_optional,Hot Urban Heat Day,0.0,0.0,0.0,0.0,40.0,43.0,35.0,10.0,14,False,59,6203.411833415439,24813.647333615536,27.60012245693134,15.13517539651707,134.9664432813187,117.0,158.0,6.095003893043632,0.34837774411526173,0.10498220640569395,0.0,0.0,0.8600000000000001,0.0,0.0,0.0,0.5677483860515177,0.5525434550904337,0.22667997526047784,0.22667997526047784,0.5680039925781434,srtm_earth_engine
NSR-GRID-218,normal_day,Normal Dry Day,0.0,0.0,0.0,0.0,30.0,31.0,45.0,12.0,12,False,49,6062.653679581704,24250.61471828164,30.69635736067826,16.713921360039222,138.411644785126,130.0,158.0,4.918991621416682,0.34047289926290447,0.08718861209964412,0.0,0.0,0.42000000000000004,0.18867924528301888,0.1,0.0,0.5512628668794658,0.6691560471627179,0.2138307556812743,0.2138307556812743,0.5641492267043823,srtm_earth_engine
NSR-GRID-218,light_rain,Light Rain,2.0,4.0,5.0,7.0,25.0,25.5,65.0,15.0,9,True,49,6062.653679581704,24250.61471828164,30.69635736067826,16.713921360039222,138.411644785126,130.0,158.0,4.918991621416682,0.34047289926290447,0.08718861209964412,0.13333333333333333,0.132,0.21000000000000002,0.5660377358490566,0.25,1.0,0.5512628668794658,0.6691560471627179,0.2138307556812743,0.2138307556812743,0.5641492267043823,srtm_earth_engine
NSR-GRID-218,heavy_rain_rush_hour,Heavy Rain During Rush Hour,12.0,24.0,32.0,40.0,23.0,23.5,80.0,22.0,17,True,49,6062.653679581704,24250.61471828164,30.69635736067826,16.713921360039222,138.411644785126,130.0,158.0,4.918991621416682,0.34047289926290447,0.08718861209964412,0.8,0.8,0.13,0.8490566037735849,0.6,1.0,0.5512628668794658,0.6691560471627179,0.2138307556812743,0.2138307556812743,0.5641492267043823,srtm_earth_engine
NSR-GRID-218,extreme_rain,Extreme Rain Event,25.0,50.0,70.0,90.0,22.0,22.5,88.0,30.0,18,True,49,6062.653679581704,24250.61471828164,30.69635736067826,16.713921360039222,138.411644785126,130.0,158.0,4.918991621416682,0.34047289926290447,0.08718861209964412,1.0,1.0,0.09,1.0,1.0,1.0,0.5512628668794658,0.6691560471627179,0.2138307556812743,0.2138307556812743,0.5641492267043823,srtm_earth_engine
NSR-GRID-218,hot_day_optional,Hot Urban Heat Day,0.0,0.0,0.0,0.0,40.0,43.0,35.0,10.0,14,False,49,6062.653679581704,24250.61471828164,30.69635736067826,16.713921360039222,138.411644785126,130.0,158.0,4.918991621416682,0.34047289926290447,0.08718861209964412,0.0,0.0,0.8600000000000001,0.0,0.0,0.0,0.5512628668794658,0.6691560471627179,0.2138307556812743,0.2138307556812743,0.5641492267043823,srtm_earth_engine
NSR-GRID-219,normal_day,Normal Dry Day,0.0,0.0,0.0,0.0,30.0,31.0,45.0,12.0,12,False,53,5394.869323975199,21579.477295840505,38.294683520773305,12.17747176023295,141.4885970636214,130.0,160.0,6.700970909421442,0.3029707611475117,0.09430604982206406,0.0,0.0,0.42000000000000004,0.18867924528301888,0.1,0.0,0.5365394448321432,0.4924561701232745,0.1986384054847879,0.1986384054847879,0.5595915216454364,srtm_earth_engine
NSR-GRID-219,light_rain,Light Rain,2.0,4.0,5.0,7.0,25.0,25.5,65.0,15.0,9,True,53,5394.869323975199,21579.477295840505,38.294683520773305,12.17747176023295,141.4885970636214,130.0,160.0,6.700970909421442,0.3029707611475117,0.09430604982206406,0.13333333333333333,0.132,0.21000000000000002,0.5660377358490566,0.25,1.0,0.5365394448321432,0.4924561701232745,0.1986384054847879,0.1986384054847879,0.5595915216454364,srtm_earth_engine
NSR-GRID-219,heavy_rain_rush_hour,Heavy Rain During Rush Hour,12.0,24.0,32.0,40.0,23.0,23.5,80.0,22.0,17,True,53,5394.869323975199,21579.477295840505,38.294683520773305,12.17747176023295,141.4885970636214,130.0,160.0,6.700970909421442,0.3029707611475117,0.09430604982206406,0.8,0.8,0.13,0.8490566037735849,0.6,1.0,0.5365394448321432,0.4924561701232745,0.1986384054847879,0.1986384054847879,0.5595915216454364,srtm_earth_engine
NSR-GRID-219,extreme_rain,Extreme Rain Event,25.0,50.0,70.0,90.0,22.0,22.5,88.0,30.0,18,True,53,5394.869323975199,21579.477295840505,38.294683520773305,12.17747176023295,141.4885970636214,130.0,160.0,6.700970909421442,0.3029707611475117,0.09430604982206406,1.0,1.0,0.09,1.0,1.0,1.0,0.5365394448321432,0.4924561701232745,0.1986384054847879,0.1986384054847879,0.5595915216454364,srtm_earth_engine
NSR-GRID-219,hot_day_optional,Hot Urban Heat Day,0.0,0.0,0.0,0.0,40.0,43.0,35.0,10.0,14,False,53,5394.869323975199,21579.477295840505,38.294683520773305,12.17747176023295,141.4885970636214,130.0,160.0,6.700970909421442,0.3029707611475117,0.09430604982206406,0.0,0.0,0.8600000000000001,0.0,0.0,0.0,0.5365394448321432,0.4924561701232745,0.1986384054847879,0.1986384054847879,0.5595915216454364,srtm_earth_engine
NSR-GRID-220,normal_day,Normal Dry Day,0.0,0.0,0.0,0.0,30.0,31.0,45.0,12.0,12,False,49,5455.59745019924,21822.389800756308,47.34854730069368,9.372905451789665,142.79769766342167,132.0,154.0,4.38652932253582,0.30638119530667346,0.08718861209964412,0.0,0.0,0.42000000000000004,0.18867924528301888,0.1,0.0,0.5302753110761633,0.7219546533944062,0.1967849037031588,0.1967849037031588,0.5590354711109476,srtm_earth_engine
NSR-GRID-220,light_rain,Light Rain,2.0,4.0,5.0,7.0,25.0,25.5,65.0,15.0,9,True,49,5455.59745019924,21822.389800756308,47.34854730069368,9.372905451789665,142.79769766342167,132.0,154.0,4.38652932253582,0.30638119530667346,0.08718861209964412,0.13333333333333333,0.132,0.21000000000000002,0.5660377358490566,0.25,1.0,0.5302753110761633,0.7219546533944062,0.1967849037031588,0.1967849037031588,0.5590354711109476,srtm_earth_engine
NSR-GRID-220,heavy_rain_rush_hour,Heavy Rain During Rush Hour,12.0,24.0,32.0,40.0,23.0,23.5,80.0,22.0,17,True,49,5455.59745019924,21822.389800756308,47.34854730069368,9.372905451789665,142.79769766342167,132.0,154.0,4.38652932253582,0.30638119530667346,0.08718861209964412,0.8,0.8,0.13,0.8490566037735849,0.6,1.0,0.5302753110761633,0.7219546533944062,0.1967849037031588,0.1967849037031588,0.5590354711109476,srtm_earth_engine
NSR-GRID-220,extreme_rain,Extreme Rain Event,25.0,50.0,70.0,90.0,22.0,22.5,88.0,30.0,18,True,49,5455.59745019924,21822.389800756308,47.34854730069368,9.372905451789665,142.79769766342167,132.0,154.0,4.38652932253582,0.30638119530667346,0.08718861209964412,1.0,1.0,0.09,1.0,1.0,1.0,0.5302753110761633,0.7219546533944062,0.1967849037031588,0.1967849037031588,0.5590354711109476,srtm_earth_engine
NSR-GRID-220,hot_day_optional,Hot Urban Heat Day,0.0,0.0,0.0,0.0,40.0,43.0,35.0,10.0,14,False,49,5455.59745019924,21822.389800756308,47.34854730069368,9.372905451789665,142.79769766342167,132.0,154.0,4.38652932253582,0.30638119530667346,0.08718861209964412,0.0,0.0,0.8600000000000001,0.0,0.0,0.0,0.5302753110761633,0.7219546533944062,0.1967849037031588,0.1967849037031588,0.5590354711109476,srtm_earth_engine
NSR-GRID-221,normal_day,Normal Dry Day,0.0,0.0,0.0,0.0,30.0,31.0,45.0,12.0,12,False,26,2238.1884057136103,8952.753622837765,41.32060755336617,8.775743022105686,144.3552148740113,137.0,152.0,3.0286356237470686,0.1256945449739937,0.046263345195729534,0.0,0.0,0.42000000000000004,0.18867924528301888,0.1,0.0,0.5228224872550891,0.8566024864100537,0.08597894508486162,0.08597894508486162,0.5257936835254585,srtm_earth_engine
NSR-GRID-221,light_rain,Light Rain,2.0,4.0,5.0,7.0,25.0,25.5,65.0,15.0,9,True,26,2238.1884057136103,8952.753622837765,41.32060755336617,8.775743022105686,144.3552148740113,137.0,152.0,3.0286356237470686,0.1256945449739937,0.046263345195729534,0.13333333333333333,0.132,0.21000000000000002,0.5660377358490566,0.25,1.0,0.5228224872550891,0.8566024864100537,0.08597894508486162,0.08597894508486162,0.5257936835254585,srtm_earth_engine
NSR-GRID-221,heavy_rain_rush_hour,Heavy Rain During Rush Hour,12.0,24.0,32.0,40.0,23.0,23.5,80.0,22.0,17,True,26,2238.1884057136103,8952.753622837765,41.32060755336617,8.775743022105686,144.3552148740113,137.0,152.0,3.0286356237470686,0.1256945449739937,0.046263345195729534,0.8,0.8,0.13,0.8490566037735849,0.6,1.0,0.5228224872550891,0.8566024864100537,0.08597894508486162,0.08597894508486162,0.5257936835254585,srtm_earth_engine
NSR-GRID-221,extreme_rain,Extreme Rain Event,25.0,50.0,70.0,90.0,22.0,22.5,88.0,30.0,18,True,26,2238.1884057136103,8952.753622837765,41.32060755336617,8.775743022105686,144.3552148740113,137.0,152.0,3.0286356237470686,0.1256945449739937,0.046263345195729534,1.0,1.0,0.09,1.0,1.0,1.0,0.5228224872550891,0.8566024864100537,0.08597894508486162,0.08597894508486162,0.5257936835254585,srtm_earth_engine
NSR-GRID-221,hot_day_optional,Hot Urban Heat Day,0.0,0.0,0.0,0.0,40.0,43.0,35.0,10.0,14,False,26,2238.1884057136103,8952.753622837765,41.32060755336617,8.775743022105686,144.3552148740113,137.0,152.0,3.0286356237470686,0.1256945449739937,0.046263345195729534,0.0,0.0,0.8600000000000001,0.0,0.0,0.0,0.5228224872550891,0.8566024864100537,0.08597894508486162,0.08597894508486162,0.5257936835254585,srtm_earth_engine
NSR-GRID-222,normal_day,Normal Dry Day,0.0,0.0,0.0,0.0,30.0,31.0,45.0,12.0,12,False,88,8488.4371322757,33953.74852907118,33.70751231527094,8.710041489015351,150.68840130505723,140.0,160.0,3.805132466263912,0.4767026047311509,0.15658362989323843,0.0,0.0,0.42000000000000004,0.18867924528301888,0.1,0.0,0.4925177674255497,0.7796055776817432,0.31664311731219463,0.31664311731219463,0.5949929351936584,srtm_earth_engine
NSR-GRID-222,light_rain,Light Rain,2.0,4.0,5.0,7.0,25.0,25.5,65.0,15.0,9,True,88,8488.4371322757,33953.74852907118,33.70751231527094,8.710041489015351,150.68840130505723,140.0,160.0,3.805132466263912,0.4767026047311509,0.15658362989323843,0.13333333333333333,0.132,0.21000000000000002,0.5660377358490566,0.25,1.0,0.4925177674255497,0.7796055776817432,0.31664311731219463,0.31664311731219463,0.5949929351936584,srtm_earth_engine
NSR-GRID-222,heavy_rain_rush_hour,Heavy Rain During Rush Hour,12.0,24.0,32.0,40.0,23.0,23.5,80.0,22.0,17,True,88,8488.4371322757,33953.74852907118,33.70751231527094,8.710041489015351,150.68840130505723,140.0,160.0,3.805132466263912,0.4767026047311509,0.15658362989323843,0.8,0.8,0.13,0.8490566037735849,0.6,1.0,0.4925177674255497,0.7796055776817432,0.31664311731219463,0.31664311731219463,0.5949929351936584,srtm_earth_engine
NSR-GRID-222,extreme_rain,Extreme Rain Event,25.0,50.0,70.0,90.0,22.0,22.5,88.0,30.0,18,True,88,8488.4371322757,33953.74852907118,33.70751231527094,8.710041489015351,150.68840130505723,140.0,160.0,3.805132466263912,0.4767026047311509,0.15658362989323843,1.0,1.0,0.09,1.0,1.0,1.0,0.4925177674255497,0.7796055776817432,0.31664311731219463,0.31664311731219463,0.5949929351936584,srtm_earth_engine
NSR-GRID-222,hot_day_optional,Hot Urban Heat Day,0.0,0.0,0.0,0.0,40.0,43.0,35.0,10.0,14,False,88,8488.4371322757,33953.74852907118,33.70751231527094,8.710041489015351,150.68840130505723,140.0,160.0,3.805132466263912,0.4767026047311509,0.15658362989323843,0.0,0.0,0.8600000000000001,0.0,0.0,0.0,0.4925177674255497,0.7796055776817432,0.31664311731219463,0.31664311731219463,0.5949929351936584,srtm_earth_engine
NSR-GRID-223,normal_day,Normal Dry Day,0.0,0.0,0.0,0.0,30.0,31.0,45.0,12.0,12,False,177,9513.137250549496,38052.5490021271,26.21624316977912,7.714728314733247,164.6408387549121,154.0,181.0,3.852693131055174,0.5342487946637912,0.31494661921708184,0.0,0.0,0.42000000000000004,0.18867924528301888,0.1,0.0,0.4257544228658049,0.7748894938994564,0.4245977069404365,0.4245977069404365,0.6273793120821309,srtm_earth_engine
NSR-GRID-223,light_rain,Light Rain,2.0,4.0,5.0,7.0,25.0,25.5,65.0,15.0,9,True,177,9513.137250549496,38052.5490021271,26.21624316977912,7.714728314733247,164.6408387549121,154.0,181.0,3.852693131055174,0.5342487946637912,0.31494661921708184,0.13333333333333333,0.132,0.21000000000000002,0.5660377358490566,0.25,1.0,0.4257544228658049,0.7748894938994564,0.4245977069404365,0.4245977069404365,0.6273793120821309,srtm_earth_engine
NSR-GRID-223,heavy_rain_rush_hour,Heavy Rain During Rush Hour,12.0,24.0,32.0,40.0,23.0,23.5,80.0,22.0,17,True,177,9513.137250549496,38052.5490021271,26.21624316977912,7.714728314733247,164.6408387549121,154.0,181.0,3.852693131055174,0.5342487946637912,0.31494661921708184,0.8,0.8,0.13,0.8490566037735849,0.6,1.0,0.4257544228658049,0.7748894938994564,0.4245977069404365,0.4245977069404365,0.6273793120821309,srtm_earth_engine
NSR-GRID-223,extreme_rain,Extreme Rain Event,25.0,50.0,70.0,90.0,22.0,22.5,88.0,30.0,18,True,177,9513.137250549496,38052.5490021271,26.21624316977912,7.714728314733247,164.6408387549121,154.0,181.0,3.852693131055174,0.5342487946637912,0.31494661921708184,1.0,1.0,0.09,1.0,1.0,1.0,0.4257544228658049,0.7748894938994564,0.4245977069404365,0.4245977069404365,0.6273793120821309,srtm_earth_engine
NSR-GRID-223,hot_day_optional,Hot Urban Heat Day,0.0,0.0,0.0,0.0,40.0,43.0,35.0,10.0,14,False,177,9513.137250549496,38052.5490021271,26.21624316977912,7.714728314733247,164.6408387549121,154.0,181.0,3.852693131055174,0.5342487946637912,0.31494661921708184,0.0,0.0,0.8600000000000001,0.0,0.0,0.0,0.4257544228658049,0.7748894938994564,0.4245977069404365,0.4245977069404365,0.6273793120821309,srtm_earth_engine
NSR-GRID-224,normal_day,Normal Dry Day,0.0,0.0,0.0,0.0,30.0,31.0,45.0,12.0,12,False,302,12666.711386993427,50666.84554787933,24.966414380321662,6.068294533665966,178.32398271222365,167.0,189.0,3.74245263717016,0.7113505369077349,0.5373665480427047,0.0,0.0,0.42000000000000004,0.18867924528301888,0.1,0.0,0.3602796656439342,0.7858208677068704,0.6243585424752198,0.6243585424752198,0.687307562742566,srtm_earth_engine
NSR-GRID-224,light_rain,Light Rain,2.0,4.0,5.0,7.0,25.0,25.5,65.0,15.0,9,True,302,12666.711386993427,50666.84554787933,24.966414380321662,6.068294533665966,178.32398271222365,167.0,189.0,3.74245263717016,0.7113505369077349,0.5373665480427047,0.13333333333333333,0.132,0.21000000000000002,0.5660377358490566,0.25,1.0,0.3602796656439342,0.7858208677068704,0.6243585424752198,0.6243585424752198,0.687307562742566,srtm_earth_engine
NSR-GRID-224,heavy_rain_rush_hour,Heavy Rain During Rush Hour,12.0,24.0,32.0,40.0,23.0,23.5,80.0,22.0,17,True,302,12666.711386993427,50666.84554787933,24.966414380321662,6.068294533665966,178.32398271222365,167.0,189.0,3.74245263717016,0.7113505369077349,0.5373665480427047,0.8,0.8,0.13,0.8490566037735849,0.6,1.0,0.3602796656439342,0.7858208677068704,0.6243585424752198,0.6243585424752198,0.687307562742566,srtm_earth_engine
NSR-GRID-224,extreme_rain,Extreme Rain Event,25.0,50.0,70.0,90.0,22.0,22.5,88.0,30.0,18,True,302,12666.711386993427,50666.84554787933,24.966414380321662,6.068294533665966,178.32398271222365,167.0,189.0,3.74245263717016,0.7113505369077349,0.5373665480427047,1.0,1.0,0.09,1.0,1.0,1.0,0.3602796656439342,0.7858208677068704,0.6243585424752198,0.6243585424752198,0.687307562742566,srtm_earth_engine
NSR-GRID-224,hot_day_optional,Hot Urban Heat Day,0.0,0.0,0.0,0.0,40.0,43.0,35.0,10.0,14,False,302,12666.711386993427,50666.84554787933,24.966414380321662,6.068294533665966,178.32398271222365,167.0,189.0,3.74245263717016,0.7113505369077349,0.5373665480427047,0.0,0.0,0.8600000000000001,0.0,0.0,0.0,0.3602796656439342,0.7858208677068704,0.6243585424752198,0.6243585424752198,0.687307562742566,srtm_earth_engine
NSR-GRID-225,normal_day,Normal Dry Day,0.0,0.0,0.0,0.0,30.0,31.0,45.0,12.0,12,False,185,8842.387601385843,35369.55040544455,27.73847690054587,6.223032697282684,183.8405546492658,178.0,191.0,3.677508760345507,0.4965801284653146,0.3291814946619217,0.0,0.0,0.42000000000000004,0.18867924528301888,0.1,0.0,0.3338825006793856,0.7922606591941384,0.4128808115636181,0.4128808115636181,0.6238642434690854,srtm_earth_engine
NSR-GRID-225,light_rain,Light Rain,2.0,4.0,5.0,7.0,25.0,25.5,65.0,15.0,9,True,185,8842.387601385843,35369.55040544455,27.73847690054587,6.223032697282684,183.8405546492658,178.0,191.0,3.677508760345507,0.4965801284653146,0.3291814946619217,0.13333333333333333,0.132,0.21000000000000002,0.5660377358490566,0.25,1.0,0.3338825006793856,0.7922606591941384,0.4128808115636181,0.4128808115636181,0.6238642434690854,srtm_earth_engine
NSR-GRID-225,heavy_rain_rush_hour,Heavy Rain During Rush Hour,12.0,24.0,32.0,40.0,23.0,23.5,80.0,22.0,17,True,185,8842.387601385843,35369.55040544455,27.73847690054587,6.223032697282684,183.8405546492658,178.0,191.0,3.677508760345507,0.4965801284653146,0.3291814946619217,0.8,0.8,0.13,0.8490566037735849,0.6,1.0,0.3338825006793856,0.7922606591941384,0.4128808115636181,0.4128808115636181,0.6238642434690854,srtm_earth_engine
NSR-GRID-225,extreme_rain,Extreme Rain Event,25.0,50.0,70.0,90.0,22.0,22.5,88.0,30.0,18,True,185,8842.387601385843,35369.55040544455,27.73847690054587,6.223032697282684,183.8405546492658,178.0,191.0,3.677508760345507,0.4965801284653146,0.3291814946619217,1.0,1.0,0.09,1.0,1.0,1.0,0.3338825006793856,0.7922606591941384,0.4128808115636181,0.4128808115636181,0.6238642434690854,srtm_earth_engine
NSR-GRID-225,hot_day_optional,Hot Urban Heat Day,0.0,0.0,0.0,0.0,40.0,43.0,35.0,10.0,14,False,185,8842.387601385843,35369.55040544455,27.73847690054587,6.223032697282684,183.8405546492658,178.0,191.0,3.677508760345507,0.4965801284653146,0.3291814946619217,0.0,0.0,0.8600000000000001,0.0,0.0,0.0,0.3338825006793856,0.7922606591941384,0.4128808115636181,0.4128808115636181,0.6238642434690854,srtm_earth_engine
NSR-GRID-226,normal_day,Normal Dry Day,0.0,0.0,0.0,0.0,30.0,31.0,45.0,12.0,12,False,22,3872.311927994563,15489.2477119494,26.94708165397821,22.16864915071919,189.4792349459472,174.0,202.0,4.224498251844557,0.21746537715240258,0.03914590747330961,0.0,0.0,0.42000000000000004,0.18867924528301888,0.1,0.0,0.3069010390629066,0.7380215462367876,0.1283056423128561,0.1283056423128561,0.5384916926938568,srtm_earth_engine
NSR-GRID-226,light_rain,Light Rain,2.0,4.0,5.0,7.0,25.0,25.5,65.0,15.0,9,True,22,3872.311927994563,15489.2477119494,26.94708165397821,22.16864915071919,189.4792349459472,174.0,202.0,4.224498251844557,0.21746537715240258,0.03914590747330961,0.13333333333333333,0.132,0.21000000000000002,0.5660377358490566,0.25,1.0,0.3069010390629066,0.7380215462367876,0.1283056423128561,0.1283056423128561,0.5384916926938568,srtm_earth_engine
NSR-GRID-226,heavy_rain_rush_hour,Heavy Rain During Rush Hour,12.0,24.0,32.0,40.0,23.0,23.5,80.0,22.0,17,True,22,3872.311927994563,15489.2477119494,26.94708165397821,22.16864915071919,189.4792349459472,174.0,202.0,4.224498251844557,0.21746537715240258,0.03914590747330961,0.8,0.8,0.13,0.8490566037735849,0.6,1.0,0.3069010390629066,0.7380215462367876,0.1283056423128561,0.1283056423128561,0.5384916926938568,srtm_earth_engine
NSR-GRID-226,extreme_rain,Extreme Rain Event,25.0,50.0,70.0,90.0,22.0,22.5,88.0,30.0,18,True,22,3872.311927994563,15489.2477119494,26.94708165397821,22.16864915071919,189.4792349459472,174.0,202.0,4.224498251844557,0.21746537715240258,0.03914590747330961,1.0,1.0,0.09,1.0,1.0,1.0,0.3069010390629066,0.7380215462367876,0.1283056423128561,0.1283056423128561,0.5384916926938568,srtm_earth_engine
NSR-GRID-226,hot_day_optional,Hot Urban Heat Day,0.0,0.0,0.0,0.0,40.0,43.0,35.0,10.0,14,False,22,3872.311927994563,15489.2477119494,26.94708165397821,22.16864915071919,189.4792349459472,174.0,202.0,4.224498251844557,0.21746537715240258,0.03914590747330961,0.0,0.0,0.8600000000000001,0.0,0.0,0.0,0.3069010390629066,0.7380215462367876,0.1283056423128561,0.1283056423128561,0.5384916926938568,srtm_earth_engine
NSR-GRID-227,normal_day,Normal Dry Day,0.0,0.0,0.0,0.0,30.0,31.0,45.0,12.0,12,False,60,7228.312264185753,28913.249056689157,23.5,18.45526535536788,197.77819456902895,189.0,207.0,3.045132195187425,0.40593518340878326,0.10676156583629894,0.0,0.0,0.42000000000000004,0.18867924528301888,0.1,0.0,0.2671899632889037,0.8549666973946004,0.2563483746225411,0.2563483746225411,0.5769045123867623,srtm_earth_engine
NSR-GRID-227,light_rain,Light Rain,2.0,4.0,5.0,7.0,25.0,25.5,65.0,15.0,9,True,60,7228.312264185753,28913.249056689157,23.5,18.45526535536788,197.77819456902895,189.0,207.0,3.045132195187425,0.40593518340878326,0.10676156583629894,0.13333333333333333,0.132,0.21000000000000002,0.5660377358490566,0.25,1.0,0.2671899632889037,0.8549666973946004,0.2563483746225411,0.2563483746225411,0.5769045123867623,srtm_earth_engine
NSR-GRID-227,heavy_rain_rush_hour,Heavy Rain During Rush Hour,12.0,24.0,32.0,40.0,23.0,23.5,80.0,22.0,17,True,60,7228.312264185753,28913.249056689157,23.5,18.45526535536788,197.77819456902895,189.0,207.0,3.045132195187425,0.40593518340878326,0.10676156583629894,0.8,0.8,0.13,0.8490566037735849,0.6,1.0,0.2671899632889037,0.8549666973946004,0.2563483746225411,0.2563483746225411,0.5769045123867623,srtm_earth_engine
NSR-GRID-227,extreme_rain,Extreme Rain Event,25.0,50.0,70.0,90.0,22.0,22.5,88.0,30.0,18,True,60,7228.312264185753,28913.249056689157,23.5,18.45526535536788,197.77819456902895,189.0,207.0,3.045132195187425,0.40593518340878326,0.10676156583629894,1.0,1.0,0.09,1.0,1.0,1.0,0.2671899632889037,0.8549666973946004,0.2563483746225411,0.2563483746225411,0.5769045123867623,srtm_earth_engine
NSR-GRID-227,hot_day_optional,Hot Urban Heat Day,0.0,0.0,0.0,0.0,40.0,43.0,35.0,10.0,14,False,60,7228.312264185753,28913.249056689157,23.5,18.45526535536788,197.77819456902895,189.0,207.0,3.045132195187425,0.40593518340878326,0.10676156583629894,0.0,0.0,0.8600000000000001,0.0,0.0,0.0,0.2671899632889037,0.8549666973946004,0.2563483746225411,0.2563483746225411,0.5769045123867623,srtm_earth_engine
NSR-GRID-228,normal_day,Normal Dry Day,0.0,0.0,0.0,0.0,30.0,31.0,45.0,12.0,12,False,39,4743.232411132113,18972.929644510783,23.5,18.63135480641092,197.96685154975532,183.0,217.0,5.5459041310008175,0.26637544815339936,0.0693950177935943,0.0,0.0,0.42000000000000004,0.18867924528301888,0.1,0.0,0.2662872270427745,0.6069918210666682,0.16788523297349683,0.16788523297349683,0.5503655698920491,srtm_earth_engine
NSR-GRID-228,light_rain,Light Rain,2.0,4.0,5.0,7.0,25.0,25.5,65.0,15.0,9,True,39,4743.232411132113,18972.929644510783,23.5,18.63135480641092,197.96685154975532,183.0,217.0,5.5459041310008175,0.26637544815339936,0.0693950177935943,0.13333333333333333,0.132,0.21000000000000002,0.5660377358490566,0.25,1.0,0.2662872270427745,0.6069918210666682,0.16788523297349683,0.16788523297349683,0.5503655698920491,srtm_earth_engine
NSR-GRID-228,heavy_rain_rush_hour,Heavy Rain During Rush Hour,12.0,24.0,32.0,40.0,23.0,23.5,80.0,22.0,17,True,39,4743.232411132113,18972.929644510783,23.5,18.63135480641092,197.96685154975532,183.0,217.0,5.5459041310008175,0.26637544815339936,0.0693950177935943,0.8,0.8,0.13,0.8490566037735849,0.6,1.0,0.2662872270427745,0.6069918210666682,0.16788523297349683,0.16788523297349683,0.5503655698920491,srtm_earth_engine
NSR-GRID-228,extreme_rain,Extreme Rain Event,25.0,50.0,70.0,90.0,22.0,22.5,88.0,30.0,18,True,39,4743.232411132113,18972.929644510783,23.5,18.63135480641092,197.96685154975532,183.0,217.0,5.5459041310008175,0.26637544815339936,0.0693950177935943,1.0,1.0,0.09,1.0,1.0,1.0,0.2662872270427745,0.6069918210666682,0.16788523297349683,0.16788523297349683,0.5503655698920491,srtm_earth_engine
NSR-GRID-228,hot_day_optional,Hot Urban Heat Day,0.0,0.0,0.0,0.0,40.0,43.0,35.0,10.0,14,False,39,4743.232411132113,18972.929644510783,23.5,18.63135480641092,197.96685154975532,183.0,217.0,5.5459041310008175,0.26637544815339936,0.0693950177935943,0.0,0.0,0.8600000000000001,0.0,0.0,0.0,0.2662872270427745,0.6069918210666682,0.16788523297349683,0.16788523297349683,0.5503655698920491,srtm_earth_engine
NSR-GRID-229,normal_day,Normal Dry Day,0.0,0.0,0.0,0.0,30.0,31.0,45.0,12.0,12,False,72,6399.856160582562,25599.42464228256,25.60654989965335,12.898052557883288,189.42700842994344,177.0,199.0,3.596759350398887,0.35940987181861345,0.12811387900355872,0.0,0.0,0.42000000000000004,0.18867924528301888,0.1,0.0,0.3071509464282429,0.8002677167983552,0.24376187541108607,0.24376187541108607,0.5731285626233258,srtm_earth_engine
NSR-GRID-229,light_rain,Light Rain,2.0,4.0,5.0,7.0,25.0,25.5,65.0,15.0,9,True,72,6399.856160582562,25599.42464228256,25.60654989965335,12.898052557883288,189.42700842994344,177.0,199.0,3.596759350398887,0.35940987181861345,0.12811387900355872,0.13333333333333333,0.132,0.21000000000000002,0.5660377358490566,0.25,1.0,0.3071509464282429,0.8002677167983552,0.24376187541108607,0.24376187541108607,0.5731285626233258,srtm_earth_engine
NSR-GRID-229,heavy_rain_rush_hour,Heavy Rain During Rush Hour,12.0,24.0,32.0,40.0,23.0,23.5,80.0,22.0,17,True,72,6399.856160582562,25599.42464228256,25.60654989965335,12.898052557883288,189.42700842994344,177.0,199.0,3.596759350398887,0.35940987181861345,0.12811387900355872,0.8,0.8,0.13,0.8490566037735849,0.6,1.0,0.3071509464282429,0.8002677167983552,0.24376187541108607,0.24376187541108607,0.5731285626233258,srtm_earth_engine
NSR-GRID-229,extreme_rain,Extreme Rain Event,25.0,50.0,70.0,90.0,22.0,22.5,88.0,30.0,18,True,72,6399.856160582562,25599.42464228256,25.60654989965335,12.898052557883288,189.42700842994344,177.0,199.0,3.596759350398887,0.35940987181861345,0.12811387900355872,1.0,1.0,0.09,1.0,1.0,1.0,0.3071509464282429,0.8002677167983552,0.24376187541108607,0.24376187541108607,0.5731285626233258,srtm_earth_engine
NSR-GRID-229,hot_day_optional,Hot Urban Heat Day,0.0,0.0,0.0,0.0,40.0,43.0,35.0,10.0,14,False,72,6399.856160582562,25599.42464228256,25.60654989965335,12.898052557883288,189.42700842994344,177.0,199.0,3.596759350398887,0.35940987181861345,0.12811387900355872,0.0,0.0,0.8600000000000001,0.0,0.0,0.0,0.3071509464282429,0.8002677167983552,0.24376187541108607,0.24376187541108607,0.5731285626233258,srtm_earth_engine
NSR-GRID-230,normal_day,Normal Dry Day,0.0,0.0,0.0,0.0,30.0,31.0,45.0,12.0,12,False,49,3949.1629640583496,15796.651856203973,36.65518916926376,10.213824586924456,183.87084726412775,177.0,193.0,2.8114426052765737,0.22178125868594925,0.08718861209964412,0.0,0.0,0.42000000000000004,0.18867924528301888,0.1,0.0,0.3337375484951588,0.8781392011832837,0.15448493539279667,0.15448493539279667,0.546345480617839,srtm_earth_engine
NSR-GRID-230,light_rain,Light Rain,2.0,4.0,5.0,7.0,25.0,25.5,65.0,15.0,9,True,49,3949.1629640583496,15796.651856203973,36.65518916926376,10.213824586924456,183.87084726412775,177.0,193.0,2.8114426052765737,0.22178125868594925,0.08718861209964412,0.13333333333333333,0.132,0.21000000000000002,0.5660377358490566,0.25,1.0,0.3337375484951588,0.8781392011832837,0.15448493539279667,0.15448493539279667,0.546345480617839,srtm_earth_engine
NSR-GRID-230,heavy_rain_rush_hour,Heavy Rain During Rush Hour,12.0,24.0,32.0,40.0,23.0,23.5,80.0,22.0,17,True,49,3949.1629640583496,15796.651856203973,36.65518916926376,10.213824586924456,183.87084726412775,177.0,193.0,2.8114426052765737,0.22178125868594925,0.08718861209964412,0.8,0.8,0.13,0.8490566037735849,0.6,1.0,0.3337375484951588,0.8781392011832837,0.15448493539279667,0.15448493539279667,0.546345480617839,srtm_earth_engine
NSR-GRID-230,extreme_rain,Extreme Rain Event,25.0,50.0,70.0,90.0,22.0,22.5,88.0,30.0,18,True,49,3949.1629640583496,15796.651856203973,36.65518916926376,10.213824586924456,183.87084726412775,177.0,193.0,2.8114426052765737,0.22178125868594925,0.08718861209964412,1.0,1.0,0.09,1.0,1.0,1.0,0.3337375484951588,0.8781392011832837,0.15448493539279667,0.15448493539279667,0.546345480617839,srtm_earth_engine
NSR-GRID-230,hot_day_optional,Hot Urban Heat Day,0.0,0.0,0.0,0.0,40.0,43.0,35.0,10.0,14,False,49,3949.1629640583496,15796.651856203973,36.65518916926376,10.213824586924456,183.87084726412775,177.0,193.0,2.8114426052765737,0.22178125868594925,0.08718861209964412,0.0,0.0,0.8600000000000001,0.0,0.0,0.0,0.3337375484951588,0.8781392011832837,0.15448493539279667,0.15448493539279667,0.546345480617839,srtm_earth_engine
NSR-GRID-231,normal_day,Normal Dry Day,0.0,0.0,0.0,0.0,30.0,31.0,45.0,12.0,12,False,4,851.8789655930025,12421.103197971212,75.70894909688013,10.311034196152104,196.52490879732076,185.0,216.0,7.767216085154262,0.17438935330034624,0.0071174377224199285,0.0,0.0,0.42000000000000004,0.18867924528301888,0.1,0.0,0.2731870193666755,0.3867280100295385,0.09075339551138309,0.09075339551138309,0.5272260186534149,srtm_earth_engine
NSR-GRID-231,light_rain,Light Rain,2.0,4.0,5.0,7.0,25.0,25.5,65.0,15.0,9,True,4,851.8789655930025,12421.103197971212,75.70894909688013,10.311034196152104,196.52490879732076,185.0,216.0,7.767216085154262,0.17438935330034624,0.0071174377224199285,0.13333333333333333,0.132,0.21000000000000002,0.5660377358490566,0.25,1.0,0.2731870193666755,0.3867280100295385,0.09075339551138309,0.09075339551138309,0.5272260186534149,srtm_earth_engine
NSR-GRID-231,heavy_rain_rush_hour,Heavy Rain During Rush Hour,12.0,24.0,32.0,40.0,23.0,23.5,80.0,22.0,17,True,4,851.8789655930025,12421.103197971212,75.70894909688013,10.311034196152104,196.52490879732076,185.0,216.0,7.767216085154262,0.17438935330034624,0.0071174377224199285,0.8,0.8,0.13,0.8490566037735849,0.6,1.0,0.2731870193666755,0.3867280100295385,0.09075339551138309,0.09075339551138309,0.5272260186534149,srtm_earth_engine
NSR-GRID-231,extreme_rain,Extreme Rain Event,25.0,50.0,70.0,90.0,22.0,22.5,88.0,30.0,18,True,4,851.8789655930025,12421.103197971212,75.70894909688013,10.311034196152104,196.52490879732076,185.0,216.0,7.767216085154262,0.17438935330034624,0.0071174377224199285,1.0,1.0,0.09,1.0,1.0,1.0,0.2731870193666755,0.3867280100295385,0.09075339551138309,0.09075339551138309,0.5272260186534149,srtm_earth_engine
NSR-GRID-231,hot_day_optional,Hot Urban Heat Day,0.0,0.0,0.0,0.0,40.0,43.0,35.0,10.0,14,False,4,851.8789655930025,12421.103197971212,75.70894909688013,10.311034196152104,196.52490879732076,185.0,216.0,7.767216085154262,0.17438935330034624,0.0071174377224199285,0.0,0.0,0.8600000000000001,0.0,0.0,0.0,0.2731870193666755,0.3867280100295385,0.09075339551138309,0.09075339551138309,0.5272260186534149,srtm_earth_engine
NSR-GRID-232,normal_day,Normal Dry Day,0.0,0.0,0.0,0.0,30.0,31.0,45.0,12.0,12,False,18,862.305009123913,8690.24774801973,23.5,7.338766035097131,113.47831474597272,105.0,125.0,5.693327372741819,0.12200902453209482,0.03202846975088968,0.0,0.0,0.42000000000000004,0.18867924528301888,0.1,0.0,0.6705705154826958,0.5923734307948271,0.07701874714149225,0.07701874714149225,0.5231056241424477,srtm_earth_engine
NSR-GRID-232,light_rain,Light Rain,2.0,4.0,5.0,7.0,25.0,25.5,65.0,15.0,9,True,18,862.305009123913,8690.24774801973,23.5,7.338766035097131,113.47831474597272,105.0,125.0,5.693327372741819,0.12200902453209482,0.03202846975088968,0.13333333333333333,0.132,0.21000000000000002,0.5660377358490566,0.25,1.0,0.6705705154826958,0.5923734307948271,0.07701874714149225,0.07701874714149225,0.5231056241424477,srtm_earth_engine
NSR-GRID-232,heavy_rain_rush_hour,Heavy Rain During Rush Hour,12.0,24.0,32.0,40.0,23.0,23.5,80.0,22.0,17,True,18,862.305009123913,8690.24774801973,23.5,7.338766035097131,113.47831474597272,105.0,125.0,5.693327372741819,0.12200902453209482,0.03202846975088968,0.8,0.8,0.13,0.8490566037735849,0.6,1.0,0.6705705154826958,0.5923734307948271,0.07701874714149225,0.07701874714149225,0.5231056241424477,srtm_earth_engine
NSR-GRID-232,extreme_rain,Extreme Rain Event,25.0,50.0,70.0,90.0,22.0,22.5,88.0,30.0,18,True,18,862.305009123913,8690.24774801973,23.5,7.338766035097131,113.47831474597272,105.0,125.0,5.693327372741819,0.12200902453209482,0.03202846975088968,1.0,1.0,0.09,1.0,1.0,1.0,0.6705705154826958,0.5923734307948271,0.07701874714149225,0.07701874714149225,0.5231056241424477,srtm_earth_engine
NSR-GRID-232,hot_day_optional,Hot Urban Heat Day,0.0,0.0,0.0,0.0,40.0,43.0,35.0,10.0,14,False,18,862.305009123913,8690.24774801973,23.5,7.338766035097131,113.47831474597272,105.0,125.0,5.693327372741819,0.12200902453209482,0.03202846975088968,0.0,0.0,0.8600000000000001,0.0,0.0,0.0,0.6705705154826958,0.5923734307948271,0.07701874714149225,0.07701874714149225,0.5231056241424477,srtm_earth_engine
NSR-GRID-233,normal_day,Normal Dry Day,0.0,0.0,0.0,0.0,30.0,31.0,45.0,12.0,12,False,55,7440.040624487087,29760.16249800378,25.568248992386923,19.287048742024385,119.6376253771507,109.0,135.0,5.760896990438816,0.41782564796561517,0.09786476868327403,0.0,0.0,0.42000000000000004,0.18867924528301888,0.1,0.0,0.6410978029621953,0.5856732725948797,0.2578452083244446,0.2578452083244446,0.5773535624973334,srtm_earth_engine
NSR-GRID-233,light_rain,Light Rain,2.0,4.0,5.0,7.0,25.0,25.5,65.0,15.0,9,True,55,7440.040624487087,29760.16249800378,25.568248992386923,19.287048742024385,119.6376253771507,109.0,135.0,5.760896990438816,0.41782564796561517,0.09786476868327403,0.13333333333333333,0.132,0.21000000000000002,0.5660377358490566,0.25,1.0,0.6410978029621953,0.5856732725948797,0.2578452083244446,0.2578452083244446,0.5773535624973334,srtm_earth_engine
NSR-GRID-233,heavy_rain_rush_hour,Heavy Rain During Rush Hour,12.0,24.0,32.0,40.0,23.0,23.5,80.0,22.0,17,True,55,7440.040624487087,29760.16249800378,25.568248992386923,19.287048742024385,119.6376253771507,109.0,135.0,5.760896990438816,0.41782564796561517,0.09786476868327403,0.8,0.8,0.13,0.8490566037735849,0.6,1.0,0.6410978029621953,0.5856732725948797,0.2578452083244446,0.2578452083244446,0.5773535624973334,srtm_earth_engine
NSR-GRID-233,extreme_rain,Extreme Rain Event,25.0,50.0,70.0,90.0,22.0,22.5,88.0,30.0,18,True,55,7440.040624487087,29760.16249800378,25.568248992386923,19.287048742024385,119.6376253771507,109.0,135.0,5.760896990438816,0.41782564796561517,0.09786476868327403,1.0,1.0,0.09,1.0,1.0,1.0,0.6410978029621953,0.5856732725948797,0.2578452083244446,0.2578452083244446,0.5773535624973334,srtm_earth_engine
NSR-GRID-233,hot_day_optional,Hot Urban Heat Day,0.0,0.0,0.0,0.0,40.0,43.0,35.0,10.0,14,False,55,7440.040624487087,29760.16249800378,25.568248992386923,19.287048742024385,119.6376253771507,109.0,135.0,5.760896990438816,0.41782564796561517,0.09786476868327403,0.0,0.0,0.8600000000000001,0.0,0.0,0.0,0.6410978029621953,0.5856732725948797,0.2578452083244446,0.2578452083244446,0.5773535624973334,srtm_earth_engine
NSR-GRID-234,normal_day,Normal Dry Day,0.0,0.0,0.0,0.0,30.0,31.0,45.0,12.0,12,False,78,6508.061688415029,26032.24675373285,31.764157298640058,11.106297557586846,125.0860167694365,116.0,140.0,5.7803074425312815,0.3654865919703496,0.1387900355871886,0.0,0.0,0.42000000000000004,0.18867924528301888,0.1,0.0,0.6150268864555379,0.5837485451184683,0.2521383137787691,0.2521383137787691,0.5756414941336307,srtm_earth_engine
NSR-GRID-234,light_rain,Light Rain,2.0,4.0,5.0,7.0,25.0,25.5,65.0,15.0,9,True,78,6508.061688415029,26032.24675373285,31.764157298640058,11.106297557586846,125.0860167694365,116.0,140.0,5.7803074425312815,0.3654865919703496,0.1387900355871886,0.13333333333333333,0.132,0.21000000000000002,0.5660377358490566,0.25,1.0,0.6150268864555379,0.5837485451184683,0.2521383137787691,0.2521383137787691,0.5756414941336307,srtm_earth_engine
NSR-GRID-234,heavy_rain_rush_hour,Heavy Rain During Rush Hour,12.0,24.0,32.0,40.0,23.0,23.5,80.0,22.0,17,True,78,6508.061688415029,26032.24675373285,31.764157298640058,11.106297557586846,125.0860167694365,116.0,140.0,5.7803074425312815,0.3654865919703496,0.1387900355871886,0.8,0.8,0.13,0.8490566037735849,0.6,1.0,0.6150268864555379,0.5837485451184683,0.2521383137787691,0.2521383137787691,0.5756414941336307,srtm_earth_engine
NSR-GRID-234,extreme_rain,Extreme Rain Event,25.0,50.0,70.0,90.0,22.0,22.5,88.0,30.0,18,True,78,6508.061688415029,26032.24675373285,31.764157298640058,11.106297557586846,125.0860167694365,116.0,140.0,5.7803074425312815,0.3654865919703496,0.1387900355871886,1.0,1.0,0.09,1.0,1.0,1.0,0.6150268864555379,0.5837485451184683,0.2521383137787691,0.2521383137787691,0.5756414941336307,srtm_earth_engine
NSR-GRID-234,hot_day_optional,Hot Urban Heat Day,0.0,0.0,0.0,0.0,40.0,43.0,35.0,10.0,14,False,78,6508.061688415029,26032.24675373285,31.764157298640058,11.106297557586846,125.0860167694365,116.0,140.0,5.7803074425312815,0.3654865919703496,0.1387900355871886,0.0,0.0,0.8600000000000001,0.0,0.0,0.0,0.6150268864555379,0.5837485451184683,0.2521383137787691,0.2521383137787691,0.5756414941336307,srtm_earth_engine
NSR-GRID-235,normal_day,Normal Dry Day,0.0,0.0,0.0,0.0,30.0,31.0,45.0,12.0,12,False,3,638.8934190688025,2555.5736762799697,73.044061302682,10.954886134786827,128.10358546249032,116.0,143.0,4.978587907135113,0.03587965043158522,0.005338078291814947,0.0,0.0,0.42000000000000004,0.18867924528301888,0.1,0.0,0.6005876188285653,0.6632465192409622,0.020608864361700084,0.020608864361700084,0.50618265930851,srtm_earth_engine
NSR-GRID-235,light_rain,Light Rain,2.0,4.0,5.0,7.0,25.0,25.5,65.0,15.0,9,True,3,638.8934190688025,2555.5736762799697,73.044061302682,10.954886134786827,128.10358546249032,116.0,143.0,4.978587907135113,0.03587965043158522,0.005338078291814947,0.13333333333333333,0.132,0.21000000000000002,0.5660377358490566,0.25,1.0,0.6005876188285653,0.6632465192409622,0.020608864361700084,0.020608864361700084,0.50618265930851,srtm_earth_engine
NSR-GRID-235,heavy_rain_rush_hour,Heavy Rain During Rush Hour,12.0,24.0,32.0,40.0,23.0,23.5,80.0,22.0,17,True,3,638.8934190688025,2555.5736762799697,73.044061302682,10.954886134786827,128.10358546249032,116.0,143.0,4.978587907135113,0.03587965043158522,0.005338078291814947,0.8,0.8,0.13,0.8490566037735849,0.6,1.0,0.6005876188285653,0.6632465192409622,0.020608864361700084,0.020608864361700084,0.50618265930851,srtm_earth_engine
NSR-GRID-235,extreme_rain,Extreme Rain Event,25.0,50.0,70.0,90.0,22.0,22.5,88.0,30.0,18,True,3,638.8934190688025,2555.5736762799697,73.044061302682,10.954886134786827,128.10358546249032,116.0,143.0,4.978587907135113,0.03587965043158522,0.005338078291814947,1.0,1.0,0.09,1.0,1.0,1.0,0.6005876188285653,0.6632465192409622,0.020608864361700084,0.020608864361700084,0.50618265930851,srtm_earth_engine
NSR-GRID-235,hot_day_optional,Hot Urban Heat Day,0.0,0.0,0.0,0.0,40.0,43.0,35.0,10.0,14,False,3,638.8934190688025,2555.5736762799697,73.044061302682,10.954886134786827,128.10358546249032,116.0,143.0,4.978587907135113,0.03587965043158522,0.005338078291814947,0.0,0.0,0.8600000000000001,0.0,0.0,0.0,0.6005876188285653,0.6632465192409622,0.020608864361700084,0.020608864361700084,0.50618265930851,srtm_earth_engine
NSR-GRID-236,normal_day,Normal Dry Day,0.0,0.0,0.0,0.0,30.0,31.0,45.0,12.0,12,False,6,1015.1335985533028,4060.534394220775,48.778598795840175,10.384194217911546,138.91948136671286,127.0,152.0,4.489347283055499,0.057008943229586335,0.010676156583629894,0.0,0.0,0.42000000000000004,0.18867924528301888,0.1,0.0,0.5488328349371345,0.7117592930422577,0.033842549906608115,0.033842549906608115,0.5101527649719825,srtm_earth_engine
NSR-GRID-236,light_rain,Light Rain,2.0,4.0,5.0,7.0,25.0,25.5,65.0,15.0,9,True,6,1015.1335985533028,4060.534394220775,48.778598795840175,10.384194217911546,138.91948136671286,127.0,152.0,4.489347283055499,0.057008943229586335,0.010676156583629894,0.13333333333333333,0.132,0.21000000000000002,0.5660377358490566,0.25,1.0,0.5488328349371345,0.7117592930422577,0.033842549906608115,0.033842549906608115,0.5101527649719825,srtm_earth_engine
NSR-GRID-236,heavy_rain_rush_hour,Heavy Rain During Rush Hour,12.0,24.0,32.0,40.0,23.0,23.5,80.0,22.0,17,True,6,1015.1335985533028,4060.534394220775,48.778598795840175,10.384194217911546,138.91948136671286,127.0,152.0,4.489347283055499,0.057008943229586335,0.010676156583629894,0.8,0.8,0.13,0.8490566037735849,0.6,1.0,0.5488328349371345,0.7117592930422577,0.033842549906608115,0.033842549906608115,0.5101527649719825,srtm_earth_engine
NSR-GRID-236,extreme_rain,Extreme Rain Event,25.0,50.0,70.0,90.0,22.0,22.5,88.0,30.0,18,True,6,1015.1335985533028,4060.534394220775,48.778598795840175,10.384194217911546,138.91948136671286,127.0,152.0,4.489347283055499,0.057008943229586335,0.010676156583629894,1.0,1.0,0.09,1.0,1.0,1.0,0.5488328349371345,0.7117592930422577,0.033842549906608115,0.033842549906608115,0.5101527649719825,srtm_earth_engine
NSR-GRID-236,hot_day_optional,Hot Urban Heat Day,0.0,0.0,0.0,0.0,40.0,43.0,35.0,10.0,14,False,6,1015.1335985533028,4060.534394220775,48.778598795840175,10.384194217911546,138.91948136671286,127.0,152.0,4.489347283055499,0.057008943229586335,0.010676156583629894,0.0,0.0,0.8600000000000001,0.0,0.0,0.0,0.5488328349371345,0.7117592930422577,0.033842549906608115,0.033842549906608115,0.5101527649719825,srtm_earth_engine
NSR-GRID-237,normal_day,Normal Dry Day,0.0,0.0,0.0,0.0,30.0,31.0,45.0,12.0,12,False,0,0.0,0.0,50.0,0.0,142.47750481224097,114.0,153.0,5.921689189860861,0.0,0.0,0.0,0.0,0.42000000000000004,0.18867924528301888,0.1,0.0,0.5318074552427847,0.5697292254008244,0.0,0.0,0.5,srtm_earth_engine
NSR-GRID-237,light_rain,Light Rain,2.0,4.0,5.0,7.0,25.0,25.5,65.0,15.0,9,True,0,0.0,0.0,50.0,0.0,142.47750481224097,114.0,153.0,5.921689189860861,0.0,0.0,0.13333333333333333,0.132,0.21000000000000002,0.5660377358490566,0.25,1.0,0.5318074552427847,0.5697292254008244,0.0,0.0,0.5,srtm_earth_engine
NSR-GRID-237,heavy_rain_rush_hour,Heavy Rain During Rush Hour,12.0,24.0,32.0,40.0,23.0,23.5,80.0,22.0,17,True,0,0.0,0.0,50.0,0.0,142.47750481224097,114.0,153.0,5.921689189860861,0.0,0.0,0.8,0.8,0.13,0.8490566037735849,0.6,1.0,0.5318074552427847,0.5697292254008244,0.0,0.0,0.5,srtm_earth_engine
NSR-GRID-237,extreme_rain,Extreme Rain Event,25.0,50.0,70.0,90.0,22.0,22.5,88.0,30.0,18,True,0,0.0,0.0,50.0,0.0,142.47750481224097,114.0,153.0,5.921689189860861,0.0,0.0,1.0,1.0,0.09,1.0,1.0,1.0,0.5318074552427847,0.5697292254008244,0.0,0.0,0.5,srtm_earth_engine
NSR-GRID-237,hot_day_optional,Hot Urban Heat Day,0.0,0.0,0.0,0.0,40.0,43.0,35.0,10.0,14,False,0,0.0,0.0,50.0,0.0,142.47750481224097,114.0,153.0,5.921689189860861,0.0,0.0,0.0,0.0,0.8600000000000001,0.0,0.0,0.0,0.5318074552427847,0.5697292254008244,0.0,0.0,0.5,srtm_earth_engine
NSR-GRID-238,normal_day,Normal Dry Day,0.0,0.0,0.0,0.0,30.0,31.0,45.0,12.0,12,False,15,1061.1308557938405,4244.523423183267,70.71882868089764,3.4472118018993942,144.46229476121354,114.0,154.0,4.437752829153374,0.05959210571231721,0.026690391459074734,0.0,0.0,0.42000000000000004,0.18867924528301888,0.1,0.0,0.5223101028469599,0.7168753646609298,0.04314124858569597,0.04314124858569597,0.5129423745757088,srtm_earth_engine
NSR-GRID-238,light_rain,Light Rain,2.0,4.0,5.0,7.0,25.0,25.5,65.0,15.0,9,True,15,1061.1308557938405,4244.523423183267,70.71882868089764,3.4472118018993942,144.46229476121354,114.0,154.0,4.437752829153374,0.05959210571231721,0.026690391459074734,0.13333333333333333,0.132,0.21000000000000002,0.5660377358490566,0.25,1.0,0.5223101028469599,0.7168753646609298,0.04314124858569597,0.04314124858569597,0.5129423745757088,srtm_earth_engine
NSR-GRID-238,heavy_rain_rush_hour,Heavy Rain During Rush Hour,12.0,24.0,32.0,40.0,23.0,23.5,80.0,22.0,17,True,15,1061.1308557938405,4244.523423183267,70.71882868089764,3.4472118018993942,144.46229476121354,114.0,154.0,4.437752829153374,0.05959210571231721,0.026690391459074734,0.8,0.8,0.13,0.8490566037735849,0.6,1.0,0.5223101028469599,0.7168753646609298,0.04314124858569597,0.04314124858569597,0.5129423745757088,srtm_earth_engine
NSR-GRID-238,extreme_rain,Extreme Rain Event,25.0,50.0,70.0,90.0,22.0,22.5,88.0,30.0,18,True,15,1061.1308557938405,4244.523423183267,70.71882868089764,3.4472118018993942,144.46229476121354,114.0,154.0,4.437752829153374,0.05959210571231721,0.026690391459074734,1.0,1.0,0.09,1.0,1.0,1.0,0.5223101028469599,0.7168753646609298,0.04314124858569597,0.04314124858569597,0.5129423745757088,srtm_earth_engine
NSR-GRID-238,hot_day_optional,Hot Urban Heat Day,0.0,0.0,0.0,0.0,40.0,43.0,35.0,10.0,14,False,15,1061.1308557938405,4244.523423183267,70.71882868089764,3.4472118018993942,144.46229476121354,114.0,154.0,4.437752829153374,0.05959210571231721,0.026690391459074734,0.0,0.0,0.8600000000000001,0.0,0.0,0.0,0.5223101028469599,0.7168753646609298,0.04314124858569597,0.04314124858569597,0.5129423745757088,srtm_earth_engine
NSR-GRID-239,normal_day,Normal Dry Day,0.0,0.0,0.0,0.0,30.0,31.0,45.0,12.0,12,False,21,5036.02684551877,20144.1073821126,59.57639377590117,12.72215036739347,149.1967055369811,144.0,158.0,2.8947954092855537,0.2828185067935935,0.037366548042704624,0.0,0.0,0.42000000000000004,0.18867924528301888,0.1,0.0,0.4996556312504413,0.8698739927611528,0.16009252741814906,0.16009252741814906,0.5480277582254447,srtm_earth_engine
NSR-GRID-239,light_rain,Light Rain,2.0,4.0,5.0,7.0,25.0,25.5,65.0,15.0,9,True,21,5036.02684551877,20144.1073821126,59.57639377590117,12.72215036739347,149.1967055369811,144.0,158.0,2.8947954092855537,0.2828185067935935,0.037366548042704624,0.13333333333333333,0.132,0.21000000000000002,0.5660377358490566,0.25,1.0,0.4996556312504413,0.8698739927611528,0.16009252741814906,0.16009252741814906,0.5480277582254447,srtm_earth_engine
NSR-GRID-239,heavy_rain_rush_hour,Heavy Rain During Rush Hour,12.0,24.0,32.0,40.0,23.0,23.5,80.0,22.0,17,True,21,5036.02684551877,20144.1073821126,59.57639377590117,12.72215036739347,149.1967055369811,144.0,158.0,2.8947954092855537,0.2828185067935935,0.037366548042704624,0.8,0.8,0.13,0.8490566037735849,0.6,1.0,0.4996556312504413,0.8698739927611528,0.16009252741814906,0.16009252741814906,0.5480277582254447,srtm_earth_engine
NSR-GRID-239,extreme_rain,Extreme Rain Event,25.0,50.0,70.0,90.0,22.0,22.5,88.0,30.0,18,True,21,5036.02684551877,20144.1073821126,59.57639377590117,12.72215036739347,149.1967055369811,144.0,158.0,2.8947954092855537,0.2828185067935935,0.037366548042704624,1.0,1.0,0.09,1.0,1.0,1.0,0.4996556312504413,0.8698739927611528,0.16009252741814906,0.16009252741814906,0.5480277582254447,srtm_earth_engine
NSR-GRID-239,hot_day_optional,Hot Urban Heat Day,0.0,0.0,0.0,0.0,40.0,43.0,35.0,10.0,14,False,21,5036.02684551877,20144.1073821126,59.57639377590117,12.72215036739347,149.1967055369811,144.0,158.0,2.8947954092855537,0.2828185067935935,0.037366548042704624,0.0,0.0,0.8600000000000001,0.0,0.0,0.0,0.4996556312504413,0.8698739927611528,0.16009252741814906,0.16009252741814906,0.5480277582254447,srtm_earth_engine
NSR-GRID-240,normal_day,Normal Dry Day,0.0,0.0,0.0,0.0,30.0,31.0,45.0,12.0,12,False,76,4938.908381009353,19755.63352409261,35.972992826894824,7.872898734601456,156.43368894978957,146.0,162.0,2.641581023243261,0.27736442563876806,0.13523131672597866,0.0,0.0,0.42000000000000004,0.18867924528301888,0.1,0.0,0.4650261825323238,0.8949825623048477,0.20629787118237336,0.20629787118237336,0.561889361354712,srtm_earth_engine
NSR-GRID-240,light_rain,Light Rain,2.0,4.0,5.0,7.0,25.0,25.5,65.0,15.0,9,True,76,4938.908381009353,19755.63352409261,35.972992826894824,7.872898734601456,156.43368894978957,146.0,162.0,2.641581023243261,0.27736442563876806,0.13523131672597866,0.13333333333333333,0.132,0.21000000000000002,0.5660377358490566,0.25,1.0,0.4650261825323238,0.8949825623048477,0.20629787118237336,0.20629787118237336,0.561889361354712,srtm_earth_engine
NSR-GRID-240,heavy_rain_rush_hour,Heavy Rain During Rush Hour,12.0,24.0,32.0,40.0,23.0,23.5,80.0,22.0,17,True,76,4938.908381009353,19755.63352409261,35.972992826894824,7.872898734601456,156.43368894978957,146.0,162.0,2.641581023243261,0.27736442563876806,0.13523131672597866,0.8,0.8,0.13,0.8490566037735849,0.6,1.0,0.4650261825323238,0.8949825623048477,0.20629787118237336,0.20629787118237336,0.561889361354712,srtm_earth_engine
NSR-GRID-240,extreme_rain,Extreme Rain Event,25.0,50.0,70.0,90.0,22.0,22.5,88.0,30.0,18,True,76,4938.908381009353,19755.63352409261,35.972992826894824,7.872898734601456,156.43368894978957,146.0,162.0,2.641581023243261,0.27736442563876806,0.13523131672597866,1.0,1.0,0.09,1.0,1.0,1.0,0.4650261825323238,0.8949825623048477,0.20629787118237336,0.20629787118237336,0.561889361354712,srtm_earth_engine
NSR-GRID-240,hot_day_optional,Hot Urban Heat Day,0.0,0.0,0.0,0.0,40.0,43.0,35.0,10.0,14,False,76,4938.908381009353,19755.63352409261,35.972992826894824,7.872898734601456,156.43368894978957,146.0,162.0,2.641581023243261,0.27736442563876806,0.13523131672597866,0.0,0.0,0.8600000000000001,0.0,0.0,0.0,0.4650261825323238,0.8949825623048477,0.20629787118237336,0.20629787118237336,0.561889361354712,srtm_earth_engine
NSR-GRID-241,normal_day,Normal Dry Day,0.0,0.0,0.0,0.0,30.0,31.0,45.0,12.0,12,False,220,10913.842082803696,43655.3683312961,27.291789819376028,7.008778522862654,165.30959873473424,154.0,177.0,3.4189984038569565,0.6129110538769703,0.3914590747330961,0.0,0.0,0.42000000000000004,0.18867924528301888,0.1,0.0,0.4225543617208543,0.8178943736331513,0.5021850643050332,0.5021850643050332,0.65065551929151,srtm_earth_engine
NSR-GRID-241,light_rain,Light Rain,2.0,4.0,5.0,7.0,25.0,25.5,65.0,15.0,9,True,220,10913.842082803696,43655.3683312961,27.291789819376028,7.008778522862654,165.30959873473424,154.0,177.0,3.4189984038569565,0.6129110538769703,0.3914590747330961,0.13333333333333333,0.132,0.21000000000000002,0.5660377358490566,0.25,1.0,0.4225543617208543,0.8178943736331513,0.5021850643050332,0.5021850643050332,0.65065551929151,srtm_earth_engine
NSR-GRID-241,heavy_rain_rush_hour,Heavy Rain During Rush Hour,12.0,24.0,32.0,40.0,23.0,23.5,80.0,22.0,17,True,220,10913.842082803696,43655.3683312961,27.291789819376028,7.008778522862654,165.30959873473424,154.0,177.0,3.4189984038569565,0.6129110538769703,0.3914590747330961,0.8,0.8,0.13,0.8490566037735849,0.6,1.0,0.4225543617208543,0.8178943736331513,0.5021850643050332,0.5021850643050332,0.65065551929151,srtm_earth_engine
NSR-GRID-241,extreme_rain,Extreme Rain Event,25.0,50.0,70.0,90.0,22.0,22.5,88.0,30.0,18,True,220,10913.842082803696,43655.3683312961,27.291789819376028,7.008778522862654,165.30959873473424,154.0,177.0,3.4189984038569565,0.6129110538769703,0.3914590747330961,1.0,1.0,0.09,1.0,1.0,1.0,0.4225543617208543,0.8178943736331513,0.5021850643050332,0.5021850643050332,0.65065551929151,srtm_earth_engine
NSR-GRID-241,hot_day_optional,Hot Urban Heat Day,0.0,0.0,0.0,0.0,40.0,43.0,35.0,10.0,14,False,220,10913.842082803696,43655.3683312961,27.291789819376028,7.008778522862654,165.30959873473424,154.0,177.0,3.4189984038569565,0.6129110538769703,0.3914590747330961,0.0,0.0,0.8600000000000001,0.0,0.0,0.0,0.4225543617208543,0.8178943736331513,0.5021850643050332,0.5021850643050332,0.65065551929151,srtm_earth_engine
NSR-GRID-242,normal_day,Normal Dry Day,0.0,0.0,0.0,0.0,30.0,31.0,45.0,12.0,12,False,317,13046.52879877896,52186.11519521304,25.294222312007584,6.028373978086704,178.3691429503384,166.0,188.0,4.774115660048071,0.7326807236926449,0.5640569395017794,0.0,0.0,0.42000000000000004,0.18867924528301888,0.1,0.0,0.3600635708899896,0.6835218508126963,0.6483688315972121,0.6483688315972121,0.6945106494791636,srtm_earth_engine
NSR-GRID-242,light_rain,Light Rain,2.0,4.0,5.0,7.0,25.0,25.5,65.0,15.0,9,True,317,13046.52879877896,52186.11519521304,25.294222312007584,6.028373978086704,178.3691429503384,166.0,188.0,4.774115660048071,0.7326807236926449,0.5640569395017794,0.13333333333333333,0.132,0.21000000000000002,0.5660377358490566,0.25,1.0,0.3600635708899896,0.6835218508126963,0.6483688315972121,0.6483688315972121,0.6945106494791636,srtm_earth_engine
NSR-GRID-242,heavy_rain_rush_hour,Heavy Rain During Rush Hour,12.0,24.0,32.0,40.0,23.0,23.5,80.0,22.0,17,True,317,13046.52879877896,52186.11519521304,25.294222312007584,6.028373978086704,178.3691429503384,166.0,188.0,4.774115660048071,0.7326807236926449,0.5640569395017794,0.8,0.8,0.13,0.8490566037735849,0.6,1.0,0.3600635708899896,0.6835218508126963,0.6483688315972121,0.6483688315972121,0.6945106494791636,srtm_earth_engine
NSR-GRID-242,extreme_rain,Extreme Rain Event,25.0,50.0,70.0,90.0,22.0,22.5,88.0,30.0,18,True,317,13046.52879877896,52186.11519521304,25.294222312007584,6.028373978086704,178.3691429503384,166.0,188.0,4.774115660048071,0.7326807236926449,0.5640569395017794,1.0,1.0,0.09,1.0,1.0,1.0,0.3600635708899896,0.6835218508126963,0.6483688315972121,0.6483688315972121,0.6945106494791636,srtm_earth_engine
NSR-GRID-242,hot_day_optional,Hot Urban Heat Day,0.0,0.0,0.0,0.0,40.0,43.0,35.0,10.0,14,False,317,13046.52879877896,52186.11519521304,25.294222312007584,6.028373978086704,178.3691429503384,166.0,188.0,4.774115660048071,0.7326807236926449,0.5640569395017794,0.0,0.0,0.8600000000000001,0.0,0.0,0.0,0.3600635708899896,0.6835218508126963,0.6483688315972121,0.6483688315972121,0.6945106494791636,srtm_earth_engine
NSR-GRID-243,normal_day,Normal Dry Day,0.0,0.0,0.0,0.0,30.0,31.0,45.0,12.0,12,False,154,7543.091060162144,30172.36424067668,31.56605463502015,5.970072233541301,185.45284003784533,176.0,195.0,4.46974750906292,0.4236128630131275,0.27402135231316727,0.0,0.0,0.42000000000000004,0.18867924528301888,0.1,0.0,0.3261676074707085,0.7137027935519451,0.3488171076631474,0.3488171076631474,0.6046451322989442,srtm_earth_engine
NSR-GRID-243,light_rain,Light Rain,2.0,4.0,5.0,7.0,25.0,25.5,65.0,15.0,9,True,154,7543.091060162144,30172.36424067668,31.56605463502015,5.970072233541301,185.45284003784533,176.0,195.0,4.46974750906292,0.4236128630131275,0.27402135231316727,0.13333333333333333,0.132,0.21000000000000002,0.5660377358490566,0.25,1.0,0.3261676074707085,0.7137027935519451,0.3488171076631474,0.3488171076631474,0.6046451322989442,srtm_earth_engine
NSR-GRID-243,heavy_rain_rush_hour,Heavy Rain During Rush Hour,12.0,24.0,32.0,40.0,23.0,23.5,80.0,22.0,17,True,154,7543.091060162144,30172.36424067668,31.56605463502015,5.970072233541301,185.45284003784533,176.0,195.0,4.46974750906292,0.4236128630131275,0.27402135231316727,0.8,0.8,0.13,0.8490566037735849,0.6,1.0,0.3261676074707085,0.7137027935519451,0.3488171076631474,0.3488171076631474,0.6046451322989442,srtm_earth_engine
NSR-GRID-243,extreme_rain,Extreme Rain Event,25.0,50.0,70.0,90.0,22.0,22.5,88.0,30.0,18,True,154,7543.091060162144,30172.36424067668,31.56605463502015,5.970072233541301,185.45284003784533,176.0,195.0,4.46974750906292,0.4236128630131275,0.27402135231316727,1.0,1.0,0.09,1.0,1.0,1.0,0.3261676074707085,0.7137027935519451,0.3488171076631474,0.3488171076631474,0.6046451322989442,srtm_earth_engine
NSR-GRID-243,hot_day_optional,Hot Urban Heat Day,0.0,0.0,0.0,0.0,40.0,43.0,35.0,10.0,14,False,154,7543.091060162144,30172.36424067668,31.56605463502015,5.970072233541301,185.45284003784533,176.0,195.0,4.46974750906292,0.4236128630131275,0.27402135231316727,0.0,0.0,0.8600000000000001,0.0,0.0,0.0,0.3261676074707085,0.7137027935519451,0.3488171076631474,0.3488171076631474,0.6046451322989442,srtm_earth_engine
NSR-GRID-244,normal_day,Normal Dry Day,0.0,0.0,0.0,0.0,30.0,31.0,45.0,12.0,12,False,28,2131.936735238043,8527.746940968056,52.23560286183439,6.288827696667091,189.22194322610085,174.0,202.0,6.3454959119359975,0.11972755160647301,0.0498220640569395,0.0,0.0,0.42000000000000004,0.18867924528301888,0.1,0.0,0.3081321971172757,0.5277048336566224,0.08477480783170625,0.08477480783170625,0.5254324423495119,srtm_earth_engine
NSR-GRID-244,light_rain,Light Rain,2.0,4.0,5.0,7.0,25.0,25.5,65.0,15.0,9,True,28,2131.936735238043,8527.746940968056,52.23560286183439,6.288827696667091,189.22194322610085,174.0,202.0,6.3454959119359975,0.11972755160647301,0.0498220640569395,0.13333333333333333,0.132,0.21000000000000002,0.5660377358490566,0.25,1.0,0.3081321971172757,0.5277048336566224,0.08477480783170625,0.08477480783170625,0.5254324423495119,srtm_earth_engine
NSR-GRID-244,heavy_rain_rush_hour,Heavy Rain During Rush Hour,12.0,24.0,32.0,40.0,23.0,23.5,80.0,22.0,17,True,28,2131.936735238043,8527.746940968056,52.23560286183439,6.288827696667091,189.22194322610085,174.0,202.0,6.3454959119359975,0.11972755160647301,0.0498220640569395,0.8,0.8,0.13,0.8490566037735849,0.6,1.0,0.3081321971172757,0.5277048336566224,0.08477480783170625,0.08477480783170625,0.5254324423495119,srtm_earth_engine
NSR-GRID-244,extreme_rain,Extreme Rain Event,25.0,50.0,70.0,90.0,22.0,22.5,88.0,30.0,18,True,28,2131.936735238043,8527.746940968056,52.23560286183439,6.288827696667091,189.22194322610085,174.0,202.0,6.3454959119359975,0.11972755160647301,0.0498220640569395,1.0,1.0,0.09,1.0,1.0,1.0,0.3081321971172757,0.5277048336566224,0.08477480783170625,0.08477480783170625,0.5254324423495119,srtm_earth_engine
NSR-GRID-244,hot_day_optional,Hot Urban Heat Day,0.0,0.0,0.0,0.0,40.0,43.0,35.0,10.0,14,False,28,2131.936735238043,8527.746940968056,52.23560286183439,6.288827696667091,189.22194322610085,174.0,202.0,6.3454959119359975,0.11972755160647301,0.0498220640569395,0.0,0.0,0.8600000000000001,0.0,0.0,0.0,0.3081321971172757,0.5277048336566224,0.08477480783170625,0.08477480783170625,0.5254324423495119,srtm_earth_engine
NSR-GRID-245,normal_day,Normal Dry Day,0.0,0.0,0.0,0.0,30.0,31.0,45.0,12.0,12,False,35,3418.146205763017,13672.584823077535,49.41400422237861,6.945376742172578,203.4098670798335,187.0,217.0,5.020104145635292,0.19195985954211106,0.06227758007117438,0.0,0.0,0.42000000000000004,0.18867924528301888,0.1,0.0,0.2402420343956337,0.6591297967361033,0.12711871980664272,0.12711871980664272,0.5381356159419928,srtm_earth_engine
NSR-GRID-245,light_rain,Light Rain,2.0,4.0,5.0,7.0,25.0,25.5,65.0,15.0,9,True,35,3418.146205763017,13672.584823077535,49.41400422237861,6.945376742172578,203.4098670798335,187.0,217.0,5.020104145635292,0.19195985954211106,0.06227758007117438,0.13333333333333333,0.132,0.21000000000000002,0.5660377358490566,0.25,1.0,0.2402420343956337,0.6591297967361033,0.12711871980664272,0.12711871980664272,0.5381356159419928,srtm_earth_engine
NSR-GRID-245,heavy_rain_rush_hour,Heavy Rain During Rush Hour,12.0,24.0,32.0,40.0,23.0,23.5,80.0,22.0,17,True,35,3418.146205763017,13672.584823077535,49.41400422237861,6.945376742172578,203.4098670798335,187.0,217.0,5.020104145635292,0.19195985954211106,0.06227758007117438,0.8,0.8,0.13,0.8490566037735849,0.6,1.0,0.2402420343956337,0.6591297967361033,0.12711871980664272,0.12711871980664272,0.5381356159419928,srtm_earth_engine
NSR-GRID-245,extreme_rain,Extreme Rain Event,25.0,50.0,70.0,90.0,22.0,22.5,88.0,30.0,18,True,35,3418.146205763017,13672.584823077535,49.41400422237861,6.945376742172578,203.4098670798335,187.0,217.0,5.020104145635292,0.19195985954211106,0.06227758007117438,1.0,1.0,0.09,1.0,1.0,1.0,0.2402420343956337,0.6591297967361033,0.12711871980664272,0.12711871980664272,0.5381356159419928,srtm_earth_engine
NSR-GRID-245,hot_day_optional,Hot Urban Heat Day,0.0,0.0,0.0,0.0,40.0,43.0,35.0,10.0,14,False,35,3418.146205763017,13672.584823077535,49.41400422237861,6.945376742172578,203.4098670798335,187.0,217.0,5.020104145635292,0.19195985954211106,0.06227758007117438,0.0,0.0,0.8600000000000001,0.0,0.0,0.0,0.2402420343956337,0.6591297967361033,0.12711871980664272,0.12711871980664272,0.5381356159419928,srtm_earth_engine
NSR-GRID-246,normal_day,Normal Dry Day,0.0,0.0,0.0,0.0,30.0,31.0,45.0,12.0,12,False,69,6700.732989259775,26802.93195711399,31.995764022750528,12.118501355520271,207.02954226615765,196.0,218.0,4.443463328180174,0.37630683008235044,0.12277580071174377,0.0,0.0,0.42000000000000004,0.18867924528301888,0.1,0.0,0.2229216470061578,0.7163091153881904,0.2495413153970471,0.2495413153970471,0.5748623946191141,srtm_earth_engine
NSR-GRID-246,light_rain,Light Rain,2.0,4.0,5.0,7.0,25.0,25.5,65.0,15.0,9,True,69,6700.732989259775,26802.93195711399,31.995764022750528,12.118501355520271,207.02954226615765,196.0,218.0,4.443463328180174,0.37630683008235044,0.12277580071174377,0.13333333333333333,0.132,0.21000000000000002,0.5660377358490566,0.25,1.0,0.2229216470061578,0.7163091153881904,0.2495413153970471,0.2495413153970471,0.5748623946191141,srtm_earth_engine
NSR-GRID-246,heavy_rain_rush_hour,Heavy Rain During Rush Hour,12.0,24.0,32.0,40.0,23.0,23.5,80.0,22.0,17,True,69,6700.732989259775,26802.93195711399,31.995764022750528,12.118501355520271,207.02954226615765,196.0,218.0,4.443463328180174,0.37630683008235044,0.12277580071174377,0.8,0.8,0.13,0.8490566037735849,0.6,1.0,0.2229216470061578,0.7163091153881904,0.2495413153970471,0.2495413153970471,0.5748623946191141,srtm_earth_engine
NSR-GRID-246,extreme_rain,Extreme Rain Event,25.0,50.0,70.0,90.0,22.0,22.5,88.0,30.0,18,True,69,6700.732989259775,26802.93195711399,31.995764022750528,12.118501355520271,207.02954226615765,196.0,218.0,4.443463328180174,0.37630683008235044,0.12277580071174377,1.0,1.0,0.09,1.0,1.0,1.0,0.2229216470061578,0.7163091153881904,0.2495413153970471,0.2495413153970471,0.5748623946191141,srtm_earth_engine
NSR-GRID-246,hot_day_optional,Hot Urban Heat Day,0.0,0.0,0.0,0.0,40.0,43.0,35.0,10.0,14,False,69,6700.732989259775,26802.93195711399,31.995764022750528,12.118501355520271,207.02954226615765,196.0,218.0,4.443463328180174,0.37630683008235044,0.12277580071174377,0.0,0.0,0.8600000000000001,0.0,0.0,0.0,0.2229216470061578,0.7163091153881904,0.2495413153970471,0.2495413153970471,0.5748623946191141,srtm_earth_engine
NSR-GRID-247,normal_day,Normal Dry Day,0.0,0.0,0.0,0.0,30.0,31.0,45.0,12.0,12,False,55,5144.76449722271,20579.05798892917,25.568248992386923,13.827949268818578,199.9749555689617,185.0,213.0,4.674889836886322,0.2889251105172244,0.09786476868327403,0.0,0.0,0.42000000000000004,0.18867924528301888,0.1,0.0,0.2566783152646053,0.6933610172215551,0.19339493960024923,0.19339493960024923,0.5580184818800747,srtm_earth_engine
NSR-GRID-247,light_rain,Light Rain,2.0,4.0,5.0,7.0,25.0,25.5,65.0,15.0,9,True,55,5144.76449722271,20579.05798892917,25.568248992386923,13.827949268818578,199.9749555689617,185.0,213.0,4.674889836886322,0.2889251105172244,0.09786476868327403,0.13333333333333333,0.132,0.21000000000000002,0.5660377358490566,0.25,1.0,0.2566783152646053,0.6933610172215551,0.19339493960024923,0.19339493960024923,0.5580184818800747,srtm_earth_engine
NSR-GRID-247,heavy_rain_rush_hour,Heavy Rain During Rush Hour,12.0,24.0,32.0,40.0,23.0,23.5,80.0,22.0,17,True,55,5144.76449722271,20579.05798892917,25.568248992386923,13.827949268818578,199.9749555689617,185.0,213.0,4.674889836886322,0.2889251105172244,0.09786476868327403,0.8,0.8,0.13,0.8490566037735849,0.6,1.0,0.2566783152646053,0.6933610172215551,0.19339493960024923,0.19339493960024923,0.5580184818800747,srtm_earth_engine
NSR-GRID-247,extreme_rain,Extreme Rain Event,25.0,50.0,70.0,90.0,22.0,22.5,88.0,30.0,18,True,55,5144.76449722271,20579.05798892917,25.568248992386923,13.827949268818578,199.9749555689617,185.0,213.0,4.674889836886322,0.2889251105172244,0.09786476868327403,1.0,1.0,0.09,1.0,1.0,1.0,0.2566783152646053,0.6933610172215551,0.19339493960024923,0.19339493960024923,0.5580184818800747,srtm_earth_engine
NSR-GRID-247,hot_day_optional,Hot Urban Heat Day,0.0,0.0,0.0,0.0,40.0,43.0,35.0,10.0,14,False,55,5144.76449722271,20579.05798892917,25.568248992386923,13.827949268818578,199.9749555689617,185.0,213.0,4.674889836886322,0.2889251105172244,0.09786476868327403,0.0,0.0,0.8600000000000001,0.0,0.0,0.0,0.2566783152646053,0.6933610172215551,0.19339493960024923,0.19339493960024923,0.5580184818800747,srtm_earth_engine
NSR-GRID-248,normal_day,Normal Dry Day,0.0,0.0,0.0,0.0,30.0,31.0,45.0,12.0,12,False,54,5423.49340048023,21693.973601961326,32.62838289849784,12.86287950303014,192.51863328712383,183.0,227.0,5.286239175486209,0.3045782622254313,0.09608540925266904,0.0,0.0,0.42000000000000004,0.18867924528301888,0.1,0.0,0.2923573151124791,0.6327400247746123,0.20033183573905017,0.20033183573905017,0.560099550721715,srtm_earth_engine
NSR-GRID-248,light_rain,Light Rain,2.0,4.0,5.0,7.0,25.0,25.5,65.0,15.0,9,True,54,5423.49340048023,21693.973601961326,32.62838289849784,12.86287950303014,192.51863328712383,183.0,227.0,5.286239175486209,0.3045782622254313,0.09608540925266904,0.13333333333333333,0.132,0.21000000000000002,0.5660377358490566,0.25,1.0,0.2923573151124791,0.6327400247746123,0.20033183573905017,0.20033183573905017,0.560099550721715,srtm_earth_engine
NSR-GRID-248,heavy_rain_rush_hour,Heavy Rain During Rush Hour,12.0,24.0,32.0,40.0,23.0,23.5,80.0,22.0,17,True,54,5423.49340048023,21693.973601961326,32.62838289849784,12.86287950303014,192.51863328712383,183.0,227.0,5.286239175486209,0.3045782622254313,0.09608540925266904,0.8,0.8,0.13,0.8490566037735849,0.6,1.0,0.2923573151124791,0.6327400247746123,0.20033183573905017,0.20033183573905017,0.560099550721715,srtm_earth_engine
NSR-GRID-248,extreme_rain,Extreme Rain Event,25.0,50.0,70.0,90.0,22.0,22.5,88.0,30.0,18,True,54,5423.49340048023,21693.973601961326,32.62838289849784,12.86287950303014,192.51863328712383,183.0,227.0,5.286239175486209,0.3045782622254313,0.09608540925266904,1.0,1.0,0.09,1.0,1.0,1.0,0.2923573151124791,0.6327400247746123,0.20033183573905017,0.20033183573905017,0.560099550721715,srtm_earth_engine
NSR-GRID-248,hot_day_optional,Hot Urban Heat Day,0.0,0.0,0.0,0.0,40.0,43.0,35.0,10.0,14,False,54,5423.49340048023,21693.973601961326,32.62838289849784,12.86287950303014,192.51863328712383,183.0,227.0,5.286239175486209,0.3045782622254313,0.09608540925266904,0.0,0.0,0.8600000000000001,0.0,0.0,0.0,0.2923573151124791,0.6327400247746123,0.20033183573905017,0.20033183573905017,0.560099550721715,srtm_earth_engine
NSR-GRID-249,normal_day,Normal Dry Day,0.0,0.0,0.0,0.0,30.0,31.0,45.0,12.0,12,False,17,528.4095307341761,22668.052977838877,25.73046459963296,4.708002895959816,117.02565003513703,113.0,124.0,3.634041478630949,0.3182541064491743,0.030249110320284697,0.0,0.0,0.42000000000000004,0.18867924528301888,0.1,0.0,0.6535962793300094,0.7965708458421557,0.1742516083847295,0.1742516083847295,0.5522754825154188,srtm_earth_engine
NSR-GRID-249,light_rain,Light Rain,2.0,4.0,5.0,7.0,25.0,25.5,65.0,15.0,9,True,17,528.4095307341761,22668.052977838877,25.73046459963296,4.708002895959816,117.02565003513703,113.0,124.0,3.634041478630949,0.3182541064491743,0.030249110320284697,0.13333333333333333,0.132,0.21000000000000002,0.5660377358490566,0.25,1.0,0.6535962793300094,0.7965708458421557,0.1742516083847295,0.1742516083847295,0.5522754825154188,srtm_earth_engine
NSR-GRID-249,heavy_rain_rush_hour,Heavy Rain During Rush Hour,12.0,24.0,32.0,40.0,23.0,23.5,80.0,22.0,17,True,17,528.4095307341761,22668.052977838877,25.73046459963296,4.708002895959816,117.02565003513703,113.0,124.0,3.634041478630949,0.3182541064491743,0.030249110320284697,0.8,0.8,0.13,0.8490566037735849,0.6,1.0,0.6535962793300094,0.7965708458421557,0.1742516083847295,0.1742516083847295,0.5522754825154188,srtm_earth_engine
NSR-GRID-249,extreme_rain,Extreme Rain Event,25.0,50.0,70.0,90.0,22.0,22.5,88.0,30.0,18,True,17,528.4095307341761,22668.052977838877,25.73046459963296,4.708002895959816,117.02565003513703,113.0,124.0,3.634041478630949,0.3182541064491743,0.030249110320284697,1.0,1.0,0.09,1.0,1.0,1.0,0.6535962793300094,0.7965708458421557,0.1742516083847295,0.1742516083847295,0.5522754825154188,srtm_earth_engine
NSR-GRID-249,hot_day_optional,Hot Urban Heat Day,0.0,0.0,0.0,0.0,40.0,43.0,35.0,10.0,14,False,17,528.4095307341761,22668.052977838877,25.73046459963296,4.708002895959816,117.02565003513703,113.0,124.0,3.634041478630949,0.3182541064491743,0.030249110320284697,0.0,0.0,0.8600000000000001,0.0,0.0,0.0,0.6535962793300094,0.7965708458421557,0.1742516083847295,0.1742516083847295,0.5522754825154188,srtm_earth_engine
NSR-GRID-250,normal_day,Normal Dry Day,0.0,0.0,0.0,0.0,30.0,31.0,45.0,12.0,12,False,0,0.0,0.0,50.0,0.0,199.36205305651663,194.0,207.0,4.296678626784817,0.0,0.0,0.0,0.0,0.42000000000000004,0.18867924528301888,0.1,0.0,0.2596110946995221,0.7308641884254712,0.0,0.0,0.5,srtm_earth_engine
NSR-GRID-250,light_rain,Light Rain,2.0,4.0,5.0,7.0,25.0,25.5,65.0,15.0,9,True,0,0.0,0.0,50.0,0.0,199.36205305651663,194.0,207.0,4.296678626784817,0.0,0.0,0.13333333333333333,0.132,0.21000000000000002,0.5660377358490566,0.25,1.0,0.2596110946995221,0.7308641884254712,0.0,0.0,0.5,srtm_earth_engine
NSR-GRID-250,heavy_rain_rush_hour,Heavy Rain During Rush Hour,12.0,24.0,32.0,40.0,23.0,23.5,80.0,22.0,17,True,0,0.0,0.0,50.0,0.0,199.36205305651663,194.0,207.0,4.296678626784817,0.0,0.0,0.8,0.8,0.13,0.8490566037735849,0.6,1.0,0.2596110946995221,0.7308641884254712,0.0,0.0,0.5,srtm_earth_engine
NSR-GRID-250,extreme_rain,Extreme Rain Event,25.0,50.0,70.0,90.0,22.0,22.5,88.0,30.0,18,True,0,0.0,0.0,50.0,0.0,199.36205305651663,194.0,207.0,4.296678626784817,0.0,0.0,1.0,1.0,0.09,1.0,1.0,1.0,0.2596110946995221,0.7308641884254712,0.0,0.0,0.5,srtm_earth_engine
NSR-GRID-250,hot_day_optional,Hot Urban Heat Day,0.0,0.0,0.0,0.0,40.0,43.0,35.0,10.0,14,False,0,0.0,0.0,50.0,0.0,199.36205305651663,194.0,207.0,4.296678626784817,0.0,0.0,0.0,0.0,0.8600000000000001,0.0,0.0,0.0,0.2596110946995221,0.7308641884254712,0.0,0.0,0.5,srtm_earth_engine
NSR-GRID-251,normal_day,Normal Dry Day,0.0,0.0,0.0,0.0,30.0,31.0,45.0,12.0,12,False,120,8258.83986850412,34397.67418037001,29.18768472906404,9.939031351573036,127.09426914548868,111.0,146.0,5.698016446373396,0.482935215958154,0.21352313167259787,0.0,0.0,0.42000000000000004,0.18867924528301888,0.1,0.0,0.605417264779958,0.5919084653826554,0.34822917381537594,0.34822917381537594,0.6044687521446128,srtm_earth_engine
NSR-GRID-251,light_rain,Light Rain,2.0,4.0,5.0,7.0,25.0,25.5,65.0,15.0,9,True,120,8258.83986850412,34397.67418037001,29.18768472906404,9.939031351573036,127.09426914548868,111.0,146.0,5.698016446373396,0.482935215958154,0.21352313167259787,0.13333333333333333,0.132,0.21000000000000002,0.5660377358490566,0.25,1.0,0.605417264779958,0.5919084653826554,0.34822917381537594,0.34822917381537594,0.6044687521446128,srtm_earth_engine
NSR-GRID-251,heavy_rain_rush_hour,Heavy Rain During Rush Hour,12.0,24.0,32.0,40.0,23.0,23.5,80.0,22.0,17,True,120,8258.83986850412,34397.67418037001,29.18768472906404,9.939031351573036,127.09426914548868,111.0,146.0,5.698016446373396,0.482935215958154,0.21352313167259787,0.8,0.8,0.13,0.8490566037735849,0.6,1.0,0.605417264779958,0.5919084653826554,0.34822917381537594,0.34822917381537594,0.6044687521446128,srtm_earth_engine
NSR-GRID-251,extreme_rain,Extreme Rain Event,25.0,50.0,70.0,90.0,22.0,22.5,88.0,30.0,18,True,120,8258.83986850412,34397.67418037001,29.18768472906404,9.939031351573036,127.09426914548868,111.0,146.0,5.698016446373396,0.482935215958154,0.21352313167259787,1.0,1.0,0.09,1.0,1.0,1.0,0.605417264779958,0.5919084653826554,0.34822917381537594,0.34822917381537594,0.6044687521446128,srtm_earth_engine
NSR-GRID-251,hot_day_optional,Hot Urban Heat Day,0.0,0.0,0.0,0.0,40.0,43.0,35.0,10.0,14,False,120,8258.83986850412,34397.67418037001,29.18768472906404,9.939031351573036,127.09426914548868,111.0,146.0,5.698016446373396,0.482935215958154,0.21352313167259787,0.0,0.0,0.8600000000000001,0.0,0.0,0.0,0.605417264779958,0.5919084653826554,0.34822917381537594,0.34822917381537594,0.6044687521446128,srtm_earth_engine
NSR-GRID-252,normal_day,Normal Dry Day,0.0,0.0,0.0,0.0,30.0,31.0,45.0,12.0,12,False,143,8627.301405268085,34509.20562116876,28.538042417352763,8.638153318240247,132.09704572519215,116.0,150.0,5.637128273559181,0.4845010910276668,0.25444839857651247,0.0,0.0,0.42000000000000004,0.18867924528301888,0.1,0.0,0.5814786448974771,0.5979460959667204,0.36947474480208964,0.36947474480208964,0.6108424234406269,srtm_earth_engine
NSR-GRID-252,light_rain,Light Rain,2.0,4.0,5.0,7.0,25.0,25.5,65.0,15.0,9,True,143,8627.301405268085,34509.20562116876,28.538042417352763,8.638153318240247,132.09704572519215,116.0,150.0,5.637128273559181,0.4845010910276668,0.25444839857651247,0.13333333333333333,0.132,0.21000000000000002,0.5660377358490566,0.25,1.0,0.5814786448974771,0.5979460959667204,0.36947474480208964,0.36947474480208964,0.6108424234406269,srtm_earth_engine
NSR-GRID-252,heavy_rain_rush_hour,Heavy Rain During Rush Hour,12.0,24.0,32.0,40.0,23.0,23.5,80.0,22.0,17,True,143,8627.301405268085,34509.20562116876,28.538042417352763,8.638153318240247,132.09704572519215,116.0,150.0,5.637128273559181,0.4845010910276668,0.25444839857651247,0.8,0.8,0.13,0.8490566037735849,0.6,1.0,0.5814786448974771,0.5979460959667204,0.36947474480208964,0.36947474480208964,0.6108424234406269,srtm_earth_engine
NSR-GRID-252,extreme_rain,Extreme Rain Event,25.0,50.0,70.0,90.0,22.0,22.5,88.0,30.0,18,True,143,8627.301405268085,34509.20562116876,28.538042417352763,8.638153318240247,132.09704572519215,116.0,150.0,5.637128273559181,0.4845010910276668,0.25444839857651247,1.0,1.0,0.09,1.0,1.0,1.0,0.5814786448974771,0.5979460959667204,0.36947474480208964,0.36947474480208964,0.6108424234406269,srtm_earth_engine
NSR-GRID-252,hot_day_optional,Hot Urban Heat Day,0.0,0.0,0.0,0.0,40.0,43.0,35.0,10.0,14,False,143,8627.301405268085,34509.20562116876,28.538042417352763,8.638153318240247,132.09704572519215,116.0,150.0,5.637128273559181,0.4845010910276668,0.25444839857651247,0.0,0.0,0.8600000000000001,0.0,0.0,0.0,0.5814786448974771,0.5979460959667204,0.36947474480208964,0.36947474480208964,0.6108424234406269,srtm_earth_engine
NSR-GRID-253,normal_day,Normal Dry Day,0.0,0.0,0.0,0.0,30.0,31.0,45.0,12.0,12,False,78,5575.275023795435,22301.10009522328,35.65317249800008,9.249646996739456,138.66769391315702,125.0,158.0,8.2706230962169,0.3131021747027668,0.1387900355871886,0.0,0.0,0.42000000000000004,0.18867924528301888,0.1,0.0,0.5500376547098792,0.3368105067485889,0.2259461051449777,0.2259461051449777,0.5677838315434933,srtm_earth_engine
NSR-GRID-253,light_rain,Light Rain,2.0,4.0,5.0,7.0,25.0,25.5,65.0,15.0,9,True,78,5575.275023795435,22301.10009522328,35.65317249800008,9.249646996739456,138.66769391315702,125.0,158.0,8.2706230962169,0.3131021747027668,0.1387900355871886,0.13333333333333333,0.132,0.21000000000000002,0.5660377358490566,0.25,1.0,0.5500376547098792,0.3368105067485889,0.2259461051449777,0.2259461051449777,0.5677838315434933,srtm_earth_engine
NSR-GRID-253,heavy_rain_rush_hour,Heavy Rain During Rush Hour,12.0,24.0,32.0,40.0,23.0,23.5,80.0,22.0,17,True,78,5575.275023795435,22301.10009522328,35.65317249800008,9.249646996739456,138.66769391315702,125.0,158.0,8.2706230962169,0.3131021747027668,0.1387900355871886,0.8,0.8,0.13,0.8490566037735849,0.6,1.0,0.5500376547098792,0.3368105067485889,0.2259461051449777,0.2259461051449777,0.5677838315434933,srtm_earth_engine
NSR-GRID-253,extreme_rain,Extreme Rain Event,25.0,50.0,70.0,90.0,22.0,22.5,88.0,30.0,18,True,78,5575.275023795435,22301.10009522328,35.65317249800008,9.249646996739456,138.66769391315702,125.0,158.0,8.2706230962169,0.3131021747027668,0.1387900355871886,1.0,1.0,0.09,1.0,1.0,1.0,0.5500376547098792,0.3368105067485889,0.2259461051449777,0.2259461051449777,0.5677838315434933,srtm_earth_engine
NSR-GRID-253,hot_day_optional,Hot Urban Heat Day,0.0,0.0,0.0,0.0,40.0,43.0,35.0,10.0,14,False,78,5575.275023795435,22301.10009522328,35.65317249800008,9.249646996739456,138.66769391315702,125.0,158.0,8.2706230962169,0.3131021747027668,0.1387900355871886,0.0,0.0,0.8600000000000001,0.0,0.0,0.0,0.5500376547098792,0.3368105067485889,0.2259461051449777,0.2259461051449777,0.5677838315434933,srtm_earth_engine
NSR-GRID-254,normal_day,Normal Dry Day,0.0,0.0,0.0,0.0,30.0,31.0,45.0,12.0,12,False,35,2126.6345541653736,8506.53821667734,46.25073891625616,6.0511115449891415,139.19831691565028,129.0,152.0,3.405254693631756,0.1194297861298938,0.06227758007117438,0.0,0.0,0.42000000000000004,0.18867924528301888,0.1,0.0,0.5474985882224568,0.8192571907675625,0.09085368310053409,0.09085368310053409,0.5272561049301602,srtm_earth_engine
NSR-GRID-254,light_rain,Light Rain,2.0,4.0,5.0,7.0,25.0,25.5,65.0,15.0,9,True,35,2126.6345541653736,8506.53821667734,46.25073891625616,6.0511115449891415,139.19831691565028,129.0,152.0,3.405254693631756,0.1194297861298938,0.06227758007117438,0.13333333333333333,0.132,0.21000000000000002,0.5660377358490566,0.25,1.0,0.5474985882224568,0.8192571907675625,0.09085368310053409,0.09085368310053409,0.5272561049301602,srtm_earth_engine
NSR-GRID-254,heavy_rain_rush_hour,Heavy Rain During Rush Hour,12.0,24.0,32.0,40.0,23.0,23.5,80.0,22.0,17,True,35,2126.6345541653736,8506.53821667734,46.25073891625616,6.0511115449891415,139.19831691565028,129.0,152.0,3.405254693631756,0.1194297861298938,0.06227758007117438,0.8,0.8,0.13,0.8490566037735849,0.6,1.0,0.5474985882224568,0.8192571907675625,0.09085368310053409,0.09085368310053409,0.5272561049301602,srtm_earth_engine
NSR-GRID-254,extreme_rain,Extreme Rain Event,25.0,50.0,70.0,90.0,22.0,22.5,88.0,30.0,18,True,35,2126.6345541653736,8506.53821667734,46.25073891625616,6.0511115449891415,139.19831691565028,129.0,152.0,3.405254693631756,0.1194297861298938,0.06227758007117438,1.0,1.0,0.09,1.0,1.0,1.0,0.5474985882224568,0.8192571907675625,0.09085368310053409,0.09085368310053409,0.5272561049301602,srtm_earth_engine
NSR-GRID-254,hot_day_optional,Hot Urban Heat Day,0.0,0.0,0.0,0.0,40.0,43.0,35.0,10.0,14,False,35,2126.6345541653736,8506.53821667734,46.25073891625616,6.0511115449891415,139.19831691565028,129.0,152.0,3.405254693631756,0.1194297861298938,0.06227758007117438,0.0,0.0,0.8600000000000001,0.0,0.0,0.0,0.5474985882224568,0.8192571907675625,0.09085368310053409,0.09085368310053409,0.5272561049301602,srtm_earth_engine
NSR-GRID-255,normal_day,Normal Dry Day,0.0,0.0,0.0,0.0,30.0,31.0,45.0,12.0,12,False,0,0.0,0.0,50.0,0.0,145.92853297662367,135.0,155.0,3.3673254437700284,0.0,0.0,0.0,0.0,0.42000000000000004,0.18867924528301888,0.1,0.0,0.5152940551109344,0.8230182298727193,0.0,0.0,0.5,srtm_earth_engine
NSR-GRID-255,light_rain,Light Rain,2.0,4.0,5.0,7.0,25.0,25.5,65.0,15.0,9,True,0,0.0,0.0,50.0,0.0,145.92853297662367,135.0,155.0,3.3673254437700284,0.0,0.0,0.13333333333333333,0.132,0.21000000000000002,0.5660377358490566,0.25,1.0,0.5152940551109344,0.8230182298727193,0.0,0.0,0.5,srtm_earth_engine
NSR-GRID-255,heavy_rain_rush_hour,Heavy Rain During Rush Hour,12.0,24.0,32.0,40.0,23.0,23.5,80.0,22.0,17,True,0,0.0,0.0,50.0,0.0,145.92853297662367,135.0,155.0,3.3673254437700284,0.0,0.0,0.8,0.8,0.13,0.8490566037735849,0.6,1.0,0.5152940551109344,0.8230182298727193,0.0,0.0,0.5,srtm_earth_engine
NSR-GRID-255,extreme_rain,Extreme Rain Event,25.0,50.0,70.0,90.0,22.0,22.5,88.0,30.0,18,True,0,0.0,0.0,50.0,0.0,145.92853297662367,135.0,155.0,3.3673254437700284,0.0,0.0,1.0,1.0,0.09,1.0,1.0,1.0,0.5152940551109344,0.8230182298727193,0.0,0.0,0.5,srtm_earth_engine
NSR-GRID-255,hot_day_optional,Hot Urban Heat Day,0.0,0.0,0.0,0.0,40.0,43.0,35.0,10.0,14,False,0,0.0,0.0,50.0,0.0,145.92853297662367,135.0,155.0,3.3673254437700284,0.0,0.0,0.0,0.0,0.8600000000000001,0.0,0.0,0.0,0.5152940551109344,0.8230182298727193,0.0,0.0,0.5,srtm_earth_engine
NSR-GRID-256,normal_day,Normal Dry Day,0.0,0.0,0.0,0.0,30.0,31.0,45.0,12.0,12,False,18,2587.4845457504725,10349.938183021168,49.642081736909326,11.54772167553704,153.54362536483555,144.0,172.0,3.977656428501649,0.1453106859888602,0.03202846975088968,0.0,0.0,0.42000000000000004,0.18867924528301888,0.1,0.0,0.4788553297057351,0.762498216715781,0.08866957786987495,0.08866957786987495,0.5266008733609625,srtm_earth_engine
NSR-GRID-256,light_rain,Light Rain,2.0,4.0,5.0,7.0,25.0,25.5,65.0,15.0,9,True,18,2587.4845457504725,10349.938183021168,49.642081736909326,11.54772167553704,153.54362536483555,144.0,172.0,3.977656428501649,0.1453106859888602,0.03202846975088968,0.13333333333333333,0.132,0.21000000000000002,0.5660377358490566,0.25,1.0,0.4788553297057351,0.762498216715781,0.08866957786987495,0.08866957786987495,0.5266008733609625,srtm_earth_engine
NSR-GRID-256,heavy_rain_rush_hour,Heavy Rain During Rush Hour,12.0,24.0,32.0,40.0,23.0,23.5,80.0,22.0,17,True,18,2587.4845457504725,10349.938183021168,49.642081736909326,11.54772167553704,153.54362536483555,144.0,172.0,3.977656428501649,0.1453106859888602,0.03202846975088968,0.8,0.8,0.13,0.8490566037735849,0.6,1.0,0.4788553297057351,0.762498216715781,0.08866957786987495,0.08866957786987495,0.5266008733609625,srtm_earth_engine
NSR-GRID-256,extreme_rain,Extreme Rain Event,25.0,50.0,70.0,90.0,22.0,22.5,88.0,30.0,18,True,18,2587.4845457504725,10349.938183021168,49.642081736909326,11.54772167553704,153.54362536483555,144.0,172.0,3.977656428501649,0.1453106859888602,0.03202846975088968,1.0,1.0,0.09,1.0,1.0,1.0,0.4788553297057351,0.762498216715781,0.08866957786987495,0.08866957786987495,0.5266008733609625,srtm_earth_engine
NSR-GRID-256,hot_day_optional,Hot Urban Heat Day,0.0,0.0,0.0,0.0,40.0,43.0,35.0,10.0,14,False,18,2587.4845457504725,10349.938183021168,49.642081736909326,11.54772167553704,153.54362536483555,144.0,172.0,3.977656428501649,0.1453106859888602,0.03202846975088968,0.0,0.0,0.8600000000000001,0.0,0.0,0.0,0.4788553297057351,0.762498216715781,0.08866957786987495,0.08866957786987495,0.5266008733609625,srtm_earth_engine
NSR-GRID-257,normal_day,Normal Dry Day,0.0,0.0,0.0,0.0,30.0,31.0,45.0,12.0,12,False,35,4035.7810597649,16143.124239089666,25.666737039643444,17.294662858757256,156.6374192706637,149.0,166.0,4.128472205899114,0.22664564905650303,0.06227758007117438,0.0,0.0,0.42000000000000004,0.18867924528301888,0.1,0.0,0.464051319347402,0.7475434248721684,0.14446161456383871,0.14446161456383871,0.5433384843691517,srtm_earth_engine
NSR-GRID-257,light_rain,Light Rain,2.0,4.0,5.0,7.0,25.0,25.5,65.0,15.0,9,True,35,4035.7810597649,16143.124239089666,25.666737039643444,17.294662858757256,156.6374192706637,149.0,166.0,4.128472205899114,0.22664564905650303,0.06227758007117438,0.13333333333333333,0.132,0.21000000000000002,0.5660377358490566,0.25,1.0,0.464051319347402,0.7475434248721684,0.14446161456383871,0.14446161456383871,0.5433384843691517,srtm_earth_engine
NSR-GRID-257,heavy_rain_rush_hour,Heavy Rain During Rush Hour,12.0,24.0,32.0,40.0,23.0,23.5,80.0,22.0,17,True,35,4035.7810597649,16143.124239089666,25.666737039643444,17.294662858757256,156.6374192706637,149.0,166.0,4.128472205899114,0.22664564905650303,0.06227758007117438,0.8,0.8,0.13,0.8490566037735849,0.6,1.0,0.464051319347402,0.7475434248721684,0.14446161456383871,0.14446161456383871,0.5433384843691517,srtm_earth_engine
NSR-GRID-257,extreme_rain,Extreme Rain Event,25.0,50.0,70.0,90.0,22.0,22.5,88.0,30.0,18,True,35,4035.7810597649,16143.124239089666,25.666737039643444,17.294662858757256,156.6374192706637,149.0,166.0,4.128472205899114,0.22664564905650303,0.06227758007117438,1.0,1.0,0.09,1.0,1.0,1.0,0.464051319347402,0.7475434248721684,0.14446161456383871,0.14446161456383871,0.5433384843691517,srtm_earth_engine
NSR-GRID-257,hot_day_optional,Hot Urban Heat Day,0.0,0.0,0.0,0.0,40.0,43.0,35.0,10.0,14,False,35,4035.7810597649,16143.124239089666,25.666737039643444,17.294662858757256,156.6374192706637,149.0,166.0,4.128472205899114,0.22664564905650303,0.06227758007117438,0.0,0.0,0.8600000000000001,0.0,0.0,0.0,0.464051319347402,0.7475434248721684,0.14446161456383871,0.14446161456383871,0.5433384843691517,srtm_earth_engine
NSR-GRID-258,normal_day,Normal Dry Day,0.0,0.0,0.0,0.0,30.0,31.0,45.0,12.0,12,False,71,4694.349837218168,18777.399348925137,31.51082356206203,8.127968421803827,161.08136898256166,154.0,173.0,3.941056717975666,0.2636302490149383,0.12633451957295375,0.0,0.0,0.42000000000000004,0.18867924528301888,0.1,0.0,0.4427867233305457,0.7661274195876402,0.19498238429394604,0.19498238429394604,0.5584947152881838,srtm_earth_engine
NSR-GRID-258,light_rain,Light Rain,2.0,4.0,5.0,7.0,25.0,25.5,65.0,15.0,9,True,71,4694.349837218168,18777.399348925137,31.51082356206203,8.127968421803827,161.08136898256166,154.0,173.0,3.941056717975666,0.2636302490149383,0.12633451957295375,0.13333333333333333,0.132,0.21000000000000002,0.5660377358490566,0.25,1.0,0.4427867233305457,0.7661274195876402,0.19498238429394604,0.19498238429394604,0.5584947152881838,srtm_earth_engine
NSR-GRID-258,heavy_rain_rush_hour,Heavy Rain During Rush Hour,12.0,24.0,32.0,40.0,23.0,23.5,80.0,22.0,17,True,71,4694.349837218168,18777.399348925137,31.51082356206203,8.127968421803827,161.08136898256166,154.0,173.0,3.941056717975666,0.2636302490149383,0.12633451957295375,0.8,0.8,0.13,0.8490566037735849,0.6,1.0,0.4427867233305457,0.7661274195876402,0.19498238429394604,0.19498238429394604,0.5584947152881838,srtm_earth_engine
NSR-GRID-258,extreme_rain,Extreme Rain Event,25.0,50.0,70.0,90.0,22.0,22.5,88.0,30.0,18,True,71,4694.349837218168,18777.399348925137,31.51082356206203,8.127968421803827,161.08136898256166,154.0,173.0,3.941056717975666,0.2636302490149383,0.12633451957295375,1.0,1.0,0.09,1.0,1.0,1.0,0.4427867233305457,0.7661274195876402,0.19498238429394604,0.19498238429394604,0.5584947152881838,srtm_earth_engine
NSR-GRID-258,hot_day_optional,Hot Urban Heat Day,0.0,0.0,0.0,0.0,40.0,43.0,35.0,10.0,14,False,71,4694.349837218168,18777.399348925137,31.51082356206203,8.127968421803827,161.08136898256166,154.0,173.0,3.941056717975666,0.2636302490149383,0.12633451957295375,0.0,0.0,0.8600000000000001,0.0,0.0,0.0,0.4427867233305457,0.7661274195876402,0.19498238429394604,0.19498238429394604,0.5584947152881838,srtm_earth_engine
NSR-GRID-259,normal_day,Normal Dry Day,0.0,0.0,0.0,0.0,30.0,31.0,45.0,12.0,12,False,87,6327.428593239156,25309.714373003764,40.06184059037805,7.951503780277254,167.72980156206694,155.0,179.0,3.806271832049818,0.3553424081079625,0.15480427046263345,0.0,0.0,0.42000000000000004,0.18867924528301888,0.1,0.0,0.4109735296371124,0.7794925989307399,0.25507333928529796,0.25507333928529796,0.5765220017855894,srtm_earth_engine
NSR-GRID-259,light_rain,Light Rain,2.0,4.0,5.0,7.0,25.0,25.5,65.0,15.0,9,True,87,6327.428593239156,25309.714373003764,40.06184059037805,7.951503780277254,167.72980156206694,155.0,179.0,3.806271832049818,0.3553424081079625,0.15480427046263345,0.13333333333333333,0.132,0.21000000000000002,0.5660377358490566,0.25,1.0,0.4109735296371124,0.7794925989307399,0.25507333928529796,0.25507333928529796,0.5765220017855894,srtm_earth_engine
NSR-GRID-259,heavy_rain_rush_hour,Heavy Rain During Rush Hour,12.0,24.0,32.0,40.0,23.0,23.5,80.0,22.0,17,True,87,6327.428593239156,25309.714373003764,40.06184059037805,7.951503780277254,167.72980156206694,155.0,179.0,3.806271832049818,0.3553424081079625,0.15480427046263345,0.8,0.8,0.13,0.8490566037735849,0.6,1.0,0.4109735296371124,0.7794925989307399,0.25507333928529796,0.25507333928529796,0.5765220017855894,srtm_earth_engine
NSR-GRID-259,extreme_rain,Extreme Rain Event,25.0,50.0,70.0,90.0,22.0,22.5,88.0,30.0,18,True,87,6327.428593239156,25309.714373003764,40.06184059037805,7.951503780277254,167.72980156206694,155.0,179.0,3.806271832049818,0.3553424081079625,0.15480427046263345,1.0,1.0,0.09,1.0,1.0,1.0,0.4109735296371124,0.7794925989307399,0.25507333928529796,0.25507333928529796,0.5765220017855894,srtm_earth_engine
NSR-GRID-259,hot_day_optional,Hot Urban Heat Day,0.0,0.0,0.0,0.0,40.0,43.0,35.0,10.0,14,False,87,6327.428593239156,25309.714373003764,40.06184059037805,7.951503780277254,167.72980156206694,155.0,179.0,3.806271832049818,0.3553424081079625,0.15480427046263345,0.0,0.0,0.8600000000000001,0.0,0.0,0.0,0.4109735296371124,0.7794925989307399,0.25507333928529796,0.25507333928529796,0.5765220017855894,srtm_earth_engine
NSR-GRID-260,normal_day,Normal Dry Day,0.0,0.0,0.0,0.0,30.0,31.0,45.0,12.0,12,False,93,6958.8632494706735,27835.452997934543,32.06210604375232,9.694481011522424,172.44538130341198,163.0,196.0,4.215832014831286,0.39080318146981063,0.16548042704626334,0.0,0.0,0.42000000000000004,0.18867924528301888,0.1,0.0,0.3884091657973271,0.7388808845158279,0.278141804258037,0.278141804258037,0.5834425412774111,srtm_earth_engine
NSR-GRID-260,light_rain,Light Rain,2.0,4.0,5.0,7.0,25.0,25.5,65.0,15.0,9,True,93,6958.8632494706735,27835.452997934543,32.06210604375232,9.694481011522424,172.44538130341198,163.0,196.0,4.215832014831286,0.39080318146981063,0.16548042704626334,0.13333333333333333,0.132,0.21000000000000002,0.5660377358490566,0.25,1.0,0.3884091657973271,0.7388808845158279,0.278141804258037,0.278141804258037,0.5834425412774111,srtm_earth_engine
NSR-GRID-260,heavy_rain_rush_hour,Heavy Rain During Rush Hour,12.0,24.0,32.0,40.0,23.0,23.5,80.0,22.0,17,True,93,6958.8632494706735,27835.452997934543,32.06210604375232,9.694481011522424,172.44538130341198,163.0,196.0,4.215832014831286,0.39080318146981063,0.16548042704626334,0.8,0.8,0.13,0.8490566037735849,0.6,1.0,0.3884091657973271,0.7388808845158279,0.278141804258037,0.278141804258037,0.5834425412774111,srtm_earth_engine
NSR-GRID-260,extreme_rain,Extreme Rain Event,25.0,50.0,70.0,90.0,22.0,22.5,88.0,30.0,18,True,93,6958.8632494706735,27835.452997934543,32.06210604375232,9.694481011522424,172.44538130341198,163.0,196.0,4.215832014831286,0.39080318146981063,0.16548042704626334,1.0,1.0,0.09,1.0,1.0,1.0,0.3884091657973271,0.7388808845158279,0.278141804258037,0.278141804258037,0.5834425412774111,srtm_earth_engine
NSR-GRID-260,hot_day_optional,Hot Urban Heat Day,0.0,0.0,0.0,0.0,40.0,43.0,35.0,10.0,14,False,93,6958.8632494706735,27835.452997934543,32.06210604375232,9.694481011522424,172.44538130341198,163.0,196.0,4.215832014831286,0.39080318146981063,0.16548042704626334,0.0,0.0,0.8600000000000001,0.0,0.0,0.0,0.3884091657973271,0.7388808845158279,0.278141804258037,0.278141804258037,0.5834425412774111,srtm_earth_engine
NSR-GRID-261,normal_day,Normal Dry Day,0.0,0.0,0.0,0.0,30.0,31.0,45.0,12.0,12,False,72,5157.587346572816,20630.34938631048,45.1654921547163,6.484794414218488,185.46028612910084,168.0,209.0,7.993026936119965,0.28964522961426714,0.12811387900355872,0.0,0.0,0.42000000000000004,0.18867924528301888,0.1,0.0,0.3261319774270046,0.3643367567369777,0.20887955430891292,0.20887955430891292,0.5626638662926738,srtm_earth_engine
NSR-GRID-261,light_rain,Light Rain,2.0,4.0,5.0,7.0,25.0,25.5,65.0,15.0,9,True,72,5157.587346572816,20630.34938631048,45.1654921547163,6.484794414218488,185.46028612910084,168.0,209.0,7.993026936119965,0.28964522961426714,0.12811387900355872,0.13333333333333333,0.132,0.21000000000000002,0.5660377358490566,0.25,1.0,0.3261319774270046,0.3643367567369777,0.20887955430891292,0.20887955430891292,0.5626638662926738,srtm_earth_engine
NSR-GRID-261,heavy_rain_rush_hour,Heavy Rain During Rush Hour,12.0,24.0,32.0,40.0,23.0,23.5,80.0,22.0,17,True,72,5157.587346572816,20630.34938631048,45.1654921547163,6.484794414218488,185.46028612910084,168.0,209.0,7.993026936119965,0.28964522961426714,0.12811387900355872,0.8,0.8,0.13,0.8490566037735849,0.6,1.0,0.3261319774270046,0.3643367567369777,0.20887955430891292,0.20887955430891292,0.5626638662926738,srtm_earth_engine
NSR-GRID-261,extreme_rain,Extreme Rain Event,25.0,50.0,70.0,90.0,22.0,22.5,88.0,30.0,18,True,72,5157.587346572816,20630.34938631048,45.1654921547163,6.484794414218488,185.46028612910084,168.0,209.0,7.993026936119965,0.28964522961426714,0.12811387900355872,1.0,1.0,0.09,1.0,1.0,1.0,0.3261319774270046,0.3643367567369777,0.20887955430891292,0.20887955430891292,0.5626638662926738,srtm_earth_engine
NSR-GRID-261,hot_day_optional,Hot Urban Heat Day,0.0,0.0,0.0,0.0,40.0,43.0,35.0,10.0,14,False,72,5157.587346572816,20630.34938631048,45.1654921547163,6.484794414218488,185.46028612910084,168.0,209.0,7.993026936119965,0.28964522961426714,0.12811387900355872,0.0,0.0,0.8600000000000001,0.0,0.0,0.0,0.3261319774270046,0.3643367567369777,0.20887955430891292,0.20887955430891292,0.5626638662926738,srtm_earth_engine
NSR-GRID-262,normal_day,Normal Dry Day,0.0,0.0,0.0,0.0,30.0,31.0,45.0,12.0,12,False,0,0.0,0.0,50.0,0.0,197.26354579399631,182.0,211.0,5.924003329527046,0.0,0.0,0.0,0.0,0.42000000000000004,0.18867924528301888,0.1,0.0,0.2696525920316052,0.5694997568558084,0.0,0.0,0.5,srtm_earth_engine
NSR-GRID-262,light_rain,Light Rain,2.0,4.0,5.0,7.0,25.0,25.5,65.0,15.0,9,True,0,0.0,0.0,50.0,0.0,197.26354579399631,182.0,211.0,5.924003329527046,0.0,0.0,0.13333333333333333,0.132,0.21000000000000002,0.5660377358490566,0.25,1.0,0.2696525920316052,0.5694997568558084,0.0,0.0,0.5,srtm_earth_engine
NSR-GRID-262,heavy_rain_rush_hour,Heavy Rain During Rush Hour,12.0,24.0,32.0,40.0,23.0,23.5,80.0,22.0,17,True,0,0.0,0.0,50.0,0.0,197.26354579399631,182.0,211.0,5.924003329527046,0.0,0.0,0.8,0.8,0.13,0.8490566037735849,0.6,1.0,0.2696525920316052,0.5694997568558084,0.0,0.0,0.5,srtm_earth_engine
NSR-GRID-262,extreme_rain,Extreme Rain Event,25.0,50.0,70.0,90.0,22.0,22.5,88.0,30.0,18,True,0,0.0,0.0,50.0,0.0,197.26354579399631,182.0,211.0,5.924003329527046,0.0,0.0,1.0,1.0,0.09,1.0,1.0,1.0,0.2696525920316052,0.5694997568558084,0.0,0.0,0.5,srtm_earth_engine
NSR-GRID-262,hot_day_optional,Hot Urban Heat Day,0.0,0.0,0.0,0.0,40.0,43.0,35.0,10.0,14,False,0,0.0,0.0,50.0,0.0,197.26354579399631,182.0,211.0,5.924003329527046,0.0,0.0,0.0,0.0,0.8600000000000001,0.0,0.0,0.0,0.2696525920316052,0.5694997568558084,0.0,0.0,0.5,srtm_earth_engine
NSR-GRID-263,normal_day,Normal Dry Day,0.0,0.0,0.0,0.0,30.0,31.0,45.0,12.0,12,False,0,0.0,0.0,50.0,0.0,201.5513569052125,192.0,213.0,4.44251465337043,0.0,0.0,0.0,0.0,0.42000000000000004,0.18867924528301888,0.1,0.0,0.2491351296416765,0.7164031853492503,0.0,0.0,0.5,srtm_earth_engine
NSR-GRID-263,light_rain,Light Rain,2.0,4.0,5.0,7.0,25.0,25.5,65.0,15.0,9,True,0,0.0,0.0,50.0,0.0,201.5513569052125,192.0,213.0,4.44251465337043,0.0,0.0,0.13333333333333333,0.132,0.21000000000000002,0.5660377358490566,0.25,1.0,0.2491351296416765,0.7164031853492503,0.0,0.0,0.5,srtm_earth_engine
NSR-GRID-263,heavy_rain_rush_hour,Heavy Rain During Rush Hour,12.0,24.0,32.0,40.0,23.0,23.5,80.0,22.0,17,True,0,0.0,0.0,50.0,0.0,201.5513569052125,192.0,213.0,4.44251465337043,0.0,0.0,0.8,0.8,0.13,0.8490566037735849,0.6,1.0,0.2491351296416765,0.7164031853492503,0.0,0.0,0.5,srtm_earth_engine
NSR-GRID-263,extreme_rain,Extreme Rain Event,25.0,50.0,70.0,90.0,22.0,22.5,88.0,30.0,18,True,0,0.0,0.0,50.0,0.0,201.5513569052125,192.0,213.0,4.44251465337043,0.0,0.0,1.0,1.0,0.09,1.0,1.0,1.0,0.2491351296416765,0.7164031853492503,0.0,0.0,0.5,srtm_earth_engine
NSR-GRID-263,hot_day_optional,Hot Urban Heat Day,0.0,0.0,0.0,0.0,40.0,43.0,35.0,10.0,14,False,0,0.0,0.0,50.0,0.0,201.5513569052125,192.0,213.0,4.44251465337043,0.0,0.0,0.0,0.0,0.8600000000000001,0.0,0.0,0.0,0.2491351296416765,0.7164031853492503,0.0,0.0,0.5,srtm_earth_engine
NSR-GRID-264,normal_day,Normal Dry Day,0.0,0.0,0.0,0.0,30.0,31.0,45.0,12.0,12,False,40,3126.816943699532,12507.267774833072,61.68197865353038,5.817421381265754,208.72104859627103,200.0,220.0,3.6989429764906254,0.1755990835953809,0.0711743772241993,0.0,0.0,0.42000000000000004,0.18867924528301888,0.1,0.0,0.2148276763040333,0.7901352566247741,0.12338673040979009,0.12338673040979009,0.5370160191229371,srtm_earth_engine
NSR-GRID-264,light_rain,Light Rain,2.0,4.0,5.0,7.0,25.0,25.5,65.0,15.0,9,True,40,3126.816943699532,12507.267774833072,61.68197865353038,5.817421381265754,208.72104859627103,200.0,220.0,3.6989429764906254,0.1755990835953809,0.0711743772241993,0.13333333333333333,0.132,0.21000000000000002,0.5660377358490566,0.25,1.0,0.2148276763040333,0.7901352566247741,0.12338673040979009,0.12338673040979009,0.5370160191229371,srtm_earth_engine
NSR-GRID-264,heavy_rain_rush_hour,Heavy Rain During Rush Hour,12.0,24.0,32.0,40.0,23.0,23.5,80.0,22.0,17,True,40,3126.816943699532,12507.267774833072,61.68197865353038,5.817421381265754,208.72104859627103,200.0,220.0,3.6989429764906254,0.1755990835953809,0.0711743772241993,0.8,0.8,0.13,0.8490566037735849,0.6,1.0,0.2148276763040333,0.7901352566247741,0.12338673040979009,0.12338673040979009,0.5370160191229371,srtm_earth_engine
NSR-GRID-264,extreme_rain,Extreme Rain Event,25.0,50.0,70.0,90.0,22.0,22.5,88.0,30.0,18,True,40,3126.816943699532,12507.267774833072,61.68197865353038,5.817421381265754,208.72104859627103,200.0,220.0,3.6989429764906254,0.1755990835953809,0.0711743772241993,1.0,1.0,0.09,1.0,1.0,1.0,0.2148276763040333,0.7901352566247741,0.12338673040979009,0.12338673040979009,0.5370160191229371,srtm_earth_engine
NSR-GRID-264,hot_day_optional,Hot Urban Heat Day,0.0,0.0,0.0,0.0,40.0,43.0,35.0,10.0,14,False,40,3126.816943699532,12507.267774833072,61.68197865353038,5.817421381265754,208.72104859627103,200.0,220.0,3.6989429764906254,0.1755990835953809,0.0711743772241993,0.0,0.0,0.8600000000000001,0.0,0.0,0.0,0.2148276763040333,0.7901352566247741,0.12338673040979009,0.12338673040979009,0.5370160191229371,srtm_earth_engine
NSR-GRID-265,normal_day,Normal Dry Day,0.0,0.0,0.0,0.0,30.0,31.0,45.0,12.0,12,False,72,7188.575131599397,28754.300526451145,36.33929711731436,12.179663523345788,204.64574671036544,188.0,216.0,3.726851574423598,0.4037035836100814,0.12811387900355872,0.0,0.0,0.42000000000000004,0.18867924528301888,0.1,0.0,0.2343282678652966,0.7873678586778422,0.2659087313068201,0.2659087313068201,0.579772619392046,srtm_earth_engine
NSR-GRID-265,light_rain,Light Rain,2.0,4.0,5.0,7.0,25.0,25.5,65.0,15.0,9,True,72,7188.575131599397,28754.300526451145,36.33929711731436,12.179663523345788,204.64574671036544,188.0,216.0,3.726851574423598,0.4037035836100814,0.12811387900355872,0.13333333333333333,0.132,0.21000000000000002,0.5660377358490566,0.25,1.0,0.2343282678652966,0.7873678586778422,0.2659087313068201,0.2659087313068201,0.579772619392046,srtm_earth_engine
NSR-GRID-265,heavy_rain_rush_hour,Heavy Rain During Rush Hour,12.0,24.0,32.0,40.0,23.0,23.5,80.0,22.0,17,True,72,7188.575131599397,28754.300526451145,36.33929711731436,12.179663523345788,204.64574671036544,188.0,216.0,3.726851574423598,0.4037035836100814,0.12811387900355872,0.8,0.8,0.13,0.8490566037735849,0.6,1.0,0.2343282678652966,0.7873678586778422,0.2659087313068201,0.2659087313068201,0.579772619392046,srtm_earth_engine
NSR-GRID-265,extreme_rain,Extreme Rain Event,25.0,50.0,70.0,90.0,22.0,22.5,88.0,30.0,18,True,72,7188.575131599397,28754.300526451145,36.33929711731436,12.179663523345788,204.64574671036544,188.0,216.0,3.726851574423598,0.4037035836100814,0.12811387900355872,1.0,1.0,0.09,1.0,1.0,1.0,0.2343282678652966,0.7873678586778422,0.2659087313068201,0.2659087313068201,0.579772619392046,srtm_earth_engine
NSR-GRID-265,hot_day_optional,Hot Urban Heat Day,0.0,0.0,0.0,0.0,40.0,43.0,35.0,10.0,14,False,72,7188.575131599397,28754.300526451145,36.33929711731436,12.179663523345788,204.64574671036544,188.0,216.0,3.726851574423598,0.4037035836100814,0.12811387900355872,0.0,0.0,0.8600000000000001,0.0,0.0,0.0,0.2343282678652966,0.7873678586778422,0.2659087313068201,0.2659087313068201,0.579772619392046,srtm_earth_engine
NSR-GRID-266,normal_day,Normal Dry Day,0.0,0.0,0.0,0.0,30.0,31.0,45.0,12.0,12,False,42,5533.903783445522,22135.61513382332,50.41013761826569,13.366263040862718,196.4018526975017,190.0,208.0,3.592045597724781,0.3107788049553691,0.07473309608540925,0.0,0.0,0.42000000000000004,0.18867924528301888,0.1,0.0,0.2737758510186304,0.8007351293679151,0.19275595052038916,0.19275595052038916,0.5578267851561167,srtm_earth_engine
NSR-GRID-266,light_rain,Light Rain,2.0,4.0,5.0,7.0,25.0,25.5,65.0,15.0,9,True,42,5533.903783445522,22135.61513382332,50.41013761826569,13.366263040862718,196.4018526975017,190.0,208.0,3.592045597724781,0.3107788049553691,0.07473309608540925,0.13333333333333333,0.132,0.21000000000000002,0.5660377358490566,0.25,1.0,0.2737758510186304,0.8007351293679151,0.19275595052038916,0.19275595052038916,0.5578267851561167,srtm_earth_engine
NSR-GRID-266,heavy_rain_rush_hour,Heavy Rain During Rush Hour,12.0,24.0,32.0,40.0,23.0,23.5,80.0,22.0,17,True,42,5533.903783445522,22135.61513382332,50.41013761826569,13.366263040862718,196.4018526975017,190.0,208.0,3.592045597724781,0.3107788049553691,0.07473309608540925,0.8,0.8,0.13,0.8490566037735849,0.6,1.0,0.2737758510186304,0.8007351293679151,0.19275595052038916,0.19275595052038916,0.5578267851561167,srtm_earth_engine
NSR-GRID-266,extreme_rain,Extreme Rain Event,25.0,50.0,70.0,90.0,22.0,22.5,88.0,30.0,18,True,42,5533.903783445522,22135.61513382332,50.41013761826569,13.366263040862718,196.4018526975017,190.0,208.0,3.592045597724781,0.3107788049553691,0.07473309608540925,1.0,1.0,0.09,1.0,1.0,1.0,0.2737758510186304,0.8007351293679151,0.19275595052038916,0.19275595052038916,0.5578267851561167,srtm_earth_engine
NSR-GRID-266,hot_day_optional,Hot Urban Heat Day,0.0,0.0,0.0,0.0,40.0,43.0,35.0,10.0,14,False,42,5533.903783445522,22135.61513382332,50.41013761826569,13.366263040862718,196.4018526975017,190.0,208.0,3.592045597724781,0.3107788049553691,0.07473309608540925,0.0,0.0,0.8600000000000001,0.0,0.0,0.0,0.2737758510186304,0.8007351293679151,0.19275595052038916,0.19275595052038916,0.5578267851561167,srtm_earth_engine
NSR-GRID-267,normal_day,Normal Dry Day,0.0,0.0,0.0,0.0,30.0,31.0,45.0,12.0,12,False,0,0.0,0.0,50.0,0.0,121.06672069151809,119.0,125.0,2.857339821365446,0.0,0.0,0.0,0.0,0.42000000000000004,0.18867924528301888,0.1,0.0,0.6342594864870464,0.8735880638642652,0.0,0.0,0.5,srtm_earth_engine
NSR-GRID-267,light_rain,Light Rain,2.0,4.0,5.0,7.0,25.0,25.5,65.0,15.0,9,True,0,0.0,0.0,50.0,0.0,121.06672069151809,119.0,125.0,2.857339821365446,0.0,0.0,0.13333333333333333,0.132,0.21000000000000002,0.5660377358490566,0.25,1.0,0.6342594864870464,0.8735880638642652,0.0,0.0,0.5,srtm_earth_engine
NSR-GRID-267,heavy_rain_rush_hour,Heavy Rain During Rush Hour,12.0,24.0,32.0,40.0,23.0,23.5,80.0,22.0,17,True,0,0.0,0.0,50.0,0.0,121.06672069151809,119.0,125.0,2.857339821365446,0.0,0.0,0.8,0.8,0.13,0.8490566037735849,0.6,1.0,0.6342594864870464,0.8735880638642652,0.0,0.0,0.5,srtm_earth_engine
NSR-GRID-267,extreme_rain,Extreme Rain Event,25.0,50.0,70.0,90.0,22.0,22.5,88.0,30.0,18,True,0,0.0,0.0,50.0,0.0,121.06672069151809,119.0,125.0,2.857339821365446,0.0,0.0,1.0,1.0,0.09,1.0,1.0,1.0,0.6342594864870464,0.8735880638642652,0.0,0.0,0.5,srtm_earth_engine
NSR-GRID-267,hot_day_optional,Hot Urban Heat Day,0.0,0.0,0.0,0.0,40.0,43.0,35.0,10.0,14,False,0,0.0,0.0,50.0,0.0,121.06672069151809,119.0,125.0,2.857339821365446,0.0,0.0,0.0,0.0,0.8600000000000001,0.0,0.0,0.0,0.6342594864870464,0.8735880638642652,0.0,0.0,0.5,srtm_earth_engine
NSR-GRID-268,normal_day,Normal Dry Day,0.0,0.0,0.0,0.0,30.0,31.0,45.0,12.0,12,False,0,0.0,0.0,50.0,0.0,201.37519541427824,199.0,206.0,5.802807113911845,0.0,0.0,0.0,0.0,0.42000000000000004,0.18867924528301888,0.1,0.0,0.2499780741350435,0.5815174927189621,0.0,0.0,0.5,srtm_earth_engine
NSR-GRID-268,light_rain,Light Rain,2.0,4.0,5.0,7.0,25.0,25.5,65.0,15.0,9,True,0,0.0,0.0,50.0,0.0,201.37519541427824,199.0,206.0,5.802807113911845,0.0,0.0,0.13333333333333333,0.132,0.21000000000000002,0.5660377358490566,0.25,1.0,0.2499780741350435,0.5815174927189621,0.0,0.0,0.5,srtm_earth_engine
NSR-GRID-268,heavy_rain_rush_hour,Heavy Rain During Rush Hour,12.0,24.0,32.0,40.0,23.0,23.5,80.0,22.0,17,True,0,0.0,0.0,50.0,0.0,201.37519541427824,199.0,206.0,5.802807113911845,0.0,0.0,0.8,0.8,0.13,0.8490566037735849,0.6,1.0,0.2499780741350435,0.5815174927189621,0.0,0.0,0.5,srtm_earth_engine
NSR-GRID-268,extreme_rain,Extreme Rain Event,25.0,50.0,70.0,90.0,22.0,22.5,88.0,30.0,18,True,0,0.0,0.0,50.0,0.0,201.37519541427824,199.0,206.0,5.802807113911845,0.0,0.0,1.0,1.0,0.09,1.0,1.0,1.0,0.2499780741350435,0.5815174927189621,0.0,0.0,0.5,srtm_earth_engine
NSR-GRID-268,hot_day_optional,Hot Urban Heat Day,0.0,0.0,0.0,0.0,40.0,43.0,35.0,10.0,14,False,0,0.0,0.0,50.0,0.0,201.37519541427824,199.0,206.0,5.802807113911845,0.0,0.0,0.0,0.0,0.8600000000000001,0.0,0.0,0.0,0.2499780741350435,0.5815174927189621,0.0,0.0,0.5,srtm_earth_engine
NSR-GRID-269,normal_day,Normal Dry Day,0.0,0.0,0.0,0.0,30.0,31.0,45.0,12.0,12,False,47,2474.170056705265,10788.33994227789,24.3067637913566,8.025432121197385,132.806260290707,119.0,146.0,5.903833933925568,0.1514657430771067,0.08362989323843416,0.0,0.0,0.42000000000000004,0.18867924528301888,0.1,0.0,0.5780850058595361,0.5714997406641116,0.11754781815777043,0.11754781815777043,0.5352643454473311,srtm_earth_engine
NSR-GRID-269,light_rain,Light Rain,2.0,4.0,5.0,7.0,25.0,25.5,65.0,15.0,9,True,47,2474.170056705265,10788.33994227789,24.3067637913566,8.025432121197385,132.806260290707,119.0,146.0,5.903833933925568,0.1514657430771067,0.08362989323843416,0.13333333333333333,0.132,0.21000000000000002,0.5660377358490566,0.25,1.0,0.5780850058595361,0.5714997406641116,0.11754781815777043,0.11754781815777043,0.5352643454473311,srtm_earth_engine
NSR-GRID-269,heavy_rain_rush_hour,Heavy Rain During Rush Hour,12.0,24.0,32.0,40.0,23.0,23.5,80.0,22.0,17,True,47,2474.170056705265,10788.33994227789,24.3067637913566,8.025432121197385,132.806260290707,119.0,146.0,5.903833933925568,0.1514657430771067,0.08362989323843416,0.8,0.8,0.13,0.8490566037735849,0.6,1.0,0.5780850058595361,0.5714997406641116,0.11754781815777043,0.11754781815777043,0.5352643454473311,srtm_earth_engine
NSR-GRID-269,extreme_rain,Extreme Rain Event,25.0,50.0,70.0,90.0,22.0,22.5,88.0,30.0,18,True,47,2474.170056705265,10788.33994227789,24.3067637913566,8.025432121197385,132.806260290707,119.0,146.0,5.903833933925568,0.1514657430771067,0.08362989323843416,1.0,1.0,0.09,1.0,1.0,1.0,0.5780850058595361,0.5714997406641116,0.11754781815777043,0.11754781815777043,0.5352643454473311,srtm_earth_engine
NSR-GRID-269,hot_day_optional,Hot Urban Heat Day,0.0,0.0,0.0,0.0,40.0,43.0,35.0,10.0,14,False,47,2474.170056705265,10788.33994227789,24.3067637913566,8.025432121197385,132.806260290707,119.0,146.0,5.903833933925568,0.1514657430771067,0.08362989323843416,0.0,0.0,0.8600000000000001,0.0,0.0,0.0,0.5780850058595361,0.5714997406641116,0.11754781815777043,0.11754781815777043,0.5352643454473311,srtm_earth_engine
NSR-GRID-270,normal_day,Normal Dry Day,0.0,0.0,0.0,0.0,30.0,31.0,45.0,12.0,12,False,11,1938.3443372089887,7790.948031596087,46.50455291834602,20.943779930673745,203.6889479866867,194.0,216.0,4.52679638263024,0.10938306905368617,0.019572953736654804,0.0,0.0,0.42000000000000004,0.18867924528301888,0.1,0.0,0.2389066136269507,0.708045865319142,0.06447801139517048,0.06447801139517048,0.5193434034185511,srtm_earth_engine
NSR-GRID-270,light_rain,Light Rain,2.0,4.0,5.0,7.0,25.0,25.5,65.0,15.0,9,True,11,1938.3443372089887,7790.948031596087,46.50455291834602,20.943779930673745,203.6889479866867,194.0,216.0,4.52679638263024,0.10938306905368617,0.019572953736654804,0.13333333333333333,0.132,0.21000000000000002,0.5660377358490566,0.25,1.0,0.2389066136269507,0.708045865319142,0.06447801139517048,0.06447801139517048,0.5193434034185511,srtm_earth_engine
NSR-GRID-270,heavy_rain_rush_hour,Heavy Rain During Rush Hour,12.0,24.0,32.0,40.0,23.0,23.5,80.0,22.0,17,True,11,1938.3443372089887,7790.948031596087,46.50455291834602,20.943779930673745,203.6889479866867,194.0,216.0,4.52679638263024,0.10938306905368617,0.019572953736654804,0.8,0.8,0.13,0.8490566037735849,0.6,1.0,0.2389066136269507,0.708045865319142,0.06447801139517048,0.06447801139517048,0.5193434034185511,srtm_earth_engine
NSR-GRID-270,extreme_rain,Extreme Rain Event,25.0,50.0,70.0,90.0,22.0,22.5,88.0,30.0,18,True,11,1938.3443372089887,7790.948031596087,46.50455291834602,20.943779930673745,203.6889479866867,194.0,216.0,4.52679638263024,0.10938306905368617,0.019572953736654804,1.0,1.0,0.09,1.0,1.0,1.0,0.2389066136269507,0.708045865319142,0.06447801139517048,0.06447801139517048,0.5193434034185511,srtm_earth_engine
NSR-GRID-270,hot_day_optional,Hot Urban Heat Day,0.0,0.0,0.0,0.0,40.0,43.0,35.0,10.0,14,False,11,1938.3443372089887,7790.948031596087,46.50455291834602,20.943779930673745,203.6889479866867,194.0,216.0,4.52679638263024,0.10938306905368617,0.019572953736654804,0.0,0.0,0.8600000000000001,0.0,0.0,0.0,0.2389066136269507,0.708045865319142,0.06447801139517048,0.06447801139517048,0.5193434034185511,srtm_earth_engine
NSR-GRID-271,normal_day,Normal Dry Day,0.0,0.0,0.0,0.0,30.0,31.0,45.0,12.0,12,False,100,7304.765385101849,29219.061540352966,23.5,11.190278887815598,140.05167857492413,128.0,151.0,5.30358786036372,0.4102287184038081,0.17793594306049823,0.0,0.0,0.42000000000000004,0.18867924528301888,0.1,0.0,0.5434151957186784,0.6310197407593674,0.2940823307321532,0.2940823307321532,0.5882246992196459,srtm_earth_engine
NSR-GRID-271,light_rain,Light Rain,2.0,4.0,5.0,7.0,25.0,25.5,65.0,15.0,9,True,100,7304.765385101849,29219.061540352966,23.5,11.190278887815598,140.05167857492413,128.0,151.0,5.30358786036372,0.4102287184038081,0.17793594306049823,0.13333333333333333,0.132,0.21000000000000002,0.5660377358490566,0.25,1.0,0.5434151957186784,0.6310197407593674,0.2940823307321532,0.2940823307321532,0.5882246992196459,srtm_earth_engine
NSR-GRID-271,heavy_rain_rush_hour,Heavy Rain During Rush Hour,12.0,24.0,32.0,40.0,23.0,23.5,80.0,22.0,17,True,100,7304.765385101849,29219.061540352966,23.5,11.190278887815598,140.05167857492413,128.0,151.0,5.30358786036372,0.4102287184038081,0.17793594306049823,0.8,0.8,0.13,0.8490566037735849,0.6,1.0,0.5434151957186784,0.6310197407593674,0.2940823307321532,0.2940823307321532,0.5882246992196459,srtm_earth_engine
NSR-GRID-271,extreme_rain,Extreme Rain Event,25.0,50.0,70.0,90.0,22.0,22.5,88.0,30.0,18,True,100,7304.765385101849,29219.061540352966,23.5,11.190278887815598,140.05167857492413,128.0,151.0,5.30358786036372,0.4102287184038081,0.17793594306049823,1.0,1.0,0.09,1.0,1.0,1.0,0.5434151957186784,0.6310197407593674,0.2940823307321532,0.2940823307321532,0.5882246992196459,srtm_earth_engine
NSR-GRID-271,hot_day_optional,Hot Urban Heat Day,0.0,0.0,0.0,0.0,40.0,43.0,35.0,10.0,14,False,100,7304.765385101849,29219.061540352966,23.5,11.190278887815598,140.05167857492413,128.0,151.0,5.30358786036372,0.4102287184038081,0.17793594306049823,0.0,0.0,0.8600000000000001,0.0,0.0,0.0,0.5434151957186784,0.6310197407593674,0.2940823307321532,0.2940823307321532,0.5882246992196459,srtm_earth_engine
NSR-GRID-272,normal_day,Normal Dry Day,0.0,0.0,0.0,0.0,30.0,31.0,45.0,12.0,12,False,98,6450.222776773855,25800.891107023333,23.5,10.082849325395518,147.05204545825117,132.0,159.0,6.318335983804357,0.3622384133690604,0.17437722419928825,0.0,0.0,0.42000000000000004,0.18867924528301888,0.1,0.0,0.50991797288891,0.53039799400566,0.2683078187841743,0.2683078187841743,0.5804923456352523,srtm_earth_engine
NSR-GRID-272,light_rain,Light Rain,2.0,4.0,5.0,7.0,25.0,25.5,65.0,15.0,9,True,98,6450.222776773855,25800.891107023333,23.5,10.082849325395518,147.05204545825117,132.0,159.0,6.318335983804357,0.3622384133690604,0.17437722419928825,0.13333333333333333,0.132,0.21000000000000002,0.5660377358490566,0.25,1.0,0.50991797288891,0.53039799400566,0.2683078187841743,0.2683078187841743,0.5804923456352523,srtm_earth_engine
NSR-GRID-272,heavy_rain_rush_hour,Heavy Rain During Rush Hour,12.0,24.0,32.0,40.0,23.0,23.5,80.0,22.0,17,True,98,6450.222776773855,25800.891107023333,23.5,10.082849325395518,147.05204545825117,132.0,159.0,6.318335983804357,0.3622384133690604,0.17437722419928825,0.8,0.8,0.13,0.8490566037735849,0.6,1.0,0.50991797288891,0.53039799400566,0.2683078187841743,0.2683078187841743,0.5804923456352523,srtm_earth_engine
NSR-GRID-272,extreme_rain,Extreme Rain Event,25.0,50.0,70.0,90.0,22.0,22.5,88.0,30.0,18,True,98,6450.222776773855,25800.891107023333,23.5,10.082849325395518,147.05204545825117,132.0,159.0,6.318335983804357,0.3622384133690604,0.17437722419928825,1.0,1.0,0.09,1.0,1.0,1.0,0.50991797288891,0.53039799400566,0.2683078187841743,0.2683078187841743,0.5804923456352523,srtm_earth_engine
NSR-GRID-272,hot_day_optional,Hot Urban Heat Day,0.0,0.0,0.0,0.0,40.0,43.0,35.0,10.0,14,False,98,6450.222776773855,25800.891107023333,23.5,10.082849325395518,147.05204545825117,132.0,159.0,6.318335983804357,0.3622384133690604,0.17437722419928825,0.0,0.0,0.8600000000000001,0.0,0.0,0.0,0.50991797288891,0.53039799400566,0.2683078187841743,0.2683078187841743,0.5804923456352523,srtm_earth_engine
NSR-GRID-273,normal_day,Normal Dry Day,0.0,0.0,0.0,0.0,30.0,31.0,45.0,12.0,12,False,30,2554.1841750405943,10216.736700133832,31.08357963875205,9.98596691665898,152.53012264335572,140.0,174.0,5.804721550660071,0.14344056864991372,0.05338078291814947,0.0,0.0,0.42000000000000004,0.18867924528301888,0.1,0.0,0.4837050078820096,0.5813276584485592,0.09841067578403159,0.09841067578403159,0.5295232027352095,srtm_earth_engine
NSR-GRID-273,light_rain,Light Rain,2.0,4.0,5.0,7.0,25.0,25.5,65.0,15.0,9,True,30,2554.1841750405943,10216.736700133832,31.08357963875205,9.98596691665898,152.53012264335572,140.0,174.0,5.804721550660071,0.14344056864991372,0.05338078291814947,0.13333333333333333,0.132,0.21000000000000002,0.5660377358490566,0.25,1.0,0.4837050078820096,0.5813276584485592,0.09841067578403159,0.09841067578403159,0.5295232027352095,srtm_earth_engine
NSR-GRID-273,heavy_rain_rush_hour,Heavy Rain During Rush Hour,12.0,24.0,32.0,40.0,23.0,23.5,80.0,22.0,17,True,30,2554.1841750405943,10216.736700133832,31.08357963875205,9.98596691665898,152.53012264335572,140.0,174.0,5.804721550660071,0.14344056864991372,0.05338078291814947,0.8,0.8,0.13,0.8490566037735849,0.6,1.0,0.4837050078820096,0.5813276584485592,0.09841067578403159,0.09841067578403159,0.5295232027352095,srtm_earth_engine
NSR-GRID-273,extreme_rain,Extreme Rain Event,25.0,50.0,70.0,90.0,22.0,22.5,88.0,30.0,18,True,30,2554.1841750405943,10216.736700133832,31.08357963875205,9.98596691665898,152.53012264335572,140.0,174.0,5.804721550660071,0.14344056864991372,0.05338078291814947,1.0,1.0,0.09,1.0,1.0,1.0,0.4837050078820096,0.5813276584485592,0.09841067578403159,0.09841067578403159,0.5295232027352095,srtm_earth_engine
NSR-GRID-273,hot_day_optional,Hot Urban Heat Day,0.0,0.0,0.0,0.0,40.0,43.0,35.0,10.0,14,False,30,2554.1841750405943,10216.736700133832,31.08357963875205,9.98596691665898,152.53012264335572,140.0,174.0,5.804721550660071,0.14344056864991372,0.05338078291814947,0.0,0.0,0.8600000000000001,0.0,0.0,0.0,0.4837050078820096,0.5813276584485592,0.09841067578403159,0.09841067578403159,0.5295232027352095,srtm_earth_engine
NSR-GRID-274,normal_day,Normal Dry Day,0.0,0.0,0.0,0.0,30.0,31.0,45.0,12.0,12,False,8,1383.5569447730318,5534.227779071511,61.417898193760266,10.137120342081603,152.95639620240772,145.0,164.0,3.1357771371319907,0.0776992500607134,0.014234875444839857,0.0,0.0,0.42000000000000004,0.18867924528301888,0.1,0.0,0.4816652604470557,0.845978405441002,0.04596706275277663,0.04596706275277663,0.513790118825833,srtm_earth_engine
NSR-GRID-274,light_rain,Light Rain,2.0,4.0,5.0,7.0,25.0,25.5,65.0,15.0,9,True,8,1383.5569447730318,5534.227779071511,61.417898193760266,10.137120342081603,152.95639620240772,145.0,164.0,3.1357771371319907,0.0776992500607134,0.014234875444839857,0.13333333333333333,0.132,0.21000000000000002,0.5660377358490566,0.25,1.0,0.4816652604470557,0.845978405441002,0.04596706275277663,0.04596706275277663,0.513790118825833,srtm_earth_engine
NSR-GRID-274,heavy_rain_rush_hour,Heavy Rain During Rush Hour,12.0,24.0,32.0,40.0,23.0,23.5,80.0,22.0,17,True,8,1383.5569447730318,5534.227779071511,61.417898193760266,10.137120342081603,152.95639620240772,145.0,164.0,3.1357771371319907,0.0776992500607134,0.014234875444839857,0.8,0.8,0.13,0.8490566037735849,0.6,1.0,0.4816652604470557,0.845978405441002,0.04596706275277663,0.04596706275277663,0.513790118825833,srtm_earth_engine
NSR-GRID-274,extreme_rain,Extreme Rain Event,25.0,50.0,70.0,90.0,22.0,22.5,88.0,30.0,18,True,8,1383.5569447730318,5534.227779071511,61.417898193760266,10.137120342081603,152.95639620240772,145.0,164.0,3.1357771371319907,0.0776992500607134,0.014234875444839857,1.0,1.0,0.09,1.0,1.0,1.0,0.4816652604470557,0.845978405441002,0.04596706275277663,0.04596706275277663,0.513790118825833,srtm_earth_engine
NSR-GRID-274,hot_day_optional,Hot Urban Heat Day,0.0,0.0,0.0,0.0,40.0,43.0,35.0,10.0,14,False,8,1383.5569447730318,5534.227779071511,61.417898193760266,10.137120342081603,152.95639620240772,145.0,164.0,3.1357771371319907,0.0776992500607134,0.014234875444839857,0.0,0.0,0.8600000000000001,0.0,0.0,0.0,0.4816652604470557,0.845978405441002,0.04596706275277663,0.04596706275277663,0.513790118825833,srtm_earth_engine
NSR-GRID-275,normal_day,Normal Dry Day,0.0,0.0,0.0,0.0,30.0,31.0,45.0,12.0,12,False,87,9318.33775452758,37273.35101800618,36.09570050771002,10.684900729320017,161.4607783991781,148.0,180.0,5.204881086401542,0.5233090391221114,0.15480427046263345,0.0,0.0,0.42000000000000004,0.18867924528301888,0.1,0.0,0.4409712239454515,0.6408074385959711,0.3390566547923724,0.3390566547923724,0.6017169964377117,srtm_earth_engine
NSR-GRID-275,light_rain,Light Rain,2.0,4.0,5.0,7.0,25.0,25.5,65.0,15.0,9,True,87,9318.33775452758,37273.35101800618,36.09570050771002,10.684900729320017,161.4607783991781,148.0,180.0,5.204881086401542,0.5233090391221114,0.15480427046263345,0.13333333333333333,0.132,0.21000000000000002,0.5660377358490566,0.25,1.0,0.4409712239454515,0.6408074385959711,0.3390566547923724,0.3390566547923724,0.6017169964377117,srtm_earth_engine
NSR-GRID-275,heavy_rain_rush_hour,Heavy Rain During Rush Hour,12.0,24.0,32.0,40.0,23.0,23.5,80.0,22.0,17,True,87,9318.33775452758,37273.35101800618,36.09570050771002,10.684900729320017,161.4607783991781,148.0,180.0,5.204881086401542,0.5233090391221114,0.15480427046263345,0.8,0.8,0.13,0.8490566037735849,0.6,1.0,0.4409712239454515,0.6408074385959711,0.3390566547923724,0.3390566547923724,0.6017169964377117,srtm_earth_engine
NSR-GRID-275,extreme_rain,Extreme Rain Event,25.0,50.0,70.0,90.0,22.0,22.5,88.0,30.0,18,True,87,9318.33775452758,37273.35101800618,36.09570050771002,10.684900729320017,161.4607783991781,148.0,180.0,5.204881086401542,0.5233090391221114,0.15480427046263345,1.0,1.0,0.09,1.0,1.0,1.0,0.4409712239454515,0.6408074385959711,0.3390566547923724,0.3390566547923724,0.6017169964377117,srtm_earth_engine
NSR-GRID-275,hot_day_optional,Hot Urban Heat Day,0.0,0.0,0.0,0.0,40.0,43.0,35.0,10.0,14,False,87,9318.33775452758,37273.35101800618,36.09570050771002,10.684900729320017,161.4607783991781,148.0,180.0,5.204881086401542,0.5233090391221114,0.15480427046263345,0.0,0.0,0.8600000000000001,0.0,0.0,0.0,0.4409712239454515,0.6408074385959711,0.3390566547923724,0.3390566547923724,0.6017169964377117,srtm_earth_engine
NSR-GRID-276,normal_day,Normal Dry Day,0.0,0.0,0.0,0.0,30.0,31.0,45.0,12.0,12,False,61,3369.206952033297,13476.827808095532,30.337653772645293,7.750802792775238,169.48263096092387,155.0,190.0,5.56008334920006,0.18921147731690793,0.10854092526690391,0.0,0.0,0.42000000000000004,0.18867924528301888,0.1,0.0,0.4025861239575726,0.6055858192521764,0.14887620129190593,0.14887620129190593,0.5446628603875718,srtm_earth_engine
NSR-GRID-276,light_rain,Light Rain,2.0,4.0,5.0,7.0,25.0,25.5,65.0,15.0,9,True,61,3369.206952033297,13476.827808095532,30.337653772645293,7.750802792775238,169.48263096092387,155.0,190.0,5.56008334920006,0.18921147731690793,0.10854092526690391,0.13333333333333333,0.132,0.21000000000000002,0.5660377358490566,0.25,1.0,0.4025861239575726,0.6055858192521764,0.14887620129190593,0.14887620129190593,0.5446628603875718,srtm_earth_engine
NSR-GRID-276,heavy_rain_rush_hour,Heavy Rain During Rush Hour,12.0,24.0,32.0,40.0,23.0,23.5,80.0,22.0,17,True,61,3369.206952033297,13476.827808095532,30.337653772645293,7.750802792775238,169.48263096092387,155.0,190.0,5.56008334920006,0.18921147731690793,0.10854092526690391,0.8,0.8,0.13,0.8490566037735849,0.6,1.0,0.4025861239575726,0.6055858192521764,0.14887620129190593,0.14887620129190593,0.5446628603875718,srtm_earth_engine
NSR-GRID-276,extreme_rain,Extreme Rain Event,25.0,50.0,70.0,90.0,22.0,22.5,88.0,30.0,18,True,61,3369.206952033297,13476.827808095532,30.337653772645293,7.750802792775238,169.48263096092387,155.0,190.0,5.56008334920006,0.18921147731690793,0.10854092526690391,1.0,1.0,0.09,1.0,1.0,1.0,0.4025861239575726,0.6055858192521764,0.14887620129190593,0.14887620129190593,0.5446628603875718,srtm_earth_engine
NSR-GRID-276,hot_day_optional,Hot Urban Heat Day,0.0,0.0,0.0,0.0,40.0,43.0,35.0,10.0,14,False,61,3369.206952033297,13476.827808095532,30.337653772645293,7.750802792775238,169.48263096092387,155.0,190.0,5.56008334920006,0.18921147731690793,0.10854092526690391,0.0,0.0,0.8600000000000001,0.0,0.0,0.0,0.4025861239575726,0.6055858192521764,0.14887620129190593,0.14887620129190593,0.5446628603875718,srtm_earth_engine
NSR-GRID-277,normal_day,Normal Dry Day,0.0,0.0,0.0,0.0,30.0,31.0,45.0,12.0,12,False,22,3057.6302528019496,12230.521011185016,37.28832661591282,16.35039025535193,167.70416952138595,148.0,182.0,6.1672279996160775,0.17171362443999516,0.03914590747330961,0.0,0.0,0.42000000000000004,0.18867924528301888,0.1,0.0,0.4110961806627776,0.545381760879653,0.10542976595665238,0.10542976595665238,0.5316289297869957,srtm_earth_engine
NSR-GRID-277,light_rain,Light Rain,2.0,4.0,5.0,7.0,25.0,25.5,65.0,15.0,9,True,22,3057.6302528019496,12230.521011185016,37.28832661591282,16.35039025535193,167.70416952138595,148.0,182.0,6.1672279996160775,0.17171362443999516,0.03914590747330961,0.13333333333333333,0.132,0.21000000000000002,0.5660377358490566,0.25,1.0,0.4110961806627776,0.545381760879653,0.10542976595665238,0.10542976595665238,0.5316289297869957,srtm_earth_engine
NSR-GRID-277,heavy_rain_rush_hour,Heavy Rain During Rush Hour,12.0,24.0,32.0,40.0,23.0,23.5,80.0,22.0,17,True,22,3057.6302528019496,12230.521011185016,37.28832661591282,16.35039025535193,167.70416952138595,148.0,182.0,6.1672279996160775,0.17171362443999516,0.03914590747330961,0.8,0.8,0.13,0.8490566037735849,0.6,1.0,0.4110961806627776,0.545381760879653,0.10542976595665238,0.10542976595665238,0.5316289297869957,srtm_earth_engine
NSR-GRID-277,extreme_rain,Extreme Rain Event,25.0,50.0,70.0,90.0,22.0,22.5,88.0,30.0,18,True,22,3057.6302528019496,12230.521011185016,37.28832661591282,16.35039025535193,167.70416952138595,148.0,182.0,6.1672279996160775,0.17171362443999516,0.03914590747330961,1.0,1.0,0.09,1.0,1.0,1.0,0.4110961806627776,0.545381760879653,0.10542976595665238,0.10542976595665238,0.5316289297869957,srtm_earth_engine
NSR-GRID-277,hot_day_optional,Hot Urban Heat Day,0.0,0.0,0.0,0.0,40.0,43.0,35.0,10.0,14,False,22,3057.6302528019496,12230.521011185016,37.28832661591282,16.35039025535193,167.70416952138595,148.0,182.0,6.1672279996160775,0.17171362443999516,0.03914590747330961,0.0,0.0,0.8600000000000001,0.0,0.0,0.0,0.4110961806627776,0.545381760879653,0.10542976595665238,0.10542976595665238,0.5316289297869957,srtm_earth_engine
NSR-GRID-278,normal_day,Normal Dry Day,0.0,0.0,0.0,0.0,30.0,31.0,45.0,12.0,12,False,36,2903.945790422114,11615.783161656002,24.553274949826672,12.043975638728185,173.6848901860395,167.0,181.0,3.4643080710696097,0.16308285031953537,0.06405693950177936,0.0,0.0,0.42000000000000004,0.18867924528301888,0.1,0.0,0.3824780330534504,0.8134014972686127,0.11356989491065736,0.11356989491065736,0.5340709684731972,srtm_earth_engine
NSR-GRID-278,light_rain,Light Rain,2.0,4.0,5.0,7.0,25.0,25.5,65.0,15.0,9,True,36,2903.945790422114,11615.783161656002,24.553274949826672,12.043975638728185,173.6848901860395,167.0,181.0,3.4643080710696097,0.16308285031953537,0.06405693950177936,0.13333333333333333,0.132,0.21000000000000002,0.5660377358490566,0.25,1.0,0.3824780330534504,0.8134014972686127,0.11356989491065736,0.11356989491065736,0.5340709684731972,srtm_earth_engine
NSR-GRID-278,heavy_rain_rush_hour,Heavy Rain During Rush Hour,12.0,24.0,32.0,40.0,23.0,23.5,80.0,22.0,17,True,36,2903.945790422114,11615.783161656002,24.553274949826672,12.043975638728185,173.6848901860395,167.0,181.0,3.4643080710696097,0.16308285031953537,0.06405693950177936,0.8,0.8,0.13,0.8490566037735849,0.6,1.0,0.3824780330534504,0.8134014972686127,0.11356989491065736,0.11356989491065736,0.5340709684731972,srtm_earth_engine
NSR-GRID-278,extreme_rain,Extreme Rain Event,25.0,50.0,70.0,90.0,22.0,22.5,88.0,30.0,18,True,36,2903.945790422114,11615.783161656002,24.553274949826672,12.043975638728185,173.6848901860395,167.0,181.0,3.4643080710696097,0.16308285031953537,0.06405693950177936,1.0,1.0,0.09,1.0,1.0,1.0,0.3824780330534504,0.8134014972686127,0.11356989491065736,0.11356989491065736,0.5340709684731972,srtm_earth_engine
NSR-GRID-278,hot_day_optional,Hot Urban Heat Day,0.0,0.0,0.0,0.0,40.0,43.0,35.0,10.0,14,False,36,2903.945790422114,11615.783161656002,24.553274949826672,12.043975638728185,173.6848901860395,167.0,181.0,3.4643080710696097,0.16308285031953537,0.06405693950177936,0.0,0.0,0.8600000000000001,0.0,0.0,0.0,0.3824780330534504,0.8134014972686127,0.11356989491065736,0.11356989491065736,0.5340709684731972,srtm_earth_engine
NSR-GRID-279,normal_day,Normal Dry Day,0.0,0.0,0.0,0.0,30.0,31.0,45.0,12.0,12,False,16,1851.6725360454404,7406.690144161067,23.5,17.728779600435068,176.86532063409243,162.0,188.0,5.540712552680628,0.10398817912947271,0.028469750889679714,0.0,0.0,0.42000000000000004,0.18867924528301888,0.1,0.0,0.3672594610573529,0.6075066145084289,0.06622896500957622,0.06622896500957622,0.5198686895028729,srtm_earth_engine
NSR-GRID-279,light_rain,Light Rain,2.0,4.0,5.0,7.0,25.0,25.5,65.0,15.0,9,True,16,1851.6725360454404,7406.690144161067,23.5,17.728779600435068,176.86532063409243,162.0,188.0,5.540712552680628,0.10398817912947271,0.028469750889679714,0.13333333333333333,0.132,0.21000000000000002,0.5660377358490566,0.25,1.0,0.3672594610573529,0.6075066145084289,0.06622896500957622,0.06622896500957622,0.5198686895028729,srtm_earth_engine
NSR-GRID-279,heavy_rain_rush_hour,Heavy Rain During Rush Hour,12.0,24.0,32.0,40.0,23.0,23.5,80.0,22.0,17,True,16,1851.6725360454404,7406.690144161067,23.5,17.728779600435068,176.86532063409243,162.0,188.0,5.540712552680628,0.10398817912947271,0.028469750889679714,0.8,0.8,0.13,0.8490566037735849,0.6,1.0,0.3672594610573529,0.6075066145084289,0.06622896500957622,0.06622896500957622,0.5198686895028729,srtm_earth_engine
NSR-GRID-279,extreme_rain,Extreme Rain Event,25.0,50.0,70.0,90.0,22.0,22.5,88.0,30.0,18,True,16,1851.6725360454404,7406.690144161067,23.5,17.728779600435068,176.86532063409243,162.0,188.0,5.540712552680628,0.10398817912947271,0.028469750889679714,1.0,1.0,0.09,1.0,1.0,1.0,0.3672594610573529,0.6075066145084289,0.06622896500957622,0.06622896500957622,0.5198686895028729,srtm_earth_engine
NSR-GRID-279,hot_day_optional,Hot Urban Heat Day,0.0,0.0,0.0,0.0,40.0,43.0,35.0,10.0,14,False,16,1851.6725360454404,7406.690144161067,23.5,17.728779600435068,176.86532063409243,162.0,188.0,5.540712552680628,0.10398817912947271,0.028469750889679714,0.0,0.0,0.8600000000000001,0.0,0.0,0.0,0.3672594610573529,0.6075066145084289,0.06622896500957622,0.06622896500957622,0.5198686895028729,srtm_earth_engine
NSR-GRID-280,normal_day,Normal Dry Day,0.0,0.0,0.0,0.0,30.0,31.0,45.0,12.0,12,False,17,3321.3978056169644,13285.591222418365,33.26890756302521,17.76020311446119,182.86329972920947,149.0,203.0,7.788022250850058,0.18652656085078803,0.030249110320284697,0.0,0.0,0.42000000000000004,0.18867924528301888,0.1,0.0,0.3385587307062119,0.3846648845236153,0.10838783558553636,0.10838783558553636,0.5325163506756609,srtm_earth_engine
NSR-GRID-280,light_rain,Light Rain,2.0,4.0,5.0,7.0,25.0,25.5,65.0,15.0,9,True,17,3321.3978056169644,13285.591222418365,33.26890756302521,17.76020311446119,182.86329972920947,149.0,203.0,7.788022250850058,0.18652656085078803,0.030249110320284697,0.13333333333333333,0.132,0.21000000000000002,0.5660377358490566,0.25,1.0,0.3385587307062119,0.3846648845236153,0.10838783558553636,0.10838783558553636,0.5325163506756609,srtm_earth_engine
NSR-GRID-280,heavy_rain_rush_hour,Heavy Rain During Rush Hour,12.0,24.0,32.0,40.0,23.0,23.5,80.0,22.0,17,True,17,3321.3978056169644,13285.591222418365,33.26890756302521,17.76020311446119,182.86329972920947,149.0,203.0,7.788022250850058,0.18652656085078803,0.030249110320284697,0.8,0.8,0.13,0.8490566037735849,0.6,1.0,0.3385587307062119,0.3846648845236153,0.10838783558553636,0.10838783558553636,0.5325163506756609,srtm_earth_engine
NSR-GRID-280,extreme_rain,Extreme Rain Event,25.0,50.0,70.0,90.0,22.0,22.5,88.0,30.0,18,True,17,3321.3978056169644,13285.591222418365,33.26890756302521,17.76020311446119,182.86329972920947,149.0,203.0,7.788022250850058,0.18652656085078803,0.030249110320284697,1.0,1.0,0.09,1.0,1.0,1.0,0.3385587307062119,0.3846648845236153,0.10838783558553636,0.10838783558553636,0.5325163506756609,srtm_earth_engine
NSR-GRID-280,hot_day_optional,Hot Urban Heat Day,0.0,0.0,0.0,0.0,40.0,43.0,35.0,10.0,14,False,17,3321.3978056169644,13285.591222418365,33.26890756302521,17.76020311446119,182.86329972920947,149.0,203.0,7.788022250850058,0.18652656085078803,0.030249110320284697,0.0,0.0,0.8600000000000001,0.0,0.0,0.0,0.3385587307062119,0.3846648845236153,0.10838783558553636,0.10838783558553636,0.5325163506756609,srtm_earth_engine
NSR-GRID-281,normal_day,Normal Dry Day,0.0,0.0,0.0,0.0,30.0,31.0,45.0,12.0,12,False,0,0.0,0.0,50.0,0.0,197.1705336616067,180.0,210.0,6.46331740981108,0.0,0.0,0.0,0.0,0.42000000000000004,0.18867924528301888,0.1,0.0,0.2700976612938959,0.5160217325525457,0.0,0.0,0.5,srtm_earth_engine
NSR-GRID-281,light_rain,Light Rain,2.0,4.0,5.0,7.0,25.0,25.5,65.0,15.0,9,True,0,0.0,0.0,50.0,0.0,197.1705336616067,180.0,210.0,6.46331740981108,0.0,0.0,0.13333333333333333,0.132,0.21000000000000002,0.5660377358490566,0.25,1.0,0.2700976612938959,0.5160217325525457,0.0,0.0,0.5,srtm_earth_engine
NSR-GRID-281,heavy_rain_rush_hour,Heavy Rain During Rush Hour,12.0,24.0,32.0,40.0,23.0,23.5,80.0,22.0,17,True,0,0.0,0.0,50.0,0.0,197.1705336616067,180.0,210.0,6.46331740981108,0.0,0.0,0.8,0.8,0.13,0.8490566037735849,0.6,1.0,0.2700976612938959,0.5160217325525457,0.0,0.0,0.5,srtm_earth_engine
NSR-GRID-281,extreme_rain,Extreme Rain Event,25.0,50.0,70.0,90.0,22.0,22.5,88.0,30.0,18,True,0,0.0,0.0,50.0,0.0,197.1705336616067,180.0,210.0,6.46331740981108,0.0,0.0,1.0,1.0,0.09,1.0,1.0,1.0,0.2700976612938959,0.5160217325525457,0.0,0.0,0.5,srtm_earth_engine
NSR-GRID-281,hot_day_optional,Hot Urban Heat Day,0.0,0.0,0.0,0.0,40.0,43.0,35.0,10.0,14,False,0,0.0,0.0,50.0,0.0,197.1705336616067,180.0,210.0,6.46331740981108,0.0,0.0,0.0,0.0,0.8600000000000001,0.0,0.0,0.0,0.2700976612938959,0.5160217325525457,0.0,0.0,0.5,srtm_earth_engine
NSR-GRID-282,normal_day,Normal Dry Day,0.0,0.0,0.0,0.0,30.0,31.0,45.0,12.0,12,False,0,0.0,0.0,50.0,0.0,204.79100071759424,190.0,216.0,4.363404869448068,0.0,0.0,0.0,0.0,0.42000000000000004,0.18867924528301888,0.1,0.0,0.2336332177446168,0.7242476587310649,0.0,0.0,0.5,srtm_earth_engine
NSR-GRID-282,light_rain,Light Rain,2.0,4.0,5.0,7.0,25.0,25.5,65.0,15.0,9,True,0,0.0,0.0,50.0,0.0,204.79100071759424,190.0,216.0,4.363404869448068,0.0,0.0,0.13333333333333333,0.132,0.21000000000000002,0.5660377358490566,0.25,1.0,0.2336332177446168,0.7242476587310649,0.0,0.0,0.5,srtm_earth_engine
NSR-GRID-282,heavy_rain_rush_hour,Heavy Rain During Rush Hour,12.0,24.0,32.0,40.0,23.0,23.5,80.0,22.0,17,True,0,0.0,0.0,50.0,0.0,204.79100071759424,190.0,216.0,4.363404869448068,0.0,0.0,0.8,0.8,0.13,0.8490566037735849,0.6,1.0,0.2336332177446168,0.7242476587310649,0.0,0.0,0.5,srtm_earth_engine
NSR-GRID-282,extreme_rain,Extreme Rain Event,25.0,50.0,70.0,90.0,22.0,22.5,88.0,30.0,18,True,0,0.0,0.0,50.0,0.0,204.79100071759424,190.0,216.0,4.363404869448068,0.0,0.0,1.0,1.0,0.09,1.0,1.0,1.0,0.2336332177446168,0.7242476587310649,0.0,0.0,0.5,srtm_earth_engine
NSR-GRID-282,hot_day_optional,Hot Urban Heat Day,0.0,0.0,0.0,0.0,40.0,43.0,35.0,10.0,14,False,0,0.0,0.0,50.0,0.0,204.79100071759424,190.0,216.0,4.363404869448068,0.0,0.0,0.0,0.0,0.8600000000000001,0.0,0.0,0.0,0.2336332177446168,0.7242476587310649,0.0,0.0,0.5,srtm_earth_engine
NSR-GRID-283,normal_day,Normal Dry Day,0.0,0.0,0.0,0.0,30.0,31.0,45.0,12.0,12,False,5,923.3366414679648,3693.346565864979,49.73858784893268,9.436265812567564,209.351587223908,198.0,220.0,3.5723126833794594,0.05185371290051342,0.008896797153024912,0.0,0.0,0.42000000000000004,0.18867924528301888,0.1,0.0,0.2118105068806656,0.8026918319861326,0.030375255026769164,0.030375255026769164,0.5091125765080308,srtm_earth_engine
NSR-GRID-283,light_rain,Light Rain,2.0,4.0,5.0,7.0,25.0,25.5,65.0,15.0,9,True,5,923.3366414679648,3693.346565864979,49.73858784893268,9.436265812567564,209.351587223908,198.0,220.0,3.5723126833794594,0.05185371290051342,0.008896797153024912,0.13333333333333333,0.132,0.21000000000000002,0.5660377358490566,0.25,1.0,0.2118105068806656,0.8026918319861326,0.030375255026769164,0.030375255026769164,0.5091125765080308,srtm_earth_engine
NSR-GRID-283,heavy_rain_rush_hour,Heavy Rain During Rush Hour,12.0,24.0,32.0,40.0,23.0,23.5,80.0,22.0,17,True,5,923.3366414679648,3693.346565864979,49.73858784893268,9.436265812567564,209.351587223908,198.0,220.0,3.5723126833794594,0.05185371290051342,0.008896797153024912,0.8,0.8,0.13,0.8490566037735849,0.6,1.0,0.2118105068806656,0.8026918319861326,0.030375255026769164,0.030375255026769164,0.5091125765080308,srtm_earth_engine
NSR-GRID-283,extreme_rain,Extreme Rain Event,25.0,50.0,70.0,90.0,22.0,22.5,88.0,30.0,18,True,5,923.3366414679648,3693.346565864979,49.73858784893268,9.436265812567564,209.351587223908,198.0,220.0,3.5723126833794594,0.05185371290051342,0.008896797153024912,1.0,1.0,0.09,1.0,1.0,1.0,0.2118105068806656,0.8026918319861326,0.030375255026769164,0.030375255026769164,0.5091125765080308,srtm_earth_engine
NSR-GRID-283,hot_day_optional,Hot Urban Heat Day,0.0,0.0,0.0,0.0,40.0,43.0,35.0,10.0,14,False,5,923.3366414679648,3693.346565864979,49.73858784893268,9.436265812567564,209.351587223908,198.0,220.0,3.5723126833794594,0.05185371290051342,0.008896797153024912,0.0,0.0,0.8600000000000001,0.0,0.0,0.0,0.2118105068806656,0.8026918319861326,0.030375255026769164,0.030375255026769164,0.5091125765080308,srtm_earth_engine
NSR-GRID-284,normal_day,Normal Dry Day,0.0,0.0,0.0,0.0,30.0,31.0,45.0,12.0,12,False,10,1700.3209006636976,6801.283602635787,23.5,26.047469116550257,203.91126836347027,188.0,216.0,4.649195788445286,0.09548841436802728,0.017793594306049824,0.0,0.0,0.42000000000000004,0.18867924528301888,0.1,0.0,0.2378427957835668,0.6959088219186906,0.05664100433703855,0.05664100433703855,0.5169923013011115,srtm_earth_engine
NSR-GRID-284,light_rain,Light Rain,2.0,4.0,5.0,7.0,25.0,25.5,65.0,15.0,9,True,10,1700.3209006636976,6801.283602635787,23.5,26.047469116550257,203.91126836347027,188.0,216.0,4.649195788445286,0.09548841436802728,0.017793594306049824,0.13333333333333333,0.132,0.21000000000000002,0.5660377358490566,0.25,1.0,0.2378427957835668,0.6959088219186906,0.05664100433703855,0.05664100433703855,0.5169923013011115,srtm_earth_engine
NSR-GRID-284,heavy_rain_rush_hour,Heavy Rain During Rush Hour,12.0,24.0,32.0,40.0,23.0,23.5,80.0,22.0,17,True,10,1700.3209006636976,6801.283602635787,23.5,26.047469116550257,203.91126836347027,188.0,216.0,4.649195788445286,0.09548841436802728,0.017793594306049824,0.8,0.8,0.13,0.8490566037735849,0.6,1.0,0.2378427957835668,0.6959088219186906,0.05664100433703855,0.05664100433703855,0.5169923013011115,srtm_earth_engine
NSR-GRID-284,extreme_rain,Extreme Rain Event,25.0,50.0,70.0,90.0,22.0,22.5,88.0,30.0,18,True,10,1700.3209006636976,6801.283602635787,23.5,26.047469116550257,203.91126836347027,188.0,216.0,4.649195788445286,0.09548841436802728,0.017793594306049824,1.0,1.0,0.09,1.0,1.0,1.0,0.2378427957835668,0.6959088219186906,0.05664100433703855,0.05664100433703855,0.5169923013011115,srtm_earth_engine
NSR-GRID-284,hot_day_optional,Hot Urban Heat Day,0.0,0.0,0.0,0.0,40.0,43.0,35.0,10.0,14,False,10,1700.3209006636976,6801.283602635787,23.5,26.047469116550257,203.91126836347027,188.0,216.0,4.649195788445286,0.09548841436802728,0.017793594306049824,0.0,0.0,0.8600000000000001,0.0,0.0,0.0,0.2378427957835668,0.6959088219186906,0.05664100433703855,0.05664100433703855,0.5169923013011115,srtm_earth_engine
NSR-GRID-285,normal_day,Normal Dry Day,0.0,0.0,0.0,0.0,30.0,31.0,45.0,12.0,12,False,0,0.0,0.0,50.0,0.0,138.00696405044232,131.0,144.0,3.0828790412141225,0.0,0.0,0.0,0.0,0.42000000000000004,0.18867924528301888,0.1,0.0,0.553199291208439,0.8512237453320025,0.0,0.0,0.5,srtm_earth_engine
NSR-GRID-285,light_rain,Light Rain,2.0,4.0,5.0,7.0,25.0,25.5,65.0,15.0,9,True,0,0.0,0.0,50.0,0.0,138.00696405044232,131.0,144.0,3.0828790412141225,0.0,0.0,0.13333333333333333,0.132,0.21000000000000002,0.5660377358490566,0.25,1.0,0.553199291208439,0.8512237453320025,0.0,0.0,0.5,srtm_earth_engine
NSR-GRID-285,heavy_rain_rush_hour,Heavy Rain During Rush Hour,12.0,24.0,32.0,40.0,23.0,23.5,80.0,22.0,17,True,0,0.0,0.0,50.0,0.0,138.00696405044232,131.0,144.0,3.0828790412141225,0.0,0.0,0.8,0.8,0.13,0.8490566037735849,0.6,1.0,0.553199291208439,0.8512237453320025,0.0,0.0,0.5,srtm_earth_engine
NSR-GRID-285,extreme_rain,Extreme Rain Event,25.0,50.0,70.0,90.0,22.0,22.5,88.0,30.0,18,True,0,0.0,0.0,50.0,0.0,138.00696405044232,131.0,144.0,3.0828790412141225,0.0,0.0,1.0,1.0,0.09,1.0,1.0,1.0,0.553199291208439,0.8512237453320025,0.0,0.0,0.5,srtm_earth_engine
NSR-GRID-285,hot_day_optional,Hot Urban Heat Day,0.0,0.0,0.0,0.0,40.0,43.0,35.0,10.0,14,False,0,0.0,0.0,50.0,0.0,138.00696405044232,131.0,144.0,3.0828790412141225,0.0,0.0,0.0,0.0,0.8600000000000001,0.0,0.0,0.0,0.553199291208439,0.8512237453320025,0.0,0.0,0.5,srtm_earth_engine
NSR-GRID-286,normal_day,Normal Dry Day,0.0,0.0,0.0,0.0,30.0,31.0,45.0,12.0,12,False,0,0.0,0.0,50.0,0.0,215.7382245393,204.0,229.0,4.282179054718336,0.0,0.0,0.0,0.0,0.42000000000000004,0.18867924528301888,0.1,0.0,0.181250021001542,0.7323019563156583,0.0,0.0,0.5,srtm_earth_engine
NSR-GRID-286,light_rain,Light Rain,2.0,4.0,5.0,7.0,25.0,25.5,65.0,15.0,9,True,0,0.0,0.0,50.0,0.0,215.7382245393,204.0,229.0,4.282179054718336,0.0,0.0,0.13333333333333333,0.132,0.21000000000000002,0.5660377358490566,0.25,1.0,0.181250021001542,0.7323019563156583,0.0,0.0,0.5,srtm_earth_engine
NSR-GRID-286,heavy_rain_rush_hour,Heavy Rain During Rush Hour,12.0,24.0,32.0,40.0,23.0,23.5,80.0,22.0,17,True,0,0.0,0.0,50.0,0.0,215.7382245393,204.0,229.0,4.282179054718336,0.0,0.0,0.8,0.8,0.13,0.8490566037735849,0.6,1.0,0.181250021001542,0.7323019563156583,0.0,0.0,0.5,srtm_earth_engine
NSR-GRID-286,extreme_rain,Extreme Rain Event,25.0,50.0,70.0,90.0,22.0,22.5,88.0,30.0,18,True,0,0.0,0.0,50.0,0.0,215.7382245393,204.0,229.0,4.282179054718336,0.0,0.0,1.0,1.0,0.09,1.0,1.0,1.0,0.181250021001542,0.7323019563156583,0.0,0.0,0.5,srtm_earth_engine
NSR-GRID-286,hot_day_optional,Hot Urban Heat Day,0.0,0.0,0.0,0.0,40.0,43.0,35.0,10.0,14,False,0,0.0,0.0,50.0,0.0,215.7382245393,204.0,229.0,4.282179054718336,0.0,0.0,0.0,0.0,0.8600000000000001,0.0,0.0,0.0,0.181250021001542,0.7323019563156583,0.0,0.0,0.5,srtm_earth_engine
NSR-GRID-287,normal_day,Normal Dry Day,0.0,0.0,0.0,0.0,30.0,31.0,45.0,12.0,12,False,0,0.0,0.0,50.0,0.0,144.35134077756945,132.0,153.0,3.4630483344973344,0.0,0.0,0.0,0.0,0.42000000000000004,0.18867924528301888,0.1,0.0,0.5228410250651695,0.813526411906466,0.0,0.0,0.5,srtm_earth_engine
NSR-GRID-287,light_rain,Light Rain,2.0,4.0,5.0,7.0,25.0,25.5,65.0,15.0,9,True,0,0.0,0.0,50.0,0.0,144.35134077756945,132.0,153.0,3.4630483344973344,0.0,0.0,0.13333333333333333,0.132,0.21000000000000002,0.5660377358490566,0.25,1.0,0.5228410250651695,0.813526411906466,0.0,0.0,0.5,srtm_earth_engine
NSR-GRID-287,heavy_rain_rush_hour,Heavy Rain During Rush Hour,12.0,24.0,32.0,40.0,23.0,23.5,80.0,22.0,17,True,0,0.0,0.0,50.0,0.0,144.35134077756945,132.0,153.0,3.4630483344973344,0.0,0.0,0.8,0.8,0.13,0.8490566037735849,0.6,1.0,0.5228410250651695,0.813526411906466,0.0,0.0,0.5,srtm_earth_engine
NSR-GRID-287,extreme_rain,Extreme Rain Event,25.0,50.0,70.0,90.0,22.0,22.5,88.0,30.0,18,True,0,0.0,0.0,50.0,0.0,144.35134077756945,132.0,153.0,3.4630483344973344,0.0,0.0,1.0,1.0,0.09,1.0,1.0,1.0,0.5228410250651695,0.813526411906466,0.0,0.0,0.5,srtm_earth_engine
NSR-GRID-287,hot_day_optional,Hot Urban Heat Day,0.0,0.0,0.0,0.0,40.0,43.0,35.0,10.0,14,False,0,0.0,0.0,50.0,0.0,144.35134077756945,132.0,153.0,3.4630483344973344,0.0,0.0,0.0,0.0,0.8600000000000001,0.0,0.0,0.0,0.5228410250651695,0.813526411906466,0.0,0.0,0.5,srtm_earth_engine
NSR-GRID-288,normal_day,Normal Dry Day,0.0,0.0,0.0,0.0,30.0,31.0,45.0,12.0,12,False,0,0.0,0.0,50.0,0.0,151.68039522598315,146.0,159.0,2.586785037989627,0.0,0.0,0.0,0.0,0.42000000000000004,0.18867924528301888,0.1,0.0,0.4877710102956952,0.900416095635874,0.0,0.0,0.5,srtm_earth_engine
NSR-GRID-288,light_rain,Light Rain,2.0,4.0,5.0,7.0,25.0,25.5,65.0,15.0,9,True,0,0.0,0.0,50.0,0.0,151.68039522598315,146.0,159.0,2.586785037989627,0.0,0.0,0.13333333333333333,0.132,0.21000000000000002,0.5660377358490566,0.25,1.0,0.4877710102956952,0.900416095635874,0.0,0.0,0.5,srtm_earth_engine
NSR-GRID-288,heavy_rain_rush_hour,Heavy Rain During Rush Hour,12.0,24.0,32.0,40.0,23.0,23.5,80.0,22.0,17,True,0,0.0,0.0,50.0,0.0,151.68039522598315,146.0,159.0,2.586785037989627,0.0,0.0,0.8,0.8,0.13,0.8490566037735849,0.6,1.0,0.4877710102956952,0.900416095635874,0.0,0.0,0.5,srtm_earth_engine
NSR-GRID-288,extreme_rain,Extreme Rain Event,25.0,50.0,70.0,90.0,22.0,22.5,88.0,30.0,18,True,0,0.0,0.0,50.0,0.0,151.68039522598315,146.0,159.0,2.586785037989627,0.0,0.0,1.0,1.0,0.09,1.0,1.0,1.0,0.4877710102956952,0.900416095635874,0.0,0.0,0.5,srtm_earth_engine
NSR-GRID-288,hot_day_optional,Hot Urban Heat Day,0.0,0.0,0.0,0.0,40.0,43.0,35.0,10.0,14,False,0,0.0,0.0,50.0,0.0,151.68039522598315,146.0,159.0,2.586785037989627,0.0,0.0,0.0,0.0,0.8600000000000001,0.0,0.0,0.0,0.4877710102956952,0.900416095635874,0.0,0.0,0.5,srtm_earth_engine
NSR-GRID-289,normal_day,Normal Dry Day,0.0,0.0,0.0,0.0,30.0,31.0,45.0,12.0,12,False,7,2739.0221392424683,10956.088556969871,66.7270701384002,21.53601854801928,157.90327630913745,151.0,168.0,3.016512340532847,0.1538208939817334,0.012455516014234875,0.0,0.0,0.42000000000000004,0.18867924528301888,0.1,0.0,0.4579941089189919,0.8578046230834074,0.08313820499798413,0.08313820499798413,0.5249414614993952,srtm_earth_engine
NSR-GRID-289,light_rain,Light Rain,2.0,4.0,5.0,7.0,25.0,25.5,65.0,15.0,9,True,7,2739.0221392424683,10956.088556969871,66.7270701384002,21.53601854801928,157.90327630913745,151.0,168.0,3.016512340532847,0.1538208939817334,0.012455516014234875,0.13333333333333333,0.132,0.21000000000000002,0.5660377358490566,0.25,1.0,0.4579941089189919,0.8578046230834074,0.08313820499798413,0.08313820499798413,0.5249414614993952,srtm_earth_engine
NSR-GRID-289,heavy_rain_rush_hour,Heavy Rain During Rush Hour,12.0,24.0,32.0,40.0,23.0,23.5,80.0,22.0,17,True,7,2739.0221392424683,10956.088556969871,66.7270701384002,21.53601854801928,157.90327630913745,151.0,168.0,3.016512340532847,0.1538208939817334,0.012455516014234875,0.8,0.8,0.13,0.8490566037735849,0.6,1.0,0.4579941089189919,0.8578046230834074,0.08313820499798413,0.08313820499798413,0.5249414614993952,srtm_earth_engine
NSR-GRID-289,extreme_rain,Extreme Rain Event,25.0,50.0,70.0,90.0,22.0,22.5,88.0,30.0,18,True,7,2739.0221392424683,10956.088556969871,66.7270701384002,21.53601854801928,157.90327630913745,151.0,168.0,3.016512340532847,0.1538208939817334,0.012455516014234875,1.0,1.0,0.09,1.0,1.0,1.0,0.4579941089189919,0.8578046230834074,0.08313820499798413,0.08313820499798413,0.5249414614993952,srtm_earth_engine
NSR-GRID-289,hot_day_optional,Hot Urban Heat Day,0.0,0.0,0.0,0.0,40.0,43.0,35.0,10.0,14,False,7,2739.0221392424683,10956.088556969871,66.7270701384002,21.53601854801928,157.90327630913745,151.0,168.0,3.016512340532847,0.1538208939817334,0.012455516014234875,0.0,0.0,0.8600000000000001,0.0,0.0,0.0,0.4579941089189919,0.8578046230834074,0.08313820499798413,0.08313820499798413,0.5249414614993952,srtm_earth_engine
NSR-GRID-290,normal_day,Normal Dry Day,0.0,0.0,0.0,0.0,30.0,31.0,45.0,12.0,12,False,28,3884.194940094522,15536.779760392556,39.31632653061224,16.631430670877375,166.5725160974813,147.0,185.0,7.3371033377738275,0.21813271587883684,0.0498220640569395,0.0,0.0,0.42000000000000004,0.18867924528301888,0.1,0.0,0.4165112178370276,0.4293777030348463,0.13397738996788816,0.13397738996788816,0.5401932169903665,srtm_earth_engine
NSR-GRID-290,light_rain,Light Rain,2.0,4.0,5.0,7.0,25.0,25.5,65.0,15.0,9,True,28,3884.194940094522,15536.779760392556,39.31632653061224,16.631430670877375,166.5725160974813,147.0,185.0,7.3371033377738275,0.21813271587883684,0.0498220640569395,0.13333333333333333,0.132,0.21000000000000002,0.5660377358490566,0.25,1.0,0.4165112178370276,0.4293777030348463,0.13397738996788816,0.13397738996788816,0.5401932169903665,srtm_earth_engine
NSR-GRID-290,heavy_rain_rush_hour,Heavy Rain During Rush Hour,12.0,24.0,32.0,40.0,23.0,23.5,80.0,22.0,17,True,28,3884.194940094522,15536.779760392556,39.31632653061224,16.631430670877375,166.5725160974813,147.0,185.0,7.3371033377738275,0.21813271587883684,0.0498220640569395,0.8,0.8,0.13,0.8490566037735849,0.6,1.0,0.4165112178370276,0.4293777030348463,0.13397738996788816,0.13397738996788816,0.5401932169903665,srtm_earth_engine
NSR-GRID-290,extreme_rain,Extreme Rain Event,25.0,50.0,70.0,90.0,22.0,22.5,88.0,30.0,18,True,28,3884.194940094522,15536.779760392556,39.31632653061224,16.631430670877375,166.5725160974813,147.0,185.0,7.3371033377738275,0.21813271587883684,0.0498220640569395,1.0,1.0,0.09,1.0,1.0,1.0,0.4165112178370276,0.4293777030348463,0.13397738996788816,0.13397738996788816,0.5401932169903665,srtm_earth_engine
NSR-GRID-290,hot_day_optional,Hot Urban Heat Day,0.0,0.0,0.0,0.0,40.0,43.0,35.0,10.0,14,False,28,3884.194940094522,15536.779760392556,39.31632653061224,16.631430670877375,166.5725160974813,147.0,185.0,7.3371033377738275,0.21813271587883684,0.0498220640569395,0.0,0.0,0.8600000000000001,0.0,0.0,0.0,0.4165112178370276,0.4293777030348463,0.13397738996788816,0.13397738996788816,0.5401932169903665,srtm_earth_engine
NSR-GRID-291,normal_day,Normal Dry Day,0.0,0.0,0.0,0.0,30.0,31.0,45.0,12.0,12,False,31,3173.182533703912,12692.73013482747,23.5,15.680792204988448,175.00096197743434,162.0,190.0,5.811411635246965,0.1782029312975932,0.05516014234875445,0.0,0.0,0.42000000000000004,0.18867924528301888,0.1,0.0,0.3761805416803448,0.5806642741253827,0.11668153682317384,0.11668153682317384,0.5350044610469522,srtm_earth_engine
NSR-GRID-291,light_rain,Light Rain,2.0,4.0,5.0,7.0,25.0,25.5,65.0,15.0,9,True,31,3173.182533703912,12692.73013482747,23.5,15.680792204988448,175.00096197743434,162.0,190.0,5.811411635246965,0.1782029312975932,0.05516014234875445,0.13333333333333333,0.132,0.21000000000000002,0.5660377358490566,0.25,1.0,0.3761805416803448,0.5806642741253827,0.11668153682317384,0.11668153682317384,0.5350044610469522,srtm_earth_engine
NSR-GRID-291,heavy_rain_rush_hour,Heavy Rain During Rush Hour,12.0,24.0,32.0,40.0,23.0,23.5,80.0,22.0,17,True,31,3173.182533703912,12692.73013482747,23.5,15.680792204988448,175.00096197743434,162.0,190.0,5.811411635246965,0.1782029312975932,0.05516014234875445,0.8,0.8,0.13,0.8490566037735849,0.6,1.0,0.3761805416803448,0.5806642741253827,0.11668153682317384,0.11668153682317384,0.5350044610469522,srtm_earth_engine
NSR-GRID-291,extreme_rain,Extreme Rain Event,25.0,50.0,70.0,90.0,22.0,22.5,88.0,30.0,18,True,31,3173.182533703912,12692.73013482747,23.5,15.680792204988448,175.00096197743434,162.0,190.0,5.811411635246965,0.1782029312975932,0.05516014234875445,1.0,1.0,0.09,1.0,1.0,1.0,0.3761805416803448,0.5806642741253827,0.11668153682317384,0.11668153682317384,0.5350044610469522,srtm_earth_engine
NSR-GRID-291,hot_day_optional,Hot Urban Heat Day,0.0,0.0,0.0,0.0,40.0,43.0,35.0,10.0,14,False,31,3173.182533703912,12692.73013482747,23.5,15.680792204988448,175.00096197743434,162.0,190.0,5.811411635246965,0.1782029312975932,0.05516014234875445,0.0,0.0,0.8600000000000001,0.0,0.0,0.0,0.3761805416803448,0.5806642741253827,0.11668153682317384,0.11668153682317384,0.5350044610469522,srtm_earth_engine
NSR-GRID-292,normal_day,Normal Dry Day,0.0,0.0,0.0,0.0,30.0,31.0,45.0,12.0,12,False,35,4557.20851299635,18228.834052019352,23.5,19.94644455536396,180.35471876579845,160.0,191.0,4.661981736627636,0.2559285218941108,0.06227758007117438,0.0,0.0,0.42000000000000004,0.18867924528301888,0.1,0.0,0.3505624580705635,0.69464097582931,0.1591030509826426,0.1591030509826426,0.5477309152947928,srtm_earth_engine
NSR-GRID-292,light_rain,Light Rain,2.0,4.0,5.0,7.0,25.0,25.5,65.0,15.0,9,True,35,4557.20851299635,18228.834052019352,23.5,19.94644455536396,180.35471876579845,160.0,191.0,4.661981736627636,0.2559285218941108,0.06227758007117438,0.13333333333333333,0.132,0.21000000000000002,0.5660377358490566,0.25,1.0,0.3505624580705635,0.69464097582931,0.1591030509826426,0.1591030509826426,0.5477309152947928,srtm_earth_engine
NSR-GRID-292,heavy_rain_rush_hour,Heavy Rain During Rush Hour,12.0,24.0,32.0,40.0,23.0,23.5,80.0,22.0,17,True,35,4557.20851299635,18228.834052019352,23.5,19.94644455536396,180.35471876579845,160.0,191.0,4.661981736627636,0.2559285218941108,0.06227758007117438,0.8,0.8,0.13,0.8490566037735849,0.6,1.0,0.3505624580705635,0.69464097582931,0.1591030509826426,0.1591030509826426,0.5477309152947928,srtm_earth_engine
NSR-GRID-292,extreme_rain,Extreme Rain Event,25.0,50.0,70.0,90.0,22.0,22.5,88.0,30.0,18,True,35,4557.20851299635,18228.834052019352,23.5,19.94644455536396,180.35471876579845,160.0,191.0,4.661981736627636,0.2559285218941108,0.06227758007117438,1.0,1.0,0.09,1.0,1.0,1.0,0.3505624580705635,0.69464097582931,0.1591030509826426,0.1591030509826426,0.5477309152947928,srtm_earth_engine
NSR-GRID-292,hot_day_optional,Hot Urban Heat Day,0.0,0.0,0.0,0.0,40.0,43.0,35.0,10.0,14,False,35,4557.20851299635,18228.834052019352,23.5,19.94644455536396,180.35471876579845,160.0,191.0,4.661981736627636,0.2559285218941108,0.06227758007117438,0.0,0.0,0.8600000000000001,0.0,0.0,0.0,0.3505624580705635,0.69464097582931,0.1591030509826426,0.1591030509826426,0.5477309152947928,srtm_earth_engine
NSR-GRID-293,normal_day,Normal Dry Day,0.0,0.0,0.0,0.0,30.0,31.0,45.0,12.0,12,False,20,2243.9381173545985,8975.752469426754,23.5,17.18761111165224,179.0776428396771,172.0,187.0,3.9080399522999794,0.1260174433445638,0.03558718861209965,0.0,0.0,0.42000000000000004,0.18867924528301888,0.1,0.0,0.3566733516252579,0.7694013400391322,0.08080231597833172,0.08080231597833172,0.5242406947934996,srtm_earth_engine
NSR-GRID-293,light_rain,Light Rain,2.0,4.0,5.0,7.0,25.0,25.5,65.0,15.0,9,True,20,2243.9381173545985,8975.752469426754,23.5,17.18761111165224,179.0776428396771,172.0,187.0,3.9080399522999794,0.1260174433445638,0.03558718861209965,0.13333333333333333,0.132,0.21000000000000002,0.5660377358490566,0.25,1.0,0.3566733516252579,0.7694013400391322,0.08080231597833172,0.08080231597833172,0.5242406947934996,srtm_earth_engine
NSR-GRID-293,heavy_rain_rush_hour,Heavy Rain During Rush Hour,12.0,24.0,32.0,40.0,23.0,23.5,80.0,22.0,17,True,20,2243.9381173545985,8975.752469426754,23.5,17.18761111165224,179.0776428396771,172.0,187.0,3.9080399522999794,0.1260174433445638,0.03558718861209965,0.8,0.8,0.13,0.8490566037735849,0.6,1.0,0.3566733516252579,0.7694013400391322,0.08080231597833172,0.08080231597833172,0.5242406947934996,srtm_earth_engine
NSR-GRID-293,extreme_rain,Extreme Rain Event,25.0,50.0,70.0,90.0,22.0,22.5,88.0,30.0,18,True,20,2243.9381173545985,8975.752469426754,23.5,17.18761111165224,179.0776428396771,172.0,187.0,3.9080399522999794,0.1260174433445638,0.03558718861209965,1.0,1.0,0.09,1.0,1.0,1.0,0.3566733516252579,0.7694013400391322,0.08080231597833172,0.08080231597833172,0.5242406947934996,srtm_earth_engine
NSR-GRID-293,hot_day_optional,Hot Urban Heat Day,0.0,0.0,0.0,0.0,40.0,43.0,35.0,10.0,14,False,20,2243.9381173545985,8975.752469426754,23.5,17.18761111165224,179.0776428396771,172.0,187.0,3.9080399522999794,0.1260174433445638,0.03558718861209965,0.0,0.0,0.8600000000000001,0.0,0.0,0.0,0.3566733516252579,0.7694013400391322,0.08080231597833172,0.08080231597833172,0.5242406947934996,srtm_earth_engine
NSR-GRID-294,normal_day,Normal Dry Day,0.0,0.0,0.0,0.0,30.0,31.0,45.0,12.0,12,False,0,0.0,0.0,50.0,0.0,184.51118502576145,168.0,194.0,4.033827379546092,0.0,0.0,0.0,0.0,0.42000000000000004,0.18867924528301888,0.1,0.0,0.3306734895614985,0.756928342694487,0.0,0.0,0.5,srtm_earth_engine
NSR-GRID-294,light_rain,Light Rain,2.0,4.0,5.0,7.0,25.0,25.5,65.0,15.0,9,True,0,0.0,0.0,50.0,0.0,184.51118502576145,168.0,194.0,4.033827379546092,0.0,0.0,0.13333333333333333,0.132,0.21000000000000002,0.5660377358490566,0.25,1.0,0.3306734895614985,0.756928342694487,0.0,0.0,0.5,srtm_earth_engine
NSR-GRID-294,heavy_rain_rush_hour,Heavy Rain During Rush Hour,12.0,24.0,32.0,40.0,23.0,23.5,80.0,22.0,17,True,0,0.0,0.0,50.0,0.0,184.51118502576145,168.0,194.0,4.033827379546092,0.0,0.0,0.8,0.8,0.13,0.8490566037735849,0.6,1.0,0.3306734895614985,0.756928342694487,0.0,0.0,0.5,srtm_earth_engine
NSR-GRID-294,extreme_rain,Extreme Rain Event,25.0,50.0,70.0,90.0,22.0,22.5,88.0,30.0,18,True,0,0.0,0.0,50.0,0.0,184.51118502576145,168.0,194.0,4.033827379546092,0.0,0.0,1.0,1.0,0.09,1.0,1.0,1.0,0.3306734895614985,0.756928342694487,0.0,0.0,0.5,srtm_earth_engine
NSR-GRID-294,hot_day_optional,Hot Urban Heat Day,0.0,0.0,0.0,0.0,40.0,43.0,35.0,10.0,14,False,0,0.0,0.0,50.0,0.0,184.51118502576145,168.0,194.0,4.033827379546092,0.0,0.0,0.0,0.0,0.8600000000000001,0.0,0.0,0.0,0.3306734895614985,0.756928342694487,0.0,0.0,0.5,srtm_earth_engine
NSR-GRID-295,normal_day,Normal Dry Day,0.0,0.0,0.0,0.0,30.0,31.0,45.0,12.0,12,False,0,0.0,0.0,50.0,0.0,192.5352500856178,183.0,206.0,4.5409264721149,0.0,0.0,0.0,0.0,0.42000000000000004,0.18867924528301888,0.1,0.0,0.2922778026224701,0.7066447350752034,0.0,0.0,0.5,srtm_earth_engine
NSR-GRID-295,light_rain,Light Rain,2.0,4.0,5.0,7.0,25.0,25.5,65.0,15.0,9,True,0,0.0,0.0,50.0,0.0,192.5352500856178,183.0,206.0,4.5409264721149,0.0,0.0,0.13333333333333333,0.132,0.21000000000000002,0.5660377358490566,0.25,1.0,0.2922778026224701,0.7066447350752034,0.0,0.0,0.5,srtm_earth_engine
NSR-GRID-295,heavy_rain_rush_hour,Heavy Rain During Rush Hour,12.0,24.0,32.0,40.0,23.0,23.5,80.0,22.0,17,True,0,0.0,0.0,50.0,0.0,192.5352500856178,183.0,206.0,4.5409264721149,0.0,0.0,0.8,0.8,0.13,0.8490566037735849,0.6,1.0,0.2922778026224701,0.7066447350752034,0.0,0.0,0.5,srtm_earth_engine
NSR-GRID-295,extreme_rain,Extreme Rain Event,25.0,50.0,70.0,90.0,22.0,22.5,88.0,30.0,18,True,0,0.0,0.0,50.0,0.0,192.5352500856178,183.0,206.0,4.5409264721149,0.0,0.0,1.0,1.0,0.09,1.0,1.0,1.0,0.2922778026224701,0.7066447350752034,0.0,0.0,0.5,srtm_earth_engine
NSR-GRID-295,hot_day_optional,Hot Urban Heat Day,0.0,0.0,0.0,0.0,40.0,43.0,35.0,10.0,14,False,0,0.0,0.0,50.0,0.0,192.5352500856178,183.0,206.0,4.5409264721149,0.0,0.0,0.0,0.0,0.8600000000000001,0.0,0.0,0.0,0.2922778026224701,0.7066447350752034,0.0,0.0,0.5,srtm_earth_engine
NSR-GRID-296,normal_day,Normal Dry Day,0.0,0.0,0.0,0.0,30.0,31.0,45.0,12.0,12,False,0,0.0,0.0,50.0,0.0,199.89766077104883,184.0,211.0,5.453404718800212,0.0,0.0,0.0,0.0,0.42000000000000004,0.18867924528301888,0.1,0.0,0.2570481760322508,0.6161640010533214,0.0,0.0,0.5,srtm_earth_engine
NSR-GRID-296,light_rain,Light Rain,2.0,4.0,5.0,7.0,25.0,25.5,65.0,15.0,9,True,0,0.0,0.0,50.0,0.0,199.89766077104883,184.0,211.0,5.453404718800212,0.0,0.0,0.13333333333333333,0.132,0.21000000000000002,0.5660377358490566,0.25,1.0,0.2570481760322508,0.6161640010533214,0.0,0.0,0.5,srtm_earth_engine
NSR-GRID-296,heavy_rain_rush_hour,Heavy Rain During Rush Hour,12.0,24.0,32.0,40.0,23.0,23.5,80.0,22.0,17,True,0,0.0,0.0,50.0,0.0,199.89766077104883,184.0,211.0,5.453404718800212,0.0,0.0,0.8,0.8,0.13,0.8490566037735849,0.6,1.0,0.2570481760322508,0.6161640010533214,0.0,0.0,0.5,srtm_earth_engine
NSR-GRID-296,extreme_rain,Extreme Rain Event,25.0,50.0,70.0,90.0,22.0,22.5,88.0,30.0,18,True,0,0.0,0.0,50.0,0.0,199.89766077104883,184.0,211.0,5.453404718800212,0.0,0.0,1.0,1.0,0.09,1.0,1.0,1.0,0.2570481760322508,0.6161640010533214,0.0,0.0,0.5,srtm_earth_engine
NSR-GRID-296,hot_day_optional,Hot Urban Heat Day,0.0,0.0,0.0,0.0,40.0,43.0,35.0,10.0,14,False,0,0.0,0.0,50.0,0.0,199.89766077104883,184.0,211.0,5.453404718800212,0.0,0.0,0.0,0.0,0.8600000000000001,0.0,0.0,0.0,0.2570481760322508,0.6161640010533214,0.0,0.0,0.5,srtm_earth_engine
NSR-GRID-297,normal_day,Normal Dry Day,0.0,0.0,0.0,0.0,30.0,31.0,45.0,12.0,12,False,0,0.0,0.0,50.0,0.0,211.94133568121063,184.0,223.0,6.688578045940412,0.0,0.0,0.0,0.0,0.42000000000000004,0.18867924528301888,0.1,0.0,0.199418387639897,0.4936850381959874,0.0,0.0,0.5,srtm_earth_engine
NSR-GRID-297,light_rain,Light Rain,2.0,4.0,5.0,7.0,25.0,25.5,65.0,15.0,9,True,0,0.0,0.0,50.0,0.0,211.94133568121063,184.0,223.0,6.688578045940412,0.0,0.0,0.13333333333333333,0.132,0.21000000000000002,0.5660377358490566,0.25,1.0,0.199418387639897,0.4936850381959874,0.0,0.0,0.5,srtm_earth_engine
NSR-GRID-297,heavy_rain_rush_hour,Heavy Rain During Rush Hour,12.0,24.0,32.0,40.0,23.0,23.5,80.0,22.0,17,True,0,0.0,0.0,50.0,0.0,211.94133568121063,184.0,223.0,6.688578045940412,0.0,0.0,0.8,0.8,0.13,0.8490566037735849,0.6,1.0,0.199418387639897,0.4936850381959874,0.0,0.0,0.5,srtm_earth_engine
NSR-GRID-297,extreme_rain,Extreme Rain Event,25.0,50.0,70.0,90.0,22.0,22.5,88.0,30.0,18,True,0,0.0,0.0,50.0,0.0,211.94133568121063,184.0,223.0,6.688578045940412,0.0,0.0,1.0,1.0,0.09,1.0,1.0,1.0,0.199418387639897,0.4936850381959874,0.0,0.0,0.5,srtm_earth_engine
NSR-GRID-297,hot_day_optional,Hot Urban Heat Day,0.0,0.0,0.0,0.0,40.0,43.0,35.0,10.0,14,False,0,0.0,0.0,50.0,0.0,211.94133568121063,184.0,223.0,6.688578045940412,0.0,0.0,0.0,0.0,0.8600000000000001,0.0,0.0,0.0,0.199418387639897,0.4936850381959874,0.0,0.0,0.5,srtm_earth_engine
NSR-GRID-298,normal_day,Normal Dry Day,0.0,0.0,0.0,0.0,30.0,31.0,45.0,12.0,12,False,5,342.86884762460124,1371.4753905009595,61.417898193760266,4.019440221006995,217.879091309382,208.0,225.0,4.295903584968942,0.019255190348621117,0.008896797153024912,0.0,0.0,0.42000000000000004,0.18867924528301888,0.1,0.0,0.1710058305981671,0.7309410410547287,0.014075993750823013,0.014075993750823013,0.504222798125247,srtm_earth_engine
NSR-GRID-298,light_rain,Light Rain,2.0,4.0,5.0,7.0,25.0,25.5,65.0,15.0,9,True,5,342.86884762460124,1371.4753905009595,61.417898193760266,4.019440221006995,217.879091309382,208.0,225.0,4.295903584968942,0.019255190348621117,0.008896797153024912,0.13333333333333333,0.132,0.21000000000000002,0.5660377358490566,0.25,1.0,0.1710058305981671,0.7309410410547287,0.014075993750823013,0.014075993750823013,0.504222798125247,srtm_earth_engine
NSR-GRID-298,heavy_rain_rush_hour,Heavy Rain During Rush Hour,12.0,24.0,32.0,40.0,23.0,23.5,80.0,22.0,17,True,5,342.86884762460124,1371.4753905009595,61.417898193760266,4.019440221006995,217.879091309382,208.0,225.0,4.295903584968942,0.019255190348621117,0.008896797153024912,0.8,0.8,0.13,0.8490566037735849,0.6,1.0,0.1710058305981671,0.7309410410547287,0.014075993750823013,0.014075993750823013,0.504222798125247,srtm_earth_engine
NSR-GRID-298,extreme_rain,Extreme Rain Event,25.0,50.0,70.0,90.0,22.0,22.5,88.0,30.0,18,True,5,342.86884762460124,1371.4753905009595,61.417898193760266,4.019440221006995,217.879091309382,208.0,225.0,4.295903584968942,0.019255190348621117,0.008896797153024912,1.0,1.0,0.09,1.0,1.0,1.0,0.1710058305981671,0.7309410410547287,0.014075993750823013,0.014075993750823013,0.504222798125247,srtm_earth_engine
NSR-GRID-298,hot_day_optional,Hot Urban Heat Day,0.0,0.0,0.0,0.0,40.0,43.0,35.0,10.0,14,False,5,342.86884762460124,1371.4753905009595,61.417898193760266,4.019440221006995,217.879091309382,208.0,225.0,4.295903584968942,0.019255190348621117,0.008896797153024912,0.0,0.0,0.8600000000000001,0.0,0.0,0.0,0.1710058305981671,0.7309410410547287,0.014075993750823013,0.014075993750823013,0.504222798125247,srtm_earth_engine
NSR-GRID-299,normal_day,Normal Dry Day,0.0,0.0,0.0,0.0,30.0,31.0,45.0,12.0,12,False,0,0.0,0.0,50.0,0.0,217.2922976607709,206.0,230.0,4.684641938570393,0.0,0.0,0.0,0.0,0.42000000000000004,0.18867924528301888,0.1,0.0,0.1738136773768027,0.6923940053263826,0.0,0.0,0.5,srtm_earth_engine
NSR-GRID-299,light_rain,Light Rain,2.0,4.0,5.0,7.0,25.0,25.5,65.0,15.0,9,True,0,0.0,0.0,50.0,0.0,217.2922976607709,206.0,230.0,4.684641938570393,0.0,0.0,0.13333333333333333,0.132,0.21000000000000002,0.5660377358490566,0.25,1.0,0.1738136773768027,0.6923940053263826,0.0,0.0,0.5,srtm_earth_engine
NSR-GRID-299,heavy_rain_rush_hour,Heavy Rain During Rush Hour,12.0,24.0,32.0,40.0,23.0,23.5,80.0,22.0,17,True,0,0.0,0.0,50.0,0.0,217.2922976607709,206.0,230.0,4.684641938570393,0.0,0.0,0.8,0.8,0.13,0.8490566037735849,0.6,1.0,0.1738136773768027,0.6923940053263826,0.0,0.0,0.5,srtm_earth_engine
NSR-GRID-299,extreme_rain,Extreme Rain Event,25.0,50.0,70.0,90.0,22.0,22.5,88.0,30.0,18,True,0,0.0,0.0,50.0,0.0,217.2922976607709,206.0,230.0,4.684641938570393,0.0,0.0,1.0,1.0,0.09,1.0,1.0,1.0,0.1738136773768027,0.6923940053263826,0.0,0.0,0.5,srtm_earth_engine
NSR-GRID-299,hot_day_optional,Hot Urban Heat Day,0.0,0.0,0.0,0.0,40.0,43.0,35.0,10.0,14,False,0,0.0,0.0,50.0,0.0,217.2922976607709,206.0,230.0,4.684641938570393,0.0,0.0,0.0,0.0,0.8600000000000001,0.0,0.0,0.0,0.1738136773768027,0.6923940053263826,0.0,0.0,0.5,srtm_earth_engine
NSR-GRID-300,normal_day,Normal Dry Day,0.0,0.0,0.0,0.0,30.0,31.0,45.0,12.0,12,False,0,0.0,0.0,50.0,0.0,137.4515698285791,129.0,149.0,3.9966715295974864,0.0,0.0,0.0,0.0,0.42000000000000004,0.18867924528301888,0.1,0.0,0.5558568896340913,0.7606126919803677,0.0,0.0,0.5,srtm_earth_engine
NSR-GRID-300,light_rain,Light Rain,2.0,4.0,5.0,7.0,25.0,25.5,65.0,15.0,9,True,0,0.0,0.0,50.0,0.0,137.4515698285791,129.0,149.0,3.9966715295974864,0.0,0.0,0.13333333333333333,0.132,0.21000000000000002,0.5660377358490566,0.25,1.0,0.5558568896340913,0.7606126919803677,0.0,0.0,0.5,srtm_earth_engine
NSR-GRID-300,heavy_rain_rush_hour,Heavy Rain During Rush Hour,12.0,24.0,32.0,40.0,23.0,23.5,80.0,22.0,17,True,0,0.0,0.0,50.0,0.0,137.4515698285791,129.0,149.0,3.9966715295974864,0.0,0.0,0.8,0.8,0.13,0.8490566037735849,0.6,1.0,0.5558568896340913,0.7606126919803677,0.0,0.0,0.5,srtm_earth_engine
NSR-GRID-300,extreme_rain,Extreme Rain Event,25.0,50.0,70.0,90.0,22.0,22.5,88.0,30.0,18,True,0,0.0,0.0,50.0,0.0,137.4515698285791,129.0,149.0,3.9966715295974864,0.0,0.0,1.0,1.0,0.09,1.0,1.0,1.0,0.5558568896340913,0.7606126919803677,0.0,0.0,0.5,srtm_earth_engine
NSR-GRID-300,hot_day_optional,Hot Urban Heat Day,0.0,0.0,0.0,0.0,40.0,43.0,35.0,10.0,14,False,0,0.0,0.0,50.0,0.0,137.4515698285791,129.0,149.0,3.9966715295974864,0.0,0.0,0.0,0.0,0.8600000000000001,0.0,0.0,0.0,0.5558568896340913,0.7606126919803677,0.0,0.0,0.5,srtm_earth_engine
NSR-GRID-301,normal_day,Normal Dry Day,0.0,0.0,0.0,0.0,30.0,31.0,45.0,12.0,12,False,0,0.0,0.0,50.0,0.0,130.8764705882353,130.0,133.0,2.751328408367494,0.0,0.0,0.0,0.0,0.42000000000000004,0.18867924528301888,0.1,0.0,0.587319178404442,0.884100084833089,0.0,0.0,0.5,srtm_earth_engine
NSR-GRID-301,light_rain,Light Rain,2.0,4.0,5.0,7.0,25.0,25.5,65.0,15.0,9,True,0,0.0,0.0,50.0,0.0,130.8764705882353,130.0,133.0,2.751328408367494,0.0,0.0,0.13333333333333333,0.132,0.21000000000000002,0.5660377358490566,0.25,1.0,0.587319178404442,0.884100084833089,0.0,0.0,0.5,srtm_earth_engine
NSR-GRID-301,heavy_rain_rush_hour,Heavy Rain During Rush Hour,12.0,24.0,32.0,40.0,23.0,23.5,80.0,22.0,17,True,0,0.0,0.0,50.0,0.0,130.8764705882353,130.0,133.0,2.751328408367494,0.0,0.0,0.8,0.8,0.13,0.8490566037735849,0.6,1.0,0.587319178404442,0.884100084833089,0.0,0.0,0.5,srtm_earth_engine
NSR-GRID-301,extreme_rain,Extreme Rain Event,25.0,50.0,70.0,90.0,22.0,22.5,88.0,30.0,18,True,0,0.0,0.0,50.0,0.0,130.8764705882353,130.0,133.0,2.751328408367494,0.0,0.0,1.0,1.0,0.09,1.0,1.0,1.0,0.587319178404442,0.884100084833089,0.0,0.0,0.5,srtm_earth_engine
NSR-GRID-301,hot_day_optional,Hot Urban Heat Day,0.0,0.0,0.0,0.0,40.0,43.0,35.0,10.0,14,False,0,0.0,0.0,50.0,0.0,130.8764705882353,130.0,133.0,2.751328408367494,0.0,0.0,0.0,0.0,0.8600000000000001,0.0,0.0,0.0,0.587319178404442,0.884100084833089,0.0,0.0,0.5,srtm_earth_engine
NSR-GRID-302,normal_day,Normal Dry Day,0.0,0.0,0.0,0.0,30.0,31.0,45.0,12.0,12,False,0,0.0,0.0,50.0,0.0,136.82556706114386,128.0,165.0,6.430004023058533,0.0,0.0,0.0,0.0,0.42000000000000004,0.18867924528301888,0.1,0.0,0.5588523546636133,0.5193250657520765,0.0,0.0,0.5,srtm_earth_engine
NSR-GRID-302,light_rain,Light Rain,2.0,4.0,5.0,7.0,25.0,25.5,65.0,15.0,9,True,0,0.0,0.0,50.0,0.0,136.82556706114386,128.0,165.0,6.430004023058533,0.0,0.0,0.13333333333333333,0.132,0.21000000000000002,0.5660377358490566,0.25,1.0,0.5588523546636133,0.5193250657520765,0.0,0.0,0.5,srtm_earth_engine
NSR-GRID-302,heavy_rain_rush_hour,Heavy Rain During Rush Hour,12.0,24.0,32.0,40.0,23.0,23.5,80.0,22.0,17,True,0,0.0,0.0,50.0,0.0,136.82556706114386,128.0,165.0,6.430004023058533,0.0,0.0,0.8,0.8,0.13,0.8490566037735849,0.6,1.0,0.5588523546636133,0.5193250657520765,0.0,0.0,0.5,srtm_earth_engine
NSR-GRID-302,extreme_rain,Extreme Rain Event,25.0,50.0,70.0,90.0,22.0,22.5,88.0,30.0,18,True,0,0.0,0.0,50.0,0.0,136.82556706114386,128.0,165.0,6.430004023058533,0.0,0.0,1.0,1.0,0.09,1.0,1.0,1.0,0.5588523546636133,0.5193250657520765,0.0,0.0,0.5,srtm_earth_engine
NSR-GRID-302,hot_day_optional,Hot Urban Heat Day,0.0,0.0,0.0,0.0,40.0,43.0,35.0,10.0,14,False,0,0.0,0.0,50.0,0.0,136.82556706114386,128.0,165.0,6.430004023058533,0.0,0.0,0.0,0.0,0.8600000000000001,0.0,0.0,0.0,0.5588523546636133,0.5193250657520765,0.0,0.0,0.5,srtm_earth_engine
NSR-GRID-303,normal_day,Normal Dry Day,0.0,0.0,0.0,0.0,30.0,31.0,45.0,12.0,12,False,1,1212.0095818866648,6179.450574350854,90.0,48.480383275466586,224.00788591298576,216.0,232.0,4.541267634395456,0.08675802561470645,0.0017793594306049821,0.0,0.0,0.42000000000000004,0.18867924528301888,0.1,0.0,0.141679139306635,0.7066109056511296,0.044268692522655716,0.044268692522655716,0.5132806077567967,srtm_earth_engine
NSR-GRID-303,light_rain,Light Rain,2.0,4.0,5.0,7.0,25.0,25.5,65.0,15.0,9,True,1,1212.0095818866648,6179.450574350854,90.0,48.480383275466586,224.00788591298576,216.0,232.0,4.541267634395456,0.08675802561470645,0.0017793594306049821,0.13333333333333333,0.132,0.21000000000000002,0.5660377358490566,0.25,1.0,0.141679139306635,0.7066109056511296,0.044268692522655716,0.044268692522655716,0.5132806077567967,srtm_earth_engine
NSR-GRID-303,heavy_rain_rush_hour,Heavy Rain During Rush Hour,12.0,24.0,32.0,40.0,23.0,23.5,80.0,22.0,17,True,1,1212.0095818866648,6179.450574350854,90.0,48.480383275466586,224.00788591298576,216.0,232.0,4.541267634395456,0.08675802561470645,0.0017793594306049821,0.8,0.8,0.13,0.8490566037735849,0.6,1.0,0.141679139306635,0.7066109056511296,0.044268692522655716,0.044268692522655716,0.5132806077567967,srtm_earth_engine
NSR-GRID-303,extreme_rain,Extreme Rain Event,25.0,50.0,70.0,90.0,22.0,22.5,88.0,30.0,18,True,1,1212.0095818866648,6179.450574350854,90.0,48.480383275466586,224.00788591298576,216.0,232.0,4.541267634395456,0.08675802561470645,0.0017793594306049821,1.0,1.0,0.09,1.0,1.0,1.0,0.141679139306635,0.7066109056511296,0.044268692522655716,0.044268692522655716,0.5132806077567967,srtm_earth_engine
NSR-GRID-303,hot_day_optional,Hot Urban Heat Day,0.0,0.0,0.0,0.0,40.0,43.0,35.0,10.0,14,False,1,1212.0095818866648,6179.450574350854,90.0,48.480383275466586,224.00788591298576,216.0,232.0,4.541267634395456,0.08675802561470645,0.0017793594306049821,0.0,0.0,0.8600000000000001,0.0,0.0,0.0,0.141679139306635,0.7066109056511296,0.044268692522655716,0.044268692522655716,0.5132806077567967,srtm_earth_engine
NSR-GRID-304,normal_day,Normal Dry Day,0.0,0.0,0.0,0.0,30.0,31.0,45.0,12.0,12,False,3,835.1390314089389,3340.5561256357555,60.945265462506846,16.454230413279532,141.2902121276351,129.0,153.0,5.4876691030714575,0.04690061849806392,0.005338078291814947,0.0,0.0,0.42000000000000004,0.18867924528301888,0.1,0.0,0.5374887299935581,0.6127663675744607,0.026119348394939436,0.026119348394939436,0.5078358045184819,srtm_earth_engine
NSR-GRID-304,light_rain,Light Rain,2.0,4.0,5.0,7.0,25.0,25.5,65.0,15.0,9,True,3,835.1390314089389,3340.5561256357555,60.945265462506846,16.454230413279532,141.2902121276351,129.0,153.0,5.4876691030714575,0.04690061849806392,0.005338078291814947,0.13333333333333333,0.132,0.21000000000000002,0.5660377358490566,0.25,1.0,0.5374887299935581,0.6127663675744607,0.026119348394939436,0.026119348394939436,0.5078358045184819,srtm_earth_engine
NSR-GRID-304,heavy_rain_rush_hour,Heavy Rain During Rush Hour,12.0,24.0,32.0,40.0,23.0,23.5,80.0,22.0,17,True,3,835.1390314089389,3340.5561256357555,60.945265462506846,16.454230413279532,141.2902121276351,129.0,153.0,5.4876691030714575,0.04690061849806392,0.005338078291814947,0.8,0.8,0.13,0.8490566037735849,0.6,1.0,0.5374887299935581,0.6127663675744607,0.026119348394939436,0.026119348394939436,0.5078358045184819,srtm_earth_engine
NSR-GRID-304,extreme_rain,Extreme Rain Event,25.0,50.0,70.0,90.0,22.0,22.5,88.0,30.0,18,True,3,835.1390314089389,3340.5561256357555,60.945265462506846,16.454230413279532,141.2902121276351,129.0,153.0,5.4876691030714575,0.04690061849806392,0.005338078291814947,1.0,1.0,0.09,1.0,1.0,1.0,0.5374887299935581,0.6127663675744607,0.026119348394939436,0.026119348394939436,0.5078358045184819,srtm_earth_engine
NSR-GRID-304,hot_day_optional,Hot Urban Heat Day,0.0,0.0,0.0,0.0,40.0,43.0,35.0,10.0,14,False,3,835.1390314089389,3340.5561256357555,60.945265462506846,16.454230413279532,141.2902121276351,129.0,153.0,5.4876691030714575,0.04690061849806392,0.005338078291814947,0.0,0.0,0.8600000000000001,0.0,0.0,0.0,0.5374887299935581,0.6127663675744607,0.026119348394939436,0.026119348394939436,0.5078358045184819,srtm_earth_engine
NSR-GRID-305,normal_day,Normal Dry Day,0.0,0.0,0.0,0.0,30.0,31.0,45.0,12.0,12,False,2,1696.4840016892983,6785.936006757193,80.0,38.17089003800921,151.78832604866582,142.0,161.0,3.159845308809877,0.09527293774913725,0.0035587188612099642,0.0,0.0,0.42000000000000004,0.18867924528301888,0.1,0.0,0.4872545541044901,0.8435918215987125,0.04941582830517361,0.04941582830517361,0.5148247484915521,srtm_earth_engine
NSR-GRID-305,light_rain,Light Rain,2.0,4.0,5.0,7.0,25.0,25.5,65.0,15.0,9,True,2,1696.4840016892983,6785.936006757193,80.0,38.17089003800921,151.78832604866582,142.0,161.0,3.159845308809877,0.09527293774913725,0.0035587188612099642,0.13333333333333333,0.132,0.21000000000000002,0.5660377358490566,0.25,1.0,0.4872545541044901,0.8435918215987125,0.04941582830517361,0.04941582830517361,0.5148247484915521,srtm_earth_engine
NSR-GRID-305,heavy_rain_rush_hour,Heavy Rain During Rush Hour,12.0,24.0,32.0,40.0,23.0,23.5,80.0,22.0,17,True,2,1696.4840016892983,6785.936006757193,80.0,38.17089003800921,151.78832604866582,142.0,161.0,3.159845308809877,0.09527293774913725,0.0035587188612099642,0.8,0.8,0.13,0.8490566037735849,0.6,1.0,0.4872545541044901,0.8435918215987125,0.04941582830517361,0.04941582830517361,0.5148247484915521,srtm_earth_engine
NSR-GRID-305,extreme_rain,Extreme Rain Event,25.0,50.0,70.0,90.0,22.0,22.5,88.0,30.0,18,True,2,1696.4840016892983,6785.936006757193,80.0,38.17089003800921,151.78832604866582,142.0,161.0,3.159845308809877,0.09527293774913725,0.0035587188612099642,1.0,1.0,0.09,1.0,1.0,1.0,0.4872545541044901,0.8435918215987125,0.04941582830517361,0.04941582830517361,0.5148247484915521,srtm_earth_engine
NSR-GRID-305,hot_day_optional,Hot Urban Heat Day,0.0,0.0,0.0,0.0,40.0,43.0,35.0,10.0,14,False,2,1696.4840016892983,6785.936006757193,80.0,38.17089003800921,151.78832604866582,142.0,161.0,3.159845308809877,0.09527293774913725,0.0035587188612099642,0.0,0.0,0.8600000000000001,0.0,0.0,0.0,0.4872545541044901,0.8435918215987125,0.04941582830517361,0.04941582830517361,0.5148247484915521,srtm_earth_engine
NSR-GRID-306,normal_day,Normal Dry Day,0.0,0.0,0.0,0.0,30.0,31.0,45.0,12.0,12,False,0,0.0,0.0,50.0,0.0,160.40250566874926,154.0,168.0,2.234704865778026,0.0,0.0,0.0,0.0,0.42000000000000004,0.18867924528301888,0.1,0.0,0.4460351296030639,0.9353281305605188,0.0,0.0,0.5,srtm_earth_engine
NSR-GRID-306,light_rain,Light Rain,2.0,4.0,5.0,7.0,25.0,25.5,65.0,15.0,9,True,0,0.0,0.0,50.0,0.0,160.40250566874926,154.0,168.0,2.234704865778026,0.0,0.0,0.13333333333333333,0.132,0.21000000000000002,0.5660377358490566,0.25,1.0,0.4460351296030639,0.9353281305605188,0.0,0.0,0.5,srtm_earth_engine
NSR-GRID-306,heavy_rain_rush_hour,Heavy Rain During Rush Hour,12.0,24.0,32.0,40.0,23.0,23.5,80.0,22.0,17,True,0,0.0,0.0,50.0,0.0,160.40250566874926,154.0,168.0,2.234704865778026,0.0,0.0,0.8,0.8,0.13,0.8490566037735849,0.6,1.0,0.4460351296030639,0.9353281305605188,0.0,0.0,0.5,srtm_earth_engine
NSR-GRID-306,extreme_rain,Extreme Rain Event,25.0,50.0,70.0,90.0,22.0,22.5,88.0,30.0,18,True,0,0.0,0.0,50.0,0.0,160.40250566874926,154.0,168.0,2.234704865778026,0.0,0.0,1.0,1.0,0.09,1.0,1.0,1.0,0.4460351296030639,0.9353281305605188,0.0,0.0,0.5,srtm_earth_engine
NSR-GRID-306,hot_day_optional,Hot Urban Heat Day,0.0,0.0,0.0,0.0,40.0,43.0,35.0,10.0,14,False,0,0.0,0.0,50.0,0.0,160.40250566874926,154.0,168.0,2.234704865778026,0.0,0.0,0.0,0.0,0.8600000000000001,0.0,0.0,0.0,0.4460351296030639,0.9353281305605188,0.0,0.0,0.5,srtm_earth_engine
NSR-GRID-307,normal_day,Normal Dry Day,0.0,0.0,0.0,0.0,30.0,31.0,45.0,12.0,12,False,4,566.0848340765657,2264.339336306263,74.4973316912972,6.575346496926355,170.00515236992692,161.0,180.0,3.0398359279968705,0.031790789128576045,0.0071174377224199285,0.0,0.0,0.42000000000000004,0.18867924528301888,0.1,0.0,0.4000858241358037,0.8554918717148849,0.019454113425497986,0.019454113425497986,0.5058362340276494,srtm_earth_engine
NSR-GRID-307,light_rain,Light Rain,2.0,4.0,5.0,7.0,25.0,25.5,65.0,15.0,9,True,4,566.0848340765657,2264.339336306263,74.4973316912972,6.575346496926355,170.00515236992692,161.0,180.0,3.0398359279968705,0.031790789128576045,0.0071174377224199285,0.13333333333333333,0.132,0.21000000000000002,0.5660377358490566,0.25,1.0,0.4000858241358037,0.8554918717148849,0.019454113425497986,0.019454113425497986,0.5058362340276494,srtm_earth_engine
NSR-GRID-307,heavy_rain_rush_hour,Heavy Rain During Rush Hour,12.0,24.0,32.0,40.0,23.0,23.5,80.0,22.0,17,True,4,566.0848340765657,2264.339336306263,74.4973316912972,6.575346496926355,170.00515236992692,161.0,180.0,3.0398359279968705,0.031790789128576045,0.0071174377224199285,0.8,0.8,0.13,0.8490566037735849,0.6,1.0,0.4000858241358037,0.8554918717148849,0.019454113425497986,0.019454113425497986,0.5058362340276494,srtm_earth_engine
NSR-GRID-307,extreme_rain,Extreme Rain Event,25.0,50.0,70.0,90.0,22.0,22.5,88.0,30.0,18,True,4,566.0848340765657,2264.339336306263,74.4973316912972,6.575346496926355,170.00515236992692,161.0,180.0,3.0398359279968705,0.031790789128576045,0.0071174377224199285,1.0,1.0,0.09,1.0,1.0,1.0,0.4000858241358037,0.8554918717148849,0.019454113425497986,0.019454113425497986,0.5058362340276494,srtm_earth_engine
NSR-GRID-307,hot_day_optional,Hot Urban Heat Day,0.0,0.0,0.0,0.0,40.0,43.0,35.0,10.0,14,False,4,566.0848340765657,2264.339336306263,74.4973316912972,6.575346496926355,170.00515236992692,161.0,180.0,3.0398359279968705,0.031790789128576045,0.0071174377224199285,0.0,0.0,0.8600000000000001,0.0,0.0,0.0,0.4000858241358037,0.8554918717148849,0.019454113425497986,0.019454113425497986,0.5058362340276494,srtm_earth_engine
NSR-GRID-308,normal_day,Normal Dry Day,0.0,0.0,0.0,0.0,30.0,31.0,45.0,12.0,12,False,1,557.647917900927,2230.591671603708,23.5,85.4269150826952,178.97569965424992,163.0,194.0,5.242209476023331,0.03131697989206341,0.0017793594306049821,0.0,0.0,0.42000000000000004,0.18867924528301888,0.1,0.0,0.3571611565725049,0.6371059803912376,0.016548169661334197,0.016548169661334197,0.5049644508984003,srtm_earth_engine
NSR-GRID-308,light_rain,Light Rain,2.0,4.0,5.0,7.0,25.0,25.5,65.0,15.0,9,True,1,557.647917900927,2230.591671603708,23.5,85.4269150826952,178.97569965424992,163.0,194.0,5.242209476023331,0.03131697989206341,0.0017793594306049821,0.13333333333333333,0.132,0.21000000000000002,0.5660377358490566,0.25,1.0,0.3571611565725049,0.6371059803912376,0.016548169661334197,0.016548169661334197,0.5049644508984003,srtm_earth_engine
NSR-GRID-308,heavy_rain_rush_hour,Heavy Rain During Rush Hour,12.0,24.0,32.0,40.0,23.0,23.5,80.0,22.0,17,True,1,557.647917900927,2230.591671603708,23.5,85.4269150826952,178.97569965424992,163.0,194.0,5.242209476023331,0.03131697989206341,0.0017793594306049821,0.8,0.8,0.13,0.8490566037735849,0.6,1.0,0.3571611565725049,0.6371059803912376,0.016548169661334197,0.016548169661334197,0.5049644508984003,srtm_earth_engine
NSR-GRID-308,extreme_rain,Extreme Rain Event,25.0,50.0,70.0,90.0,22.0,22.5,88.0,30.0,18,True,1,557.647917900927,2230.591671603708,23.5,85.4269150826952,178.97569965424992,163.0,194.0,5.242209476023331,0.03131697989206341,0.0017793594306049821,1.0,1.0,0.09,1.0,1.0,1.0,0.3571611565725049,0.6371059803912376,0.016548169661334197,0.016548169661334197,0.5049644508984003,srtm_earth_engine
NSR-GRID-308,hot_day_optional,Hot Urban Heat Day,0.0,0.0,0.0,0.0,40.0,43.0,35.0,10.0,14,False,1,557.647917900927,2230.591671603708,23.5,85.4269150826952,178.97569965424992,163.0,194.0,5.242209476023331,0.03131697989206341,0.0017793594306049821,0.0,0.0,0.8600000000000001,0.0,0.0,0.0,0.3571611565725049,0.6371059803912376,0.016548169661334197,0.016548169661334197,0.5049644508984003,srtm_earth_engine
NSR-GRID-309,normal_day,Normal Dry Day,0.0,0.0,0.0,0.0,30.0,31.0,45.0,12.0,12,False,7,669.0974429791559,2676.3897719191164,23.5,14.64286197401192,185.2477284220484,154.0,218.0,9.837853150903204,0.037575879860725206,0.012455516014234875,0.0,0.0,0.42000000000000004,0.18867924528301888,0.1,0.0,0.327149080244041,0.1814050203774979,0.02501569793748004,0.02501569793748004,0.507504709381244,srtm_earth_engine
NSR-GRID-309,light_rain,Light Rain,2.0,4.0,5.0,7.0,25.0,25.5,65.0,15.0,9,True,7,669.0974429791559,2676.3897719191164,23.5,14.64286197401192,185.2477284220484,154.0,218.0,9.837853150903204,0.037575879860725206,0.012455516014234875,0.13333333333333333,0.132,0.21000000000000002,0.5660377358490566,0.25,1.0,0.327149080244041,0.1814050203774979,0.02501569793748004,0.02501569793748004,0.507504709381244,srtm_earth_engine
NSR-GRID-309,heavy_rain_rush_hour,Heavy Rain During Rush Hour,12.0,24.0,32.0,40.0,23.0,23.5,80.0,22.0,17,True,7,669.0974429791559,2676.3897719191164,23.5,14.64286197401192,185.2477284220484,154.0,218.0,9.837853150903204,0.037575879860725206,0.012455516014234875,0.8,0.8,0.13,0.8490566037735849,0.6,1.0,0.327149080244041,0.1814050203774979,0.02501569793748004,0.02501569793748004,0.507504709381244,srtm_earth_engine
NSR-GRID-309,extreme_rain,Extreme Rain Event,25.0,50.0,70.0,90.0,22.0,22.5,88.0,30.0,18,True,7,669.0974429791559,2676.3897719191164,23.5,14.64286197401192,185.2477284220484,154.0,218.0,9.837853150903204,0.037575879860725206,0.012455516014234875,1.0,1.0,0.09,1.0,1.0,1.0,0.327149080244041,0.1814050203774979,0.02501569793748004,0.02501569793748004,0.507504709381244,srtm_earth_engine
NSR-GRID-309,hot_day_optional,Hot Urban Heat Day,0.0,0.0,0.0,0.0,40.0,43.0,35.0,10.0,14,False,7,669.0974429791559,2676.3897719191164,23.5,14.64286197401192,185.2477284220484,154.0,218.0,9.837853150903204,0.037575879860725206,0.012455516014234875,0.0,0.0,0.8600000000000001,0.0,0.0,0.0,0.327149080244041,0.1814050203774979,0.02501569793748004,0.02501569793748004,0.507504709381244,srtm_earth_engine
NSR-GRID-310,normal_day,Normal Dry Day,0.0,0.0,0.0,0.0,30.0,31.0,45.0,12.0,12,False,0,0.0,0.0,50.0,0.0,197.71277168153117,170.0,218.0,7.51408530730063,0.0,0.0,0.0,0.0,0.42000000000000004,0.18867924528301888,0.1,0.0,0.2675030161727321,0.4118282890410395,0.0,0.0,0.5,srtm_earth_engine
NSR-GRID-310,light_rain,Light Rain,2.0,4.0,5.0,7.0,25.0,25.5,65.0,15.0,9,True,0,0.0,0.0,50.0,0.0,197.71277168153117,170.0,218.0,7.51408530730063,0.0,0.0,0.13333333333333333,0.132,0.21000000000000002,0.5660377358490566,0.25,1.0,0.2675030161727321,0.4118282890410395,0.0,0.0,0.5,srtm_earth_engine
NSR-GRID-310,heavy_rain_rush_hour,Heavy Rain During Rush Hour,12.0,24.0,32.0,40.0,23.0,23.5,80.0,22.0,17,True,0,0.0,0.0,50.0,0.0,197.71277168153117,170.0,218.0,7.51408530730063,0.0,0.0,0.8,0.8,0.13,0.8490566037735849,0.6,1.0,0.2675030161727321,0.4118282890410395,0.0,0.0,0.5,srtm_earth_engine
NSR-GRID-310,extreme_rain,Extreme Rain Event,25.0,50.0,70.0,90.0,22.0,22.5,88.0,30.0,18,True,0,0.0,0.0,50.0,0.0,197.71277168153117,170.0,218.0,7.51408530730063,0.0,0.0,1.0,1.0,0.09,1.0,1.0,1.0,0.2675030161727321,0.4118282890410395,0.0,0.0,0.5,srtm_earth_engine
NSR-GRID-310,hot_day_optional,Hot Urban Heat Day,0.0,0.0,0.0,0.0,40.0,43.0,35.0,10.0,14,False,0,0.0,0.0,50.0,0.0,197.71277168153117,170.0,218.0,7.51408530730063,0.0,0.0,0.0,0.0,0.8600000000000001,0.0,0.0,0.0,0.2675030161727321,0.4118282890410395,0.0,0.0,0.5,srtm_earth_engine
NSR-GRID-311,normal_day,Normal Dry Day,0.0,0.0,0.0,0.0,30.0,31.0,45.0,12.0,12,False,1,1344.7008312412424,5378.80332496497,78.85714285714286,61.38851620883933,189.06448561549996,168.0,210.0,7.973657026322154,0.0755171274580185,0.0017793594306049821,0.0,0.0,0.42000000000000004,0.18867924528301888,0.1,0.0,0.308885642294714,0.366257464066506,0.03864824344431174,0.03864824344431174,0.5115944730332935,srtm_earth_engine
NSR-GRID-311,light_rain,Light Rain,2.0,4.0,5.0,7.0,25.0,25.5,65.0,15.0,9,True,1,1344.7008312412424,5378.80332496497,78.85714285714286,61.38851620883933,189.06448561549996,168.0,210.0,7.973657026322154,0.0755171274580185,0.0017793594306049821,0.13333333333333333,0.132,0.21000000000000002,0.5660377358490566,0.25,1.0,0.308885642294714,0.366257464066506,0.03864824344431174,0.03864824344431174,0.5115944730332935,srtm_earth_engine
NSR-GRID-311,heavy_rain_rush_hour,Heavy Rain During Rush Hour,12.0,24.0,32.0,40.0,23.0,23.5,80.0,22.0,17,True,1,1344.7008312412424,5378.80332496497,78.85714285714286,61.38851620883933,189.06448561549996,168.0,210.0,7.973657026322154,0.0755171274580185,0.0017793594306049821,0.8,0.8,0.13,0.8490566037735849,0.6,1.0,0.308885642294714,0.366257464066506,0.03864824344431174,0.03864824344431174,0.5115944730332935,srtm_earth_engine
NSR-GRID-311,extreme_rain,Extreme Rain Event,25.0,50.0,70.0,90.0,22.0,22.5,88.0,30.0,18,True,1,1344.7008312412424,5378.80332496497,78.85714285714286,61.38851620883933,189.06448561549996,168.0,210.0,7.973657026322154,0.0755171274580185,0.0017793594306049821,1.0,1.0,0.09,1.0,1.0,1.0,0.308885642294714,0.366257464066506,0.03864824344431174,0.03864824344431174,0.5115944730332935,srtm_earth_engine
NSR-GRID-311,hot_day_optional,Hot Urban Heat Day,0.0,0.0,0.0,0.0,40.0,43.0,35.0,10.0,14,False,1,1344.7008312412424,5378.80332496497,78.85714285714286,61.38851620883933,189.06448561549996,168.0,210.0,7.973657026322154,0.0755171274580185,0.0017793594306049821,0.0,0.0,0.8600000000000001,0.0,0.0,0.0,0.308885642294714,0.366257464066506,0.03864824344431174,0.03864824344431174,0.5115944730332935,srtm_earth_engine
NSR-GRID-312,normal_day,Normal Dry Day,0.0,0.0,0.0,0.0,30.0,31.0,45.0,12.0,12,False,0,0.0,0.0,50.0,0.0,198.7983882807781,182.0,215.0,4.426146848159238,0.0,0.0,0.0,0.0,0.42000000000000004,0.18867924528301888,0.1,0.0,0.2623082682775491,0.7180262059913485,0.0,0.0,0.5,srtm_earth_engine
NSR-GRID-312,light_rain,Light Rain,2.0,4.0,5.0,7.0,25.0,25.5,65.0,15.0,9,True,0,0.0,0.0,50.0,0.0,198.7983882807781,182.0,215.0,4.426146848159238,0.0,0.0,0.13333333333333333,0.132,0.21000000000000002,0.5660377358490566,0.25,1.0,0.2623082682775491,0.7180262059913485,0.0,0.0,0.5,srtm_earth_engine
NSR-GRID-312,heavy_rain_rush_hour,Heavy Rain During Rush Hour,12.0,24.0,32.0,40.0,23.0,23.5,80.0,22.0,17,True,0,0.0,0.0,50.0,0.0,198.7983882807781,182.0,215.0,4.426146848159238,0.0,0.0,0.8,0.8,0.13,0.8490566037735849,0.6,1.0,0.2623082682775491,0.7180262059913485,0.0,0.0,0.5,srtm_earth_engine
NSR-GRID-312,extreme_rain,Extreme Rain Event,25.0,50.0,70.0,90.0,22.0,22.5,88.0,30.0,18,True,0,0.0,0.0,50.0,0.0,198.7983882807781,182.0,215.0,4.426146848159238,0.0,0.0,1.0,1.0,0.09,1.0,1.0,1.0,0.2623082682775491,0.7180262059913485,0.0,0.0,0.5,srtm_earth_engine
NSR-GRID-312,hot_day_optional,Hot Urban Heat Day,0.0,0.0,0.0,0.0,40.0,43.0,35.0,10.0,14,False,0,0.0,0.0,50.0,0.0,198.7983882807781,182.0,215.0,4.426146848159238,0.0,0.0,0.0,0.0,0.8600000000000001,0.0,0.0,0.0,0.2623082682775491,0.7180262059913485,0.0,0.0,0.5,srtm_earth_engine
NSR-GRID-313,normal_day,Normal Dry Day,0.0,0.0,0.0,0.0,30.0,31.0,45.0,12.0,12,False,0,0.0,0.0,50.0,0.0,206.09489491448025,191.0,221.0,3.896133860390914,0.0,0.0,0.0,0.0,0.42000000000000004,0.18867924528301888,0.1,0.0,0.2273939969741227,0.7705819401676037,0.0,0.0,0.5,srtm_earth_engine
NSR-GRID-313,light_rain,Light Rain,2.0,4.0,5.0,7.0,25.0,25.5,65.0,15.0,9,True,0,0.0,0.0,50.0,0.0,206.09489491448025,191.0,221.0,3.896133860390914,0.0,0.0,0.13333333333333333,0.132,0.21000000000000002,0.5660377358490566,0.25,1.0,0.2273939969741227,0.7705819401676037,0.0,0.0,0.5,srtm_earth_engine
NSR-GRID-313,heavy_rain_rush_hour,Heavy Rain During Rush Hour,12.0,24.0,32.0,40.0,23.0,23.5,80.0,22.0,17,True,0,0.0,0.0,50.0,0.0,206.09489491448025,191.0,221.0,3.896133860390914,0.0,0.0,0.8,0.8,0.13,0.8490566037735849,0.6,1.0,0.2273939969741227,0.7705819401676037,0.0,0.0,0.5,srtm_earth_engine
NSR-GRID-313,extreme_rain,Extreme Rain Event,25.0,50.0,70.0,90.0,22.0,22.5,88.0,30.0,18,True,0,0.0,0.0,50.0,0.0,206.09489491448025,191.0,221.0,3.896133860390914,0.0,0.0,1.0,1.0,0.09,1.0,1.0,1.0,0.2273939969741227,0.7705819401676037,0.0,0.0,0.5,srtm_earth_engine
NSR-GRID-313,hot_day_optional,Hot Urban Heat Day,0.0,0.0,0.0,0.0,40.0,43.0,35.0,10.0,14,False,0,0.0,0.0,50.0,0.0,206.09489491448025,191.0,221.0,3.896133860390914,0.0,0.0,0.0,0.0,0.8600000000000001,0.0,0.0,0.0,0.2273939969741227,0.7705819401676037,0.0,0.0,0.5,srtm_earth_engine
NSR-GRID-314,normal_day,Normal Dry Day,0.0,0.0,0.0,0.0,30.0,31.0,45.0,12.0,12,False,0,0.0,0.0,50.0,0.0,215.00117424489528,191.0,233.0,7.729773413897591,0.0,0.0,0.0,0.0,0.42000000000000004,0.18867924528301888,0.1,0.0,0.1847768558603298,0.390440800324924,0.0,0.0,0.5,srtm_earth_engine
NSR-GRID-314,light_rain,Light Rain,2.0,4.0,5.0,7.0,25.0,25.5,65.0,15.0,9,True,0,0.0,0.0,50.0,0.0,215.00117424489528,191.0,233.0,7.729773413897591,0.0,0.0,0.13333333333333333,0.132,0.21000000000000002,0.5660377358490566,0.25,1.0,0.1847768558603298,0.390440800324924,0.0,0.0,0.5,srtm_earth_engine
NSR-GRID-314,heavy_rain_rush_hour,Heavy Rain During Rush Hour,12.0,24.0,32.0,40.0,23.0,23.5,80.0,22.0,17,True,0,0.0,0.0,50.0,0.0,215.00117424489528,191.0,233.0,7.729773413897591,0.0,0.0,0.8,0.8,0.13,0.8490566037735849,0.6,1.0,0.1847768558603298,0.390440800324924,0.0,0.0,0.5,srtm_earth_engine
NSR-GRID-314,extreme_rain,Extreme Rain Event,25.0,50.0,70.0,90.0,22.0,22.5,88.0,30.0,18,True,0,0.0,0.0,50.0,0.0,215.00117424489528,191.0,233.0,7.729773413897591,0.0,0.0,1.0,1.0,0.09,1.0,1.0,1.0,0.1847768558603298,0.390440800324924,0.0,0.0,0.5,srtm_earth_engine
NSR-GRID-314,hot_day_optional,Hot Urban Heat Day,0.0,0.0,0.0,0.0,40.0,43.0,35.0,10.0,14,False,0,0.0,0.0,50.0,0.0,215.00117424489528,191.0,233.0,7.729773413897591,0.0,0.0,0.0,0.0,0.8600000000000001,0.0,0.0,0.0,0.1847768558603298,0.390440800324924,0.0,0.0,0.5,srtm_earth_engine
NSR-GRID-315,normal_day,Normal Dry Day,0.0,0.0,0.0,0.0,30.0,31.0,45.0,12.0,12,False,2,1629.8335631721136,6519.334252694526,61.417898193760266,47.76621310704268,226.70589386796289,211.0,236.0,4.280757548221724,0.09152991213066237,0.0035587188612099642,0.0,0.0,0.42000000000000004,0.18867924528301888,0.1,0.0,0.1287689911428859,0.7324429119512558,0.04754431549593617,0.04754431549593617,0.5142632946487808,srtm_earth_engine
NSR-GRID-315,light_rain,Light Rain,2.0,4.0,5.0,7.0,25.0,25.5,65.0,15.0,9,True,2,1629.8335631721136,6519.334252694526,61.417898193760266,47.76621310704268,226.70589386796289,211.0,236.0,4.280757548221724,0.09152991213066237,0.0035587188612099642,0.13333333333333333,0.132,0.21000000000000002,0.5660377358490566,0.25,1.0,0.1287689911428859,0.7324429119512558,0.04754431549593617,0.04754431549593617,0.5142632946487808,srtm_earth_engine
NSR-GRID-315,heavy_rain_rush_hour,Heavy Rain During Rush Hour,12.0,24.0,32.0,40.0,23.0,23.5,80.0,22.0,17,True,2,1629.8335631721136,6519.334252694526,61.417898193760266,47.76621310704268,226.70589386796289,211.0,236.0,4.280757548221724,0.09152991213066237,0.0035587188612099642,0.8,0.8,0.13,0.8490566037735849,0.6,1.0,0.1287689911428859,0.7324429119512558,0.04754431549593617,0.04754431549593617,0.5142632946487808,srtm_earth_engine
NSR-GRID-315,extreme_rain,Extreme Rain Event,25.0,50.0,70.0,90.0,22.0,22.5,88.0,30.0,18,True,2,1629.8335631721136,6519.334252694526,61.417898193760266,47.76621310704268,226.70589386796289,211.0,236.0,4.280757548221724,0.09152991213066237,0.0035587188612099642,1.0,1.0,0.09,1.0,1.0,1.0,0.1287689911428859,0.7324429119512558,0.04754431549593617,0.04754431549593617,0.5142632946487808,srtm_earth_engine
NSR-GRID-315,hot_day_optional,Hot Urban Heat Day,0.0,0.0,0.0,0.0,40.0,43.0,35.0,10.0,14,False,2,1629.8335631721136,6519.334252694526,61.417898193760266,47.76621310704268,226.70589386796289,211.0,236.0,4.280757548221724,0.09152991213066237,0.0035587188612099642,0.0,0.0,0.8600000000000001,0.0,0.0,0.0,0.1287689911428859,0.7324429119512558,0.04754431549593617,0.04754431549593617,0.5142632946487808,srtm_earth_engine
NSR-GRID-316,normal_day,Normal Dry Day,0.0,0.0,0.0,0.0,30.0,31.0,45.0,12.0,12,False,0,0.0,0.0,50.0,0.0,227.05899137467165,216.0,237.0,4.838686794982851,0.0,0.0,0.0,0.0,0.42000000000000004,0.18867924528301888,0.1,0.0,0.1270793960030898,0.6771190201624881,0.0,0.0,0.5,srtm_earth_engine
NSR-GRID-316,light_rain,Light Rain,2.0,4.0,5.0,7.0,25.0,25.5,65.0,15.0,9,True,0,0.0,0.0,50.0,0.0,227.05899137467165,216.0,237.0,4.838686794982851,0.0,0.0,0.13333333333333333,0.132,0.21000000000000002,0.5660377358490566,0.25,1.0,0.1270793960030898,0.6771190201624881,0.0,0.0,0.5,srtm_earth_engine
NSR-GRID-316,heavy_rain_rush_hour,Heavy Rain During Rush Hour,12.0,24.0,32.0,40.0,23.0,23.5,80.0,22.0,17,True,0,0.0,0.0,50.0,0.0,227.05899137467165,216.0,237.0,4.838686794982851,0.0,0.0,0.8,0.8,0.13,0.8490566037735849,0.6,1.0,0.1270793960030898,0.6771190201624881,0.0,0.0,0.5,srtm_earth_engine
NSR-GRID-316,extreme_rain,Extreme Rain Event,25.0,50.0,70.0,90.0,22.0,22.5,88.0,30.0,18,True,0,0.0,0.0,50.0,0.0,227.05899137467165,216.0,237.0,4.838686794982851,0.0,0.0,1.0,1.0,0.09,1.0,1.0,1.0,0.1270793960030898,0.6771190201624881,0.0,0.0,0.5,srtm_earth_engine
NSR-GRID-316,hot_day_optional,Hot Urban Heat Day,0.0,0.0,0.0,0.0,40.0,43.0,35.0,10.0,14,False,0,0.0,0.0,50.0,0.0,227.05899137467165,216.0,237.0,4.838686794982851,0.0,0.0,0.0,0.0,0.8600000000000001,0.0,0.0,0.0,0.1270793960030898,0.6771190201624881,0.0,0.0,0.5,srtm_earth_engine
NSR-GRID-317,normal_day,Normal Dry Day,0.0,0.0,0.0,0.0,30.0,31.0,45.0,12.0,12,False,0,0.0,0.0,50.0,0.0,134.4979013019042,125.0,148.0,4.460609373679894,0.0,0.0,0.0,0.0,0.42000000000000004,0.18867924528301888,0.1,0.0,0.5699903906994355,0.7146089249584209,0.0,0.0,0.5,srtm_earth_engine
NSR-GRID-317,light_rain,Light Rain,2.0,4.0,5.0,7.0,25.0,25.5,65.0,15.0,9,True,0,0.0,0.0,50.0,0.0,134.4979013019042,125.0,148.0,4.460609373679894,0.0,0.0,0.13333333333333333,0.132,0.21000000000000002,0.5660377358490566,0.25,1.0,0.5699903906994355,0.7146089249584209,0.0,0.0,0.5,srtm_earth_engine
NSR-GRID-317,heavy_rain_rush_hour,Heavy Rain During Rush Hour,12.0,24.0,32.0,40.0,23.0,23.5,80.0,22.0,17,True,0,0.0,0.0,50.0,0.0,134.4979013019042,125.0,148.0,4.460609373679894,0.0,0.0,0.8,0.8,0.13,0.8490566037735849,0.6,1.0,0.5699903906994355,0.7146089249584209,0.0,0.0,0.5,srtm_earth_engine
NSR-GRID-317,extreme_rain,Extreme Rain Event,25.0,50.0,70.0,90.0,22.0,22.5,88.0,30.0,18,True,0,0.0,0.0,50.0,0.0,134.4979013019042,125.0,148.0,4.460609373679894,0.0,0.0,1.0,1.0,0.09,1.0,1.0,1.0,0.5699903906994355,0.7146089249584209,0.0,0.0,0.5,srtm_earth_engine
NSR-GRID-317,hot_day_optional,Hot Urban Heat Day,0.0,0.0,0.0,0.0,40.0,43.0,35.0,10.0,14,False,0,0.0,0.0,50.0,0.0,134.4979013019042,125.0,148.0,4.460609373679894,0.0,0.0,0.0,0.0,0.8600000000000001,0.0,0.0,0.0,0.5699903906994355,0.7146089249584209,0.0,0.0,0.5,srtm_earth_engine
NSR-GRID-318,normal_day,Normal Dry Day,0.0,0.0,0.0,0.0,30.0,31.0,45.0,12.0,12,False,2,30.10681201073387,186.7604805701532,23.5,2.306053685928552,236.7015778641663,224.0,252.0,4.7773955159911,0.0026220730082985324,0.0035587188612099642,0.0,0.0,0.42000000000000004,0.18867924528301888,0.1,0.0,0.0809389759826459,0.683196622486115,0.003090395934754248,0.003090395934754248,0.5009271187804263,srtm_earth_engine
NSR-GRID-318,light_rain,Light Rain,2.0,4.0,5.0,7.0,25.0,25.5,65.0,15.0,9,True,2,30.10681201073387,186.7604805701532,23.5,2.306053685928552,236.7015778641663,224.0,252.0,4.7773955159911,0.0026220730082985324,0.0035587188612099642,0.13333333333333333,0.132,0.21000000000000002,0.5660377358490566,0.25,1.0,0.0809389759826459,0.683196622486115,0.003090395934754248,0.003090395934754248,0.5009271187804263,srtm_earth_engine
NSR-GRID-318,heavy_rain_rush_hour,Heavy Rain During Rush Hour,12.0,24.0,32.0,40.0,23.0,23.5,80.0,22.0,17,True,2,30.10681201073387,186.7604805701532,23.5,2.306053685928552,236.7015778641663,224.0,252.0,4.7773955159911,0.0026220730082985324,0.0035587188612099642,0.8,0.8,0.13,0.8490566037735849,0.6,1.0,0.0809389759826459,0.683196622486115,0.003090395934754248,0.003090395934754248,0.5009271187804263,srtm_earth_engine
NSR-GRID-318,extreme_rain,Extreme Rain Event,25.0,50.0,70.0,90.0,22.0,22.5,88.0,30.0,18,True,2,30.10681201073387,186.7604805701532,23.5,2.306053685928552,236.7015778641663,224.0,252.0,4.7773955159911,0.0026220730082985324,0.0035587188612099642,1.0,1.0,0.09,1.0,1.0,1.0,0.0809389759826459,0.683196622486115,0.003090395934754248,0.003090395934754248,0.5009271187804263,srtm_earth_engine
NSR-GRID-318,hot_day_optional,Hot Urban Heat Day,0.0,0.0,0.0,0.0,40.0,43.0,35.0,10.0,14,False,2,30.10681201073387,186.7604805701532,23.5,2.306053685928552,236.7015778641663,224.0,252.0,4.7773955159911,0.0026220730082985324,0.0035587188612099642,0.0,0.0,0.8600000000000001,0.0,0.0,0.0,0.0809389759826459,0.683196622486115,0.003090395934754248,0.003090395934754248,0.5009271187804263,srtm_earth_engine
NSR-GRID-319,normal_day,Normal Dry Day,0.0,0.0,0.0,0.0,30.0,31.0,45.0,12.0,12,False,11,2351.3224716360623,9405.28988654425,69.63151216599493,11.8607459948951,145.90123396417104,131.0,161.0,5.659413838439202,0.13204804716417107,0.019572953736654804,0.0,0.0,0.42000000000000004,0.18867924528301888,0.1,0.0,0.5154246827078017,0.5957362742249295,0.07581050045041293,0.07581050045041293,0.5227431501351238,srtm_earth_engine
NSR-GRID-319,light_rain,Light Rain,2.0,4.0,5.0,7.0,25.0,25.5,65.0,15.0,9,True,11,2351.3224716360623,9405.28988654425,69.63151216599493,11.8607459948951,145.90123396417104,131.0,161.0,5.659413838439202,0.13204804716417107,0.019572953736654804,0.13333333333333333,0.132,0.21000000000000002,0.5660377358490566,0.25,1.0,0.5154246827078017,0.5957362742249295,0.07581050045041293,0.07581050045041293,0.5227431501351238,srtm_earth_engine
NSR-GRID-319,heavy_rain_rush_hour,Heavy Rain During Rush Hour,12.0,24.0,32.0,40.0,23.0,23.5,80.0,22.0,17,True,11,2351.3224716360623,9405.28988654425,69.63151216599493,11.8607459948951,145.90123396417104,131.0,161.0,5.659413838439202,0.13204804716417107,0.019572953736654804,0.8,0.8,0.13,0.8490566037735849,0.6,1.0,0.5154246827078017,0.5957362742249295,0.07581050045041293,0.07581050045041293,0.5227431501351238,srtm_earth_engine
NSR-GRID-319,extreme_rain,Extreme Rain Event,25.0,50.0,70.0,90.0,22.0,22.5,88.0,30.0,18,True,11,2351.3224716360623,9405.28988654425,69.63151216599493,11.8607459948951,145.90123396417104,131.0,161.0,5.659413838439202,0.13204804716417107,0.019572953736654804,1.0,1.0,0.09,1.0,1.0,1.0,0.5154246827078017,0.5957362742249295,0.07581050045041293,0.07581050045041293,0.5227431501351238,srtm_earth_engine
NSR-GRID-319,hot_day_optional,Hot Urban Heat Day,0.0,0.0,0.0,0.0,40.0,43.0,35.0,10.0,14,False,11,2351.3224716360623,9405.28988654425,69.63151216599493,11.8607459948951,145.90123396417104,131.0,161.0,5.659413838439202,0.13204804716417107,0.019572953736654804,0.0,0.0,0.8600000000000001,0.0,0.0,0.0,0.5154246827078017,0.5957362742249295,0.07581050045041293,0.07581050045041293,0.5227431501351238,srtm_earth_engine
NSR-GRID-320,normal_day,Normal Dry Day,0.0,0.0,0.0,0.0,30.0,31.0,45.0,12.0,12,False,4,543.1929772269984,2172.7719089079937,74.7830459770115,6.4356379491024205,160.59550323643083,150.0,170.0,3.379884649748334,0.030505204088918,0.0071174377224199285,0.0,0.0,0.42000000000000004,0.18867924528301888,0.1,0.0,0.4451116233586083,0.8217728673889811,0.018811320905668963,0.018811320905668963,0.5056433962717007,srtm_earth_engine
NSR-GRID-320,light_rain,Light Rain,2.0,4.0,5.0,7.0,25.0,25.5,65.0,15.0,9,True,4,543.1929772269984,2172.7719089079937,74.7830459770115,6.4356379491024205,160.59550323643083,150.0,170.0,3.379884649748334,0.030505204088918,0.0071174377224199285,0.13333333333333333,0.132,0.21000000000000002,0.5660377358490566,0.25,1.0,0.4451116233586083,0.8217728673889811,0.018811320905668963,0.018811320905668963,0.5056433962717007,srtm_earth_engine
NSR-GRID-320,heavy_rain_rush_hour,Heavy Rain During Rush Hour,12.0,24.0,32.0,40.0,23.0,23.5,80.0,22.0,17,True,4,543.1929772269984,2172.7719089079937,74.7830459770115,6.4356379491024205,160.59550323643083,150.0,170.0,3.379884649748334,0.030505204088918,0.0071174377224199285,0.8,0.8,0.13,0.8490566037735849,0.6,1.0,0.4451116233586083,0.8217728673889811,0.018811320905668963,0.018811320905668963,0.5056433962717007,srtm_earth_engine
NSR-GRID-320,extreme_rain,Extreme Rain Event,25.0,50.0,70.0,90.0,22.0,22.5,88.0,30.0,18,True,4,543.1929772269984,2172.7719089079937,74.7830459770115,6.4356379491024205,160.59550323643083,150.0,170.0,3.379884649748334,0.030505204088918,0.0071174377224199285,1.0,1.0,0.09,1.0,1.0,1.0,0.4451116233586083,0.8217728673889811,0.018811320905668963,0.018811320905668963,0.5056433962717007,srtm_earth_engine
NSR-GRID-320,hot_day_optional,Hot Urban Heat Day,0.0,0.0,0.0,0.0,40.0,43.0,35.0,10.0,14,False,4,543.1929772269984,2172.7719089079937,74.7830459770115,6.4356379491024205,160.59550323643083,150.0,170.0,3.379884649748334,0.030505204088918,0.0071174377224199285,0.0,0.0,0.8600000000000001,0.0,0.0,0.0,0.4451116233586083,0.8217728673889811,0.018811320905668963,0.018811320905668963,0.5056433962717007,srtm_earth_engine
NSR-GRID-321,normal_day,Normal Dry Day,0.0,0.0,0.0,0.0,30.0,31.0,45.0,12.0,12,False,3,748.0486817804044,2992.194727118831,73.42501368363438,12.9868960052775,165.65235897519528,157.0,173.0,2.629926814943961,0.04200970679449694,0.005338078291814947,0.0,0.0,0.42000000000000004,0.18867924528301888,0.1,0.0,0.4209142310900935,0.8961381858226631,0.023673892543155946,0.023673892543155946,0.5071021677629468,srtm_earth_engine
NSR-GRID-321,light_rain,Light Rain,2.0,4.0,5.0,7.0,25.0,25.5,65.0,15.0,9,True,3,748.0486817804044,2992.194727118831,73.42501368363438,12.9868960052775,165.65235897519528,157.0,173.0,2.629926814943961,0.04200970679449694,0.005338078291814947,0.13333333333333333,0.132,0.21000000000000002,0.5660377358490566,0.25,1.0,0.4209142310900935,0.8961381858226631,0.023673892543155946,0.023673892543155946,0.5071021677629468,srtm_earth_engine
NSR-GRID-321,heavy_rain_rush_hour,Heavy Rain During Rush Hour,12.0,24.0,32.0,40.0,23.0,23.5,80.0,22.0,17,True,3,748.0486817804044,2992.194727118831,73.42501368363438,12.9868960052775,165.65235897519528,157.0,173.0,2.629926814943961,0.04200970679449694,0.005338078291814947,0.8,0.8,0.13,0.8490566037735849,0.6,1.0,0.4209142310900935,0.8961381858226631,0.023673892543155946,0.023673892543155946,0.5071021677629468,srtm_earth_engine
NSR-GRID-321,extreme_rain,Extreme Rain Event,25.0,50.0,70.0,90.0,22.0,22.5,88.0,30.0,18,True,3,748.0486817804044,2992.194727118831,73.42501368363438,12.9868960052775,165.65235897519528,157.0,173.0,2.629926814943961,0.04200970679449694,0.005338078291814947,1.0,1.0,0.09,1.0,1.0,1.0,0.4209142310900935,0.8961381858226631,0.023673892543155946,0.023673892543155946,0.5071021677629468,srtm_earth_engine
NSR-GRID-321,hot_day_optional,Hot Urban Heat Day,0.0,0.0,0.0,0.0,40.0,43.0,35.0,10.0,14,False,3,748.0486817804044,2992.194727118831,73.42501368363438,12.9868960052775,165.65235897519528,157.0,173.0,2.629926814943961,0.04200970679449694,0.005338078291814947,0.0,0.0,0.8600000000000001,0.0,0.0,0.0,0.4209142310900935,0.8961381858226631,0.023673892543155946,0.023673892543155946,0.5071021677629468,srtm_earth_engine
NSR-GRID-322,normal_day,Normal Dry Day,0.0,0.0,0.0,0.0,30.0,31.0,45.0,12.0,12,False,5,2959.933026376495,11839.73210550598,75.8264367816092,26.92478821344752,172.07889546351095,162.0,181.0,3.7948271323712057,0.1662270405631743,0.008896797153024912,0.0,0.0,0.42000000000000004,0.18867924528301888,0.1,0.0,0.3901628250051548,0.7806274477135382,0.08756191885809961,0.08756191885809961,0.5262685756574299,srtm_earth_engine
NSR-GRID-322,light_rain,Light Rain,2.0,4.0,5.0,7.0,25.0,25.5,65.0,15.0,9,True,5,2959.933026376495,11839.73210550598,75.8264367816092,26.92478821344752,172.07889546351095,162.0,181.0,3.7948271323712057,0.1662270405631743,0.008896797153024912,0.13333333333333333,0.132,0.21000000000000002,0.5660377358490566,0.25,1.0,0.3901628250051548,0.7806274477135382,0.08756191885809961,0.08756191885809961,0.5262685756574299,srtm_earth_engine
NSR-GRID-322,heavy_rain_rush_hour,Heavy Rain During Rush Hour,12.0,24.0,32.0,40.0,23.0,23.5,80.0,22.0,17,True,5,2959.933026376495,11839.73210550598,75.8264367816092,26.92478821344752,172.07889546351095,162.0,181.0,3.7948271323712057,0.1662270405631743,0.008896797153024912,0.8,0.8,0.13,0.8490566037735849,0.6,1.0,0.3901628250051548,0.7806274477135382,0.08756191885809961,0.08756191885809961,0.5262685756574299,srtm_earth_engine
NSR-GRID-322,extreme_rain,Extreme Rain Event,25.0,50.0,70.0,90.0,22.0,22.5,88.0,30.0,18,True,5,2959.933026376495,11839.73210550598,75.8264367816092,26.92478821344752,172.07889546351095,162.0,181.0,3.7948271323712057,0.1662270405631743,0.008896797153024912,1.0,1.0,0.09,1.0,1.0,1.0,0.3901628250051548,0.7806274477135382,0.08756191885809961,0.08756191885809961,0.5262685756574299,srtm_earth_engine
NSR-GRID-322,hot_day_optional,Hot Urban Heat Day,0.0,0.0,0.0,0.0,40.0,43.0,35.0,10.0,14,False,5,2959.933026376495,11839.73210550598,75.8264367816092,26.92478821344752,172.07889546351095,162.0,181.0,3.7948271323712057,0.1662270405631743,0.008896797153024912,0.0,0.0,0.8600000000000001,0.0,0.0,0.0,0.3901628250051548,0.7806274477135382,0.08756191885809961,0.08756191885809961,0.5262685756574299,srtm_earth_engine
NSR-GRID-323,normal_day,Normal Dry Day,0.0,0.0,0.0,0.0,30.0,31.0,45.0,12.0,12,False,2,1072.539380627592,4290.157522510368,80.0,24.13213606412082,178.71672672134096,169.0,191.0,3.295923459360395,0.06023279768172269,0.0035587188612099642,0.0,0.0,0.42000000000000004,0.18867924528301888,0.1,0.0,0.3584003593436041,0.8300984029984582,0.031895758271466325,0.031895758271466325,0.5095687274814399,srtm_earth_engine
NSR-GRID-323,light_rain,Light Rain,2.0,4.0,5.0,7.0,25.0,25.5,65.0,15.0,9,True,2,1072.539380627592,4290.157522510368,80.0,24.13213606412082,178.71672672134096,169.0,191.0,3.295923459360395,0.06023279768172269,0.0035587188612099642,0.13333333333333333,0.132,0.21000000000000002,0.5660377358490566,0.25,1.0,0.3584003593436041,0.8300984029984582,0.031895758271466325,0.031895758271466325,0.5095687274814399,srtm_earth_engine
NSR-GRID-323,heavy_rain_rush_hour,Heavy Rain During Rush Hour,12.0,24.0,32.0,40.0,23.0,23.5,80.0,22.0,17,True,2,1072.539380627592,4290.157522510368,80.0,24.13213606412082,178.71672672134096,169.0,191.0,3.295923459360395,0.06023279768172269,0.0035587188612099642,0.8,0.8,0.13,0.8490566037735849,0.6,1.0,0.3584003593436041,0.8300984029984582,0.031895758271466325,0.031895758271466325,0.5095687274814399,srtm_earth_engine
NSR-GRID-323,extreme_rain,Extreme Rain Event,25.0,50.0,70.0,90.0,22.0,22.5,88.0,30.0,18,True,2,1072.539380627592,4290.157522510368,80.0,24.13213606412082,178.71672672134096,169.0,191.0,3.295923459360395,0.06023279768172269,0.0035587188612099642,1.0,1.0,0.09,1.0,1.0,1.0,0.3584003593436041,0.8300984029984582,0.031895758271466325,0.031895758271466325,0.5095687274814399,srtm_earth_engine
NSR-GRID-323,hot_day_optional,Hot Urban Heat Day,0.0,0.0,0.0,0.0,40.0,43.0,35.0,10.0,14,False,2,1072.539380627592,4290.157522510368,80.0,24.13213606412082,178.71672672134096,169.0,191.0,3.295923459360395,0.06023279768172269,0.0035587188612099642,0.0,0.0,0.8600000000000001,0.0,0.0,0.0,0.3584003593436041,0.8300984029984582,0.031895758271466325,0.031895758271466325,0.5095687274814399,srtm_earth_engine
NSR-GRID-324,normal_day,Normal Dry Day,0.0,0.0,0.0,0.0,30.0,31.0,45.0,12.0,12,False,3,811.9068611346294,3247.627444541542,73.80596606458676,14.05843388263051,189.65030414716497,179.0,207.0,3.850271498249652,0.04559592177823304,0.005338078291814947,0.0,0.0,0.42000000000000004,0.18867924528301888,0.1,0.0,0.3060824615157568,0.7751296213924362,0.025467000035023994,0.025467000035023994,0.5076401000105072,srtm_earth_engine
NSR-GRID-324,light_rain,Light Rain,2.0,4.0,5.0,7.0,25.0,25.5,65.0,15.0,9,True,3,811.9068611346294,3247.627444541542,73.80596606458676,14.05843388263051,189.65030414716497,179.0,207.0,3.850271498249652,0.04559592177823304,0.005338078291814947,0.13333333333333333,0.132,0.21000000000000002,0.5660377358490566,0.25,1.0,0.3060824615157568,0.7751296213924362,0.025467000035023994,0.025467000035023994,0.5076401000105072,srtm_earth_engine
NSR-GRID-324,heavy_rain_rush_hour,Heavy Rain During Rush Hour,12.0,24.0,32.0,40.0,23.0,23.5,80.0,22.0,17,True,3,811.9068611346294,3247.627444541542,73.80596606458676,14.05843388263051,189.65030414716497,179.0,207.0,3.850271498249652,0.04559592177823304,0.005338078291814947,0.8,0.8,0.13,0.8490566037735849,0.6,1.0,0.3060824615157568,0.7751296213924362,0.025467000035023994,0.025467000035023994,0.5076401000105072,srtm_earth_engine
NSR-GRID-324,extreme_rain,Extreme Rain Event,25.0,50.0,70.0,90.0,22.0,22.5,88.0,30.0,18,True,3,811.9068611346294,3247.627444541542,73.80596606458676,14.05843388263051,189.65030414716497,179.0,207.0,3.850271498249652,0.04559592177823304,0.005338078291814947,1.0,1.0,0.09,1.0,1.0,1.0,0.3060824615157568,0.7751296213924362,0.025467000035023994,0.025467000035023994,0.5076401000105072,srtm_earth_engine
NSR-GRID-324,hot_day_optional,Hot Urban Heat Day,0.0,0.0,0.0,0.0,40.0,43.0,35.0,10.0,14,False,3,811.9068611346294,3247.627444541542,73.80596606458676,14.05843388263051,189.65030414716497,179.0,207.0,3.850271498249652,0.04559592177823304,0.005338078291814947,0.0,0.0,0.8600000000000001,0.0,0.0,0.0,0.3060824615157568,0.7751296213924362,0.025467000035023994,0.025467000035023994,0.5076401000105072,srtm_earth_engine
NSR-GRID-325,normal_day,Normal Dry Day,0.0,0.0,0.0,0.0,30.0,31.0,45.0,12.0,12,False,15,4165.212089751021,16660.848359004085,73.50120415982487,14.377143208546055,201.4886465515837,188.0,214.0,4.389738786843736,0.23391437334136472,0.026690391459074734,0.0,0.0,0.42000000000000004,0.18867924528301888,0.1,0.0,0.2494352028698726,0.7216364050553886,0.13030238240021974,0.13030238240021974,0.5390907147200659,srtm_earth_engine
NSR-GRID-325,light_rain,Light Rain,2.0,4.0,5.0,7.0,25.0,25.5,65.0,15.0,9,True,15,4165.212089751021,16660.848359004085,73.50120415982487,14.377143208546055,201.4886465515837,188.0,214.0,4.389738786843736,0.23391437334136472,0.026690391459074734,0.13333333333333333,0.132,0.21000000000000002,0.5660377358490566,0.25,1.0,0.2494352028698726,0.7216364050553886,0.13030238240021974,0.13030238240021974,0.5390907147200659,srtm_earth_engine
NSR-GRID-325,heavy_rain_rush_hour,Heavy Rain During Rush Hour,12.0,24.0,32.0,40.0,23.0,23.5,80.0,22.0,17,True,15,4165.212089751021,16660.848359004085,73.50120415982487,14.377143208546055,201.4886465515837,188.0,214.0,4.389738786843736,0.23391437334136472,0.026690391459074734,0.8,0.8,0.13,0.8490566037735849,0.6,1.0,0.2494352028698726,0.7216364050553886,0.13030238240021974,0.13030238240021974,0.5390907147200659,srtm_earth_engine
NSR-GRID-325,extreme_rain,Extreme Rain Event,25.0,50.0,70.0,90.0,22.0,22.5,88.0,30.0,18,True,15,4165.212089751021,16660.848359004085,73.50120415982487,14.377143208546055,201.4886465515837,188.0,214.0,4.389738786843736,0.23391437334136472,0.026690391459074734,1.0,1.0,0.09,1.0,1.0,1.0,0.2494352028698726,0.7216364050553886,0.13030238240021974,0.13030238240021974,0.5390907147200659,srtm_earth_engine
NSR-GRID-325,hot_day_optional,Hot Urban Heat Day,0.0,0.0,0.0,0.0,40.0,43.0,35.0,10.0,14,False,15,4165.212089751021,16660.848359004085,73.50120415982487,14.377143208546055,201.4886465515837,188.0,214.0,4.389738786843736,0.23391437334136472,0.026690391459074734,0.0,0.0,0.8600000000000001,0.0,0.0,0.0,0.2494352028698726,0.7216364050553886,0.13030238240021974,0.13030238240021974,0.5390907147200659,srtm_earth_engine
NSR-GRID-326,normal_day,Normal Dry Day,0.0,0.0,0.0,0.0,30.0,31.0,45.0,12.0,12,False,2,896.6121518747385,3586.448607498954,70.70894909688013,24.01414626600088,206.2453002461971,197.0,213.0,3.339054369574464,0.050352890829280385,0.0035587188612099642,0.0,0.0,0.42000000000000004,0.18867924528301888,0.1,0.0,0.226674297421903,0.8258215707239605,0.026955804845245176,0.026955804845245176,0.5080867414535736,srtm_earth_engine
NSR-GRID-326,light_rain,Light Rain,2.0,4.0,5.0,7.0,25.0,25.5,65.0,15.0,9,True,2,896.6121518747385,3586.448607498954,70.70894909688013,24.01414626600088,206.2453002461971,197.0,213.0,3.339054369574464,0.050352890829280385,0.0035587188612099642,0.13333333333333333,0.132,0.21000000000000002,0.5660377358490566,0.25,1.0,0.226674297421903,0.8258215707239605,0.026955804845245176,0.026955804845245176,0.5080867414535736,srtm_earth_engine
NSR-GRID-326,heavy_rain_rush_hour,Heavy Rain During Rush Hour,12.0,24.0,32.0,40.0,23.0,23.5,80.0,22.0,17,True,2,896.6121518747385,3586.448607498954,70.70894909688013,24.01414626600088,206.2453002461971,197.0,213.0,3.339054369574464,0.050352890829280385,0.0035587188612099642,0.8,0.8,0.13,0.8490566037735849,0.6,1.0,0.226674297421903,0.8258215707239605,0.026955804845245176,0.026955804845245176,0.5080867414535736,srtm_earth_engine
NSR-GRID-326,extreme_rain,Extreme Rain Event,25.0,50.0,70.0,90.0,22.0,22.5,88.0,30.0,18,True,2,896.6121518747385,3586.448607498954,70.70894909688013,24.01414626600088,206.2453002461971,197.0,213.0,3.339054369574464,0.050352890829280385,0.0035587188612099642,1.0,1.0,0.09,1.0,1.0,1.0,0.226674297421903,0.8258215707239605,0.026955804845245176,0.026955804845245176,0.5080867414535736,srtm_earth_engine
NSR-GRID-326,hot_day_optional,Hot Urban Heat Day,0.0,0.0,0.0,0.0,40.0,43.0,35.0,10.0,14,False,2,896.6121518747385,3586.448607498954,70.70894909688013,24.01414626600088,206.2453002461971,197.0,213.0,3.339054369574464,0.050352890829280385,0.0035587188612099642,0.0,0.0,0.8600000000000001,0.0,0.0,0.0,0.226674297421903,0.8258215707239605,0.026955804845245176,0.026955804845245176,0.5080867414535736,srtm_earth_engine
NSR-GRID-327,normal_day,Normal Dry Day,0.0,0.0,0.0,0.0,30.0,31.0,45.0,12.0,12,False,0,0.0,0.0,50.0,0.0,209.90497235767063,198.0,219.0,4.076193386223862,0.0,0.0,0.0,0.0,0.42000000000000004,0.18867924528301888,0.1,0.0,0.2091625220756865,0.7527273577442095,0.0,0.0,0.5,srtm_earth_engine
NSR-GRID-327,light_rain,Light Rain,2.0,4.0,5.0,7.0,25.0,25.5,65.0,15.0,9,True,0,0.0,0.0,50.0,0.0,209.90497235767063,198.0,219.0,4.076193386223862,0.0,0.0,0.13333333333333333,0.132,0.21000000000000002,0.5660377358490566,0.25,1.0,0.2091625220756865,0.7527273577442095,0.0,0.0,0.5,srtm_earth_engine
NSR-GRID-327,heavy_rain_rush_hour,Heavy Rain During Rush Hour,12.0,24.0,32.0,40.0,23.0,23.5,80.0,22.0,17,True,0,0.0,0.0,50.0,0.0,209.90497235767063,198.0,219.0,4.076193386223862,0.0,0.0,0.8,0.8,0.13,0.8490566037735849,0.6,1.0,0.2091625220756865,0.7527273577442095,0.0,0.0,0.5,srtm_earth_engine
NSR-GRID-327,extreme_rain,Extreme Rain Event,25.0,50.0,70.0,90.0,22.0,22.5,88.0,30.0,18,True,0,0.0,0.0,50.0,0.0,209.90497235767063,198.0,219.0,4.076193386223862,0.0,0.0,1.0,1.0,0.09,1.0,1.0,1.0,0.2091625220756865,0.7527273577442095,0.0,0.0,0.5,srtm_earth_engine
NSR-GRID-327,hot_day_optional,Hot Urban Heat Day,0.0,0.0,0.0,0.0,40.0,43.0,35.0,10.0,14,False,0,0.0,0.0,50.0,0.0,209.90497235767063,198.0,219.0,4.076193386223862,0.0,0.0,0.0,0.0,0.8600000000000001,0.0,0.0,0.0,0.2091625220756865,0.7527273577442095,0.0,0.0,0.5,srtm_earth_engine
NSR-GRID-328,normal_day,Normal Dry Day,0.0,0.0,0.0,0.0,30.0,31.0,45.0,12.0,12,False,0,0.0,0.0,50.0,0.0,211.46365755456677,200.0,221.0,3.488081921197631,0.0,0.0,0.0,0.0,0.42000000000000004,0.18867924528301888,0.1,0.0,0.2017041093621694,0.8110440981547997,0.0,0.0,0.5,srtm_earth_engine
NSR-GRID-328,light_rain,Light Rain,2.0,4.0,5.0,7.0,25.0,25.5,65.0,15.0,9,True,0,0.0,0.0,50.0,0.0,211.46365755456677,200.0,221.0,3.488081921197631,0.0,0.0,0.13333333333333333,0.132,0.21000000000000002,0.5660377358490566,0.25,1.0,0.2017041093621694,0.8110440981547997,0.0,0.0,0.5,srtm_earth_engine
NSR-GRID-328,heavy_rain_rush_hour,Heavy Rain During Rush Hour,12.0,24.0,32.0,40.0,23.0,23.5,80.0,22.0,17,True,0,0.0,0.0,50.0,0.0,211.46365755456677,200.0,221.0,3.488081921197631,0.0,0.0,0.8,0.8,0.13,0.8490566037735849,0.6,1.0,0.2017041093621694,0.8110440981547997,0.0,0.0,0.5,srtm_earth_engine
NSR-GRID-328,extreme_rain,Extreme Rain Event,25.0,50.0,70.0,90.0,22.0,22.5,88.0,30.0,18,True,0,0.0,0.0,50.0,0.0,211.46365755456677,200.0,221.0,3.488081921197631,0.0,0.0,1.0,1.0,0.09,1.0,1.0,1.0,0.2017041093621694,0.8110440981547997,0.0,0.0,0.5,srtm_earth_engine
NSR-GRID-328,hot_day_optional,Hot Urban Heat Day,0.0,0.0,0.0,0.0,40.0,43.0,35.0,10.0,14,False,0,0.0,0.0,50.0,0.0,211.46365755456677,200.0,221.0,3.488081921197631,0.0,0.0,0.0,0.0,0.8600000000000001,0.0,0.0,0.0,0.2017041093621694,0.8110440981547997,0.0,0.0,0.5,srtm_earth_engine
NSR-GRID-329,normal_day,Normal Dry Day,0.0,0.0,0.0,0.0,30.0,31.0,45.0,12.0,12,False,0,0.0,0.0,50.0,0.0,221.56498133142057,210.0,234.0,4.7094390566910445,0.0,0.0,0.0,0.0,0.42000000000000004,0.18867924528301888,0.1,0.0,0.1533686007997818,0.6899351396412727,0.0,0.0,0.5,srtm_earth_engine
NSR-GRID-329,light_rain,Light Rain,2.0,4.0,5.0,7.0,25.0,25.5,65.0,15.0,9,True,0,0.0,0.0,50.0,0.0,221.56498133142057,210.0,234.0,4.7094390566910445,0.0,0.0,0.13333333333333333,0.132,0.21000000000000002,0.5660377358490566,0.25,1.0,0.1533686007997818,0.6899351396412727,0.0,0.0,0.5,srtm_earth_engine
NSR-GRID-329,heavy_rain_rush_hour,Heavy Rain During Rush Hour,12.0,24.0,32.0,40.0,23.0,23.5,80.0,22.0,17,True,0,0.0,0.0,50.0,0.0,221.56498133142057,210.0,234.0,4.7094390566910445,0.0,0.0,0.8,0.8,0.13,0.8490566037735849,0.6,1.0,0.1533686007997818,0.6899351396412727,0.0,0.0,0.5,srtm_earth_engine
NSR-GRID-329,extreme_rain,Extreme Rain Event,25.0,50.0,70.0,90.0,22.0,22.5,88.0,30.0,18,True,0,0.0,0.0,50.0,0.0,221.56498133142057,210.0,234.0,4.7094390566910445,0.0,0.0,1.0,1.0,0.09,1.0,1.0,1.0,0.1533686007997818,0.6899351396412727,0.0,0.0,0.5,srtm_earth_engine
NSR-GRID-329,hot_day_optional,Hot Urban Heat Day,0.0,0.0,0.0,0.0,40.0,43.0,35.0,10.0,14,False,0,0.0,0.0,50.0,0.0,221.56498133142057,210.0,234.0,4.7094390566910445,0.0,0.0,0.0,0.0,0.8600000000000001,0.0,0.0,0.0,0.1533686007997818,0.6899351396412727,0.0,0.0,0.5,srtm_earth_engine
NSR-GRID-330,normal_day,Normal Dry Day,0.0,0.0,0.0,0.0,30.0,31.0,45.0,12.0,12,False,11,823.256282558072,3293.025130235355,54.523734885803854,4.54507717101201,233.28787162217276,208.0,246.0,4.689727587735197,0.04623329455610107,0.019572953736654804,0.0,0.0,0.42000000000000004,0.18867924528301888,0.1,0.0,0.097273788224527,0.691889715748981,0.032903124146377936,0.032903124146377936,0.5098709372439134,srtm_earth_engine
NSR-GRID-330,light_rain,Light Rain,2.0,4.0,5.0,7.0,25.0,25.5,65.0,15.0,9,True,11,823.256282558072,3293.025130235355,54.523734885803854,4.54507717101201,233.28787162217276,208.0,246.0,4.689727587735197,0.04623329455610107,0.019572953736654804,0.13333333333333333,0.132,0.21000000000000002,0.5660377358490566,0.25,1.0,0.097273788224527,0.691889715748981,0.032903124146377936,0.032903124146377936,0.5098709372439134,srtm_earth_engine
NSR-GRID-330,heavy_rain_rush_hour,Heavy Rain During Rush Hour,12.0,24.0,32.0,40.0,23.0,23.5,80.0,22.0,17,True,11,823.256282558072,3293.025130235355,54.523734885803854,4.54507717101201,233.28787162217276,208.0,246.0,4.689727587735197,0.04623329455610107,0.019572953736654804,0.8,0.8,0.13,0.8490566037735849,0.6,1.0,0.097273788224527,0.691889715748981,0.032903124146377936,0.032903124146377936,0.5098709372439134,srtm_earth_engine
NSR-GRID-330,extreme_rain,Extreme Rain Event,25.0,50.0,70.0,90.0,22.0,22.5,88.0,30.0,18,True,11,823.256282558072,3293.025130235355,54.523734885803854,4.54507717101201,233.28787162217276,208.0,246.0,4.689727587735197,0.04623329455610107,0.019572953736654804,1.0,1.0,0.09,1.0,1.0,1.0,0.097273788224527,0.691889715748981,0.032903124146377936,0.032903124146377936,0.5098709372439134,srtm_earth_engine
NSR-GRID-330,hot_day_optional,Hot Urban Heat Day,0.0,0.0,0.0,0.0,40.0,43.0,35.0,10.0,14,False,11,823.256282558072,3293.025130235355,54.523734885803854,4.54507717101201,233.28787162217276,208.0,246.0,4.689727587735197,0.04623329455610107,0.019572953736654804,0.0,0.0,0.8600000000000001,0.0,0.0,0.0,0.097273788224527,0.691889715748981,0.032903124146377936,0.032903124146377936,0.5098709372439134,srtm_earth_engine
NSR-GRID-331,normal_day,Normal Dry Day,0.0,0.0,0.0,0.0,30.0,31.0,45.0,12.0,12,False,0,0.0,0.0,50.0,0.0,239.1241462500204,229.0,248.0,4.031378394139222,0.0,0.0,0.0,0.0,0.42000000000000004,0.18867924528301888,0.1,0.0,0.0693468245434719,0.7571711824531634,0.0,0.0,0.5,srtm_earth_engine
NSR-GRID-331,light_rain,Light Rain,2.0,4.0,5.0,7.0,25.0,25.5,65.0,15.0,9,True,0,0.0,0.0,50.0,0.0,239.1241462500204,229.0,248.0,4.031378394139222,0.0,0.0,0.13333333333333333,0.132,0.21000000000000002,0.5660377358490566,0.25,1.0,0.0693468245434719,0.7571711824531634,0.0,0.0,0.5,srtm_earth_engine
NSR-GRID-331,heavy_rain_rush_hour,Heavy Rain During Rush Hour,12.0,24.0,32.0,40.0,23.0,23.5,80.0,22.0,17,True,0,0.0,0.0,50.0,0.0,239.1241462500204,229.0,248.0,4.031378394139222,0.0,0.0,0.8,0.8,0.13,0.8490566037735849,0.6,1.0,0.0693468245434719,0.7571711824531634,0.0,0.0,0.5,srtm_earth_engine
NSR-GRID-331,extreme_rain,Extreme Rain Event,25.0,50.0,70.0,90.0,22.0,22.5,88.0,30.0,18,True,0,0.0,0.0,50.0,0.0,239.1241462500204,229.0,248.0,4.031378394139222,0.0,0.0,1.0,1.0,0.09,1.0,1.0,1.0,0.0693468245434719,0.7571711824531634,0.0,0.0,0.5,srtm_earth_engine
NSR-GRID-331,hot_day_optional,Hot Urban Heat Day,0.0,0.0,0.0,0.0,40.0,43.0,35.0,10.0,14,False,0,0.0,0.0,50.0,0.0,239.1241462500204,229.0,248.0,4.031378394139222,0.0,0.0,0.0,0.0,0.8600000000000001,0.0,0.0,0.0,0.0693468245434719,0.7571711824531634,0.0,0.0,0.5,srtm_earth_engine
NSR-GRID-332,normal_day,Normal Dry Day,0.0,0.0,0.0,0.0,30.0,31.0,45.0,12.0,12,False,0,0.0,0.0,50.0,0.0,131.03266170188633,124.0,139.0,5.023454876909166,0.0,0.0,0.0,0.0,0.42000000000000004,0.18867924528301888,0.1,0.0,0.586571793499451,0.6587975404590123,0.0,0.0,0.5,srtm_earth_engine
NSR-GRID-332,light_rain,Light Rain,2.0,4.0,5.0,7.0,25.0,25.5,65.0,15.0,9,True,0,0.0,0.0,50.0,0.0,131.03266170188633,124.0,139.0,5.023454876909166,0.0,0.0,0.13333333333333333,0.132,0.21000000000000002,0.5660377358490566,0.25,1.0,0.586571793499451,0.6587975404590123,0.0,0.0,0.5,srtm_earth_engine
NSR-GRID-332,heavy_rain_rush_hour,Heavy Rain During Rush Hour,12.0,24.0,32.0,40.0,23.0,23.5,80.0,22.0,17,True,0,0.0,0.0,50.0,0.0,131.03266170188633,124.0,139.0,5.023454876909166,0.0,0.0,0.8,0.8,0.13,0.8490566037735849,0.6,1.0,0.586571793499451,0.6587975404590123,0.0,0.0,0.5,srtm_earth_engine
NSR-GRID-332,extreme_rain,Extreme Rain Event,25.0,50.0,70.0,90.0,22.0,22.5,88.0,30.0,18,True,0,0.0,0.0,50.0,0.0,131.03266170188633,124.0,139.0,5.023454876909166,0.0,0.0,1.0,1.0,0.09,1.0,1.0,1.0,0.586571793499451,0.6587975404590123,0.0,0.0,0.5,srtm_earth_engine
NSR-GRID-332,hot_day_optional,Hot Urban Heat Day,0.0,0.0,0.0,0.0,40.0,43.0,35.0,10.0,14,False,0,0.0,0.0,50.0,0.0,131.03266170188633,124.0,139.0,5.023454876909166,0.0,0.0,0.0,0.0,0.8600000000000001,0.0,0.0,0.0,0.586571793499451,0.6587975404590123,0.0,0.0,0.5,srtm_earth_engine
NSR-GRID-333,normal_day,Normal Dry Day,0.0,0.0,0.0,0.0,30.0,31.0,45.0,12.0,12,False,0,0.0,0.0,50.0,0.0,241.9578584680625,234.0,248.0,3.1262837112791138,0.0,0.0,0.0,0.0,0.42000000000000004,0.18867924528301888,0.1,0.0,0.0557873224223373,0.846919767213374,0.0,0.0,0.5,srtm_earth_engine
NSR-GRID-333,light_rain,Light Rain,2.0,4.0,5.0,7.0,25.0,25.5,65.0,15.0,9,True,0,0.0,0.0,50.0,0.0,241.9578584680625,234.0,248.0,3.1262837112791138,0.0,0.0,0.13333333333333333,0.132,0.21000000000000002,0.5660377358490566,0.25,1.0,0.0557873224223373,0.846919767213374,0.0,0.0,0.5,srtm_earth_engine
NSR-GRID-333,heavy_rain_rush_hour,Heavy Rain During Rush Hour,12.0,24.0,32.0,40.0,23.0,23.5,80.0,22.0,17,True,0,0.0,0.0,50.0,0.0,241.9578584680625,234.0,248.0,3.1262837112791138,0.0,0.0,0.8,0.8,0.13,0.8490566037735849,0.6,1.0,0.0557873224223373,0.846919767213374,0.0,0.0,0.5,srtm_earth_engine
NSR-GRID-333,extreme_rain,Extreme Rain Event,25.0,50.0,70.0,90.0,22.0,22.5,88.0,30.0,18,True,0,0.0,0.0,50.0,0.0,241.9578584680625,234.0,248.0,3.1262837112791138,0.0,0.0,1.0,1.0,0.09,1.0,1.0,1.0,0.0557873224223373,0.846919767213374,0.0,0.0,0.5,srtm_earth_engine
NSR-GRID-333,hot_day_optional,Hot Urban Heat Day,0.0,0.0,0.0,0.0,40.0,43.0,35.0,10.0,14,False,0,0.0,0.0,50.0,0.0,241.9578584680625,234.0,248.0,3.1262837112791138,0.0,0.0,0.0,0.0,0.8600000000000001,0.0,0.0,0.0,0.0557873224223373,0.846919767213374,0.0,0.0,0.5,srtm_earth_engine
NSR-GRID-334,normal_day,Normal Dry Day,0.0,0.0,0.0,0.0,30.0,31.0,45.0,12.0,12,False,10,3829.8403218210033,15319.361287284011,70.70894909688013,20.61229864237376,137.51752355491797,125.0,150.0,3.6653741867956247,0.2150802119009985,0.017793594306049824,0.0,0.0,0.42000000000000004,0.18867924528301888,0.1,0.0,0.5555412966509736,0.7934639154096419,0.11643690310352416,0.11643690310352416,0.5349310709310573,srtm_earth_engine
NSR-GRID-334,light_rain,Light Rain,2.0,4.0,5.0,7.0,25.0,25.5,65.0,15.0,9,True,10,3829.8403218210033,15319.361287284011,70.70894909688013,20.61229864237376,137.51752355491797,125.0,150.0,3.6653741867956247,0.2150802119009985,0.017793594306049824,0.13333333333333333,0.132,0.21000000000000002,0.5660377358490566,0.25,1.0,0.5555412966509736,0.7934639154096419,0.11643690310352416,0.11643690310352416,0.5349310709310573,srtm_earth_engine
NSR-GRID-334,heavy_rain_rush_hour,Heavy Rain During Rush Hour,12.0,24.0,32.0,40.0,23.0,23.5,80.0,22.0,17,True,10,3829.8403218210033,15319.361287284011,70.70894909688013,20.61229864237376,137.51752355491797,125.0,150.0,3.6653741867956247,0.2150802119009985,0.017793594306049824,0.8,0.8,0.13,0.8490566037735849,0.6,1.0,0.5555412966509736,0.7934639154096419,0.11643690310352416,0.11643690310352416,0.5349310709310573,srtm_earth_engine
NSR-GRID-334,extreme_rain,Extreme Rain Event,25.0,50.0,70.0,90.0,22.0,22.5,88.0,30.0,18,True,10,3829.8403218210033,15319.361287284011,70.70894909688013,20.61229864237376,137.51752355491797,125.0,150.0,3.6653741867956247,0.2150802119009985,0.017793594306049824,1.0,1.0,0.09,1.0,1.0,1.0,0.5555412966509736,0.7934639154096419,0.11643690310352416,0.11643690310352416,0.5349310709310573,srtm_earth_engine
NSR-GRID-334,hot_day_optional,Hot Urban Heat Day,0.0,0.0,0.0,0.0,40.0,43.0,35.0,10.0,14,False,10,3829.8403218210033,15319.361287284011,70.70894909688013,20.61229864237376,137.51752355491797,125.0,150.0,3.6653741867956247,0.2150802119009985,0.017793594306049824,0.0,0.0,0.8600000000000001,0.0,0.0,0.0,0.5555412966509736,0.7934639154096419,0.11643690310352416,0.11643690310352416,0.5349310709310573,srtm_earth_engine
NSR-GRID-335,normal_day,Normal Dry Day,0.0,0.0,0.0,0.0,30.0,31.0,45.0,12.0,12,False,7,2258.2221429295164,9032.888571718066,74.69082805536007,16.415786149632456,150.7680982195266,135.0,170.0,4.910722806785416,0.12681962071720745,0.012455516014234875,0.0,0.0,0.42000000000000004,0.18867924528301888,0.1,0.0,0.4921364123698336,0.6699759773035685,0.06963756836572116,0.06963756836572116,0.5208912705097164,srtm_earth_engine
NSR-GRID-335,light_rain,Light Rain,2.0,4.0,5.0,7.0,25.0,25.5,65.0,15.0,9,True,7,2258.2221429295164,9032.888571718066,74.69082805536007,16.415786149632456,150.7680982195266,135.0,170.0,4.910722806785416,0.12681962071720745,0.012455516014234875,0.13333333333333333,0.132,0.21000000000000002,0.5660377358490566,0.25,1.0,0.4921364123698336,0.6699759773035685,0.06963756836572116,0.06963756836572116,0.5208912705097164,srtm_earth_engine
NSR-GRID-335,heavy_rain_rush_hour,Heavy Rain During Rush Hour,12.0,24.0,32.0,40.0,23.0,23.5,80.0,22.0,17,True,7,2258.2221429295164,9032.888571718066,74.69082805536007,16.415786149632456,150.7680982195266,135.0,170.0,4.910722806785416,0.12681962071720745,0.012455516014234875,0.8,0.8,0.13,0.8490566037735849,0.6,1.0,0.4921364123698336,0.6699759773035685,0.06963756836572116,0.06963756836572116,0.5208912705097164,srtm_earth_engine
NSR-GRID-335,extreme_rain,Extreme Rain Event,25.0,50.0,70.0,90.0,22.0,22.5,88.0,30.0,18,True,7,2258.2221429295164,9032.888571718066,74.69082805536007,16.415786149632456,150.7680982195266,135.0,170.0,4.910722806785416,0.12681962071720745,0.012455516014234875,1.0,1.0,0.09,1.0,1.0,1.0,0.4921364123698336,0.6699759773035685,0.06963756836572116,0.06963756836572116,0.5208912705097164,srtm_earth_engine
NSR-GRID-335,hot_day_optional,Hot Urban Heat Day,0.0,0.0,0.0,0.0,40.0,43.0,35.0,10.0,14,False,7,2258.2221429295164,9032.888571718066,74.69082805536007,16.415786149632456,150.7680982195266,135.0,170.0,4.910722806785416,0.12681962071720745,0.012455516014234875,0.0,0.0,0.8600000000000001,0.0,0.0,0.0,0.4921364123698336,0.6699759773035685,0.06963756836572116,0.06963756836572116,0.5208912705097164,srtm_earth_engine
NSR-GRID-336,normal_day,Normal Dry Day,0.0,0.0,0.0,0.0,30.0,31.0,45.0,12.0,12,False,0,0.0,0.0,50.0,0.0,173.72462775413015,158.0,184.0,3.756110998897409,0.0,0.0,0.0,0.0,0.42000000000000004,0.18867924528301888,0.1,0.0,0.3822878861375486,0.7844665136725609,0.0,0.0,0.5,srtm_earth_engine
NSR-GRID-336,light_rain,Light Rain,2.0,4.0,5.0,7.0,25.0,25.5,65.0,15.0,9,True,0,0.0,0.0,50.0,0.0,173.72462775413015,158.0,184.0,3.756110998897409,0.0,0.0,0.13333333333333333,0.132,0.21000000000000002,0.5660377358490566,0.25,1.0,0.3822878861375486,0.7844665136725609,0.0,0.0,0.5,srtm_earth_engine
NSR-GRID-336,heavy_rain_rush_hour,Heavy Rain During Rush Hour,12.0,24.0,32.0,40.0,23.0,23.5,80.0,22.0,17,True,0,0.0,0.0,50.0,0.0,173.72462775413015,158.0,184.0,3.756110998897409,0.0,0.0,0.8,0.8,0.13,0.8490566037735849,0.6,1.0,0.3822878861375486,0.7844665136725609,0.0,0.0,0.5,srtm_earth_engine
NSR-GRID-336,extreme_rain,Extreme Rain Event,25.0,50.0,70.0,90.0,22.0,22.5,88.0,30.0,18,True,0,0.0,0.0,50.0,0.0,173.72462775413015,158.0,184.0,3.756110998897409,0.0,0.0,1.0,1.0,0.09,1.0,1.0,1.0,0.3822878861375486,0.7844665136725609,0.0,0.0,0.5,srtm_earth_engine
NSR-GRID-336,hot_day_optional,Hot Urban Heat Day,0.0,0.0,0.0,0.0,40.0,43.0,35.0,10.0,14,False,0,0.0,0.0,50.0,0.0,173.72462775413015,158.0,184.0,3.756110998897409,0.0,0.0,0.0,0.0,0.8600000000000001,0.0,0.0,0.0,0.3822878861375486,0.7844665136725609,0.0,0.0,0.5,srtm_earth_engine
NSR-GRID-337,normal_day,Normal Dry Day,0.0,0.0,0.0,0.0,30.0,31.0,45.0,12.0,12,False,0,0.0,0.0,50.0,0.0,178.30689857529427,154.0,188.0,5.117680583319105,0.0,0.0,0.0,0.0,0.42000000000000004,0.18867924528301888,0.1,0.0,0.3603614143795528,0.6494541822905606,0.0,0.0,0.5,srtm_earth_engine
NSR-GRID-337,light_rain,Light Rain,2.0,4.0,5.0,7.0,25.0,25.5,65.0,15.0,9,True,0,0.0,0.0,50.0,0.0,178.30689857529427,154.0,188.0,5.117680583319105,0.0,0.0,0.13333333333333333,0.132,0.21000000000000002,0.5660377358490566,0.25,1.0,0.3603614143795528,0.6494541822905606,0.0,0.0,0.5,srtm_earth_engine
NSR-GRID-337,heavy_rain_rush_hour,Heavy Rain During Rush Hour,12.0,24.0,32.0,40.0,23.0,23.5,80.0,22.0,17,True,0,0.0,0.0,50.0,0.0,178.30689857529427,154.0,188.0,5.117680583319105,0.0,0.0,0.8,0.8,0.13,0.8490566037735849,0.6,1.0,0.3603614143795528,0.6494541822905606,0.0,0.0,0.5,srtm_earth_engine
NSR-GRID-337,extreme_rain,Extreme Rain Event,25.0,50.0,70.0,90.0,22.0,22.5,88.0,30.0,18,True,0,0.0,0.0,50.0,0.0,178.30689857529427,154.0,188.0,5.117680583319105,0.0,0.0,1.0,1.0,0.09,1.0,1.0,1.0,0.3603614143795528,0.6494541822905606,0.0,0.0,0.5,srtm_earth_engine
NSR-GRID-337,hot_day_optional,Hot Urban Heat Day,0.0,0.0,0.0,0.0,40.0,43.0,35.0,10.0,14,False,0,0.0,0.0,50.0,0.0,178.30689857529427,154.0,188.0,5.117680583319105,0.0,0.0,0.0,0.0,0.8600000000000001,0.0,0.0,0.0,0.3603614143795528,0.6494541822905606,0.0,0.0,0.5,srtm_earth_engine
NSR-GRID-338,normal_day,Normal Dry Day,0.0,0.0,0.0,0.0,30.0,31.0,45.0,12.0,12,False,0,0.0,0.0,50.0,0.0,180.22055370768945,148.0,199.0,7.696220698192121,0.0,0.0,0.0,0.0,0.42000000000000004,0.18867924528301888,0.1,0.0,0.3512044468294886,0.3937678652237165,0.0,0.0,0.5,srtm_earth_engine
NSR-GRID-338,light_rain,Light Rain,2.0,4.0,5.0,7.0,25.0,25.5,65.0,15.0,9,True,0,0.0,0.0,50.0,0.0,180.22055370768945,148.0,199.0,7.696220698192121,0.0,0.0,0.13333333333333333,0.132,0.21000000000000002,0.5660377358490566,0.25,1.0,0.3512044468294886,0.3937678652237165,0.0,0.0,0.5,srtm_earth_engine
NSR-GRID-338,heavy_rain_rush_hour,Heavy Rain During Rush Hour,12.0,24.0,32.0,40.0,23.0,23.5,80.0,22.0,17,True,0,0.0,0.0,50.0,0.0,180.22055370768945,148.0,199.0,7.696220698192121,0.0,0.0,0.8,0.8,0.13,0.8490566037735849,0.6,1.0,0.3512044468294886,0.3937678652237165,0.0,0.0,0.5,srtm_earth_engine
NSR-GRID-338,extreme_rain,Extreme Rain Event,25.0,50.0,70.0,90.0,22.0,22.5,88.0,30.0,18,True,0,0.0,0.0,50.0,0.0,180.22055370768945,148.0,199.0,7.696220698192121,0.0,0.0,1.0,1.0,0.09,1.0,1.0,1.0,0.3512044468294886,0.3937678652237165,0.0,0.0,0.5,srtm_earth_engine
NSR-GRID-338,hot_day_optional,Hot Urban Heat Day,0.0,0.0,0.0,0.0,40.0,43.0,35.0,10.0,14,False,0,0.0,0.0,50.0,0.0,180.22055370768945,148.0,199.0,7.696220698192121,0.0,0.0,0.0,0.0,0.8600000000000001,0.0,0.0,0.0,0.3512044468294886,0.3937678652237165,0.0,0.0,0.5,srtm_earth_engine
NSR-GRID-339,normal_day,Normal Dry Day,0.0,0.0,0.0,0.0,30.0,31.0,45.0,12.0,12,False,0,0.0,0.0,50.0,0.0,194.68277965327724,183.0,210.0,4.1972430895440525,0.0,0.0,0.0,0.0,0.42000000000000004,0.18867924528301888,0.1,0.0,0.2820017302879278,0.7407241499424577,0.0,0.0,0.5,srtm_earth_engine
NSR-GRID-339,light_rain,Light Rain,2.0,4.0,5.0,7.0,25.0,25.5,65.0,15.0,9,True,0,0.0,0.0,50.0,0.0,194.68277965327724,183.0,210.0,4.1972430895440525,0.0,0.0,0.13333333333333333,0.132,0.21000000000000002,0.5660377358490566,0.25,1.0,0.2820017302879278,0.7407241499424577,0.0,0.0,0.5,srtm_earth_engine
NSR-GRID-339,heavy_rain_rush_hour,Heavy Rain During Rush Hour,12.0,24.0,32.0,40.0,23.0,23.5,80.0,22.0,17,True,0,0.0,0.0,50.0,0.0,194.68277965327724,183.0,210.0,4.1972430895440525,0.0,0.0,0.8,0.8,0.13,0.8490566037735849,0.6,1.0,0.2820017302879278,0.7407241499424577,0.0,0.0,0.5,srtm_earth_engine
NSR-GRID-339,extreme_rain,Extreme Rain Event,25.0,50.0,70.0,90.0,22.0,22.5,88.0,30.0,18,True,0,0.0,0.0,50.0,0.0,194.68277965327724,183.0,210.0,4.1972430895440525,0.0,0.0,1.0,1.0,0.09,1.0,1.0,1.0,0.2820017302879278,0.7407241499424577,0.0,0.0,0.5,srtm_earth_engine
NSR-GRID-339,hot_day_optional,Hot Urban Heat Day,0.0,0.0,0.0,0.0,40.0,43.0,35.0,10.0,14,False,0,0.0,0.0,50.0,0.0,194.68277965327724,183.0,210.0,4.1972430895440525,0.0,0.0,0.0,0.0,0.8600000000000001,0.0,0.0,0.0,0.2820017302879278,0.7407241499424577,0.0,0.0,0.5,srtm_earth_engine
NSR-GRID-340,normal_day,Normal Dry Day,0.0,0.0,0.0,0.0,30.0,31.0,45.0,12.0,12,False,6,3175.113004235514,12700.452016942056,67.23097974822113,29.182049146802537,197.85498647018557,189.0,207.0,3.3832350073525124,0.17831134469749507,0.010676156583629894,0.0,0.0,0.42000000000000004,0.18867924528301888,0.1,0.0,0.2668225089158066,0.8214406481647278,0.09449375064056248,0.09449375064056248,0.5283481251921688,srtm_earth_engine
NSR-GRID-340,light_rain,Light Rain,2.0,4.0,5.0,7.0,25.0,25.5,65.0,15.0,9,True,6,3175.113004235514,12700.452016942056,67.23097974822113,29.182049146802537,197.85498647018557,189.0,207.0,3.3832350073525124,0.17831134469749507,0.010676156583629894,0.13333333333333333,0.132,0.21000000000000002,0.5660377358490566,0.25,1.0,0.2668225089158066,0.8214406481647278,0.09449375064056248,0.09449375064056248,0.5283481251921688,srtm_earth_engine
NSR-GRID-340,heavy_rain_rush_hour,Heavy Rain During Rush Hour,12.0,24.0,32.0,40.0,23.0,23.5,80.0,22.0,17,True,6,3175.113004235514,12700.452016942056,67.23097974822113,29.182049146802537,197.85498647018557,189.0,207.0,3.3832350073525124,0.17831134469749507,0.010676156583629894,0.8,0.8,0.13,0.8490566037735849,0.6,1.0,0.2668225089158066,0.8214406481647278,0.09449375064056248,0.09449375064056248,0.5283481251921688,srtm_earth_engine
NSR-GRID-340,extreme_rain,Extreme Rain Event,25.0,50.0,70.0,90.0,22.0,22.5,88.0,30.0,18,True,6,3175.113004235514,12700.452016942056,67.23097974822113,29.182049146802537,197.85498647018557,189.0,207.0,3.3832350073525124,0.17831134469749507,0.010676156583629894,1.0,1.0,0.09,1.0,1.0,1.0,0.2668225089158066,0.8214406481647278,0.09449375064056248,0.09449375064056248,0.5283481251921688,srtm_earth_engine
NSR-GRID-340,hot_day_optional,Hot Urban Heat Day,0.0,0.0,0.0,0.0,40.0,43.0,35.0,10.0,14,False,6,3175.113004235514,12700.452016942056,67.23097974822113,29.182049146802537,197.85498647018557,189.0,207.0,3.3832350073525124,0.17831134469749507,0.010676156583629894,0.0,0.0,0.8600000000000001,0.0,0.0,0.0,0.2668225089158066,0.8214406481647278,0.09449375064056248,0.09449375064056248,0.5283481251921688,srtm_earth_engine
NSR-GRID-341,normal_day,Normal Dry Day,0.0,0.0,0.0,0.0,30.0,31.0,45.0,12.0,12,False,1,605.4449536212674,2421.779814485069,80.0,27.24502291295703,204.43222135263815,196.0,214.0,3.2648776645651245,0.034001216232779144,0.0017793594306049821,0.0,0.0,0.42000000000000004,0.18867924528301888,0.1,0.0,0.2353500009554052,0.833176883292726,0.017890287831692064,0.017890287831692064,0.5053670863495077,srtm_earth_engine
NSR-GRID-341,light_rain,Light Rain,2.0,4.0,5.0,7.0,25.0,25.5,65.0,15.0,9,True,1,605.4449536212674,2421.779814485069,80.0,27.24502291295703,204.43222135263815,196.0,214.0,3.2648776645651245,0.034001216232779144,0.0017793594306049821,0.13333333333333333,0.132,0.21000000000000002,0.5660377358490566,0.25,1.0,0.2353500009554052,0.833176883292726,0.017890287831692064,0.017890287831692064,0.5053670863495077,srtm_earth_engine
NSR-GRID-341,heavy_rain_rush_hour,Heavy Rain During Rush Hour,12.0,24.0,32.0,40.0,23.0,23.5,80.0,22.0,17,True,1,605.4449536212674,2421.779814485069,80.0,27.24502291295703,204.43222135263815,196.0,214.0,3.2648776645651245,0.034001216232779144,0.0017793594306049821,0.8,0.8,0.13,0.8490566037735849,0.6,1.0,0.2353500009554052,0.833176883292726,0.017890287831692064,0.017890287831692064,0.5053670863495077,srtm_earth_engine
NSR-GRID-341,extreme_rain,Extreme Rain Event,25.0,50.0,70.0,90.0,22.0,22.5,88.0,30.0,18,True,1,605.4449536212674,2421.779814485069,80.0,27.24502291295703,204.43222135263815,196.0,214.0,3.2648776645651245,0.034001216232779144,0.0017793594306049821,1.0,1.0,0.09,1.0,1.0,1.0,0.2353500009554052,0.833176883292726,0.017890287831692064,0.017890287831692064,0.5053670863495077,srtm_earth_engine
NSR-GRID-341,hot_day_optional,Hot Urban Heat Day,0.0,0.0,0.0,0.0,40.0,43.0,35.0,10.0,14,False,1,605.4449536212674,2421.779814485069,80.0,27.24502291295703,204.43222135263815,196.0,214.0,3.2648776645651245,0.034001216232779144,0.0017793594306049821,0.0,0.0,0.8600000000000001,0.0,0.0,0.0,0.2353500009554052,0.833176883292726,0.017890287831692064,0.017890287831692064,0.5053670863495077,srtm_earth_engine
NSR-GRID-342,normal_day,Normal Dry Day,0.0,0.0,0.0,0.0,30.0,31.0,45.0,12.0,12,False,13,2450.7316666484226,9802.92666658456,64.27668308702792,9.617045107513864,210.35549684426837,200.0,219.0,3.2743924689698845,0.1376307735786,0.023131672597864767,0.0,0.0,0.42000000000000004,0.18867924528301888,0.1,0.0,0.2070067323336125,0.8322334016374157,0.0803812230882324,0.0803812230882324,0.5241143669264697,srtm_earth_engine
NSR-GRID-342,light_rain,Light Rain,2.0,4.0,5.0,7.0,25.0,25.5,65.0,15.0,9,True,13,2450.7316666484226,9802.92666658456,64.27668308702792,9.617045107513864,210.35549684426837,200.0,219.0,3.2743924689698845,0.1376307735786,0.023131672597864767,0.13333333333333333,0.132,0.21000000000000002,0.5660377358490566,0.25,1.0,0.2070067323336125,0.8322334016374157,0.0803812230882324,0.0803812230882324,0.5241143669264697,srtm_earth_engine
NSR-GRID-342,heavy_rain_rush_hour,Heavy Rain During Rush Hour,12.0,24.0,32.0,40.0,23.0,23.5,80.0,22.0,17,True,13,2450.7316666484226,9802.92666658456,64.27668308702792,9.617045107513864,210.35549684426837,200.0,219.0,3.2743924689698845,0.1376307735786,0.023131672597864767,0.8,0.8,0.13,0.8490566037735849,0.6,1.0,0.2070067323336125,0.8322334016374157,0.0803812230882324,0.0803812230882324,0.5241143669264697,srtm_earth_engine
NSR-GRID-342,extreme_rain,Extreme Rain Event,25.0,50.0,70.0,90.0,22.0,22.5,88.0,30.0,18,True,13,2450.7316666484226,9802.92666658456,64.27668308702792,9.617045107513864,210.35549684426837,200.0,219.0,3.2743924689698845,0.1376307735786,0.023131672597864767,1.0,1.0,0.09,1.0,1.0,1.0,0.2070067323336125,0.8322334016374157,0.0803812230882324,0.0803812230882324,0.5241143669264697,srtm_earth_engine
NSR-GRID-342,hot_day_optional,Hot Urban Heat Day,0.0,0.0,0.0,0.0,40.0,43.0,35.0,10.0,14,False,13,2450.7316666484226,9802.92666658456,64.27668308702792,9.617045107513864,210.35549684426837,200.0,219.0,3.2743924689698845,0.1376307735786,0.023131672597864767,0.0,0.0,0.8600000000000001,0.0,0.0,0.0,0.2070067323336125,0.8322334016374157,0.0803812230882324,0.0803812230882324,0.5241143669264697,srtm_earth_engine
NSR-GRID-343,normal_day,Normal Dry Day,0.0,0.0,0.0,0.0,30.0,31.0,45.0,12.0,12,False,1,711.7368561299455,2846.947424519782,80.0,32.028158525847545,213.62264858344463,205.0,221.0,3.702385640773371,0.0399704689937028,0.0017793594306049821,0.0,0.0,0.42000000000000004,0.18867924528301888,0.1,0.0,0.1913731931706136,0.7897938843318726,0.020874914212153893,0.020874914212153893,0.5062624742636461,srtm_earth_engine
NSR-GRID-343,light_rain,Light Rain,2.0,4.0,5.0,7.0,25.0,25.5,65.0,15.0,9,True,1,711.7368561299455,2846.947424519782,80.0,32.028158525847545,213.62264858344463,205.0,221.0,3.702385640773371,0.0399704689937028,0.0017793594306049821,0.13333333333333333,0.132,0.21000000000000002,0.5660377358490566,0.25,1.0,0.1913731931706136,0.7897938843318726,0.020874914212153893,0.020874914212153893,0.5062624742636461,srtm_earth_engine
NSR-GRID-343,heavy_rain_rush_hour,Heavy Rain During Rush Hour,12.0,24.0,32.0,40.0,23.0,23.5,80.0,22.0,17,True,1,711.7368561299455,2846.947424519782,80.0,32.028158525847545,213.62264858344463,205.0,221.0,3.702385640773371,0.0399704689937028,0.0017793594306049821,0.8,0.8,0.13,0.8490566037735849,0.6,1.0,0.1913731931706136,0.7897938843318726,0.020874914212153893,0.020874914212153893,0.5062624742636461,srtm_earth_engine
NSR-GRID-343,extreme_rain,Extreme Rain Event,25.0,50.0,70.0,90.0,22.0,22.5,88.0,30.0,18,True,1,711.7368561299455,2846.947424519782,80.0,32.028158525847545,213.62264858344463,205.0,221.0,3.702385640773371,0.0399704689937028,0.0017793594306049821,1.0,1.0,0.09,1.0,1.0,1.0,0.1913731931706136,0.7897938843318726,0.020874914212153893,0.020874914212153893,0.5062624742636461,srtm_earth_engine
NSR-GRID-343,hot_day_optional,Hot Urban Heat Day,0.0,0.0,0.0,0.0,40.0,43.0,35.0,10.0,14,False,1,711.7368561299455,2846.947424519782,80.0,32.028158525847545,213.62264858344463,205.0,221.0,3.702385640773371,0.0399704689937028,0.0017793594306049821,0.0,0.0,0.8600000000000001,0.0,0.0,0.0,0.1913731931706136,0.7897938843318726,0.020874914212153893,0.020874914212153893,0.5062624742636461,srtm_earth_engine
NSR-GRID-344,normal_day,Normal Dry Day,0.0,0.0,0.0,0.0,30.0,31.0,45.0,12.0,12,False,4,1646.2433313277843,6584.973325311137,66.0634236453202,20.813781321863804,220.1626067958001,210.0,235.0,3.754810757522505,0.09245146919708422,0.0071174377224199285,0.0,0.0,0.42000000000000004,0.18867924528301888,0.1,0.0,0.1600790565649441,0.7845954447396131,0.049784453459752076,0.049784453459752076,0.5149353360379256,srtm_earth_engine
NSR-GRID-344,light_rain,Light Rain,2.0,4.0,5.0,7.0,25.0,25.5,65.0,15.0,9,True,4,1646.2433313277843,6584.973325311137,66.0634236453202,20.813781321863804,220.1626067958001,210.0,235.0,3.754810757522505,0.09245146919708422,0.0071174377224199285,0.13333333333333333,0.132,0.21000000000000002,0.5660377358490566,0.25,1.0,0.1600790565649441,0.7845954447396131,0.049784453459752076,0.049784453459752076,0.5149353360379256,srtm_earth_engine
NSR-GRID-344,heavy_rain_rush_hour,Heavy Rain During Rush Hour,12.0,24.0,32.0,40.0,23.0,23.5,80.0,22.0,17,True,4,1646.2433313277843,6584.973325311137,66.0634236453202,20.813781321863804,220.1626067958001,210.0,235.0,3.754810757522505,0.09245146919708422,0.0071174377224199285,0.8,0.8,0.13,0.8490566037735849,0.6,1.0,0.1600790565649441,0.7845954447396131,0.049784453459752076,0.049784453459752076,0.5149353360379256,srtm_earth_engine
NSR-GRID-344,extreme_rain,Extreme Rain Event,25.0,50.0,70.0,90.0,22.0,22.5,88.0,30.0,18,True,4,1646.2433313277843,6584.973325311137,66.0634236453202,20.813781321863804,220.1626067958001,210.0,235.0,3.754810757522505,0.09245146919708422,0.0071174377224199285,1.0,1.0,0.09,1.0,1.0,1.0,0.1600790565649441,0.7845954447396131,0.049784453459752076,0.049784453459752076,0.5149353360379256,srtm_earth_engine
NSR-GRID-344,hot_day_optional,Hot Urban Heat Day,0.0,0.0,0.0,0.0,40.0,43.0,35.0,10.0,14,False,4,1646.2433313277843,6584.973325311137,66.0634236453202,20.813781321863804,220.1626067958001,210.0,235.0,3.754810757522505,0.09245146919708422,0.0071174377224199285,0.0,0.0,0.8600000000000001,0.0,0.0,0.0,0.1600790565649441,0.7845954447396131,0.049784453459752076,0.049784453459752076,0.5149353360379256,srtm_earth_engine
NSR-GRID-345,normal_day,Normal Dry Day,0.0,0.0,0.0,0.0,30.0,31.0,45.0,12.0,12,False,9,1091.610165507763,4366.440662035118,44.56549899653348,7.442271945107355,229.03276416002103,214.0,239.0,3.987657601653861,0.061303794931919765,0.01601423487544484,0.0,0.0,0.42000000000000004,0.18867924528301888,0.1,0.0,0.1176347614706267,0.7615065070600393,0.0386590149036823,0.0386590149036823,0.5115977044711046,srtm_earth_engine
NSR-GRID-345,light_rain,Light Rain,2.0,4.0,5.0,7.0,25.0,25.5,65.0,15.0,9,True,9,1091.610165507763,4366.440662035118,44.56549899653348,7.442271945107355,229.03276416002103,214.0,239.0,3.987657601653861,0.061303794931919765,0.01601423487544484,0.13333333333333333,0.132,0.21000000000000002,0.5660377358490566,0.25,1.0,0.1176347614706267,0.7615065070600393,0.0386590149036823,0.0386590149036823,0.5115977044711046,srtm_earth_engine
NSR-GRID-345,heavy_rain_rush_hour,Heavy Rain During Rush Hour,12.0,24.0,32.0,40.0,23.0,23.5,80.0,22.0,17,True,9,1091.610165507763,4366.440662035118,44.56549899653348,7.442271945107355,229.03276416002103,214.0,239.0,3.987657601653861,0.061303794931919765,0.01601423487544484,0.8,0.8,0.13,0.8490566037735849,0.6,1.0,0.1176347614706267,0.7615065070600393,0.0386590149036823,0.0386590149036823,0.5115977044711046,srtm_earth_engine
NSR-GRID-345,extreme_rain,Extreme Rain Event,25.0,50.0,70.0,90.0,22.0,22.5,88.0,30.0,18,True,9,1091.610165507763,4366.440662035118,44.56549899653348,7.442271945107355,229.03276416002103,214.0,239.0,3.987657601653861,0.061303794931919765,0.01601423487544484,1.0,1.0,0.09,1.0,1.0,1.0,0.1176347614706267,0.7615065070600393,0.0386590149036823,0.0386590149036823,0.5115977044711046,srtm_earth_engine
NSR-GRID-345,hot_day_optional,Hot Urban Heat Day,0.0,0.0,0.0,0.0,40.0,43.0,35.0,10.0,14,False,9,1091.610165507763,4366.440662035118,44.56549899653348,7.442271945107355,229.03276416002103,214.0,239.0,3.987657601653861,0.061303794931919765,0.01601423487544484,0.0,0.0,0.8600000000000001,0.0,0.0,0.0,0.1176347614706267,0.7615065070600393,0.0386590149036823,0.0386590149036823,0.5115977044711046,srtm_earth_engine
NSR-GRID-346,normal_day,Normal Dry Day,0.0,0.0,0.0,0.0,30.0,31.0,45.0,12.0,12,False,0,0.0,0.0,50.0,0.0,236.00265705995497,228.0,246.0,3.297907144169374,0.0,0.0,0.0,0.0,0.42000000000000004,0.18867924528301888,0.1,0.0,0.0842833586856137,0.829901702136562,0.0,0.0,0.5,srtm_earth_engine
NSR-GRID-346,light_rain,Light Rain,2.0,4.0,5.0,7.0,25.0,25.5,65.0,15.0,9,True,0,0.0,0.0,50.0,0.0,236.00265705995497,228.0,246.0,3.297907144169374,0.0,0.0,0.13333333333333333,0.132,0.21000000000000002,0.5660377358490566,0.25,1.0,0.0842833586856137,0.829901702136562,0.0,0.0,0.5,srtm_earth_engine
NSR-GRID-346,heavy_rain_rush_hour,Heavy Rain During Rush Hour,12.0,24.0,32.0,40.0,23.0,23.5,80.0,22.0,17,True,0,0.0,0.0,50.0,0.0,236.00265705995497,228.0,246.0,3.297907144169374,0.0,0.0,0.8,0.8,0.13,0.8490566037735849,0.6,1.0,0.0842833586856137,0.829901702136562,0.0,0.0,0.5,srtm_earth_engine
NSR-GRID-346,extreme_rain,Extreme Rain Event,25.0,50.0,70.0,90.0,22.0,22.5,88.0,30.0,18,True,0,0.0,0.0,50.0,0.0,236.00265705995497,228.0,246.0,3.297907144169374,0.0,0.0,1.0,1.0,0.09,1.0,1.0,1.0,0.0842833586856137,0.829901702136562,0.0,0.0,0.5,srtm_earth_engine
NSR-GRID-346,hot_day_optional,Hot Urban Heat Day,0.0,0.0,0.0,0.0,40.0,43.0,35.0,10.0,14,False,0,0.0,0.0,50.0,0.0,236.00265705995497,228.0,246.0,3.297907144169374,0.0,0.0,0.0,0.0,0.8600000000000001,0.0,0.0,0.0,0.0842833586856137,0.829901702136562,0.0,0.0,0.5,srtm_earth_engine
NSR-GRID-347,normal_day,Normal Dry Day,0.0,0.0,0.0,0.0,30.0,31.0,45.0,12.0,12,False,0,0.0,0.0,50.0,0.0,130.21937550040033,123.0,136.0,4.790440041151306,0.0,0.0,0.0,0.0,0.42000000000000004,0.18867924528301888,0.1,0.0,0.5904634222625715,0.6819031360761652,0.0,0.0,0.5,srtm_earth_engine
NSR-GRID-347,light_rain,Light Rain,2.0,4.0,5.0,7.0,25.0,25.5,65.0,15.0,9,True,0,0.0,0.0,50.0,0.0,130.21937550040033,123.0,136.0,4.790440041151306,0.0,0.0,0.13333333333333333,0.132,0.21000000000000002,0.5660377358490566,0.25,1.0,0.5904634222625715,0.6819031360761652,0.0,0.0,0.5,srtm_earth_engine
NSR-GRID-347,heavy_rain_rush_hour,Heavy Rain During Rush Hour,12.0,24.0,32.0,40.0,23.0,23.5,80.0,22.0,17,True,0,0.0,0.0,50.0,0.0,130.21937550040033,123.0,136.0,4.790440041151306,0.0,0.0,0.8,0.8,0.13,0.8490566037735849,0.6,1.0,0.5904634222625715,0.6819031360761652,0.0,0.0,0.5,srtm_earth_engine
NSR-GRID-347,extreme_rain,Extreme Rain Event,25.0,50.0,70.0,90.0,22.0,22.5,88.0,30.0,18,True,0,0.0,0.0,50.0,0.0,130.21937550040033,123.0,136.0,4.790440041151306,0.0,0.0,1.0,1.0,0.09,1.0,1.0,1.0,0.5904634222625715,0.6819031360761652,0.0,0.0,0.5,srtm_earth_engine
NSR-GRID-347,hot_day_optional,Hot Urban Heat Day,0.0,0.0,0.0,0.0,40.0,43.0,35.0,10.0,14,False,0,0.0,0.0,50.0,0.0,130.21937550040033,123.0,136.0,4.790440041151306,0.0,0.0,0.0,0.0,0.8600000000000001,0.0,0.0,0.0,0.5904634222625715,0.6819031360761652,0.0,0.0,0.5,srtm_earth_engine
NSR-GRID-348,normal_day,Normal Dry Day,0.0,0.0,0.0,0.0,30.0,31.0,45.0,12.0,12,False,0,0.0,0.0,50.0,0.0,239.8537560178036,231.0,245.0,4.618438261730036,0.0,0.0,0.0,0.0,0.42000000000000004,0.18867924528301888,0.1,0.0,0.0658555931012431,0.6989587177425121,0.0,0.0,0.5,srtm_earth_engine
NSR-GRID-348,light_rain,Light Rain,2.0,4.0,5.0,7.0,25.0,25.5,65.0,15.0,9,True,0,0.0,0.0,50.0,0.0,239.8537560178036,231.0,245.0,4.618438261730036,0.0,0.0,0.13333333333333333,0.132,0.21000000000000002,0.5660377358490566,0.25,1.0,0.0658555931012431,0.6989587177425121,0.0,0.0,0.5,srtm_earth_engine
NSR-GRID-348,heavy_rain_rush_hour,Heavy Rain During Rush Hour,12.0,24.0,32.0,40.0,23.0,23.5,80.0,22.0,17,True,0,0.0,0.0,50.0,0.0,239.8537560178036,231.0,245.0,4.618438261730036,0.0,0.0,0.8,0.8,0.13,0.8490566037735849,0.6,1.0,0.0658555931012431,0.6989587177425121,0.0,0.0,0.5,srtm_earth_engine
NSR-GRID-348,extreme_rain,Extreme Rain Event,25.0,50.0,70.0,90.0,22.0,22.5,88.0,30.0,18,True,0,0.0,0.0,50.0,0.0,239.8537560178036,231.0,245.0,4.618438261730036,0.0,0.0,1.0,1.0,0.09,1.0,1.0,1.0,0.0658555931012431,0.6989587177425121,0.0,0.0,0.5,srtm_earth_engine
NSR-GRID-348,hot_day_optional,Hot Urban Heat Day,0.0,0.0,0.0,0.0,40.0,43.0,35.0,10.0,14,False,0,0.0,0.0,50.0,0.0,239.8537560178036,231.0,245.0,4.618438261730036,0.0,0.0,0.0,0.0,0.8600000000000001,0.0,0.0,0.0,0.0658555931012431,0.6989587177425121,0.0,0.0,0.5,srtm_earth_engine
NSR-GRID-349,normal_day,Normal Dry Day,0.0,0.0,0.0,0.0,30.0,31.0,45.0,12.0,12,False,10,2680.210214922874,10997.999700050284,64.9057471264368,15.023119098636906,134.18850462737456,122.0,141.0,3.4518323691358543,0.15440931652531756,0.017793594306049824,0.0,0.0,0.42000000000000004,0.18867924528301888,0.1,0.0,0.571470874440108,0.8146385795470177,0.08610145541568369,0.08610145541568369,0.5258304366247051,srtm_earth_engine
NSR-GRID-349,light_rain,Light Rain,2.0,4.0,5.0,7.0,25.0,25.5,65.0,15.0,9,True,10,2680.210214922874,10997.999700050284,64.9057471264368,15.023119098636906,134.18850462737456,122.0,141.0,3.4518323691358543,0.15440931652531756,0.017793594306049824,0.13333333333333333,0.132,0.21000000000000002,0.5660377358490566,0.25,1.0,0.571470874440108,0.8146385795470177,0.08610145541568369,0.08610145541568369,0.5258304366247051,srtm_earth_engine
NSR-GRID-349,heavy_rain_rush_hour,Heavy Rain During Rush Hour,12.0,24.0,32.0,40.0,23.0,23.5,80.0,22.0,17,True,10,2680.210214922874,10997.999700050284,64.9057471264368,15.023119098636906,134.18850462737456,122.0,141.0,3.4518323691358543,0.15440931652531756,0.017793594306049824,0.8,0.8,0.13,0.8490566037735849,0.6,1.0,0.571470874440108,0.8146385795470177,0.08610145541568369,0.08610145541568369,0.5258304366247051,srtm_earth_engine
NSR-GRID-349,extreme_rain,Extreme Rain Event,25.0,50.0,70.0,90.0,22.0,22.5,88.0,30.0,18,True,10,2680.210214922874,10997.999700050284,64.9057471264368,15.023119098636906,134.18850462737456,122.0,141.0,3.4518323691358543,0.15440931652531756,0.017793594306049824,1.0,1.0,0.09,1.0,1.0,1.0,0.571470874440108,0.8146385795470177,0.08610145541568369,0.08610145541568369,0.5258304366247051,srtm_earth_engine
NSR-GRID-349,hot_day_optional,Hot Urban Heat Day,0.0,0.0,0.0,0.0,40.0,43.0,35.0,10.0,14,False,10,2680.210214922874,10997.999700050284,64.9057471264368,15.023119098636906,134.18850462737456,122.0,141.0,3.4518323691358543,0.15440931652531756,0.017793594306049824,0.0,0.0,0.8600000000000001,0.0,0.0,0.0,0.571470874440108,0.8146385795470177,0.08610145541568369,0.08610145541568369,0.5258304366247051,srtm_earth_engine
NSR-GRID-350,normal_day,Normal Dry Day,0.0,0.0,0.0,0.0,30.0,31.0,45.0,12.0,12,False,21,3758.492977833855,15033.97191134942,70.04883102666355,9.736356495870572,147.95346637970388,135.0,160.0,4.605316478901668,0.21107341251170175,0.037366548042704624,0.0,0.0,0.42000000000000004,0.18867924528301888,0.1,0.0,0.5056046136075225,0.7002598649712809,0.12421998027720318,0.12421998027720318,0.537265994083161,srtm_earth_engine
NSR-GRID-350,light_rain,Light Rain,2.0,4.0,5.0,7.0,25.0,25.5,65.0,15.0,9,True,21,3758.492977833855,15033.97191134942,70.04883102666355,9.736356495870572,147.95346637970388,135.0,160.0,4.605316478901668,0.21107341251170175,0.037366548042704624,0.13333333333333333,0.132,0.21000000000000002,0.5660377358490566,0.25,1.0,0.5056046136075225,0.7002598649712809,0.12421998027720318,0.12421998027720318,0.537265994083161,srtm_earth_engine
NSR-GRID-350,heavy_rain_rush_hour,Heavy Rain During Rush Hour,12.0,24.0,32.0,40.0,23.0,23.5,80.0,22.0,17,True,21,3758.492977833855,15033.97191134942,70.04883102666355,9.736356495870572,147.95346637970388,135.0,160.0,4.605316478901668,0.21107341251170175,0.037366548042704624,0.8,0.8,0.13,0.8490566037735849,0.6,1.0,0.5056046136075225,0.7002598649712809,0.12421998027720318,0.12421998027720318,0.537265994083161,srtm_earth_engine
NSR-GRID-350,extreme_rain,Extreme Rain Event,25.0,50.0,70.0,90.0,22.0,22.5,88.0,30.0,18,True,21,3758.492977833855,15033.97191134942,70.04883102666355,9.736356495870572,147.95346637970388,135.0,160.0,4.605316478901668,0.21107341251170175,0.037366548042704624,1.0,1.0,0.09,1.0,1.0,1.0,0.5056046136075225,0.7002598649712809,0.12421998027720318,0.12421998027720318,0.537265994083161,srtm_earth_engine
NSR-GRID-350,hot_day_optional,Hot Urban Heat Day,0.0,0.0,0.0,0.0,40.0,43.0,35.0,10.0,14,False,21,3758.492977833855,15033.97191134942,70.04883102666355,9.736356495870572,147.95346637970388,135.0,160.0,4.605316478901668,0.21107341251170175,0.037366548042704624,0.0,0.0,0.8600000000000001,0.0,0.0,0.0,0.5056046136075225,0.7002598649712809,0.12421998027720318,0.12421998027720318,0.537265994083161,srtm_earth_engine
NSR-GRID-351,normal_day,Normal Dry Day,0.0,0.0,0.0,0.0,30.0,31.0,45.0,12.0,12,False,1,1132.968991802006,4531.875967208024,78.85714285714286,51.72249745183071,166.11981604396678,152.0,183.0,4.486029313438379,0.0636264675176254,0.0017793594306049821,0.0,0.0,0.42000000000000004,0.18867924528301888,0.1,0.0,0.4186774178120233,0.7120883006953276,0.03270291347411519,0.03270291347411519,0.5098108740422346,srtm_earth_engine
NSR-GRID-351,light_rain,Light Rain,2.0,4.0,5.0,7.0,25.0,25.5,65.0,15.0,9,True,1,1132.968991802006,4531.875967208024,78.85714285714286,51.72249745183071,166.11981604396678,152.0,183.0,4.486029313438379,0.0636264675176254,0.0017793594306049821,0.13333333333333333,0.132,0.21000000000000002,0.5660377358490566,0.25,1.0,0.4186774178120233,0.7120883006953276,0.03270291347411519,0.03270291347411519,0.5098108740422346,srtm_earth_engine
NSR-GRID-351,heavy_rain_rush_hour,Heavy Rain During Rush Hour,12.0,24.0,32.0,40.0,23.0,23.5,80.0,22.0,17,True,1,1132.968991802006,4531.875967208024,78.85714285714286,51.72249745183071,166.11981604396678,152.0,183.0,4.486029313438379,0.0636264675176254,0.0017793594306049821,0.8,0.8,0.13,0.8490566037735849,0.6,1.0,0.4186774178120233,0.7120883006953276,0.03270291347411519,0.03270291347411519,0.5098108740422346,srtm_earth_engine
NSR-GRID-351,extreme_rain,Extreme Rain Event,25.0,50.0,70.0,90.0,22.0,22.5,88.0,30.0,18,True,1,1132.968991802006,4531.875967208024,78.85714285714286,51.72249745183071,166.11981604396678,152.0,183.0,4.486029313438379,0.0636264675176254,0.0017793594306049821,1.0,1.0,0.09,1.0,1.0,1.0,0.4186774178120233,0.7120883006953276,0.03270291347411519,0.03270291347411519,0.5098108740422346,srtm_earth_engine
NSR-GRID-351,hot_day_optional,Hot Urban Heat Day,0.0,0.0,0.0,0.0,40.0,43.0,35.0,10.0,14,False,1,1132.968991802006,4531.875967208024,78.85714285714286,51.72249745183071,166.11981604396678,152.0,183.0,4.486029313438379,0.0636264675176254,0.0017793594306049821,0.0,0.0,0.8600000000000001,0.0,0.0,0.0,0.4186774178120233,0.7120883006953276,0.03270291347411519,0.03270291347411519,0.5098108740422346,srtm_earth_engine
NSR-GRID-352,normal_day,Normal Dry Day,0.0,0.0,0.0,0.0,30.0,31.0,45.0,12.0,12,False,0,0.0,0.0,50.0,0.0,182.52209561999757,161.0,199.0,5.978410925586631,0.0,0.0,0.0,0.0,0.42000000000000004,0.18867924528301888,0.1,0.0,0.3401914151450699,0.5641047359380823,0.0,0.0,0.5,srtm_earth_engine
NSR-GRID-352,light_rain,Light Rain,2.0,4.0,5.0,7.0,25.0,25.5,65.0,15.0,9,True,0,0.0,0.0,50.0,0.0,182.52209561999757,161.0,199.0,5.978410925586631,0.0,0.0,0.13333333333333333,0.132,0.21000000000000002,0.5660377358490566,0.25,1.0,0.3401914151450699,0.5641047359380823,0.0,0.0,0.5,srtm_earth_engine
NSR-GRID-352,heavy_rain_rush_hour,Heavy Rain During Rush Hour,12.0,24.0,32.0,40.0,23.0,23.5,80.0,22.0,17,True,0,0.0,0.0,50.0,0.0,182.52209561999757,161.0,199.0,5.978410925586631,0.0,0.0,0.8,0.8,0.13,0.8490566037735849,0.6,1.0,0.3401914151450699,0.5641047359380823,0.0,0.0,0.5,srtm_earth_engine
NSR-GRID-352,extreme_rain,Extreme Rain Event,25.0,50.0,70.0,90.0,22.0,22.5,88.0,30.0,18,True,0,0.0,0.0,50.0,0.0,182.52209561999757,161.0,199.0,5.978410925586631,0.0,0.0,1.0,1.0,0.09,1.0,1.0,1.0,0.3401914151450699,0.5641047359380823,0.0,0.0,0.5,srtm_earth_engine
NSR-GRID-352,hot_day_optional,Hot Urban Heat Day,0.0,0.0,0.0,0.0,40.0,43.0,35.0,10.0,14,False,0,0.0,0.0,50.0,0.0,182.52209561999757,161.0,199.0,5.978410925586631,0.0,0.0,0.0,0.0,0.8600000000000001,0.0,0.0,0.0,0.3401914151450699,0.5641047359380823,0.0,0.0,0.5,srtm_earth_engine
NSR-GRID-353,normal_day,Normal Dry Day,0.0,0.0,0.0,0.0,30.0,31.0,45.0,12.0,12,False,0,0.0,0.0,50.0,0.0,189.79387595382516,155.0,199.0,5.551157494966224,0.0,0.0,0.0,0.0,0.42000000000000004,0.18867924528301888,0.1,0.0,0.3053954608370891,0.6064709010015589,0.0,0.0,0.5,srtm_earth_engine
NSR-GRID-353,light_rain,Light Rain,2.0,4.0,5.0,7.0,25.0,25.5,65.0,15.0,9,True,0,0.0,0.0,50.0,0.0,189.79387595382516,155.0,199.0,5.551157494966224,0.0,0.0,0.13333333333333333,0.132,0.21000000000000002,0.5660377358490566,0.25,1.0,0.3053954608370891,0.6064709010015589,0.0,0.0,0.5,srtm_earth_engine
NSR-GRID-353,heavy_rain_rush_hour,Heavy Rain During Rush Hour,12.0,24.0,32.0,40.0,23.0,23.5,80.0,22.0,17,True,0,0.0,0.0,50.0,0.0,189.79387595382516,155.0,199.0,5.551157494966224,0.0,0.0,0.8,0.8,0.13,0.8490566037735849,0.6,1.0,0.3053954608370891,0.6064709010015589,0.0,0.0,0.5,srtm_earth_engine
NSR-GRID-353,extreme_rain,Extreme Rain Event,25.0,50.0,70.0,90.0,22.0,22.5,88.0,30.0,18,True,0,0.0,0.0,50.0,0.0,189.79387595382516,155.0,199.0,5.551157494966224,0.0,0.0,1.0,1.0,0.09,1.0,1.0,1.0,0.3053954608370891,0.6064709010015589,0.0,0.0,0.5,srtm_earth_engine
NSR-GRID-353,hot_day_optional,Hot Urban Heat Day,0.0,0.0,0.0,0.0,40.0,43.0,35.0,10.0,14,False,0,0.0,0.0,50.0,0.0,189.79387595382516,155.0,199.0,5.551157494966224,0.0,0.0,0.0,0.0,0.8600000000000001,0.0,0.0,0.0,0.3053954608370891,0.6064709010015589,0.0,0.0,0.5,srtm_earth_engine
NSR-GRID-354,normal_day,Normal Dry Day,0.0,0.0,0.0,0.0,30.0,31.0,45.0,12.0,12,False,0,0.0,0.0,50.0,0.0,201.49172360932167,193.0,210.0,3.073674040373067,0.0,0.0,0.0,0.0,0.42000000000000004,0.18867924528301888,0.1,0.0,0.2494204789431947,0.8521365070726755,0.0,0.0,0.5,srtm_earth_engine
NSR-GRID-354,light_rain,Light Rain,2.0,4.0,5.0,7.0,25.0,25.5,65.0,15.0,9,True,0,0.0,0.0,50.0,0.0,201.49172360932167,193.0,210.0,3.073674040373067,0.0,0.0,0.13333333333333333,0.132,0.21000000000000002,0.5660377358490566,0.25,1.0,0.2494204789431947,0.8521365070726755,0.0,0.0,0.5,srtm_earth_engine
NSR-GRID-354,heavy_rain_rush_hour,Heavy Rain During Rush Hour,12.0,24.0,32.0,40.0,23.0,23.5,80.0,22.0,17,True,0,0.0,0.0,50.0,0.0,201.49172360932167,193.0,210.0,3.073674040373067,0.0,0.0,0.8,0.8,0.13,0.8490566037735849,0.6,1.0,0.2494204789431947,0.8521365070726755,0.0,0.0,0.5,srtm_earth_engine
NSR-GRID-354,extreme_rain,Extreme Rain Event,25.0,50.0,70.0,90.0,22.0,22.5,88.0,30.0,18,True,0,0.0,0.0,50.0,0.0,201.49172360932167,193.0,210.0,3.073674040373067,0.0,0.0,1.0,1.0,0.09,1.0,1.0,1.0,0.2494204789431947,0.8521365070726755,0.0,0.0,0.5,srtm_earth_engine
NSR-GRID-354,hot_day_optional,Hot Urban Heat Day,0.0,0.0,0.0,0.0,40.0,43.0,35.0,10.0,14,False,0,0.0,0.0,50.0,0.0,201.49172360932167,193.0,210.0,3.073674040373067,0.0,0.0,0.0,0.0,0.8600000000000001,0.0,0.0,0.0,0.2494204789431947,0.8521365070726755,0.0,0.0,0.5,srtm_earth_engine
NSR-GRID-355,normal_day,Normal Dry Day,0.0,0.0,0.0,0.0,30.0,31.0,45.0,12.0,12,False,5,796.4720301580584,3185.8881206352007,68.3935960591133,8.587857572667975,205.34699333300705,194.0,218.0,4.758504883799806,0.04472911626203814,0.008896797153024912,0.0,0.0,0.42000000000000004,0.18867924528301888,0.1,0.0,0.2309727559658854,0.6850698049680148,0.026812956707531525,0.026812956707531525,0.5080438870122594,srtm_earth_engine
NSR-GRID-355,light_rain,Light Rain,2.0,4.0,5.0,7.0,25.0,25.5,65.0,15.0,9,True,5,796.4720301580584,3185.8881206352007,68.3935960591133,8.587857572667975,205.34699333300705,194.0,218.0,4.758504883799806,0.04472911626203814,0.008896797153024912,0.13333333333333333,0.132,0.21000000000000002,0.5660377358490566,0.25,1.0,0.2309727559658854,0.6850698049680148,0.026812956707531525,0.026812956707531525,0.5080438870122594,srtm_earth_engine
NSR-GRID-355,heavy_rain_rush_hour,Heavy Rain During Rush Hour,12.0,24.0,32.0,40.0,23.0,23.5,80.0,22.0,17,True,5,796.4720301580584,3185.8881206352007,68.3935960591133,8.587857572667975,205.34699333300705,194.0,218.0,4.758504883799806,0.04472911626203814,0.008896797153024912,0.8,0.8,0.13,0.8490566037735849,0.6,1.0,0.2309727559658854,0.6850698049680148,0.026812956707531525,0.026812956707531525,0.5080438870122594,srtm_earth_engine
NSR-GRID-355,extreme_rain,Extreme Rain Event,25.0,50.0,70.0,90.0,22.0,22.5,88.0,30.0,18,True,5,796.4720301580584,3185.8881206352007,68.3935960591133,8.587857572667975,205.34699333300705,194.0,218.0,4.758504883799806,0.04472911626203814,0.008896797153024912,1.0,1.0,0.09,1.0,1.0,1.0,0.2309727559658854,0.6850698049680148,0.026812956707531525,0.026812956707531525,0.5080438870122594,srtm_earth_engine
NSR-GRID-355,hot_day_optional,Hot Urban Heat Day,0.0,0.0,0.0,0.0,40.0,43.0,35.0,10.0,14,False,5,796.4720301580584,3185.8881206352007,68.3935960591133,8.587857572667975,205.34699333300705,194.0,218.0,4.758504883799806,0.04472911626203814,0.008896797153024912,0.0,0.0,0.8600000000000001,0.0,0.0,0.0,0.2309727559658854,0.6850698049680148,0.026812956707531525,0.026812956707531525,0.5080438870122594,srtm_earth_engine
NSR-GRID-356,normal_day,Normal Dry Day,0.0,0.0,0.0,0.0,30.0,31.0,45.0,12.0,12,False,2,1427.8517424751535,5711.406969905935,61.417898193760266,41.846647508956735,210.6559870866758,202.0,220.0,4.212114259573428,0.08018680402556096,0.0035587188612099642,0.0,0.0,0.42000000000000004,0.18867924528301888,0.1,0.0,0.2055688664651725,0.7392495346462467,0.04187276144338546,0.04187276144338546,0.5125618284330157,srtm_earth_engine
NSR-GRID-356,light_rain,Light Rain,2.0,4.0,5.0,7.0,25.0,25.5,65.0,15.0,9,True,2,1427.8517424751535,5711.406969905935,61.417898193760266,41.846647508956735,210.6559870866758,202.0,220.0,4.212114259573428,0.08018680402556096,0.0035587188612099642,0.13333333333333333,0.132,0.21000000000000002,0.5660377358490566,0.25,1.0,0.2055688664651725,0.7392495346462467,0.04187276144338546,0.04187276144338546,0.5125618284330157,srtm_earth_engine
NSR-GRID-356,heavy_rain_rush_hour,Heavy Rain During Rush Hour,12.0,24.0,32.0,40.0,23.0,23.5,80.0,22.0,17,True,2,1427.8517424751535,5711.406969905935,61.417898193760266,41.846647508956735,210.6559870866758,202.0,220.0,4.212114259573428,0.08018680402556096,0.0035587188612099642,0.8,0.8,0.13,0.8490566037735849,0.6,1.0,0.2055688664651725,0.7392495346462467,0.04187276144338546,0.04187276144338546,0.5125618284330157,srtm_earth_engine
NSR-GRID-356,extreme_rain,Extreme Rain Event,25.0,50.0,70.0,90.0,22.0,22.5,88.0,30.0,18,True,2,1427.8517424751535,5711.406969905935,61.417898193760266,41.846647508956735,210.6559870866758,202.0,220.0,4.212114259573428,0.08018680402556096,0.0035587188612099642,1.0,1.0,0.09,1.0,1.0,1.0,0.2055688664651725,0.7392495346462467,0.04187276144338546,0.04187276144338546,0.5125618284330157,srtm_earth_engine
NSR-GRID-356,hot_day_optional,Hot Urban Heat Day,0.0,0.0,0.0,0.0,40.0,43.0,35.0,10.0,14,False,2,1427.8517424751535,5711.406969905935,61.417898193760266,41.846647508956735,210.6559870866758,202.0,220.0,4.212114259573428,0.08018680402556096,0.0035587188612099642,0.0,0.0,0.8600000000000001,0.0,0.0,0.0,0.2055688664651725,0.7392495346462467,0.04187276144338546,0.04187276144338546,0.5125618284330157,srtm_earth_engine
NSR-GRID-357,normal_day,Normal Dry Day,0.0,0.0,0.0,0.0,30.0,31.0,45.0,12.0,12,False,15,880.3911439869543,3521.564575947817,61.417898193760266,3.440265472619761,216.1192941828796,204.0,229.0,4.667634103621255,0.04944193436097166,0.026690391459074734,0.0,0.0,0.42000000000000004,0.18867924528301888,0.1,0.0,0.1794265773196047,0.6940804908901879,0.038066162910023196,0.038066162910023196,0.511419848873007,srtm_earth_engine
NSR-GRID-357,light_rain,Light Rain,2.0,4.0,5.0,7.0,25.0,25.5,65.0,15.0,9,True,15,880.3911439869543,3521.564575947817,61.417898193760266,3.440265472619761,216.1192941828796,204.0,229.0,4.667634103621255,0.04944193436097166,0.026690391459074734,0.13333333333333333,0.132,0.21000000000000002,0.5660377358490566,0.25,1.0,0.1794265773196047,0.6940804908901879,0.038066162910023196,0.038066162910023196,0.511419848873007,srtm_earth_engine
NSR-GRID-357,heavy_rain_rush_hour,Heavy Rain During Rush Hour,12.0,24.0,32.0,40.0,23.0,23.5,80.0,22.0,17,True,15,880.3911439869543,3521.564575947817,61.417898193760266,3.440265472619761,216.1192941828796,204.0,229.0,4.667634103621255,0.04944193436097166,0.026690391459074734,0.8,0.8,0.13,0.8490566037735849,0.6,1.0,0.1794265773196047,0.6940804908901879,0.038066162910023196,0.038066162910023196,0.511419848873007,srtm_earth_engine
NSR-GRID-357,extreme_rain,Extreme Rain Event,25.0,50.0,70.0,90.0,22.0,22.5,88.0,30.0,18,True,15,880.3911439869543,3521.564575947817,61.417898193760266,3.440265472619761,216.1192941828796,204.0,229.0,4.667634103621255,0.04944193436097166,0.026690391459074734,1.0,1.0,0.09,1.0,1.0,1.0,0.1794265773196047,0.6940804908901879,0.038066162910023196,0.038066162910023196,0.511419848873007,srtm_earth_engine
NSR-GRID-357,hot_day_optional,Hot Urban Heat Day,0.0,0.0,0.0,0.0,40.0,43.0,35.0,10.0,14,False,15,880.3911439869543,3521.564575947817,61.417898193760266,3.440265472619761,216.1192941828796,204.0,229.0,4.667634103621255,0.04944193436097166,0.026690391459074734,0.0,0.0,0.8600000000000001,0.0,0.0,0.0,0.1794265773196047,0.6940804908901879,0.038066162910023196,0.038066162910023196,0.511419848873007,srtm_earth_engine
NSR-GRID-358,normal_day,Normal Dry Day,0.0,0.0,0.0,0.0,30.0,31.0,45.0,12.0,12,False,0,0.0,0.0,50.0,0.0,221.5426997245177,211.0,233.0,4.8469922037088224,0.0,0.0,0.0,0.0,0.42000000000000004,0.18867924528301888,0.1,0.0,0.1534752197761685,0.6762954613756267,0.0,0.0,0.5,srtm_earth_engine
NSR-GRID-358,light_rain,Light Rain,2.0,4.0,5.0,7.0,25.0,25.5,65.0,15.0,9,True,0,0.0,0.0,50.0,0.0,221.5426997245177,211.0,233.0,4.8469922037088224,0.0,0.0,0.13333333333333333,0.132,0.21000000000000002,0.5660377358490566,0.25,1.0,0.1534752197761685,0.6762954613756267,0.0,0.0,0.5,srtm_earth_engine
NSR-GRID-358,heavy_rain_rush_hour,Heavy Rain During Rush Hour,12.0,24.0,32.0,40.0,23.0,23.5,80.0,22.0,17,True,0,0.0,0.0,50.0,0.0,221.5426997245177,211.0,233.0,4.8469922037088224,0.0,0.0,0.8,0.8,0.13,0.8490566037735849,0.6,1.0,0.1534752197761685,0.6762954613756267,0.0,0.0,0.5,srtm_earth_engine
NSR-GRID-358,extreme_rain,Extreme Rain Event,25.0,50.0,70.0,90.0,22.0,22.5,88.0,30.0,18,True,0,0.0,0.0,50.0,0.0,221.5426997245177,211.0,233.0,4.8469922037088224,0.0,0.0,1.0,1.0,0.09,1.0,1.0,1.0,0.1534752197761685,0.6762954613756267,0.0,0.0,0.5,srtm_earth_engine
NSR-GRID-358,hot_day_optional,Hot Urban Heat Day,0.0,0.0,0.0,0.0,40.0,43.0,35.0,10.0,14,False,0,0.0,0.0,50.0,0.0,221.5426997245177,211.0,233.0,4.8469922037088224,0.0,0.0,0.0,0.0,0.8600000000000001,0.0,0.0,0.0,0.1534752197761685,0.6762954613756267,0.0,0.0,0.5,srtm_earth_engine
NSR-GRID-359,normal_day,Normal Dry Day,0.0,0.0,0.0,0.0,30.0,31.0,45.0,12.0,12,False,3,188.01165266382907,752.0466106560167,67.61193212917351,2.9891782118519976,222.786848627144,208.0,232.0,4.8635467168057644,0.010558556675178505,0.005338078291814947,0.0,0.0,0.42000000000000004,0.18867924528301888,0.1,0.0,0.1475218842268638,0.6746539269041723,0.007948317483496725,0.007948317483496725,0.502384495245049,srtm_earth_engine
NSR-GRID-359,light_rain,Light Rain,2.0,4.0,5.0,7.0,25.0,25.5,65.0,15.0,9,True,3,188.01165266382907,752.0466106560167,67.61193212917351,2.9891782118519976,222.786848627144,208.0,232.0,4.8635467168057644,0.010558556675178505,0.005338078291814947,0.13333333333333333,0.132,0.21000000000000002,0.5660377358490566,0.25,1.0,0.1475218842268638,0.6746539269041723,0.007948317483496725,0.007948317483496725,0.502384495245049,srtm_earth_engine
NSR-GRID-359,heavy_rain_rush_hour,Heavy Rain During Rush Hour,12.0,24.0,32.0,40.0,23.0,23.5,80.0,22.0,17,True,3,188.01165266382907,752.0466106560167,67.61193212917351,2.9891782118519976,222.786848627144,208.0,232.0,4.8635467168057644,0.010558556675178505,0.005338078291814947,0.8,0.8,0.13,0.8490566037735849,0.6,1.0,0.1475218842268638,0.6746539269041723,0.007948317483496725,0.007948317483496725,0.502384495245049,srtm_earth_engine
NSR-GRID-359,extreme_rain,Extreme Rain Event,25.0,50.0,70.0,90.0,22.0,22.5,88.0,30.0,18,True,3,188.01165266382907,752.0466106560167,67.61193212917351,2.9891782118519976,222.786848627144,208.0,232.0,4.8635467168057644,0.010558556675178505,0.005338078291814947,1.0,1.0,0.09,1.0,1.0,1.0,0.1475218842268638,0.6746539269041723,0.007948317483496725,0.007948317483496725,0.502384495245049,srtm_earth_engine
NSR-GRID-359,hot_day_optional,Hot Urban Heat Day,0.0,0.0,0.0,0.0,40.0,43.0,35.0,10.0,14,False,3,188.01165266382907,752.0466106560167,67.61193212917351,2.9891782118519976,222.786848627144,208.0,232.0,4.8635467168057644,0.010558556675178505,0.005338078291814947,0.0,0.0,0.8600000000000001,0.0,0.0,0.0,0.1475218842268638,0.6746539269041723,0.007948317483496725,0.007948317483496725,0.502384495245049,srtm_earth_engine
NSR-GRID-360,normal_day,Normal Dry Day,0.0,0.0,0.0,0.0,30.0,31.0,45.0,12.0,12,False,18,4950.811422994092,19803.245692013254,64.51491516146689,15.701333312920902,229.0108775420342,220.0,238.0,4.511058890109373,0.2780328892237309,0.03202846975088968,0.0,0.0,0.42000000000000004,0.18867924528301888,0.1,0.0,0.1177394903986835,0.709606384575491,0.15503067948731028,0.15503067948731028,0.5465092038461931,srtm_earth_engine
NSR-GRID-360,light_rain,Light Rain,2.0,4.0,5.0,7.0,25.0,25.5,65.0,15.0,9,True,18,4950.811422994092,19803.245692013254,64.51491516146689,15.701333312920902,229.0108775420342,220.0,238.0,4.511058890109373,0.2780328892237309,0.03202846975088968,0.13333333333333333,0.132,0.21000000000000002,0.5660377358490566,0.25,1.0,0.1177394903986835,0.709606384575491,0.15503067948731028,0.15503067948731028,0.5465092038461931,srtm_earth_engine
NSR-GRID-360,heavy_rain_rush_hour,Heavy Rain During Rush Hour,12.0,24.0,32.0,40.0,23.0,23.5,80.0,22.0,17,True,18,4950.811422994092,19803.245692013254,64.51491516146689,15.701333312920902,229.0108775420342,220.0,238.0,4.511058890109373,0.2780328892237309,0.03202846975088968,0.8,0.8,0.13,0.8490566037735849,0.6,1.0,0.1177394903986835,0.709606384575491,0.15503067948731028,0.15503067948731028,0.5465092038461931,srtm_earth_engine
NSR-GRID-360,extreme_rain,Extreme Rain Event,25.0,50.0,70.0,90.0,22.0,22.5,88.0,30.0,18,True,18,4950.811422994092,19803.245692013254,64.51491516146689,15.701333312920902,229.0108775420342,220.0,238.0,4.511058890109373,0.2780328892237309,0.03202846975088968,1.0,1.0,0.09,1.0,1.0,1.0,0.1177394903986835,0.709606384575491,0.15503067948731028,0.15503067948731028,0.5465092038461931,srtm_earth_engine
NSR-GRID-360,hot_day_optional,Hot Urban Heat Day,0.0,0.0,0.0,0.0,40.0,43.0,35.0,10.0,14,False,18,4950.811422994092,19803.245692013254,64.51491516146689,15.701333312920902,229.0108775420342,220.0,238.0,4.511058890109373,0.2780328892237309,0.03202846975088968,0.0,0.0,0.8600000000000001,0.0,0.0,0.0,0.1177394903986835,0.709606384575491,0.15503067948731028,0.15503067948731028,0.5465092038461931,srtm_earth_engine
NSR-GRID-361,normal_day,Normal Dry Day,0.0,0.0,0.0,0.0,30.0,31.0,45.0,12.0,12,False,3,1475.9905330882425,5903.962132358469,77.13929939792008,25.23296288776525,236.6054248781522,227.0,246.0,3.888189958527645,0.08289023299797503,0.005338078291814947,0.0,0.0,0.42000000000000004,0.18867924528301888,0.1,0.0,0.0813990744391901,0.7713696521752023,0.04411415564489499,0.04411415564489499,0.5132342466934685,srtm_earth_engine
NSR-GRID-361,light_rain,Light Rain,2.0,4.0,5.0,7.0,25.0,25.5,65.0,15.0,9,True,3,1475.9905330882425,5903.962132358469,77.13929939792008,25.23296288776525,236.6054248781522,227.0,246.0,3.888189958527645,0.08289023299797503,0.005338078291814947,0.13333333333333333,0.132,0.21000000000000002,0.5660377358490566,0.25,1.0,0.0813990744391901,0.7713696521752023,0.04411415564489499,0.04411415564489499,0.5132342466934685,srtm_earth_engine
NSR-GRID-361,heavy_rain_rush_hour,Heavy Rain During Rush Hour,12.0,24.0,32.0,40.0,23.0,23.5,80.0,22.0,17,True,3,1475.9905330882425,5903.962132358469,77.13929939792008,25.23296288776525,236.6054248781522,227.0,246.0,3.888189958527645,0.08289023299797503,0.005338078291814947,0.8,0.8,0.13,0.8490566037735849,0.6,1.0,0.0813990744391901,0.7713696521752023,0.04411415564489499,0.04411415564489499,0.5132342466934685,srtm_earth_engine
NSR-GRID-361,extreme_rain,Extreme Rain Event,25.0,50.0,70.0,90.0,22.0,22.5,88.0,30.0,18,True,3,1475.9905330882425,5903.962132358469,77.13929939792008,25.23296288776525,236.6054248781522,227.0,246.0,3.888189958527645,0.08289023299797503,0.005338078291814947,1.0,1.0,0.09,1.0,1.0,1.0,0.0813990744391901,0.7713696521752023,0.04411415564489499,0.04411415564489499,0.5132342466934685,srtm_earth_engine
NSR-GRID-361,hot_day_optional,Hot Urban Heat Day,0.0,0.0,0.0,0.0,40.0,43.0,35.0,10.0,14,False,3,1475.9905330882425,5903.962132358469,77.13929939792008,25.23296288776525,236.6054248781522,227.0,246.0,3.888189958527645,0.08289023299797503,0.005338078291814947,0.0,0.0,0.8600000000000001,0.0,0.0,0.0,0.0813990744391901,0.7713696521752023,0.04411415564489499,0.04411415564489499,0.5132342466934685,srtm_earth_engine
NSR-GRID-362,normal_day,Normal Dry Day,0.0,0.0,0.0,0.0,30.0,31.0,45.0,12.0,12,False,0,0.0,0.0,50.0,0.0,245.39440328210156,236.0,253.0,5.008138869880471,0.0,0.0,0.0,0.0,0.42000000000000004,0.18867924528301888,0.1,0.0,0.0393432260886834,0.660316265495225,0.0,0.0,0.5,srtm_earth_engine
NSR-GRID-362,light_rain,Light Rain,2.0,4.0,5.0,7.0,25.0,25.5,65.0,15.0,9,True,0,0.0,0.0,50.0,0.0,245.39440328210156,236.0,253.0,5.008138869880471,0.0,0.0,0.13333333333333333,0.132,0.21000000000000002,0.5660377358490566,0.25,1.0,0.0393432260886834,0.660316265495225,0.0,0.0,0.5,srtm_earth_engine
NSR-GRID-362,heavy_rain_rush_hour,Heavy Rain During Rush Hour,12.0,24.0,32.0,40.0,23.0,23.5,80.0,22.0,17,True,0,0.0,0.0,50.0,0.0,245.39440328210156,236.0,253.0,5.008138869880471,0.0,0.0,0.8,0.8,0.13,0.8490566037735849,0.6,1.0,0.0393432260886834,0.660316265495225,0.0,0.0,0.5,srtm_earth_engine
NSR-GRID-362,extreme_rain,Extreme Rain Event,25.0,50.0,70.0,90.0,22.0,22.5,88.0,30.0,18,True,0,0.0,0.0,50.0,0.0,245.39440328210156,236.0,253.0,5.008138869880471,0.0,0.0,1.0,1.0,0.09,1.0,1.0,1.0,0.0393432260886834,0.660316265495225,0.0,0.0,0.5,srtm_earth_engine
NSR-GRID-362,hot_day_optional,Hot Urban Heat Day,0.0,0.0,0.0,0.0,40.0,43.0,35.0,10.0,14,False,0,0.0,0.0,50.0,0.0,245.39440328210156,236.0,253.0,5.008138869880471,0.0,0.0,0.0,0.0,0.8600000000000001,0.0,0.0,0.0,0.0393432260886834,0.660316265495225,0.0,0.0,0.5,srtm_earth_engine
NSR-GRID-363,normal_day,Normal Dry Day,0.0,0.0,0.0,0.0,30.0,31.0,45.0,12.0,12,False,9,2354.918056480621,12951.665264239104,61.417898193760266,15.337014946694271,144.48386442968132,132.0,155.0,4.131887290573323,0.18183831931789493,0.01601423487544484,0.0,0.0,0.42000000000000004,0.18867924528301888,0.1,0.0,0.5222068905435091,0.7472047873548449,0.09892627709666989,0.09892627709666989,0.529677883129001,srtm_earth_engine
NSR-GRID-363,light_rain,Light Rain,2.0,4.0,5.0,7.0,25.0,25.5,65.0,15.0,9,True,9,2354.918056480621,12951.665264239104,61.417898193760266,15.337014946694271,144.48386442968132,132.0,155.0,4.131887290573323,0.18183831931789493,0.01601423487544484,0.13333333333333333,0.132,0.21000000000000002,0.5660377358490566,0.25,1.0,0.5222068905435091,0.7472047873548449,0.09892627709666989,0.09892627709666989,0.529677883129001,srtm_earth_engine
NSR-GRID-363,heavy_rain_rush_hour,Heavy Rain During Rush Hour,12.0,24.0,32.0,40.0,23.0,23.5,80.0,22.0,17,True,9,2354.918056480621,12951.665264239104,61.417898193760266,15.337014946694271,144.48386442968132,132.0,155.0,4.131887290573323,0.18183831931789493,0.01601423487544484,0.8,0.8,0.13,0.8490566037735849,0.6,1.0,0.5222068905435091,0.7472047873548449,0.09892627709666989,0.09892627709666989,0.529677883129001,srtm_earth_engine
NSR-GRID-363,extreme_rain,Extreme Rain Event,25.0,50.0,70.0,90.0,22.0,22.5,88.0,30.0,18,True,9,2354.918056480621,12951.665264239104,61.417898193760266,15.337014946694271,144.48386442968132,132.0,155.0,4.131887290573323,0.18183831931789493,0.01601423487544484,1.0,1.0,0.09,1.0,1.0,1.0,0.5222068905435091,0.7472047873548449,0.09892627709666989,0.09892627709666989,0.529677883129001,srtm_earth_engine
NSR-GRID-363,hot_day_optional,Hot Urban Heat Day,0.0,0.0,0.0,0.0,40.0,43.0,35.0,10.0,14,False,9,2354.918056480621,12951.665264239104,61.417898193760266,15.337014946694271,144.48386442968132,132.0,155.0,4.131887290573323,0.18183831931789493,0.01601423487544484,0.0,0.0,0.8600000000000001,0.0,0.0,0.0,0.5222068905435091,0.7472047873548449,0.09892627709666989,0.09892627709666989,0.529677883129001,srtm_earth_engine
NSR-GRID-364,normal_day,Normal Dry Day,0.0,0.0,0.0,0.0,30.0,31.0,45.0,12.0,12,False,7,753.9812955624272,3015.925182249709,69.38165611072016,5.307820500051863,146.04006065349245,132.0,159.0,3.9555287138516806,0.042342876776087036,0.012455516014234875,0.0,0.0,0.42000000000000004,0.18867924528301888,0.1,0.0,0.5147603877323492,0.7646923861340974,0.027399196395160957,0.027399196395160957,0.5082197589185483,srtm_earth_engine
NSR-GRID-364,light_rain,Light Rain,2.0,4.0,5.0,7.0,25.0,25.5,65.0,15.0,9,True,7,753.9812955624272,3015.925182249709,69.38165611072016,5.307820500051863,146.04006065349245,132.0,159.0,3.9555287138516806,0.042342876776087036,0.012455516014234875,0.13333333333333333,0.132,0.21000000000000002,0.5660377358490566,0.25,1.0,0.5147603877323492,0.7646923861340974,0.027399196395160957,0.027399196395160957,0.5082197589185483,srtm_earth_engine
NSR-GRID-364,heavy_rain_rush_hour,Heavy Rain During Rush Hour,12.0,24.0,32.0,40.0,23.0,23.5,80.0,22.0,17,True,7,753.9812955624272,3015.925182249709,69.38165611072016,5.307820500051863,146.04006065349245,132.0,159.0,3.9555287138516806,0.042342876776087036,0.012455516014234875,0.8,0.8,0.13,0.8490566037735849,0.6,1.0,0.5147603877323492,0.7646923861340974,0.027399196395160957,0.027399196395160957,0.5082197589185483,srtm_earth_engine
NSR-GRID-364,extreme_rain,Extreme Rain Event,25.0,50.0,70.0,90.0,22.0,22.5,88.0,30.0,18,True,7,753.9812955624272,3015.925182249709,69.38165611072016,5.307820500051863,146.04006065349245,132.0,159.0,3.9555287138516806,0.042342876776087036,0.012455516014234875,1.0,1.0,0.09,1.0,1.0,1.0,0.5147603877323492,0.7646923861340974,0.027399196395160957,0.027399196395160957,0.5082197589185483,srtm_earth_engine
NSR-GRID-364,hot_day_optional,Hot Urban Heat Day,0.0,0.0,0.0,0.0,40.0,43.0,35.0,10.0,14,False,7,753.9812955624272,3015.925182249709,69.38165611072016,5.307820500051863,146.04006065349245,132.0,159.0,3.9555287138516806,0.042342876776087036,0.012455516014234875,0.0,0.0,0.8600000000000001,0.0,0.0,0.0,0.5147603877323492,0.7646923861340974,0.027399196395160957,0.027399196395160957,0.5082197589185483,srtm_earth_engine
NSR-GRID-365,normal_day,Normal Dry Day,0.0,0.0,0.0,0.0,30.0,31.0,45.0,12.0,12,False,0,0.0,0.0,50.0,0.0,159.27773700605047,150.0,173.0,3.675203426540164,0.0,0.0,0.0,0.0,0.42000000000000004,0.18867924528301888,0.1,0.0,0.4514172227353678,0.7924892545558696,0.0,0.0,0.5,srtm_earth_engine
NSR-GRID-365,light_rain,Light Rain,2.0,4.0,5.0,7.0,25.0,25.5,65.0,15.0,9,True,0,0.0,0.0,50.0,0.0,159.27773700605047,150.0,173.0,3.675203426540164,0.0,0.0,0.13333333333333333,0.132,0.21000000000000002,0.5660377358490566,0.25,1.0,0.4514172227353678,0.7924892545558696,0.0,0.0,0.5,srtm_earth_engine
NSR-GRID-365,heavy_rain_rush_hour,Heavy Rain During Rush Hour,12.0,24.0,32.0,40.0,23.0,23.5,80.0,22.0,17,True,0,0.0,0.0,50.0,0.0,159.27773700605047,150.0,173.0,3.675203426540164,0.0,0.0,0.8,0.8,0.13,0.8490566037735849,0.6,1.0,0.4514172227353678,0.7924892545558696,0.0,0.0,0.5,srtm_earth_engine
NSR-GRID-365,extreme_rain,Extreme Rain Event,25.0,50.0,70.0,90.0,22.0,22.5,88.0,30.0,18,True,0,0.0,0.0,50.0,0.0,159.27773700605047,150.0,173.0,3.675203426540164,0.0,0.0,1.0,1.0,0.09,1.0,1.0,1.0,0.4514172227353678,0.7924892545558696,0.0,0.0,0.5,srtm_earth_engine
NSR-GRID-365,hot_day_optional,Hot Urban Heat Day,0.0,0.0,0.0,0.0,40.0,43.0,35.0,10.0,14,False,0,0.0,0.0,50.0,0.0,159.27773700605047,150.0,173.0,3.675203426540164,0.0,0.0,0.0,0.0,0.8600000000000001,0.0,0.0,0.0,0.4514172227353678,0.7924892545558696,0.0,0.0,0.5,srtm_earth_engine
NSR-GRID-366,normal_day,Normal Dry Day,0.0,0.0,0.0,0.0,30.0,31.0,45.0,12.0,12,False,0,0.0,0.0,50.0,0.0,174.4164900727022,161.0,196.0,5.781089348178844,0.0,0.0,0.0,0.0,0.42000000000000004,0.18867924528301888,0.1,0.0,0.3789772787595373,0.5836710118762412,0.0,0.0,0.5,srtm_earth_engine
NSR-GRID-366,light_rain,Light Rain,2.0,4.0,5.0,7.0,25.0,25.5,65.0,15.0,9,True,0,0.0,0.0,50.0,0.0,174.4164900727022,161.0,196.0,5.781089348178844,0.0,0.0,0.13333333333333333,0.132,0.21000000000000002,0.5660377358490566,0.25,1.0,0.3789772787595373,0.5836710118762412,0.0,0.0,0.5,srtm_earth_engine
NSR-GRID-366,heavy_rain_rush_hour,Heavy Rain During Rush Hour,12.0,24.0,32.0,40.0,23.0,23.5,80.0,22.0,17,True,0,0.0,0.0,50.0,0.0,174.4164900727022,161.0,196.0,5.781089348178844,0.0,0.0,0.8,0.8,0.13,0.8490566037735849,0.6,1.0,0.3789772787595373,0.5836710118762412,0.0,0.0,0.5,srtm_earth_engine
NSR-GRID-366,extreme_rain,Extreme Rain Event,25.0,50.0,70.0,90.0,22.0,22.5,88.0,30.0,18,True,0,0.0,0.0,50.0,0.0,174.4164900727022,161.0,196.0,5.781089348178844,0.0,0.0,1.0,1.0,0.09,1.0,1.0,1.0,0.3789772787595373,0.5836710118762412,0.0,0.0,0.5,srtm_earth_engine
NSR-GRID-366,hot_day_optional,Hot Urban Heat Day,0.0,0.0,0.0,0.0,40.0,43.0,35.0,10.0,14,False,0,0.0,0.0,50.0,0.0,174.4164900727022,161.0,196.0,5.781089348178844,0.0,0.0,0.0,0.0,0.8600000000000001,0.0,0.0,0.0,0.3789772787595373,0.5836710118762412,0.0,0.0,0.5,srtm_earth_engine
NSR-GRID-367,normal_day,Normal Dry Day,0.0,0.0,0.0,0.0,30.0,31.0,45.0,12.0,12,False,1,141.26883638460848,565.0753455384339,61.417898193760266,8.280449607379404,188.49669014543795,174.0,204.0,5.042504905969211,0.007933524301650808,0.0017793594306049821,0.0,0.0,0.42000000000000004,0.18867924528301888,0.1,0.0,0.3116025815208135,0.6569085522899765,0.004856441866127895,0.004856441866127895,0.5014569325598384,srtm_earth_engine
NSR-GRID-367,light_rain,Light Rain,2.0,4.0,5.0,7.0,25.0,25.5,65.0,15.0,9,True,1,141.26883638460848,565.0753455384339,61.417898193760266,8.280449607379404,188.49669014543795,174.0,204.0,5.042504905969211,0.007933524301650808,0.0017793594306049821,0.13333333333333333,0.132,0.21000000000000002,0.5660377358490566,0.25,1.0,0.3116025815208135,0.6569085522899765,0.004856441866127895,0.004856441866127895,0.5014569325598384,srtm_earth_engine
NSR-GRID-367,heavy_rain_rush_hour,Heavy Rain During Rush Hour,12.0,24.0,32.0,40.0,23.0,23.5,80.0,22.0,17,True,1,141.26883638460848,565.0753455384339,61.417898193760266,8.280449607379404,188.49669014543795,174.0,204.0,5.042504905969211,0.007933524301650808,0.0017793594306049821,0.8,0.8,0.13,0.8490566037735849,0.6,1.0,0.3116025815208135,0.6569085522899765,0.004856441866127895,0.004856441866127895,0.5014569325598384,srtm_earth_engine
NSR-GRID-367,extreme_rain,Extreme Rain Event,25.0,50.0,70.0,90.0,22.0,22.5,88.0,30.0,18,True,1,141.26883638460848,565.0753455384339,61.417898193760266,8.280449607379404,188.49669014543795,174.0,204.0,5.042504905969211,0.007933524301650808,0.0017793594306049821,1.0,1.0,0.09,1.0,1.0,1.0,0.3116025815208135,0.6569085522899765,0.004856441866127895,0.004856441866127895,0.5014569325598384,srtm_earth_engine
NSR-GRID-367,hot_day_optional,Hot Urban Heat Day,0.0,0.0,0.0,0.0,40.0,43.0,35.0,10.0,14,False,1,141.26883638460848,565.0753455384339,61.417898193760266,8.280449607379404,188.49669014543795,174.0,204.0,5.042504905969211,0.007933524301650808,0.0017793594306049821,0.0,0.0,0.8600000000000001,0.0,0.0,0.0,0.3116025815208135,0.6569085522899765,0.004856441866127895,0.004856441866127895,0.5014569325598384,srtm_earth_engine
NSR-GRID-368,normal_day,Normal Dry Day,0.0,0.0,0.0,0.0,30.0,31.0,45.0,12.0,12,False,0,0.0,0.0,50.0,0.0,196.0751504476735,179.0,212.0,5.706999928185422,0.0,0.0,0.0,0.0,0.42000000000000004,0.18867924528301888,0.1,0.0,0.2753391430922998,0.5910176693210758,0.0,0.0,0.5,srtm_earth_engine
NSR-GRID-368,light_rain,Light Rain,2.0,4.0,5.0,7.0,25.0,25.5,65.0,15.0,9,True,0,0.0,0.0,50.0,0.0,196.0751504476735,179.0,212.0,5.706999928185422,0.0,0.0,0.13333333333333333,0.132,0.21000000000000002,0.5660377358490566,0.25,1.0,0.2753391430922998,0.5910176693210758,0.0,0.0,0.5,srtm_earth_engine
NSR-GRID-368,heavy_rain_rush_hour,Heavy Rain During Rush Hour,12.0,24.0,32.0,40.0,23.0,23.5,80.0,22.0,17,True,0,0.0,0.0,50.0,0.0,196.0751504476735,179.0,212.0,5.706999928185422,0.0,0.0,0.8,0.8,0.13,0.8490566037735849,0.6,1.0,0.2753391430922998,0.5910176693210758,0.0,0.0,0.5,srtm_earth_engine
NSR-GRID-368,extreme_rain,Extreme Rain Event,25.0,50.0,70.0,90.0,22.0,22.5,88.0,30.0,18,True,0,0.0,0.0,50.0,0.0,196.0751504476735,179.0,212.0,5.706999928185422,0.0,0.0,1.0,1.0,0.09,1.0,1.0,1.0,0.2753391430922998,0.5910176693210758,0.0,0.0,0.5,srtm_earth_engine
NSR-GRID-368,hot_day_optional,Hot Urban Heat Day,0.0,0.0,0.0,0.0,40.0,43.0,35.0,10.0,14,False,0,0.0,0.0,50.0,0.0,196.0751504476735,179.0,212.0,5.706999928185422,0.0,0.0,0.0,0.0,0.8600000000000001,0.0,0.0,0.0,0.2753391430922998,0.5910176693210758,0.0,0.0,0.5,srtm_earth_engine
NSR-GRID-369,normal_day,Normal Dry Day,0.0,0.0,0.0,0.0,30.0,31.0,45.0,12.0,12,False,1,998.6699728614044,3994.679891445617,78.85714285714286,45.59145528280323,206.5488051380692,186.0,231.0,5.252046812125922,0.05608436157465319,0.0017793594306049821,0.0,0.0,0.42000000000000004,0.18867924528301888,0.1,0.0,0.2252220062545389,0.6361305167080037,0.028931860502629088,0.028931860502629088,0.5086795581507887,srtm_earth_engine
NSR-GRID-369,light_rain,Light Rain,2.0,4.0,5.0,7.0,25.0,25.5,65.0,15.0,9,True,1,998.6699728614044,3994.679891445617,78.85714285714286,45.59145528280323,206.5488051380692,186.0,231.0,5.252046812125922,0.05608436157465319,0.0017793594306049821,0.13333333333333333,0.132,0.21000000000000002,0.5660377358490566,0.25,1.0,0.2252220062545389,0.6361305167080037,0.028931860502629088,0.028931860502629088,0.5086795581507887,srtm_earth_engine
NSR-GRID-369,heavy_rain_rush_hour,Heavy Rain During Rush Hour,12.0,24.0,32.0,40.0,23.0,23.5,80.0,22.0,17,True,1,998.6699728614044,3994.679891445617,78.85714285714286,45.59145528280323,206.5488051380692,186.0,231.0,5.252046812125922,0.05608436157465319,0.0017793594306049821,0.8,0.8,0.13,0.8490566037735849,0.6,1.0,0.2252220062545389,0.6361305167080037,0.028931860502629088,0.028931860502629088,0.5086795581507887,srtm_earth_engine
NSR-GRID-369,extreme_rain,Extreme Rain Event,25.0,50.0,70.0,90.0,22.0,22.5,88.0,30.0,18,True,1,998.6699728614044,3994.679891445617,78.85714285714286,45.59145528280323,206.5488051380692,186.0,231.0,5.252046812125922,0.05608436157465319,0.0017793594306049821,1.0,1.0,0.09,1.0,1.0,1.0,0.2252220062545389,0.6361305167080037,0.028931860502629088,0.028931860502629088,0.5086795581507887,srtm_earth_engine
NSR-GRID-369,hot_day_optional,Hot Urban Heat Day,0.0,0.0,0.0,0.0,40.0,43.0,35.0,10.0,14,False,1,998.6699728614044,3994.679891445617,78.85714285714286,45.59145528280323,206.5488051380692,186.0,231.0,5.252046812125922,0.05608436157465319,0.0017793594306049821,0.0,0.0,0.8600000000000001,0.0,0.0,0.0,0.2252220062545389,0.6361305167080037,0.028931860502629088,0.028931860502629088,0.5086795581507887,srtm_earth_engine
NSR-GRID-370,normal_day,Normal Dry Day,0.0,0.0,0.0,0.0,30.0,31.0,45.0,12.0,12,False,0,0.0,0.0,50.0,0.0,217.94736842105252,198.0,231.0,6.449338687168468,0.0,0.0,0.0,0.0,0.42000000000000004,0.18867924528301888,0.1,0.0,0.1706791200611453,0.5174078533614377,0.0,0.0,0.5,srtm_earth_engine
NSR-GRID-370,light_rain,Light Rain,2.0,4.0,5.0,7.0,25.0,25.5,65.0,15.0,9,True,0,0.0,0.0,50.0,0.0,217.94736842105252,198.0,231.0,6.449338687168468,0.0,0.0,0.13333333333333333,0.132,0.21000000000000002,0.5660377358490566,0.25,1.0,0.1706791200611453,0.5174078533614377,0.0,0.0,0.5,srtm_earth_engine
NSR-GRID-370,heavy_rain_rush_hour,Heavy Rain During Rush Hour,12.0,24.0,32.0,40.0,23.0,23.5,80.0,22.0,17,True,0,0.0,0.0,50.0,0.0,217.94736842105252,198.0,231.0,6.449338687168468,0.0,0.0,0.8,0.8,0.13,0.8490566037735849,0.6,1.0,0.1706791200611453,0.5174078533614377,0.0,0.0,0.5,srtm_earth_engine
NSR-GRID-370,extreme_rain,Extreme Rain Event,25.0,50.0,70.0,90.0,22.0,22.5,88.0,30.0,18,True,0,0.0,0.0,50.0,0.0,217.94736842105252,198.0,231.0,6.449338687168468,0.0,0.0,1.0,1.0,0.09,1.0,1.0,1.0,0.1706791200611453,0.5174078533614377,0.0,0.0,0.5,srtm_earth_engine
NSR-GRID-370,hot_day_optional,Hot Urban Heat Day,0.0,0.0,0.0,0.0,40.0,43.0,35.0,10.0,14,False,0,0.0,0.0,50.0,0.0,217.94736842105252,198.0,231.0,6.449338687168468,0.0,0.0,0.0,0.0,0.8600000000000001,0.0,0.0,0.0,0.1706791200611453,0.5174078533614377,0.0,0.0,0.5,srtm_earth_engine
NSR-GRID-371,normal_day,Normal Dry Day,0.0,0.0,0.0,0.0,30.0,31.0,45.0,12.0,12,False,1,133.2924079303486,533.1696317208979,61.417898193760266,7.812912565575312,225.50953242983172,213.0,234.0,3.616191255834771,0.007485575620237806,0.0017793594306049821,0.0,0.0,0.42000000000000004,0.18867924528301888,0.1,0.0,0.134493660484641,0.7983408620227268,0.004632467525421394,0.004632467525421394,0.5013897402576264,srtm_earth_engine
NSR-GRID-371,light_rain,Light Rain,2.0,4.0,5.0,7.0,25.0,25.5,65.0,15.0,9,True,1,133.2924079303486,533.1696317208979,61.417898193760266,7.812912565575312,225.50953242983172,213.0,234.0,3.616191255834771,0.007485575620237806,0.0017793594306049821,0.13333333333333333,0.132,0.21000000000000002,0.5660377358490566,0.25,1.0,0.134493660484641,0.7983408620227268,0.004632467525421394,0.004632467525421394,0.5013897402576264,srtm_earth_engine
NSR-GRID-371,heavy_rain_rush_hour,Heavy Rain During Rush Hour,12.0,24.0,32.0,40.0,23.0,23.5,80.0,22.0,17,True,1,133.2924079303486,533.1696317208979,61.417898193760266,7.812912565575312,225.50953242983172,213.0,234.0,3.616191255834771,0.007485575620237806,0.0017793594306049821,0.8,0.8,0.13,0.8490566037735849,0.6,1.0,0.134493660484641,0.7983408620227268,0.004632467525421394,0.004632467525421394,0.5013897402576264,srtm_earth_engine
NSR-GRID-371,extreme_rain,Extreme Rain Event,25.0,50.0,70.0,90.0,22.0,22.5,88.0,30.0,18,True,1,133.2924079303486,533.1696317208979,61.417898193760266,7.812912565575312,225.50953242983172,213.0,234.0,3.616191255834771,0.007485575620237806,0.0017793594306049821,1.0,1.0,0.09,1.0,1.0,1.0,0.134493660484641,0.7983408620227268,0.004632467525421394,0.004632467525421394,0.5013897402576264,srtm_earth_engine
NSR-GRID-371,hot_day_optional,Hot Urban Heat Day,0.0,0.0,0.0,0.0,40.0,43.0,35.0,10.0,14,False,1,133.2924079303486,533.1696317208979,61.417898193760266,7.812912565575312,225.50953242983172,213.0,234.0,3.616191255834771,0.007485575620237806,0.0017793594306049821,0.0,0.0,0.8600000000000001,0.0,0.0,0.0,0.134493660484641,0.7983408620227268,0.004632467525421394,0.004632467525421394,0.5013897402576264,srtm_earth_engine
NSR-GRID-372,normal_day,Normal Dry Day,0.0,0.0,0.0,0.0,30.0,31.0,45.0,12.0,12,False,7,2889.388583117364,11557.554332469455,61.417898193760266,24.19443378914696,229.1761321031524,223.0,238.0,3.5788576861647474,0.16226533131953733,0.012455516014234875,0.0,0.0,0.42000000000000004,0.18867924528301888,0.1,0.0,0.1169487362925528,0.8020428338775866,0.0873604236668861,0.0873604236668861,0.5262081271000658,srtm_earth_engine
NSR-GRID-372,light_rain,Light Rain,2.0,4.0,5.0,7.0,25.0,25.5,65.0,15.0,9,True,7,2889.388583117364,11557.554332469455,61.417898193760266,24.19443378914696,229.1761321031524,223.0,238.0,3.5788576861647474,0.16226533131953733,0.012455516014234875,0.13333333333333333,0.132,0.21000000000000002,0.5660377358490566,0.25,1.0,0.1169487362925528,0.8020428338775866,0.0873604236668861,0.0873604236668861,0.5262081271000658,srtm_earth_engine
NSR-GRID-372,heavy_rain_rush_hour,Heavy Rain During Rush Hour,12.0,24.0,32.0,40.0,23.0,23.5,80.0,22.0,17,True,7,2889.388583117364,11557.554332469455,61.417898193760266,24.19443378914696,229.1761321031524,223.0,238.0,3.5788576861647474,0.16226533131953733,0.012455516014234875,0.8,0.8,0.13,0.8490566037735849,0.6,1.0,0.1169487362925528,0.8020428338775866,0.0873604236668861,0.0873604236668861,0.5262081271000658,srtm_earth_engine
NSR-GRID-372,extreme_rain,Extreme Rain Event,25.0,50.0,70.0,90.0,22.0,22.5,88.0,30.0,18,True,7,2889.388583117364,11557.554332469455,61.417898193760266,24.19443378914696,229.1761321031524,223.0,238.0,3.5788576861647474,0.16226533131953733,0.012455516014234875,1.0,1.0,0.09,1.0,1.0,1.0,0.1169487362925528,0.8020428338775866,0.0873604236668861,0.0873604236668861,0.5262081271000658,srtm_earth_engine
NSR-GRID-372,hot_day_optional,Hot Urban Heat Day,0.0,0.0,0.0,0.0,40.0,43.0,35.0,10.0,14,False,7,2889.388583117364,11557.554332469455,61.417898193760266,24.19443378914696,229.1761321031524,223.0,238.0,3.5788576861647474,0.16226533131953733,0.012455516014234875,0.0,0.0,0.8600000000000001,0.0,0.0,0.0,0.1169487362925528,0.8020428338775866,0.0873604236668861,0.0873604236668861,0.5262081271000658,srtm_earth_engine
NSR-GRID-373,normal_day,Normal Dry Day,0.0,0.0,0.0,0.0,30.0,31.0,45.0,12.0,12,False,10,567.0155858929727,2268.062343571891,66.64967159277504,3.195906871356553,231.6485195330332,220.0,240.0,4.002175659088989,0.03184305927069123,0.017793594306049824,0.0,0.0,0.42000000000000004,0.18867924528301888,0.1,0.0,0.1051181974021578,0.760066906173033,0.02481832678837053,0.02481832678837053,0.5074454980365112,srtm_earth_engine
NSR-GRID-373,light_rain,Light Rain,2.0,4.0,5.0,7.0,25.0,25.5,65.0,15.0,9,True,10,567.0155858929727,2268.062343571891,66.64967159277504,3.195906871356553,231.6485195330332,220.0,240.0,4.002175659088989,0.03184305927069123,0.017793594306049824,0.13333333333333333,0.132,0.21000000000000002,0.5660377358490566,0.25,1.0,0.1051181974021578,0.760066906173033,0.02481832678837053,0.02481832678837053,0.5074454980365112,srtm_earth_engine
NSR-GRID-373,heavy_rain_rush_hour,Heavy Rain During Rush Hour,12.0,24.0,32.0,40.0,23.0,23.5,80.0,22.0,17,True,10,567.0155858929727,2268.062343571891,66.64967159277504,3.195906871356553,231.6485195330332,220.0,240.0,4.002175659088989,0.03184305927069123,0.017793594306049824,0.8,0.8,0.13,0.8490566037735849,0.6,1.0,0.1051181974021578,0.760066906173033,0.02481832678837053,0.02481832678837053,0.5074454980365112,srtm_earth_engine
NSR-GRID-373,extreme_rain,Extreme Rain Event,25.0,50.0,70.0,90.0,22.0,22.5,88.0,30.0,18,True,10,567.0155858929727,2268.062343571891,66.64967159277504,3.195906871356553,231.6485195330332,220.0,240.0,4.002175659088989,0.03184305927069123,0.017793594306049824,1.0,1.0,0.09,1.0,1.0,1.0,0.1051181974021578,0.760066906173033,0.02481832678837053,0.02481832678837053,0.5074454980365112,srtm_earth_engine
NSR-GRID-373,hot_day_optional,Hot Urban Heat Day,0.0,0.0,0.0,0.0,40.0,43.0,35.0,10.0,14,False,10,567.0155858929727,2268.062343571891,66.64967159277504,3.195906871356553,231.6485195330332,220.0,240.0,4.002175659088989,0.03184305927069123,0.017793594306049824,0.0,0.0,0.8600000000000001,0.0,0.0,0.0,0.1051181974021578,0.760066906173033,0.02481832678837053,0.02481832678837053,0.5074454980365112,srtm_earth_engine
NSR-GRID-374,normal_day,Normal Dry Day,0.0,0.0,0.0,0.0,30.0,31.0,45.0,12.0,12,False,5,536.1530721522763,2144.6122886111025,78.85714285714286,4.8953106587816535,237.6693412919745,226.0,247.0,4.054927640723386,0.03010984967518442,0.008896797153024912,0.0,0.0,0.42000000000000004,0.18867924528301888,0.1,0.0,0.0763081633798095,0.7548360548768758,0.019503323414104667,0.019503323414104667,0.5058509970242314,srtm_earth_engine
NSR-GRID-374,light_rain,Light Rain,2.0,4.0,5.0,7.0,25.0,25.5,65.0,15.0,9,True,5,536.1530721522763,2144.6122886111025,78.85714285714286,4.8953106587816535,237.6693412919745,226.0,247.0,4.054927640723386,0.03010984967518442,0.008896797153024912,0.13333333333333333,0.132,0.21000000000000002,0.5660377358490566,0.25,1.0,0.0763081633798095,0.7548360548768758,0.019503323414104667,0.019503323414104667,0.5058509970242314,srtm_earth_engine
NSR-GRID-374,heavy_rain_rush_hour,Heavy Rain During Rush Hour,12.0,24.0,32.0,40.0,23.0,23.5,80.0,22.0,17,True,5,536.1530721522763,2144.6122886111025,78.85714285714286,4.8953106587816535,237.6693412919745,226.0,247.0,4.054927640723386,0.03010984967518442,0.008896797153024912,0.8,0.8,0.13,0.8490566037735849,0.6,1.0,0.0763081633798095,0.7548360548768758,0.019503323414104667,0.019503323414104667,0.5058509970242314,srtm_earth_engine
NSR-GRID-374,extreme_rain,Extreme Rain Event,25.0,50.0,70.0,90.0,22.0,22.5,88.0,30.0,18,True,5,536.1530721522763,2144.6122886111025,78.85714285714286,4.8953106587816535,237.6693412919745,226.0,247.0,4.054927640723386,0.03010984967518442,0.008896797153024912,1.0,1.0,0.09,1.0,1.0,1.0,0.0763081633798095,0.7548360548768758,0.019503323414104667,0.019503323414104667,0.5058509970242314,srtm_earth_engine
NSR-GRID-374,hot_day_optional,Hot Urban Heat Day,0.0,0.0,0.0,0.0,40.0,43.0,35.0,10.0,14,False,5,536.1530721522763,2144.6122886111025,78.85714285714286,4.8953106587816535,237.6693412919745,226.0,247.0,4.054927640723386,0.03010984967518442,0.008896797153024912,0.0,0.0,0.8600000000000001,0.0,0.0,0.0,0.0763081633798095,0.7548360548768758,0.019503323414104667,0.019503323414104667,0.5058509970242314,srtm_earth_engine
NSR-GRID-375,normal_day,Normal Dry Day,0.0,0.0,0.0,0.0,30.0,31.0,45.0,12.0,12,False,0,0.0,0.0,50.0,0.0,242.44398982818737,228.0,251.0,4.27627945475527,0.0,0.0,0.0,0.0,0.42000000000000004,0.18867924528301888,0.1,0.0,0.0534611514135827,0.7328869567110461,0.0,0.0,0.5,srtm_earth_engine
NSR-GRID-375,light_rain,Light Rain,2.0,4.0,5.0,7.0,25.0,25.5,65.0,15.0,9,True,0,0.0,0.0,50.0,0.0,242.44398982818737,228.0,251.0,4.27627945475527,0.0,0.0,0.13333333333333333,0.132,0.21000000000000002,0.5660377358490566,0.25,1.0,0.0534611514135827,0.7328869567110461,0.0,0.0,0.5,srtm_earth_engine
NSR-GRID-375,heavy_rain_rush_hour,Heavy Rain During Rush Hour,12.0,24.0,32.0,40.0,23.0,23.5,80.0,22.0,17,True,0,0.0,0.0,50.0,0.0,242.44398982818737,228.0,251.0,4.27627945475527,0.0,0.0,0.8,0.8,0.13,0.8490566037735849,0.6,1.0,0.0534611514135827,0.7328869567110461,0.0,0.0,0.5,srtm_earth_engine
NSR-GRID-375,extreme_rain,Extreme Rain Event,25.0,50.0,70.0,90.0,22.0,22.5,88.0,30.0,18,True,0,0.0,0.0,50.0,0.0,242.44398982818737,228.0,251.0,4.27627945475527,0.0,0.0,1.0,1.0,0.09,1.0,1.0,1.0,0.0534611514135827,0.7328869567110461,0.0,0.0,0.5,srtm_earth_engine
NSR-GRID-375,hot_day_optional,Hot Urban Heat Day,0.0,0.0,0.0,0.0,40.0,43.0,35.0,10.0,14,False,0,0.0,0.0,50.0,0.0,242.44398982818737,228.0,251.0,4.27627945475527,0.0,0.0,0.0,0.0,0.8600000000000001,0.0,0.0,0.0,0.0534611514135827,0.7328869567110461,0.0,0.0,0.5,srtm_earth_engine
NSR-GRID-376,normal_day,Normal Dry Day,0.0,0.0,0.0,0.0,30.0,31.0,45.0,12.0,12,False,0,0.0,0.0,50.0,0.0,154.68479184367038,150.0,158.0,3.381896344807155,0.0,0.0,0.0,0.0,0.42000000000000004,0.18867924528301888,0.1,0.0,0.4733947719286225,0.8215733890494026,0.0,0.0,0.5,srtm_earth_engine
NSR-GRID-376,light_rain,Light Rain,2.0,4.0,5.0,7.0,25.0,25.5,65.0,15.0,9,True,0,0.0,0.0,50.0,0.0,154.68479184367038,150.0,158.0,3.381896344807155,0.0,0.0,0.13333333333333333,0.132,0.21000000000000002,0.5660377358490566,0.25,1.0,0.4733947719286225,0.8215733890494026,0.0,0.0,0.5,srtm_earth_engine
NSR-GRID-376,heavy_rain_rush_hour,Heavy Rain During Rush Hour,12.0,24.0,32.0,40.0,23.0,23.5,80.0,22.0,17,True,0,0.0,0.0,50.0,0.0,154.68479184367038,150.0,158.0,3.381896344807155,0.0,0.0,0.8,0.8,0.13,0.8490566037735849,0.6,1.0,0.4733947719286225,0.8215733890494026,0.0,0.0,0.5,srtm_earth_engine
NSR-GRID-376,extreme_rain,Extreme Rain Event,25.0,50.0,70.0,90.0,22.0,22.5,88.0,30.0,18,True,0,0.0,0.0,50.0,0.0,154.68479184367038,150.0,158.0,3.381896344807155,0.0,0.0,1.0,1.0,0.09,1.0,1.0,1.0,0.4733947719286225,0.8215733890494026,0.0,0.0,0.5,srtm_earth_engine
NSR-GRID-376,hot_day_optional,Hot Urban Heat Day,0.0,0.0,0.0,0.0,40.0,43.0,35.0,10.0,14,False,0,0.0,0.0,50.0,0.0,154.68479184367038,150.0,158.0,3.381896344807155,0.0,0.0,0.0,0.0,0.8600000000000001,0.0,0.0,0.0,0.4733947719286225,0.8215733890494026,0.0,0.0,0.5,srtm_earth_engine
NSR-GRID-377,normal_day,Normal Dry Day,0.0,0.0,0.0,0.0,30.0,31.0,45.0,12.0,12,False,0,0.0,0.0,50.0,0.0,147.87548914976884,131.0,160.0,8.380202791267601,0.0,0.0,0.0,0.0,0.42000000000000004,0.18867924528301888,0.1,0.0,0.5059777398579486,0.3259446573126179,0.0,0.0,0.5,srtm_earth_engine
NSR-GRID-377,light_rain,Light Rain,2.0,4.0,5.0,7.0,25.0,25.5,65.0,15.0,9,True,0,0.0,0.0,50.0,0.0,147.87548914976884,131.0,160.0,8.380202791267601,0.0,0.0,0.13333333333333333,0.132,0.21000000000000002,0.5660377358490566,0.25,1.0,0.5059777398579486,0.3259446573126179,0.0,0.0,0.5,srtm_earth_engine
NSR-GRID-377,heavy_rain_rush_hour,Heavy Rain During Rush Hour,12.0,24.0,32.0,40.0,23.0,23.5,80.0,22.0,17,True,0,0.0,0.0,50.0,0.0,147.87548914976884,131.0,160.0,8.380202791267601,0.0,0.0,0.8,0.8,0.13,0.8490566037735849,0.6,1.0,0.5059777398579486,0.3259446573126179,0.0,0.0,0.5,srtm_earth_engine
NSR-GRID-377,extreme_rain,Extreme Rain Event,25.0,50.0,70.0,90.0,22.0,22.5,88.0,30.0,18,True,0,0.0,0.0,50.0,0.0,147.87548914976884,131.0,160.0,8.380202791267601,0.0,0.0,1.0,1.0,0.09,1.0,1.0,1.0,0.5059777398579486,0.3259446573126179,0.0,0.0,0.5,srtm_earth_engine
NSR-GRID-377,hot_day_optional,Hot Urban Heat Day,0.0,0.0,0.0,0.0,40.0,43.0,35.0,10.0,14,False,0,0.0,0.0,50.0,0.0,147.87548914976884,131.0,160.0,8.380202791267601,0.0,0.0,0.0,0.0,0.8600000000000001,0.0,0.0,0.0,0.5059777398579486,0.3259446573126179,0.0,0.0,0.5,srtm_earth_engine
NSR-GRID-378,normal_day,Normal Dry Day,0.0,0.0,0.0,0.0,30.0,31.0,45.0,12.0,12,False,1,132.60939149455942,1418.9161123503843,61.417898193760266,7.772877669540873,186.44366136285015,172.0,200.0,6.785056144483605,0.019921246871263492,0.0017793594306049821,0.0,0.0,0.42000000000000004,0.18867924528301888,0.1,0.0,0.3214264612906101,0.4841183343266796,0.010850303150934238,0.010850303150934238,0.5032550909452803,srtm_earth_engine
NSR-GRID-378,light_rain,Light Rain,2.0,4.0,5.0,7.0,25.0,25.5,65.0,15.0,9,True,1,132.60939149455942,1418.9161123503843,61.417898193760266,7.772877669540873,186.44366136285015,172.0,200.0,6.785056144483605,0.019921246871263492,0.0017793594306049821,0.13333333333333333,0.132,0.21000000000000002,0.5660377358490566,0.25,1.0,0.3214264612906101,0.4841183343266796,0.010850303150934238,0.010850303150934238,0.5032550909452803,srtm_earth_engine
NSR-GRID-378,heavy_rain_rush_hour,Heavy Rain During Rush Hour,12.0,24.0,32.0,40.0,23.0,23.5,80.0,22.0,17,True,1,132.60939149455942,1418.9161123503843,61.417898193760266,7.772877669540873,186.44366136285015,172.0,200.0,6.785056144483605,0.019921246871263492,0.0017793594306049821,0.8,0.8,0.13,0.8490566037735849,0.6,1.0,0.3214264612906101,0.4841183343266796,0.010850303150934238,0.010850303150934238,0.5032550909452803,srtm_earth_engine
NSR-GRID-378,extreme_rain,Extreme Rain Event,25.0,50.0,70.0,90.0,22.0,22.5,88.0,30.0,18,True,1,132.60939149455942,1418.9161123503843,61.417898193760266,7.772877669540873,186.44366136285015,172.0,200.0,6.785056144483605,0.019921246871263492,0.0017793594306049821,1.0,1.0,0.09,1.0,1.0,1.0,0.3214264612906101,0.4841183343266796,0.010850303150934238,0.010850303150934238,0.5032550909452803,srtm_earth_engine
NSR-GRID-378,hot_day_optional,Hot Urban Heat Day,0.0,0.0,0.0,0.0,40.0,43.0,35.0,10.0,14,False,1,132.60939149455942,1418.9161123503843,61.417898193760266,7.772877669540873,186.44366136285015,172.0,200.0,6.785056144483605,0.019921246871263492,0.0017793594306049821,0.0,0.0,0.8600000000000001,0.0,0.0,0.0,0.3214264612906101,0.4841183343266796,0.010850303150934238,0.010850303150934238,0.5032550909452803,srtm_earth_engine
NSR-GRID-379,normal_day,Normal Dry Day,0.0,0.0,0.0,0.0,30.0,31.0,45.0,12.0,12,False,1,361.4465841592571,12608.2937727832,90.0,14.457863366370283,251.69080622347948,243.0,264.0,5.807827732502319,0.1770174647301518,0.0017793594306049821,0.0,0.0,0.42000000000000004,0.18867924528301888,0.1,0.0,0.009214517712601,0.5810196515299144,0.0893984120803784,0.0893984120803784,0.5268195236241136,srtm_earth_engine
NSR-GRID-379,light_rain,Light Rain,2.0,4.0,5.0,7.0,25.0,25.5,65.0,15.0,9,True,1,361.4465841592571,12608.2937727832,90.0,14.457863366370283,251.69080622347948,243.0,264.0,5.807827732502319,0.1770174647301518,0.0017793594306049821,0.13333333333333333,0.132,0.21000000000000002,0.5660377358490566,0.25,1.0,0.009214517712601,0.5810196515299144,0.0893984120803784,0.0893984120803784,0.5268195236241136,srtm_earth_engine
NSR-GRID-379,heavy_rain_rush_hour,Heavy Rain During Rush Hour,12.0,24.0,32.0,40.0,23.0,23.5,80.0,22.0,17,True,1,361.4465841592571,12608.2937727832,90.0,14.457863366370283,251.69080622347948,243.0,264.0,5.807827732502319,0.1770174647301518,0.0017793594306049821,0.8,0.8,0.13,0.8490566037735849,0.6,1.0,0.009214517712601,0.5810196515299144,0.0893984120803784,0.0893984120803784,0.5268195236241136,srtm_earth_engine
NSR-GRID-379,extreme_rain,Extreme Rain Event,25.0,50.0,70.0,90.0,22.0,22.5,88.0,30.0,18,True,1,361.4465841592571,12608.2937727832,90.0,14.457863366370283,251.69080622347948,243.0,264.0,5.807827732502319,0.1770174647301518,0.0017793594306049821,1.0,1.0,0.09,1.0,1.0,1.0,0.009214517712601,0.5810196515299144,0.0893984120803784,0.0893984120803784,0.5268195236241136,srtm_earth_engine
NSR-GRID-379,hot_day_optional,Hot Urban Heat Day,0.0,0.0,0.0,0.0,40.0,43.0,35.0,10.0,14,False,1,361.4465841592571,12608.2937727832,90.0,14.457863366370283,251.69080622347948,243.0,264.0,5.807827732502319,0.1770174647301518,0.0017793594306049821,0.0,0.0,0.8600000000000001,0.0,0.0,0.0,0.009214517712601,0.5810196515299144,0.0893984120803784,0.0893984120803784,0.5268195236241136,srtm_earth_engine
NSR-GRID-380,normal_day,Normal Dry Day,0.0,0.0,0.0,0.0,30.0,31.0,45.0,12.0,12,False,0,0.0,0.0,50.0,0.0,174.75556289204363,162.0,193.0,6.594196962828789,0.0,0.0,0.0,0.0,0.42000000000000004,0.18867924528301888,0.1,0.0,0.3773547926849789,0.5030438034144913,0.0,0.0,0.5,srtm_earth_engine
NSR-GRID-380,light_rain,Light Rain,2.0,4.0,5.0,7.0,25.0,25.5,65.0,15.0,9,True,0,0.0,0.0,50.0,0.0,174.75556289204363,162.0,193.0,6.594196962828789,0.0,0.0,0.13333333333333333,0.132,0.21000000000000002,0.5660377358490566,0.25,1.0,0.3773547926849789,0.5030438034144913,0.0,0.0,0.5,srtm_earth_engine
NSR-GRID-380,heavy_rain_rush_hour,Heavy Rain During Rush Hour,12.0,24.0,32.0,40.0,23.0,23.5,80.0,22.0,17,True,0,0.0,0.0,50.0,0.0,174.75556289204363,162.0,193.0,6.594196962828789,0.0,0.0,0.8,0.8,0.13,0.8490566037735849,0.6,1.0,0.3773547926849789,0.5030438034144913,0.0,0.0,0.5,srtm_earth_engine
NSR-GRID-380,extreme_rain,Extreme Rain Event,25.0,50.0,70.0,90.0,22.0,22.5,88.0,30.0,18,True,0,0.0,0.0,50.0,0.0,174.75556289204363,162.0,193.0,6.594196962828789,0.0,0.0,1.0,1.0,0.09,1.0,1.0,1.0,0.3773547926849789,0.5030438034144913,0.0,0.0,0.5,srtm_earth_engine
NSR-GRID-380,hot_day_optional,Hot Urban Heat Day,0.0,0.0,0.0,0.0,40.0,43.0,35.0,10.0,14,False,0,0.0,0.0,50.0,0.0,174.75556289204363,162.0,193.0,6.594196962828789,0.0,0.0,0.0,0.0,0.8600000000000001,0.0,0.0,0.0,0.3773547926849789,0.5030438034144913,0.0,0.0,0.5,srtm_earth_engine
NSR-GRID-381,normal_day,Normal Dry Day,0.0,0.0,0.0,0.0,30.0,31.0,45.0,12.0,12,False,0,0.0,0.0,50.0,0.0,200.54737732656503,179.0,218.0,8.386001420411972,0.0,0.0,0.0,0.0,0.42000000000000004,0.18867924528301888,0.1,0.0,0.2539392389438031,0.3253696691162315,0.0,0.0,0.5,srtm_earth_engine
NSR-GRID-381,light_rain,Light Rain,2.0,4.0,5.0,7.0,25.0,25.5,65.0,15.0,9,True,0,0.0,0.0,50.0,0.0,200.54737732656503,179.0,218.0,8.386001420411972,0.0,0.0,0.13333333333333333,0.132,0.21000000000000002,0.5660377358490566,0.25,1.0,0.2539392389438031,0.3253696691162315,0.0,0.0,0.5,srtm_earth_engine
NSR-GRID-381,heavy_rain_rush_hour,Heavy Rain During Rush Hour,12.0,24.0,32.0,40.0,23.0,23.5,80.0,22.0,17,True,0,0.0,0.0,50.0,0.0,200.54737732656503,179.0,218.0,8.386001420411972,0.0,0.0,0.8,0.8,0.13,0.8490566037735849,0.6,1.0,0.2539392389438031,0.3253696691162315,0.0,0.0,0.5,srtm_earth_engine
NSR-GRID-381,extreme_rain,Extreme Rain Event,25.0,50.0,70.0,90.0,22.0,22.5,88.0,30.0,18,True,0,0.0,0.0,50.0,0.0,200.54737732656503,179.0,218.0,8.386001420411972,0.0,0.0,1.0,1.0,0.09,1.0,1.0,1.0,0.2539392389438031,0.3253696691162315,0.0,0.0,0.5,srtm_earth_engine
NSR-GRID-381,hot_day_optional,Hot Urban Heat Day,0.0,0.0,0.0,0.0,40.0,43.0,35.0,10.0,14,False,0,0.0,0.0,50.0,0.0,200.54737732656503,179.0,218.0,8.386001420411972,0.0,0.0,0.0,0.0,0.8600000000000001,0.0,0.0,0.0,0.2539392389438031,0.3253696691162315,0.0,0.0,0.5,srtm_earth_engine
NSR-GRID-382,normal_day,Normal Dry Day,0.0,0.0,0.0,0.0,30.0,31.0,45.0,12.0,12,False,1,2.02713876205448,8.750709228940162,78.85714285714286,0.0925432913111827,203.6561815857225,182.0,219.0,6.850416927642928,0.0001228578894347725,0.0017793594306049821,0.0,0.0,0.42000000000000004,0.18867924528301888,0.1,0.0,0.2390634030428085,0.4776372026854777,0.0009511086600198773,0.0009511086600198773,0.500285332598006,srtm_earth_engine
NSR-GRID-382,light_rain,Light Rain,2.0,4.0,5.0,7.0,25.0,25.5,65.0,15.0,9,True,1,2.02713876205448,8.750709228940162,78.85714285714286,0.0925432913111827,203.6561815857225,182.0,219.0,6.850416927642928,0.0001228578894347725,0.0017793594306049821,0.13333333333333333,0.132,0.21000000000000002,0.5660377358490566,0.25,1.0,0.2390634030428085,0.4776372026854777,0.0009511086600198773,0.0009511086600198773,0.500285332598006,srtm_earth_engine
NSR-GRID-382,heavy_rain_rush_hour,Heavy Rain During Rush Hour,12.0,24.0,32.0,40.0,23.0,23.5,80.0,22.0,17,True,1,2.02713876205448,8.750709228940162,78.85714285714286,0.0925432913111827,203.6561815857225,182.0,219.0,6.850416927642928,0.0001228578894347725,0.0017793594306049821,0.8,0.8,0.13,0.8490566037735849,0.6,1.0,0.2390634030428085,0.4776372026854777,0.0009511086600198773,0.0009511086600198773,0.500285332598006,srtm_earth_engine
NSR-GRID-382,extreme_rain,Extreme Rain Event,25.0,50.0,70.0,90.0,22.0,22.5,88.0,30.0,18,True,1,2.02713876205448,8.750709228940162,78.85714285714286,0.0925432913111827,203.6561815857225,182.0,219.0,6.850416927642928,0.0001228578894347725,0.0017793594306049821,1.0,1.0,0.09,1.0,1.0,1.0,0.2390634030428085,0.4776372026854777,0.0009511086600198773,0.0009511086600198773,0.500285332598006,srtm_earth_engine
NSR-GRID-382,hot_day_optional,Hot Urban Heat Day,0.0,0.0,0.0,0.0,40.0,43.0,35.0,10.0,14,False,1,2.02713876205448,8.750709228940162,78.85714285714286,0.0925432913111827,203.6561815857225,182.0,219.0,6.850416927642928,0.0001228578894347725,0.0017793594306049821,0.0,0.0,0.8600000000000001,0.0,0.0,0.0,0.2390634030428085,0.4776372026854777,0.0009511086600198773,0.0009511086600198773,0.500285332598006,srtm_earth_engine
NSR-GRID-383,normal_day,Normal Dry Day,0.0,0.0,0.0,0.0,30.0,31.0,45.0,12.0,12,False,0,0.0,0.0,50.0,0.0,173.07208793554236,155.0,204.0,6.34503790079596,0.0,0.0,0.0,0.0,0.42000000000000004,0.18867924528301888,0.1,0.0,0.385410332728254,0.5277502497356262,0.0,0.0,0.5,srtm_earth_engine
NSR-GRID-383,light_rain,Light Rain,2.0,4.0,5.0,7.0,25.0,25.5,65.0,15.0,9,True,0,0.0,0.0,50.0,0.0,173.07208793554236,155.0,204.0,6.34503790079596,0.0,0.0,0.13333333333333333,0.132,0.21000000000000002,0.5660377358490566,0.25,1.0,0.385410332728254,0.5277502497356262,0.0,0.0,0.5,srtm_earth_engine
NSR-GRID-383,heavy_rain_rush_hour,Heavy Rain During Rush Hour,12.0,24.0,32.0,40.0,23.0,23.5,80.0,22.0,17,True,0,0.0,0.0,50.0,0.0,173.07208793554236,155.0,204.0,6.34503790079596,0.0,0.0,0.8,0.8,0.13,0.8490566037735849,0.6,1.0,0.385410332728254,0.5277502497356262,0.0,0.0,0.5,srtm_earth_engine
NSR-GRID-383,extreme_rain,Extreme Rain Event,25.0,50.0,70.0,90.0,22.0,22.5,88.0,30.0,18,True,0,0.0,0.0,50.0,0.0,173.07208793554236,155.0,204.0,6.34503790079596,0.0,0.0,1.0,1.0,0.09,1.0,1.0,1.0,0.385410332728254,0.5277502497356262,0.0,0.0,0.5,srtm_earth_engine
NSR-GRID-383,hot_day_optional,Hot Urban Heat Day,0.0,0.0,0.0,0.0,40.0,43.0,35.0,10.0,14,False,0,0.0,0.0,50.0,0.0,173.07208793554236,155.0,204.0,6.34503790079596,0.0,0.0,0.0,0.0,0.8600000000000001,0.0,0.0,0.0,0.385410332728254,0.5277502497356262,0.0,0.0,0.5,srtm_earth_engine
NSR-GRID-384,normal_day,Normal Dry Day,0.0,0.0,0.0,0.0,30.0,31.0,45.0,12.0,12,False,1,167.9047917874164,672.1869840738618,90.0,6.716191671496656,251.1894938600481,242.0,271.0,4.003815347983874,0.009437346391961164,0.0017793594306049821,0.0,0.0,0.42000000000000004,0.18867924528301888,0.1,0.0,0.0116133308355496,0.7599043157164213,0.005608352911283073,0.005608352911283073,0.5016825058733849,srtm_earth_engine
NSR-GRID-384,light_rain,Light Rain,2.0,4.0,5.0,7.0,25.0,25.5,65.0,15.0,9,True,1,167.9047917874164,672.1869840738618,90.0,6.716191671496656,251.1894938600481,242.0,271.0,4.003815347983874,0.009437346391961164,0.0017793594306049821,0.13333333333333333,0.132,0.21000000000000002,0.5660377358490566,0.25,1.0,0.0116133308355496,0.7599043157164213,0.005608352911283073,0.005608352911283073,0.5016825058733849,srtm_earth_engine
NSR-GRID-384,heavy_rain_rush_hour,Heavy Rain During Rush Hour,12.0,24.0,32.0,40.0,23.0,23.5,80.0,22.0,17,True,1,167.9047917874164,672.1869840738618,90.0,6.716191671496656,251.1894938600481,242.0,271.0,4.003815347983874,0.009437346391961164,0.0017793594306049821,0.8,0.8,0.13,0.8490566037735849,0.6,1.0,0.0116133308355496,0.7599043157164213,0.005608352911283073,0.005608352911283073,0.5016825058733849,srtm_earth_engine
NSR-GRID-384,extreme_rain,Extreme Rain Event,25.0,50.0,70.0,90.0,22.0,22.5,88.0,30.0,18,True,1,167.9047917874164,672.1869840738618,90.0,6.716191671496656,251.1894938600481,242.0,271.0,4.003815347983874,0.009437346391961164,0.0017793594306049821,1.0,1.0,0.09,1.0,1.0,1.0,0.0116133308355496,0.7599043157164213,0.005608352911283073,0.005608352911283073,0.5016825058733849,srtm_earth_engine
NSR-GRID-384,hot_day_optional,Hot Urban Heat Day,0.0,0.0,0.0,0.0,40.0,43.0,35.0,10.0,14,False,1,167.9047917874164,672.1869840738618,90.0,6.716191671496656,251.1894938600481,242.0,271.0,4.003815347983874,0.009437346391961164,0.0017793594306049821,0.0,0.0,0.8600000000000001,0.0,0.0,0.0,0.0116133308355496,0.7599043157164213,0.005608352911283073,0.005608352911283073,0.5016825058733849,srtm_earth_engine
NSR-GRID-385,normal_day,Normal Dry Day,0.0,0.0,0.0,0.0,30.0,31.0,45.0,12.0,12,False,1,384.7824984917367,1539.1299939640796,61.417898193760266,22.553962856237604,218.3385440438156,189.0,241.0,7.896466290148441,0.02160902135781319,0.0017793594306049821,0.0,0.0,0.42000000000000004,0.18867924528301888,0.1,0.0,0.1688073185942143,0.3739116459541929,0.011694190394209087,0.011694190394209087,0.5035082571182627,srtm_earth_engine
NSR-GRID-385,light_rain,Light Rain,2.0,4.0,5.0,7.0,25.0,25.5,65.0,15.0,9,True,1,384.7824984917367,1539.1299939640796,61.417898193760266,22.553962856237604,218.3385440438156,189.0,241.0,7.896466290148441,0.02160902135781319,0.0017793594306049821,0.13333333333333333,0.132,0.21000000000000002,0.5660377358490566,0.25,1.0,0.1688073185942143,0.3739116459541929,0.011694190394209087,0.011694190394209087,0.5035082571182627,srtm_earth_engine
NSR-GRID-385,heavy_rain_rush_hour,Heavy Rain During Rush Hour,12.0,24.0,32.0,40.0,23.0,23.5,80.0,22.0,17,True,1,384.7824984917367,1539.1299939640796,61.417898193760266,22.553962856237604,218.3385440438156,189.0,241.0,7.896466290148441,0.02160902135781319,0.0017793594306049821,0.8,0.8,0.13,0.8490566037735849,0.6,1.0,0.1688073185942143,0.3739116459541929,0.011694190394209087,0.011694190394209087,0.5035082571182627,srtm_earth_engine
NSR-GRID-385,extreme_rain,Extreme Rain Event,25.0,50.0,70.0,90.0,22.0,22.5,88.0,30.0,18,True,1,384.7824984917367,1539.1299939640796,61.417898193760266,22.553962856237604,218.3385440438156,189.0,241.0,7.896466290148441,0.02160902135781319,0.0017793594306049821,1.0,1.0,0.09,1.0,1.0,1.0,0.1688073185942143,0.3739116459541929,0.011694190394209087,0.011694190394209087,0.5035082571182627,srtm_earth_engine
NSR-GRID-385,hot_day_optional,Hot Urban Heat Day,0.0,0.0,0.0,0.0,40.0,43.0,35.0,10.0,14,False,1,384.7824984917367,1539.1299939640796,61.417898193760266,22.553962856237604,218.3385440438156,189.0,241.0,7.896466290148441,0.02160902135781319,0.0017793594306049821,0.0,0.0,0.8600000000000001,0.0,0.0,0.0,0.1688073185942143,0.3739116459541929,0.011694190394209087,0.011694190394209087,0.5035082571182627,srtm_earth_engine
NSR-GRID-386,normal_day,Normal Dry Day,0.0,0.0,0.0,0.0,30.0,31.0,45.0,12.0,12,False,0,0.0,0.0,50.0,0.0,237.1017200619548,227.0,253.0,4.498747468548607,0.0,0.0,0.0,0.0,0.42000000000000004,0.18867924528301888,0.1,0.0,0.0790242688556756,0.7108271769217387,0.0,0.0,0.5,srtm_earth_engine
NSR-GRID-386,light_rain,Light Rain,2.0,4.0,5.0,7.0,25.0,25.5,65.0,15.0,9,True,0,0.0,0.0,50.0,0.0,237.1017200619548,227.0,253.0,4.498747468548607,0.0,0.0,0.13333333333333333,0.132,0.21000000000000002,0.5660377358490566,0.25,1.0,0.0790242688556756,0.7108271769217387,0.0,0.0,0.5,srtm_earth_engine
NSR-GRID-386,heavy_rain_rush_hour,Heavy Rain During Rush Hour,12.0,24.0,32.0,40.0,23.0,23.5,80.0,22.0,17,True,0,0.0,0.0,50.0,0.0,237.1017200619548,227.0,253.0,4.498747468548607,0.0,0.0,0.8,0.8,0.13,0.8490566037735849,0.6,1.0,0.0790242688556756,0.7108271769217387,0.0,0.0,0.5,srtm_earth_engine
NSR-GRID-386,extreme_rain,Extreme Rain Event,25.0,50.0,70.0,90.0,22.0,22.5,88.0,30.0,18,True,0,0.0,0.0,50.0,0.0,237.1017200619548,227.0,253.0,4.498747468548607,0.0,0.0,1.0,1.0,0.09,1.0,1.0,1.0,0.0790242688556756,0.7108271769217387,0.0,0.0,0.5,srtm_earth_engine
NSR-GRID-386,hot_day_optional,Hot Urban Heat Day,0.0,0.0,0.0,0.0,40.0,43.0,35.0,10.0,14,False,0,0.0,0.0,50.0,0.0,237.1017200619548,227.0,253.0,4.498747468548607,0.0,0.0,0.0,0.0,0.8600000000000001,0.0,0.0,0.0,0.0790242688556756,0.7108271769217387,0.0,0.0,0.5,srtm_earth_engine
NSR-GRID-387,normal_day,Normal Dry Day,0.0,0.0,0.0,0.0,30.0,31.0,45.0,12.0,12,False,0,0.0,0.0,50.0,0.0,237.45506249694407,224.0,256.0,5.113396007736715,0.0,0.0,0.0,0.0,0.42000000000000004,0.18867924528301888,0.1,0.0,0.0773335017177072,0.6498790379461066,0.0,0.0,0.5,srtm_earth_engine
NSR-GRID-387,light_rain,Light Rain,2.0,4.0,5.0,7.0,25.0,25.5,65.0,15.0,9,True,0,0.0,0.0,50.0,0.0,237.45506249694407,224.0,256.0,5.113396007736715,0.0,0.0,0.13333333333333333,0.132,0.21000000000000002,0.5660377358490566,0.25,1.0,0.0773335017177072,0.6498790379461066,0.0,0.0,0.5,srtm_earth_engine
NSR-GRID-387,heavy_rain_rush_hour,Heavy Rain During Rush Hour,12.0,24.0,32.0,40.0,23.0,23.5,80.0,22.0,17,True,0,0.0,0.0,50.0,0.0,237.45506249694407,224.0,256.0,5.113396007736715,0.0,0.0,0.8,0.8,0.13,0.8490566037735849,0.6,1.0,0.0773335017177072,0.6498790379461066,0.0,0.0,0.5,srtm_earth_engine
NSR-GRID-387,extreme_rain,Extreme Rain Event,25.0,50.0,70.0,90.0,22.0,22.5,88.0,30.0,18,True,0,0.0,0.0,50.0,0.0,237.45506249694407,224.0,256.0,5.113396007736715,0.0,0.0,1.0,1.0,0.09,1.0,1.0,1.0,0.0773335017177072,0.6498790379461066,0.0,0.0,0.5,srtm_earth_engine
NSR-GRID-387,hot_day_optional,Hot Urban Heat Day,0.0,0.0,0.0,0.0,40.0,43.0,35.0,10.0,14,False,0,0.0,0.0,50.0,0.0,237.45506249694407,224.0,256.0,5.113396007736715,0.0,0.0,0.0,0.0,0.8600000000000001,0.0,0.0,0.0,0.0773335017177072,0.6498790379461066,0.0,0.0,0.5,srtm_earth_engine
NSR-GRID-388,normal_day,Normal Dry Day,0.0,0.0,0.0,0.0,30.0,31.0,45.0,12.0,12,False,5,1168.9897785248932,4675.959114090862,68.3935960591133,12.346761417780217,242.82304231596788,233.0,258.0,4.271801489058782,0.06564936084730011,0.008896797153024912,0.0,0.0,0.42000000000000004,0.18867924528301888,0.1,0.0,0.0516473599567944,0.733330988801252,0.03727307900016251,0.03727307900016251,0.5111819237000488,srtm_earth_engine
NSR-GRID-388,light_rain,Light Rain,2.0,4.0,5.0,7.0,25.0,25.5,65.0,15.0,9,True,5,1168.9897785248932,4675.959114090862,68.3935960591133,12.346761417780217,242.82304231596788,233.0,258.0,4.271801489058782,0.06564936084730011,0.008896797153024912,0.13333333333333333,0.132,0.21000000000000002,0.5660377358490566,0.25,1.0,0.0516473599567944,0.733330988801252,0.03727307900016251,0.03727307900016251,0.5111819237000488,srtm_earth_engine
NSR-GRID-388,heavy_rain_rush_hour,Heavy Rain During Rush Hour,12.0,24.0,32.0,40.0,23.0,23.5,80.0,22.0,17,True,5,1168.9897785248932,4675.959114090862,68.3935960591133,12.346761417780217,242.82304231596788,233.0,258.0,4.271801489058782,0.06564936084730011,0.008896797153024912,0.8,0.8,0.13,0.8490566037735849,0.6,1.0,0.0516473599567944,0.733330988801252,0.03727307900016251,0.03727307900016251,0.5111819237000488,srtm_earth_engine
NSR-GRID-388,extreme_rain,Extreme Rain Event,25.0,50.0,70.0,90.0,22.0,22.5,88.0,30.0,18,True,5,1168.9897785248932,4675.959114090862,68.3935960591133,12.346761417780217,242.82304231596788,233.0,258.0,4.271801489058782,0.06564936084730011,0.008896797153024912,1.0,1.0,0.09,1.0,1.0,1.0,0.0516473599567944,0.733330988801252,0.03727307900016251,0.03727307900016251,0.5111819237000488,srtm_earth_engine
NSR-GRID-388,hot_day_optional,Hot Urban Heat Day,0.0,0.0,0.0,0.0,40.0,43.0,35.0,10.0,14,False,5,1168.9897785248932,4675.959114090862,68.3935960591133,12.346761417780217,242.82304231596788,233.0,258.0,4.271801489058782,0.06564936084730011,0.008896797153024912,0.0,0.0,0.8600000000000001,0.0,0.0,0.0,0.0516473599567944,0.733330988801252,0.03727307900016251,0.03727307900016251,0.5111819237000488,srtm_earth_engine
NSR-GRID-389,normal_day,Normal Dry Day,0.0,0.0,0.0,0.0,30.0,31.0,45.0,12.0,12,False,0,0.0,0.0,50.0,0.0,243.58330480149976,235.0,251.0,4.010342953777879,0.0,0.0,0.0,0.0,0.42000000000000004,0.18867924528301888,0.1,0.0,0.0480094532139879,0.7592570426819215,0.0,0.0,0.5,srtm_earth_engine
NSR-GRID-389,light_rain,Light Rain,2.0,4.0,5.0,7.0,25.0,25.5,65.0,15.0,9,True,0,0.0,0.0,50.0,0.0,243.58330480149976,235.0,251.0,4.010342953777879,0.0,0.0,0.13333333333333333,0.132,0.21000000000000002,0.5660377358490566,0.25,1.0,0.0480094532139879,0.7592570426819215,0.0,0.0,0.5,srtm_earth_engine
NSR-GRID-389,heavy_rain_rush_hour,Heavy Rain During Rush Hour,12.0,24.0,32.0,40.0,23.0,23.5,80.0,22.0,17,True,0,0.0,0.0,50.0,0.0,243.58330480149976,235.0,251.0,4.010342953777879,0.0,0.0,0.8,0.8,0.13,0.8490566037735849,0.6,1.0,0.0480094532139879,0.7592570426819215,0.0,0.0,0.5,srtm_earth_engine
NSR-GRID-389,extreme_rain,Extreme Rain Event,25.0,50.0,70.0,90.0,22.0,22.5,88.0,30.0,18,True,0,0.0,0.0,50.0,0.0,243.58330480149976,235.0,251.0,4.010342953777879,0.0,0.0,1.0,1.0,0.09,1.0,1.0,1.0,0.0480094532139879,0.7592570426819215,0.0,0.0,0.5,srtm_earth_engine
NSR-GRID-389,hot_day_optional,Hot Urban Heat Day,0.0,0.0,0.0,0.0,40.0,43.0,35.0,10.0,14,False,0,0.0,0.0,50.0,0.0,243.58330480149976,235.0,251.0,4.010342953777879,0.0,0.0,0.0,0.0,0.8600000000000001,0.0,0.0,0.0,0.0480094532139879,0.7592570426819215,0.0,0.0,0.5,srtm_earth_engine
NSR-GRID-390,normal_day,Normal Dry Day,0.0,0.0,0.0,0.0,30.0,31.0,45.0,12.0,12,False,0,0.0,0.0,50.0,0.0,190.09487619514584,177.0,204.0,10.758743558510991,0.0,0.0,0.0,0.0,0.42000000000000004,0.18867924528301888,0.1,0.0,0.3039551545898056,0.0900901420921876,0.0,0.0,0.5,srtm_earth_engine
NSR-GRID-390,light_rain,Light Rain,2.0,4.0,5.0,7.0,25.0,25.5,65.0,15.0,9,True,0,0.0,0.0,50.0,0.0,190.09487619514584,177.0,204.0,10.758743558510991,0.0,0.0,0.13333333333333333,0.132,0.21000000000000002,0.5660377358490566,0.25,1.0,0.3039551545898056,0.0900901420921876,0.0,0.0,0.5,srtm_earth_engine
NSR-GRID-390,heavy_rain_rush_hour,Heavy Rain During Rush Hour,12.0,24.0,32.0,40.0,23.0,23.5,80.0,22.0,17,True,0,0.0,0.0,50.0,0.0,190.09487619514584,177.0,204.0,10.758743558510991,0.0,0.0,0.8,0.8,0.13,0.8490566037735849,0.6,1.0,0.3039551545898056,0.0900901420921876,0.0,0.0,0.5,srtm_earth_engine
NSR-GRID-390,extreme_rain,Extreme Rain Event,25.0,50.0,70.0,90.0,22.0,22.5,88.0,30.0,18,True,0,0.0,0.0,50.0,0.0,190.09487619514584,177.0,204.0,10.758743558510991,0.0,0.0,1.0,1.0,0.09,1.0,1.0,1.0,0.3039551545898056,0.0900901420921876,0.0,0.0,0.5,srtm_earth_engine
NSR-GRID-390,hot_day_optional,Hot Urban Heat Day,0.0,0.0,0.0,0.0,40.0,43.0,35.0,10.0,14,False,0,0.0,0.0,50.0,0.0,190.09487619514584,177.0,204.0,10.758743558510991,0.0,0.0,0.0,0.0,0.8600000000000001,0.0,0.0,0.0,0.3039551545898056,0.0900901420921876,0.0,0.0,0.5,srtm_earth_engine
NSR-GRID-391,normal_day,Normal Dry Day,0.0,0.0,0.0,0.0,30.0,31.0,45.0,12.0,12,False,0,0.0,0.0,50.0,0.0,198.0548363389678,180.0,206.0,6.185781155307026,0.0,0.0,0.0,0.0,0.42000000000000004,0.18867924528301888,0.1,0.0,0.265866213953175,0.5435420423423208,0.0,0.0,0.5,srtm_earth_engine
NSR-GRID-391,light_rain,Light Rain,2.0,4.0,5.0,7.0,25.0,25.5,65.0,15.0,9,True,0,0.0,0.0,50.0,0.0,198.0548363389678,180.0,206.0,6.185781155307026,0.0,0.0,0.13333333333333333,0.132,0.21000000000000002,0.5660377358490566,0.25,1.0,0.265866213953175,0.5435420423423208,0.0,0.0,0.5,srtm_earth_engine
NSR-GRID-391,heavy_rain_rush_hour,Heavy Rain During Rush Hour,12.0,24.0,32.0,40.0,23.0,23.5,80.0,22.0,17,True,0,0.0,0.0,50.0,0.0,198.0548363389678,180.0,206.0,6.185781155307026,0.0,0.0,0.8,0.8,0.13,0.8490566037735849,0.6,1.0,0.265866213953175,0.5435420423423208,0.0,0.0,0.5,srtm_earth_engine
NSR-GRID-391,extreme_rain,Extreme Rain Event,25.0,50.0,70.0,90.0,22.0,22.5,88.0,30.0,18,True,0,0.0,0.0,50.0,0.0,198.0548363389678,180.0,206.0,6.185781155307026,0.0,0.0,1.0,1.0,0.09,1.0,1.0,1.0,0.265866213953175,0.5435420423423208,0.0,0.0,0.5,srtm_earth_engine
NSR-GRID-391,hot_day_optional,Hot Urban Heat Day,0.0,0.0,0.0,0.0,40.0,43.0,35.0,10.0,14,False,0,0.0,0.0,50.0,0.0,198.0548363389678,180.0,206.0,6.185781155307026,0.0,0.0,0.0,0.0,0.8600000000000001,0.0,0.0,0.0,0.265866213953175,0.5435420423423208,0.0,0.0,0.5,srtm_earth_engine
NSR-GRID-392,normal_day,Normal Dry Day,0.0,0.0,0.0,0.0,30.0,31.0,45.0,12.0,12,False,3,1091.8598637623586,6204.248797189143,80.47263273125343,16.841349560379623,250.48205032878693,240.0,271.0,5.451599764931111,0.08710618680255275,0.005338078291814947,0.0,0.0,0.42000000000000004,0.18867924528301888,0.1,0.0,0.0149984953563655,0.6163429790744908,0.046222132547183846,0.046222132547183846,0.5138666397641551,srtm_earth_engine
NSR-GRID-392,light_rain,Light Rain,2.0,4.0,5.0,7.0,25.0,25.5,65.0,15.0,9,True,3,1091.8598637623586,6204.248797189143,80.47263273125343,16.841349560379623,250.48205032878693,240.0,271.0,5.451599764931111,0.08710618680255275,0.005338078291814947,0.13333333333333333,0.132,0.21000000000000002,0.5660377358490566,0.25,1.0,0.0149984953563655,0.6163429790744908,0.046222132547183846,0.046222132547183846,0.5138666397641551,srtm_earth_engine
NSR-GRID-392,heavy_rain_rush_hour,Heavy Rain During Rush Hour,12.0,24.0,32.0,40.0,23.0,23.5,80.0,22.0,17,True,3,1091.8598637623586,6204.248797189143,80.47263273125343,16.841349560379623,250.48205032878693,240.0,271.0,5.451599764931111,0.08710618680255275,0.005338078291814947,0.8,0.8,0.13,0.8490566037735849,0.6,1.0,0.0149984953563655,0.6163429790744908,0.046222132547183846,0.046222132547183846,0.5138666397641551,srtm_earth_engine
NSR-GRID-392,extreme_rain,Extreme Rain Event,25.0,50.0,70.0,90.0,22.0,22.5,88.0,30.0,18,True,3,1091.8598637623586,6204.248797189143,80.47263273125343,16.841349560379623,250.48205032878693,240.0,271.0,5.451599764931111,0.08710618680255275,0.005338078291814947,1.0,1.0,0.09,1.0,1.0,1.0,0.0149984953563655,0.6163429790744908,0.046222132547183846,0.046222132547183846,0.5138666397641551,srtm_earth_engine
NSR-GRID-392,hot_day_optional,Hot Urban Heat Day,0.0,0.0,0.0,0.0,40.0,43.0,35.0,10.0,14,False,3,1091.8598637623586,6204.248797189143,80.47263273125343,16.841349560379623,250.48205032878693,240.0,271.0,5.451599764931111,0.08710618680255275,0.005338078291814947,0.0,0.0,0.8600000000000001,0.0,0.0,0.0,0.0149984953563655,0.6163429790744908,0.046222132547183846,0.046222132547183846,0.5138666397641551,srtm_earth_engine
NSR-GRID-393,normal_day,Normal Dry Day,0.0,0.0,0.0,0.0,30.0,31.0,45.0,12.0,12,False,1,355.0760678295204,1420.30427132205,61.417898193760266,20.812725309381214,219.8982586577971,200.0,253.0,7.533374839934845,0.019940736295148673,0.0017793594306049821,0.0,0.0,0.42000000000000004,0.18867924528301888,0.1,0.0,0.1613439800512273,0.4099155518574158,0.010860047862876828,0.010860047862876828,0.5032580143588631,srtm_earth_engine
NSR-GRID-393,light_rain,Light Rain,2.0,4.0,5.0,7.0,25.0,25.5,65.0,15.0,9,True,1,355.0760678295204,1420.30427132205,61.417898193760266,20.812725309381214,219.8982586577971,200.0,253.0,7.533374839934845,0.019940736295148673,0.0017793594306049821,0.13333333333333333,0.132,0.21000000000000002,0.5660377358490566,0.25,1.0,0.1613439800512273,0.4099155518574158,0.010860047862876828,0.010860047862876828,0.5032580143588631,srtm_earth_engine
NSR-GRID-393,heavy_rain_rush_hour,Heavy Rain During Rush Hour,12.0,24.0,32.0,40.0,23.0,23.5,80.0,22.0,17,True,1,355.0760678295204,1420.30427132205,61.417898193760266,20.812725309381214,219.8982586577971,200.0,253.0,7.533374839934845,0.019940736295148673,0.0017793594306049821,0.8,0.8,0.13,0.8490566037735849,0.6,1.0,0.1613439800512273,0.4099155518574158,0.010860047862876828,0.010860047862876828,0.5032580143588631,srtm_earth_engine
NSR-GRID-393,extreme_rain,Extreme Rain Event,25.0,50.0,70.0,90.0,22.0,22.5,88.0,30.0,18,True,1,355.0760678295204,1420.30427132205,61.417898193760266,20.812725309381214,219.8982586577971,200.0,253.0,7.533374839934845,0.019940736295148673,0.0017793594306049821,1.0,1.0,0.09,1.0,1.0,1.0,0.1613439800512273,0.4099155518574158,0.010860047862876828,0.010860047862876828,0.5032580143588631,srtm_earth_engine
NSR-GRID-393,hot_day_optional,Hot Urban Heat Day,0.0,0.0,0.0,0.0,40.0,43.0,35.0,10.0,14,False,1,355.0760678295204,1420.30427132205,61.417898193760266,20.812725309381214,219.8982586577971,200.0,253.0,7.533374839934845,0.019940736295148673,0.0017793594306049821,0.0,0.0,0.8600000000000001,0.0,0.0,0.0,0.1613439800512273,0.4099155518574158,0.010860047862876828,0.010860047862876828,0.5032580143588631,srtm_earth_engine
NSR-GRID-394,normal_day,Normal Dry Day,0.0,0.0,0.0,0.0,30.0,31.0,45.0,12.0,12,False,1,1305.2717609345543,5221.087043747943,78.85714285714286,59.58849343396879,222.2709882583173,192.0,250.0,8.145232806544799,0.07330282814434198,0.0017793594306049821,0.0,0.0,0.42000000000000004,0.18867924528301888,0.1,0.0,0.149990310526747,0.3492441241964148,0.03754109378747348,0.03754109378747348,0.5112623281362421,srtm_earth_engine
NSR-GRID-394,light_rain,Light Rain,2.0,4.0,5.0,7.0,25.0,25.5,65.0,15.0,9,True,1,1305.2717609345543,5221.087043747943,78.85714285714286,59.58849343396879,222.2709882583173,192.0,250.0,8.145232806544799,0.07330282814434198,0.0017793594306049821,0.13333333333333333,0.132,0.21000000000000002,0.5660377358490566,0.25,1.0,0.149990310526747,0.3492441241964148,0.03754109378747348,0.03754109378747348,0.5112623281362421,srtm_earth_engine
NSR-GRID-394,heavy_rain_rush_hour,Heavy Rain During Rush Hour,12.0,24.0,32.0,40.0,23.0,23.5,80.0,22.0,17,True,1,1305.2717609345543,5221.087043747943,78.85714285714286,59.58849343396879,222.2709882583173,192.0,250.0,8.145232806544799,0.07330282814434198,0.0017793594306049821,0.8,0.8,0.13,0.8490566037735849,0.6,1.0,0.149990310526747,0.3492441241964148,0.03754109378747348,0.03754109378747348,0.5112623281362421,srtm_earth_engine
NSR-GRID-394,extreme_rain,Extreme Rain Event,25.0,50.0,70.0,90.0,22.0,22.5,88.0,30.0,18,True,1,1305.2717609345543,5221.087043747943,78.85714285714286,59.58849343396879,222.2709882583173,192.0,250.0,8.145232806544799,0.07330282814434198,0.0017793594306049821,1.0,1.0,0.09,1.0,1.0,1.0,0.149990310526747,0.3492441241964148,0.03754109378747348,0.03754109378747348,0.5112623281362421,srtm_earth_engine
NSR-GRID-394,hot_day_optional,Hot Urban Heat Day,0.0,0.0,0.0,0.0,40.0,43.0,35.0,10.0,14,False,1,1305.2717609345543,5221.087043747943,78.85714285714286,59.58849343396879,222.2709882583173,192.0,250.0,8.145232806544799,0.07330282814434198,0.0017793594306049821,0.0,0.0,0.8600000000000001,0.0,0.0,0.0,0.149990310526747,0.3492441241964148,0.03754109378747348,0.03754109378747348,0.5112623281362421,srtm_earth_engine
NSR-GRID-395,normal_day,Normal Dry Day,0.0,0.0,0.0,0.0,30.0,31.0,45.0,12.0,12,False,1,1302.9293185801323,5211.717274335092,78.85714285714286,59.48155584822344,216.8215071641646,195.0,252.0,8.535647765413364,0.07317127879623357,0.0017793594306049821,0.0,0.0,0.42000000000000004,0.18867924528301888,0.1,0.0,0.1760664413295778,0.3105308374086223,0.037475319113419274,0.037475319113419274,0.5112425957340258,srtm_earth_engine
NSR-GRID-395,light_rain,Light Rain,2.0,4.0,5.0,7.0,25.0,25.5,65.0,15.0,9,True,1,1302.9293185801323,5211.717274335092,78.85714285714286,59.48155584822344,216.8215071641646,195.0,252.0,8.535647765413364,0.07317127879623357,0.0017793594306049821,0.13333333333333333,0.132,0.21000000000000002,0.5660377358490566,0.25,1.0,0.1760664413295778,0.3105308374086223,0.037475319113419274,0.037475319113419274,0.5112425957340258,srtm_earth_engine
NSR-GRID-395,heavy_rain_rush_hour,Heavy Rain During Rush Hour,12.0,24.0,32.0,40.0,23.0,23.5,80.0,22.0,17,True,1,1302.9293185801323,5211.717274335092,78.85714285714286,59.48155584822344,216.8215071641646,195.0,252.0,8.535647765413364,0.07317127879623357,0.0017793594306049821,0.8,0.8,0.13,0.8490566037735849,0.6,1.0,0.1760664413295778,0.3105308374086223,0.037475319113419274,0.037475319113419274,0.5112425957340258,srtm_earth_engine
NSR-GRID-395,extreme_rain,Extreme Rain Event,25.0,50.0,70.0,90.0,22.0,22.5,88.0,30.0,18,True,1,1302.9293185801323,5211.717274335092,78.85714285714286,59.48155584822344,216.8215071641646,195.0,252.0,8.535647765413364,0.07317127879623357,0.0017793594306049821,1.0,1.0,0.09,1.0,1.0,1.0,0.1760664413295778,0.3105308374086223,0.037475319113419274,0.037475319113419274,0.5112425957340258,srtm_earth_engine
NSR-GRID-395,hot_day_optional,Hot Urban Heat Day,0.0,0.0,0.0,0.0,40.0,43.0,35.0,10.0,14,False,1,1302.9293185801323,5211.717274335092,78.85714285714286,59.48155584822344,216.8215071641646,195.0,252.0,8.535647765413364,0.07317127879623357,0.0017793594306049821,0.0,0.0,0.8600000000000001,0.0,0.0,0.0,0.1760664413295778,0.3105308374086223,0.037475319113419274,0.037475319113419274,0.5112425957340258,srtm_earth_engine
NSR-GRID-396,normal_day,Normal Dry Day,0.0,0.0,0.0,0.0,30.0,31.0,45.0,12.0,12,False,11,2898.2013000565285,11592.805200258505,67.75944170771757,13.283284712196672,236.2659459988263,213.0,256.0,5.558191147392801,0.16276024517211785,0.019572953736654804,0.0,0.0,0.42000000000000004,0.18867924528301888,0.1,0.0,0.0830235035378798,0.6057734487206707,0.09116659945438632,0.09116659945438632,0.5273499798363159,srtm_earth_engine
NSR-GRID-396,light_rain,Light Rain,2.0,4.0,5.0,7.0,25.0,25.5,65.0,15.0,9,True,11,2898.2013000565285,11592.805200258505,67.75944170771757,13.283284712196672,236.2659459988263,213.0,256.0,5.558191147392801,0.16276024517211785,0.019572953736654804,0.13333333333333333,0.132,0.21000000000000002,0.5660377358490566,0.25,1.0,0.0830235035378798,0.6057734487206707,0.09116659945438632,0.09116659945438632,0.5273499798363159,srtm_earth_engine
NSR-GRID-396,heavy_rain_rush_hour,Heavy Rain During Rush Hour,12.0,24.0,32.0,40.0,23.0,23.5,80.0,22.0,17,True,11,2898.2013000565285,11592.805200258505,67.75944170771757,13.283284712196672,236.2659459988263,213.0,256.0,5.558191147392801,0.16276024517211785,0.019572953736654804,0.8,0.8,0.13,0.8490566037735849,0.6,1.0,0.0830235035378798,0.6057734487206707,0.09116659945438632,0.09116659945438632,0.5273499798363159,srtm_earth_engine
NSR-GRID-396,extreme_rain,Extreme Rain Event,25.0,50.0,70.0,90.0,22.0,22.5,88.0,30.0,18,True,11,2898.2013000565285,11592.805200258505,67.75944170771757,13.283284712196672,236.2659459988263,213.0,256.0,5.558191147392801,0.16276024517211785,0.019572953736654804,1.0,1.0,0.09,1.0,1.0,1.0,0.0830235035378798,0.6057734487206707,0.09116659945438632,0.09116659945438632,0.5273499798363159,srtm_earth_engine
NSR-GRID-396,hot_day_optional,Hot Urban Heat Day,0.0,0.0,0.0,0.0,40.0,43.0,35.0,10.0,14,False,11,2898.2013000565285,11592.805200258505,67.75944170771757,13.283284712196672,236.2659459988263,213.0,256.0,5.558191147392801,0.16276024517211785,0.019572953736654804,0.0,0.0,0.8600000000000001,0.0,0.0,0.0,0.0830235035378798,0.6057734487206707,0.09116659945438632,0.09116659945438632,0.5273499798363159,srtm_earth_engine
NSR-GRID-397,normal_day,Normal Dry Day,0.0,0.0,0.0,0.0,30.0,31.0,45.0,12.0,12,False,6,2664.0556497814086,10656.222599165332,57.49822112753147,49.33847285059338,243.58041422048305,230.0,263.0,6.244070711995335,0.14961084680437287,0.010676156583629894,0.0,0.0,0.42000000000000004,0.18867924528301888,0.1,0.0,0.048023284837107,0.5377620887991794,0.08014350169400138,0.08014350169400138,0.5240430505082004,srtm_earth_engine
NSR-GRID-397,light_rain,Light Rain,2.0,4.0,5.0,7.0,25.0,25.5,65.0,15.0,9,True,6,2664.0556497814086,10656.222599165332,57.49822112753147,49.33847285059338,243.58041422048305,230.0,263.0,6.244070711995335,0.14961084680437287,0.010676156583629894,0.13333333333333333,0.132,0.21000000000000002,0.5660377358490566,0.25,1.0,0.048023284837107,0.5377620887991794,0.08014350169400138,0.08014350169400138,0.5240430505082004,srtm_earth_engine
NSR-GRID-397,heavy_rain_rush_hour,Heavy Rain During Rush Hour,12.0,24.0,32.0,40.0,23.0,23.5,80.0,22.0,17,True,6,2664.0556497814086,10656.222599165332,57.49822112753147,49.33847285059338,243.58041422048305,230.0,263.0,6.244070711995335,0.14961084680437287,0.010676156583629894,0.8,0.8,0.13,0.8490566037735849,0.6,1.0,0.048023284837107,0.5377620887991794,0.08014350169400138,0.08014350169400138,0.5240430505082004,srtm_earth_engine
NSR-GRID-397,extreme_rain,Extreme Rain Event,25.0,50.0,70.0,90.0,22.0,22.5,88.0,30.0,18,True,6,2664.0556497814086,10656.222599165332,57.49822112753147,49.33847285059338,243.58041422048305,230.0,263.0,6.244070711995335,0.14961084680437287,0.010676156583629894,1.0,1.0,0.09,1.0,1.0,1.0,0.048023284837107,0.5377620887991794,0.08014350169400138,0.08014350169400138,0.5240430505082004,srtm_earth_engine
NSR-GRID-397,hot_day_optional,Hot Urban Heat Day,0.0,0.0,0.0,0.0,40.0,43.0,35.0,10.0,14,False,6,2664.0556497814086,10656.222599165332,57.49822112753147,49.33847285059338,243.58041422048305,230.0,263.0,6.244070711995335,0.14961084680437287,0.010676156583629894,0.0,0.0,0.8600000000000001,0.0,0.0,0.0,0.048023284837107,0.5377620887991794,0.08014350169400138,0.08014350169400138,0.5240430505082004,srtm_earth_engine
NSR-GRID-398,normal_day,Normal Dry Day,0.0,0.0,0.0,0.0,30.0,31.0,45.0,12.0,12,False,2,158.6034159988655,1383.1553666258849,78.85714285714286,3.620295365191495,219.0938883335713,210.0,253.0,6.042907350251507,0.01941917445297361,0.0035587188612099642,0.0,0.0,0.42000000000000004,0.18867924528301888,0.1,0.0,0.1651929457464994,0.5577093135083817,0.011488946657091787,0.011488946657091787,0.5034466839971276,srtm_earth_engine
NSR-GRID-398,light_rain,Light Rain,2.0,4.0,5.0,7.0,25.0,25.5,65.0,15.0,9,True,2,158.6034159988655,1383.1553666258849,78.85714285714286,3.620295365191495,219.0938883335713,210.0,253.0,6.042907350251507,0.01941917445297361,0.0035587188612099642,0.13333333333333333,0.132,0.21000000000000002,0.5660377358490566,0.25,1.0,0.1651929457464994,0.5577093135083817,0.011488946657091787,0.011488946657091787,0.5034466839971276,srtm_earth_engine
NSR-GRID-398,heavy_rain_rush_hour,Heavy Rain During Rush Hour,12.0,24.0,32.0,40.0,23.0,23.5,80.0,22.0,17,True,2,158.6034159988655,1383.1553666258849,78.85714285714286,3.620295365191495,219.0938883335713,210.0,253.0,6.042907350251507,0.01941917445297361,0.0035587188612099642,0.8,0.8,0.13,0.8490566037735849,0.6,1.0,0.1651929457464994,0.5577093135083817,0.011488946657091787,0.011488946657091787,0.5034466839971276,srtm_earth_engine
NSR-GRID-398,extreme_rain,Extreme Rain Event,25.0,50.0,70.0,90.0,22.0,22.5,88.0,30.0,18,True,2,158.6034159988655,1383.1553666258849,78.85714285714286,3.620295365191495,219.0938883335713,210.0,253.0,6.042907350251507,0.01941917445297361,0.0035587188612099642,1.0,1.0,0.09,1.0,1.0,1.0,0.1651929457464994,0.5577093135083817,0.011488946657091787,0.011488946657091787,0.5034466839971276,srtm_earth_engine
NSR-GRID-398,hot_day_optional,Hot Urban Heat Day,0.0,0.0,0.0,0.0,40.0,43.0,35.0,10.0,14,False,2,158.6034159988655,1383.1553666258849,78.85714285714286,3.620295365191495,219.0938883335713,210.0,253.0,6.042907350251507,0.01941917445297361,0.0035587188612099642,0.0,0.0,0.8600000000000001,0.0,0.0,0.0,0.1651929457464994,0.5577093135083817,0.011488946657091787,0.011488946657091787,0.5034466839971276,srtm_earth_engine
NSR-GRID-399,normal_day,Normal Dry Day,0.0,0.0,0.0,0.0,30.0,31.0,45.0,12.0,12,False,0,0.0,0.0,50.0,0.0,253.6164883902948,246.0,263.0,6.855156585834622,0.0,0.0,0.0,0.0,0.42000000000000004,0.18867924528301888,0.1,0.0,0.0,0.4771672213420811,0.0,0.0,0.5,srtm_earth_engine
NSR-GRID-399,light_rain,Light Rain,2.0,4.0,5.0,7.0,25.0,25.5,65.0,15.0,9,True,0,0.0,0.0,50.0,0.0,253.6164883902948,246.0,263.0,6.855156585834622,0.0,0.0,0.13333333333333333,0.132,0.21000000000000002,0.5660377358490566,0.25,1.0,0.0,0.4771672213420811,0.0,0.0,0.5,srtm_earth_engine
NSR-GRID-399,heavy_rain_rush_hour,Heavy Rain During Rush Hour,12.0,24.0,32.0,40.0,23.0,23.5,80.0,22.0,17,True,0,0.0,0.0,50.0,0.0,253.6164883902948,246.0,263.0,6.855156585834622,0.0,0.0,0.8,0.8,0.13,0.8490566037735849,0.6,1.0,0.0,0.4771672213420811,0.0,0.0,0.5,srtm_earth_engine
NSR-GRID-399,extreme_rain,Extreme Rain Event,25.0,50.0,70.0,90.0,22.0,22.5,88.0,30.0,18,True,0,0.0,0.0,50.0,0.0,253.6164883902948,246.0,263.0,6.855156585834622,0.0,0.0,1.0,1.0,0.09,1.0,1.0,1.0,0.0,0.4771672213420811,0.0,0.0,0.5,srtm_earth_engine
NSR-GRID-399,hot_day_optional,Hot Urban Heat Day,0.0,0.0,0.0,0.0,40.0,43.0,35.0,10.0,14,False,0,0.0,0.0,50.0,0.0,253.6164883902948,246.0,263.0,6.855156585834622,0.0,0.0,0.0,0.0,0.8600000000000001,0.0,0.0,0.0,0.0,0.4771672213420811,0.0,0.0,0.5,srtm_earth_engine
NSR-GRID-400,normal_day,Normal Dry Day,0.0,0.0,0.0,0.0,30.0,31.0,45.0,12.0,12,False,0,0.0,0.0,50.0,0.0,245.9151331677947,233.0,256.0,4.274278421152239,0.0,0.0,0.0,0.0,0.42000000000000004,0.18867924528301888,0.1,0.0,0.0368514988255412,0.7330853778677832,0.0,0.0,0.5,srtm_earth_engine
NSR-GRID-400,light_rain,Light Rain,2.0,4.0,5.0,7.0,25.0,25.5,65.0,15.0,9,True,0,0.0,0.0,50.0,0.0,245.9151331677947,233.0,256.0,4.274278421152239,0.0,0.0,0.13333333333333333,0.132,0.21000000000000002,0.5660377358490566,0.25,1.0,0.0368514988255412,0.7330853778677832,0.0,0.0,0.5,srtm_earth_engine
NSR-GRID-400,heavy_rain_rush_hour,Heavy Rain During Rush Hour,12.0,24.0,32.0,40.0,23.0,23.5,80.0,22.0,17,True,0,0.0,0.0,50.0,0.0,245.9151331677947,233.0,256.0,4.274278421152239,0.0,0.0,0.8,0.8,0.13,0.8490566037735849,0.6,1.0,0.0368514988255412,0.7330853778677832,0.0,0.0,0.5,srtm_earth_engine
NSR-GRID-400,extreme_rain,Extreme Rain Event,25.0,50.0,70.0,90.0,22.0,22.5,88.0,30.0,18,True,0,0.0,0.0,50.0,0.0,245.9151331677947,233.0,256.0,4.274278421152239,0.0,0.0,1.0,1.0,0.09,1.0,1.0,1.0,0.0368514988255412,0.7330853778677832,0.0,0.0,0.5,srtm_earth_engine
NSR-GRID-400,hot_day_optional,Hot Urban Heat Day,0.0,0.0,0.0,0.0,40.0,43.0,35.0,10.0,14,False,0,0.0,0.0,50.0,0.0,245.9151331677947,233.0,256.0,4.274278421152239,0.0,0.0,0.0,0.0,0.8600000000000001,0.0,0.0,0.0,0.0368514988255412,0.7330853778677832,0.0,0.0,0.5,srtm_earth_engine
NSR-GRID-401,normal_day,Normal Dry Day,0.0,0.0,0.0,0.0,30.0,31.0,45.0,12.0,12,False,0,0.0,0.0,50.0,0.0,218.4823583121374,201.0,255.0,6.138165902988039,0.0,0.0,0.0,0.0,0.42000000000000004,0.18867924528301888,0.1,0.0,0.1681191577203108,0.5482635389874293,0.0,0.0,0.5,srtm_earth_engine
NSR-GRID-401,light_rain,Light Rain,2.0,4.0,5.0,7.0,25.0,25.5,65.0,15.0,9,True,0,0.0,0.0,50.0,0.0,218.4823583121374,201.0,255.0,6.138165902988039,0.0,0.0,0.13333333333333333,0.132,0.21000000000000002,0.5660377358490566,0.25,1.0,0.1681191577203108,0.5482635389874293,0.0,0.0,0.5,srtm_earth_engine
NSR-GRID-401,heavy_rain_rush_hour,Heavy Rain During Rush Hour,12.0,24.0,32.0,40.0,23.0,23.5,80.0,22.0,17,True,0,0.0,0.0,50.0,0.0,218.4823583121374,201.0,255.0,6.138165902988039,0.0,0.0,0.8,0.8,0.13,0.8490566037735849,0.6,1.0,0.1681191577203108,0.5482635389874293,0.0,0.0,0.5,srtm_earth_engine
NSR-GRID-401,extreme_rain,Extreme Rain Event,25.0,50.0,70.0,90.0,22.0,22.5,88.0,30.0,18,True,0,0.0,0.0,50.0,0.0,218.4823583121374,201.0,255.0,6.138165902988039,0.0,0.0,1.0,1.0,0.09,1.0,1.0,1.0,0.1681191577203108,0.5482635389874293,0.0,0.0,0.5,srtm_earth_engine
NSR-GRID-401,hot_day_optional,Hot Urban Heat Day,0.0,0.0,0.0,0.0,40.0,43.0,35.0,10.0,14,False,0,0.0,0.0,50.0,0.0,218.4823583121374,201.0,255.0,6.138165902988039,0.0,0.0,0.0,0.0,0.8600000000000001,0.0,0.0,0.0,0.1681191577203108,0.5482635389874293,0.0,0.0,0.5,srtm_earth_engine
NSR-GRID-402,normal_day,Normal Dry Day,0.0,0.0,0.0,0.0,30.0,31.0,45.0,12.0,12,False,0,0.0,0.0,50.0,0.0,214.50097850549608,192.0,232.0,8.008298089389424,0.0,0.0,0.0,0.0,0.42000000000000004,0.18867924528301888,0.1,0.0,0.1871703258627467,0.3628224793695986,0.0,0.0,0.5,srtm_earth_engine
NSR-GRID-402,light_rain,Light Rain,2.0,4.0,5.0,7.0,25.0,25.5,65.0,15.0,9,True,0,0.0,0.0,50.0,0.0,214.50097850549608,192.0,232.0,8.008298089389424,0.0,0.0,0.13333333333333333,0.132,0.21000000000000002,0.5660377358490566,0.25,1.0,0.1871703258627467,0.3628224793695986,0.0,0.0,0.5,srtm_earth_engine
NSR-GRID-402,heavy_rain_rush_hour,Heavy Rain During Rush Hour,12.0,24.0,32.0,40.0,23.0,23.5,80.0,22.0,17,True,0,0.0,0.0,50.0,0.0,214.50097850549608,192.0,232.0,8.008298089389424,0.0,0.0,0.8,0.8,0.13,0.8490566037735849,0.6,1.0,0.1871703258627467,0.3628224793695986,0.0,0.0,0.5,srtm_earth_engine
NSR-GRID-402,extreme_rain,Extreme Rain Event,25.0,50.0,70.0,90.0,22.0,22.5,88.0,30.0,18,True,0,0.0,0.0,50.0,0.0,214.50097850549608,192.0,232.0,8.008298089389424,0.0,0.0,1.0,1.0,0.09,1.0,1.0,1.0,0.1871703258627467,0.3628224793695986,0.0,0.0,0.5,srtm_earth_engine
NSR-GRID-402,hot_day_optional,Hot Urban Heat Day,0.0,0.0,0.0,0.0,40.0,43.0,35.0,10.0,14,False,0,0.0,0.0,50.0,0.0,214.50097850549608,192.0,232.0,8.008298089389424,0.0,0.0,0.0,0.0,0.8600000000000001,0.0,0.0,0.0,0.1871703258627467,0.3628224793695986,0.0,0.0,0.5,srtm_earth_engine
NSR-GRID-403,normal_day,Normal Dry Day,0.0,0.0,0.0,0.0,30.0,31.0,45.0,12.0,12,False,0,0.0,0.0,50.0,0.0,217.9342103118327,201.0,232.0,5.325045974294017,0.0,0.0,0.0,0.0,0.42000000000000004,0.18867924528301888,0.1,0.0,0.1707420824921011,0.6288919685015724,0.0,0.0,0.5,srtm_earth_engine
NSR-GRID-403,light_rain,Light Rain,2.0,4.0,5.0,7.0,25.0,25.5,65.0,15.0,9,True,0,0.0,0.0,50.0,0.0,217.9342103118327,201.0,232.0,5.325045974294017,0.0,0.0,0.13333333333333333,0.132,0.21000000000000002,0.5660377358490566,0.25,1.0,0.1707420824921011,0.6288919685015724,0.0,0.0,0.5,srtm_earth_engine
NSR-GRID-403,heavy_rain_rush_hour,Heavy Rain During Rush Hour,12.0,24.0,32.0,40.0,23.0,23.5,80.0,22.0,17,True,0,0.0,0.0,50.0,0.0,217.9342103118327,201.0,232.0,5.325045974294017,0.0,0.0,0.8,0.8,0.13,0.8490566037735849,0.6,1.0,0.1707420824921011,0.6288919685015724,0.0,0.0,0.5,srtm_earth_engine
NSR-GRID-403,extreme_rain,Extreme Rain Event,25.0,50.0,70.0,90.0,22.0,22.5,88.0,30.0,18,True,0,0.0,0.0,50.0,0.0,217.9342103118327,201.0,232.0,5.325045974294017,0.0,0.0,1.0,1.0,0.09,1.0,1.0,1.0,0.1707420824921011,0.6288919685015724,0.0,0.0,0.5,srtm_earth_engine
NSR-GRID-403,hot_day_optional,Hot Urban Heat Day,0.0,0.0,0.0,0.0,40.0,43.0,35.0,10.0,14,False,0,0.0,0.0,50.0,0.0,217.9342103118327,201.0,232.0,5.325045974294017,0.0,0.0,0.0,0.0,0.8600000000000001,0.0,0.0,0.0,0.1707420824921011,0.6288919685015724,0.0,0.0,0.5,srtm_earth_engine
NSR-GRID-404,normal_day,Normal Dry Day,0.0,0.0,0.0,0.0,30.0,31.0,45.0,12.0,12,False,0,0.0,0.0,50.0,0.0,224.2679840866108,208.0,250.0,7.623242505916624,0.0,0.0,0.0,0.0,0.42000000000000004,0.18867924528301888,0.1,0.0,0.1404345521835965,0.4010043340695917,0.0,0.0,0.5,srtm_earth_engine
NSR-GRID-404,light_rain,Light Rain,2.0,4.0,5.0,7.0,25.0,25.5,65.0,15.0,9,True,0,0.0,0.0,50.0,0.0,224.2679840866108,208.0,250.0,7.623242505916624,0.0,0.0,0.13333333333333333,0.132,0.21000000000000002,0.5660377358490566,0.25,1.0,0.1404345521835965,0.4010043340695917,0.0,0.0,0.5,srtm_earth_engine
NSR-GRID-404,heavy_rain_rush_hour,Heavy Rain During Rush Hour,12.0,24.0,32.0,40.0,23.0,23.5,80.0,22.0,17,True,0,0.0,0.0,50.0,0.0,224.2679840866108,208.0,250.0,7.623242505916624,0.0,0.0,0.8,0.8,0.13,0.8490566037735849,0.6,1.0,0.1404345521835965,0.4010043340695917,0.0,0.0,0.5,srtm_earth_engine
NSR-GRID-404,extreme_rain,Extreme Rain Event,25.0,50.0,70.0,90.0,22.0,22.5,88.0,30.0,18,True,0,0.0,0.0,50.0,0.0,224.2679840866108,208.0,250.0,7.623242505916624,0.0,0.0,1.0,1.0,0.09,1.0,1.0,1.0,0.1404345521835965,0.4010043340695917,0.0,0.0,0.5,srtm_earth_engine
NSR-GRID-404,hot_day_optional,Hot Urban Heat Day,0.0,0.0,0.0,0.0,40.0,43.0,35.0,10.0,14,False,0,0.0,0.0,50.0,0.0,224.2679840866108,208.0,250.0,7.623242505916624,0.0,0.0,0.0,0.0,0.8600000000000001,0.0,0.0,0.0,0.1404345521835965,0.4010043340695917,0.0,0.0,0.5,srtm_earth_engine
NSR-GRID-405,normal_day,Normal Dry Day,0.0,0.0,0.0,0.0,30.0,31.0,45.0,12.0,12,False,0,0.0,0.0,50.0,0.0,218.77339932536788,207.0,253.0,4.845042452182795,0.0,0.0,0.0,0.0,0.42000000000000004,0.18867924528301888,0.1,0.0,0.1667265070442437,0.6764887974358299,0.0,0.0,0.5,srtm_earth_engine
NSR-GRID-405,light_rain,Light Rain,2.0,4.0,5.0,7.0,25.0,25.5,65.0,15.0,9,True,0,0.0,0.0,50.0,0.0,218.77339932536788,207.0,253.0,4.845042452182795,0.0,0.0,0.13333333333333333,0.132,0.21000000000000002,0.5660377358490566,0.25,1.0,0.1667265070442437,0.6764887974358299,0.0,0.0,0.5,srtm_earth_engine
NSR-GRID-405,heavy_rain_rush_hour,Heavy Rain During Rush Hour,12.0,24.0,32.0,40.0,23.0,23.5,80.0,22.0,17,True,0,0.0,0.0,50.0,0.0,218.77339932536788,207.0,253.0,4.845042452182795,0.0,0.0,0.8,0.8,0.13,0.8490566037735849,0.6,1.0,0.1667265070442437,0.6764887974358299,0.0,0.0,0.5,srtm_earth_engine
NSR-GRID-405,extreme_rain,Extreme Rain Event,25.0,50.0,70.0,90.0,22.0,22.5,88.0,30.0,18,True,0,0.0,0.0,50.0,0.0,218.77339932536788,207.0,253.0,4.845042452182795,0.0,0.0,1.0,1.0,0.09,1.0,1.0,1.0,0.1667265070442437,0.6764887974358299,0.0,0.0,0.5,srtm_earth_engine
NSR-GRID-405,hot_day_optional,Hot Urban Heat Day,0.0,0.0,0.0,0.0,40.0,43.0,35.0,10.0,14,False,0,0.0,0.0,50.0,0.0,218.77339932536788,207.0,253.0,4.845042452182795,0.0,0.0,0.0,0.0,0.8600000000000001,0.0,0.0,0.0,0.1667265070442437,0.6764887974358299,0.0,0.0,0.5,srtm_earth_engine
NSR-GRID-406,normal_day,Normal Dry Day,0.0,0.0,0.0,0.0,30.0,31.0,45.0,12.0,12,False,0,0.0,0.0,50.0,0.0,246.73789451682572,240.0,252.0,3.5396036899505923,0.0,0.0,0.0,0.0,0.42000000000000004,0.18867924528301888,0.1,0.0,0.0329145308489264,0.805935233947014,0.0,0.0,0.5,srtm_earth_engine
NSR-GRID-406,light_rain,Light Rain,2.0,4.0,5.0,7.0,25.0,25.5,65.0,15.0,9,True,0,0.0,0.0,50.0,0.0,246.73789451682572,240.0,252.0,3.5396036899505923,0.0,0.0,0.13333333333333333,0.132,0.21000000000000002,0.5660377358490566,0.25,1.0,0.0329145308489264,0.805935233947014,0.0,0.0,0.5,srtm_earth_engine
NSR-GRID-406,heavy_rain_rush_hour,Heavy Rain During Rush Hour,12.0,24.0,32.0,40.0,23.0,23.5,80.0,22.0,17,True,0,0.0,0.0,50.0,0.0,246.73789451682572,240.0,252.0,3.5396036899505923,0.0,0.0,0.8,0.8,0.13,0.8490566037735849,0.6,1.0,0.0329145308489264,0.805935233947014,0.0,0.0,0.5,srtm_earth_engine
NSR-GRID-406,extreme_rain,Extreme Rain Event,25.0,50.0,70.0,90.0,22.0,22.5,88.0,30.0,18,True,0,0.0,0.0,50.0,0.0,246.73789451682572,240.0,252.0,3.5396036899505923,0.0,0.0,1.0,1.0,0.09,1.0,1.0,1.0,0.0329145308489264,0.805935233947014,0.0,0.0,0.5,srtm_earth_engine
NSR-GRID-406,hot_day_optional,Hot Urban Heat Day,0.0,0.0,0.0,0.0,40.0,43.0,35.0,10.0,14,False,0,0.0,0.0,50.0,0.0,246.73789451682572,240.0,252.0,3.5396036899505923,0.0,0.0,0.0,0.0,0.8600000000000001,0.0,0.0,0.0,0.0329145308489264,0.805935233947014,0.0,0.0,0.5,srtm_earth_engine
NSR-GRID-407,normal_day,Normal Dry Day,0.0,0.0,0.0,0.0,30.0,31.0,45.0,12.0,12,False,1,1385.6295521507482,6805.896442320382,90.0,55.42518208602993,237.64287578026216,222.0,247.0,4.850430112032652,0.0955531775470021,0.0017793594306049821,0.0,0.0,0.42000000000000004,0.18867924528301888,0.1,0.0,0.0764348026199959,0.6759545606804376,0.04866626848880354,0.04866626848880354,0.5145998805466411,srtm_earth_engine
NSR-GRID-407,light_rain,Light Rain,2.0,4.0,5.0,7.0,25.0,25.5,65.0,15.0,9,True,1,1385.6295521507482,6805.896442320382,90.0,55.42518208602993,237.64287578026216,222.0,247.0,4.850430112032652,0.0955531775470021,0.0017793594306049821,0.13333333333333333,0.132,0.21000000000000002,0.5660377358490566,0.25,1.0,0.0764348026199959,0.6759545606804376,0.04866626848880354,0.04866626848880354,0.5145998805466411,srtm_earth_engine
NSR-GRID-407,heavy_rain_rush_hour,Heavy Rain During Rush Hour,12.0,24.0,32.0,40.0,23.0,23.5,80.0,22.0,17,True,1,1385.6295521507482,6805.896442320382,90.0,55.42518208602993,237.64287578026216,222.0,247.0,4.850430112032652,0.0955531775470021,0.0017793594306049821,0.8,0.8,0.13,0.8490566037735849,0.6,1.0,0.0764348026199959,0.6759545606804376,0.04866626848880354,0.04866626848880354,0.5145998805466411,srtm_earth_engine
NSR-GRID-407,extreme_rain,Extreme Rain Event,25.0,50.0,70.0,90.0,22.0,22.5,88.0,30.0,18,True,1,1385.6295521507482,6805.896442320382,90.0,55.42518208602993,237.64287578026216,222.0,247.0,4.850430112032652,0.0955531775470021,0.0017793594306049821,1.0,1.0,0.09,1.0,1.0,1.0,0.0764348026199959,0.6759545606804376,0.04866626848880354,0.04866626848880354,0.5145998805466411,srtm_earth_engine
NSR-GRID-407,hot_day_optional,Hot Urban Heat Day,0.0,0.0,0.0,0.0,40.0,43.0,35.0,10.0,14,False,1,1385.6295521507482,6805.896442320382,90.0,55.42518208602993,237.64287578026216,222.0,247.0,4.850430112032652,0.0955531775470021,0.0017793594306049821,0.0,0.0,0.8600000000000001,0.0,0.0,0.0,0.0764348026199959,0.6759545606804376,0.04866626848880354,0.04866626848880354,0.5145998805466411,srtm_earth_engine
NSR-GRID-408,normal_day,Normal Dry Day,0.0,0.0,0.0,0.0,30.0,31.0,45.0,12.0,12,False,0,0.0,0.0,50.0,0.0,208.62020076918097,199.0,221.0,3.727761876147171,0.0,0.0,0.0,0.0,0.42000000000000004,0.18867924528301888,0.1,0.0,0.2153102398885191,0.7872775937663997,0.0,0.0,0.5,srtm_earth_engine
NSR-GRID-408,light_rain,Light Rain,2.0,4.0,5.0,7.0,25.0,25.5,65.0,15.0,9,True,0,0.0,0.0,50.0,0.0,208.62020076918097,199.0,221.0,3.727761876147171,0.0,0.0,0.13333333333333333,0.132,0.21000000000000002,0.5660377358490566,0.25,1.0,0.2153102398885191,0.7872775937663997,0.0,0.0,0.5,srtm_earth_engine
NSR-GRID-408,heavy_rain_rush_hour,Heavy Rain During Rush Hour,12.0,24.0,32.0,40.0,23.0,23.5,80.0,22.0,17,True,0,0.0,0.0,50.0,0.0,208.62020076918097,199.0,221.0,3.727761876147171,0.0,0.0,0.8,0.8,0.13,0.8490566037735849,0.6,1.0,0.2153102398885191,0.7872775937663997,0.0,0.0,0.5,srtm_earth_engine
NSR-GRID-408,extreme_rain,Extreme Rain Event,25.0,50.0,70.0,90.0,22.0,22.5,88.0,30.0,18,True,0,0.0,0.0,50.0,0.0,208.62020076918097,199.0,221.0,3.727761876147171,0.0,0.0,1.0,1.0,0.09,1.0,1.0,1.0,0.2153102398885191,0.7872775937663997,0.0,0.0,0.5,srtm_earth_engine
NSR-GRID-408,hot_day_optional,Hot Urban Heat Day,0.0,0.0,0.0,0.0,40.0,43.0,35.0,10.0,14,False,0,0.0,0.0,50.0,0.0,208.62020076918097,199.0,221.0,3.727761876147171,0.0,0.0,0.0,0.0,0.8600000000000001,0.0,0.0,0.0,0.2153102398885191,0.7872775937663997,0.0,0.0,0.5,srtm_earth_engine
NSR-GRID-409,normal_day,Normal Dry Day,0.0,0.0,0.0,0.0,30.0,31.0,45.0,12.0,12,False,2,3735.4490220028,14941.7960880112,78.85714285714286,85.26568419789001,216.6732461859436,206.0,232.0,4.225335230132038,0.2097792857368349,0.0035587188612099642,0.0,0.0,0.42000000000000004,0.18867924528301888,0.1,0.0,0.1767758800071787,0.7379385520283374,0.10666900229902243,0.10666900229902243,0.5320007006897067,srtm_earth_engine
NSR-GRID-409,light_rain,Light Rain,2.0,4.0,5.0,7.0,25.0,25.5,65.0,15.0,9,True,2,3735.4490220028,14941.7960880112,78.85714285714286,85.26568419789001,216.6732461859436,206.0,232.0,4.225335230132038,0.2097792857368349,0.0035587188612099642,0.13333333333333333,0.132,0.21000000000000002,0.5660377358490566,0.25,1.0,0.1767758800071787,0.7379385520283374,0.10666900229902243,0.10666900229902243,0.5320007006897067,srtm_earth_engine
NSR-GRID-409,heavy_rain_rush_hour,Heavy Rain During Rush Hour,12.0,24.0,32.0,40.0,23.0,23.5,80.0,22.0,17,True,2,3735.4490220028,14941.7960880112,78.85714285714286,85.26568419789001,216.6732461859436,206.0,232.0,4.225335230132038,0.2097792857368349,0.0035587188612099642,0.8,0.8,0.13,0.8490566037735849,0.6,1.0,0.1767758800071787,0.7379385520283374,0.10666900229902243,0.10666900229902243,0.5320007006897067,srtm_earth_engine
NSR-GRID-409,extreme_rain,Extreme Rain Event,25.0,50.0,70.0,90.0,22.0,22.5,88.0,30.0,18,True,2,3735.4490220028,14941.7960880112,78.85714285714286,85.26568419789001,216.6732461859436,206.0,232.0,4.225335230132038,0.2097792857368349,0.0035587188612099642,1.0,1.0,0.09,1.0,1.0,1.0,0.1767758800071787,0.7379385520283374,0.10666900229902243,0.10666900229902243,0.5320007006897067,srtm_earth_engine
NSR-GRID-409,hot_day_optional,Hot Urban Heat Day,0.0,0.0,0.0,0.0,40.0,43.0,35.0,10.0,14,False,2,3735.4490220028,14941.7960880112,78.85714285714286,85.26568419789001,216.6732461859436,206.0,232.0,4.225335230132038,0.2097792857368349,0.0035587188612099642,0.0,0.0,0.8600000000000001,0.0,0.0,0.0,0.1767758800071787,0.7379385520283374,0.10666900229902243,0.10666900229902243,0.5320007006897067,srtm_earth_engine
NSR-GRID-410,normal_day,Normal Dry Day,0.0,0.0,0.0,0.0,30.0,31.0,45.0,12.0,12,False,0,0.0,0.0,50.0,0.0,224.4346834370621,211.0,237.0,3.7884203155756495,0.0,0.0,0.0,0.0,0.42000000000000004,0.18867924528301888,0.1,0.0,0.1396368846640635,0.7812627433915573,0.0,0.0,0.5,srtm_earth_engine
NSR-GRID-410,light_rain,Light Rain,2.0,4.0,5.0,7.0,25.0,25.5,65.0,15.0,9,True,0,0.0,0.0,50.0,0.0,224.4346834370621,211.0,237.0,3.7884203155756495,0.0,0.0,0.13333333333333333,0.132,0.21000000000000002,0.5660377358490566,0.25,1.0,0.1396368846640635,0.7812627433915573,0.0,0.0,0.5,srtm_earth_engine
NSR-GRID-410,heavy_rain_rush_hour,Heavy Rain During Rush Hour,12.0,24.0,32.0,40.0,23.0,23.5,80.0,22.0,17,True,0,0.0,0.0,50.0,0.0,224.4346834370621,211.0,237.0,3.7884203155756495,0.0,0.0,0.8,0.8,0.13,0.8490566037735849,0.6,1.0,0.1396368846640635,0.7812627433915573,0.0,0.0,0.5,srtm_earth_engine
NSR-GRID-410,extreme_rain,Extreme Rain Event,25.0,50.0,70.0,90.0,22.0,22.5,88.0,30.0,18,True,0,0.0,0.0,50.0,0.0,224.4346834370621,211.0,237.0,3.7884203155756495,0.0,0.0,1.0,1.0,0.09,1.0,1.0,1.0,0.1396368846640635,0.7812627433915573,0.0,0.0,0.5,srtm_earth_engine
NSR-GRID-410,hot_day_optional,Hot Urban Heat Day,0.0,0.0,0.0,0.0,40.0,43.0,35.0,10.0,14,False,0,0.0,0.0,50.0,0.0,224.4346834370621,211.0,237.0,3.7884203155756495,0.0,0.0,0.0,0.0,0.8600000000000001,0.0,0.0,0.0,0.1396368846640635,0.7812627433915573,0.0,0.0,0.5,srtm_earth_engine
NSR-GRID-411,normal_day,Normal Dry Day,0.0,0.0,0.0,0.0,30.0,31.0,45.0,12.0,12,False,1,212.1271071782195,1491.1120927719603,78.85714285714286,9.684063588570888,209.0027909653286,194.0,215.0,4.247106464935402,0.02093486137360975,0.0017793594306049821,0.0,0.0,0.42000000000000004,0.18867924528301888,0.1,0.0,0.2134795202610427,0.7357797309137224,0.011357110402107367,0.011357110402107367,0.5034071331206322,srtm_earth_engine
NSR-GRID-411,light_rain,Light Rain,2.0,4.0,5.0,7.0,25.0,25.5,65.0,15.0,9,True,1,212.1271071782195,1491.1120927719603,78.85714285714286,9.684063588570888,209.0027909653286,194.0,215.0,4.247106464935402,0.02093486137360975,0.0017793594306049821,0.13333333333333333,0.132,0.21000000000000002,0.5660377358490566,0.25,1.0,0.2134795202610427,0.7357797309137224,0.011357110402107367,0.011357110402107367,0.5034071331206322,srtm_earth_engine
NSR-GRID-411,heavy_rain_rush_hour,Heavy Rain During Rush Hour,12.0,24.0,32.0,40.0,23.0,23.5,80.0,22.0,17,True,1,212.1271071782195,1491.1120927719603,78.85714285714286,9.684063588570888,209.0027909653286,194.0,215.0,4.247106464935402,0.02093486137360975,0.0017793594306049821,0.8,0.8,0.13,0.8490566037735849,0.6,1.0,0.2134795202610427,0.7357797309137224,0.011357110402107367,0.011357110402107367,0.5034071331206322,srtm_earth_engine
NSR-GRID-411,extreme_rain,Extreme Rain Event,25.0,50.0,70.0,90.0,22.0,22.5,88.0,30.0,18,True,1,212.1271071782195,1491.1120927719603,78.85714285714286,9.684063588570888,209.0027909653286,194.0,215.0,4.247106464935402,0.02093486137360975,0.0017793594306049821,1.0,1.0,0.09,1.0,1.0,1.0,0.2134795202610427,0.7357797309137224,0.011357110402107367,0.011357110402107367,0.5034071331206322,srtm_earth_engine
NSR-GRID-411,hot_day_optional,Hot Urban Heat Day,0.0,0.0,0.0,0.0,40.0,43.0,35.0,10.0,14,False,1,212.1271071782195,1491.1120927719603,78.85714285714286,9.684063588570888,209.0027909653286,194.0,215.0,4.247106464935402,0.02093486137360975,0.0017793594306049821,0.0,0.0,0.8600000000000001,0.0,0.0,0.0,0.2134795202610427,0.7357797309137224,0.011357110402107367,0.011357110402107367,0.5034071331206322,srtm_earth_engine
NSR-GRID-412,normal_day,Normal Dry Day,0.0,0.0,0.0,0.0,30.0,31.0,45.0,12.0,12,False,0,0.0,0.0,50.0,0.0,226.5142857142857,226.0,229.0,3.76527829510825,0.0,0.0,0.0,0.0,0.42000000000000004,0.18867924528301888,0.1,0.0,0.1296858489485833,0.7835574906978587,0.0,0.0,0.5,srtm_earth_engine
NSR-GRID-412,light_rain,Light Rain,2.0,4.0,5.0,7.0,25.0,25.5,65.0,15.0,9,True,0,0.0,0.0,50.0,0.0,226.5142857142857,226.0,229.0,3.76527829510825,0.0,0.0,0.13333333333333333,0.132,0.21000000000000002,0.5660377358490566,0.25,1.0,0.1296858489485833,0.7835574906978587,0.0,0.0,0.5,srtm_earth_engine
NSR-GRID-412,heavy_rain_rush_hour,Heavy Rain During Rush Hour,12.0,24.0,32.0,40.0,23.0,23.5,80.0,22.0,17,True,0,0.0,0.0,50.0,0.0,226.5142857142857,226.0,229.0,3.76527829510825,0.0,0.0,0.8,0.8,0.13,0.8490566037735849,0.6,1.0,0.1296858489485833,0.7835574906978587,0.0,0.0,0.5,srtm_earth_engine
NSR-GRID-412,extreme_rain,Extreme Rain Event,25.0,50.0,70.0,90.0,22.0,22.5,88.0,30.0,18,True,0,0.0,0.0,50.0,0.0,226.5142857142857,226.0,229.0,3.76527829510825,0.0,0.0,1.0,1.0,0.09,1.0,1.0,1.0,0.1296858489485833,0.7835574906978587,0.0,0.0,0.5,srtm_earth_engine
NSR-GRID-412,hot_day_optional,Hot Urban Heat Day,0.0,0.0,0.0,0.0,40.0,43.0,35.0,10.0,14,False,0,0.0,0.0,50.0,0.0,226.5142857142857,226.0,229.0,3.76527829510825,0.0,0.0,0.0,0.0,0.8600000000000001,0.0,0.0,0.0,0.1296858489485833,0.7835574906978587,0.0,0.0,0.5,srtm_earth_engine
NSR-GRID-413,normal_day,Normal Dry Day,0.0,0.0,0.0,0.0,30.0,31.0,45.0,12.0,12,False,0,0.0,0.0,50.0,0.0,222.20716978720688,214.0,233.0,4.486283846103815,0.0,0.0,0.0,0.0,0.42000000000000004,0.18867924528301888,0.1,0.0,0.1502956861710624,0.712063061406079,0.0,0.0,0.5,srtm_earth_engine
NSR-GRID-413,light_rain,Light Rain,2.0,4.0,5.0,7.0,25.0,25.5,65.0,15.0,9,True,0,0.0,0.0,50.0,0.0,222.20716978720688,214.0,233.0,4.486283846103815,0.0,0.0,0.13333333333333333,0.132,0.21000000000000002,0.5660377358490566,0.25,1.0,0.1502956861710624,0.712063061406079,0.0,0.0,0.5,srtm_earth_engine
NSR-GRID-413,heavy_rain_rush_hour,Heavy Rain During Rush Hour,12.0,24.0,32.0,40.0,23.0,23.5,80.0,22.0,17,True,0,0.0,0.0,50.0,0.0,222.20716978720688,214.0,233.0,4.486283846103815,0.0,0.0,0.8,0.8,0.13,0.8490566037735849,0.6,1.0,0.1502956861710624,0.712063061406079,0.0,0.0,0.5,srtm_earth_engine
NSR-GRID-413,extreme_rain,Extreme Rain Event,25.0,50.0,70.0,90.0,22.0,22.5,88.0,30.0,18,True,0,0.0,0.0,50.0,0.0,222.20716978720688,214.0,233.0,4.486283846103815,0.0,0.0,1.0,1.0,0.09,1.0,1.0,1.0,0.1502956861710624,0.712063061406079,0.0,0.0,0.5,srtm_earth_engine
NSR-GRID-413,hot_day_optional,Hot Urban Heat Day,0.0,0.0,0.0,0.0,40.0,43.0,35.0,10.0,14,False,0,0.0,0.0,50.0,0.0,222.20716978720688,214.0,233.0,4.486283846103815,0.0,0.0,0.0,0.0,0.8600000000000001,0.0,0.0,0.0,0.1502956861710624,0.712063061406079,0.0,0.0,0.5,srtm_earth_engine
NSR-GRID-414,normal_day,Normal Dry Day,0.0,0.0,0.0,0.0,30.0,31.0,45.0,12.0,12,False,0,0.0,0.0,50.0,0.0,211.2775973250536,200.0,219.0,3.761180133413293,0.0,0.0,0.0,0.0,0.42000000000000004,0.18867924528301888,0.1,0.0,0.2025944199804034,0.7839638616767255,0.0,0.0,0.5,srtm_earth_engine
NSR-GRID-414,light_rain,Light Rain,2.0,4.0,5.0,7.0,25.0,25.5,65.0,15.0,9,True,0,0.0,0.0,50.0,0.0,211.2775973250536,200.0,219.0,3.761180133413293,0.0,0.0,0.13333333333333333,0.132,0.21000000000000002,0.5660377358490566,0.25,1.0,0.2025944199804034,0.7839638616767255,0.0,0.0,0.5,srtm_earth_engine
NSR-GRID-414,heavy_rain_rush_hour,Heavy Rain During Rush Hour,12.0,24.0,32.0,40.0,23.0,23.5,80.0,22.0,17,True,0,0.0,0.0,50.0,0.0,211.2775973250536,200.0,219.0,3.761180133413293,0.0,0.0,0.8,0.8,0.13,0.8490566037735849,0.6,1.0,0.2025944199804034,0.7839638616767255,0.0,0.0,0.5,srtm_earth_engine
NSR-GRID-414,extreme_rain,Extreme Rain Event,25.0,50.0,70.0,90.0,22.0,22.5,88.0,30.0,18,True,0,0.0,0.0,50.0,0.0,211.2775973250536,200.0,219.0,3.761180133413293,0.0,0.0,1.0,1.0,0.09,1.0,1.0,1.0,0.2025944199804034,0.7839638616767255,0.0,0.0,0.5,srtm_earth_engine
NSR-GRID-414,hot_day_optional,Hot Urban Heat Day,0.0,0.0,0.0,0.0,40.0,43.0,35.0,10.0,14,False,0,0.0,0.0,50.0,0.0,211.2775973250536,200.0,219.0,3.761180133413293,0.0,0.0,0.0,0.0,0.8600000000000001,0.0,0.0,0.0,0.2025944199804034,0.7839638616767255,0.0,0.0,0.5,srtm_earth_engine
NSR-GRID-415,normal_day,Normal Dry Day,0.0,0.0,0.0,0.0,30.0,31.0,45.0,12.0,12,False,0,0.0,0.0,50.0,0.0,190.7048400201183,171.0,208.0,6.06704954359708,0.0,0.0,0.0,0.0,0.42000000000000004,0.18867924528301888,0.1,0.0,0.3010364369706099,0.555315389726921,0.0,0.0,0.5,srtm_earth_engine
NSR-GRID-415,light_rain,Light Rain,2.0,4.0,5.0,7.0,25.0,25.5,65.0,15.0,9,True,0,0.0,0.0,50.0,0.0,190.7048400201183,171.0,208.0,6.06704954359708,0.0,0.0,0.13333333333333333,0.132,0.21000000000000002,0.5660377358490566,0.25,1.0,0.3010364369706099,0.555315389726921,0.0,0.0,0.5,srtm_earth_engine
NSR-GRID-415,heavy_rain_rush_hour,Heavy Rain During Rush Hour,12.0,24.0,32.0,40.0,23.0,23.5,80.0,22.0,17,True,0,0.0,0.0,50.0,0.0,190.7048400201183,171.0,208.0,6.06704954359708,0.0,0.0,0.8,0.8,0.13,0.8490566037735849,0.6,1.0,0.3010364369706099,0.555315389726921,0.0,0.0,0.5,srtm_earth_engine
NSR-GRID-415,extreme_rain,Extreme Rain Event,25.0,50.0,70.0,90.0,22.0,22.5,88.0,30.0,18,True,0,0.0,0.0,50.0,0.0,190.7048400201183,171.0,208.0,6.06704954359708,0.0,0.0,1.0,1.0,0.09,1.0,1.0,1.0,0.3010364369706099,0.555315389726921,0.0,0.0,0.5,srtm_earth_engine
NSR-GRID-415,hot_day_optional,Hot Urban Heat Day,0.0,0.0,0.0,0.0,40.0,43.0,35.0,10.0,14,False,0,0.0,0.0,50.0,0.0,190.7048400201183,171.0,208.0,6.06704954359708,0.0,0.0,0.0,0.0,0.8600000000000001,0.0,0.0,0.0,0.3010364369706099,0.555315389726921,0.0,0.0,0.5,srtm_earth_engine
NSR-GRID-416,normal_day,Normal Dry Day,0.0,0.0,0.0,0.0,30.0,31.0,45.0,12.0,12,False,0,0.0,0.0,50.0,0.0,190.8811095517785,160.0,213.0,9.543304933136332,0.0,0.0,0.0,0.0,0.42000000000000004,0.18867924528301888,0.1,0.0,0.3001929754951571,0.210612225091908,0.0,0.0,0.5,srtm_earth_engine
NSR-GRID-416,light_rain,Light Rain,2.0,4.0,5.0,7.0,25.0,25.5,65.0,15.0,9,True,0,0.0,0.0,50.0,0.0,190.8811095517785,160.0,213.0,9.543304933136332,0.0,0.0,0.13333333333333333,0.132,0.21000000000000002,0.5660377358490566,0.25,1.0,0.3001929754951571,0.210612225091908,0.0,0.0,0.5,srtm_earth_engine
NSR-GRID-416,heavy_rain_rush_hour,Heavy Rain During Rush Hour,12.0,24.0,32.0,40.0,23.0,23.5,80.0,22.0,17,True,0,0.0,0.0,50.0,0.0,190.8811095517785,160.0,213.0,9.543304933136332,0.0,0.0,0.8,0.8,0.13,0.8490566037735849,0.6,1.0,0.3001929754951571,0.210612225091908,0.0,0.0,0.5,srtm_earth_engine
NSR-GRID-416,extreme_rain,Extreme Rain Event,25.0,50.0,70.0,90.0,22.0,22.5,88.0,30.0,18,True,0,0.0,0.0,50.0,0.0,190.8811095517785,160.0,213.0,9.543304933136332,0.0,0.0,1.0,1.0,0.09,1.0,1.0,1.0,0.3001929754951571,0.210612225091908,0.0,0.0,0.5,srtm_earth_engine
NSR-GRID-416,hot_day_optional,Hot Urban Heat Day,0.0,0.0,0.0,0.0,40.0,43.0,35.0,10.0,14,False,0,0.0,0.0,50.0,0.0,190.8811095517785,160.0,213.0,9.543304933136332,0.0,0.0,0.0,0.0,0.8600000000000001,0.0,0.0,0.0,0.3001929754951571,0.210612225091908,0.0,0.0,0.5,srtm_earth_engine
