zone_code,scene_id,date,lst_mean_c,lst_median_c,lst_max_c,ndvi_mean,ndbi_mean,valid_pixel_count,missing_pixel_ratio,cloud_filter_summary
NSR-GRID-001,LC08_L2SP_176039_20251023_20251121_02_T1,2025-10-23,47344.20553444873,47344.2374246672,47345.17351800974,-1.0,1.0,277,0.0,Fallback Simulated Observation
NSR-GRID-002,LC08_L2SP_176039_20251023_20251121_02_T1,2025-10-23,45659.016567230225,45659.070823234586,45660.062042131845,-1.0,1.0,277,0.0,Fallback Simulated Observation
NSR-GRID-003,LC08_L2SP_176039_20251023_20251121_02_T1,2025-10-23,48668.046334087216,48668.141371055455,48669.42002150781,-1.0,1.0,277,0.0,Fallback Simulated Observation
NSR-GRID-004,LC08_L2SP_176039_20251023_20251121_02_T1,2025-10-23,37280.37647241685,37280.235242046714,37282.2446823695,-1.0,1.0,277,0.0,Fallback Simulated Observation
NSR-GRID-005,LC08_L2SP_176039_20251023_20251121_02_T1,2025-10-23,49729.57332999556,49729.61275329775,49730.21268123372,-1.0,1.0,277,0.0,Fallback Simulated Observation
NSR-GRID-006,LC08_L2SP_176039_20251023_20251121_02_T1,2025-10-23,54371.98559537699,54371.956426002005,54374.53829445652,-1.0,1.0,277,0.0,Fallback Simulated Observation
NSR-GRID-007,LC08_L2SP_176039_20251023_20251121_02_T1,2025-10-23,46224.730684892376,46224.730132106146,46227.95864609861,-1.0,1.0,277,0.0,Fallback Simulated Observation
NSR-GRID-008,LC08_L2SP_176039_20251023_20251121_02_T1,2025-10-23,47459.46789952623,47459.27193251384,47461.60803036426,-1.0,1.0,277,0.0,Fallback Simulated Observation
NSR-GRID-009,LC08_L2SP_176039_20251023_20251121_02_T1,2025-10-23,51565.632770405835,51565.47444098448,51566.94681750116,-1.0,1.0,277,0.0,Fallback Simulated Observation
NSR-GRID-010,LC08_L2SP_176039_20251023_20251121_02_T1,2025-10-23,43087.429580194,43087.25327617847,43088.352352868926,-1.0,1.0,277,0.0,Fallback Simulated Observation
NSR-GRID-011,LC08_L2SP_176039_20251023_20251121_02_T1,2025-10-23,42436.06672702379,42436.14222680352,42436.788860978995,-1.0,1.0,277,0.0,Fallback Simulated Observation
NSR-GRID-012,LC08_L2SP_176039_20251023_20251121_02_T1,2025-10-23,41233.29923723247,41233.39679174519,41234.79193130703,-1.0,1.0,277,0.0,Fallback Simulated Observation
NSR-GRID-013,LC08_L2SP_176039_20251023_20251121_02_T1,2025-10-23,41064.46159710384,41064.37177630989,41066.8742695179,-1.0,1.0,277,0.0,Fallback Simulated Observation
NSR-GRID-014,LC08_L2SP_176039_20251023_20251121_02_T1,2025-10-23,20608.18757362169,20608.12306164623,20610.96992876754,-1.0,1.0,277,0.0,Fallback Simulated Observation
NSR-GRID-015,LC08_L2SP_176039_20251023_20251121_02_T1,2025-10-23,12748.623074680934,12748.531035600428,12750.40569773601,-1.0,1.0,277,0.0,Fallback Simulated Observation
NSR-GRID-016,LC08_L2SP_176039_20251023_20251121_02_T1,2025-10-23,21946.51821280658,21946.31945591512,21949.740912228357,-1.0,1.0,277,0.0,Fallback Simulated Observation
NSR-GRID-017,LC08_L2SP_176039_20251023_20251121_02_T1,2025-10-23,28838.44204174351,28838.516412871886,28839.172981472995,-1.0,1.0,277,0.0,Fallback Simulated Observation
NSR-GRID-018,LC08_L2SP_176039_20251023_20251121_02_T1,2025-10-23,16798.482483103693,16798.51535821466,16801.39349933439,-1.0,1.0,277,0.0,Fallback Simulated Observation
NSR-GRID-019,LC08_L2SP_176039_20251023_20251121_02_T1,2025-10-23,39525.72073344565,39525.78804599593,39526.55088921923,-1.0,1.0,277,0.0,Fallback Simulated Observation
NSR-GRID-020,LC08_L2SP_176039_20251023_20251121_02_T1,2025-10-23,3861.430976050305,3861.4570815775232,3861.9518324418987,-1.0,1.0,277,0.0,Fallback Simulated Observation
NSR-GRID-021,LC08_L2SP_176039_20251023_20251121_02_T1,2025-10-23,20333.670776341627,20333.64186265598,20335.18362185584,-1.0,1.0,277,0.0,Fallback Simulated Observation
NSR-GRID-022,LC08_L2SP_176039_20251023_20251121_02_T1,2025-10-23,20097.541960223472,20097.559418004756,20099.13284903061,-1.0,1.0,277,0.0,Fallback Simulated Observation
NSR-GRID-023,LC08_L2SP_176039_20251023_20251121_02_T1,2025-10-23,36.48388399876582,36.3846253808255,37.094544840829414,0.08120460419882053,-0.04610273662544141,277,0.0,Fallback Simulated Observation
NSR-GRID-024,LC08_L2SP_176039_20251023_20251121_02_T1,2025-10-23,44915.47165521087,44915.501809945104,44916.40633982715,-1.0,1.0,277,0.0,Fallback Simulated Observation
NSR-GRID-025,LC08_L2SP_176039_20251023_20251121_02_T1,2025-10-23,42911.538426757914,42911.423447500165,42914.3232856039,-1.0,1.0,277,0.0,Fallback Simulated Observation
NSR-GRID-026,LC08_L2SP_176039_20251023_20251121_02_T1,2025-10-23,30575.20996053552,30575.06977542924,30577.610549667803,-1.0,1.0,277,0.0,Fallback Simulated Observation
NSR-GRID-027,LC08_L2SP_176039_20251023_20251121_02_T1,2025-10-23,46464.389855771486,46464.482172032316,46465.44941130269,-1.0,1.0,277,0.0,Fallback Simulated Observation
NSR-GRID-028,LC08_L2SP_176039_20251023_20251121_02_T1,2025-10-23,47900.14497904486,47900.15183534234,47902.580497416086,-1.0,1.0,277,0.0,Fallback Simulated Observation
NSR-GRID-029,LC08_L2SP_176039_20251023_20251121_02_T1,2025-10-23,41722.949523225114,41722.93342948743,41723.862086057554,-1.0,1.0,277,0.0,Fallback Simulated Observation
NSR-GRID-030,LC08_L2SP_176039_20251023_20251121_02_T1,2025-10-23,41630.13307111337,41630.009984681725,41633.08473771397,-1.0,1.0,277,0.0,Fallback Simulated Observation
NSR-GRID-031,LC08_L2SP_176039_20251023_20251121_02_T1,2025-10-23,28018.737387086745,28018.716800415037,28021.929034360604,-1.0,1.0,277,0.0,Fallback Simulated Observation
NSR-GRID-032,LC08_L2SP_176039_20251023_20251121_02_T1,2025-10-23,40974.29961214442,40974.16756648311,40976.977479181034,-1.0,1.0,277,0.0,Fallback Simulated Observation
NSR-GRID-033,LC08_L2SP_176039_20251023_20251121_02_T1,2025-10-23,8662.91695428147,8663.001694424729,8663.444545436321,-1.0,1.0,277,0.0,Fallback Simulated Observation
NSR-GRID-034,LC08_L2SP_176039_20251023_20251121_02_T1,2025-10-23,20269.022985281325,20269.070368573415,20271.478869059833,-1.0,1.0,277,0.0,Fallback Simulated Observation
NSR-GRID-035,LC08_L2SP_176039_20251023_20251121_02_T1,2025-10-23,12360.130049994892,12360.017007189579,12362.869524210246,-1.0,1.0,277,0.0,Fallback Simulated Observation
NSR-GRID-036,LC08_L2SP_176039_20251023_20251121_02_T1,2025-10-23,9332.862726433059,9333.052405731325,9333.643750736543,-1.0,1.0,277,0.0,Fallback Simulated Observation
NSR-GRID-037,LC08_L2SP_176039_20251023_20251121_02_T1,2025-10-23,19719.523207770213,19719.499248319393,19721.916623648205,-1.0,1.0,277,0.0,Fallback Simulated Observation
NSR-GRID-038,LC08_L2SP_176039_20251023_20251121_02_T1,2025-10-23,25580.10572361442,25580.37774053108,25581.191452577812,-1.0,1.0,277,0.0,Fallback Simulated Observation
NSR-GRID-039,LC08_L2SP_176039_20251023_20251121_02_T1,2025-10-23,35216.88421830412,35216.87049112241,35217.91555034234,-1.0,1.0,277,0.0,Fallback Simulated Observation
NSR-GRID-040,LC08_L2SP_176039_20251023_20251121_02_T1,2025-10-23,25601.563676869853,25601.556393978586,25604.95453680112,-1.0,1.0,277,0.0,Fallback Simulated Observation
NSR-GRID-041,LC08_L2SP_176039_20251023_20251121_02_T1,2025-10-23,45217.70552552196,45217.6713113507,45219.15629153743,-1.0,1.0,277,0.0,Fallback Simulated Observation
NSR-GRID-042,LC08_L2SP_176039_20251023_20251121_02_T1,2025-10-23,15709.002929035247,15709.04146077322,15711.213112545514,-1.0,1.0,277,0.0,Fallback Simulated Observation
NSR-GRID-043,LC08_L2SP_176039_20251023_20251121_02_T1,2025-10-23,28658.58768919784,28658.592825283788,28661.309995051102,-1.0,1.0,277,0.0,Fallback Simulated Observation
NSR-GRID-044,LC08_L2SP_176039_20251023_20251121_02_T1,2025-10-23,46214.061639115156,46213.96785661116,46216.989722581595,-1.0,1.0,277,0.0,Fallback Simulated Observation
NSR-GRID-045,LC08_L2SP_176039_20251023_20251121_02_T1,2025-10-23,10148.428990979706,10148.516182378587,10150.433539863769,-1.0,1.0,277,0.0,Fallback Simulated Observation
NSR-GRID-046,LC08_L2SP_176039_20251023_20251121_02_T1,2025-10-23,30421.17585594469,30421.24099506982,30424.34587197014,-1.0,1.0,277,0.0,Fallback Simulated Observation
NSR-GRID-047,LC08_L2SP_176039_20251023_20251121_02_T1,2025-10-23,892.4065366002288,892.320943708446,893.014363421619,-1.0,1.0,277,0.0,Fallback Simulated Observation
NSR-GRID-048,LC08_L2SP_176039_20251023_20251121_02_T1,2025-10-23,31512.950962698822,31512.789691111702,31513.54246344864,-1.0,1.0,277,0.0,Fallback Simulated Observation
NSR-GRID-049,LC08_L2SP_176039_20251023_20251121_02_T1,2025-10-23,3853.4876407533907,3853.5004958533978,3854.635103835881,-1.0,1.0,277,0.0,Fallback Simulated Observation
NSR-GRID-050,LC08_L2SP_176039_20251023_20251121_02_T1,2025-10-23,33390.56465205039,33390.499492015624,33392.68655741522,-1.0,1.0,277,0.0,Fallback Simulated Observation
NSR-GRID-051,LC08_L2SP_176039_20251023_20251121_02_T1,2025-10-23,2130.7271858272543,2130.771393228941,2132.1960552460782,-1.0,1.0,277,0.0,Fallback Simulated Observation
NSR-GRID-052,LC08_L2SP_176039_20251023_20251121_02_T1,2025-10-23,43405.20410125741,43405.192627613265,43405.780153487656,-1.0,1.0,277,0.0,Fallback Simulated Observation
NSR-GRID-053,LC08_L2SP_176039_20251023_20251121_02_T1,2025-10-23,471.3598233246257,471.32803863397464,472.6105520191195,-1.0,1.0,277,0.0,Fallback Simulated Observation
NSR-GRID-054,LC08_L2SP_176039_20251023_20251121_02_T1,2025-10-23,46536.2838865792,46536.3756727739,46539.64848242119,-1.0,1.0,277,0.0,Fallback Simulated Observation
NSR-GRID-055,LC08_L2SP_176039_20251023_20251121_02_T1,2025-10-23,38642.232012554006,38642.41638413378,38643.47520552251,-1.0,1.0,277,0.0,Fallback Simulated Observation
NSR-GRID-056,LC08_L2SP_176039_20251023_20251121_02_T1,2025-10-23,33301.01358687476,33301.091050280105,33302.936108362024,-1.0,1.0,277,0.0,Fallback Simulated Observation
NSR-GRID-057,LC08_L2SP_176039_20251023_20251121_02_T1,2025-10-23,39923.10108938108,39923.09057753061,39924.902644328795,-1.0,1.0,277,0.0,Fallback Simulated Observation
NSR-GRID-058,LC08_L2SP_176039_20251023_20251121_02_T1,2025-10-23,42274.757080212796,42274.770154270525,42276.380918056675,-1.0,1.0,277,0.0,Fallback Simulated Observation
NSR-GRID-059,LC08_L2SP_176039_20251023_20251121_02_T1,2025-10-23,38607.05367559393,38607.14464941143,38608.04247887518,-1.0,1.0,277,0.0,Fallback Simulated Observation
NSR-GRID-060,LC08_L2SP_176039_20251023_20251121_02_T1,2025-10-23,46968.340983366536,46968.30245200685,46971.661674090814,-1.0,1.0,277,0.0,Fallback Simulated Observation
NSR-GRID-061,LC08_L2SP_176039_20251023_20251121_02_T1,2025-10-23,12310.725792953806,12310.936924717967,12312.862643321754,-1.0,1.0,277,0.0,Fallback Simulated Observation
NSR-GRID-062,LC08_L2SP_176039_20251023_20251121_02_T1,2025-10-23,24075.952948242586,24075.890678290605,24076.666514187968,-1.0,1.0,277,0.0,Fallback Simulated Observation
NSR-GRID-063,LC08_L2SP_176039_20251023_20251121_02_T1,2025-10-23,19932.25859612982,19932.22304726573,19934.848807625913,-1.0,1.0,277,0.0,Fallback Simulated Observation
NSR-GRID-064,LC08_L2SP_176039_20251023_20251121_02_T1,2025-10-23,24628.12845716498,24628.191420049174,24629.474560882696,-1.0,1.0,277,0.0,Fallback Simulated Observation
NSR-GRID-065,LC08_L2SP_176039_20251023_20251121_02_T1,2025-10-23,44913.599198625496,44913.47714161507,44916.42843750772,-1.0,1.0,277,0.0,Fallback Simulated Observation
NSR-GRID-066,LC08_L2SP_176039_20251023_20251121_02_T1,2025-10-23,9646.540716557392,9646.650594242592,9649.293329760767,-1.0,1.0,277,0.0,Fallback Simulated Observation
NSR-GRID-067,LC08_L2SP_176039_20251023_20251121_02_T1,2025-10-23,13827.100957586597,13827.194050994995,13830.080329984921,-1.0,1.0,277,0.0,Fallback Simulated Observation
NSR-GRID-068,LC08_L2SP_176039_20251023_20251121_02_T1,2025-10-23,45238.6140541093,45238.60103980386,45241.96587555011,-1.0,1.0,277,0.0,Fallback Simulated Observation
NSR-GRID-069,LC08_L2SP_176039_20251023_20251121_02_T1,2025-10-23,28053.034323707707,28052.989646356527,28054.520317343817,-1.0,1.0,277,0.0,Fallback Simulated Observation
NSR-GRID-070,LC08_L2SP_176039_20251023_20251121_02_T1,2025-10-23,23945.720474226073,23945.783308776998,23946.49409253522,-1.0,1.0,277,0.0,Fallback Simulated Observation
NSR-GRID-071,LC08_L2SP_176039_20251023_20251121_02_T1,2025-10-23,15918.178432772424,15918.35547592408,15921.341545320698,-1.0,1.0,277,0.0,Fallback Simulated Observation
NSR-GRID-072,LC08_L2SP_176039_20251023_20251121_02_T1,2025-10-23,3444.833287150391,3444.7769146951105,3447.1879413403394,-1.0,1.0,277,0.0,Fallback Simulated Observation
NSR-GRID-073,LC08_L2SP_176039_20251023_20251121_02_T1,2025-10-23,3104.259331653576,3104.346585812719,3105.0033779955015,-1.0,1.0,277,0.0,Fallback Simulated Observation
NSR-GRID-074,LC08_L2SP_176039_20251023_20251121_02_T1,2025-10-23,1041.553600806556,1041.5322560913849,1044.3850415543384,-1.0,1.0,277,0.0,Fallback Simulated Observation
NSR-GRID-075,LC08_L2SP_176039_20251023_20251121_02_T1,2025-10-23,4292.172769775096,4292.172313492197,4294.0787517010785,-1.0,1.0,277,0.0,Fallback Simulated Observation
NSR-GRID-076,LC08_L2SP_176039_20251023_20251121_02_T1,2025-10-23,109.20999650792156,109.36327039922182,112.59651415334518,-0.643116142633669,1.0,277,0.0,Fallback Simulated Observation
NSR-GRID-077,LC08_L2SP_176039_20251023_20251121_02_T1,2025-10-23,107.28909390781439,107.33486155325727,110.67876152613623,-0.5914334046010798,1.0,277,0.0,Fallback Simulated Observation
NSR-GRID-078,LC08_L2SP_176039_20251023_20251121_02_T1,2025-10-23,31753.812489884163,31753.73518890578,31757.22039749102,-1.0,1.0,277,0.0,Fallback Simulated Observation
NSR-GRID-079,LC08_L2SP_176039_20251023_20251121_02_T1,2025-10-23,1143.7833676427413,1143.96936434339,1146.1660418829936,-1.0,1.0,277,0.0,Fallback Simulated Observation
NSR-GRID-080,LC08_L2SP_176039_20251023_20251121_02_T1,2025-10-23,41278.98163701613,41278.900807187594,41280.31378056507,-1.0,1.0,277,0.0,Fallback Simulated Observation
NSR-GRID-081,LC08_L2SP_176039_20251023_20251121_02_T1,2025-10-23,128.30446584856438,128.12345271606478,129.03766975945933,-0.8165261814617435,1.0,277,0.0,Fallback Simulated Observation
NSR-GRID-082,LC08_L2SP_176039_20251023_20251121_02_T1,2025-10-23,43669.90930250864,43669.85161214307,43672.4634960263,-1.0,1.0,277,0.0,Fallback Simulated Observation
NSR-GRID-083,LC08_L2SP_176039_20251023_20251121_02_T1,2025-10-23,41690.38644513129,41690.3732151869,41693.48463679979,-1.0,1.0,277,0.0,Fallback Simulated Observation
NSR-GRID-084,LC08_L2SP_176039_20251023_20251121_02_T1,2025-10-23,41599.408245801766,41599.54363303918,41602.81798899521,-1.0,1.0,277,0.0,Fallback Simulated Observation
NSR-GRID-085,LC08_L2SP_176039_20251023_20251121_02_T1,2025-10-23,42499.590776005425,42499.50064662356,42500.91099722122,-1.0,1.0,277,0.0,Fallback Simulated Observation
NSR-GRID-086,LC08_L2SP_176039_20251023_20251121_02_T1,2025-10-23,41148.90182132351,41148.964106316744,41150.75345372944,-1.0,1.0,277,0.0,Fallback Simulated Observation
NSR-GRID-087,LC08_L2SP_176039_20251023_20251121_02_T1,2025-10-23,42627.64998329712,42627.80412039681,42629.22447145121,-1.0,1.0,277,0.0,Fallback Simulated Observation
NSR-GRID-088,LC08_L2SP_176039_20251023_20251121_02_T1,2025-10-23,31021.90397387418,31021.91554133761,31023.964464377517,-1.0,1.0,277,0.0,Fallback Simulated Observation
NSR-GRID-089,LC08_L2SP_176039_20251023_20251121_02_T1,2025-10-23,36187.959025565026,36187.97563437828,36189.66947416366,-1.0,1.0,277,0.0,Fallback Simulated Observation
NSR-GRID-090,LC08_L2SP_176039_20251023_20251121_02_T1,2025-10-23,26953.919691005296,26953.988296151296,26954.828805432055,-1.0,1.0,277,0.0,Fallback Simulated Observation
NSR-GRID-091,LC08_L2SP_176039_20251023_20251121_02_T1,2025-10-23,21946.030232620116,21946.01652483801,21947.574999021188,-1.0,1.0,277,0.0,Fallback Simulated Observation
NSR-GRID-092,LC08_L2SP_176039_20251023_20251121_02_T1,2025-10-23,47614.8425398977,47614.70452975188,47617.92963102394,-1.0,1.0,277,0.0,Fallback Simulated Observation
NSR-GRID-093,LC08_L2SP_176039_20251023_20251121_02_T1,2025-10-23,26776.793549978196,26776.627080658578,26780.23364770405,-1.0,1.0,277,0.0,Fallback Simulated Observation
NSR-GRID-094,LC08_L2SP_176039_20251023_20251121_02_T1,2025-10-23,36337.57505129499,36337.64201854987,36338.30264127931,-1.0,1.0,277,0.0,Fallback Simulated Observation
NSR-GRID-095,LC08_L2SP_176039_20251023_20251121_02_T1,2025-10-23,26478.76595451693,26478.736885286125,26480.68783943772,-1.0,1.0,277,0.0,Fallback Simulated Observation
NSR-GRID-096,LC08_L2SP_176039_20251023_20251121_02_T1,2025-10-23,38004.651173610786,38004.57188632756,38005.68220506362,-1.0,1.0,277,0.0,Fallback Simulated Observation
NSR-GRID-097,LC08_L2SP_176039_20251023_20251121_02_T1,2025-10-23,33934.5401525076,33934.3118722586,33937.11133699349,-1.0,1.0,277,0.0,Fallback Simulated Observation
NSR-GRID-098,LC08_L2SP_176039_20251023_20251121_02_T1,2025-10-23,38239.22884320231,38239.20674624236,38242.147447041694,-1.0,1.0,277,0.0,Fallback Simulated Observation
NSR-GRID-099,LC08_L2SP_176039_20251023_20251121_02_T1,2025-10-23,32645.87745632375,32645.754650921837,32647.831025279324,-1.0,1.0,277,0.0,Fallback Simulated Observation
NSR-GRID-100,LC08_L2SP_176039_20251023_20251121_02_T1,2025-10-23,8760.313682277943,8760.288778673988,8760.923731886614,-1.0,1.0,277,0.0,Fallback Simulated Observation
NSR-GRID-101,LC08_L2SP_176039_20251023_20251121_02_T1,2025-10-23,4473.295273571985,4473.392135887615,4475.391614027781,-1.0,1.0,277,0.0,Fallback Simulated Observation
NSR-GRID-102,LC08_L2SP_176039_20251023_20251121_02_T1,2025-10-23,249.7962734106434,249.81661977423013,251.10400310349155,-1.0,1.0,277,0.0,Fallback Simulated Observation
NSR-GRID-103,LC08_L2SP_176039_20251023_20251121_02_T1,2025-10-23,1564.858366827838,1564.7929294932267,1566.3408588843718,-1.0,1.0,277,0.0,Fallback Simulated Observation
NSR-GRID-104,LC08_L2SP_176039_20251023_20251121_02_T1,2025-10-23,3105.692940150313,3105.840934564202,3106.4537010145755,-1.0,1.0,277,0.0,Fallback Simulated Observation
NSR-GRID-105,LC08_L2SP_176039_20251023_20251121_02_T1,2025-10-23,41633.99057616684,41634.14877998514,41634.87331707523,-1.0,1.0,277,0.0,Fallback Simulated Observation
NSR-GRID-106,LC08_L2SP_176039_20251023_20251121_02_T1,2025-10-23,1093.6638489437864,1093.8547906078334,1095.23213912148,-1.0,1.0,277,0.0,Fallback Simulated Observation
NSR-GRID-107,LC08_L2SP_176039_20251023_20251121_02_T1,2025-10-23,44157.466527934426,44157.44267859769,44158.42510535198,-1.0,1.0,277,0.0,Fallback Simulated Observation
NSR-GRID-108,LC08_L2SP_176039_20251023_20251121_02_T1,2025-10-23,44316.39598739676,44316.3095883198,44317.416108182646,-1.0,1.0,277,0.0,Fallback Simulated Observation
NSR-GRID-109,LC08_L2SP_176039_20251023_20251121_02_T1,2025-10-23,52872.09531525865,52872.0868243754,52875.19183663633,-1.0,1.0,277,0.0,Fallback Simulated Observation
NSR-GRID-110,LC08_L2SP_176039_20251023_20251121_02_T1,2025-10-23,46810.170159886715,46810.07240436223,46813.4582878541,-1.0,1.0,277,0.0,Fallback Simulated Observation
NSR-GRID-111,LC08_L2SP_176039_20251023_20251121_02_T1,2025-10-23,46562.45998144561,46562.38380795404,46563.52111269128,-1.0,1.0,277,0.0,Fallback Simulated Observation
NSR-GRID-112,LC08_L2SP_176039_20251023_20251121_02_T1,2025-10-23,47346.19684493268,47346.20165342735,47347.0413554069,-1.0,1.0,277,0.0,Fallback Simulated Observation
NSR-GRID-113,LC08_L2SP_176039_20251023_20251121_02_T1,2025-10-23,48704.822677282405,48704.84945154897,48706.76609758797,-1.0,1.0,277,0.0,Fallback Simulated Observation
NSR-GRID-114,LC08_L2SP_176039_20251023_20251121_02_T1,2025-10-23,49737.30613182121,49737.26767626679,49737.99625673263,-1.0,1.0,277,0.0,Fallback Simulated Observation
NSR-GRID-115,LC08_L2SP_176039_20251023_20251121_02_T1,2025-10-23,45084.37511252219,45084.45227633712,45086.66202874402,-1.0,1.0,277,0.0,Fallback Simulated Observation
NSR-GRID-116,LC08_L2SP_176039_20251023_20251121_02_T1,2025-10-23,31721.279681675547,31721.259377136943,31724.27153989891,-1.0,1.0,277,0.0,Fallback Simulated Observation
NSR-GRID-117,LC08_L2SP_176039_20251023_20251121_02_T1,2025-10-23,16020.346808566146,16020.504821975654,16023.37229489642,-1.0,1.0,277,0.0,Fallback Simulated Observation
NSR-GRID-118,LC08_L2SP_176039_20251023_20251121_02_T1,2025-10-23,15510.535555371871,15510.492299553089,15511.528352765665,-1.0,1.0,277,0.0,Fallback Simulated Observation
NSR-GRID-119,LC08_L2SP_176039_20251023_20251121_02_T1,2025-10-23,52098.82139497211,52098.857472814576,52101.95299659455,-1.0,1.0,277,0.0,Fallback Simulated Observation
NSR-GRID-120,LC08_L2SP_176039_20251023_20251121_02_T1,2025-10-23,53405.52436083243,53405.42355220134,53407.41240018944,-1.0,1.0,277,0.0,Fallback Simulated Observation
NSR-GRID-121,LC08_L2SP_176039_20251023_20251121_02_T1,2025-10-23,47470.399784576635,47470.4013899185,47473.59850829646,-1.0,1.0,277,0.0,Fallback Simulated Observation
NSR-GRID-122,LC08_L2SP_176039_20251023_20251121_02_T1,2025-10-23,45334.025153691626,45334.10224021102,45334.87584781375,-1.0,1.0,277,0.0,Fallback Simulated Observation
NSR-GRID-123,LC08_L2SP_176039_20251023_20251121_02_T1,2025-10-23,47619.006238385584,47618.966201098265,47621.888313953394,-1.0,1.0,277,0.0,Fallback Simulated Observation
NSR-GRID-124,LC08_L2SP_176039_20251023_20251121_02_T1,2025-10-23,42293.79406787097,42293.8188899296,42294.74909251017,-1.0,1.0,277,0.0,Fallback Simulated Observation
NSR-GRID-125,LC08_L2SP_176039_20251023_20251121_02_T1,2025-10-23,12782.60570480061,12782.645908248614,12785.736001710895,-1.0,1.0,277,0.0,Fallback Simulated Observation
NSR-GRID-126,LC08_L2SP_176039_20251023_20251121_02_T1,2025-10-23,5224.066913209331,5223.969036837752,5226.95879930667,-1.0,1.0,277,0.0,Fallback Simulated Observation
NSR-GRID-127,LC08_L2SP_176039_20251023_20251121_02_T1,2025-10-23,296.80167807169516,296.8990338164472,299.22512097035104,-1.0,1.0,277,0.0,Fallback Simulated Observation
NSR-GRID-128,LC08_L2SP_176039_20251023_20251121_02_T1,2025-10-23,28491.910470536,28491.78600506567,28492.955263686406,-1.0,1.0,277,0.0,Fallback Simulated Observation
NSR-GRID-129,LC08_L2SP_176039_20251023_20251121_02_T1,2025-10-23,4930.525018774563,4930.292546808418,4933.866868793399,-1.0,1.0,277,0.0,Fallback Simulated Observation
NSR-GRID-130,LC08_L2SP_176039_20251023_20251121_02_T1,2025-10-23,40954.54551380596,40954.55843592416,40955.09984435743,-1.0,1.0,277,0.0,Fallback Simulated Observation
NSR-GRID-131,LC08_L2SP_176039_20251023_20251121_02_T1,2025-10-23,184.93187665816978,184.97608832470112,185.88949378691257,-1.0,1.0,277,0.0,Fallback Simulated Observation
NSR-GRID-132,LC08_L2SP_176039_20251023_20251121_02_T1,2025-10-23,49198.94444521737,49198.893323649725,49202.24754626168,-1.0,1.0,277,0.0,Fallback Simulated Observation
NSR-GRID-133,LC08_L2SP_176039_20251023_20251121_02_T1,2025-10-23,51306.65808718561,51306.71048245233,51308.35509529722,-1.0,1.0,277,0.0,Fallback Simulated Observation
NSR-GRID-134,LC08_L2SP_176039_20251023_20251121_02_T1,2025-10-23,45591.582638430125,45591.41715276294,45593.69482523894,-1.0,1.0,277,0.0,Fallback Simulated Observation
NSR-GRID-135,LC08_L2SP_176039_20251023_20251121_02_T1,2025-10-23,47535.69194852054,47535.61010109884,47537.54860234321,-1.0,1.0,277,0.0,Fallback Simulated Observation
NSR-GRID-136,LC08_L2SP_176039_20251023_20251121_02_T1,2025-10-23,27020.9483946976,27020.921122340624,27022.94349801582,-1.0,1.0,277,0.0,Fallback Simulated Observation
NSR-GRID-137,LC08_L2SP_176039_20251023_20251121_02_T1,2025-10-23,48628.19432825812,48628.00983773409,48630.59112112188,-1.0,1.0,277,0.0,Fallback Simulated Observation
NSR-GRID-138,LC08_L2SP_176039_20251023_20251121_02_T1,2025-10-23,48586.39286547417,48586.39878731757,48587.09409490634,-1.0,1.0,277,0.0,Fallback Simulated Observation
NSR-GRID-139,LC08_L2SP_176039_20251023_20251121_02_T1,2025-10-23,40651.44679690889,40651.46230057125,40652.51886007088,-1.0,1.0,277,0.0,Fallback Simulated Observation
NSR-GRID-140,LC08_L2SP_176039_20251023_20251121_02_T1,2025-10-23,3588.7991988634667,3588.809841886236,3591.6257817135515,-1.0,1.0,277,0.0,Fallback Simulated Observation
NSR-GRID-141,LC08_L2SP_176039_20251023_20251121_02_T1,2025-10-23,137.3576166338989,137.23355262613015,139.53653762782358,-0.9171588366273695,1.0,277,0.0,Fallback Simulated Observation
NSR-GRID-142,LC08_L2SP_176039_20251023_20251121_02_T1,2025-10-23,23306.23369907913,23306.15591741037,23308.665697708846,-1.0,1.0,277,0.0,Fallback Simulated Observation
NSR-GRID-143,LC08_L2SP_176039_20251023_20251121_02_T1,2025-10-23,50030.92350774604,50030.84624103181,50033.40027957177,-1.0,1.0,277,0.0,Fallback Simulated Observation
NSR-GRID-144,LC08_L2SP_176039_20251023_20251121_02_T1,2025-10-23,52676.18026410584,52676.22920156196,52678.63850242939,-1.0,1.0,277,0.0,Fallback Simulated Observation
NSR-GRID-145,LC08_L2SP_176039_20251023_20251121_02_T1,2025-10-23,38886.0531972471,38885.95915586964,38889.12028665142,-1.0,1.0,277,0.0,Fallback Simulated Observation
NSR-GRID-146,LC08_L2SP_176039_20251023_20251121_02_T1,2025-10-23,41632.42090968671,41632.482503247404,41633.80035287749,-1.0,1.0,277,0.0,Fallback Simulated Observation
NSR-GRID-147,LC08_L2SP_176039_20251023_20251121_02_T1,2025-10-23,42297.99606220991,42297.91443166901,42299.63513943441,-1.0,1.0,277,0.0,Fallback Simulated Observation
NSR-GRID-148,LC08_L2SP_176039_20251023_20251121_02_T1,2025-10-23,32778.18938993242,32778.36486935062,32780.34553147497,-1.0,1.0,277,0.0,Fallback Simulated Observation
NSR-GRID-149,LC08_L2SP_176039_20251023_20251121_02_T1,2025-10-23,45147.16991504168,45147.16681921662,45150.06948080952,-1.0,1.0,277,0.0,Fallback Simulated Observation
NSR-GRID-150,LC08_L2SP_176039_20251023_20251121_02_T1,2025-10-23,27108.72564048496,27108.554623645694,27111.12607514444,-1.0,1.0,277,0.0,Fallback Simulated Observation
NSR-GRID-151,LC08_L2SP_176039_20251023_20251121_02_T1,2025-10-23,1169.876178132908,1169.8862598751334,1171.1931001124663,-1.0,1.0,277,0.0,Fallback Simulated Observation
NSR-GRID-152,LC08_L2SP_176039_20251023_20251121_02_T1,2025-10-23,39161.00557036286,39160.83531200243,39163.459831527915,-1.0,1.0,277,0.0,Fallback Simulated Observation
NSR-GRID-153,LC08_L2SP_176039_20251023_20251121_02_T1,2025-10-23,49217.02357527907,49217.18062474259,49219.518685302704,-1.0,1.0,277,0.0,Fallback Simulated Observation
NSR-GRID-154,LC08_L2SP_176039_20251023_20251121_02_T1,2025-10-23,49405.33173542557,49405.334344530595,49406.33058553184,-1.0,1.0,277,0.0,Fallback Simulated Observation
NSR-GRID-155,LC08_L2SP_176039_20251023_20251121_02_T1,2025-10-23,50263.79535850943,50263.853460710416,50265.46324535156,-1.0,1.0,277,0.0,Fallback Simulated Observation
NSR-GRID-156,LC08_L2SP_176039_20251023_20251121_02_T1,2025-10-23,47352.25896658549,47352.36433076515,47354.45818050638,-1.0,1.0,277,0.0,Fallback Simulated Observation
NSR-GRID-157,LC08_L2SP_176039_20251023_20251121_02_T1,2025-10-23,44635.30687690879,44635.324780588446,44636.45169804456,-1.0,1.0,277,0.0,Fallback Simulated Observation
NSR-GRID-158,LC08_L2SP_176039_20251023_20251121_02_T1,2025-10-23,49628.55103469,49628.541428700024,49630.05376636245,-1.0,1.0,277,0.0,Fallback Simulated Observation
NSR-GRID-159,LC08_L2SP_176039_20251023_20251121_02_T1,2025-10-23,49680.16242919517,49680.12894396793,49682.14890314379,-1.0,1.0,277,0.0,Fallback Simulated Observation
NSR-GRID-160,LC08_L2SP_176039_20251023_20251121_02_T1,2025-10-23,49129.48234423919,49129.426097561605,49132.3805918761,-1.0,1.0,277,0.0,Fallback Simulated Observation
NSR-GRID-161,LC08_L2SP_176039_20251023_20251121_02_T1,2025-10-23,39014.72608965843,39014.84050317869,39015.5008358784,-1.0,1.0,277,0.0,Fallback Simulated Observation
NSR-GRID-162,LC08_L2SP_176039_20251023_20251121_02_T1,2025-10-23,28182.77992351188,28182.64638907601,28185.89876101951,-1.0,1.0,277,0.0,Fallback Simulated Observation
NSR-GRID-163,LC08_L2SP_176039_20251023_20251121_02_T1,2025-10-23,36939.5022055472,36939.60842653229,36942.54979250189,-1.0,1.0,277,0.0,Fallback Simulated Observation
NSR-GRID-164,LC08_L2SP_176039_20251023_20251121_02_T1,2025-10-23,43902.805349007984,43902.8261177767,43903.84707504336,-1.0,1.0,277,0.0,Fallback Simulated Observation
NSR-GRID-165,LC08_L2SP_176039_20251023_20251121_02_T1,2025-10-23,50767.44561175538,50767.42428451778,50770.85878649088,-1.0,1.0,277,0.0,Fallback Simulated Observation
NSR-GRID-166,LC08_L2SP_176039_20251023_20251121_02_T1,2025-10-23,43930.17305577815,43930.1760313921,43931.63035719788,-1.0,1.0,277,0.0,Fallback Simulated Observation
NSR-GRID-167,LC08_L2SP_176039_20251023_20251121_02_T1,2025-10-23,45304.71231428468,45304.840106967604,45307.38661459927,-1.0,1.0,277,0.0,Fallback Simulated Observation
NSR-GRID-168,LC08_L2SP_176039_20251023_20251121_02_T1,2025-10-23,44607.48169937259,44607.50135485024,44608.93795688139,-1.0,1.0,277,0.0,Fallback Simulated Observation
NSR-GRID-169,LC08_L2SP_176039_20251023_20251121_02_T1,2025-10-23,33176.37533108481,33176.433881430894,33176.94853342948,-1.0,1.0,277,0.0,Fallback Simulated Observation
NSR-GRID-170,LC08_L2SP_176039_20251023_20251121_02_T1,2025-10-23,24787.451686650904,24787.592621394924,24789.391313511816,-1.0,1.0,277,0.0,Fallback Simulated Observation
NSR-GRID-171,LC08_L2SP_176039_20251023_20251121_02_T1,2025-10-23,5667.12867573602,5666.952815836021,5669.841422640787,-1.0,1.0,277,0.0,Fallback Simulated Observation
NSR-GRID-172,LC08_L2SP_176039_20251023_20251121_02_T1,2025-10-23,589.2285593499415,589.1366941552931,590.6174837113095,-1.0,1.0,277,0.0,Fallback Simulated Observation
NSR-GRID-173,LC08_L2SP_176039_20251023_20251121_02_T1,2025-10-23,2868.520127631144,2868.58838995479,2871.870011182995,-1.0,1.0,277,0.0,Fallback Simulated Observation
NSR-GRID-174,LC08_L2SP_176039_20251023_20251121_02_T1,2025-10-23,38056.62706629084,38056.69454824006,38058.96730045848,-1.0,1.0,277,0.0,Fallback Simulated Observation
NSR-GRID-175,LC08_L2SP_176039_20251023_20251121_02_T1,2025-10-23,46084.73567435213,46084.74307064854,46085.76525844815,-1.0,1.0,277,0.0,Fallback Simulated Observation
NSR-GRID-176,LC08_L2SP_176039_20251023_20251121_02_T1,2025-10-23,46377.33347396032,46377.45237561344,46378.007001990016,-1.0,1.0,277,0.0,Fallback Simulated Observation
NSR-GRID-177,LC08_L2SP_176039_20251023_20251121_02_T1,2025-10-23,43823.570148240586,43823.675001334435,43824.531835959606,-1.0,1.0,277,0.0,Fallback Simulated Observation
NSR-GRID-178,LC08_L2SP_176039_20251023_20251121_02_T1,2025-10-23,46479.79616333267,46479.64458892117,46482.074983137194,-1.0,1.0,277,0.0,Fallback Simulated Observation
NSR-GRID-179,LC08_L2SP_176039_20251023_20251121_02_T1,2025-10-23,45421.54456835687,45421.60294839449,45422.433113120715,-1.0,1.0,277,0.0,Fallback Simulated Observation
NSR-GRID-180,LC08_L2SP_176039_20251023_20251121_02_T1,2025-10-23,47473.64698202901,47473.84800248288,47474.40794230874,-1.0,1.0,277,0.0,Fallback Simulated Observation
NSR-GRID-181,LC08_L2SP_176039_20251023_20251121_02_T1,2025-10-23,44907.90436744545,44907.80929906631,44909.89199465069,-1.0,1.0,277,0.0,Fallback Simulated Observation
NSR-GRID-182,LC08_L2SP_176039_20251023_20251121_02_T1,2025-10-23,48645.38496317102,48645.503802498366,48647.326722902995,-1.0,1.0,277,0.0,Fallback Simulated Observation
NSR-GRID-183,LC08_L2SP_176039_20251023_20251121_02_T1,2025-10-23,44119.09348545565,44118.98030384143,44121.29068134764,-1.0,1.0,277,0.0,Fallback Simulated Observation
NSR-GRID-184,LC08_L2SP_176039_20251023_20251121_02_T1,2025-10-23,43640.072222011426,43640.18309236949,43643.123967198706,-1.0,1.0,277,0.0,Fallback Simulated Observation
NSR-GRID-185,LC08_L2SP_176039_20251023_20251121_02_T1,2025-10-23,34768.09763676814,34768.18338136131,34770.63805908342,-1.0,1.0,277,0.0,Fallback Simulated Observation
NSR-GRID-186,LC08_L2SP_176039_20251023_20251121_02_T1,2025-10-23,47529.957775732786,47529.97244710143,47531.46313229556,-1.0,1.0,277,0.0,Fallback Simulated Observation
NSR-GRID-187,LC08_L2SP_176039_20251023_20251121_02_T1,2025-10-23,52114.87695537616,52114.916996579086,52116.899358577444,-1.0,1.0,277,0.0,Fallback Simulated Observation
NSR-GRID-188,LC08_L2SP_176039_20251023_20251121_02_T1,2025-10-23,51676.262133989236,51676.33675934584,51678.664151098536,-1.0,1.0,277,0.0,Fallback Simulated Observation
NSR-GRID-189,LC08_L2SP_176039_20251023_20251121_02_T1,2025-10-23,48184.602898374775,48184.56276039904,48186.726698110804,-1.0,1.0,277,0.0,Fallback Simulated Observation
NSR-GRID-190,LC08_L2SP_176039_20251023_20251121_02_T1,2025-10-23,37601.39944531472,37601.41810622703,37602.20697449869,-1.0,1.0,277,0.0,Fallback Simulated Observation
NSR-GRID-191,LC08_L2SP_176039_20251023_20251121_02_T1,2025-10-23,22863.309009769608,22863.268543187278,22865.933526035544,-1.0,1.0,277,0.0,Fallback Simulated Observation
NSR-GRID-192,LC08_L2SP_176039_20251023_20251121_02_T1,2025-10-23,4014.7371381849352,4014.584819494457,4015.374364286373,-1.0,1.0,277,0.0,Fallback Simulated Observation
NSR-GRID-193,LC08_L2SP_176039_20251023_20251121_02_T1,2025-10-23,48571.09696489189,48570.893440867825,48573.908187145316,-1.0,1.0,277,0.0,Fallback Simulated Observation
NSR-GRID-194,LC08_L2SP_176039_20251023_20251121_02_T1,2025-10-23,14126.91485169294,14126.694971097279,14127.905723156515,-1.0,1.0,277,0.0,Fallback Simulated Observation
NSR-GRID-195,LC08_L2SP_176039_20251023_20251121_02_T1,2025-10-23,43351.48519930607,43351.61625368854,43352.80497788707,-1.0,1.0,277,0.0,Fallback Simulated Observation
NSR-GRID-196,LC08_L2SP_176039_20251023_20251121_02_T1,2025-10-23,12839.80444752425,12839.697439047617,12841.497230718138,-1.0,1.0,277,0.0,Fallback Simulated Observation
NSR-GRID-197,LC08_L2SP_176039_20251023_20251121_02_T1,2025-10-23,41983.19784506018,41983.13093295207,41983.791247308836,-1.0,1.0,277,0.0,Fallback Simulated Observation
NSR-GRID-198,LC08_L2SP_176039_20251023_20251121_02_T1,2025-10-23,30865.712379831548,30865.824109414705,30869.11696011529,-1.0,1.0,277,0.0,Fallback Simulated Observation
NSR-GRID-199,LC08_L2SP_176039_20251023_20251121_02_T1,2025-10-23,51005.14968377904,51005.22193778707,51008.18403346339,-1.0,1.0,277,0.0,Fallback Simulated Observation
NSR-GRID-200,LC08_L2SP_176039_20251023_20251121_02_T1,2025-10-23,52034.54743032219,52034.61833069795,52037.437042195124,-1.0,1.0,277,0.0,Fallback Simulated Observation
NSR-GRID-201,LC08_L2SP_176039_20251023_20251121_02_T1,2025-10-23,48291.03165054658,48290.955910594894,48292.82256823128,-1.0,1.0,277,0.0,Fallback Simulated Observation
NSR-GRID-202,LC08_L2SP_176039_20251023_20251121_02_T1,2025-10-23,46579.66053173823,46579.59242657248,46580.96751195153,-1.0,1.0,277,0.0,Fallback Simulated Observation
NSR-GRID-203,LC08_L2SP_176039_20251023_20251121_02_T1,2025-10-23,40798.472730988455,40798.47019208382,40799.190071651836,-1.0,1.0,277,0.0,Fallback Simulated Observation
NSR-GRID-204,LC08_L2SP_176039_20251023_20251121_02_T1,2025-10-23,46349.87181175186,46349.947853217476,46352.45675741024,-1.0,1.0,277,0.0,Fallback Simulated Observation
NSR-GRID-205,LC08_L2SP_176039_20251023_20251121_02_T1,2025-10-23,42000.93036085325,42000.87326038129,42001.7451513885,-1.0,1.0,277,0.0,Fallback Simulated Observation
NSR-GRID-206,LC08_L2SP_176039_20251023_20251121_02_T1,2025-10-23,48886.412265195795,48886.50000142485,48888.591211246254,-1.0,1.0,277,0.0,Fallback Simulated Observation
NSR-GRID-207,LC08_L2SP_176039_20251023_20251121_02_T1,2025-10-23,49636.277030190584,49636.268416346036,49637.01276568205,-1.0,1.0,277,0.0,Fallback Simulated Observation
NSR-GRID-208,LC08_L2SP_176039_20251023_20251121_02_T1,2025-10-23,52344.31131113908,52344.3753954252,52347.2130712364,-1.0,1.0,277,0.0,Fallback Simulated Observation
NSR-GRID-209,LC08_L2SP_176039_20251023_20251121_02_T1,2025-10-23,51485.057017953164,51484.9771634216,51487.67644513262,-1.0,1.0,277,0.0,Fallback Simulated Observation
NSR-GRID-210,LC08_L2SP_176039_20251023_20251121_02_T1,2025-10-23,51371.03646029109,51371.075808829635,51373.67872108749,-1.0,1.0,277,0.0,Fallback Simulated Observation
NSR-GRID-211,LC08_L2SP_176039_20251023_20251121_02_T1,2025-10-23,50802.22105194834,50802.31606649544,50805.17294525823,-1.0,1.0,277,0.0,Fallback Simulated Observation
NSR-GRID-212,LC08_L2SP_176039_20251023_20251121_02_T1,2025-10-23,31489.652241976793,31489.67203305514,31490.397131922884,-1.0,1.0,277,0.0,Fallback Simulated Observation
NSR-GRID-213,LC08_L2SP_176039_20251023_20251121_02_T1,2025-10-23,22690.713054728596,22690.82598717235,22692.707641877954,-1.0,1.0,277,0.0,Fallback Simulated Observation
NSR-GRID-214,LC08_L2SP_176039_20251023_20251121_02_T1,2025-10-23,52173.143222977575,52173.15522611025,52174.24185033036,-1.0,1.0,277,0.0,Fallback Simulated Observation
NSR-GRID-215,LC08_L2SP_176039_20251023_20251121_02_T1,2025-10-23,44539.913123872844,44539.902050529934,44542.594631082145,-1.0,1.0,277,0.0,Fallback Simulated Observation
NSR-GRID-216,LC08_L2SP_176039_20251023_20251121_02_T1,2025-10-23,42121.733443708625,42121.5870062206,42125.196392399834,-1.0,1.0,277,0.0,Fallback Simulated Observation
NSR-GRID-217,LC08_L2SP_176039_20251023_20251121_02_T1,2025-10-23,50688.288389043504,50688.4664719648,50691.40865875775,-1.0,1.0,277,0.0,Fallback Simulated Observation
NSR-GRID-218,LC08_L2SP_176039_20251023_20251121_02_T1,2025-10-23,47738.7197404562,47738.5621012405,47741.95683049305,-1.0,1.0,277,0.0,Fallback Simulated Observation
NSR-GRID-219,LC08_L2SP_176039_20251023_20251121_02_T1,2025-10-23,44418.995019724105,44419.07272133368,44419.88972277949,-1.0,1.0,277,0.0,Fallback Simulated Observation
NSR-GRID-220,LC08_L2SP_176039_20251023_20251121_02_T1,2025-10-23,42644.083384960715,42644.01622262392,42647.49757024284,-1.0,1.0,277,0.0,Fallback Simulated Observation
NSR-GRID-221,LC08_L2SP_176039_20251023_20251121_02_T1,2025-10-23,55660.29271817233,55660.28767588716,55663.404967876144,-1.0,1.0,277,0.0,Fallback Simulated Observation
NSR-GRID-222,LC08_L2SP_176039_20251023_20251121_02_T1,2025-10-23,38258.33943712587,38258.16546574799,38259.33000874362,-1.0,1.0,277,0.0,Fallback Simulated Observation
NSR-GRID-223,LC08_L2SP_176039_20251023_20251121_02_T1,2025-10-23,52119.74608675292,52119.621510147015,52121.2216569456,-1.0,1.0,277,0.0,Fallback Simulated Observation
NSR-GRID-224,LC08_L2SP_176039_20251023_20251121_02_T1,2025-10-23,52334.6325187952,52334.68022287793,52335.840670185244,-1.0,1.0,277,0.0,Fallback Simulated Observation
NSR-GRID-225,LC08_L2SP_176039_20251023_20251121_02_T1,2025-10-23,43255.998501854905,43256.121870547046,43257.24464467267,-1.0,1.0,277,0.0,Fallback Simulated Observation
NSR-GRID-226,LC08_L2SP_176039_20251023_20251121_02_T1,2025-10-23,39479.33169624335,39479.29677047292,39479.94171052415,-1.0,1.0,277,0.0,Fallback Simulated Observation
NSR-GRID-227,LC08_L2SP_176039_20251023_20251121_02_T1,2025-10-23,52901.25577017474,52901.24681791372,52904.17278063359,-1.0,1.0,277,0.0,Fallback Simulated Observation
NSR-GRID-228,LC08_L2SP_176039_20251023_20251121_02_T1,2025-10-23,54492.36339545366,54492.34376046876,54493.67264428821,-1.0,1.0,277,0.0,Fallback Simulated Observation
NSR-GRID-229,LC08_L2SP_176039_20251023_20251121_02_T1,2025-10-23,53576.73880325155,53576.6353077651,53580.040428304135,-1.0,1.0,277,0.0,Fallback Simulated Observation
NSR-GRID-230,LC08_L2SP_176039_20251023_20251121_02_T1,2025-10-23,48704.68900059296,48704.72364944055,48706.55322015986,-1.0,1.0,277,0.0,Fallback Simulated Observation
NSR-GRID-231,LC08_L2SP_176039_20251023_20251121_02_T1,2025-10-23,13074.876239538153,13074.916578540488,13075.466160307771,-1.0,1.0,277,0.0,Fallback Simulated Observation
NSR-GRID-232,LC08_L2SP_176039_20251023_20251121_02_T1,2025-10-23,46019.709627197226,46019.60428564091,46023.11936333555,-1.0,1.0,277,0.0,Fallback Simulated Observation
NSR-GRID-233,LC08_L2SP_176039_20251023_20251121_02_T1,2025-10-23,49520.452409409314,49520.436013321356,49521.483858777654,-1.0,1.0,277,0.0,Fallback Simulated Observation
NSR-GRID-234,LC08_L2SP_176039_20251023_20251121_02_T1,2025-10-23,49896.22878293496,49896.26527903521,49898.220307226984,-1.0,1.0,277,0.0,Fallback Simulated Observation
NSR-GRID-235,LC08_L2SP_176039_20251023_20251121_02_T1,2025-10-23,47707.878223536136,47707.88497338972,47711.17106962266,-1.0,1.0,277,0.0,Fallback Simulated Observation
NSR-GRID-236,LC08_L2SP_176039_20251023_20251121_02_T1,2025-10-23,35318.19285372688,35318.07855323561,35319.874446943846,-1.0,1.0,277,0.0,Fallback Simulated Observation
NSR-GRID-237,LC08_L2SP_176039_20251023_20251121_02_T1,2025-10-23,6324.187352137976,6324.162114133629,6327.034508590151,-1.0,1.0,277,0.0,Fallback Simulated Observation
NSR-GRID-238,LC08_L2SP_176039_20251023_20251121_02_T1,2025-10-23,23663.127662418352,23663.22407113518,23664.60876190304,-1.0,1.0,277,0.0,Fallback Simulated Observation
NSR-GRID-239,LC08_L2SP_176039_20251023_20251121_02_T1,2025-10-23,32299.07714327482,32299.14068296804,32300.88389321926,-1.0,1.0,277,0.0,Fallback Simulated Observation
NSR-GRID-240,LC08_L2SP_176039_20251023_20251121_02_T1,2025-10-23,28299.983213235035,28299.984771139792,28301.456970724736,-1.0,1.0,277,0.0,Fallback Simulated Observation
NSR-GRID-241,LC08_L2SP_176039_20251023_20251121_02_T1,2025-10-23,42198.52331141189,42198.67856759344,42200.369392279754,-1.0,1.0,277,0.0,Fallback Simulated Observation
NSR-GRID-242,LC08_L2SP_176039_20251023_20251121_02_T1,2025-10-23,51451.66317347361,51451.76415518254,51454.02164451164,-1.0,1.0,277,0.0,Fallback Simulated Observation
NSR-GRID-243,LC08_L2SP_176039_20251023_20251121_02_T1,2025-10-23,35543.05230757522,35543.16491927782,35544.98985320811,-1.0,1.0,277,0.0,Fallback Simulated Observation
NSR-GRID-244,LC08_L2SP_176039_20251023_20251121_02_T1,2025-10-23,3741.5300950775286,3741.7740703181626,3743.853810355909,-1.0,1.0,277,0.0,Fallback Simulated Observation
NSR-GRID-245,LC08_L2SP_176039_20251023_20251121_02_T1,2025-10-23,22814.77136845753,22814.8105769105,22818.052472091917,-1.0,1.0,277,0.0,Fallback Simulated Observation
NSR-GRID-246,LC08_L2SP_176039_20251023_20251121_02_T1,2025-10-23,41135.60100184648,41135.5911678838,41136.95562055237,-1.0,1.0,277,0.0,Fallback Simulated Observation
NSR-GRID-247,LC08_L2SP_176039_20251023_20251121_02_T1,2025-10-23,34958.25072460766,34958.29040847424,34960.58172595759,-1.0,1.0,277,0.0,Fallback Simulated Observation
NSR-GRID-248,LC08_L2SP_176039_20251023_20251121_02_T1,2025-10-23,38478.74516919389,38478.72270587889,38479.7886172425,-1.0,1.0,277,0.0,Fallback Simulated Observation
NSR-GRID-249,LC08_L2SP_176039_20251023_20251121_02_T1,2025-10-23,44617.47238137297,44617.49460964472,44618.293012142254,-1.0,1.0,277,0.0,Fallback Simulated Observation
NSR-GRID-250,LC08_L2SP_176039_20251023_20251121_02_T1,2025-10-23,9132.707221149998,9132.76247014544,9135.625198799324,-1.0,1.0,277,0.0,Fallback Simulated Observation
NSR-GRID-251,LC08_L2SP_176039_20251023_20251121_02_T1,2025-10-23,47797.997590547064,47798.01151208793,47800.3024260075,-1.0,1.0,277,0.0,Fallback Simulated Observation
NSR-GRID-252,LC08_L2SP_176039_20251023_20251121_02_T1,2025-10-23,51147.80679473684,51147.74050464509,51150.13973770339,-1.0,1.0,277,0.0,Fallback Simulated Observation
NSR-GRID-253,LC08_L2SP_176039_20251023_20251121_02_T1,2025-10-23,48250.662227192566,48250.737364791275,48251.87283886949,-1.0,1.0,277,0.0,Fallback Simulated Observation
NSR-GRID-254,LC08_L2SP_176039_20251023_20251121_02_T1,2025-10-23,45159.285557489515,45159.41033169678,45161.78820718739,-1.0,1.0,277,0.0,Fallback Simulated Observation
NSR-GRID-255,LC08_L2SP_176039_20251023_20251121_02_T1,2025-10-23,32058.09065305535,32057.966870960943,32059.094695678585,-1.0,1.0,277,0.0,Fallback Simulated Observation
NSR-GRID-256,LC08_L2SP_176039_20251023_20251121_02_T1,2025-10-23,19010.338970573925,19010.32598850395,19010.909886332065,-1.0,1.0,277,0.0,Fallback Simulated Observation
NSR-GRID-257,LC08_L2SP_176039_20251023_20251121_02_T1,2025-10-23,17301.578683414024,17301.605458536458,17303.25140140174,-1.0,1.0,277,0.0,Fallback Simulated Observation
NSR-GRID-258,LC08_L2SP_176039_20251023_20251121_02_T1,2025-10-23,18794.228751426064,18794.39266310661,18796.01335027084,-1.0,1.0,277,0.0,Fallback Simulated Observation
NSR-GRID-259,LC08_L2SP_176039_20251023_20251121_02_T1,2025-10-23,38932.15330406423,38932.09988922926,38934.38846481525,-1.0,1.0,277,0.0,Fallback Simulated Observation
NSR-GRID-260,LC08_L2SP_176039_20251023_20251121_02_T1,2025-10-23,44876.01233641623,44875.910860743155,44877.192305622906,-1.0,1.0,277,0.0,Fallback Simulated Observation
NSR-GRID-261,LC08_L2SP_176039_20251023_20251121_02_T1,2025-10-23,24272.731307568032,24272.73465344513,24275.6323770915,-1.0,1.0,277,0.0,Fallback Simulated Observation
NSR-GRID-262,LC08_L2SP_176039_20251023_20251121_02_T1,2025-10-23,2953.0658079478476,2953.1491608440083,2955.1646813075017,-1.0,1.0,277,0.0,Fallback Simulated Observation
NSR-GRID-263,LC08_L2SP_176039_20251023_20251121_02_T1,2025-10-23,8833.507861970138,8833.70251625389,8836.199813500856,-1.0,1.0,277,0.0,Fallback Simulated Observation
NSR-GRID-264,LC08_L2SP_176039_20251023_20251121_02_T1,2025-10-23,17411.065750909373,17411.073351448515,17412.091659736445,-1.0,1.0,277,0.0,Fallback Simulated Observation
NSR-GRID-265,LC08_L2SP_176039_20251023_20251121_02_T1,2025-10-23,45055.04331660651,45055.05144429079,45056.89442941529,-1.0,1.0,277,0.0,Fallback Simulated Observation
NSR-GRID-266,LC08_L2SP_176039_20251023_20251121_02_T1,2025-10-23,39799.68484003958,39799.745753851676,39802.96637349802,-1.0,1.0,277,0.0,Fallback Simulated Observation
NSR-GRID-267,LC08_L2SP_176039_20251023_20251121_02_T1,2025-10-23,53547.8833307613,53547.961338579276,53550.90943064443,-1.0,1.0,277,0.0,Fallback Simulated Observation
NSR-GRID-268,LC08_L2SP_176039_20251023_20251121_02_T1,2025-10-23,23111.127880100354,23111.096968453934,23112.01102055126,-1.0,1.0,277,0.0,Fallback Simulated Observation
NSR-GRID-269,LC08_L2SP_176039_20251023_20251121_02_T1,2025-10-23,57401.63167245202,57401.54269784184,57403.212081674435,-1.0,1.0,277,0.0,Fallback Simulated Observation
NSR-GRID-270,LC08_L2SP_176039_20251023_20251121_02_T1,2025-10-23,25812.826800858256,25812.61151179896,25815.12858385834,-1.0,1.0,277,0.0,Fallback Simulated Observation
NSR-GRID-271,LC08_L2SP_176039_20251023_20251121_02_T1,2025-10-23,48794.697268010335,48794.69711295975,48797.75154288357,-1.0,1.0,277,0.0,Fallback Simulated Observation
NSR-GRID-272,LC08_L2SP_176039_20251023_20251121_02_T1,2025-10-23,52627.737510310726,52627.70848285631,52630.84168038105,-1.0,1.0,277,0.0,Fallback Simulated Observation
NSR-GRID-273,LC08_L2SP_176039_20251023_20251121_02_T1,2025-10-23,40483.496470224294,40483.47283475059,40485.20541076059,-1.0,1.0,277,0.0,Fallback Simulated Observation
NSR-GRID-274,LC08_L2SP_176039_20251023_20251121_02_T1,2025-10-23,44825.038561650974,44825.037649751306,44827.46147788301,-1.0,1.0,277,0.0,Fallback Simulated Observation
NSR-GRID-275,LC08_L2SP_176039_20251023_20251121_02_T1,2025-10-23,33355.56702640389,33355.537012375455,33358.361455806604,-1.0,1.0,277,0.0,Fallback Simulated Observation
NSR-GRID-276,LC08_L2SP_176039_20251023_20251121_02_T1,2025-10-23,18949.481046061035,18949.4505235906,18951.08364932791,-1.0,1.0,277,0.0,Fallback Simulated Observation
NSR-GRID-277,LC08_L2SP_176039_20251023_20251121_02_T1,2025-10-23,4010.8747755054483,4010.810122553329,4012.893201093969,-1.0,1.0,277,0.0,Fallback Simulated Observation
NSR-GRID-278,LC08_L2SP_176039_20251023_20251121_02_T1,2025-10-23,21667.923001835392,21667.982994708393,21670.281765700085,-1.0,1.0,277,0.0,Fallback Simulated Observation
NSR-GRID-279,LC08_L2SP_176039_20251023_20251121_02_T1,2025-10-23,22276.278979301245,22276.272713605624,22279.763578252754,-1.0,1.0,277,0.0,Fallback Simulated Observation
NSR-GRID-280,LC08_L2SP_176039_20251023_20251121_02_T1,2025-10-23,6386.249678931903,6386.2194319632545,6388.826162956985,-1.0,1.0,277,0.0,Fallback Simulated Observation
NSR-GRID-281,LC08_L2SP_176039_20251023_20251121_02_T1,2025-10-23,154.71230732520493,154.80355085013085,157.08399483407985,-1.0,1.0,277,0.0,Fallback Simulated Observation
NSR-GRID-282,LC08_L2SP_176039_20251023_20251121_02_T1,2025-10-23,6299.293640589734,6299.271164049545,6300.8969186423665,-1.0,1.0,277,0.0,Fallback Simulated Observation
NSR-GRID-283,LC08_L2SP_176039_20251023_20251121_02_T1,2025-10-23,16638.138565316192,16638.214785156273,16638.671659109477,-1.0,1.0,277,0.0,Fallback Simulated Observation
NSR-GRID-284,LC08_L2SP_176039_20251023_20251121_02_T1,2025-10-23,14307.093641889822,14307.132822290361,14309.19957228418,-1.0,1.0,277,0.0,Fallback Simulated Observation
NSR-GRID-285,LC08_L2SP_176039_20251023_20251121_02_T1,2025-10-23,46919.29059457525,46919.496650436915,46922.32366582347,-1.0,1.0,277,0.0,Fallback Simulated Observation
NSR-GRID-286,LC08_L2SP_176039_20251023_20251121_02_T1,2025-10-23,7471.071494422976,7470.983014151573,7473.783565655139,-1.0,1.0,277,0.0,Fallback Simulated Observation
NSR-GRID-287,LC08_L2SP_176039_20251023_20251121_02_T1,2025-10-23,59690.73500051957,59690.50736316871,59693.590050151084,-1.0,1.0,277,0.0,Fallback Simulated Observation
NSR-GRID-288,LC08_L2SP_176039_20251023_20251121_02_T1,2025-10-23,52753.10842248298,52753.29102345434,52754.37243434912,-1.0,1.0,277,0.0,Fallback Simulated Observation
NSR-GRID-289,LC08_L2SP_176039_20251023_20251121_02_T1,2025-10-23,40917.026747207135,40917.14819512053,40920.21210042926,-1.0,1.0,277,0.0,Fallback Simulated Observation
NSR-GRID-290,LC08_L2SP_176039_20251023_20251121_02_T1,2025-10-23,32408.785090026046,32408.709748239013,32409.735597028495,-1.0,1.0,277,0.0,Fallback Simulated Observation
NSR-GRID-291,LC08_L2SP_176039_20251023_20251121_02_T1,2025-10-23,13336.871092548245,13336.88009683201,13337.625468596381,-1.0,1.0,277,0.0,Fallback Simulated Observation
NSR-GRID-292,LC08_L2SP_176039_20251023_20251121_02_T1,2025-10-23,14620.323884315343,14620.226722911491,14621.872994004581,-1.0,1.0,277,0.0,Fallback Simulated Observation
NSR-GRID-293,LC08_L2SP_176039_20251023_20251121_02_T1,2025-10-23,37033.14520019732,37033.10159484856,37033.94038714646,-1.0,1.0,277,0.0,Fallback Simulated Observation
NSR-GRID-294,LC08_L2SP_176039_20251023_20251121_02_T1,2025-10-23,27069.364242704105,27069.28856319525,27071.738233410666,-1.0,1.0,277,0.0,Fallback Simulated Observation
NSR-GRID-295,LC08_L2SP_176039_20251023_20251121_02_T1,2025-10-23,246.66007769267824,246.5675156077008,249.4839790345916,-1.0,1.0,277,0.0,Fallback Simulated Observation
NSR-GRID-296,LC08_L2SP_176039_20251023_20251121_02_T1,2025-10-23,98.85973345770574,98.95251747051387,102.29964444578229,-0.4842774567068522,1.0,277,0.0,Fallback Simulated Observation
NSR-GRID-297,LC08_L2SP_176039_20251023_20251121_02_T1,2025-10-23,255.6213807236765,255.68072364099586,258.09081654567103,-1.0,1.0,277,0.0,Fallback Simulated Observation
NSR-GRID-298,LC08_L2SP_176039_20251023_20251121_02_T1,2025-10-23,566.943186246366,566.7465505874285,568.7614012154494,-1.0,1.0,277,0.0,Fallback Simulated Observation
NSR-GRID-299,LC08_L2SP_176039_20251023_20251121_02_T1,2025-10-23,465.38299538204814,465.34984975227565,466.47540685162795,-1.0,1.0,277,0.0,Fallback Simulated Observation
NSR-GRID-300,LC08_L2SP_176039_20251023_20251121_02_T1,2025-10-23,33810.3713085295,33810.313000785645,33813.45541851859,-1.0,1.0,277,0.0,Fallback Simulated Observation
NSR-GRID-301,LC08_L2SP_176039_20251023_20251121_02_T1,2025-10-23,44690.8640785498,44690.85007426461,44693.54955058129,-1.0,1.0,277,0.0,Fallback Simulated Observation
NSR-GRID-302,LC08_L2SP_176039_20251023_20251121_02_T1,2025-10-23,17439.143277797404,17439.01359460261,17442.59728701598,-1.0,1.0,277,0.0,Fallback Simulated Observation
NSR-GRID-303,LC08_L2SP_176039_20251023_20251121_02_T1,2025-10-23,3154.083110217228,3154.140901268607,3155.22364431616,-1.0,1.0,277,0.0,Fallback Simulated Observation
NSR-GRID-304,LC08_L2SP_176039_20251023_20251121_02_T1,2025-10-23,27974.38883267113,27974.559054165595,27976.65987574251,-1.0,1.0,277,0.0,Fallback Simulated Observation
NSR-GRID-305,LC08_L2SP_176039_20251023_20251121_02_T1,2025-10-23,44103.853084558286,44103.915439443976,44106.97305330587,-1.0,1.0,277,0.0,Fallback Simulated Observation
NSR-GRID-306,LC08_L2SP_176039_20251023_20251121_02_T1,2025-10-23,47894.12564153449,47894.003211710864,47894.653636393974,-1.0,1.0,277,0.0,Fallback Simulated Observation
NSR-GRID-307,LC08_L2SP_176039_20251023_20251121_02_T1,2025-10-23,25801.718123455932,25801.675842259825,25802.830230359818,-1.0,1.0,277,0.0,Fallback Simulated Observation
NSR-GRID-308,LC08_L2SP_176039_20251023_20251121_02_T1,2025-10-23,10694.990847152443,10695.035307419264,10696.5570008585,-1.0,1.0,277,0.0,Fallback Simulated Observation
NSR-GRID-309,LC08_L2SP_176039_20251023_20251121_02_T1,2025-10-23,2137.45451211708,2137.343881298957,2138.4011762680775,-1.0,1.0,277,0.0,Fallback Simulated Observation
NSR-GRID-310,LC08_L2SP_176039_20251023_20251121_02_T1,2025-10-23,2086.601001606279,2086.5610379877176,2089.7595889476743,-1.0,1.0,277,0.0,Fallback Simulated Observation
NSR-GRID-311,LC08_L2SP_176039_20251023_20251121_02_T1,2025-10-23,2816.525034679936,2816.449944124958,2817.034689470749,-1.0,1.0,277,0.0,Fallback Simulated Observation
NSR-GRID-312,LC08_L2SP_176039_20251023_20251121_02_T1,2025-10-23,5685.016196013226,5685.272015941793,5687.443172590942,-1.0,1.0,277,0.0,Fallback Simulated Observation
NSR-GRID-313,LC08_L2SP_176039_20251023_20251121_02_T1,2025-10-23,4465.971608828566,4466.160270293175,4468.282071828356,-1.0,1.0,277,0.0,Fallback Simulated Observation
NSR-GRID-314,LC08_L2SP_176039_20251023_20251121_02_T1,2025-10-23,79.87569141467753,79.82057284304467,81.87045846146789,-0.2894066652998883,1.0,277,0.0,Fallback Simulated Observation
NSR-GRID-315,LC08_L2SP_176039_20251023_20251121_02_T1,2025-10-23,42.22762215081017,42.29582559581456,44.279429320134994,0.057166217717329895,-0.12580978377839153,277,0.0,Fallback Simulated Observation
NSR-GRID-316,LC08_L2SP_176039_20251023_20251121_02_T1,2025-10-23,41.556466438833525,41.36981277712622,42.32226772787238,0.08960119160173367,-0.1609638606657654,277,0.0,Fallback Simulated Observation
NSR-GRID-317,LC08_L2SP_176039_20251023_20251121_02_T1,2025-10-23,19959.634323381633,19959.691999188253,19961.398067541515,-1.0,1.0,277,0.0,Fallback Simulated Observation
NSR-GRID-318,LC08_L2SP_176039_20251023_20251121_02_T1,2025-10-23,5813.042098042473,5812.946154118801,5816.06150489938,-1.0,1.0,277,0.0,Fallback Simulated Observation
NSR-GRID-319,LC08_L2SP_176039_20251023_20251121_02_T1,2025-10-23,3146.8090858259648,3146.8439502603983,3148.395792150922,-1.0,1.0,277,0.0,Fallback Simulated Observation
NSR-GRID-320,LC08_L2SP_176039_20251023_20251121_02_T1,2025-10-23,40878.22898919431,40878.21422893568,40879.50687947091,-1.0,1.0,277,0.0,Fallback Simulated Observation
NSR-GRID-321,LC08_L2SP_176039_20251023_20251121_02_T1,2025-10-23,42509.43730048316,42509.47747761141,42512.345230412546,-1.0,1.0,277,0.0,Fallback Simulated Observation
NSR-GRID-322,LC08_L2SP_176039_20251023_20251121_02_T1,2025-10-23,15798.088570667502,15798.265795827168,15799.899122775347,-1.0,1.0,277,0.0,Fallback Simulated Observation
NSR-GRID-323,LC08_L2SP_176039_20251023_20251121_02_T1,2025-10-23,13176.478424049124,13176.36863781329,13177.384486295958,-1.0,1.0,277,0.0,Fallback Simulated Observation
NSR-GRID-324,LC08_L2SP_176039_20251023_20251121_02_T1,2025-10-23,14851.009088960514,14850.988721585496,14852.294206011722,-1.0,1.0,277,0.0,Fallback Simulated Observation
NSR-GRID-325,LC08_L2SP_176039_20251023_20251121_02_T1,2025-10-23,6251.148347822099,6251.056064803126,6253.9265426093525,-1.0,1.0,277,0.0,Fallback Simulated Observation
NSR-GRID-326,LC08_L2SP_176039_20251023_20251121_02_T1,2025-10-23,1236.3250291674412,1236.2503079995265,1236.925869967991,-1.0,1.0,277,0.0,Fallback Simulated Observation
NSR-GRID-327,LC08_L2SP_176039_20251023_20251121_02_T1,2025-10-23,4896.231000444244,4896.128336370771,4899.430500481306,-1.0,1.0,277,0.0,Fallback Simulated Observation
NSR-GRID-328,LC08_L2SP_176039_20251023_20251121_02_T1,2025-10-23,5835.262121957525,5835.20921668979,5837.954584852467,-1.0,1.0,277,0.0,Fallback Simulated Observation
NSR-GRID-329,LC08_L2SP_176039_20251023_20251121_02_T1,2025-10-23,44.75463072905517,44.996109828921036,48.170646717949786,0.012612617919177956,0.04650997724388463,277,0.0,Fallback Simulated Observation
NSR-GRID-330,LC08_L2SP_176039_20251023_20251121_02_T1,2025-10-23,42.08953434806991,42.00850910436847,45.14138252159332,0.09373845433374975,-0.015311141066653253,277,0.0,Fallback Simulated Observation
NSR-GRID-331,LC08_L2SP_176039_20251023_20251121_02_T1,2025-10-23,41.5440015478858,41.559233099243464,44.167506839575104,0.06344819558702561,-0.11741568350860876,277,0.0,Fallback Simulated Observation
NSR-GRID-332,LC08_L2SP_176039_20251023_20251121_02_T1,2025-10-23,15345.434033095706,15345.141898047355,15346.431356716195,-1.0,1.0,277,0.0,Fallback Simulated Observation
NSR-GRID-333,LC08_L2SP_176039_20251023_20251121_02_T1,2025-10-23,581.279914458082,581.1764771752896,583.4162100663027,-1.0,1.0,277,0.0,Fallback Simulated Observation
NSR-GRID-334,LC08_L2SP_176039_20251023_20251121_02_T1,2025-10-23,15310.127520126627,15310.265007768541,15310.78338985929,-1.0,1.0,277,0.0,Fallback Simulated Observation
NSR-GRID-335,LC08_L2SP_176039_20251023_20251121_02_T1,2025-10-23,13756.664286448424,13756.613242843181,13758.15493164304,-1.0,1.0,277,0.0,Fallback Simulated Observation
NSR-GRID-336,LC08_L2SP_176039_20251023_20251121_02_T1,2025-10-23,37566.11265418433,37566.08741883412,37569.251399749184,-1.0,1.0,277,0.0,Fallback Simulated Observation
NSR-GRID-337,LC08_L2SP_176039_20251023_20251121_02_T1,2025-10-23,14309.234365410979,14309.231173561515,14312.050402839908,-1.0,1.0,277,0.0,Fallback Simulated Observation
NSR-GRID-338,LC08_L2SP_176039_20251023_20251121_02_T1,2025-10-23,6860.129343652644,6860.448654409428,6860.945764752514,-1.0,1.0,277,0.0,Fallback Simulated Observation
NSR-GRID-339,LC08_L2SP_176039_20251023_20251121_02_T1,2025-10-23,10736.679477165353,10736.62266293237,10740.072907127056,-1.0,1.0,277,0.0,Fallback Simulated Observation
NSR-GRID-340,LC08_L2SP_176039_20251023_20251121_02_T1,2025-10-23,6745.261184026664,6745.19436961811,6747.493964124307,-1.0,1.0,277,0.0,Fallback Simulated Observation
NSR-GRID-341,LC08_L2SP_176039_20251023_20251121_02_T1,2025-10-23,25107.882812725697,25107.863630579875,25109.981899327435,-1.0,1.0,277,0.0,Fallback Simulated Observation
NSR-GRID-342,LC08_L2SP_176039_20251023_20251121_02_T1,2025-10-23,12343.062998222429,12343.165994304187,12346.134535993426,-1.0,1.0,277,0.0,Fallback Simulated Observation
NSR-GRID-343,LC08_L2SP_176039_20251023_20251121_02_T1,2025-10-23,5490.743360468434,5490.691788761441,5493.925329598457,-1.0,1.0,277,0.0,Fallback Simulated Observation
NSR-GRID-344,LC08_L2SP_176039_20251023_20251121_02_T1,2025-10-23,5211.92762189894,5211.820868607514,5212.678014153908,-1.0,1.0,277,0.0,Fallback Simulated Observation
NSR-GRID-345,LC08_L2SP_176039_20251023_20251121_02_T1,2025-10-23,1025.4351604085282,1025.4357414643825,1027.1884433463536,-1.0,1.0,277,0.0,Fallback Simulated Observation
NSR-GRID-346,LC08_L2SP_176039_20251023_20251121_02_T1,2025-10-23,57.03232700569049,57.130900005258475,58.01902722303793,-0.08002179882897965,0.4745286411137971,277,0.0,Fallback Simulated Observation
NSR-GRID-347,LC08_L2SP_176039_20251023_20251121_02_T1,2025-10-23,5486.494122611428,5486.516518139237,5489.664896770481,-1.0,1.0,277,0.0,Fallback Simulated Observation
NSR-GRID-348,LC08_L2SP_176039_20251023_20251121_02_T1,2025-10-23,9325.527325228213,9325.4977850872,9328.484515769798,-1.0,1.0,277,0.0,Fallback Simulated Observation
NSR-GRID-349,LC08_L2SP_176039_20251023_20251121_02_T1,2025-10-23,15348.855558098241,15348.66003045561,15351.820468791373,-1.0,1.0,277,0.0,Fallback Simulated Observation
NSR-GRID-350,LC08_L2SP_176039_20251023_20251121_02_T1,2025-10-23,15849.469424915187,15849.467138108957,15850.9750490573,-1.0,1.0,277,0.0,Fallback Simulated Observation
NSR-GRID-351,LC08_L2SP_176039_20251023_20251121_02_T1,2025-10-23,6004.024415902169,6003.9833450362585,6005.568240136915,-1.0,1.0,277,0.0,Fallback Simulated Observation
NSR-GRID-352,LC08_L2SP_176039_20251023_20251121_02_T1,2025-10-23,17143.58894500058,17143.741076605773,17145.14606984041,-1.0,1.0,277,0.0,Fallback Simulated Observation
NSR-GRID-353,LC08_L2SP_176039_20251023_20251121_02_T1,2025-10-23,25370.266960924877,25370.280515384093,25371.14575514957,-1.0,1.0,277,0.0,Fallback Simulated Observation
NSR-GRID-354,LC08_L2SP_176039_20251023_20251121_02_T1,2025-10-23,16854.6751310012,16854.69524696679,16855.69977531273,-1.0,1.0,277,0.0,Fallback Simulated Observation
NSR-GRID-355,LC08_L2SP_176039_20251023_20251121_02_T1,2025-10-23,1994.2313449572111,1994.3090980812926,1996.6599906873873,-1.0,1.0,277,0.0,Fallback Simulated Observation
NSR-GRID-356,LC08_L2SP_176039_20251023_20251121_02_T1,2025-10-23,4584.738530045077,4584.670755548024,4585.338098108764,-1.0,1.0,277,0.0,Fallback Simulated Observation
NSR-GRID-357,LC08_L2SP_176039_20251023_20251121_02_T1,2025-10-23,5750.314612427181,5750.381358505345,5752.809567137609,-1.0,1.0,277,0.0,Fallback Simulated Observation
NSR-GRID-358,LC08_L2SP_176039_20251023_20251121_02_T1,2025-10-23,25692.96648336696,25693.156471560447,25693.7994517746,-1.0,1.0,277,0.0,Fallback Simulated Observation
NSR-GRID-359,LC08_L2SP_176039_20251023_20251121_02_T1,2025-10-23,38937.98276748275,38938.092827243425,38939.62396912966,-1.0,1.0,277,0.0,Fallback Simulated Observation
NSR-GRID-360,LC08_L2SP_176039_20251023_20251121_02_T1,2025-10-23,3649.937410389293,3649.9564603572708,3651.2775223779445,-1.0,1.0,277,0.0,Fallback Simulated Observation
NSR-GRID-361,LC08_L2SP_176039_20251023_20251121_02_T1,2025-10-23,2656.143408046896,2656.1751059886737,2659.0581283774204,-1.0,1.0,277,0.0,Fallback Simulated Observation
NSR-GRID-362,LC08_L2SP_176039_20251023_20251121_02_T1,2025-10-23,5249.88132095138,5249.962126731209,5252.999582470078,-1.0,1.0,277,0.0,Fallback Simulated Observation
NSR-GRID-363,LC08_L2SP_176039_20251023_20251121_02_T1,2025-10-23,20612.06025898373,20612.069445458295,20613.285940468504,-1.0,1.0,277,0.0,Fallback Simulated Observation
NSR-GRID-364,LC08_L2SP_176039_20251023_20251121_02_T1,2025-10-23,35977.32910495955,35977.167473898706,35978.72081838267,-1.0,1.0,277,0.0,Fallback Simulated Observation
NSR-GRID-365,LC08_L2SP_176039_20251023_20251121_02_T1,2025-10-23,15816.633542317522,15816.72345588889,15818.913207027845,-1.0,1.0,277,0.0,Fallback Simulated Observation
NSR-GRID-366,LC08_L2SP_176039_20251023_20251121_02_T1,2025-10-23,753.658256268625,753.7744440988859,754.349178996485,-1.0,1.0,277,0.0,Fallback Simulated Observation
NSR-GRID-367,LC08_L2SP_176039_20251023_20251121_02_T1,2025-10-23,9525.663398359804,9525.7275914133,9528.651258757754,-1.0,1.0,277,0.0,Fallback Simulated Observation
NSR-GRID-368,LC08_L2SP_176039_20251023_20251121_02_T1,2025-10-23,4107.966989884978,4108.034777416931,4109.4178296483515,-1.0,1.0,277,0.0,Fallback Simulated Observation
NSR-GRID-369,LC08_L2SP_176039_20251023_20251121_02_T1,2025-10-23,222.30398545289546,222.32698640527175,224.13412549603302,-1.0,1.0,277,0.0,Fallback Simulated Observation
NSR-GRID-370,LC08_L2SP_176039_20251023_20251121_02_T1,2025-10-23,467.93606738753425,468.0102801366414,469.1483677926587,-1.0,1.0,277,0.0,Fallback Simulated Observation
NSR-GRID-371,LC08_L2SP_176039_20251023_20251121_02_T1,2025-10-23,599.7019103844157,599.4616349909257,602.1585831630521,-1.0,1.0,277,0.0,Fallback Simulated Observation
NSR-GRID-372,LC08_L2SP_176039_20251023_20251121_02_T1,2025-10-23,7852.533314227546,7852.702819331589,7854.935626321675,-1.0,1.0,277,0.0,Fallback Simulated Observation
NSR-GRID-373,LC08_L2SP_176039_20251023_20251121_02_T1,2025-10-23,10381.109905388746,10380.889130297108,10381.746851625254,-1.0,1.0,277,0.0,Fallback Simulated Observation
NSR-GRID-374,LC08_L2SP_176039_20251023_20251121_02_T1,2025-10-23,1603.200815094554,1603.1925045372911,1605.5331553077813,-1.0,1.0,277,0.0,Fallback Simulated Observation
NSR-GRID-375,LC08_L2SP_176039_20251023_20251121_02_T1,2025-10-23,44.70865476142362,44.70934158691752,45.231646859371295,0.04065190486306882,-0.018200016182965326,277,0.0,Fallback Simulated Observation
NSR-GRID-376,LC08_L2SP_176039_20251023_20251121_02_T1,2025-10-23,15092.517198042096,15092.651243086699,15094.555201219966,-1.0,1.0,277,0.0,Fallback Simulated Observation
NSR-GRID-377,LC08_L2SP_176039_20251023_20251121_02_T1,2025-10-23,15142.027371952048,15142.007938797506,15144.378571500401,-1.0,1.0,277,0.0,Fallback Simulated Observation
NSR-GRID-378,LC08_L2SP_176039_20251023_20251121_02_T1,2025-10-23,47.942344832978435,47.94447599784563,49.92298457399879,0.011301150578094839,0.08810039324459125,277,0.0,Fallback Simulated Observation
NSR-GRID-379,LC08_L2SP_176039_20251023_20251121_02_T1,2025-10-23,9442.338645076676,9442.152845872513,9444.071708302472,-1.0,1.0,277,0.0,Fallback Simulated Observation
NSR-GRID-380,LC08_L2SP_176039_20251023_20251121_02_T1,2025-10-23,84.0198035494644,84.10930738087201,86.99117470212828,-0.35561951316907336,1.0,277,0.0,Fallback Simulated Observation
NSR-GRID-381,LC08_L2SP_176039_20251023_20251121_02_T1,2025-10-23,41.71858797936732,41.752869495607584,43.37010462850226,0.036963691973413905,-0.1415745995772726,277,0.0,Fallback Simulated Observation
NSR-GRID-382,LC08_L2SP_176039_20251023_20251121_02_T1,2025-10-23,41.733850389958725,41.635132437243605,44.48738453338398,0.08967823282103014,-0.12294831327052949,277,0.0,Fallback Simulated Observation
NSR-GRID-383,LC08_L2SP_176039_20251023_20251121_02_T1,2025-10-23,4441.226668315091,4441.342377953638,4442.812428287604,-1.0,1.0,277,0.0,Fallback Simulated Observation
NSR-GRID-384,LC08_L2SP_176039_20251023_20251121_02_T1,2025-10-23,588.3098753694416,588.3331969825679,590.647595774476,-1.0,1.0,277,0.0,Fallback Simulated Observation
NSR-GRID-385,LC08_L2SP_176039_20251023_20251121_02_T1,2025-10-23,42.4878638057659,42.41338538509324,43.41427517714627,0.07421691677478852,-0.10704919292196768,277,0.0,Fallback Simulated Observation
NSR-GRID-386,LC08_L2SP_176039_20251023_20251121_02_T1,2025-10-23,44.88691611121744,44.698731206667674,47.11851577142109,0.006943221436157922,0.028988133479474484,277,0.0,Fallback Simulated Observation
NSR-GRID-387,LC08_L2SP_176039_20251023_20251121_02_T1,2025-10-23,42.029438303713626,42.15817074272884,45.06625139268335,0.06707545380312394,-0.06674067322171465,277,0.0,Fallback Simulated Observation
NSR-GRID-388,LC08_L2SP_176039_20251023_20251121_02_T1,2025-10-23,338.4464686583813,338.53838407574233,339.86540915471596,-1.0,1.0,277,0.0,Fallback Simulated Observation
NSR-GRID-389,LC08_L2SP_176039_20251023_20251121_02_T1,2025-10-23,5974.120282434512,5974.169151629782,5977.192969447496,-1.0,1.0,277,0.0,Fallback Simulated Observation
NSR-GRID-390,LC08_L2SP_176039_20251023_20251121_02_T1,2025-10-23,70.15235161835821,69.9774984210344,71.7658688886711,-0.1745893209461439,0.9770204423316813,277,0.0,Fallback Simulated Observation
NSR-GRID-391,LC08_L2SP_176039_20251023_20251121_02_T1,2025-10-23,190.6626977932648,190.8109000426264,191.66327839836106,-1.0,1.0,277,0.0,Fallback Simulated Observation
NSR-GRID-392,LC08_L2SP_176039_20251023_20251121_02_T1,2025-10-23,368.5842364112036,368.66220246443055,369.5476156528736,-1.0,1.0,277,0.0,Fallback Simulated Observation
NSR-GRID-393,LC08_L2SP_176039_20251023_20251121_02_T1,2025-10-23,40.90608693576484,41.0274185766834,41.621222602307796,0.046331236155581,-0.14417610199488565,277,0.0,Fallback Simulated Observation
NSR-GRID-394,LC08_L2SP_176039_20251023_20251121_02_T1,2025-10-23,40.52598907744296,40.68754735979778,42.11977026203558,0.11992928226093119,-0.13467115950951286,277,0.0,Fallback Simulated Observation
NSR-GRID-395,LC08_L2SP_176039_20251023_20251121_02_T1,2025-10-23,41.16481988326945,41.05015341181736,41.747430042877845,0.090925684960074,-0.11980733190567186,277,0.0,Fallback Simulated Observation
NSR-GRID-396,LC08_L2SP_176039_20251023_20251121_02_T1,2025-10-23,40.8438799505911,40.83291897019852,41.43674732334913,0.05803709043938307,-0.13085434017697703,277,0.0,Fallback Simulated Observation
NSR-GRID-397,LC08_L2SP_176039_20251023_20251121_02_T1,2025-10-23,39.87006050693333,39.834561778522,43.07031005598277,0.09393908809021471,-0.1300145846926803,277,0.0,Fallback Simulated Observation
NSR-GRID-398,LC08_L2SP_176039_20251023_20251121_02_T1,2025-10-23,41.98097392260777,42.01793814182758,45.43301341223916,0.048707363095809614,-0.16271591145329387,277,0.0,Fallback Simulated Observation
NSR-GRID-399,LC08_L2SP_176039_20251023_20251121_02_T1,2025-10-23,1716.8004921955282,1716.5965960678277,1717.7629273250636,-1.0,1.0,277,0.0,Fallback Simulated Observation
NSR-GRID-400,LC08_L2SP_176039_20251023_20251121_02_T1,2025-10-23,94.6256990909284,94.67578353842285,96.44702314186569,-0.5006072093962608,1.0,277,0.0,Fallback Simulated Observation
NSR-GRID-401,LC08_L2SP_176039_20251023_20251121_02_T1,2025-10-23,41.463798563162854,41.37729464052796,44.863050720762075,0.04041400379248425,-0.09756269231647398,277,0.0,Fallback Simulated Observation
NSR-GRID-402,LC08_L2SP_176039_20251023_20251121_02_T1,2025-10-23,41.44657186236688,41.470496548777994,43.27870310997349,0.07589425817023798,-0.049975092596188805,277,0.0,Fallback Simulated Observation
NSR-GRID-403,LC08_L2SP_176039_20251023_20251121_02_T1,2025-10-23,41.891775640663646,41.98172213777847,44.099907724210496,0.05540900811095166,-0.10509902330290434,277,0.0,Fallback Simulated Observation
NSR-GRID-404,LC08_L2SP_176039_20251023_20251121_02_T1,2025-10-23,40.29020264866287,40.27960781323246,42.21684076112335,0.052512025137013904,-0.113927038877238,277,0.0,Fallback Simulated Observation
NSR-GRID-405,LC08_L2SP_176039_20251023_20251121_02_T1,2025-10-23,42.07383376703795,42.250745437064275,45.183741245981004,0.08616101079008205,-0.13174945702265373,277,0.0,Fallback Simulated Observation
NSR-GRID-406,LC08_L2SP_176039_20251023_20251121_02_T1,2025-10-23,3171.1167425254425,3171.082423297893,3172.4440452301965,-1.0,1.0,277,0.0,Fallback Simulated Observation
NSR-GRID-407,LC08_L2SP_176039_20251023_20251121_02_T1,2025-10-23,2592.4452846377026,2592.484336927459,2595.535927205246,-1.0,1.0,277,0.0,Fallback Simulated Observation
NSR-GRID-408,LC08_L2SP_176039_20251023_20251121_02_T1,2025-10-23,41.75055621307514,41.68517957921026,44.535950787208236,0.08480942498660414,-0.19259235742235287,277,0.0,Fallback Simulated Observation
NSR-GRID-409,LC08_L2SP_176039_20251023_20251121_02_T1,2025-10-23,43.08536017383073,43.05838832067499,46.18209161070438,0.07890211998767427,-0.11143337775427029,277,0.0,Fallback Simulated Observation
NSR-GRID-410,LC08_L2SP_176039_20251023_20251121_02_T1,2025-10-23,131.42637314318299,131.490894701778,133.64695999754971,-0.8293395339995682,1.0,277,0.0,Fallback Simulated Observation
NSR-GRID-411,LC08_L2SP_176039_20251023_20251121_02_T1,2025-10-23,42.05993664305732,42.16029329907565,44.09123411007002,0.09311801553059522,-0.11415791415843675,277,0.0,Fallback Simulated Observation
NSR-GRID-412,LC08_L2SP_176039_20251023_20251121_02_T1,2025-10-23,7315.803094181759,7315.76424233645,7318.366260309051,-1.0,1.0,277,0.0,Fallback Simulated Observation
NSR-GRID-413,LC08_L2SP_176039_20251023_20251121_02_T1,2025-10-23,7513.333773383536,7513.259065575606,7514.909919959787,-1.0,1.0,277,0.0,Fallback Simulated Observation
NSR-GRID-414,LC08_L2SP_176039_20251023_20251121_02_T1,2025-10-23,4069.2347249116415,4069.2860334536513,4070.61858310068,-1.0,1.0,277,0.0,Fallback Simulated Observation
NSR-GRID-415,LC08_L2SP_176039_20251023_20251121_02_T1,2025-10-23,42.55705956183219,42.49767554560753,45.363827908155116,0.10377826742949287,-0.09875088458396808,277,0.0,Fallback Simulated Observation
NSR-GRID-416,LC08_L2SP_176039_20251023_20251121_02_T1,2025-10-23,69.2278345312208,69.33484955505243,69.99364867312983,-0.19769951348607778,0.980874435963464,277,0.0,Fallback Simulated Observation
NSR-GRID-001,LC08_L2SP_176039_20251007_20251115_02_T1,2025-10-07,47344.44622101033,47344.43176914326,47345.99268261224,-1.0,1.0,277,0.0,Fallback Simulated Observation
NSR-GRID-002,LC08_L2SP_176039_20251007_20251115_02_T1,2025-10-07,45659.282439123854,45659.34329986809,45660.68113615771,-1.0,1.0,277,0.0,Fallback Simulated Observation
NSR-GRID-003,LC08_L2SP_176039_20251007_20251115_02_T1,2025-10-07,48669.42105778404,48669.5148147978,48670.071735818434,-1.0,1.0,277,0.0,Fallback Simulated Observation
NSR-GRID-004,LC08_L2SP_176039_20251007_20251115_02_T1,2025-10-07,37280.406475936565,37280.33013280255,37281.74948943329,-1.0,1.0,277,0.0,Fallback Simulated Observation
NSR-GRID-005,LC08_L2SP_176039_20251007_20251115_02_T1,2025-10-07,49728.509734670995,49728.30934843455,49729.68782166444,-1.0,1.0,277,0.0,Fallback Simulated Observation
NSR-GRID-006,LC08_L2SP_176039_20251007_20251115_02_T1,2025-10-07,54371.630689198195,54371.751000462835,54374.07414153617,-1.0,1.0,277,0.0,Fallback Simulated Observation
NSR-GRID-007,LC08_L2SP_176039_20251007_20251115_02_T1,2025-10-07,46225.7303547109,46225.854249346194,46226.445682129575,-1.0,1.0,277,0.0,Fallback Simulated Observation
NSR-GRID-008,LC08_L2SP_176039_20251007_20251115_02_T1,2025-10-07,47459.78770896146,47459.843653869066,47462.69958448412,-1.0,1.0,277,0.0,Fallback Simulated Observation
NSR-GRID-009,LC08_L2SP_176039_20251007_20251115_02_T1,2025-10-07,51566.25937675423,51566.20848039166,51567.573604895566,-1.0,1.0,277,0.0,Fallback Simulated Observation
NSR-GRID-010,LC08_L2SP_176039_20251007_20251115_02_T1,2025-10-07,43087.49223417738,43087.39748496388,43088.155230281845,-1.0,1.0,277,0.0,Fallback Simulated Observation
NSR-GRID-011,LC08_L2SP_176039_20251007_20251115_02_T1,2025-10-07,42435.77508274208,42435.77415270997,42436.41563846767,-1.0,1.0,277,0.0,Fallback Simulated Observation
NSR-GRID-012,LC08_L2SP_176039_20251007_20251115_02_T1,2025-10-07,41232.88935770814,41233.00191648524,41233.69503487234,-1.0,1.0,277,0.0,Fallback Simulated Observation
NSR-GRID-013,LC08_L2SP_176039_20251007_20251115_02_T1,2025-10-07,41063.86522804091,41063.952666958976,41066.73202545624,-1.0,1.0,277,0.0,Fallback Simulated Observation
NSR-GRID-014,LC08_L2SP_176039_20251007_20251115_02_T1,2025-10-07,20608.01842068757,20608.09402601978,20611.41065593704,-1.0,1.0,277,0.0,Fallback Simulated Observation
NSR-GRID-015,LC08_L2SP_176039_20251007_20251115_02_T1,2025-10-07,12746.364635140542,12746.351207224323,12748.762770776788,-1.0,1.0,277,0.0,Fallback Simulated Observation
NSR-GRID-016,LC08_L2SP_176039_20251007_20251115_02_T1,2025-10-07,21946.624117095853,21946.630954158783,21949.407230466604,-1.0,1.0,277,0.0,Fallback Simulated Observation
NSR-GRID-017,LC08_L2SP_176039_20251007_20251115_02_T1,2025-10-07,28838.576690141184,28838.54508285558,28841.422161731218,-1.0,1.0,277,0.0,Fallback Simulated Observation
NSR-GRID-018,LC08_L2SP_176039_20251007_20251115_02_T1,2025-10-07,16798.34549808799,16798.333000509356,16800.346701525123,-1.0,1.0,277,0.0,Fallback Simulated Observation
NSR-GRID-019,LC08_L2SP_176039_20251007_20251115_02_T1,2025-10-07,39525.6902399488,39525.56816870621,39527.299679716765,-1.0,1.0,277,0.0,Fallback Simulated Observation
NSR-GRID-020,LC08_L2SP_176039_20251007_20251115_02_T1,2025-10-07,3861.219868899921,3861.268121304804,3863.6919293464316,-1.0,1.0,277,0.0,Fallback Simulated Observation
NSR-GRID-021,LC08_L2SP_176039_20251007_20251115_02_T1,2025-10-07,20334.163180993528,20334.055995270224,20336.486437360287,-1.0,1.0,277,0.0,Fallback Simulated Observation
NSR-GRID-022,LC08_L2SP_176039_20251007_20251115_02_T1,2025-10-07,20097.363328437474,20097.444334667878,20098.810210468764,-1.0,1.0,277,0.0,Fallback Simulated Observation
NSR-GRID-023,LC08_L2SP_176039_20251007_20251115_02_T1,2025-10-07,36.61865426305107,36.68249345561191,39.789299270959596,0.062430343269038596,-0.1623760729026301,277,0.0,Fallback Simulated Observation
NSR-GRID-024,LC08_L2SP_176039_20251007_20251115_02_T1,2025-10-07,44914.9170661745,44914.928968015105,44917.92350685173,-1.0,1.0,277,0.0,Fallback Simulated Observation
NSR-GRID-025,LC08_L2SP_176039_20251007_20251115_02_T1,2025-10-07,42910.27258038329,42910.253477607024,42912.36539341852,-1.0,1.0,277,0.0,Fallback Simulated Observation
NSR-GRID-026,LC08_L2SP_176039_20251007_20251115_02_T1,2025-10-07,30574.93007332359,30574.92590524335,30576.98717016398,-1.0,1.0,277,0.0,Fallback Simulated Observation
NSR-GRID-027,LC08_L2SP_176039_20251007_20251115_02_T1,2025-10-07,46464.939387114915,46465.011205687486,46467.00327525788,-1.0,1.0,277,0.0,Fallback Simulated Observation
NSR-GRID-028,LC08_L2SP_176039_20251007_20251115_02_T1,2025-10-07,47901.22359162132,47901.1493686693,47903.277473204456,-1.0,1.0,277,0.0,Fallback Simulated Observation
NSR-GRID-029,LC08_L2SP_176039_20251007_20251115_02_T1,2025-10-07,41722.8332140996,41722.838302869786,41725.87439658055,-1.0,1.0,277,0.0,Fallback Simulated Observation
NSR-GRID-030,LC08_L2SP_176039_20251007_20251115_02_T1,2025-10-07,41628.96427154715,41628.870642683905,41630.37301873365,-1.0,1.0,277,0.0,Fallback Simulated Observation
NSR-GRID-031,LC08_L2SP_176039_20251007_20251115_02_T1,2025-10-07,28018.862847532473,28019.028994549048,28019.536380880814,-1.0,1.0,277,0.0,Fallback Simulated Observation
NSR-GRID-032,LC08_L2SP_176039_20251007_20251115_02_T1,2025-10-07,40974.77810721682,40974.713105549956,40975.95425102084,-1.0,1.0,277,0.0,Fallback Simulated Observation
NSR-GRID-033,LC08_L2SP_176039_20251007_20251115_02_T1,2025-10-07,8663.405102316043,8663.460871422116,8665.639997514303,-1.0,1.0,277,0.0,Fallback Simulated Observation
NSR-GRID-034,LC08_L2SP_176039_20251007_20251115_02_T1,2025-10-07,20267.823430547214,20267.981241228004,20270.34582143382,-1.0,1.0,277,0.0,Fallback Simulated Observation
NSR-GRID-035,LC08_L2SP_176039_20251007_20251115_02_T1,2025-10-07,12360.402919645485,12360.44955548293,12362.312884449959,-1.0,1.0,277,0.0,Fallback Simulated Observation
NSR-GRID-036,LC08_L2SP_176039_20251007_20251115_02_T1,2025-10-07,9332.164276146972,9332.14869399954,9335.538078510142,-1.0,1.0,277,0.0,Fallback Simulated Observation
NSR-GRID-037,LC08_L2SP_176039_20251007_20251115_02_T1,2025-10-07,19720.047186662996,19720.047866647452,19720.775904316917,-1.0,1.0,277,0.0,Fallback Simulated Observation
NSR-GRID-038,LC08_L2SP_176039_20251007_20251115_02_T1,2025-10-07,25581.152652121906,25580.963204815023,25582.951100128535,-1.0,1.0,277,0.0,Fallback Simulated Observation
NSR-GRID-039,LC08_L2SP_176039_20251007_20251115_02_T1,2025-10-07,35216.761734334585,35216.82058966156,35220.14361526113,-1.0,1.0,277,0.0,Fallback Simulated Observation
NSR-GRID-040,LC08_L2SP_176039_20251007_20251115_02_T1,2025-10-07,25601.270877079816,25601.109140784807,25603.551559885953,-1.0,1.0,277,0.0,Fallback Simulated Observation
NSR-GRID-041,LC08_L2SP_176039_20251007_20251115_02_T1,2025-10-07,45217.52365776148,45217.52557253922,45220.29558838288,-1.0,1.0,277,0.0,Fallback Simulated Observation
NSR-GRID-042,LC08_L2SP_176039_20251007_20251115_02_T1,2025-10-07,15708.615067141414,15708.698152373841,15711.036912692061,-1.0,1.0,277,0.0,Fallback Simulated Observation
NSR-GRID-043,LC08_L2SP_176039_20251007_20251115_02_T1,2025-10-07,28658.824372030078,28658.859933364958,28660.821059023685,-1.0,1.0,277,0.0,Fallback Simulated Observation
NSR-GRID-044,LC08_L2SP_176039_20251007_20251115_02_T1,2025-10-07,46214.93016277985,46214.80322325919,46216.096390391926,-1.0,1.0,277,0.0,Fallback Simulated Observation
NSR-GRID-045,LC08_L2SP_176039_20251007_20251115_02_T1,2025-10-07,10148.297407219186,10148.323995042152,10150.083513282145,-1.0,1.0,277,0.0,Fallback Simulated Observation
NSR-GRID-046,LC08_L2SP_176039_20251007_20251115_02_T1,2025-10-07,30420.541792781783,30420.575692150316,30421.90844759851,-1.0,1.0,277,0.0,Fallback Simulated Observation
NSR-GRID-047,LC08_L2SP_176039_20251007_20251115_02_T1,2025-10-07,892.1467840900266,892.2789144932539,893.8241586487151,-1.0,1.0,277,0.0,Fallback Simulated Observation
NSR-GRID-048,LC08_L2SP_176039_20251007_20251115_02_T1,2025-10-07,31512.782672484846,31512.841445650094,31514.354035962748,-1.0,1.0,277,0.0,Fallback Simulated Observation
NSR-GRID-049,LC08_L2SP_176039_20251007_20251115_02_T1,2025-10-07,3852.141452994223,3852.230712728053,3854.6113462153467,-1.0,1.0,277,0.0,Fallback Simulated Observation
NSR-GRID-050,LC08_L2SP_176039_20251007_20251115_02_T1,2025-10-07,33390.001920740106,33390.00517829785,33390.618710630086,-1.0,1.0,277,0.0,Fallback Simulated Observation
NSR-GRID-051,LC08_L2SP_176039_20251007_20251115_02_T1,2025-10-07,2130.829492121567,2130.8879334196145,2132.6393346908735,-1.0,1.0,277,0.0,Fallback Simulated Observation
NSR-GRID-052,LC08_L2SP_176039_20251007_20251115_02_T1,2025-10-07,43405.265071681206,43405.36085990402,43406.824222856005,-1.0,1.0,277,0.0,Fallback Simulated Observation
NSR-GRID-053,LC08_L2SP_176039_20251007_20251115_02_T1,2025-10-07,471.50850833730505,471.6596238303298,473.50112789374333,-1.0,1.0,277,0.0,Fallback Simulated Observation
NSR-GRID-054,LC08_L2SP_176039_20251007_20251115_02_T1,2025-10-07,46536.63395750703,46536.53133554316,46539.69904811189,-1.0,1.0,277,0.0,Fallback Simulated Observation
NSR-GRID-055,LC08_L2SP_176039_20251007_20251115_02_T1,2025-10-07,38643.00344650552,38643.04387598102,38644.50001960487,-1.0,1.0,277,0.0,Fallback Simulated Observation
NSR-GRID-056,LC08_L2SP_176039_20251007_20251115_02_T1,2025-10-07,33300.52119340518,33300.563458911725,33303.648842655726,-1.0,1.0,277,0.0,Fallback Simulated Observation
NSR-GRID-057,LC08_L2SP_176039_20251007_20251115_02_T1,2025-10-07,39923.48340026285,39923.475247995535,39924.36700066651,-1.0,1.0,277,0.0,Fallback Simulated Observation
NSR-GRID-058,LC08_L2SP_176039_20251007_20251115_02_T1,2025-10-07,42274.70649847029,42274.60417891916,42276.118326007054,-1.0,1.0,277,0.0,Fallback Simulated Observation
NSR-GRID-059,LC08_L2SP_176039_20251007_20251115_02_T1,2025-10-07,38607.22421621516,38607.27047534445,38608.9921038062,-1.0,1.0,277,0.0,Fallback Simulated Observation
NSR-GRID-060,LC08_L2SP_176039_20251007_20251115_02_T1,2025-10-07,46968.72450702062,46968.782471343555,46969.76934892389,-1.0,1.0,277,0.0,Fallback Simulated Observation
NSR-GRID-061,LC08_L2SP_176039_20251007_20251115_02_T1,2025-10-07,12310.798848171407,12310.941085157578,12313.07076167339,-1.0,1.0,277,0.0,Fallback Simulated Observation
NSR-GRID-062,LC08_L2SP_176039_20251007_20251115_02_T1,2025-10-07,24076.627423243233,24076.66573326444,24077.629387155237,-1.0,1.0,277,0.0,Fallback Simulated Observation
NSR-GRID-063,LC08_L2SP_176039_20251007_20251115_02_T1,2025-10-07,19932.833676857168,19932.68336882699,19934.223356593786,-1.0,1.0,277,0.0,Fallback Simulated Observation
NSR-GRID-064,LC08_L2SP_176039_20251007_20251115_02_T1,2025-10-07,24627.882649312083,24627.787031623768,24629.909320978855,-1.0,1.0,277,0.0,Fallback Simulated Observation
NSR-GRID-065,LC08_L2SP_176039_20251007_20251115_02_T1,2025-10-07,44914.594075354034,44914.682840896625,44917.23705526124,-1.0,1.0,277,0.0,Fallback Simulated Observation
NSR-GRID-066,LC08_L2SP_176039_20251007_20251115_02_T1,2025-10-07,9647.128780532665,9647.22119671505,9650.213853244026,-1.0,1.0,277,0.0,Fallback Simulated Observation
NSR-GRID-067,LC08_L2SP_176039_20251007_20251115_02_T1,2025-10-07,13826.93878410576,13826.828768682462,13828.445615468569,-1.0,1.0,277,0.0,Fallback Simulated Observation
NSR-GRID-068,LC08_L2SP_176039_20251007_20251115_02_T1,2025-10-07,45238.803838008906,45238.81263489101,45240.79261426755,-1.0,1.0,277,0.0,Fallback Simulated Observation
NSR-GRID-069,LC08_L2SP_176039_20251007_20251115_02_T1,2025-10-07,28054.095362675158,28054.18027288623,28055.74842779073,-1.0,1.0,277,0.0,Fallback Simulated Observation
NSR-GRID-070,LC08_L2SP_176039_20251007_20251115_02_T1,2025-10-07,23945.846484708272,23945.74634100062,23948.79786913432,-1.0,1.0,277,0.0,Fallback Simulated Observation
NSR-GRID-071,LC08_L2SP_176039_20251007_20251115_02_T1,2025-10-07,15919.083270959696,15919.017238845749,15921.738632801664,-1.0,1.0,277,0.0,Fallback Simulated Observation
NSR-GRID-072,LC08_L2SP_176039_20251007_20251115_02_T1,2025-10-07,3444.831575211862,3444.970251018475,3446.521236257832,-1.0,1.0,277,0.0,Fallback Simulated Observation
NSR-GRID-073,LC08_L2SP_176039_20251007_20251115_02_T1,2025-10-07,3104.379085361666,3104.3398840976743,3106.8971943442925,-1.0,1.0,277,0.0,Fallback Simulated Observation
NSR-GRID-074,LC08_L2SP_176039_20251007_20251115_02_T1,2025-10-07,1042.3516157822799,1042.5450863821231,1045.3501069126446,-1.0,1.0,277,0.0,Fallback Simulated Observation
NSR-GRID-075,LC08_L2SP_176039_20251007_20251115_02_T1,2025-10-07,4291.6492112031365,4291.690076484285,4293.069541001703,-1.0,1.0,277,0.0,Fallback Simulated Observation
NSR-GRID-076,LC08_L2SP_176039_20251007_20251115_02_T1,2025-10-07,109.55536312085572,109.4685190179305,111.26894527757733,-0.6249199724452733,1.0,277,0.0,Fallback Simulated Observation
NSR-GRID-077,LC08_L2SP_176039_20251007_20251115_02_T1,2025-10-07,107.04577045085753,107.16935161285822,107.71552741929767,-0.5850941189674355,1.0,277,0.0,Fallback Simulated Observation
NSR-GRID-078,LC08_L2SP_176039_20251007_20251115_02_T1,2025-10-07,31754.394328233535,31754.508990625192,31756.79117469445,-1.0,1.0,277,0.0,Fallback Simulated Observation
NSR-GRID-079,LC08_L2SP_176039_20251007_20251115_02_T1,2025-10-07,1143.8567642833054,1143.8827923339638,1145.1903226115746,-1.0,1.0,277,0.0,Fallback Simulated Observation
NSR-GRID-080,LC08_L2SP_176039_20251007_20251115_02_T1,2025-10-07,41277.64039568663,41277.6481430585,41281.05242532286,-1.0,1.0,277,0.0,Fallback Simulated Observation
NSR-GRID-081,LC08_L2SP_176039_20251007_20251115_02_T1,2025-10-07,128.31351087577724,128.41703580924963,130.08169678645905,-0.8455264502136064,1.0,277,0.0,Fallback Simulated Observation
NSR-GRID-082,LC08_L2SP_176039_20251007_20251115_02_T1,2025-10-07,43669.26373262329,43669.19745417541,43671.212851715965,-1.0,1.0,277,0.0,Fallback Simulated Observation
NSR-GRID-083,LC08_L2SP_176039_20251007_20251115_02_T1,2025-10-07,41690.25526070608,41690.26219513978,41692.56617230776,-1.0,1.0,277,0.0,Fallback Simulated Observation
NSR-GRID-084,LC08_L2SP_176039_20251007_20251115_02_T1,2025-10-07,41600.238436342814,41600.15716354712,41602.609382677685,-1.0,1.0,277,0.0,Fallback Simulated Observation
NSR-GRID-085,LC08_L2SP_176039_20251007_20251115_02_T1,2025-10-07,42500.962246292125,42500.84741996325,42503.582135901765,-1.0,1.0,277,0.0,Fallback Simulated Observation
NSR-GRID-086,LC08_L2SP_176039_20251007_20251115_02_T1,2025-10-07,41149.4100939075,41149.25644154601,41152.50838080834,-1.0,1.0,277,0.0,Fallback Simulated Observation
NSR-GRID-087,LC08_L2SP_176039_20251007_20251115_02_T1,2025-10-07,42627.44808876421,42627.315441551385,42630.05150754747,-1.0,1.0,277,0.0,Fallback Simulated Observation
NSR-GRID-088,LC08_L2SP_176039_20251007_20251115_02_T1,2025-10-07,31021.36703081343,31021.341446699742,31022.62633543097,-1.0,1.0,277,0.0,Fallback Simulated Observation
NSR-GRID-089,LC08_L2SP_176039_20251007_20251115_02_T1,2025-10-07,36188.064140794726,36188.03073307163,36189.12976261197,-1.0,1.0,277,0.0,Fallback Simulated Observation
NSR-GRID-090,LC08_L2SP_176039_20251007_20251115_02_T1,2025-10-07,26954.498282344543,26954.51724843225,26956.30034526267,-1.0,1.0,277,0.0,Fallback Simulated Observation
NSR-GRID-091,LC08_L2SP_176039_20251007_20251115_02_T1,2025-10-07,21946.44164658207,21946.579791989938,21948.854711322758,-1.0,1.0,277,0.0,Fallback Simulated Observation
NSR-GRID-092,LC08_L2SP_176039_20251007_20251115_02_T1,2025-10-07,47614.400772723515,47614.45756689782,47614.94200938555,-1.0,1.0,277,0.0,Fallback Simulated Observation
NSR-GRID-093,LC08_L2SP_176039_20251007_20251115_02_T1,2025-10-07,26776.605633078994,26776.52245085817,26777.293211966222,-1.0,1.0,277,0.0,Fallback Simulated Observation
NSR-GRID-094,LC08_L2SP_176039_20251007_20251115_02_T1,2025-10-07,36338.80883564713,36338.90854502268,36339.55228318273,-1.0,1.0,277,0.0,Fallback Simulated Observation
NSR-GRID-095,LC08_L2SP_176039_20251007_20251115_02_T1,2025-10-07,26478.56339523582,26478.637663477653,26479.66424128942,-1.0,1.0,277,0.0,Fallback Simulated Observation
NSR-GRID-096,LC08_L2SP_176039_20251007_20251115_02_T1,2025-10-07,38004.991017157336,38005.162210876915,38005.69639331534,-1.0,1.0,277,0.0,Fallback Simulated Observation
NSR-GRID-097,LC08_L2SP_176039_20251007_20251115_02_T1,2025-10-07,33935.01235994987,33935.24874719933,33936.31892049302,-1.0,1.0,277,0.0,Fallback Simulated Observation
NSR-GRID-098,LC08_L2SP_176039_20251007_20251115_02_T1,2025-10-07,38239.78256615308,38239.84668481932,38241.645602422286,-1.0,1.0,277,0.0,Fallback Simulated Observation
NSR-GRID-099,LC08_L2SP_176039_20251007_20251115_02_T1,2025-10-07,32645.92002975435,32646.09196754497,32647.747666298794,-1.0,1.0,277,0.0,Fallback Simulated Observation
NSR-GRID-100,LC08_L2SP_176039_20251007_20251115_02_T1,2025-10-07,8759.530080593968,8759.352730160574,8760.095820580293,-1.0,1.0,277,0.0,Fallback Simulated Observation
NSR-GRID-101,LC08_L2SP_176039_20251007_20251115_02_T1,2025-10-07,4473.3442960740895,4473.275323296683,4476.625627960665,-1.0,1.0,277,0.0,Fallback Simulated Observation
NSR-GRID-102,LC08_L2SP_176039_20251007_20251115_02_T1,2025-10-07,251.20454744412743,251.1027224796946,252.4852572380831,-1.0,1.0,277,0.0,Fallback Simulated Observation
NSR-GRID-103,LC08_L2SP_176039_20251007_20251115_02_T1,2025-10-07,1565.6650264638074,1565.6990315932644,1568.6074035205809,-1.0,1.0,277,0.0,Fallback Simulated Observation
NSR-GRID-104,LC08_L2SP_176039_20251007_20251115_02_T1,2025-10-07,3105.3590094717147,3105.2473020574685,3106.6088803109074,-1.0,1.0,277,0.0,Fallback Simulated Observation
NSR-GRID-105,LC08_L2SP_176039_20251007_20251115_02_T1,2025-10-07,41633.69235406828,41633.5601082726,41636.678020862,-1.0,1.0,277,0.0,Fallback Simulated Observation
NSR-GRID-106,LC08_L2SP_176039_20251007_20251115_02_T1,2025-10-07,1092.9011684619443,1092.7648311994722,1094.91807092221,-1.0,1.0,277,0.0,Fallback Simulated Observation
NSR-GRID-107,LC08_L2SP_176039_20251007_20251115_02_T1,2025-10-07,44157.74718746213,44158.04571336239,44158.82877666594,-1.0,1.0,277,0.0,Fallback Simulated Observation
NSR-GRID-108,LC08_L2SP_176039_20251007_20251115_02_T1,2025-10-07,44316.76887789835,44316.78534341389,44319.513945459345,-1.0,1.0,277,0.0,Fallback Simulated Observation
NSR-GRID-109,LC08_L2SP_176039_20251007_20251115_02_T1,2025-10-07,52872.19467260616,52872.10203449316,52873.23243237338,-1.0,1.0,277,0.0,Fallback Simulated Observation
NSR-GRID-110,LC08_L2SP_176039_20251007_20251115_02_T1,2025-10-07,46810.08064081477,46810.255104732096,46811.064729217935,-1.0,1.0,277,0.0,Fallback Simulated Observation
NSR-GRID-111,LC08_L2SP_176039_20251007_20251115_02_T1,2025-10-07,46562.06597559366,46562.03512731481,46564.123649306,-1.0,1.0,277,0.0,Fallback Simulated Observation
NSR-GRID-112,LC08_L2SP_176039_20251007_20251115_02_T1,2025-10-07,47346.8554330036,47346.79614035029,47348.058043116376,-1.0,1.0,277,0.0,Fallback Simulated Observation
NSR-GRID-113,LC08_L2SP_176039_20251007_20251115_02_T1,2025-10-07,48704.70994647332,48704.521954034804,48706.832661484834,-1.0,1.0,277,0.0,Fallback Simulated Observation
NSR-GRID-114,LC08_L2SP_176039_20251007_20251115_02_T1,2025-10-07,49737.716481189374,49737.586764327185,49739.452355474474,-1.0,1.0,277,0.0,Fallback Simulated Observation
NSR-GRID-115,LC08_L2SP_176039_20251007_20251115_02_T1,2025-10-07,45083.59302832372,45083.60159703986,45085.90994199169,-1.0,1.0,277,0.0,Fallback Simulated Observation
NSR-GRID-116,LC08_L2SP_176039_20251007_20251115_02_T1,2025-10-07,31721.288254536026,31721.207647780153,31722.407010877534,-1.0,1.0,277,0.0,Fallback Simulated Observation
NSR-GRID-117,LC08_L2SP_176039_20251007_20251115_02_T1,2025-10-07,16020.232891956748,16020.088032815285,16021.990706940247,-1.0,1.0,277,0.0,Fallback Simulated Observation
NSR-GRID-118,LC08_L2SP_176039_20251007_20251115_02_T1,2025-10-07,15511.608055255578,15511.703902908339,15514.173950143502,-1.0,1.0,277,0.0,Fallback Simulated Observation
NSR-GRID-119,LC08_L2SP_176039_20251007_20251115_02_T1,2025-10-07,52099.9194856062,52099.95840152577,52102.949464109566,-1.0,1.0,277,0.0,Fallback Simulated Observation
NSR-GRID-120,LC08_L2SP_176039_20251007_20251115_02_T1,2025-10-07,53406.31005133408,53406.45306689774,53407.360377923294,-1.0,1.0,277,0.0,Fallback Simulated Observation
NSR-GRID-121,LC08_L2SP_176039_20251007_20251115_02_T1,2025-10-07,47471.59286642958,47471.54713626407,47474.79818851522,-1.0,1.0,277,0.0,Fallback Simulated Observation
NSR-GRID-122,LC08_L2SP_176039_20251007_20251115_02_T1,2025-10-07,45334.19537965499,45334.19980645233,45334.895073838736,-1.0,1.0,277,0.0,Fallback Simulated Observation
NSR-GRID-123,LC08_L2SP_176039_20251007_20251115_02_T1,2025-10-07,47619.90219847803,47619.85300823327,47621.70261517629,-1.0,1.0,277,0.0,Fallback Simulated Observation
NSR-GRID-124,LC08_L2SP_176039_20251007_20251115_02_T1,2025-10-07,42293.28560764815,42293.13851677243,42293.99174868132,-1.0,1.0,277,0.0,Fallback Simulated Observation
NSR-GRID-125,LC08_L2SP_176039_20251007_20251115_02_T1,2025-10-07,12782.42662857875,12782.554116082878,12785.052925544438,-1.0,1.0,277,0.0,Fallback Simulated Observation
NSR-GRID-126,LC08_L2SP_176039_20251007_20251115_02_T1,2025-10-07,5224.348282602403,5224.499583529003,5225.047672579732,-1.0,1.0,277,0.0,Fallback Simulated Observation
NSR-GRID-127,LC08_L2SP_176039_20251007_20251115_02_T1,2025-10-07,296.7639463845091,296.84285205324665,299.6729526003826,-1.0,1.0,277,0.0,Fallback Simulated Observation
NSR-GRID-128,LC08_L2SP_176039_20251007_20251115_02_T1,2025-10-07,28492.71569093359,28492.868309565325,28495.442450495186,-1.0,1.0,277,0.0,Fallback Simulated Observation
NSR-GRID-129,LC08_L2SP_176039_20251007_20251115_02_T1,2025-10-07,4931.06599215397,4931.112310633497,4934.290677620071,-1.0,1.0,277,0.0,Fallback Simulated Observation
NSR-GRID-130,LC08_L2SP_176039_20251007_20251115_02_T1,2025-10-07,40953.94686987484,40953.97792900073,40956.183290138375,-1.0,1.0,277,0.0,Fallback Simulated Observation
NSR-GRID-131,LC08_L2SP_176039_20251007_20251115_02_T1,2025-10-07,185.63486060763998,185.61305601810074,186.94768870258906,-1.0,1.0,277,0.0,Fallback Simulated Observation
NSR-GRID-132,LC08_L2SP_176039_20251007_20251115_02_T1,2025-10-07,49198.069942260416,49198.001203829204,49199.84449478902,-1.0,1.0,277,0.0,Fallback Simulated Observation
NSR-GRID-133,LC08_L2SP_176039_20251007_20251115_02_T1,2025-10-07,51305.34551409723,51305.49744248959,51308.31100693699,-1.0,1.0,277,0.0,Fallback Simulated Observation
NSR-GRID-134,LC08_L2SP_176039_20251007_20251115_02_T1,2025-10-07,45592.42412820782,45592.31427312374,45593.7163141619,-1.0,1.0,277,0.0,Fallback Simulated Observation
NSR-GRID-135,LC08_L2SP_176039_20251007_20251115_02_T1,2025-10-07,47534.779666284034,47534.690159299804,47535.85244603925,-1.0,1.0,277,0.0,Fallback Simulated Observation
NSR-GRID-136,LC08_L2SP_176039_20251007_20251115_02_T1,2025-10-07,27020.502325860096,27020.564113340144,27022.98823269448,-1.0,1.0,277,0.0,Fallback Simulated Observation
NSR-GRID-137,LC08_L2SP_176039_20251007_20251115_02_T1,2025-10-07,48627.54944140752,48627.60764406423,48628.31459624848,-1.0,1.0,277,0.0,Fallback Simulated Observation
NSR-GRID-138,LC08_L2SP_176039_20251007_20251115_02_T1,2025-10-07,48585.24549687559,48585.23885811383,48586.52422622342,-1.0,1.0,277,0.0,Fallback Simulated Observation
NSR-GRID-139,LC08_L2SP_176039_20251007_20251115_02_T1,2025-10-07,40651.59687802083,40651.57053319922,40653.06596005809,-1.0,1.0,277,0.0,Fallback Simulated Observation
NSR-GRID-140,LC08_L2SP_176039_20251007_20251115_02_T1,2025-10-07,3588.9626833888974,3589.0271462135292,3591.1927905854704,-1.0,1.0,277,0.0,Fallback Simulated Observation
NSR-GRID-141,LC08_L2SP_176039_20251007_20251115_02_T1,2025-10-07,137.84829986880607,137.82389182143865,138.41557753629223,-0.8860091436078749,1.0,277,0.0,Fallback Simulated Observation
NSR-GRID-142,LC08_L2SP_176039_20251007_20251115_02_T1,2025-10-07,23306.137894020936,23306.201947380097,23308.600920037414,-1.0,1.0,277,0.0,Fallback Simulated Observation
NSR-GRID-143,LC08_L2SP_176039_20251007_20251115_02_T1,2025-10-07,50030.95011058007,50031.05920862259,50033.140296632206,-1.0,1.0,277,0.0,Fallback Simulated Observation
NSR-GRID-144,LC08_L2SP_176039_20251007_20251115_02_T1,2025-10-07,52677.10965731013,52677.285134864615,52680.58169478133,-1.0,1.0,277,0.0,Fallback Simulated Observation
NSR-GRID-145,LC08_L2SP_176039_20251007_20251115_02_T1,2025-10-07,38885.466286041854,38885.61952281432,38886.6529124293,-1.0,1.0,277,0.0,Fallback Simulated Observation
NSR-GRID-146,LC08_L2SP_176039_20251007_20251115_02_T1,2025-10-07,41632.836748448055,41632.892796587934,41634.91978084672,-1.0,1.0,277,0.0,Fallback Simulated Observation
NSR-GRID-147,LC08_L2SP_176039_20251007_20251115_02_T1,2025-10-07,42298.3217261444,42298.334080914,42300.186019172055,-1.0,1.0,277,0.0,Fallback Simulated Observation
NSR-GRID-148,LC08_L2SP_176039_20251007_20251115_02_T1,2025-10-07,32778.990884167695,32778.974847067635,32779.9929552644,-1.0,1.0,277,0.0,Fallback Simulated Observation
NSR-GRID-149,LC08_L2SP_176039_20251007_20251115_02_T1,2025-10-07,45147.25177700415,45147.38592459571,45148.57764164451,-1.0,1.0,277,0.0,Fallback Simulated Observation
NSR-GRID-150,LC08_L2SP_176039_20251007_20251115_02_T1,2025-10-07,27108.186125521344,27108.223474848284,27110.801542958056,-1.0,1.0,277,0.0,Fallback Simulated Observation
NSR-GRID-151,LC08_L2SP_176039_20251007_20251115_02_T1,2025-10-07,1170.3235077967126,1170.3577415801617,1170.8809424007031,-1.0,1.0,277,0.0,Fallback Simulated Observation
NSR-GRID-152,LC08_L2SP_176039_20251007_20251115_02_T1,2025-10-07,39161.24688232164,39161.29685896549,39164.15531512611,-1.0,1.0,277,0.0,Fallback Simulated Observation
NSR-GRID-153,LC08_L2SP_176039_20251007_20251115_02_T1,2025-10-07,49215.4295436943,49215.39988294839,49216.390616822835,-1.0,1.0,277,0.0,Fallback Simulated Observation
NSR-GRID-154,LC08_L2SP_176039_20251007_20251115_02_T1,2025-10-07,49405.70811285594,49405.784640499776,49407.986633397464,-1.0,1.0,277,0.0,Fallback Simulated Observation
NSR-GRID-155,LC08_L2SP_176039_20251007_20251115_02_T1,2025-10-07,50264.40553129442,50264.3603653468,50265.15922742871,-1.0,1.0,277,0.0,Fallback Simulated Observation
NSR-GRID-156,LC08_L2SP_176039_20251007_20251115_02_T1,2025-10-07,47352.84809873372,47352.928016615704,47353.98179422814,-1.0,1.0,277,0.0,Fallback Simulated Observation
NSR-GRID-157,LC08_L2SP_176039_20251007_20251115_02_T1,2025-10-07,44635.692896582696,44635.62973880978,44639.184610282406,-1.0,1.0,277,0.0,Fallback Simulated Observation
NSR-GRID-158,LC08_L2SP_176039_20251007_20251115_02_T1,2025-10-07,49628.070005322676,49628.057993958355,49628.75718752847,-1.0,1.0,277,0.0,Fallback Simulated Observation
NSR-GRID-159,LC08_L2SP_176039_20251007_20251115_02_T1,2025-10-07,49680.074153079695,49679.99949524504,49680.78725774683,-1.0,1.0,277,0.0,Fallback Simulated Observation
NSR-GRID-160,LC08_L2SP_176039_20251007_20251115_02_T1,2025-10-07,49128.573290156695,49128.55019913133,49129.37622447715,-1.0,1.0,277,0.0,Fallback Simulated Observation
NSR-GRID-161,LC08_L2SP_176039_20251007_20251115_02_T1,2025-10-07,39015.47253657441,39015.52048072622,39016.8076420194,-1.0,1.0,277,0.0,Fallback Simulated Observation
NSR-GRID-162,LC08_L2SP_176039_20251007_20251115_02_T1,2025-10-07,28182.368875013355,28182.292756374874,28183.25791194803,-1.0,1.0,277,0.0,Fallback Simulated Observation
NSR-GRID-163,LC08_L2SP_176039_20251007_20251115_02_T1,2025-10-07,36938.87125559522,36938.88939825723,36940.00277641422,-1.0,1.0,277,0.0,Fallback Simulated Observation
NSR-GRID-164,LC08_L2SP_176039_20251007_20251115_02_T1,2025-10-07,43903.05198088192,43903.01395672633,43904.016756815356,-1.0,1.0,277,0.0,Fallback Simulated Observation
NSR-GRID-165,LC08_L2SP_176039_20251007_20251115_02_T1,2025-10-07,50767.562212812445,50767.38362616325,50770.473627483894,-1.0,1.0,277,0.0,Fallback Simulated Observation
NSR-GRID-166,LC08_L2SP_176039_20251007_20251115_02_T1,2025-10-07,43929.76146561595,43929.763269780815,43932.13346107254,-1.0,1.0,277,0.0,Fallback Simulated Observation
NSR-GRID-167,LC08_L2SP_176039_20251007_20251115_02_T1,2025-10-07,45305.163074159034,45305.07976855333,45306.582464563166,-1.0,1.0,277,0.0,Fallback Simulated Observation
NSR-GRID-168,LC08_L2SP_176039_20251007_20251115_02_T1,2025-10-07,44607.18565087896,44607.349766832864,44609.68728789054,-1.0,1.0,277,0.0,Fallback Simulated Observation
NSR-GRID-169,LC08_L2SP_176039_20251007_20251115_02_T1,2025-10-07,33177.13864125704,33176.94587399911,33180.15896549236,-1.0,1.0,277,0.0,Fallback Simulated Observation
NSR-GRID-170,LC08_L2SP_176039_20251007_20251115_02_T1,2025-10-07,24788.405686450653,24788.398212033837,24790.383393662913,-1.0,1.0,277,0.0,Fallback Simulated Observation
NSR-GRID-171,LC08_L2SP_176039_20251007_20251115_02_T1,2025-10-07,5668.247989401267,5668.21133869923,5669.968403804122,-1.0,1.0,277,0.0,Fallback Simulated Observation
NSR-GRID-172,LC08_L2SP_176039_20251007_20251115_02_T1,2025-10-07,589.6357209152861,589.6702154154408,590.7249785629022,-1.0,1.0,277,0.0,Fallback Simulated Observation
NSR-GRID-173,LC08_L2SP_176039_20251007_20251115_02_T1,2025-10-07,2869.9018767807647,2869.885972259725,2871.0913569581576,-1.0,1.0,277,0.0,Fallback Simulated Observation
NSR-GRID-174,LC08_L2SP_176039_20251007_20251115_02_T1,2025-10-07,38056.355927443,38056.39613626882,38058.56855969352,-1.0,1.0,277,0.0,Fallback Simulated Observation
NSR-GRID-175,LC08_L2SP_176039_20251007_20251115_02_T1,2025-10-07,46085.18651420729,46085.13260193698,46088.16364706198,-1.0,1.0,277,0.0,Fallback Simulated Observation
NSR-GRID-176,LC08_L2SP_176039_20251007_20251115_02_T1,2025-10-07,46377.68143210812,46377.725940755256,46378.61043547611,-1.0,1.0,277,0.0,Fallback Simulated Observation
NSR-GRID-177,LC08_L2SP_176039_20251007_20251115_02_T1,2025-10-07,43823.03062390672,43823.00757144421,43825.20097863951,-1.0,1.0,277,0.0,Fallback Simulated Observation
NSR-GRID-178,LC08_L2SP_176039_20251007_20251115_02_T1,2025-10-07,46479.98899957903,46479.89121585899,46481.150512369335,-1.0,1.0,277,0.0,Fallback Simulated Observation
NSR-GRID-179,LC08_L2SP_176039_20251007_20251115_02_T1,2025-10-07,45421.420153871906,45421.33148577968,45421.92211404419,-1.0,1.0,277,0.0,Fallback Simulated Observation
NSR-GRID-180,LC08_L2SP_176039_20251007_20251115_02_T1,2025-10-07,47473.99117780126,47474.06006689451,47474.94732350353,-1.0,1.0,277,0.0,Fallback Simulated Observation
NSR-GRID-181,LC08_L2SP_176039_20251007_20251115_02_T1,2025-10-07,44907.604309362054,44907.513341020356,44910.86652831308,-1.0,1.0,277,0.0,Fallback Simulated Observation
NSR-GRID-182,LC08_L2SP_176039_20251007_20251115_02_T1,2025-10-07,48645.42970687026,48645.51870562648,48647.328605109076,-1.0,1.0,277,0.0,Fallback Simulated Observation
NSR-GRID-183,LC08_L2SP_176039_20251007_20251115_02_T1,2025-10-07,44117.53093942142,44117.480966403804,44119.82167149306,-1.0,1.0,277,0.0,Fallback Simulated Observation
NSR-GRID-184,LC08_L2SP_176039_20251007_20251115_02_T1,2025-10-07,43639.66221930599,43639.5512189488,43641.69396157837,-1.0,1.0,277,0.0,Fallback Simulated Observation
NSR-GRID-185,LC08_L2SP_176039_20251007_20251115_02_T1,2025-10-07,34768.16598339551,34768.55860716615,34768.81671242498,-1.0,1.0,277,0.0,Fallback Simulated Observation
NSR-GRID-186,LC08_L2SP_176039_20251007_20251115_02_T1,2025-10-07,47530.57048402096,47530.54861857981,47531.55252277509,-1.0,1.0,277,0.0,Fallback Simulated Observation
NSR-GRID-187,LC08_L2SP_176039_20251007_20251115_02_T1,2025-10-07,52114.547727007324,52114.580677880884,52116.87268550735,-1.0,1.0,277,0.0,Fallback Simulated Observation
NSR-GRID-188,LC08_L2SP_176039_20251007_20251115_02_T1,2025-10-07,51677.36057653403,51677.31186073177,51679.03685726475,-1.0,1.0,277,0.0,Fallback Simulated Observation
NSR-GRID-189,LC08_L2SP_176039_20251007_20251115_02_T1,2025-10-07,48184.26988947019,48184.345681655184,48186.802068859855,-1.0,1.0,277,0.0,Fallback Simulated Observation
NSR-GRID-190,LC08_L2SP_176039_20251007_20251115_02_T1,2025-10-07,37600.966295808495,37600.94967366003,37601.52376226515,-1.0,1.0,277,0.0,Fallback Simulated Observation
NSR-GRID-191,LC08_L2SP_176039_20251007_20251115_02_T1,2025-10-07,22863.16203159668,22863.23653212797,22864.69728283322,-1.0,1.0,277,0.0,Fallback Simulated Observation
NSR-GRID-192,LC08_L2SP_176039_20251007_20251115_02_T1,2025-10-07,4014.603133635771,4014.456911161802,4017.1386335406487,-1.0,1.0,277,0.0,Fallback Simulated Observation
NSR-GRID-193,LC08_L2SP_176039_20251007_20251115_02_T1,2025-10-07,48570.85968974777,48570.955219803596,48572.20453787409,-1.0,1.0,277,0.0,Fallback Simulated Observation
NSR-GRID-194,LC08_L2SP_176039_20251007_20251115_02_T1,2025-10-07,14127.124735282665,14126.99679823308,14127.861553491504,-1.0,1.0,277,0.0,Fallback Simulated Observation
NSR-GRID-195,LC08_L2SP_176039_20251007_20251115_02_T1,2025-10-07,43351.501092058905,43351.45444252098,43354.807545599484,-1.0,1.0,277,0.0,Fallback Simulated Observation
NSR-GRID-196,LC08_L2SP_176039_20251007_20251115_02_T1,2025-10-07,12838.693638188997,12838.723477373655,12842.09786733335,-1.0,1.0,277,0.0,Fallback Simulated Observation
NSR-GRID-197,LC08_L2SP_176039_20251007_20251115_02_T1,2025-10-07,41983.473441193455,41983.310393869084,41985.95918209136,-1.0,1.0,277,0.0,Fallback Simulated Observation
NSR-GRID-198,LC08_L2SP_176039_20251007_20251115_02_T1,2025-10-07,30866.157325570475,30866.173991739182,30869.109549112392,-1.0,1.0,277,0.0,Fallback Simulated Observation
NSR-GRID-199,LC08_L2SP_176039_20251007_20251115_02_T1,2025-10-07,51005.30548001262,51005.2818244839,51008.492168557015,-1.0,1.0,277,0.0,Fallback Simulated Observation
NSR-GRID-200,LC08_L2SP_176039_20251007_20251115_02_T1,2025-10-07,52034.093063167675,52034.185460213535,52035.1648926669,-1.0,1.0,277,0.0,Fallback Simulated Observation
NSR-GRID-201,LC08_L2SP_176039_20251007_20251115_02_T1,2025-10-07,48291.43689842246,48291.41101298242,48292.29657170288,-1.0,1.0,277,0.0,Fallback Simulated Observation
NSR-GRID-202,LC08_L2SP_176039_20251007_20251115_02_T1,2025-10-07,46579.65022998722,46579.46516682305,46581.05005619655,-1.0,1.0,277,0.0,Fallback Simulated Observation
NSR-GRID-203,LC08_L2SP_176039_20251007_20251115_02_T1,2025-10-07,40799.01404143762,40799.02461681675,40800.54591449729,-1.0,1.0,277,0.0,Fallback Simulated Observation
NSR-GRID-204,LC08_L2SP_176039_20251007_20251115_02_T1,2025-10-07,46351.33514616654,46351.416135098705,46354.53030556629,-1.0,1.0,277,0.0,Fallback Simulated Observation
NSR-GRID-205,LC08_L2SP_176039_20251007_20251115_02_T1,2025-10-07,42000.95695389502,42000.96629113245,42003.18752603842,-1.0,1.0,277,0.0,Fallback Simulated Observation
NSR-GRID-206,LC08_L2SP_176039_20251007_20251115_02_T1,2025-10-07,48885.936475729795,48885.868531637505,48888.65307576119,-1.0,1.0,277,0.0,Fallback Simulated Observation
NSR-GRID-207,LC08_L2SP_176039_20251007_20251115_02_T1,2025-10-07,49636.069943083625,49636.07769113548,49637.08751471446,-1.0,1.0,277,0.0,Fallback Simulated Observation
NSR-GRID-208,LC08_L2SP_176039_20251007_20251115_02_T1,2025-10-07,52343.63185250436,52343.67691805989,52345.1744088903,-1.0,1.0,277,0.0,Fallback Simulated Observation
NSR-GRID-209,LC08_L2SP_176039_20251007_20251115_02_T1,2025-10-07,51485.23544080241,51485.1018926455,51486.494015157165,-1.0,1.0,277,0.0,Fallback Simulated Observation
NSR-GRID-210,LC08_L2SP_176039_20251007_20251115_02_T1,2025-10-07,51370.9950019901,51371.03834085167,51372.92705318447,-1.0,1.0,277,0.0,Fallback Simulated Observation
NSR-GRID-211,LC08_L2SP_176039_20251007_20251115_02_T1,2025-10-07,50802.00780469569,50802.11164258079,50803.13498281681,-1.0,1.0,277,0.0,Fallback Simulated Observation
NSR-GRID-212,LC08_L2SP_176039_20251007_20251115_02_T1,2025-10-07,31489.51738917273,31489.510922419733,31490.68110526207,-1.0,1.0,277,0.0,Fallback Simulated Observation
NSR-GRID-213,LC08_L2SP_176039_20251007_20251115_02_T1,2025-10-07,22690.36701529098,22690.482405364404,22692.24438736084,-1.0,1.0,277,0.0,Fallback Simulated Observation
NSR-GRID-214,LC08_L2SP_176039_20251007_20251115_02_T1,2025-10-07,52173.328455877854,52173.52417333122,52173.92643306021,-1.0,1.0,277,0.0,Fallback Simulated Observation
NSR-GRID-215,LC08_L2SP_176039_20251007_20251115_02_T1,2025-10-07,44539.72411474138,44539.625885337955,44543.137567463484,-1.0,1.0,277,0.0,Fallback Simulated Observation
NSR-GRID-216,LC08_L2SP_176039_20251007_20251115_02_T1,2025-10-07,42122.235835449595,42122.16517939171,42123.08491090509,-1.0,1.0,277,0.0,Fallback Simulated Observation
NSR-GRID-217,LC08_L2SP_176039_20251007_20251115_02_T1,2025-10-07,50688.16193913023,50688.18436077066,50689.725937745185,-1.0,1.0,277,0.0,Fallback Simulated Observation
NSR-GRID-218,LC08_L2SP_176039_20251007_20251115_02_T1,2025-10-07,47738.68613728531,47738.72889901347,47741.02163034562,-1.0,1.0,277,0.0,Fallback Simulated Observation
NSR-GRID-219,LC08_L2SP_176039_20251007_20251115_02_T1,2025-10-07,44418.394884672976,44418.316509320866,44420.1344022246,-1.0,1.0,277,0.0,Fallback Simulated Observation
NSR-GRID-220,LC08_L2SP_176039_20251007_20251115_02_T1,2025-10-07,42644.303301586086,42644.235363129104,42645.34863818774,-1.0,1.0,277,0.0,Fallback Simulated Observation
NSR-GRID-221,LC08_L2SP_176039_20251007_20251115_02_T1,2025-10-07,55660.98156573716,55660.928632525916,55661.98617670446,-1.0,1.0,277,0.0,Fallback Simulated Observation
NSR-GRID-222,LC08_L2SP_176039_20251007_20251115_02_T1,2025-10-07,38257.9516343357,38257.793999164816,38260.64609341481,-1.0,1.0,277,0.0,Fallback Simulated Observation
NSR-GRID-223,LC08_L2SP_176039_20251007_20251115_02_T1,2025-10-07,52118.98144312875,52119.15169459456,52121.73863677566,-1.0,1.0,277,0.0,Fallback Simulated Observation
NSR-GRID-224,LC08_L2SP_176039_20251007_20251115_02_T1,2025-10-07,52335.367845013396,52335.31758305201,52338.34125956621,-1.0,1.0,277,0.0,Fallback Simulated Observation
NSR-GRID-225,LC08_L2SP_176039_20251007_20251115_02_T1,2025-10-07,43256.6484205197,43256.66245650668,43258.44232563872,-1.0,1.0,277,0.0,Fallback Simulated Observation
NSR-GRID-226,LC08_L2SP_176039_20251007_20251115_02_T1,2025-10-07,39479.79903356849,39479.751707063806,39481.75109528602,-1.0,1.0,277,0.0,Fallback Simulated Observation
NSR-GRID-227,LC08_L2SP_176039_20251007_20251115_02_T1,2025-10-07,52900.10878059484,52900.18475182439,52900.72658883756,-1.0,1.0,277,0.0,Fallback Simulated Observation
NSR-GRID-228,LC08_L2SP_176039_20251007_20251115_02_T1,2025-10-07,54493.05622290263,54492.93834123861,54495.97251303177,-1.0,1.0,277,0.0,Fallback Simulated Observation
NSR-GRID-229,LC08_L2SP_176039_20251007_20251115_02_T1,2025-10-07,53576.574418437835,53576.659974003735,53580.04541534922,-1.0,1.0,277,0.0,Fallback Simulated Observation
NSR-GRID-230,LC08_L2SP_176039_20251007_20251115_02_T1,2025-10-07,48704.9014207371,48705.01019472142,48705.762583473464,-1.0,1.0,277,0.0,Fallback Simulated Observation
NSR-GRID-231,LC08_L2SP_176039_20251007_20251115_02_T1,2025-10-07,13075.470940233285,13075.283958599332,13077.222520488978,-1.0,1.0,277,0.0,Fallback Simulated Observation
NSR-GRID-232,LC08_L2SP_176039_20251007_20251115_02_T1,2025-10-07,46020.128964352945,46020.081365492704,46023.32285829349,-1.0,1.0,277,0.0,Fallback Simulated Observation
NSR-GRID-233,LC08_L2SP_176039_20251007_20251115_02_T1,2025-10-07,49520.50866314609,49520.674203857394,49521.49772048753,-1.0,1.0,277,0.0,Fallback Simulated Observation
NSR-GRID-234,LC08_L2SP_176039_20251007_20251115_02_T1,2025-10-07,49895.99705992847,49895.98643777909,49896.61523542955,-1.0,1.0,277,0.0,Fallback Simulated Observation
NSR-GRID-235,LC08_L2SP_176039_20251007_20251115_02_T1,2025-10-07,47708.152869901285,47708.11172058683,47708.68677751105,-1.0,1.0,277,0.0,Fallback Simulated Observation
NSR-GRID-236,LC08_L2SP_176039_20251007_20251115_02_T1,2025-10-07,35318.04209873341,35317.991714058124,35319.7351519767,-1.0,1.0,277,0.0,Fallback Simulated Observation
NSR-GRID-237,LC08_L2SP_176039_20251007_20251115_02_T1,2025-10-07,6324.231920841263,6324.129804595506,6325.546396848891,-1.0,1.0,277,0.0,Fallback Simulated Observation
NSR-GRID-238,LC08_L2SP_176039_20251007_20251115_02_T1,2025-10-07,23663.03924347556,23663.046236402275,23664.817607189416,-1.0,1.0,277,0.0,Fallback Simulated Observation
NSR-GRID-239,LC08_L2SP_176039_20251007_20251115_02_T1,2025-10-07,32298.57151223175,32298.500294845333,32301.523428168388,-1.0,1.0,277,0.0,Fallback Simulated Observation
NSR-GRID-240,LC08_L2SP_176039_20251007_20251115_02_T1,2025-10-07,28300.389391597793,28300.31188817885,28301.043273144736,-1.0,1.0,277,0.0,Fallback Simulated Observation
NSR-GRID-241,LC08_L2SP_176039_20251007_20251115_02_T1,2025-10-07,42198.527965107525,42198.36483752598,42200.617786868315,-1.0,1.0,277,0.0,Fallback Simulated Observation
NSR-GRID-242,LC08_L2SP_176039_20251007_20251115_02_T1,2025-10-07,51451.315750061716,51451.3871819553,51452.2774497758,-1.0,1.0,277,0.0,Fallback Simulated Observation
NSR-GRID-243,LC08_L2SP_176039_20251007_20251115_02_T1,2025-10-07,35542.63291148339,35542.45772860272,35545.17200313389,-1.0,1.0,277,0.0,Fallback Simulated Observation
NSR-GRID-244,LC08_L2SP_176039_20251007_20251115_02_T1,2025-10-07,3741.39714888523,3741.2833681692646,3742.6766332990505,-1.0,1.0,277,0.0,Fallback Simulated Observation
NSR-GRID-245,LC08_L2SP_176039_20251007_20251115_02_T1,2025-10-07,22814.351734480853,22814.301594266166,22816.86888601073,-1.0,1.0,277,0.0,Fallback Simulated Observation
NSR-GRID-246,LC08_L2SP_176039_20251007_20251115_02_T1,2025-10-07,41136.193992841996,41136.31222812641,41137.16294375412,-1.0,1.0,277,0.0,Fallback Simulated Observation
NSR-GRID-247,LC08_L2SP_176039_20251007_20251115_02_T1,2025-10-07,34958.60285623789,34958.69222600683,34959.34654514231,-1.0,1.0,277,0.0,Fallback Simulated Observation
NSR-GRID-248,LC08_L2SP_176039_20251007_20251115_02_T1,2025-10-07,38479.62528659844,38479.6476614304,38480.9936051633,-1.0,1.0,277,0.0,Fallback Simulated Observation
NSR-GRID-249,LC08_L2SP_176039_20251007_20251115_02_T1,2025-10-07,44616.185720498004,44615.99771949461,44617.67657450051,-1.0,1.0,277,0.0,Fallback Simulated Observation
NSR-GRID-250,LC08_L2SP_176039_20251007_20251115_02_T1,2025-10-07,9133.152300122341,9133.206582957468,9135.320872200231,-1.0,1.0,277,0.0,Fallback Simulated Observation
NSR-GRID-251,LC08_L2SP_176039_20251007_20251115_02_T1,2025-10-07,47797.565748060035,47797.64876724122,47800.66243520955,-1.0,1.0,277,0.0,Fallback Simulated Observation
NSR-GRID-252,LC08_L2SP_176039_20251007_20251115_02_T1,2025-10-07,51148.51424658676,51148.68309080233,51150.82369694713,-1.0,1.0,277,0.0,Fallback Simulated Observation
NSR-GRID-253,LC08_L2SP_176039_20251007_20251115_02_T1,2025-10-07,48250.17571302327,48250.123268209645,48252.98145701601,-1.0,1.0,277,0.0,Fallback Simulated Observation
NSR-GRID-254,LC08_L2SP_176039_20251007_20251115_02_T1,2025-10-07,45159.716995233255,45159.58536822915,45162.458230034645,-1.0,1.0,277,0.0,Fallback Simulated Observation
NSR-GRID-255,LC08_L2SP_176039_20251007_20251115_02_T1,2025-10-07,32056.928840241617,32057.053802132148,32058.864425351374,-1.0,1.0,277,0.0,Fallback Simulated Observation
NSR-GRID-256,LC08_L2SP_176039_20251007_20251115_02_T1,2025-10-07,19010.352385419472,19010.350127625363,19011.097181579487,-1.0,1.0,277,0.0,Fallback Simulated Observation
NSR-GRID-257,LC08_L2SP_176039_20251007_20251115_02_T1,2025-10-07,17301.747286194004,17301.766234176128,17303.135082282315,-1.0,1.0,277,0.0,Fallback Simulated Observation
NSR-GRID-258,LC08_L2SP_176039_20251007_20251115_02_T1,2025-10-07,18795.26510431824,18795.460218523072,18797.265939923866,-1.0,1.0,277,0.0,Fallback Simulated Observation
NSR-GRID-259,LC08_L2SP_176039_20251007_20251115_02_T1,2025-10-07,38932.02911505405,38932.10630706953,38932.95895943016,-1.0,1.0,277,0.0,Fallback Simulated Observation
NSR-GRID-260,LC08_L2SP_176039_20251007_20251115_02_T1,2025-10-07,44877.071638308225,44877.09612024562,44880.27243064183,-1.0,1.0,277,0.0,Fallback Simulated Observation
NSR-GRID-261,LC08_L2SP_176039_20251007_20251115_02_T1,2025-10-07,24273.24797750737,24273.262786449348,24274.635449799858,-1.0,1.0,277,0.0,Fallback Simulated Observation
NSR-GRID-262,LC08_L2SP_176039_20251007_20251115_02_T1,2025-10-07,2953.4845049743003,2953.657988163423,2954.0332353039284,-1.0,1.0,277,0.0,Fallback Simulated Observation
NSR-GRID-263,LC08_L2SP_176039_20251007_20251115_02_T1,2025-10-07,8833.562035363673,8833.75615710732,8835.090228139958,-1.0,1.0,277,0.0,Fallback Simulated Observation
NSR-GRID-264,LC08_L2SP_176039_20251007_20251115_02_T1,2025-10-07,17411.522485456735,17411.456789939097,17414.361948108766,-1.0,1.0,277,0.0,Fallback Simulated Observation
NSR-GRID-265,LC08_L2SP_176039_20251007_20251115_02_T1,2025-10-07,45055.94338554168,45055.956815191406,45059.316280480496,-1.0,1.0,277,0.0,Fallback Simulated Observation
NSR-GRID-266,LC08_L2SP_176039_20251007_20251115_02_T1,2025-10-07,39799.353977151484,39799.26980595688,39800.99391438838,-1.0,1.0,277,0.0,Fallback Simulated Observation
NSR-GRID-267,LC08_L2SP_176039_20251007_20251115_02_T1,2025-10-07,53547.7880898457,53547.76692314751,53549.23284517947,-1.0,1.0,277,0.0,Fallback Simulated Observation
NSR-GRID-268,LC08_L2SP_176039_20251007_20251115_02_T1,2025-10-07,23111.54465009224,23111.553768919624,23115.031356793712,-1.0,1.0,277,0.0,Fallback Simulated Observation
NSR-GRID-269,LC08_L2SP_176039_20251007_20251115_02_T1,2025-10-07,57401.643107352545,57401.53557611324,57403.35121851553,-1.0,1.0,277,0.0,Fallback Simulated Observation
NSR-GRID-270,LC08_L2SP_176039_20251007_20251115_02_T1,2025-10-07,25813.017233968214,25812.977324082833,25815.41442273761,-1.0,1.0,277,0.0,Fallback Simulated Observation
NSR-GRID-271,LC08_L2SP_176039_20251007_20251115_02_T1,2025-10-07,48795.10308013776,48795.209217234245,48797.863496469734,-1.0,1.0,277,0.0,Fallback Simulated Observation
NSR-GRID-272,LC08_L2SP_176039_20251007_20251115_02_T1,2025-10-07,52627.73389776707,52627.87784233859,52628.79381758647,-1.0,1.0,277,0.0,Fallback Simulated Observation
NSR-GRID-273,LC08_L2SP_176039_20251007_20251115_02_T1,2025-10-07,40483.620740166014,40483.66238476982,40484.49738953571,-1.0,1.0,277,0.0,Fallback Simulated Observation
NSR-GRID-274,LC08_L2SP_176039_20251007_20251115_02_T1,2025-10-07,44824.751973689665,44824.760502113015,44825.423054431674,-1.0,1.0,277,0.0,Fallback Simulated Observation
NSR-GRID-275,LC08_L2SP_176039_20251007_20251115_02_T1,2025-10-07,33354.0274969639,33354.05329456202,33356.440819389434,-1.0,1.0,277,0.0,Fallback Simulated Observation
NSR-GRID-276,LC08_L2SP_176039_20251007_20251115_02_T1,2025-10-07,18949.638013577875,18949.530074332164,18951.978927286844,-1.0,1.0,277,0.0,Fallback Simulated Observation
NSR-GRID-277,LC08_L2SP_176039_20251007_20251115_02_T1,2025-10-07,4012.221582750875,4012.0873699760264,4014.1201275242574,-1.0,1.0,277,0.0,Fallback Simulated Observation
NSR-GRID-278,LC08_L2SP_176039_20251007_20251115_02_T1,2025-10-07,21667.66271832357,21667.7436107958,21670.896735893806,-1.0,1.0,277,0.0,Fallback Simulated Observation
NSR-GRID-279,LC08_L2SP_176039_20251007_20251115_02_T1,2025-10-07,22276.2345696573,22276.397416512777,22279.003331031567,-1.0,1.0,277,0.0,Fallback Simulated Observation
NSR-GRID-280,LC08_L2SP_176039_20251007_20251115_02_T1,2025-10-07,6386.648255858542,6386.550374433934,6390.056221295395,-1.0,1.0,277,0.0,Fallback Simulated Observation
NSR-GRID-281,LC08_L2SP_176039_20251007_20251115_02_T1,2025-10-07,155.42346341201656,155.2105900025751,156.4092324319132,-1.0,1.0,277,0.0,Fallback Simulated Observation
NSR-GRID-282,LC08_L2SP_176039_20251007_20251115_02_T1,2025-10-07,6299.535284249846,6299.5113465646955,6302.6851050541245,-1.0,1.0,277,0.0,Fallback Simulated Observation
NSR-GRID-283,LC08_L2SP_176039_20251007_20251115_02_T1,2025-10-07,16637.569505353622,16637.764831267374,16640.014205760046,-1.0,1.0,277,0.0,Fallback Simulated Observation
NSR-GRID-284,LC08_L2SP_176039_20251007_20251115_02_T1,2025-10-07,14308.355978594525,14308.30175036075,14310.60118853679,-1.0,1.0,277,0.0,Fallback Simulated Observation
NSR-GRID-285,LC08_L2SP_176039_20251007_20251115_02_T1,2025-10-07,46920.02873946599,46919.9322856865,46921.01672191131,-1.0,1.0,277,0.0,Fallback Simulated Observation
NSR-GRID-286,LC08_L2SP_176039_20251007_20251115_02_T1,2025-10-07,7471.347129799711,7471.27902428365,7473.632818997869,-1.0,1.0,277,0.0,Fallback Simulated Observation
NSR-GRID-287,LC08_L2SP_176039_20251007_20251115_02_T1,2025-10-07,59691.59329466571,59691.53689991691,59693.714131345274,-1.0,1.0,277,0.0,Fallback Simulated Observation
NSR-GRID-288,LC08_L2SP_176039_20251007_20251115_02_T1,2025-10-07,52753.33495638993,52753.41534832302,52754.723933795634,-1.0,1.0,277,0.0,Fallback Simulated Observation
NSR-GRID-289,LC08_L2SP_176039_20251007_20251115_02_T1,2025-10-07,40917.31754270022,40917.17894390598,40918.05938891573,-1.0,1.0,277,0.0,Fallback Simulated Observation
NSR-GRID-290,LC08_L2SP_176039_20251007_20251115_02_T1,2025-10-07,32408.819949687044,32408.736822609648,32411.21022906763,-1.0,1.0,277,0.0,Fallback Simulated Observation
NSR-GRID-291,LC08_L2SP_176039_20251007_20251115_02_T1,2025-10-07,13337.106884209832,13337.096999689707,13337.979921734124,-1.0,1.0,277,0.0,Fallback Simulated Observation
NSR-GRID-292,LC08_L2SP_176039_20251007_20251115_02_T1,2025-10-07,14620.88818935302,14620.838912080195,14622.937039250613,-1.0,1.0,277,0.0,Fallback Simulated Observation
NSR-GRID-293,LC08_L2SP_176039_20251007_20251115_02_T1,2025-10-07,37033.30277992602,37033.507466145595,37036.23180503482,-1.0,1.0,277,0.0,Fallback Simulated Observation
NSR-GRID-294,LC08_L2SP_176039_20251007_20251115_02_T1,2025-10-07,27068.961851627755,27068.854862094846,27071.393721366097,-1.0,1.0,277,0.0,Fallback Simulated Observation
NSR-GRID-295,LC08_L2SP_176039_20251007_20251115_02_T1,2025-10-07,246.9499054849924,246.97068573572773,248.59955158283415,-1.0,1.0,277,0.0,Fallback Simulated Observation
NSR-GRID-296,LC08_L2SP_176039_20251007_20251115_02_T1,2025-10-07,99.3134829150871,99.43431769684446,100.87279158190228,-0.508338453588542,1.0,277,0.0,Fallback Simulated Observation
NSR-GRID-297,LC08_L2SP_176039_20251007_20251115_02_T1,2025-10-07,255.56674537853874,255.67687767431232,258.41996179817716,-1.0,1.0,277,0.0,Fallback Simulated Observation
NSR-GRID-298,LC08_L2SP_176039_20251007_20251115_02_T1,2025-10-07,567.4478292888242,567.5055086712156,569.7630978444458,-1.0,1.0,277,0.0,Fallback Simulated Observation
NSR-GRID-299,LC08_L2SP_176039_20251007_20251115_02_T1,2025-10-07,465.1272026120493,465.1564741602635,465.80596390410875,-1.0,1.0,277,0.0,Fallback Simulated Observation
NSR-GRID-300,LC08_L2SP_176039_20251007_20251115_02_T1,2025-10-07,33809.475374017195,33809.488601296245,33811.97493994727,-1.0,1.0,277,0.0,Fallback Simulated Observation
NSR-GRID-301,LC08_L2SP_176039_20251007_20251115_02_T1,2025-10-07,44690.28951183252,44690.24815026596,44691.39639367999,-1.0,1.0,277,0.0,Fallback Simulated Observation
NSR-GRID-302,LC08_L2SP_176039_20251007_20251115_02_T1,2025-10-07,17439.251352901912,17439.001503543124,17441.201235756813,-1.0,1.0,277,0.0,Fallback Simulated Observation
NSR-GRID-303,LC08_L2SP_176039_20251007_20251115_02_T1,2025-10-07,3153.831567891237,3153.714402456505,3154.5176921421066,-1.0,1.0,277,0.0,Fallback Simulated Observation
NSR-GRID-304,LC08_L2SP_176039_20251007_20251115_02_T1,2025-10-07,27974.73668761916,27974.754386250304,27976.91030864614,-1.0,1.0,277,0.0,Fallback Simulated Observation
NSR-GRID-305,LC08_L2SP_176039_20251007_20251115_02_T1,2025-10-07,44103.02981102361,44103.04300382029,44106.36772369315,-1.0,1.0,277,0.0,Fallback Simulated Observation
NSR-GRID-306,LC08_L2SP_176039_20251007_20251115_02_T1,2025-10-07,47893.591987785476,47893.603947811745,47895.166406935066,-1.0,1.0,277,0.0,Fallback Simulated Observation
NSR-GRID-307,LC08_L2SP_176039_20251007_20251115_02_T1,2025-10-07,25801.73037242811,25801.869007367834,25803.462738858107,-1.0,1.0,277,0.0,Fallback Simulated Observation
NSR-GRID-308,LC08_L2SP_176039_20251007_20251115_02_T1,2025-10-07,10695.579362057271,10695.630104150054,10698.26533090998,-1.0,1.0,277,0.0,Fallback Simulated Observation
NSR-GRID-309,LC08_L2SP_176039_20251007_20251115_02_T1,2025-10-07,2137.9696536405986,2137.9483079626634,2139.0067485529235,-1.0,1.0,277,0.0,Fallback Simulated Observation
NSR-GRID-310,LC08_L2SP_176039_20251007_20251115_02_T1,2025-10-07,2085.414621371603,2085.6791250506444,2088.6819242225715,-1.0,1.0,277,0.0,Fallback Simulated Observation
NSR-GRID-311,LC08_L2SP_176039_20251007_20251115_02_T1,2025-10-07,2816.390859943315,2816.3281285987196,2819.868403803801,-1.0,1.0,277,0.0,Fallback Simulated Observation
NSR-GRID-312,LC08_L2SP_176039_20251007_20251115_02_T1,2025-10-07,5685.104524170937,5685.164088576694,5686.802521911535,-1.0,1.0,277,0.0,Fallback Simulated Observation
NSR-GRID-313,LC08_L2SP_176039_20251007_20251115_02_T1,2025-10-07,4465.493184601815,4465.439824571172,4466.995762744335,-1.0,1.0,277,0.0,Fallback Simulated Observation
NSR-GRID-314,LC08_L2SP_176039_20251007_20251115_02_T1,2025-10-07,80.11075871304976,80.1390533315005,83.02325540800142,-0.3276358477260132,1.0,277,0.0,Fallback Simulated Observation
NSR-GRID-315,LC08_L2SP_176039_20251007_20251115_02_T1,2025-10-07,42.42630512194948,42.20462323801408,44.13452357618998,0.08314516873570597,-0.11981365933134641,277,0.0,Fallback Simulated Observation
NSR-GRID-316,LC08_L2SP_176039_20251007_20251115_02_T1,2025-10-07,42.06858084058794,41.98574109510858,43.756583739744784,0.06836435933215892,-0.15521639893226918,277,0.0,Fallback Simulated Observation
NSR-GRID-317,LC08_L2SP_176039_20251007_20251115_02_T1,2025-10-07,19959.545214979928,19959.752005613744,19961.300383580063,-1.0,1.0,277,0.0,Fallback Simulated Observation
NSR-GRID-318,LC08_L2SP_176039_20251007_20251115_02_T1,2025-10-07,5812.726584064853,5812.752938738911,5814.641803577409,-1.0,1.0,277,0.0,Fallback Simulated Observation
NSR-GRID-319,LC08_L2SP_176039_20251007_20251115_02_T1,2025-10-07,3147.6480097226886,3147.5667694877948,3148.2236070071517,-1.0,1.0,277,0.0,Fallback Simulated Observation
NSR-GRID-320,LC08_L2SP_176039_20251007_20251115_02_T1,2025-10-07,40877.51717027056,40877.56054519265,40880.10202962859,-1.0,1.0,277,0.0,Fallback Simulated Observation
NSR-GRID-321,LC08_L2SP_176039_20251007_20251115_02_T1,2025-10-07,42509.92566471772,42510.07231880364,42511.89019774365,-1.0,1.0,277,0.0,Fallback Simulated Observation
NSR-GRID-322,LC08_L2SP_176039_20251007_20251115_02_T1,2025-10-07,15798.8893884213,15798.74196469341,15800.930511986946,-1.0,1.0,277,0.0,Fallback Simulated Observation
NSR-GRID-323,LC08_L2SP_176039_20251007_20251115_02_T1,2025-10-07,13176.658735654657,13176.671043474822,13177.68196345599,-1.0,1.0,277,0.0,Fallback Simulated Observation
NSR-GRID-324,LC08_L2SP_176039_20251007_20251115_02_T1,2025-10-07,14851.456194736795,14851.668251548837,14853.178291309434,-1.0,1.0,277,0.0,Fallback Simulated Observation
NSR-GRID-325,LC08_L2SP_176039_20251007_20251115_02_T1,2025-10-07,6251.642096094014,6251.749527895286,6254.8140714604,-1.0,1.0,277,0.0,Fallback Simulated Observation
NSR-GRID-326,LC08_L2SP_176039_20251007_20251115_02_T1,2025-10-07,1237.0231011373498,1236.979226545345,1240.2622255380195,-1.0,1.0,277,0.0,Fallback Simulated Observation
NSR-GRID-327,LC08_L2SP_176039_20251007_20251115_02_T1,2025-10-07,4896.6693572951535,4896.6055290225,4897.909928377941,-1.0,1.0,277,0.0,Fallback Simulated Observation
NSR-GRID-328,LC08_L2SP_176039_20251007_20251115_02_T1,2025-10-07,5835.330758114122,5835.517032763358,5837.677020453584,-1.0,1.0,277,0.0,Fallback Simulated Observation
NSR-GRID-329,LC08_L2SP_176039_20251007_20251115_02_T1,2025-10-07,45.07562152680795,44.983808828466294,46.77656003532693,0.0716536629885824,0.04704476842199563,277,0.0,Fallback Simulated Observation
NSR-GRID-330,LC08_L2SP_176039_20251007_20251115_02_T1,2025-10-07,42.40643488687366,42.50637679014145,44.600206803674055,0.09857309454780211,-0.06081338545822613,277,0.0,Fallback Simulated Observation
NSR-GRID-331,LC08_L2SP_176039_20251007_20251115_02_T1,2025-10-07,41.338872333103744,41.43958566675106,44.478129539986774,0.07446728261677107,-0.10647325874362455,277,0.0,Fallback Simulated Observation
NSR-GRID-332,LC08_L2SP_176039_20251007_20251115_02_T1,2025-10-07,15345.739348576806,15345.702768609526,15348.816683849747,-1.0,1.0,277,0.0,Fallback Simulated Observation
NSR-GRID-333,LC08_L2SP_176039_20251007_20251115_02_T1,2025-10-07,580.950827314794,580.8717373766273,583.7308439496803,-1.0,1.0,277,0.0,Fallback Simulated Observation
NSR-GRID-334,LC08_L2SP_176039_20251007_20251115_02_T1,2025-10-07,15310.490564716405,15310.509318594846,15311.900721347292,-1.0,1.0,277,0.0,Fallback Simulated Observation
NSR-GRID-335,LC08_L2SP_176039_20251007_20251115_02_T1,2025-10-07,13756.619584233993,13756.5911687242,13759.134710811724,-1.0,1.0,277,0.0,Fallback Simulated Observation
NSR-GRID-336,LC08_L2SP_176039_20251007_20251115_02_T1,2025-10-07,37566.05830987328,37565.91221737942,37567.49487908299,-1.0,1.0,277,0.0,Fallback Simulated Observation
NSR-GRID-337,LC08_L2SP_176039_20251007_20251115_02_T1,2025-10-07,14308.83965324326,14308.916056221417,14310.555629325201,-1.0,1.0,277,0.0,Fallback Simulated Observation
NSR-GRID-338,LC08_L2SP_176039_20251007_20251115_02_T1,2025-10-07,6860.3113044820575,6860.318880416377,6861.922001039111,-1.0,1.0,277,0.0,Fallback Simulated Observation
NSR-GRID-339,LC08_L2SP_176039_20251007_20251115_02_T1,2025-10-07,10736.086044919475,10736.123051031002,10739.454920564016,-1.0,1.0,277,0.0,Fallback Simulated Observation
NSR-GRID-340,LC08_L2SP_176039_20251007_20251115_02_T1,2025-10-07,6744.950288335424,6744.87742052873,6745.777329182347,-1.0,1.0,277,0.0,Fallback Simulated Observation
NSR-GRID-341,LC08_L2SP_176039_20251007_20251115_02_T1,2025-10-07,25107.74612692354,25107.767400901124,25109.153525875925,-1.0,1.0,277,0.0,Fallback Simulated Observation
NSR-GRID-342,LC08_L2SP_176039_20251007_20251115_02_T1,2025-10-07,12343.519018084535,12343.53319467043,12346.066639520835,-1.0,1.0,277,0.0,Fallback Simulated Observation
NSR-GRID-343,LC08_L2SP_176039_20251007_20251115_02_T1,2025-10-07,5491.092165100195,5491.313418204135,5491.952023925388,-1.0,1.0,277,0.0,Fallback Simulated Observation
NSR-GRID-344,LC08_L2SP_176039_20251007_20251115_02_T1,2025-10-07,5211.117058081964,5211.151123495606,5213.603999298157,-1.0,1.0,277,0.0,Fallback Simulated Observation
NSR-GRID-345,LC08_L2SP_176039_20251007_20251115_02_T1,2025-10-07,1025.2357895018836,1025.2696582336757,1028.3113088655382,-1.0,1.0,277,0.0,Fallback Simulated Observation
NSR-GRID-346,LC08_L2SP_176039_20251007_20251115_02_T1,2025-10-07,57.51140097601653,57.62652294009509,58.76834518442199,-0.08197006076044418,0.4847223054146922,277,0.0,Fallback Simulated Observation
NSR-GRID-347,LC08_L2SP_176039_20251007_20251115_02_T1,2025-10-07,5485.872238195666,5485.857213896786,5487.7986653413645,-1.0,1.0,277,0.0,Fallback Simulated Observation
NSR-GRID-348,LC08_L2SP_176039_20251007_20251115_02_T1,2025-10-07,9325.593494154486,9325.56008050964,9327.740223049406,-1.0,1.0,277,0.0,Fallback Simulated Observation
NSR-GRID-349,LC08_L2SP_176039_20251007_20251115_02_T1,2025-10-07,15350.037104498833,15350.06358202993,15351.919799513453,-1.0,1.0,277,0.0,Fallback Simulated Observation
NSR-GRID-350,LC08_L2SP_176039_20251007_20251115_02_T1,2025-10-07,15848.77940406716,15848.810874697916,15851.795965652871,-1.0,1.0,277,0.0,Fallback Simulated Observation
NSR-GRID-351,LC08_L2SP_176039_20251007_20251115_02_T1,2025-10-07,6004.665414437127,6004.633905764007,6007.341529237831,-1.0,1.0,277,0.0,Fallback Simulated Observation
NSR-GRID-352,LC08_L2SP_176039_20251007_20251115_02_T1,2025-10-07,17143.197177267586,17143.21590682257,17145.591305200516,-1.0,1.0,277,0.0,Fallback Simulated Observation
NSR-GRID-353,LC08_L2SP_176039_20251007_20251115_02_T1,2025-10-07,25370.261636551168,25370.292397817986,25373.088152441323,-1.0,1.0,277,0.0,Fallback Simulated Observation
NSR-GRID-354,LC08_L2SP_176039_20251007_20251115_02_T1,2025-10-07,16854.936541783285,16854.910124682294,16858.36387823893,-1.0,1.0,277,0.0,Fallback Simulated Observation
NSR-GRID-355,LC08_L2SP_176039_20251007_20251115_02_T1,2025-10-07,1994.6134325778883,1994.4001730152727,1996.4354272281612,-1.0,1.0,277,0.0,Fallback Simulated Observation
NSR-GRID-356,LC08_L2SP_176039_20251007_20251115_02_T1,2025-10-07,4584.749573200964,4584.752013934917,4588.197791823695,-1.0,1.0,277,0.0,Fallback Simulated Observation
NSR-GRID-357,LC08_L2SP_176039_20251007_20251115_02_T1,2025-10-07,5750.48940662226,5750.659723883251,5752.234843584238,-1.0,1.0,277,0.0,Fallback Simulated Observation
NSR-GRID-358,LC08_L2SP_176039_20251007_20251115_02_T1,2025-10-07,25692.967550768917,25692.919071701283,25695.4137921106,-1.0,1.0,277,0.0,Fallback Simulated Observation
NSR-GRID-359,LC08_L2SP_176039_20251007_20251115_02_T1,2025-10-07,38938.33564761464,38938.25282798734,38940.37427184155,-1.0,1.0,277,0.0,Fallback Simulated Observation
NSR-GRID-360,LC08_L2SP_176039_20251007_20251115_02_T1,2025-10-07,3649.8695239850217,3649.871630004858,3653.1315981873577,-1.0,1.0,277,0.0,Fallback Simulated Observation
NSR-GRID-361,LC08_L2SP_176039_20251007_20251115_02_T1,2025-10-07,2655.9827907527606,2655.8479860415664,2657.1416955385444,-1.0,1.0,277,0.0,Fallback Simulated Observation
NSR-GRID-362,LC08_L2SP_176039_20251007_20251115_02_T1,2025-10-07,5250.221479943199,5250.192640723169,5253.5079038252625,-1.0,1.0,277,0.0,Fallback Simulated Observation
NSR-GRID-363,LC08_L2SP_176039_20251007_20251115_02_T1,2025-10-07,20611.619720318748,20611.637567985137,20613.244195091796,-1.0,1.0,277,0.0,Fallback Simulated Observation
NSR-GRID-364,LC08_L2SP_176039_20251007_20251115_02_T1,2025-10-07,35977.03253886987,35976.987159621356,35979.93974422322,-1.0,1.0,277,0.0,Fallback Simulated Observation
NSR-GRID-365,LC08_L2SP_176039_20251007_20251115_02_T1,2025-10-07,15816.569598208627,15816.773805812642,15819.653935266691,-1.0,1.0,277,0.0,Fallback Simulated Observation
NSR-GRID-366,LC08_L2SP_176039_20251007_20251115_02_T1,2025-10-07,753.6921749394527,753.7218113833782,757.1528627756176,-1.0,1.0,277,0.0,Fallback Simulated Observation
NSR-GRID-367,LC08_L2SP_176039_20251007_20251115_02_T1,2025-10-07,9525.713646582499,9525.715407907692,9528.786238405755,-1.0,1.0,277,0.0,Fallback Simulated Observation
NSR-GRID-368,LC08_L2SP_176039_20251007_20251115_02_T1,2025-10-07,4108.54582737049,4108.494113662445,4111.502435182051,-1.0,1.0,277,0.0,Fallback Simulated Observation
NSR-GRID-369,LC08_L2SP_176039_20251007_20251115_02_T1,2025-10-07,221.70286862522047,221.62689831347245,222.40742848451686,-1.0,1.0,277,0.0,Fallback Simulated Observation
NSR-GRID-370,LC08_L2SP_176039_20251007_20251115_02_T1,2025-10-07,467.08248469686293,466.91603702332964,468.7130853379045,-1.0,1.0,277,0.0,Fallback Simulated Observation
NSR-GRID-371,LC08_L2SP_176039_20251007_20251115_02_T1,2025-10-07,599.8104231967499,599.7777535754312,601.2046218002599,-1.0,1.0,277,0.0,Fallback Simulated Observation
NSR-GRID-372,LC08_L2SP_176039_20251007_20251115_02_T1,2025-10-07,7852.427960859697,7852.456824074787,7854.832680837157,-1.0,1.0,277,0.0,Fallback Simulated Observation
NSR-GRID-373,LC08_L2SP_176039_20251007_20251115_02_T1,2025-10-07,10381.586213017687,10381.544971635865,10382.592643035041,-1.0,1.0,277,0.0,Fallback Simulated Observation
NSR-GRID-374,LC08_L2SP_176039_20251007_20251115_02_T1,2025-10-07,1603.5736556798809,1603.4845667186867,1604.940561254644,-1.0,1.0,277,0.0,Fallback Simulated Observation
NSR-GRID-375,LC08_L2SP_176039_20251007_20251115_02_T1,2025-10-07,44.36972152403086,44.38566777471127,46.943461515388826,0.03658798211158373,-0.022574953261579492,277,0.0,Fallback Simulated Observation
NSR-GRID-376,LC08_L2SP_176039_20251007_20251115_02_T1,2025-10-07,15093.033879926155,15093.035511486323,15095.752287625872,-1.0,1.0,277,0.0,Fallback Simulated Observation
NSR-GRID-377,LC08_L2SP_176039_20251007_20251115_02_T1,2025-10-07,15142.062439142226,15142.0722061799,15143.694528672617,-1.0,1.0,277,0.0,Fallback Simulated Observation
NSR-GRID-378,LC08_L2SP_176039_20251007_20251115_02_T1,2025-10-07,47.524285545072225,47.565496461174256,48.153585871917194,0.011329793749857757,0.07216637967026132,277,0.0,Fallback Simulated Observation
NSR-GRID-379,LC08_L2SP_176039_20251007_20251115_02_T1,2025-10-07,9442.79577158544,9442.822701060699,9446.239544317616,-1.0,1.0,277,0.0,Fallback Simulated Observation
NSR-GRID-380,LC08_L2SP_176039_20251007_20251115_02_T1,2025-10-07,85.19716024849636,85.04955353931919,86.27320850271647,-0.33487904460302526,1.0,277,0.0,Fallback Simulated Observation
NSR-GRID-381,LC08_L2SP_176039_20251007_20251115_02_T1,2025-10-07,41.986899497952194,41.93406979328589,43.428008872223664,0.051961838645675246,-0.08039447408404748,277,0.0,Fallback Simulated Observation
NSR-GRID-382,LC08_L2SP_176039_20251007_20251115_02_T1,2025-10-07,42.00335028697879,41.89491316613307,44.946502048986034,0.060078835830239735,-0.12720829741321452,277,0.0,Fallback Simulated Observation
NSR-GRID-383,LC08_L2SP_176039_20251007_20251115_02_T1,2025-10-07,4440.556382824274,4440.48540392505,4441.956075603258,-1.0,1.0,277,0.0,Fallback Simulated Observation
NSR-GRID-384,LC08_L2SP_176039_20251007_20251115_02_T1,2025-10-07,587.6985176633941,587.8390118963159,590.6705106190341,-1.0,1.0,277,0.0,Fallback Simulated Observation
NSR-GRID-385,LC08_L2SP_176039_20251007_20251115_02_T1,2025-10-07,42.32066426559512,42.370029750359436,43.15025360681747,0.06832267818233055,-0.07677325829014592,277,0.0,Fallback Simulated Observation
NSR-GRID-386,LC08_L2SP_176039_20251007_20251115_02_T1,2025-10-07,44.56035580534865,44.67506194313269,45.227578366110976,0.018215241914123093,0.024749129910354013,277,0.0,Fallback Simulated Observation
NSR-GRID-387,LC08_L2SP_176039_20251007_20251115_02_T1,2025-10-07,41.46366399191366,41.44412495679596,42.4051537451985,0.06927655666752021,-0.12792113285983203,277,0.0,Fallback Simulated Observation
NSR-GRID-388,LC08_L2SP_176039_20251007_20251115_02_T1,2025-10-07,338.56541180276946,338.56086530515654,339.9884490712033,-1.0,1.0,277,0.0,Fallback Simulated Observation
NSR-GRID-389,LC08_L2SP_176039_20251007_20251115_02_T1,2025-10-07,5974.031015804919,5974.1306276264095,5976.134693462388,-1.0,1.0,277,0.0,Fallback Simulated Observation
NSR-GRID-390,LC08_L2SP_176039_20251007_20251115_02_T1,2025-10-07,69.80246510572798,69.86203533074553,71.41871187061666,-0.22108967895303927,0.9893904205468771,277,0.0,Fallback Simulated Observation
NSR-GRID-391,LC08_L2SP_176039_20251007_20251115_02_T1,2025-10-07,191.50342436739862,191.52772483960408,192.15224209244707,-1.0,1.0,277,0.0,Fallback Simulated Observation
NSR-GRID-392,LC08_L2SP_176039_20251007_20251115_02_T1,2025-10-07,369.07101662000014,368.9877460981396,372.3286407131613,-1.0,1.0,277,0.0,Fallback Simulated Observation
NSR-GRID-393,LC08_L2SP_176039_20251007_20251115_02_T1,2025-10-07,41.511529021743904,41.56515811269562,43.47867422309175,0.09396641631512405,-0.1275885509767729,277,0.0,Fallback Simulated Observation
NSR-GRID-394,LC08_L2SP_176039_20251007_20251115_02_T1,2025-10-07,40.811388759916404,40.85119156291259,43.746808914969066,0.06610271513588573,-0.17804834306367015,277,0.0,Fallback Simulated Observation
NSR-GRID-395,LC08_L2SP_176039_20251007_20251115_02_T1,2025-10-07,41.09199260798189,41.192155790502746,43.97379800833744,0.08319295538815806,-0.10285774836843659,277,0.0,Fallback Simulated Observation
NSR-GRID-396,LC08_L2SP_176039_20251007_20251115_02_T1,2025-10-07,41.39835276477754,41.46050494963913,44.43347171146747,0.0688776250647844,-0.1239018088066086,277,0.0,Fallback Simulated Observation
NSR-GRID-397,LC08_L2SP_176039_20251007_20251115_02_T1,2025-10-07,41.32520671034526,41.23095090976607,43.17625786768764,0.0651603314381611,-0.08125094319718659,277,0.0,Fallback Simulated Observation
NSR-GRID-398,LC08_L2SP_176039_20251007_20251115_02_T1,2025-10-07,41.12354321361918,41.1723337581266,43.87165152355405,0.051195349642792265,-0.11157157928245667,277,0.0,Fallback Simulated Observation
NSR-GRID-399,LC08_L2SP_176039_20251007_20251115_02_T1,2025-10-07,1717.0587035607798,1716.9742094169205,1719.0065072677644,-1.0,1.0,277,0.0,Fallback Simulated Observation
NSR-GRID-400,LC08_L2SP_176039_20251007_20251115_02_T1,2025-10-07,94.46039160967155,94.55534390146765,97.08222834538854,-0.48626769938497977,1.0,277,0.0,Fallback Simulated Observation
NSR-GRID-401,LC08_L2SP_176039_20251007_20251115_02_T1,2025-10-07,41.929322512868566,41.895683818327456,42.43215275867146,0.09505364630572115,-0.15562396205215315,277,0.0,Fallback Simulated Observation
NSR-GRID-402,LC08_L2SP_176039_20251007_20251115_02_T1,2025-10-07,42.01428022963596,42.13577758076518,42.97371372988783,0.09343062343458107,-0.07415905921836502,277,0.0,Fallback Simulated Observation
NSR-GRID-403,LC08_L2SP_176039_20251007_20251115_02_T1,2025-10-07,42.1960383471994,42.272123012630544,45.62226945025363,0.04279104000151386,-0.09407269155797321,277,0.0,Fallback Simulated Observation
NSR-GRID-404,LC08_L2SP_176039_20251007_20251115_02_T1,2025-10-07,40.31378295477812,40.333439309542364,43.505974909742875,0.07601366432505828,-0.14433185125860928,277,0.0,Fallback Simulated Observation
NSR-GRID-405,LC08_L2SP_176039_20251007_20251115_02_T1,2025-10-07,42.1851463196748,42.30816853723988,43.86605288050713,0.10329166942403896,-0.12261768039548837,277,0.0,Fallback Simulated Observation
NSR-GRID-406,LC08_L2SP_176039_20251007_20251115_02_T1,2025-10-07,3171.4164661539116,3171.3795274807053,3172.180869446842,-1.0,1.0,277,0.0,Fallback Simulated Observation
NSR-GRID-407,LC08_L2SP_176039_20251007_20251115_02_T1,2025-10-07,2592.4046818699894,2592.2767787963676,2593.4011811939804,-1.0,1.0,277,0.0,Fallback Simulated Observation
NSR-GRID-408,LC08_L2SP_176039_20251007_20251115_02_T1,2025-10-07,41.71184127166525,41.763896577438494,42.84707885782251,0.07814111586772823,-0.1271850576606525,277,0.0,Fallback Simulated Observation
NSR-GRID-409,LC08_L2SP_176039_20251007_20251115_02_T1,2025-10-07,42.5117208794877,42.530362496462104,45.01250322186374,0.0917730535876487,-0.12251781764618026,277,0.0,Fallback Simulated Observation
NSR-GRID-410,LC08_L2SP_176039_20251007_20251115_02_T1,2025-10-07,131.41722601081034,131.43421048053523,133.49998993062684,-0.8648201845326311,1.0,277,0.0,Fallback Simulated Observation
NSR-GRID-411,LC08_L2SP_176039_20251007_20251115_02_T1,2025-10-07,42.304488194042214,42.115523264832596,44.49773795738146,0.05699655879371225,-0.10960091410302483,277,0.0,Fallback Simulated Observation
NSR-GRID-412,LC08_L2SP_176039_20251007_20251115_02_T1,2025-10-07,7316.459793618932,7316.310173703524,7319.869250212833,-1.0,1.0,277,0.0,Fallback Simulated Observation
NSR-GRID-413,LC08_L2SP_176039_20251007_20251115_02_T1,2025-10-07,7513.766259805168,7513.910990375108,7514.842329912577,-1.0,1.0,277,0.0,Fallback Simulated Observation
NSR-GRID-414,LC08_L2SP_176039_20251007_20251115_02_T1,2025-10-07,4068.819735077211,4069.0698995807247,4070.905704889179,-1.0,1.0,277,0.0,Fallback Simulated Observation
NSR-GRID-415,LC08_L2SP_176039_20251007_20251115_02_T1,2025-10-07,42.67577312431477,42.6209530944981,43.733103988410896,0.07746238571795612,-0.1447795253407955,277,0.0,Fallback Simulated Observation
NSR-GRID-416,LC08_L2SP_176039_20251007_20251115_02_T1,2025-10-07,68.84914469354871,69.04239064329366,70.17940708940263,-0.22080444232144653,1.0,277,0.0,Fallback Simulated Observation
NSR-GRID-001,LC09_L2SP_176039_20250929_20250930_02_T1,2025-09-29,47348.26878207335,47348.35077088875,47349.7524340554,-1.0,1.0,277,0.0,Fallback Simulated Observation
NSR-GRID-002,LC09_L2SP_176039_20250929_20250930_02_T1,2025-09-29,45663.478363389484,45663.51442817863,45665.433417352055,-1.0,1.0,277,0.0,Fallback Simulated Observation
NSR-GRID-003,LC09_L2SP_176039_20250929_20250930_02_T1,2025-09-29,48672.66802092293,48672.50845724684,48674.4554693988,-1.0,1.0,277,0.0,Fallback Simulated Observation
NSR-GRID-004,LC09_L2SP_176039_20250929_20250930_02_T1,2025-09-29,37284.36538953069,37284.22483322531,37287.17163092478,-1.0,1.0,277,0.0,Fallback Simulated Observation
NSR-GRID-005,LC09_L2SP_176039_20250929_20250930_02_T1,2025-09-29,49732.63720781562,49732.61594995282,49733.92443294509,-1.0,1.0,277,0.0,Fallback Simulated Observation
NSR-GRID-006,LC09_L2SP_176039_20250929_20250930_02_T1,2025-09-29,54376.710480630754,54376.568112367066,54378.92320179201,-1.0,1.0,277,0.0,Fallback Simulated Observation
NSR-GRID-007,LC09_L2SP_176039_20250929_20250930_02_T1,2025-09-29,46228.45027170243,46228.36866791289,46229.24875570905,-1.0,1.0,277,0.0,Fallback Simulated Observation
NSR-GRID-008,LC09_L2SP_176039_20250929_20250930_02_T1,2025-09-29,47463.34589863555,47463.204275929966,47465.21284728387,-1.0,1.0,277,0.0,Fallback Simulated Observation
NSR-GRID-009,LC09_L2SP_176039_20250929_20250930_02_T1,2025-09-29,51569.26762630773,51569.15213970976,51572.54155168112,-1.0,1.0,277,0.0,Fallback Simulated Observation
NSR-GRID-010,LC09_L2SP_176039_20250929_20250930_02_T1,2025-09-29,43090.9906915737,43091.06727940165,43093.129912796336,-1.0,1.0,277,0.0,Fallback Simulated Observation
NSR-GRID-011,LC09_L2SP_176039_20250929_20250930_02_T1,2025-09-29,42439.40267332812,42439.51714928927,42441.44689990939,-1.0,1.0,277,0.0,Fallback Simulated Observation
NSR-GRID-012,LC09_L2SP_176039_20250929_20250930_02_T1,2025-09-29,41236.488164169015,41236.50628928527,41239.03750702619,-1.0,1.0,277,0.0,Fallback Simulated Observation
NSR-GRID-013,LC09_L2SP_176039_20250929_20250930_02_T1,2025-09-29,41067.694689111675,41067.593666871464,41070.49373075099,-1.0,1.0,277,0.0,Fallback Simulated Observation
NSR-GRID-014,LC09_L2SP_176039_20250929_20250930_02_T1,2025-09-29,20611.959534449998,20611.98746123382,20614.330050383738,-1.0,1.0,277,0.0,Fallback Simulated Observation
NSR-GRID-015,LC09_L2SP_176039_20250929_20250930_02_T1,2025-09-29,12751.196290408381,12751.309027809426,12752.599189367276,-1.0,1.0,277,0.0,Fallback Simulated Observation
NSR-GRID-016,LC09_L2SP_176039_20250929_20250930_02_T1,2025-09-29,21949.48312971994,21949.468639262035,21951.832995654437,-1.0,1.0,277,0.0,Fallback Simulated Observation
NSR-GRID-017,LC09_L2SP_176039_20250929_20250930_02_T1,2025-09-29,28841.905092395144,28841.894613203454,28845.359055827917,-1.0,1.0,277,0.0,Fallback Simulated Observation
NSR-GRID-018,LC09_L2SP_176039_20250929_20250930_02_T1,2025-09-29,16801.98644180908,16801.916621841618,16803.762958786894,-1.0,1.0,277,0.0,Fallback Simulated Observation
NSR-GRID-019,LC09_L2SP_176039_20250929_20250930_02_T1,2025-09-29,39529.43759812188,39529.38709643684,39532.38756385148,-1.0,1.0,277,0.0,Fallback Simulated Observation
NSR-GRID-020,LC09_L2SP_176039_20250929_20250930_02_T1,2025-09-29,3865.385005296448,3865.3462690999927,3866.2860922596465,-1.0,1.0,277,0.0,Fallback Simulated Observation
NSR-GRID-021,LC09_L2SP_176039_20250929_20250930_02_T1,2025-09-29,20337.669098430822,20337.651683369848,20338.99579875975,-1.0,1.0,277,0.0,Fallback Simulated Observation
NSR-GRID-022,LC09_L2SP_176039_20250929_20250930_02_T1,2025-09-29,20100.6423373646,20100.583347888954,20103.357975524792,-1.0,1.0,277,0.0,Fallback Simulated Observation
NSR-GRID-023,LC09_L2SP_176039_20250929_20250930_02_T1,2025-09-29,40.137388911179414,40.02845391152086,43.586229549843516,0.10702145784826278,-0.09341426434245613,277,0.0,Fallback Simulated Observation
NSR-GRID-024,LC09_L2SP_176039_20250929_20250930_02_T1,2025-09-29,44919.14019890841,44919.16451125426,44922.04571941377,-1.0,1.0,277,0.0,Fallback Simulated Observation
NSR-GRID-025,LC09_L2SP_176039_20250929_20250930_02_T1,2025-09-29,42914.5776666817,42914.46823020194,42917.34624338402,-1.0,1.0,277,0.0,Fallback Simulated Observation
NSR-GRID-026,LC09_L2SP_176039_20250929_20250930_02_T1,2025-09-29,30578.917354806148,30578.88008724775,30580.102348563254,-1.0,1.0,277,0.0,Fallback Simulated Observation
NSR-GRID-027,LC09_L2SP_176039_20250929_20250930_02_T1,2025-09-29,46467.69531559608,46467.685476297804,46469.25970746505,-1.0,1.0,277,0.0,Fallback Simulated Observation
NSR-GRID-028,LC09_L2SP_176039_20250929_20250930_02_T1,2025-09-29,47904.76501620564,47904.785776540775,47905.720244944496,-1.0,1.0,277,0.0,Fallback Simulated Observation
NSR-GRID-029,LC09_L2SP_176039_20250929_20250930_02_T1,2025-09-29,41726.99693195383,41726.92884366338,41728.7291265843,-1.0,1.0,277,0.0,Fallback Simulated Observation
NSR-GRID-030,LC09_L2SP_176039_20250929_20250930_02_T1,2025-09-29,41633.852465433076,41633.97965467527,41634.46766806505,-1.0,1.0,277,0.0,Fallback Simulated Observation
NSR-GRID-031,LC09_L2SP_176039_20250929_20250930_02_T1,2025-09-29,28022.51047564113,28022.239151377715,28025.74026611561,-1.0,1.0,277,0.0,Fallback Simulated Observation
NSR-GRID-032,LC09_L2SP_176039_20250929_20250930_02_T1,2025-09-29,40978.56357141624,40978.594736701845,40980.43423563145,-1.0,1.0,277,0.0,Fallback Simulated Observation
NSR-GRID-033,LC09_L2SP_176039_20250929_20250930_02_T1,2025-09-29,8666.136770124207,8666.133317944224,8668.285921889697,-1.0,1.0,277,0.0,Fallback Simulated Observation
NSR-GRID-034,LC09_L2SP_176039_20250929_20250930_02_T1,2025-09-29,20272.103945292893,20272.056204222274,20274.27701136645,-1.0,1.0,277,0.0,Fallback Simulated Observation
NSR-GRID-035,LC09_L2SP_176039_20250929_20250930_02_T1,2025-09-29,12364.5056482116,12364.495849566927,12365.920357584755,-1.0,1.0,277,0.0,Fallback Simulated Observation
NSR-GRID-036,LC09_L2SP_176039_20250929_20250930_02_T1,2025-09-29,9336.545108113984,9336.473910791257,9338.45998720957,-1.0,1.0,277,0.0,Fallback Simulated Observation
NSR-GRID-037,LC09_L2SP_176039_20250929_20250930_02_T1,2025-09-29,19722.97230572711,19722.954823690714,19724.50138586488,-1.0,1.0,277,0.0,Fallback Simulated Observation
NSR-GRID-038,LC09_L2SP_176039_20250929_20250930_02_T1,2025-09-29,25584.55360456968,25584.519316683523,25588.004739319305,-1.0,1.0,277,0.0,Fallback Simulated Observation
NSR-GRID-039,LC09_L2SP_176039_20250929_20250930_02_T1,2025-09-29,35220.444949096054,35220.33415492896,35222.762639541594,-1.0,1.0,277,0.0,Fallback Simulated Observation
NSR-GRID-040,LC09_L2SP_176039_20250929_20250930_02_T1,2025-09-29,25605.149356502065,25605.17571158326,25606.947876265236,-1.0,1.0,277,0.0,Fallback Simulated Observation
NSR-GRID-041,LC09_L2SP_176039_20250929_20250930_02_T1,2025-09-29,45221.261250048534,45221.23570602712,45224.44305058054,-1.0,1.0,277,0.0,Fallback Simulated Observation
NSR-GRID-042,LC09_L2SP_176039_20250929_20250930_02_T1,2025-09-29,15711.347258871589,15711.40437681221,15712.683341819375,-1.0,1.0,277,0.0,Fallback Simulated Observation
NSR-GRID-043,LC09_L2SP_176039_20250929_20250930_02_T1,2025-09-29,28661.51104934844,28661.35389154057,28665.007428155885,-1.0,1.0,277,0.0,Fallback Simulated Observation
NSR-GRID-044,LC09_L2SP_176039_20250929_20250930_02_T1,2025-09-29,46218.42698757249,46218.141524906205,46219.703364797584,-1.0,1.0,277,0.0,Fallback Simulated Observation
NSR-GRID-045,LC09_L2SP_176039_20250929_20250930_02_T1,2025-09-29,10151.972199321484,10152.015205890202,10154.18476113032,-1.0,1.0,277,0.0,Fallback Simulated Observation
NSR-GRID-046,LC09_L2SP_176039_20250929_20250930_02_T1,2025-09-29,30425.153569356473,30425.105392759364,30427.853050490885,-1.0,1.0,277,0.0,Fallback Simulated Observation
NSR-GRID-047,LC09_L2SP_176039_20250929_20250930_02_T1,2025-09-29,895.4867745706424,895.4532345786046,898.9191442601939,-1.0,1.0,277,0.0,Fallback Simulated Observation
NSR-GRID-048,LC09_L2SP_176039_20250929_20250930_02_T1,2025-09-29,31515.74375260964,31515.795742823593,31517.875113820814,-1.0,1.0,277,0.0,Fallback Simulated Observation
NSR-GRID-049,LC09_L2SP_176039_20250929_20250930_02_T1,2025-09-29,3856.9947941635373,3856.9337957013854,3858.006181698282,-1.0,1.0,277,0.0,Fallback Simulated Observation
NSR-GRID-050,LC09_L2SP_176039_20250929_20250930_02_T1,2025-09-29,33394.737113416675,33394.70238318778,33396.68963251317,-1.0,1.0,277,0.0,Fallback Simulated Observation
NSR-GRID-051,LC09_L2SP_176039_20250929_20250930_02_T1,2025-09-29,2134.7670834188793,2134.7124026099223,2135.9819524305385,-1.0,1.0,277,0.0,Fallback Simulated Observation
NSR-GRID-052,LC09_L2SP_176039_20250929_20250930_02_T1,2025-09-29,43409.20348260149,43409.42310491571,43411.04003604497,-1.0,1.0,277,0.0,Fallback Simulated Observation
NSR-GRID-053,LC09_L2SP_176039_20250929_20250930_02_T1,2025-09-29,475.5329838168237,475.55286327565756,477.78230108866336,-1.0,1.0,277,0.0,Fallback Simulated Observation
NSR-GRID-054,LC09_L2SP_176039_20250929_20250930_02_T1,2025-09-29,46540.36821289384,46540.279435942684,46542.05165106635,-1.0,1.0,277,0.0,Fallback Simulated Observation
NSR-GRID-055,LC09_L2SP_176039_20250929_20250930_02_T1,2025-09-29,38646.0792559916,38645.95462959021,38649.265923214225,-1.0,1.0,277,0.0,Fallback Simulated Observation
NSR-GRID-056,LC09_L2SP_176039_20250929_20250930_02_T1,2025-09-29,33304.5690730691,33304.36951989105,33307.1323806882,-1.0,1.0,277,0.0,Fallback Simulated Observation
NSR-GRID-057,LC09_L2SP_176039_20250929_20250930_02_T1,2025-09-29,39926.6063416094,39926.48423386299,39928.0532412555,-1.0,1.0,277,0.0,Fallback Simulated Observation
NSR-GRID-058,LC09_L2SP_176039_20250929_20250930_02_T1,2025-09-29,42278.31037811781,42278.213719328705,42281.735090936236,-1.0,1.0,277,0.0,Fallback Simulated Observation
NSR-GRID-059,LC09_L2SP_176039_20250929_20250930_02_T1,2025-09-29,38610.624202012266,38610.628789156755,38611.84900584157,-1.0,1.0,277,0.0,Fallback Simulated Observation
NSR-GRID-060,LC09_L2SP_176039_20250929_20250930_02_T1,2025-09-29,46971.618080579356,46971.63840417482,46974.14869740684,-1.0,1.0,277,0.0,Fallback Simulated Observation
NSR-GRID-061,LC09_L2SP_176039_20250929_20250930_02_T1,2025-09-29,12314.258788144403,12314.327114183354,12317.283654167031,-1.0,1.0,277,0.0,Fallback Simulated Observation
NSR-GRID-062,LC09_L2SP_176039_20250929_20250930_02_T1,2025-09-29,24079.93984989999,24079.787133114332,24082.07425315582,-1.0,1.0,277,0.0,Fallback Simulated Observation
NSR-GRID-063,LC09_L2SP_176039_20250929_20250930_02_T1,2025-09-29,19935.826016744857,19935.758043422098,19937.559449754295,-1.0,1.0,277,0.0,Fallback Simulated Observation
NSR-GRID-064,LC09_L2SP_176039_20250929_20250930_02_T1,2025-09-29,24630.89701954711,24630.73723233366,24634.326389135415,-1.0,1.0,277,0.0,Fallback Simulated Observation
NSR-GRID-065,LC09_L2SP_176039_20250929_20250930_02_T1,2025-09-29,44918.54409576104,44918.547366536666,44921.61906457768,-1.0,1.0,277,0.0,Fallback Simulated Observation
NSR-GRID-066,LC09_L2SP_176039_20250929_20250930_02_T1,2025-09-29,9649.793445741661,9649.906236640987,9650.476162371368,-1.0,1.0,277,0.0,Fallback Simulated Observation
NSR-GRID-067,LC09_L2SP_176039_20250929_20250930_02_T1,2025-09-29,13831.131424056439,13831.207445406071,13832.543707964353,-1.0,1.0,277,0.0,Fallback Simulated Observation
NSR-GRID-068,LC09_L2SP_176039_20250929_20250930_02_T1,2025-09-29,45242.78081710407,45242.740637601375,45245.35957779174,-1.0,1.0,277,0.0,Fallback Simulated Observation
NSR-GRID-069,LC09_L2SP_176039_20250929_20250930_02_T1,2025-09-29,28057.536640327715,28057.69232851137,28058.86063793708,-1.0,1.0,277,0.0,Fallback Simulated Observation
NSR-GRID-070,LC09_L2SP_176039_20250929_20250930_02_T1,2025-09-29,23949.463954188377,23949.483143961963,23951.671869141614,-1.0,1.0,277,0.0,Fallback Simulated Observation
NSR-GRID-071,LC09_L2SP_176039_20250929_20250930_02_T1,2025-09-29,15921.844723416776,15921.836437349522,15922.89001421006,-1.0,1.0,277,0.0,Fallback Simulated Observation
NSR-GRID-072,LC09_L2SP_176039_20250929_20250930_02_T1,2025-09-29,3448.185140973378,3448.0178515832467,3449.0849937476246,-1.0,1.0,277,0.0,Fallback Simulated Observation
NSR-GRID-073,LC09_L2SP_176039_20250929_20250930_02_T1,2025-09-29,3107.91211530157,3107.9702931975417,3110.7154091547127,-1.0,1.0,277,0.0,Fallback Simulated Observation
NSR-GRID-074,LC09_L2SP_176039_20250929_20250930_02_T1,2025-09-29,1045.56827394382,1045.6878220089027,1048.0074960695042,-1.0,1.0,277,0.0,Fallback Simulated Observation
NSR-GRID-075,LC09_L2SP_176039_20250929_20250930_02_T1,2025-09-29,4295.9490250629415,4295.916631812846,4296.693366701615,-1.0,1.0,277,0.0,Fallback Simulated Observation
NSR-GRID-076,LC09_L2SP_176039_20250929_20250930_02_T1,2025-09-29,112.18206456464421,112.19559839943344,114.75699477056416,-0.624211664986636,1.0,277,0.0,Fallback Simulated Observation
NSR-GRID-077,LC09_L2SP_176039_20250929_20250930_02_T1,2025-09-29,111.07454063617193,111.17993272731258,112.97632362419444,-0.5900096554248708,1.0,277,0.0,Fallback Simulated Observation
NSR-GRID-078,LC09_L2SP_176039_20250929_20250930_02_T1,2025-09-29,31757.452925754897,31757.470544737145,31759.831089881838,-1.0,1.0,277,0.0,Fallback Simulated Observation
NSR-GRID-079,LC09_L2SP_176039_20250929_20250930_02_T1,2025-09-29,1147.8031614407162,1147.788218292115,1150.1342896200613,-1.0,1.0,277,0.0,Fallback Simulated Observation
NSR-GRID-080,LC09_L2SP_176039_20250929_20250930_02_T1,2025-09-29,41281.852107069404,41281.798834519584,41283.17740371408,-1.0,1.0,277,0.0,Fallback Simulated Observation
NSR-GRID-081,LC09_L2SP_176039_20250929_20250930_02_T1,2025-09-29,131.63643143398954,131.61997533702728,132.2103646478985,-0.8017601797945004,1.0,277,0.0,Fallback Simulated Observation
NSR-GRID-082,LC09_L2SP_176039_20250929_20250930_02_T1,2025-09-29,43673.340710210745,43673.447903197266,43675.782736613866,-1.0,1.0,277,0.0,Fallback Simulated Observation
NSR-GRID-083,LC09_L2SP_176039_20250929_20250930_02_T1,2025-09-29,41693.506399492326,41693.49923480374,41695.093279962326,-1.0,1.0,277,0.0,Fallback Simulated Observation
NSR-GRID-084,LC09_L2SP_176039_20250929_20250930_02_T1,2025-09-29,41603.44281667803,41603.436709110894,41605.223500861495,-1.0,1.0,277,0.0,Fallback Simulated Observation
NSR-GRID-085,LC09_L2SP_176039_20250929_20250930_02_T1,2025-09-29,42503.632497323146,42503.73658873143,42505.7084521165,-1.0,1.0,277,0.0,Fallback Simulated Observation
NSR-GRID-086,LC09_L2SP_176039_20250929_20250930_02_T1,2025-09-29,41153.24638309773,41153.13777763952,41155.73307957272,-1.0,1.0,277,0.0,Fallback Simulated Observation
NSR-GRID-087,LC09_L2SP_176039_20250929_20250930_02_T1,2025-09-29,42630.537887812265,42630.50043458633,42633.0044177278,-1.0,1.0,277,0.0,Fallback Simulated Observation
NSR-GRID-088,LC09_L2SP_176039_20250929_20250930_02_T1,2025-09-29,31024.187704860742,31023.96465805883,31024.918612409765,-1.0,1.0,277,0.0,Fallback Simulated Observation
NSR-GRID-089,LC09_L2SP_176039_20250929_20250930_02_T1,2025-09-29,36190.97852717799,36190.82723150133,36193.99504518828,-1.0,1.0,277,0.0,Fallback Simulated Observation
NSR-GRID-090,LC09_L2SP_176039_20250929_20250930_02_T1,2025-09-29,26957.379541304203,26957.40185660968,26958.18517759662,-1.0,1.0,277,0.0,Fallback Simulated Observation
NSR-GRID-091,LC09_L2SP_176039_20250929_20250930_02_T1,2025-09-29,21949.531165797092,21949.328800399293,21950.305225525262,-1.0,1.0,277,0.0,Fallback Simulated Observation
NSR-GRID-092,LC09_L2SP_176039_20250929_20250930_02_T1,2025-09-29,47617.60976262988,47617.56000538005,47618.662508584595,-1.0,1.0,277,0.0,Fallback Simulated Observation
NSR-GRID-093,LC09_L2SP_176039_20250929_20250930_02_T1,2025-09-29,26780.56105349692,26780.501721007957,26783.51954055308,-1.0,1.0,277,0.0,Fallback Simulated Observation
NSR-GRID-094,LC09_L2SP_176039_20250929_20250930_02_T1,2025-09-29,36341.09288933813,36341.1590945216,36341.67271443636,-1.0,1.0,277,0.0,Fallback Simulated Observation
NSR-GRID-095,LC09_L2SP_176039_20250929_20250930_02_T1,2025-09-29,26482.7066131738,26482.75865114639,26485.232305686484,-1.0,1.0,277,0.0,Fallback Simulated Observation
NSR-GRID-096,LC09_L2SP_176039_20250929_20250930_02_T1,2025-09-29,38008.819963533664,38008.861731608886,38012.20816128525,-1.0,1.0,277,0.0,Fallback Simulated Observation
NSR-GRID-097,LC09_L2SP_176039_20250929_20250930_02_T1,2025-09-29,33938.88070773068,33939.005031163724,33941.72509399694,-1.0,1.0,277,0.0,Fallback Simulated Observation
NSR-GRID-098,LC09_L2SP_176039_20250929_20250930_02_T1,2025-09-29,38242.705961671934,38242.78161813942,38245.127303493915,-1.0,1.0,277,0.0,Fallback Simulated Observation
NSR-GRID-099,LC09_L2SP_176039_20250929_20250930_02_T1,2025-09-29,32649.7445845333,32649.698447311825,32650.744095174447,-1.0,1.0,277,0.0,Fallback Simulated Observation
NSR-GRID-100,LC09_L2SP_176039_20250929_20250930_02_T1,2025-09-29,8763.25878024473,8763.099304648915,8766.503285094721,-1.0,1.0,277,0.0,Fallback Simulated Observation
NSR-GRID-101,LC09_L2SP_176039_20250929_20250930_02_T1,2025-09-29,4476.902032737388,4477.064250229275,4480.137388074533,-1.0,1.0,277,0.0,Fallback Simulated Observation
NSR-GRID-102,LC09_L2SP_176039_20250929_20250930_02_T1,2025-09-29,253.81977418873404,253.77391032512395,256.37006243420586,-1.0,1.0,277,0.0,Fallback Simulated Observation
NSR-GRID-103,LC09_L2SP_176039_20250929_20250930_02_T1,2025-09-29,1568.6964337022832,1568.5104923696886,1570.4128487312744,-1.0,1.0,277,0.0,Fallback Simulated Observation
NSR-GRID-104,LC09_L2SP_176039_20250929_20250930_02_T1,2025-09-29,3108.679348993483,3108.720648884697,3111.9252188146206,-1.0,1.0,277,0.0,Fallback Simulated Observation
NSR-GRID-105,LC09_L2SP_176039_20250929_20250930_02_T1,2025-09-29,41637.900743119055,41637.8264656346,41641.12169967437,-1.0,1.0,277,0.0,Fallback Simulated Observation
NSR-GRID-106,LC09_L2SP_176039_20250929_20250930_02_T1,2025-09-29,1096.43523571201,1096.541017130092,1097.5001432867612,-1.0,1.0,277,0.0,Fallback Simulated Observation
NSR-GRID-107,LC09_L2SP_176039_20250929_20250930_02_T1,2025-09-29,44161.77118536061,44161.73576748506,44162.69533602326,-1.0,1.0,277,0.0,Fallback Simulated Observation
NSR-GRID-108,LC09_L2SP_176039_20250929_20250930_02_T1,2025-09-29,44320.05451795984,44320.16195126032,44322.52198026182,-1.0,1.0,277,0.0,Fallback Simulated Observation
NSR-GRID-109,LC09_L2SP_176039_20250929_20250930_02_T1,2025-09-29,52875.969425409254,52876.11613257276,52877.26772951487,-1.0,1.0,277,0.0,Fallback Simulated Observation
NSR-GRID-110,LC09_L2SP_176039_20250929_20250930_02_T1,2025-09-29,46813.65365429044,46813.74817544391,46816.65082741555,-1.0,1.0,277,0.0,Fallback Simulated Observation
NSR-GRID-111,LC09_L2SP_176039_20250929_20250930_02_T1,2025-09-29,46565.26707309602,46565.34650320922,46568.162740610416,-1.0,1.0,277,0.0,Fallback Simulated Observation
NSR-GRID-112,LC09_L2SP_176039_20250929_20250930_02_T1,2025-09-29,47350.3769705497,47350.453594847204,47352.76887643465,-1.0,1.0,277,0.0,Fallback Simulated Observation
NSR-GRID-113,LC09_L2SP_176039_20250929_20250930_02_T1,2025-09-29,48709.32264682197,48709.245303072785,48712.63117651447,-1.0,1.0,277,0.0,Fallback Simulated Observation
NSR-GRID-114,LC09_L2SP_176039_20250929_20250930_02_T1,2025-09-29,49741.22676202166,49741.22102295136,49742.53075382231,-1.0,1.0,277,0.0,Fallback Simulated Observation
NSR-GRID-115,LC09_L2SP_176039_20250929_20250930_02_T1,2025-09-29,45087.16564552541,45087.25293736014,45089.82380999214,-1.0,1.0,277,0.0,Fallback Simulated Observation
NSR-GRID-116,LC09_L2SP_176039_20250929_20250930_02_T1,2025-09-29,31724.263267416954,31724.29928383535,31727.232278140295,-1.0,1.0,277,0.0,Fallback Simulated Observation
NSR-GRID-117,LC09_L2SP_176039_20250929_20250930_02_T1,2025-09-29,16024.419821367212,16024.25903188657,16025.242173025099,-1.0,1.0,277,0.0,Fallback Simulated Observation
NSR-GRID-118,LC09_L2SP_176039_20250929_20250930_02_T1,2025-09-29,15514.688240461433,15514.565322101653,15518.084586365236,-1.0,1.0,277,0.0,Fallback Simulated Observation
NSR-GRID-119,LC09_L2SP_176039_20250929_20250930_02_T1,2025-09-29,52103.163503657976,52103.19546292296,52106.59581821059,-1.0,1.0,277,0.0,Fallback Simulated Observation
NSR-GRID-120,LC09_L2SP_176039_20250929_20250930_02_T1,2025-09-29,53410.27983349682,53410.221387967635,53411.914780318315,-1.0,1.0,277,0.0,Fallback Simulated Observation
NSR-GRID-121,LC09_L2SP_176039_20250929_20250930_02_T1,2025-09-29,47474.65977200351,47474.67019479743,47476.40825484273,-1.0,1.0,277,0.0,Fallback Simulated Observation
NSR-GRID-122,LC09_L2SP_176039_20250929_20250930_02_T1,2025-09-29,45337.6313510444,45337.53289763935,45340.91764130802,-1.0,1.0,277,0.0,Fallback Simulated Observation
NSR-GRID-123,LC09_L2SP_176039_20250929_20250930_02_T1,2025-09-29,47623.683251125796,47623.637173624425,47626.378869337655,-1.0,1.0,277,0.0,Fallback Simulated Observation
NSR-GRID-124,LC09_L2SP_176039_20250929_20250930_02_T1,2025-09-29,42297.09254146936,42297.11216556343,42298.677162032654,-1.0,1.0,277,0.0,Fallback Simulated Observation
NSR-GRID-125,LC09_L2SP_176039_20250929_20250930_02_T1,2025-09-29,12786.156603917238,12786.14576343795,12787.952805772438,-1.0,1.0,277,0.0,Fallback Simulated Observation
NSR-GRID-126,LC09_L2SP_176039_20250929_20250930_02_T1,2025-09-29,5227.705134117867,5227.798881867117,5230.018047377331,-1.0,1.0,277,0.0,Fallback Simulated Observation
NSR-GRID-127,LC09_L2SP_176039_20250929_20250930_02_T1,2025-09-29,299.73948704937305,299.67250671356544,302.44759325065127,-1.0,1.0,277,0.0,Fallback Simulated Observation
NSR-GRID-128,LC09_L2SP_176039_20250929_20250930_02_T1,2025-09-29,28496.413419360517,28496.36218193645,28497.345047826686,-1.0,1.0,277,0.0,Fallback Simulated Observation
NSR-GRID-129,LC09_L2SP_176039_20250929_20250930_02_T1,2025-09-29,4934.402174324241,4934.4030506727295,4936.170234183213,-1.0,1.0,277,0.0,Fallback Simulated Observation
NSR-GRID-130,LC09_L2SP_176039_20250929_20250930_02_T1,2025-09-29,40956.82893637314,40956.90611599086,40959.76836238658,-1.0,1.0,277,0.0,Fallback Simulated Observation
NSR-GRID-131,LC09_L2SP_176039_20250929_20250930_02_T1,2025-09-29,188.71774874632857,188.58616017209593,191.70756752596589,-1.0,1.0,277,0.0,Fallback Simulated Observation
NSR-GRID-132,LC09_L2SP_176039_20250929_20250930_02_T1,2025-09-29,49202.07837877082,49202.16215519298,49203.92263523267,-1.0,1.0,277,0.0,Fallback Simulated Observation
NSR-GRID-133,LC09_L2SP_176039_20250929_20250930_02_T1,2025-09-29,51308.673387138,51308.804868602485,51312.16032266802,-1.0,1.0,277,0.0,Fallback Simulated Observation
NSR-GRID-134,LC09_L2SP_176039_20250929_20250930_02_T1,2025-09-29,45595.92972766687,45595.94258941191,45598.83218196645,-1.0,1.0,277,0.0,Fallback Simulated Observation
NSR-GRID-135,LC09_L2SP_176039_20250929_20250930_02_T1,2025-09-29,47538.70714846144,47538.97096598711,47539.784095779796,-1.0,1.0,277,0.0,Fallback Simulated Observation
NSR-GRID-136,LC09_L2SP_176039_20250929_20250930_02_T1,2025-09-29,27024.563900724283,27024.626562088008,27027.920692767882,-1.0,1.0,277,0.0,Fallback Simulated Observation
NSR-GRID-137,LC09_L2SP_176039_20250929_20250930_02_T1,2025-09-29,48630.948813601986,48630.96126828219,48632.57627725901,-1.0,1.0,277,0.0,Fallback Simulated Observation
NSR-GRID-138,LC09_L2SP_176039_20250929_20250930_02_T1,2025-09-29,48589.57296100281,48589.54463919891,48590.734372445804,-1.0,1.0,277,0.0,Fallback Simulated Observation
NSR-GRID-139,LC09_L2SP_176039_20250929_20250930_02_T1,2025-09-29,40655.1884493804,40655.22851856411,40656.94522025478,-1.0,1.0,277,0.0,Fallback Simulated Observation
NSR-GRID-140,LC09_L2SP_176039_20250929_20250930_02_T1,2025-09-29,3592.9619147797403,3592.7987812686983,3593.7903618779474,-1.0,1.0,277,0.0,Fallback Simulated Observation
NSR-GRID-141,LC09_L2SP_176039_20250929_20250930_02_T1,2025-09-29,142.17813027682328,142.25132126744052,144.6983894635576,-0.8930763542331065,1.0,277,0.0,Fallback Simulated Observation
NSR-GRID-142,LC09_L2SP_176039_20250929_20250930_02_T1,2025-09-29,23310.3208385224,23310.263196564767,23311.56570096129,-1.0,1.0,277,0.0,Fallback Simulated Observation
NSR-GRID-143,LC09_L2SP_176039_20250929_20250930_02_T1,2025-09-29,50034.07629930855,50034.00191070202,50035.42015299921,-1.0,1.0,277,0.0,Fallback Simulated Observation
NSR-GRID-144,LC09_L2SP_176039_20250929_20250930_02_T1,2025-09-29,52679.97364134536,52679.997950518125,52681.489161983634,-1.0,1.0,277,0.0,Fallback Simulated Observation
NSR-GRID-145,LC09_L2SP_176039_20250929_20250930_02_T1,2025-09-29,38889.517695959075,38889.466839733745,38891.86656820414,-1.0,1.0,277,0.0,Fallback Simulated Observation
NSR-GRID-146,LC09_L2SP_176039_20250929_20250930_02_T1,2025-09-29,41636.07284375988,41635.92832323344,41638.88203801477,-1.0,1.0,277,0.0,Fallback Simulated Observation
NSR-GRID-147,LC09_L2SP_176039_20250929_20250930_02_T1,2025-09-29,42302.06009720846,42302.118921753055,42304.87560531415,-1.0,1.0,277,0.0,Fallback Simulated Observation
NSR-GRID-148,LC09_L2SP_176039_20250929_20250930_02_T1,2025-09-29,32782.07487651011,32782.13412954084,32784.99023413637,-1.0,1.0,277,0.0,Fallback Simulated Observation
NSR-GRID-149,LC09_L2SP_176039_20250929_20250930_02_T1,2025-09-29,45150.44840623995,45150.33064513917,45152.675783653314,-1.0,1.0,277,0.0,Fallback Simulated Observation
NSR-GRID-150,LC09_L2SP_176039_20250929_20250930_02_T1,2025-09-29,27112.622037800196,27112.673837277835,27113.16188141057,-1.0,1.0,277,0.0,Fallback Simulated Observation
NSR-GRID-151,LC09_L2SP_176039_20250929_20250930_02_T1,2025-09-29,1173.6922585037028,1173.6920679404038,1176.2455645869106,-1.0,1.0,277,0.0,Fallback Simulated Observation
NSR-GRID-152,LC09_L2SP_176039_20250929_20250930_02_T1,2025-09-29,39163.98333903532,39163.97835101991,39166.428109897555,-1.0,1.0,277,0.0,Fallback Simulated Observation
NSR-GRID-153,LC09_L2SP_176039_20250929_20250930_02_T1,2025-09-29,49219.558388849604,49219.59416112655,49222.945403022044,-1.0,1.0,277,0.0,Fallback Simulated Observation
NSR-GRID-154,LC09_L2SP_176039_20250929_20250930_02_T1,2025-09-29,49408.65230928104,49408.72245875923,49411.56338963667,-1.0,1.0,277,0.0,Fallback Simulated Observation
NSR-GRID-155,LC09_L2SP_176039_20250929_20250930_02_T1,2025-09-29,50267.76413014796,50267.8023431984,50269.90487668934,-1.0,1.0,277,0.0,Fallback Simulated Observation
NSR-GRID-156,LC09_L2SP_176039_20250929_20250930_02_T1,2025-09-29,47356.70754444793,47356.6819163655,47359.77600531391,-1.0,1.0,277,0.0,Fallback Simulated Observation
NSR-GRID-157,LC09_L2SP_176039_20250929_20250930_02_T1,2025-09-29,44639.04211433752,44638.9760282613,44639.84561119636,-1.0,1.0,277,0.0,Fallback Simulated Observation
NSR-GRID-158,LC09_L2SP_176039_20250929_20250930_02_T1,2025-09-29,49630.877487098,49630.949677446544,49633.295092586166,-1.0,1.0,277,0.0,Fallback Simulated Observation
NSR-GRID-159,LC09_L2SP_176039_20250929_20250930_02_T1,2025-09-29,49683.81161689303,49683.913936990364,49684.69294836563,-1.0,1.0,277,0.0,Fallback Simulated Observation
NSR-GRID-160,LC09_L2SP_176039_20250929_20250930_02_T1,2025-09-29,49133.22766384795,49133.30733404066,49134.04505340877,-1.0,1.0,277,0.0,Fallback Simulated Observation
NSR-GRID-161,LC09_L2SP_176039_20250929_20250930_02_T1,2025-09-29,39019.05703457648,39019.13078586584,39022.40787224731,-1.0,1.0,277,0.0,Fallback Simulated Observation
NSR-GRID-162,LC09_L2SP_176039_20250929_20250930_02_T1,2025-09-29,28186.315805120517,28186.436050245316,28188.23151265221,-1.0,1.0,277,0.0,Fallback Simulated Observation
NSR-GRID-163,LC09_L2SP_176039_20250929_20250930_02_T1,2025-09-29,36942.46870113603,36942.58537963535,36943.96860071564,-1.0,1.0,277,0.0,Fallback Simulated Observation
NSR-GRID-164,LC09_L2SP_176039_20250929_20250930_02_T1,2025-09-29,43906.54254045345,43906.47747447071,43908.50198875064,-1.0,1.0,277,0.0,Fallback Simulated Observation
NSR-GRID-165,LC09_L2SP_176039_20250929_20250930_02_T1,2025-09-29,50770.52980977611,50770.47775035835,50772.411828151075,-1.0,1.0,277,0.0,Fallback Simulated Observation
NSR-GRID-166,LC09_L2SP_176039_20250929_20250930_02_T1,2025-09-29,43932.958240587344,43933.032158636815,43934.8001488561,-1.0,1.0,277,0.0,Fallback Simulated Observation
NSR-GRID-167,LC09_L2SP_176039_20250929_20250930_02_T1,2025-09-29,45308.40176974759,45308.32067218419,45310.2750635857,-1.0,1.0,277,0.0,Fallback Simulated Observation
NSR-GRID-168,LC09_L2SP_176039_20250929_20250930_02_T1,2025-09-29,44611.09048550713,44611.04854203186,44612.60668437445,-1.0,1.0,277,0.0,Fallback Simulated Observation
NSR-GRID-169,LC09_L2SP_176039_20250929_20250930_02_T1,2025-09-29,33180.38972299375,33180.43120544196,33183.512917088876,-1.0,1.0,277,0.0,Fallback Simulated Observation
NSR-GRID-170,LC09_L2SP_176039_20250929_20250930_02_T1,2025-09-29,24791.526299692523,24791.498348946192,24792.40621106908,-1.0,1.0,277,0.0,Fallback Simulated Observation
NSR-GRID-171,LC09_L2SP_176039_20250929_20250930_02_T1,2025-09-29,5671.6901451909935,5671.6702602166415,5673.824619218014,-1.0,1.0,277,0.0,Fallback Simulated Observation
NSR-GRID-172,LC09_L2SP_176039_20250929_20250930_02_T1,2025-09-29,593.73050369715,593.611870054439,594.3865749622383,-1.0,1.0,277,0.0,Fallback Simulated Observation
NSR-GRID-173,LC09_L2SP_176039_20250929_20250930_02_T1,2025-09-29,2872.2408185726244,2872.194352627404,2873.594842789164,-1.0,1.0,277,0.0,Fallback Simulated Observation
NSR-GRID-174,LC09_L2SP_176039_20250929_20250930_02_T1,2025-09-29,38059.94095614562,38059.94852563962,38060.495043172494,-1.0,1.0,277,0.0,Fallback Simulated Observation
NSR-GRID-175,LC09_L2SP_176039_20250929_20250930_02_T1,2025-09-29,46089.055057510646,46089.11396932852,46091.96053521027,-1.0,1.0,277,0.0,Fallback Simulated Observation
NSR-GRID-176,LC09_L2SP_176039_20250929_20250930_02_T1,2025-09-29,46380.98034711406,46381.0282832094,46383.01712880569,-1.0,1.0,277,0.0,Fallback Simulated Observation
NSR-GRID-177,LC09_L2SP_176039_20250929_20250930_02_T1,2025-09-29,43826.91254778864,43826.97422389796,43829.03319958898,-1.0,1.0,277,0.0,Fallback Simulated Observation
NSR-GRID-178,LC09_L2SP_176039_20250929_20250930_02_T1,2025-09-29,46483.383925276685,46483.36977270135,46484.34828338122,-1.0,1.0,277,0.0,Fallback Simulated Observation
NSR-GRID-179,LC09_L2SP_176039_20250929_20250930_02_T1,2025-09-29,45424.76018123873,45424.6891282308,45426.72703401805,-1.0,1.0,277,0.0,Fallback Simulated Observation
NSR-GRID-180,LC09_L2SP_176039_20250929_20250930_02_T1,2025-09-29,47477.05899358186,47477.006780424854,47477.7225214141,-1.0,1.0,277,0.0,Fallback Simulated Observation
NSR-GRID-181,LC09_L2SP_176039_20250929_20250930_02_T1,2025-09-29,44912.2051063273,44912.31886022862,44913.21754744622,-1.0,1.0,277,0.0,Fallback Simulated Observation
NSR-GRID-182,LC09_L2SP_176039_20250929_20250930_02_T1,2025-09-29,48648.47215864356,48648.51538031264,48649.32115382496,-1.0,1.0,277,0.0,Fallback Simulated Observation
NSR-GRID-183,LC09_L2SP_176039_20250929_20250930_02_T1,2025-09-29,44121.88276646054,44121.84132919437,44122.819652400656,-1.0,1.0,277,0.0,Fallback Simulated Observation
NSR-GRID-184,LC09_L2SP_176039_20250929_20250930_02_T1,2025-09-29,43643.111660515286,43643.159197076355,43644.34198836558,-1.0,1.0,277,0.0,Fallback Simulated Observation
NSR-GRID-185,LC09_L2SP_176039_20250929_20250930_02_T1,2025-09-29,34771.59373125011,34771.55145980414,34773.30131031658,-1.0,1.0,277,0.0,Fallback Simulated Observation
NSR-GRID-186,LC09_L2SP_176039_20250929_20250930_02_T1,2025-09-29,47533.312447702745,47533.190519256095,47535.0192289438,-1.0,1.0,277,0.0,Fallback Simulated Observation
NSR-GRID-187,LC09_L2SP_176039_20250929_20250930_02_T1,2025-09-29,52118.224647755735,52118.12797446392,52119.77677711971,-1.0,1.0,277,0.0,Fallback Simulated Observation
NSR-GRID-188,LC09_L2SP_176039_20250929_20250930_02_T1,2025-09-29,51680.26598088204,51680.16420445113,51681.886040365134,-1.0,1.0,277,0.0,Fallback Simulated Observation
NSR-GRID-189,LC09_L2SP_176039_20250929_20250930_02_T1,2025-09-29,48187.7523232559,48187.812660573196,48189.35248898168,-1.0,1.0,277,0.0,Fallback Simulated Observation
NSR-GRID-190,LC09_L2SP_176039_20250929_20250930_02_T1,2025-09-29,37604.565640797846,37604.69816840689,37606.80133259468,-1.0,1.0,277,0.0,Fallback Simulated Observation
NSR-GRID-191,LC09_L2SP_176039_20250929_20250930_02_T1,2025-09-29,22866.831622770987,22866.71851853356,22869.861057366077,-1.0,1.0,277,0.0,Fallback Simulated Observation
NSR-GRID-192,LC09_L2SP_176039_20250929_20250930_02_T1,2025-09-29,4018.5412678087814,4018.5717921214346,4021.3120483441626,-1.0,1.0,277,0.0,Fallback Simulated Observation
NSR-GRID-193,LC09_L2SP_176039_20250929_20250930_02_T1,2025-09-29,48575.02716494746,48575.11537632467,48575.78557226211,-1.0,1.0,277,0.0,Fallback Simulated Observation
NSR-GRID-194,LC09_L2SP_176039_20250929_20250930_02_T1,2025-09-29,14131.549331242959,14131.330205857843,14133.90807902144,-1.0,1.0,277,0.0,Fallback Simulated Observation
NSR-GRID-195,LC09_L2SP_176039_20250929_20250930_02_T1,2025-09-29,43354.506186114195,43354.47864711831,43357.560797629885,-1.0,1.0,277,0.0,Fallback Simulated Observation
NSR-GRID-196,LC09_L2SP_176039_20250929_20250930_02_T1,2025-09-29,12843.075521125498,12842.93551405318,12844.625541730918,-1.0,1.0,277,0.0,Fallback Simulated Observation
NSR-GRID-197,LC09_L2SP_176039_20250929_20250930_02_T1,2025-09-29,41986.595222724536,41986.6739243815,41988.188922007095,-1.0,1.0,277,0.0,Fallback Simulated Observation
NSR-GRID-198,LC09_L2SP_176039_20250929_20250930_02_T1,2025-09-29,30869.45797778304,30869.58329106552,30872.244540316624,-1.0,1.0,277,0.0,Fallback Simulated Observation
NSR-GRID-199,LC09_L2SP_176039_20250929_20250930_02_T1,2025-09-29,51008.9067649745,51008.92657813961,51010.703113684904,-1.0,1.0,277,0.0,Fallback Simulated Observation
NSR-GRID-200,LC09_L2SP_176039_20250929_20250930_02_T1,2025-09-29,52037.957977670776,52037.85499648592,52041.313084889945,-1.0,1.0,277,0.0,Fallback Simulated Observation
NSR-GRID-201,LC09_L2SP_176039_20250929_20250930_02_T1,2025-09-29,48294.36767818283,48294.45079018263,48295.117451156984,-1.0,1.0,277,0.0,Fallback Simulated Observation
NSR-GRID-202,LC09_L2SP_176039_20250929_20250930_02_T1,2025-09-29,46583.10816281179,46583.2534383663,46585.06396303882,-1.0,1.0,277,0.0,Fallback Simulated Observation
NSR-GRID-203,LC09_L2SP_176039_20250929_20250930_02_T1,2025-09-29,40801.37122859247,40801.27603657845,40802.973250138304,-1.0,1.0,277,0.0,Fallback Simulated Observation
NSR-GRID-204,LC09_L2SP_176039_20250929_20250930_02_T1,2025-09-29,46354.27786983345,46354.055827732554,46356.79005180978,-1.0,1.0,277,0.0,Fallback Simulated Observation
NSR-GRID-205,LC09_L2SP_176039_20250929_20250930_02_T1,2025-09-29,42004.614649974385,42004.6427463065,42006.84621000305,-1.0,1.0,277,0.0,Fallback Simulated Observation
NSR-GRID-206,LC09_L2SP_176039_20250929_20250930_02_T1,2025-09-29,48889.50459978514,48889.74381074867,48891.64184882448,-1.0,1.0,277,0.0,Fallback Simulated Observation
NSR-GRID-207,LC09_L2SP_176039_20250929_20250930_02_T1,2025-09-29,49639.65037788982,49639.40992293724,49640.30850725938,-1.0,1.0,277,0.0,Fallback Simulated Observation
NSR-GRID-208,LC09_L2SP_176039_20250929_20250930_02_T1,2025-09-29,52347.53210614667,52347.447299586864,52348.53681588399,-1.0,1.0,277,0.0,Fallback Simulated Observation
NSR-GRID-209,LC09_L2SP_176039_20250929_20250930_02_T1,2025-09-29,51488.17102738521,51488.08799733201,51490.606740318864,-1.0,1.0,277,0.0,Fallback Simulated Observation
NSR-GRID-210,LC09_L2SP_176039_20250929_20250930_02_T1,2025-09-29,51374.080132779425,51374.06597981569,51375.40113193419,-1.0,1.0,277,0.0,Fallback Simulated Observation
NSR-GRID-211,LC09_L2SP_176039_20250929_20250930_02_T1,2025-09-29,50805.569715827274,50805.57190240149,50807.777406463545,-1.0,1.0,277,0.0,Fallback Simulated Observation
NSR-GRID-212,LC09_L2SP_176039_20250929_20250930_02_T1,2025-09-29,31492.63664159776,31492.676456324272,31493.331339436376,-1.0,1.0,277,0.0,Fallback Simulated Observation
NSR-GRID-213,LC09_L2SP_176039_20250929_20250930_02_T1,2025-09-29,22693.093611288685,22692.926032110343,22695.34004569713,-1.0,1.0,277,0.0,Fallback Simulated Observation
NSR-GRID-214,LC09_L2SP_176039_20250929_20250930_02_T1,2025-09-29,52177.259907018815,52177.26135791874,52179.75194370302,-1.0,1.0,277,0.0,Fallback Simulated Observation
NSR-GRID-215,LC09_L2SP_176039_20250929_20250930_02_T1,2025-09-29,44543.186355221915,44543.276504875226,44545.27651223955,-1.0,1.0,277,0.0,Fallback Simulated Observation
NSR-GRID-216,LC09_L2SP_176039_20250929_20250930_02_T1,2025-09-29,42126.48995911351,42126.528275932484,42127.829259906175,-1.0,1.0,277,0.0,Fallback Simulated Observation
NSR-GRID-217,LC09_L2SP_176039_20250929_20250930_02_T1,2025-09-29,50692.55040586576,50692.49836196722,50695.13060842605,-1.0,1.0,277,0.0,Fallback Simulated Observation
NSR-GRID-218,LC09_L2SP_176039_20250929_20250930_02_T1,2025-09-29,47742.52421104932,47742.505543153085,47745.07683827489,-1.0,1.0,277,0.0,Fallback Simulated Observation
NSR-GRID-219,LC09_L2SP_176039_20250929_20250930_02_T1,2025-09-29,44421.93066128742,44422.004715824005,44423.37442418766,-1.0,1.0,277,0.0,Fallback Simulated Observation
NSR-GRID-220,LC09_L2SP_176039_20250929_20250930_02_T1,2025-09-29,42647.86475726697,42647.82236826274,42650.93447323302,-1.0,1.0,277,0.0,Fallback Simulated Observation
NSR-GRID-221,LC09_L2SP_176039_20250929_20250930_02_T1,2025-09-29,55663.80874193949,55663.683753008365,55667.05499054389,-1.0,1.0,277,0.0,Fallback Simulated Observation
NSR-GRID-222,LC09_L2SP_176039_20250929_20250930_02_T1,2025-09-29,38261.48836176535,38261.517280132655,38262.163075257806,-1.0,1.0,277,0.0,Fallback Simulated Observation
NSR-GRID-223,LC09_L2SP_176039_20250929_20250930_02_T1,2025-09-29,52122.730858649156,52122.81981277227,52125.00327224971,-1.0,1.0,277,0.0,Fallback Simulated Observation
NSR-GRID-224,LC09_L2SP_176039_20250929_20250930_02_T1,2025-09-29,52338.28445715155,52338.38817304142,52341.10841501093,-1.0,1.0,277,0.0,Fallback Simulated Observation
NSR-GRID-225,LC09_L2SP_176039_20250929_20250930_02_T1,2025-09-29,43259.02546937529,43259.047618706,43259.588580082665,-1.0,1.0,277,0.0,Fallback Simulated Observation
NSR-GRID-226,LC09_L2SP_176039_20250929_20250930_02_T1,2025-09-29,39483.08100980989,39483.13151191871,39483.77181411902,-1.0,1.0,277,0.0,Fallback Simulated Observation
NSR-GRID-227,LC09_L2SP_176039_20250929_20250930_02_T1,2025-09-29,52904.637403502486,52904.60969819246,52905.711129889714,-1.0,1.0,277,0.0,Fallback Simulated Observation
NSR-GRID-228,LC09_L2SP_176039_20250929_20250930_02_T1,2025-09-29,54496.03762357699,54496.00303164408,54497.333309144495,-1.0,1.0,277,0.0,Fallback Simulated Observation
NSR-GRID-229,LC09_L2SP_176039_20250929_20250930_02_T1,2025-09-29,53580.73037095308,53580.67031985126,53581.396450403896,-1.0,1.0,277,0.0,Fallback Simulated Observation
NSR-GRID-230,LC09_L2SP_176039_20250929_20250930_02_T1,2025-09-29,48708.35063226221,48708.40080076673,48710.793191648925,-1.0,1.0,277,0.0,Fallback Simulated Observation
NSR-GRID-231,LC09_L2SP_176039_20250929_20250930_02_T1,2025-09-29,13078.871515283374,13078.769022476716,13079.752133767563,-1.0,1.0,277,0.0,Fallback Simulated Observation
NSR-GRID-232,LC09_L2SP_176039_20250929_20250930_02_T1,2025-09-29,46023.06521502426,46022.924791067635,46026.41672570903,-1.0,1.0,277,0.0,Fallback Simulated Observation
NSR-GRID-233,LC09_L2SP_176039_20250929_20250930_02_T1,2025-09-29,49523.939435195745,49524.094369288425,49525.33621364604,-1.0,1.0,277,0.0,Fallback Simulated Observation
NSR-GRID-234,LC09_L2SP_176039_20250929_20250930_02_T1,2025-09-29,49899.68222232126,49899.67525897593,49900.84756079706,-1.0,1.0,277,0.0,Fallback Simulated Observation
NSR-GRID-235,LC09_L2SP_176039_20250929_20250930_02_T1,2025-09-29,47711.654261790776,47711.57131103489,47712.184169494976,-1.0,1.0,277,0.0,Fallback Simulated Observation
NSR-GRID-236,LC09_L2SP_176039_20250929_20250930_02_T1,2025-09-29,35321.72841909072,35321.812803041685,35322.38541766263,-1.0,1.0,277,0.0,Fallback Simulated Observation
NSR-GRID-237,LC09_L2SP_176039_20250929_20250930_02_T1,2025-09-29,6327.418195886009,6327.561454497832,6328.616901401958,-1.0,1.0,277,0.0,Fallback Simulated Observation
NSR-GRID-238,LC09_L2SP_176039_20250929_20250930_02_T1,2025-09-29,23666.56503990533,23666.49913597784,23669.442659208195,-1.0,1.0,277,0.0,Fallback Simulated Observation
NSR-GRID-239,LC09_L2SP_176039_20250929_20250930_02_T1,2025-09-29,32302.48186469269,32302.601717955404,32305.68675838115,-1.0,1.0,277,0.0,Fallback Simulated Observation
NSR-GRID-240,LC09_L2SP_176039_20250929_20250930_02_T1,2025-09-29,28303.967741653145,28304.000299434825,28305.847567507026,-1.0,1.0,277,0.0,Fallback Simulated Observation
NSR-GRID-241,LC09_L2SP_176039_20250929_20250930_02_T1,2025-09-29,42202.47833736458,42202.302858490366,42203.236685696094,-1.0,1.0,277,0.0,Fallback Simulated Observation
NSR-GRID-242,LC09_L2SP_176039_20250929_20250930_02_T1,2025-09-29,51454.549364225844,51454.43634635289,51456.051678182106,-1.0,1.0,277,0.0,Fallback Simulated Observation
NSR-GRID-243,LC09_L2SP_176039_20250929_20250930_02_T1,2025-09-29,35546.29273590641,35546.43315250042,35546.95154371312,-1.0,1.0,277,0.0,Fallback Simulated Observation
NSR-GRID-244,LC09_L2SP_176039_20250929_20250930_02_T1,2025-09-29,3744.8616799590354,3744.7343214041757,3745.826204142978,-1.0,1.0,277,0.0,Fallback Simulated Observation
NSR-GRID-245,LC09_L2SP_176039_20250929_20250930_02_T1,2025-09-29,22817.66492066032,22817.774017327774,22819.425669465745,-1.0,1.0,277,0.0,Fallback Simulated Observation
NSR-GRID-246,LC09_L2SP_176039_20250929_20250930_02_T1,2025-09-29,41139.98230343743,41139.9376713859,41143.24241792975,-1.0,1.0,277,0.0,Fallback Simulated Observation
NSR-GRID-247,LC09_L2SP_176039_20250929_20250930_02_T1,2025-09-29,34963.02892115283,34963.046828205974,34966.354637914614,-1.0,1.0,277,0.0,Fallback Simulated Observation
NSR-GRID-248,LC09_L2SP_176039_20250929_20250930_02_T1,2025-09-29,38482.387628852026,38482.5607458152,38484.2997318505,-1.0,1.0,277,0.0,Fallback Simulated Observation
NSR-GRID-249,LC09_L2SP_176039_20250929_20250930_02_T1,2025-09-29,44619.994284147186,44619.84204267776,44623.05748268716,-1.0,1.0,277,0.0,Fallback Simulated Observation
NSR-GRID-250,LC09_L2SP_176039_20250929_20250930_02_T1,2025-09-29,9136.199421453719,9136.148405372354,9139.461690806884,-1.0,1.0,277,0.0,Fallback Simulated Observation
NSR-GRID-251,LC09_L2SP_176039_20250929_20250930_02_T1,2025-09-29,47800.741795734255,47800.86477124731,47803.663116795215,-1.0,1.0,277,0.0,Fallback Simulated Observation
NSR-GRID-252,LC09_L2SP_176039_20250929_20250930_02_T1,2025-09-29,51151.74711452063,51151.63926324649,51155.05682517484,-1.0,1.0,277,0.0,Fallback Simulated Observation
NSR-GRID-253,LC09_L2SP_176039_20250929_20250930_02_T1,2025-09-29,48254.07929105569,48254.160377367254,48254.68831330064,-1.0,1.0,277,0.0,Fallback Simulated Observation
NSR-GRID-254,LC09_L2SP_176039_20250929_20250930_02_T1,2025-09-29,45162.81463225274,45162.69473711294,45164.81972975076,-1.0,1.0,277,0.0,Fallback Simulated Observation
NSR-GRID-255,LC09_L2SP_176039_20250929_20250930_02_T1,2025-09-29,32060.65582968069,32060.401156469514,32062.778310872603,-1.0,1.0,277,0.0,Fallback Simulated Observation
NSR-GRID-256,LC09_L2SP_176039_20250929_20250930_02_T1,2025-09-29,19014.26982596633,19014.36561917185,19016.437438408928,-1.0,1.0,277,0.0,Fallback Simulated Observation
NSR-GRID-257,LC09_L2SP_176039_20250929_20250930_02_T1,2025-09-29,17305.969543366948,17305.882600092144,17308.043560287006,-1.0,1.0,277,0.0,Fallback Simulated Observation
NSR-GRID-258,LC09_L2SP_176039_20250929_20250930_02_T1,2025-09-29,18798.238842143626,18798.32262519715,18798.9950495965,-1.0,1.0,277,0.0,Fallback Simulated Observation
NSR-GRID-259,LC09_L2SP_176039_20250929_20250930_02_T1,2025-09-29,38935.63818456897,38935.783817416166,38938.82242728146,-1.0,1.0,277,0.0,Fallback Simulated Observation
NSR-GRID-260,LC09_L2SP_176039_20250929_20250930_02_T1,2025-09-29,44880.18941323162,44880.231802179864,44880.95573303249,-1.0,1.0,277,0.0,Fallback Simulated Observation
NSR-GRID-261,LC09_L2SP_176039_20250929_20250930_02_T1,2025-09-29,24276.43278445609,24276.365275698194,24278.18668998013,-1.0,1.0,277,0.0,Fallback Simulated Observation
NSR-GRID-262,LC09_L2SP_176039_20250929_20250930_02_T1,2025-09-29,2956.3851193927653,2956.3112496429326,2958.6019708363915,-1.0,1.0,277,0.0,Fallback Simulated Observation
NSR-GRID-263,LC09_L2SP_176039_20250929_20250930_02_T1,2025-09-29,8837.031010149822,8837.059896644523,8839.801377818529,-1.0,1.0,277,0.0,Fallback Simulated Observation
NSR-GRID-264,LC09_L2SP_176039_20250929_20250930_02_T1,2025-09-29,17414.89591800051,17414.841127470092,17416.13496274224,-1.0,1.0,277,0.0,Fallback Simulated Observation
NSR-GRID-265,LC09_L2SP_176039_20250929_20250930_02_T1,2025-09-29,45059.1703498092,45059.00923286289,45061.25308867648,-1.0,1.0,277,0.0,Fallback Simulated Observation
NSR-GRID-266,LC09_L2SP_176039_20250929_20250930_02_T1,2025-09-29,39802.701050636395,39802.77938650745,39805.283445598325,-1.0,1.0,277,0.0,Fallback Simulated Observation
NSR-GRID-267,LC09_L2SP_176039_20250929_20250930_02_T1,2025-09-29,53551.74167061002,53551.63371556885,53554.65130697975,-1.0,1.0,277,0.0,Fallback Simulated Observation
NSR-GRID-268,LC09_L2SP_176039_20250929_20250930_02_T1,2025-09-29,23114.18095691218,23114.317294563534,23117.10753252928,-1.0,1.0,277,0.0,Fallback Simulated Observation
NSR-GRID-269,LC09_L2SP_176039_20250929_20250930_02_T1,2025-09-29,57405.4017907627,57405.541056251524,57406.81009358555,-1.0,1.0,277,0.0,Fallback Simulated Observation
NSR-GRID-270,LC09_L2SP_176039_20250929_20250930_02_T1,2025-09-29,25816.91663205726,25816.992514498874,25819.40103067323,-1.0,1.0,277,0.0,Fallback Simulated Observation
NSR-GRID-271,LC09_L2SP_176039_20250929_20250930_02_T1,2025-09-29,48798.327023524784,48798.35278102187,48800.07234505535,-1.0,1.0,277,0.0,Fallback Simulated Observation
NSR-GRID-272,LC09_L2SP_176039_20250929_20250930_02_T1,2025-09-29,52630.682946580535,52630.585072496906,52633.499749251045,-1.0,1.0,277,0.0,Fallback Simulated Observation
NSR-GRID-273,LC09_L2SP_176039_20250929_20250930_02_T1,2025-09-29,40487.21190445096,40487.146261454596,40487.98100720801,-1.0,1.0,277,0.0,Fallback Simulated Observation
NSR-GRID-274,LC09_L2SP_176039_20250929_20250930_02_T1,2025-09-29,44828.566462178664,44828.620490973066,44829.549415473724,-1.0,1.0,277,0.0,Fallback Simulated Observation
NSR-GRID-275,LC09_L2SP_176039_20250929_20250930_02_T1,2025-09-29,33358.26780047183,33358.17127283787,33361.35333194172,-1.0,1.0,277,0.0,Fallback Simulated Observation
NSR-GRID-276,LC09_L2SP_176039_20250929_20250930_02_T1,2025-09-29,18953.31664368993,18953.338423923906,18956.795140084974,-1.0,1.0,277,0.0,Fallback Simulated Observation
NSR-GRID-277,LC09_L2SP_176039_20250929_20250930_02_T1,2025-09-29,4014.4861775591944,4014.539875128889,4015.245550080555,-1.0,1.0,277,0.0,Fallback Simulated Observation
NSR-GRID-278,LC09_L2SP_176039_20250929_20250930_02_T1,2025-09-29,21671.714838549244,21671.665042364562,21672.70702931404,-1.0,1.0,277,0.0,Fallback Simulated Observation
NSR-GRID-279,LC09_L2SP_176039_20250929_20250930_02_T1,2025-09-29,22280.34513248106,22280.314585478136,22281.829897748892,-1.0,1.0,277,0.0,Fallback Simulated Observation
NSR-GRID-280,LC09_L2SP_176039_20250929_20250930_02_T1,2025-09-29,6389.430934247871,6389.374800448227,6392.141317954001,-1.0,1.0,277,0.0,Fallback Simulated Observation
NSR-GRID-281,LC09_L2SP_176039_20250929_20250930_02_T1,2025-09-29,158.8792538813788,158.83055625135998,160.8249543827087,-1.0,1.0,277,0.0,Fallback Simulated Observation
NSR-GRID-282,LC09_L2SP_176039_20250929_20250930_02_T1,2025-09-29,6303.702555553975,6303.740101139738,6307.018713459908,-1.0,1.0,277,0.0,Fallback Simulated Observation
NSR-GRID-283,LC09_L2SP_176039_20250929_20250930_02_T1,2025-09-29,16641.913754007666,16641.93352892122,16643.32426573511,-1.0,1.0,277,0.0,Fallback Simulated Observation
NSR-GRID-284,LC09_L2SP_176039_20250929_20250930_02_T1,2025-09-29,14310.205978253709,14310.178493723643,14313.590812580473,-1.0,1.0,277,0.0,Fallback Simulated Observation
NSR-GRID-285,LC09_L2SP_176039_20250929_20250930_02_T1,2025-09-29,46923.41534652992,46923.41952389565,46924.246976028844,-1.0,1.0,277,0.0,Fallback Simulated Observation
NSR-GRID-286,LC09_L2SP_176039_20250929_20250930_02_T1,2025-09-29,7475.410754056064,7475.380391448774,7478.129178017717,-1.0,1.0,277,0.0,Fallback Simulated Observation
NSR-GRID-287,LC09_L2SP_176039_20250929_20250930_02_T1,2025-09-29,59695.130369961196,59695.05856607985,59695.78658717986,-1.0,1.0,277,0.0,Fallback Simulated Observation
NSR-GRID-288,LC09_L2SP_176039_20250929_20250930_02_T1,2025-09-29,52757.139976493294,52757.21394404011,52759.086652184305,-1.0,1.0,277,0.0,Fallback Simulated Observation
NSR-GRID-289,LC09_L2SP_176039_20250929_20250930_02_T1,2025-09-29,40919.86943116542,40919.923312858235,40921.01004359907,-1.0,1.0,277,0.0,Fallback Simulated Observation
NSR-GRID-290,LC09_L2SP_176039_20250929_20250930_02_T1,2025-09-29,32412.725862439784,32412.72818203764,32415.93820342122,-1.0,1.0,277,0.0,Fallback Simulated Observation
NSR-GRID-291,LC09_L2SP_176039_20250929_20250930_02_T1,2025-09-29,13340.148053567355,13340.185762589397,13343.552120083492,-1.0,1.0,277,0.0,Fallback Simulated Observation
NSR-GRID-292,LC09_L2SP_176039_20250929_20250930_02_T1,2025-09-29,14624.199624157665,14624.215794010335,14625.379900009866,-1.0,1.0,277,0.0,Fallback Simulated Observation
NSR-GRID-293,LC09_L2SP_176039_20250929_20250930_02_T1,2025-09-29,37037.12502013699,37037.09996410013,37039.52668852249,-1.0,1.0,277,0.0,Fallback Simulated Observation
NSR-GRID-294,LC09_L2SP_176039_20250929_20250930_02_T1,2025-09-29,27072.10737267637,27072.067640351117,27074.34158898241,-1.0,1.0,277,0.0,Fallback Simulated Observation
NSR-GRID-295,LC09_L2SP_176039_20250929_20250930_02_T1,2025-09-29,250.2474830230586,250.17516989325688,251.76815200641238,-1.0,1.0,277,0.0,Fallback Simulated Observation
NSR-GRID-296,LC09_L2SP_176039_20250929_20250930_02_T1,2025-09-29,102.52318321757794,102.47082561873728,105.32947575974141,-0.49582618220906843,1.0,277,0.0,Fallback Simulated Observation
NSR-GRID-297,LC09_L2SP_176039_20250929_20250930_02_T1,2025-09-29,258.6860300883366,258.5814221867513,260.5824910056557,-1.0,1.0,277,0.0,Fallback Simulated Observation
NSR-GRID-298,LC09_L2SP_176039_20250929_20250930_02_T1,2025-09-29,570.9913261560058,570.8722853824383,572.8730738080898,-1.0,1.0,277,0.0,Fallback Simulated Observation
NSR-GRID-299,LC09_L2SP_176039_20250929_20250930_02_T1,2025-09-29,468.61050240069346,468.5683429944377,469.70921724838126,-1.0,1.0,277,0.0,Fallback Simulated Observation
NSR-GRID-300,LC09_L2SP_176039_20250929_20250930_02_T1,2025-09-29,33813.91894746554,33813.857649138416,33816.973415010485,-1.0,1.0,277,0.0,Fallback Simulated Observation
NSR-GRID-301,LC09_L2SP_176039_20250929_20250930_02_T1,2025-09-29,44693.716194537024,44693.62078909161,44694.73446649187,-1.0,1.0,277,0.0,Fallback Simulated Observation
NSR-GRID-302,LC09_L2SP_176039_20250929_20250930_02_T1,2025-09-29,17442.14761508873,17442.324432018035,17445.450847472443,-1.0,1.0,277,0.0,Fallback Simulated Observation
NSR-GRID-303,LC09_L2SP_176039_20250929_20250930_02_T1,2025-09-29,3157.33406630806,3157.2858390870397,3159.7815282025526,-1.0,1.0,277,0.0,Fallback Simulated Observation
NSR-GRID-304,LC09_L2SP_176039_20250929_20250930_02_T1,2025-09-29,27977.63049288662,27977.602741524734,27979.411830225876,-1.0,1.0,277,0.0,Fallback Simulated Observation
NSR-GRID-305,LC09_L2SP_176039_20250929_20250930_02_T1,2025-09-29,44106.7402986553,44106.89903142071,44108.17040072734,-1.0,1.0,277,0.0,Fallback Simulated Observation
NSR-GRID-306,LC09_L2SP_176039_20250929_20250930_02_T1,2025-09-29,47897.66700977164,47897.67948498161,47899.86597841214,-1.0,1.0,277,0.0,Fallback Simulated Observation
NSR-GRID-307,LC09_L2SP_176039_20250929_20250930_02_T1,2025-09-29,25804.984777835176,25804.9554823736,25805.545143000734,-1.0,1.0,277,0.0,Fallback Simulated Observation
NSR-GRID-308,LC09_L2SP_176039_20250929_20250930_02_T1,2025-09-29,10699.012535236006,10699.010555801555,10701.970729928906,-1.0,1.0,277,0.0,Fallback Simulated Observation
NSR-GRID-309,LC09_L2SP_176039_20250929_20250930_02_T1,2025-09-29,2142.124782292378,2142.2283980184916,2145.4927224688563,-1.0,1.0,277,0.0,Fallback Simulated Observation
NSR-GRID-310,LC09_L2SP_176039_20250929_20250930_02_T1,2025-09-29,2089.580537774743,2089.623371979809,2090.9749888435726,-1.0,1.0,277,0.0,Fallback Simulated Observation
NSR-GRID-311,LC09_L2SP_176039_20250929_20250930_02_T1,2025-09-29,2818.9047508944545,2818.8910712039788,2821.209810720316,-1.0,1.0,277,0.0,Fallback Simulated Observation
NSR-GRID-312,LC09_L2SP_176039_20250929_20250930_02_T1,2025-09-29,5687.975841426214,5688.135788520225,5690.721857951967,-1.0,1.0,277,0.0,Fallback Simulated Observation
NSR-GRID-313,LC09_L2SP_176039_20250929_20250930_02_T1,2025-09-29,4469.137874193909,4469.144065004311,4472.142744519065,-1.0,1.0,277,0.0,Fallback Simulated Observation
NSR-GRID-314,LC09_L2SP_176039_20250929_20250930_02_T1,2025-09-29,82.7605141148564,82.50733718323133,83.73262886490613,-0.3274608395051232,1.0,277,0.0,Fallback Simulated Observation
NSR-GRID-315,LC09_L2SP_176039_20250929_20250930_02_T1,2025-09-29,46.1848473905083,46.27073687017429,49.41957805229746,0.10391062776173418,-0.16556909342439943,277,0.0,Fallback Simulated Observation
NSR-GRID-316,LC09_L2SP_176039_20250929_20250930_02_T1,2025-09-29,45.66168323542415,45.724337071757844,47.21361130979559,0.09228225934396213,-0.18763832634878153,277,0.0,Fallback Simulated Observation
NSR-GRID-317,LC09_L2SP_176039_20250929_20250930_02_T1,2025-09-29,19962.907785017695,19962.829657767725,19965.825502545296,-1.0,1.0,277,0.0,Fallback Simulated Observation
NSR-GRID-318,LC09_L2SP_176039_20250929_20250930_02_T1,2025-09-29,5817.196799758234,5817.198104095672,5818.420848869747,-1.0,1.0,277,0.0,Fallback Simulated Observation
NSR-GRID-319,LC09_L2SP_176039_20250929_20250930_02_T1,2025-09-29,3151.0595679572675,3151.2213872062116,3154.0099480659906,-1.0,1.0,277,0.0,Fallback Simulated Observation
NSR-GRID-320,LC09_L2SP_176039_20250929_20250930_02_T1,2025-09-29,40881.29412145528,40881.25875287932,40883.79424802147,-1.0,1.0,277,0.0,Fallback Simulated Observation
NSR-GRID-321,LC09_L2SP_176039_20250929_20250930_02_T1,2025-09-29,42512.66718505256,42512.880747662675,42515.675540899196,-1.0,1.0,277,0.0,Fallback Simulated Observation
NSR-GRID-322,LC09_L2SP_176039_20250929_20250930_02_T1,2025-09-29,15802.530581186154,15802.57747899397,15805.382496737671,-1.0,1.0,277,0.0,Fallback Simulated Observation
NSR-GRID-323,LC09_L2SP_176039_20250929_20250930_02_T1,2025-09-29,13180.533669661598,13180.459728218437,13181.094692907243,-1.0,1.0,277,0.0,Fallback Simulated Observation
NSR-GRID-324,LC09_L2SP_176039_20250929_20250930_02_T1,2025-09-29,14854.696036282734,14854.80092269692,14857.985647729616,-1.0,1.0,277,0.0,Fallback Simulated Observation
NSR-GRID-325,LC09_L2SP_176039_20250929_20250930_02_T1,2025-09-29,6255.185081750514,6255.15870824675,6256.425977987915,-1.0,1.0,277,0.0,Fallback Simulated Observation
NSR-GRID-326,LC09_L2SP_176039_20250929_20250930_02_T1,2025-09-29,1240.3853153982022,1240.4544772557144,1241.2783592541537,-1.0,1.0,277,0.0,Fallback Simulated Observation
NSR-GRID-327,LC09_L2SP_176039_20250929_20250930_02_T1,2025-09-29,4900.065796505446,4900.06493798526,4901.114565283332,-1.0,1.0,277,0.0,Fallback Simulated Observation
NSR-GRID-328,LC09_L2SP_176039_20250929_20250930_02_T1,2025-09-29,5839.236538223507,5839.255876168699,5841.247613507219,-1.0,1.0,277,0.0,Fallback Simulated Observation
NSR-GRID-329,LC09_L2SP_176039_20250929_20250930_02_T1,2025-09-29,49.2406915254494,49.444307144085286,51.95557805688432,0.06826545069701706,-0.010151145303864132,277,0.0,Fallback Simulated Observation
NSR-GRID-330,LC09_L2SP_176039_20250929_20250930_02_T1,2025-09-29,45.74229001453888,45.468375993925136,48.186596396322095,0.04298310813417309,-0.06676407994716527,277,0.0,Fallback Simulated Observation
NSR-GRID-331,LC09_L2SP_176039_20250929_20250930_02_T1,2025-09-29,45.36864006968061,45.41881918645837,46.24994791099283,0.10249865090606482,-0.17228315921643123,277,0.0,Fallback Simulated Observation
NSR-GRID-332,LC09_L2SP_176039_20250929_20250930_02_T1,2025-09-29,15349.643319255316,15349.615652078144,15350.170815905867,-1.0,1.0,277,0.0,Fallback Simulated Observation
NSR-GRID-333,LC09_L2SP_176039_20250929_20250930_02_T1,2025-09-29,584.3830920715563,584.350562179124,586.1308330344489,-1.0,1.0,277,0.0,Fallback Simulated Observation
NSR-GRID-334,LC09_L2SP_176039_20250929_20250930_02_T1,2025-09-29,15313.308953157191,15313.27109518287,15315.360306949762,-1.0,1.0,277,0.0,Fallback Simulated Observation
NSR-GRID-335,LC09_L2SP_176039_20250929_20250930_02_T1,2025-09-29,13760.907353573615,13760.922475408015,13761.774797824166,-1.0,1.0,277,0.0,Fallback Simulated Observation
NSR-GRID-336,LC09_L2SP_176039_20250929_20250930_02_T1,2025-09-29,37569.39568194957,37569.14032698997,37570.10706398257,-1.0,1.0,277,0.0,Fallback Simulated Observation
NSR-GRID-337,LC09_L2SP_176039_20250929_20250930_02_T1,2025-09-29,14312.69008816165,14312.707468278137,14314.572694367458,-1.0,1.0,277,0.0,Fallback Simulated Observation
NSR-GRID-338,LC09_L2SP_176039_20250929_20250930_02_T1,2025-09-29,6864.504553813092,6864.494801274717,6867.605119452173,-1.0,1.0,277,0.0,Fallback Simulated Observation
NSR-GRID-339,LC09_L2SP_176039_20250929_20250930_02_T1,2025-09-29,10739.91290581691,10739.86589866695,10741.207354782244,-1.0,1.0,277,0.0,Fallback Simulated Observation
NSR-GRID-340,LC09_L2SP_176039_20250929_20250930_02_T1,2025-09-29,6748.197108156425,6748.267811392387,6750.026228086331,-1.0,1.0,277,0.0,Fallback Simulated Observation
NSR-GRID-341,LC09_L2SP_176039_20250929_20250930_02_T1,2025-09-29,25111.065515754355,25111.119803089165,25114.03379648345,-1.0,1.0,277,0.0,Fallback Simulated Observation
NSR-GRID-342,LC09_L2SP_176039_20250929_20250930_02_T1,2025-09-29,12347.24127574575,12347.0669809927,12349.93094309886,-1.0,1.0,277,0.0,Fallback Simulated Observation
NSR-GRID-343,LC09_L2SP_176039_20250929_20250930_02_T1,2025-09-29,5495.007497255171,5495.108719697517,5495.6633955495645,-1.0,1.0,277,0.0,Fallback Simulated Observation
NSR-GRID-344,LC09_L2SP_176039_20250929_20250930_02_T1,2025-09-29,5214.368930111204,5214.288350145715,5216.317972449735,-1.0,1.0,277,0.0,Fallback Simulated Observation
NSR-GRID-345,LC09_L2SP_176039_20250929_20250930_02_T1,2025-09-29,1028.6869282110383,1028.7111415266056,1030.6150983174914,-1.0,1.0,277,0.0,Fallback Simulated Observation
NSR-GRID-346,LC09_L2SP_176039_20250929_20250930_02_T1,2025-09-29,60.52878648586887,60.385161099376056,63.369038557073765,-0.09522271308983934,0.504301566637488,277,0.0,Fallback Simulated Observation
NSR-GRID-347,LC09_L2SP_176039_20250929_20250930_02_T1,2025-09-29,5489.458981421689,5489.533526149895,5491.098754294575,-1.0,1.0,277,0.0,Fallback Simulated Observation
NSR-GRID-348,LC09_L2SP_176039_20250929_20250930_02_T1,2025-09-29,9328.752141129298,9329.0345741884,9330.766939541567,-1.0,1.0,277,0.0,Fallback Simulated Observation
NSR-GRID-349,LC09_L2SP_176039_20250929_20250930_02_T1,2025-09-29,15352.159980348906,15352.17225356507,15354.958451653654,-1.0,1.0,277,0.0,Fallback Simulated Observation
NSR-GRID-350,LC09_L2SP_176039_20250929_20250930_02_T1,2025-09-29,15852.164511294744,15852.169293826722,15855.466473550283,-1.0,1.0,277,0.0,Fallback Simulated Observation
NSR-GRID-351,LC09_L2SP_176039_20250929_20250930_02_T1,2025-09-29,6007.180591684589,6007.043427220194,6010.064580361783,-1.0,1.0,277,0.0,Fallback Simulated Observation
NSR-GRID-352,LC09_L2SP_176039_20250929_20250930_02_T1,2025-09-29,17146.746085361196,17146.57143868864,17147.688447113473,-1.0,1.0,277,0.0,Fallback Simulated Observation
NSR-GRID-353,LC09_L2SP_176039_20250929_20250930_02_T1,2025-09-29,25373.982595643607,25373.99659501787,25377.21935932691,-1.0,1.0,277,0.0,Fallback Simulated Observation
NSR-GRID-354,LC09_L2SP_176039_20250929_20250930_02_T1,2025-09-29,16858.43564597965,16858.49692505381,16858.963576851937,-1.0,1.0,277,0.0,Fallback Simulated Observation
NSR-GRID-355,LC09_L2SP_176039_20250929_20250930_02_T1,2025-09-29,1997.2439157444476,1997.2987993327495,1999.1642205452297,-1.0,1.0,277,0.0,Fallback Simulated Observation
NSR-GRID-356,LC09_L2SP_176039_20250929_20250930_02_T1,2025-09-29,4588.445935379865,4588.635808878001,4591.404218940876,-1.0,1.0,277,0.0,Fallback Simulated Observation
NSR-GRID-357,LC09_L2SP_176039_20250929_20250930_02_T1,2025-09-29,5753.693274811109,5753.658708173642,5756.781587143487,-1.0,1.0,277,0.0,Fallback Simulated Observation
NSR-GRID-358,LC09_L2SP_176039_20250929_20250930_02_T1,2025-09-29,25696.494307318546,25696.468131489524,25697.956295582757,-1.0,1.0,277,0.0,Fallback Simulated Observation
NSR-GRID-359,LC09_L2SP_176039_20250929_20250930_02_T1,2025-09-29,38940.89359582186,38940.85660477491,38941.96483630993,-1.0,1.0,277,0.0,Fallback Simulated Observation
NSR-GRID-360,LC09_L2SP_176039_20250929_20250930_02_T1,2025-09-29,3652.5379610891323,3652.51490244928,3654.0000975840853,-1.0,1.0,277,0.0,Fallback Simulated Observation
NSR-GRID-361,LC09_L2SP_176039_20250929_20250930_02_T1,2025-09-29,2659.659250949533,2659.6209916112443,2662.784277048765,-1.0,1.0,277,0.0,Fallback Simulated Observation
NSR-GRID-362,LC09_L2SP_176039_20250929_20250930_02_T1,2025-09-29,5253.944100175887,5254.085302863741,5256.155037699366,-1.0,1.0,277,0.0,Fallback Simulated Observation
NSR-GRID-363,LC09_L2SP_176039_20250929_20250930_02_T1,2025-09-29,20617.277151498587,20617.305172052693,20618.6276730694,-1.0,1.0,277,0.0,Fallback Simulated Observation
NSR-GRID-364,LC09_L2SP_176039_20250929_20250930_02_T1,2025-09-29,35980.61862535053,35980.52098534566,35981.6007653981,-1.0,1.0,277,0.0,Fallback Simulated Observation
NSR-GRID-365,LC09_L2SP_176039_20250929_20250930_02_T1,2025-09-29,15819.717796837564,15819.751714595477,15821.50874612169,-1.0,1.0,277,0.0,Fallback Simulated Observation
NSR-GRID-366,LC09_L2SP_176039_20250929_20250930_02_T1,2025-09-29,757.0394238580897,757.1247440125949,759.907295822121,-1.0,1.0,277,0.0,Fallback Simulated Observation
NSR-GRID-367,LC09_L2SP_176039_20250929_20250930_02_T1,2025-09-29,9528.939379694206,9528.920791150598,9532.407428236333,-1.0,1.0,277,0.0,Fallback Simulated Observation
NSR-GRID-368,LC09_L2SP_176039_20250929_20250930_02_T1,2025-09-29,4112.915511813718,4112.9075209684515,4114.1535110346385,-1.0,1.0,277,0.0,Fallback Simulated Observation
NSR-GRID-369,LC09_L2SP_176039_20250929_20250930_02_T1,2025-09-29,225.41006472811276,225.42840938573457,226.49143211818281,-1.0,1.0,277,0.0,Fallback Simulated Observation
NSR-GRID-370,LC09_L2SP_176039_20250929_20250930_02_T1,2025-09-29,471.0199406792312,470.8896562028787,472.16567214073405,-1.0,1.0,277,0.0,Fallback Simulated Observation
NSR-GRID-371,LC09_L2SP_176039_20250929_20250930_02_T1,2025-09-29,603.7608577414198,603.6334058306891,605.8617085353475,-1.0,1.0,277,0.0,Fallback Simulated Observation
NSR-GRID-372,LC09_L2SP_176039_20250929_20250930_02_T1,2025-09-29,7856.089739803612,7856.283964363088,7858.127468451385,-1.0,1.0,277,0.0,Fallback Simulated Observation
NSR-GRID-373,LC09_L2SP_176039_20250929_20250930_02_T1,2025-09-29,10385.64281768646,10385.616647587078,10388.964737684018,-1.0,1.0,277,0.0,Fallback Simulated Observation
NSR-GRID-374,LC09_L2SP_176039_20250929_20250930_02_T1,2025-09-29,1608.6193169962098,1608.5934994824067,1609.6246386496055,-1.0,1.0,277,0.0,Fallback Simulated Observation
NSR-GRID-375,LC09_L2SP_176039_20250929_20250930_02_T1,2025-09-29,49.172374659230066,48.954997768788665,52.22117518417744,0.0007518476851867545,-0.0064656007128249225,277,0.0,Fallback Simulated Observation
NSR-GRID-376,LC09_L2SP_176039_20250929_20250930_02_T1,2025-09-29,15097.08739440625,15097.064328239585,15098.154627367585,-1.0,1.0,277,0.0,Fallback Simulated Observation
NSR-GRID-377,LC09_L2SP_176039_20250929_20250930_02_T1,2025-09-29,15145.643284177959,15145.66927250145,15147.955805992477,-1.0,1.0,277,0.0,Fallback Simulated Observation
NSR-GRID-378,LC09_L2SP_176039_20250929_20250930_02_T1,2025-09-29,50.80269471896812,50.82030976415689,52.595643907509896,0.05596742833927532,0.12563923664555068,277,0.0,Fallback Simulated Observation
NSR-GRID-379,LC09_L2SP_176039_20250929_20250930_02_T1,2025-09-29,9446.246656378335,9446.218684849402,9449.674268966684,-1.0,1.0,277,0.0,Fallback Simulated Observation
NSR-GRID-380,LC09_L2SP_176039_20250929_20250930_02_T1,2025-09-29,88.22532560485043,88.22876313575307,91.15610299640228,-0.39380582990683566,1.0,277,0.0,Fallback Simulated Observation
NSR-GRID-381,LC09_L2SP_176039_20250929_20250930_02_T1,2025-09-29,45.74401465392966,45.810618111268646,46.99371981884033,0.08368618128156208,-0.13260083181882487,277,0.0,Fallback Simulated Observation
NSR-GRID-382,LC09_L2SP_176039_20250929_20250930_02_T1,2025-09-29,44.67308775066216,44.81752897016767,46.26392209823236,0.0926838176793684,-0.1510678313031006,277,0.0,Fallback Simulated Observation
NSR-GRID-383,LC09_L2SP_176039_20250929_20250930_02_T1,2025-09-29,4443.770126210798,4443.956710666026,4445.610192376032,-1.0,1.0,277,0.0,Fallback Simulated Observation
NSR-GRID-384,LC09_L2SP_176039_20250929_20250930_02_T1,2025-09-29,592.8141527796867,592.7147172731236,594.2284355180786,-1.0,1.0,277,0.0,Fallback Simulated Observation
NSR-GRID-385,LC09_L2SP_176039_20250929_20250930_02_T1,2025-09-29,45.7184554561995,45.87568608181808,47.46577985916846,0.0304100332289338,-0.1163477577880432,277,0.0,Fallback Simulated Observation
NSR-GRID-386,LC09_L2SP_176039_20250929_20250930_02_T1,2025-09-29,48.43459413339426,48.37145043064594,50.92579721547608,0.021358103415691283,0.03582598976887153,277,0.0,Fallback Simulated Observation
NSR-GRID-387,LC09_L2SP_176039_20250929_20250930_02_T1,2025-09-29,44.75381939561423,44.73592105147506,45.884935640203736,0.06685730075443884,-0.14093156711694735,277,0.0,Fallback Simulated Observation
NSR-GRID-388,LC09_L2SP_176039_20250929_20250930_02_T1,2025-09-29,342.2791933753526,342.2405392137628,344.69698202489667,-1.0,1.0,277,0.0,Fallback Simulated Observation
NSR-GRID-389,LC09_L2SP_176039_20250929_20250930_02_T1,2025-09-29,5977.720948382524,5977.8976986221005,5978.989011901708,-1.0,1.0,277,0.0,Fallback Simulated Observation
NSR-GRID-390,LC09_L2SP_176039_20250929_20250930_02_T1,2025-09-29,72.49014383225564,72.62938942640395,73.79376458070796,-0.18667159329787614,0.9618808218380951,277,0.0,Fallback Simulated Observation
NSR-GRID-391,LC09_L2SP_176039_20250929_20250930_02_T1,2025-09-29,194.11770970161564,194.06947554409436,195.38899796980098,-1.0,1.0,277,0.0,Fallback Simulated Observation
NSR-GRID-392,LC09_L2SP_176039_20250929_20250930_02_T1,2025-09-29,372.2330174215022,372.30456673117914,373.8533511949385,-1.0,1.0,277,0.0,Fallback Simulated Observation
NSR-GRID-393,LC09_L2SP_176039_20250929_20250930_02_T1,2025-09-29,45.56395025717436,45.72116580516463,47.06637932432595,0.08075083682973642,-0.08724583982776063,277,0.0,Fallback Simulated Observation
NSR-GRID-394,LC09_L2SP_176039_20250929_20250930_02_T1,2025-09-29,43.72861542215547,43.47638763040668,46.23086201375696,0.04230521489394147,-0.14105463384287445,277,0.0,Fallback Simulated Observation
NSR-GRID-395,LC09_L2SP_176039_20250929_20250930_02_T1,2025-09-29,44.726369719088126,44.616570862346144,46.71533803294126,0.11342695150874953,-0.14704127039691522,277,0.0,Fallback Simulated Observation
NSR-GRID-396,LC09_L2SP_176039_20250929_20250930_02_T1,2025-09-29,44.83738362234939,44.82871350873457,47.13521617582017,0.07761827713007881,-0.1171880009047844,277,0.0,Fallback Simulated Observation
NSR-GRID-397,LC09_L2SP_176039_20250929_20250930_02_T1,2025-09-29,43.54730850285828,43.44329187233615,45.755755667268055,0.09291780840551785,-0.15297134254664618,277,0.0,Fallback Simulated Observation
NSR-GRID-398,LC09_L2SP_176039_20250929_20250930_02_T1,2025-09-29,45.62929267491431,45.64542262918058,46.504559404423524,0.08276202035898757,-0.15000282782009408,277,0.0,Fallback Simulated Observation
NSR-GRID-399,LC09_L2SP_176039_20250929_20250930_02_T1,2025-09-29,1720.1592855703634,1720.2200421330756,1721.6401118711276,-1.0,1.0,277,0.0,Fallback Simulated Observation
NSR-GRID-400,LC09_L2SP_176039_20250929_20250930_02_T1,2025-09-29,98.4595297550329,98.49985721133662,99.81526278195321,-0.4644141984762038,1.0,277,0.0,Fallback Simulated Observation
NSR-GRID-401,LC09_L2SP_176039_20250929_20250930_02_T1,2025-09-29,45.521898830767405,45.46829065125532,47.5393264985444,0.1134688377124597,-0.10674759790867328,277,0.0,Fallback Simulated Observation
NSR-GRID-402,LC09_L2SP_176039_20250929_20250930_02_T1,2025-09-29,45.98313805404089,45.82507765995997,48.23926432241376,0.12175987365020188,-0.09876855351401613,277,0.0,Fallback Simulated Observation
NSR-GRID-403,LC09_L2SP_176039_20250929_20250930_02_T1,2025-09-29,45.25174538091093,45.2314837041505,46.109560397030165,0.08002219889374586,-0.16633301544744733,277,0.0,Fallback Simulated Observation
NSR-GRID-404,LC09_L2SP_176039_20250929_20250930_02_T1,2025-09-29,44.29013556267418,44.373495883157915,47.157257375280324,0.06102935160695572,-0.17267008889179059,277,0.0,Fallback Simulated Observation
NSR-GRID-405,LC09_L2SP_176039_20250929_20250930_02_T1,2025-09-29,45.08946920369873,45.046798566925645,45.77311917812944,0.08273194791177504,-0.11923844166083185,277,0.0,Fallback Simulated Observation
NSR-GRID-406,LC09_L2SP_176039_20250929_20250930_02_T1,2025-09-29,3174.3391174961334,3174.4200769397307,3177.328048912192,-1.0,1.0,277,0.0,Fallback Simulated Observation
NSR-GRID-407,LC09_L2SP_176039_20250929_20250930_02_T1,2025-09-29,2596.7611017456425,2596.6635776531325,2598.6556660880824,-1.0,1.0,277,0.0,Fallback Simulated Observation
NSR-GRID-408,LC09_L2SP_176039_20250929_20250930_02_T1,2025-09-29,45.7434594548145,45.60590836585762,47.829212059126824,0.09205928206882523,-0.09614439415075438,277,0.0,Fallback Simulated Observation
NSR-GRID-409,LC09_L2SP_176039_20250929_20250930_02_T1,2025-09-29,45.307799301663195,45.34040373929978,47.96964817365434,0.09951426755338501,-0.11997733477636213,277,0.0,Fallback Simulated Observation
NSR-GRID-410,LC09_L2SP_176039_20250929_20250930_02_T1,2025-09-29,135.10892244183313,134.893549384454,136.0532248377145,-0.8467966177133592,1.0,277,0.0,Fallback Simulated Observation
NSR-GRID-411,LC09_L2SP_176039_20250929_20250930_02_T1,2025-09-29,45.91195895739757,45.93527690977706,48.528448913201444,0.060031182942465636,-0.07130229928415838,277,0.0,Fallback Simulated Observation
NSR-GRID-412,LC09_L2SP_176039_20250929_20250930_02_T1,2025-09-29,7320.223780994262,7320.263072345317,7321.976125845951,-1.0,1.0,277,0.0,Fallback Simulated Observation
NSR-GRID-413,LC09_L2SP_176039_20250929_20250930_02_T1,2025-09-29,7517.313854655031,7517.389228218749,7520.498140616069,-1.0,1.0,277,0.0,Fallback Simulated Observation
NSR-GRID-414,LC09_L2SP_176039_20250929_20250930_02_T1,2025-09-29,4072.8155413330583,4072.832688264817,4074.2760848353437,-1.0,1.0,277,0.0,Fallback Simulated Observation
NSR-GRID-415,LC09_L2SP_176039_20250929_20250930_02_T1,2025-09-29,45.405815185765164,45.52014716816132,46.53943996152902,0.061158796328515105,-0.13643987456223414,277,0.0,Fallback Simulated Observation
NSR-GRID-416,LC09_L2SP_176039_20250929_20250930_02_T1,2025-09-29,72.61825026647823,72.70196571511137,73.85408818140132,-0.21944692303623975,0.9651432975326323,277,0.0,Fallback Simulated Observation
NSR-GRID-001,LC09_L2SP_176039_20250913_20250915_02_T1,2025-09-13,47347.86655659504,47347.91121024574,47350.94965679496,-1.0,1.0,277,0.0,Fallback Simulated Observation
NSR-GRID-002,LC09_L2SP_176039_20250913_20250915_02_T1,2025-09-13,45662.499273564885,45662.69493456114,45664.95109313464,-1.0,1.0,277,0.0,Fallback Simulated Observation
NSR-GRID-003,LC09_L2SP_176039_20250913_20250915_02_T1,2025-09-13,48672.4308923406,48672.47081515989,48674.396707118234,-1.0,1.0,277,0.0,Fallback Simulated Observation
NSR-GRID-004,LC09_L2SP_176039_20250913_20250915_02_T1,2025-09-13,37283.93512372672,37283.90597478459,37286.305067028,-1.0,1.0,277,0.0,Fallback Simulated Observation
NSR-GRID-005,LC09_L2SP_176039_20250913_20250915_02_T1,2025-09-13,49731.135723869455,49731.0932407347,49732.12987711028,-1.0,1.0,277,0.0,Fallback Simulated Observation
NSR-GRID-006,LC09_L2SP_176039_20250913_20250915_02_T1,2025-09-13,54375.21922664549,54375.11685356011,54377.49465036848,-1.0,1.0,277,0.0,Fallback Simulated Observation
NSR-GRID-007,LC09_L2SP_176039_20250913_20250915_02_T1,2025-09-13,46228.56553672471,46228.6873847462,46230.49651247085,-1.0,1.0,277,0.0,Fallback Simulated Observation
NSR-GRID-008,LC09_L2SP_176039_20250913_20250915_02_T1,2025-09-13,47463.14244318687,47463.199085689674,47465.14351826803,-1.0,1.0,277,0.0,Fallback Simulated Observation
NSR-GRID-009,LC09_L2SP_176039_20250913_20250915_02_T1,2025-09-13,51569.82703518752,51569.92903883821,51572.9399379871,-1.0,1.0,277,0.0,Fallback Simulated Observation
NSR-GRID-010,LC09_L2SP_176039_20250913_20250915_02_T1,2025-09-13,43090.93024851434,43090.94620933908,43093.01368483923,-1.0,1.0,277,0.0,Fallback Simulated Observation
NSR-GRID-011,LC09_L2SP_176039_20250913_20250915_02_T1,2025-09-13,42438.96848362799,42439.040728326516,42441.313192671696,-1.0,1.0,277,0.0,Fallback Simulated Observation
NSR-GRID-012,LC09_L2SP_176039_20250913_20250915_02_T1,2025-09-13,41236.711159004364,41236.79375441992,41238.14626896884,-1.0,1.0,277,0.0,Fallback Simulated Observation
NSR-GRID-013,LC09_L2SP_176039_20250913_20250915_02_T1,2025-09-13,41067.460049373934,41067.30919377711,41070.76803191094,-1.0,1.0,277,0.0,Fallback Simulated Observation
NSR-GRID-014,LC09_L2SP_176039_20250913_20250915_02_T1,2025-09-13,20610.853854256864,20610.984088331348,20612.18562950591,-1.0,1.0,277,0.0,Fallback Simulated Observation
NSR-GRID-015,LC09_L2SP_176039_20250913_20250915_02_T1,2025-09-13,12751.133370167425,12751.16539182522,12753.245507738757,-1.0,1.0,277,0.0,Fallback Simulated Observation
NSR-GRID-016,LC09_L2SP_176039_20250913_20250915_02_T1,2025-09-13,21949.414968638415,21949.405526812203,21952.777363563127,-1.0,1.0,277,0.0,Fallback Simulated Observation
NSR-GRID-017,LC09_L2SP_176039_20250913_20250915_02_T1,2025-09-13,28842.29564763455,28842.304999984193,28842.811694600634,-1.0,1.0,277,0.0,Fallback Simulated Observation
NSR-GRID-018,LC09_L2SP_176039_20250913_20250915_02_T1,2025-09-13,16801.637405751128,16801.625173412915,16803.7645654317,-1.0,1.0,277,0.0,Fallback Simulated Observation
NSR-GRID-019,LC09_L2SP_176039_20250913_20250915_02_T1,2025-09-13,39529.177424314774,39529.10561783641,39532.42127367832,-1.0,1.0,277,0.0,Fallback Simulated Observation
NSR-GRID-020,LC09_L2SP_176039_20250913_20250915_02_T1,2025-09-13,3864.6243283963972,3864.5511959357023,3865.6161235592567,-1.0,1.0,277,0.0,Fallback Simulated Observation
NSR-GRID-021,LC09_L2SP_176039_20250913_20250915_02_T1,2025-09-13,20338.003872290345,20337.917796610174,20339.017692522342,-1.0,1.0,277,0.0,Fallback Simulated Observation
NSR-GRID-022,LC09_L2SP_176039_20250913_20250915_02_T1,2025-09-13,20099.645688497552,20099.691013947682,20102.210041475173,-1.0,1.0,277,0.0,Fallback Simulated Observation
NSR-GRID-023,LC09_L2SP_176039_20250913_20250915_02_T1,2025-09-13,40.48159519083031,40.39789715538635,41.76770020435094,0.08924524928908409,-0.15697728163846447,277,0.0,Fallback Simulated Observation
NSR-GRID-024,LC09_L2SP_176039_20250913_20250915_02_T1,2025-09-13,44918.70708557207,44918.629853787796,44921.34705076057,-1.0,1.0,277,0.0,Fallback Simulated Observation
NSR-GRID-025,LC09_L2SP_176039_20250913_20250915_02_T1,2025-09-13,42914.14480429675,42913.99929883624,42914.953642730856,-1.0,1.0,277,0.0,Fallback Simulated Observation
NSR-GRID-026,LC09_L2SP_176039_20250913_20250915_02_T1,2025-09-13,30577.487061190266,30577.57053616253,30578.96037587617,-1.0,1.0,277,0.0,Fallback Simulated Observation
NSR-GRID-027,LC09_L2SP_176039_20250913_20250915_02_T1,2025-09-13,46467.844518554084,46467.94009882859,46469.71102363974,-1.0,1.0,277,0.0,Fallback Simulated Observation
NSR-GRID-028,LC09_L2SP_176039_20250913_20250915_02_T1,2025-09-13,47904.53604886786,47904.75696726453,47905.6940100715,-1.0,1.0,277,0.0,Fallback Simulated Observation
NSR-GRID-029,LC09_L2SP_176039_20250913_20250915_02_T1,2025-09-13,41725.631850324826,41725.544777547664,41726.245310734485,-1.0,1.0,277,0.0,Fallback Simulated Observation
NSR-GRID-030,LC09_L2SP_176039_20250913_20250915_02_T1,2025-09-13,41633.173849753315,41633.11724829504,41636.237555745414,-1.0,1.0,277,0.0,Fallback Simulated Observation
NSR-GRID-031,LC09_L2SP_176039_20250913_20250915_02_T1,2025-09-13,28022.14389245646,28021.987430243727,28023.404373716232,-1.0,1.0,277,0.0,Fallback Simulated Observation
NSR-GRID-032,LC09_L2SP_176039_20250913_20250915_02_T1,2025-09-13,40977.508295740394,40977.33103788386,40980.1910337068,-1.0,1.0,277,0.0,Fallback Simulated Observation
NSR-GRID-033,LC09_L2SP_176039_20250913_20250915_02_T1,2025-09-13,8666.001415316827,8666.045256586776,8668.183498760955,-1.0,1.0,277,0.0,Fallback Simulated Observation
NSR-GRID-034,LC09_L2SP_176039_20250913_20250915_02_T1,2025-09-13,20272.411775011507,20272.31787959671,20274.98736673599,-1.0,1.0,277,0.0,Fallback Simulated Observation
NSR-GRID-035,LC09_L2SP_176039_20250913_20250915_02_T1,2025-09-13,12362.978606878889,12363.173898617139,12363.680328781045,-1.0,1.0,277,0.0,Fallback Simulated Observation
NSR-GRID-036,LC09_L2SP_176039_20250913_20250915_02_T1,2025-09-13,9336.222881918004,9336.261608648047,9338.2049169298,-1.0,1.0,277,0.0,Fallback Simulated Observation
NSR-GRID-037,LC09_L2SP_176039_20250913_20250915_02_T1,2025-09-13,19722.141980578603,19722.23773429493,19724.128942341253,-1.0,1.0,277,0.0,Fallback Simulated Observation
NSR-GRID-038,LC09_L2SP_176039_20250913_20250915_02_T1,2025-09-13,25583.24716773494,25583.20945594757,25584.33723340963,-1.0,1.0,277,0.0,Fallback Simulated Observation
NSR-GRID-039,LC09_L2SP_176039_20250913_20250915_02_T1,2025-09-13,35221.023949054994,35221.21069525541,35223.485282823865,-1.0,1.0,277,0.0,Fallback Simulated Observation
NSR-GRID-040,LC09_L2SP_176039_20250913_20250915_02_T1,2025-09-13,25605.478035794218,25605.29188734916,25608.641488715224,-1.0,1.0,277,0.0,Fallback Simulated Observation
NSR-GRID-041,LC09_L2SP_176039_20250913_20250915_02_T1,2025-09-13,45220.16961731907,45220.00547930751,45221.12110381329,-1.0,1.0,277,0.0,Fallback Simulated Observation
NSR-GRID-042,LC09_L2SP_176039_20250913_20250915_02_T1,2025-09-13,15711.988189357146,15711.699756920427,15715.034492112989,-1.0,1.0,277,0.0,Fallback Simulated Observation
NSR-GRID-043,LC09_L2SP_176039_20250913_20250915_02_T1,2025-09-13,28661.61278051237,28661.579999866382,28663.84384171744,-1.0,1.0,277,0.0,Fallback Simulated Observation
NSR-GRID-044,LC09_L2SP_176039_20250913_20250915_02_T1,2025-09-13,46217.669866212884,46217.79830991816,46219.646514762746,-1.0,1.0,277,0.0,Fallback Simulated Observation
NSR-GRID-045,LC09_L2SP_176039_20250913_20250915_02_T1,2025-09-13,10151.406615501624,10151.411868138446,10151.913657923227,-1.0,1.0,277,0.0,Fallback Simulated Observation
NSR-GRID-046,LC09_L2SP_176039_20250913_20250915_02_T1,2025-09-13,30424.74082330698,30424.634398835788,30427.377039283725,-1.0,1.0,277,0.0,Fallback Simulated Observation
NSR-GRID-047,LC09_L2SP_176039_20250913_20250915_02_T1,2025-09-13,895.7952505520451,895.8594806755463,898.0854195223637,-1.0,1.0,277,0.0,Fallback Simulated Observation
NSR-GRID-048,LC09_L2SP_176039_20250913_20250915_02_T1,2025-09-13,31515.927119145545,31515.82149674148,31518.182901772074,-1.0,1.0,277,0.0,Fallback Simulated Observation
NSR-GRID-049,LC09_L2SP_176039_20250913_20250915_02_T1,2025-09-13,3856.659152620448,3856.524631653367,3859.8629302438376,-1.0,1.0,277,0.0,Fallback Simulated Observation
NSR-GRID-050,LC09_L2SP_176039_20250913_20250915_02_T1,2025-09-13,33393.92372870962,33393.82488926577,33396.61034023808,-1.0,1.0,277,0.0,Fallback Simulated Observation
NSR-GRID-051,LC09_L2SP_176039_20250913_20250915_02_T1,2025-09-13,2133.720732508734,2133.7346978776905,2136.9020550720197,-1.0,1.0,277,0.0,Fallback Simulated Observation
NSR-GRID-052,LC09_L2SP_176039_20250913_20250915_02_T1,2025-09-13,43408.64938425303,43408.67581131034,43409.26515893885,-1.0,1.0,277,0.0,Fallback Simulated Observation
NSR-GRID-053,LC09_L2SP_176039_20250913_20250915_02_T1,2025-09-13,474.6964930445366,474.5883016076653,476.99141127162466,-1.0,1.0,277,0.0,Fallback Simulated Observation
NSR-GRID-054,LC09_L2SP_176039_20250913_20250915_02_T1,2025-09-13,46539.61214485374,46539.65425335276,46542.829693023734,-1.0,1.0,277,0.0,Fallback Simulated Observation
NSR-GRID-055,LC09_L2SP_176039_20250913_20250915_02_T1,2025-09-13,38646.04788594641,38646.0664697093,38648.74300176458,-1.0,1.0,277,0.0,Fallback Simulated Observation
NSR-GRID-056,LC09_L2SP_176039_20250913_20250915_02_T1,2025-09-13,33304.341925975954,33304.239819676135,33305.50109422628,-1.0,1.0,277,0.0,Fallback Simulated Observation
NSR-GRID-057,LC09_L2SP_176039_20250913_20250915_02_T1,2025-09-13,39926.76225241492,39926.90893067061,39929.63882222975,-1.0,1.0,277,0.0,Fallback Simulated Observation
NSR-GRID-058,LC09_L2SP_176039_20250913_20250915_02_T1,2025-09-13,42277.87129966599,42277.78070315186,42279.315823132216,-1.0,1.0,277,0.0,Fallback Simulated Observation
NSR-GRID-059,LC09_L2SP_176039_20250913_20250915_02_T1,2025-09-13,38610.042803782606,38609.898705619154,38613.268116426225,-1.0,1.0,277,0.0,Fallback Simulated Observation
NSR-GRID-060,LC09_L2SP_176039_20250913_20250915_02_T1,2025-09-13,46971.306274630806,46971.33483021976,46974.57399184552,-1.0,1.0,277,0.0,Fallback Simulated Observation
NSR-GRID-061,LC09_L2SP_176039_20250913_20250915_02_T1,2025-09-13,12313.887393242918,12313.973090796617,12316.467922754056,-1.0,1.0,277,0.0,Fallback Simulated Observation
NSR-GRID-062,LC09_L2SP_176039_20250913_20250915_02_T1,2025-09-13,24079.356561993325,24079.24783795945,24082.173282821004,-1.0,1.0,277,0.0,Fallback Simulated Observation
NSR-GRID-063,LC09_L2SP_176039_20250913_20250915_02_T1,2025-09-13,19936.130171194753,19936.119562131218,19938.123778736295,-1.0,1.0,277,0.0,Fallback Simulated Observation
NSR-GRID-064,LC09_L2SP_176039_20250913_20250915_02_T1,2025-09-13,24630.47262510052,24630.42533982122,24632.1908714982,-1.0,1.0,277,0.0,Fallback Simulated Observation
NSR-GRID-065,LC09_L2SP_176039_20250913_20250915_02_T1,2025-09-13,44918.110841040834,44918.12195397836,44919.67127346622,-1.0,1.0,277,0.0,Fallback Simulated Observation
NSR-GRID-066,LC09_L2SP_176039_20250913_20250915_02_T1,2025-09-13,9649.93865856405,9649.915063015447,9650.735564434275,-1.0,1.0,277,0.0,Fallback Simulated Observation
NSR-GRID-067,LC09_L2SP_176039_20250913_20250915_02_T1,2025-09-13,13830.391468727681,13830.386956438648,13833.830671732003,-1.0,1.0,277,0.0,Fallback Simulated Observation
NSR-GRID-068,LC09_L2SP_176039_20250913_20250915_02_T1,2025-09-13,45241.843958839454,45241.78633264655,45242.43748356679,-1.0,1.0,277,0.0,Fallback Simulated Observation
NSR-GRID-069,LC09_L2SP_176039_20250913_20250915_02_T1,2025-09-13,28057.003603800324,28057.011171154383,28059.907718406714,-1.0,1.0,277,0.0,Fallback Simulated Observation
NSR-GRID-070,LC09_L2SP_176039_20250913_20250915_02_T1,2025-09-13,23948.664416448704,23948.506055655263,23950.819902649306,-1.0,1.0,277,0.0,Fallback Simulated Observation
NSR-GRID-071,LC09_L2SP_176039_20250913_20250915_02_T1,2025-09-13,15921.423350200297,15921.3998228093,15923.270720442088,-1.0,1.0,277,0.0,Fallback Simulated Observation
NSR-GRID-072,LC09_L2SP_176039_20250913_20250915_02_T1,2025-09-13,3448.5373126943055,3448.479734918813,3451.094941519565,-1.0,1.0,277,0.0,Fallback Simulated Observation
NSR-GRID-073,LC09_L2SP_176039_20250913_20250915_02_T1,2025-09-13,3107.831548373467,3108.01028301491,3109.440761806085,-1.0,1.0,277,0.0,Fallback Simulated Observation
NSR-GRID-074,LC09_L2SP_176039_20250913_20250915_02_T1,2025-09-13,1044.9336558345017,1044.887640738334,1045.7501967737053,-1.0,1.0,277,0.0,Fallback Simulated Observation
NSR-GRID-075,LC09_L2SP_176039_20250913_20250915_02_T1,2025-09-13,4295.464788280288,4295.574636767894,4297.722377431872,-1.0,1.0,277,0.0,Fallback Simulated Observation
NSR-GRID-076,LC09_L2SP_176039_20250913_20250915_02_T1,2025-09-13,112.1394551499441,112.00574763915532,114.39372557495601,-0.6245073611660676,1.0,277,0.0,Fallback Simulated Observation
NSR-GRID-077,LC09_L2SP_176039_20250913_20250915_02_T1,2025-09-13,110.84191374858199,110.96870979729229,111.9375423251866,-0.5618839328362311,1.0,277,0.0,Fallback Simulated Observation
NSR-GRID-078,LC09_L2SP_176039_20250913_20250915_02_T1,2025-09-13,31757.012292646887,31757.16909314999,31758.427936237273,-1.0,1.0,277,0.0,Fallback Simulated Observation
NSR-GRID-079,LC09_L2SP_176039_20250913_20250915_02_T1,2025-09-13,1146.8347792225316,1146.9157056923557,1147.8499091894525,-1.0,1.0,277,0.0,Fallback Simulated Observation
NSR-GRID-080,LC09_L2SP_176039_20250913_20250915_02_T1,2025-09-13,41280.993895311476,41281.02355044362,41283.45871862518,-1.0,1.0,277,0.0,Fallback Simulated Observation
NSR-GRID-081,LC09_L2SP_176039_20250913_20250915_02_T1,2025-09-13,131.3397637165129,131.47346062386848,134.7524778508625,-0.7937153112542285,1.0,277,0.0,Fallback Simulated Observation
NSR-GRID-082,LC09_L2SP_176039_20250913_20250915_02_T1,2025-09-13,43672.7079720519,43672.64390368823,43676.09942503547,-1.0,1.0,277,0.0,Fallback Simulated Observation
NSR-GRID-083,LC09_L2SP_176039_20250913_20250915_02_T1,2025-09-13,41693.49193081082,41693.423913463186,41695.92649894111,-1.0,1.0,277,0.0,Fallback Simulated Observation
NSR-GRID-084,LC09_L2SP_176039_20250913_20250915_02_T1,2025-09-13,41603.24001911492,41603.29483174779,41604.496777616485,-1.0,1.0,277,0.0,Fallback Simulated Observation
NSR-GRID-085,LC09_L2SP_176039_20250913_20250915_02_T1,2025-09-13,42503.591205289085,42503.64217421221,42506.22722917268,-1.0,1.0,277,0.0,Fallback Simulated Observation
NSR-GRID-086,LC09_L2SP_176039_20250913_20250915_02_T1,2025-09-13,41152.23516403357,41152.13351159735,41154.177988857824,-1.0,1.0,277,0.0,Fallback Simulated Observation
NSR-GRID-087,LC09_L2SP_176039_20250913_20250915_02_T1,2025-09-13,42630.5196389778,42630.48701560735,42632.32828222916,-1.0,1.0,277,0.0,Fallback Simulated Observation
NSR-GRID-088,LC09_L2SP_176039_20250913_20250915_02_T1,2025-09-13,31024.497820618926,31024.639284885674,31025.89317260237,-1.0,1.0,277,0.0,Fallback Simulated Observation
NSR-GRID-089,LC09_L2SP_176039_20250913_20250915_02_T1,2025-09-13,36191.10181046288,36191.012007740246,36191.72278618204,-1.0,1.0,277,0.0,Fallback Simulated Observation
NSR-GRID-090,LC09_L2SP_176039_20250913_20250915_02_T1,2025-09-13,26957.5590223614,26957.632594492505,26959.153476650325,-1.0,1.0,277,0.0,Fallback Simulated Observation
NSR-GRID-091,LC09_L2SP_176039_20250913_20250915_02_T1,2025-09-13,21948.47620177876,21948.414289483935,21950.10959225049,-1.0,1.0,277,0.0,Fallback Simulated Observation
NSR-GRID-092,LC09_L2SP_176039_20250913_20250915_02_T1,2025-09-13,47617.677677167296,47617.50948913179,47618.37535366239,-1.0,1.0,277,0.0,Fallback Simulated Observation
NSR-GRID-093,LC09_L2SP_176039_20250913_20250915_02_T1,2025-09-13,26780.07854212148,26780.138452454667,26782.570764485077,-1.0,1.0,277,0.0,Fallback Simulated Observation
NSR-GRID-094,LC09_L2SP_176039_20250913_20250915_02_T1,2025-09-13,36341.275597337066,36341.240999253976,36342.24858041746,-1.0,1.0,277,0.0,Fallback Simulated Observation
NSR-GRID-095,LC09_L2SP_176039_20250913_20250915_02_T1,2025-09-13,26481.721795517948,26481.69032643507,26483.36017965973,-1.0,1.0,277,0.0,Fallback Simulated Observation
NSR-GRID-096,LC09_L2SP_176039_20250913_20250915_02_T1,2025-09-13,38007.648734588925,38007.54528072584,38010.34894013693,-1.0,1.0,277,0.0,Fallback Simulated Observation
NSR-GRID-097,LC09_L2SP_176039_20250913_20250915_02_T1,2025-09-13,33938.03420821699,33937.83144048982,33939.61283765055,-1.0,1.0,277,0.0,Fallback Simulated Observation
NSR-GRID-098,LC09_L2SP_176039_20250913_20250915_02_T1,2025-09-13,38241.94020312077,38241.95233584905,38243.79581025473,-1.0,1.0,277,0.0,Fallback Simulated Observation
NSR-GRID-099,LC09_L2SP_176039_20250913_20250915_02_T1,2025-09-13,32649.379332176606,32649.28866732209,32651.987547074474,-1.0,1.0,277,0.0,Fallback Simulated Observation
NSR-GRID-100,LC09_L2SP_176039_20250913_20250915_02_T1,2025-09-13,8763.08447642223,8763.006379451514,8765.616501960474,-1.0,1.0,277,0.0,Fallback Simulated Observation
NSR-GRID-101,LC09_L2SP_176039_20250913_20250915_02_T1,2025-09-13,4477.014493146921,4476.893477096623,4478.162900583854,-1.0,1.0,277,0.0,Fallback Simulated Observation
NSR-GRID-102,LC09_L2SP_176039_20250913_20250915_02_T1,2025-09-13,253.17113341794112,253.3497931203338,256.2506968889465,-1.0,1.0,277,0.0,Fallback Simulated Observation
NSR-GRID-103,LC09_L2SP_176039_20250913_20250915_02_T1,2025-09-13,1568.0333420589238,1568.1758048321315,1570.3678266170814,-1.0,1.0,277,0.0,Fallback Simulated Observation
NSR-GRID-104,LC09_L2SP_176039_20250913_20250915_02_T1,2025-09-13,3109.171889381213,3109.4259284909813,3111.8984924085767,-1.0,1.0,277,0.0,Fallback Simulated Observation
NSR-GRID-105,LC09_L2SP_176039_20250913_20250915_02_T1,2025-09-13,41637.26727330159,41637.25978064598,41638.77394490669,-1.0,1.0,277,0.0,Fallback Simulated Observation
NSR-GRID-106,LC09_L2SP_176039_20250913_20250915_02_T1,2025-09-13,1096.454189151902,1096.5709100602667,1097.0080627431525,-1.0,1.0,277,0.0,Fallback Simulated Observation
NSR-GRID-107,LC09_L2SP_176039_20250913_20250915_02_T1,2025-09-13,44161.08242679956,44161.128431031946,44163.43551055813,-1.0,1.0,277,0.0,Fallback Simulated Observation
NSR-GRID-108,LC09_L2SP_176039_20250913_20250915_02_T1,2025-09-13,44320.06621476999,44320.1213481916,44321.3433202023,-1.0,1.0,277,0.0,Fallback Simulated Observation
NSR-GRID-109,LC09_L2SP_176039_20250913_20250915_02_T1,2025-09-13,52874.97232654149,52874.87000121915,52876.72767503301,-1.0,1.0,277,0.0,Fallback Simulated Observation
NSR-GRID-110,LC09_L2SP_176039_20250913_20250915_02_T1,2025-09-13,46812.587994079826,46812.7446449925,46813.98401055199,-1.0,1.0,277,0.0,Fallback Simulated Observation
NSR-GRID-111,LC09_L2SP_176039_20250913_20250915_02_T1,2025-09-13,46565.320045612345,46565.43572899045,46566.21283936872,-1.0,1.0,277,0.0,Fallback Simulated Observation
NSR-GRID-112,LC09_L2SP_176039_20250913_20250915_02_T1,2025-09-13,47349.80153179705,47349.79186884343,47352.77745700432,-1.0,1.0,277,0.0,Fallback Simulated Observation
NSR-GRID-113,LC09_L2SP_176039_20250913_20250915_02_T1,2025-09-13,48708.79220827766,48708.93240921025,48711.70143520467,-1.0,1.0,277,0.0,Fallback Simulated Observation
NSR-GRID-114,LC09_L2SP_176039_20250913_20250915_02_T1,2025-09-13,49741.16850993405,49741.16258313179,49743.12762623652,-1.0,1.0,277,0.0,Fallback Simulated Observation
NSR-GRID-115,LC09_L2SP_176039_20250913_20250915_02_T1,2025-09-13,45087.25969474521,45087.38858108773,45088.2990881857,-1.0,1.0,277,0.0,Fallback Simulated Observation
NSR-GRID-116,LC09_L2SP_176039_20250913_20250915_02_T1,2025-09-13,31724.58013854967,31724.639394080463,31725.178615046127,-1.0,1.0,277,0.0,Fallback Simulated Observation
NSR-GRID-117,LC09_L2SP_176039_20250913_20250915_02_T1,2025-09-13,16023.454851624701,16023.570452291646,16024.54679353643,-1.0,1.0,277,0.0,Fallback Simulated Observation
NSR-GRID-118,LC09_L2SP_176039_20250913_20250915_02_T1,2025-09-13,15513.709592117279,15513.714079440844,15514.685200592778,-1.0,1.0,277,0.0,Fallback Simulated Observation
NSR-GRID-119,LC09_L2SP_176039_20250913_20250915_02_T1,2025-09-13,52102.836415103986,52102.682070009665,52104.88777776832,-1.0,1.0,277,0.0,Fallback Simulated Observation
NSR-GRID-120,LC09_L2SP_176039_20250913_20250915_02_T1,2025-09-13,53409.78626093655,53409.9129456606,53410.62556015482,-1.0,1.0,277,0.0,Fallback Simulated Observation
NSR-GRID-121,LC09_L2SP_176039_20250913_20250915_02_T1,2025-09-13,47474.85955732478,47474.79733030249,47477.10176874417,-1.0,1.0,277,0.0,Fallback Simulated Observation
NSR-GRID-122,LC09_L2SP_176039_20250913_20250915_02_T1,2025-09-13,45337.33125179506,45337.18600195535,45339.101568209764,-1.0,1.0,277,0.0,Fallback Simulated Observation
NSR-GRID-123,LC09_L2SP_176039_20250913_20250915_02_T1,2025-09-13,47622.96096747003,47623.00313916333,47624.2347859904,-1.0,1.0,277,0.0,Fallback Simulated Observation
NSR-GRID-124,LC09_L2SP_176039_20250913_20250915_02_T1,2025-09-13,42297.34869585953,42297.17867825827,42298.119282960135,-1.0,1.0,277,0.0,Fallback Simulated Observation
NSR-GRID-125,LC09_L2SP_176039_20250913_20250915_02_T1,2025-09-13,12785.514251909084,12785.610502197664,12787.783439017314,-1.0,1.0,277,0.0,Fallback Simulated Observation
NSR-GRID-126,LC09_L2SP_176039_20250913_20250915_02_T1,2025-09-13,5227.414114311984,5227.474208150055,5230.70871945945,-1.0,1.0,277,0.0,Fallback Simulated Observation
NSR-GRID-127,LC09_L2SP_176039_20250913_20250915_02_T1,2025-09-13,299.08040817371824,299.05788190946913,299.5915671561724,-1.0,1.0,277,0.0,Fallback Simulated Observation
NSR-GRID-128,LC09_L2SP_176039_20250913_20250915_02_T1,2025-09-13,28495.09422714494,28494.881294439823,28498.53617180363,-1.0,1.0,277,0.0,Fallback Simulated Observation
NSR-GRID-129,LC09_L2SP_176039_20250913_20250915_02_T1,2025-09-13,4934.27052785484,4934.416071303232,4937.052642272972,-1.0,1.0,277,0.0,Fallback Simulated Observation
NSR-GRID-130,LC09_L2SP_176039_20250913_20250915_02_T1,2025-09-13,40956.47717716179,40956.40248439245,40957.011755203945,-1.0,1.0,277,0.0,Fallback Simulated Observation
NSR-GRID-131,LC09_L2SP_176039_20250913_20250915_02_T1,2025-09-13,187.7807450568221,187.7413838986188,188.87799199530596,-1.0,1.0,277,0.0,Fallback Simulated Observation
NSR-GRID-132,LC09_L2SP_176039_20250913_20250915_02_T1,2025-09-13,49201.4211629233,49201.261606198685,49201.987566276395,-1.0,1.0,277,0.0,Fallback Simulated Observation
NSR-GRID-133,LC09_L2SP_176039_20250913_20250915_02_T1,2025-09-13,51308.540970822825,51308.47402713146,51311.0030400558,-1.0,1.0,277,0.0,Fallback Simulated Observation
NSR-GRID-134,LC09_L2SP_176039_20250913_20250915_02_T1,2025-09-13,45595.47641135809,45595.65744411716,45598.552427522874,-1.0,1.0,277,0.0,Fallback Simulated Observation
NSR-GRID-135,LC09_L2SP_176039_20250913_20250915_02_T1,2025-09-13,47538.12389017706,47538.15766678697,47540.70835236668,-1.0,1.0,277,0.0,Fallback Simulated Observation
NSR-GRID-136,LC09_L2SP_176039_20250913_20250915_02_T1,2025-09-13,27024.437263728298,27024.342660745664,27026.083203864688,-1.0,1.0,277,0.0,Fallback Simulated Observation
NSR-GRID-137,LC09_L2SP_176039_20250913_20250915_02_T1,2025-09-13,48631.3351656871,48631.2721407576,48634.821978292515,-1.0,1.0,277,0.0,Fallback Simulated Observation
NSR-GRID-138,LC09_L2SP_176039_20250913_20250915_02_T1,2025-09-13,48587.85369179253,48587.87213344947,48588.39948631147,-1.0,1.0,277,0.0,Fallback Simulated Observation
NSR-GRID-139,LC09_L2SP_176039_20250913_20250915_02_T1,2025-09-13,40654.23109038167,40654.20959489786,40657.350853451746,-1.0,1.0,277,0.0,Fallback Simulated Observation
NSR-GRID-140,LC09_L2SP_176039_20250913_20250915_02_T1,2025-09-13,3592.850133050513,3592.978592122381,3596.218796571444,-1.0,1.0,277,0.0,Fallback Simulated Observation
NSR-GRID-141,LC09_L2SP_176039_20250913_20250915_02_T1,2025-09-13,141.4409161313667,141.35119083075057,142.6356651052337,-0.9007688128452704,1.0,277,0.0,Fallback Simulated Observation
NSR-GRID-142,LC09_L2SP_176039_20250913_20250915_02_T1,2025-09-13,23309.99827296923,23309.887122431162,23313.31400768799,-1.0,1.0,277,0.0,Fallback Simulated Observation
NSR-GRID-143,LC09_L2SP_176039_20250913_20250915_02_T1,2025-09-13,50033.7627774921,50033.670238266335,50035.536255990126,-1.0,1.0,277,0.0,Fallback Simulated Observation
NSR-GRID-144,LC09_L2SP_176039_20250913_20250915_02_T1,2025-09-13,52679.939662681376,52679.95757408251,52681.303464963654,-1.0,1.0,277,0.0,Fallback Simulated Observation
NSR-GRID-145,LC09_L2SP_176039_20250913_20250915_02_T1,2025-09-13,38889.36623369637,38889.478968705305,38890.82418433643,-1.0,1.0,277,0.0,Fallback Simulated Observation
NSR-GRID-146,LC09_L2SP_176039_20250913_20250915_02_T1,2025-09-13,41636.027770105684,41636.14635302556,41637.800937159904,-1.0,1.0,277,0.0,Fallback Simulated Observation
NSR-GRID-147,LC09_L2SP_176039_20250913_20250915_02_T1,2025-09-13,42301.567051463964,42301.570291085336,42303.39939047949,-1.0,1.0,277,0.0,Fallback Simulated Observation
NSR-GRID-148,LC09_L2SP_176039_20250913_20250915_02_T1,2025-09-13,32782.233433471076,32782.25753349641,32782.78752950055,-1.0,1.0,277,0.0,Fallback Simulated Observation
NSR-GRID-149,LC09_L2SP_176039_20250913_20250915_02_T1,2025-09-13,45149.23562857641,45149.28171106295,45150.14438027169,-1.0,1.0,277,0.0,Fallback Simulated Observation
NSR-GRID-150,LC09_L2SP_176039_20250913_20250915_02_T1,2025-09-13,27111.931598983156,27112.02994717271,27114.454175333,-1.0,1.0,277,0.0,Fallback Simulated Observation
NSR-GRID-151,LC09_L2SP_176039_20250913_20250915_02_T1,2025-09-13,1173.7646632952474,1173.5153822453078,1176.673799869275,-1.0,1.0,277,0.0,Fallback Simulated Observation
NSR-GRID-152,LC09_L2SP_176039_20250913_20250915_02_T1,2025-09-13,39164.18375378113,39164.11357873692,39165.92333721754,-1.0,1.0,277,0.0,Fallback Simulated Observation
NSR-GRID-153,LC09_L2SP_176039_20250913_20250915_02_T1,2025-09-13,49219.67403937109,49219.605989966316,49222.49013472901,-1.0,1.0,277,0.0,Fallback Simulated Observation
NSR-GRID-154,LC09_L2SP_176039_20250913_20250915_02_T1,2025-09-13,49408.93764816081,49409.01160268153,49412.08321256327,-1.0,1.0,277,0.0,Fallback Simulated Observation
NSR-GRID-155,LC09_L2SP_176039_20250913_20250915_02_T1,2025-09-13,50266.92462142445,50266.88531240438,50268.60413272814,-1.0,1.0,277,0.0,Fallback Simulated Observation
NSR-GRID-156,LC09_L2SP_176039_20250913_20250915_02_T1,2025-09-13,47356.15293507613,47356.11065519066,47356.86252083818,-1.0,1.0,277,0.0,Fallback Simulated Observation
NSR-GRID-157,LC09_L2SP_176039_20250913_20250915_02_T1,2025-09-13,44638.306031231514,44638.28807977403,44639.61595214208,-1.0,1.0,277,0.0,Fallback Simulated Observation
NSR-GRID-158,LC09_L2SP_176039_20250913_20250915_02_T1,2025-09-13,49630.68790019224,49630.53729130774,49632.59887233606,-1.0,1.0,277,0.0,Fallback Simulated Observation
NSR-GRID-159,LC09_L2SP_176039_20250913_20250915_02_T1,2025-09-13,49684.15593735155,49684.171746839136,49687.19800251328,-1.0,1.0,277,0.0,Fallback Simulated Observation
NSR-GRID-160,LC09_L2SP_176039_20250913_20250915_02_T1,2025-09-13,49132.53504753403,49132.575738206615,49134.66357165703,-1.0,1.0,277,0.0,Fallback Simulated Observation
NSR-GRID-161,LC09_L2SP_176039_20250913_20250915_02_T1,2025-09-13,39019.52522939194,39019.55343281386,39021.280318507226,-1.0,1.0,277,0.0,Fallback Simulated Observation
NSR-GRID-162,LC09_L2SP_176039_20250913_20250915_02_T1,2025-09-13,28185.881866216878,28185.762964010955,28187.605926490734,-1.0,1.0,277,0.0,Fallback Simulated Observation
NSR-GRID-163,LC09_L2SP_176039_20250913_20250915_02_T1,2025-09-13,36942.576317614046,36942.608721258315,36944.33071241343,-1.0,1.0,277,0.0,Fallback Simulated Observation
NSR-GRID-164,LC09_L2SP_176039_20250913_20250915_02_T1,2025-09-13,43905.8775144976,43905.74391420836,43908.92276767689,-1.0,1.0,277,0.0,Fallback Simulated Observation
NSR-GRID-165,LC09_L2SP_176039_20250913_20250915_02_T1,2025-09-13,50770.780494323764,50770.7383744421,50772.13087777155,-1.0,1.0,277,0.0,Fallback Simulated Observation
NSR-GRID-166,LC09_L2SP_176039_20250913_20250915_02_T1,2025-09-13,43932.753083383795,43932.68330045497,43935.680016632636,-1.0,1.0,277,0.0,Fallback Simulated Observation
NSR-GRID-167,LC09_L2SP_176039_20250913_20250915_02_T1,2025-09-13,45308.984723442634,45309.14196326366,45311.966197887916,-1.0,1.0,277,0.0,Fallback Simulated Observation
NSR-GRID-168,LC09_L2SP_176039_20250913_20250915_02_T1,2025-09-13,44610.24767769371,44610.07724102288,44612.09512230191,-1.0,1.0,277,0.0,Fallback Simulated Observation
NSR-GRID-169,LC09_L2SP_176039_20250913_20250915_02_T1,2025-09-13,33179.79074504654,33179.860261571375,33180.88160593717,-1.0,1.0,277,0.0,Fallback Simulated Observation
NSR-GRID-170,LC09_L2SP_176039_20250913_20250915_02_T1,2025-09-13,24790.170201081644,24790.28896519558,24792.016936249423,-1.0,1.0,277,0.0,Fallback Simulated Observation
NSR-GRID-171,LC09_L2SP_176039_20250913_20250915_02_T1,2025-09-13,5670.255347720764,5670.107233148302,5670.862184171582,-1.0,1.0,277,0.0,Fallback Simulated Observation
NSR-GRID-172,LC09_L2SP_176039_20250913_20250915_02_T1,2025-09-13,593.7125937684068,593.7627925341457,594.7450392733798,-1.0,1.0,277,0.0,Fallback Simulated Observation
NSR-GRID-173,LC09_L2SP_176039_20250913_20250915_02_T1,2025-09-13,2871.589900518348,2871.588670673417,2872.270120023413,-1.0,1.0,277,0.0,Fallback Simulated Observation
NSR-GRID-174,LC09_L2SP_176039_20250913_20250915_02_T1,2025-09-13,38060.00394746141,38060.18654718258,38060.93545087438,-1.0,1.0,277,0.0,Fallback Simulated Observation
NSR-GRID-175,LC09_L2SP_176039_20250913_20250915_02_T1,2025-09-13,46088.974653001525,46088.797604887746,46090.42161388247,-1.0,1.0,277,0.0,Fallback Simulated Observation
NSR-GRID-176,LC09_L2SP_176039_20250913_20250915_02_T1,2025-09-13,46380.70808119401,46380.57795593157,46383.18293254429,-1.0,1.0,277,0.0,Fallback Simulated Observation
NSR-GRID-177,LC09_L2SP_176039_20250913_20250915_02_T1,2025-09-13,43826.52836596351,43826.57598999885,43828.441883641644,-1.0,1.0,277,0.0,Fallback Simulated Observation
NSR-GRID-178,LC09_L2SP_176039_20250913_20250915_02_T1,2025-09-13,46482.74930787338,46482.8445838423,46483.96107096435,-1.0,1.0,277,0.0,Fallback Simulated Observation
NSR-GRID-179,LC09_L2SP_176039_20250913_20250915_02_T1,2025-09-13,45424.93827633257,45425.10763104591,45425.64166552005,-1.0,1.0,277,0.0,Fallback Simulated Observation
NSR-GRID-180,LC09_L2SP_176039_20250913_20250915_02_T1,2025-09-13,47477.01302749511,47476.88807190483,47478.792803198274,-1.0,1.0,277,0.0,Fallback Simulated Observation
NSR-GRID-181,LC09_L2SP_176039_20250913_20250915_02_T1,2025-09-13,44910.78587934553,44910.888945326355,44912.225631566995,-1.0,1.0,277,0.0,Fallback Simulated Observation
NSR-GRID-182,LC09_L2SP_176039_20250913_20250915_02_T1,2025-09-13,48649.027673874196,48648.997470771916,48651.700940895,-1.0,1.0,277,0.0,Fallback Simulated Observation
NSR-GRID-183,LC09_L2SP_176039_20250913_20250915_02_T1,2025-09-13,44121.26479223704,44121.174912256014,44122.29306010087,-1.0,1.0,277,0.0,Fallback Simulated Observation
NSR-GRID-184,LC09_L2SP_176039_20250913_20250915_02_T1,2025-09-13,43642.196552970854,43642.10829692971,43645.642785106764,-1.0,1.0,277,0.0,Fallback Simulated Observation
NSR-GRID-185,LC09_L2SP_176039_20250913_20250915_02_T1,2025-09-13,34771.2085463374,34771.127059522514,34773.50663699262,-1.0,1.0,277,0.0,Fallback Simulated Observation
NSR-GRID-186,LC09_L2SP_176039_20250913_20250915_02_T1,2025-09-13,47533.2743697398,47533.20705121615,47535.28858816594,-1.0,1.0,277,0.0,Fallback Simulated Observation
NSR-GRID-187,LC09_L2SP_176039_20250913_20250915_02_T1,2025-09-13,52117.66639171006,52117.6125126796,52121.03989762341,-1.0,1.0,277,0.0,Fallback Simulated Observation
NSR-GRID-188,LC09_L2SP_176039_20250913_20250915_02_T1,2025-09-13,51679.614672371106,51679.55060387176,51681.59030024949,-1.0,1.0,277,0.0,Fallback Simulated Observation
NSR-GRID-189,LC09_L2SP_176039_20250913_20250915_02_T1,2025-09-13,48187.90499841519,48187.858379553996,48190.780881458595,-1.0,1.0,277,0.0,Fallback Simulated Observation
NSR-GRID-190,LC09_L2SP_176039_20250913_20250915_02_T1,2025-09-13,37604.184759374824,37604.113726125805,37605.47449789932,-1.0,1.0,277,0.0,Fallback Simulated Observation
NSR-GRID-191,LC09_L2SP_176039_20250913_20250915_02_T1,2025-09-13,22866.348701496023,22866.46503910154,22867.277945682275,-1.0,1.0,277,0.0,Fallback Simulated Observation
NSR-GRID-192,LC09_L2SP_176039_20250913_20250915_02_T1,2025-09-13,4017.8175997365197,4018.0081020448733,4019.7328686646924,-1.0,1.0,277,0.0,Fallback Simulated Observation
NSR-GRID-193,LC09_L2SP_176039_20250913_20250915_02_T1,2025-09-13,48574.49208776719,48574.4290031269,48577.679524071384,-1.0,1.0,277,0.0,Fallback Simulated Observation
NSR-GRID-194,LC09_L2SP_176039_20250913_20250915_02_T1,2025-09-13,14130.320321202815,14130.292856717959,14132.340631324969,-1.0,1.0,277,0.0,Fallback Simulated Observation
NSR-GRID-195,LC09_L2SP_176039_20250913_20250915_02_T1,2025-09-13,43353.963274731235,43354.048591261875,43355.90563323577,-1.0,1.0,277,0.0,Fallback Simulated Observation
NSR-GRID-196,LC09_L2SP_176039_20250913_20250915_02_T1,2025-09-13,12842.2054565295,12842.173677508108,12843.911312303346,-1.0,1.0,277,0.0,Fallback Simulated Observation
NSR-GRID-197,LC09_L2SP_176039_20250913_20250915_02_T1,2025-09-13,41987.24194705118,41987.33797756799,41989.50049411345,-1.0,1.0,277,0.0,Fallback Simulated Observation
NSR-GRID-198,LC09_L2SP_176039_20250913_20250915_02_T1,2025-09-13,30868.729677276264,30868.705482123798,30872.20808921082,-1.0,1.0,277,0.0,Fallback Simulated Observation
NSR-GRID-199,LC09_L2SP_176039_20250913_20250915_02_T1,2025-09-13,51007.57337649332,51007.69049325659,51009.2477393057,-1.0,1.0,277,0.0,Fallback Simulated Observation
NSR-GRID-200,LC09_L2SP_176039_20250913_20250915_02_T1,2025-09-13,52038.34774246832,52038.28300474126,52040.38235105103,-1.0,1.0,277,0.0,Fallback Simulated Observation
NSR-GRID-201,LC09_L2SP_176039_20250913_20250915_02_T1,2025-09-13,48294.56809015121,48294.591299615,48295.79387333557,-1.0,1.0,277,0.0,Fallback Simulated Observation
NSR-GRID-202,LC09_L2SP_176039_20250913_20250915_02_T1,2025-09-13,46582.54743124553,46582.74184201589,46583.18207429495,-1.0,1.0,277,0.0,Fallback Simulated Observation
NSR-GRID-203,LC09_L2SP_176039_20250913_20250915_02_T1,2025-09-13,40801.39683592566,40801.3916817048,40802.53965135359,-1.0,1.0,277,0.0,Fallback Simulated Observation
NSR-GRID-204,LC09_L2SP_176039_20250913_20250915_02_T1,2025-09-13,46353.78977103794,46354.02693139596,46356.74107743695,-1.0,1.0,277,0.0,Fallback Simulated Observation
NSR-GRID-205,LC09_L2SP_176039_20250913_20250915_02_T1,2025-09-13,42004.803892125834,42004.608731834545,42007.25113393189,-1.0,1.0,277,0.0,Fallback Simulated Observation
NSR-GRID-206,LC09_L2SP_176039_20250913_20250915_02_T1,2025-09-13,48889.207199177356,48889.12368341687,48889.72027791722,-1.0,1.0,277,0.0,Fallback Simulated Observation
NSR-GRID-207,LC09_L2SP_176039_20250913_20250915_02_T1,2025-09-13,49639.122798518394,49639.06729684824,49641.37816350118,-1.0,1.0,277,0.0,Fallback Simulated Observation
NSR-GRID-208,LC09_L2SP_176039_20250913_20250915_02_T1,2025-09-13,52347.23011095808,52347.172288941416,52349.79921556266,-1.0,1.0,277,0.0,Fallback Simulated Observation
NSR-GRID-209,LC09_L2SP_176039_20250913_20250915_02_T1,2025-09-13,51487.93423377784,51487.904447097346,51489.25163532994,-1.0,1.0,277,0.0,Fallback Simulated Observation
NSR-GRID-210,LC09_L2SP_176039_20250913_20250915_02_T1,2025-09-13,51373.83091139541,51373.74694222937,51376.06666744119,-1.0,1.0,277,0.0,Fallback Simulated Observation
NSR-GRID-211,LC09_L2SP_176039_20250913_20250915_02_T1,2025-09-13,50805.69797995614,50805.775673125376,50808.01813869549,-1.0,1.0,277,0.0,Fallback Simulated Observation
NSR-GRID-212,LC09_L2SP_176039_20250913_20250915_02_T1,2025-09-13,31492.545794393354,31492.754335455564,31496.0050364488,-1.0,1.0,277,0.0,Fallback Simulated Observation
NSR-GRID-213,LC09_L2SP_176039_20250913_20250915_02_T1,2025-09-13,22693.58171188469,22693.622194225572,22694.333124361976,-1.0,1.0,277,0.0,Fallback Simulated Observation
NSR-GRID-214,LC09_L2SP_176039_20250913_20250915_02_T1,2025-09-13,52176.282221260786,52176.4074708337,52178.494780337416,-1.0,1.0,277,0.0,Fallback Simulated Observation
NSR-GRID-215,LC09_L2SP_176039_20250913_20250915_02_T1,2025-09-13,44543.17141614097,44543.211363078226,44544.14391778519,-1.0,1.0,277,0.0,Fallback Simulated Observation
NSR-GRID-216,LC09_L2SP_176039_20250913_20250915_02_T1,2025-09-13,42125.44110237503,42125.4664032237,42126.6233675612,-1.0,1.0,277,0.0,Fallback Simulated Observation
NSR-GRID-217,LC09_L2SP_176039_20250913_20250915_02_T1,2025-09-13,50692.21244646856,50692.33484010299,50692.976464551095,-1.0,1.0,277,0.0,Fallback Simulated Observation
NSR-GRID-218,LC09_L2SP_176039_20250913_20250915_02_T1,2025-09-13,47741.54316316583,47741.35051767188,47743.21336136307,-1.0,1.0,277,0.0,Fallback Simulated Observation
NSR-GRID-219,LC09_L2SP_176039_20250913_20250915_02_T1,2025-09-13,44421.868375494334,44421.716142062505,44423.19200924855,-1.0,1.0,277,0.0,Fallback Simulated Observation
NSR-GRID-220,LC09_L2SP_176039_20250913_20250915_02_T1,2025-09-13,42647.99061780503,42647.85376579076,42651.04507115297,-1.0,1.0,277,0.0,Fallback Simulated Observation
NSR-GRID-221,LC09_L2SP_176039_20250913_20250915_02_T1,2025-09-13,55664.2498691802,55664.07726811834,55666.101478797405,-1.0,1.0,277,0.0,Fallback Simulated Observation
NSR-GRID-222,LC09_L2SP_176039_20250913_20250915_02_T1,2025-09-13,38261.51330569682,38261.68623466439,38264.22214539317,-1.0,1.0,277,0.0,Fallback Simulated Observation
NSR-GRID-223,LC09_L2SP_176039_20250913_20250915_02_T1,2025-09-13,52122.757417231434,52122.663501674455,52124.08235480735,-1.0,1.0,277,0.0,Fallback Simulated Observation
NSR-GRID-224,LC09_L2SP_176039_20250913_20250915_02_T1,2025-09-13,52337.119572722746,52337.180751427644,52339.780873829426,-1.0,1.0,277,0.0,Fallback Simulated Observation
NSR-GRID-225,LC09_L2SP_176039_20250913_20250915_02_T1,2025-09-13,43259.63471952957,43259.76017139981,43262.047055665724,-1.0,1.0,277,0.0,Fallback Simulated Observation
NSR-GRID-226,LC09_L2SP_176039_20250913_20250915_02_T1,2025-09-13,39482.337253684236,39482.4853423133,39485.66508281471,-1.0,1.0,277,0.0,Fallback Simulated Observation
NSR-GRID-227,LC09_L2SP_176039_20250913_20250915_02_T1,2025-09-13,52903.69797460045,52903.6327857422,52905.21912911348,-1.0,1.0,277,0.0,Fallback Simulated Observation
NSR-GRID-228,LC09_L2SP_176039_20250913_20250915_02_T1,2025-09-13,54495.20093653609,54495.20657848141,54498.634074974565,-1.0,1.0,277,0.0,Fallback Simulated Observation
NSR-GRID-229,LC09_L2SP_176039_20250913_20250915_02_T1,2025-09-13,53579.84017732633,53580.00788891335,53582.23028105896,-1.0,1.0,277,0.0,Fallback Simulated Observation
NSR-GRID-230,LC09_L2SP_176039_20250913_20250915_02_T1,2025-09-13,48707.53618757751,48707.808482446286,48709.774796684964,-1.0,1.0,277,0.0,Fallback Simulated Observation
NSR-GRID-231,LC09_L2SP_176039_20250913_20250915_02_T1,2025-09-13,13078.376444102638,13078.363703415398,13079.187768228541,-1.0,1.0,277,0.0,Fallback Simulated Observation
NSR-GRID-232,LC09_L2SP_176039_20250913_20250915_02_T1,2025-09-13,46022.68670585195,46022.79545120702,46024.10343522993,-1.0,1.0,277,0.0,Fallback Simulated Observation
NSR-GRID-233,LC09_L2SP_176039_20250913_20250915_02_T1,2025-09-13,49522.87121264897,49522.88754868446,49526.362184157406,-1.0,1.0,277,0.0,Fallback Simulated Observation
NSR-GRID-234,LC09_L2SP_176039_20250913_20250915_02_T1,2025-09-13,49899.04683142606,49899.186433562594,49902.046654341146,-1.0,1.0,277,0.0,Fallback Simulated Observation
NSR-GRID-235,LC09_L2SP_176039_20250913_20250915_02_T1,2025-09-13,47710.96135294291,47711.03007678795,47711.89721097215,-1.0,1.0,277,0.0,Fallback Simulated Observation
NSR-GRID-236,LC09_L2SP_176039_20250913_20250915_02_T1,2025-09-13,35321.143559162694,35321.10519073719,35323.35751920899,-1.0,1.0,277,0.0,Fallback Simulated Observation
NSR-GRID-237,LC09_L2SP_176039_20250913_20250915_02_T1,2025-09-13,6327.102432808592,6327.233419325536,6327.724787848899,-1.0,1.0,277,0.0,Fallback Simulated Observation
NSR-GRID-238,LC09_L2SP_176039_20250913_20250915_02_T1,2025-09-13,23666.17898393487,23666.109566261282,23667.282502836213,-1.0,1.0,277,0.0,Fallback Simulated Observation
NSR-GRID-239,LC09_L2SP_176039_20250913_20250915_02_T1,2025-09-13,32300.739908492844,32300.77946837632,32302.00010281552,-1.0,1.0,277,0.0,Fallback Simulated Observation
NSR-GRID-240,LC09_L2SP_176039_20250913_20250915_02_T1,2025-09-13,28303.104440969706,28303.25760521632,28305.15589205656,-1.0,1.0,277,0.0,Fallback Simulated Observation
NSR-GRID-241,LC09_L2SP_176039_20250913_20250915_02_T1,2025-09-13,42202.39176218013,42202.4658695582,42205.05959735464,-1.0,1.0,277,0.0,Fallback Simulated Observation
NSR-GRID-242,LC09_L2SP_176039_20250913_20250915_02_T1,2025-09-13,51453.432253010404,51453.39599272703,51456.19707361088,-1.0,1.0,277,0.0,Fallback Simulated Observation
NSR-GRID-243,LC09_L2SP_176039_20250913_20250915_02_T1,2025-09-13,35546.37730368638,35546.371576645295,35547.55494792518,-1.0,1.0,277,0.0,Fallback Simulated Observation
NSR-GRID-244,LC09_L2SP_176039_20250913_20250915_02_T1,2025-09-13,3744.35199064866,3744.2738402023324,3746.958483634605,-1.0,1.0,277,0.0,Fallback Simulated Observation
NSR-GRID-245,LC09_L2SP_176039_20250913_20250915_02_T1,2025-09-13,22817.918737547683,22817.894065105273,22821.228434382658,-1.0,1.0,277,0.0,Fallback Simulated Observation
NSR-GRID-246,LC09_L2SP_176039_20250913_20250915_02_T1,2025-09-13,41139.26257787463,41139.36868653745,41141.911071489165,-1.0,1.0,277,0.0,Fallback Simulated Observation
NSR-GRID-247,LC09_L2SP_176039_20250913_20250915_02_T1,2025-09-13,34962.381101978375,34962.34520613986,34963.54904968406,-1.0,1.0,277,0.0,Fallback Simulated Observation
NSR-GRID-248,LC09_L2SP_176039_20250913_20250915_02_T1,2025-09-13,38483.380920516385,38483.554890257095,38485.264021220675,-1.0,1.0,277,0.0,Fallback Simulated Observation
NSR-GRID-249,LC09_L2SP_176039_20250913_20250915_02_T1,2025-09-13,44620.036726602004,44620.0400709488,44623.350020279955,-1.0,1.0,277,0.0,Fallback Simulated Observation
NSR-GRID-250,LC09_L2SP_176039_20250913_20250915_02_T1,2025-09-13,9135.861235511284,9135.947592647197,9139.24652294632,-1.0,1.0,277,0.0,Fallback Simulated Observation
NSR-GRID-251,LC09_L2SP_176039_20250913_20250915_02_T1,2025-09-13,47801.10442495339,47801.11092741651,47802.338273775546,-1.0,1.0,277,0.0,Fallback Simulated Observation
NSR-GRID-252,LC09_L2SP_176039_20250913_20250915_02_T1,2025-09-13,51151.67802467225,51151.60467035594,51153.83469151277,-1.0,1.0,277,0.0,Fallback Simulated Observation
NSR-GRID-253,LC09_L2SP_176039_20250913_20250915_02_T1,2025-09-13,48254.959080497516,48254.92130400876,48256.673812940324,-1.0,1.0,277,0.0,Fallback Simulated Observation
NSR-GRID-254,LC09_L2SP_176039_20250913_20250915_02_T1,2025-09-13,45161.93519796038,45161.82650043502,45163.65669085578,-1.0,1.0,277,0.0,Fallback Simulated Observation
NSR-GRID-255,LC09_L2SP_176039_20250913_20250915_02_T1,2025-09-13,32060.35968116608,32060.671449279,32061.264038520832,-1.0,1.0,277,0.0,Fallback Simulated Observation
NSR-GRID-256,LC09_L2SP_176039_20250913_20250915_02_T1,2025-09-13,19014.308565460753,19014.416437365835,19016.013946471754,-1.0,1.0,277,0.0,Fallback Simulated Observation
NSR-GRID-257,LC09_L2SP_176039_20250913_20250915_02_T1,2025-09-13,17305.181961108065,17305.310599321765,17308.561996750523,-1.0,1.0,277,0.0,Fallback Simulated Observation
NSR-GRID-258,LC09_L2SP_176039_20250913_20250915_02_T1,2025-09-13,18797.57340686515,18797.495915211777,18798.930286664203,-1.0,1.0,277,0.0,Fallback Simulated Observation
NSR-GRID-259,LC09_L2SP_176039_20250913_20250915_02_T1,2025-09-13,38934.93045895956,38934.86614062536,38936.12603780121,-1.0,1.0,277,0.0,Fallback Simulated Observation
NSR-GRID-260,LC09_L2SP_176039_20250913_20250915_02_T1,2025-09-13,44879.480400779314,44879.472767699306,44881.204055559865,-1.0,1.0,277,0.0,Fallback Simulated Observation
NSR-GRID-261,LC09_L2SP_176039_20250913_20250915_02_T1,2025-09-13,24276.697371981358,24276.79405269178,24279.382784818034,-1.0,1.0,277,0.0,Fallback Simulated Observation
NSR-GRID-262,LC09_L2SP_176039_20250913_20250915_02_T1,2025-09-13,2956.2711142555677,2956.2294257275626,2959.650864324494,-1.0,1.0,277,0.0,Fallback Simulated Observation
NSR-GRID-263,LC09_L2SP_176039_20250913_20250915_02_T1,2025-09-13,8836.436385348661,8836.501273541251,8838.734266047593,-1.0,1.0,277,0.0,Fallback Simulated Observation
NSR-GRID-264,LC09_L2SP_176039_20250913_20250915_02_T1,2025-09-13,17414.083036927143,17414.001779348913,17416.643894251298,-1.0,1.0,277,0.0,Fallback Simulated Observation
NSR-GRID-265,LC09_L2SP_176039_20250913_20250915_02_T1,2025-09-13,45058.590202701635,45058.52454029455,45059.160579766794,-1.0,1.0,277,0.0,Fallback Simulated Observation
NSR-GRID-266,LC09_L2SP_176039_20250913_20250915_02_T1,2025-09-13,39802.83724740831,39803.079866689775,39804.136380332595,-1.0,1.0,277,0.0,Fallback Simulated Observation
NSR-GRID-267,LC09_L2SP_176039_20250913_20250915_02_T1,2025-09-13,53551.66846213667,53551.59807050413,53553.59628878932,-1.0,1.0,277,0.0,Fallback Simulated Observation
NSR-GRID-268,LC09_L2SP_176039_20250913_20250915_02_T1,2025-09-13,23114.258409188995,23114.25617230281,23115.06000026507,-1.0,1.0,277,0.0,Fallback Simulated Observation
NSR-GRID-269,LC09_L2SP_176039_20250913_20250915_02_T1,2025-09-13,57405.79955262532,57405.69390291826,57408.395459393614,-1.0,1.0,277,0.0,Fallback Simulated Observation
NSR-GRID-270,LC09_L2SP_176039_20250913_20250915_02_T1,2025-09-13,25816.498918179987,25816.585205797375,25818.349713760475,-1.0,1.0,277,0.0,Fallback Simulated Observation
NSR-GRID-271,LC09_L2SP_176039_20250913_20250915_02_T1,2025-09-13,48797.885401225765,48797.84350488121,48799.131008457545,-1.0,1.0,277,0.0,Fallback Simulated Observation
NSR-GRID-272,LC09_L2SP_176039_20250913_20250915_02_T1,2025-09-13,52630.15070138094,52630.07380721845,52631.15787462834,-1.0,1.0,277,0.0,Fallback Simulated Observation
NSR-GRID-273,LC09_L2SP_176039_20250913_20250915_02_T1,2025-09-13,40487.12157751366,40486.81711185973,40489.683747251715,-1.0,1.0,277,0.0,Fallback Simulated Observation
NSR-GRID-274,LC09_L2SP_176039_20250913_20250915_02_T1,2025-09-13,44828.25029543597,44828.240929203486,44829.5906977923,-1.0,1.0,277,0.0,Fallback Simulated Observation
NSR-GRID-275,LC09_L2SP_176039_20250913_20250915_02_T1,2025-09-13,33357.91040436906,33357.71575184043,33360.40151780584,-1.0,1.0,277,0.0,Fallback Simulated Observation
NSR-GRID-276,LC09_L2SP_176039_20250913_20250915_02_T1,2025-09-13,18952.64620835921,18952.548430538114,18954.76977252678,-1.0,1.0,277,0.0,Fallback Simulated Observation
NSR-GRID-277,LC09_L2SP_176039_20250913_20250915_02_T1,2025-09-13,4014.6533105158783,4014.6778062251956,4017.692264554221,-1.0,1.0,277,0.0,Fallback Simulated Observation
NSR-GRID-278,LC09_L2SP_176039_20250913_20250915_02_T1,2025-09-13,21671.501080486654,21671.622628546018,21672.665583639216,-1.0,1.0,277,0.0,Fallback Simulated Observation
NSR-GRID-279,LC09_L2SP_176039_20250913_20250915_02_T1,2025-09-13,22280.741919193482,22280.8814626017,22284.0880339482,-1.0,1.0,277,0.0,Fallback Simulated Observation
NSR-GRID-280,LC09_L2SP_176039_20250913_20250915_02_T1,2025-09-13,6390.2190787685095,6390.217351444705,6392.234575903078,-1.0,1.0,277,0.0,Fallback Simulated Observation
NSR-GRID-281,LC09_L2SP_176039_20250913_20250915_02_T1,2025-09-13,158.90642146404795,158.8154534201167,159.90062349071113,-1.0,1.0,277,0.0,Fallback Simulated Observation
NSR-GRID-282,LC09_L2SP_176039_20250913_20250915_02_T1,2025-09-13,6303.609943389369,6303.514488458286,6305.213484932797,-1.0,1.0,277,0.0,Fallback Simulated Observation
NSR-GRID-283,LC09_L2SP_176039_20250913_20250915_02_T1,2025-09-13,16640.825718680764,16640.943605274468,16643.271321157863,-1.0,1.0,277,0.0,Fallback Simulated Observation
NSR-GRID-284,LC09_L2SP_176039_20250913_20250915_02_T1,2025-09-13,14310.660061192737,14310.749559936346,14312.446236617992,-1.0,1.0,277,0.0,Fallback Simulated Observation
NSR-GRID-285,LC09_L2SP_176039_20250913_20250915_02_T1,2025-09-13,46923.738242277555,46923.68271422786,46926.3252752672,-1.0,1.0,277,0.0,Fallback Simulated Observation
NSR-GRID-286,LC09_L2SP_176039_20250913_20250915_02_T1,2025-09-13,7474.1742855050325,7474.324132237446,7475.308074255847,-1.0,1.0,277,0.0,Fallback Simulated Observation
NSR-GRID-287,LC09_L2SP_176039_20250913_20250915_02_T1,2025-09-13,59694.16731178302,59693.976392037126,59696.689315896234,-1.0,1.0,277,0.0,Fallback Simulated Observation
NSR-GRID-288,LC09_L2SP_176039_20250913_20250915_02_T1,2025-09-13,52756.74020345859,52756.83032413664,52759.80905884273,-1.0,1.0,277,0.0,Fallback Simulated Observation
NSR-GRID-289,LC09_L2SP_176039_20250913_20250915_02_T1,2025-09-13,40919.60268881295,40919.6341017626,40920.33741510869,-1.0,1.0,277,0.0,Fallback Simulated Observation
NSR-GRID-290,LC09_L2SP_176039_20250913_20250915_02_T1,2025-09-13,32412.097471116227,32412.077139462843,32414.65777450302,-1.0,1.0,277,0.0,Fallback Simulated Observation
NSR-GRID-291,LC09_L2SP_176039_20250913_20250915_02_T1,2025-09-13,13339.679333336713,13339.644822927032,13341.033891366546,-1.0,1.0,277,0.0,Fallback Simulated Observation
NSR-GRID-292,LC09_L2SP_176039_20250913_20250915_02_T1,2025-09-13,14624.329498485602,14624.389021262785,14626.573598157216,-1.0,1.0,277,0.0,Fallback Simulated Observation
NSR-GRID-293,LC09_L2SP_176039_20250913_20250915_02_T1,2025-09-13,37036.52157668106,37036.50316799436,37039.10753352993,-1.0,1.0,277,0.0,Fallback Simulated Observation
NSR-GRID-294,LC09_L2SP_176039_20250913_20250915_02_T1,2025-09-13,27072.47427889259,27072.302766897123,27074.1020940188,-1.0,1.0,277,0.0,Fallback Simulated Observation
NSR-GRID-295,LC09_L2SP_176039_20250913_20250915_02_T1,2025-09-13,249.69658715124717,249.73658715180852,251.58300857105687,-1.0,1.0,277,0.0,Fallback Simulated Observation
NSR-GRID-296,LC09_L2SP_176039_20250913_20250915_02_T1,2025-09-13,102.04858405857362,102.19202486307711,102.57290864923226,-0.5137881984344691,1.0,277,0.0,Fallback Simulated Observation
NSR-GRID-297,LC09_L2SP_176039_20250913_20250915_02_T1,2025-09-13,258.39149119006515,258.3904446771599,260.95227344038807,-1.0,1.0,277,0.0,Fallback Simulated Observation
NSR-GRID-298,LC09_L2SP_176039_20250913_20250915_02_T1,2025-09-13,570.254864336702,570.2031296794081,571.9763855524986,-1.0,1.0,277,0.0,Fallback Simulated Observation
NSR-GRID-299,LC09_L2SP_176039_20250913_20250915_02_T1,2025-09-13,468.8321636332844,468.68987594250325,469.804299177891,-1.0,1.0,277,0.0,Fallback Simulated Observation
NSR-GRID-300,LC09_L2SP_176039_20250913_20250915_02_T1,2025-09-13,33813.23419312724,33813.1353193954,33813.9468082292,-1.0,1.0,277,0.0,Fallback Simulated Observation
NSR-GRID-301,LC09_L2SP_176039_20250913_20250915_02_T1,2025-09-13,44694.32430976686,44694.60353065365,44697.597372805445,-1.0,1.0,277,0.0,Fallback Simulated Observation
NSR-GRID-302,LC09_L2SP_176039_20250913_20250915_02_T1,2025-09-13,17442.537102218423,17442.52470292105,17445.36865994674,-1.0,1.0,277,0.0,Fallback Simulated Observation
NSR-GRID-303,LC09_L2SP_176039_20250913_20250915_02_T1,2025-09-13,3157.4926650370176,3157.4672174293532,3160.461329241898,-1.0,1.0,277,0.0,Fallback Simulated Observation
NSR-GRID-304,LC09_L2SP_176039_20250913_20250915_02_T1,2025-09-13,27977.096203238474,27976.99053229364,27978.485247469114,-1.0,1.0,277,0.0,Fallback Simulated Observation
NSR-GRID-305,LC09_L2SP_176039_20250913_20250915_02_T1,2025-09-13,44106.121582672145,44105.98678309371,44108.049301654566,-1.0,1.0,277,0.0,Fallback Simulated Observation
NSR-GRID-306,LC09_L2SP_176039_20250913_20250915_02_T1,2025-09-13,47897.2050229574,47897.0149739868,47899.58375742569,-1.0,1.0,277,0.0,Fallback Simulated Observation
NSR-GRID-307,LC09_L2SP_176039_20250913_20250915_02_T1,2025-09-13,25804.27414601323,25804.33628068723,25805.914731007157,-1.0,1.0,277,0.0,Fallback Simulated Observation
NSR-GRID-308,LC09_L2SP_176039_20250913_20250915_02_T1,2025-09-13,10699.224510648011,10699.113451912142,10699.783560294156,-1.0,1.0,277,0.0,Fallback Simulated Observation
NSR-GRID-309,LC09_L2SP_176039_20250913_20250915_02_T1,2025-09-13,2140.375978654178,2140.3955189763064,2142.2710846283703,-1.0,1.0,277,0.0,Fallback Simulated Observation
NSR-GRID-310,LC09_L2SP_176039_20250913_20250915_02_T1,2025-09-13,2089.0058635969667,2089.0681167313605,2089.8237313309987,-1.0,1.0,277,0.0,Fallback Simulated Observation
NSR-GRID-311,LC09_L2SP_176039_20250913_20250915_02_T1,2025-09-13,2819.5838986439758,2819.6300064472052,2822.7816495649204,-1.0,1.0,277,0.0,Fallback Simulated Observation
NSR-GRID-312,LC09_L2SP_176039_20250913_20250915_02_T1,2025-09-13,5688.42722026571,5688.389946041308,5689.464759289586,-1.0,1.0,277,0.0,Fallback Simulated Observation
NSR-GRID-313,LC09_L2SP_176039_20250913_20250915_02_T1,2025-09-13,4467.357314883629,4467.339352911489,4470.725374015089,-1.0,1.0,277,0.0,Fallback Simulated Observation
NSR-GRID-314,LC09_L2SP_176039_20250913_20250915_02_T1,2025-09-13,82.963330124084,83.12860509443541,86.2503927812344,-0.32507137399152514,1.0,277,0.0,Fallback Simulated Observation
NSR-GRID-315,LC09_L2SP_176039_20250913_20250915_02_T1,2025-09-13,45.17043237442173,45.09287171396149,46.535068279766044,0.08319681154330794,-0.15657859157478188,277,0.0,Fallback Simulated Observation
NSR-GRID-316,LC09_L2SP_176039_20250913_20250915_02_T1,2025-09-13,44.76220876627134,44.768317383531176,47.35685512675476,0.056455471650975794,-0.10594379515361792,277,0.0,Fallback Simulated Observation
NSR-GRID-317,LC09_L2SP_176039_20250913_20250915_02_T1,2025-09-13,19963.511304757107,19963.486570718404,19965.59961197873,-1.0,1.0,277,0.0,Fallback Simulated Observation
NSR-GRID-318,LC09_L2SP_176039_20250913_20250915_02_T1,2025-09-13,5816.616835689643,5816.632195603169,5819.132070211076,-1.0,1.0,277,0.0,Fallback Simulated Observation
NSR-GRID-319,LC09_L2SP_176039_20250913_20250915_02_T1,2025-09-13,3150.956558262571,3150.9162202879743,3152.711708275711,-1.0,1.0,277,0.0,Fallback Simulated Observation
NSR-GRID-320,LC09_L2SP_176039_20250913_20250915_02_T1,2025-09-13,40880.839470165454,40880.87664208932,40882.377318719045,-1.0,1.0,277,0.0,Fallback Simulated Observation
NSR-GRID-321,LC09_L2SP_176039_20250913_20250915_02_T1,2025-09-13,42512.53016538354,42512.49907163191,42513.46705159912,-1.0,1.0,277,0.0,Fallback Simulated Observation
NSR-GRID-322,LC09_L2SP_176039_20250913_20250915_02_T1,2025-09-13,15801.895468172866,15802.027056899571,15804.875651118055,-1.0,1.0,277,0.0,Fallback Simulated Observation
NSR-GRID-323,LC09_L2SP_176039_20250913_20250915_02_T1,2025-09-13,13179.87224854674,13180.040223284963,13182.87058575981,-1.0,1.0,277,0.0,Fallback Simulated Observation
NSR-GRID-324,LC09_L2SP_176039_20250913_20250915_02_T1,2025-09-13,14853.383650144737,14853.447379290239,14854.904475091438,-1.0,1.0,277,0.0,Fallback Simulated Observation
NSR-GRID-325,LC09_L2SP_176039_20250913_20250915_02_T1,2025-09-13,6255.249731534922,6255.248184370849,6256.956200680454,-1.0,1.0,277,0.0,Fallback Simulated Observation
NSR-GRID-326,LC09_L2SP_176039_20250913_20250915_02_T1,2025-09-13,1240.073449120289,1239.980073746675,1242.8019136250437,-1.0,1.0,277,0.0,Fallback Simulated Observation
NSR-GRID-327,LC09_L2SP_176039_20250913_20250915_02_T1,2025-09-13,4900.032530277508,4899.910030288642,4901.599396275281,-1.0,1.0,277,0.0,Fallback Simulated Observation
NSR-GRID-328,LC09_L2SP_176039_20250913_20250915_02_T1,2025-09-13,5839.278299429778,5839.219360370293,5840.968963364452,-1.0,1.0,277,0.0,Fallback Simulated Observation
NSR-GRID-329,LC09_L2SP_176039_20250913_20250915_02_T1,2025-09-13,47.666486516945554,47.66340786670421,48.892203834720824,0.039767082093588924,0.009937702217708353,277,0.0,Fallback Simulated Observation
NSR-GRID-330,LC09_L2SP_176039_20250913_20250915_02_T1,2025-09-13,45.3787821374382,45.429369455658495,46.01049597833011,0.09717295897718183,-0.07518925714737071,277,0.0,Fallback Simulated Observation
NSR-GRID-331,LC09_L2SP_176039_20250913_20250915_02_T1,2025-09-13,44.890689162301456,45.027121786718546,46.00679371637141,0.09780521062934402,-0.08827532162093465,277,0.0,Fallback Simulated Observation
NSR-GRID-332,LC09_L2SP_176039_20250913_20250915_02_T1,2025-09-13,15349.251010486687,15349.227681630513,15350.064124860935,-1.0,1.0,277,0.0,Fallback Simulated Observation
NSR-GRID-333,LC09_L2SP_176039_20250913_20250915_02_T1,2025-09-13,583.4731286385955,583.5339233952961,585.299597052934,-1.0,1.0,277,0.0,Fallback Simulated Observation
NSR-GRID-334,LC09_L2SP_176039_20250913_20250915_02_T1,2025-09-13,15313.170868421937,15313.314251870854,15314.661750948342,-1.0,1.0,277,0.0,Fallback Simulated Observation
NSR-GRID-335,LC09_L2SP_176039_20250913_20250915_02_T1,2025-09-13,13760.136107251546,13760.085197871016,13761.110829476993,-1.0,1.0,277,0.0,Fallback Simulated Observation
NSR-GRID-336,LC09_L2SP_176039_20250913_20250915_02_T1,2025-09-13,37568.7257467139,37568.82159991003,37569.82249715511,-1.0,1.0,277,0.0,Fallback Simulated Observation
NSR-GRID-337,LC09_L2SP_176039_20250913_20250915_02_T1,2025-09-13,14312.441317225062,14312.072480695919,14313.906304639248,-1.0,1.0,277,0.0,Fallback Simulated Observation
NSR-GRID-338,LC09_L2SP_176039_20250913_20250915_02_T1,2025-09-13,6863.880265820578,6863.947209621917,6865.9725176277425,-1.0,1.0,277,0.0,Fallback Simulated Observation
NSR-GRID-339,LC09_L2SP_176039_20250913_20250915_02_T1,2025-09-13,10739.07453754317,10739.024074168941,10740.322423593185,-1.0,1.0,277,0.0,Fallback Simulated Observation
NSR-GRID-340,LC09_L2SP_176039_20250913_20250915_02_T1,2025-09-13,6748.392165348384,6748.401284985321,6749.478877289688,-1.0,1.0,277,0.0,Fallback Simulated Observation
NSR-GRID-341,LC09_L2SP_176039_20250913_20250915_02_T1,2025-09-13,25110.173912194598,25110.21340799163,25111.46156288466,-1.0,1.0,277,0.0,Fallback Simulated Observation
NSR-GRID-342,LC09_L2SP_176039_20250913_20250915_02_T1,2025-09-13,12346.466862832025,12346.614436099924,12349.061085847461,-1.0,1.0,277,0.0,Fallback Simulated Observation
NSR-GRID-343,LC09_L2SP_176039_20250913_20250915_02_T1,2025-09-13,5494.775950093434,5494.59310950535,5498.120109938993,-1.0,1.0,277,0.0,Fallback Simulated Observation
NSR-GRID-344,LC09_L2SP_176039_20250913_20250915_02_T1,2025-09-13,5214.382551381355,5214.175788325946,5214.954477723485,-1.0,1.0,277,0.0,Fallback Simulated Observation
NSR-GRID-345,LC09_L2SP_176039_20250913_20250915_02_T1,2025-09-13,1027.7171982298494,1027.9216463855694,1029.0737734449954,-1.0,1.0,277,0.0,Fallback Simulated Observation
NSR-GRID-346,LC09_L2SP_176039_20250913_20250915_02_T1,2025-09-13,59.52579321348455,59.40770962178534,62.56544554094414,-0.05027724854150782,0.41846208701218257,277,0.0,Fallback Simulated Observation
NSR-GRID-347,LC09_L2SP_176039_20250913_20250915_02_T1,2025-09-13,5489.320626739608,5489.236673983806,5491.41659169442,-1.0,1.0,277,0.0,Fallback Simulated Observation
NSR-GRID-348,LC09_L2SP_176039_20250913_20250915_02_T1,2025-09-13,9328.911410120649,9328.818986919117,9331.811573344503,-1.0,1.0,277,0.0,Fallback Simulated Observation
NSR-GRID-349,LC09_L2SP_176039_20250913_20250915_02_T1,2025-09-13,15352.215151842875,15352.21102587761,15353.772450037492,-1.0,1.0,277,0.0,Fallback Simulated Observation
NSR-GRID-350,LC09_L2SP_176039_20250913_20250915_02_T1,2025-09-13,15852.02174193237,15852.08433897987,15853.201030747634,-1.0,1.0,277,0.0,Fallback Simulated Observation
NSR-GRID-351,LC09_L2SP_176039_20250913_20250915_02_T1,2025-09-13,6007.209772254343,6007.122190771878,6008.218887971809,-1.0,1.0,277,0.0,Fallback Simulated Observation
NSR-GRID-352,LC09_L2SP_176039_20250913_20250915_02_T1,2025-09-13,17147.060933398414,17147.02929984394,17149.768739574225,-1.0,1.0,277,0.0,Fallback Simulated Observation
NSR-GRID-353,LC09_L2SP_176039_20250913_20250915_02_T1,2025-09-13,25373.39797990011,25373.37837057904,25374.313115587735,-1.0,1.0,277,0.0,Fallback Simulated Observation
NSR-GRID-354,LC09_L2SP_176039_20250913_20250915_02_T1,2025-09-13,16858.382322512105,16858.463204552332,16860.69616065262,-1.0,1.0,277,0.0,Fallback Simulated Observation
NSR-GRID-355,LC09_L2SP_176039_20250913_20250915_02_T1,2025-09-13,1997.8527396813413,1997.9378116207874,1999.1488488807024,-1.0,1.0,277,0.0,Fallback Simulated Observation
NSR-GRID-356,LC09_L2SP_176039_20250913_20250915_02_T1,2025-09-13,4588.300244095333,4588.354877265933,4589.1196893851875,-1.0,1.0,277,0.0,Fallback Simulated Observation
NSR-GRID-357,LC09_L2SP_176039_20250913_20250915_02_T1,2025-09-13,5752.974216807087,5752.886455071401,5754.202361767483,-1.0,1.0,277,0.0,Fallback Simulated Observation
NSR-GRID-358,LC09_L2SP_176039_20250913_20250915_02_T1,2025-09-13,25696.168089483283,25696.045187689626,25698.950763902165,-1.0,1.0,277,0.0,Fallback Simulated Observation
NSR-GRID-359,LC09_L2SP_176039_20250913_20250915_02_T1,2025-09-13,38941.04638836705,38940.92281806485,38943.9278961035,-1.0,1.0,277,0.0,Fallback Simulated Observation
NSR-GRID-360,LC09_L2SP_176039_20250913_20250915_02_T1,2025-09-13,3652.4258653594043,3652.5582838831187,3654.1042222983906,-1.0,1.0,277,0.0,Fallback Simulated Observation
NSR-GRID-361,LC09_L2SP_176039_20250913_20250915_02_T1,2025-09-13,2659.9218708501944,2659.946218357908,2660.6894905266454,-1.0,1.0,277,0.0,Fallback Simulated Observation
NSR-GRID-362,LC09_L2SP_176039_20250913_20250915_02_T1,2025-09-13,5253.197600084972,5253.198836594485,5254.4912389436495,-1.0,1.0,277,0.0,Fallback Simulated Observation
NSR-GRID-363,LC09_L2SP_176039_20250913_20250915_02_T1,2025-09-13,20615.748302106094,20615.809818504524,20617.492509513686,-1.0,1.0,277,0.0,Fallback Simulated Observation
NSR-GRID-364,LC09_L2SP_176039_20250913_20250915_02_T1,2025-09-13,35980.50557016678,35980.69397028054,35983.374591008156,-1.0,1.0,277,0.0,Fallback Simulated Observation
NSR-GRID-365,LC09_L2SP_176039_20250913_20250915_02_T1,2025-09-13,15819.710730930932,15819.74242613163,15820.550048200437,-1.0,1.0,277,0.0,Fallback Simulated Observation
NSR-GRID-366,LC09_L2SP_176039_20250913_20250915_02_T1,2025-09-13,757.1887799915155,757.3521029431676,759.0699385185407,-1.0,1.0,277,0.0,Fallback Simulated Observation
NSR-GRID-367,LC09_L2SP_176039_20250913_20250915_02_T1,2025-09-13,9529.322785049098,9529.394111674179,9531.858336257552,-1.0,1.0,277,0.0,Fallback Simulated Observation
NSR-GRID-368,LC09_L2SP_176039_20250913_20250915_02_T1,2025-09-13,4112.23943320083,4112.385301334576,4114.349303040036,-1.0,1.0,277,0.0,Fallback Simulated Observation
NSR-GRID-369,LC09_L2SP_176039_20250913_20250915_02_T1,2025-09-13,225.54596002842877,225.5255244557642,226.5336612344192,-1.0,1.0,277,0.0,Fallback Simulated Observation
NSR-GRID-370,LC09_L2SP_176039_20250913_20250915_02_T1,2025-09-13,470.6568474341738,470.68652228227165,474.13163014116634,-1.0,1.0,277,0.0,Fallback Simulated Observation
NSR-GRID-371,LC09_L2SP_176039_20250913_20250915_02_T1,2025-09-13,602.9531954347709,602.8591938415585,605.9971105147087,-1.0,1.0,277,0.0,Fallback Simulated Observation
NSR-GRID-372,LC09_L2SP_176039_20250913_20250915_02_T1,2025-09-13,7856.642938316177,7856.648673443175,7860.061621484339,-1.0,1.0,277,0.0,Fallback Simulated Observation
NSR-GRID-373,LC09_L2SP_176039_20250913_20250915_02_T1,2025-09-13,10384.502364498141,10384.615143300853,10385.237946055966,-1.0,1.0,277,0.0,Fallback Simulated Observation
NSR-GRID-374,LC09_L2SP_176039_20250913_20250915_02_T1,2025-09-13,1607.0806061814128,1607.061450465566,1609.145404720386,-1.0,1.0,277,0.0,Fallback Simulated Observation
NSR-GRID-375,LC09_L2SP_176039_20250913_20250915_02_T1,2025-09-13,48.088111054254874,47.90474047749193,49.378201911249114,0.05587803217307985,-0.035343785969919016,277,0.0,Fallback Simulated Observation
NSR-GRID-376,LC09_L2SP_176039_20250913_20250915_02_T1,2025-09-13,15096.197438447072,15096.115204899937,15098.361858721893,-1.0,1.0,277,0.0,Fallback Simulated Observation
NSR-GRID-377,LC09_L2SP_176039_20250913_20250915_02_T1,2025-09-13,15145.809619756286,15145.79181742728,15146.474334429018,-1.0,1.0,277,0.0,Fallback Simulated Observation
NSR-GRID-378,LC09_L2SP_176039_20250913_20250915_02_T1,2025-09-13,50.5425902681843,50.59286999763685,51.93036931512516,0.010309473969760154,0.11471507435064107,277,0.0,Fallback Simulated Observation
NSR-GRID-379,LC09_L2SP_176039_20250913_20250915_02_T1,2025-09-13,9446.369082192528,9446.454417090263,9449.057902140234,-1.0,1.0,277,0.0,Fallback Simulated Observation
NSR-GRID-380,LC09_L2SP_176039_20250913_20250915_02_T1,2025-09-13,88.2662210461487,88.31705234176495,88.8910089149181,-0.3596935235448549,1.0,277,0.0,Fallback Simulated Observation
NSR-GRID-381,LC09_L2SP_176039_20250913_20250915_02_T1,2025-09-13,45.31811132787447,45.20314058058473,48.570158032394716,0.10171965788890651,-0.1302494008694519,277,0.0,Fallback Simulated Observation
NSR-GRID-382,LC09_L2SP_176039_20250913_20250915_02_T1,2025-09-13,44.658102638522486,44.87746290008349,47.97350727561992,0.07392072196652189,-0.128750781334469,277,0.0,Fallback Simulated Observation
NSR-GRID-383,LC09_L2SP_176039_20250913_20250915_02_T1,2025-09-13,4443.950706980714,4443.905919216221,4445.284205679408,-1.0,1.0,277,0.0,Fallback Simulated Observation
NSR-GRID-384,LC09_L2SP_176039_20250913_20250915_02_T1,2025-09-13,591.5249276174876,591.7560535179819,592.3004786291752,-1.0,1.0,277,0.0,Fallback Simulated Observation
NSR-GRID-385,LC09_L2SP_176039_20250913_20250915_02_T1,2025-09-13,46.505252661041546,46.47449551932996,49.628768546155776,0.04960390000619551,-0.07176493492767397,277,0.0,Fallback Simulated Observation
NSR-GRID-386,LC09_L2SP_176039_20250913_20250915_02_T1,2025-09-13,47.85349677093114,47.73521522070071,49.16288494460823,-0.010869576228370849,0.023346124681410847,277,0.0,Fallback Simulated Observation
NSR-GRID-387,LC09_L2SP_176039_20250913_20250915_02_T1,2025-09-13,45.74869010667492,45.763472180578574,47.41008163358837,0.06626681581653364,-0.13534755615618893,277,0.0,Fallback Simulated Observation
NSR-GRID-388,LC09_L2SP_176039_20250913_20250915_02_T1,2025-09-13,342.67314768266806,342.5938613221608,345.44326241300246,-1.0,1.0,277,0.0,Fallback Simulated Observation
NSR-GRID-389,LC09_L2SP_176039_20250913_20250915_02_T1,2025-09-13,5977.759538422776,5977.949794243299,5979.712337017106,-1.0,1.0,277,0.0,Fallback Simulated Observation
NSR-GRID-390,LC09_L2SP_176039_20250913_20250915_02_T1,2025-09-13,73.7583000208812,73.81020697481841,74.58718460409152,-0.2179434774857188,0.9656047647338656,277,0.0,Fallback Simulated Observation
NSR-GRID-391,LC09_L2SP_176039_20250913_20250915_02_T1,2025-09-13,193.76913960639763,193.74526434619128,195.7251742978009,-1.0,1.0,277,0.0,Fallback Simulated Observation
NSR-GRID-392,LC09_L2SP_176039_20250913_20250915_02_T1,2025-09-13,371.3022845004181,371.3908983157675,374.53175542291433,-1.0,1.0,277,0.0,Fallback Simulated Observation
NSR-GRID-393,LC09_L2SP_176039_20250913_20250915_02_T1,2025-09-13,44.23323791240044,44.131973468256135,44.83349189651562,0.0758483130971392,-0.08036051391589788,277,0.0,Fallback Simulated Observation
NSR-GRID-394,LC09_L2SP_176039_20250913_20250915_02_T1,2025-09-13,43.24700891058387,43.046054905066725,46.20322288194783,0.05529902735682869,-0.13537864128722232,277,0.0,Fallback Simulated Observation
NSR-GRID-395,LC09_L2SP_176039_20250913_20250915_02_T1,2025-09-13,43.827821474971984,43.715302864798865,44.85628321248056,0.06951302767503292,-0.04781632925990187,277,0.0,Fallback Simulated Observation
NSR-GRID-396,LC09_L2SP_176039_20250913_20250915_02_T1,2025-09-13,44.76023474336689,44.82890566380174,47.53869445093181,0.08670108703824343,-0.10305632682277055,277,0.0,Fallback Simulated Observation
NSR-GRID-397,LC09_L2SP_176039_20250913_20250915_02_T1,2025-09-13,43.74649547760835,43.800715778299256,45.75612372786298,0.07261745453855013,-0.12720902415444743,277,0.0,Fallback Simulated Observation
NSR-GRID-398,LC09_L2SP_176039_20250913_20250915_02_T1,2025-09-13,44.45189309859702,44.39628340497414,45.037453173112965,0.06571845752684022,-0.10409689743901848,277,0.0,Fallback Simulated Observation
NSR-GRID-399,LC09_L2SP_176039_20250913_20250915_02_T1,2025-09-13,1720.3529096560287,1720.4700198531957,1720.8689270819377,-1.0,1.0,277,0.0,Fallback Simulated Observation
NSR-GRID-400,LC09_L2SP_176039_20250913_20250915_02_T1,2025-09-13,97.9142801326099,97.88430957325711,99.28883091706348,-0.497463475905786,1.0,277,0.0,Fallback Simulated Observation
NSR-GRID-401,LC09_L2SP_176039_20250913_20250915_02_T1,2025-09-13,45.333628039715585,45.18516756052362,48.12590704035453,0.05331091837694168,-0.10216248585673328,277,0.0,Fallback Simulated Observation
NSR-GRID-402,LC09_L2SP_176039_20250913_20250915_02_T1,2025-09-13,45.47934068063519,45.470374288481224,47.20888369999024,0.035628600680978006,-0.04743666662059609,277,0.0,Fallback Simulated Observation
NSR-GRID-403,LC09_L2SP_176039_20250913_20250915_02_T1,2025-09-13,45.61297250389275,45.58450995346738,47.693279225701225,0.05747144622234489,-0.1456103222486381,277,0.0,Fallback Simulated Observation
NSR-GRID-404,LC09_L2SP_176039_20250913_20250915_02_T1,2025-09-13,43.75152765759672,43.702295778098815,44.94141190379982,0.09123376525268304,-0.14939688386598282,277,0.0,Fallback Simulated Observation
NSR-GRID-405,LC09_L2SP_176039_20250913_20250915_02_T1,2025-09-13,45.65562432719189,45.736181797472504,47.66635501620766,0.0901805670813595,-0.08538317596384527,277,0.0,Fallback Simulated Observation
NSR-GRID-406,LC09_L2SP_176039_20250913_20250915_02_T1,2025-09-13,3173.904631389857,3173.8392636844824,3175.731093731217,-1.0,1.0,277,0.0,Fallback Simulated Observation
NSR-GRID-407,LC09_L2SP_176039_20250913_20250915_02_T1,2025-09-13,2595.673932384709,2595.8898445001696,2596.2701229359927,-1.0,1.0,277,0.0,Fallback Simulated Observation
NSR-GRID-408,LC09_L2SP_176039_20250913_20250915_02_T1,2025-09-13,45.94932026872174,45.90105194235701,47.130324166737005,0.06881672329881583,-0.1338092028772309,277,0.0,Fallback Simulated Observation
NSR-GRID-409,LC09_L2SP_176039_20250913_20250915_02_T1,2025-09-13,45.65083969242533,45.612836007796396,48.634575878872525,0.10677555940842125,-0.17280787501740025,277,0.0,Fallback Simulated Observation
NSR-GRID-410,LC09_L2SP_176039_20250913_20250915_02_T1,2025-09-13,134.0800314191782,134.16058946663128,135.08445467686244,-0.8510573491089352,1.0,277,0.0,Fallback Simulated Observation
NSR-GRID-411,LC09_L2SP_176039_20250913_20250915_02_T1,2025-09-13,44.95865027909081,45.0309540730488,46.24225079291255,0.039741839122132874,-0.11601547399751204,277,0.0,Fallback Simulated Observation
NSR-GRID-412,LC09_L2SP_176039_20250913_20250915_02_T1,2025-09-13,7318.841194919453,7318.767904838604,7319.448440102851,-1.0,1.0,277,0.0,Fallback Simulated Observation
NSR-GRID-413,LC09_L2SP_176039_20250913_20250915_02_T1,2025-09-13,7516.832784377464,7516.748707188474,7517.615415468302,-1.0,1.0,277,0.0,Fallback Simulated Observation
NSR-GRID-414,LC09_L2SP_176039_20250913_20250915_02_T1,2025-09-13,4071.9482461075195,4071.9667952075515,4074.911624420975,-1.0,1.0,277,0.0,Fallback Simulated Observation
NSR-GRID-415,LC09_L2SP_176039_20250913_20250915_02_T1,2025-09-13,46.28385011836481,46.37465238461843,49.76435479955194,0.09221022004718028,-0.15955254420379167,277,0.0,Fallback Simulated Observation
NSR-GRID-416,LC09_L2SP_176039_20250913_20250915_02_T1,2025-09-13,72.10370756781383,72.09889782550957,72.64711949232242,-0.17475479663170182,0.956541536586715,277,0.0,Fallback Simulated Observation
NSR-GRID-001,LC08_L2SP_176039_20250905_20250912_02_T1,2025-09-05,47347.34187358173,47347.34739919156,47349.24978257081,-1.0,1.0,277,0.0,Fallback Simulated Observation
NSR-GRID-002,LC08_L2SP_176039_20250905_20250912_02_T1,2025-09-05,45662.60074558475,45662.657794317834,45665.45252142218,-1.0,1.0,277,0.0,Fallback Simulated Observation
NSR-GRID-003,LC08_L2SP_176039_20250905_20250912_02_T1,2025-09-05,48672.333208117794,48672.30829419317,48673.55388961698,-1.0,1.0,277,0.0,Fallback Simulated Observation
NSR-GRID-004,LC08_L2SP_176039_20250905_20250912_02_T1,2025-09-05,37283.47397337821,37283.60845878133,37284.661323219945,-1.0,1.0,277,0.0,Fallback Simulated Observation
NSR-GRID-005,LC08_L2SP_176039_20250905_20250912_02_T1,2025-09-05,49731.51396716127,49731.637455063006,49733.86229956252,-1.0,1.0,277,0.0,Fallback Simulated Observation
NSR-GRID-006,LC08_L2SP_176039_20250905_20250912_02_T1,2025-09-05,54374.38630105607,54374.291231986725,54376.38075321682,-1.0,1.0,277,0.0,Fallback Simulated Observation
NSR-GRID-007,LC08_L2SP_176039_20250905_20250912_02_T1,2025-09-05,46227.8460907414,46227.73169184126,46229.07334718306,-1.0,1.0,277,0.0,Fallback Simulated Observation
NSR-GRID-008,LC08_L2SP_176039_20250905_20250912_02_T1,2025-09-05,47462.83414277107,47462.91267733137,47465.37209276701,-1.0,1.0,277,0.0,Fallback Simulated Observation
NSR-GRID-009,LC08_L2SP_176039_20250905_20250912_02_T1,2025-09-05,51569.51543411825,51569.38395677318,51571.499817183074,-1.0,1.0,277,0.0,Fallback Simulated Observation
NSR-GRID-010,LC08_L2SP_176039_20250905_20250912_02_T1,2025-09-05,43089.600614673865,43089.695207632394,43090.15632683016,-1.0,1.0,277,0.0,Fallback Simulated Observation
NSR-GRID-011,LC08_L2SP_176039_20250905_20250912_02_T1,2025-09-05,42438.66499436565,42438.699916921905,42441.45295483539,-1.0,1.0,277,0.0,Fallback Simulated Observation
NSR-GRID-012,LC08_L2SP_176039_20250905_20250912_02_T1,2025-09-05,41235.53472889789,41235.54311614807,41236.95102397594,-1.0,1.0,277,0.0,Fallback Simulated Observation
NSR-GRID-013,LC08_L2SP_176039_20250905_20250912_02_T1,2025-09-05,41067.12034527877,41067.05766605381,41068.121932842405,-1.0,1.0,277,0.0,Fallback Simulated Observation
NSR-GRID-014,LC08_L2SP_176039_20250905_20250912_02_T1,2025-09-05,20611.001370321126,20610.902217617015,20614.220432954415,-1.0,1.0,277,0.0,Fallback Simulated Observation
NSR-GRID-015,LC08_L2SP_176039_20250905_20250912_02_T1,2025-09-05,12750.333376939287,12750.141308052598,12751.1071114632,-1.0,1.0,277,0.0,Fallback Simulated Observation
NSR-GRID-016,LC08_L2SP_176039_20250905_20250912_02_T1,2025-09-05,21949.380487789524,21949.344237889236,21952.000859302712,-1.0,1.0,277,0.0,Fallback Simulated Observation
NSR-GRID-017,LC08_L2SP_176039_20250905_20250912_02_T1,2025-09-05,28841.679307374307,28841.507511642936,28843.171109804218,-1.0,1.0,277,0.0,Fallback Simulated Observation
NSR-GRID-018,LC08_L2SP_176039_20250905_20250912_02_T1,2025-09-05,16801.145190232135,16801.278613151553,16803.964460656985,-1.0,1.0,277,0.0,Fallback Simulated Observation
NSR-GRID-019,LC08_L2SP_176039_20250905_20250912_02_T1,2025-09-05,39528.87089727458,39528.69827379618,39530.012918614106,-1.0,1.0,277,0.0,Fallback Simulated Observation
NSR-GRID-020,LC08_L2SP_176039_20250905_20250912_02_T1,2025-09-05,3864.3739154751624,3864.3218186200393,3867.826410353612,-1.0,1.0,277,0.0,Fallback Simulated Observation
NSR-GRID-021,LC08_L2SP_176039_20250905_20250912_02_T1,2025-09-05,20336.72679966413,20336.70934089171,20338.730989099917,-1.0,1.0,277,0.0,Fallback Simulated Observation
NSR-GRID-022,LC08_L2SP_176039_20250905_20250912_02_T1,2025-09-05,20099.846950328716,20099.863598855973,20102.816212915735,-1.0,1.0,277,0.0,Fallback Simulated Observation
NSR-GRID-023,LC08_L2SP_176039_20250905_20250912_02_T1,2025-09-05,39.15175213718532,39.06489249412175,41.00576231264761,0.056851684195691324,-0.179425094127679,277,0.0,Fallback Simulated Observation
NSR-GRID-024,LC08_L2SP_176039_20250905_20250912_02_T1,2025-09-05,44918.41851600064,44918.50039259772,44920.789742737135,-1.0,1.0,277,0.0,Fallback Simulated Observation
NSR-GRID-025,LC08_L2SP_176039_20250905_20250912_02_T1,2025-09-05,42913.34597944527,42913.197802723014,42914.970172512876,-1.0,1.0,277,0.0,Fallback Simulated Observation
NSR-GRID-026,LC08_L2SP_176039_20250905_20250912_02_T1,2025-09-05,30577.12842306203,30577.162320651398,30579.19554285393,-1.0,1.0,277,0.0,Fallback Simulated Observation
NSR-GRID-027,LC08_L2SP_176039_20250905_20250912_02_T1,2025-09-05,46467.302500386606,46467.289324567784,46470.339379286954,-1.0,1.0,277,0.0,Fallback Simulated Observation
NSR-GRID-028,LC08_L2SP_176039_20250905_20250912_02_T1,2025-09-05,47903.57762612188,47903.60574729014,47906.802401785906,-1.0,1.0,277,0.0,Fallback Simulated Observation
NSR-GRID-029,LC08_L2SP_176039_20250905_20250912_02_T1,2025-09-05,41724.8616063943,41725.12466789528,41726.032089337066,-1.0,1.0,277,0.0,Fallback Simulated Observation
NSR-GRID-030,LC08_L2SP_176039_20250905_20250912_02_T1,2025-09-05,41632.04604140854,41632.08067267956,41635.412905547884,-1.0,1.0,277,0.0,Fallback Simulated Observation
NSR-GRID-031,LC08_L2SP_176039_20250905_20250912_02_T1,2025-09-05,28021.73195546975,28021.573819947138,28024.849352039524,-1.0,1.0,277,0.0,Fallback Simulated Observation
NSR-GRID-032,LC08_L2SP_176039_20250905_20250912_02_T1,2025-09-05,40977.78514060084,40977.72926064364,40978.78438345377,-1.0,1.0,277,0.0,Fallback Simulated Observation
NSR-GRID-033,LC08_L2SP_176039_20250905_20250912_02_T1,2025-09-05,8664.98704818367,8664.88655059216,8668.063489927694,-1.0,1.0,277,0.0,Fallback Simulated Observation
NSR-GRID-034,LC08_L2SP_176039_20250905_20250912_02_T1,2025-09-05,20271.336300466883,20271.26010634307,20274.551534850267,-1.0,1.0,277,0.0,Fallback Simulated Observation
NSR-GRID-035,LC08_L2SP_176039_20250905_20250912_02_T1,2025-09-05,12363.331248620794,12363.410053529225,12365.294043934942,-1.0,1.0,277,0.0,Fallback Simulated Observation
NSR-GRID-036,LC08_L2SP_176039_20250905_20250912_02_T1,2025-09-05,9335.117866794557,9335.106507578386,9337.976414802151,-1.0,1.0,277,0.0,Fallback Simulated Observation
NSR-GRID-037,LC08_L2SP_176039_20250905_20250912_02_T1,2025-09-05,19722.407469518774,19722.438305950036,19725.570730047017,-1.0,1.0,277,0.0,Fallback Simulated Observation
NSR-GRID-038,LC08_L2SP_176039_20250905_20250912_02_T1,2025-09-05,25583.736871424575,25583.889704580924,25585.33194733669,-1.0,1.0,277,0.0,Fallback Simulated Observation
NSR-GRID-039,LC08_L2SP_176039_20250905_20250912_02_T1,2025-09-05,35219.79246059971,35219.79175650886,35221.77296169193,-1.0,1.0,277,0.0,Fallback Simulated Observation
NSR-GRID-040,LC08_L2SP_176039_20250905_20250912_02_T1,2025-09-05,25604.482591180895,25604.5458128123,25607.34833647622,-1.0,1.0,277,0.0,Fallback Simulated Observation
NSR-GRID-041,LC08_L2SP_176039_20250905_20250912_02_T1,2025-09-05,45220.047051503534,45220.02108626271,45223.4738664093,-1.0,1.0,277,0.0,Fallback Simulated Observation
NSR-GRID-042,LC08_L2SP_176039_20250905_20250912_02_T1,2025-09-05,15712.076370104249,15712.284104448207,15712.72998915182,-1.0,1.0,277,0.0,Fallback Simulated Observation
NSR-GRID-043,LC08_L2SP_176039_20250905_20250912_02_T1,2025-09-05,28661.06574996461,28661.286549829943,28663.04118393158,-1.0,1.0,277,0.0,Fallback Simulated Observation
NSR-GRID-044,LC08_L2SP_176039_20250905_20250912_02_T1,2025-09-05,46217.33857469048,46217.2939103858,46220.757506831746,-1.0,1.0,277,0.0,Fallback Simulated Observation
NSR-GRID-045,LC08_L2SP_176039_20250905_20250912_02_T1,2025-09-05,10151.996732914045,10152.13898894693,10152.958655303277,-1.0,1.0,277,0.0,Fallback Simulated Observation
NSR-GRID-046,LC08_L2SP_176039_20250905_20250912_02_T1,2025-09-05,30423.36468666585,30423.26686010092,30426.678650262227,-1.0,1.0,277,0.0,Fallback Simulated Observation
NSR-GRID-047,LC08_L2SP_176039_20250905_20250912_02_T1,2025-09-05,895.1641574071064,895.0854248158375,897.3420630233369,-1.0,1.0,277,0.0,Fallback Simulated Observation
NSR-GRID-048,LC08_L2SP_176039_20250905_20250912_02_T1,2025-09-05,31514.90080748986,31514.997503154395,31517.743641946712,-1.0,1.0,277,0.0,Fallback Simulated Observation
NSR-GRID-049,LC08_L2SP_176039_20250905_20250912_02_T1,2025-09-05,3855.6466313724045,3855.6714573520535,3856.395412829934,-1.0,1.0,277,0.0,Fallback Simulated Observation
NSR-GRID-050,LC08_L2SP_176039_20250905_20250912_02_T1,2025-09-05,33393.333040830854,33393.40655404216,33394.69449762117,-1.0,1.0,277,0.0,Fallback Simulated Observation
NSR-GRID-051,LC08_L2SP_176039_20250905_20250912_02_T1,2025-09-05,2134.128001039422,2134.023286056644,2136.9066865411637,-1.0,1.0,277,0.0,Fallback Simulated Observation
NSR-GRID-052,LC08_L2SP_176039_20250905_20250912_02_T1,2025-09-05,43409.052704486974,43408.956215156955,43410.98064955802,-1.0,1.0,277,0.0,Fallback Simulated Observation
NSR-GRID-053,LC08_L2SP_176039_20250905_20250912_02_T1,2025-09-05,474.3186672896113,474.31460598747924,476.3906467920053,-1.0,1.0,277,0.0,Fallback Simulated Observation
NSR-GRID-054,LC08_L2SP_176039_20250905_20250912_02_T1,2025-09-05,46539.50974986898,46539.40413871206,46541.28161840737,-1.0,1.0,277,0.0,Fallback Simulated Observation
NSR-GRID-055,LC08_L2SP_176039_20250905_20250912_02_T1,2025-09-05,38646.68965453989,38646.77647570173,38649.748695216855,-1.0,1.0,277,0.0,Fallback Simulated Observation
NSR-GRID-056,LC08_L2SP_176039_20250905_20250912_02_T1,2025-09-05,33303.513849842646,33303.68568624222,33304.897796551835,-1.0,1.0,277,0.0,Fallback Simulated Observation
NSR-GRID-057,LC08_L2SP_176039_20250905_20250912_02_T1,2025-09-05,39925.98987888903,39925.91505785753,39928.57389407782,-1.0,1.0,277,0.0,Fallback Simulated Observation
NSR-GRID-058,LC08_L2SP_176039_20250905_20250912_02_T1,2025-09-05,42277.2276810562,42277.33346115696,42278.46711478494,-1.0,1.0,277,0.0,Fallback Simulated Observation
NSR-GRID-059,LC08_L2SP_176039_20250905_20250912_02_T1,2025-09-05,38609.820290627795,38609.69403816839,38612.09063989483,-1.0,1.0,277,0.0,Fallback Simulated Observation
NSR-GRID-060,LC08_L2SP_176039_20250905_20250912_02_T1,2025-09-05,46971.071636652305,46971.20908515045,46972.9306309548,-1.0,1.0,277,0.0,Fallback Simulated Observation
NSR-GRID-061,LC08_L2SP_176039_20250905_20250912_02_T1,2025-09-05,12313.61389504418,12313.577503887796,12315.782067049755,-1.0,1.0,277,0.0,Fallback Simulated Observation
NSR-GRID-062,LC08_L2SP_176039_20250905_20250912_02_T1,2025-09-05,24078.69044811861,24078.911517091212,24081.051284569912,-1.0,1.0,277,0.0,Fallback Simulated Observation
NSR-GRID-063,LC08_L2SP_176039_20250905_20250912_02_T1,2025-09-05,19935.515189409518,19935.69958198377,19938.0518984721,-1.0,1.0,277,0.0,Fallback Simulated Observation
NSR-GRID-064,LC08_L2SP_176039_20250905_20250912_02_T1,2025-09-05,24631.270094350424,24631.22209788615,24633.51775586155,-1.0,1.0,277,0.0,Fallback Simulated Observation
NSR-GRID-065,LC08_L2SP_176039_20250905_20250912_02_T1,2025-09-05,44916.463845052735,44916.385486546984,44917.23480073363,-1.0,1.0,277,0.0,Fallback Simulated Observation
NSR-GRID-066,LC08_L2SP_176039_20250905_20250912_02_T1,2025-09-05,9649.60986324493,9649.524765736862,9652.32372260569,-1.0,1.0,277,0.0,Fallback Simulated Observation
NSR-GRID-067,LC08_L2SP_176039_20250905_20250912_02_T1,2025-09-05,13830.201815602042,13830.190802444464,13833.298103817291,-1.0,1.0,277,0.0,Fallback Simulated Observation
NSR-GRID-068,LC08_L2SP_176039_20250905_20250912_02_T1,2025-09-05,45240.56554684461,45240.43315173619,45242.792704760606,-1.0,1.0,277,0.0,Fallback Simulated Observation
NSR-GRID-069,LC08_L2SP_176039_20250905_20250912_02_T1,2025-09-05,28056.248727392798,28056.25115284819,28059.323601399457,-1.0,1.0,277,0.0,Fallback Simulated Observation
NSR-GRID-070,LC08_L2SP_176039_20250905_20250912_02_T1,2025-09-05,23948.37867649677,23948.36618433724,23951.429572706485,-1.0,1.0,277,0.0,Fallback Simulated Observation
NSR-GRID-071,LC08_L2SP_176039_20250905_20250912_02_T1,2025-09-05,15922.604355848085,15922.72671653643,15925.640613453188,-1.0,1.0,277,0.0,Fallback Simulated Observation
NSR-GRID-072,LC08_L2SP_176039_20250905_20250912_02_T1,2025-09-05,3447.6128727607356,3447.595747130253,3449.3423881950644,-1.0,1.0,277,0.0,Fallback Simulated Observation
NSR-GRID-073,LC08_L2SP_176039_20250905_20250912_02_T1,2025-09-05,3107.4813755368477,3107.7347094369175,3108.9465866264227,-1.0,1.0,277,0.0,Fallback Simulated Observation
NSR-GRID-074,LC08_L2SP_176039_20250905_20250912_02_T1,2025-09-05,1044.9597776421026,1045.0881881116204,1046.6872090058555,-1.0,1.0,277,0.0,Fallback Simulated Observation
NSR-GRID-075,LC08_L2SP_176039_20250905_20250912_02_T1,2025-09-05,4295.353790613226,4295.537085665821,4297.682496214921,-1.0,1.0,277,0.0,Fallback Simulated Observation
NSR-GRID-076,LC08_L2SP_176039_20250905_20250912_02_T1,2025-09-05,111.66178789926954,111.60251761697383,114.14569978613014,-0.6179479705663968,1.0,277,0.0,Fallback Simulated Observation
NSR-GRID-077,LC08_L2SP_176039_20250905_20250912_02_T1,2025-09-05,110.54730039349195,110.43153722539907,113.66086153254291,-0.5845423619170328,1.0,277,0.0,Fallback Simulated Observation
NSR-GRID-078,LC08_L2SP_176039_20250905_20250912_02_T1,2025-09-05,31757.309237676716,31757.332841983098,31758.229431354794,-1.0,1.0,277,0.0,Fallback Simulated Observation
NSR-GRID-079,LC08_L2SP_176039_20250905_20250912_02_T1,2025-09-05,1147.1538220540028,1147.1558783010457,1150.2767117346693,-1.0,1.0,277,0.0,Fallback Simulated Observation
NSR-GRID-080,LC08_L2SP_176039_20250905_20250912_02_T1,2025-09-05,41280.445173439526,41280.35234685566,41282.78948629899,-1.0,1.0,277,0.0,Fallback Simulated Observation
NSR-GRID-081,LC08_L2SP_176039_20250905_20250912_02_T1,2025-09-05,130.19355506988327,130.20615121137115,132.2676203061637,-0.7907587016797984,1.0,277,0.0,Fallback Simulated Observation
NSR-GRID-082,LC08_L2SP_176039_20250905_20250912_02_T1,2025-09-05,43672.178677419186,43672.05333724736,43673.77075982683,-1.0,1.0,277,0.0,Fallback Simulated Observation
NSR-GRID-083,LC08_L2SP_176039_20250905_20250912_02_T1,2025-09-05,41693.31612601565,41693.3986443881,41694.61275857006,-1.0,1.0,277,0.0,Fallback Simulated Observation
NSR-GRID-084,LC08_L2SP_176039_20250905_20250912_02_T1,2025-09-05,41603.24928837061,41603.245519658536,41604.39266305858,-1.0,1.0,277,0.0,Fallback Simulated Observation
NSR-GRID-085,LC08_L2SP_176039_20250905_20250912_02_T1,2025-09-05,42503.58861813086,42503.61987011884,42505.79604284222,-1.0,1.0,277,0.0,Fallback Simulated Observation
NSR-GRID-086,LC08_L2SP_176039_20250905_20250912_02_T1,2025-09-05,41152.508038468615,41152.271552931335,41154.346381389994,-1.0,1.0,277,0.0,Fallback Simulated Observation
NSR-GRID-087,LC08_L2SP_176039_20250905_20250912_02_T1,2025-09-05,42630.9587466645,42630.82625506256,42631.876310072774,-1.0,1.0,277,0.0,Fallback Simulated Observation
NSR-GRID-088,LC08_L2SP_176039_20250905_20250912_02_T1,2025-09-05,31024.142850118184,31024.152143683452,31025.25663096106,-1.0,1.0,277,0.0,Fallback Simulated Observation
NSR-GRID-089,LC08_L2SP_176039_20250905_20250912_02_T1,2025-09-05,36189.953003235874,36189.99699837621,36191.308837226694,-1.0,1.0,277,0.0,Fallback Simulated Observation
NSR-GRID-090,LC08_L2SP_176039_20250905_20250912_02_T1,2025-09-05,26957.52310558125,26957.432525859913,26959.34145025113,-1.0,1.0,277,0.0,Fallback Simulated Observation
NSR-GRID-091,LC08_L2SP_176039_20250905_20250912_02_T1,2025-09-05,21948.886839827246,21948.794088808776,21949.59188494159,-1.0,1.0,277,0.0,Fallback Simulated Observation
NSR-GRID-092,LC08_L2SP_176039_20250905_20250912_02_T1,2025-09-05,47617.06668797342,47617.11774804246,47619.74887985496,-1.0,1.0,277,0.0,Fallback Simulated Observation
NSR-GRID-093,LC08_L2SP_176039_20250905_20250912_02_T1,2025-09-05,26779.29983949933,26779.278913028164,26782.745973367688,-1.0,1.0,277,0.0,Fallback Simulated Observation
NSR-GRID-094,LC08_L2SP_176039_20250905_20250912_02_T1,2025-09-05,36341.24821884713,36341.46917940474,36343.734776504265,-1.0,1.0,277,0.0,Fallback Simulated Observation
NSR-GRID-095,LC08_L2SP_176039_20250905_20250912_02_T1,2025-09-05,26481.46012035801,26481.447084229912,26484.24633531833,-1.0,1.0,277,0.0,Fallback Simulated Observation
NSR-GRID-096,LC08_L2SP_176039_20250905_20250912_02_T1,2025-09-05,38007.308008000335,38007.38122312294,38009.33501833678,-1.0,1.0,277,0.0,Fallback Simulated Observation
NSR-GRID-097,LC08_L2SP_176039_20250905_20250912_02_T1,2025-09-05,33936.75380480789,33936.61982958252,33938.62101224992,-1.0,1.0,277,0.0,Fallback Simulated Observation
NSR-GRID-098,LC08_L2SP_176039_20250905_20250912_02_T1,2025-09-05,38242.55446387773,38242.51635010806,38245.3241218579,-1.0,1.0,277,0.0,Fallback Simulated Observation
NSR-GRID-099,LC08_L2SP_176039_20250905_20250912_02_T1,2025-09-05,32649.241457972454,32649.173223408467,32651.20068526943,-1.0,1.0,277,0.0,Fallback Simulated Observation
NSR-GRID-100,LC08_L2SP_176039_20250905_20250912_02_T1,2025-09-05,8762.732197360898,8762.674474488327,8763.919158916799,-1.0,1.0,277,0.0,Fallback Simulated Observation
NSR-GRID-101,LC08_L2SP_176039_20250905_20250912_02_T1,2025-09-05,4476.568317881775,4476.589386400605,4479.67156005202,-1.0,1.0,277,0.0,Fallback Simulated Observation
NSR-GRID-102,LC08_L2SP_176039_20250905_20250912_02_T1,2025-09-05,254.08917313062122,253.95668855252794,256.2624674079154,-1.0,1.0,277,0.0,Fallback Simulated Observation
NSR-GRID-103,LC08_L2SP_176039_20250905_20250912_02_T1,2025-09-05,1567.7335610679977,1567.7837250362238,1570.485133010088,-1.0,1.0,277,0.0,Fallback Simulated Observation
NSR-GRID-104,LC08_L2SP_176039_20250905_20250912_02_T1,2025-09-05,3108.536111747189,3108.4805844383877,3111.151215313979,-1.0,1.0,277,0.0,Fallback Simulated Observation
NSR-GRID-105,LC08_L2SP_176039_20250905_20250912_02_T1,2025-09-05,41637.530542946064,41637.70921849095,41639.091189508676,-1.0,1.0,277,0.0,Fallback Simulated Observation
NSR-GRID-106,LC08_L2SP_176039_20250905_20250912_02_T1,2025-09-05,1096.9366833077495,1096.9103671805435,1098.7377741070704,-1.0,1.0,277,0.0,Fallback Simulated Observation
NSR-GRID-107,LC08_L2SP_176039_20250905_20250912_02_T1,2025-09-05,44160.80801803914,44160.873952138645,44161.91542066543,-1.0,1.0,277,0.0,Fallback Simulated Observation
NSR-GRID-108,LC08_L2SP_176039_20250905_20250912_02_T1,2025-09-05,44319.6133227209,44319.661285252856,44322.280622989965,-1.0,1.0,277,0.0,Fallback Simulated Observation
NSR-GRID-109,LC08_L2SP_176039_20250905_20250912_02_T1,2025-09-05,52875.23791157031,52875.18577795606,52876.13000633155,-1.0,1.0,277,0.0,Fallback Simulated Observation
NSR-GRID-110,LC08_L2SP_176039_20250905_20250912_02_T1,2025-09-05,46812.15713479476,46812.0516023789,46814.94807589233,-1.0,1.0,277,0.0,Fallback Simulated Observation
NSR-GRID-111,LC08_L2SP_176039_20250905_20250912_02_T1,2025-09-05,46564.86936071291,46564.81877041887,46566.48656271102,-1.0,1.0,277,0.0,Fallback Simulated Observation
NSR-GRID-112,LC08_L2SP_176039_20250905_20250912_02_T1,2025-09-05,47350.23963995316,47350.31063322797,47351.09357695147,-1.0,1.0,277,0.0,Fallback Simulated Observation
NSR-GRID-113,LC08_L2SP_176039_20250905_20250912_02_T1,2025-09-05,48708.53976671506,48708.55842998071,48711.140685776714,-1.0,1.0,277,0.0,Fallback Simulated Observation
NSR-GRID-114,LC08_L2SP_176039_20250905_20250912_02_T1,2025-09-05,49740.262003545264,49740.26108764141,49743.625916085344,-1.0,1.0,277,0.0,Fallback Simulated Observation
NSR-GRID-115,LC08_L2SP_176039_20250905_20250912_02_T1,2025-09-05,45086.634471587655,45086.63507370124,45089.90871401525,-1.0,1.0,277,0.0,Fallback Simulated Observation
NSR-GRID-116,LC08_L2SP_176039_20250905_20250912_02_T1,2025-09-05,31723.760067866177,31723.7289002776,31725.35024530447,-1.0,1.0,277,0.0,Fallback Simulated Observation
NSR-GRID-117,LC08_L2SP_176039_20250905_20250912_02_T1,2025-09-05,16023.067087583882,16023.114147475233,16026.236880751552,-1.0,1.0,277,0.0,Fallback Simulated Observation
NSR-GRID-118,LC08_L2SP_176039_20250905_20250912_02_T1,2025-09-05,15513.578282372147,15513.694582469117,15516.684166883679,-1.0,1.0,277,0.0,Fallback Simulated Observation
NSR-GRID-119,LC08_L2SP_176039_20250905_20250912_02_T1,2025-09-05,52102.69667456687,52102.80519235168,52105.86395176162,-1.0,1.0,277,0.0,Fallback Simulated Observation
NSR-GRID-120,LC08_L2SP_176039_20250905_20250912_02_T1,2025-09-05,53409.71704060374,53409.769788687045,53411.05881125166,-1.0,1.0,277,0.0,Fallback Simulated Observation
NSR-GRID-121,LC08_L2SP_176039_20250905_20250912_02_T1,2025-09-05,47474.017086312735,47473.98799979572,47476.33541511229,-1.0,1.0,277,0.0,Fallback Simulated Observation
NSR-GRID-122,LC08_L2SP_176039_20250905_20250912_02_T1,2025-09-05,45336.82270350329,45336.72400922964,45337.58013581842,-1.0,1.0,277,0.0,Fallback Simulated Observation
NSR-GRID-123,LC08_L2SP_176039_20250905_20250912_02_T1,2025-09-05,47622.00244815894,47621.984370483464,47624.368948931464,-1.0,1.0,277,0.0,Fallback Simulated Observation
NSR-GRID-124,LC08_L2SP_176039_20250905_20250912_02_T1,2025-09-05,42296.500199277405,42296.555886749644,42298.349375509184,-1.0,1.0,277,0.0,Fallback Simulated Observation
NSR-GRID-125,LC08_L2SP_176039_20250905_20250912_02_T1,2025-09-05,12784.814647867353,12784.876988664753,12785.556985508976,-1.0,1.0,277,0.0,Fallback Simulated Observation
NSR-GRID-126,LC08_L2SP_176039_20250905_20250912_02_T1,2025-09-05,5227.834453531852,5227.848039122008,5228.500905358056,-1.0,1.0,277,0.0,Fallback Simulated Observation
NSR-GRID-127,LC08_L2SP_176039_20250905_20250912_02_T1,2025-09-05,299.81048689699526,299.6525828858835,300.76914824393924,-1.0,1.0,277,0.0,Fallback Simulated Observation
NSR-GRID-128,LC08_L2SP_176039_20250905_20250912_02_T1,2025-09-05,28496.139622224044,28496.18152729752,28499.009226546183,-1.0,1.0,277,0.0,Fallback Simulated Observation
NSR-GRID-129,LC08_L2SP_176039_20250905_20250912_02_T1,2025-09-05,4933.47037653834,4933.220941138268,4935.213939026511,-1.0,1.0,277,0.0,Fallback Simulated Observation
NSR-GRID-130,LC08_L2SP_176039_20250905_20250912_02_T1,2025-09-05,40956.53994625871,40956.523264784635,40959.61708524783,-1.0,1.0,277,0.0,Fallback Simulated Observation
NSR-GRID-131,LC08_L2SP_176039_20250905_20250912_02_T1,2025-09-05,188.1108247044296,188.01207442508266,190.39557276718622,-1.0,1.0,277,0.0,Fallback Simulated Observation
NSR-GRID-132,LC08_L2SP_176039_20250905_20250912_02_T1,2025-09-05,49201.07893381351,49201.19798131203,49203.310166141404,-1.0,1.0,277,0.0,Fallback Simulated Observation
NSR-GRID-133,LC08_L2SP_176039_20250905_20250912_02_T1,2025-09-05,51308.38529788012,51308.53183335088,51309.4614238608,-1.0,1.0,277,0.0,Fallback Simulated Observation
NSR-GRID-134,LC08_L2SP_176039_20250905_20250912_02_T1,2025-09-05,45594.4277951305,45594.31101938891,45595.94627687568,-1.0,1.0,277,0.0,Fallback Simulated Observation
NSR-GRID-135,LC08_L2SP_176039_20250905_20250912_02_T1,2025-09-05,47537.78108719998,47537.85178895028,47538.52362760491,-1.0,1.0,277,0.0,Fallback Simulated Observation
NSR-GRID-136,LC08_L2SP_176039_20250905_20250912_02_T1,2025-09-05,27024.389282473447,27024.407768338853,27025.834450381404,-1.0,1.0,277,0.0,Fallback Simulated Observation
NSR-GRID-137,LC08_L2SP_176039_20250905_20250912_02_T1,2025-09-05,48630.96496886204,48630.93533813982,48631.96260263603,-1.0,1.0,277,0.0,Fallback Simulated Observation
NSR-GRID-138,LC08_L2SP_176039_20250905_20250912_02_T1,2025-09-05,48587.81329012682,48587.8694373898,48589.48544245358,-1.0,1.0,277,0.0,Fallback Simulated Observation
NSR-GRID-139,LC08_L2SP_176039_20250905_20250912_02_T1,2025-09-05,40654.660528733715,40654.652154290176,40657.370498939374,-1.0,1.0,277,0.0,Fallback Simulated Observation
NSR-GRID-140,LC08_L2SP_176039_20250905_20250912_02_T1,2025-09-05,3592.2881552613267,3592.4545538893076,3595.424248012805,-1.0,1.0,277,0.0,Fallback Simulated Observation
NSR-GRID-141,LC08_L2SP_176039_20250905_20250912_02_T1,2025-09-05,141.53268599521834,141.66005652999945,143.876614452023,-0.9116540159168662,1.0,277,0.0,Fallback Simulated Observation
NSR-GRID-142,LC08_L2SP_176039_20250905_20250912_02_T1,2025-09-05,23309.545027757766,23309.635236888924,23312.825150270783,-1.0,1.0,277,0.0,Fallback Simulated Observation
NSR-GRID-143,LC08_L2SP_176039_20250905_20250912_02_T1,2025-09-05,50034.12467704742,50034.37207292546,50035.03837351261,-1.0,1.0,277,0.0,Fallback Simulated Observation
NSR-GRID-144,LC08_L2SP_176039_20250905_20250912_02_T1,2025-09-05,52679.62394053701,52679.65665759229,52682.15210855204,-1.0,1.0,277,0.0,Fallback Simulated Observation
NSR-GRID-145,LC08_L2SP_176039_20250905_20250912_02_T1,2025-09-05,38888.703751153465,38888.7124242296,38889.96475953083,-1.0,1.0,277,0.0,Fallback Simulated Observation
NSR-GRID-146,LC08_L2SP_176039_20250905_20250912_02_T1,2025-09-05,41635.95072863149,41635.93877275583,41638.55907726299,-1.0,1.0,277,0.0,Fallback Simulated Observation
NSR-GRID-147,LC08_L2SP_176039_20250905_20250912_02_T1,2025-09-05,42300.92144231416,42300.94307553595,42302.82894045986,-1.0,1.0,277,0.0,Fallback Simulated Observation
NSR-GRID-148,LC08_L2SP_176039_20250905_20250912_02_T1,2025-09-05,32781.009527294045,32781.07334599393,32784.281971141456,-1.0,1.0,277,0.0,Fallback Simulated Observation
NSR-GRID-149,LC08_L2SP_176039_20250905_20250912_02_T1,2025-09-05,45149.855531493144,45149.87732860515,45152.49271357856,-1.0,1.0,277,0.0,Fallback Simulated Observation
NSR-GRID-150,LC08_L2SP_176039_20250905_20250912_02_T1,2025-09-05,27111.443026873898,27111.397757859046,27113.161995969436,-1.0,1.0,277,0.0,Fallback Simulated Observation
NSR-GRID-151,LC08_L2SP_176039_20250905_20250912_02_T1,2025-09-05,1173.712442624082,1173.5440720615454,1177.0238775245275,-1.0,1.0,277,0.0,Fallback Simulated Observation
NSR-GRID-152,LC08_L2SP_176039_20250905_20250912_02_T1,2025-09-05,39163.603711244345,39163.62291166804,39166.687459399895,-1.0,1.0,277,0.0,Fallback Simulated Observation
NSR-GRID-153,LC08_L2SP_176039_20250905_20250912_02_T1,2025-09-05,49218.57128659101,49218.59528011878,49221.806077250694,-1.0,1.0,277,0.0,Fallback Simulated Observation
NSR-GRID-154,LC08_L2SP_176039_20250905_20250912_02_T1,2025-09-05,49408.58404033222,49408.395996777814,49410.30870579999,-1.0,1.0,277,0.0,Fallback Simulated Observation
NSR-GRID-155,LC08_L2SP_176039_20250905_20250912_02_T1,2025-09-05,50266.82643881719,50266.67239771079,50269.18055139122,-1.0,1.0,277,0.0,Fallback Simulated Observation
NSR-GRID-156,LC08_L2SP_176039_20250905_20250912_02_T1,2025-09-05,47355.587009554685,47355.67549381297,47357.4381797839,-1.0,1.0,277,0.0,Fallback Simulated Observation
NSR-GRID-157,LC08_L2SP_176039_20250905_20250912_02_T1,2025-09-05,44638.01034131523,44637.80588568994,44639.45389403186,-1.0,1.0,277,0.0,Fallback Simulated Observation
NSR-GRID-158,LC08_L2SP_176039_20250905_20250912_02_T1,2025-09-05,49630.65988008058,49630.622329182515,49633.4597480761,-1.0,1.0,277,0.0,Fallback Simulated Observation
NSR-GRID-159,LC08_L2SP_176039_20250905_20250912_02_T1,2025-09-05,49683.04153800183,49683.01902746136,49685.13852980959,-1.0,1.0,277,0.0,Fallback Simulated Observation
NSR-GRID-160,LC08_L2SP_176039_20250905_20250912_02_T1,2025-09-05,49131.609468136434,49131.66735911824,49132.20066038087,-1.0,1.0,277,0.0,Fallback Simulated Observation
NSR-GRID-161,LC08_L2SP_176039_20250905_20250912_02_T1,2025-09-05,39018.96793344727,39018.9864174237,39020.78584326425,-1.0,1.0,277,0.0,Fallback Simulated Observation
NSR-GRID-162,LC08_L2SP_176039_20250905_20250912_02_T1,2025-09-05,28186.1676221851,28186.029892636176,28186.72209608192,-1.0,1.0,277,0.0,Fallback Simulated Observation
NSR-GRID-163,LC08_L2SP_176039_20250905_20250912_02_T1,2025-09-05,36941.42614021509,36941.209726538385,36944.47998685174,-1.0,1.0,277,0.0,Fallback Simulated Observation
NSR-GRID-164,LC08_L2SP_176039_20250905_20250912_02_T1,2025-09-05,43905.992167299504,43905.87570096465,43908.18176157685,-1.0,1.0,277,0.0,Fallback Simulated Observation
NSR-GRID-165,LC08_L2SP_176039_20250905_20250912_02_T1,2025-09-05,50770.271745186416,50770.3352704929,50773.72966813947,-1.0,1.0,277,0.0,Fallback Simulated Observation
NSR-GRID-166,LC08_L2SP_176039_20250905_20250912_02_T1,2025-09-05,43932.201096926205,43932.15870681897,43935.28830998309,-1.0,1.0,277,0.0,Fallback Simulated Observation
NSR-GRID-167,LC08_L2SP_176039_20250905_20250912_02_T1,2025-09-05,45308.491326667,45308.46105138,45309.92084598158,-1.0,1.0,277,0.0,Fallback Simulated Observation
NSR-GRID-168,LC08_L2SP_176039_20250905_20250912_02_T1,2025-09-05,44609.46179034293,44609.34641971057,44612.466185820675,-1.0,1.0,277,0.0,Fallback Simulated Observation
NSR-GRID-169,LC08_L2SP_176039_20250905_20250912_02_T1,2025-09-05,33179.51425744379,33179.51979856939,33180.640495090985,-1.0,1.0,277,0.0,Fallback Simulated Observation
NSR-GRID-170,LC08_L2SP_176039_20250905_20250912_02_T1,2025-09-05,24790.738735246927,24790.815465983185,24794.06963625887,-1.0,1.0,277,0.0,Fallback Simulated Observation
NSR-GRID-171,LC08_L2SP_176039_20250905_20250912_02_T1,2025-09-05,5671.540924767971,5671.657092591103,5674.971837931849,-1.0,1.0,277,0.0,Fallback Simulated Observation
NSR-GRID-172,LC08_L2SP_176039_20250905_20250912_02_T1,2025-09-05,592.8454220440229,592.8721695829128,595.7321627934059,-1.0,1.0,277,0.0,Fallback Simulated Observation
NSR-GRID-173,LC08_L2SP_176039_20250905_20250912_02_T1,2025-09-05,2871.342003656949,2871.43689847923,2873.7622748467074,-1.0,1.0,277,0.0,Fallback Simulated Observation
NSR-GRID-174,LC08_L2SP_176039_20250905_20250912_02_T1,2025-09-05,38059.73865637996,38059.61415125761,38060.62334622187,-1.0,1.0,277,0.0,Fallback Simulated Observation
NSR-GRID-175,LC08_L2SP_176039_20250905_20250912_02_T1,2025-09-05,46088.192178306264,46087.9868065267,46091.5155993117,-1.0,1.0,277,0.0,Fallback Simulated Observation
NSR-GRID-176,LC08_L2SP_176039_20250905_20250912_02_T1,2025-09-05,46381.04174872489,46381.10096011492,46384.24670888503,-1.0,1.0,277,0.0,Fallback Simulated Observation
NSR-GRID-177,LC08_L2SP_176039_20250905_20250912_02_T1,2025-09-05,43825.73231910649,43825.69951258607,43828.36348204881,-1.0,1.0,277,0.0,Fallback Simulated Observation
NSR-GRID-178,LC08_L2SP_176039_20250905_20250912_02_T1,2025-09-05,46482.40045958532,46482.46736810634,46484.19714081179,-1.0,1.0,277,0.0,Fallback Simulated Observation
NSR-GRID-179,LC08_L2SP_176039_20250905_20250912_02_T1,2025-09-05,45424.28717050905,45424.27745014203,45425.99150115683,-1.0,1.0,277,0.0,Fallback Simulated Observation
NSR-GRID-180,LC08_L2SP_176039_20250905_20250912_02_T1,2025-09-05,47475.62752351943,47475.44603513648,47478.23540483841,-1.0,1.0,277,0.0,Fallback Simulated Observation
NSR-GRID-181,LC08_L2SP_176039_20250905_20250912_02_T1,2025-09-05,44910.08160156678,44910.10655720981,44912.464799773465,-1.0,1.0,277,0.0,Fallback Simulated Observation
NSR-GRID-182,LC08_L2SP_176039_20250905_20250912_02_T1,2025-09-05,48648.699962553124,48648.70814698658,48650.58744537516,-1.0,1.0,277,0.0,Fallback Simulated Observation
NSR-GRID-183,LC08_L2SP_176039_20250905_20250912_02_T1,2025-09-05,44121.41831556219,44121.42709368217,44123.195921244835,-1.0,1.0,277,0.0,Fallback Simulated Observation
NSR-GRID-184,LC08_L2SP_176039_20250905_20250912_02_T1,2025-09-05,43641.85862786649,43641.82150212942,43643.441926788364,-1.0,1.0,277,0.0,Fallback Simulated Observation
NSR-GRID-185,LC08_L2SP_176039_20250905_20250912_02_T1,2025-09-05,34771.00255325902,34771.03282094836,34774.20777828714,-1.0,1.0,277,0.0,Fallback Simulated Observation
NSR-GRID-186,LC08_L2SP_176039_20250905_20250912_02_T1,2025-09-05,47532.88255441994,47532.85621205643,47536.06995099247,-1.0,1.0,277,0.0,Fallback Simulated Observation
NSR-GRID-187,LC08_L2SP_176039_20250905_20250912_02_T1,2025-09-05,52117.9463940036,52117.79196667149,52119.761392330445,-1.0,1.0,277,0.0,Fallback Simulated Observation
NSR-GRID-188,LC08_L2SP_176039_20250905_20250912_02_T1,2025-09-05,51679.26831651565,51679.33065074572,51682.56636222273,-1.0,1.0,277,0.0,Fallback Simulated Observation
NSR-GRID-189,LC08_L2SP_176039_20250905_20250912_02_T1,2025-09-05,48187.43430009502,48187.348928013096,48188.27558748246,-1.0,1.0,277,0.0,Fallback Simulated Observation
NSR-GRID-190,LC08_L2SP_176039_20250905_20250912_02_T1,2025-09-05,37604.33517518329,37604.181404402436,37607.28541102171,-1.0,1.0,277,0.0,Fallback Simulated Observation
NSR-GRID-191,LC08_L2SP_176039_20250905_20250912_02_T1,2025-09-05,22865.97370256675,22865.778661346583,22868.595064408582,-1.0,1.0,277,0.0,Fallback Simulated Observation
NSR-GRID-192,LC08_L2SP_176039_20250905_20250912_02_T1,2025-09-05,4017.8176913018683,4017.856968138173,4018.4446961395756,-1.0,1.0,277,0.0,Fallback Simulated Observation
NSR-GRID-193,LC08_L2SP_176039_20250905_20250912_02_T1,2025-09-05,48574.18591105789,48574.1011841302,48575.32806842657,-1.0,1.0,277,0.0,Fallback Simulated Observation
NSR-GRID-194,LC08_L2SP_176039_20250905_20250912_02_T1,2025-09-05,14129.977568060722,14129.990250529236,14130.546888619085,-1.0,1.0,277,0.0,Fallback Simulated Observation
NSR-GRID-195,LC08_L2SP_176039_20250905_20250912_02_T1,2025-09-05,43352.66513815192,43352.74451396623,43356.01987908024,-1.0,1.0,277,0.0,Fallback Simulated Observation
NSR-GRID-196,LC08_L2SP_176039_20250905_20250912_02_T1,2025-09-05,12842.14161073065,12842.12628467531,12844.450337164924,-1.0,1.0,277,0.0,Fallback Simulated Observation
NSR-GRID-197,LC08_L2SP_176039_20250905_20250912_02_T1,2025-09-05,41986.13872900704,41985.95322114069,41986.9826488378,-1.0,1.0,277,0.0,Fallback Simulated Observation
NSR-GRID-198,LC08_L2SP_176039_20250905_20250912_02_T1,2025-09-05,30868.763590432492,30868.819573277375,30869.757601220015,-1.0,1.0,277,0.0,Fallback Simulated Observation
NSR-GRID-199,LC08_L2SP_176039_20250905_20250912_02_T1,2025-09-05,51007.86519470164,51007.83980879393,51009.575763001165,-1.0,1.0,277,0.0,Fallback Simulated Observation
NSR-GRID-200,LC08_L2SP_176039_20250905_20250912_02_T1,2025-09-05,52037.73527159173,52037.70528384428,52039.3246577232,-1.0,1.0,277,0.0,Fallback Simulated Observation
NSR-GRID-201,LC08_L2SP_176039_20250905_20250912_02_T1,2025-09-05,48293.64704419912,48293.74838439222,48294.160166145964,-1.0,1.0,277,0.0,Fallback Simulated Observation
NSR-GRID-202,LC08_L2SP_176039_20250905_20250912_02_T1,2025-09-05,46582.349211107045,46582.37886837471,46583.18083520029,-1.0,1.0,277,0.0,Fallback Simulated Observation
NSR-GRID-203,LC08_L2SP_176039_20250905_20250912_02_T1,2025-09-05,40802.03991722342,40802.08754249942,40803.82648030734,-1.0,1.0,277,0.0,Fallback Simulated Observation
NSR-GRID-204,LC08_L2SP_176039_20250905_20250912_02_T1,2025-09-05,46353.71760567006,46353.6262598121,46355.476622546536,-1.0,1.0,277,0.0,Fallback Simulated Observation
NSR-GRID-205,LC08_L2SP_176039_20250905_20250912_02_T1,2025-09-05,42004.148642053,42004.13568394189,42005.999014870904,-1.0,1.0,277,0.0,Fallback Simulated Observation
NSR-GRID-206,LC08_L2SP_176039_20250905_20250912_02_T1,2025-09-05,48888.42481796149,48888.36340360836,48890.20111154426,-1.0,1.0,277,0.0,Fallback Simulated Observation
NSR-GRID-207,LC08_L2SP_176039_20250905_20250912_02_T1,2025-09-05,49638.82095685191,49638.9182278912,49640.765262889785,-1.0,1.0,277,0.0,Fallback Simulated Observation
NSR-GRID-208,LC08_L2SP_176039_20250905_20250912_02_T1,2025-09-05,52346.9443695598,52347.10321427743,52349.80796371856,-1.0,1.0,277,0.0,Fallback Simulated Observation
NSR-GRID-209,LC08_L2SP_176039_20250905_20250912_02_T1,2025-09-05,51487.38615012194,51487.50442146513,51489.522614566114,-1.0,1.0,277,0.0,Fallback Simulated Observation
NSR-GRID-210,LC08_L2SP_176039_20250905_20250912_02_T1,2025-09-05,51373.56137459462,51373.65937501823,51376.580074714046,-1.0,1.0,277,0.0,Fallback Simulated Observation
NSR-GRID-211,LC08_L2SP_176039_20250905_20250912_02_T1,2025-09-05,50805.13980295348,50805.408600577866,50806.83572695907,-1.0,1.0,277,0.0,Fallback Simulated Observation
NSR-GRID-212,LC08_L2SP_176039_20250905_20250912_02_T1,2025-09-05,31491.1628514938,31491.08937717245,31494.439484471386,-1.0,1.0,277,0.0,Fallback Simulated Observation
NSR-GRID-213,LC08_L2SP_176039_20250905_20250912_02_T1,2025-09-05,22694.095375276112,22694.12296267675,22695.37572322516,-1.0,1.0,277,0.0,Fallback Simulated Observation
NSR-GRID-214,LC08_L2SP_176039_20250905_20250912_02_T1,2025-09-05,52175.83866157914,52175.945829616525,52176.63929562629,-1.0,1.0,277,0.0,Fallback Simulated Observation
NSR-GRID-215,LC08_L2SP_176039_20250905_20250912_02_T1,2025-09-05,44542.43078852057,44542.43536080014,44544.32399723953,-1.0,1.0,277,0.0,Fallback Simulated Observation
NSR-GRID-216,LC08_L2SP_176039_20250905_20250912_02_T1,2025-09-05,42125.418605021594,42125.41785694192,42128.588502627834,-1.0,1.0,277,0.0,Fallback Simulated Observation
NSR-GRID-217,LC08_L2SP_176039_20250905_20250912_02_T1,2025-09-05,50690.6140930834,50690.63861430075,50692.44584317754,-1.0,1.0,277,0.0,Fallback Simulated Observation
NSR-GRID-218,LC08_L2SP_176039_20250905_20250912_02_T1,2025-09-05,47741.2667208631,47741.356400596305,47741.81983419832,-1.0,1.0,277,0.0,Fallback Simulated Observation
NSR-GRID-219,LC08_L2SP_176039_20250905_20250912_02_T1,2025-09-05,44421.2217410304,44421.22865601201,44422.92026045618,-1.0,1.0,277,0.0,Fallback Simulated Observation
NSR-GRID-220,LC08_L2SP_176039_20250905_20250912_02_T1,2025-09-05,42647.115336831586,42647.10384173844,42649.49675201377,-1.0,1.0,277,0.0,Fallback Simulated Observation
NSR-GRID-221,LC08_L2SP_176039_20250905_20250912_02_T1,2025-09-05,55663.42557077692,55663.492406173704,55666.49833380421,-1.0,1.0,277,0.0,Fallback Simulated Observation
NSR-GRID-222,LC08_L2SP_176039_20250905_20250912_02_T1,2025-09-05,38261.36184632738,38261.43432926473,38262.80527623498,-1.0,1.0,277,0.0,Fallback Simulated Observation
NSR-GRID-223,LC08_L2SP_176039_20250905_20250912_02_T1,2025-09-05,52122.74293894291,52122.5339839736,52124.97322148522,-1.0,1.0,277,0.0,Fallback Simulated Observation
NSR-GRID-224,LC08_L2SP_176039_20250905_20250912_02_T1,2025-09-05,52337.11025988576,52336.941886629,52339.89359165122,-1.0,1.0,277,0.0,Fallback Simulated Observation
NSR-GRID-225,LC08_L2SP_176039_20250905_20250912_02_T1,2025-09-05,43258.71547346836,43258.549052541086,43261.5763438998,-1.0,1.0,277,0.0,Fallback Simulated Observation
NSR-GRID-226,LC08_L2SP_176039_20250905_20250912_02_T1,2025-09-05,39482.30395849978,39482.24620507338,39483.61615969705,-1.0,1.0,277,0.0,Fallback Simulated Observation
NSR-GRID-227,LC08_L2SP_176039_20250905_20250912_02_T1,2025-09-05,52903.87759189874,52903.674436767666,52906.89919953859,-1.0,1.0,277,0.0,Fallback Simulated Observation
NSR-GRID-228,LC08_L2SP_176039_20250905_20250912_02_T1,2025-09-05,54495.3951499655,54495.34516286205,54498.459610124475,-1.0,1.0,277,0.0,Fallback Simulated Observation
NSR-GRID-229,LC08_L2SP_176039_20250905_20250912_02_T1,2025-09-05,53579.10958495563,53579.25510921971,53580.03276435411,-1.0,1.0,277,0.0,Fallback Simulated Observation
NSR-GRID-230,LC08_L2SP_176039_20250905_20250912_02_T1,2025-09-05,48707.82066761426,48707.86272128485,48708.65240517547,-1.0,1.0,277,0.0,Fallback Simulated Observation
NSR-GRID-231,LC08_L2SP_176039_20250905_20250912_02_T1,2025-09-05,13077.99957489694,13077.903198837103,13081.053890985933,-1.0,1.0,277,0.0,Fallback Simulated Observation
NSR-GRID-232,LC08_L2SP_176039_20250905_20250912_02_T1,2025-09-05,46022.994954841575,46023.06787853651,46025.993230846936,-1.0,1.0,277,0.0,Fallback Simulated Observation
NSR-GRID-233,LC08_L2SP_176039_20250905_20250912_02_T1,2025-09-05,49521.786894127945,49521.68057200387,49523.55859338394,-1.0,1.0,277,0.0,Fallback Simulated Observation
NSR-GRID-234,LC08_L2SP_176039_20250905_20250912_02_T1,2025-09-05,49899.29606677149,49899.30250752373,49900.33693716333,-1.0,1.0,277,0.0,Fallback Simulated Observation
NSR-GRID-235,LC08_L2SP_176039_20250905_20250912_02_T1,2025-09-05,47711.32639458596,47711.486955724286,47713.520832929215,-1.0,1.0,277,0.0,Fallback Simulated Observation
NSR-GRID-236,LC08_L2SP_176039_20250905_20250912_02_T1,2025-09-05,35320.21333859054,35320.16019745042,35323.32264429458,-1.0,1.0,277,0.0,Fallback Simulated Observation
NSR-GRID-237,LC08_L2SP_176039_20250905_20250912_02_T1,2025-09-05,6326.292232388367,6326.291158133702,6329.055360254942,-1.0,1.0,277,0.0,Fallback Simulated Observation
NSR-GRID-238,LC08_L2SP_176039_20250905_20250912_02_T1,2025-09-05,23666.01138932767,23665.963392513055,23668.855860057443,-1.0,1.0,277,0.0,Fallback Simulated Observation
NSR-GRID-239,LC08_L2SP_176039_20250905_20250912_02_T1,2025-09-05,32301.771555954318,32301.8282806392,32304.704621022196,-1.0,1.0,277,0.0,Fallback Simulated Observation
NSR-GRID-240,LC08_L2SP_176039_20250905_20250912_02_T1,2025-09-05,28303.062816797585,28303.120193508574,28305.481478276717,-1.0,1.0,277,0.0,Fallback Simulated Observation
NSR-GRID-241,LC08_L2SP_176039_20250905_20250912_02_T1,2025-09-05,42201.64122764583,42201.8406621408,42204.840506491935,-1.0,1.0,277,0.0,Fallback Simulated Observation
NSR-GRID-242,LC08_L2SP_176039_20250905_20250912_02_T1,2025-09-05,51454.00066675342,51454.03488931136,51456.04560618536,-1.0,1.0,277,0.0,Fallback Simulated Observation
NSR-GRID-243,LC08_L2SP_176039_20250905_20250912_02_T1,2025-09-05,35545.45250978398,35545.60926500599,35548.46192935898,-1.0,1.0,277,0.0,Fallback Simulated Observation
NSR-GRID-244,LC08_L2SP_176039_20250905_20250912_02_T1,2025-09-05,3743.5956626497027,3743.5498489507186,3744.1958422643,-1.0,1.0,277,0.0,Fallback Simulated Observation
NSR-GRID-245,LC08_L2SP_176039_20250905_20250912_02_T1,2025-09-05,22817.463978282343,22817.3986752248,22820.873440638068,-1.0,1.0,277,0.0,Fallback Simulated Observation
NSR-GRID-246,LC08_L2SP_176039_20250905_20250912_02_T1,2025-09-05,41138.47973995062,41138.51890975222,41139.17531835718,-1.0,1.0,277,0.0,Fallback Simulated Observation
NSR-GRID-247,LC08_L2SP_176039_20250905_20250912_02_T1,2025-09-05,34962.19008900064,34962.17632621241,34965.42234443885,-1.0,1.0,277,0.0,Fallback Simulated Observation
NSR-GRID-248,LC08_L2SP_176039_20250905_20250912_02_T1,2025-09-05,38481.620036881235,38481.467061985735,38483.9611734268,-1.0,1.0,277,0.0,Fallback Simulated Observation
NSR-GRID-249,LC08_L2SP_176039_20250905_20250912_02_T1,2025-09-05,44619.687202864065,44619.68371766902,44622.650573742416,-1.0,1.0,277,0.0,Fallback Simulated Observation
NSR-GRID-250,LC08_L2SP_176039_20250905_20250912_02_T1,2025-09-05,9135.404077314091,9135.375801381328,9136.961370390749,-1.0,1.0,277,0.0,Fallback Simulated Observation
NSR-GRID-251,LC08_L2SP_176039_20250905_20250912_02_T1,2025-09-05,47800.49495450174,47800.60623175352,47802.73620899908,-1.0,1.0,277,0.0,Fallback Simulated Observation
NSR-GRID-252,LC08_L2SP_176039_20250905_20250912_02_T1,2025-09-05,51150.39234683054,51150.29991999028,51153.46741499601,-1.0,1.0,277,0.0,Fallback Simulated Observation
NSR-GRID-253,LC08_L2SP_176039_20250905_20250912_02_T1,2025-09-05,48254.044850451,48253.85628465617,48257.04402127479,-1.0,1.0,277,0.0,Fallback Simulated Observation
NSR-GRID-254,LC08_L2SP_176039_20250905_20250912_02_T1,2025-09-05,45162.403337996555,45162.38447851364,45163.01401786329,-1.0,1.0,277,0.0,Fallback Simulated Observation
NSR-GRID-255,LC08_L2SP_176039_20250905_20250912_02_T1,2025-09-05,32060.35312476343,32060.581315055082,32061.50793321199,-1.0,1.0,277,0.0,Fallback Simulated Observation
NSR-GRID-256,LC08_L2SP_176039_20250905_20250912_02_T1,2025-09-05,19012.591108887937,19012.593063472417,19015.933916392758,-1.0,1.0,277,0.0,Fallback Simulated Observation
NSR-GRID-257,LC08_L2SP_176039_20250905_20250912_02_T1,2025-09-05,17304.721137206965,17304.84088134462,17307.18160400314,-1.0,1.0,277,0.0,Fallback Simulated Observation
NSR-GRID-258,LC08_L2SP_176039_20250905_20250912_02_T1,2025-09-05,18797.10012243938,18796.978856726117,18798.99292170024,-1.0,1.0,277,0.0,Fallback Simulated Observation
NSR-GRID-259,LC08_L2SP_176039_20250905_20250912_02_T1,2025-09-05,38934.54120110878,38934.4998888202,38936.94932217418,-1.0,1.0,277,0.0,Fallback Simulated Observation
NSR-GRID-260,LC08_L2SP_176039_20250905_20250912_02_T1,2025-09-05,44878.80764678696,44878.975366837956,44879.926085267805,-1.0,1.0,277,0.0,Fallback Simulated Observation
NSR-GRID-261,LC08_L2SP_176039_20250905_20250912_02_T1,2025-09-05,24275.493754339892,24275.578003213617,24276.927971275025,-1.0,1.0,277,0.0,Fallback Simulated Observation
NSR-GRID-262,LC08_L2SP_176039_20250905_20250912_02_T1,2025-09-05,2955.0484748489603,2955.197845824861,2956.126064595275,-1.0,1.0,277,0.0,Fallback Simulated Observation
NSR-GRID-263,LC08_L2SP_176039_20250905_20250912_02_T1,2025-09-05,8836.238821789244,8836.180521604407,8837.3653328506,-1.0,1.0,277,0.0,Fallback Simulated Observation
NSR-GRID-264,LC08_L2SP_176039_20250905_20250912_02_T1,2025-09-05,17414.442562068336,17414.399163022113,17416.812857448665,-1.0,1.0,277,0.0,Fallback Simulated Observation
NSR-GRID-265,LC08_L2SP_176039_20250905_20250912_02_T1,2025-09-05,45057.88976939316,45057.771647148395,45059.70376263685,-1.0,1.0,277,0.0,Fallback Simulated Observation
NSR-GRID-266,LC08_L2SP_176039_20250905_20250912_02_T1,2025-09-05,39801.94846727028,39801.91776243619,39804.04848161496,-1.0,1.0,277,0.0,Fallback Simulated Observation
NSR-GRID-267,LC08_L2SP_176039_20250905_20250912_02_T1,2025-09-05,53550.549581819156,53550.41558004636,53552.57326444775,-1.0,1.0,277,0.0,Fallback Simulated Observation
NSR-GRID-268,LC08_L2SP_176039_20250905_20250912_02_T1,2025-09-05,23113.944354843723,23114.03352490183,23116.52717908303,-1.0,1.0,277,0.0,Fallback Simulated Observation
NSR-GRID-269,LC08_L2SP_176039_20250905_20250912_02_T1,2025-09-05,57404.775738792094,57404.61985851515,57407.17789031701,-1.0,1.0,277,0.0,Fallback Simulated Observation
NSR-GRID-270,LC08_L2SP_176039_20250905_20250912_02_T1,2025-09-05,25816.205392729178,25816.099089101892,25819.27926509537,-1.0,1.0,277,0.0,Fallback Simulated Observation
NSR-GRID-271,LC08_L2SP_176039_20250905_20250912_02_T1,2025-09-05,48798.172007128065,48798.22147759487,48800.85632060517,-1.0,1.0,277,0.0,Fallback Simulated Observation
NSR-GRID-272,LC08_L2SP_176039_20250905_20250912_02_T1,2025-09-05,52630.34320138135,52630.44644032116,52632.132770488686,-1.0,1.0,277,0.0,Fallback Simulated Observation
NSR-GRID-273,LC08_L2SP_176039_20250905_20250912_02_T1,2025-09-05,40486.53438117079,40486.4006569292,40489.65047037532,-1.0,1.0,277,0.0,Fallback Simulated Observation
NSR-GRID-274,LC08_L2SP_176039_20250905_20250912_02_T1,2025-09-05,44827.79861936236,44827.69889286656,44828.83002572674,-1.0,1.0,277,0.0,Fallback Simulated Observation
NSR-GRID-275,LC08_L2SP_176039_20250905_20250912_02_T1,2025-09-05,33357.60235705227,33357.54438129643,33358.257593491275,-1.0,1.0,277,0.0,Fallback Simulated Observation
NSR-GRID-276,LC08_L2SP_176039_20250905_20250912_02_T1,2025-09-05,18952.83103943177,18952.669564445543,18955.04015332788,-1.0,1.0,277,0.0,Fallback Simulated Observation
NSR-GRID-277,LC08_L2SP_176039_20250905_20250912_02_T1,2025-09-05,4014.6828852820067,4014.6601131816988,4017.153053401377,-1.0,1.0,277,0.0,Fallback Simulated Observation
NSR-GRID-278,LC08_L2SP_176039_20250905_20250912_02_T1,2025-09-05,21671.06233098849,21671.14950124705,21672.581474619998,-1.0,1.0,277,0.0,Fallback Simulated Observation
NSR-GRID-279,LC08_L2SP_176039_20250905_20250912_02_T1,2025-09-05,22279.684748318396,22279.752674406485,22282.943340205133,-1.0,1.0,277,0.0,Fallback Simulated Observation
NSR-GRID-280,LC08_L2SP_176039_20250905_20250912_02_T1,2025-09-05,6389.938990006411,6389.9834868379485,6390.71897436722,-1.0,1.0,277,0.0,Fallback Simulated Observation
NSR-GRID-281,LC08_L2SP_176039_20250905_20250912_02_T1,2025-09-05,157.9826924720291,158.07930960262388,161.40327212754084,-1.0,1.0,277,0.0,Fallback Simulated Observation
NSR-GRID-282,LC08_L2SP_176039_20250905_20250912_02_T1,2025-09-05,6302.8555506448765,6302.903544618991,6305.045962066315,-1.0,1.0,277,0.0,Fallback Simulated Observation
NSR-GRID-283,LC08_L2SP_176039_20250905_20250912_02_T1,2025-09-05,16641.143145595852,16641.085466599507,16643.917533215343,-1.0,1.0,277,0.0,Fallback Simulated Observation
NSR-GRID-284,LC08_L2SP_176039_20250905_20250912_02_T1,2025-09-05,14310.766967145471,14310.908344110301,14314.227708288126,-1.0,1.0,277,0.0,Fallback Simulated Observation
NSR-GRID-285,LC08_L2SP_176039_20250905_20250912_02_T1,2025-09-05,46923.4087566456,46923.45163671738,46926.71907849417,-1.0,1.0,277,0.0,Fallback Simulated Observation
NSR-GRID-286,LC08_L2SP_176039_20250905_20250912_02_T1,2025-09-05,7474.524133478258,7474.561059856022,7476.495962543193,-1.0,1.0,277,0.0,Fallback Simulated Observation
NSR-GRID-287,LC08_L2SP_176039_20250905_20250912_02_T1,2025-09-05,59693.85283866388,59693.808303884376,59695.24646765845,-1.0,1.0,277,0.0,Fallback Simulated Observation
NSR-GRID-288,LC08_L2SP_176039_20250905_20250912_02_T1,2025-09-05,52756.076006432435,52756.0917210108,52756.94782401523,-1.0,1.0,277,0.0,Fallback Simulated Observation
NSR-GRID-289,LC08_L2SP_176039_20250905_20250912_02_T1,2025-09-05,40919.19680555764,40919.17900758276,40922.38396308189,-1.0,1.0,277,0.0,Fallback Simulated Observation
NSR-GRID-290,LC08_L2SP_176039_20250905_20250912_02_T1,2025-09-05,32411.339247239142,32411.513896302302,32413.94444036141,-1.0,1.0,277,0.0,Fallback Simulated Observation
NSR-GRID-291,LC08_L2SP_176039_20250905_20250912_02_T1,2025-09-05,13338.791617376743,13338.70829793649,13339.32470162955,-1.0,1.0,277,0.0,Fallback Simulated Observation
NSR-GRID-292,LC08_L2SP_176039_20250905_20250912_02_T1,2025-09-05,14624.002744000889,14623.955231473044,14626.971828927277,-1.0,1.0,277,0.0,Fallback Simulated Observation
NSR-GRID-293,LC08_L2SP_176039_20250905_20250912_02_T1,2025-09-05,37036.19957769786,37036.15946637073,37037.41572174966,-1.0,1.0,277,0.0,Fallback Simulated Observation
NSR-GRID-294,LC08_L2SP_176039_20250905_20250912_02_T1,2025-09-05,27071.371886382978,27071.329229257695,27074.24855342471,-1.0,1.0,277,0.0,Fallback Simulated Observation
NSR-GRID-295,LC08_L2SP_176039_20250905_20250912_02_T1,2025-09-05,249.07555200689512,249.07213387401208,249.96236392315458,-1.0,1.0,277,0.0,Fallback Simulated Observation
NSR-GRID-296,LC08_L2SP_176039_20250905_20250912_02_T1,2025-09-05,101.51263177864669,101.42335444791908,103.66009885101741,-0.49573010639923876,1.0,277,0.0,Fallback Simulated Observation
NSR-GRID-297,LC08_L2SP_176039_20250905_20250912_02_T1,2025-09-05,258.3913121221224,258.48010321074753,261.75335953447996,-1.0,1.0,277,0.0,Fallback Simulated Observation
NSR-GRID-298,LC08_L2SP_176039_20250905_20250912_02_T1,2025-09-05,569.8551803278855,569.7939380387954,571.9995405228309,-1.0,1.0,277,0.0,Fallback Simulated Observation
NSR-GRID-299,LC08_L2SP_176039_20250905_20250912_02_T1,2025-09-05,468.3545166891895,468.31024994312514,471.1099135227456,-1.0,1.0,277,0.0,Fallback Simulated Observation
NSR-GRID-300,LC08_L2SP_176039_20250905_20250912_02_T1,2025-09-05,33813.52938395685,33813.38739624042,33814.503781894,-1.0,1.0,277,0.0,Fallback Simulated Observation
NSR-GRID-301,LC08_L2SP_176039_20250905_20250912_02_T1,2025-09-05,44693.23786681975,44693.32211813057,44694.56298759657,-1.0,1.0,277,0.0,Fallback Simulated Observation
NSR-GRID-302,LC08_L2SP_176039_20250905_20250912_02_T1,2025-09-05,17442.52978592666,17442.355843402238,17443.85684361737,-1.0,1.0,277,0.0,Fallback Simulated Observation
NSR-GRID-303,LC08_L2SP_176039_20250905_20250912_02_T1,2025-09-05,3156.7948339002232,3156.778189299276,3158.24566976613,-1.0,1.0,277,0.0,Fallback Simulated Observation
NSR-GRID-304,LC08_L2SP_176039_20250905_20250912_02_T1,2025-09-05,27977.461664456576,27977.3884345016,27979.54772201761,-1.0,1.0,277,0.0,Fallback Simulated Observation
NSR-GRID-305,LC08_L2SP_176039_20250905_20250912_02_T1,2025-09-05,44105.95465397893,44106.06174527327,44109.392398815035,-1.0,1.0,277,0.0,Fallback Simulated Observation
NSR-GRID-306,LC08_L2SP_176039_20250905_20250912_02_T1,2025-09-05,47897.280992853906,47897.156036362714,47897.99903980068,-1.0,1.0,277,0.0,Fallback Simulated Observation
NSR-GRID-307,LC08_L2SP_176039_20250905_20250912_02_T1,2025-09-05,25804.023769374275,25803.954511256536,25806.254535790074,-1.0,1.0,277,0.0,Fallback Simulated Observation
NSR-GRID-308,LC08_L2SP_176039_20250905_20250912_02_T1,2025-09-05,10698.519388703025,10698.6770059558,10700.363062737559,-1.0,1.0,277,0.0,Fallback Simulated Observation
NSR-GRID-309,LC08_L2SP_176039_20250905_20250912_02_T1,2025-09-05,2141.398538491908,2141.3233996416398,2143.5302195813856,-1.0,1.0,277,0.0,Fallback Simulated Observation
NSR-GRID-310,LC08_L2SP_176039_20250905_20250912_02_T1,2025-09-05,2089.028996836533,2088.985472016833,2091.2006539713234,-1.0,1.0,277,0.0,Fallback Simulated Observation
NSR-GRID-311,LC08_L2SP_176039_20250905_20250912_02_T1,2025-09-05,2819.138751401143,2819.0973449578632,2820.9986506170826,-1.0,1.0,277,0.0,Fallback Simulated Observation
NSR-GRID-312,LC08_L2SP_176039_20250905_20250912_02_T1,2025-09-05,5688.205924752649,5688.201420340847,5691.13130562108,-1.0,1.0,277,0.0,Fallback Simulated Observation
NSR-GRID-313,LC08_L2SP_176039_20250905_20250912_02_T1,2025-09-05,4468.582908057949,4468.449757227993,4471.353892336418,-1.0,1.0,277,0.0,Fallback Simulated Observation
NSR-GRID-314,LC08_L2SP_176039_20250905_20250912_02_T1,2025-09-05,82.342486714853,82.4747570368519,83.21412841073968,-0.2998307357675793,1.0,277,0.0,Fallback Simulated Observation
NSR-GRID-315,LC08_L2SP_176039_20250905_20250912_02_T1,2025-09-05,44.88042886868167,45.016957482270804,47.32084584972896,0.07757957937980872,-0.09818486221398152,277,0.0,Fallback Simulated Observation
NSR-GRID-316,LC08_L2SP_176039_20250905_20250912_02_T1,2025-09-05,44.56695993160754,44.64987483511349,46.45830172369031,0.05781462827065666,-0.1280535768359029,277,0.0,Fallback Simulated Observation
NSR-GRID-317,LC08_L2SP_176039_20250905_20250912_02_T1,2025-09-05,19962.4013429754,19962.451924001965,19965.527330223314,-1.0,1.0,277,0.0,Fallback Simulated Observation
NSR-GRID-318,LC08_L2SP_176039_20250905_20250912_02_T1,2025-09-05,5816.757084418426,5816.876137382797,5817.41224706609,-1.0,1.0,277,0.0,Fallback Simulated Observation
NSR-GRID-319,LC08_L2SP_176039_20250905_20250912_02_T1,2025-09-05,3150.9948014913566,3151.112704566616,3153.14255530549,-1.0,1.0,277,0.0,Fallback Simulated Observation
NSR-GRID-320,LC08_L2SP_176039_20250905_20250912_02_T1,2025-09-05,40880.50939159955,40880.553567664516,40881.541019739016,-1.0,1.0,277,0.0,Fallback Simulated Observation
NSR-GRID-321,LC08_L2SP_176039_20250905_20250912_02_T1,2025-09-05,42512.06722596441,42512.239593254584,42513.35315265725,-1.0,1.0,277,0.0,Fallback Simulated Observation
NSR-GRID-322,LC08_L2SP_176039_20250905_20250912_02_T1,2025-09-05,15800.665540137112,15800.767393879876,15802.445198699837,-1.0,1.0,277,0.0,Fallback Simulated Observation
NSR-GRID-323,LC08_L2SP_176039_20250905_20250912_02_T1,2025-09-05,13178.838549831315,13178.93034415047,13181.798727928553,-1.0,1.0,277,0.0,Fallback Simulated Observation
NSR-GRID-324,LC08_L2SP_176039_20250905_20250912_02_T1,2025-09-05,14854.20290458392,14854.277506979219,14855.749889389826,-1.0,1.0,277,0.0,Fallback Simulated Observation
NSR-GRID-325,LC08_L2SP_176039_20250905_20250912_02_T1,2025-09-05,6254.296228745943,6254.329929726033,6257.763452142364,-1.0,1.0,277,0.0,Fallback Simulated Observation
NSR-GRID-326,LC08_L2SP_176039_20250905_20250912_02_T1,2025-09-05,1238.6298803987083,1238.7032754465447,1239.9524019712428,-1.0,1.0,277,0.0,Fallback Simulated Observation
NSR-GRID-327,LC08_L2SP_176039_20250905_20250912_02_T1,2025-09-05,4899.481325694826,4899.504422427696,4902.538035269754,-1.0,1.0,277,0.0,Fallback Simulated Observation
NSR-GRID-328,LC08_L2SP_176039_20250905_20250912_02_T1,2025-09-05,5838.377810038771,5838.429492565353,5840.2991601256945,-1.0,1.0,277,0.0,Fallback Simulated Observation
NSR-GRID-329,LC08_L2SP_176039_20250905_20250912_02_T1,2025-09-05,47.99561019957216,47.839164800909764,49.957931620851525,0.0530159619544024,-0.013798768680468924,277,0.0,Fallback Simulated Observation
NSR-GRID-330,LC08_L2SP_176039_20250905_20250912_02_T1,2025-09-05,44.62451166940447,44.69983066437772,45.16549131971035,0.06971181814566368,-0.11671283969162219,277,0.0,Fallback Simulated Observation
NSR-GRID-331,LC08_L2SP_176039_20250905_20250912_02_T1,2025-09-05,44.39846018266296,44.29381865904359,46.78300799619402,0.04934803530804476,-0.11192081431312985,277,0.0,Fallback Simulated Observation
NSR-GRID-332,LC08_L2SP_176039_20250905_20250912_02_T1,2025-09-05,15349.207929584236,15349.050495412463,15352.290494668367,-1.0,1.0,277,0.0,Fallback Simulated Observation
NSR-GRID-333,LC08_L2SP_176039_20250905_20250912_02_T1,2025-09-05,582.9106208996892,582.7711792431633,586.0488728304824,-1.0,1.0,277,0.0,Fallback Simulated Observation
NSR-GRID-334,LC08_L2SP_176039_20250905_20250912_02_T1,2025-09-05,15313.12717181149,15313.082027272458,15315.08150599176,-1.0,1.0,277,0.0,Fallback Simulated Observation
NSR-GRID-335,LC08_L2SP_176039_20250905_20250912_02_T1,2025-09-05,13759.882883305174,13759.979971996376,13761.623133030696,-1.0,1.0,277,0.0,Fallback Simulated Observation
NSR-GRID-336,LC08_L2SP_176039_20250905_20250912_02_T1,2025-09-05,37569.2115317686,37569.36399562824,37571.24231970726,-1.0,1.0,277,0.0,Fallback Simulated Observation
NSR-GRID-337,LC08_L2SP_176039_20250905_20250912_02_T1,2025-09-05,14311.315838087343,14311.39540953213,14313.164877639998,-1.0,1.0,277,0.0,Fallback Simulated Observation
NSR-GRID-338,LC08_L2SP_176039_20250905_20250912_02_T1,2025-09-05,6863.492938487681,6863.375755357634,6864.939406107128,-1.0,1.0,277,0.0,Fallback Simulated Observation
NSR-GRID-339,LC08_L2SP_176039_20250905_20250912_02_T1,2025-09-05,10738.310611648189,10738.410838751755,10739.50839555908,-1.0,1.0,277,0.0,Fallback Simulated Observation
NSR-GRID-340,LC08_L2SP_176039_20250905_20250912_02_T1,2025-09-05,6747.433462506098,6747.637475894698,6749.406885413502,-1.0,1.0,277,0.0,Fallback Simulated Observation
NSR-GRID-341,LC08_L2SP_176039_20250905_20250912_02_T1,2025-09-05,25110.242476597934,25110.22030709426,25110.962558876483,-1.0,1.0,277,0.0,Fallback Simulated Observation
NSR-GRID-342,LC08_L2SP_176039_20250905_20250912_02_T1,2025-09-05,12346.17516848656,12346.324856513944,12347.681598318242,-1.0,1.0,277,0.0,Fallback Simulated Observation
NSR-GRID-343,LC08_L2SP_176039_20250905_20250912_02_T1,2025-09-05,5494.141108802665,5493.994885905413,5497.572672020063,-1.0,1.0,277,0.0,Fallback Simulated Observation
NSR-GRID-344,LC08_L2SP_176039_20250905_20250912_02_T1,2025-09-05,5214.188617962855,5214.185736302696,5217.004047291664,-1.0,1.0,277,0.0,Fallback Simulated Observation
NSR-GRID-345,LC08_L2SP_176039_20250905_20250912_02_T1,2025-09-05,1028.0472162595358,1028.0252109087987,1031.4574461162658,-1.0,1.0,277,0.0,Fallback Simulated Observation
NSR-GRID-346,LC08_L2SP_176039_20250905_20250912_02_T1,2025-09-05,60.06957538708445,60.22141759014966,62.9620423202235,-0.11389077856199414,0.5082745404629571,277,0.0,Fallback Simulated Observation
NSR-GRID-347,LC08_L2SP_176039_20250905_20250912_02_T1,2025-09-05,5489.202129296709,5489.4482987984275,5492.172488457987,-1.0,1.0,277,0.0,Fallback Simulated Observation
NSR-GRID-348,LC08_L2SP_176039_20250905_20250912_02_T1,2025-09-05,9328.139184364178,9328.161887250217,9330.969678472522,-1.0,1.0,277,0.0,Fallback Simulated Observation
NSR-GRID-349,LC08_L2SP_176039_20250905_20250912_02_T1,2025-09-05,15352.376565886778,15352.217648758327,15353.234316389822,-1.0,1.0,277,0.0,Fallback Simulated Observation
NSR-GRID-350,LC08_L2SP_176039_20250905_20250912_02_T1,2025-09-05,15851.424972279694,15851.264854159814,15854.147400373893,-1.0,1.0,277,0.0,Fallback Simulated Observation
NSR-GRID-351,LC08_L2SP_176039_20250905_20250912_02_T1,2025-09-05,6007.028671296442,6006.785144739242,6010.498273748555,-1.0,1.0,277,0.0,Fallback Simulated Observation
NSR-GRID-352,LC08_L2SP_176039_20250905_20250912_02_T1,2025-09-05,17146.382418936755,17146.304858300613,17149.17445681375,-1.0,1.0,277,0.0,Fallback Simulated Observation
NSR-GRID-353,LC08_L2SP_176039_20250905_20250912_02_T1,2025-09-05,25373.124034148514,25373.102160347218,25374.85504693152,-1.0,1.0,277,0.0,Fallback Simulated Observation
NSR-GRID-354,LC08_L2SP_176039_20250905_20250912_02_T1,2025-09-05,16857.94011771744,16857.909937868102,16859.9133215664,-1.0,1.0,277,0.0,Fallback Simulated Observation
NSR-GRID-355,LC08_L2SP_176039_20250905_20250912_02_T1,2025-09-05,1997.5454049900661,1997.5305702721853,1999.8139211425923,-1.0,1.0,277,0.0,Fallback Simulated Observation
NSR-GRID-356,LC08_L2SP_176039_20250905_20250912_02_T1,2025-09-05,4587.925510377709,4587.970180738789,4589.940860533121,-1.0,1.0,277,0.0,Fallback Simulated Observation
NSR-GRID-357,LC08_L2SP_176039_20250905_20250912_02_T1,2025-09-05,5752.464915922252,5752.599417787879,5753.906554042703,-1.0,1.0,277,0.0,Fallback Simulated Observation
NSR-GRID-358,LC08_L2SP_176039_20250905_20250912_02_T1,2025-09-05,25695.068808718042,25695.035706284623,25695.59372324141,-1.0,1.0,277,0.0,Fallback Simulated Observation
NSR-GRID-359,LC08_L2SP_176039_20250905_20250912_02_T1,2025-09-05,38940.28349479787,38940.32207507538,38943.15371717876,-1.0,1.0,277,0.0,Fallback Simulated Observation
NSR-GRID-360,LC08_L2SP_176039_20250905_20250912_02_T1,2025-09-05,3652.7310954838094,3652.733493485711,3655.8782850881084,-1.0,1.0,277,0.0,Fallback Simulated Observation
NSR-GRID-361,LC08_L2SP_176039_20250905_20250912_02_T1,2025-09-05,2659.534674220418,2659.5349208033667,2660.4851351529696,-1.0,1.0,277,0.0,Fallback Simulated Observation
NSR-GRID-362,LC08_L2SP_176039_20250905_20250912_02_T1,2025-09-05,5253.488797572597,5253.364282515001,5255.389795831196,-1.0,1.0,277,0.0,Fallback Simulated Observation
NSR-GRID-363,LC08_L2SP_176039_20250905_20250912_02_T1,2025-09-05,20615.532625634514,20615.42347272361,20618.597402604046,-1.0,1.0,277,0.0,Fallback Simulated Observation
NSR-GRID-364,LC08_L2SP_176039_20250905_20250912_02_T1,2025-09-05,35979.310253162825,35979.32904734047,35982.24372194759,-1.0,1.0,277,0.0,Fallback Simulated Observation
NSR-GRID-365,LC08_L2SP_176039_20250905_20250912_02_T1,2025-09-05,15819.95663744046,15819.93659397779,15821.468626033771,-1.0,1.0,277,0.0,Fallback Simulated Observation
NSR-GRID-366,LC08_L2SP_176039_20250905_20250912_02_T1,2025-09-05,756.0852211480818,756.1188794526278,759.0769711234252,-1.0,1.0,277,0.0,Fallback Simulated Observation
NSR-GRID-367,LC08_L2SP_176039_20250905_20250912_02_T1,2025-09-05,9527.785301655074,9527.65461153218,9529.139702777824,-1.0,1.0,277,0.0,Fallback Simulated Observation
NSR-GRID-368,LC08_L2SP_176039_20250905_20250912_02_T1,2025-09-05,4111.992947901747,4111.962774596352,4114.074845301134,-1.0,1.0,277,0.0,Fallback Simulated Observation
NSR-GRID-369,LC08_L2SP_176039_20250905_20250912_02_T1,2025-09-05,224.84616434086732,225.12243279414048,226.81484705955015,-1.0,1.0,277,0.0,Fallback Simulated Observation
NSR-GRID-370,LC08_L2SP_176039_20250905_20250912_02_T1,2025-09-05,470.0444886975079,470.20322875774946,473.4200375225157,-1.0,1.0,277,0.0,Fallback Simulated Observation
NSR-GRID-371,LC08_L2SP_176039_20250905_20250912_02_T1,2025-09-05,602.7589284188671,602.8055302418684,605.8727471417193,-1.0,1.0,277,0.0,Fallback Simulated Observation
NSR-GRID-372,LC08_L2SP_176039_20250905_20250912_02_T1,2025-09-05,7854.957219135973,7854.989543854726,7857.063796784059,-1.0,1.0,277,0.0,Fallback Simulated Observation
NSR-GRID-373,LC08_L2SP_176039_20250905_20250912_02_T1,2025-09-05,10383.182008548054,10383.26015528948,10384.488399836555,-1.0,1.0,277,0.0,Fallback Simulated Observation
NSR-GRID-374,LC08_L2SP_176039_20250905_20250912_02_T1,2025-09-05,1606.72071003869,1606.625096468394,1609.5636332408442,-1.0,1.0,277,0.0,Fallback Simulated Observation
NSR-GRID-375,LC08_L2SP_176039_20250905_20250912_02_T1,2025-09-05,47.216952121181365,47.195427335371825,49.11485236573977,0.06551229492556603,0.019461647520727057,277,0.0,Fallback Simulated Observation
NSR-GRID-376,LC08_L2SP_176039_20250905_20250912_02_T1,2025-09-05,15096.197028911009,15096.095470773043,15097.499063047486,-1.0,1.0,277,0.0,Fallback Simulated Observation
NSR-GRID-377,LC08_L2SP_176039_20250905_20250912_02_T1,2025-09-05,15145.215314771593,15145.276554787672,15146.710385526612,-1.0,1.0,277,0.0,Fallback Simulated Observation
NSR-GRID-378,LC08_L2SP_176039_20250905_20250912_02_T1,2025-09-05,50.55127297657479,50.66334154721705,53.791009835039745,0.010368352463546615,0.09822667107601786,277,0.0,Fallback Simulated Observation
NSR-GRID-379,LC08_L2SP_176039_20250905_20250912_02_T1,2025-09-05,9445.776373256724,9445.75435504532,9449.27129404787,-1.0,1.0,277,0.0,Fallback Simulated Observation
NSR-GRID-380,LC08_L2SP_176039_20250905_20250912_02_T1,2025-09-05,87.65560391567286,87.69509206467312,88.20184941390248,-0.3699774849864689,1.0,277,0.0,Fallback Simulated Observation
NSR-GRID-381,LC08_L2SP_176039_20250905_20250912_02_T1,2025-09-05,44.71829763691093,44.66426047488443,46.62403705003635,0.04623931349604644,-0.13802243791915703,277,0.0,Fallback Simulated Observation
NSR-GRID-382,LC08_L2SP_176039_20250905_20250912_02_T1,2025-09-05,44.912556730198816,44.847242991205825,48.38288608140357,0.06499696666786739,-0.08840756179129886,277,0.0,Fallback Simulated Observation
NSR-GRID-383,LC08_L2SP_176039_20250905_20250912_02_T1,2025-09-05,4443.311293137894,4443.24123050087,4444.221378361361,-1.0,1.0,277,0.0,Fallback Simulated Observation
NSR-GRID-384,LC08_L2SP_176039_20250905_20250912_02_T1,2025-09-05,591.3217451831836,591.4386032196109,592.6987451170337,-1.0,1.0,277,0.0,Fallback Simulated Observation
NSR-GRID-385,LC08_L2SP_176039_20250905_20250912_02_T1,2025-09-05,44.88370269588023,44.822661381290416,46.50671115697045,0.06626159258328147,-0.10796385315523031,277,0.0,Fallback Simulated Observation
NSR-GRID-386,LC08_L2SP_176039_20250905_20250912_02_T1,2025-09-05,47.9309423634029,47.956037465474104,49.09019326390354,0.0477555360209778,0.0025680074615611606,277,0.0,Fallback Simulated Observation
NSR-GRID-387,LC08_L2SP_176039_20250905_20250912_02_T1,2025-09-05,44.37923092040266,44.24843534540632,45.07163667711481,0.0937354814100671,-0.13925464211833025,277,0.0,Fallback Simulated Observation
NSR-GRID-388,LC08_L2SP_176039_20250905_20250912_02_T1,2025-09-05,341.58142875978353,341.64059556475286,343.0891702951036,-1.0,1.0,277,0.0,Fallback Simulated Observation
NSR-GRID-389,LC08_L2SP_176039_20250905_20250912_02_T1,2025-09-05,5976.953088342075,5976.997103128145,5977.502706689945,-1.0,1.0,277,0.0,Fallback Simulated Observation
NSR-GRID-390,LC08_L2SP_176039_20250905_20250912_02_T1,2025-09-05,72.76644076374133,72.76346411490769,75.2626551416561,-0.21437220946274319,0.9782947006323381,277,0.0,Fallback Simulated Observation
NSR-GRID-391,LC08_L2SP_176039_20250905_20250912_02_T1,2025-09-05,194.5260312310634,194.53416883426522,196.3239586728755,-1.0,1.0,277,0.0,Fallback Simulated Observation
NSR-GRID-392,LC08_L2SP_176039_20250905_20250912_02_T1,2025-09-05,372.35114537351177,372.21506187568167,373.01476435553724,-1.0,1.0,277,0.0,Fallback Simulated Observation
NSR-GRID-393,LC08_L2SP_176039_20250905_20250912_02_T1,2025-09-05,44.26497408471483,44.26043991736882,46.53998054649534,0.05601591349808714,-0.10656911200814964,277,0.0,Fallback Simulated Observation
NSR-GRID-394,LC08_L2SP_176039_20250905_20250912_02_T1,2025-09-05,43.24307831014702,43.13362887406353,43.904169873965145,0.06515524471290168,-0.13433809694376322,277,0.0,Fallback Simulated Observation
NSR-GRID-395,LC08_L2SP_176039_20250905_20250912_02_T1,2025-09-05,44.79188981141693,44.88152974546737,47.45529737221406,0.07273648882534368,-0.12649256134915113,277,0.0,Fallback Simulated Observation
NSR-GRID-396,LC08_L2SP_176039_20250905_20250912_02_T1,2025-09-05,43.84911138482274,43.771280529522095,47.18664461201089,0.06584054105987196,-0.14464542337455713,277,0.0,Fallback Simulated Observation
NSR-GRID-397,LC08_L2SP_176039_20250905_20250912_02_T1,2025-09-05,43.56635508288995,43.481731716670296,46.105973704731475,0.09869309414673247,-0.10890223160986828,277,0.0,Fallback Simulated Observation
NSR-GRID-398,LC08_L2SP_176039_20250905_20250912_02_T1,2025-09-05,43.95003920213268,43.94589009167494,45.318254594245914,0.10150619708418081,-0.07073159188661983,277,0.0,Fallback Simulated Observation
NSR-GRID-399,LC08_L2SP_176039_20250905_20250912_02_T1,2025-09-05,1720.2594181539002,1720.292683661048,1722.6715907050202,-1.0,1.0,277,0.0,Fallback Simulated Observation
NSR-GRID-400,LC08_L2SP_176039_20250905_20250912_02_T1,2025-09-05,96.96858330274254,97.04816968397667,99.50313105650974,-0.4839624247721952,1.0,277,0.0,Fallback Simulated Observation
NSR-GRID-401,LC08_L2SP_176039_20250905_20250912_02_T1,2025-09-05,45.1432155323847,45.23310585337161,45.82179412300017,0.059407780578211986,-0.11319204168599256,277,0.0,Fallback Simulated Observation
NSR-GRID-402,LC08_L2SP_176039_20250905_20250912_02_T1,2025-09-05,44.073342845613325,44.17803829905615,44.67806042283265,0.035155566825119416,-0.09502485655878695,277,0.0,Fallback Simulated Observation
NSR-GRID-403,LC08_L2SP_176039_20250905_20250912_02_T1,2025-09-05,44.72588325665194,44.752415143696766,47.69315018670077,0.06588924105443078,-0.14538119017882903,277,0.0,Fallback Simulated Observation
NSR-GRID-404,LC08_L2SP_176039_20250905_20250912_02_T1,2025-09-05,43.62433225203481,43.55209751157331,46.9680834888383,0.09556905178423332,-0.11043993671160056,277,0.0,Fallback Simulated Observation
NSR-GRID-405,LC08_L2SP_176039_20250905_20250912_02_T1,2025-09-05,44.34168507987895,44.499422166887754,46.11896992466986,0.06865105437543297,-0.06595414776503442,277,0.0,Fallback Simulated Observation
NSR-GRID-406,LC08_L2SP_176039_20250905_20250912_02_T1,2025-09-05,3174.7032073271116,3174.886325040668,3176.0353347671116,-1.0,1.0,277,0.0,Fallback Simulated Observation
NSR-GRID-407,LC08_L2SP_176039_20250905_20250912_02_T1,2025-09-05,2595.8059824350184,2595.765095098178,2597.6594744460813,-1.0,1.0,277,0.0,Fallback Simulated Observation
NSR-GRID-408,LC08_L2SP_176039_20250905_20250912_02_T1,2025-09-05,44.642157163175796,44.546079207351305,47.8702381433507,0.06703079978115165,-0.11305913026976128,277,0.0,Fallback Simulated Observation
NSR-GRID-409,LC08_L2SP_176039_20250905_20250912_02_T1,2025-09-05,45.434981837507976,45.5112627064653,48.51391356920416,0.058586671876196435,-0.14352962910900766,277,0.0,Fallback Simulated Observation
NSR-GRID-410,LC08_L2SP_176039_20250905_20250912_02_T1,2025-09-05,134.37856849978792,134.35511774627332,136.603906200606,-0.854082454353744,1.0,277,0.0,Fallback Simulated Observation
NSR-GRID-411,LC08_L2SP_176039_20250905_20250912_02_T1,2025-09-05,45.70945014140873,45.74022366829157,46.85544172399492,0.09690546594084191,-0.10188655591341124,277,0.0,Fallback Simulated Observation
NSR-GRID-412,LC08_L2SP_176039_20250905_20250912_02_T1,2025-09-05,7319.301950860197,7319.2477735365965,7321.014040711183,-1.0,1.0,277,0.0,Fallback Simulated Observation
NSR-GRID-413,LC08_L2SP_176039_20250905_20250912_02_T1,2025-09-05,7515.913925567344,7515.882726918938,7517.02614474255,-1.0,1.0,277,0.0,Fallback Simulated Observation
NSR-GRID-414,LC08_L2SP_176039_20250905_20250912_02_T1,2025-09-05,4071.2615314832155,4071.222258859373,4072.6168299813644,-1.0,1.0,277,0.0,Fallback Simulated Observation
NSR-GRID-415,LC08_L2SP_176039_20250905_20250912_02_T1,2025-09-05,45.58302618064907,45.49573581311642,46.10656094437094,0.10867250039641893,-0.11425647852127942,277,0.0,Fallback Simulated Observation
NSR-GRID-416,LC08_L2SP_176039_20250905_20250912_02_T1,2025-09-05,72.23736868791522,72.0875051382003,74.74406900477108,-0.19521341494611805,1.0,277,0.0,Fallback Simulated Observation
NSR-GRID-001,LC09_L2SP_176039_20250828_20250830_02_T1,2025-08-28,47349.79266846321,47349.85710730856,47351.25643398345,-1.0,1.0,277,0.0,Fallback Simulated Observation
NSR-GRID-002,LC09_L2SP_176039_20250828_20250830_02_T1,2025-08-28,45664.08918913087,45664.04846944908,45666.84878823662,-1.0,1.0,277,0.0,Fallback Simulated Observation
NSR-GRID-003,LC09_L2SP_176039_20250828_20250830_02_T1,2025-08-28,48673.696378545355,48673.77823800719,48676.38284508563,-1.0,1.0,277,0.0,Fallback Simulated Observation
NSR-GRID-004,LC09_L2SP_176039_20250828_20250830_02_T1,2025-08-28,37285.72696263409,37285.579915564726,37288.99115539809,-1.0,1.0,277,0.0,Fallback Simulated Observation
NSR-GRID-005,LC09_L2SP_176039_20250828_20250830_02_T1,2025-08-28,49733.20768761761,49733.387140102444,49735.48227400967,-1.0,1.0,277,0.0,Fallback Simulated Observation
NSR-GRID-006,LC09_L2SP_176039_20250828_20250830_02_T1,2025-08-28,54377.40658942459,54377.49021138149,54379.75180944464,-1.0,1.0,277,0.0,Fallback Simulated Observation
NSR-GRID-007,LC09_L2SP_176039_20250828_20250830_02_T1,2025-08-28,46229.2063713687,46229.19805801613,46231.969941290976,-1.0,1.0,277,0.0,Fallback Simulated Observation
NSR-GRID-008,LC09_L2SP_176039_20250828_20250830_02_T1,2025-08-28,47464.27113164803,47464.288060450395,47467.162908724975,-1.0,1.0,277,0.0,Fallback Simulated Observation
NSR-GRID-009,LC09_L2SP_176039_20250828_20250830_02_T1,2025-08-28,51570.85874233262,51570.8274494359,51573.34441399672,-1.0,1.0,277,0.0,Fallback Simulated Observation
NSR-GRID-010,LC09_L2SP_176039_20250828_20250830_02_T1,2025-08-28,43092.5831499678,43092.682937749385,43093.258442940365,-1.0,1.0,277,0.0,Fallback Simulated Observation
NSR-GRID-011,LC09_L2SP_176039_20250828_20250830_02_T1,2025-08-28,42440.83339476433,42440.854363370694,42443.76775385557,-1.0,1.0,277,0.0,Fallback Simulated Observation
NSR-GRID-012,LC09_L2SP_176039_20250828_20250830_02_T1,2025-08-28,41237.70514309187,41237.63544549011,41239.18674315799,-1.0,1.0,277,0.0,Fallback Simulated Observation
NSR-GRID-013,LC09_L2SP_176039_20250828_20250830_02_T1,2025-08-28,41068.84475633312,41068.676559454725,41070.04390662869,-1.0,1.0,277,0.0,Fallback Simulated Observation
NSR-GRID-014,LC09_L2SP_176039_20250828_20250830_02_T1,2025-08-28,20613.306836463846,20613.42603206061,20615.555000891796,-1.0,1.0,277,0.0,Fallback Simulated Observation
NSR-GRID-015,LC09_L2SP_176039_20250828_20250830_02_T1,2025-08-28,12752.107697799524,12752.15107276812,12752.881624432259,-1.0,1.0,277,0.0,Fallback Simulated Observation
NSR-GRID-016,LC09_L2SP_176039_20250828_20250830_02_T1,2025-08-28,21951.30938286643,21951.30149364424,21952.220586694053,-1.0,1.0,277,0.0,Fallback Simulated Observation
NSR-GRID-017,LC09_L2SP_176039_20250828_20250830_02_T1,2025-08-28,28844.06892809216,28844.037888478513,28845.20896781584,-1.0,1.0,277,0.0,Fallback Simulated Observation
NSR-GRID-018,LC09_L2SP_176039_20250828_20250830_02_T1,2025-08-28,16802.56737376967,16802.752817113007,16804.907223810198,-1.0,1.0,277,0.0,Fallback Simulated Observation
NSR-GRID-019,LC09_L2SP_176039_20250828_20250830_02_T1,2025-08-28,39531.02816050599,39531.045727877245,39532.42535343482,-1.0,1.0,277,0.0,Fallback Simulated Observation
NSR-GRID-020,LC09_L2SP_176039_20250828_20250830_02_T1,2025-08-28,3865.7874765626298,3865.8280844792926,3867.415918492661,-1.0,1.0,277,0.0,Fallback Simulated Observation
NSR-GRID-021,LC09_L2SP_176039_20250828_20250830_02_T1,2025-08-28,20338.727595923316,20338.8875082474,20341.267779008238,-1.0,1.0,277,0.0,Fallback Simulated Observation
NSR-GRID-022,LC09_L2SP_176039_20250828_20250830_02_T1,2025-08-28,20101.719107385718,20101.752527280034,20103.296800807584,-1.0,1.0,277,0.0,Fallback Simulated Observation
NSR-GRID-023,LC09_L2SP_176039_20250828_20250830_02_T1,2025-08-28,42.08213673471095,42.07139224653152,45.05352958101605,0.12073744343591633,-0.12665355603235176,277,0.0,Fallback Simulated Observation
NSR-GRID-024,LC09_L2SP_176039_20250828_20250830_02_T1,2025-08-28,44921.20035456639,44921.00447720026,44921.874493577445,-1.0,1.0,277,0.0,Fallback Simulated Observation
NSR-GRID-025,LC09_L2SP_176039_20250828_20250830_02_T1,2025-08-28,42916.35342055852,42916.39680408253,42917.564652421184,-1.0,1.0,277,0.0,Fallback Simulated Observation
NSR-GRID-026,LC09_L2SP_176039_20250828_20250830_02_T1,2025-08-28,30578.957570849903,30579.02977354574,30581.2350300638,-1.0,1.0,277,0.0,Fallback Simulated Observation
NSR-GRID-027,LC09_L2SP_176039_20250828_20250830_02_T1,2025-08-28,46469.7204305304,46469.4481851163,46470.660975037616,-1.0,1.0,277,0.0,Fallback Simulated Observation
NSR-GRID-028,LC09_L2SP_176039_20250828_20250830_02_T1,2025-08-28,47905.967910869826,47905.98450545611,47907.05500648773,-1.0,1.0,277,0.0,Fallback Simulated Observation
NSR-GRID-029,LC09_L2SP_176039_20250828_20250830_02_T1,2025-08-28,41727.22444788895,41727.176894444274,41728.844362859316,-1.0,1.0,277,0.0,Fallback Simulated Observation
NSR-GRID-030,LC09_L2SP_176039_20250828_20250830_02_T1,2025-08-28,41635.00212382399,41635.025530423096,41636.70390994631,-1.0,1.0,277,0.0,Fallback Simulated Observation
NSR-GRID-031,LC09_L2SP_176039_20250828_20250830_02_T1,2025-08-28,28023.9017544434,28024.01354782567,28025.76678754032,-1.0,1.0,277,0.0,Fallback Simulated Observation
NSR-GRID-032,LC09_L2SP_176039_20250828_20250830_02_T1,2025-08-28,40979.806973577164,40979.79841324393,40982.95918390541,-1.0,1.0,277,0.0,Fallback Simulated Observation
NSR-GRID-033,LC09_L2SP_176039_20250828_20250830_02_T1,2025-08-28,8667.587717978198,8667.446895301367,8670.718261972952,-1.0,1.0,277,0.0,Fallback Simulated Observation
NSR-GRID-034,LC09_L2SP_176039_20250828_20250830_02_T1,2025-08-28,20273.461911233022,20273.403270025337,20275.835465279117,-1.0,1.0,277,0.0,Fallback Simulated Observation
NSR-GRID-035,LC09_L2SP_176039_20250828_20250830_02_T1,2025-08-28,12365.487849831743,12365.47764419268,12367.54811964456,-1.0,1.0,277,0.0,Fallback Simulated Observation
NSR-GRID-036,LC09_L2SP_176039_20250828_20250830_02_T1,2025-08-28,9337.213685504763,9337.328974309276,9338.24980386756,-1.0,1.0,277,0.0,Fallback Simulated Observation
NSR-GRID-037,LC09_L2SP_176039_20250828_20250830_02_T1,2025-08-28,19724.371824736343,19724.407465994696,19725.98534709841,-1.0,1.0,277,0.0,Fallback Simulated Observation
NSR-GRID-038,LC09_L2SP_176039_20250828_20250830_02_T1,2025-08-28,25585.377840558653,25585.576435036262,25586.49361314786,-1.0,1.0,277,0.0,Fallback Simulated Observation
NSR-GRID-039,LC09_L2SP_176039_20250828_20250830_02_T1,2025-08-28,35221.55980851103,35221.85121943261,35222.40162306042,-1.0,1.0,277,0.0,Fallback Simulated Observation
NSR-GRID-040,LC09_L2SP_176039_20250828_20250830_02_T1,2025-08-28,25606.41507950547,25606.405007780064,25609.2659477328,-1.0,1.0,277,0.0,Fallback Simulated Observation
NSR-GRID-041,LC09_L2SP_176039_20250828_20250830_02_T1,2025-08-28,45221.8968948524,45221.87031201583,45223.87829153954,-1.0,1.0,277,0.0,Fallback Simulated Observation
NSR-GRID-042,LC09_L2SP_176039_20250828_20250830_02_T1,2025-08-28,15714.096488284345,15714.156298462322,15717.266804704674,-1.0,1.0,277,0.0,Fallback Simulated Observation
NSR-GRID-043,LC09_L2SP_176039_20250828_20250830_02_T1,2025-08-28,28663.10855213942,28663.228214851504,28664.771251154318,-1.0,1.0,277,0.0,Fallback Simulated Observation
NSR-GRID-044,LC09_L2SP_176039_20250828_20250830_02_T1,2025-08-28,46219.99383362647,46219.99573704409,46221.134218174884,-1.0,1.0,277,0.0,Fallback Simulated Observation
NSR-GRID-045,LC09_L2SP_176039_20250828_20250830_02_T1,2025-08-28,10152.598157858089,10152.50165330003,10154.41976780246,-1.0,1.0,277,0.0,Fallback Simulated Observation
NSR-GRID-046,LC09_L2SP_176039_20250828_20250830_02_T1,2025-08-28,30425.64970154191,30425.78880102243,30428.602144347184,-1.0,1.0,277,0.0,Fallback Simulated Observation
NSR-GRID-047,LC09_L2SP_176039_20250828_20250830_02_T1,2025-08-28,897.7944644686572,897.8869366492086,899.9686113955457,-1.0,1.0,277,0.0,Fallback Simulated Observation
NSR-GRID-048,LC09_L2SP_176039_20250828_20250830_02_T1,2025-08-28,31517.293653932924,31517.38269579147,31518.72371947157,-1.0,1.0,277,0.0,Fallback Simulated Observation
NSR-GRID-049,LC09_L2SP_176039_20250828_20250830_02_T1,2025-08-28,3858.2721656543877,3858.2536779787633,3860.6196973376514,-1.0,1.0,277,0.0,Fallback Simulated Observation
NSR-GRID-050,LC09_L2SP_176039_20250828_20250830_02_T1,2025-08-28,33395.36925332387,33395.44488199673,33398.863846961736,-1.0,1.0,277,0.0,Fallback Simulated Observation
NSR-GRID-051,LC09_L2SP_176039_20250828_20250830_02_T1,2025-08-28,2136.3139537531215,2136.261970338549,2138.686960332775,-1.0,1.0,277,0.0,Fallback Simulated Observation
NSR-GRID-052,LC09_L2SP_176039_20250828_20250830_02_T1,2025-08-28,43410.33805307403,43410.353206962114,43410.9435352139,-1.0,1.0,277,0.0,Fallback Simulated Observation
NSR-GRID-053,LC09_L2SP_176039_20250828_20250830_02_T1,2025-08-28,476.45723579166497,476.3220650384625,477.23701615220745,-1.0,1.0,277,0.0,Fallback Simulated Observation
NSR-GRID-054,LC09_L2SP_176039_20250828_20250830_02_T1,2025-08-28,46541.72660822795,46541.70695905795,46542.30057639507,-1.0,1.0,277,0.0,Fallback Simulated Observation
NSR-GRID-055,LC09_L2SP_176039_20250828_20250830_02_T1,2025-08-28,38647.943257211045,38647.92761628317,38650.52198466575,-1.0,1.0,277,0.0,Fallback Simulated Observation
NSR-GRID-056,LC09_L2SP_176039_20250828_20250830_02_T1,2025-08-28,33305.885724565334,33305.75733917665,33308.29763904462,-1.0,1.0,277,0.0,Fallback Simulated Observation
NSR-GRID-057,LC09_L2SP_176039_20250828_20250830_02_T1,2025-08-28,39928.6104821352,39928.649637252725,39931.65162289181,-1.0,1.0,277,0.0,Fallback Simulated Observation
NSR-GRID-058,LC09_L2SP_176039_20250828_20250830_02_T1,2025-08-28,42279.90148881886,42279.93681073705,42283.00210956726,-1.0,1.0,277,0.0,Fallback Simulated Observation
NSR-GRID-059,LC09_L2SP_176039_20250828_20250830_02_T1,2025-08-28,38611.79831751913,38611.79924021843,38612.41837644135,-1.0,1.0,277,0.0,Fallback Simulated Observation
NSR-GRID-060,LC09_L2SP_176039_20250828_20250830_02_T1,2025-08-28,46972.91672446192,46972.809730206776,46974.49692094257,-1.0,1.0,277,0.0,Fallback Simulated Observation
NSR-GRID-061,LC09_L2SP_176039_20250828_20250830_02_T1,2025-08-28,12315.95716919595,12315.930039539635,12318.06917367048,-1.0,1.0,277,0.0,Fallback Simulated Observation
NSR-GRID-062,LC09_L2SP_176039_20250828_20250830_02_T1,2025-08-28,24080.67576548249,24080.799099700536,24083.099123877648,-1.0,1.0,277,0.0,Fallback Simulated Observation
NSR-GRID-063,LC09_L2SP_176039_20250828_20250830_02_T1,2025-08-28,19937.547061903955,19937.41967817144,19940.99104677737,-1.0,1.0,277,0.0,Fallback Simulated Observation
NSR-GRID-064,LC09_L2SP_176039_20250828_20250830_02_T1,2025-08-28,24632.533577019527,24632.542828150425,24634.793841409602,-1.0,1.0,277,0.0,Fallback Simulated Observation
NSR-GRID-065,LC09_L2SP_176039_20250828_20250830_02_T1,2025-08-28,44918.9968461964,44919.08838649345,44920.07982525802,-1.0,1.0,277,0.0,Fallback Simulated Observation
NSR-GRID-066,LC09_L2SP_176039_20250828_20250830_02_T1,2025-08-28,9652.218061554297,9652.366970655909,9654.399482000817,-1.0,1.0,277,0.0,Fallback Simulated Observation
NSR-GRID-067,LC09_L2SP_176039_20250828_20250830_02_T1,2025-08-28,13832.454976850773,13832.427428619256,13833.49816554812,-1.0,1.0,277,0.0,Fallback Simulated Observation
NSR-GRID-068,LC09_L2SP_176039_20250828_20250830_02_T1,2025-08-28,45243.88890224454,45243.93444143895,45246.34958442117,-1.0,1.0,277,0.0,Fallback Simulated Observation
NSR-GRID-069,LC09_L2SP_176039_20250828_20250830_02_T1,2025-08-28,28059.45342042421,28059.438387586837,28060.634994183758,-1.0,1.0,277,0.0,Fallback Simulated Observation
NSR-GRID-070,LC09_L2SP_176039_20250828_20250830_02_T1,2025-08-28,23949.99486060952,23949.949088714715,23950.813778073458,-1.0,1.0,277,0.0,Fallback Simulated Observation
NSR-GRID-071,LC09_L2SP_176039_20250828_20250830_02_T1,2025-08-28,15923.69800062394,15923.601187764154,15924.800612831013,-1.0,1.0,277,0.0,Fallback Simulated Observation
NSR-GRID-072,LC09_L2SP_176039_20250828_20250830_02_T1,2025-08-28,3449.0878019724487,3449.2446685621567,3452.3149247963916,-1.0,1.0,277,0.0,Fallback Simulated Observation
NSR-GRID-073,LC09_L2SP_176039_20250828_20250830_02_T1,2025-08-28,3108.9262519615786,3108.840208114772,3111.171625755912,-1.0,1.0,277,0.0,Fallback Simulated Observation
NSR-GRID-074,LC09_L2SP_176039_20250828_20250830_02_T1,2025-08-28,1047.012789902284,1047.0180571232656,1048.1308421151582,-1.0,1.0,277,0.0,Fallback Simulated Observation
NSR-GRID-075,LC09_L2SP_176039_20250828_20250830_02_T1,2025-08-28,4297.2727181800865,4297.199636867525,4298.087535721071,-1.0,1.0,277,0.0,Fallback Simulated Observation
NSR-GRID-076,LC09_L2SP_176039_20250828_20250830_02_T1,2025-08-28,114.18921523617963,114.08184758662291,115.23664422947732,-0.6415932186773485,1.0,277,0.0,Fallback Simulated Observation
NSR-GRID-077,LC09_L2SP_176039_20250828_20250830_02_T1,2025-08-28,112.06074217156208,112.03837551438174,112.89756044654881,-0.5941989278461604,1.0,277,0.0,Fallback Simulated Observation
NSR-GRID-078,LC09_L2SP_176039_20250828_20250830_02_T1,2025-08-28,31759.32279161527,31759.400433107134,31762.10870084906,-1.0,1.0,277,0.0,Fallback Simulated Observation
NSR-GRID-079,LC09_L2SP_176039_20250828_20250830_02_T1,2025-08-28,1149.8398636846516,1149.9348525914766,1151.9703320577776,-1.0,1.0,277,0.0,Fallback Simulated Observation
NSR-GRID-080,LC09_L2SP_176039_20250828_20250830_02_T1,2025-08-28,41282.997955736624,41282.94221850378,41284.06375253044,-1.0,1.0,277,0.0,Fallback Simulated Observation
NSR-GRID-081,LC09_L2SP_176039_20250828_20250830_02_T1,2025-08-28,131.8390368617534,131.9607092110032,133.5010371243235,-0.8322624478550317,1.0,277,0.0,Fallback Simulated Observation
NSR-GRID-082,LC09_L2SP_176039_20250828_20250830_02_T1,2025-08-28,43674.82936154973,43674.91035499898,43676.58696157154,-1.0,1.0,277,0.0,Fallback Simulated Observation
NSR-GRID-083,LC09_L2SP_176039_20250828_20250830_02_T1,2025-08-28,41695.02510239889,41695.017243559596,41697.0376328599,-1.0,1.0,277,0.0,Fallback Simulated Observation
NSR-GRID-084,LC09_L2SP_176039_20250828_20250830_02_T1,2025-08-28,41604.786243017625,41604.76621968408,41606.992699212926,-1.0,1.0,277,0.0,Fallback Simulated Observation
NSR-GRID-085,LC09_L2SP_176039_20250828_20250830_02_T1,2025-08-28,42505.51692797068,42505.534718809824,42507.0525400638,-1.0,1.0,277,0.0,Fallback Simulated Observation
NSR-GRID-086,LC09_L2SP_176039_20250828_20250830_02_T1,2025-08-28,41154.033319273745,41154.16458809159,41157.282724319746,-1.0,1.0,277,0.0,Fallback Simulated Observation
NSR-GRID-087,LC09_L2SP_176039_20250828_20250830_02_T1,2025-08-28,42632.175248503685,42632.173920194786,42634.70068006701,-1.0,1.0,277,0.0,Fallback Simulated Observation
NSR-GRID-088,LC09_L2SP_176039_20250828_20250830_02_T1,2025-08-28,31025.456595851014,31025.41788074543,31027.951828171008,-1.0,1.0,277,0.0,Fallback Simulated Observation
NSR-GRID-089,LC09_L2SP_176039_20250828_20250830_02_T1,2025-08-28,36192.618678540835,36192.61389264807,36195.47042806987,-1.0,1.0,277,0.0,Fallback Simulated Observation
NSR-GRID-090,LC09_L2SP_176039_20250828_20250830_02_T1,2025-08-28,26959.058176794857,26958.91368454444,26961.70645254835,-1.0,1.0,277,0.0,Fallback Simulated Observation
NSR-GRID-091,LC09_L2SP_176039_20250828_20250830_02_T1,2025-08-28,21950.585076844745,21950.52676456161,21953.567414052683,-1.0,1.0,277,0.0,Fallback Simulated Observation
NSR-GRID-092,LC09_L2SP_176039_20250828_20250830_02_T1,2025-08-28,47618.66450335457,47618.789574166396,47619.673834173846,-1.0,1.0,277,0.0,Fallback Simulated Observation
NSR-GRID-093,LC09_L2SP_176039_20250828_20250830_02_T1,2025-08-28,26781.67821971679,26781.845982261006,26783.19413880085,-1.0,1.0,277,0.0,Fallback Simulated Observation
NSR-GRID-094,LC09_L2SP_176039_20250828_20250830_02_T1,2025-08-28,36342.862840668386,36342.83710174176,36344.40341170117,-1.0,1.0,277,0.0,Fallback Simulated Observation
NSR-GRID-095,LC09_L2SP_176039_20250828_20250830_02_T1,2025-08-28,26483.900600491343,26483.99553014118,26486.14415651954,-1.0,1.0,277,0.0,Fallback Simulated Observation
NSR-GRID-096,LC09_L2SP_176039_20250828_20250830_02_T1,2025-08-28,38009.420163440045,38009.36898526763,38011.72408853149,-1.0,1.0,277,0.0,Fallback Simulated Observation
NSR-GRID-097,LC09_L2SP_176039_20250828_20250830_02_T1,2025-08-28,33940.22149826114,33940.26082777496,33941.98551771097,-1.0,1.0,277,0.0,Fallback Simulated Observation
NSR-GRID-098,LC09_L2SP_176039_20250828_20250830_02_T1,2025-08-28,38244.286072221825,38244.22477327293,38245.4920488747,-1.0,1.0,277,0.0,Fallback Simulated Observation
NSR-GRID-099,LC09_L2SP_176039_20250828_20250830_02_T1,2025-08-28,32650.943493813098,32651.039714870956,32652.318035388133,-1.0,1.0,277,0.0,Fallback Simulated Observation
NSR-GRID-100,LC09_L2SP_176039_20250828_20250830_02_T1,2025-08-28,8764.650588007407,8764.551132082774,8765.15458892588,-1.0,1.0,277,0.0,Fallback Simulated Observation
NSR-GRID-101,LC09_L2SP_176039_20250828_20250830_02_T1,2025-08-28,4477.945598861323,4477.919538028089,4479.996000645395,-1.0,1.0,277,0.0,Fallback Simulated Observation
NSR-GRID-102,LC09_L2SP_176039_20250828_20250830_02_T1,2025-08-28,255.53585980792326,255.64659162657486,257.93722506655826,-1.0,1.0,277,0.0,Fallback Simulated Observation
NSR-GRID-103,LC09_L2SP_176039_20250828_20250830_02_T1,2025-08-28,1570.2359477743717,1570.3123277516079,1571.653226235802,-1.0,1.0,277,0.0,Fallback Simulated Observation
NSR-GRID-104,LC09_L2SP_176039_20250828_20250830_02_T1,2025-08-28,3110.6408225322616,3110.8688070805592,3111.4507239657014,-1.0,1.0,277,0.0,Fallback Simulated Observation
NSR-GRID-105,LC09_L2SP_176039_20250828_20250830_02_T1,2025-08-28,41639.1770503541,41639.273664320186,41641.721655354726,-1.0,1.0,277,0.0,Fallback Simulated Observation
NSR-GRID-106,LC09_L2SP_176039_20250828_20250830_02_T1,2025-08-28,1099.0315387903652,1098.965892898335,1099.6832654886023,-1.0,1.0,277,0.0,Fallback Simulated Observation
NSR-GRID-107,LC09_L2SP_176039_20250828_20250830_02_T1,2025-08-28,44162.646565679344,44162.63794946893,44163.694650117475,-1.0,1.0,277,0.0,Fallback Simulated Observation
NSR-GRID-108,LC09_L2SP_176039_20250828_20250830_02_T1,2025-08-28,44321.479899789585,44321.585676654315,44324.21149563225,-1.0,1.0,277,0.0,Fallback Simulated Observation
NSR-GRID-109,LC09_L2SP_176039_20250828_20250830_02_T1,2025-08-28,52876.234099704314,52876.112753368296,52879.23266713017,-1.0,1.0,277,0.0,Fallback Simulated Observation
NSR-GRID-110,LC09_L2SP_176039_20250828_20250830_02_T1,2025-08-28,46815.18282593768,46815.36715754229,46816.99169401556,-1.0,1.0,277,0.0,Fallback Simulated Observation
NSR-GRID-111,LC09_L2SP_176039_20250828_20250830_02_T1,2025-08-28,46567.058486404596,46566.77742357294,46570.26205377046,-1.0,1.0,277,0.0,Fallback Simulated Observation
NSR-GRID-112,LC09_L2SP_176039_20250828_20250830_02_T1,2025-08-28,47351.376189003524,47351.28936093034,47353.02051224984,-1.0,1.0,277,0.0,Fallback Simulated Observation
NSR-GRID-113,LC09_L2SP_176039_20250828_20250830_02_T1,2025-08-28,48710.626244099054,48710.47478674815,48711.61903509022,-1.0,1.0,277,0.0,Fallback Simulated Observation
NSR-GRID-114,LC09_L2SP_176039_20250828_20250830_02_T1,2025-08-28,49743.064371050285,49743.056537261145,49744.305806260374,-1.0,1.0,277,0.0,Fallback Simulated Observation
NSR-GRID-115,LC09_L2SP_176039_20250828_20250830_02_T1,2025-08-28,45089.79664426807,45089.652510093496,45092.994662495126,-1.0,1.0,277,0.0,Fallback Simulated Observation
NSR-GRID-116,LC09_L2SP_176039_20250828_20250830_02_T1,2025-08-28,31725.912088050587,31725.92491050474,31726.894234805262,-1.0,1.0,277,0.0,Fallback Simulated Observation
NSR-GRID-117,LC09_L2SP_176039_20250828_20250830_02_T1,2025-08-28,16024.356422627498,16024.304245961768,16026.678491777931,-1.0,1.0,277,0.0,Fallback Simulated Observation
NSR-GRID-118,LC09_L2SP_176039_20250828_20250830_02_T1,2025-08-28,15515.219375221135,15515.147555345084,15518.386350136803,-1.0,1.0,277,0.0,Fallback Simulated Observation
NSR-GRID-119,LC09_L2SP_176039_20250828_20250830_02_T1,2025-08-28,52104.453846457625,52104.23208554961,52105.75349681899,-1.0,1.0,277,0.0,Fallback Simulated Observation
NSR-GRID-120,LC09_L2SP_176039_20250828_20250830_02_T1,2025-08-28,53411.23983604436,53411.25312191263,53414.26092056052,-1.0,1.0,277,0.0,Fallback Simulated Observation
NSR-GRID-121,LC09_L2SP_176039_20250828_20250830_02_T1,2025-08-28,47475.94348381573,47476.02701715927,47476.67648140107,-1.0,1.0,277,0.0,Fallback Simulated Observation
NSR-GRID-122,LC09_L2SP_176039_20250828_20250830_02_T1,2025-08-28,45339.18071545209,45339.21998854612,45342.07145014931,-1.0,1.0,277,0.0,Fallback Simulated Observation
NSR-GRID-123,LC09_L2SP_176039_20250828_20250830_02_T1,2025-08-28,47623.95793977716,47623.83934761724,47624.781656928826,-1.0,1.0,277,0.0,Fallback Simulated Observation
NSR-GRID-124,LC09_L2SP_176039_20250828_20250830_02_T1,2025-08-28,42297.70001783889,42297.74581939404,42301.07980220064,-1.0,1.0,277,0.0,Fallback Simulated Observation
NSR-GRID-125,LC09_L2SP_176039_20250828_20250830_02_T1,2025-08-28,12786.864544699518,12786.976765032847,12788.499060142876,-1.0,1.0,277,0.0,Fallback Simulated Observation
NSR-GRID-126,LC09_L2SP_176039_20250828_20250830_02_T1,2025-08-28,5228.803117447298,5228.876881367304,5231.968040689611,-1.0,1.0,277,0.0,Fallback Simulated Observation
NSR-GRID-127,LC09_L2SP_176039_20250828_20250830_02_T1,2025-08-28,301.1917615883454,301.2365546616227,304.0452919953781,-1.0,1.0,277,0.0,Fallback Simulated Observation
NSR-GRID-128,LC09_L2SP_176039_20250828_20250830_02_T1,2025-08-28,28497.04617753816,28496.924295704837,28500.04470681676,-1.0,1.0,277,0.0,Fallback Simulated Observation
NSR-GRID-129,LC09_L2SP_176039_20250828_20250830_02_T1,2025-08-28,4936.197786802717,4936.378839050559,4938.287484330132,-1.0,1.0,277,0.0,Fallback Simulated Observation
NSR-GRID-130,LC09_L2SP_176039_20250828_20250830_02_T1,2025-08-28,40958.038746766346,40958.01902170231,40960.32657155354,-1.0,1.0,277,0.0,Fallback Simulated Observation
NSR-GRID-131,LC09_L2SP_176039_20250828_20250830_02_T1,2025-08-28,189.60505104837077,189.60225410692206,190.3808648561333,-1.0,1.0,277,0.0,Fallback Simulated Observation
NSR-GRID-132,LC09_L2SP_176039_20250828_20250830_02_T1,2025-08-28,49203.415418259676,49203.49232752597,49203.939721084615,-1.0,1.0,277,0.0,Fallback Simulated Observation
NSR-GRID-133,LC09_L2SP_176039_20250828_20250830_02_T1,2025-08-28,51311.37210761639,51311.40562367305,51312.584050099074,-1.0,1.0,277,0.0,Fallback Simulated Observation
NSR-GRID-134,LC09_L2SP_176039_20250828_20250830_02_T1,2025-08-28,45596.72233974644,45596.64814884648,45598.558640772295,-1.0,1.0,277,0.0,Fallback Simulated Observation
NSR-GRID-135,LC09_L2SP_176039_20250828_20250830_02_T1,2025-08-28,47540.70157444146,47540.61291052454,47541.879534738444,-1.0,1.0,277,0.0,Fallback Simulated Observation
NSR-GRID-136,LC09_L2SP_176039_20250828_20250830_02_T1,2025-08-28,27026.027001230683,27026.10226508413,27028.916038557123,-1.0,1.0,277,0.0,Fallback Simulated Observation
NSR-GRID-137,LC09_L2SP_176039_20250828_20250830_02_T1,2025-08-28,48632.977274889345,48632.97650748298,48635.719998797504,-1.0,1.0,277,0.0,Fallback Simulated Observation
NSR-GRID-138,LC09_L2SP_176039_20250828_20250830_02_T1,2025-08-28,48590.257050891705,48590.279331101876,48591.56655125158,-1.0,1.0,277,0.0,Fallback Simulated Observation
NSR-GRID-139,LC09_L2SP_176039_20250828_20250830_02_T1,2025-08-28,40656.87788707317,40656.89567005314,40659.87129136938,-1.0,1.0,277,0.0,Fallback Simulated Observation
NSR-GRID-140,LC09_L2SP_176039_20250828_20250830_02_T1,2025-08-28,3593.3634031137403,3593.213704214854,3594.771669225594,-1.0,1.0,277,0.0,Fallback Simulated Observation
NSR-GRID-141,LC09_L2SP_176039_20250828_20250830_02_T1,2025-08-28,143.6176140353763,143.56706931441096,146.62038054613183,-0.9163179655404818,1.0,277,0.0,Fallback Simulated Observation
NSR-GRID-142,LC09_L2SP_176039_20250828_20250830_02_T1,2025-08-28,23311.645921931296,23311.678784542833,23314.18153966394,-1.0,1.0,277,0.0,Fallback Simulated Observation
NSR-GRID-143,LC09_L2SP_176039_20250828_20250830_02_T1,2025-08-28,50035.88194340195,50035.673510239816,50038.815809963795,-1.0,1.0,277,0.0,Fallback Simulated Observation
NSR-GRID-144,LC09_L2SP_176039_20250828_20250830_02_T1,2025-08-28,52680.837784324205,52680.79775055238,52683.614743645536,-1.0,1.0,277,0.0,Fallback Simulated Observation
NSR-GRID-145,LC09_L2SP_176039_20250828_20250830_02_T1,2025-08-28,38890.59869347054,38890.5432341465,38892.90192386756,-1.0,1.0,277,0.0,Fallback Simulated Observation
NSR-GRID-146,LC09_L2SP_176039_20250828_20250830_02_T1,2025-08-28,41637.2119601726,41637.173952975914,41639.07960793787,-1.0,1.0,277,0.0,Fallback Simulated Observation
NSR-GRID-147,LC09_L2SP_176039_20250828_20250830_02_T1,2025-08-28,42304.034395199255,42304.05453465512,42305.47846212087,-1.0,1.0,277,0.0,Fallback Simulated Observation
NSR-GRID-148,LC09_L2SP_176039_20250828_20250830_02_T1,2025-08-28,32783.282489888086,32783.32762669123,32784.18217013204,-1.0,1.0,277,0.0,Fallback Simulated Observation
NSR-GRID-149,LC09_L2SP_176039_20250828_20250830_02_T1,2025-08-28,45151.551240663575,45151.40344043804,45154.812410158076,-1.0,1.0,277,0.0,Fallback Simulated Observation
NSR-GRID-150,LC09_L2SP_176039_20250828_20250830_02_T1,2025-08-28,27114.072075760174,27113.859291187982,27115.30243779609,-1.0,1.0,277,0.0,Fallback Simulated Observation
NSR-GRID-151,LC09_L2SP_176039_20250828_20250830_02_T1,2025-08-28,1174.9418676043979,1174.6186110611466,1175.4971702335001,-1.0,1.0,277,0.0,Fallback Simulated Observation
NSR-GRID-152,LC09_L2SP_176039_20250828_20250830_02_T1,2025-08-28,39165.35594234354,39165.42873648245,39167.12498568227,-1.0,1.0,277,0.0,Fallback Simulated Observation
NSR-GRID-153,LC09_L2SP_176039_20250828_20250830_02_T1,2025-08-28,49220.988891524954,49220.94966856382,49222.95670820265,-1.0,1.0,277,0.0,Fallback Simulated Observation
NSR-GRID-154,LC09_L2SP_176039_20250828_20250830_02_T1,2025-08-28,49410.402861750954,49410.39806375756,49411.003539295896,-1.0,1.0,277,0.0,Fallback Simulated Observation
NSR-GRID-155,LC09_L2SP_176039_20250828_20250830_02_T1,2025-08-28,50269.443374279275,50269.55333272571,50271.3051731645,-1.0,1.0,277,0.0,Fallback Simulated Observation
NSR-GRID-156,LC09_L2SP_176039_20250828_20250830_02_T1,2025-08-28,47358.09528955967,47358.22044244659,47361.13906204651,-1.0,1.0,277,0.0,Fallback Simulated Observation
NSR-GRID-157,LC09_L2SP_176039_20250828_20250830_02_T1,2025-08-28,44640.8353907383,44640.92868027382,44642.873600149156,-1.0,1.0,277,0.0,Fallback Simulated Observation
NSR-GRID-158,LC09_L2SP_176039_20250828_20250830_02_T1,2025-08-28,49633.27513695278,49633.35540002291,49635.61370127468,-1.0,1.0,277,0.0,Fallback Simulated Observation
NSR-GRID-159,LC09_L2SP_176039_20250828_20250830_02_T1,2025-08-28,49685.832216262024,49685.85387173586,49687.68066215758,-1.0,1.0,277,0.0,Fallback Simulated Observation
NSR-GRID-160,LC09_L2SP_176039_20250828_20250830_02_T1,2025-08-28,49134.114627610346,49134.139071145146,49135.797027338835,-1.0,1.0,277,0.0,Fallback Simulated Observation
NSR-GRID-161,LC09_L2SP_176039_20250828_20250830_02_T1,2025-08-28,39021.007448076365,39021.09910483774,39022.92115813824,-1.0,1.0,277,0.0,Fallback Simulated Observation
NSR-GRID-162,LC09_L2SP_176039_20250828_20250830_02_T1,2025-08-28,28187.879519831586,28187.848750887933,28190.964212684336,-1.0,1.0,277,0.0,Fallback Simulated Observation
NSR-GRID-163,LC09_L2SP_176039_20250828_20250830_02_T1,2025-08-28,36943.95365178605,36943.997793762035,36945.57343698214,-1.0,1.0,277,0.0,Fallback Simulated Observation
NSR-GRID-164,LC09_L2SP_176039_20250828_20250830_02_T1,2025-08-28,43907.73285770381,43907.71660174207,43910.78141070239,-1.0,1.0,277,0.0,Fallback Simulated Observation
NSR-GRID-165,LC09_L2SP_176039_20250828_20250830_02_T1,2025-08-28,50771.98390846396,50772.0351628268,50774.20357733663,-1.0,1.0,277,0.0,Fallback Simulated Observation
NSR-GRID-166,LC09_L2SP_176039_20250828_20250830_02_T1,2025-08-28,43935.277332568156,43935.16923136118,43936.0343251503,-1.0,1.0,277,0.0,Fallback Simulated Observation
NSR-GRID-167,LC09_L2SP_176039_20250828_20250830_02_T1,2025-08-28,45309.88948741441,45309.85557858496,45313.227493994425,-1.0,1.0,277,0.0,Fallback Simulated Observation
NSR-GRID-168,LC09_L2SP_176039_20250828_20250830_02_T1,2025-08-28,44610.46528201577,44610.45714344634,44611.295345744744,-1.0,1.0,277,0.0,Fallback Simulated Observation
NSR-GRID-169,LC09_L2SP_176039_20250828_20250830_02_T1,2025-08-28,33181.41309363689,33181.3852626113,33184.26908871031,-1.0,1.0,277,0.0,Fallback Simulated Observation
NSR-GRID-170,LC09_L2SP_176039_20250828_20250830_02_T1,2025-08-28,24792.715459848274,24792.57248678265,24795.576629810246,-1.0,1.0,277,0.0,Fallback Simulated Observation
NSR-GRID-171,LC09_L2SP_176039_20250828_20250830_02_T1,2025-08-28,5673.403621585038,5673.380105097213,5674.5686131143,-1.0,1.0,277,0.0,Fallback Simulated Observation
NSR-GRID-172,LC09_L2SP_176039_20250828_20250830_02_T1,2025-08-28,594.4596815640554,594.3466850747886,595.9140791580559,-1.0,1.0,277,0.0,Fallback Simulated Observation
NSR-GRID-173,LC09_L2SP_176039_20250828_20250830_02_T1,2025-08-28,2873.739939686163,2873.7192235172533,2876.2104066057054,-1.0,1.0,277,0.0,Fallback Simulated Observation
NSR-GRID-174,LC09_L2SP_176039_20250828_20250830_02_T1,2025-08-28,38062.05580393382,38062.145933554944,38063.19455579064,-1.0,1.0,277,0.0,Fallback Simulated Observation
NSR-GRID-175,LC09_L2SP_176039_20250828_20250830_02_T1,2025-08-28,46089.98226839519,46089.90530175429,46091.060531360854,-1.0,1.0,277,0.0,Fallback Simulated Observation
NSR-GRID-176,LC09_L2SP_176039_20250828_20250830_02_T1,2025-08-28,46382.35015145515,46382.396358880746,46384.24403266776,-1.0,1.0,277,0.0,Fallback Simulated Observation
NSR-GRID-177,LC09_L2SP_176039_20250828_20250830_02_T1,2025-08-28,43828.175829137166,43828.323000027005,43828.9355912117,-1.0,1.0,277,0.0,Fallback Simulated Observation
NSR-GRID-178,LC09_L2SP_176039_20250828_20250830_02_T1,2025-08-28,46484.7754906228,46484.643516541,46487.71812331795,-1.0,1.0,277,0.0,Fallback Simulated Observation
NSR-GRID-179,LC09_L2SP_176039_20250828_20250830_02_T1,2025-08-28,45427.20128387031,45427.006324853035,45430.073262448444,-1.0,1.0,277,0.0,Fallback Simulated Observation
NSR-GRID-180,LC09_L2SP_176039_20250828_20250830_02_T1,2025-08-28,47478.61813600731,47478.52177686681,47479.37241442713,-1.0,1.0,277,0.0,Fallback Simulated Observation
NSR-GRID-181,LC09_L2SP_176039_20250828_20250830_02_T1,2025-08-28,44912.15967362442,44912.075203324544,44914.546255380454,-1.0,1.0,277,0.0,Fallback Simulated Observation
NSR-GRID-182,LC09_L2SP_176039_20250828_20250830_02_T1,2025-08-28,48650.67059094845,48650.68726914232,48653.59613076823,-1.0,1.0,277,0.0,Fallback Simulated Observation
NSR-GRID-183,LC09_L2SP_176039_20250828_20250830_02_T1,2025-08-28,44123.37358459359,44123.400465087034,44125.06140788103,-1.0,1.0,277,0.0,Fallback Simulated Observation
NSR-GRID-184,LC09_L2SP_176039_20250828_20250830_02_T1,2025-08-28,43644.86739567538,43644.84048574351,43645.39512261912,-1.0,1.0,277,0.0,Fallback Simulated Observation
NSR-GRID-185,LC09_L2SP_176039_20250828_20250830_02_T1,2025-08-28,34772.234980228364,34772.28985027601,34773.51197559195,-1.0,1.0,277,0.0,Fallback Simulated Observation
NSR-GRID-186,LC09_L2SP_176039_20250828_20250830_02_T1,2025-08-28,47534.94215217426,47534.93440687354,47536.18367640804,-1.0,1.0,277,0.0,Fallback Simulated Observation
NSR-GRID-187,LC09_L2SP_176039_20250828_20250830_02_T1,2025-08-28,52119.079189109485,52119.134201957604,52121.05056768496,-1.0,1.0,277,0.0,Fallback Simulated Observation
NSR-GRID-188,LC09_L2SP_176039_20250828_20250830_02_T1,2025-08-28,51681.91501772229,51681.835239649685,51685.39372819499,-1.0,1.0,277,0.0,Fallback Simulated Observation
NSR-GRID-189,LC09_L2SP_176039_20250828_20250830_02_T1,2025-08-28,48190.1172671018,48190.09129498469,48191.00167222255,-1.0,1.0,277,0.0,Fallback Simulated Observation
NSR-GRID-190,LC09_L2SP_176039_20250828_20250830_02_T1,2025-08-28,37605.99747603415,37605.87925139395,37606.89051969745,-1.0,1.0,277,0.0,Fallback Simulated Observation
NSR-GRID-191,LC09_L2SP_176039_20250828_20250830_02_T1,2025-08-28,22867.861244791136,22867.871513842812,22868.780559774415,-1.0,1.0,277,0.0,Fallback Simulated Observation
NSR-GRID-192,LC09_L2SP_176039_20250828_20250830_02_T1,2025-08-28,4019.0908497691926,4019.03792619914,4022.1992271188064,-1.0,1.0,277,0.0,Fallback Simulated Observation
NSR-GRID-193,LC09_L2SP_176039_20250828_20250830_02_T1,2025-08-28,48575.64667963911,48575.5419021445,48577.06408738646,-1.0,1.0,277,0.0,Fallback Simulated Observation
NSR-GRID-194,LC09_L2SP_176039_20250828_20250830_02_T1,2025-08-28,14132.864174138658,14132.924683921921,14134.13551812767,-1.0,1.0,277,0.0,Fallback Simulated Observation
NSR-GRID-195,LC09_L2SP_176039_20250828_20250830_02_T1,2025-08-28,43355.70335096654,43355.80595971064,43358.132886817155,-1.0,1.0,277,0.0,Fallback Simulated Observation
NSR-GRID-196,LC09_L2SP_176039_20250828_20250830_02_T1,2025-08-28,12844.02103824096,12843.945641252432,12845.558955704382,-1.0,1.0,277,0.0,Fallback Simulated Observation
NSR-GRID-197,LC09_L2SP_176039_20250828_20250830_02_T1,2025-08-28,41987.23694710188,41987.11038345737,41989.70070150246,-1.0,1.0,277,0.0,Fallback Simulated Observation
NSR-GRID-198,LC09_L2SP_176039_20250828_20250830_02_T1,2025-08-28,30870.784704104524,30870.843496931324,30871.325036236474,-1.0,1.0,277,0.0,Fallback Simulated Observation
NSR-GRID-199,LC09_L2SP_176039_20250828_20250830_02_T1,2025-08-28,51010.05476730288,51010.10224151336,51011.431297713025,-1.0,1.0,277,0.0,Fallback Simulated Observation
NSR-GRID-200,LC09_L2SP_176039_20250828_20250830_02_T1,2025-08-28,52039.733844565526,52039.89685714013,52040.60206472955,-1.0,1.0,277,0.0,Fallback Simulated Observation
NSR-GRID-201,LC09_L2SP_176039_20250828_20250830_02_T1,2025-08-28,48296.26144400808,48296.29964737865,48298.3086525732,-1.0,1.0,277,0.0,Fallback Simulated Observation
NSR-GRID-202,LC09_L2SP_176039_20250828_20250830_02_T1,2025-08-28,46584.77869991155,46584.735217232424,46585.6962897518,-1.0,1.0,277,0.0,Fallback Simulated Observation
NSR-GRID-203,LC09_L2SP_176039_20250828_20250830_02_T1,2025-08-28,40804.19366715601,40804.175796467556,40807.10768200958,-1.0,1.0,277,0.0,Fallback Simulated Observation
NSR-GRID-204,LC09_L2SP_176039_20250828_20250830_02_T1,2025-08-28,46354.94262577848,46354.92201724117,46355.58605896959,-1.0,1.0,277,0.0,Fallback Simulated Observation
NSR-GRID-205,LC09_L2SP_176039_20250828_20250830_02_T1,2025-08-28,42005.359111906015,42005.38325281765,42005.97591302788,-1.0,1.0,277,0.0,Fallback Simulated Observation
NSR-GRID-206,LC09_L2SP_176039_20250828_20250830_02_T1,2025-08-28,48890.775317023785,48890.79631495186,48891.82570978569,-1.0,1.0,277,0.0,Fallback Simulated Observation
NSR-GRID-207,LC09_L2SP_176039_20250828_20250830_02_T1,2025-08-28,49641.76257139126,49641.74138243814,49642.71476861314,-1.0,1.0,277,0.0,Fallback Simulated Observation
NSR-GRID-208,LC09_L2SP_176039_20250828_20250830_02_T1,2025-08-28,52348.2685170004,52348.19443157775,52351.52141657316,-1.0,1.0,277,0.0,Fallback Simulated Observation
NSR-GRID-209,LC09_L2SP_176039_20250828_20250830_02_T1,2025-08-28,51490.267537071704,51490.27518887793,51493.760625727686,-1.0,1.0,277,0.0,Fallback Simulated Observation
NSR-GRID-210,LC09_L2SP_176039_20250828_20250830_02_T1,2025-08-28,51376.379963143205,51376.266440607615,51377.93211867157,-1.0,1.0,277,0.0,Fallback Simulated Observation
NSR-GRID-211,LC09_L2SP_176039_20250828_20250830_02_T1,2025-08-28,50807.4245712602,50807.51681937722,50810.81643153636,-1.0,1.0,277,0.0,Fallback Simulated Observation
NSR-GRID-212,LC09_L2SP_176039_20250828_20250830_02_T1,2025-08-28,31494.52250729994,31494.548955340044,31497.70951493785,-1.0,1.0,277,0.0,Fallback Simulated Observation
NSR-GRID-213,LC09_L2SP_176039_20250828_20250830_02_T1,2025-08-28,22694.742589741032,22694.841646423778,22695.270206743204,-1.0,1.0,277,0.0,Fallback Simulated Observation
NSR-GRID-214,LC09_L2SP_176039_20250828_20250830_02_T1,2025-08-28,52177.87870971637,52177.94732187725,52179.23280362304,-1.0,1.0,277,0.0,Fallback Simulated Observation
NSR-GRID-215,LC09_L2SP_176039_20250828_20250830_02_T1,2025-08-28,44544.48635079548,44544.4120848789,44545.55439396637,-1.0,1.0,277,0.0,Fallback Simulated Observation
NSR-GRID-216,LC09_L2SP_176039_20250828_20250830_02_T1,2025-08-28,42127.49078187614,42127.4760861986,42129.48459603633,-1.0,1.0,277,0.0,Fallback Simulated Observation
NSR-GRID-217,LC09_L2SP_176039_20250828_20250830_02_T1,2025-08-28,50693.19999225052,50693.417111536626,50696.07123800148,-1.0,1.0,277,0.0,Fallback Simulated Observation
NSR-GRID-218,LC09_L2SP_176039_20250828_20250830_02_T1,2025-08-28,47743.41030302101,47743.66688718693,47746.855134987934,-1.0,1.0,277,0.0,Fallback Simulated Observation
NSR-GRID-219,LC09_L2SP_176039_20250828_20250830_02_T1,2025-08-28,44423.052530716195,44422.98492364467,44426.38532919516,-1.0,1.0,277,0.0,Fallback Simulated Observation
NSR-GRID-220,LC09_L2SP_176039_20250828_20250830_02_T1,2025-08-28,42648.898607520874,42648.767665290914,42650.04888065484,-1.0,1.0,277,0.0,Fallback Simulated Observation
NSR-GRID-221,LC09_L2SP_176039_20250828_20250830_02_T1,2025-08-28,55666.405402434175,55666.372695091086,55669.56993616531,-1.0,1.0,277,0.0,Fallback Simulated Observation
NSR-GRID-222,LC09_L2SP_176039_20250828_20250830_02_T1,2025-08-28,38262.51852552011,38262.61558026522,38264.245548730316,-1.0,1.0,277,0.0,Fallback Simulated Observation
NSR-GRID-223,LC09_L2SP_176039_20250828_20250830_02_T1,2025-08-28,52124.105114231774,52124.12461100237,52125.17420332632,-1.0,1.0,277,0.0,Fallback Simulated Observation
NSR-GRID-224,LC09_L2SP_176039_20250828_20250830_02_T1,2025-08-28,52340.21831882787,52340.11404908695,52342.48439398896,-1.0,1.0,277,0.0,Fallback Simulated Observation
NSR-GRID-225,LC09_L2SP_176039_20250828_20250830_02_T1,2025-08-28,43261.57561413899,43261.57230733885,43263.293651747554,-1.0,1.0,277,0.0,Fallback Simulated Observation
NSR-GRID-226,LC09_L2SP_176039_20250828_20250830_02_T1,2025-08-28,39485.06481022998,39485.04808543951,39488.20568401902,-1.0,1.0,277,0.0,Fallback Simulated Observation
NSR-GRID-227,LC09_L2SP_176039_20250828_20250830_02_T1,2025-08-28,52905.47513062434,52905.53678855957,52907.61185366458,-1.0,1.0,277,0.0,Fallback Simulated Observation
NSR-GRID-228,LC09_L2SP_176039_20250828_20250830_02_T1,2025-08-28,54497.899389091355,54498.07326892745,54498.761604149484,-1.0,1.0,277,0.0,Fallback Simulated Observation
NSR-GRID-229,LC09_L2SP_176039_20250828_20250830_02_T1,2025-08-28,53581.94405363276,53581.88973348272,53585.36052316136,-1.0,1.0,277,0.0,Fallback Simulated Observation
NSR-GRID-230,LC09_L2SP_176039_20250828_20250830_02_T1,2025-08-28,48709.91838070811,48709.88874084296,48711.263182538816,-1.0,1.0,277,0.0,Fallback Simulated Observation
NSR-GRID-231,LC09_L2SP_176039_20250828_20250830_02_T1,2025-08-28,13080.122173440774,13080.17109462324,13081.882577103323,-1.0,1.0,277,0.0,Fallback Simulated Observation
NSR-GRID-232,LC09_L2SP_176039_20250828_20250830_02_T1,2025-08-28,46024.534588387425,46024.596997405744,46027.239935861944,-1.0,1.0,277,0.0,Fallback Simulated Observation
NSR-GRID-233,LC09_L2SP_176039_20250828_20250830_02_T1,2025-08-28,49524.68675039145,49524.78436426046,49526.87506060385,-1.0,1.0,277,0.0,Fallback Simulated Observation
NSR-GRID-234,LC09_L2SP_176039_20250828_20250830_02_T1,2025-08-28,49900.621839456195,49900.66210345189,49902.74794561271,-1.0,1.0,277,0.0,Fallback Simulated Observation
NSR-GRID-235,LC09_L2SP_176039_20250828_20250830_02_T1,2025-08-28,47712.7866900187,47712.768399861954,47716.244575071905,-1.0,1.0,277,0.0,Fallback Simulated Observation
NSR-GRID-236,LC09_L2SP_176039_20250828_20250830_02_T1,2025-08-28,35323.464153156565,35323.33567303155,35325.03289791583,-1.0,1.0,277,0.0,Fallback Simulated Observation
NSR-GRID-237,LC09_L2SP_176039_20250828_20250830_02_T1,2025-08-28,6328.451864203722,6328.48610929164,6330.922543907686,-1.0,1.0,277,0.0,Fallback Simulated Observation
NSR-GRID-238,LC09_L2SP_176039_20250828_20250830_02_T1,2025-08-28,23668.910317192152,23668.880631702777,23670.33684861958,-1.0,1.0,277,0.0,Fallback Simulated Observation
NSR-GRID-239,LC09_L2SP_176039_20250828_20250830_02_T1,2025-08-28,32303.994854246677,32304.17542113449,32305.54312958476,-1.0,1.0,277,0.0,Fallback Simulated Observation
NSR-GRID-240,LC09_L2SP_176039_20250828_20250830_02_T1,2025-08-28,28305.452834281823,28305.14301956637,28307.861878657623,-1.0,1.0,277,0.0,Fallback Simulated Observation
NSR-GRID-241,LC09_L2SP_176039_20250828_20250830_02_T1,2025-08-28,42203.778259075145,42203.766960962836,42206.19643173285,-1.0,1.0,277,0.0,Fallback Simulated Observation
NSR-GRID-242,LC09_L2SP_176039_20250828_20250830_02_T1,2025-08-28,51456.15753431108,51456.090855834685,51459.15500273434,-1.0,1.0,277,0.0,Fallback Simulated Observation
NSR-GRID-243,LC09_L2SP_176039_20250828_20250830_02_T1,2025-08-28,35547.82803966925,35547.84590664677,35549.81713278665,-1.0,1.0,277,0.0,Fallback Simulated Observation
NSR-GRID-244,LC09_L2SP_176039_20250828_20250830_02_T1,2025-08-28,3746.016281744344,3746.0300106222926,3747.5736700975417,-1.0,1.0,277,0.0,Fallback Simulated Observation
NSR-GRID-245,LC09_L2SP_176039_20250828_20250830_02_T1,2025-08-28,22820.14668430991,22819.974062913716,22820.878564789364,-1.0,1.0,277,0.0,Fallback Simulated Observation
NSR-GRID-246,LC09_L2SP_176039_20250828_20250830_02_T1,2025-08-28,41141.5255182659,41141.48817296031,41143.067018784925,-1.0,1.0,277,0.0,Fallback Simulated Observation
NSR-GRID-247,LC09_L2SP_176039_20250828_20250830_02_T1,2025-08-28,34964.15317806016,34964.14894487059,34965.54164146495,-1.0,1.0,277,0.0,Fallback Simulated Observation
NSR-GRID-248,LC09_L2SP_176039_20250828_20250830_02_T1,2025-08-28,38484.07522552589,38484.003095250846,38487.015255513026,-1.0,1.0,277,0.0,Fallback Simulated Observation
NSR-GRID-249,LC09_L2SP_176039_20250828_20250830_02_T1,2025-08-28,44621.872543338286,44622.04026729758,44623.77722255056,-1.0,1.0,277,0.0,Fallback Simulated Observation
NSR-GRID-250,LC09_L2SP_176039_20250828_20250830_02_T1,2025-08-28,9137.85804526817,9137.907559055175,9140.286196732408,-1.0,1.0,277,0.0,Fallback Simulated Observation
NSR-GRID-251,LC09_L2SP_176039_20250828_20250830_02_T1,2025-08-28,47803.009633376416,47802.9713238843,47804.6760187333,-1.0,1.0,277,0.0,Fallback Simulated Observation
NSR-GRID-252,LC09_L2SP_176039_20250828_20250830_02_T1,2025-08-28,51153.79241299532,51153.781575891655,51157.25160872477,-1.0,1.0,277,0.0,Fallback Simulated Observation
NSR-GRID-253,LC09_L2SP_176039_20250828_20250830_02_T1,2025-08-28,48256.80235899582,48256.9525469092,48258.85558096713,-1.0,1.0,277,0.0,Fallback Simulated Observation
NSR-GRID-254,LC09_L2SP_176039_20250828_20250830_02_T1,2025-08-28,45164.37794227128,45164.20103349808,45165.404307181874,-1.0,1.0,277,0.0,Fallback Simulated Observation
NSR-GRID-255,LC09_L2SP_176039_20250828_20250830_02_T1,2025-08-28,32062.05931823958,32062.173104017176,32064.835339893638,-1.0,1.0,277,0.0,Fallback Simulated Observation
NSR-GRID-256,LC09_L2SP_176039_20250828_20250830_02_T1,2025-08-28,19015.33097978416,19015.447267553536,19018.31243037067,-1.0,1.0,277,0.0,Fallback Simulated Observation
NSR-GRID-257,LC09_L2SP_176039_20250828_20250830_02_T1,2025-08-28,17307.632486253515,17307.606713797355,17309.552749645416,-1.0,1.0,277,0.0,Fallback Simulated Observation
NSR-GRID-258,LC09_L2SP_176039_20250828_20250830_02_T1,2025-08-28,18799.494883939882,18799.301104924263,18801.261939557986,-1.0,1.0,277,0.0,Fallback Simulated Observation
NSR-GRID-259,LC09_L2SP_176039_20250828_20250830_02_T1,2025-08-28,38936.75500926196,38936.697638947524,38937.81617977004,-1.0,1.0,277,0.0,Fallback Simulated Observation
NSR-GRID-260,LC09_L2SP_176039_20250828_20250830_02_T1,2025-08-28,44881.5629525831,44881.57934707756,44883.97258604883,-1.0,1.0,277,0.0,Fallback Simulated Observation
NSR-GRID-261,LC09_L2SP_176039_20250828_20250830_02_T1,2025-08-28,24278.7270549621,24278.67713476227,24279.436178201508,-1.0,1.0,277,0.0,Fallback Simulated Observation
NSR-GRID-262,LC09_L2SP_176039_20250828_20250830_02_T1,2025-08-28,2958.196003551009,2958.1203251091342,2958.7339313552093,-1.0,1.0,277,0.0,Fallback Simulated Observation
NSR-GRID-263,LC09_L2SP_176039_20250828_20250830_02_T1,2025-08-28,8838.929651529585,8838.930788520465,8839.895854915801,-1.0,1.0,277,0.0,Fallback Simulated Observation
NSR-GRID-264,LC09_L2SP_176039_20250828_20250830_02_T1,2025-08-28,17415.74596427329,17415.612548197714,17418.206659731335,-1.0,1.0,277,0.0,Fallback Simulated Observation
NSR-GRID-265,LC09_L2SP_176039_20250828_20250830_02_T1,2025-08-28,45060.095417628225,45060.02247392334,45061.27507917381,-1.0,1.0,277,0.0,Fallback Simulated Observation
NSR-GRID-266,LC09_L2SP_176039_20250828_20250830_02_T1,2025-08-28,39804.78155302767,39804.74847990559,39807.43935854552,-1.0,1.0,277,0.0,Fallback Simulated Observation
NSR-GRID-267,LC09_L2SP_176039_20250828_20250830_02_T1,2025-08-28,53552.08963877639,53551.96665046486,53553.48019487923,-1.0,1.0,277,0.0,Fallback Simulated Observation
NSR-GRID-268,LC09_L2SP_176039_20250828_20250830_02_T1,2025-08-28,23116.029506835548,23116.080048791457,23119.49229415909,-1.0,1.0,277,0.0,Fallback Simulated Observation
NSR-GRID-269,LC09_L2SP_176039_20250828_20250830_02_T1,2025-08-28,57406.60683844322,57406.55191457789,57407.53633256655,-1.0,1.0,277,0.0,Fallback Simulated Observation
NSR-GRID-270,LC09_L2SP_176039_20250828_20250830_02_T1,2025-08-28,25817.847774082034,25817.814336371364,25819.7173093522,-1.0,1.0,277,0.0,Fallback Simulated Observation
NSR-GRID-271,LC09_L2SP_176039_20250828_20250830_02_T1,2025-08-28,48799.47942121384,48799.39277643684,48802.92919404672,-1.0,1.0,277,0.0,Fallback Simulated Observation
NSR-GRID-272,LC09_L2SP_176039_20250828_20250830_02_T1,2025-08-28,52632.56150938274,52632.674008093374,52635.63126271542,-1.0,1.0,277,0.0,Fallback Simulated Observation
NSR-GRID-273,LC09_L2SP_176039_20250828_20250830_02_T1,2025-08-28,40488.7956033085,40488.86467339743,40491.57710932175,-1.0,1.0,277,0.0,Fallback Simulated Observation
NSR-GRID-274,LC09_L2SP_176039_20250828_20250830_02_T1,2025-08-28,44830.10785557916,44830.14010820549,44832.62688288205,-1.0,1.0,277,0.0,Fallback Simulated Observation
NSR-GRID-275,LC09_L2SP_176039_20250828_20250830_02_T1,2025-08-28,33359.206438594534,33359.160598758215,33362.19500809104,-1.0,1.0,277,0.0,Fallback Simulated Observation
NSR-GRID-276,LC09_L2SP_176039_20250828_20250830_02_T1,2025-08-28,18954.328047301617,18954.469659929826,18955.740258155958,-1.0,1.0,277,0.0,Fallback Simulated Observation
NSR-GRID-277,LC09_L2SP_176039_20250828_20250830_02_T1,2025-08-28,4017.890922103019,4017.942494064936,4021.1710606389424,-1.0,1.0,277,0.0,Fallback Simulated Observation
NSR-GRID-278,LC09_L2SP_176039_20250828_20250830_02_T1,2025-08-28,21673.410887762013,21673.557430777444,21673.99800410999,-1.0,1.0,277,0.0,Fallback Simulated Observation
NSR-GRID-279,LC09_L2SP_176039_20250828_20250830_02_T1,2025-08-28,22281.389260842676,22281.5236893002,22283.553002857283,-1.0,1.0,277,0.0,Fallback Simulated Observation
NSR-GRID-280,LC09_L2SP_176039_20250828_20250830_02_T1,2025-08-28,6391.658090843942,6391.524810046059,6394.0429292211375,-1.0,1.0,277,0.0,Fallback Simulated Observation
NSR-GRID-281,LC09_L2SP_176039_20250828_20250830_02_T1,2025-08-28,160.29145622280717,160.35426651979054,162.8073246442919,-1.0,1.0,277,0.0,Fallback Simulated Observation
NSR-GRID-282,LC09_L2SP_176039_20250828_20250830_02_T1,2025-08-28,6305.087479462841,6305.186102802369,6305.707897627337,-1.0,1.0,277,0.0,Fallback Simulated Observation
NSR-GRID-283,LC09_L2SP_176039_20250828_20250830_02_T1,2025-08-28,16642.64051876887,16642.705433540978,16645.299023734013,-1.0,1.0,277,0.0,Fallback Simulated Observation
NSR-GRID-284,LC09_L2SP_176039_20250828_20250830_02_T1,2025-08-28,14311.74489620164,14311.629859531904,14313.518197868214,-1.0,1.0,277,0.0,Fallback Simulated Observation
NSR-GRID-285,LC09_L2SP_176039_20250828_20250830_02_T1,2025-08-28,46924.574889769465,46924.40675208029,46927.75705360757,-1.0,1.0,277,0.0,Fallback Simulated Observation
NSR-GRID-286,LC09_L2SP_176039_20250828_20250830_02_T1,2025-08-28,7476.151476519483,7476.02373472467,7479.565365201769,-1.0,1.0,277,0.0,Fallback Simulated Observation
NSR-GRID-287,LC09_L2SP_176039_20250828_20250830_02_T1,2025-08-28,59695.94773699806,59695.93167166942,59698.668651370324,-1.0,1.0,277,0.0,Fallback Simulated Observation
NSR-GRID-288,LC09_L2SP_176039_20250828_20250830_02_T1,2025-08-28,52757.78189891248,52757.67310667462,52760.999764541724,-1.0,1.0,277,0.0,Fallback Simulated Observation
NSR-GRID-289,LC09_L2SP_176039_20250828_20250830_02_T1,2025-08-28,40921.61666346849,40921.37781032224,40924.86111139579,-1.0,1.0,277,0.0,Fallback Simulated Observation
NSR-GRID-290,LC09_L2SP_176039_20250828_20250830_02_T1,2025-08-28,32413.425485125037,32413.410467559897,32415.141162473825,-1.0,1.0,277,0.0,Fallback Simulated Observation
NSR-GRID-291,LC09_L2SP_176039_20250828_20250830_02_T1,2025-08-28,13342.058788407128,13342.115898669987,13343.215903492055,-1.0,1.0,277,0.0,Fallback Simulated Observation
NSR-GRID-292,LC09_L2SP_176039_20250828_20250830_02_T1,2025-08-28,14626.357031334557,14626.30052790851,14628.192915651684,-1.0,1.0,277,0.0,Fallback Simulated Observation
NSR-GRID-293,LC09_L2SP_176039_20250828_20250830_02_T1,2025-08-28,37038.430718928386,37038.4555734389,37039.08002051815,-1.0,1.0,277,0.0,Fallback Simulated Observation
NSR-GRID-294,LC09_L2SP_176039_20250828_20250830_02_T1,2025-08-28,27074.314324602994,27074.306034603924,27075.899095402256,-1.0,1.0,277,0.0,Fallback Simulated Observation
NSR-GRID-295,LC09_L2SP_176039_20250828_20250830_02_T1,2025-08-28,251.398934203177,251.36473246859651,253.0814455669275,-1.0,1.0,277,0.0,Fallback Simulated Observation
NSR-GRID-296,LC09_L2SP_176039_20250828_20250830_02_T1,2025-08-28,104.30018830212619,104.2964392249537,106.10137195081413,-0.5187633880589737,1.0,277,0.0,Fallback Simulated Observation
NSR-GRID-297,LC09_L2SP_176039_20250828_20250830_02_T1,2025-08-28,259.3952204967531,259.3895368115324,261.09479658216475,-1.0,1.0,277,0.0,Fallback Simulated Observation
NSR-GRID-298,LC09_L2SP_176039_20250828_20250830_02_T1,2025-08-28,572.8360175625886,572.5679564491812,576.2833596337298,-1.0,1.0,277,0.0,Fallback Simulated Observation
NSR-GRID-299,LC09_L2SP_176039_20250828_20250830_02_T1,2025-08-28,470.30300220737234,470.34573981191943,472.63759699121664,-1.0,1.0,277,0.0,Fallback Simulated Observation
NSR-GRID-300,LC09_L2SP_176039_20250828_20250830_02_T1,2025-08-28,33814.4936131834,33814.3728465481,33816.78819481895,-1.0,1.0,277,0.0,Fallback Simulated Observation
NSR-GRID-301,LC09_L2SP_176039_20250828_20250830_02_T1,2025-08-28,44694.597570526734,44694.49431719911,44696.67220218075,-1.0,1.0,277,0.0,Fallback Simulated Observation
NSR-GRID-302,LC09_L2SP_176039_20250828_20250830_02_T1,2025-08-28,17443.489975441767,17443.59522050493,17444.369254123234,-1.0,1.0,277,0.0,Fallback Simulated Observation
NSR-GRID-303,LC09_L2SP_176039_20250828_20250830_02_T1,2025-08-28,3158.471173378744,3158.320174061686,3160.466881029635,-1.0,1.0,277,0.0,Fallback Simulated Observation
NSR-GRID-304,LC09_L2SP_176039_20250828_20250830_02_T1,2025-08-28,27979.18857089182,27979.116728567853,27982.17158429853,-1.0,1.0,277,0.0,Fallback Simulated Observation
NSR-GRID-305,LC09_L2SP_176039_20250828_20250830_02_T1,2025-08-28,44107.886849572315,44108.02923946604,44108.93838675298,-1.0,1.0,277,0.0,Fallback Simulated Observation
NSR-GRID-306,LC09_L2SP_176039_20250828_20250830_02_T1,2025-08-28,47898.95877318219,47899.05156005874,47900.464638133424,-1.0,1.0,277,0.0,Fallback Simulated Observation
NSR-GRID-307,LC09_L2SP_176039_20250828_20250830_02_T1,2025-08-28,25805.997157076734,25805.94914011831,25807.94298991491,-1.0,1.0,277,0.0,Fallback Simulated Observation
NSR-GRID-308,LC09_L2SP_176039_20250828_20250830_02_T1,2025-08-28,10700.978786006313,10700.937760402721,10702.54361189978,-1.0,1.0,277,0.0,Fallback Simulated Observation
NSR-GRID-309,LC09_L2SP_176039_20250828_20250830_02_T1,2025-08-28,2143.069147581702,2143.198939232268,2145.023371653901,-1.0,1.0,277,0.0,Fallback Simulated Observation
NSR-GRID-310,LC09_L2SP_176039_20250828_20250830_02_T1,2025-08-28,2091.2150891849424,2091.13824651679,2094.273862259478,-1.0,1.0,277,0.0,Fallback Simulated Observation
NSR-GRID-311,LC09_L2SP_176039_20250828_20250830_02_T1,2025-08-28,2821.541821140581,2821.5542874799216,2823.2143217883827,-1.0,1.0,277,0.0,Fallback Simulated Observation
NSR-GRID-312,LC09_L2SP_176039_20250828_20250830_02_T1,2025-08-28,5690.317508758313,5690.505336493487,5693.473195710947,-1.0,1.0,277,0.0,Fallback Simulated Observation
NSR-GRID-313,LC09_L2SP_176039_20250828_20250830_02_T1,2025-08-28,4470.155143444719,4470.308444698944,4473.322785484992,-1.0,1.0,277,0.0,Fallback Simulated Observation
NSR-GRID-314,LC09_L2SP_176039_20250828_20250830_02_T1,2025-08-28,84.47209478891756,84.571183301078,86.52046854152502,-0.336179711941959,1.0,277,0.0,Fallback Simulated Observation
NSR-GRID-315,LC09_L2SP_176039_20250828_20250830_02_T1,2025-08-28,46.464681558585156,46.49830785370374,49.60249948213389,0.06732066748739995,-0.1028289917526705,277,0.0,Fallback Simulated Observation
NSR-GRID-316,LC09_L2SP_176039_20250828_20250830_02_T1,2025-08-28,47.12668628406828,47.28709610628818,48.18029143627821,0.06739535852707122,-0.1671142513610391,277,0.0,Fallback Simulated Observation
NSR-GRID-317,LC09_L2SP_176039_20250828_20250830_02_T1,2025-08-28,19964.89099769902,19965.03050788967,19966.98770224205,-1.0,1.0,277,0.0,Fallback Simulated Observation
NSR-GRID-318,LC09_L2SP_176039_20250828_20250830_02_T1,2025-08-28,5818.5879938619755,5818.640480619764,5820.090783986313,-1.0,1.0,277,0.0,Fallback Simulated Observation
NSR-GRID-319,LC09_L2SP_176039_20250828_20250830_02_T1,2025-08-28,3152.3289380496212,3152.458563720596,3153.484252784587,-1.0,1.0,277,0.0,Fallback Simulated Observation
NSR-GRID-320,LC09_L2SP_176039_20250828_20250830_02_T1,2025-08-28,40882.95037722927,40883.14093249598,40885.95871564405,-1.0,1.0,277,0.0,Fallback Simulated Observation
NSR-GRID-321,LC09_L2SP_176039_20250828_20250830_02_T1,2025-08-28,42514.70096550278,42514.75181903454,42516.19161117826,-1.0,1.0,277,0.0,Fallback Simulated Observation
NSR-GRID-322,LC09_L2SP_176039_20250828_20250830_02_T1,2025-08-28,15802.580499394813,15802.593080390161,15804.739612926782,-1.0,1.0,277,0.0,Fallback Simulated Observation
NSR-GRID-323,LC09_L2SP_176039_20250828_20250830_02_T1,2025-08-28,13181.708367349564,13181.707953091069,13182.534056783672,-1.0,1.0,277,0.0,Fallback Simulated Observation
NSR-GRID-324,LC09_L2SP_176039_20250828_20250830_02_T1,2025-08-28,14855.788883258923,14855.93159828372,14858.906444809461,-1.0,1.0,277,0.0,Fallback Simulated Observation
NSR-GRID-325,LC09_L2SP_176039_20250828_20250830_02_T1,2025-08-28,6256.192077400448,6256.224945635398,6259.060216300834,-1.0,1.0,277,0.0,Fallback Simulated Observation
NSR-GRID-326,LC09_L2SP_176039_20250828_20250830_02_T1,2025-08-28,1241.7162970966222,1241.6734959034168,1242.7886738930497,-1.0,1.0,277,0.0,Fallback Simulated Observation
NSR-GRID-327,LC09_L2SP_176039_20250828_20250830_02_T1,2025-08-28,4901.637813157404,4901.543535633381,4902.5331258231945,-1.0,1.0,277,0.0,Fallback Simulated Observation
NSR-GRID-328,LC09_L2SP_176039_20250828_20250830_02_T1,2025-08-28,5840.840858905651,5840.812109807638,5843.061858698297,-1.0,1.0,277,0.0,Fallback Simulated Observation
NSR-GRID-329,LC09_L2SP_176039_20250828_20250830_02_T1,2025-08-28,49.57724864564915,49.829585978789105,50.88396155933359,0.042390291282296384,-0.006841140541239039,277,0.0,Fallback Simulated Observation
NSR-GRID-330,LC09_L2SP_176039_20250828_20250830_02_T1,2025-08-28,47.35649105054045,47.29215134432041,48.77837198026733,0.05126154661052394,-0.09215693872326708,277,0.0,Fallback Simulated Observation
NSR-GRID-331,LC09_L2SP_176039_20250828_20250830_02_T1,2025-08-28,46.38858400883144,46.280809615338406,48.72906232438738,0.0747288889596693,-0.14198120367291522,277,0.0,Fallback Simulated Observation
NSR-GRID-332,LC09_L2SP_176039_20250828_20250830_02_T1,2025-08-28,15350.929332466976,15350.911008355903,15353.986864375844,-1.0,1.0,277,0.0,Fallback Simulated Observation
NSR-GRID-333,LC09_L2SP_176039_20250828_20250830_02_T1,2025-08-28,585.7070807556893,585.6153545914716,587.8313841855188,-1.0,1.0,277,0.0,Fallback Simulated Observation
NSR-GRID-334,LC09_L2SP_176039_20250828_20250830_02_T1,2025-08-28,15315.655900176083,15315.695031208164,15317.438193389564,-1.0,1.0,277,0.0,Fallback Simulated Observation
NSR-GRID-335,LC09_L2SP_176039_20250828_20250830_02_T1,2025-08-28,13762.762903823565,13762.580406048868,13763.579651962278,-1.0,1.0,277,0.0,Fallback Simulated Observation
NSR-GRID-336,LC09_L2SP_176039_20250828_20250830_02_T1,2025-08-28,37569.97599344224,37570.123069689675,37572.79166988122,-1.0,1.0,277,0.0,Fallback Simulated Observation
NSR-GRID-337,LC09_L2SP_176039_20250828_20250830_02_T1,2025-08-28,14314.442357723266,14314.460327261377,14314.994523952042,-1.0,1.0,277,0.0,Fallback Simulated Observation
NSR-GRID-338,LC09_L2SP_176039_20250828_20250830_02_T1,2025-08-28,6864.909763651112,6864.699973182684,6868.354387830245,-1.0,1.0,277,0.0,Fallback Simulated Observation
NSR-GRID-339,LC09_L2SP_176039_20250828_20250830_02_T1,2025-08-28,10741.30371864404,10741.375492514706,10742.59916565069,-1.0,1.0,277,0.0,Fallback Simulated Observation
NSR-GRID-340,LC09_L2SP_176039_20250828_20250830_02_T1,2025-08-28,6749.255202223104,6749.4655783707985,6752.079751762706,-1.0,1.0,277,0.0,Fallback Simulated Observation
NSR-GRID-341,LC09_L2SP_176039_20250828_20250830_02_T1,2025-08-28,25111.67112154773,25111.60212028775,25114.059823733238,-1.0,1.0,277,0.0,Fallback Simulated Observation
NSR-GRID-342,LC09_L2SP_176039_20250828_20250830_02_T1,2025-08-28,12348.061282149636,12348.142769561424,12349.121333927378,-1.0,1.0,277,0.0,Fallback Simulated Observation
NSR-GRID-343,LC09_L2SP_176039_20250828_20250830_02_T1,2025-08-28,5495.946608349989,5495.871237585503,5497.317500799121,-1.0,1.0,277,0.0,Fallback Simulated Observation
NSR-GRID-344,LC09_L2SP_176039_20250828_20250830_02_T1,2025-08-28,5216.1778371118235,5215.802093579698,5217.395367496396,-1.0,1.0,277,0.0,Fallback Simulated Observation
NSR-GRID-345,LC09_L2SP_176039_20250828_20250830_02_T1,2025-08-28,1029.3461087855019,1029.2660912556355,1029.8968968427785,-1.0,1.0,277,0.0,Fallback Simulated Observation
NSR-GRID-346,LC09_L2SP_176039_20250828_20250830_02_T1,2025-08-28,61.75878675338352,61.60687622425926,62.65434272231371,-0.041637706869445325,0.48487420137097303,277,0.0,Fallback Simulated Observation
NSR-GRID-347,LC09_L2SP_176039_20250828_20250830_02_T1,2025-08-28,5491.194189508707,5491.24488714329,5493.050214372668,-1.0,1.0,277,0.0,Fallback Simulated Observation
NSR-GRID-348,LC09_L2SP_176039_20250828_20250830_02_T1,2025-08-28,9331.029388815528,9330.967222615023,9332.833195921683,-1.0,1.0,277,0.0,Fallback Simulated Observation
NSR-GRID-349,LC09_L2SP_176039_20250828_20250830_02_T1,2025-08-28,15353.71983303823,15353.618472453994,15354.89234986847,-1.0,1.0,277,0.0,Fallback Simulated Observation
NSR-GRID-350,LC09_L2SP_176039_20250828_20250830_02_T1,2025-08-28,15854.4317866102,15854.467544199282,15857.291625793852,-1.0,1.0,277,0.0,Fallback Simulated Observation
NSR-GRID-351,LC09_L2SP_176039_20250828_20250830_02_T1,2025-08-28,6009.40004926855,6009.4750190706945,6012.147875279023,-1.0,1.0,277,0.0,Fallback Simulated Observation
NSR-GRID-352,LC09_L2SP_176039_20250828_20250830_02_T1,2025-08-28,17148.051234035953,17148.164959360616,17150.601592266215,-1.0,1.0,277,0.0,Fallback Simulated Observation
NSR-GRID-353,LC09_L2SP_176039_20250828_20250830_02_T1,2025-08-28,25375.43006510156,25375.262931874793,25376.299769105586,-1.0,1.0,277,0.0,Fallback Simulated Observation
NSR-GRID-354,LC09_L2SP_176039_20250828_20250830_02_T1,2025-08-28,16859.846282874947,16859.81947765869,16861.590353337444,-1.0,1.0,277,0.0,Fallback Simulated Observation
NSR-GRID-355,LC09_L2SP_176039_20250828_20250830_02_T1,2025-08-28,1999.2354461402185,1999.1054011173264,2000.888463224094,-1.0,1.0,277,0.0,Fallback Simulated Observation
NSR-GRID-356,LC09_L2SP_176039_20250828_20250830_02_T1,2025-08-28,4589.967199177482,4589.973676056444,4593.260266014695,-1.0,1.0,277,0.0,Fallback Simulated Observation
NSR-GRID-357,LC09_L2SP_176039_20250828_20250830_02_T1,2025-08-28,5754.5572095083835,5754.801786465295,5756.316725855449,-1.0,1.0,277,0.0,Fallback Simulated Observation
NSR-GRID-358,LC09_L2SP_176039_20250828_20250830_02_T1,2025-08-28,25697.735273500824,25697.788711157107,25699.63895108522,-1.0,1.0,277,0.0,Fallback Simulated Observation
NSR-GRID-359,LC09_L2SP_176039_20250828_20250830_02_T1,2025-08-28,38942.86317662354,38942.851435593504,38943.77482831837,-1.0,1.0,277,0.0,Fallback Simulated Observation
NSR-GRID-360,LC09_L2SP_176039_20250828_20250830_02_T1,2025-08-28,3654.66541690201,3654.800915865444,3656.6850783496543,-1.0,1.0,277,0.0,Fallback Simulated Observation
NSR-GRID-361,LC09_L2SP_176039_20250828_20250830_02_T1,2025-08-28,2661.267621836662,2661.415071573419,2662.9440054016222,-1.0,1.0,277,0.0,Fallback Simulated Observation
NSR-GRID-362,LC09_L2SP_176039_20250828_20250830_02_T1,2025-08-28,5255.579559069737,5255.5016900734245,5257.61849559548,-1.0,1.0,277,0.0,Fallback Simulated Observation
NSR-GRID-363,LC09_L2SP_176039_20250828_20250830_02_T1,2025-08-28,20617.395898964052,20617.477698173978,20619.430424058348,-1.0,1.0,277,0.0,Fallback Simulated Observation
NSR-GRID-364,LC09_L2SP_176039_20250828_20250830_02_T1,2025-08-28,35981.52639209499,35981.51433504931,35983.324506838864,-1.0,1.0,277,0.0,Fallback Simulated Observation
NSR-GRID-365,LC09_L2SP_176039_20250828_20250830_02_T1,2025-08-28,15820.636187985556,15820.708900233705,15821.35113982825,-1.0,1.0,277,0.0,Fallback Simulated Observation
NSR-GRID-366,LC09_L2SP_176039_20250828_20250830_02_T1,2025-08-28,758.5382213022765,758.6991101116178,759.6414717674946,-1.0,1.0,277,0.0,Fallback Simulated Observation
NSR-GRID-367,LC09_L2SP_176039_20250828_20250830_02_T1,2025-08-28,9530.469472225546,9530.408311710926,9532.325752792718,-1.0,1.0,277,0.0,Fallback Simulated Observation
NSR-GRID-368,LC09_L2SP_176039_20250828_20250830_02_T1,2025-08-28,4114.154744739908,4114.1046950549235,4115.652087894651,-1.0,1.0,277,0.0,Fallback Simulated Observation
NSR-GRID-369,LC09_L2SP_176039_20250828_20250830_02_T1,2025-08-28,226.27332946311824,226.42384906300614,228.28294347334312,-1.0,1.0,277,0.0,Fallback Simulated Observation
NSR-GRID-370,LC09_L2SP_176039_20250828_20250830_02_T1,2025-08-28,472.126307280626,472.0421299898581,474.9546570758665,-1.0,1.0,277,0.0,Fallback Simulated Observation
NSR-GRID-371,LC09_L2SP_176039_20250828_20250830_02_T1,2025-08-28,605.4403416409632,605.2912336486021,608.9397570733646,-1.0,1.0,277,0.0,Fallback Simulated Observation
NSR-GRID-372,LC09_L2SP_176039_20250828_20250830_02_T1,2025-08-28,7858.128289198831,7858.3487742710395,7859.243990979172,-1.0,1.0,277,0.0,Fallback Simulated Observation
NSR-GRID-373,LC09_L2SP_176039_20250828_20250830_02_T1,2025-08-28,10385.905922424261,10385.780799632723,10389.377337441303,-1.0,1.0,277,0.0,Fallback Simulated Observation
NSR-GRID-374,LC09_L2SP_176039_20250828_20250830_02_T1,2025-08-28,1609.2771980160426,1609.2542419987421,1612.0842677323906,-1.0,1.0,277,0.0,Fallback Simulated Observation
NSR-GRID-375,LC09_L2SP_176039_20250828_20250830_02_T1,2025-08-28,49.78294793365118,49.84917862331598,50.99535465531942,0.0754089372843572,-0.012455274626067672,277,0.0,Fallback Simulated Observation
NSR-GRID-376,LC09_L2SP_176039_20250828_20250830_02_T1,2025-08-28,15096.910971401756,15096.960449945289,15097.564690025196,-1.0,1.0,277,0.0,Fallback Simulated Observation
NSR-GRID-377,LC09_L2SP_176039_20250828_20250830_02_T1,2025-08-28,15147.955414636233,15147.955190016057,15150.143414978202,-1.0,1.0,277,0.0,Fallback Simulated Observation
NSR-GRID-378,LC09_L2SP_176039_20250828_20250830_02_T1,2025-08-28,52.52504241319218,52.80963015822108,53.63452252828481,0.018837216843901213,0.11799393372813619,277,0.0,Fallback Simulated Observation
NSR-GRID-379,LC09_L2SP_176039_20250828_20250830_02_T1,2025-08-28,9448.583891279375,9448.594342682984,9449.662147310613,-1.0,1.0,277,0.0,Fallback Simulated Observation
NSR-GRID-380,LC09_L2SP_176039_20250828_20250830_02_T1,2025-08-28,89.4787738114484,89.4988432239727,92.62234152213134,-0.33785738176394386,1.0,277,0.0,Fallback Simulated Observation
NSR-GRID-381,LC09_L2SP_176039_20250828_20250830_02_T1,2025-08-28,46.0326836486188,46.011340378910006,48.46900914816929,0.0838291227229987,-0.09794534304032246,277,0.0,Fallback Simulated Observation
NSR-GRID-382,LC09_L2SP_176039_20250828_20250830_02_T1,2025-08-28,46.57911449210935,46.70036216250555,48.49464341662219,0.07469350631654029,-0.08706029618393346,277,0.0,Fallback Simulated Observation
NSR-GRID-383,LC09_L2SP_176039_20250828_20250830_02_T1,2025-08-28,4445.523362882532,4445.5261949089,4446.499156900046,-1.0,1.0,277,0.0,Fallback Simulated Observation
NSR-GRID-384,LC09_L2SP_176039_20250828_20250830_02_T1,2025-08-28,592.5355942603031,592.5607822963124,594.3718105460366,-1.0,1.0,277,0.0,Fallback Simulated Observation
NSR-GRID-385,LC09_L2SP_176039_20250828_20250830_02_T1,2025-08-28,47.543360447699186,47.588587885464044,48.295328951866665,0.07345292366292763,-0.07118099569472966,277,0.0,Fallback Simulated Observation
NSR-GRID-386,LC09_L2SP_176039_20250828_20250830_02_T1,2025-08-28,49.6348110080707,49.676745615436836,52.14696958519184,0.039002483547471226,-0.03874691044226393,277,0.0,Fallback Simulated Observation
NSR-GRID-387,LC09_L2SP_176039_20250828_20250830_02_T1,2025-08-28,46.55341418978411,46.52288327443225,47.353468459857076,0.059905475447090906,-0.11012249813521999,277,0.0,Fallback Simulated Observation
NSR-GRID-388,LC09_L2SP_176039_20250828_20250830_02_T1,2025-08-28,344.08986476808826,343.95680075270366,344.6738807265056,-1.0,1.0,277,0.0,Fallback Simulated Observation
NSR-GRID-389,LC09_L2SP_176039_20250828_20250830_02_T1,2025-08-28,5978.804873611818,5978.769885076906,5979.5354219974015,-1.0,1.0,277,0.0,Fallback Simulated Observation
NSR-GRID-390,LC09_L2SP_176039_20250828_20250830_02_T1,2025-08-28,73.85415706701883,73.7942830857882,74.71162820364023,-0.21405202406925236,0.9462182921471378,277,0.0,Fallback Simulated Observation
NSR-GRID-391,LC09_L2SP_176039_20250828_20250830_02_T1,2025-08-28,195.8689922260661,195.8969162361882,198.15511232571276,-1.0,1.0,277,0.0,Fallback Simulated Observation
NSR-GRID-392,LC09_L2SP_176039_20250828_20250830_02_T1,2025-08-28,373.3899863683431,373.60207046313803,375.09042277019677,-1.0,1.0,277,0.0,Fallback Simulated Observation
NSR-GRID-393,LC09_L2SP_176039_20250828_20250830_02_T1,2025-08-28,46.63253282707979,46.451773862161645,49.141028556731875,0.07934228601594412,-0.13368222818134892,277,0.0,Fallback Simulated Observation
NSR-GRID-394,LC09_L2SP_176039_20250828_20250830_02_T1,2025-08-28,45.51498915283713,45.53278809079746,48.66340619040258,0.07940172071038318,-0.14233745307828716,277,0.0,Fallback Simulated Observation
NSR-GRID-395,LC09_L2SP_176039_20250828_20250830_02_T1,2025-08-28,45.68578019945221,45.71173976412211,48.48207684968653,0.08828550435027203,-0.11247431245210807,277,0.0,Fallback Simulated Observation
NSR-GRID-396,LC09_L2SP_176039_20250828_20250830_02_T1,2025-08-28,46.16637652845857,46.26413474313619,49.349546089554046,0.08267883765904027,-0.13835079365105396,277,0.0,Fallback Simulated Observation
NSR-GRID-397,LC09_L2SP_176039_20250828_20250830_02_T1,2025-08-28,45.33689836276481,45.34428705637727,47.37746459350227,0.05548356462636554,-0.10695340978909246,277,0.0,Fallback Simulated Observation
NSR-GRID-398,LC09_L2SP_176039_20250828_20250830_02_T1,2025-08-28,46.78976674460065,46.65492196969754,48.694669587400526,0.07151556056235678,-0.0909214845164765,277,0.0,Fallback Simulated Observation
NSR-GRID-399,LC09_L2SP_176039_20250828_20250830_02_T1,2025-08-28,1721.3826134608396,1721.4087319149676,1721.9650690453277,-1.0,1.0,277,0.0,Fallback Simulated Observation
NSR-GRID-400,LC09_L2SP_176039_20250828_20250830_02_T1,2025-08-28,99.54251494698597,99.62889771985483,102.98734322898201,-0.4921614023478972,1.0,277,0.0,Fallback Simulated Observation
NSR-GRID-401,LC09_L2SP_176039_20250828_20250830_02_T1,2025-08-28,47.30629339264004,47.38536062450912,50.62138843821082,0.08685912534910611,-0.13941077400895968,277,0.0,Fallback Simulated Observation
NSR-GRID-402,LC09_L2SP_176039_20250828_20250830_02_T1,2025-08-28,46.82779437191792,46.67975633318535,49.369458914851364,0.0915452473440184,-0.16352738785782037,277,0.0,Fallback Simulated Observation
NSR-GRID-403,LC09_L2SP_176039_20250828_20250830_02_T1,2025-08-28,46.38912239928398,46.26904049930047,48.21367848881657,0.02922861321137061,-0.07609615960339972,277,0.0,Fallback Simulated Observation
NSR-GRID-404,LC09_L2SP_176039_20250828_20250830_02_T1,2025-08-28,44.65823598222537,44.651798720623965,45.635131264293264,0.11069987274527827,-0.10925595061927834,277,0.0,Fallback Simulated Observation
NSR-GRID-405,LC09_L2SP_176039_20250828_20250830_02_T1,2025-08-28,46.57829837653946,46.68489474851264,49.932796694221516,0.06059166840874945,-0.08398528629678806,277,0.0,Fallback Simulated Observation
NSR-GRID-406,LC09_L2SP_176039_20250828_20250830_02_T1,2025-08-28,3176.0361357209863,3175.8519326032624,3176.773569725821,-1.0,1.0,277,0.0,Fallback Simulated Observation
NSR-GRID-407,LC09_L2SP_176039_20250828_20250830_02_T1,2025-08-28,2597.548771171601,2597.2780146022337,2598.6911199018396,-1.0,1.0,277,0.0,Fallback Simulated Observation
NSR-GRID-408,LC09_L2SP_176039_20250828_20250830_02_T1,2025-08-28,46.98053054808583,46.94282921978715,48.20952332666832,0.06673323352975397,-0.1612544817612091,277,0.0,Fallback Simulated Observation
NSR-GRID-409,LC09_L2SP_176039_20250828_20250830_02_T1,2025-08-28,47.02445008434332,46.883369855834225,49.43514700083976,0.026647405707871503,-0.09350222951317302,277,0.0,Fallback Simulated Observation
NSR-GRID-410,LC09_L2SP_176039_20250828_20250830_02_T1,2025-08-28,136.14073598759904,136.00174081286067,137.84438047073303,-0.8398013113311062,1.0,277,0.0,Fallback Simulated Observation
NSR-GRID-411,LC09_L2SP_176039_20250828_20250830_02_T1,2025-08-28,47.089059603385266,47.17798594586117,50.16246241523304,0.08083638695790678,-0.1409059804335976,277,0.0,Fallback Simulated Observation
NSR-GRID-412,LC09_L2SP_176039_20250828_20250830_02_T1,2025-08-28,7321.204956162006,7321.217261240662,7321.997786156695,-1.0,1.0,277,0.0,Fallback Simulated Observation
NSR-GRID-413,LC09_L2SP_176039_20250828_20250830_02_T1,2025-08-28,7518.279372756504,7518.184674479942,7521.269126849465,-1.0,1.0,277,0.0,Fallback Simulated Observation
NSR-GRID-414,LC09_L2SP_176039_20250828_20250830_02_T1,2025-08-28,4073.417248636115,4073.408551026352,4075.290689586369,-1.0,1.0,277,0.0,Fallback Simulated Observation
NSR-GRID-415,LC09_L2SP_176039_20250828_20250830_02_T1,2025-08-28,47.201465353098804,47.19729935076067,50.68345855333982,0.04867938767966775,-0.04242628118346066,277,0.0,Fallback Simulated Observation
NSR-GRID-416,LC09_L2SP_176039_20250828_20250830_02_T1,2025-08-28,74.23704279932839,74.18515608253308,75.51953603940342,-0.19422525648663405,1.0,277,0.0,Fallback Simulated Observation
NSR-GRID-001,LC08_L2SP_176039_20250820_20250826_02_T1,2025-08-20,47348.40376196655,47348.411668993365,47351.177300845346,-1.0,1.0,277,0.0,Fallback Simulated Observation
NSR-GRID-002,LC08_L2SP_176039_20250820_20250826_02_T1,2025-08-20,45663.283122131725,45663.33598561326,45666.18359684172,-1.0,1.0,277,0.0,Fallback Simulated Observation
NSR-GRID-003,LC08_L2SP_176039_20250820_20250826_02_T1,2025-08-20,48673.516255726165,48673.63733350085,48675.414266269225,-1.0,1.0,277,0.0,Fallback Simulated Observation
NSR-GRID-004,LC08_L2SP_176039_20250820_20250826_02_T1,2025-08-20,37285.229490596575,37285.11207635933,37286.431035703834,-1.0,1.0,277,0.0,Fallback Simulated Observation
NSR-GRID-005,LC08_L2SP_176039_20250820_20250826_02_T1,2025-08-20,49732.59795715143,49732.73382793132,49734.55596749615,-1.0,1.0,277,0.0,Fallback Simulated Observation
NSR-GRID-006,LC08_L2SP_176039_20250820_20250826_02_T1,2025-08-20,54376.67391022141,54376.66376943844,54379.98235118121,-1.0,1.0,277,0.0,Fallback Simulated Observation
NSR-GRID-007,LC08_L2SP_176039_20250820_20250826_02_T1,2025-08-20,46229.60778406001,46229.71465279538,46232.77981984683,-1.0,1.0,277,0.0,Fallback Simulated Observation
NSR-GRID-008,LC08_L2SP_176039_20250820_20250826_02_T1,2025-08-20,47464.131805332756,47464.242855319324,47465.60931211729,-1.0,1.0,277,0.0,Fallback Simulated Observation
NSR-GRID-009,LC08_L2SP_176039_20250820_20250826_02_T1,2025-08-20,51570.58034954544,51570.45327266656,51572.25675403274,-1.0,1.0,277,0.0,Fallback Simulated Observation
NSR-GRID-010,LC08_L2SP_176039_20250820_20250826_02_T1,2025-08-20,43091.37862612504,43091.24593836911,43093.840141294495,-1.0,1.0,277,0.0,Fallback Simulated Observation
NSR-GRID-011,LC08_L2SP_176039_20250820_20250826_02_T1,2025-08-20,42439.6858977428,42439.735972579394,42440.22314601031,-1.0,1.0,277,0.0,Fallback Simulated Observation
NSR-GRID-012,LC08_L2SP_176039_20250820_20250826_02_T1,2025-08-20,41237.682526309174,41237.83080959581,41240.53073344025,-1.0,1.0,277,0.0,Fallback Simulated Observation
NSR-GRID-013,LC08_L2SP_176039_20250820_20250826_02_T1,2025-08-20,41069.12154459458,41069.19689766969,41070.127429227236,-1.0,1.0,277,0.0,Fallback Simulated Observation
NSR-GRID-014,LC08_L2SP_176039_20250820_20250826_02_T1,2025-08-20,20613.030783601564,20613.103387201485,20615.106310971365,-1.0,1.0,277,0.0,Fallback Simulated Observation
NSR-GRID-015,LC08_L2SP_176039_20250820_20250826_02_T1,2025-08-20,12751.677262630037,12751.633150110118,12753.358252872204,-1.0,1.0,277,0.0,Fallback Simulated Observation
NSR-GRID-016,LC08_L2SP_176039_20250820_20250826_02_T1,2025-08-20,21951.29318079961,21951.09117515816,21952.4762406774,-1.0,1.0,277,0.0,Fallback Simulated Observation
NSR-GRID-017,LC08_L2SP_176039_20250820_20250826_02_T1,2025-08-20,28842.993343901875,28843.065321553822,28845.788914510817,-1.0,1.0,277,0.0,Fallback Simulated Observation
NSR-GRID-018,LC08_L2SP_176039_20250820_20250826_02_T1,2025-08-20,16801.77950117134,16801.687639525488,16804.94092716742,-1.0,1.0,277,0.0,Fallback Simulated Observation
NSR-GRID-019,LC08_L2SP_176039_20250820_20250826_02_T1,2025-08-20,39529.66666396113,39529.627796121786,39532.03986542355,-1.0,1.0,277,0.0,Fallback Simulated Observation
NSR-GRID-020,LC08_L2SP_176039_20250820_20250826_02_T1,2025-08-20,3865.674312296171,3865.641579738664,3868.700428646988,-1.0,1.0,277,0.0,Fallback Simulated Observation
NSR-GRID-021,LC08_L2SP_176039_20250820_20250826_02_T1,2025-08-20,20338.232442506105,20338.21585323782,20339.69902285805,-1.0,1.0,277,0.0,Fallback Simulated Observation
NSR-GRID-022,LC08_L2SP_176039_20250820_20250826_02_T1,2025-08-20,20100.801107467272,20100.718978828863,20102.70088608758,-1.0,1.0,277,0.0,Fallback Simulated Observation
NSR-GRID-023,LC08_L2SP_176039_20250820_20250826_02_T1,2025-08-20,40.46372600278898,40.3607735512694,43.370389959702884,0.11919367963911766,-0.11060274918919151,277,0.0,Fallback Simulated Observation
NSR-GRID-024,LC08_L2SP_176039_20250820_20250826_02_T1,2025-08-20,44919.44872331482,44919.48562851967,44922.483094395684,-1.0,1.0,277,0.0,Fallback Simulated Observation
NSR-GRID-025,LC08_L2SP_176039_20250820_20250826_02_T1,2025-08-20,42915.1578497451,42915.04234076758,42916.58785530344,-1.0,1.0,277,0.0,Fallback Simulated Observation
NSR-GRID-026,LC08_L2SP_176039_20250820_20250826_02_T1,2025-08-20,30578.825100595073,30578.895197827344,30581.401078161245,-1.0,1.0,277,0.0,Fallback Simulated Observation
NSR-GRID-027,LC08_L2SP_176039_20250820_20250826_02_T1,2025-08-20,46468.732139824446,46468.4828048196,46470.29920199413,-1.0,1.0,277,0.0,Fallback Simulated Observation
NSR-GRID-028,LC08_L2SP_176039_20250820_20250826_02_T1,2025-08-20,47905.36262337906,47905.26760812605,47908.66775596823,-1.0,1.0,277,0.0,Fallback Simulated Observation
NSR-GRID-029,LC08_L2SP_176039_20250820_20250826_02_T1,2025-08-20,41727.339326677575,41727.189800071574,41730.77666318681,-1.0,1.0,277,0.0,Fallback Simulated Observation
NSR-GRID-030,LC08_L2SP_176039_20250820_20250826_02_T1,2025-08-20,41633.84881850273,41633.84023211265,41636.7416165512,-1.0,1.0,277,0.0,Fallback Simulated Observation
NSR-GRID-031,LC08_L2SP_176039_20250820_20250826_02_T1,2025-08-20,28022.78552754433,28023.01376177815,28024.307818012374,-1.0,1.0,277,0.0,Fallback Simulated Observation
NSR-GRID-032,LC08_L2SP_176039_20250820_20250826_02_T1,2025-08-20,40978.316763359646,40978.22960431254,40980.51537783017,-1.0,1.0,277,0.0,Fallback Simulated Observation
NSR-GRID-033,LC08_L2SP_176039_20250820_20250826_02_T1,2025-08-20,8667.587486063234,8667.580542656386,8668.152906442607,-1.0,1.0,277,0.0,Fallback Simulated Observation
NSR-GRID-034,LC08_L2SP_176039_20250820_20250826_02_T1,2025-08-20,20272.757655531062,20272.71506307113,20274.364309398185,-1.0,1.0,277,0.0,Fallback Simulated Observation
NSR-GRID-035,LC08_L2SP_176039_20250820_20250826_02_T1,2025-08-20,12365.059725911675,12365.086848473095,12367.449377022689,-1.0,1.0,277,0.0,Fallback Simulated Observation
NSR-GRID-036,LC08_L2SP_176039_20250820_20250826_02_T1,2025-08-20,9336.587807953712,9336.60520030491,9338.613541719318,-1.0,1.0,277,0.0,Fallback Simulated Observation
NSR-GRID-037,LC08_L2SP_176039_20250820_20250826_02_T1,2025-08-20,19723.730711993347,19723.736906396844,19724.78011810806,-1.0,1.0,277,0.0,Fallback Simulated Observation
NSR-GRID-038,LC08_L2SP_176039_20250820_20250826_02_T1,2025-08-20,25585.12137600712,25585.1972607837,25587.788288995107,-1.0,1.0,277,0.0,Fallback Simulated Observation
NSR-GRID-039,LC08_L2SP_176039_20250820_20250826_02_T1,2025-08-20,35221.09525887285,35221.034936005686,35223.65662643393,-1.0,1.0,277,0.0,Fallback Simulated Observation
NSR-GRID-040,LC08_L2SP_176039_20250820_20250826_02_T1,2025-08-20,25604.827212001346,25604.950276581763,25606.49732683431,-1.0,1.0,277,0.0,Fallback Simulated Observation
NSR-GRID-041,LC08_L2SP_176039_20250820_20250826_02_T1,2025-08-20,45221.19519856283,45221.337373211296,45224.51099951022,-1.0,1.0,277,0.0,Fallback Simulated Observation
NSR-GRID-042,LC08_L2SP_176039_20250820_20250826_02_T1,2025-08-20,15713.008166309315,15713.141677576095,15714.944272911867,-1.0,1.0,277,0.0,Fallback Simulated Observation
NSR-GRID-043,LC08_L2SP_176039_20250820_20250826_02_T1,2025-08-20,28662.606239810528,28662.628163702277,28665.27962108028,-1.0,1.0,277,0.0,Fallback Simulated Observation
NSR-GRID-044,LC08_L2SP_176039_20250820_20250826_02_T1,2025-08-20,46218.86740035302,46218.81222656783,46220.75886550932,-1.0,1.0,277,0.0,Fallback Simulated Observation
NSR-GRID-045,LC08_L2SP_176039_20250820_20250826_02_T1,2025-08-20,10152.851577627716,10152.815913778302,10155.481058852476,-1.0,1.0,277,0.0,Fallback Simulated Observation
NSR-GRID-046,LC08_L2SP_176039_20250820_20250826_02_T1,2025-08-20,30425.211755943546,30425.145446726165,30428.44549141081,-1.0,1.0,277,0.0,Fallback Simulated Observation
NSR-GRID-047,LC08_L2SP_176039_20250820_20250826_02_T1,2025-08-20,896.5437447138636,896.5969479464059,899.0055757304034,-1.0,1.0,277,0.0,Fallback Simulated Observation
NSR-GRID-048,LC08_L2SP_176039_20250820_20250826_02_T1,2025-08-20,31516.320152038305,31516.249249148073,31516.965752390493,-1.0,1.0,277,0.0,Fallback Simulated Observation
NSR-GRID-049,LC08_L2SP_176039_20250820_20250826_02_T1,2025-08-20,3857.643430933259,3857.780908662151,3858.8745823297613,-1.0,1.0,277,0.0,Fallback Simulated Observation
NSR-GRID-050,LC08_L2SP_176039_20250820_20250826_02_T1,2025-08-20,33395.30853707402,33395.25338550101,33398.564708322025,-1.0,1.0,277,0.0,Fallback Simulated Observation
NSR-GRID-051,LC08_L2SP_176039_20250820_20250826_02_T1,2025-08-20,2135.298961929687,2135.2376434963658,2136.4401008542445,-1.0,1.0,277,0.0,Fallback Simulated Observation
NSR-GRID-052,LC08_L2SP_176039_20250820_20250826_02_T1,2025-08-20,43409.030003647196,43409.046998118305,43409.992471796075,-1.0,1.0,277,0.0,Fallback Simulated Observation
NSR-GRID-053,LC08_L2SP_176039_20250820_20250826_02_T1,2025-08-20,476.2131607776275,476.2319182569466,477.30077733286487,-1.0,1.0,277,0.0,Fallback Simulated Observation
NSR-GRID-054,LC08_L2SP_176039_20250820_20250826_02_T1,2025-08-20,46541.92816951197,46541.88108452896,46544.812049885055,-1.0,1.0,277,0.0,Fallback Simulated Observation
NSR-GRID-055,LC08_L2SP_176039_20250820_20250826_02_T1,2025-08-20,38646.68990681214,38646.70266363545,38648.05646018214,-1.0,1.0,277,0.0,Fallback Simulated Observation
NSR-GRID-056,LC08_L2SP_176039_20250820_20250826_02_T1,2025-08-20,33305.60392761296,33305.76412687842,33308.229004421075,-1.0,1.0,277,0.0,Fallback Simulated Observation
NSR-GRID-057,LC08_L2SP_176039_20250820_20250826_02_T1,2025-08-20,39927.656096952815,39927.61658455999,39930.68501415896,-1.0,1.0,277,0.0,Fallback Simulated Observation
NSR-GRID-058,LC08_L2SP_176039_20250820_20250826_02_T1,2025-08-20,42279.341218251495,42279.33349608033,42281.623696325136,-1.0,1.0,277,0.0,Fallback Simulated Observation
NSR-GRID-059,LC08_L2SP_176039_20250820_20250826_02_T1,2025-08-20,38611.46469761449,38611.399410510894,38614.02231498018,-1.0,1.0,277,0.0,Fallback Simulated Observation
NSR-GRID-060,LC08_L2SP_176039_20250820_20250826_02_T1,2025-08-20,46973.284360421596,46973.328464005084,46974.59436786496,-1.0,1.0,277,0.0,Fallback Simulated Observation
NSR-GRID-061,LC08_L2SP_176039_20250820_20250826_02_T1,2025-08-20,12315.471111338897,12315.283348973875,12318.079029730916,-1.0,1.0,277,0.0,Fallback Simulated Observation
NSR-GRID-062,LC08_L2SP_176039_20250820_20250826_02_T1,2025-08-20,24080.406954168335,24080.48928985128,24082.29664308056,-1.0,1.0,277,0.0,Fallback Simulated Observation
NSR-GRID-063,LC08_L2SP_176039_20250820_20250826_02_T1,2025-08-20,19936.755996336182,19936.662027804563,19938.65016220478,-1.0,1.0,277,0.0,Fallback Simulated Observation
NSR-GRID-064,LC08_L2SP_176039_20250820_20250826_02_T1,2025-08-20,24631.76703816027,24631.781346653974,24634.770388032313,-1.0,1.0,277,0.0,Fallback Simulated Observation
NSR-GRID-065,LC08_L2SP_176039_20250820_20250826_02_T1,2025-08-20,44918.99607214896,44918.97983703815,44920.361447200215,-1.0,1.0,277,0.0,Fallback Simulated Observation
NSR-GRID-066,LC08_L2SP_176039_20250820_20250826_02_T1,2025-08-20,9650.79171688465,9650.758953540919,9651.369805534103,-1.0,1.0,277,0.0,Fallback Simulated Observation
NSR-GRID-067,LC08_L2SP_176039_20250820_20250826_02_T1,2025-08-20,13831.733698079071,13831.642836490275,13832.989422875175,-1.0,1.0,277,0.0,Fallback Simulated Observation
NSR-GRID-068,LC08_L2SP_176039_20250820_20250826_02_T1,2025-08-20,45242.53899843115,45242.40344424503,45243.942259972544,-1.0,1.0,277,0.0,Fallback Simulated Observation
NSR-GRID-069,LC08_L2SP_176039_20250820_20250826_02_T1,2025-08-20,28058.667670515195,28058.574420816563,28061.62045415605,-1.0,1.0,277,0.0,Fallback Simulated Observation
NSR-GRID-070,LC08_L2SP_176039_20250820_20250826_02_T1,2025-08-20,23949.565655494236,23949.580531567568,23951.914724465034,-1.0,1.0,277,0.0,Fallback Simulated Observation
NSR-GRID-071,LC08_L2SP_176039_20250820_20250826_02_T1,2025-08-20,15923.098490303797,15923.19216563015,15925.358419341133,-1.0,1.0,277,0.0,Fallback Simulated Observation
NSR-GRID-072,LC08_L2SP_176039_20250820_20250826_02_T1,2025-08-20,3449.281578077055,3449.348566526077,3452.57165859072,-1.0,1.0,277,0.0,Fallback Simulated Observation
NSR-GRID-073,LC08_L2SP_176039_20250820_20250826_02_T1,2025-08-20,3108.4845944136164,3108.6814188591325,3109.234175444171,-1.0,1.0,277,0.0,Fallback Simulated Observation
NSR-GRID-074,LC08_L2SP_176039_20250820_20250826_02_T1,2025-08-20,1046.340332070192,1046.417604907984,1048.705981554557,-1.0,1.0,277,0.0,Fallback Simulated Observation
NSR-GRID-075,LC08_L2SP_176039_20250820_20250826_02_T1,2025-08-20,4296.5190730133545,4296.42283993661,4297.104628495088,-1.0,1.0,277,0.0,Fallback Simulated Observation
NSR-GRID-076,LC08_L2SP_176039_20250820_20250826_02_T1,2025-08-20,113.10093360648578,113.09117153690838,115.36811406706165,-0.6302406149226227,1.0,277,0.0,Fallback Simulated Observation
NSR-GRID-077,LC08_L2SP_176039_20250820_20250826_02_T1,2025-08-20,111.46681060507171,111.59582866894958,114.18146100548067,-0.6098314464498115,1.0,277,0.0,Fallback Simulated Observation
NSR-GRID-078,LC08_L2SP_176039_20250820_20250826_02_T1,2025-08-20,31758.80453802304,31758.787995617822,31760.484277417414,-1.0,1.0,277,0.0,Fallback Simulated Observation
NSR-GRID-079,LC08_L2SP_176039_20250820_20250826_02_T1,2025-08-20,1148.32107017343,1148.085202292562,1149.910455501968,-1.0,1.0,277,0.0,Fallback Simulated Observation
NSR-GRID-080,LC08_L2SP_176039_20250820_20250826_02_T1,2025-08-20,41282.088475451,41281.90183063572,41283.79949642387,-1.0,1.0,277,0.0,Fallback Simulated Observation
NSR-GRID-081,LC08_L2SP_176039_20250820_20250826_02_T1,2025-08-20,132.06881237547992,132.27406126835962,134.90642771969658,-0.834149896852855,1.0,277,0.0,Fallback Simulated Observation
NSR-GRID-082,LC08_L2SP_176039_20250820_20250826_02_T1,2025-08-20,43674.360060106745,43674.3430428536,43675.7993096148,-1.0,1.0,277,0.0,Fallback Simulated Observation
NSR-GRID-083,LC08_L2SP_176039_20250820_20250826_02_T1,2025-08-20,41694.612276594555,41694.70853839996,41695.91268794083,-1.0,1.0,277,0.0,Fallback Simulated Observation
NSR-GRID-084,LC08_L2SP_176039_20250820_20250826_02_T1,2025-08-20,41604.12440774689,41604.132912332905,41605.033091081845,-1.0,1.0,277,0.0,Fallback Simulated Observation
NSR-GRID-085,LC08_L2SP_176039_20250820_20250826_02_T1,2025-08-20,42505.26563822509,42505.48041670782,42506.51714249918,-1.0,1.0,277,0.0,Fallback Simulated Observation
NSR-GRID-086,LC08_L2SP_176039_20250820_20250826_02_T1,2025-08-20,41153.52285388891,41153.50158189722,41156.96192912822,-1.0,1.0,277,0.0,Fallback Simulated Observation
NSR-GRID-087,LC08_L2SP_176039_20250820_20250826_02_T1,2025-08-20,42631.42456748117,42631.43362884134,42634.91485523613,-1.0,1.0,277,0.0,Fallback Simulated Observation
NSR-GRID-088,LC08_L2SP_176039_20250820_20250826_02_T1,2025-08-20,31025.349128263937,31025.205157734275,31027.78693081834,-1.0,1.0,277,0.0,Fallback Simulated Observation
NSR-GRID-089,LC08_L2SP_176039_20250820_20250826_02_T1,2025-08-20,36191.37710045832,36191.249478690006,36194.75507217184,-1.0,1.0,277,0.0,Fallback Simulated Observation
NSR-GRID-090,LC08_L2SP_176039_20250820_20250826_02_T1,2025-08-20,26958.842606082504,26958.789606789334,26959.81415349733,-1.0,1.0,277,0.0,Fallback Simulated Observation
NSR-GRID-091,LC08_L2SP_176039_20250820_20250826_02_T1,2025-08-20,21949.986349026804,21949.88049342257,21951.315580650084,-1.0,1.0,277,0.0,Fallback Simulated Observation
NSR-GRID-092,LC08_L2SP_176039_20250820_20250826_02_T1,2025-08-20,47618.12212153669,47618.10593506016,47619.045270607436,-1.0,1.0,277,0.0,Fallback Simulated Observation
NSR-GRID-093,LC08_L2SP_176039_20250820_20250826_02_T1,2025-08-20,26781.278175756957,26781.22170552156,26783.924235394457,-1.0,1.0,277,0.0,Fallback Simulated Observation
NSR-GRID-094,LC08_L2SP_176039_20250820_20250826_02_T1,2025-08-20,36342.54107917125,36342.55660377646,36343.235700084755,-1.0,1.0,277,0.0,Fallback Simulated Observation
NSR-GRID-095,LC08_L2SP_176039_20250820_20250826_02_T1,2025-08-20,26482.462223172748,26482.47665900157,26483.78216024871,-1.0,1.0,277,0.0,Fallback Simulated Observation
NSR-GRID-096,LC08_L2SP_176039_20250820_20250826_02_T1,2025-08-20,38009.085830861244,38009.07241109232,38011.77811776681,-1.0,1.0,277,0.0,Fallback Simulated Observation
NSR-GRID-097,LC08_L2SP_176039_20250820_20250826_02_T1,2025-08-20,33938.93701775285,33938.90546374656,33941.133613383616,-1.0,1.0,277,0.0,Fallback Simulated Observation
NSR-GRID-098,LC08_L2SP_176039_20250820_20250826_02_T1,2025-08-20,38243.87130760386,38243.88365335948,38245.340573845744,-1.0,1.0,277,0.0,Fallback Simulated Observation
NSR-GRID-099,LC08_L2SP_176039_20250820_20250826_02_T1,2025-08-20,32651.05107288048,32651.115123548676,32653.871630451205,-1.0,1.0,277,0.0,Fallback Simulated Observation
NSR-GRID-100,LC08_L2SP_176039_20250820_20250826_02_T1,2025-08-20,8764.177284435142,8764.075489490528,8765.151123552407,-1.0,1.0,277,0.0,Fallback Simulated Observation
NSR-GRID-101,LC08_L2SP_176039_20250820_20250826_02_T1,2025-08-20,4477.91079217833,4477.864770752422,4479.786195008767,-1.0,1.0,277,0.0,Fallback Simulated Observation
NSR-GRID-102,LC08_L2SP_176039_20250820_20250826_02_T1,2025-08-20,254.1459009894836,254.2011134479566,256.3370540281265,-1.0,1.0,277,0.0,Fallback Simulated Observation
NSR-GRID-103,LC08_L2SP_176039_20250820_20250826_02_T1,2025-08-20,1569.6372101042625,1569.6087725183545,1571.7419244568318,-1.0,1.0,277,0.0,Fallback Simulated Observation
NSR-GRID-104,LC08_L2SP_176039_20250820_20250826_02_T1,2025-08-20,3110.014703425841,3109.9622174798087,3111.456974791542,-1.0,1.0,277,0.0,Fallback Simulated Observation
NSR-GRID-105,LC08_L2SP_176039_20250820_20250826_02_T1,2025-08-20,41638.740056889415,41638.63923914148,41640.28785160696,-1.0,1.0,277,0.0,Fallback Simulated Observation
NSR-GRID-106,LC08_L2SP_176039_20250820_20250826_02_T1,2025-08-20,1097.6108003921152,1097.5550722611538,1100.674069273098,-1.0,1.0,277,0.0,Fallback Simulated Observation
NSR-GRID-107,LC08_L2SP_176039_20250820_20250826_02_T1,2025-08-20,44162.581252990494,44162.488611944034,44165.75368867344,-1.0,1.0,277,0.0,Fallback Simulated Observation
NSR-GRID-108,LC08_L2SP_176039_20250820_20250826_02_T1,2025-08-20,44320.60659827959,44320.53414505269,44321.69407342616,-1.0,1.0,277,0.0,Fallback Simulated Observation
NSR-GRID-109,LC08_L2SP_176039_20250820_20250826_02_T1,2025-08-20,52876.56097737905,52876.6281650107,52877.37525215767,-1.0,1.0,277,0.0,Fallback Simulated Observation
NSR-GRID-110,LC08_L2SP_176039_20250820_20250826_02_T1,2025-08-20,46814.4903231202,46814.33123853451,46817.45687183765,-1.0,1.0,277,0.0,Fallback Simulated Observation
NSR-GRID-111,LC08_L2SP_176039_20250820_20250826_02_T1,2025-08-20,46566.299407177794,46566.29530239873,46569.43737215559,-1.0,1.0,277,0.0,Fallback Simulated Observation
NSR-GRID-112,LC08_L2SP_176039_20250820_20250826_02_T1,2025-08-20,47350.716498435984,47350.57137651436,47351.33389519944,-1.0,1.0,277,0.0,Fallback Simulated Observation
NSR-GRID-113,LC08_L2SP_176039_20250820_20250826_02_T1,2025-08-20,48709.56734097704,48709.53152117791,48710.16153986648,-1.0,1.0,277,0.0,Fallback Simulated Observation
NSR-GRID-114,LC08_L2SP_176039_20250820_20250826_02_T1,2025-08-20,49742.18092220233,49742.145925194294,49743.9890698642,-1.0,1.0,277,0.0,Fallback Simulated Observation
NSR-GRID-115,LC08_L2SP_176039_20250820_20250826_02_T1,2025-08-20,45088.078216105554,45088.01438224867,45090.216960008365,-1.0,1.0,277,0.0,Fallback Simulated Observation
NSR-GRID-116,LC08_L2SP_176039_20250820_20250826_02_T1,2025-08-20,31725.98982076362,31725.984943137173,31729.334554370787,-1.0,1.0,277,0.0,Fallback Simulated Observation
NSR-GRID-117,LC08_L2SP_176039_20250820_20250826_02_T1,2025-08-20,16024.119710639288,16024.074551573964,16027.050620051288,-1.0,1.0,277,0.0,Fallback Simulated Observation
NSR-GRID-118,LC08_L2SP_176039_20250820_20250826_02_T1,2025-08-20,15514.768195258564,15514.774191544335,15516.934717315546,-1.0,1.0,277,0.0,Fallback Simulated Observation
NSR-GRID-119,LC08_L2SP_176039_20250820_20250826_02_T1,2025-08-20,52104.36677716715,52104.246016716395,52105.95124245705,-1.0,1.0,277,0.0,Fallback Simulated Observation
NSR-GRID-120,LC08_L2SP_176039_20250820_20250826_02_T1,2025-08-20,53411.24385606459,53411.16419480763,53414.39548440055,-1.0,1.0,277,0.0,Fallback Simulated Observation
NSR-GRID-121,LC08_L2SP_176039_20250820_20250826_02_T1,2025-08-20,47475.30643689378,47475.42195617781,47478.311359113875,-1.0,1.0,277,0.0,Fallback Simulated Observation
NSR-GRID-122,LC08_L2SP_176039_20250820_20250826_02_T1,2025-08-20,45338.59155218393,45338.62807028796,45341.76883071654,-1.0,1.0,277,0.0,Fallback Simulated Observation
NSR-GRID-123,LC08_L2SP_176039_20250820_20250826_02_T1,2025-08-20,47624.12811597639,47624.044187022715,47626.2240613761,-1.0,1.0,277,0.0,Fallback Simulated Observation
NSR-GRID-124,LC08_L2SP_176039_20250820_20250826_02_T1,2025-08-20,42298.06878004328,42298.11767899634,42301.38214293466,-1.0,1.0,277,0.0,Fallback Simulated Observation
NSR-GRID-125,LC08_L2SP_176039_20250820_20250826_02_T1,2025-08-20,12786.708598072759,12786.794892043883,12789.923528718104,-1.0,1.0,277,0.0,Fallback Simulated Observation
NSR-GRID-126,LC08_L2SP_176039_20250820_20250826_02_T1,2025-08-20,5228.205953099753,5228.201496409811,5230.272098348267,-1.0,1.0,277,0.0,Fallback Simulated Observation
NSR-GRID-127,LC08_L2SP_176039_20250820_20250826_02_T1,2025-08-20,300.3093065709519,300.1482767554008,303.7790710447767,-1.0,1.0,277,0.0,Fallback Simulated Observation
NSR-GRID-128,LC08_L2SP_176039_20250820_20250826_02_T1,2025-08-20,28497.30898923704,28497.29871249089,28498.140318617865,-1.0,1.0,277,0.0,Fallback Simulated Observation
NSR-GRID-129,LC08_L2SP_176039_20250820_20250826_02_T1,2025-08-20,4935.958404638685,4935.963404081397,4938.695658628638,-1.0,1.0,277,0.0,Fallback Simulated Observation
NSR-GRID-130,LC08_L2SP_176039_20250820_20250826_02_T1,2025-08-20,40957.304442770066,40957.28433889288,40960.40069041543,-1.0,1.0,277,0.0,Fallback Simulated Observation
NSR-GRID-131,LC08_L2SP_176039_20250820_20250826_02_T1,2025-08-20,188.29617966859277,188.3842376356782,191.22580891370848,-1.0,1.0,277,0.0,Fallback Simulated Observation
NSR-GRID-132,LC08_L2SP_176039_20250820_20250826_02_T1,2025-08-20,49203.168219678766,49203.03159851968,49206.43481885027,-1.0,1.0,277,0.0,Fallback Simulated Observation
NSR-GRID-133,LC08_L2SP_176039_20250820_20250826_02_T1,2025-08-20,51310.26737862243,51310.34629072478,51312.34427436623,-1.0,1.0,277,0.0,Fallback Simulated Observation
NSR-GRID-134,LC08_L2SP_176039_20250820_20250826_02_T1,2025-08-20,45596.49406202931,45596.55570145837,45598.056076858855,-1.0,1.0,277,0.0,Fallback Simulated Observation
NSR-GRID-135,LC08_L2SP_176039_20250820_20250826_02_T1,2025-08-20,47539.447267914395,47539.44067355356,47542.01280447962,-1.0,1.0,277,0.0,Fallback Simulated Observation
NSR-GRID-136,LC08_L2SP_176039_20250820_20250826_02_T1,2025-08-20,27025.318645028343,27025.33180019236,27026.613366608835,-1.0,1.0,277,0.0,Fallback Simulated Observation
NSR-GRID-137,LC08_L2SP_176039_20250820_20250826_02_T1,2025-08-20,48631.751994632454,48631.67154695865,48635.224169798195,-1.0,1.0,277,0.0,Fallback Simulated Observation
NSR-GRID-138,LC08_L2SP_176039_20250820_20250826_02_T1,2025-08-20,48590.096307399406,48590.11646035998,48592.5327790169,-1.0,1.0,277,0.0,Fallback Simulated Observation
NSR-GRID-139,LC08_L2SP_176039_20250820_20250826_02_T1,2025-08-20,40656.47122780698,40656.554098305736,40658.15003972206,-1.0,1.0,277,0.0,Fallback Simulated Observation
NSR-GRID-140,LC08_L2SP_176039_20250820_20250826_02_T1,2025-08-20,3593.8705421831364,3593.8612161165825,3596.306947459691,-1.0,1.0,277,0.0,Fallback Simulated Observation
NSR-GRID-141,LC08_L2SP_176039_20250820_20250826_02_T1,2025-08-20,142.37398386044467,142.1711565563868,145.27001817816756,-0.9380348731595874,1.0,277,0.0,Fallback Simulated Observation
NSR-GRID-142,LC08_L2SP_176039_20250820_20250826_02_T1,2025-08-20,23311.04040331573,23311.090957203418,23312.431634189117,-1.0,1.0,277,0.0,Fallback Simulated Observation
NSR-GRID-143,LC08_L2SP_176039_20250820_20250826_02_T1,2025-08-20,50034.6035062797,50034.678907686844,50036.23448776733,-1.0,1.0,277,0.0,Fallback Simulated Observation
NSR-GRID-144,LC08_L2SP_176039_20250820_20250826_02_T1,2025-08-20,52680.600565730405,52680.687468857956,52683.8261378219,-1.0,1.0,277,0.0,Fallback Simulated Observation
NSR-GRID-145,LC08_L2SP_176039_20250820_20250826_02_T1,2025-08-20,38888.99061111881,38888.90167409219,38891.41328611332,-1.0,1.0,277,0.0,Fallback Simulated Observation
NSR-GRID-146,LC08_L2SP_176039_20250820_20250826_02_T1,2025-08-20,41636.78604131511,41636.78087003605,41639.64192531528,-1.0,1.0,277,0.0,Fallback Simulated Observation
NSR-GRID-147,LC08_L2SP_176039_20250820_20250826_02_T1,2025-08-20,42303.60259828611,42303.77701926837,42304.99513880145,-1.0,1.0,277,0.0,Fallback Simulated Observation
NSR-GRID-148,LC08_L2SP_176039_20250820_20250826_02_T1,2025-08-20,32782.85705066232,32782.8385631446,32784.11517424145,-1.0,1.0,277,0.0,Fallback Simulated Observation
NSR-GRID-149,LC08_L2SP_176039_20250820_20250826_02_T1,2025-08-20,45151.7414487272,45151.891972596146,45153.40599173034,-1.0,1.0,277,0.0,Fallback Simulated Observation
NSR-GRID-150,LC08_L2SP_176039_20250820_20250826_02_T1,2025-08-20,27113.04249357697,27113.04099916903,27114.861345266996,-1.0,1.0,277,0.0,Fallback Simulated Observation
NSR-GRID-151,LC08_L2SP_176039_20250820_20250826_02_T1,2025-08-20,1175.0866429604457,1175.1278538809595,1178.4140164760456,-1.0,1.0,277,0.0,Fallback Simulated Observation
NSR-GRID-152,LC08_L2SP_176039_20250820_20250826_02_T1,2025-08-20,39164.68693765169,39164.70895057044,39167.75538636948,-1.0,1.0,277,0.0,Fallback Simulated Observation
NSR-GRID-153,LC08_L2SP_176039_20250820_20250826_02_T1,2025-08-20,49220.409532603364,49220.36626184057,49222.960827077695,-1.0,1.0,277,0.0,Fallback Simulated Observation
NSR-GRID-154,LC08_L2SP_176039_20250820_20250826_02_T1,2025-08-20,49410.362990884365,49410.4991669757,49412.54119723206,-1.0,1.0,277,0.0,Fallback Simulated Observation
NSR-GRID-155,LC08_L2SP_176039_20250820_20250826_02_T1,2025-08-20,50268.749584598154,50268.696370411155,50271.54353343292,-1.0,1.0,277,0.0,Fallback Simulated Observation
NSR-GRID-156,LC08_L2SP_176039_20250820_20250826_02_T1,2025-08-20,47356.905087398285,47356.936970102644,47359.472939643536,-1.0,1.0,277,0.0,Fallback Simulated Observation
NSR-GRID-157,LC08_L2SP_176039_20250820_20250826_02_T1,2025-08-20,44639.58388900613,44639.48862368319,44641.36803238196,-1.0,1.0,277,0.0,Fallback Simulated Observation
NSR-GRID-158,LC08_L2SP_176039_20250820_20250826_02_T1,2025-08-20,49632.0042078645,49631.93613121984,49635.445984235914,-1.0,1.0,277,0.0,Fallback Simulated Observation
NSR-GRID-159,LC08_L2SP_176039_20250820_20250826_02_T1,2025-08-20,49683.849093781144,49683.737137943695,49685.90023884521,-1.0,1.0,277,0.0,Fallback Simulated Observation
NSR-GRID-160,LC08_L2SP_176039_20250820_20250826_02_T1,2025-08-20,49133.69611557505,49133.870929132296,49134.52253774574,-1.0,1.0,277,0.0,Fallback Simulated Observation
NSR-GRID-161,LC08_L2SP_176039_20250820_20250826_02_T1,2025-08-20,39019.751562116646,39019.925614239626,39022.06464654153,-1.0,1.0,277,0.0,Fallback Simulated Observation
NSR-GRID-162,LC08_L2SP_176039_20250820_20250826_02_T1,2025-08-20,28186.123448092145,28186.28414999297,28187.793787732448,-1.0,1.0,277,0.0,Fallback Simulated Observation
NSR-GRID-163,LC08_L2SP_176039_20250820_20250826_02_T1,2025-08-20,36943.2535321306,36943.21730483225,36944.98882578128,-1.0,1.0,277,0.0,Fallback Simulated Observation
NSR-GRID-164,LC08_L2SP_176039_20250820_20250826_02_T1,2025-08-20,43906.7954322467,43906.81770385296,43907.356180386065,-1.0,1.0,277,0.0,Fallback Simulated Observation
NSR-GRID-165,LC08_L2SP_176039_20250820_20250826_02_T1,2025-08-20,50771.08962864547,50771.12887241588,50773.936210753614,-1.0,1.0,277,0.0,Fallback Simulated Observation
NSR-GRID-166,LC08_L2SP_176039_20250820_20250826_02_T1,2025-08-20,43934.02768291545,43934.15403681653,43935.672265999434,-1.0,1.0,277,0.0,Fallback Simulated Observation
NSR-GRID-167,LC08_L2SP_176039_20250820_20250826_02_T1,2025-08-20,45309.939566896035,45309.994411680906,45310.95447194828,-1.0,1.0,277,0.0,Fallback Simulated Observation
NSR-GRID-168,LC08_L2SP_176039_20250820_20250826_02_T1,2025-08-20,44611.403867768,44611.293853526375,44612.77882732418,-1.0,1.0,277,0.0,Fallback Simulated Observation
NSR-GRID-169,LC08_L2SP_176039_20250820_20250826_02_T1,2025-08-20,33180.70368069144,33180.68868435133,33183.144005574686,-1.0,1.0,277,0.0,Fallback Simulated Observation
NSR-GRID-170,LC08_L2SP_176039_20250820_20250826_02_T1,2025-08-20,24792.133754687038,24792.169584668532,24793.40961100097,-1.0,1.0,277,0.0,Fallback Simulated Observation
NSR-GRID-171,LC08_L2SP_176039_20250820_20250826_02_T1,2025-08-20,5672.121033621642,5672.2110056589445,5674.589444753888,-1.0,1.0,277,0.0,Fallback Simulated Observation
NSR-GRID-172,LC08_L2SP_176039_20250820_20250826_02_T1,2025-08-20,593.4543494012858,593.3423408880332,595.8577896208062,-1.0,1.0,277,0.0,Fallback Simulated Observation
NSR-GRID-173,LC08_L2SP_176039_20250820_20250826_02_T1,2025-08-20,2873.11469341175,2873.013998706789,2874.860286329176,-1.0,1.0,277,0.0,Fallback Simulated Observation
NSR-GRID-174,LC08_L2SP_176039_20250820_20250826_02_T1,2025-08-20,38060.968341990534,38060.82833633682,38062.75744441166,-1.0,1.0,277,0.0,Fallback Simulated Observation
NSR-GRID-175,LC08_L2SP_176039_20250820_20250826_02_T1,2025-08-20,46090.057458599134,46090.08063069916,46093.28949181889,-1.0,1.0,277,0.0,Fallback Simulated Observation
NSR-GRID-176,LC08_L2SP_176039_20250820_20250826_02_T1,2025-08-20,46382.03655392122,46382.05201877555,46383.097359956344,-1.0,1.0,277,0.0,Fallback Simulated Observation
NSR-GRID-177,LC08_L2SP_176039_20250820_20250826_02_T1,2025-08-20,43827.65151545521,43827.71152198785,43831.062396653455,-1.0,1.0,277,0.0,Fallback Simulated Observation
NSR-GRID-178,LC08_L2SP_176039_20250820_20250826_02_T1,2025-08-20,46483.14658187274,46483.22833532372,46483.6508590576,-1.0,1.0,277,0.0,Fallback Simulated Observation
NSR-GRID-179,LC08_L2SP_176039_20250820_20250826_02_T1,2025-08-20,45425.69460207883,45425.819012330445,45427.761470498765,-1.0,1.0,277,0.0,Fallback Simulated Observation
NSR-GRID-180,LC08_L2SP_176039_20250820_20250826_02_T1,2025-08-20,47477.75506654382,47477.732791722505,47478.283585151075,-1.0,1.0,277,0.0,Fallback Simulated Observation
NSR-GRID-181,LC08_L2SP_176039_20250820_20250826_02_T1,2025-08-20,44911.145794831995,44911.24589129102,44914.17624231044,-1.0,1.0,277,0.0,Fallback Simulated Observation
NSR-GRID-182,LC08_L2SP_176039_20250820_20250826_02_T1,2025-08-20,48649.56944087567,48649.668841154504,48650.11994083525,-1.0,1.0,277,0.0,Fallback Simulated Observation
NSR-GRID-183,LC08_L2SP_176039_20250820_20250826_02_T1,2025-08-20,44122.70600141418,44122.547782609094,44123.37614682903,-1.0,1.0,277,0.0,Fallback Simulated Observation
NSR-GRID-184,LC08_L2SP_176039_20250820_20250826_02_T1,2025-08-20,43643.501953482824,43643.32500245919,43644.26680097858,-1.0,1.0,277,0.0,Fallback Simulated Observation
NSR-GRID-185,LC08_L2SP_176039_20250820_20250826_02_T1,2025-08-20,34773.32268098182,34773.149183412126,34776.669501375676,-1.0,1.0,277,0.0,Fallback Simulated Observation
NSR-GRID-186,LC08_L2SP_176039_20250820_20250826_02_T1,2025-08-20,47535.038471449785,47535.32273082258,47538.157949311935,-1.0,1.0,277,0.0,Fallback Simulated Observation
NSR-GRID-187,LC08_L2SP_176039_20250820_20250826_02_T1,2025-08-20,52119.40188776824,52119.248918524536,52120.41964515039,-1.0,1.0,277,0.0,Fallback Simulated Observation
NSR-GRID-188,LC08_L2SP_176039_20250820_20250826_02_T1,2025-08-20,51681.30131475663,51681.297488628385,51681.93782747,-1.0,1.0,277,0.0,Fallback Simulated Observation
NSR-GRID-189,LC08_L2SP_176039_20250820_20250826_02_T1,2025-08-20,48188.6841863976,48188.82159893685,48190.54570004137,-1.0,1.0,277,0.0,Fallback Simulated Observation
NSR-GRID-190,LC08_L2SP_176039_20250820_20250826_02_T1,2025-08-20,37605.85084541399,37605.84995832076,37607.317910694204,-1.0,1.0,277,0.0,Fallback Simulated Observation
NSR-GRID-191,LC08_L2SP_176039_20250820_20250826_02_T1,2025-08-20,22867.834574829158,22867.980311993404,22869.541940363993,-1.0,1.0,277,0.0,Fallback Simulated Observation
NSR-GRID-192,LC08_L2SP_176039_20250820_20250826_02_T1,2025-08-20,4018.230456111149,4018.3579808124414,4020.740303654158,-1.0,1.0,277,0.0,Fallback Simulated Observation
NSR-GRID-193,LC08_L2SP_176039_20250820_20250826_02_T1,2025-08-20,48575.53938592737,48575.72182088068,48578.089215758635,-1.0,1.0,277,0.0,Fallback Simulated Observation
NSR-GRID-194,LC08_L2SP_176039_20250820_20250826_02_T1,2025-08-20,14132.658444277067,14132.535988583044,14134.0310834738,-1.0,1.0,277,0.0,Fallback Simulated Observation
NSR-GRID-195,LC08_L2SP_176039_20250820_20250826_02_T1,2025-08-20,43355.002853225065,43354.89721887786,43357.48631603422,-1.0,1.0,277,0.0,Fallback Simulated Observation
NSR-GRID-196,LC08_L2SP_176039_20250820_20250826_02_T1,2025-08-20,12843.00790638505,12843.167771144408,12844.69246740826,-1.0,1.0,277,0.0,Fallback Simulated Observation
NSR-GRID-197,LC08_L2SP_176039_20250820_20250826_02_T1,2025-08-20,41987.56500796766,41987.592757764905,41990.87838482802,-1.0,1.0,277,0.0,Fallback Simulated Observation
NSR-GRID-198,LC08_L2SP_176039_20250820_20250826_02_T1,2025-08-20,30869.98770561769,30870.07094567155,30873.02780778774,-1.0,1.0,277,0.0,Fallback Simulated Observation
NSR-GRID-199,LC08_L2SP_176039_20250820_20250826_02_T1,2025-08-20,51009.07110678993,51009.081839278246,51012.084583949705,-1.0,1.0,277,0.0,Fallback Simulated Observation
NSR-GRID-200,LC08_L2SP_176039_20250820_20250826_02_T1,2025-08-20,52038.273550885155,52038.26638025053,52040.96188285013,-1.0,1.0,277,0.0,Fallback Simulated Observation
NSR-GRID-201,LC08_L2SP_176039_20250820_20250826_02_T1,2025-08-20,48294.517521529895,48294.57095006781,48296.15148587852,-1.0,1.0,277,0.0,Fallback Simulated Observation
NSR-GRID-202,LC08_L2SP_176039_20250820_20250826_02_T1,2025-08-20,46583.82966975575,46583.770693831684,46585.6028000568,-1.0,1.0,277,0.0,Fallback Simulated Observation
NSR-GRID-203,LC08_L2SP_176039_20250820_20250826_02_T1,2025-08-20,40802.111182426226,40801.99678906917,40804.553917898644,-1.0,1.0,277,0.0,Fallback Simulated Observation
NSR-GRID-204,LC08_L2SP_176039_20250820_20250826_02_T1,2025-08-20,46354.17826679686,46354.08627697981,46354.969429189805,-1.0,1.0,277,0.0,Fallback Simulated Observation
NSR-GRID-205,LC08_L2SP_176039_20250820_20250826_02_T1,2025-08-20,42005.108439262985,42005.0395427874,42008.267747429054,-1.0,1.0,277,0.0,Fallback Simulated Observation
NSR-GRID-206,LC08_L2SP_176039_20250820_20250826_02_T1,2025-08-20,48889.62743199366,48889.82006653423,48890.84450890407,-1.0,1.0,277,0.0,Fallback Simulated Observation
NSR-GRID-207,LC08_L2SP_176039_20250820_20250826_02_T1,2025-08-20,49640.23150796508,49640.169934398386,49641.08089621175,-1.0,1.0,277,0.0,Fallback Simulated Observation
NSR-GRID-208,LC08_L2SP_176039_20250820_20250826_02_T1,2025-08-20,52347.83771961751,52348.07212499539,52350.955419172584,-1.0,1.0,277,0.0,Fallback Simulated Observation
NSR-GRID-209,LC08_L2SP_176039_20250820_20250826_02_T1,2025-08-20,51489.34196795255,51489.37958818433,51490.17661767459,-1.0,1.0,277,0.0,Fallback Simulated Observation
NSR-GRID-210,LC08_L2SP_176039_20250820_20250826_02_T1,2025-08-20,51375.14100153479,51375.26462203261,51377.304367218385,-1.0,1.0,277,0.0,Fallback Simulated Observation
NSR-GRID-211,LC08_L2SP_176039_20250820_20250826_02_T1,2025-08-20,50806.212480443435,50806.24470453152,50809.59631817054,-1.0,1.0,277,0.0,Fallback Simulated Observation
NSR-GRID-212,LC08_L2SP_176039_20250820_20250826_02_T1,2025-08-20,31492.91661814509,31492.868059133885,31494.644647036577,-1.0,1.0,277,0.0,Fallback Simulated Observation
NSR-GRID-213,LC08_L2SP_176039_20250820_20250826_02_T1,2025-08-20,22695.370916244898,22695.218621199958,22698.312161131602,-1.0,1.0,277,0.0,Fallback Simulated Observation
NSR-GRID-214,LC08_L2SP_176039_20250820_20250826_02_T1,2025-08-20,52177.558096158595,52177.71607685433,52180.01252442238,-1.0,1.0,277,0.0,Fallback Simulated Observation
NSR-GRID-215,LC08_L2SP_176039_20250820_20250826_02_T1,2025-08-20,44543.78853528541,44543.72058385385,44544.56278493275,-1.0,1.0,277,0.0,Fallback Simulated Observation
NSR-GRID-216,LC08_L2SP_176039_20250820_20250826_02_T1,2025-08-20,42126.479811503385,42126.52154443355,42128.8990546395,-1.0,1.0,277,0.0,Fallback Simulated Observation
NSR-GRID-217,LC08_L2SP_176039_20250820_20250826_02_T1,2025-08-20,50692.96043068398,50693.04374673338,50694.98959880068,-1.0,1.0,277,0.0,Fallback Simulated Observation
NSR-GRID-218,LC08_L2SP_176039_20250820_20250826_02_T1,2025-08-20,47742.37904272142,47742.32416221914,47745.56664353889,-1.0,1.0,277,0.0,Fallback Simulated Observation
NSR-GRID-219,LC08_L2SP_176039_20250820_20250826_02_T1,2025-08-20,44423.52994180969,44423.53474008173,44425.658781563405,-1.0,1.0,277,0.0,Fallback Simulated Observation
NSR-GRID-220,LC08_L2SP_176039_20250820_20250826_02_T1,2025-08-20,42649.032628814544,42648.99552241166,42650.02137712884,-1.0,1.0,277,0.0,Fallback Simulated Observation
NSR-GRID-221,LC08_L2SP_176039_20250820_20250826_02_T1,2025-08-20,55665.491671891425,55665.60204478682,55667.301839565895,-1.0,1.0,277,0.0,Fallback Simulated Observation
NSR-GRID-222,LC08_L2SP_176039_20250820_20250826_02_T1,2025-08-20,38262.37775499838,38262.26408568649,38264.801855456055,-1.0,1.0,277,0.0,Fallback Simulated Observation
NSR-GRID-223,LC08_L2SP_176039_20250820_20250826_02_T1,2025-08-20,52124.11815107627,52124.232369384124,52127.50833121138,-1.0,1.0,277,0.0,Fallback Simulated Observation
NSR-GRID-224,LC08_L2SP_176039_20250820_20250826_02_T1,2025-08-20,52339.012916600994,52338.87027020985,52340.55147252414,-1.0,1.0,277,0.0,Fallback Simulated Observation
NSR-GRID-225,LC08_L2SP_176039_20250820_20250826_02_T1,2025-08-20,43260.45694819928,43260.398578709006,43261.96451114686,-1.0,1.0,277,0.0,Fallback Simulated Observation
NSR-GRID-226,LC08_L2SP_176039_20250820_20250826_02_T1,2025-08-20,39484.29679036831,39484.32955299004,39486.066144960954,-1.0,1.0,277,0.0,Fallback Simulated Observation
NSR-GRID-227,LC08_L2SP_176039_20250820_20250826_02_T1,2025-08-20,52904.96546915642,52905.23984007336,52907.66530404402,-1.0,1.0,277,0.0,Fallback Simulated Observation
NSR-GRID-228,LC08_L2SP_176039_20250820_20250826_02_T1,2025-08-20,54496.91021235933,54496.80508017791,54498.87775224397,-1.0,1.0,277,0.0,Fallback Simulated Observation
NSR-GRID-229,LC08_L2SP_176039_20250820_20250826_02_T1,2025-08-20,53581.62882724484,53581.63470767941,53582.35713041234,-1.0,1.0,277,0.0,Fallback Simulated Observation
NSR-GRID-230,LC08_L2SP_176039_20250820_20250826_02_T1,2025-08-20,48708.10706555208,48708.20117220723,48711.14307091815,-1.0,1.0,277,0.0,Fallback Simulated Observation
NSR-GRID-231,LC08_L2SP_176039_20250820_20250826_02_T1,2025-08-20,13079.163800583254,13079.12658712912,13080.640800780087,-1.0,1.0,277,0.0,Fallback Simulated Observation
NSR-GRID-232,LC08_L2SP_176039_20250820_20250826_02_T1,2025-08-20,46023.79523971718,46023.904177700795,46025.9909188607,-1.0,1.0,277,0.0,Fallback Simulated Observation
NSR-GRID-233,LC08_L2SP_176039_20250820_20250826_02_T1,2025-08-20,49524.49706018222,49524.392069121015,49527.69957112307,-1.0,1.0,277,0.0,Fallback Simulated Observation
NSR-GRID-234,LC08_L2SP_176039_20250820_20250826_02_T1,2025-08-20,49899.8065301683,49899.884958643626,49903.30397886864,-1.0,1.0,277,0.0,Fallback Simulated Observation
NSR-GRID-235,LC08_L2SP_176039_20250820_20250826_02_T1,2025-08-20,47713.13016152154,47713.0075547689,47714.65500970894,-1.0,1.0,277,0.0,Fallback Simulated Observation
NSR-GRID-236,LC08_L2SP_176039_20250820_20250826_02_T1,2025-08-20,35322.32881532342,35322.39200535733,35323.08068243263,-1.0,1.0,277,0.0,Fallback Simulated Observation
NSR-GRID-237,LC08_L2SP_176039_20250820_20250826_02_T1,2025-08-20,6327.7787631766805,6327.676532211076,6330.010369885058,-1.0,1.0,277,0.0,Fallback Simulated Observation
NSR-GRID-238,LC08_L2SP_176039_20250820_20250826_02_T1,2025-08-20,23667.155414909386,23667.27019518856,23670.001608474104,-1.0,1.0,277,0.0,Fallback Simulated Observation
NSR-GRID-239,LC08_L2SP_176039_20250820_20250826_02_T1,2025-08-20,32303.608453435234,32303.720799907027,32305.553113626615,-1.0,1.0,277,0.0,Fallback Simulated Observation
NSR-GRID-240,LC08_L2SP_176039_20250820_20250826_02_T1,2025-08-20,28304.46784776039,28304.355650948393,28307.18608212676,-1.0,1.0,277,0.0,Fallback Simulated Observation
NSR-GRID-241,LC08_L2SP_176039_20250820_20250826_02_T1,2025-08-20,42203.87387709885,42203.86068342736,42205.35894915583,-1.0,1.0,277,0.0,Fallback Simulated Observation
NSR-GRID-242,LC08_L2SP_176039_20250820_20250826_02_T1,2025-08-20,51454.97757881077,51454.90075327874,51456.37057232856,-1.0,1.0,277,0.0,Fallback Simulated Observation
NSR-GRID-243,LC08_L2SP_176039_20250820_20250826_02_T1,2025-08-20,35547.914417387794,35547.76623215748,35550.701994419076,-1.0,1.0,277,0.0,Fallback Simulated Observation
NSR-GRID-244,LC08_L2SP_176039_20250820_20250826_02_T1,2025-08-20,3745.5051489768134,3745.6512170100264,3747.7395709980997,-1.0,1.0,277,0.0,Fallback Simulated Observation
NSR-GRID-245,LC08_L2SP_176039_20250820_20250826_02_T1,2025-08-20,22819.19008068918,22819.27530064049,22821.326503387394,-1.0,1.0,277,0.0,Fallback Simulated Observation
NSR-GRID-246,LC08_L2SP_176039_20250820_20250826_02_T1,2025-08-20,41140.961461728126,41140.96526953007,41143.831259891296,-1.0,1.0,277,0.0,Fallback Simulated Observation
NSR-GRID-247,LC08_L2SP_176039_20250820_20250826_02_T1,2025-08-20,34963.82210301244,34963.83080847612,34964.65554649484,-1.0,1.0,277,0.0,Fallback Simulated Observation
NSR-GRID-248,LC08_L2SP_176039_20250820_20250826_02_T1,2025-08-20,38483.633016309686,38483.75513288469,38484.71272428414,-1.0,1.0,277,0.0,Fallback Simulated Observation
NSR-GRID-249,LC08_L2SP_176039_20250820_20250826_02_T1,2025-08-20,44620.63454374055,44620.826107942616,44623.83264332731,-1.0,1.0,277,0.0,Fallback Simulated Observation
NSR-GRID-250,LC08_L2SP_176039_20250820_20250826_02_T1,2025-08-20,9137.078432218103,9136.947258548878,9139.989135022304,-1.0,1.0,277,0.0,Fallback Simulated Observation
NSR-GRID-251,LC08_L2SP_176039_20250820_20250826_02_T1,2025-08-20,47802.44091442531,47802.362326213,47804.63393792893,-1.0,1.0,277,0.0,Fallback Simulated Observation
NSR-GRID-252,LC08_L2SP_176039_20250820_20250826_02_T1,2025-08-20,51151.53981483052,51151.63192014332,51153.98416859958,-1.0,1.0,277,0.0,Fallback Simulated Observation
NSR-GRID-253,LC08_L2SP_176039_20250820_20250826_02_T1,2025-08-20,48254.712610319926,48254.55580424398,48256.51880321056,-1.0,1.0,277,0.0,Fallback Simulated Observation
NSR-GRID-254,LC08_L2SP_176039_20250820_20250826_02_T1,2025-08-20,45164.770954615706,45164.75407742176,45166.35941470712,-1.0,1.0,277,0.0,Fallback Simulated Observation
NSR-GRID-255,LC08_L2SP_176039_20250820_20250826_02_T1,2025-08-20,32061.558874576098,32061.613355260226,32062.186647438008,-1.0,1.0,277,0.0,Fallback Simulated Observation
NSR-GRID-256,LC08_L2SP_176039_20250820_20250826_02_T1,2025-08-20,19014.64320029773,19014.619809499185,19015.279917862572,-1.0,1.0,277,0.0,Fallback Simulated Observation
NSR-GRID-257,LC08_L2SP_176039_20250820_20250826_02_T1,2025-08-20,17306.861323767374,17306.914735214203,17309.735946786375,-1.0,1.0,277,0.0,Fallback Simulated Observation
NSR-GRID-258,LC08_L2SP_176039_20250820_20250826_02_T1,2025-08-20,18798.739217727412,18798.755899333366,18801.28456709105,-1.0,1.0,277,0.0,Fallback Simulated Observation
NSR-GRID-259,LC08_L2SP_176039_20250820_20250826_02_T1,2025-08-20,38936.83344022253,38936.652398544196,38937.37000287556,-1.0,1.0,277,0.0,Fallback Simulated Observation
NSR-GRID-260,LC08_L2SP_176039_20250820_20250826_02_T1,2025-08-20,44881.09883583239,44881.10807794712,44882.21816390877,-1.0,1.0,277,0.0,Fallback Simulated Observation
NSR-GRID-261,LC08_L2SP_176039_20250820_20250826_02_T1,2025-08-20,24277.364394594628,24277.259399636834,24278.101840457475,-1.0,1.0,277,0.0,Fallback Simulated Observation
NSR-GRID-262,LC08_L2SP_176039_20250820_20250826_02_T1,2025-08-20,2957.299352081645,2957.2037766458625,2959.573574320342,-1.0,1.0,277,0.0,Fallback Simulated Observation
NSR-GRID-263,LC08_L2SP_176039_20250820_20250826_02_T1,2025-08-20,8837.748777967678,8837.82552555946,8838.64233327944,-1.0,1.0,277,0.0,Fallback Simulated Observation
NSR-GRID-264,LC08_L2SP_176039_20250820_20250826_02_T1,2025-08-20,17415.37872577929,17415.45128479684,17417.779021873135,-1.0,1.0,277,0.0,Fallback Simulated Observation
NSR-GRID-265,LC08_L2SP_176039_20250820_20250826_02_T1,2025-08-20,45059.22351365994,45059.34214798351,45060.85139696643,-1.0,1.0,277,0.0,Fallback Simulated Observation
NSR-GRID-266,LC08_L2SP_176039_20250820_20250826_02_T1,2025-08-20,39803.3480469927,39803.43063225968,39805.186218669696,-1.0,1.0,277,0.0,Fallback Simulated Observation
NSR-GRID-267,LC08_L2SP_176039_20250820_20250826_02_T1,2025-08-20,53551.38429503244,53551.27296840556,53553.78431077797,-1.0,1.0,277,0.0,Fallback Simulated Observation
NSR-GRID-268,LC08_L2SP_176039_20250820_20250826_02_T1,2025-08-20,23115.626773613883,23115.515956144234,23118.137733811374,-1.0,1.0,277,0.0,Fallback Simulated Observation
NSR-GRID-269,LC08_L2SP_176039_20250820_20250826_02_T1,2025-08-20,57406.070843605696,57406.093579597706,57407.86868840431,-1.0,1.0,277,0.0,Fallback Simulated Observation
NSR-GRID-270,LC08_L2SP_176039_20250820_20250826_02_T1,2025-08-20,25818.133882049045,25818.135679040548,25820.86522483948,-1.0,1.0,277,0.0,Fallback Simulated Observation
NSR-GRID-271,LC08_L2SP_176039_20250820_20250826_02_T1,2025-08-20,48799.08072651648,48799.07431822882,48801.26130417918,-1.0,1.0,277,0.0,Fallback Simulated Observation
NSR-GRID-272,LC08_L2SP_176039_20250820_20250826_02_T1,2025-08-20,52631.882713096216,52632.12117287625,52632.40580650508,-1.0,1.0,277,0.0,Fallback Simulated Observation
NSR-GRID-273,LC08_L2SP_176039_20250820_20250826_02_T1,2025-08-20,40487.80199155755,40487.822127640415,40489.388159108064,-1.0,1.0,277,0.0,Fallback Simulated Observation
NSR-GRID-274,LC08_L2SP_176039_20250820_20250826_02_T1,2025-08-20,44828.52347123752,44828.45097930323,44831.07015036763,-1.0,1.0,277,0.0,Fallback Simulated Observation
NSR-GRID-275,LC08_L2SP_176039_20250820_20250826_02_T1,2025-08-20,33359.080453671544,33359.09741535222,33360.17943273149,-1.0,1.0,277,0.0,Fallback Simulated Observation
NSR-GRID-276,LC08_L2SP_176039_20250820_20250826_02_T1,2025-08-20,18953.439043091712,18953.381512230873,18956.812012514878,-1.0,1.0,277,0.0,Fallback Simulated Observation
NSR-GRID-277,LC08_L2SP_176039_20250820_20250826_02_T1,2025-08-20,4016.1157090430092,4016.042807470761,4018.7967464071085,-1.0,1.0,277,0.0,Fallback Simulated Observation
NSR-GRID-278,LC08_L2SP_176039_20250820_20250826_02_T1,2025-08-20,21672.51539252909,21672.440682253724,21673.20506554684,-1.0,1.0,277,0.0,Fallback Simulated Observation
NSR-GRID-279,LC08_L2SP_176039_20250820_20250826_02_T1,2025-08-20,22280.51123533575,22280.46162365793,22281.131678645837,-1.0,1.0,277,0.0,Fallback Simulated Observation
NSR-GRID-280,LC08_L2SP_176039_20250820_20250826_02_T1,2025-08-20,6390.48173846979,6390.395041124147,6393.608467569793,-1.0,1.0,277,0.0,Fallback Simulated Observation
NSR-GRID-281,LC08_L2SP_176039_20250820_20250826_02_T1,2025-08-20,159.6024155005204,159.5672018789383,161.53992354270673,-1.0,1.0,277,0.0,Fallback Simulated Observation
NSR-GRID-282,LC08_L2SP_176039_20250820_20250826_02_T1,2025-08-20,6304.067718999481,6304.0049728828335,6307.442575883914,-1.0,1.0,277,0.0,Fallback Simulated Observation
NSR-GRID-283,LC08_L2SP_176039_20250820_20250826_02_T1,2025-08-20,16641.60651381629,16641.595892947116,16642.712766761222,-1.0,1.0,277,0.0,Fallback Simulated Observation
NSR-GRID-284,LC08_L2SP_176039_20250820_20250826_02_T1,2025-08-20,14311.960213116256,14312.082823574789,14314.942043980871,-1.0,1.0,277,0.0,Fallback Simulated Observation
NSR-GRID-285,LC08_L2SP_176039_20250820_20250826_02_T1,2025-08-20,46924.70540073355,46924.620884033764,46926.62571433706,-1.0,1.0,277,0.0,Fallback Simulated Observation
NSR-GRID-286,LC08_L2SP_176039_20250820_20250826_02_T1,2025-08-20,7475.715220009619,7475.731988142964,7476.711544929675,-1.0,1.0,277,0.0,Fallback Simulated Observation
NSR-GRID-287,LC08_L2SP_176039_20250820_20250826_02_T1,2025-08-20,59695.856098102326,59695.916971791936,59697.42085162342,-1.0,1.0,277,0.0,Fallback Simulated Observation
NSR-GRID-288,LC08_L2SP_176039_20250820_20250826_02_T1,2025-08-20,52757.64733121875,52757.570142181234,52759.79232721434,-1.0,1.0,277,0.0,Fallback Simulated Observation
NSR-GRID-289,LC08_L2SP_176039_20250820_20250826_02_T1,2025-08-20,40920.933485380425,40920.738589016604,40923.41705807962,-1.0,1.0,277,0.0,Fallback Simulated Observation
NSR-GRID-290,LC08_L2SP_176039_20250820_20250826_02_T1,2025-08-20,32413.31651557997,32413.415957021978,32416.483740330208,-1.0,1.0,277,0.0,Fallback Simulated Observation
NSR-GRID-291,LC08_L2SP_176039_20250820_20250826_02_T1,2025-08-20,13341.207391034655,13341.315164776424,13342.850820980535,-1.0,1.0,277,0.0,Fallback Simulated Observation
NSR-GRID-292,LC08_L2SP_176039_20250820_20250826_02_T1,2025-08-20,14624.815316938844,14624.841258937971,14626.189758956581,-1.0,1.0,277,0.0,Fallback Simulated Observation
NSR-GRID-293,LC08_L2SP_176039_20250820_20250826_02_T1,2025-08-20,37037.278691857704,37037.37804696043,37038.671707795744,-1.0,1.0,277,0.0,Fallback Simulated Observation
NSR-GRID-294,LC08_L2SP_176039_20250820_20250826_02_T1,2025-08-20,27073.019959257108,27073.124023501387,27076.081248563114,-1.0,1.0,277,0.0,Fallback Simulated Observation
NSR-GRID-295,LC08_L2SP_176039_20250820_20250826_02_T1,2025-08-20,250.94075984933053,250.7372119064754,252.7752476221244,-1.0,1.0,277,0.0,Fallback Simulated Observation
NSR-GRID-296,LC08_L2SP_176039_20250820_20250826_02_T1,2025-08-20,103.94359985951203,103.9372901042166,104.75925528193751,-0.5075631576420986,1.0,277,0.0,Fallback Simulated Observation
NSR-GRID-297,LC08_L2SP_176039_20250820_20250826_02_T1,2025-08-20,259.04378455094525,259.05591373403524,261.6998963994512,-1.0,1.0,277,0.0,Fallback Simulated Observation
NSR-GRID-298,LC08_L2SP_176039_20250820_20250826_02_T1,2025-08-20,572.0072492856427,572.0212959832162,574.0857977159573,-1.0,1.0,277,0.0,Fallback Simulated Observation
NSR-GRID-299,LC08_L2SP_176039_20250820_20250826_02_T1,2025-08-20,469.89954301830176,469.8490320767606,470.6531408641825,-1.0,1.0,277,0.0,Fallback Simulated Observation
NSR-GRID-300,LC08_L2SP_176039_20250820_20250826_02_T1,2025-08-20,33814.18805885005,33814.20838647216,33815.36068828667,-1.0,1.0,277,0.0,Fallback Simulated Observation
NSR-GRID-301,LC08_L2SP_176039_20250820_20250826_02_T1,2025-08-20,44695.349724537,44695.56894478101,44698.72316408526,-1.0,1.0,277,0.0,Fallback Simulated Observation
NSR-GRID-302,LC08_L2SP_176039_20250820_20250826_02_T1,2025-08-20,17443.68960464034,17443.487211479245,17446.035821672624,-1.0,1.0,277,0.0,Fallback Simulated Observation
NSR-GRID-303,LC08_L2SP_176039_20250820_20250826_02_T1,2025-08-20,3157.8520990968113,3157.810888701814,3159.4740098746433,-1.0,1.0,277,0.0,Fallback Simulated Observation
NSR-GRID-304,LC08_L2SP_176039_20250820_20250826_02_T1,2025-08-20,27979.426731549684,27979.36425042923,27980.23584294261,-1.0,1.0,277,0.0,Fallback Simulated Observation
NSR-GRID-305,LC08_L2SP_176039_20250820_20250826_02_T1,2025-08-20,44107.70936922603,44107.77209842735,44108.978810805136,-1.0,1.0,277,0.0,Fallback Simulated Observation
NSR-GRID-306,LC08_L2SP_176039_20250820_20250826_02_T1,2025-08-20,47898.604837093415,47898.54513839031,47901.991629327524,-1.0,1.0,277,0.0,Fallback Simulated Observation
NSR-GRID-307,LC08_L2SP_176039_20250820_20250826_02_T1,2025-08-20,25805.536945123054,25805.54428122187,25806.730930059974,-1.0,1.0,277,0.0,Fallback Simulated Observation
NSR-GRID-308,LC08_L2SP_176039_20250820_20250826_02_T1,2025-08-20,10699.898424038392,10699.92495287287,10702.29655496829,-1.0,1.0,277,0.0,Fallback Simulated Observation
NSR-GRID-309,LC08_L2SP_176039_20250820_20250826_02_T1,2025-08-20,2142.683569454118,2142.776240301419,2145.9213770193346,-1.0,1.0,277,0.0,Fallback Simulated Observation
NSR-GRID-310,LC08_L2SP_176039_20250820_20250826_02_T1,2025-08-20,2090.514649580139,2090.6497489707117,2092.2955487627123,-1.0,1.0,277,0.0,Fallback Simulated Observation
NSR-GRID-311,LC08_L2SP_176039_20250820_20250826_02_T1,2025-08-20,2819.865171077225,2819.8465810077078,2821.2372856449383,-1.0,1.0,277,0.0,Fallback Simulated Observation
NSR-GRID-312,LC08_L2SP_176039_20250820_20250826_02_T1,2025-08-20,5689.61378893592,5689.462277442295,5690.623249973607,-1.0,1.0,277,0.0,Fallback Simulated Observation
NSR-GRID-313,LC08_L2SP_176039_20250820_20250826_02_T1,2025-08-20,4469.096107385407,4469.119582223248,4470.569836392295,-1.0,1.0,277,0.0,Fallback Simulated Observation
NSR-GRID-314,LC08_L2SP_176039_20250820_20250826_02_T1,2025-08-20,83.59167634545994,83.662371846452,85.94021359028096,-0.310052959059506,1.0,277,0.0,Fallback Simulated Observation
NSR-GRID-315,LC08_L2SP_176039_20250820_20250826_02_T1,2025-08-20,46.546650941840205,46.60948041374897,49.20964620197492,0.11419416057351037,-0.08370318119942687,277,0.0,Fallback Simulated Observation
NSR-GRID-316,LC08_L2SP_176039_20250820_20250826_02_T1,2025-08-20,46.336358278739134,46.426747418802734,49.0351561447917,0.06735097212098268,-0.1591799971720569,277,0.0,Fallback Simulated Observation
NSR-GRID-317,LC08_L2SP_176039_20250820_20250826_02_T1,2025-08-20,19963.883402281594,19963.76528923527,19965.750584483634,-1.0,1.0,277,0.0,Fallback Simulated Observation
NSR-GRID-318,LC08_L2SP_176039_20250820_20250826_02_T1,2025-08-20,5817.60606374901,5817.71847333848,5820.197040743806,-1.0,1.0,277,0.0,Fallback Simulated Observation
NSR-GRID-319,LC08_L2SP_176039_20250820_20250826_02_T1,2025-08-20,3152.099216036371,3152.2765495420717,3155.344797170645,-1.0,1.0,277,0.0,Fallback Simulated Observation
NSR-GRID-320,LC08_L2SP_176039_20250820_20250826_02_T1,2025-08-20,40881.814583967236,40881.77280845474,40882.327175449725,-1.0,1.0,277,0.0,Fallback Simulated Observation
NSR-GRID-321,LC08_L2SP_176039_20250820_20250826_02_T1,2025-08-20,42514.333732142724,42514.25646127671,42517.33119246658,-1.0,1.0,277,0.0,Fallback Simulated Observation
NSR-GRID-322,LC08_L2SP_176039_20250820_20250826_02_T1,2025-08-20,15801.662525805132,15801.625269577075,15802.829480432774,-1.0,1.0,277,0.0,Fallback Simulated Observation
NSR-GRID-323,LC08_L2SP_176039_20250820_20250826_02_T1,2025-08-20,13180.438803570674,13180.386572737927,13183.09016202727,-1.0,1.0,277,0.0,Fallback Simulated Observation
NSR-GRID-324,LC08_L2SP_176039_20250820_20250826_02_T1,2025-08-20,14855.248796341713,14855.140012586942,14856.05839577743,-1.0,1.0,277,0.0,Fallback Simulated Observation
NSR-GRID-325,LC08_L2SP_176039_20250820_20250826_02_T1,2025-08-20,6255.930340652038,6256.070558839418,6258.602244273358,-1.0,1.0,277,0.0,Fallback Simulated Observation
NSR-GRID-326,LC08_L2SP_176039_20250820_20250826_02_T1,2025-08-20,1240.6729543115327,1240.5799695166934,1242.7164608061041,-1.0,1.0,277,0.0,Fallback Simulated Observation
NSR-GRID-327,LC08_L2SP_176039_20250820_20250826_02_T1,2025-08-20,4901.459378555068,4901.527642243189,4902.390975783488,-1.0,1.0,277,0.0,Fallback Simulated Observation
NSR-GRID-328,LC08_L2SP_176039_20250820_20250826_02_T1,2025-08-20,5839.8362020326995,5839.987830877755,5840.733698901498,-1.0,1.0,277,0.0,Fallback Simulated Observation
NSR-GRID-329,LC08_L2SP_176039_20250820_20250826_02_T1,2025-08-20,49.50361735206754,49.49575637189222,51.61554812907838,0.04825531267120291,0.03356823682551492,277,0.0,Fallback Simulated Observation
NSR-GRID-330,LC08_L2SP_176039_20250820_20250826_02_T1,2025-08-20,47.247364696222164,47.27867899853552,49.32398688959931,0.07676825838035274,-0.12021913982537955,277,0.0,Fallback Simulated Observation
NSR-GRID-331,LC08_L2SP_176039_20250820_20250826_02_T1,2025-08-20,46.57012508168078,46.642262249459655,49.3537596271772,0.09398900181213084,-0.0852373549647039,277,0.0,Fallback Simulated Observation
NSR-GRID-332,LC08_L2SP_176039_20250820_20250826_02_T1,2025-08-20,15349.997532208967,15349.862023602389,15352.825922126809,-1.0,1.0,277,0.0,Fallback Simulated Observation
NSR-GRID-333,LC08_L2SP_176039_20250820_20250826_02_T1,2025-08-20,584.9023635715783,584.7476020202424,587.220631593248,-1.0,1.0,277,0.0,Fallback Simulated Observation
NSR-GRID-334,LC08_L2SP_176039_20250820_20250826_02_T1,2025-08-20,15313.780472542308,15313.698567277997,15315.977372896621,-1.0,1.0,277,0.0,Fallback Simulated Observation
NSR-GRID-335,LC08_L2SP_176039_20250820_20250826_02_T1,2025-08-20,13761.83119818156,13761.768810594374,13763.491508807369,-1.0,1.0,277,0.0,Fallback Simulated Observation
NSR-GRID-336,LC08_L2SP_176039_20250820_20250826_02_T1,2025-08-20,37570.00151370321,37569.82301984992,37571.9787817714,-1.0,1.0,277,0.0,Fallback Simulated Observation
NSR-GRID-337,LC08_L2SP_176039_20250820_20250826_02_T1,2025-08-20,14312.901877476188,14312.830617567997,14314.627905412564,-1.0,1.0,277,0.0,Fallback Simulated Observation
NSR-GRID-338,LC08_L2SP_176039_20250820_20250826_02_T1,2025-08-20,6864.401458079909,6864.36151560181,6866.040420127515,-1.0,1.0,277,0.0,Fallback Simulated Observation
NSR-GRID-339,LC08_L2SP_176039_20250820_20250826_02_T1,2025-08-20,10740.219768869345,10740.325435064271,10742.225463410554,-1.0,1.0,277,0.0,Fallback Simulated Observation
NSR-GRID-340,LC08_L2SP_176039_20250820_20250826_02_T1,2025-08-20,6749.361872179634,6749.537209699506,6751.202215668728,-1.0,1.0,277,0.0,Fallback Simulated Observation
NSR-GRID-341,LC08_L2SP_176039_20250820_20250826_02_T1,2025-08-20,25111.957336136828,25112.05679522971,25114.284860774966,-1.0,1.0,277,0.0,Fallback Simulated Observation
NSR-GRID-342,LC08_L2SP_176039_20250820_20250826_02_T1,2025-08-20,12348.215653293017,12348.273611077728,12350.015611763716,-1.0,1.0,277,0.0,Fallback Simulated Observation
NSR-GRID-343,LC08_L2SP_176039_20250820_20250826_02_T1,2025-08-20,5495.530930392141,5495.368021063278,5497.817280186549,-1.0,1.0,277,0.0,Fallback Simulated Observation
NSR-GRID-344,LC08_L2SP_176039_20250820_20250826_02_T1,2025-08-20,5216.133152761994,5216.140593429187,5218.129026151793,-1.0,1.0,277,0.0,Fallback Simulated Observation
NSR-GRID-345,LC08_L2SP_176039_20250820_20250826_02_T1,2025-08-20,1028.880192331353,1028.737838817256,1029.3908393069473,-1.0,1.0,277,0.0,Fallback Simulated Observation
NSR-GRID-346,LC08_L2SP_176039_20250820_20250826_02_T1,2025-08-20,61.98825350406795,61.990175389289675,64.13801671562693,-0.06337712454304029,0.4616474999868691,277,0.0,Fallback Simulated Observation
NSR-GRID-347,LC08_L2SP_176039_20250820_20250826_02_T1,2025-08-20,5490.464231755453,5490.372827023369,5492.795007121023,-1.0,1.0,277,0.0,Fallback Simulated Observation
NSR-GRID-348,LC08_L2SP_176039_20250820_20250826_02_T1,2025-08-20,9329.44158800953,9329.521986659118,9331.274593510778,-1.0,1.0,277,0.0,Fallback Simulated Observation
NSR-GRID-349,LC08_L2SP_176039_20250820_20250826_02_T1,2025-08-20,15353.680933896547,15353.823292991648,15354.524877305614,-1.0,1.0,277,0.0,Fallback Simulated Observation
NSR-GRID-350,LC08_L2SP_176039_20250820_20250826_02_T1,2025-08-20,15852.88321715101,15852.926671160734,15854.187206497396,-1.0,1.0,277,0.0,Fallback Simulated Observation
NSR-GRID-351,LC08_L2SP_176039_20250820_20250826_02_T1,2025-08-20,6008.83539238602,6008.7757662975655,6011.250089125101,-1.0,1.0,277,0.0,Fallback Simulated Observation
NSR-GRID-352,LC08_L2SP_176039_20250820_20250826_02_T1,2025-08-20,17146.948697340697,17147.0116058816,17148.060155821848,-1.0,1.0,277,0.0,Fallback Simulated Observation
NSR-GRID-353,LC08_L2SP_176039_20250820_20250826_02_T1,2025-08-20,25374.370443791617,25374.48158248416,25376.310313272006,-1.0,1.0,277,0.0,Fallback Simulated Observation
NSR-GRID-354,LC08_L2SP_176039_20250820_20250826_02_T1,2025-08-20,16859.180456080587,16859.02769798645,16860.731061856524,-1.0,1.0,277,0.0,Fallback Simulated Observation
NSR-GRID-355,LC08_L2SP_176039_20250820_20250826_02_T1,2025-08-20,1999.3585099424358,1999.3454813175074,2000.5639766524612,-1.0,1.0,277,0.0,Fallback Simulated Observation
NSR-GRID-356,LC08_L2SP_176039_20250820_20250826_02_T1,2025-08-20,4589.568757814695,4589.606396670884,4591.29280031569,-1.0,1.0,277,0.0,Fallback Simulated Observation
NSR-GRID-357,LC08_L2SP_176039_20250820_20250826_02_T1,2025-08-20,5753.929208719012,5753.97146543548,5757.370555414922,-1.0,1.0,277,0.0,Fallback Simulated Observation
NSR-GRID-358,LC08_L2SP_176039_20250820_20250826_02_T1,2025-08-20,25697.294108557762,25697.405806500527,25698.669837399135,-1.0,1.0,277,0.0,Fallback Simulated Observation
NSR-GRID-359,LC08_L2SP_176039_20250820_20250826_02_T1,2025-08-20,38941.59648346674,38941.57853663097,38943.14377442622,-1.0,1.0,277,0.0,Fallback Simulated Observation
NSR-GRID-360,LC08_L2SP_176039_20250820_20250826_02_T1,2025-08-20,3653.17088534785,3653.2409075389783,3655.2759729861564,-1.0,1.0,277,0.0,Fallback Simulated Observation
NSR-GRID-361,LC08_L2SP_176039_20250820_20250826_02_T1,2025-08-20,2660.1582319791696,2660.0701912489108,2663.585599988202,-1.0,1.0,277,0.0,Fallback Simulated Observation
NSR-GRID-362,LC08_L2SP_176039_20250820_20250826_02_T1,2025-08-20,5254.244607004975,5254.253611163362,5254.9893818961355,-1.0,1.0,277,0.0,Fallback Simulated Observation
NSR-GRID-363,LC08_L2SP_176039_20250820_20250826_02_T1,2025-08-20,20616.268358598893,20616.473880695743,20619.570589146708,-1.0,1.0,277,0.0,Fallback Simulated Observation
NSR-GRID-364,LC08_L2SP_176039_20250820_20250826_02_T1,2025-08-20,35981.182461006654,35981.15769028681,35982.101376204344,-1.0,1.0,277,0.0,Fallback Simulated Observation
NSR-GRID-365,LC08_L2SP_176039_20250820_20250826_02_T1,2025-08-20,15820.899664530072,15820.894881545453,15821.86977757346,-1.0,1.0,277,0.0,Fallback Simulated Observation
NSR-GRID-366,LC08_L2SP_176039_20250820_20250826_02_T1,2025-08-20,758.0676004458487,757.869667476349,761.4074956837447,-1.0,1.0,277,0.0,Fallback Simulated Observation
NSR-GRID-367,LC08_L2SP_176039_20250820_20250826_02_T1,2025-08-20,9529.458821301352,9529.426003788669,9530.648790141226,-1.0,1.0,277,0.0,Fallback Simulated Observation
NSR-GRID-368,LC08_L2SP_176039_20250820_20250826_02_T1,2025-08-20,4114.2886531160275,4114.214283124337,4116.05422829313,-1.0,1.0,277,0.0,Fallback Simulated Observation
NSR-GRID-369,LC08_L2SP_176039_20250820_20250826_02_T1,2025-08-20,226.15105158191844,225.9488270009981,227.81644250975143,-1.0,1.0,277,0.0,Fallback Simulated Observation
NSR-GRID-370,LC08_L2SP_176039_20250820_20250826_02_T1,2025-08-20,471.2690410150008,471.3131166904447,473.542506028869,-1.0,1.0,277,0.0,Fallback Simulated Observation
NSR-GRID-371,LC08_L2SP_176039_20250820_20250826_02_T1,2025-08-20,603.9509315465375,603.7662893806322,606.029359825605,-1.0,1.0,277,0.0,Fallback Simulated Observation
NSR-GRID-372,LC08_L2SP_176039_20250820_20250826_02_T1,2025-08-20,7857.809883705883,7857.763071252503,7859.748222392094,-1.0,1.0,277,0.0,Fallback Simulated Observation
NSR-GRID-373,LC08_L2SP_176039_20250820_20250826_02_T1,2025-08-20,10385.67647378564,10385.605546613924,10388.221681641837,-1.0,1.0,277,0.0,Fallback Simulated Observation
NSR-GRID-374,LC08_L2SP_176039_20250820_20250826_02_T1,2025-08-20,1608.1958049512766,1608.169085794711,1609.1158820196863,-1.0,1.0,277,0.0,Fallback Simulated Observation
NSR-GRID-375,LC08_L2SP_176039_20250820_20250826_02_T1,2025-08-20,49.89856793285643,49.95121411419762,53.222232838142304,0.05258972727758054,0.05461857417545894,277,0.0,Fallback Simulated Observation
NSR-GRID-376,LC08_L2SP_176039_20250820_20250826_02_T1,2025-08-20,15096.691736080778,15096.767408781063,15098.875353040075,-1.0,1.0,277,0.0,Fallback Simulated Observation
NSR-GRID-377,LC08_L2SP_176039_20250820_20250826_02_T1,2025-08-20,15146.503694216117,15146.544720123014,15148.66822078723,-1.0,1.0,277,0.0,Fallback Simulated Observation
NSR-GRID-378,LC08_L2SP_176039_20250820_20250826_02_T1,2025-08-20,51.83859105035674,51.941310529181024,54.268075403846765,0.005120850341980881,0.03708280060800541,277,0.0,Fallback Simulated Observation
NSR-GRID-379,LC08_L2SP_176039_20250820_20250826_02_T1,2025-08-20,9447.32723938804,9447.103596767689,9450.164525155478,-1.0,1.0,277,0.0,Fallback Simulated Observation
NSR-GRID-380,LC08_L2SP_176039_20250820_20250826_02_T1,2025-08-20,89.68238449811311,89.6454961878194,92.56015791870274,-0.33530689667402386,1.0,277,0.0,Fallback Simulated Observation
NSR-GRID-381,LC08_L2SP_176039_20250820_20250826_02_T1,2025-08-20,45.41874429755922,45.53634606673763,46.24221531911506,0.10968868076880457,-0.14029019147290636,277,0.0,Fallback Simulated Observation
NSR-GRID-382,LC08_L2SP_176039_20250820_20250826_02_T1,2025-08-20,46.07507789233719,46.100746415426336,47.6407844443287,0.08880805816422022,-0.14339521639386324,277,0.0,Fallback Simulated Observation
NSR-GRID-383,LC08_L2SP_176039_20250820_20250826_02_T1,2025-08-20,4445.099154670352,4445.136499205896,4447.450384260371,-1.0,1.0,277,0.0,Fallback Simulated Observation
NSR-GRID-384,LC08_L2SP_176039_20250820_20250826_02_T1,2025-08-20,592.6135839462639,592.7652186928439,595.0980142528327,-1.0,1.0,277,0.0,Fallback Simulated Observation
NSR-GRID-385,LC08_L2SP_176039_20250820_20250826_02_T1,2025-08-20,46.792583116463526,46.80880426693778,47.61922796455702,0.10406473647145156,-0.10702639026461162,277,0.0,Fallback Simulated Observation
NSR-GRID-386,LC08_L2SP_176039_20250820_20250826_02_T1,2025-08-20,49.307404795567265,49.283153150614666,51.31090468125678,0.029810185938199778,-0.0011294869261066834,277,0.0,Fallback Simulated Observation
NSR-GRID-387,LC08_L2SP_176039_20250820_20250826_02_T1,2025-08-20,45.647781616533976,45.76351484610133,46.94375382672798,0.09528375232271129,-0.060824256808592846,277,0.0,Fallback Simulated Observation
NSR-GRID-388,LC08_L2SP_176039_20250820_20250826_02_T1,2025-08-20,343.7941917502014,343.6597571497183,345.1078563113537,-1.0,1.0,277,0.0,Fallback Simulated Observation
NSR-GRID-389,LC08_L2SP_176039_20250820_20250826_02_T1,2025-08-20,5978.403996680635,5978.350351269132,5981.027672772729,-1.0,1.0,277,0.0,Fallback Simulated Observation
NSR-GRID-390,LC08_L2SP_176039_20250820_20250826_02_T1,2025-08-20,74.33795665018692,74.39475610413935,75.81972877128592,-0.2229492490956203,0.9641439501386347,277,0.0,Fallback Simulated Observation
NSR-GRID-391,LC08_L2SP_176039_20250820_20250826_02_T1,2025-08-20,195.2186254319318,195.2191968429871,196.89343107469645,-1.0,1.0,277,0.0,Fallback Simulated Observation
NSR-GRID-392,LC08_L2SP_176039_20250820_20250826_02_T1,2025-08-20,372.42982923035026,372.22038547767875,373.06582313649426,-1.0,1.0,277,0.0,Fallback Simulated Observation
NSR-GRID-393,LC08_L2SP_176039_20250820_20250826_02_T1,2025-08-20,46.35404338858765,46.26790152477789,47.96247955948885,0.11247687488538514,-0.17852701400368143,277,0.0,Fallback Simulated Observation
NSR-GRID-394,LC08_L2SP_176039_20250820_20250826_02_T1,2025-08-20,44.494296030558836,44.454326381475234,47.84158729734411,0.0819175819889059,-0.11227556673641177,277,0.0,Fallback Simulated Observation
NSR-GRID-395,LC08_L2SP_176039_20250820_20250826_02_T1,2025-08-20,46.36149736231051,46.31410354270819,48.52840163392542,0.09805356285398498,-0.11029102582461067,277,0.0,Fallback Simulated Observation
NSR-GRID-396,LC08_L2SP_176039_20250820_20250826_02_T1,2025-08-20,45.32719637690457,45.49546266836938,47.21278975390508,0.06659533275573126,-0.05662820015056719,277,0.0,Fallback Simulated Observation
NSR-GRID-397,LC08_L2SP_176039_20250820_20250826_02_T1,2025-08-20,44.77230863714643,44.76932863952695,45.79450104936836,0.10643761984319604,-0.1214117562232316,277,0.0,Fallback Simulated Observation
NSR-GRID-398,LC08_L2SP_176039_20250820_20250826_02_T1,2025-08-20,45.902315854511876,45.723250755216206,47.43720210878957,0.06147109770410738,-0.0791300312129307,277,0.0,Fallback Simulated Observation
NSR-GRID-399,LC08_L2SP_176039_20250820_20250826_02_T1,2025-08-20,1721.0641727506097,1720.9121959623287,1724.0695512406394,-1.0,1.0,277,0.0,Fallback Simulated Observation
NSR-GRID-400,LC08_L2SP_176039_20250820_20250826_02_T1,2025-08-20,97.50624427894712,97.45393384825867,100.92616551744825,-0.4789808145004034,1.0,277,0.0,Fallback Simulated Observation
NSR-GRID-401,LC08_L2SP_176039_20250820_20250826_02_T1,2025-08-20,46.87262832359437,47.168849710036426,49.0811038391544,0.0674022752485457,-0.1095625176563735,277,0.0,Fallback Simulated Observation
NSR-GRID-402,LC08_L2SP_176039_20250820_20250826_02_T1,2025-08-20,46.90521953520916,47.088175794841284,49.45257079578036,0.08441097813790445,-0.14168482890415718,277,0.0,Fallback Simulated Observation
NSR-GRID-403,LC08_L2SP_176039_20250820_20250826_02_T1,2025-08-20,46.11550802607538,45.934063289349126,48.935478684187615,0.06665231891279744,-0.10919607146167312,277,0.0,Fallback Simulated Observation
NSR-GRID-404,LC08_L2SP_176039_20250820_20250826_02_T1,2025-08-20,44.96060546667543,44.96871984986039,45.93091377868044,0.09204040259172681,-0.097534047395092,277,0.0,Fallback Simulated Observation
NSR-GRID-405,LC08_L2SP_176039_20250820_20250826_02_T1,2025-08-20,45.98747972385825,46.08087894617363,47.351146511997776,0.07491251165946876,-0.09789488627684462,277,0.0,Fallback Simulated Observation
NSR-GRID-406,LC08_L2SP_176039_20250820_20250826_02_T1,2025-08-20,3175.3856097372563,3175.321294696244,3176.2600627443817,-1.0,1.0,277,0.0,Fallback Simulated Observation
NSR-GRID-407,LC08_L2SP_176039_20250820_20250826_02_T1,2025-08-20,2596.886947831214,2596.926079607835,2597.7232887762284,-1.0,1.0,277,0.0,Fallback Simulated Observation
NSR-GRID-408,LC08_L2SP_176039_20250820_20250826_02_T1,2025-08-20,46.59120694883433,46.58416091478773,49.29842829851468,0.09268161873505952,-0.10777808467066888,277,0.0,Fallback Simulated Observation
NSR-GRID-409,LC08_L2SP_176039_20250820_20250826_02_T1,2025-08-20,45.590128251782154,45.621409583456526,47.14407488754168,0.05417088871026071,-0.15511987590600568,277,0.0,Fallback Simulated Observation
NSR-GRID-410,LC08_L2SP_176039_20250820_20250826_02_T1,2025-08-20,135.77334850974358,135.63276254115704,138.9745644654388,-0.871518579943286,1.0,277,0.0,Fallback Simulated Observation
NSR-GRID-411,LC08_L2SP_176039_20250820_20250826_02_T1,2025-08-20,46.63065916415137,46.70043987772473,49.9231702588311,0.07551518088903628,-0.1263250415596374,277,0.0,Fallback Simulated Observation
NSR-GRID-412,LC08_L2SP_176039_20250820_20250826_02_T1,2025-08-20,7321.022043680994,7321.102974771387,7322.962564006573,-1.0,1.0,277,0.0,Fallback Simulated Observation
NSR-GRID-413,LC08_L2SP_176039_20250820_20250826_02_T1,2025-08-20,7518.663385805965,7518.636037382635,7520.461505153711,-1.0,1.0,277,0.0,Fallback Simulated Observation
NSR-GRID-414,LC08_L2SP_176039_20250820_20250826_02_T1,2025-08-20,4072.673425011975,4072.5680781085675,4074.4061311889404,-1.0,1.0,277,0.0,Fallback Simulated Observation
NSR-GRID-415,LC08_L2SP_176039_20250820_20250826_02_T1,2025-08-20,46.46815458473027,46.43055426902397,48.077412108649355,0.06224074126796757,-0.0891634832569977,277,0.0,Fallback Simulated Observation
NSR-GRID-416,LC08_L2SP_176039_20250820_20250826_02_T1,2025-08-20,72.67328429978858,72.83502016953308,73.52657627661843,-0.15711229069809185,0.9542190711832649,277,0.0,Fallback Simulated Observation
NSR-GRID-001,LC09_L2SP_176039_20250812_20250815_02_T1,2025-08-12,47350.57226702956,47350.62245223449,47352.12069051743,-1.0,1.0,277,0.0,Fallback Simulated Observation
NSR-GRID-002,LC09_L2SP_176039_20250812_20250815_02_T1,2025-08-12,45664.472271146005,45664.61252928771,45667.420647866966,-1.0,1.0,277,0.0,Fallback Simulated Observation
NSR-GRID-003,LC09_L2SP_176039_20250812_20250815_02_T1,2025-08-12,48674.2213584748,48674.162662653805,48677.637075522754,-1.0,1.0,277,0.0,Fallback Simulated Observation
NSR-GRID-004,LC09_L2SP_176039_20250812_20250815_02_T1,2025-08-12,37286.101565897035,37286.11782643154,37288.30358568574,-1.0,1.0,277,0.0,Fallback Simulated Observation
NSR-GRID-005,LC09_L2SP_176039_20250812_20250815_02_T1,2025-08-12,49733.711315736,49733.6152710406,49734.54689557504,-1.0,1.0,277,0.0,Fallback Simulated Observation
NSR-GRID-006,LC09_L2SP_176039_20250812_20250815_02_T1,2025-08-12,54377.91246242749,54377.882910798166,54379.81383170557,-1.0,1.0,277,0.0,Fallback Simulated Observation
NSR-GRID-007,LC09_L2SP_176039_20250812_20250815_02_T1,2025-08-12,46231.27919628822,46231.17872580215,46232.7348855826,-1.0,1.0,277,0.0,Fallback Simulated Observation
NSR-GRID-008,LC09_L2SP_176039_20250812_20250815_02_T1,2025-08-12,47464.44532523773,47464.54469420536,47465.74706616294,-1.0,1.0,277,0.0,Fallback Simulated Observation
NSR-GRID-009,LC09_L2SP_176039_20250812_20250815_02_T1,2025-08-12,51571.13126191512,51571.158222284525,51573.04604593195,-1.0,1.0,277,0.0,Fallback Simulated Observation
NSR-GRID-010,LC09_L2SP_176039_20250812_20250815_02_T1,2025-08-12,43093.02703764227,43092.97171342385,43094.23175642567,-1.0,1.0,277,0.0,Fallback Simulated Observation
NSR-GRID-011,LC09_L2SP_176039_20250812_20250815_02_T1,2025-08-12,42441.32183163775,42441.259829342845,42442.4751194934,-1.0,1.0,277,0.0,Fallback Simulated Observation
NSR-GRID-012,LC09_L2SP_176039_20250812_20250815_02_T1,2025-08-12,41238.157586654845,41238.227325987464,41239.20857127119,-1.0,1.0,277,0.0,Fallback Simulated Observation
NSR-GRID-013,LC09_L2SP_176039_20250812_20250815_02_T1,2025-08-12,41068.86814699037,41068.82816472201,41069.5291034824,-1.0,1.0,277,0.0,Fallback Simulated Observation
NSR-GRID-014,LC09_L2SP_176039_20250812_20250815_02_T1,2025-08-12,20613.80442804586,20613.84717797795,20614.333176108998,-1.0,1.0,277,0.0,Fallback Simulated Observation
NSR-GRID-015,LC09_L2SP_176039_20250812_20250815_02_T1,2025-08-12,12751.884661337512,12751.842551060296,12753.451943482494,-1.0,1.0,277,0.0,Fallback Simulated Observation
NSR-GRID-016,LC09_L2SP_176039_20250812_20250815_02_T1,2025-08-12,21951.60491022132,21951.597033038375,21955.09459447986,-1.0,1.0,277,0.0,Fallback Simulated Observation
NSR-GRID-017,LC09_L2SP_176039_20250812_20250815_02_T1,2025-08-12,28844.688236876547,28844.46564333475,28848.015970072225,-1.0,1.0,277,0.0,Fallback Simulated Observation
NSR-GRID-018,LC09_L2SP_176039_20250812_20250815_02_T1,2025-08-12,16803.750407850966,16803.70303064619,16804.436543632233,-1.0,1.0,277,0.0,Fallback Simulated Observation
NSR-GRID-019,LC09_L2SP_176039_20250812_20250815_02_T1,2025-08-12,39530.29936590459,39530.33796836646,39530.9338148366,-1.0,1.0,277,0.0,Fallback Simulated Observation
NSR-GRID-020,LC09_L2SP_176039_20250812_20250815_02_T1,2025-08-12,3866.1931222006287,3866.237594426836,3867.4796368558536,-1.0,1.0,277,0.0,Fallback Simulated Observation
NSR-GRID-021,LC09_L2SP_176039_20250812_20250815_02_T1,2025-08-12,20339.66435519165,20339.60317840543,20341.608743944562,-1.0,1.0,277,0.0,Fallback Simulated Observation
NSR-GRID-022,LC09_L2SP_176039_20250812_20250815_02_T1,2025-08-12,20101.47807310082,20101.514169189595,20103.557313932008,-1.0,1.0,277,0.0,Fallback Simulated Observation
NSR-GRID-023,LC09_L2SP_176039_20250812_20250815_02_T1,2025-08-12,42.93154085924285,42.82954398736608,46.25541071042568,0.059645341198210786,-0.10908690279816509,277,0.0,Fallback Simulated Observation
NSR-GRID-024,LC09_L2SP_176039_20250812_20250815_02_T1,2025-08-12,44920.74964069201,44920.780784900475,44923.86597191839,-1.0,1.0,277,0.0,Fallback Simulated Observation
NSR-GRID-025,LC09_L2SP_176039_20250812_20250815_02_T1,2025-08-12,42916.64543570807,42916.58876864878,42919.85505571182,-1.0,1.0,277,0.0,Fallback Simulated Observation
NSR-GRID-026,LC09_L2SP_176039_20250812_20250815_02_T1,2025-08-12,30580.05831203259,30580.1254077898,30581.842839094978,-1.0,1.0,277,0.0,Fallback Simulated Observation
NSR-GRID-027,LC09_L2SP_176039_20250812_20250815_02_T1,2025-08-12,46470.35126703091,46470.3701282651,46471.17035942999,-1.0,1.0,277,0.0,Fallback Simulated Observation
NSR-GRID-028,LC09_L2SP_176039_20250812_20250815_02_T1,2025-08-12,47905.995866011406,47906.0775896733,47909.14202922424,-1.0,1.0,277,0.0,Fallback Simulated Observation
NSR-GRID-029,LC09_L2SP_176039_20250812_20250815_02_T1,2025-08-12,41728.674454221575,41728.61601324411,41729.67415297183,-1.0,1.0,277,0.0,Fallback Simulated Observation
NSR-GRID-030,LC09_L2SP_176039_20250812_20250815_02_T1,2025-08-12,41635.4557191999,41635.51577017962,41637.50718711136,-1.0,1.0,277,0.0,Fallback Simulated Observation
NSR-GRID-031,LC09_L2SP_176039_20250812_20250815_02_T1,2025-08-12,28024.51731313025,28024.569313568332,28026.98672431191,-1.0,1.0,277,0.0,Fallback Simulated Observation
NSR-GRID-032,LC09_L2SP_176039_20250812_20250815_02_T1,2025-08-12,40980.39960999944,40980.485090703005,40982.01501299259,-1.0,1.0,277,0.0,Fallback Simulated Observation
NSR-GRID-033,LC09_L2SP_176039_20250812_20250815_02_T1,2025-08-12,8667.666075691155,8667.579192542365,8669.387108067867,-1.0,1.0,277,0.0,Fallback Simulated Observation
NSR-GRID-034,LC09_L2SP_176039_20250812_20250815_02_T1,2025-08-12,20274.102648159645,20274.023138878183,20276.19705064752,-1.0,1.0,277,0.0,Fallback Simulated Observation
NSR-GRID-035,LC09_L2SP_176039_20250812_20250815_02_T1,2025-08-12,12366.030005296805,12366.076964945134,12367.499745648636,-1.0,1.0,277,0.0,Fallback Simulated Observation
NSR-GRID-036,LC09_L2SP_176039_20250812_20250815_02_T1,2025-08-12,9338.245679775928,9338.032046604763,9341.135998357637,-1.0,1.0,277,0.0,Fallback Simulated Observation
NSR-GRID-037,LC09_L2SP_176039_20250812_20250815_02_T1,2025-08-12,19724.194619254955,19724.172084441583,19724.837262081597,-1.0,1.0,277,0.0,Fallback Simulated Observation
NSR-GRID-038,LC09_L2SP_176039_20250812_20250815_02_T1,2025-08-12,25585.800462311647,25585.97086695963,25586.896211246323,-1.0,1.0,277,0.0,Fallback Simulated Observation
NSR-GRID-039,LC09_L2SP_176039_20250812_20250815_02_T1,2025-08-12,35222.89200816496,35222.86390584524,35224.7777660452,-1.0,1.0,277,0.0,Fallback Simulated Observation
NSR-GRID-040,LC09_L2SP_176039_20250812_20250815_02_T1,2025-08-12,25607.086245684917,25607.008467468546,25609.024302552563,-1.0,1.0,277,0.0,Fallback Simulated Observation
NSR-GRID-041,LC09_L2SP_176039_20250812_20250815_02_T1,2025-08-12,45223.04846823878,45223.00914459787,45223.60344674442,-1.0,1.0,277,0.0,Fallback Simulated Observation
NSR-GRID-042,LC09_L2SP_176039_20250812_20250815_02_T1,2025-08-12,15714.94744793924,15715.010457255052,15717.624523485983,-1.0,1.0,277,0.0,Fallback Simulated Observation
NSR-GRID-043,LC09_L2SP_176039_20250812_20250815_02_T1,2025-08-12,28663.183932887576,28663.354030039518,28665.099660217318,-1.0,1.0,277,0.0,Fallback Simulated Observation
NSR-GRID-044,LC09_L2SP_176039_20250812_20250815_02_T1,2025-08-12,46219.737525579876,46219.61128033971,46223.029743768966,-1.0,1.0,277,0.0,Fallback Simulated Observation
NSR-GRID-045,LC09_L2SP_176039_20250812_20250815_02_T1,2025-08-12,10154.114920426158,10154.187502540963,10155.239060388956,-1.0,1.0,277,0.0,Fallback Simulated Observation
NSR-GRID-046,LC09_L2SP_176039_20250812_20250815_02_T1,2025-08-12,30426.139874020373,30426.213826500454,30426.82602717828,-1.0,1.0,277,0.0,Fallback Simulated Observation
NSR-GRID-047,LC09_L2SP_176039_20250812_20250815_02_T1,2025-08-12,898.090829645903,898.1248079481169,899.9499016867067,-1.0,1.0,277,0.0,Fallback Simulated Observation
NSR-GRID-048,LC09_L2SP_176039_20250812_20250815_02_T1,2025-08-12,31518.178771405386,31518.364404176722,31520.556369734233,-1.0,1.0,277,0.0,Fallback Simulated Observation
NSR-GRID-049,LC09_L2SP_176039_20250812_20250815_02_T1,2025-08-12,3859.0847071962935,3859.0524523252707,3861.7957849136646,-1.0,1.0,277,0.0,Fallback Simulated Observation
NSR-GRID-050,LC09_L2SP_176039_20250812_20250815_02_T1,2025-08-12,33395.967115614185,33396.068434594636,33396.65042448365,-1.0,1.0,277,0.0,Fallback Simulated Observation
NSR-GRID-051,LC09_L2SP_176039_20250812_20250815_02_T1,2025-08-12,2136.329634092119,2136.291643295465,2139.299263918661,-1.0,1.0,277,0.0,Fallback Simulated Observation
NSR-GRID-052,LC09_L2SP_176039_20250812_20250815_02_T1,2025-08-12,43411.295349368615,43411.32754301303,43413.07194430302,-1.0,1.0,277,0.0,Fallback Simulated Observation
NSR-GRID-053,LC09_L2SP_176039_20250812_20250815_02_T1,2025-08-12,477.57168285811167,477.6228243836139,478.6796985770336,-1.0,1.0,277,0.0,Fallback Simulated Observation
NSR-GRID-054,LC09_L2SP_176039_20250812_20250815_02_T1,2025-08-12,46542.39789222686,46542.50630832856,46544.03922558216,-1.0,1.0,277,0.0,Fallback Simulated Observation
NSR-GRID-055,LC09_L2SP_176039_20250812_20250815_02_T1,2025-08-12,38648.08647691903,38647.884954728484,38650.6316622302,-1.0,1.0,277,0.0,Fallback Simulated Observation
NSR-GRID-056,LC09_L2SP_176039_20250812_20250815_02_T1,2025-08-12,33306.050917751636,33305.9182974727,33306.88405691351,-1.0,1.0,277,0.0,Fallback Simulated Observation
NSR-GRID-057,LC09_L2SP_176039_20250812_20250815_02_T1,2025-08-12,39928.955204546604,39928.86746897309,39931.096321977464,-1.0,1.0,277,0.0,Fallback Simulated Observation
NSR-GRID-058,LC09_L2SP_176039_20250812_20250815_02_T1,2025-08-12,42279.981318542574,42280.0049369581,42280.606492921135,-1.0,1.0,277,0.0,Fallback Simulated Observation
NSR-GRID-059,LC09_L2SP_176039_20250812_20250815_02_T1,2025-08-12,38612.23270361751,38612.16309191238,38613.98598563239,-1.0,1.0,277,0.0,Fallback Simulated Observation
NSR-GRID-060,LC09_L2SP_176039_20250812_20250815_02_T1,2025-08-12,46973.129511569365,46973.14246377719,46973.915632993056,-1.0,1.0,277,0.0,Fallback Simulated Observation
NSR-GRID-061,LC09_L2SP_176039_20250812_20250815_02_T1,2025-08-12,12316.776654678197,12316.835235976552,12319.892396644473,-1.0,1.0,277,0.0,Fallback Simulated Observation
NSR-GRID-062,LC09_L2SP_176039_20250812_20250815_02_T1,2025-08-12,24081.538467263694,24081.44338817184,24085.023317222058,-1.0,1.0,277,0.0,Fallback Simulated Observation
NSR-GRID-063,LC09_L2SP_176039_20250812_20250815_02_T1,2025-08-12,19936.856369076788,19936.836072242473,19938.587285917467,-1.0,1.0,277,0.0,Fallback Simulated Observation
NSR-GRID-064,LC09_L2SP_176039_20250812_20250815_02_T1,2025-08-12,24633.495845849735,24633.53200575315,24636.64450176967,-1.0,1.0,277,0.0,Fallback Simulated Observation
NSR-GRID-065,LC09_L2SP_176039_20250812_20250815_02_T1,2025-08-12,44919.273854259554,44919.16680344609,44921.95412243175,-1.0,1.0,277,0.0,Fallback Simulated Observation
NSR-GRID-066,LC09_L2SP_176039_20250812_20250815_02_T1,2025-08-12,9652.672889907462,9652.591545701862,9654.153765168272,-1.0,1.0,277,0.0,Fallback Simulated Observation
NSR-GRID-067,LC09_L2SP_176039_20250812_20250815_02_T1,2025-08-12,13832.768001475597,13832.796984479784,13834.565694973402,-1.0,1.0,277,0.0,Fallback Simulated Observation
NSR-GRID-068,LC09_L2SP_176039_20250812_20250815_02_T1,2025-08-12,45244.64190010757,45244.587781992115,45245.18126648426,-1.0,1.0,277,0.0,Fallback Simulated Observation
NSR-GRID-069,LC09_L2SP_176039_20250812_20250815_02_T1,2025-08-12,28059.704446067703,28059.79262070778,28062.63987837602,-1.0,1.0,277,0.0,Fallback Simulated Observation
NSR-GRID-070,LC09_L2SP_176039_20250812_20250815_02_T1,2025-08-12,23951.072842550224,23951.068878342434,23953.280062136993,-1.0,1.0,277,0.0,Fallback Simulated Observation
NSR-GRID-071,LC09_L2SP_176039_20250812_20250815_02_T1,2025-08-12,15924.680285832366,15924.70203718196,15925.716446219983,-1.0,1.0,277,0.0,Fallback Simulated Observation
NSR-GRID-072,LC09_L2SP_176039_20250812_20250815_02_T1,2025-08-12,3450.7479884445975,3450.632131528843,3452.237778507125,-1.0,1.0,277,0.0,Fallback Simulated Observation
NSR-GRID-073,LC09_L2SP_176039_20250812_20250815_02_T1,2025-08-12,3110.090751633002,3109.9785365768535,3111.2669579773087,-1.0,1.0,277,0.0,Fallback Simulated Observation
NSR-GRID-074,LC09_L2SP_176039_20250812_20250815_02_T1,2025-08-12,1047.9183993461838,1047.9523898391503,1050.6918392632667,-1.0,1.0,277,0.0,Fallback Simulated Observation
NSR-GRID-075,LC09_L2SP_176039_20250812_20250815_02_T1,2025-08-12,4297.875705530638,4297.961016557083,4301.346301002025,-1.0,1.0,277,0.0,Fallback Simulated Observation
NSR-GRID-076,LC09_L2SP_176039_20250812_20250815_02_T1,2025-08-12,114.63469195611486,114.80794045688442,117.49308322350142,-0.6311712739126891,1.0,277,0.0,Fallback Simulated Observation
NSR-GRID-077,LC09_L2SP_176039_20250812_20250815_02_T1,2025-08-12,112.94248805642086,112.87983803481653,115.50828661844734,-0.5754071197344484,1.0,277,0.0,Fallback Simulated Observation
NSR-GRID-078,LC09_L2SP_176039_20250812_20250815_02_T1,2025-08-12,31758.874377369135,31759.017350895752,31761.388379462445,-1.0,1.0,277,0.0,Fallback Simulated Observation
NSR-GRID-079,LC09_L2SP_176039_20250812_20250815_02_T1,2025-08-12,1149.4093702392072,1149.27967897788,1152.1111504101048,-1.0,1.0,277,0.0,Fallback Simulated Observation
NSR-GRID-080,LC09_L2SP_176039_20250812_20250815_02_T1,2025-08-12,41283.31430303073,41283.25543456638,41285.584340435555,-1.0,1.0,277,0.0,Fallback Simulated Observation
NSR-GRID-081,LC09_L2SP_176039_20250812_20250815_02_T1,2025-08-12,133.49011971798214,133.43368942340106,134.88921321212214,-0.8283966375186941,1.0,277,0.0,Fallback Simulated Observation
NSR-GRID-082,LC09_L2SP_176039_20250812_20250815_02_T1,2025-08-12,43675.34042798495,43675.17248532301,43676.91563470103,-1.0,1.0,277,0.0,Fallback Simulated Observation
NSR-GRID-083,LC09_L2SP_176039_20250812_20250815_02_T1,2025-08-12,41695.635800025135,41695.545576204866,41696.495457637604,-1.0,1.0,277,0.0,Fallback Simulated Observation
NSR-GRID-084,LC09_L2SP_176039_20250812_20250815_02_T1,2025-08-12,41605.64722363282,41605.597464558356,41607.53743427498,-1.0,1.0,277,0.0,Fallback Simulated Observation
NSR-GRID-085,LC09_L2SP_176039_20250812_20250815_02_T1,2025-08-12,42505.741576831126,42505.84595452677,42507.46683295362,-1.0,1.0,277,0.0,Fallback Simulated Observation
NSR-GRID-086,LC09_L2SP_176039_20250812_20250815_02_T1,2025-08-12,41154.58758627741,41154.65732135188,41157.45108584197,-1.0,1.0,277,0.0,Fallback Simulated Observation
NSR-GRID-087,LC09_L2SP_176039_20250812_20250815_02_T1,2025-08-12,42632.79927130962,42632.72845269348,42633.76538237743,-1.0,1.0,277,0.0,Fallback Simulated Observation
NSR-GRID-088,LC09_L2SP_176039_20250812_20250815_02_T1,2025-08-12,31027.03345972679,31027.138323797702,31029.548060313955,-1.0,1.0,277,0.0,Fallback Simulated Observation
NSR-GRID-089,LC09_L2SP_176039_20250812_20250815_02_T1,2025-08-12,36193.00263593885,36192.91535983177,36196.07273060823,-1.0,1.0,277,0.0,Fallback Simulated Observation
NSR-GRID-090,LC09_L2SP_176039_20250812_20250815_02_T1,2025-08-12,26958.931734581423,26958.850044972605,26960.814894573006,-1.0,1.0,277,0.0,Fallback Simulated Observation
NSR-GRID-091,LC09_L2SP_176039_20250812_20250815_02_T1,2025-08-12,21951.329284450887,21951.26526140134,21953.73769404217,-1.0,1.0,277,0.0,Fallback Simulated Observation
NSR-GRID-092,LC09_L2SP_176039_20250812_20250815_02_T1,2025-08-12,47619.57675234005,47619.679668422796,47622.04048188257,-1.0,1.0,277,0.0,Fallback Simulated Observation
NSR-GRID-093,LC09_L2SP_176039_20250812_20250815_02_T1,2025-08-12,26781.646803387037,26781.628883121604,26783.236953500025,-1.0,1.0,277,0.0,Fallback Simulated Observation
NSR-GRID-094,LC09_L2SP_176039_20250812_20250815_02_T1,2025-08-12,36343.380974896434,36343.31932120372,36345.95831134016,-1.0,1.0,277,0.0,Fallback Simulated Observation
NSR-GRID-095,LC09_L2SP_176039_20250812_20250815_02_T1,2025-08-12,26483.59839714993,26483.490181336347,26485.89245224444,-1.0,1.0,277,0.0,Fallback Simulated Observation
NSR-GRID-096,LC09_L2SP_176039_20250812_20250815_02_T1,2025-08-12,38009.42583937183,38009.42739619931,38011.22196751241,-1.0,1.0,277,0.0,Fallback Simulated Observation
NSR-GRID-097,LC09_L2SP_176039_20250812_20250815_02_T1,2025-08-12,33939.70808042864,33939.77328845237,33941.3606478848,-1.0,1.0,277,0.0,Fallback Simulated Observation
NSR-GRID-098,LC09_L2SP_176039_20250812_20250815_02_T1,2025-08-12,38245.29567759643,38245.281648945594,38248.0984956548,-1.0,1.0,277,0.0,Fallback Simulated Observation
NSR-GRID-099,LC09_L2SP_176039_20250812_20250815_02_T1,2025-08-12,32651.88996947929,32651.961775683674,32655.25917181759,-1.0,1.0,277,0.0,Fallback Simulated Observation
NSR-GRID-100,LC09_L2SP_176039_20250812_20250815_02_T1,2025-08-12,8765.235038742547,8765.272335676267,8768.514675366854,-1.0,1.0,277,0.0,Fallback Simulated Observation
NSR-GRID-101,LC09_L2SP_176039_20250812_20250815_02_T1,2025-08-12,4478.763878626952,4478.647029537742,4479.731119422512,-1.0,1.0,277,0.0,Fallback Simulated Observation
NSR-GRID-102,LC09_L2SP_176039_20250812_20250815_02_T1,2025-08-12,255.78929064826073,255.71993379730893,256.7961229226155,-1.0,1.0,277,0.0,Fallback Simulated Observation
NSR-GRID-103,LC09_L2SP_176039_20250812_20250815_02_T1,2025-08-12,1571.137502358726,1571.0911239215882,1573.5807696425838,-1.0,1.0,277,0.0,Fallback Simulated Observation
NSR-GRID-104,LC09_L2SP_176039_20250812_20250815_02_T1,2025-08-12,3111.8703289470354,3111.966121633569,3114.316806576537,-1.0,1.0,277,0.0,Fallback Simulated Observation
NSR-GRID-105,LC09_L2SP_176039_20250812_20250815_02_T1,2025-08-12,41640.17912415,41640.11675254651,41642.252680977974,-1.0,1.0,277,0.0,Fallback Simulated Observation
NSR-GRID-106,LC09_L2SP_176039_20250812_20250815_02_T1,2025-08-12,1098.3669678562435,1098.3559645138175,1100.6768148145952,-1.0,1.0,277,0.0,Fallback Simulated Observation
NSR-GRID-107,LC09_L2SP_176039_20250812_20250815_02_T1,2025-08-12,44163.21657703031,44163.3526807664,44166.67487257075,-1.0,1.0,277,0.0,Fallback Simulated Observation
NSR-GRID-108,LC09_L2SP_176039_20250812_20250815_02_T1,2025-08-12,44321.93076390075,44322.02879776777,44324.2848613533,-1.0,1.0,277,0.0,Fallback Simulated Observation
NSR-GRID-109,LC09_L2SP_176039_20250812_20250815_02_T1,2025-08-12,52877.640564491565,52877.592216100726,52880.26713583118,-1.0,1.0,277,0.0,Fallback Simulated Observation
NSR-GRID-110,LC09_L2SP_176039_20250812_20250815_02_T1,2025-08-12,46815.5178421543,46815.43998388973,46818.077584938364,-1.0,1.0,277,0.0,Fallback Simulated Observation
NSR-GRID-111,LC09_L2SP_176039_20250812_20250815_02_T1,2025-08-12,46566.888877232945,46567.02048717813,46568.51372038466,-1.0,1.0,277,0.0,Fallback Simulated Observation
NSR-GRID-112,LC09_L2SP_176039_20250812_20250815_02_T1,2025-08-12,47351.932253737104,47352.15283237237,47354.766212093265,-1.0,1.0,277,0.0,Fallback Simulated Observation
NSR-GRID-113,LC09_L2SP_176039_20250812_20250815_02_T1,2025-08-12,48710.46422281825,48710.50830479814,48711.9512606596,-1.0,1.0,277,0.0,Fallback Simulated Observation
NSR-GRID-114,LC09_L2SP_176039_20250812_20250815_02_T1,2025-08-12,49742.64578466351,49742.62828992741,49744.82280428047,-1.0,1.0,277,0.0,Fallback Simulated Observation
NSR-GRID-115,LC09_L2SP_176039_20250812_20250815_02_T1,2025-08-12,45089.322524947216,45089.347567975514,45090.49861222318,-1.0,1.0,277,0.0,Fallback Simulated Observation
NSR-GRID-116,LC09_L2SP_176039_20250812_20250815_02_T1,2025-08-12,31726.08843860121,31726.088261698926,31729.005646066842,-1.0,1.0,277,0.0,Fallback Simulated Observation
NSR-GRID-117,LC09_L2SP_176039_20250812_20250815_02_T1,2025-08-12,16026.095597522237,16026.047995747476,16028.300662660196,-1.0,1.0,277,0.0,Fallback Simulated Observation
NSR-GRID-118,LC09_L2SP_176039_20250812_20250815_02_T1,2025-08-12,15516.249608170163,15516.0872494616,15519.27969155678,-1.0,1.0,277,0.0,Fallback Simulated Observation
NSR-GRID-119,LC09_L2SP_176039_20250812_20250815_02_T1,2025-08-12,52105.24439942681,52105.3306384844,52107.442972689,-1.0,1.0,277,0.0,Fallback Simulated Observation
NSR-GRID-120,LC09_L2SP_176039_20250812_20250815_02_T1,2025-08-12,53411.062573521325,53411.20092253777,53414.534660219026,-1.0,1.0,277,0.0,Fallback Simulated Observation
NSR-GRID-121,LC09_L2SP_176039_20250812_20250815_02_T1,2025-08-12,47475.65353913725,47475.863514392055,47476.708231322926,-1.0,1.0,277,0.0,Fallback Simulated Observation
NSR-GRID-122,LC09_L2SP_176039_20250812_20250815_02_T1,2025-08-12,45339.81174944921,45339.79947149648,45340.75548285825,-1.0,1.0,277,0.0,Fallback Simulated Observation
NSR-GRID-123,LC09_L2SP_176039_20250812_20250815_02_T1,2025-08-12,47625.230322297095,47625.234642701966,47628.699012142584,-1.0,1.0,277,0.0,Fallback Simulated Observation
NSR-GRID-124,LC09_L2SP_176039_20250812_20250815_02_T1,2025-08-12,42299.75446555795,42299.67830840524,42301.47087997661,-1.0,1.0,277,0.0,Fallback Simulated Observation
NSR-GRID-125,LC09_L2SP_176039_20250812_20250815_02_T1,2025-08-12,12788.208313735096,12788.431548338414,12788.973016710954,-1.0,1.0,277,0.0,Fallback Simulated Observation
NSR-GRID-126,LC09_L2SP_176039_20250812_20250815_02_T1,2025-08-12,5230.020544240638,5230.011751591546,5233.240136136997,-1.0,1.0,277,0.0,Fallback Simulated Observation
NSR-GRID-127,LC09_L2SP_176039_20250812_20250815_02_T1,2025-08-12,301.5945633541734,301.7483899182646,302.7923441511007,-1.0,1.0,277,0.0,Fallback Simulated Observation
NSR-GRID-128,LC09_L2SP_176039_20250812_20250815_02_T1,2025-08-12,28497.507481888788,28497.306692031412,28500.87392457313,-1.0,1.0,277,0.0,Fallback Simulated Observation
NSR-GRID-129,LC09_L2SP_176039_20250812_20250815_02_T1,2025-08-12,4936.090240720104,4936.0318846653145,4938.1472270894,-1.0,1.0,277,0.0,Fallback Simulated Observation
NSR-GRID-130,LC09_L2SP_176039_20250812_20250815_02_T1,2025-08-12,40958.94727231864,40958.79799330658,40960.44028532659,-1.0,1.0,277,0.0,Fallback Simulated Observation
NSR-GRID-131,LC09_L2SP_176039_20250812_20250815_02_T1,2025-08-12,190.73153928670075,190.63936750305257,193.57128662401698,-1.0,1.0,277,0.0,Fallback Simulated Observation
NSR-GRID-132,LC09_L2SP_176039_20250812_20250815_02_T1,2025-08-12,49203.15809288557,49203.2675289713,49205.69263076581,-1.0,1.0,277,0.0,Fallback Simulated Observation
NSR-GRID-133,LC09_L2SP_176039_20250812_20250815_02_T1,2025-08-12,51309.81740491141,51310.02861384414,51311.40282701552,-1.0,1.0,277,0.0,Fallback Simulated Observation
NSR-GRID-134,LC09_L2SP_176039_20250812_20250815_02_T1,2025-08-12,45597.12732218725,45597.15876964836,45598.74852273774,-1.0,1.0,277,0.0,Fallback Simulated Observation
NSR-GRID-135,LC09_L2SP_176039_20250812_20250815_02_T1,2025-08-12,47540.69912018213,47540.916875601,47541.64903336052,-1.0,1.0,277,0.0,Fallback Simulated Observation
NSR-GRID-136,LC09_L2SP_176039_20250812_20250815_02_T1,2025-08-12,27026.21984443628,27026.26978478494,27028.826185086797,-1.0,1.0,277,0.0,Fallback Simulated Observation
NSR-GRID-137,LC09_L2SP_176039_20250812_20250815_02_T1,2025-08-12,48633.07483692479,48632.994951770386,48634.53511625202,-1.0,1.0,277,0.0,Fallback Simulated Observation
NSR-GRID-138,LC09_L2SP_176039_20250812_20250815_02_T1,2025-08-12,48591.04601512698,48591.11143807763,48592.1049358815,-1.0,1.0,277,0.0,Fallback Simulated Observation
NSR-GRID-139,LC09_L2SP_176039_20250812_20250815_02_T1,2025-08-12,40656.66877334076,40656.72837420806,40657.64154430723,-1.0,1.0,277,0.0,Fallback Simulated Observation
NSR-GRID-140,LC09_L2SP_176039_20250812_20250815_02_T1,2025-08-12,3594.8256746757243,3594.907880854155,3598.1020294525597,-1.0,1.0,277,0.0,Fallback Simulated Observation
NSR-GRID-141,LC09_L2SP_176039_20250812_20250815_02_T1,2025-08-12,143.88800721030623,143.6893781491192,144.69524657968662,-0.9379446322392156,1.0,277,0.0,Fallback Simulated Observation
NSR-GRID-142,LC09_L2SP_176039_20250812_20250815_02_T1,2025-08-12,23312.698814411688,23312.741248906073,23313.7121484117,-1.0,1.0,277,0.0,Fallback Simulated Observation
NSR-GRID-143,LC09_L2SP_176039_20250812_20250815_02_T1,2025-08-12,50035.59694010999,50035.76213154367,50038.419606683456,-1.0,1.0,277,0.0,Fallback Simulated Observation
NSR-GRID-144,LC09_L2SP_176039_20250812_20250815_02_T1,2025-08-12,52681.77699678968,52681.85093697118,52682.936937404374,-1.0,1.0,277,0.0,Fallback Simulated Observation
NSR-GRID-145,LC09_L2SP_176039_20250812_20250815_02_T1,2025-08-12,38890.95473924878,38890.67290882016,38894.33339949168,-1.0,1.0,277,0.0,Fallback Simulated Observation
NSR-GRID-146,LC09_L2SP_176039_20250812_20250815_02_T1,2025-08-12,41638.494321667895,41638.51697382192,41639.90590605986,-1.0,1.0,277,0.0,Fallback Simulated Observation
NSR-GRID-147,LC09_L2SP_176039_20250812_20250815_02_T1,2025-08-12,42304.14587391531,42303.965796845114,42306.528119249124,-1.0,1.0,277,0.0,Fallback Simulated Observation
NSR-GRID-148,LC09_L2SP_176039_20250812_20250815_02_T1,2025-08-12,32784.282935240335,32784.308200874904,32787.19320594763,-1.0,1.0,277,0.0,Fallback Simulated Observation
NSR-GRID-149,LC09_L2SP_176039_20250812_20250815_02_T1,2025-08-12,45152.24095638987,45152.36910592979,45153.480070585756,-1.0,1.0,277,0.0,Fallback Simulated Observation
NSR-GRID-150,LC09_L2SP_176039_20250812_20250815_02_T1,2025-08-12,27113.647100964175,27113.772752627778,27114.929077359517,-1.0,1.0,277,0.0,Fallback Simulated Observation
NSR-GRID-151,LC09_L2SP_176039_20250812_20250815_02_T1,2025-08-12,1176.05965661985,1176.122858942212,1178.355977732251,-1.0,1.0,277,0.0,Fallback Simulated Observation
NSR-GRID-152,LC09_L2SP_176039_20250812_20250815_02_T1,2025-08-12,39165.89594141358,39165.903869105125,39168.01626373035,-1.0,1.0,277,0.0,Fallback Simulated Observation
NSR-GRID-153,LC09_L2SP_176039_20250812_20250815_02_T1,2025-08-12,49221.86266869328,49221.71216150585,49225.26070498166,-1.0,1.0,277,0.0,Fallback Simulated Observation
NSR-GRID-154,LC09_L2SP_176039_20250812_20250815_02_T1,2025-08-12,49410.84569320252,49410.894220235954,49413.51066885098,-1.0,1.0,277,0.0,Fallback Simulated Observation
NSR-GRID-155,LC09_L2SP_176039_20250812_20250815_02_T1,2025-08-12,50269.56623268916,50269.60972198543,50271.469429502504,-1.0,1.0,277,0.0,Fallback Simulated Observation
NSR-GRID-156,LC09_L2SP_176039_20250812_20250815_02_T1,2025-08-12,47358.534105519764,47358.64863794633,47360.58066526751,-1.0,1.0,277,0.0,Fallback Simulated Observation
NSR-GRID-157,LC09_L2SP_176039_20250812_20250815_02_T1,2025-08-12,44640.58320687429,44640.66904199759,44641.86130433779,-1.0,1.0,277,0.0,Fallback Simulated Observation
NSR-GRID-158,LC09_L2SP_176039_20250812_20250815_02_T1,2025-08-12,49632.82231235457,49632.91284466418,49635.42814682829,-1.0,1.0,277,0.0,Fallback Simulated Observation
NSR-GRID-159,LC09_L2SP_176039_20250812_20250815_02_T1,2025-08-12,49685.98783073327,49685.93555261161,49689.38899694295,-1.0,1.0,277,0.0,Fallback Simulated Observation
NSR-GRID-160,LC09_L2SP_176039_20250812_20250815_02_T1,2025-08-12,49134.79443480154,49134.975070517474,49135.34374297533,-1.0,1.0,277,0.0,Fallback Simulated Observation
NSR-GRID-161,LC09_L2SP_176039_20250812_20250815_02_T1,2025-08-12,39020.91384535533,39020.76211996927,39023.95644136572,-1.0,1.0,277,0.0,Fallback Simulated Observation
NSR-GRID-162,LC09_L2SP_176039_20250812_20250815_02_T1,2025-08-12,28188.183816525983,28188.26257537332,28191.35092465838,-1.0,1.0,277,0.0,Fallback Simulated Observation
NSR-GRID-163,LC09_L2SP_176039_20250812_20250815_02_T1,2025-08-12,36944.382653689565,36944.45694402011,36946.3928660161,-1.0,1.0,277,0.0,Fallback Simulated Observation
NSR-GRID-164,LC09_L2SP_176039_20250812_20250815_02_T1,2025-08-12,43907.68078221302,43907.636980356845,43910.45280755504,-1.0,1.0,277,0.0,Fallback Simulated Observation
NSR-GRID-165,LC09_L2SP_176039_20250812_20250815_02_T1,2025-08-12,50772.45005424646,50772.409212261446,50775.26550888277,-1.0,1.0,277,0.0,Fallback Simulated Observation
NSR-GRID-166,LC09_L2SP_176039_20250812_20250815_02_T1,2025-08-12,43935.882575348805,43935.72320276321,43938.36157314388,-1.0,1.0,277,0.0,Fallback Simulated Observation
NSR-GRID-167,LC09_L2SP_176039_20250812_20250815_02_T1,2025-08-12,45310.70122098004,45310.73359648676,45313.078891626654,-1.0,1.0,277,0.0,Fallback Simulated Observation
NSR-GRID-168,LC09_L2SP_176039_20250812_20250815_02_T1,2025-08-12,44612.50161977422,44612.613759176216,44615.355004174904,-1.0,1.0,277,0.0,Fallback Simulated Observation
NSR-GRID-169,LC09_L2SP_176039_20250812_20250815_02_T1,2025-08-12,33182.83053190264,33182.74638115675,33183.95092100171,-1.0,1.0,277,0.0,Fallback Simulated Observation
NSR-GRID-170,LC09_L2SP_176039_20250812_20250815_02_T1,2025-08-12,24793.08926992854,24793.220879064564,24794.16671223185,-1.0,1.0,277,0.0,Fallback Simulated Observation
NSR-GRID-171,LC09_L2SP_176039_20250812_20250815_02_T1,2025-08-12,5673.402215399998,5673.482805177698,5674.334695581163,-1.0,1.0,277,0.0,Fallback Simulated Observation
NSR-GRID-172,LC09_L2SP_176039_20250812_20250815_02_T1,2025-08-12,595.5333095505231,595.6189334824829,598.9366711263234,-1.0,1.0,277,0.0,Fallback Simulated Observation
NSR-GRID-173,LC09_L2SP_176039_20250812_20250815_02_T1,2025-08-12,2874.691696824539,2874.724711819478,2877.8140257076934,-1.0,1.0,277,0.0,Fallback Simulated Observation
NSR-GRID-174,LC09_L2SP_176039_20250812_20250815_02_T1,2025-08-12,38062.014557024304,38062.13648282321,38063.781498657874,-1.0,1.0,277,0.0,Fallback Simulated Observation
NSR-GRID-175,LC09_L2SP_176039_20250812_20250815_02_T1,2025-08-12,46091.013293144606,46091.024716409054,46092.27001080184,-1.0,1.0,277,0.0,Fallback Simulated Observation
NSR-GRID-176,LC09_L2SP_176039_20250812_20250815_02_T1,2025-08-12,46382.979007266935,46382.94231110748,46383.85694084939,-1.0,1.0,277,0.0,Fallback Simulated Observation
NSR-GRID-177,LC09_L2SP_176039_20250812_20250815_02_T1,2025-08-12,43829.09558257822,43829.0826034953,43831.627547342105,-1.0,1.0,277,0.0,Fallback Simulated Observation
NSR-GRID-178,LC09_L2SP_176039_20250812_20250815_02_T1,2025-08-12,46485.51366571011,46485.543266915425,46487.61985829239,-1.0,1.0,277,0.0,Fallback Simulated Observation
NSR-GRID-179,LC09_L2SP_176039_20250812_20250815_02_T1,2025-08-12,45427.52285027592,45427.53199827652,45428.14335371777,-1.0,1.0,277,0.0,Fallback Simulated Observation
NSR-GRID-180,LC09_L2SP_176039_20250812_20250815_02_T1,2025-08-12,47479.641752767675,47479.72659841332,47482.75060376302,-1.0,1.0,277,0.0,Fallback Simulated Observation
NSR-GRID-181,LC09_L2SP_176039_20250812_20250815_02_T1,2025-08-12,44912.96566815133,44912.854126150974,44914.62030653398,-1.0,1.0,277,0.0,Fallback Simulated Observation
NSR-GRID-182,LC09_L2SP_176039_20250812_20250815_02_T1,2025-08-12,48650.205786491024,48650.15366975432,48652.443877343,-1.0,1.0,277,0.0,Fallback Simulated Observation
NSR-GRID-183,LC09_L2SP_176039_20250812_20250815_02_T1,2025-08-12,44124.32763159207,44124.26246117725,44125.107535127136,-1.0,1.0,277,0.0,Fallback Simulated Observation
NSR-GRID-184,LC09_L2SP_176039_20250812_20250815_02_T1,2025-08-12,43645.83693777021,43645.73568837319,43646.60724760936,-1.0,1.0,277,0.0,Fallback Simulated Observation
NSR-GRID-185,LC09_L2SP_176039_20250812_20250815_02_T1,2025-08-12,34772.78571499959,34772.89901061607,34775.795867096014,-1.0,1.0,277,0.0,Fallback Simulated Observation
NSR-GRID-186,LC09_L2SP_176039_20250812_20250815_02_T1,2025-08-12,47535.53225162047,47535.53660031333,47536.3115396161,-1.0,1.0,277,0.0,Fallback Simulated Observation
NSR-GRID-187,LC09_L2SP_176039_20250812_20250815_02_T1,2025-08-12,52121.44075107526,52121.42579254373,52122.842631794876,-1.0,1.0,277,0.0,Fallback Simulated Observation
NSR-GRID-188,LC09_L2SP_176039_20250812_20250815_02_T1,2025-08-12,51681.898204608464,51681.9174867635,51683.82910828175,-1.0,1.0,277,0.0,Fallback Simulated Observation
NSR-GRID-189,LC09_L2SP_176039_20250812_20250815_02_T1,2025-08-12,48189.95603903266,48190.03813574659,48190.497981408174,-1.0,1.0,277,0.0,Fallback Simulated Observation
NSR-GRID-190,LC09_L2SP_176039_20250812_20250815_02_T1,2025-08-12,37606.66027195302,37606.81221141271,37607.909578991595,-1.0,1.0,277,0.0,Fallback Simulated Observation
NSR-GRID-191,LC09_L2SP_176039_20250812_20250815_02_T1,2025-08-12,22868.824318751187,22869.018493363394,22870.387787403535,-1.0,1.0,277,0.0,Fallback Simulated Observation
NSR-GRID-192,LC09_L2SP_176039_20250812_20250815_02_T1,2025-08-12,4019.72829441773,4019.7448862348397,4020.4322952686725,-1.0,1.0,277,0.0,Fallback Simulated Observation
NSR-GRID-193,LC09_L2SP_176039_20250812_20250815_02_T1,2025-08-12,48576.324954539385,48576.197292719364,48579.04340529625,-1.0,1.0,277,0.0,Fallback Simulated Observation
NSR-GRID-194,LC09_L2SP_176039_20250812_20250815_02_T1,2025-08-12,14132.43376364986,14132.610304571208,14135.699267179762,-1.0,1.0,277,0.0,Fallback Simulated Observation
NSR-GRID-195,LC09_L2SP_176039_20250812_20250815_02_T1,2025-08-12,43356.79158441253,43356.71612397429,43359.45445034398,-1.0,1.0,277,0.0,Fallback Simulated Observation
NSR-GRID-196,LC09_L2SP_176039_20250812_20250815_02_T1,2025-08-12,12844.466061107703,12844.381536207338,12847.792500916901,-1.0,1.0,277,0.0,Fallback Simulated Observation
NSR-GRID-197,LC09_L2SP_176039_20250812_20250815_02_T1,2025-08-12,41988.996531799276,41988.976487301006,41991.23958050802,-1.0,1.0,277,0.0,Fallback Simulated Observation
NSR-GRID-198,LC09_L2SP_176039_20250812_20250815_02_T1,2025-08-12,30870.783468088182,30870.870100124666,30873.98847552508,-1.0,1.0,277,0.0,Fallback Simulated Observation
NSR-GRID-199,LC09_L2SP_176039_20250812_20250815_02_T1,2025-08-12,51010.76354693909,51010.73012623928,51013.173434294426,-1.0,1.0,277,0.0,Fallback Simulated Observation
NSR-GRID-200,LC09_L2SP_176039_20250812_20250815_02_T1,2025-08-12,52039.79759843693,52039.66955685659,52040.80848518969,-1.0,1.0,277,0.0,Fallback Simulated Observation
NSR-GRID-201,LC09_L2SP_176039_20250812_20250815_02_T1,2025-08-12,48295.695003104374,48295.695984478414,48298.250486706216,-1.0,1.0,277,0.0,Fallback Simulated Observation
NSR-GRID-202,LC09_L2SP_176039_20250812_20250815_02_T1,2025-08-12,46585.21213094546,46585.29676446726,46587.851248771236,-1.0,1.0,277,0.0,Fallback Simulated Observation
NSR-GRID-203,LC09_L2SP_176039_20250812_20250815_02_T1,2025-08-12,40803.9368490223,40803.84588381972,40806.42086694746,-1.0,1.0,277,0.0,Fallback Simulated Observation
NSR-GRID-204,LC09_L2SP_176039_20250812_20250815_02_T1,2025-08-12,46355.89506427744,46355.785650737525,46356.68673753122,-1.0,1.0,277,0.0,Fallback Simulated Observation
NSR-GRID-205,LC09_L2SP_176039_20250812_20250815_02_T1,2025-08-12,42006.440677152495,42006.53536329866,42009.4900839349,-1.0,1.0,277,0.0,Fallback Simulated Observation
NSR-GRID-206,LC09_L2SP_176039_20250812_20250815_02_T1,2025-08-12,48891.100614928044,48891.22423844044,48892.214575516984,-1.0,1.0,277,0.0,Fallback Simulated Observation
NSR-GRID-207,LC09_L2SP_176039_20250812_20250815_02_T1,2025-08-12,49642.22956268518,49642.34431474684,49643.13565007046,-1.0,1.0,277,0.0,Fallback Simulated Observation
NSR-GRID-208,LC09_L2SP_176039_20250812_20250815_02_T1,2025-08-12,52348.74809793769,52348.892804967865,52349.48036472769,-1.0,1.0,277,0.0,Fallback Simulated Observation
NSR-GRID-209,LC09_L2SP_176039_20250812_20250815_02_T1,2025-08-12,51490.69538328157,51490.70884161005,51492.23286177293,-1.0,1.0,277,0.0,Fallback Simulated Observation
NSR-GRID-210,LC09_L2SP_176039_20250812_20250815_02_T1,2025-08-12,51375.85001233442,51375.880529652735,51376.35625425195,-1.0,1.0,277,0.0,Fallback Simulated Observation
NSR-GRID-211,LC09_L2SP_176039_20250812_20250815_02_T1,2025-08-12,50807.56436513209,50807.619477792505,50809.04772333958,-1.0,1.0,277,0.0,Fallback Simulated Observation
NSR-GRID-212,LC09_L2SP_176039_20250812_20250815_02_T1,2025-08-12,31494.73883360207,31494.750671190603,31495.315156305467,-1.0,1.0,277,0.0,Fallback Simulated Observation
NSR-GRID-213,LC09_L2SP_176039_20250812_20250815_02_T1,2025-08-12,22695.95787702995,22695.824307877778,22697.97306838249,-1.0,1.0,277,0.0,Fallback Simulated Observation
NSR-GRID-214,LC09_L2SP_176039_20250812_20250815_02_T1,2025-08-12,52177.9476307776,52177.782639238394,52179.40030519646,-1.0,1.0,277,0.0,Fallback Simulated Observation
NSR-GRID-215,LC09_L2SP_176039_20250812_20250815_02_T1,2025-08-12,44544.75113780595,44544.77132652538,44545.6042924032,-1.0,1.0,277,0.0,Fallback Simulated Observation
NSR-GRID-216,LC09_L2SP_176039_20250812_20250815_02_T1,2025-08-12,42127.45309798703,42127.446018744515,42128.51793903372,-1.0,1.0,277,0.0,Fallback Simulated Observation
NSR-GRID-217,LC09_L2SP_176039_20250812_20250815_02_T1,2025-08-12,50693.72503819641,50693.60134287057,50695.24555104758,-1.0,1.0,277,0.0,Fallback Simulated Observation
NSR-GRID-218,LC09_L2SP_176039_20250812_20250815_02_T1,2025-08-12,47744.151806646296,47744.16982286095,47744.97539966163,-1.0,1.0,277,0.0,Fallback Simulated Observation
NSR-GRID-219,LC09_L2SP_176039_20250812_20250815_02_T1,2025-08-12,44424.14517153679,44424.096291556954,44427.416711409365,-1.0,1.0,277,0.0,Fallback Simulated Observation
NSR-GRID-220,LC09_L2SP_176039_20250812_20250815_02_T1,2025-08-12,42649.83985400093,42649.8606059647,42652.592487330476,-1.0,1.0,277,0.0,Fallback Simulated Observation
NSR-GRID-221,LC09_L2SP_176039_20250812_20250815_02_T1,2025-08-12,55665.790171683206,55665.84249358432,55668.27421630214,-1.0,1.0,277,0.0,Fallback Simulated Observation
NSR-GRID-222,LC09_L2SP_176039_20250812_20250815_02_T1,2025-08-12,38263.59402380565,38263.61602690606,38264.57735352121,-1.0,1.0,277,0.0,Fallback Simulated Observation
NSR-GRID-223,LC09_L2SP_176039_20250812_20250815_02_T1,2025-08-12,52124.17958643325,52124.14552602548,52125.741978342296,-1.0,1.0,277,0.0,Fallback Simulated Observation
NSR-GRID-224,LC09_L2SP_176039_20250812_20250815_02_T1,2025-08-12,52340.43026290735,52340.20577688069,52342.0705809035,-1.0,1.0,277,0.0,Fallback Simulated Observation
NSR-GRID-225,LC09_L2SP_176039_20250812_20250815_02_T1,2025-08-12,43261.25144771795,43261.19444018403,43263.42126541249,-1.0,1.0,277,0.0,Fallback Simulated Observation
NSR-GRID-226,LC09_L2SP_176039_20250812_20250815_02_T1,2025-08-12,39485.225674981426,39485.24128551668,39487.06151233194,-1.0,1.0,277,0.0,Fallback Simulated Observation
NSR-GRID-227,LC09_L2SP_176039_20250812_20250815_02_T1,2025-08-12,52906.83408744864,52906.69205727063,52908.24907400355,-1.0,1.0,277,0.0,Fallback Simulated Observation
NSR-GRID-228,LC09_L2SP_176039_20250812_20250815_02_T1,2025-08-12,54498.33079112173,54498.44598967831,54500.50780033195,-1.0,1.0,277,0.0,Fallback Simulated Observation
NSR-GRID-229,LC09_L2SP_176039_20250812_20250815_02_T1,2025-08-12,53582.51027319735,53582.47733355176,53583.52918177116,-1.0,1.0,277,0.0,Fallback Simulated Observation
NSR-GRID-230,LC09_L2SP_176039_20250812_20250815_02_T1,2025-08-12,48709.55933716874,48709.59225427097,48710.86643781507,-1.0,1.0,277,0.0,Fallback Simulated Observation
NSR-GRID-231,LC09_L2SP_176039_20250812_20250815_02_T1,2025-08-12,13080.559351243273,13080.510587335924,13082.986331919126,-1.0,1.0,277,0.0,Fallback Simulated Observation
NSR-GRID-232,LC09_L2SP_176039_20250812_20250815_02_T1,2025-08-12,46025.03067193923,46025.00216436494,46027.88295604097,-1.0,1.0,277,0.0,Fallback Simulated Observation
NSR-GRID-233,LC09_L2SP_176039_20250812_20250815_02_T1,2025-08-12,49525.67872102462,49525.705373189616,49526.887932901474,-1.0,1.0,277,0.0,Fallback Simulated Observation
NSR-GRID-234,LC09_L2SP_176039_20250812_20250815_02_T1,2025-08-12,49901.80129246803,49901.57299143079,49902.46128483755,-1.0,1.0,277,0.0,Fallback Simulated Observation
NSR-GRID-235,LC09_L2SP_176039_20250812_20250815_02_T1,2025-08-12,47713.31775687259,47713.39521943611,47716.527720188395,-1.0,1.0,277,0.0,Fallback Simulated Observation
NSR-GRID-236,LC09_L2SP_176039_20250812_20250815_02_T1,2025-08-12,35322.889645984375,35322.92074361887,35325.42076803982,-1.0,1.0,277,0.0,Fallback Simulated Observation
NSR-GRID-237,LC09_L2SP_176039_20250812_20250815_02_T1,2025-08-12,6329.048842266471,6328.950810891876,6331.174485127789,-1.0,1.0,277,0.0,Fallback Simulated Observation
NSR-GRID-238,LC09_L2SP_176039_20250812_20250815_02_T1,2025-08-12,23668.665669661204,23668.61013283552,23671.452271979982,-1.0,1.0,277,0.0,Fallback Simulated Observation
NSR-GRID-239,LC09_L2SP_176039_20250812_20250815_02_T1,2025-08-12,32303.74773148663,32303.82121262098,32305.769686988668,-1.0,1.0,277,0.0,Fallback Simulated Observation
NSR-GRID-240,LC09_L2SP_176039_20250812_20250815_02_T1,2025-08-12,28305.358466833026,28305.309431173373,28308.834335945434,-1.0,1.0,277,0.0,Fallback Simulated Observation
NSR-GRID-241,LC09_L2SP_176039_20250812_20250815_02_T1,2025-08-12,42202.898224277444,42203.1074341346,42203.923063818715,-1.0,1.0,277,0.0,Fallback Simulated Observation
NSR-GRID-242,LC09_L2SP_176039_20250812_20250815_02_T1,2025-08-12,51456.26094294924,51456.15811077103,51458.451919048144,-1.0,1.0,277,0.0,Fallback Simulated Observation
NSR-GRID-243,LC09_L2SP_176039_20250812_20250815_02_T1,2025-08-12,35548.049999748895,35548.05803825277,35551.29407252302,-1.0,1.0,277,0.0,Fallback Simulated Observation
NSR-GRID-244,LC09_L2SP_176039_20250812_20250815_02_T1,2025-08-12,3746.607123615944,3746.570923562045,3748.99478053221,-1.0,1.0,277,0.0,Fallback Simulated Observation
NSR-GRID-245,LC09_L2SP_176039_20250812_20250815_02_T1,2025-08-12,22820.18702415569,22820.31698728422,22821.646032569395,-1.0,1.0,277,0.0,Fallback Simulated Observation
NSR-GRID-246,LC09_L2SP_176039_20250812_20250815_02_T1,2025-08-12,41142.13265822731,41142.094733636535,41142.74650968609,-1.0,1.0,277,0.0,Fallback Simulated Observation
NSR-GRID-247,LC09_L2SP_176039_20250812_20250815_02_T1,2025-08-12,34964.969462708985,34965.03899198165,34966.95297007337,-1.0,1.0,277,0.0,Fallback Simulated Observation
NSR-GRID-248,LC09_L2SP_176039_20250812_20250815_02_T1,2025-08-12,38484.93483912025,38484.925251989625,38487.114852212486,-1.0,1.0,277,0.0,Fallback Simulated Observation
NSR-GRID-249,LC09_L2SP_176039_20250812_20250815_02_T1,2025-08-12,44622.3944591957,44622.38612597564,44624.69205046876,-1.0,1.0,277,0.0,Fallback Simulated Observation
NSR-GRID-250,LC09_L2SP_176039_20250812_20250815_02_T1,2025-08-12,9138.444149611007,9138.571192946572,9139.655732664409,-1.0,1.0,277,0.0,Fallback Simulated Observation
NSR-GRID-251,LC09_L2SP_176039_20250812_20250815_02_T1,2025-08-12,47803.48077736546,47803.52605362425,47806.83499391259,-1.0,1.0,277,0.0,Fallback Simulated Observation
NSR-GRID-252,LC09_L2SP_176039_20250812_20250815_02_T1,2025-08-12,51152.84849118527,51152.932730955385,51155.86670121695,-1.0,1.0,277,0.0,Fallback Simulated Observation
NSR-GRID-253,LC09_L2SP_176039_20250812_20250815_02_T1,2025-08-12,48256.393054469794,48256.559979164034,48257.832022017275,-1.0,1.0,277,0.0,Fallback Simulated Observation
NSR-GRID-254,LC09_L2SP_176039_20250812_20250815_02_T1,2025-08-12,45164.283923597046,45164.30799257928,45165.79657003635,-1.0,1.0,277,0.0,Fallback Simulated Observation
NSR-GRID-255,LC09_L2SP_176039_20250812_20250815_02_T1,2025-08-12,32062.893647848807,32062.89090761972,32064.580445394357,-1.0,1.0,277,0.0,Fallback Simulated Observation
NSR-GRID-256,LC09_L2SP_176039_20250812_20250815_02_T1,2025-08-12,19015.693872670126,19015.66870372105,19018.772458533465,-1.0,1.0,277,0.0,Fallback Simulated Observation
NSR-GRID-257,LC09_L2SP_176039_20250812_20250815_02_T1,2025-08-12,17308.57109114387,17308.587161598996,17310.800017603535,-1.0,1.0,277,0.0,Fallback Simulated Observation
NSR-GRID-258,LC09_L2SP_176039_20250812_20250815_02_T1,2025-08-12,18800.48301527313,18800.537919454266,18803.34210708294,-1.0,1.0,277,0.0,Fallback Simulated Observation
NSR-GRID-259,LC09_L2SP_176039_20250812_20250815_02_T1,2025-08-12,38937.65416910063,38937.52168297024,38940.18647315397,-1.0,1.0,277,0.0,Fallback Simulated Observation
NSR-GRID-260,LC09_L2SP_176039_20250812_20250815_02_T1,2025-08-12,44881.91228940035,44881.98210584253,44885.102924125844,-1.0,1.0,277,0.0,Fallback Simulated Observation
NSR-GRID-261,LC09_L2SP_176039_20250812_20250815_02_T1,2025-08-12,24278.878009768385,24278.984795436114,24280.397038784024,-1.0,1.0,277,0.0,Fallback Simulated Observation
NSR-GRID-262,LC09_L2SP_176039_20250812_20250815_02_T1,2025-08-12,2958.3707785142897,2958.366895885424,2961.098488846517,-1.0,1.0,277,0.0,Fallback Simulated Observation
NSR-GRID-263,LC09_L2SP_176039_20250812_20250815_02_T1,2025-08-12,8838.827714108289,8839.011157241603,8841.65983349592,-1.0,1.0,277,0.0,Fallback Simulated Observation
NSR-GRID-264,LC09_L2SP_176039_20250812_20250815_02_T1,2025-08-12,17416.553997590643,17416.70938090487,17417.092179435713,-1.0,1.0,277,0.0,Fallback Simulated Observation
NSR-GRID-265,LC09_L2SP_176039_20250812_20250815_02_T1,2025-08-12,45061.047701695505,45060.754081601124,45062.794964858535,-1.0,1.0,277,0.0,Fallback Simulated Observation
NSR-GRID-266,LC09_L2SP_176039_20250812_20250815_02_T1,2025-08-12,39804.57038040349,39804.59986475981,39806.90130374811,-1.0,1.0,277,0.0,Fallback Simulated Observation
NSR-GRID-267,LC09_L2SP_176039_20250812_20250815_02_T1,2025-08-12,53552.826999989,53552.68039616886,53555.499229254376,-1.0,1.0,277,0.0,Fallback Simulated Observation
NSR-GRID-268,LC09_L2SP_176039_20250812_20250815_02_T1,2025-08-12,23116.905358319014,23116.978104538466,23118.219908052215,-1.0,1.0,277,0.0,Fallback Simulated Observation
NSR-GRID-269,LC09_L2SP_176039_20250812_20250815_02_T1,2025-08-12,57406.677251011635,57406.68748923147,57408.882339288175,-1.0,1.0,277,0.0,Fallback Simulated Observation
NSR-GRID-270,LC09_L2SP_176039_20250812_20250815_02_T1,2025-08-12,25818.974598701607,25818.754181363067,25820.74219876626,-1.0,1.0,277,0.0,Fallback Simulated Observation
NSR-GRID-271,LC09_L2SP_176039_20250812_20250815_02_T1,2025-08-12,48800.29676125501,48800.198953828745,48803.57069539276,-1.0,1.0,277,0.0,Fallback Simulated Observation
NSR-GRID-272,LC09_L2SP_176039_20250812_20250815_02_T1,2025-08-12,52632.8377105407,52632.730552646644,52634.70878638214,-1.0,1.0,277,0.0,Fallback Simulated Observation
NSR-GRID-273,LC09_L2SP_176039_20250812_20250815_02_T1,2025-08-12,40489.75708773578,40489.644697623284,40493.07207707151,-1.0,1.0,277,0.0,Fallback Simulated Observation
NSR-GRID-274,LC09_L2SP_176039_20250812_20250815_02_T1,2025-08-12,44829.80506155547,44829.587523412265,44832.62949071799,-1.0,1.0,277,0.0,Fallback Simulated Observation
NSR-GRID-275,LC09_L2SP_176039_20250812_20250815_02_T1,2025-08-12,33360.310497237886,33360.345233578235,33362.35221137553,-1.0,1.0,277,0.0,Fallback Simulated Observation
NSR-GRID-276,LC09_L2SP_176039_20250812_20250815_02_T1,2025-08-12,18955.100544377034,18955.026316408483,18956.892770301678,-1.0,1.0,277,0.0,Fallback Simulated Observation
NSR-GRID-277,LC09_L2SP_176039_20250812_20250815_02_T1,2025-08-12,4016.825321185165,4016.7445831795367,4018.477366274347,-1.0,1.0,277,0.0,Fallback Simulated Observation
NSR-GRID-278,LC09_L2SP_176039_20250812_20250815_02_T1,2025-08-12,21674.36676107065,21674.1653073115,21675.592266055515,-1.0,1.0,277,0.0,Fallback Simulated Observation
NSR-GRID-279,LC09_L2SP_176039_20250812_20250815_02_T1,2025-08-12,22282.490547230984,22282.42141374487,22285.139430222443,-1.0,1.0,277,0.0,Fallback Simulated Observation
NSR-GRID-280,LC09_L2SP_176039_20250812_20250815_02_T1,2025-08-12,6392.2134300897405,6392.178981413245,6393.911147598748,-1.0,1.0,277,0.0,Fallback Simulated Observation
NSR-GRID-281,LC09_L2SP_176039_20250812_20250815_02_T1,2025-08-12,160.64444724676386,160.5555547658579,162.10234820774414,-1.0,1.0,277,0.0,Fallback Simulated Observation
NSR-GRID-282,LC09_L2SP_176039_20250812_20250815_02_T1,2025-08-12,6305.449050927482,6305.362698321177,6308.938853663647,-1.0,1.0,277,0.0,Fallback Simulated Observation
NSR-GRID-283,LC09_L2SP_176039_20250812_20250815_02_T1,2025-08-12,16642.616828743838,16642.62377655546,16645.91388443754,-1.0,1.0,277,0.0,Fallback Simulated Observation
NSR-GRID-284,LC09_L2SP_176039_20250812_20250815_02_T1,2025-08-12,14312.958602545214,14312.930321818701,14316.202277378277,-1.0,1.0,277,0.0,Fallback Simulated Observation
NSR-GRID-285,LC09_L2SP_176039_20250812_20250815_02_T1,2025-08-12,46925.4549720347,46925.33338763642,46927.84946935472,-1.0,1.0,277,0.0,Fallback Simulated Observation
NSR-GRID-286,LC09_L2SP_176039_20250812_20250815_02_T1,2025-08-12,7476.8791689960335,7477.0537982160995,7478.187022555459,-1.0,1.0,277,0.0,Fallback Simulated Observation
NSR-GRID-287,LC09_L2SP_176039_20250812_20250815_02_T1,2025-08-12,59696.82718952041,59696.71424096265,59700.01262673088,-1.0,1.0,277,0.0,Fallback Simulated Observation
NSR-GRID-288,LC09_L2SP_176039_20250812_20250815_02_T1,2025-08-12,52759.35976894743,52759.28206996401,52762.08348203885,-1.0,1.0,277,0.0,Fallback Simulated Observation
NSR-GRID-289,LC09_L2SP_176039_20250812_20250815_02_T1,2025-08-12,40921.97556892176,40922.05366981722,40924.84704599051,-1.0,1.0,277,0.0,Fallback Simulated Observation
NSR-GRID-290,LC09_L2SP_176039_20250812_20250815_02_T1,2025-08-12,32413.074777217902,32413.27208968448,32415.828467784628,-1.0,1.0,277,0.0,Fallback Simulated Observation
NSR-GRID-291,LC09_L2SP_176039_20250812_20250815_02_T1,2025-08-12,13342.488321490266,13342.563654607444,13343.302390195116,-1.0,1.0,277,0.0,Fallback Simulated Observation
NSR-GRID-292,LC09_L2SP_176039_20250812_20250815_02_T1,2025-08-12,14626.720477120178,14626.700653326212,14629.485982897064,-1.0,1.0,277,0.0,Fallback Simulated Observation
NSR-GRID-293,LC09_L2SP_176039_20250812_20250815_02_T1,2025-08-12,37038.74137836216,37038.84315795906,37042.03611132121,-1.0,1.0,277,0.0,Fallback Simulated Observation
NSR-GRID-294,LC09_L2SP_176039_20250812_20250815_02_T1,2025-08-12,27074.478004369706,27074.46164182483,27075.99199246364,-1.0,1.0,277,0.0,Fallback Simulated Observation
NSR-GRID-295,LC09_L2SP_176039_20250812_20250815_02_T1,2025-08-12,251.89654925975674,251.86115412098937,253.38116776547102,-1.0,1.0,277,0.0,Fallback Simulated Observation
NSR-GRID-296,LC09_L2SP_176039_20250812_20250815_02_T1,2025-08-12,104.42844087229662,104.45043708227814,106.7017372701126,-0.5049703748578452,1.0,277,0.0,Fallback Simulated Observation
NSR-GRID-297,LC09_L2SP_176039_20250812_20250815_02_T1,2025-08-12,260.73596296234115,260.8548104589915,263.56139125447714,-1.0,1.0,277,0.0,Fallback Simulated Observation
NSR-GRID-298,LC09_L2SP_176039_20250812_20250815_02_T1,2025-08-12,572.7502748070431,572.6902366679918,573.9278613519095,-1.0,1.0,277,0.0,Fallback Simulated Observation
NSR-GRID-299,LC09_L2SP_176039_20250812_20250815_02_T1,2025-08-12,471.09176893981663,471.2572357714033,471.8512222662715,-1.0,1.0,277,0.0,Fallback Simulated Observation
NSR-GRID-300,LC09_L2SP_176039_20250812_20250815_02_T1,2025-08-12,33815.56467619073,33815.65243933785,33818.325432267724,-1.0,1.0,277,0.0,Fallback Simulated Observation
NSR-GRID-301,LC09_L2SP_176039_20250812_20250815_02_T1,2025-08-12,44695.73647563172,44695.5375722121,44699.23016918998,-1.0,1.0,277,0.0,Fallback Simulated Observation
NSR-GRID-302,LC09_L2SP_176039_20250812_20250815_02_T1,2025-08-12,17444.151113656604,17444.215687151314,17444.826635110952,-1.0,1.0,277,0.0,Fallback Simulated Observation
NSR-GRID-303,LC09_L2SP_176039_20250812_20250815_02_T1,2025-08-12,3159.1334726343057,3159.2169715770438,3161.7017077595974,-1.0,1.0,277,0.0,Fallback Simulated Observation
NSR-GRID-304,LC09_L2SP_176039_20250812_20250815_02_T1,2025-08-12,27980.283340843882,27980.211990666383,27981.301607025853,-1.0,1.0,277,0.0,Fallback Simulated Observation
NSR-GRID-305,LC09_L2SP_176039_20250812_20250815_02_T1,2025-08-12,44108.838596152535,44108.89710317278,44111.664839697434,-1.0,1.0,277,0.0,Fallback Simulated Observation
NSR-GRID-306,LC09_L2SP_176039_20250812_20250815_02_T1,2025-08-12,47899.45367612781,47899.503527208224,47900.822954933894,-1.0,1.0,277,0.0,Fallback Simulated Observation
NSR-GRID-307,LC09_L2SP_176039_20250812_20250815_02_T1,2025-08-12,25807.11121488081,25807.243512211644,25808.858019281404,-1.0,1.0,277,0.0,Fallback Simulated Observation
NSR-GRID-308,LC09_L2SP_176039_20250812_20250815_02_T1,2025-08-12,10700.430347589314,10700.467485499075,10701.327993926629,-1.0,1.0,277,0.0,Fallback Simulated Observation
NSR-GRID-309,LC09_L2SP_176039_20250812_20250815_02_T1,2025-08-12,2143.680489877981,2143.652621987697,2145.7727674095386,-1.0,1.0,277,0.0,Fallback Simulated Observation
NSR-GRID-310,LC09_L2SP_176039_20250812_20250815_02_T1,2025-08-12,2091.504669312717,2091.623290886157,2092.4431653741526,-1.0,1.0,277,0.0,Fallback Simulated Observation
NSR-GRID-311,LC09_L2SP_176039_20250812_20250815_02_T1,2025-08-12,2820.8994231349266,2820.978915736694,2823.0040595813293,-1.0,1.0,277,0.0,Fallback Simulated Observation
NSR-GRID-312,LC09_L2SP_176039_20250812_20250815_02_T1,2025-08-12,5690.896989412224,5690.89412124636,5691.62374468944,-1.0,1.0,277,0.0,Fallback Simulated Observation
NSR-GRID-313,LC09_L2SP_176039_20250812_20250815_02_T1,2025-08-12,4470.275464916484,4470.268769027453,4471.286957481848,-1.0,1.0,277,0.0,Fallback Simulated Observation
NSR-GRID-314,LC09_L2SP_176039_20250812_20250815_02_T1,2025-08-12,84.51865598790489,84.56145265524054,86.3034080886846,-0.30456001448690645,1.0,277,0.0,Fallback Simulated Observation
NSR-GRID-315,LC09_L2SP_176039_20250812_20250815_02_T1,2025-08-12,47.13262904266182,47.20131374036819,49.48200584816071,0.01774945119815162,-0.11353519596041453,277,0.0,Fallback Simulated Observation
NSR-GRID-316,LC09_L2SP_176039_20250812_20250815_02_T1,2025-08-12,47.784474048625725,47.7532781173141,49.4264124887181,0.07793743875297249,-0.13557077156754446,277,0.0,Fallback Simulated Observation
NSR-GRID-317,LC09_L2SP_176039_20250812_20250815_02_T1,2025-08-12,19964.676917627334,19964.742598210185,19967.116323188628,-1.0,1.0,277,0.0,Fallback Simulated Observation
NSR-GRID-318,LC09_L2SP_176039_20250812_20250815_02_T1,2025-08-12,5819.261366956794,5819.350267168356,5821.1612078252,-1.0,1.0,277,0.0,Fallback Simulated Observation
NSR-GRID-319,LC09_L2SP_176039_20250812_20250815_02_T1,2025-08-12,3152.7631164509025,3152.799426294169,3154.438321739758,-1.0,1.0,277,0.0,Fallback Simulated Observation
NSR-GRID-320,LC09_L2SP_176039_20250812_20250815_02_T1,2025-08-12,40882.801032096904,40882.86105460108,40883.6652984639,-1.0,1.0,277,0.0,Fallback Simulated Observation
NSR-GRID-321,LC09_L2SP_176039_20250812_20250815_02_T1,2025-08-12,42514.7061641724,42514.684143219434,42515.2790422826,-1.0,1.0,277,0.0,Fallback Simulated Observation
NSR-GRID-322,LC09_L2SP_176039_20250812_20250815_02_T1,2025-08-12,15803.553669881832,15803.373598132996,15805.363563844514,-1.0,1.0,277,0.0,Fallback Simulated Observation
NSR-GRID-323,LC09_L2SP_176039_20250812_20250815_02_T1,2025-08-12,13182.098012294688,13182.2135855659,13184.093590667128,-1.0,1.0,277,0.0,Fallback Simulated Observation
NSR-GRID-324,LC09_L2SP_176039_20250812_20250815_02_T1,2025-08-12,14855.710342533766,14855.590729867898,14857.709414342426,-1.0,1.0,277,0.0,Fallback Simulated Observation
NSR-GRID-325,LC09_L2SP_176039_20250812_20250815_02_T1,2025-08-12,6256.619778578497,6256.766316521247,6258.360400146727,-1.0,1.0,277,0.0,Fallback Simulated Observation
NSR-GRID-326,LC09_L2SP_176039_20250812_20250815_02_T1,2025-08-12,1242.1995672969347,1242.1878617646262,1244.7886510976841,-1.0,1.0,277,0.0,Fallback Simulated Observation
NSR-GRID-327,LC09_L2SP_176039_20250812_20250815_02_T1,2025-08-12,4902.442292080308,4902.469384214579,4905.832942494797,-1.0,1.0,277,0.0,Fallback Simulated Observation
NSR-GRID-328,LC09_L2SP_176039_20250812_20250815_02_T1,2025-08-12,5840.81147848081,5840.772092624094,5842.876102828391,-1.0,1.0,277,0.0,Fallback Simulated Observation
NSR-GRID-329,LC09_L2SP_176039_20250812_20250815_02_T1,2025-08-12,50.64002359193144,50.698496126635035,52.12019464136523,0.018279874429530288,-0.03710415829250757,277,0.0,Fallback Simulated Observation
NSR-GRID-330,LC09_L2SP_176039_20250812_20250815_02_T1,2025-08-12,47.95158435985663,47.91600247632281,49.54760215068873,0.07697889578281536,-0.039738453013392204,277,0.0,Fallback Simulated Observation
NSR-GRID-331,LC09_L2SP_176039_20250812_20250815_02_T1,2025-08-12,47.29890886254115,47.05765378074916,48.77278303447648,0.06457284928768217,-0.11302469899027623,277,0.0,Fallback Simulated Observation
NSR-GRID-332,LC09_L2SP_176039_20250812_20250815_02_T1,2025-08-12,15350.76036883456,15350.838201386976,15351.313273321717,-1.0,1.0,277,0.0,Fallback Simulated Observation
NSR-GRID-333,LC09_L2SP_176039_20250812_20250815_02_T1,2025-08-12,585.7501687900987,585.7374330232866,588.9301976485112,-1.0,1.0,277,0.0,Fallback Simulated Observation
NSR-GRID-334,LC09_L2SP_176039_20250812_20250815_02_T1,2025-08-12,15315.296054682207,15315.67380367982,15315.977260288586,-1.0,1.0,277,0.0,Fallback Simulated Observation
NSR-GRID-335,LC09_L2SP_176039_20250812_20250815_02_T1,2025-08-12,13762.113461519411,13762.178298797182,13765.200339108074,-1.0,1.0,277,0.0,Fallback Simulated Observation
NSR-GRID-336,LC09_L2SP_176039_20250812_20250815_02_T1,2025-08-12,37571.44823275482,37571.36969155548,37573.73960588635,-1.0,1.0,277,0.0,Fallback Simulated Observation
NSR-GRID-337,LC09_L2SP_176039_20250812_20250815_02_T1,2025-08-12,14314.537398687178,14314.540354915865,14316.862504459266,-1.0,1.0,277,0.0,Fallback Simulated Observation
NSR-GRID-338,LC09_L2SP_176039_20250812_20250815_02_T1,2025-08-12,6865.820542429581,6865.63856856559,6867.270048849312,-1.0,1.0,277,0.0,Fallback Simulated Observation
NSR-GRID-339,LC09_L2SP_176039_20250812_20250815_02_T1,2025-08-12,10740.626526707365,10740.622661530482,10743.941792263662,-1.0,1.0,277,0.0,Fallback Simulated Observation
NSR-GRID-340,LC09_L2SP_176039_20250812_20250815_02_T1,2025-08-12,6749.896597201128,6749.981783693701,6751.370975813494,-1.0,1.0,277,0.0,Fallback Simulated Observation
NSR-GRID-341,LC09_L2SP_176039_20250812_20250815_02_T1,2025-08-12,25112.83332203925,25112.911190313822,25114.96469260904,-1.0,1.0,277,0.0,Fallback Simulated Observation
NSR-GRID-342,LC09_L2SP_176039_20250812_20250815_02_T1,2025-08-12,12348.356970600456,12348.320856356995,12351.522624748566,-1.0,1.0,277,0.0,Fallback Simulated Observation
NSR-GRID-343,LC09_L2SP_176039_20250812_20250815_02_T1,2025-08-12,5496.638618589431,5496.677200738074,5499.241564607496,-1.0,1.0,277,0.0,Fallback Simulated Observation
NSR-GRID-344,LC09_L2SP_176039_20250812_20250815_02_T1,2025-08-12,5215.8759463599135,5215.899053467362,5218.764057824505,-1.0,1.0,277,0.0,Fallback Simulated Observation
NSR-GRID-345,LC09_L2SP_176039_20250812_20250815_02_T1,2025-08-12,1031.000080886702,1031.090160004105,1032.583352623688,-1.0,1.0,277,0.0,Fallback Simulated Observation
NSR-GRID-346,LC09_L2SP_176039_20250812_20250815_02_T1,2025-08-12,63.17702411956963,63.26433968002047,63.92416933680486,-0.09849292226240944,0.4240847272722622,277,0.0,Fallback Simulated Observation
NSR-GRID-347,LC09_L2SP_176039_20250812_20250815_02_T1,2025-08-12,5490.956395025646,5490.902381121699,5491.873177465384,-1.0,1.0,277,0.0,Fallback Simulated Observation
NSR-GRID-348,LC09_L2SP_176039_20250812_20250815_02_T1,2025-08-12,9331.178471062989,9331.267979746595,9332.197052637955,-1.0,1.0,277,0.0,Fallback Simulated Observation
NSR-GRID-349,LC09_L2SP_176039_20250812_20250815_02_T1,2025-08-12,15354.90222223761,15354.926532543443,15355.867505050192,-1.0,1.0,277,0.0,Fallback Simulated Observation
NSR-GRID-350,LC09_L2SP_176039_20250812_20250815_02_T1,2025-08-12,15854.706649322176,15854.72830537689,15856.156072917089,-1.0,1.0,277,0.0,Fallback Simulated Observation
NSR-GRID-351,LC09_L2SP_176039_20250812_20250815_02_T1,2025-08-12,6009.670343025218,6009.5867829011495,6011.13293816029,-1.0,1.0,277,0.0,Fallback Simulated Observation
NSR-GRID-352,LC09_L2SP_176039_20250812_20250815_02_T1,2025-08-12,17148.640884333705,17148.789314242797,17149.448210682403,-1.0,1.0,277,0.0,Fallback Simulated Observation
NSR-GRID-353,LC09_L2SP_176039_20250812_20250815_02_T1,2025-08-12,25375.271195132536,25375.205805423113,25378.38555132639,-1.0,1.0,277,0.0,Fallback Simulated Observation
NSR-GRID-354,LC09_L2SP_176039_20250812_20250815_02_T1,2025-08-12,16860.74028232031,16860.555942155126,16863.44060680174,-1.0,1.0,277,0.0,Fallback Simulated Observation
NSR-GRID-355,LC09_L2SP_176039_20250812_20250815_02_T1,2025-08-12,2000.272995334792,2000.1905730908554,2001.4893203597508,-1.0,1.0,277,0.0,Fallback Simulated Observation
NSR-GRID-356,LC09_L2SP_176039_20250812_20250815_02_T1,2025-08-12,4590.9455064575295,4590.848333701504,4593.881820074122,-1.0,1.0,277,0.0,Fallback Simulated Observation
NSR-GRID-357,LC09_L2SP_176039_20250812_20250815_02_T1,2025-08-12,5755.562855245736,5755.4779271495445,5758.997149603682,-1.0,1.0,277,0.0,Fallback Simulated Observation
NSR-GRID-358,LC09_L2SP_176039_20250812_20250815_02_T1,2025-08-12,25697.46420788243,25697.49361517871,25698.45340548451,-1.0,1.0,277,0.0,Fallback Simulated Observation
NSR-GRID-359,LC09_L2SP_176039_20250812_20250815_02_T1,2025-08-12,38943.65147947412,38943.65450783778,38945.96316537456,-1.0,1.0,277,0.0,Fallback Simulated Observation
NSR-GRID-360,LC09_L2SP_176039_20250812_20250815_02_T1,2025-08-12,3655.189752952248,3655.2885578837095,3657.196137239605,-1.0,1.0,277,0.0,Fallback Simulated Observation
NSR-GRID-361,LC09_L2SP_176039_20250812_20250815_02_T1,2025-08-12,2661.786355873818,2661.815322855032,2662.7774733282336,-1.0,1.0,277,0.0,Fallback Simulated Observation
NSR-GRID-362,LC09_L2SP_176039_20250812_20250815_02_T1,2025-08-12,5255.882158193804,5255.739554260872,5258.469433207781,-1.0,1.0,277,0.0,Fallback Simulated Observation
NSR-GRID-363,LC09_L2SP_176039_20250812_20250815_02_T1,2025-08-12,20618.329841719,20618.344417582935,20621.11972237668,-1.0,1.0,277,0.0,Fallback Simulated Observation
NSR-GRID-364,LC09_L2SP_176039_20250812_20250815_02_T1,2025-08-12,35982.86982273899,35982.8554991848,35984.77244352579,-1.0,1.0,277,0.0,Fallback Simulated Observation
NSR-GRID-365,LC09_L2SP_176039_20250812_20250815_02_T1,2025-08-12,15822.231972957748,15822.202079218046,15824.009424397284,-1.0,1.0,277,0.0,Fallback Simulated Observation
NSR-GRID-366,LC09_L2SP_176039_20250812_20250815_02_T1,2025-08-12,759.1454570588749,759.2060780364766,761.9234277646101,-1.0,1.0,277,0.0,Fallback Simulated Observation
NSR-GRID-367,LC09_L2SP_176039_20250812_20250815_02_T1,2025-08-12,9530.996959613798,9530.976583662448,9532.826919633235,-1.0,1.0,277,0.0,Fallback Simulated Observation
NSR-GRID-368,LC09_L2SP_176039_20250812_20250815_02_T1,2025-08-12,4114.314990712324,4114.207904982769,4116.804832622898,-1.0,1.0,277,0.0,Fallback Simulated Observation
NSR-GRID-369,LC09_L2SP_176039_20250812_20250815_02_T1,2025-08-12,227.03458320084752,227.11035867886835,228.77801338307023,-1.0,1.0,277,0.0,Fallback Simulated Observation
NSR-GRID-370,LC09_L2SP_176039_20250812_20250815_02_T1,2025-08-12,472.86314196601836,472.90781315594546,476.2796908705795,-1.0,1.0,277,0.0,Fallback Simulated Observation
NSR-GRID-371,LC09_L2SP_176039_20250812_20250815_02_T1,2025-08-12,604.797240173047,604.6819141557795,606.2767231560368,-1.0,1.0,277,0.0,Fallback Simulated Observation
NSR-GRID-372,LC09_L2SP_176039_20250812_20250815_02_T1,2025-08-12,7857.5718911899285,7857.537696608745,7858.138308678755,-1.0,1.0,277,0.0,Fallback Simulated Observation
NSR-GRID-373,LC09_L2SP_176039_20250812_20250815_02_T1,2025-08-12,10386.634868272788,10386.65803526669,10389.307552984708,-1.0,1.0,277,0.0,Fallback Simulated Observation
NSR-GRID-374,LC09_L2SP_176039_20250812_20250815_02_T1,2025-08-12,1609.3688942091262,1609.4971434128536,1610.576178747717,-1.0,1.0,277,0.0,Fallback Simulated Observation
NSR-GRID-375,LC09_L2SP_176039_20250812_20250815_02_T1,2025-08-12,49.85606255540595,49.95777997682296,50.5421371814643,0.03829402607802355,0.028991775147827893,277,0.0,Fallback Simulated Observation
NSR-GRID-376,LC09_L2SP_176039_20250812_20250815_02_T1,2025-08-12,15097.89413202317,15097.753580130058,15101.124813621018,-1.0,1.0,277,0.0,Fallback Simulated Observation
NSR-GRID-377,LC09_L2SP_176039_20250812_20250815_02_T1,2025-08-12,15147.601955866276,15147.561680137285,15150.840601101943,-1.0,1.0,277,0.0,Fallback Simulated Observation
NSR-GRID-378,LC09_L2SP_176039_20250812_20250815_02_T1,2025-08-12,53.613551023084774,53.66028129321426,56.43264671920193,0.016540089404667502,0.1313055072614248,277,0.0,Fallback Simulated Observation
NSR-GRID-379,LC09_L2SP_176039_20250812_20250815_02_T1,2025-08-12,9448.738362549946,9448.600166271448,9450.485546247784,-1.0,1.0,277,0.0,Fallback Simulated Observation
NSR-GRID-380,LC09_L2SP_176039_20250812_20250815_02_T1,2025-08-12,90.08499745631498,89.96522752122746,92.65775092213808,-0.3591555442632407,1.0,277,0.0,Fallback Simulated Observation
NSR-GRID-381,LC09_L2SP_176039_20250812_20250815_02_T1,2025-08-12,47.35670366434996,47.23885999305689,50.215585450875054,0.11359456952744212,-0.14234348550351453,277,0.0,Fallback Simulated Observation
NSR-GRID-382,LC09_L2SP_176039_20250812_20250815_02_T1,2025-08-12,46.64441949114295,46.6489410628527,49.53287101521217,0.08046127708974621,-0.1434956097959238,277,0.0,Fallback Simulated Observation
NSR-GRID-383,LC09_L2SP_176039_20250812_20250815_02_T1,2025-08-12,4445.943660602251,4446.391569027353,4448.564363307278,-1.0,1.0,277,0.0,Fallback Simulated Observation
NSR-GRID-384,LC09_L2SP_176039_20250812_20250815_02_T1,2025-08-12,594.2059216492405,594.084979782469,596.4367573771724,-1.0,1.0,277,0.0,Fallback Simulated Observation
NSR-GRID-385,LC09_L2SP_176039_20250812_20250815_02_T1,2025-08-12,47.49551516531191,47.395136383765546,49.87461048895462,0.08442814571614157,-0.06986620534578675,277,0.0,Fallback Simulated Observation
NSR-GRID-386,LC09_L2SP_176039_20250812_20250815_02_T1,2025-08-12,50.710559515010395,50.70342045143888,53.70279917917206,0.08422462359960556,0.006814804835230811,277,0.0,Fallback Simulated Observation
NSR-GRID-387,LC09_L2SP_176039_20250812_20250815_02_T1,2025-08-12,47.94431234366864,48.09312580639266,49.437240551981056,0.06377462533038009,-0.12218732903472476,277,0.0,Fallback Simulated Observation
NSR-GRID-388,LC09_L2SP_176039_20250812_20250815_02_T1,2025-08-12,344.9492535425976,344.84901833160455,348.3089016341162,-1.0,1.0,277,0.0,Fallback Simulated Observation
NSR-GRID-389,LC09_L2SP_176039_20250812_20250815_02_T1,2025-08-12,5978.898973865547,5978.940109893304,5981.484898189828,-1.0,1.0,277,0.0,Fallback Simulated Observation
NSR-GRID-390,LC09_L2SP_176039_20250812_20250815_02_T1,2025-08-12,74.8169586766964,74.92633524143925,75.46649929903977,-0.21658763023527136,0.9806283253984586,277,0.0,Fallback Simulated Observation
NSR-GRID-391,LC09_L2SP_176039_20250812_20250815_02_T1,2025-08-12,196.2441844250086,196.18864438506435,199.06708477834906,-1.0,1.0,277,0.0,Fallback Simulated Observation
NSR-GRID-392,LC09_L2SP_176039_20250812_20250815_02_T1,2025-08-12,374.1709670986022,374.0403077379566,376.7350784992616,-1.0,1.0,277,0.0,Fallback Simulated Observation
NSR-GRID-393,LC09_L2SP_176039_20250812_20250815_02_T1,2025-08-12,47.35695848401758,47.35527835241981,48.09063978080305,0.052905166814154476,-0.09748511902422795,277,0.0,Fallback Simulated Observation
NSR-GRID-394,LC09_L2SP_176039_20250812_20250815_02_T1,2025-08-12,45.542665944077164,45.406743466351,47.883460150385396,0.06555199024468782,-0.15212590835744044,277,0.0,Fallback Simulated Observation
NSR-GRID-395,LC09_L2SP_176039_20250812_20250815_02_T1,2025-08-12,46.88206014817677,46.89632228744366,49.40628533049103,0.06832679085389165,-0.08280800076064135,277,0.0,Fallback Simulated Observation
NSR-GRID-396,LC09_L2SP_176039_20250812_20250815_02_T1,2025-08-12,46.35546105669842,46.18377530441288,49.276859542833435,0.10375183636036026,-0.12449042843745951,277,0.0,Fallback Simulated Observation
NSR-GRID-397,LC09_L2SP_176039_20250812_20250815_02_T1,2025-08-12,45.67943806129735,45.64911198353067,48.79143149415361,0.09256416023592678,-0.112247948533961,277,0.0,Fallback Simulated Observation
NSR-GRID-398,LC09_L2SP_176039_20250812_20250815_02_T1,2025-08-12,46.98547913713876,47.03319157411755,48.18843646128284,0.06776837877008096,-0.1375800448235494,277,0.0,Fallback Simulated Observation
NSR-GRID-399,LC09_L2SP_176039_20250812_20250815_02_T1,2025-08-12,1722.1169104255926,1722.0618652383237,1724.5430818658049,-1.0,1.0,277,0.0,Fallback Simulated Observation
NSR-GRID-400,LC09_L2SP_176039_20250812_20250815_02_T1,2025-08-12,99.9062837192407,100.04476246997753,100.72268060926896,-0.48234613659056713,1.0,277,0.0,Fallback Simulated Observation
NSR-GRID-401,LC09_L2SP_176039_20250812_20250815_02_T1,2025-08-12,46.97301427492627,46.968862477999465,50.076141118274904,0.09854205931663204,-0.1412130175762864,277,0.0,Fallback Simulated Observation
NSR-GRID-402,LC09_L2SP_176039_20250812_20250815_02_T1,2025-08-12,47.734526210727914,47.90192202169452,48.81095475681758,0.06545068587532656,-0.15661242632433253,277,0.0,Fallback Simulated Observation
NSR-GRID-403,LC09_L2SP_176039_20250812_20250815_02_T1,2025-08-12,47.078517598052315,47.18538809606578,49.84238294634913,0.1087642155256277,-0.12917210794892292,277,0.0,Fallback Simulated Observation
NSR-GRID-404,LC09_L2SP_176039_20250812_20250815_02_T1,2025-08-12,46.08335362407706,46.181579376197455,49.035236408843026,0.06435126310046328,-0.06539070972850661,277,0.0,Fallback Simulated Observation
NSR-GRID-405,LC09_L2SP_176039_20250812_20250815_02_T1,2025-08-12,47.546198334016964,47.54807795321551,50.26032374905958,0.09941569108554285,-0.13536746541546643,277,0.0,Fallback Simulated Observation
NSR-GRID-406,LC09_L2SP_176039_20250812_20250815_02_T1,2025-08-12,3176.178630056757,3176.2726757145942,3176.7215525261395,-1.0,1.0,277,0.0,Fallback Simulated Observation
NSR-GRID-407,LC09_L2SP_176039_20250812_20250815_02_T1,2025-08-12,2598.2903263607654,2598.223448536887,2601.603538770452,-1.0,1.0,277,0.0,Fallback Simulated Observation
NSR-GRID-408,LC09_L2SP_176039_20250812_20250815_02_T1,2025-08-12,47.65244825478955,47.490863841798664,48.85298383056934,0.07105509790425386,-0.08344004367633237,277,0.0,Fallback Simulated Observation
NSR-GRID-409,LC09_L2SP_176039_20250812_20250815_02_T1,2025-08-12,47.31677154556685,47.42749884276723,50.28921976116653,0.06622535364826497,-0.17752693857064533,277,0.0,Fallback Simulated Observation
NSR-GRID-410,LC09_L2SP_176039_20250812_20250815_02_T1,2025-08-12,136.42901512724487,136.4467421424957,139.77363631269125,-0.8468149399491177,1.0,277,0.0,Fallback Simulated Observation
NSR-GRID-411,LC09_L2SP_176039_20250812_20250815_02_T1,2025-08-12,47.61560146094413,47.62178028796709,49.682382674531176,0.0846203082915248,-0.14769473228423058,277,0.0,Fallback Simulated Observation
NSR-GRID-412,LC09_L2SP_176039_20250812_20250815_02_T1,2025-08-12,7321.076652673325,7320.863662728484,7322.560890327017,-1.0,1.0,277,0.0,Fallback Simulated Observation
NSR-GRID-413,LC09_L2SP_176039_20250812_20250815_02_T1,2025-08-12,7518.695206545059,7518.783132935575,7519.988241898239,-1.0,1.0,277,0.0,Fallback Simulated Observation
NSR-GRID-414,LC09_L2SP_176039_20250812_20250815_02_T1,2025-08-12,4074.4311013548754,4074.5054146814177,4075.6116426413787,-1.0,1.0,277,0.0,Fallback Simulated Observation
NSR-GRID-415,LC09_L2SP_176039_20250812_20250815_02_T1,2025-08-12,47.746902391911135,47.79394166611205,49.50843346614073,0.08973353372138439,-0.10197393258829476,277,0.0,Fallback Simulated Observation
NSR-GRID-416,LC09_L2SP_176039_20250812_20250815_02_T1,2025-08-12,74.59405831775021,74.73002599140041,77.82870546266572,-0.1995411971784309,0.967720297109883,277,0.0,Fallback Simulated Observation
NSR-GRID-001,LC08_L2SP_176039_20250804_20250814_02_T1,2025-08-04,47350.780617542216,47350.793435061285,47351.52409528959,-1.0,1.0,277,0.0,Fallback Simulated Observation
NSR-GRID-002,LC08_L2SP_176039_20250804_20250814_02_T1,2025-08-04,45664.74151883177,45664.75256570736,45667.07026272068,-1.0,1.0,277,0.0,Fallback Simulated Observation
NSR-GRID-003,LC08_L2SP_176039_20250804_20250814_02_T1,2025-08-04,48674.83785678212,48674.69015989596,48677.837429195424,-1.0,1.0,277,0.0,Fallback Simulated Observation
NSR-GRID-004,LC08_L2SP_176039_20250804_20250814_02_T1,2025-08-04,37286.68946388358,37286.7889049117,37287.57516867739,-1.0,1.0,277,0.0,Fallback Simulated Observation
NSR-GRID-005,LC08_L2SP_176039_20250804_20250814_02_T1,2025-08-04,49733.256021691974,49733.25761318828,49736.45203995866,-1.0,1.0,277,0.0,Fallback Simulated Observation
NSR-GRID-006,LC08_L2SP_176039_20250804_20250814_02_T1,2025-08-04,54378.02840380859,54377.9795261041,54380.315051649806,-1.0,1.0,277,0.0,Fallback Simulated Observation
NSR-GRID-007,LC08_L2SP_176039_20250804_20250814_02_T1,2025-08-04,46231.100502031564,46231.16997252861,46232.67416762374,-1.0,1.0,277,0.0,Fallback Simulated Observation
NSR-GRID-008,LC08_L2SP_176039_20250804_20250814_02_T1,2025-08-04,47465.24258008488,47465.24775187336,47468.68631388693,-1.0,1.0,277,0.0,Fallback Simulated Observation
NSR-GRID-009,LC08_L2SP_176039_20250804_20250814_02_T1,2025-08-04,51570.91606290333,51571.03374124155,51571.7543745788,-1.0,1.0,277,0.0,Fallback Simulated Observation
NSR-GRID-010,LC08_L2SP_176039_20250804_20250814_02_T1,2025-08-04,43092.597131570605,43092.465474591314,43093.90922311337,-1.0,1.0,277,0.0,Fallback Simulated Observation
NSR-GRID-011,LC08_L2SP_176039_20250804_20250814_02_T1,2025-08-04,42441.326522353265,42441.44098777519,42444.30602044017,-1.0,1.0,277,0.0,Fallback Simulated Observation
NSR-GRID-012,LC08_L2SP_176039_20250804_20250814_02_T1,2025-08-04,41238.98676574058,41238.93349563182,41242.29420401603,-1.0,1.0,277,0.0,Fallback Simulated Observation
NSR-GRID-013,LC08_L2SP_176039_20250804_20250814_02_T1,2025-08-04,41069.31473974771,41069.287129202916,41071.06330273051,-1.0,1.0,277,0.0,Fallback Simulated Observation
NSR-GRID-014,LC08_L2SP_176039_20250804_20250814_02_T1,2025-08-04,20614.385329377237,20614.183336759845,20616.63040113148,-1.0,1.0,277,0.0,Fallback Simulated Observation
NSR-GRID-015,LC08_L2SP_176039_20250804_20250814_02_T1,2025-08-04,12753.046708049627,12753.17375858773,12754.448296698778,-1.0,1.0,277,0.0,Fallback Simulated Observation
NSR-GRID-016,LC08_L2SP_176039_20250804_20250814_02_T1,2025-08-04,21951.62253237041,21951.68262374865,21954.883533055425,-1.0,1.0,277,0.0,Fallback Simulated Observation
NSR-GRID-017,LC08_L2SP_176039_20250804_20250814_02_T1,2025-08-04,28844.373313627828,28844.33525965502,28844.94173660989,-1.0,1.0,277,0.0,Fallback Simulated Observation
NSR-GRID-018,LC08_L2SP_176039_20250804_20250814_02_T1,2025-08-04,16803.756517254496,16803.70537350162,16804.609218465917,-1.0,1.0,277,0.0,Fallback Simulated Observation
NSR-GRID-019,LC08_L2SP_176039_20250804_20250814_02_T1,2025-08-04,39532.075337363334,39532.148437787844,39533.62264970968,-1.0,1.0,277,0.0,Fallback Simulated Observation
NSR-GRID-020,LC08_L2SP_176039_20250804_20250814_02_T1,2025-08-04,3866.301140559072,3866.120414328115,3869.557193092902,-1.0,1.0,277,0.0,Fallback Simulated Observation
NSR-GRID-021,LC08_L2SP_176039_20250804_20250814_02_T1,2025-08-04,20338.929168435367,20338.886516190556,20341.59984631135,-1.0,1.0,277,0.0,Fallback Simulated Observation
NSR-GRID-022,LC08_L2SP_176039_20250804_20250814_02_T1,2025-08-04,20101.958844689303,20102.011671683194,20104.8406608089,-1.0,1.0,277,0.0,Fallback Simulated Observation
NSR-GRID-023,LC08_L2SP_176039_20250804_20250814_02_T1,2025-08-04,42.737280514964624,42.86373134308734,44.88102384599457,0.08132549474688469,-0.09645333937517445,277,0.0,Fallback Simulated Observation
NSR-GRID-024,LC08_L2SP_176039_20250804_20250814_02_T1,2025-08-04,44920.980807716136,44920.98273364704,44921.68905859191,-1.0,1.0,277,0.0,Fallback Simulated Observation
NSR-GRID-025,LC08_L2SP_176039_20250804_20250814_02_T1,2025-08-04,42917.03685218986,42917.14510322914,42919.36535697903,-1.0,1.0,277,0.0,Fallback Simulated Observation
NSR-GRID-026,LC08_L2SP_176039_20250804_20250814_02_T1,2025-08-04,30580.072495711887,30579.991257576417,30581.41942888545,-1.0,1.0,277,0.0,Fallback Simulated Observation
NSR-GRID-027,LC08_L2SP_176039_20250804_20250814_02_T1,2025-08-04,46470.005884401166,46470.032859294915,46470.947491784456,-1.0,1.0,277,0.0,Fallback Simulated Observation
NSR-GRID-028,LC08_L2SP_176039_20250804_20250814_02_T1,2025-08-04,47906.96708426947,47907.0812297273,47909.34215326626,-1.0,1.0,277,0.0,Fallback Simulated Observation
NSR-GRID-029,LC08_L2SP_176039_20250804_20250814_02_T1,2025-08-04,41727.48276480398,41727.56788814103,41729.310376451314,-1.0,1.0,277,0.0,Fallback Simulated Observation
NSR-GRID-030,LC08_L2SP_176039_20250804_20250814_02_T1,2025-08-04,41635.252186981525,41635.234173421086,41638.69119137279,-1.0,1.0,277,0.0,Fallback Simulated Observation
NSR-GRID-031,LC08_L2SP_176039_20250804_20250814_02_T1,2025-08-04,28024.51811730898,28024.61684938014,28025.42502891354,-1.0,1.0,277,0.0,Fallback Simulated Observation
NSR-GRID-032,LC08_L2SP_176039_20250804_20250814_02_T1,2025-08-04,40980.999887641985,40980.97283711158,40983.257795178084,-1.0,1.0,277,0.0,Fallback Simulated Observation
NSR-GRID-033,LC08_L2SP_176039_20250804_20250814_02_T1,2025-08-04,8668.878715265217,8668.83531971551,8669.642283818197,-1.0,1.0,277,0.0,Fallback Simulated Observation
NSR-GRID-034,LC08_L2SP_176039_20250804_20250814_02_T1,2025-08-04,20273.74898354181,20273.839792571634,20275.26551239656,-1.0,1.0,277,0.0,Fallback Simulated Observation
NSR-GRID-035,LC08_L2SP_176039_20250804_20250814_02_T1,2025-08-04,12366.724622297605,12366.791694129848,12370.107280685279,-1.0,1.0,277,0.0,Fallback Simulated Observation
NSR-GRID-036,LC08_L2SP_176039_20250804_20250814_02_T1,2025-08-04,9337.576345026515,9337.652909337163,9339.375186390102,-1.0,1.0,277,0.0,Fallback Simulated Observation
NSR-GRID-037,LC08_L2SP_176039_20250804_20250814_02_T1,2025-08-04,19723.75765997846,19723.70617338742,19726.39529277432,-1.0,1.0,277,0.0,Fallback Simulated Observation
NSR-GRID-038,LC08_L2SP_176039_20250804_20250814_02_T1,2025-08-04,25585.615791827946,25585.537846207822,25586.65264314884,-1.0,1.0,277,0.0,Fallback Simulated Observation
NSR-GRID-039,LC08_L2SP_176039_20250804_20250814_02_T1,2025-08-04,35221.86041997253,35221.77927345247,35225.09364124325,-1.0,1.0,277,0.0,Fallback Simulated Observation
NSR-GRID-040,LC08_L2SP_176039_20250804_20250814_02_T1,2025-08-04,25607.432101227303,25607.35650369817,25608.329471599904,-1.0,1.0,277,0.0,Fallback Simulated Observation
NSR-GRID-041,LC08_L2SP_176039_20250804_20250814_02_T1,2025-08-04,45222.297305922955,45222.2947356997,45224.5433337656,-1.0,1.0,277,0.0,Fallback Simulated Observation
NSR-GRID-042,LC08_L2SP_176039_20250804_20250814_02_T1,2025-08-04,15715.33349119732,15715.24833201407,15716.046231129678,-1.0,1.0,277,0.0,Fallback Simulated Observation
NSR-GRID-043,LC08_L2SP_176039_20250804_20250814_02_T1,2025-08-04,28663.858268113967,28663.82488490652,28666.687370499363,-1.0,1.0,277,0.0,Fallback Simulated Observation
NSR-GRID-044,LC08_L2SP_176039_20250804_20250814_02_T1,2025-08-04,46220.31252057816,46220.25479848252,46222.04065782347,-1.0,1.0,277,0.0,Fallback Simulated Observation
NSR-GRID-045,LC08_L2SP_176039_20250804_20250814_02_T1,2025-08-04,10153.8253263867,10153.855548791176,10154.724183199,-1.0,1.0,277,0.0,Fallback Simulated Observation
NSR-GRID-046,LC08_L2SP_176039_20250804_20250814_02_T1,2025-08-04,30426.979060559806,30427.169237130678,30429.520932345014,-1.0,1.0,277,0.0,Fallback Simulated Observation
NSR-GRID-047,LC08_L2SP_176039_20250804_20250814_02_T1,2025-08-04,898.4644862368112,898.3647570857014,899.4494072438235,-1.0,1.0,277,0.0,Fallback Simulated Observation
NSR-GRID-048,LC08_L2SP_176039_20250804_20250814_02_T1,2025-08-04,31518.403337161715,31518.462466120644,31521.25210212054,-1.0,1.0,277,0.0,Fallback Simulated Observation
NSR-GRID-049,LC08_L2SP_176039_20250804_20250814_02_T1,2025-08-04,3858.8611721250577,3858.9166453467565,3860.035367057573,-1.0,1.0,277,0.0,Fallback Simulated Observation
NSR-GRID-050,LC08_L2SP_176039_20250804_20250814_02_T1,2025-08-04,33396.61456012042,33396.60214728294,33398.15018142293,-1.0,1.0,277,0.0,Fallback Simulated Observation
NSR-GRID-051,LC08_L2SP_176039_20250804_20250814_02_T1,2025-08-04,2137.563902893241,2137.691236948446,2140.6463065032376,-1.0,1.0,277,0.0,Fallback Simulated Observation
NSR-GRID-052,LC08_L2SP_176039_20250804_20250814_02_T1,2025-08-04,43411.13406693086,43410.87732333989,43414.531268034574,-1.0,1.0,277,0.0,Fallback Simulated Observation
NSR-GRID-053,LC08_L2SP_176039_20250804_20250814_02_T1,2025-08-04,476.802666106601,476.96149990232374,479.4076908575553,-1.0,1.0,277,0.0,Fallback Simulated Observation
NSR-GRID-054,LC08_L2SP_176039_20250804_20250814_02_T1,2025-08-04,46542.461107849645,46542.23277980389,46545.67653429858,-1.0,1.0,277,0.0,Fallback Simulated Observation
NSR-GRID-055,LC08_L2SP_176039_20250804_20250814_02_T1,2025-08-04,38648.28521345525,38648.218062370775,38651.72023415364,-1.0,1.0,277,0.0,Fallback Simulated Observation
NSR-GRID-056,LC08_L2SP_176039_20250804_20250814_02_T1,2025-08-04,33306.915245295655,33306.91487044228,33309.22703014881,-1.0,1.0,277,0.0,Fallback Simulated Observation
NSR-GRID-057,LC08_L2SP_176039_20250804_20250814_02_T1,2025-08-04,39929.637399148436,39929.684276669046,39931.93903786544,-1.0,1.0,277,0.0,Fallback Simulated Observation
NSR-GRID-058,LC08_L2SP_176039_20250804_20250814_02_T1,2025-08-04,42280.575558733486,42280.59607722256,42283.67904247468,-1.0,1.0,277,0.0,Fallback Simulated Observation
NSR-GRID-059,LC08_L2SP_176039_20250804_20250814_02_T1,2025-08-04,38612.37957511963,38612.36457607455,38613.23685811019,-1.0,1.0,277,0.0,Fallback Simulated Observation
NSR-GRID-060,LC08_L2SP_176039_20250804_20250814_02_T1,2025-08-04,46973.915110597714,46973.87914133114,46974.44563560548,-1.0,1.0,277,0.0,Fallback Simulated Observation
NSR-GRID-061,LC08_L2SP_176039_20250804_20250814_02_T1,2025-08-04,12316.127489989398,12316.275436132744,12317.2522934532,-1.0,1.0,277,0.0,Fallback Simulated Observation
NSR-GRID-062,LC08_L2SP_176039_20250804_20250814_02_T1,2025-08-04,24081.49235273799,24081.378592717494,24082.738499783925,-1.0,1.0,277,0.0,Fallback Simulated Observation
NSR-GRID-063,LC08_L2SP_176039_20250804_20250814_02_T1,2025-08-04,19937.58393328601,19937.603797641146,19939.013933319642,-1.0,1.0,277,0.0,Fallback Simulated Observation
NSR-GRID-064,LC08_L2SP_176039_20250804_20250814_02_T1,2025-08-04,24632.892943558178,24633.038306973263,24633.626079485246,-1.0,1.0,277,0.0,Fallback Simulated Observation
NSR-GRID-065,LC08_L2SP_176039_20250804_20250814_02_T1,2025-08-04,44920.290581350215,44920.243488030435,44921.24388182774,-1.0,1.0,277,0.0,Fallback Simulated Observation
NSR-GRID-066,LC08_L2SP_176039_20250804_20250814_02_T1,2025-08-04,9652.101540967577,9652.091481657038,9653.41918915276,-1.0,1.0,277,0.0,Fallback Simulated Observation
NSR-GRID-067,LC08_L2SP_176039_20250804_20250814_02_T1,2025-08-04,13832.070918451613,13832.104590749772,13834.140042455458,-1.0,1.0,277,0.0,Fallback Simulated Observation
NSR-GRID-068,LC08_L2SP_176039_20250804_20250814_02_T1,2025-08-04,45244.222519030845,45244.348668929924,45245.719328187086,-1.0,1.0,277,0.0,Fallback Simulated Observation
NSR-GRID-069,LC08_L2SP_176039_20250804_20250814_02_T1,2025-08-04,28059.77393713,28059.803357631994,28061.261247423143,-1.0,1.0,277,0.0,Fallback Simulated Observation
NSR-GRID-070,LC08_L2SP_176039_20250804_20250814_02_T1,2025-08-04,23951.026863028368,23951.176758874633,23953.120067087835,-1.0,1.0,277,0.0,Fallback Simulated Observation
NSR-GRID-071,LC08_L2SP_176039_20250804_20250814_02_T1,2025-08-04,15924.514725928962,15924.35505994881,15926.563673895509,-1.0,1.0,277,0.0,Fallback Simulated Observation
NSR-GRID-072,LC08_L2SP_176039_20250804_20250814_02_T1,2025-08-04,3450.248157284064,3450.1574191887876,3453.162024608685,-1.0,1.0,277,0.0,Fallback Simulated Observation
NSR-GRID-073,LC08_L2SP_176039_20250804_20250814_02_T1,2025-08-04,3109.839644153885,3109.827933748276,3110.9680494493005,-1.0,1.0,277,0.0,Fallback Simulated Observation
NSR-GRID-074,LC08_L2SP_176039_20250804_20250814_02_T1,2025-08-04,1047.5100252647405,1047.5452277476195,1050.863221585173,-1.0,1.0,277,0.0,Fallback Simulated Observation
NSR-GRID-075,LC08_L2SP_176039_20250804_20250814_02_T1,2025-08-04,4297.17396845294,4297.113279926769,4299.27507294447,-1.0,1.0,277,0.0,Fallback Simulated Observation
NSR-GRID-076,LC08_L2SP_176039_20250804_20250814_02_T1,2025-08-04,114.33938627461494,114.27023013434557,117.44169308157814,-0.5858258617947236,1.0,277,0.0,Fallback Simulated Observation
NSR-GRID-077,LC08_L2SP_176039_20250804_20250814_02_T1,2025-08-04,113.1445951330787,113.18410956639438,116.59242510729293,-0.6150842418623843,1.0,277,0.0,Fallback Simulated Observation
NSR-GRID-078,LC08_L2SP_176039_20250804_20250814_02_T1,2025-08-04,31759.149299482848,31758.90716150766,31762.335384111404,-1.0,1.0,277,0.0,Fallback Simulated Observation
NSR-GRID-079,LC08_L2SP_176039_20250804_20250814_02_T1,2025-08-04,1149.6408716393453,1149.8108536031405,1150.6272674751708,-1.0,1.0,277,0.0,Fallback Simulated Observation
NSR-GRID-080,LC08_L2SP_176039_20250804_20250814_02_T1,2025-08-04,41283.88982212463,41284.0040052174,41285.52107164628,-1.0,1.0,277,0.0,Fallback Simulated Observation
NSR-GRID-081,LC08_L2SP_176039_20250804_20250814_02_T1,2025-08-04,133.27194404672193,133.40177845633247,134.4782845233769,-0.8421248980017115,1.0,277,0.0,Fallback Simulated Observation
NSR-GRID-082,LC08_L2SP_176039_20250804_20250814_02_T1,2025-08-04,43674.83913859937,43674.866242024655,43677.867020195954,-1.0,1.0,277,0.0,Fallback Simulated Observation
NSR-GRID-083,LC08_L2SP_176039_20250804_20250814_02_T1,2025-08-04,41696.09649676575,41696.20491828617,41696.99615254787,-1.0,1.0,277,0.0,Fallback Simulated Observation
NSR-GRID-084,LC08_L2SP_176039_20250804_20250814_02_T1,2025-08-04,41605.93171807926,41605.89955931081,41606.59063340372,-1.0,1.0,277,0.0,Fallback Simulated Observation
NSR-GRID-085,LC08_L2SP_176039_20250804_20250814_02_T1,2025-08-04,42506.69578396318,42506.60048686068,42509.542881348636,-1.0,1.0,277,0.0,Fallback Simulated Observation
NSR-GRID-086,LC08_L2SP_176039_20250804_20250814_02_T1,2025-08-04,41155.107736658494,41155.26975252699,41157.183354866866,-1.0,1.0,277,0.0,Fallback Simulated Observation
NSR-GRID-087,LC08_L2SP_176039_20250804_20250814_02_T1,2025-08-04,42632.76382995175,42632.981313722456,42635.70793522895,-1.0,1.0,277,0.0,Fallback Simulated Observation
NSR-GRID-088,LC08_L2SP_176039_20250804_20250814_02_T1,2025-08-04,31027.11963426039,31027.03978222117,31029.056715137318,-1.0,1.0,277,0.0,Fallback Simulated Observation
NSR-GRID-089,LC08_L2SP_176039_20250804_20250814_02_T1,2025-08-04,36194.16957100161,36194.1923177284,36195.57738786433,-1.0,1.0,277,0.0,Fallback Simulated Observation
NSR-GRID-090,LC08_L2SP_176039_20250804_20250814_02_T1,2025-08-04,26959.80134434695,26959.668119888272,26961.304824348983,-1.0,1.0,277,0.0,Fallback Simulated Observation
NSR-GRID-091,LC08_L2SP_176039_20250804_20250814_02_T1,2025-08-04,21951.146848435827,21951.155848464125,21954.27919388678,-1.0,1.0,277,0.0,Fallback Simulated Observation
NSR-GRID-092,LC08_L2SP_176039_20250804_20250814_02_T1,2025-08-04,47619.25010128365,47619.26813340857,47620.52912765042,-1.0,1.0,277,0.0,Fallback Simulated Observation
NSR-GRID-093,LC08_L2SP_176039_20250804_20250814_02_T1,2025-08-04,26782.69700350851,26782.46020958197,26784.595361766314,-1.0,1.0,277,0.0,Fallback Simulated Observation
NSR-GRID-094,LC08_L2SP_176039_20250804_20250814_02_T1,2025-08-04,36343.60013581095,36343.42786356279,36345.38703373801,-1.0,1.0,277,0.0,Fallback Simulated Observation
NSR-GRID-095,LC08_L2SP_176039_20250804_20250814_02_T1,2025-08-04,26483.840493063566,26483.85134289749,26486.12799775427,-1.0,1.0,277,0.0,Fallback Simulated Observation
NSR-GRID-096,LC08_L2SP_176039_20250804_20250814_02_T1,2025-08-04,38010.93800369317,38010.79130029803,38013.72288461154,-1.0,1.0,277,0.0,Fallback Simulated Observation
NSR-GRID-097,LC08_L2SP_176039_20250804_20250814_02_T1,2025-08-04,33940.27581572021,33940.25797928049,33941.97840525867,-1.0,1.0,277,0.0,Fallback Simulated Observation
NSR-GRID-098,LC08_L2SP_176039_20250804_20250814_02_T1,2025-08-04,38244.61825463299,38244.53771446598,38247.560791322896,-1.0,1.0,277,0.0,Fallback Simulated Observation
NSR-GRID-099,LC08_L2SP_176039_20250804_20250814_02_T1,2025-08-04,32652.279469086698,32652.280901037477,32653.22192101091,-1.0,1.0,277,0.0,Fallback Simulated Observation
NSR-GRID-100,LC08_L2SP_176039_20250804_20250814_02_T1,2025-08-04,8765.574171008328,8765.690618593033,8767.375031264266,-1.0,1.0,277,0.0,Fallback Simulated Observation
NSR-GRID-101,LC08_L2SP_176039_20250804_20250814_02_T1,2025-08-04,4478.951068867324,4478.9142115763925,4481.295008764772,-1.0,1.0,277,0.0,Fallback Simulated Observation
NSR-GRID-102,LC08_L2SP_176039_20250804_20250814_02_T1,2025-08-04,255.51599088042641,255.547038808127,258.84259286485604,-1.0,1.0,277,0.0,Fallback Simulated Observation
NSR-GRID-103,LC08_L2SP_176039_20250804_20250814_02_T1,2025-08-04,1571.1701564856785,1571.1471111955063,1574.3326120458005,-1.0,1.0,277,0.0,Fallback Simulated Observation
NSR-GRID-104,LC08_L2SP_176039_20250804_20250814_02_T1,2025-08-04,3111.838507413315,3112.0202384952872,3114.2399907741465,-1.0,1.0,277,0.0,Fallback Simulated Observation
NSR-GRID-105,LC08_L2SP_176039_20250804_20250814_02_T1,2025-08-04,41640.2793407955,41640.3289808952,41643.03722076781,-1.0,1.0,277,0.0,Fallback Simulated Observation
NSR-GRID-106,LC08_L2SP_176039_20250804_20250814_02_T1,2025-08-04,1098.5999258667237,1098.6932087371329,1102.078949975576,-1.0,1.0,277,0.0,Fallback Simulated Observation
NSR-GRID-107,LC08_L2SP_176039_20250804_20250814_02_T1,2025-08-04,44163.421861983574,44163.65083662202,44166.833724520635,-1.0,1.0,277,0.0,Fallback Simulated Observation
NSR-GRID-108,LC08_L2SP_176039_20250804_20250814_02_T1,2025-08-04,44321.85094903544,44321.72668702095,44324.915122817794,-1.0,1.0,277,0.0,Fallback Simulated Observation
NSR-GRID-109,LC08_L2SP_176039_20250804_20250814_02_T1,2025-08-04,52878.107556979514,52878.01309821044,52880.05618234543,-1.0,1.0,277,0.0,Fallback Simulated Observation
NSR-GRID-110,LC08_L2SP_176039_20250804_20250814_02_T1,2025-08-04,46815.77898207554,46815.75761435848,46817.16107129001,-1.0,1.0,277,0.0,Fallback Simulated Observation
NSR-GRID-111,LC08_L2SP_176039_20250804_20250814_02_T1,2025-08-04,46567.63738123808,46567.69244273446,46568.91413409187,-1.0,1.0,277,0.0,Fallback Simulated Observation
NSR-GRID-112,LC08_L2SP_176039_20250804_20250814_02_T1,2025-08-04,47352.591017156294,47352.71921499253,47355.09860950443,-1.0,1.0,277,0.0,Fallback Simulated Observation
NSR-GRID-113,LC08_L2SP_176039_20250804_20250814_02_T1,2025-08-04,48710.92735309759,48710.87681109409,48711.88024807698,-1.0,1.0,277,0.0,Fallback Simulated Observation
NSR-GRID-114,LC08_L2SP_176039_20250804_20250814_02_T1,2025-08-04,49742.42276494262,49742.2784534137,49745.24027083967,-1.0,1.0,277,0.0,Fallback Simulated Observation
NSR-GRID-115,LC08_L2SP_176039_20250804_20250814_02_T1,2025-08-04,45089.858799264926,45089.866229161205,45090.58307280509,-1.0,1.0,277,0.0,Fallback Simulated Observation
NSR-GRID-116,LC08_L2SP_176039_20250804_20250814_02_T1,2025-08-04,31726.46878333259,31726.374486995348,31728.84897359266,-1.0,1.0,277,0.0,Fallback Simulated Observation
NSR-GRID-117,LC08_L2SP_176039_20250804_20250814_02_T1,2025-08-04,16025.75452216357,16025.800208489207,16028.39402845257,-1.0,1.0,277,0.0,Fallback Simulated Observation
NSR-GRID-118,LC08_L2SP_176039_20250804_20250814_02_T1,2025-08-04,15516.533032742165,15516.569492922536,15518.221248303915,-1.0,1.0,277,0.0,Fallback Simulated Observation
NSR-GRID-119,LC08_L2SP_176039_20250804_20250814_02_T1,2025-08-04,52104.92670987749,52105.03763263108,52107.95894608063,-1.0,1.0,277,0.0,Fallback Simulated Observation
NSR-GRID-120,LC08_L2SP_176039_20250804_20250814_02_T1,2025-08-04,53411.42975099363,53411.43379388761,53414.219320605785,-1.0,1.0,277,0.0,Fallback Simulated Observation
NSR-GRID-121,LC08_L2SP_176039_20250804_20250814_02_T1,2025-08-04,47476.79709602731,47476.80100247838,47480.296798958334,-1.0,1.0,277,0.0,Fallback Simulated Observation
NSR-GRID-122,LC08_L2SP_176039_20250804_20250814_02_T1,2025-08-04,45340.15933222055,45340.096565950946,45343.52935883179,-1.0,1.0,277,0.0,Fallback Simulated Observation
NSR-GRID-123,LC08_L2SP_176039_20250804_20250814_02_T1,2025-08-04,47625.14404761035,47624.998479437694,47627.04338887963,-1.0,1.0,277,0.0,Fallback Simulated Observation
NSR-GRID-124,LC08_L2SP_176039_20250804_20250814_02_T1,2025-08-04,42299.41468458705,42299.46974194642,42302.453380851424,-1.0,1.0,277,0.0,Fallback Simulated Observation
NSR-GRID-125,LC08_L2SP_176039_20250804_20250814_02_T1,2025-08-04,12786.958139408212,12786.9343374462,12788.597510192647,-1.0,1.0,277,0.0,Fallback Simulated Observation
NSR-GRID-126,LC08_L2SP_176039_20250804_20250814_02_T1,2025-08-04,5229.282075981918,5229.41124754267,5230.729570467377,-1.0,1.0,277,0.0,Fallback Simulated Observation
NSR-GRID-127,LC08_L2SP_176039_20250804_20250814_02_T1,2025-08-04,302.06203564679265,302.05267286819577,302.6206234876834,-1.0,1.0,277,0.0,Fallback Simulated Observation
NSR-GRID-128,LC08_L2SP_176039_20250804_20250814_02_T1,2025-08-04,28497.848821592812,28497.780228142416,28501.08814795357,-1.0,1.0,277,0.0,Fallback Simulated Observation
NSR-GRID-129,LC08_L2SP_176039_20250804_20250814_02_T1,2025-08-04,4936.461201271623,4936.516398207962,4937.178747760636,-1.0,1.0,277,0.0,Fallback Simulated Observation
NSR-GRID-130,LC08_L2SP_176039_20250804_20250814_02_T1,2025-08-04,40958.81919535424,40958.87753871116,40959.9193412537,-1.0,1.0,277,0.0,Fallback Simulated Observation
NSR-GRID-131,LC08_L2SP_176039_20250804_20250814_02_T1,2025-08-04,190.49983563423913,190.43034435648352,192.91345413345957,-1.0,1.0,277,0.0,Fallback Simulated Observation
NSR-GRID-132,LC08_L2SP_176039_20250804_20250814_02_T1,2025-08-04,49204.66760170184,49204.499627169185,49205.36573831376,-1.0,1.0,277,0.0,Fallback Simulated Observation
NSR-GRID-133,LC08_L2SP_176039_20250804_20250814_02_T1,2025-08-04,51310.813046551775,51310.82101197411,51312.91876456252,-1.0,1.0,277,0.0,Fallback Simulated Observation
NSR-GRID-134,LC08_L2SP_176039_20250804_20250814_02_T1,2025-08-04,45598.188186173924,45598.154252589484,45599.53354266374,-1.0,1.0,277,0.0,Fallback Simulated Observation
NSR-GRID-135,LC08_L2SP_176039_20250804_20250814_02_T1,2025-08-04,47540.88631118503,47540.72767767752,47543.77870465615,-1.0,1.0,277,0.0,Fallback Simulated Observation
NSR-GRID-136,LC08_L2SP_176039_20250804_20250814_02_T1,2025-08-04,27027.158759543705,27027.09773747445,27028.295294909032,-1.0,1.0,277,0.0,Fallback Simulated Observation
NSR-GRID-137,LC08_L2SP_176039_20250804_20250814_02_T1,2025-08-04,48633.96772676905,48634.06608134829,48634.995990043855,-1.0,1.0,277,0.0,Fallback Simulated Observation
NSR-GRID-138,LC08_L2SP_176039_20250804_20250814_02_T1,2025-08-04,48591.122831498506,48591.01379227862,48593.43334800885,-1.0,1.0,277,0.0,Fallback Simulated Observation
NSR-GRID-139,LC08_L2SP_176039_20250804_20250814_02_T1,2025-08-04,40657.53313382301,40657.42827657618,40660.81853978019,-1.0,1.0,277,0.0,Fallback Simulated Observation
NSR-GRID-140,LC08_L2SP_176039_20250804_20250814_02_T1,2025-08-04,3594.8299419251557,3594.6781468119716,3597.0175104559694,-1.0,1.0,277,0.0,Fallback Simulated Observation
NSR-GRID-141,LC08_L2SP_176039_20250804_20250814_02_T1,2025-08-04,143.9887071399227,143.89118536056088,145.46271377360307,-0.9397293196313456,1.0,277,0.0,Fallback Simulated Observation
NSR-GRID-142,LC08_L2SP_176039_20250804_20250814_02_T1,2025-08-04,23312.56286996429,23312.66675393549,23315.896559755038,-1.0,1.0,277,0.0,Fallback Simulated Observation
NSR-GRID-143,LC08_L2SP_176039_20250804_20250814_02_T1,2025-08-04,50036.11237775514,50036.27792106323,50037.53400291561,-1.0,1.0,277,0.0,Fallback Simulated Observation
NSR-GRID-144,LC08_L2SP_176039_20250804_20250814_02_T1,2025-08-04,52681.99613300691,52681.96379763997,52683.41528168839,-1.0,1.0,277,0.0,Fallback Simulated Observation
NSR-GRID-145,LC08_L2SP_176039_20250804_20250814_02_T1,2025-08-04,38891.320878421975,38891.36388062939,38892.90225658329,-1.0,1.0,277,0.0,Fallback Simulated Observation
NSR-GRID-146,LC08_L2SP_176039_20250804_20250814_02_T1,2025-08-04,41638.31426944469,41638.36596947494,41641.429508576264,-1.0,1.0,277,0.0,Fallback Simulated Observation
NSR-GRID-147,LC08_L2SP_176039_20250804_20250814_02_T1,2025-08-04,42304.576235488006,42304.60310778789,42306.829559880425,-1.0,1.0,277,0.0,Fallback Simulated Observation
NSR-GRID-148,LC08_L2SP_176039_20250804_20250814_02_T1,2025-08-04,32784.79721051481,32784.89334655079,32785.81480561687,-1.0,1.0,277,0.0,Fallback Simulated Observation
NSR-GRID-149,LC08_L2SP_176039_20250804_20250814_02_T1,2025-08-04,45153.1185328059,45153.18568699925,45156.04836783336,-1.0,1.0,277,0.0,Fallback Simulated Observation
NSR-GRID-150,LC08_L2SP_176039_20250804_20250814_02_T1,2025-08-04,27114.69135290394,27114.60843701169,27117.744663241836,-1.0,1.0,277,0.0,Fallback Simulated Observation
NSR-GRID-151,LC08_L2SP_176039_20250804_20250814_02_T1,2025-08-04,1176.0339359831348,1176.093930144029,1176.9233526591324,-1.0,1.0,277,0.0,Fallback Simulated Observation
NSR-GRID-152,LC08_L2SP_176039_20250804_20250814_02_T1,2025-08-04,39166.158992408375,39166.14548794819,39168.880086124846,-1.0,1.0,277,0.0,Fallback Simulated Observation
NSR-GRID-153,LC08_L2SP_176039_20250804_20250814_02_T1,2025-08-04,49222.29737699286,49222.197896568716,49222.82954540154,-1.0,1.0,277,0.0,Fallback Simulated Observation
NSR-GRID-154,LC08_L2SP_176039_20250804_20250814_02_T1,2025-08-04,49411.10318985567,49411.215486792826,49411.63699819423,-1.0,1.0,277,0.0,Fallback Simulated Observation
NSR-GRID-155,LC08_L2SP_176039_20250804_20250814_02_T1,2025-08-04,50269.85186867322,50269.80483390243,50270.84201304262,-1.0,1.0,277,0.0,Fallback Simulated Observation
NSR-GRID-156,LC08_L2SP_176039_20250804_20250814_02_T1,2025-08-04,47358.17845737604,47358.1569004299,47359.75809141304,-1.0,1.0,277,0.0,Fallback Simulated Observation
NSR-GRID-157,LC08_L2SP_176039_20250804_20250814_02_T1,2025-08-04,44641.18531693444,44641.16703667927,44644.31593606492,-1.0,1.0,277,0.0,Fallback Simulated Observation
NSR-GRID-158,LC08_L2SP_176039_20250804_20250814_02_T1,2025-08-04,49633.29602242503,49633.24723551622,49636.714595613485,-1.0,1.0,277,0.0,Fallback Simulated Observation
NSR-GRID-159,LC08_L2SP_176039_20250804_20250814_02_T1,2025-08-04,49685.954235280056,49685.84008960013,49688.22554712239,-1.0,1.0,277,0.0,Fallback Simulated Observation
NSR-GRID-160,LC08_L2SP_176039_20250804_20250814_02_T1,2025-08-04,49135.75216110389,49135.86565353205,49136.87475151013,-1.0,1.0,277,0.0,Fallback Simulated Observation
NSR-GRID-161,LC08_L2SP_176039_20250804_20250814_02_T1,2025-08-04,39021.409784671174,39021.56427514104,39024.447072609524,-1.0,1.0,277,0.0,Fallback Simulated Observation
NSR-GRID-162,LC08_L2SP_176039_20250804_20250814_02_T1,2025-08-04,28188.125297617244,28188.271496900332,28188.91108381412,-1.0,1.0,277,0.0,Fallback Simulated Observation
NSR-GRID-163,LC08_L2SP_176039_20250804_20250814_02_T1,2025-08-04,36944.86339262049,36944.81096372939,36946.19032531122,-1.0,1.0,277,0.0,Fallback Simulated Observation
NSR-GRID-164,LC08_L2SP_176039_20250804_20250814_02_T1,2025-08-04,43907.5150483226,43907.36801030913,43909.526279408725,-1.0,1.0,277,0.0,Fallback Simulated Observation
NSR-GRID-165,LC08_L2SP_176039_20250804_20250814_02_T1,2025-08-04,50772.895690373654,50772.90310377766,50775.794726783475,-1.0,1.0,277,0.0,Fallback Simulated Observation
NSR-GRID-166,LC08_L2SP_176039_20250804_20250814_02_T1,2025-08-04,43936.38975184684,43936.45183484136,43937.586168703936,-1.0,1.0,277,0.0,Fallback Simulated Observation
NSR-GRID-167,LC08_L2SP_176039_20250804_20250814_02_T1,2025-08-04,45310.44315127089,45310.40548122225,45311.88778444864,-1.0,1.0,277,0.0,Fallback Simulated Observation
NSR-GRID-168,LC08_L2SP_176039_20250804_20250814_02_T1,2025-08-04,44612.68912005132,44612.87810144171,44616.09573946737,-1.0,1.0,277,0.0,Fallback Simulated Observation
NSR-GRID-169,LC08_L2SP_176039_20250804_20250814_02_T1,2025-08-04,33182.50515118622,33182.58818788172,33183.69641318229,-1.0,1.0,277,0.0,Fallback Simulated Observation
NSR-GRID-170,LC08_L2SP_176039_20250804_20250814_02_T1,2025-08-04,24794.18337457691,24794.184816233173,24796.741602469698,-1.0,1.0,277,0.0,Fallback Simulated Observation
NSR-GRID-171,LC08_L2SP_176039_20250804_20250814_02_T1,2025-08-04,5673.798230995094,5674.006763775165,5676.0555120702065,-1.0,1.0,277,0.0,Fallback Simulated Observation
NSR-GRID-172,LC08_L2SP_176039_20250804_20250814_02_T1,2025-08-04,595.5168892899733,595.6377979297747,596.5971780650132,-1.0,1.0,277,0.0,Fallback Simulated Observation
NSR-GRID-173,LC08_L2SP_176039_20250804_20250814_02_T1,2025-08-04,2874.342756702509,2874.2618721874233,2875.289782332744,-1.0,1.0,277,0.0,Fallback Simulated Observation
NSR-GRID-174,LC08_L2SP_176039_20250804_20250814_02_T1,2025-08-04,38061.546830946616,38061.612422860584,38063.0787798748,-1.0,1.0,277,0.0,Fallback Simulated Observation
NSR-GRID-175,LC08_L2SP_176039_20250804_20250814_02_T1,2025-08-04,46091.26666663999,46091.06730880174,46094.0872183968,-1.0,1.0,277,0.0,Fallback Simulated Observation
NSR-GRID-176,LC08_L2SP_176039_20250804_20250814_02_T1,2025-08-04,46383.74933494411,46383.75973959221,46384.453953648335,-1.0,1.0,277,0.0,Fallback Simulated Observation
NSR-GRID-177,LC08_L2SP_176039_20250804_20250814_02_T1,2025-08-04,43828.439368730404,43828.4973120397,43831.175029110476,-1.0,1.0,277,0.0,Fallback Simulated Observation
NSR-GRID-178,LC08_L2SP_176039_20250804_20250814_02_T1,2025-08-04,46485.59131015284,46485.522851590926,46486.34223942459,-1.0,1.0,277,0.0,Fallback Simulated Observation
NSR-GRID-179,LC08_L2SP_176039_20250804_20250814_02_T1,2025-08-04,45427.79011506762,45427.755119239795,45428.303227001976,-1.0,1.0,277,0.0,Fallback Simulated Observation
NSR-GRID-180,LC08_L2SP_176039_20250804_20250814_02_T1,2025-08-04,47479.18514959916,47479.21780590074,47482.183747636365,-1.0,1.0,277,0.0,Fallback Simulated Observation
NSR-GRID-181,LC08_L2SP_176039_20250804_20250814_02_T1,2025-08-04,44913.31799289812,44913.49492267275,44916.00976719741,-1.0,1.0,277,0.0,Fallback Simulated Observation
NSR-GRID-182,LC08_L2SP_176039_20250804_20250814_02_T1,2025-08-04,48651.23429528645,48651.30103359676,48654.5355381922,-1.0,1.0,277,0.0,Fallback Simulated Observation
NSR-GRID-183,LC08_L2SP_176039_20250804_20250814_02_T1,2025-08-04,44124.70288057614,44124.61456747081,44127.41213131147,-1.0,1.0,277,0.0,Fallback Simulated Observation
NSR-GRID-184,LC08_L2SP_176039_20250804_20250814_02_T1,2025-08-04,43645.259579285535,43645.31909501793,43647.214737289825,-1.0,1.0,277,0.0,Fallback Simulated Observation
NSR-GRID-185,LC08_L2SP_176039_20250804_20250814_02_T1,2025-08-04,34773.278331303474,34773.37783657814,34774.41140053249,-1.0,1.0,277,0.0,Fallback Simulated Observation
NSR-GRID-186,LC08_L2SP_176039_20250804_20250814_02_T1,2025-08-04,47534.80095529118,47534.774572468144,47536.277509236075,-1.0,1.0,277,0.0,Fallback Simulated Observation
NSR-GRID-187,LC08_L2SP_176039_20250804_20250814_02_T1,2025-08-04,52120.13517971103,52120.23302569103,52121.2054619801,-1.0,1.0,277,0.0,Fallback Simulated Observation
NSR-GRID-188,LC08_L2SP_176039_20250804_20250814_02_T1,2025-08-04,51682.54361754698,51682.7331750243,51684.5327419709,-1.0,1.0,277,0.0,Fallback Simulated Observation
NSR-GRID-189,LC08_L2SP_176039_20250804_20250814_02_T1,2025-08-04,48190.52397278908,48190.49487411497,48193.21025716408,-1.0,1.0,277,0.0,Fallback Simulated Observation
NSR-GRID-190,LC08_L2SP_176039_20250804_20250814_02_T1,2025-08-04,37607.309177336865,37607.389027827325,37609.96991353919,-1.0,1.0,277,0.0,Fallback Simulated Observation
NSR-GRID-191,LC08_L2SP_176039_20250804_20250814_02_T1,2025-08-04,22868.41778290001,22868.4675473812,22871.654912741204,-1.0,1.0,277,0.0,Fallback Simulated Observation
NSR-GRID-192,LC08_L2SP_176039_20250804_20250814_02_T1,2025-08-04,4019.719747431964,4019.882936316801,4020.294250654404,-1.0,1.0,277,0.0,Fallback Simulated Observation
NSR-GRID-193,LC08_L2SP_176039_20250804_20250814_02_T1,2025-08-04,48576.84066952786,48576.89199475683,48578.86094298193,-1.0,1.0,277,0.0,Fallback Simulated Observation
NSR-GRID-194,LC08_L2SP_176039_20250804_20250814_02_T1,2025-08-04,14132.610213273563,14132.586953349719,14133.372257239007,-1.0,1.0,277,0.0,Fallback Simulated Observation
NSR-GRID-195,LC08_L2SP_176039_20250804_20250814_02_T1,2025-08-04,43356.77081415725,43356.8318626874,43357.42913790505,-1.0,1.0,277,0.0,Fallback Simulated Observation
NSR-GRID-196,LC08_L2SP_176039_20250804_20250814_02_T1,2025-08-04,12845.179870891963,12845.247573938943,12847.857465024443,-1.0,1.0,277,0.0,Fallback Simulated Observation
NSR-GRID-197,LC08_L2SP_176039_20250804_20250814_02_T1,2025-08-04,41989.03716230855,41989.09844441299,41989.927653090184,-1.0,1.0,277,0.0,Fallback Simulated Observation
NSR-GRID-198,LC08_L2SP_176039_20250804_20250814_02_T1,2025-08-04,30871.55233775218,30871.62201353845,30874.05088775073,-1.0,1.0,277,0.0,Fallback Simulated Observation
NSR-GRID-199,LC08_L2SP_176039_20250804_20250814_02_T1,2025-08-04,51010.385324133575,51010.42284965925,51012.00210005926,-1.0,1.0,277,0.0,Fallback Simulated Observation
NSR-GRID-200,LC08_L2SP_176039_20250804_20250814_02_T1,2025-08-04,52039.98211953515,52039.949609888,52040.851858351896,-1.0,1.0,277,0.0,Fallback Simulated Observation
NSR-GRID-201,LC08_L2SP_176039_20250804_20250814_02_T1,2025-08-04,48296.622339884816,48296.54824421811,48299.67421981926,-1.0,1.0,277,0.0,Fallback Simulated Observation
NSR-GRID-202,LC08_L2SP_176039_20250804_20250814_02_T1,2025-08-04,46585.057063439664,46585.06235738649,46586.950491876814,-1.0,1.0,277,0.0,Fallback Simulated Observation
NSR-GRID-203,LC08_L2SP_176039_20250804_20250814_02_T1,2025-08-04,40804.709739535654,40804.70617327029,40805.570833820995,-1.0,1.0,277,0.0,Fallback Simulated Observation
NSR-GRID-204,LC08_L2SP_176039_20250804_20250814_02_T1,2025-08-04,46356.95700995481,46357.00599108029,46359.13880416693,-1.0,1.0,277,0.0,Fallback Simulated Observation
NSR-GRID-205,LC08_L2SP_176039_20250804_20250814_02_T1,2025-08-04,42006.449067216694,42006.28728270172,42007.79139343848,-1.0,1.0,277,0.0,Fallback Simulated Observation
NSR-GRID-206,LC08_L2SP_176039_20250804_20250814_02_T1,2025-08-04,48891.33974950365,48891.44300567568,48894.08376045056,-1.0,1.0,277,0.0,Fallback Simulated Observation
NSR-GRID-207,LC08_L2SP_176039_20250804_20250814_02_T1,2025-08-04,49642.63090830089,49642.78874197042,49643.77102402296,-1.0,1.0,277,0.0,Fallback Simulated Observation
NSR-GRID-208,LC08_L2SP_176039_20250804_20250814_02_T1,2025-08-04,52349.07769579315,52349.093263331924,52352.517516508866,-1.0,1.0,277,0.0,Fallback Simulated Observation
NSR-GRID-209,LC08_L2SP_176039_20250804_20250814_02_T1,2025-08-04,51491.34533474191,51491.17045261797,51492.11720805207,-1.0,1.0,277,0.0,Fallback Simulated Observation
NSR-GRID-210,LC08_L2SP_176039_20250804_20250814_02_T1,2025-08-04,51376.52858809277,51376.39851458573,51377.42835761027,-1.0,1.0,277,0.0,Fallback Simulated Observation
NSR-GRID-211,LC08_L2SP_176039_20250804_20250814_02_T1,2025-08-04,50808.251143021356,50808.4318849593,50809.30159263444,-1.0,1.0,277,0.0,Fallback Simulated Observation
NSR-GRID-212,LC08_L2SP_176039_20250804_20250814_02_T1,2025-08-04,31495.047564994817,31495.26057542145,31497.513329487334,-1.0,1.0,277,0.0,Fallback Simulated Observation
NSR-GRID-213,LC08_L2SP_176039_20250804_20250814_02_T1,2025-08-04,22696.11861921413,22696.243824723286,22699.062439267254,-1.0,1.0,277,0.0,Fallback Simulated Observation
NSR-GRID-214,LC08_L2SP_176039_20250804_20250814_02_T1,2025-08-04,52179.00162516071,52179.02635397327,52179.76490958415,-1.0,1.0,277,0.0,Fallback Simulated Observation
NSR-GRID-215,LC08_L2SP_176039_20250804_20250814_02_T1,2025-08-04,44544.71528395878,44544.57838581021,44545.35466839044,-1.0,1.0,277,0.0,Fallback Simulated Observation
NSR-GRID-216,LC08_L2SP_176039_20250804_20250814_02_T1,2025-08-04,42127.986480427564,42128.101631942154,42130.38737773936,-1.0,1.0,277,0.0,Fallback Simulated Observation
NSR-GRID-217,LC08_L2SP_176039_20250804_20250814_02_T1,2025-08-04,50694.026862884435,50694.137018349444,50697.26453620007,-1.0,1.0,277,0.0,Fallback Simulated Observation
NSR-GRID-218,LC08_L2SP_176039_20250804_20250814_02_T1,2025-08-04,47743.925449652124,47743.955367998205,47745.23795776521,-1.0,1.0,277,0.0,Fallback Simulated Observation
NSR-GRID-219,LC08_L2SP_176039_20250804_20250814_02_T1,2025-08-04,44423.505273236304,44423.50372219932,44426.95719391085,-1.0,1.0,277,0.0,Fallback Simulated Observation
NSR-GRID-220,LC08_L2SP_176039_20250804_20250814_02_T1,2025-08-04,42650.068929824556,42650.009556905185,42652.50970991846,-1.0,1.0,277,0.0,Fallback Simulated Observation
NSR-GRID-221,LC08_L2SP_176039_20250804_20250814_02_T1,2025-08-04,55666.61236555669,55666.524989147416,55667.14213517818,-1.0,1.0,277,0.0,Fallback Simulated Observation
NSR-GRID-222,LC08_L2SP_176039_20250804_20250814_02_T1,2025-08-04,38263.73780793747,38263.67749592865,38264.41449691375,-1.0,1.0,277,0.0,Fallback Simulated Observation
NSR-GRID-223,LC08_L2SP_176039_20250804_20250814_02_T1,2025-08-04,52124.947334319964,52124.725699424365,52127.26120863657,-1.0,1.0,277,0.0,Fallback Simulated Observation
NSR-GRID-224,LC08_L2SP_176039_20250804_20250814_02_T1,2025-08-04,52340.635634552935,52340.605590272055,52341.37981072699,-1.0,1.0,277,0.0,Fallback Simulated Observation
NSR-GRID-225,LC08_L2SP_176039_20250804_20250814_02_T1,2025-08-04,43261.83019890991,43261.79832729903,43264.78933377817,-1.0,1.0,277,0.0,Fallback Simulated Observation
NSR-GRID-226,LC08_L2SP_176039_20250804_20250814_02_T1,2025-08-04,39484.61104802949,39484.70969942987,39487.90014052548,-1.0,1.0,277,0.0,Fallback Simulated Observation
NSR-GRID-227,LC08_L2SP_176039_20250804_20250814_02_T1,2025-08-04,52905.94969174394,52905.9004641066,52909.36291373874,-1.0,1.0,277,0.0,Fallback Simulated Observation
NSR-GRID-228,LC08_L2SP_176039_20250804_20250814_02_T1,2025-08-04,54498.49829060346,54498.459697290804,54499.15995114874,-1.0,1.0,277,0.0,Fallback Simulated Observation
NSR-GRID-229,LC08_L2SP_176039_20250804_20250814_02_T1,2025-08-04,53582.61618274965,53582.64079979268,53584.03794769303,-1.0,1.0,277,0.0,Fallback Simulated Observation
NSR-GRID-230,LC08_L2SP_176039_20250804_20250814_02_T1,2025-08-04,48709.78545860501,48709.91973336534,48712.822634303746,-1.0,1.0,277,0.0,Fallback Simulated Observation
NSR-GRID-231,LC08_L2SP_176039_20250804_20250814_02_T1,2025-08-04,13079.693794607809,13079.65332290269,13081.755504928418,-1.0,1.0,277,0.0,Fallback Simulated Observation
NSR-GRID-232,LC08_L2SP_176039_20250804_20250814_02_T1,2025-08-04,46025.34373054211,46025.27997255632,46027.04365898937,-1.0,1.0,277,0.0,Fallback Simulated Observation
NSR-GRID-233,LC08_L2SP_176039_20250804_20250814_02_T1,2025-08-04,49525.79702663646,49525.84906589891,49526.433404313226,-1.0,1.0,277,0.0,Fallback Simulated Observation
NSR-GRID-234,LC08_L2SP_176039_20250804_20250814_02_T1,2025-08-04,49901.087377599244,49901.3070108227,49902.581591893424,-1.0,1.0,277,0.0,Fallback Simulated Observation
NSR-GRID-235,LC08_L2SP_176039_20250804_20250814_02_T1,2025-08-04,47713.411933382165,47713.25544389026,47715.56816347101,-1.0,1.0,277,0.0,Fallback Simulated Observation
NSR-GRID-236,LC08_L2SP_176039_20250804_20250814_02_T1,2025-08-04,35323.491707859175,35323.44445776987,35324.13670427854,-1.0,1.0,277,0.0,Fallback Simulated Observation
NSR-GRID-237,LC08_L2SP_176039_20250804_20250814_02_T1,2025-08-04,6329.249629516354,6329.132113316741,6329.799478196535,-1.0,1.0,277,0.0,Fallback Simulated Observation
NSR-GRID-238,LC08_L2SP_176039_20250804_20250814_02_T1,2025-08-04,23668.822949463705,23668.765775605483,23672.188809305255,-1.0,1.0,277,0.0,Fallback Simulated Observation
NSR-GRID-239,LC08_L2SP_176039_20250804_20250814_02_T1,2025-08-04,32304.91192275591,32304.7406419946,32308.34639338282,-1.0,1.0,277,0.0,Fallback Simulated Observation
NSR-GRID-240,LC08_L2SP_176039_20250804_20250814_02_T1,2025-08-04,28305.544885086943,28305.723828958053,28306.08123089727,-1.0,1.0,277,0.0,Fallback Simulated Observation
NSR-GRID-241,LC08_L2SP_176039_20250804_20250814_02_T1,2025-08-04,42204.00975964092,42204.01949021611,42204.57604088223,-1.0,1.0,277,0.0,Fallback Simulated Observation
NSR-GRID-242,LC08_L2SP_176039_20250804_20250814_02_T1,2025-08-04,51456.844719677945,51457.01238475822,51459.116778117095,-1.0,1.0,277,0.0,Fallback Simulated Observation
NSR-GRID-243,LC08_L2SP_176039_20250804_20250814_02_T1,2025-08-04,35549.41117080843,35549.3255707049,35550.276007153305,-1.0,1.0,277,0.0,Fallback Simulated Observation
NSR-GRID-244,LC08_L2SP_176039_20250804_20250814_02_T1,2025-08-04,3746.82463704315,3746.915683153395,3747.4195438947886,-1.0,1.0,277,0.0,Fallback Simulated Observation
NSR-GRID-245,LC08_L2SP_176039_20250804_20250814_02_T1,2025-08-04,22821.238689184927,22821.086226052954,22823.02801368825,-1.0,1.0,277,0.0,Fallback Simulated Observation
NSR-GRID-246,LC08_L2SP_176039_20250804_20250814_02_T1,2025-08-04,41141.7855017151,41141.73479888882,41142.3192186631,-1.0,1.0,277,0.0,Fallback Simulated Observation
NSR-GRID-247,LC08_L2SP_176039_20250804_20250814_02_T1,2025-08-04,34964.71957980742,34964.680911175215,34966.92598085407,-1.0,1.0,277,0.0,Fallback Simulated Observation
NSR-GRID-248,LC08_L2SP_176039_20250804_20250814_02_T1,2025-08-04,38484.58825816249,38484.56994908403,38485.97620780364,-1.0,1.0,277,0.0,Fallback Simulated Observation
NSR-GRID-249,LC08_L2SP_176039_20250804_20250814_02_T1,2025-08-04,44622.887536378235,44622.96602635021,44624.12524550592,-1.0,1.0,277,0.0,Fallback Simulated Observation
NSR-GRID-250,LC08_L2SP_176039_20250804_20250814_02_T1,2025-08-04,9138.06224373658,9138.227695064666,9139.731476287461,-1.0,1.0,277,0.0,Fallback Simulated Observation
NSR-GRID-251,LC08_L2SP_176039_20250804_20250814_02_T1,2025-08-04,47803.42256782676,47803.55067546597,47804.80941090739,-1.0,1.0,277,0.0,Fallback Simulated Observation
NSR-GRID-252,LC08_L2SP_176039_20250804_20250814_02_T1,2025-08-04,51154.475341831065,51154.390065044805,51155.15175543273,-1.0,1.0,277,0.0,Fallback Simulated Observation
NSR-GRID-253,LC08_L2SP_176039_20250804_20250814_02_T1,2025-08-04,48256.4742168374,48256.43932466475,48257.88422298458,-1.0,1.0,277,0.0,Fallback Simulated Observation
NSR-GRID-254,LC08_L2SP_176039_20250804_20250814_02_T1,2025-08-04,45165.24263786557,45165.1740905803,45167.286197860434,-1.0,1.0,277,0.0,Fallback Simulated Observation
NSR-GRID-255,LC08_L2SP_176039_20250804_20250814_02_T1,2025-08-04,32063.008965550423,32063.252168247942,32066.288379164103,-1.0,1.0,277,0.0,Fallback Simulated Observation
NSR-GRID-256,LC08_L2SP_176039_20250804_20250814_02_T1,2025-08-04,19015.67109272903,19015.67355746685,19017.582506482253,-1.0,1.0,277,0.0,Fallback Simulated Observation
NSR-GRID-257,LC08_L2SP_176039_20250804_20250814_02_T1,2025-08-04,17307.736870968754,17307.92804086264,17308.529979871804,-1.0,1.0,277,0.0,Fallback Simulated Observation
NSR-GRID-258,LC08_L2SP_176039_20250804_20250814_02_T1,2025-08-04,18800.635048807297,18800.700349601128,18804.02218978898,-1.0,1.0,277,0.0,Fallback Simulated Observation
NSR-GRID-259,LC08_L2SP_176039_20250804_20250814_02_T1,2025-08-04,38938.012484357816,38938.02494829221,38940.394314279605,-1.0,1.0,277,0.0,Fallback Simulated Observation
NSR-GRID-260,LC08_L2SP_176039_20250804_20250814_02_T1,2025-08-04,44882.43570384056,44882.53660298825,44885.52492583633,-1.0,1.0,277,0.0,Fallback Simulated Observation
NSR-GRID-261,LC08_L2SP_176039_20250804_20250814_02_T1,2025-08-04,24278.59250770115,24278.607741217133,24279.21694728983,-1.0,1.0,277,0.0,Fallback Simulated Observation
NSR-GRID-262,LC08_L2SP_176039_20250804_20250814_02_T1,2025-08-04,2958.534787672201,2958.646087742115,2961.121319101576,-1.0,1.0,277,0.0,Fallback Simulated Observation
NSR-GRID-263,LC08_L2SP_176039_20250804_20250814_02_T1,2025-08-04,8838.600548812807,8838.479219617202,8841.490523934357,-1.0,1.0,277,0.0,Fallback Simulated Observation
NSR-GRID-264,LC08_L2SP_176039_20250804_20250814_02_T1,2025-08-04,17416.29191719569,17416.47089627272,17418.985788353886,-1.0,1.0,277,0.0,Fallback Simulated Observation
NSR-GRID-265,LC08_L2SP_176039_20250804_20250814_02_T1,2025-08-04,45060.613597838244,45060.59430612099,45063.53265076566,-1.0,1.0,277,0.0,Fallback Simulated Observation
NSR-GRID-266,LC08_L2SP_176039_20250804_20250814_02_T1,2025-08-04,39804.52564168392,39804.62852942809,39805.172306372435,-1.0,1.0,277,0.0,Fallback Simulated Observation
NSR-GRID-267,LC08_L2SP_176039_20250804_20250814_02_T1,2025-08-04,53553.91399893822,53553.81492866232,53557.07170607126,-1.0,1.0,277,0.0,Fallback Simulated Observation
NSR-GRID-268,LC08_L2SP_176039_20250804_20250814_02_T1,2025-08-04,23116.36502912584,23116.362790660187,23119.105278773382,-1.0,1.0,277,0.0,Fallback Simulated Observation
NSR-GRID-269,LC08_L2SP_176039_20250804_20250814_02_T1,2025-08-04,57408.255924865975,57408.14980609625,57408.75606923766,-1.0,1.0,277,0.0,Fallback Simulated Observation
NSR-GRID-270,LC08_L2SP_176039_20250804_20250814_02_T1,2025-08-04,25819.54817233083,25819.659924385705,25821.732279382486,-1.0,1.0,277,0.0,Fallback Simulated Observation
NSR-GRID-271,LC08_L2SP_176039_20250804_20250814_02_T1,2025-08-04,48800.33303874138,48800.41712063195,48801.346406007324,-1.0,1.0,277,0.0,Fallback Simulated Observation
NSR-GRID-272,LC08_L2SP_176039_20250804_20250814_02_T1,2025-08-04,52632.987065354886,52632.91091979921,52634.204351533845,-1.0,1.0,277,0.0,Fallback Simulated Observation
NSR-GRID-273,LC08_L2SP_176039_20250804_20250814_02_T1,2025-08-04,40489.34793225967,40489.39869726952,40492.20658695159,-1.0,1.0,277,0.0,Fallback Simulated Observation
NSR-GRID-274,LC08_L2SP_176039_20250804_20250814_02_T1,2025-08-04,44830.9319488334,44830.79105040341,44834.34180497685,-1.0,1.0,277,0.0,Fallback Simulated Observation
NSR-GRID-275,LC08_L2SP_176039_20250804_20250814_02_T1,2025-08-04,33360.13975052087,33360.10736229679,33361.90139631824,-1.0,1.0,277,0.0,Fallback Simulated Observation
NSR-GRID-276,LC08_L2SP_176039_20250804_20250814_02_T1,2025-08-04,18955.756156034087,18955.733816192453,18959.001455756912,-1.0,1.0,277,0.0,Fallback Simulated Observation
NSR-GRID-277,LC08_L2SP_176039_20250804_20250814_02_T1,2025-08-04,4017.6698302910695,4017.7958372306866,4019.3167213359525,-1.0,1.0,277,0.0,Fallback Simulated Observation
NSR-GRID-278,LC08_L2SP_176039_20250804_20250814_02_T1,2025-08-04,21673.976521002958,21673.820477656176,21676.535823398666,-1.0,1.0,277,0.0,Fallback Simulated Observation
NSR-GRID-279,LC08_L2SP_176039_20250804_20250814_02_T1,2025-08-04,22282.751798903504,22282.689200828252,22283.27134785058,-1.0,1.0,277,0.0,Fallback Simulated Observation
NSR-GRID-280,LC08_L2SP_176039_20250804_20250814_02_T1,2025-08-04,6391.983157153727,6392.209117356501,6394.417083173546,-1.0,1.0,277,0.0,Fallback Simulated Observation
NSR-GRID-281,LC08_L2SP_176039_20250804_20250814_02_T1,2025-08-04,161.23911860597315,161.4106274255064,161.85157644734917,-1.0,1.0,277,0.0,Fallback Simulated Observation
NSR-GRID-282,LC08_L2SP_176039_20250804_20250814_02_T1,2025-08-04,6305.39356420076,6305.531869940618,6308.7737390280545,-1.0,1.0,277,0.0,Fallback Simulated Observation
NSR-GRID-283,LC08_L2SP_176039_20250804_20250814_02_T1,2025-08-04,16643.272182773577,16643.007359056443,16646.179688875174,-1.0,1.0,277,0.0,Fallback Simulated Observation
NSR-GRID-284,LC08_L2SP_176039_20250804_20250814_02_T1,2025-08-04,14314.046369893358,14314.233812338052,14316.937873210034,-1.0,1.0,277,0.0,Fallback Simulated Observation
NSR-GRID-285,LC08_L2SP_176039_20250804_20250814_02_T1,2025-08-04,46925.81832304138,46926.001823536906,46926.80289480828,-1.0,1.0,277,0.0,Fallback Simulated Observation
NSR-GRID-286,LC08_L2SP_176039_20250804_20250814_02_T1,2025-08-04,7477.247825336943,7477.385305133948,7479.890193742426,-1.0,1.0,277,0.0,Fallback Simulated Observation
NSR-GRID-287,LC08_L2SP_176039_20250804_20250814_02_T1,2025-08-04,59696.677859233496,59696.65794221449,59697.66635567098,-1.0,1.0,277,0.0,Fallback Simulated Observation
NSR-GRID-288,LC08_L2SP_176039_20250804_20250814_02_T1,2025-08-04,52759.35857530941,52759.35213308945,52761.616386998474,-1.0,1.0,277,0.0,Fallback Simulated Observation
NSR-GRID-289,LC08_L2SP_176039_20250804_20250814_02_T1,2025-08-04,40922.076525249344,40922.1549797366,40924.33748169836,-1.0,1.0,277,0.0,Fallback Simulated Observation
NSR-GRID-290,LC08_L2SP_176039_20250804_20250814_02_T1,2025-08-04,32414.72484260749,32414.619258143746,32417.37956868631,-1.0,1.0,277,0.0,Fallback Simulated Observation
NSR-GRID-291,LC08_L2SP_176039_20250804_20250814_02_T1,2025-08-04,13342.43280595471,13342.347163997414,13345.51386599722,-1.0,1.0,277,0.0,Fallback Simulated Observation
NSR-GRID-292,LC08_L2SP_176039_20250804_20250814_02_T1,2025-08-04,14625.993164546278,14625.778892561639,14629.03798834828,-1.0,1.0,277,0.0,Fallback Simulated Observation
NSR-GRID-293,LC08_L2SP_176039_20250804_20250814_02_T1,2025-08-04,37039.21126682802,37039.443885733905,37040.6881103494,-1.0,1.0,277,0.0,Fallback Simulated Observation
NSR-GRID-294,LC08_L2SP_176039_20250804_20250814_02_T1,2025-08-04,27074.979031093437,27074.967879203785,27076.95394724178,-1.0,1.0,277,0.0,Fallback Simulated Observation
NSR-GRID-295,LC08_L2SP_176039_20250804_20250814_02_T1,2025-08-04,252.07166623553414,252.21052721422342,253.3796922347834,-1.0,1.0,277,0.0,Fallback Simulated Observation
NSR-GRID-296,LC08_L2SP_176039_20250804_20250814_02_T1,2025-08-04,105.47431089254567,105.6165002014161,108.13083013716268,-0.5189354969612268,1.0,277,0.0,Fallback Simulated Observation
NSR-GRID-297,LC08_L2SP_176039_20250804_20250814_02_T1,2025-08-04,260.8247585481961,260.84688903759377,262.4506820742816,-1.0,1.0,277,0.0,Fallback Simulated Observation
NSR-GRID-298,LC08_L2SP_176039_20250804_20250814_02_T1,2025-08-04,572.6182967221224,572.6662086349007,574.2331795774376,-1.0,1.0,277,0.0,Fallback Simulated Observation
NSR-GRID-299,LC08_L2SP_176039_20250804_20250814_02_T1,2025-08-04,471.29958639120247,471.294190125196,474.2367721164406,-1.0,1.0,277,0.0,Fallback Simulated Observation
NSR-GRID-300,LC08_L2SP_176039_20250804_20250814_02_T1,2025-08-04,33814.68732817335,33814.68899891182,33817.70715062479,-1.0,1.0,277,0.0,Fallback Simulated Observation
NSR-GRID-301,LC08_L2SP_176039_20250804_20250814_02_T1,2025-08-04,44695.44886859495,44695.32508524793,44696.871945325904,-1.0,1.0,277,0.0,Fallback Simulated Observation
NSR-GRID-302,LC08_L2SP_176039_20250804_20250814_02_T1,2025-08-04,17445.00496368306,17445.027202464473,17447.03151861881,-1.0,1.0,277,0.0,Fallback Simulated Observation
NSR-GRID-303,LC08_L2SP_176039_20250804_20250814_02_T1,2025-08-04,3158.898395448042,3158.8031435419143,3161.202874306967,-1.0,1.0,277,0.0,Fallback Simulated Observation
NSR-GRID-304,LC08_L2SP_176039_20250804_20250814_02_T1,2025-08-04,27980.500348416845,27980.585442109623,27983.882125280412,-1.0,1.0,277,0.0,Fallback Simulated Observation
NSR-GRID-305,LC08_L2SP_176039_20250804_20250814_02_T1,2025-08-04,44108.59644956098,44108.86868065424,44111.190675667174,-1.0,1.0,277,0.0,Fallback Simulated Observation
NSR-GRID-306,LC08_L2SP_176039_20250804_20250814_02_T1,2025-08-04,47901.08808656103,47900.93115092676,47902.19379302123,-1.0,1.0,277,0.0,Fallback Simulated Observation
NSR-GRID-307,LC08_L2SP_176039_20250804_20250814_02_T1,2025-08-04,25806.109505086017,25806.144946312186,25808.077322645946,-1.0,1.0,277,0.0,Fallback Simulated Observation
NSR-GRID-308,LC08_L2SP_176039_20250804_20250814_02_T1,2025-08-04,10700.984007355868,10700.97049435516,10704.08073254396,-1.0,1.0,277,0.0,Fallback Simulated Observation
NSR-GRID-309,LC08_L2SP_176039_20250804_20250814_02_T1,2025-08-04,2143.92660246439,2143.9624910259067,2145.5387431553268,-1.0,1.0,277,0.0,Fallback Simulated Observation
NSR-GRID-310,LC08_L2SP_176039_20250804_20250814_02_T1,2025-08-04,2091.66912687438,2091.7187615154867,2092.912065225517,-1.0,1.0,277,0.0,Fallback Simulated Observation
NSR-GRID-311,LC08_L2SP_176039_20250804_20250814_02_T1,2025-08-04,2821.174310732858,2821.0983650008598,2823.649830074435,-1.0,1.0,277,0.0,Fallback Simulated Observation
NSR-GRID-312,LC08_L2SP_176039_20250804_20250814_02_T1,2025-08-04,5690.323208108658,5690.410225926133,5691.019031262763,-1.0,1.0,277,0.0,Fallback Simulated Observation
NSR-GRID-313,LC08_L2SP_176039_20250804_20250814_02_T1,2025-08-04,4470.831722177384,4470.76801345739,4472.167477695925,-1.0,1.0,277,0.0,Fallback Simulated Observation
NSR-GRID-314,LC08_L2SP_176039_20250804_20250814_02_T1,2025-08-04,84.44224498588974,84.4221342063608,85.35564430202172,-0.30084838941616104,1.0,277,0.0,Fallback Simulated Observation
NSR-GRID-315,LC08_L2SP_176039_20250804_20250814_02_T1,2025-08-04,47.87097157940636,47.964734554124405,51.212300421843125,0.09699043973988249,-0.1460019801198094,277,0.0,Fallback Simulated Observation
NSR-GRID-316,LC08_L2SP_176039_20250804_20250814_02_T1,2025-08-04,47.57311885859631,47.520911668146475,49.125662330752846,0.0902141974191794,-0.1086595305671934,277,0.0,Fallback Simulated Observation
NSR-GRID-317,LC08_L2SP_176039_20250804_20250814_02_T1,2025-08-04,19965.39577593232,19965.172546996713,19966.247988119412,-1.0,1.0,277,0.0,Fallback Simulated Observation
NSR-GRID-318,LC08_L2SP_176039_20250804_20250814_02_T1,2025-08-04,5818.953928619805,5818.854858868852,5822.124356550245,-1.0,1.0,277,0.0,Fallback Simulated Observation
NSR-GRID-319,LC08_L2SP_176039_20250804_20250814_02_T1,2025-08-04,3153.1293286423247,3153.1094236807908,3155.7565886865964,-1.0,1.0,277,0.0,Fallback Simulated Observation
NSR-GRID-320,LC08_L2SP_176039_20250804_20250814_02_T1,2025-08-04,40884.38364545226,40884.474771680565,40885.205681325766,-1.0,1.0,277,0.0,Fallback Simulated Observation
NSR-GRID-321,LC08_L2SP_176039_20250804_20250814_02_T1,2025-08-04,42515.48796417678,42515.532112980705,42517.75012274905,-1.0,1.0,277,0.0,Fallback Simulated Observation
NSR-GRID-322,LC08_L2SP_176039_20250804_20250814_02_T1,2025-08-04,15804.202573280118,15804.254889283458,15806.005256611097,-1.0,1.0,277,0.0,Fallback Simulated Observation
NSR-GRID-323,LC08_L2SP_176039_20250804_20250814_02_T1,2025-08-04,13181.312274287706,13181.37395559558,13184.803615189743,-1.0,1.0,277,0.0,Fallback Simulated Observation
NSR-GRID-324,LC08_L2SP_176039_20250804_20250814_02_T1,2025-08-04,14855.898668264477,14856.044209212694,14859.063583721367,-1.0,1.0,277,0.0,Fallback Simulated Observation
NSR-GRID-325,LC08_L2SP_176039_20250804_20250814_02_T1,2025-08-04,6257.290135109283,6257.326134373226,6259.95670094671,-1.0,1.0,277,0.0,Fallback Simulated Observation
NSR-GRID-326,LC08_L2SP_176039_20250804_20250814_02_T1,2025-08-04,1241.5681722631841,1241.5676392058515,1242.4141098297303,-1.0,1.0,277,0.0,Fallback Simulated Observation
NSR-GRID-327,LC08_L2SP_176039_20250804_20250814_02_T1,2025-08-04,4902.236639737712,4902.302114459628,4905.277409992042,-1.0,1.0,277,0.0,Fallback Simulated Observation
NSR-GRID-328,LC08_L2SP_176039_20250804_20250814_02_T1,2025-08-04,5842.256088357214,5842.247621267464,5843.900251346435,-1.0,1.0,277,0.0,Fallback Simulated Observation
NSR-GRID-329,LC08_L2SP_176039_20250804_20250814_02_T1,2025-08-04,50.60494496110614,50.79771376675522,52.98910855455742,0.04570449822336676,-0.02021484560229221,277,0.0,Fallback Simulated Observation
NSR-GRID-330,LC08_L2SP_176039_20250804_20250814_02_T1,2025-08-04,47.85469346493877,48.0230906679457,50.31206791040263,0.07050976207174477,-0.1383519186721169,277,0.0,Fallback Simulated Observation
NSR-GRID-331,LC08_L2SP_176039_20250804_20250814_02_T1,2025-08-04,47.749047713718454,47.93785880159971,49.944202472589666,0.08094209395518627,-0.047306816081593386,277,0.0,Fallback Simulated Observation
NSR-GRID-332,LC08_L2SP_176039_20250804_20250814_02_T1,2025-08-04,15351.371661955316,15351.411705154702,15353.111481487453,-1.0,1.0,277,0.0,Fallback Simulated Observation
NSR-GRID-333,LC08_L2SP_176039_20250804_20250814_02_T1,2025-08-04,585.8935603090113,585.665461615911,588.3620872019105,-1.0,1.0,277,0.0,Fallback Simulated Observation
NSR-GRID-334,LC08_L2SP_176039_20250804_20250814_02_T1,2025-08-04,15316.248398842237,15316.170242856315,15317.068469053886,-1.0,1.0,277,0.0,Fallback Simulated Observation
NSR-GRID-335,LC08_L2SP_176039_20250804_20250814_02_T1,2025-08-04,13762.556812724977,13762.462359779207,13763.451028840394,-1.0,1.0,277,0.0,Fallback Simulated Observation
NSR-GRID-336,LC08_L2SP_176039_20250804_20250814_02_T1,2025-08-04,37571.7040238195,37571.725510290446,37574.2275351558,-1.0,1.0,277,0.0,Fallback Simulated Observation
NSR-GRID-337,LC08_L2SP_176039_20250804_20250814_02_T1,2025-08-04,14314.551684592252,14314.557017388837,14317.811390969231,-1.0,1.0,277,0.0,Fallback Simulated Observation
NSR-GRID-338,LC08_L2SP_176039_20250804_20250814_02_T1,2025-08-04,6865.98618664276,6866.019040118152,6866.670395700646,-1.0,1.0,277,0.0,Fallback Simulated Observation
NSR-GRID-339,LC08_L2SP_176039_20250804_20250814_02_T1,2025-08-04,10741.78483826929,10741.878170347754,10743.604962672252,-1.0,1.0,277,0.0,Fallback Simulated Observation
NSR-GRID-340,LC08_L2SP_176039_20250804_20250814_02_T1,2025-08-04,6750.082163911483,6750.15712216862,6753.398478744526,-1.0,1.0,277,0.0,Fallback Simulated Observation
NSR-GRID-341,LC08_L2SP_176039_20250804_20250814_02_T1,2025-08-04,25113.236851786674,25113.11109509369,25114.971835102184,-1.0,1.0,277,0.0,Fallback Simulated Observation
NSR-GRID-342,LC08_L2SP_176039_20250804_20250814_02_T1,2025-08-04,12348.3631618774,12348.38564355107,12349.766658488403,-1.0,1.0,277,0.0,Fallback Simulated Observation
NSR-GRID-343,LC08_L2SP_176039_20250804_20250814_02_T1,2025-08-04,5496.31134522148,5496.32146065095,5498.390924821006,-1.0,1.0,277,0.0,Fallback Simulated Observation
NSR-GRID-344,LC08_L2SP_176039_20250804_20250814_02_T1,2025-08-04,5217.019395385027,5217.293706672273,5217.590358504322,-1.0,1.0,277,0.0,Fallback Simulated Observation
NSR-GRID-345,LC08_L2SP_176039_20250804_20250814_02_T1,2025-08-04,1030.9479927103462,1030.8936185993095,1033.29003895503,-1.0,1.0,277,0.0,Fallback Simulated Observation
NSR-GRID-346,LC08_L2SP_176039_20250804_20250814_02_T1,2025-08-04,63.369377445466796,63.65844174450671,63.92762412509649,-0.08348777748439071,0.48048293140948195,277,0.0,Fallback Simulated Observation
NSR-GRID-347,LC08_L2SP_176039_20250804_20250814_02_T1,2025-08-04,5491.559844808402,5491.61070596535,5495.048190318981,-1.0,1.0,277,0.0,Fallback Simulated Observation
NSR-GRID-348,LC08_L2SP_176039_20250804_20250814_02_T1,2025-08-04,9330.656634857289,9330.878509193042,9331.824354191154,-1.0,1.0,277,0.0,Fallback Simulated Observation
NSR-GRID-349,LC08_L2SP_176039_20250804_20250814_02_T1,2025-08-04,15354.384487373429,15354.331297899142,15356.973153118442,-1.0,1.0,277,0.0,Fallback Simulated Observation
NSR-GRID-350,LC08_L2SP_176039_20250804_20250814_02_T1,2025-08-04,15855.034916439841,15855.000754593164,15857.849028776458,-1.0,1.0,277,0.0,Fallback Simulated Observation
NSR-GRID-351,LC08_L2SP_176039_20250804_20250814_02_T1,2025-08-04,6009.991116093718,6010.042682374212,6013.402546033043,-1.0,1.0,277,0.0,Fallback Simulated Observation
NSR-GRID-352,LC08_L2SP_176039_20250804_20250814_02_T1,2025-08-04,17148.552705611855,17148.657490517544,17151.944767780726,-1.0,1.0,277,0.0,Fallback Simulated Observation
NSR-GRID-353,LC08_L2SP_176039_20250804_20250814_02_T1,2025-08-04,25376.250330825093,25376.446804925257,25379.03485275412,-1.0,1.0,277,0.0,Fallback Simulated Observation
NSR-GRID-354,LC08_L2SP_176039_20250804_20250814_02_T1,2025-08-04,16860.302571791155,16860.397988242574,16861.48833296727,-1.0,1.0,277,0.0,Fallback Simulated Observation
NSR-GRID-355,LC08_L2SP_176039_20250804_20250814_02_T1,2025-08-04,2000.3314664106992,2000.2325957991418,2002.0137473564155,-1.0,1.0,277,0.0,Fallback Simulated Observation
NSR-GRID-356,LC08_L2SP_176039_20250804_20250814_02_T1,2025-08-04,4590.856958434225,4590.882744595954,4593.745864123494,-1.0,1.0,277,0.0,Fallback Simulated Observation
NSR-GRID-357,LC08_L2SP_176039_20250804_20250814_02_T1,2025-08-04,5755.973700407583,5755.933954490605,5758.716434766011,-1.0,1.0,277,0.0,Fallback Simulated Observation
NSR-GRID-358,LC08_L2SP_176039_20250804_20250814_02_T1,2025-08-04,25698.31538169396,25698.348048786112,25700.080462835114,-1.0,1.0,277,0.0,Fallback Simulated Observation
NSR-GRID-359,LC08_L2SP_176039_20250804_20250814_02_T1,2025-08-04,38943.47069035665,38943.555976000585,38945.832348332435,-1.0,1.0,277,0.0,Fallback Simulated Observation
NSR-GRID-360,LC08_L2SP_176039_20250804_20250814_02_T1,2025-08-04,3655.2454712494778,3655.1530303926547,3657.0904802738523,-1.0,1.0,277,0.0,Fallback Simulated Observation
NSR-GRID-361,LC08_L2SP_176039_20250804_20250814_02_T1,2025-08-04,2661.599524473382,2661.682846926197,2664.457009445053,-1.0,1.0,277,0.0,Fallback Simulated Observation
NSR-GRID-362,LC08_L2SP_176039_20250804_20250814_02_T1,2025-08-04,5255.377860754376,5255.367148032659,5256.697648118043,-1.0,1.0,277,0.0,Fallback Simulated Observation
NSR-GRID-363,LC08_L2SP_176039_20250804_20250814_02_T1,2025-08-04,20618.178057983238,20618.121094702885,20620.826098906036,-1.0,1.0,277,0.0,Fallback Simulated Observation
NSR-GRID-364,LC08_L2SP_176039_20250804_20250814_02_T1,2025-08-04,35982.81055772979,35982.68766323914,35986.1339925714,-1.0,1.0,277,0.0,Fallback Simulated Observation
NSR-GRID-365,LC08_L2SP_176039_20250804_20250814_02_T1,2025-08-04,15821.789543596115,15821.910409406952,15824.39097130008,-1.0,1.0,277,0.0,Fallback Simulated Observation
NSR-GRID-366,LC08_L2SP_176039_20250804_20250814_02_T1,2025-08-04,759.7630009071117,759.7484780425278,762.7347372894816,-1.0,1.0,277,0.0,Fallback Simulated Observation
NSR-GRID-367,LC08_L2SP_176039_20250804_20250814_02_T1,2025-08-04,9530.582812094797,9530.464894772924,9532.37759832659,-1.0,1.0,277,0.0,Fallback Simulated Observation
NSR-GRID-368,LC08_L2SP_176039_20250804_20250814_02_T1,2025-08-04,4114.951248481746,4115.026357536047,4115.5126838651195,-1.0,1.0,277,0.0,Fallback Simulated Observation
NSR-GRID-369,LC08_L2SP_176039_20250804_20250814_02_T1,2025-08-04,228.14515930438012,228.12720762575697,230.28798326263416,-1.0,1.0,277,0.0,Fallback Simulated Observation
NSR-GRID-370,LC08_L2SP_176039_20250804_20250814_02_T1,2025-08-04,473.5819530214765,473.61482970662064,474.19700017425276,-1.0,1.0,277,0.0,Fallback Simulated Observation
NSR-GRID-371,LC08_L2SP_176039_20250804_20250814_02_T1,2025-08-04,605.4846143902078,605.5180637110423,607.9718616284513,-1.0,1.0,277,0.0,Fallback Simulated Observation
NSR-GRID-372,LC08_L2SP_176039_20250804_20250814_02_T1,2025-08-04,7858.6854831672035,7858.581738997563,7860.606601790271,-1.0,1.0,277,0.0,Fallback Simulated Observation
NSR-GRID-373,LC08_L2SP_176039_20250804_20250814_02_T1,2025-08-04,10386.858846084488,10386.87447735427,10389.689467821145,-1.0,1.0,277,0.0,Fallback Simulated Observation
NSR-GRID-374,LC08_L2SP_176039_20250804_20250814_02_T1,2025-08-04,1609.0704450638996,1608.8985540682968,1610.2639425228613,-1.0,1.0,277,0.0,Fallback Simulated Observation
NSR-GRID-375,LC08_L2SP_176039_20250804_20250814_02_T1,2025-08-04,50.45757139673854,50.475077901417876,51.61682518989074,0.03535739374258209,0.0046433780339530046,277,0.0,Fallback Simulated Observation
NSR-GRID-376,LC08_L2SP_176039_20250804_20250814_02_T1,2025-08-04,15098.348282110024,15098.497543104771,15100.587784811036,-1.0,1.0,277,0.0,Fallback Simulated Observation
NSR-GRID-377,LC08_L2SP_176039_20250804_20250814_02_T1,2025-08-04,15148.014657025984,15147.86961520186,15150.647990428135,-1.0,1.0,277,0.0,Fallback Simulated Observation
NSR-GRID-378,LC08_L2SP_176039_20250804_20250814_02_T1,2025-08-04,52.694841525384696,52.78120207607333,54.26446795502751,0.06416455786088478,0.10987976034476159,277,0.0,Fallback Simulated Observation
NSR-GRID-379,LC08_L2SP_176039_20250804_20250814_02_T1,2025-08-04,9449.04141250642,9448.931734223479,9449.72451366214,-1.0,1.0,277,0.0,Fallback Simulated Observation
NSR-GRID-380,LC08_L2SP_176039_20250804_20250814_02_T1,2025-08-04,89.85113705887288,89.6835530424177,92.58903160130765,-0.36656740643435853,1.0,277,0.0,Fallback Simulated Observation
NSR-GRID-381,LC08_L2SP_176039_20250804_20250814_02_T1,2025-08-04,47.622042523988235,47.52005767523988,49.778055363644185,0.06489932008179003,-0.06310187794278216,277,0.0,Fallback Simulated Observation
NSR-GRID-382,LC08_L2SP_176039_20250804_20250814_02_T1,2025-08-04,47.468847444126716,47.39824892757682,49.51912934701711,0.0883391768628323,-0.0975214706806611,277,0.0,Fallback Simulated Observation
NSR-GRID-383,LC08_L2SP_176039_20250804_20250814_02_T1,2025-08-04,4446.119635880294,4446.084712932752,4447.990333093037,-1.0,1.0,277,0.0,Fallback Simulated Observation
NSR-GRID-384,LC08_L2SP_176039_20250804_20250814_02_T1,2025-08-04,594.0361982099945,594.1489907085462,597.0859325152709,-1.0,1.0,277,0.0,Fallback Simulated Observation
NSR-GRID-385,LC08_L2SP_176039_20250804_20250814_02_T1,2025-08-04,48.213383455246884,48.20682706264391,51.05574699318626,0.08492155436900893,-0.152011564069583,277,0.0,Fallback Simulated Observation
NSR-GRID-386,LC08_L2SP_176039_20250804_20250814_02_T1,2025-08-04,50.49957977020069,50.24421666863583,52.065078344372814,0.06495426327290782,-0.028642803507079574,277,0.0,Fallback Simulated Observation
NSR-GRID-387,LC08_L2SP_176039_20250804_20250814_02_T1,2025-08-04,47.52513459841211,47.556696831494946,48.49112450036667,0.06892130632315516,-0.09811890614610747,277,0.0,Fallback Simulated Observation
NSR-GRID-388,LC08_L2SP_176039_20250804_20250814_02_T1,2025-08-04,344.9473570038711,344.9312905190336,346.8108678068189,-1.0,1.0,277,0.0,Fallback Simulated Observation
NSR-GRID-389,LC08_L2SP_176039_20250804_20250814_02_T1,2025-08-04,5980.213304141185,5980.196954245313,5983.704919573108,-1.0,1.0,277,0.0,Fallback Simulated Observation
NSR-GRID-390,LC08_L2SP_176039_20250804_20250814_02_T1,2025-08-04,75.68135763753,75.70924994724675,76.41023826747174,-0.20958528250002292,0.9740711274630952,277,0.0,Fallback Simulated Observation
NSR-GRID-391,LC08_L2SP_176039_20250804_20250814_02_T1,2025-08-04,197.1215570644635,197.21191420366705,200.61228973235683,-1.0,1.0,277,0.0,Fallback Simulated Observation
NSR-GRID-392,LC08_L2SP_176039_20250804_20250814_02_T1,2025-08-04,373.55832707170237,373.6460030706178,374.6463830076169,-1.0,1.0,277,0.0,Fallback Simulated Observation
NSR-GRID-393,LC08_L2SP_176039_20250804_20250814_02_T1,2025-08-04,47.49536420049112,47.50605562176811,50.73354407875631,0.06367953856107594,-0.14547418939538975,277,0.0,Fallback Simulated Observation
NSR-GRID-394,LC08_L2SP_176039_20250804_20250814_02_T1,2025-08-04,45.71987354836494,45.639459779548865,47.9830497264388,0.1075904863210286,-0.05199796665850745,277,0.0,Fallback Simulated Observation
NSR-GRID-395,LC08_L2SP_176039_20250804_20250814_02_T1,2025-08-04,47.35832953959149,47.25933621193387,50.3377813625347,0.06683773013816612,-0.12732286686475625,277,0.0,Fallback Simulated Observation
NSR-GRID-396,LC08_L2SP_176039_20250804_20250814_02_T1,2025-08-04,46.387508872325654,46.34548246920977,48.2895850540072,0.07739483785126502,-0.15618647049522053,277,0.0,Fallback Simulated Observation
NSR-GRID-397,LC08_L2SP_176039_20250804_20250814_02_T1,2025-08-04,46.54894706744326,46.46451394293519,47.131651789950794,0.05502836621800471,-0.11379550914625788,277,0.0,Fallback Simulated Observation
NSR-GRID-398,LC08_L2SP_176039_20250804_20250814_02_T1,2025-08-04,46.908340670630956,46.93739870541841,49.40055777368252,0.06823744905109753,-0.04733059415545976,277,0.0,Fallback Simulated Observation
NSR-GRID-399,LC08_L2SP_176039_20250804_20250814_02_T1,2025-08-04,1722.6366990805477,1722.6169132853615,1723.87214314024,-1.0,1.0,277,0.0,Fallback Simulated Observation
NSR-GRID-400,LC08_L2SP_176039_20250804_20250814_02_T1,2025-08-04,100.09100595884995,100.09949478300261,103.14035105507064,-0.4582644629118631,1.0,277,0.0,Fallback Simulated Observation
NSR-GRID-401,LC08_L2SP_176039_20250804_20250814_02_T1,2025-08-04,48.1778857839321,48.25376968956808,51.431366945203685,0.08111479546652736,-0.10005710730826911,277,0.0,Fallback Simulated Observation
NSR-GRID-402,LC08_L2SP_176039_20250804_20250814_02_T1,2025-08-04,46.64832443347211,46.80275778216924,48.50205959356846,0.09517658536551653,-0.12542766082979612,277,0.0,Fallback Simulated Observation
NSR-GRID-403,LC08_L2SP_176039_20250804_20250814_02_T1,2025-08-04,47.82743103565681,47.78947714591462,51.03602541703173,0.020094662184007676,-0.12084372971825502,277,0.0,Fallback Simulated Observation
NSR-GRID-404,LC08_L2SP_176039_20250804_20250814_02_T1,2025-08-04,46.46166927457619,46.561121086179035,47.94727462436481,0.07726073354295503,-0.1357119625470663,277,0.0,Fallback Simulated Observation
NSR-GRID-405,LC08_L2SP_176039_20250804_20250814_02_T1,2025-08-04,47.47594633345418,47.4040829404489,48.76141103019658,0.08868753844056736,-0.11605153880181775,277,0.0,Fallback Simulated Observation
NSR-GRID-406,LC08_L2SP_176039_20250804_20250814_02_T1,2025-08-04,3176.874110779416,3176.8955122183856,3179.726507555241,-1.0,1.0,277,0.0,Fallback Simulated Observation
NSR-GRID-407,LC08_L2SP_176039_20250804_20250814_02_T1,2025-08-04,2598.478391492448,2598.4329385952087,2601.694571191235,-1.0,1.0,277,0.0,Fallback Simulated Observation
NSR-GRID-408,LC08_L2SP_176039_20250804_20250814_02_T1,2025-08-04,47.51319733132798,47.60439969842681,48.042860926378744,0.08160054176695093,-0.07795265583001665,277,0.0,Fallback Simulated Observation
NSR-GRID-409,LC08_L2SP_176039_20250804_20250814_02_T1,2025-08-04,47.89384985200026,47.919138179713265,50.01737134241458,0.04268320489593128,-0.11914593178684768,277,0.0,Fallback Simulated Observation
NSR-GRID-410,LC08_L2SP_176039_20250804_20250814_02_T1,2025-08-04,137.27792292945324,137.21360752973314,139.12501066621104,-0.9019333882774221,1.0,277,0.0,Fallback Simulated Observation
NSR-GRID-411,LC08_L2SP_176039_20250804_20250814_02_T1,2025-08-04,47.622531607683825,47.834547578471195,48.55295872008647,0.09815721275408983,-0.11947757253005306,277,0.0,Fallback Simulated Observation
NSR-GRID-412,LC08_L2SP_176039_20250804_20250814_02_T1,2025-08-04,7321.673199679789,7321.5860486203555,7323.954777474685,-1.0,1.0,277,0.0,Fallback Simulated Observation
NSR-GRID-413,LC08_L2SP_176039_20250804_20250814_02_T1,2025-08-04,7519.228844966584,7519.286071503874,7522.270058379658,-1.0,1.0,277,0.0,Fallback Simulated Observation
NSR-GRID-414,LC08_L2SP_176039_20250804_20250814_02_T1,2025-08-04,4074.325295154251,4074.4599432138066,4075.977155512901,-1.0,1.0,277,0.0,Fallback Simulated Observation
NSR-GRID-415,LC08_L2SP_176039_20250804_20250814_02_T1,2025-08-04,48.28057190620431,48.175163218221385,49.0755429074802,0.10281925864730816,-0.10645012580147419,277,0.0,Fallback Simulated Observation
NSR-GRID-416,LC08_L2SP_176039_20250804_20250814_02_T1,2025-08-04,74.62783469567154,74.67932081366506,77.6760694595195,-0.18866310275434328,0.9426682278196663,277,0.0,Fallback Simulated Observation
NSR-GRID-001,LC09_L2SP_176039_20250727_20250729_02_T1,2025-07-27,47350.33662644017,47350.18272094801,47351.90873247762,-1.0,1.0,277,0.0,Fallback Simulated Observation
NSR-GRID-002,LC09_L2SP_176039_20250727_20250729_02_T1,2025-07-27,45664.34835379787,45664.30645123938,45666.73549477863,-1.0,1.0,277,0.0,Fallback Simulated Observation
NSR-GRID-003,LC09_L2SP_176039_20250727_20250729_02_T1,2025-07-27,48673.977157937035,48673.87101063974,48674.80155385406,-1.0,1.0,277,0.0,Fallback Simulated Observation
NSR-GRID-004,LC09_L2SP_176039_20250727_20250729_02_T1,2025-07-27,37286.60054135081,37286.62907175136,37287.48324699246,-1.0,1.0,277,0.0,Fallback Simulated Observation
NSR-GRID-005,LC09_L2SP_176039_20250727_20250729_02_T1,2025-07-27,49734.393467886024,49734.50055364581,49737.08036416732,-1.0,1.0,277,0.0,Fallback Simulated Observation
NSR-GRID-006,LC09_L2SP_176039_20250727_20250729_02_T1,2025-07-27,54378.02803514419,54378.12246882967,54381.50847494719,-1.0,1.0,277,0.0,Fallback Simulated Observation
NSR-GRID-007,LC09_L2SP_176039_20250727_20250729_02_T1,2025-07-27,46230.75370899932,46230.75815920755,46234.2442132852,-1.0,1.0,277,0.0,Fallback Simulated Observation
NSR-GRID-008,LC09_L2SP_176039_20250727_20250729_02_T1,2025-07-27,47464.83185112625,47464.79468502288,47467.45753583199,-1.0,1.0,277,0.0,Fallback Simulated Observation
NSR-GRID-009,LC09_L2SP_176039_20250727_20250729_02_T1,2025-07-27,51570.88033224599,51570.978827256295,51573.6611459762,-1.0,1.0,277,0.0,Fallback Simulated Observation
NSR-GRID-010,LC09_L2SP_176039_20250727_20250729_02_T1,2025-07-27,43092.320753175314,43092.349962217115,43094.79862759368,-1.0,1.0,277,0.0,Fallback Simulated Observation
NSR-GRID-011,LC09_L2SP_176039_20250727_20250729_02_T1,2025-07-27,42441.37625513152,42441.348843983986,42444.238723837414,-1.0,1.0,277,0.0,Fallback Simulated Observation
NSR-GRID-012,LC09_L2SP_176039_20250727_20250729_02_T1,2025-07-27,41238.98484155649,41238.92057002428,41240.71569868845,-1.0,1.0,277,0.0,Fallback Simulated Observation
NSR-GRID-013,LC09_L2SP_176039_20250727_20250729_02_T1,2025-07-27,41070.01860367717,41069.96512859671,41073.006983959116,-1.0,1.0,277,0.0,Fallback Simulated Observation
NSR-GRID-014,LC09_L2SP_176039_20250727_20250729_02_T1,2025-07-27,20612.917770968303,20612.893362404448,20614.906388608153,-1.0,1.0,277,0.0,Fallback Simulated Observation
NSR-GRID-015,LC09_L2SP_176039_20250727_20250729_02_T1,2025-07-27,12752.437857165754,12752.457334566318,12755.565819160876,-1.0,1.0,277,0.0,Fallback Simulated Observation
NSR-GRID-016,LC09_L2SP_176039_20250727_20250729_02_T1,2025-07-27,21951.73253979387,21951.755268682155,21953.45657048836,-1.0,1.0,277,0.0,Fallback Simulated Observation
NSR-GRID-017,LC09_L2SP_176039_20250727_20250729_02_T1,2025-07-27,28844.513619435143,28844.37324959667,28846.1157813026,-1.0,1.0,277,0.0,Fallback Simulated Observation
NSR-GRID-018,LC09_L2SP_176039_20250727_20250729_02_T1,2025-07-27,16803.22509902798,16803.112751856075,16806.267361690858,-1.0,1.0,277,0.0,Fallback Simulated Observation
NSR-GRID-019,LC09_L2SP_176039_20250727_20250729_02_T1,2025-07-27,39530.68364937313,39530.81289026618,39532.06558526541,-1.0,1.0,277,0.0,Fallback Simulated Observation
NSR-GRID-020,LC09_L2SP_176039_20250727_20250729_02_T1,2025-07-27,3866.569072284863,3866.5554112195164,3867.980983112776,-1.0,1.0,277,0.0,Fallback Simulated Observation
NSR-GRID-021,LC09_L2SP_176039_20250727_20250729_02_T1,2025-07-27,20339.740317649077,20339.78277250905,20340.376449407417,-1.0,1.0,277,0.0,Fallback Simulated Observation
NSR-GRID-022,LC09_L2SP_176039_20250727_20250729_02_T1,2025-07-27,20102.533632706192,20102.300555427988,20105.564462193604,-1.0,1.0,277,0.0,Fallback Simulated Observation
NSR-GRID-023,LC09_L2SP_176039_20250727_20250729_02_T1,2025-07-27,42.03359362410112,42.11826585797821,44.66233120573592,0.09574298099793074,-0.09293771266704706,277,0.0,Fallback Simulated Observation
NSR-GRID-024,LC09_L2SP_176039_20250727_20250729_02_T1,2025-07-27,44920.6554199908,44920.733407443644,44921.33104425665,-1.0,1.0,277,0.0,Fallback Simulated Observation
NSR-GRID-025,LC09_L2SP_176039_20250727_20250729_02_T1,2025-07-27,42916.74693873279,42916.66653743299,42917.2577863181,-1.0,1.0,277,0.0,Fallback Simulated Observation
NSR-GRID-026,LC09_L2SP_176039_20250727_20250729_02_T1,2025-07-27,30580.17346346122,30580.229441310697,30581.400902355406,-1.0,1.0,277,0.0,Fallback Simulated Observation
NSR-GRID-027,LC09_L2SP_176039_20250727_20250729_02_T1,2025-07-27,46470.00767102791,46469.82659107008,46472.71271245329,-1.0,1.0,277,0.0,Fallback Simulated Observation
NSR-GRID-028,LC09_L2SP_176039_20250727_20250729_02_T1,2025-07-27,47906.08274107925,47906.15789442136,47909.399350100975,-1.0,1.0,277,0.0,Fallback Simulated Observation
NSR-GRID-029,LC09_L2SP_176039_20250727_20250729_02_T1,2025-07-27,41728.43954281503,41728.37197101479,41729.417475021604,-1.0,1.0,277,0.0,Fallback Simulated Observation
NSR-GRID-030,LC09_L2SP_176039_20250727_20250729_02_T1,2025-07-27,41634.627422451194,41634.59698235718,41637.08079968605,-1.0,1.0,277,0.0,Fallback Simulated Observation
NSR-GRID-031,LC09_L2SP_176039_20250727_20250729_02_T1,2025-07-27,28023.872019382303,28023.799485378222,28025.51158326859,-1.0,1.0,277,0.0,Fallback Simulated Observation
NSR-GRID-032,LC09_L2SP_176039_20250727_20250729_02_T1,2025-07-27,40980.00697642292,40979.95690828294,40981.32284396104,-1.0,1.0,277,0.0,Fallback Simulated Observation
NSR-GRID-033,LC09_L2SP_176039_20250727_20250729_02_T1,2025-07-27,8668.242291549876,8668.22172635869,8671.105453911763,-1.0,1.0,277,0.0,Fallback Simulated Observation
NSR-GRID-034,LC09_L2SP_176039_20250727_20250729_02_T1,2025-07-27,20273.902574937412,20273.808596106577,20276.92839082934,-1.0,1.0,277,0.0,Fallback Simulated Observation
NSR-GRID-035,LC09_L2SP_176039_20250727_20250729_02_T1,2025-07-27,12366.487011853844,12366.185959602213,12368.188922986408,-1.0,1.0,277,0.0,Fallback Simulated Observation
NSR-GRID-036,LC09_L2SP_176039_20250727_20250729_02_T1,2025-07-27,9338.097056383405,9337.949111050097,9340.663123836199,-1.0,1.0,277,0.0,Fallback Simulated Observation
NSR-GRID-037,LC09_L2SP_176039_20250727_20250729_02_T1,2025-07-27,19724.597028429253,19724.68434535849,19725.748021667434,-1.0,1.0,277,0.0,Fallback Simulated Observation
NSR-GRID-038,LC09_L2SP_176039_20250727_20250729_02_T1,2025-07-27,25584.785571735443,25584.842696905307,25587.1768198207,-1.0,1.0,277,0.0,Fallback Simulated Observation
NSR-GRID-039,LC09_L2SP_176039_20250727_20250729_02_T1,2025-07-27,35221.83441027998,35221.99445000987,35223.533773522606,-1.0,1.0,277,0.0,Fallback Simulated Observation
NSR-GRID-040,LC09_L2SP_176039_20250727_20250729_02_T1,2025-07-27,25606.758229547322,25606.93654539248,25609.036945571537,-1.0,1.0,277,0.0,Fallback Simulated Observation
NSR-GRID-041,LC09_L2SP_176039_20250727_20250729_02_T1,2025-07-27,45223.16578941935,45223.21686262596,45226.51304986681,-1.0,1.0,277,0.0,Fallback Simulated Observation
NSR-GRID-042,LC09_L2SP_176039_20250727_20250729_02_T1,2025-07-27,15714.206398150649,15714.137028478941,15715.942545828317,-1.0,1.0,277,0.0,Fallback Simulated Observation
NSR-GRID-043,LC09_L2SP_176039_20250727_20250729_02_T1,2025-07-27,28663.902480675733,28663.89428944616,28665.07542240365,-1.0,1.0,277,0.0,Fallback Simulated Observation
NSR-GRID-044,LC09_L2SP_176039_20250727_20250729_02_T1,2025-07-27,46219.8178955013,46219.999997478626,46221.69783044183,-1.0,1.0,277,0.0,Fallback Simulated Observation
NSR-GRID-045,LC09_L2SP_176039_20250727_20250729_02_T1,2025-07-27,10153.532936205336,10153.579032069521,10155.220188021194,-1.0,1.0,277,0.0,Fallback Simulated Observation
NSR-GRID-046,LC09_L2SP_176039_20250727_20250729_02_T1,2025-07-27,30426.431873182668,30426.52069892257,30428.009162333277,-1.0,1.0,277,0.0,Fallback Simulated Observation
NSR-GRID-047,LC09_L2SP_176039_20250727_20250729_02_T1,2025-07-27,898.5526117931546,898.6048884673912,901.1845839243551,-1.0,1.0,277,0.0,Fallback Simulated Observation
NSR-GRID-048,LC09_L2SP_176039_20250727_20250729_02_T1,2025-07-27,31517.60634729336,31517.558394589363,31518.720097409812,-1.0,1.0,277,0.0,Fallback Simulated Observation
NSR-GRID-049,LC09_L2SP_176039_20250727_20250729_02_T1,2025-07-27,3858.559790294803,3858.5865113603177,3861.5786066477744,-1.0,1.0,277,0.0,Fallback Simulated Observation
NSR-GRID-050,LC09_L2SP_176039_20250727_20250729_02_T1,2025-07-27,33395.388255673795,33395.40873149928,33398.410494137854,-1.0,1.0,277,0.0,Fallback Simulated Observation
NSR-GRID-051,LC09_L2SP_176039_20250727_20250729_02_T1,2025-07-27,2135.8265737453094,2135.6797715804328,2137.8414170336796,-1.0,1.0,277,0.0,Fallback Simulated Observation
NSR-GRID-052,LC09_L2SP_176039_20250727_20250729_02_T1,2025-07-27,43411.02373330424,43411.01686631879,43413.34705297587,-1.0,1.0,277,0.0,Fallback Simulated Observation
NSR-GRID-053,LC09_L2SP_176039_20250727_20250729_02_T1,2025-07-27,475.8664945587998,475.9785002225898,478.4752575529857,-1.0,1.0,277,0.0,Fallback Simulated Observation
NSR-GRID-054,LC09_L2SP_176039_20250727_20250729_02_T1,2025-07-27,46541.309773227156,46541.28443985301,46542.341063310036,-1.0,1.0,277,0.0,Fallback Simulated Observation
NSR-GRID-055,LC09_L2SP_176039_20250727_20250729_02_T1,2025-07-27,38648.38595550214,38648.47523955757,38651.25870830297,-1.0,1.0,277,0.0,Fallback Simulated Observation
NSR-GRID-056,LC09_L2SP_176039_20250727_20250729_02_T1,2025-07-27,33306.7213514498,33306.78160154678,33308.03627484203,-1.0,1.0,277,0.0,Fallback Simulated Observation
NSR-GRID-057,LC09_L2SP_176039_20250727_20250729_02_T1,2025-07-27,39928.78073869102,39928.871787904216,39931.325558461525,-1.0,1.0,277,0.0,Fallback Simulated Observation
NSR-GRID-058,LC09_L2SP_176039_20250727_20250729_02_T1,2025-07-27,42281.236794348755,42281.14794715209,42282.98431429305,-1.0,1.0,277,0.0,Fallback Simulated Observation
NSR-GRID-059,LC09_L2SP_176039_20250727_20250729_02_T1,2025-07-27,38612.33705994282,38612.267352051545,38615.38297513668,-1.0,1.0,277,0.0,Fallback Simulated Observation
NSR-GRID-060,LC09_L2SP_176039_20250727_20250729_02_T1,2025-07-27,46973.48451477636,46973.41106922728,46974.68053338021,-1.0,1.0,277,0.0,Fallback Simulated Observation
NSR-GRID-061,LC09_L2SP_176039_20250727_20250729_02_T1,2025-07-27,12316.863926261607,12316.779332897597,12319.19695400697,-1.0,1.0,277,0.0,Fallback Simulated Observation
NSR-GRID-062,LC09_L2SP_176039_20250727_20250729_02_T1,2025-07-27,24081.505700850936,24081.50177488255,24082.873613802247,-1.0,1.0,277,0.0,Fallback Simulated Observation
NSR-GRID-063,LC09_L2SP_176039_20250727_20250729_02_T1,2025-07-27,19937.96824505321,19937.95213230454,19939.941794654496,-1.0,1.0,277,0.0,Fallback Simulated Observation
NSR-GRID-064,LC09_L2SP_176039_20250727_20250729_02_T1,2025-07-27,24633.38934625388,24633.23563413161,24634.846428059,-1.0,1.0,277,0.0,Fallback Simulated Observation
NSR-GRID-065,LC09_L2SP_176039_20250727_20250729_02_T1,2025-07-27,44919.59976204136,44919.82375856058,44920.11359184928,-1.0,1.0,277,0.0,Fallback Simulated Observation
NSR-GRID-066,LC09_L2SP_176039_20250727_20250729_02_T1,2025-07-27,9651.718550134176,9651.691570816154,9652.879659205875,-1.0,1.0,277,0.0,Fallback Simulated Observation
NSR-GRID-067,LC09_L2SP_176039_20250727_20250729_02_T1,2025-07-27,13831.959712916223,13831.995432204123,13833.95538583707,-1.0,1.0,277,0.0,Fallback Simulated Observation
NSR-GRID-068,LC09_L2SP_176039_20250727_20250729_02_T1,2025-07-27,45243.67084186853,45243.47622698244,45246.33469851432,-1.0,1.0,277,0.0,Fallback Simulated Observation
NSR-GRID-069,LC09_L2SP_176039_20250727_20250729_02_T1,2025-07-27,28058.732130163313,28058.90672052653,28060.744075940373,-1.0,1.0,277,0.0,Fallback Simulated Observation
NSR-GRID-070,LC09_L2SP_176039_20250727_20250729_02_T1,2025-07-27,23951.19652098052,23951.192846949965,23952.664357164846,-1.0,1.0,277,0.0,Fallback Simulated Observation
NSR-GRID-071,LC09_L2SP_176039_20250727_20250729_02_T1,2025-07-27,15924.535340906225,15924.447527274417,15927.96877537364,-1.0,1.0,277,0.0,Fallback Simulated Observation
NSR-GRID-072,LC09_L2SP_176039_20250727_20250729_02_T1,2025-07-27,3450.2623135208987,3450.1884277707677,3451.116490220184,-1.0,1.0,277,0.0,Fallback Simulated Observation
NSR-GRID-073,LC09_L2SP_176039_20250727_20250729_02_T1,2025-07-27,3109.8243548843707,3109.8391751812333,3111.85762548784,-1.0,1.0,277,0.0,Fallback Simulated Observation
NSR-GRID-074,LC09_L2SP_176039_20250727_20250729_02_T1,2025-07-27,1047.06215693232,1047.091731710967,1047.7802905753538,-1.0,1.0,277,0.0,Fallback Simulated Observation
NSR-GRID-075,LC09_L2SP_176039_20250727_20250729_02_T1,2025-07-27,4298.071706247583,4298.303516473629,4299.320145931479,-1.0,1.0,277,0.0,Fallback Simulated Observation
NSR-GRID-076,LC09_L2SP_176039_20250727_20250729_02_T1,2025-07-27,114.51187275597175,114.48891916229073,116.75346726934497,-0.6160317366252326,1.0,277,0.0,Fallback Simulated Observation
NSR-GRID-077,LC09_L2SP_176039_20250727_20250729_02_T1,2025-07-27,112.75037976255717,112.81018898983491,115.84053945692526,-0.5867039366652573,1.0,277,0.0,Fallback Simulated Observation
NSR-GRID-078,LC09_L2SP_176039_20250727_20250729_02_T1,2025-07-27,31760.03783093253,31760.015073000595,31760.54677132488,-1.0,1.0,277,0.0,Fallback Simulated Observation
NSR-GRID-079,LC09_L2SP_176039_20250727_20250729_02_T1,2025-07-27,1149.2169546342154,1149.167766688734,1150.6803207333899,-1.0,1.0,277,0.0,Fallback Simulated Observation
NSR-GRID-080,LC09_L2SP_176039_20250727_20250729_02_T1,2025-07-27,41283.56270513903,41283.559310914745,41284.522402099734,-1.0,1.0,277,0.0,Fallback Simulated Observation
NSR-GRID-081,LC09_L2SP_176039_20250727_20250729_02_T1,2025-07-27,133.29555229165896,133.27676800965259,134.09515435042493,-0.8260654912398897,1.0,277,0.0,Fallback Simulated Observation
NSR-GRID-082,LC09_L2SP_176039_20250727_20250729_02_T1,2025-07-27,43674.97947949942,43675.02799380899,43677.44576200273,-1.0,1.0,277,0.0,Fallback Simulated Observation
NSR-GRID-083,LC09_L2SP_176039_20250727_20250729_02_T1,2025-07-27,41694.95105843828,41695.12688565407,41695.88730688856,-1.0,1.0,277,0.0,Fallback Simulated Observation
NSR-GRID-084,LC09_L2SP_176039_20250727_20250729_02_T1,2025-07-27,41605.659575578684,41605.61122431983,41608.13992686706,-1.0,1.0,277,0.0,Fallback Simulated Observation
NSR-GRID-085,LC09_L2SP_176039_20250727_20250729_02_T1,2025-07-27,42506.58139691389,42506.49386455713,42509.30141352972,-1.0,1.0,277,0.0,Fallback Simulated Observation
NSR-GRID-086,LC09_L2SP_176039_20250727_20250729_02_T1,2025-07-27,41154.408039811846,41154.461699755186,41157.3699065747,-1.0,1.0,277,0.0,Fallback Simulated Observation
NSR-GRID-087,LC09_L2SP_176039_20250727_20250729_02_T1,2025-07-27,42632.635307589015,42632.57204276387,42635.837041380706,-1.0,1.0,277,0.0,Fallback Simulated Observation
NSR-GRID-088,LC09_L2SP_176039_20250727_20250729_02_T1,2025-07-27,31026.48101571567,31026.37894894268,31027.680630465624,-1.0,1.0,277,0.0,Fallback Simulated Observation
NSR-GRID-089,LC09_L2SP_176039_20250727_20250729_02_T1,2025-07-27,36193.277099688006,36193.075901551434,36195.09260343283,-1.0,1.0,277,0.0,Fallback Simulated Observation
NSR-GRID-090,LC09_L2SP_176039_20250727_20250729_02_T1,2025-07-27,26959.067142014697,26959.10559870009,26959.610252632476,-1.0,1.0,277,0.0,Fallback Simulated Observation
NSR-GRID-091,LC09_L2SP_176039_20250727_20250729_02_T1,2025-07-27,21951.275078720013,21951.187988837966,21952.24025788425,-1.0,1.0,277,0.0,Fallback Simulated Observation
NSR-GRID-092,LC09_L2SP_176039_20250727_20250729_02_T1,2025-07-27,47619.74332538863,47619.88845629326,47620.50182546883,-1.0,1.0,277,0.0,Fallback Simulated Observation
NSR-GRID-093,LC09_L2SP_176039_20250727_20250729_02_T1,2025-07-27,26781.631289684396,26781.623684793627,26784.440283149892,-1.0,1.0,277,0.0,Fallback Simulated Observation
NSR-GRID-094,LC09_L2SP_176039_20250727_20250729_02_T1,2025-07-27,36343.64680334318,36343.70094605624,36344.968946767774,-1.0,1.0,277,0.0,Fallback Simulated Observation
NSR-GRID-095,LC09_L2SP_176039_20250727_20250729_02_T1,2025-07-27,26483.324097929126,26483.320750448092,26485.181508080368,-1.0,1.0,277,0.0,Fallback Simulated Observation
NSR-GRID-096,LC09_L2SP_176039_20250727_20250729_02_T1,2025-07-27,38010.259595494244,38010.39283650008,38011.45194726178,-1.0,1.0,277,0.0,Fallback Simulated Observation
NSR-GRID-097,LC09_L2SP_176039_20250727_20250729_02_T1,2025-07-27,33940.32423115622,33940.18760649328,33941.26504514406,-1.0,1.0,277,0.0,Fallback Simulated Observation
NSR-GRID-098,LC09_L2SP_176039_20250727_20250729_02_T1,2025-07-27,38244.70214540277,38244.7853247953,38247.30919978536,-1.0,1.0,277,0.0,Fallback Simulated Observation
NSR-GRID-099,LC09_L2SP_176039_20250727_20250729_02_T1,2025-07-27,32651.173937598414,32651.159654934556,32652.94234801576,-1.0,1.0,277,0.0,Fallback Simulated Observation
NSR-GRID-100,LC09_L2SP_176039_20250727_20250729_02_T1,2025-07-27,8764.63256358067,8764.639317558576,8765.734790130167,-1.0,1.0,277,0.0,Fallback Simulated Observation
NSR-GRID-101,LC09_L2SP_176039_20250727_20250729_02_T1,2025-07-27,4479.35551558681,4479.271472110543,4480.255735030644,-1.0,1.0,277,0.0,Fallback Simulated Observation
NSR-GRID-102,LC09_L2SP_176039_20250727_20250729_02_T1,2025-07-27,255.88555835682186,255.8919273020826,258.86669483025037,-1.0,1.0,277,0.0,Fallback Simulated Observation
NSR-GRID-103,LC09_L2SP_176039_20250727_20250729_02_T1,2025-07-27,1569.639978231497,1569.689156220457,1572.5942629166348,-1.0,1.0,277,0.0,Fallback Simulated Observation
NSR-GRID-104,LC09_L2SP_176039_20250727_20250729_02_T1,2025-07-27,3110.8370652040717,3110.9077534961984,3113.6497522539103,-1.0,1.0,277,0.0,Fallback Simulated Observation
NSR-GRID-105,LC09_L2SP_176039_20250727_20250729_02_T1,2025-07-27,41639.227125358084,41639.37168886275,41642.380283860446,-1.0,1.0,277,0.0,Fallback Simulated Observation
NSR-GRID-106,LC09_L2SP_176039_20250727_20250729_02_T1,2025-07-27,1099.0109490432221,1099.0431867804516,1101.0848123480803,-1.0,1.0,277,0.0,Fallback Simulated Observation
NSR-GRID-107,LC09_L2SP_176039_20250727_20250729_02_T1,2025-07-27,44162.771843919996,44162.74853032674,44164.60697024253,-1.0,1.0,277,0.0,Fallback Simulated Observation
NSR-GRID-108,LC09_L2SP_176039_20250727_20250729_02_T1,2025-07-27,44321.92611215439,44321.96337601826,44323.26262199402,-1.0,1.0,277,0.0,Fallback Simulated Observation
NSR-GRID-109,LC09_L2SP_176039_20250727_20250729_02_T1,2025-07-27,52877.62423129732,52877.75660735112,52880.40099441104,-1.0,1.0,277,0.0,Fallback Simulated Observation
NSR-GRID-110,LC09_L2SP_176039_20250727_20250729_02_T1,2025-07-27,46815.61780859,46815.52476769161,46817.719836541924,-1.0,1.0,277,0.0,Fallback Simulated Observation
NSR-GRID-111,LC09_L2SP_176039_20250727_20250729_02_T1,2025-07-27,46567.80386124698,46567.8774055756,46568.50538754078,-1.0,1.0,277,0.0,Fallback Simulated Observation
NSR-GRID-112,LC09_L2SP_176039_20250727_20250729_02_T1,2025-07-27,47352.04007336513,47352.027283174284,47353.64748108903,-1.0,1.0,277,0.0,Fallback Simulated Observation
NSR-GRID-113,LC09_L2SP_176039_20250727_20250729_02_T1,2025-07-27,48710.65919363737,48710.52889344519,48712.91690634425,-1.0,1.0,277,0.0,Fallback Simulated Observation
NSR-GRID-114,LC09_L2SP_176039_20250727_20250729_02_T1,2025-07-27,49742.99264504054,49743.086254905,49746.0648155493,-1.0,1.0,277,0.0,Fallback Simulated Observation
NSR-GRID-115,LC09_L2SP_176039_20250727_20250729_02_T1,2025-07-27,45088.675923114046,45088.86138932743,45090.1552754253,-1.0,1.0,277,0.0,Fallback Simulated Observation
NSR-GRID-116,LC09_L2SP_176039_20250727_20250729_02_T1,2025-07-27,31726.779294674667,31726.81357307905,31729.296115636742,-1.0,1.0,277,0.0,Fallback Simulated Observation
NSR-GRID-117,LC09_L2SP_176039_20250727_20250729_02_T1,2025-07-27,16025.45613927244,16025.549820704133,16027.676124750275,-1.0,1.0,277,0.0,Fallback Simulated Observation
NSR-GRID-118,LC09_L2SP_176039_20250727_20250729_02_T1,2025-07-27,15515.721231554257,15515.575712054677,15516.715697203228,-1.0,1.0,277,0.0,Fallback Simulated Observation
NSR-GRID-119,LC09_L2SP_176039_20250727_20250729_02_T1,2025-07-27,52104.442873200525,52104.44918096807,52106.15160204961,-1.0,1.0,277,0.0,Fallback Simulated Observation
NSR-GRID-120,LC09_L2SP_176039_20250727_20250729_02_T1,2025-07-27,53411.60797708807,53411.67312481274,53414.11168162627,-1.0,1.0,277,0.0,Fallback Simulated Observation
NSR-GRID-121,LC09_L2SP_176039_20250727_20250729_02_T1,2025-07-27,47475.931118404085,47476.03429459454,47477.230055350876,-1.0,1.0,277,0.0,Fallback Simulated Observation
NSR-GRID-122,LC09_L2SP_176039_20250727_20250729_02_T1,2025-07-27,45339.58239890496,45339.57479418606,45342.82548946569,-1.0,1.0,277,0.0,Fallback Simulated Observation
NSR-GRID-123,LC09_L2SP_176039_20250727_20250729_02_T1,2025-07-27,47624.83498361167,47625.0561079067,47625.622859201256,-1.0,1.0,277,0.0,Fallback Simulated Observation
NSR-GRID-124,LC09_L2SP_176039_20250727_20250729_02_T1,2025-07-27,42299.0847622688,42298.997022067204,42302.37725951625,-1.0,1.0,277,0.0,Fallback Simulated Observation
NSR-GRID-125,LC09_L2SP_176039_20250727_20250729_02_T1,2025-07-27,12788.125817346538,12788.155876039002,12789.64584514726,-1.0,1.0,277,0.0,Fallback Simulated Observation
NSR-GRID-126,LC09_L2SP_176039_20250727_20250729_02_T1,2025-07-27,5229.5239777905235,5229.517648264637,5231.068134651497,-1.0,1.0,277,0.0,Fallback Simulated Observation
NSR-GRID-127,LC09_L2SP_176039_20250727_20250729_02_T1,2025-07-27,302.0454337661413,302.00576414814475,302.98058568854555,-1.0,1.0,277,0.0,Fallback Simulated Observation
NSR-GRID-128,LC09_L2SP_176039_20250727_20250729_02_T1,2025-07-27,28498.163665197273,28498.24657934533,28499.957376171446,-1.0,1.0,277,0.0,Fallback Simulated Observation
NSR-GRID-129,LC09_L2SP_176039_20250727_20250729_02_T1,2025-07-27,4936.588122024228,4936.580393074213,4937.703376520144,-1.0,1.0,277,0.0,Fallback Simulated Observation
NSR-GRID-130,LC09_L2SP_176039_20250727_20250729_02_T1,2025-07-27,40959.123485077034,40959.168684087126,40961.90129333602,-1.0,1.0,277,0.0,Fallback Simulated Observation
NSR-GRID-131,LC09_L2SP_176039_20250727_20250729_02_T1,2025-07-27,190.74636420847648,190.63464444190242,193.3546039319437,-1.0,1.0,277,0.0,Fallback Simulated Observation
NSR-GRID-132,LC09_L2SP_176039_20250727_20250729_02_T1,2025-07-27,49203.93209508339,49204.149621771285,49204.88395076373,-1.0,1.0,277,0.0,Fallback Simulated Observation
NSR-GRID-133,LC09_L2SP_176039_20250727_20250729_02_T1,2025-07-27,51310.953643482324,51311.00126998405,51314.39394079165,-1.0,1.0,277,0.0,Fallback Simulated Observation
NSR-GRID-134,LC09_L2SP_176039_20250727_20250729_02_T1,2025-07-27,45597.21125672997,45597.180349927745,45599.07005534169,-1.0,1.0,277,0.0,Fallback Simulated Observation
NSR-GRID-135,LC09_L2SP_176039_20250727_20250729_02_T1,2025-07-27,47540.363319252654,47540.395369893915,47542.28262183713,-1.0,1.0,277,0.0,Fallback Simulated Observation
NSR-GRID-136,LC09_L2SP_176039_20250727_20250729_02_T1,2025-07-27,27026.345832912702,27026.21396440661,27028.60997606774,-1.0,1.0,277,0.0,Fallback Simulated Observation
NSR-GRID-137,LC09_L2SP_176039_20250727_20250729_02_T1,2025-07-27,48632.88840021177,48632.756336045815,48635.76465310149,-1.0,1.0,277,0.0,Fallback Simulated Observation
NSR-GRID-138,LC09_L2SP_176039_20250727_20250729_02_T1,2025-07-27,48590.762685168236,48590.79381858646,48593.8323088303,-1.0,1.0,277,0.0,Fallback Simulated Observation
NSR-GRID-139,LC09_L2SP_176039_20250727_20250729_02_T1,2025-07-27,40657.46506750575,40657.4613733871,40660.049114758054,-1.0,1.0,277,0.0,Fallback Simulated Observation
NSR-GRID-140,LC09_L2SP_176039_20250727_20250729_02_T1,2025-07-27,3593.775922019561,3593.7182234928064,3595.706505894935,-1.0,1.0,277,0.0,Fallback Simulated Observation
NSR-GRID-141,LC09_L2SP_176039_20250727_20250729_02_T1,2025-07-27,143.26345322243094,143.17270358435735,143.91376950194586,-0.9241507341334769,1.0,277,0.0,Fallback Simulated Observation
NSR-GRID-142,LC09_L2SP_176039_20250727_20250729_02_T1,2025-07-27,23311.83046079511,23311.972766956012,23312.92855499035,-1.0,1.0,277,0.0,Fallback Simulated Observation
NSR-GRID-143,LC09_L2SP_176039_20250727_20250729_02_T1,2025-07-27,50036.064043379265,50036.25778180338,50038.89478627703,-1.0,1.0,277,0.0,Fallback Simulated Observation
NSR-GRID-144,LC09_L2SP_176039_20250727_20250729_02_T1,2025-07-27,52681.92448004965,52681.89012914674,52683.327558310775,-1.0,1.0,277,0.0,Fallback Simulated Observation
NSR-GRID-145,LC09_L2SP_176039_20250727_20250729_02_T1,2025-07-27,38891.159335229524,38891.15751854138,38893.12502438302,-1.0,1.0,277,0.0,Fallback Simulated Observation
NSR-GRID-146,LC09_L2SP_176039_20250727_20250729_02_T1,2025-07-27,41637.93090114559,41637.82943338306,41638.723785864415,-1.0,1.0,277,0.0,Fallback Simulated Observation
NSR-GRID-147,LC09_L2SP_176039_20250727_20250729_02_T1,2025-07-27,42304.061804624886,42304.03028541889,42305.54207165088,-1.0,1.0,277,0.0,Fallback Simulated Observation
NSR-GRID-148,LC09_L2SP_176039_20250727_20250729_02_T1,2025-07-27,32783.98734622723,32783.92393799244,32785.711550836335,-1.0,1.0,277,0.0,Fallback Simulated Observation
NSR-GRID-149,LC09_L2SP_176039_20250727_20250729_02_T1,2025-07-27,45152.66146834699,45152.606739558665,45155.43833830062,-1.0,1.0,277,0.0,Fallback Simulated Observation
NSR-GRID-150,LC09_L2SP_176039_20250727_20250729_02_T1,2025-07-27,27113.98429117997,27114.117091668548,27115.317433277527,-1.0,1.0,277,0.0,Fallback Simulated Observation
NSR-GRID-151,LC09_L2SP_176039_20250727_20250729_02_T1,2025-07-27,1175.6385084519923,1175.6046156888574,1176.3280426018537,-1.0,1.0,277,0.0,Fallback Simulated Observation
NSR-GRID-152,LC09_L2SP_176039_20250727_20250729_02_T1,2025-07-27,39165.90601121261,39165.907127103776,39166.829949446095,-1.0,1.0,277,0.0,Fallback Simulated Observation
NSR-GRID-153,LC09_L2SP_176039_20250727_20250729_02_T1,2025-07-27,49221.59304074661,49221.576815892615,49222.80112356219,-1.0,1.0,277,0.0,Fallback Simulated Observation
NSR-GRID-154,LC09_L2SP_176039_20250727_20250729_02_T1,2025-07-27,49411.274940512085,49411.317282097625,49412.93610674989,-1.0,1.0,277,0.0,Fallback Simulated Observation
NSR-GRID-155,LC09_L2SP_176039_20250727_20250729_02_T1,2025-07-27,50269.50012523281,50269.395008872176,50271.82819435459,-1.0,1.0,277,0.0,Fallback Simulated Observation
NSR-GRID-156,LC09_L2SP_176039_20250727_20250729_02_T1,2025-07-27,47358.32862551786,47358.22657966294,47359.87094060761,-1.0,1.0,277,0.0,Fallback Simulated Observation
NSR-GRID-157,LC09_L2SP_176039_20250727_20250729_02_T1,2025-07-27,44640.20228503716,44640.27959822354,44643.21012164939,-1.0,1.0,277,0.0,Fallback Simulated Observation
NSR-GRID-158,LC09_L2SP_176039_20250727_20250729_02_T1,2025-07-27,49632.41319006279,49632.396477376766,49634.51285306972,-1.0,1.0,277,0.0,Fallback Simulated Observation
NSR-GRID-159,LC09_L2SP_176039_20250727_20250729_02_T1,2025-07-27,49686.0943065959,49686.02827346962,49687.17145613957,-1.0,1.0,277,0.0,Fallback Simulated Observation
NSR-GRID-160,LC09_L2SP_176039_20250727_20250729_02_T1,2025-07-27,49135.166961800875,49135.136097487906,49137.543139000016,-1.0,1.0,277,0.0,Fallback Simulated Observation
NSR-GRID-161,LC09_L2SP_176039_20250727_20250729_02_T1,2025-07-27,39021.120001871874,39020.955377736966,39022.61787547149,-1.0,1.0,277,0.0,Fallback Simulated Observation
NSR-GRID-162,LC09_L2SP_176039_20250727_20250729_02_T1,2025-07-27,28187.899779892505,28187.817382376663,28189.064122218235,-1.0,1.0,277,0.0,Fallback Simulated Observation
NSR-GRID-163,LC09_L2SP_176039_20250727_20250729_02_T1,2025-07-27,36945.012104825015,36945.016468838265,36946.07962041582,-1.0,1.0,277,0.0,Fallback Simulated Observation
NSR-GRID-164,LC09_L2SP_176039_20250727_20250729_02_T1,2025-07-27,43908.42482021946,43908.31051108257,43911.3413701055,-1.0,1.0,277,0.0,Fallback Simulated Observation
NSR-GRID-165,LC09_L2SP_176039_20250727_20250729_02_T1,2025-07-27,50772.75302842244,50772.79568521362,50773.355617879155,-1.0,1.0,277,0.0,Fallback Simulated Observation
NSR-GRID-166,LC09_L2SP_176039_20250727_20250729_02_T1,2025-07-27,43935.992272819996,43936.06765018383,43939.43054900749,-1.0,1.0,277,0.0,Fallback Simulated Observation
NSR-GRID-167,LC09_L2SP_176039_20250727_20250729_02_T1,2025-07-27,45310.25268736095,45310.24742617362,45311.63543858522,-1.0,1.0,277,0.0,Fallback Simulated Observation
NSR-GRID-168,LC09_L2SP_176039_20250727_20250729_02_T1,2025-07-27,44612.64813262191,44612.70251351255,44614.40945015974,-1.0,1.0,277,0.0,Fallback Simulated Observation
NSR-GRID-169,LC09_L2SP_176039_20250727_20250729_02_T1,2025-07-27,33181.81030512007,33181.70589652649,33183.22559006353,-1.0,1.0,277,0.0,Fallback Simulated Observation
NSR-GRID-170,LC09_L2SP_176039_20250727_20250729_02_T1,2025-07-27,24793.398070039468,24793.227025804455,24794.31486972779,-1.0,1.0,277,0.0,Fallback Simulated Observation
NSR-GRID-171,LC09_L2SP_176039_20250727_20250729_02_T1,2025-07-27,5672.961468638126,5672.903483119979,5673.51207018333,-1.0,1.0,277,0.0,Fallback Simulated Observation
NSR-GRID-172,LC09_L2SP_176039_20250727_20250729_02_T1,2025-07-27,595.3355768498997,595.2797920643743,596.7331633682949,-1.0,1.0,277,0.0,Fallback Simulated Observation
NSR-GRID-173,LC09_L2SP_176039_20250727_20250729_02_T1,2025-07-27,2874.220672334958,2874.1795866150446,2875.8346724102403,-1.0,1.0,277,0.0,Fallback Simulated Observation
NSR-GRID-174,LC09_L2SP_176039_20250727_20250729_02_T1,2025-07-27,38062.69405879647,38062.65073942154,38064.90000770501,-1.0,1.0,277,0.0,Fallback Simulated Observation
NSR-GRID-175,LC09_L2SP_176039_20250727_20250729_02_T1,2025-07-27,46091.12707785376,46091.279608182966,46093.480944416886,-1.0,1.0,277,0.0,Fallback Simulated Observation
NSR-GRID-176,LC09_L2SP_176039_20250727_20250729_02_T1,2025-07-27,46382.824653714124,46382.904497396914,46383.699748560946,-1.0,1.0,277,0.0,Fallback Simulated Observation
NSR-GRID-177,LC09_L2SP_176039_20250727_20250729_02_T1,2025-07-27,43828.50590747969,43828.635040552595,43831.01159505638,-1.0,1.0,277,0.0,Fallback Simulated Observation
NSR-GRID-178,LC09_L2SP_176039_20250727_20250729_02_T1,2025-07-27,46485.68051365891,46485.52379366527,46488.15135387654,-1.0,1.0,277,0.0,Fallback Simulated Observation
NSR-GRID-179,LC09_L2SP_176039_20250727_20250729_02_T1,2025-07-27,45427.232825399245,45427.252288257034,45428.08662498393,-1.0,1.0,277,0.0,Fallback Simulated Observation
NSR-GRID-180,LC09_L2SP_176039_20250727_20250729_02_T1,2025-07-27,47478.782961725934,47478.67072080975,47480.8399054865,-1.0,1.0,277,0.0,Fallback Simulated Observation
NSR-GRID-181,LC09_L2SP_176039_20250727_20250729_02_T1,2025-07-27,44912.783066522556,44912.70324793317,44914.0505355977,-1.0,1.0,277,0.0,Fallback Simulated Observation
NSR-GRID-182,LC09_L2SP_176039_20250727_20250729_02_T1,2025-07-27,48650.15724291702,48650.186619725115,48652.79293466794,-1.0,1.0,277,0.0,Fallback Simulated Observation
NSR-GRID-183,LC09_L2SP_176039_20250727_20250729_02_T1,2025-07-27,44123.07017078348,44123.098880847225,44124.331199238266,-1.0,1.0,277,0.0,Fallback Simulated Observation
NSR-GRID-184,LC09_L2SP_176039_20250727_20250729_02_T1,2025-07-27,43645.18161073712,43645.179120468485,43648.02577044629,-1.0,1.0,277,0.0,Fallback Simulated Observation
NSR-GRID-185,LC09_L2SP_176039_20250727_20250729_02_T1,2025-07-27,34772.51378550293,34772.66581330182,34773.860598704676,-1.0,1.0,277,0.0,Fallback Simulated Observation
NSR-GRID-186,LC09_L2SP_176039_20250727_20250729_02_T1,2025-07-27,47535.37562909401,47535.38844313631,47535.99306563484,-1.0,1.0,277,0.0,Fallback Simulated Observation
NSR-GRID-187,LC09_L2SP_176039_20250727_20250729_02_T1,2025-07-27,52120.303679572695,52120.33113319145,52123.46115244584,-1.0,1.0,277,0.0,Fallback Simulated Observation
NSR-GRID-188,LC09_L2SP_176039_20250727_20250729_02_T1,2025-07-27,51682.20215853534,51682.00662651576,51684.2083733573,-1.0,1.0,277,0.0,Fallback Simulated Observation
NSR-GRID-189,LC09_L2SP_176039_20250727_20250729_02_T1,2025-07-27,48189.635286549754,48189.840051740146,48191.99590104558,-1.0,1.0,277,0.0,Fallback Simulated Observation
NSR-GRID-190,LC09_L2SP_176039_20250727_20250729_02_T1,2025-07-27,37606.66955681405,37606.641405276125,37608.633439949175,-1.0,1.0,277,0.0,Fallback Simulated Observation
NSR-GRID-191,LC09_L2SP_176039_20250727_20250729_02_T1,2025-07-27,22868.75850884151,22868.78578818014,22870.125439830255,-1.0,1.0,277,0.0,Fallback Simulated Observation
NSR-GRID-192,LC09_L2SP_176039_20250727_20250729_02_T1,2025-07-27,4019.4043941633613,4019.4971560524227,4022.869137360549,-1.0,1.0,277,0.0,Fallback Simulated Observation
NSR-GRID-193,LC09_L2SP_176039_20250727_20250729_02_T1,2025-07-27,48576.43300792689,48576.374005329984,48579.14546918539,-1.0,1.0,277,0.0,Fallback Simulated Observation
NSR-GRID-194,LC09_L2SP_176039_20250727_20250729_02_T1,2025-07-27,14132.335876740648,14132.255998868379,14134.675987249933,-1.0,1.0,277,0.0,Fallback Simulated Observation
NSR-GRID-195,LC09_L2SP_176039_20250727_20250729_02_T1,2025-07-27,43356.23771686189,43356.104083672966,43357.32422463248,-1.0,1.0,277,0.0,Fallback Simulated Observation
NSR-GRID-196,LC09_L2SP_176039_20250727_20250729_02_T1,2025-07-27,12843.904449221862,12843.844357028569,12846.311718224964,-1.0,1.0,277,0.0,Fallback Simulated Observation
NSR-GRID-197,LC09_L2SP_176039_20250727_20250729_02_T1,2025-07-27,41988.829963205135,41988.86421630411,41991.17094562736,-1.0,1.0,277,0.0,Fallback Simulated Observation
NSR-GRID-198,LC09_L2SP_176039_20250727_20250729_02_T1,2025-07-27,30871.079328171872,30870.999108626333,30874.03448184095,-1.0,1.0,277,0.0,Fallback Simulated Observation
NSR-GRID-199,LC09_L2SP_176039_20250727_20250729_02_T1,2025-07-27,51010.124103636124,51010.16115383721,51011.17387123019,-1.0,1.0,277,0.0,Fallback Simulated Observation
NSR-GRID-200,LC09_L2SP_176039_20250727_20250729_02_T1,2025-07-27,52039.647247285,52039.52795623707,52041.32475332181,-1.0,1.0,277,0.0,Fallback Simulated Observation
NSR-GRID-201,LC09_L2SP_176039_20250727_20250729_02_T1,2025-07-27,48296.59751651331,48296.359317386,48299.95941221329,-1.0,1.0,277,0.0,Fallback Simulated Observation
NSR-GRID-202,LC09_L2SP_176039_20250727_20250729_02_T1,2025-07-27,46584.856433533256,46584.8290761789,46586.61968893627,-1.0,1.0,277,0.0,Fallback Simulated Observation
NSR-GRID-203,LC09_L2SP_176039_20250727_20250729_02_T1,2025-07-27,40804.18769431168,40804.18577900264,40805.96808211987,-1.0,1.0,277,0.0,Fallback Simulated Observation
NSR-GRID-204,LC09_L2SP_176039_20250727_20250729_02_T1,2025-07-27,46355.38225979735,46355.33637144976,46357.41892896969,-1.0,1.0,277,0.0,Fallback Simulated Observation
NSR-GRID-205,LC09_L2SP_176039_20250727_20250729_02_T1,2025-07-27,42006.11209223236,42006.02425218463,42008.13814221542,-1.0,1.0,277,0.0,Fallback Simulated Observation
NSR-GRID-206,LC09_L2SP_176039_20250727_20250729_02_T1,2025-07-27,48891.248025436835,48891.20864038322,48891.933434047074,-1.0,1.0,277,0.0,Fallback Simulated Observation
NSR-GRID-207,LC09_L2SP_176039_20250727_20250729_02_T1,2025-07-27,49642.26742785649,49642.35124254618,49643.031325199525,-1.0,1.0,277,0.0,Fallback Simulated Observation
NSR-GRID-208,LC09_L2SP_176039_20250727_20250729_02_T1,2025-07-27,52349.1437252698,52349.127045874564,52351.15235170278,-1.0,1.0,277,0.0,Fallback Simulated Observation
NSR-GRID-209,LC09_L2SP_176039_20250727_20250729_02_T1,2025-07-27,51490.04330786154,51490.06424329456,51491.06941126916,-1.0,1.0,277,0.0,Fallback Simulated Observation
NSR-GRID-210,LC09_L2SP_176039_20250727_20250729_02_T1,2025-07-27,51376.232145879876,51376.206083566765,51377.12785769637,-1.0,1.0,277,0.0,Fallback Simulated Observation
NSR-GRID-211,LC09_L2SP_176039_20250727_20250729_02_T1,2025-07-27,50807.64723942768,50807.60578780593,50809.08372450966,-1.0,1.0,277,0.0,Fallback Simulated Observation
NSR-GRID-212,LC09_L2SP_176039_20250727_20250729_02_T1,2025-07-27,31493.64594353647,31493.617051335215,31495.500528181106,-1.0,1.0,277,0.0,Fallback Simulated Observation
NSR-GRID-213,LC09_L2SP_176039_20250727_20250729_02_T1,2025-07-27,22696.14668720375,22696.149574451767,22697.438039511093,-1.0,1.0,277,0.0,Fallback Simulated Observation
NSR-GRID-214,LC09_L2SP_176039_20250727_20250729_02_T1,2025-07-27,52178.301255870596,52178.314242937326,52180.624589007755,-1.0,1.0,277,0.0,Fallback Simulated Observation
NSR-GRID-215,LC09_L2SP_176039_20250727_20250729_02_T1,2025-07-27,44544.93568414002,44545.07087987056,44545.44079923453,-1.0,1.0,277,0.0,Fallback Simulated Observation
NSR-GRID-216,LC09_L2SP_176039_20250727_20250729_02_T1,2025-07-27,42127.499232837574,42127.33600847863,42130.89641270781,-1.0,1.0,277,0.0,Fallback Simulated Observation
NSR-GRID-217,LC09_L2SP_176039_20250727_20250729_02_T1,2025-07-27,50693.81376526763,50693.67143158814,50697.163126571555,-1.0,1.0,277,0.0,Fallback Simulated Observation
NSR-GRID-218,LC09_L2SP_176039_20250727_20250729_02_T1,2025-07-27,47744.357995926126,47744.505549821544,47746.64877133331,-1.0,1.0,277,0.0,Fallback Simulated Observation
NSR-GRID-219,LC09_L2SP_176039_20250727_20250729_02_T1,2025-07-27,44423.68049363641,44423.6757339119,44425.79978709786,-1.0,1.0,277,0.0,Fallback Simulated Observation
NSR-GRID-220,LC09_L2SP_176039_20250727_20250729_02_T1,2025-07-27,42649.87719176737,42649.71238606703,42652.155530849304,-1.0,1.0,277,0.0,Fallback Simulated Observation
NSR-GRID-221,LC09_L2SP_176039_20250727_20250729_02_T1,2025-07-27,55666.63973821674,55666.657865332694,55668.49622047337,-1.0,1.0,277,0.0,Fallback Simulated Observation
NSR-GRID-222,LC09_L2SP_176039_20250727_20250729_02_T1,2025-07-27,38263.87632132375,38263.80241094876,38264.50395177853,-1.0,1.0,277,0.0,Fallback Simulated Observation
NSR-GRID-223,LC09_L2SP_176039_20250727_20250729_02_T1,2025-07-27,52124.92041025675,52124.803670558744,52127.70434000311,-1.0,1.0,277,0.0,Fallback Simulated Observation
NSR-GRID-224,LC09_L2SP_176039_20250727_20250729_02_T1,2025-07-27,52340.03258542626,52339.994335960255,52340.793094687586,-1.0,1.0,277,0.0,Fallback Simulated Observation
NSR-GRID-225,LC09_L2SP_176039_20250727_20250729_02_T1,2025-07-27,43261.501270599925,43261.535731531985,43263.56778901338,-1.0,1.0,277,0.0,Fallback Simulated Observation
NSR-GRID-226,LC09_L2SP_176039_20250727_20250729_02_T1,2025-07-27,39485.72051036557,39485.66953158088,39489.01935318824,-1.0,1.0,277,0.0,Fallback Simulated Observation
NSR-GRID-227,LC09_L2SP_176039_20250727_20250729_02_T1,2025-07-27,52906.160847061234,52906.273737720825,52907.703255985725,-1.0,1.0,277,0.0,Fallback Simulated Observation
NSR-GRID-228,LC09_L2SP_176039_20250727_20250729_02_T1,2025-07-27,54497.75150285402,54497.68046883035,54501.23371926817,-1.0,1.0,277,0.0,Fallback Simulated Observation
NSR-GRID-229,LC09_L2SP_176039_20250727_20250729_02_T1,2025-07-27,53582.33229153661,53582.43190201554,53584.5415362301,-1.0,1.0,277,0.0,Fallback Simulated Observation
NSR-GRID-230,LC09_L2SP_176039_20250727_20250729_02_T1,2025-07-27,48710.44088776227,48710.36403766694,48712.534819072935,-1.0,1.0,277,0.0,Fallback Simulated Observation
NSR-GRID-231,LC09_L2SP_176039_20250727_20250729_02_T1,2025-07-27,13081.53401662767,13081.475495937979,13082.354226673713,-1.0,1.0,277,0.0,Fallback Simulated Observation
NSR-GRID-232,LC09_L2SP_176039_20250727_20250729_02_T1,2025-07-27,46025.68863585895,46025.87093998401,46028.811952214426,-1.0,1.0,277,0.0,Fallback Simulated Observation
NSR-GRID-233,LC09_L2SP_176039_20250727_20250729_02_T1,2025-07-27,49525.462479911504,49525.55776178923,49527.781618347224,-1.0,1.0,277,0.0,Fallback Simulated Observation
NSR-GRID-234,LC09_L2SP_176039_20250727_20250729_02_T1,2025-07-27,49901.475271239484,49901.509148721874,49904.55862874457,-1.0,1.0,277,0.0,Fallback Simulated Observation
NSR-GRID-235,LC09_L2SP_176039_20250727_20250729_02_T1,2025-07-27,47713.916477009494,47714.029070042554,47715.27725055077,-1.0,1.0,277,0.0,Fallback Simulated Observation
NSR-GRID-236,LC09_L2SP_176039_20250727_20250729_02_T1,2025-07-27,35323.12895075626,35323.00510135436,35326.51431059919,-1.0,1.0,277,0.0,Fallback Simulated Observation
NSR-GRID-237,LC09_L2SP_176039_20250727_20250729_02_T1,2025-07-27,6329.208904480444,6329.252446045717,6331.075253414365,-1.0,1.0,277,0.0,Fallback Simulated Observation
NSR-GRID-238,LC09_L2SP_176039_20250727_20250729_02_T1,2025-07-27,23668.36206496708,23668.22622724023,23670.44575411921,-1.0,1.0,277,0.0,Fallback Simulated Observation
NSR-GRID-239,LC09_L2SP_176039_20250727_20250729_02_T1,2025-07-27,32304.700113787287,32304.611516779038,32306.93438930359,-1.0,1.0,277,0.0,Fallback Simulated Observation
NSR-GRID-240,LC09_L2SP_176039_20250727_20250729_02_T1,2025-07-27,28305.980899398437,28306.105858891762,28306.734849202257,-1.0,1.0,277,0.0,Fallback Simulated Observation
NSR-GRID-241,LC09_L2SP_176039_20250727_20250729_02_T1,2025-07-27,42205.02668085368,42204.902237248905,42208.25323498733,-1.0,1.0,277,0.0,Fallback Simulated Observation
NSR-GRID-242,LC09_L2SP_176039_20250727_20250729_02_T1,2025-07-27,51455.916466541654,51455.947728254,51456.98649442615,-1.0,1.0,277,0.0,Fallback Simulated Observation
NSR-GRID-243,LC09_L2SP_176039_20250727_20250729_02_T1,2025-07-27,35547.92351324649,35547.9169110479,35549.72316915202,-1.0,1.0,277,0.0,Fallback Simulated Observation
NSR-GRID-244,LC09_L2SP_176039_20250727_20250729_02_T1,2025-07-27,3746.2877405282716,3746.2196487475394,3747.890359294228,-1.0,1.0,277,0.0,Fallback Simulated Observation
NSR-GRID-245,LC09_L2SP_176039_20250727_20250729_02_T1,2025-07-27,22819.98999609079,22820.00533882883,22821.696930054313,-1.0,1.0,277,0.0,Fallback Simulated Observation
NSR-GRID-246,LC09_L2SP_176039_20250727_20250729_02_T1,2025-07-27,41140.85580688336,41140.92981861553,41142.60503472179,-1.0,1.0,277,0.0,Fallback Simulated Observation
NSR-GRID-247,LC09_L2SP_176039_20250727_20250729_02_T1,2025-07-27,34964.42794007639,34964.667127415334,34965.84315498883,-1.0,1.0,277,0.0,Fallback Simulated Observation
NSR-GRID-248,LC09_L2SP_176039_20250727_20250729_02_T1,2025-07-27,38485.33087654384,38485.303019733976,38488.237747467785,-1.0,1.0,277,0.0,Fallback Simulated Observation
NSR-GRID-249,LC09_L2SP_176039_20250727_20250729_02_T1,2025-07-27,44621.50834048726,44621.52404440428,44622.2909178585,-1.0,1.0,277,0.0,Fallback Simulated Observation
NSR-GRID-250,LC09_L2SP_176039_20250727_20250729_02_T1,2025-07-27,9138.779259942929,9138.689428999704,9140.748417704452,-1.0,1.0,277,0.0,Fallback Simulated Observation
NSR-GRID-251,LC09_L2SP_176039_20250727_20250729_02_T1,2025-07-27,47802.557333618075,47802.436391372685,47804.99589517012,-1.0,1.0,277,0.0,Fallback Simulated Observation
NSR-GRID-252,LC09_L2SP_176039_20250727_20250729_02_T1,2025-07-27,51152.99506467096,51152.971970937215,51154.72814600657,-1.0,1.0,277,0.0,Fallback Simulated Observation
NSR-GRID-253,LC09_L2SP_176039_20250727_20250729_02_T1,2025-07-27,48256.01072492077,48256.02557802234,48258.52195425057,-1.0,1.0,277,0.0,Fallback Simulated Observation
NSR-GRID-254,LC09_L2SP_176039_20250727_20250729_02_T1,2025-07-27,45165.00958191155,45164.943793326485,45167.455388279464,-1.0,1.0,277,0.0,Fallback Simulated Observation
NSR-GRID-255,LC09_L2SP_176039_20250727_20250729_02_T1,2025-07-27,32062.439384954978,32062.285281648066,32064.839146119626,-1.0,1.0,277,0.0,Fallback Simulated Observation
NSR-GRID-256,LC09_L2SP_176039_20250727_20250729_02_T1,2025-07-27,19016.164718427193,19016.089078028068,19017.985271869045,-1.0,1.0,277,0.0,Fallback Simulated Observation
NSR-GRID-257,LC09_L2SP_176039_20250727_20250729_02_T1,2025-07-27,17307.875349841877,17308.055104326348,17308.89354296472,-1.0,1.0,277,0.0,Fallback Simulated Observation
NSR-GRID-258,LC09_L2SP_176039_20250727_20250729_02_T1,2025-07-27,18800.13558761503,18799.986119885933,18802.237923130237,-1.0,1.0,277,0.0,Fallback Simulated Observation
NSR-GRID-259,LC09_L2SP_176039_20250727_20250729_02_T1,2025-07-27,38937.211336798835,38937.2654747361,38939.63199441194,-1.0,1.0,277,0.0,Fallback Simulated Observation
NSR-GRID-260,LC09_L2SP_176039_20250727_20250729_02_T1,2025-07-27,44881.42245033175,44881.409921344624,44884.06399268064,-1.0,1.0,277,0.0,Fallback Simulated Observation
NSR-GRID-261,LC09_L2SP_176039_20250727_20250729_02_T1,2025-07-27,24277.819440864125,24277.861786697307,24278.36556773626,-1.0,1.0,277,0.0,Fallback Simulated Observation
NSR-GRID-262,LC09_L2SP_176039_20250727_20250729_02_T1,2025-07-27,2958.2579752780425,2958.372229750667,2960.34988202516,-1.0,1.0,277,0.0,Fallback Simulated Observation
NSR-GRID-263,LC09_L2SP_176039_20250727_20250729_02_T1,2025-07-27,8838.81393500743,8838.831556277995,8842.260830316392,-1.0,1.0,277,0.0,Fallback Simulated Observation
NSR-GRID-264,LC09_L2SP_176039_20250727_20250729_02_T1,2025-07-27,17416.09062552784,17416.03893726423,17416.607690198427,-1.0,1.0,277,0.0,Fallback Simulated Observation
NSR-GRID-265,LC09_L2SP_176039_20250727_20250729_02_T1,2025-07-27,45061.063607248274,45061.007171205805,45063.97274562795,-1.0,1.0,277,0.0,Fallback Simulated Observation
NSR-GRID-266,LC09_L2SP_176039_20250727_20250729_02_T1,2025-07-27,39804.94645273739,39804.86657410087,39806.344271415626,-1.0,1.0,277,0.0,Fallback Simulated Observation
NSR-GRID-267,LC09_L2SP_176039_20250727_20250729_02_T1,2025-07-27,53552.95494859123,53553.04236557842,53554.97903053789,-1.0,1.0,277,0.0,Fallback Simulated Observation
NSR-GRID-268,LC09_L2SP_176039_20250727_20250729_02_T1,2025-07-27,23116.488158581764,23116.47885068083,23119.40273532816,-1.0,1.0,277,0.0,Fallback Simulated Observation
NSR-GRID-269,LC09_L2SP_176039_20250727_20250729_02_T1,2025-07-27,57406.85851908115,57406.9171008109,57407.92700398767,-1.0,1.0,277,0.0,Fallback Simulated Observation
NSR-GRID-270,LC09_L2SP_176039_20250727_20250729_02_T1,2025-07-27,25818.842264739178,25818.713511821774,25820.68490418342,-1.0,1.0,277,0.0,Fallback Simulated Observation
NSR-GRID-271,LC09_L2SP_176039_20250727_20250729_02_T1,2025-07-27,48799.75858626748,48799.73077283365,48801.659461163115,-1.0,1.0,277,0.0,Fallback Simulated Observation
NSR-GRID-272,LC09_L2SP_176039_20250727_20250729_02_T1,2025-07-27,52632.139909236306,52632.07956923302,52632.731861008426,-1.0,1.0,277,0.0,Fallback Simulated Observation
NSR-GRID-273,LC09_L2SP_176039_20250727_20250729_02_T1,2025-07-27,40488.61113580666,40488.59160634868,40489.41202670745,-1.0,1.0,277,0.0,Fallback Simulated Observation
NSR-GRID-274,LC09_L2SP_176039_20250727_20250729_02_T1,2025-07-27,44829.97985033372,44829.93851530405,44831.69219887836,-1.0,1.0,277,0.0,Fallback Simulated Observation
NSR-GRID-275,LC09_L2SP_176039_20250727_20250729_02_T1,2025-07-27,33359.41400651973,33359.57660431573,33359.94318414512,-1.0,1.0,277,0.0,Fallback Simulated Observation
NSR-GRID-276,LC09_L2SP_176039_20250727_20250729_02_T1,2025-07-27,18954.687275300417,18954.80694055391,18956.776089862615,-1.0,1.0,277,0.0,Fallback Simulated Observation
NSR-GRID-277,LC09_L2SP_176039_20250727_20250729_02_T1,2025-07-27,4016.650303395648,4016.6659359100436,4019.079584070305,-1.0,1.0,277,0.0,Fallback Simulated Observation
NSR-GRID-278,LC09_L2SP_176039_20250727_20250729_02_T1,2025-07-27,21674.453163349517,21674.40831582642,21677.39545437042,-1.0,1.0,277,0.0,Fallback Simulated Observation
NSR-GRID-279,LC09_L2SP_176039_20250727_20250729_02_T1,2025-07-27,22281.87834347574,22281.895146035913,22283.149253708896,-1.0,1.0,277,0.0,Fallback Simulated Observation
NSR-GRID-280,LC09_L2SP_176039_20250727_20250729_02_T1,2025-07-27,6391.699831444096,6391.761021810713,6395.111755184345,-1.0,1.0,277,0.0,Fallback Simulated Observation
NSR-GRID-281,LC09_L2SP_176039_20250727_20250729_02_T1,2025-07-27,161.25983005675826,161.35993654101534,162.41327961461388,-1.0,1.0,277,0.0,Fallback Simulated Observation
NSR-GRID-282,LC09_L2SP_176039_20250727_20250729_02_T1,2025-07-27,6305.345886817765,6305.374488433305,6307.597171080399,-1.0,1.0,277,0.0,Fallback Simulated Observation
NSR-GRID-283,LC09_L2SP_176039_20250727_20250729_02_T1,2025-07-27,16642.734393294166,16642.656367221618,16644.69882892275,-1.0,1.0,277,0.0,Fallback Simulated Observation
NSR-GRID-284,LC09_L2SP_176039_20250727_20250729_02_T1,2025-07-27,14313.122771698347,14313.07119795107,14316.391518929006,-1.0,1.0,277,0.0,Fallback Simulated Observation
NSR-GRID-285,LC09_L2SP_176039_20250727_20250729_02_T1,2025-07-27,46925.90379072534,46925.89146653145,46927.79892318601,-1.0,1.0,277,0.0,Fallback Simulated Observation
NSR-GRID-286,LC09_L2SP_176039_20250727_20250729_02_T1,2025-07-27,7476.178524796018,7476.222043603511,7478.97217918883,-1.0,1.0,277,0.0,Fallback Simulated Observation
NSR-GRID-287,LC09_L2SP_176039_20250727_20250729_02_T1,2025-07-27,59696.56871617266,59696.50366197305,59697.94870117228,-1.0,1.0,277,0.0,Fallback Simulated Observation
NSR-GRID-288,LC09_L2SP_176039_20250727_20250729_02_T1,2025-07-27,52758.920360144184,52758.939610637884,52759.482240040226,-1.0,1.0,277,0.0,Fallback Simulated Observation
NSR-GRID-289,LC09_L2SP_176039_20250727_20250729_02_T1,2025-07-27,40921.593301573834,40921.592577842486,40922.670638389915,-1.0,1.0,277,0.0,Fallback Simulated Observation
NSR-GRID-290,LC09_L2SP_176039_20250727_20250729_02_T1,2025-07-27,32415.16368709513,32415.10341792643,32418.28494847111,-1.0,1.0,277,0.0,Fallback Simulated Observation
NSR-GRID-291,LC09_L2SP_176039_20250727_20250729_02_T1,2025-07-27,13342.199942986083,13342.239523480155,13343.769377481525,-1.0,1.0,277,0.0,Fallback Simulated Observation
NSR-GRID-292,LC09_L2SP_176039_20250727_20250729_02_T1,2025-07-27,14627.055552071073,14626.953089725219,14630.254060351468,-1.0,1.0,277,0.0,Fallback Simulated Observation
NSR-GRID-293,LC09_L2SP_176039_20250727_20250729_02_T1,2025-07-27,37038.40809193124,37038.4087467279,37040.08556133494,-1.0,1.0,277,0.0,Fallback Simulated Observation
NSR-GRID-294,LC09_L2SP_176039_20250727_20250729_02_T1,2025-07-27,27073.918587729066,27074.026631798675,27074.55334789479,-1.0,1.0,277,0.0,Fallback Simulated Observation
NSR-GRID-295,LC09_L2SP_176039_20250727_20250729_02_T1,2025-07-27,252.61347589989063,252.47870741989587,255.8135466928638,-1.0,1.0,277,0.0,Fallback Simulated Observation
NSR-GRID-296,LC09_L2SP_176039_20250727_20250729_02_T1,2025-07-27,104.49024356646768,104.66481046933498,107.22814399012594,-0.5351311807671729,1.0,277,0.0,Fallback Simulated Observation
NSR-GRID-297,LC09_L2SP_176039_20250727_20250729_02_T1,2025-07-27,260.5652346389028,260.8435581531275,262.6189998398271,-1.0,1.0,277,0.0,Fallback Simulated Observation
NSR-GRID-298,LC09_L2SP_176039_20250727_20250729_02_T1,2025-07-27,573.8244218029455,574.0368208469773,577.1755832354828,-1.0,1.0,277,0.0,Fallback Simulated Observation
NSR-GRID-299,LC09_L2SP_176039_20250727_20250729_02_T1,2025-07-27,471.84243406489037,471.89811365957314,474.2617492279323,-1.0,1.0,277,0.0,Fallback Simulated Observation
NSR-GRID-300,LC09_L2SP_176039_20250727_20250729_02_T1,2025-07-27,33815.36519246801,33815.34407657,33817.14775893169,-1.0,1.0,277,0.0,Fallback Simulated Observation
NSR-GRID-301,LC09_L2SP_176039_20250727_20250729_02_T1,2025-07-27,44695.196355618566,44695.18853862495,44698.508553445296,-1.0,1.0,277,0.0,Fallback Simulated Observation
NSR-GRID-302,LC09_L2SP_176039_20250727_20250729_02_T1,2025-07-27,17444.364954205215,17444.43266308125,17445.14428204702,-1.0,1.0,277,0.0,Fallback Simulated Observation
NSR-GRID-303,LC09_L2SP_176039_20250727_20250729_02_T1,2025-07-27,3159.0683634905045,3158.93392944329,3162.077393077862,-1.0,1.0,277,0.0,Fallback Simulated Observation
NSR-GRID-304,LC09_L2SP_176039_20250727_20250729_02_T1,2025-07-27,27978.943204710493,27979.060849930604,27981.97532745083,-1.0,1.0,277,0.0,Fallback Simulated Observation
NSR-GRID-305,LC09_L2SP_176039_20250727_20250729_02_T1,2025-07-27,44108.149559793535,44108.17743436895,44109.41466680245,-1.0,1.0,277,0.0,Fallback Simulated Observation
NSR-GRID-306,LC09_L2SP_176039_20250727_20250729_02_T1,2025-07-27,47899.990373500106,47900.192544998725,47901.01845795847,-1.0,1.0,277,0.0,Fallback Simulated Observation
NSR-GRID-307,LC09_L2SP_176039_20250727_20250729_02_T1,2025-07-27,25806.7014251859,25806.70716274128,25808.917278490757,-1.0,1.0,277,0.0,Fallback Simulated Observation
NSR-GRID-308,LC09_L2SP_176039_20250727_20250729_02_T1,2025-07-27,10700.836770891528,10700.550187898105,10703.429047265996,-1.0,1.0,277,0.0,Fallback Simulated Observation
NSR-GRID-309,LC09_L2SP_176039_20250727_20250729_02_T1,2025-07-27,2143.3786877303173,2143.33335126489,2145.411663280257,-1.0,1.0,277,0.0,Fallback Simulated Observation
NSR-GRID-310,LC09_L2SP_176039_20250727_20250729_02_T1,2025-07-27,2091.047193270046,2090.77696904421,2093.6079232060956,-1.0,1.0,277,0.0,Fallback Simulated Observation
NSR-GRID-311,LC09_L2SP_176039_20250727_20250729_02_T1,2025-07-27,2821.0349045693943,2821.1021498469327,2822.1202219864126,-1.0,1.0,277,0.0,Fallback Simulated Observation
NSR-GRID-312,LC09_L2SP_176039_20250727_20250729_02_T1,2025-07-27,5690.769461403275,5690.821471911523,5693.823199773793,-1.0,1.0,277,0.0,Fallback Simulated Observation
NSR-GRID-313,LC09_L2SP_176039_20250727_20250729_02_T1,2025-07-27,4470.360405401947,4470.3279578861975,4472.912998632371,-1.0,1.0,277,0.0,Fallback Simulated Observation
NSR-GRID-314,LC09_L2SP_176039_20250727_20250729_02_T1,2025-07-27,85.37383037053502,85.42653553946128,86.29249418422572,-0.30281183627739355,1.0,277,0.0,Fallback Simulated Observation
NSR-GRID-315,LC09_L2SP_176039_20250727_20250729_02_T1,2025-07-27,46.864676825248694,47.04673485207519,49.5561773289235,0.09637074104870301,-0.07813678528237342,277,0.0,Fallback Simulated Observation
NSR-GRID-316,LC09_L2SP_176039_20250727_20250729_02_T1,2025-07-27,47.11341676681922,47.253959634972816,47.977174903216394,0.046978932098761694,-0.10754782470902746,277,0.0,Fallback Simulated Observation
NSR-GRID-317,LC09_L2SP_176039_20250727_20250729_02_T1,2025-07-27,19964.858137808686,19964.854085570332,19966.50650957244,-1.0,1.0,277,0.0,Fallback Simulated Observation
NSR-GRID-318,LC09_L2SP_176039_20250727_20250729_02_T1,2025-07-27,5818.493557383135,5818.466844452071,5819.867912326072,-1.0,1.0,277,0.0,Fallback Simulated Observation
NSR-GRID-319,LC09_L2SP_176039_20250727_20250729_02_T1,2025-07-27,3153.0199397493734,3153.0646664051983,3156.397655503325,-1.0,1.0,277,0.0,Fallback Simulated Observation
NSR-GRID-320,LC09_L2SP_176039_20250727_20250729_02_T1,2025-07-27,40883.46672891054,40883.4063256815,40884.34310317916,-1.0,1.0,277,0.0,Fallback Simulated Observation
NSR-GRID-321,LC09_L2SP_176039_20250727_20250729_02_T1,2025-07-27,42514.97332045181,42514.9893348683,42516.336841331045,-1.0,1.0,277,0.0,Fallback Simulated Observation
NSR-GRID-322,LC09_L2SP_176039_20250727_20250729_02_T1,2025-07-27,15803.786302435754,15803.893640447268,15806.115933817679,-1.0,1.0,277,0.0,Fallback Simulated Observation
NSR-GRID-323,LC09_L2SP_176039_20250727_20250729_02_T1,2025-07-27,13181.031639831095,13181.106400855622,13182.676201487664,-1.0,1.0,277,0.0,Fallback Simulated Observation
NSR-GRID-324,LC09_L2SP_176039_20250727_20250729_02_T1,2025-07-27,14856.046846763167,14856.110988740054,14857.022314732714,-1.0,1.0,277,0.0,Fallback Simulated Observation
NSR-GRID-325,LC09_L2SP_176039_20250727_20250729_02_T1,2025-07-27,6256.597981226323,6256.436668224432,6259.240127624471,-1.0,1.0,277,0.0,Fallback Simulated Observation
NSR-GRID-326,LC09_L2SP_176039_20250727_20250729_02_T1,2025-07-27,1241.273030766841,1241.4083107514105,1244.714612271733,-1.0,1.0,277,0.0,Fallback Simulated Observation
NSR-GRID-327,LC09_L2SP_176039_20250727_20250729_02_T1,2025-07-27,4902.329213488564,4902.314486505813,4905.02599133609,-1.0,1.0,277,0.0,Fallback Simulated Observation
NSR-GRID-328,LC09_L2SP_176039_20250727_20250729_02_T1,2025-07-27,5842.131890326306,5842.196504352367,5844.42200224587,-1.0,1.0,277,0.0,Fallback Simulated Observation
NSR-GRID-329,LC09_L2SP_176039_20250727_20250729_02_T1,2025-07-27,50.48262648252176,50.316287811385806,52.32101051077932,0.0326699389310604,0.04957794656883138,277,0.0,Fallback Simulated Observation
NSR-GRID-330,LC09_L2SP_176039_20250727_20250729_02_T1,2025-07-27,47.551559139505564,47.48391635089764,48.695759646658246,0.06895636194841313,-0.04328215577890567,277,0.0,Fallback Simulated Observation
NSR-GRID-331,LC09_L2SP_176039_20250727_20250729_02_T1,2025-07-27,46.76313018212904,46.92905724855096,49.93233698964075,0.08049154284546287,-0.086187425233433,277,0.0,Fallback Simulated Observation
NSR-GRID-332,LC09_L2SP_176039_20250727_20250729_02_T1,2025-07-27,15351.322067896248,15351.471447331034,15352.599428209061,-1.0,1.0,277,0.0,Fallback Simulated Observation
NSR-GRID-333,LC09_L2SP_176039_20250727_20250729_02_T1,2025-07-27,585.9899108636993,585.9286250642318,587.6073629612116,-1.0,1.0,277,0.0,Fallback Simulated Observation
NSR-GRID-334,LC09_L2SP_176039_20250727_20250729_02_T1,2025-07-27,15315.687619852668,15315.794564180223,15317.00637639488,-1.0,1.0,277,0.0,Fallback Simulated Observation
NSR-GRID-335,LC09_L2SP_176039_20250727_20250729_02_T1,2025-07-27,13762.009077643796,13761.980861690197,13764.138419303941,-1.0,1.0,277,0.0,Fallback Simulated Observation
NSR-GRID-336,LC09_L2SP_176039_20250727_20250729_02_T1,2025-07-27,37571.073476288555,37570.89134126764,37571.73055741114,-1.0,1.0,277,0.0,Fallback Simulated Observation
NSR-GRID-337,LC09_L2SP_176039_20250727_20250729_02_T1,2025-07-27,14314.489621412888,14314.446910358014,14317.600683410805,-1.0,1.0,277,0.0,Fallback Simulated Observation
NSR-GRID-338,LC09_L2SP_176039_20250727_20250729_02_T1,2025-07-27,6865.725884544832,6865.6362233724885,6868.524779678869,-1.0,1.0,277,0.0,Fallback Simulated Observation
NSR-GRID-339,LC09_L2SP_176039_20250727_20250729_02_T1,2025-07-27,10741.148666853187,10741.067702407217,10744.257376088015,-1.0,1.0,277,0.0,Fallback Simulated Observation
NSR-GRID-340,LC09_L2SP_176039_20250727_20250729_02_T1,2025-07-27,6750.442152104141,6750.418214709896,6753.646584848551,-1.0,1.0,277,0.0,Fallback Simulated Observation
NSR-GRID-341,LC09_L2SP_176039_20250727_20250729_02_T1,2025-07-27,25112.47592136183,25112.399194104593,25115.42158692447,-1.0,1.0,277,0.0,Fallback Simulated Observation
NSR-GRID-342,LC09_L2SP_176039_20250727_20250729_02_T1,2025-07-27,12348.368251137194,12348.395346797117,12350.42707242361,-1.0,1.0,277,0.0,Fallback Simulated Observation
NSR-GRID-343,LC09_L2SP_176039_20250727_20250729_02_T1,2025-07-27,5496.019561911886,5495.920179383,5498.228125351785,-1.0,1.0,277,0.0,Fallback Simulated Observation
NSR-GRID-344,LC09_L2SP_176039_20250727_20250729_02_T1,2025-07-27,5216.517283396005,5216.514131890087,5217.333102582624,-1.0,1.0,277,0.0,Fallback Simulated Observation
NSR-GRID-345,LC09_L2SP_176039_20250727_20250729_02_T1,2025-07-27,1030.2349089597403,1030.29797694595,1031.1236625711147,-1.0,1.0,277,0.0,Fallback Simulated Observation
NSR-GRID-346,LC09_L2SP_176039_20250727_20250729_02_T1,2025-07-27,62.37682922825559,62.3412290868828,62.902222493107516,-0.07901552466352774,0.49519962592136063,277,0.0,Fallback Simulated Observation
NSR-GRID-347,LC09_L2SP_176039_20250727_20250729_02_T1,2025-07-27,5491.503731049728,5491.634225070129,5492.436824726337,-1.0,1.0,277,0.0,Fallback Simulated Observation
NSR-GRID-348,LC09_L2SP_176039_20250727_20250729_02_T1,2025-07-27,9331.305782646543,9331.110150664435,9333.48242598885,-1.0,1.0,277,0.0,Fallback Simulated Observation
NSR-GRID-349,LC09_L2SP_176039_20250727_20250729_02_T1,2025-07-27,15354.44483900989,15354.481444601435,15357.93331989854,-1.0,1.0,277,0.0,Fallback Simulated Observation
NSR-GRID-350,LC09_L2SP_176039_20250727_20250729_02_T1,2025-07-27,15854.566858518974,15854.433375660667,15855.413101236249,-1.0,1.0,277,0.0,Fallback Simulated Observation
NSR-GRID-351,LC09_L2SP_176039_20250727_20250729_02_T1,2025-07-27,6009.98461991302,6010.0130711112715,6012.705605367286,-1.0,1.0,277,0.0,Fallback Simulated Observation
NSR-GRID-352,LC09_L2SP_176039_20250727_20250729_02_T1,2025-07-27,17148.07329062177,17148.062109693536,17151.55125486353,-1.0,1.0,277,0.0,Fallback Simulated Observation
NSR-GRID-353,LC09_L2SP_176039_20250727_20250729_02_T1,2025-07-27,25375.633822264117,25375.43762557905,25377.8099611219,-1.0,1.0,277,0.0,Fallback Simulated Observation
NSR-GRID-354,LC09_L2SP_176039_20250727_20250729_02_T1,2025-07-27,16859.90203304021,16859.991516709022,16861.55231144015,-1.0,1.0,277,0.0,Fallback Simulated Observation
NSR-GRID-355,LC09_L2SP_176039_20250727_20250729_02_T1,2025-07-27,2000.0597562456287,2000.0987427614352,2001.0699059243336,-1.0,1.0,277,0.0,Fallback Simulated Observation
NSR-GRID-356,LC09_L2SP_176039_20250727_20250729_02_T1,2025-07-27,4590.476767998833,4590.500957378296,4593.852292806913,-1.0,1.0,277,0.0,Fallback Simulated Observation
NSR-GRID-357,LC09_L2SP_176039_20250727_20250729_02_T1,2025-07-27,5754.438603697903,5754.420492741662,5756.941187605693,-1.0,1.0,277,0.0,Fallback Simulated Observation
NSR-GRID-358,LC09_L2SP_176039_20250727_20250729_02_T1,2025-07-27,25697.882964291057,25697.90741516996,25700.26640157827,-1.0,1.0,277,0.0,Fallback Simulated Observation
NSR-GRID-359,LC09_L2SP_176039_20250727_20250729_02_T1,2025-07-27,38943.92384886246,38943.82574013613,38945.10831004724,-1.0,1.0,277,0.0,Fallback Simulated Observation
NSR-GRID-360,LC09_L2SP_176039_20250727_20250729_02_T1,2025-07-27,3654.7460239288075,3654.6612328975366,3655.39503004651,-1.0,1.0,277,0.0,Fallback Simulated Observation
NSR-GRID-361,LC09_L2SP_176039_20250727_20250729_02_T1,2025-07-27,2659.8899069264567,2659.997334256199,2662.113419908961,-1.0,1.0,277,0.0,Fallback Simulated Observation
NSR-GRID-362,LC09_L2SP_176039_20250727_20250729_02_T1,2025-07-27,5254.621520419184,5254.624578948804,5257.601022420126,-1.0,1.0,277,0.0,Fallback Simulated Observation
NSR-GRID-363,LC09_L2SP_176039_20250727_20250729_02_T1,2025-07-27,20617.201631098917,20617.220719092507,20620.449007568557,-1.0,1.0,277,0.0,Fallback Simulated Observation
NSR-GRID-364,LC09_L2SP_176039_20250727_20250729_02_T1,2025-07-27,35982.46083818789,35982.52579347684,35985.81635382879,-1.0,1.0,277,0.0,Fallback Simulated Observation
NSR-GRID-365,LC09_L2SP_176039_20250727_20250729_02_T1,2025-07-27,15821.565885402451,15821.566285528475,15822.729541370683,-1.0,1.0,277,0.0,Fallback Simulated Observation
NSR-GRID-366,LC09_L2SP_176039_20250727_20250729_02_T1,2025-07-27,759.8214915569284,759.8402445329588,760.5230100676134,-1.0,1.0,277,0.0,Fallback Simulated Observation
NSR-GRID-367,LC09_L2SP_176039_20250727_20250729_02_T1,2025-07-27,9530.95427148817,9531.054543629687,9534.08772900588,-1.0,1.0,277,0.0,Fallback Simulated Observation
NSR-GRID-368,LC09_L2SP_176039_20250727_20250729_02_T1,2025-07-27,4113.709673392893,4113.662025608777,4115.4655749610365,-1.0,1.0,277,0.0,Fallback Simulated Observation
NSR-GRID-369,LC09_L2SP_176039_20250727_20250729_02_T1,2025-07-27,227.1958864942784,227.14133111623724,229.30858094402655,-1.0,1.0,277,0.0,Fallback Simulated Observation
NSR-GRID-370,LC09_L2SP_176039_20250727_20250729_02_T1,2025-07-27,472.0703247090832,472.0991912707378,473.9229474032899,-1.0,1.0,277,0.0,Fallback Simulated Observation
NSR-GRID-371,LC09_L2SP_176039_20250727_20250729_02_T1,2025-07-27,605.2151765064449,605.2622518305997,607.2959346083582,-1.0,1.0,277,0.0,Fallback Simulated Observation
NSR-GRID-372,LC09_L2SP_176039_20250727_20250729_02_T1,2025-07-27,7858.108948713552,7858.326192575708,7860.396860991716,-1.0,1.0,277,0.0,Fallback Simulated Observation
NSR-GRID-373,LC09_L2SP_176039_20250727_20250729_02_T1,2025-07-27,10386.585761531602,10386.624950194497,10388.623745867704,-1.0,1.0,277,0.0,Fallback Simulated Observation
NSR-GRID-374,LC09_L2SP_176039_20250727_20250729_02_T1,2025-07-27,1609.310191216262,1609.1442742475085,1610.6461422378304,-1.0,1.0,277,0.0,Fallback Simulated Observation
NSR-GRID-375,LC09_L2SP_176039_20250727_20250729_02_T1,2025-07-27,50.179016937241386,50.29536643721112,51.39333381965762,0.05817163578037698,-0.012038068455609445,277,0.0,Fallback Simulated Observation
NSR-GRID-376,LC09_L2SP_176039_20250727_20250729_02_T1,2025-07-27,15097.182105746808,15097.054495179436,15099.594496633441,-1.0,1.0,277,0.0,Fallback Simulated Observation
NSR-GRID-377,LC09_L2SP_176039_20250727_20250729_02_T1,2025-07-27,15148.327909561802,15148.366420365015,15151.407248526713,-1.0,1.0,277,0.0,Fallback Simulated Observation
NSR-GRID-378,LC09_L2SP_176039_20250727_20250729_02_T1,2025-07-27,53.83285115463675,53.975239523652355,57.00299488425857,-0.0041986999853735885,0.09025978110111456,277,0.0,Fallback Simulated Observation
NSR-GRID-379,LC09_L2SP_176039_20250727_20250729_02_T1,2025-07-27,9447.682782419515,9447.66127621591,9449.677983696502,-1.0,1.0,277,0.0,Fallback Simulated Observation
NSR-GRID-380,LC09_L2SP_176039_20250727_20250729_02_T1,2025-07-27,89.93295625716195,89.9560520022675,93.13557703477348,-0.36657871225730465,1.0,277,0.0,Fallback Simulated Observation
NSR-GRID-381,LC09_L2SP_176039_20250727_20250729_02_T1,2025-07-27,47.558181065632496,47.572103405478856,48.295682067058586,0.09597880790796777,-0.11524325442811993,277,0.0,Fallback Simulated Observation
NSR-GRID-382,LC09_L2SP_176039_20250727_20250729_02_T1,2025-07-27,46.33151877887934,46.29649012493994,48.71412824871547,0.03210037185031741,-0.11561329360820574,277,0.0,Fallback Simulated Observation
NSR-GRID-383,LC09_L2SP_176039_20250727_20250729_02_T1,2025-07-27,4446.460934440116,4446.408940256374,4449.765432162932,-1.0,1.0,277,0.0,Fallback Simulated Observation
NSR-GRID-384,LC09_L2SP_176039_20250727_20250729_02_T1,2025-07-27,592.7525711325923,592.6853596374685,593.5473667500322,-1.0,1.0,277,0.0,Fallback Simulated Observation
NSR-GRID-385,LC09_L2SP_176039_20250727_20250729_02_T1,2025-07-27,48.595472938205276,48.664855479490875,49.43412439368082,0.0725911325218466,-0.13527874578169555,277,0.0,Fallback Simulated Observation
NSR-GRID-386,LC09_L2SP_176039_20250727_20250729_02_T1,2025-07-27,50.24941749159281,50.295084088861806,53.38186961554541,0.0517785809819631,-0.020480138752534804,277,0.0,Fallback Simulated Observation
NSR-GRID-387,LC09_L2SP_176039_20250727_20250729_02_T1,2025-07-27,47.47046988193528,47.49953035166146,47.98041999514999,0.06864630543848688,-0.13883838244331986,277,0.0,Fallback Simulated Observation
NSR-GRID-388,LC09_L2SP_176039_20250727_20250729_02_T1,2025-07-27,344.3075184665978,344.2532487678574,346.3931938538988,-1.0,1.0,277,0.0,Fallback Simulated Observation
NSR-GRID-389,LC09_L2SP_176039_20250727_20250729_02_T1,2025-07-27,5978.898068307366,5978.988543287692,5982.183330440198,-1.0,1.0,277,0.0,Fallback Simulated Observation
NSR-GRID-390,LC09_L2SP_176039_20250727_20250729_02_T1,2025-07-27,74.84010167049287,75.00552472232087,75.68265297445674,-0.18987822780882208,0.9702794577209045,277,0.0,Fallback Simulated Observation
NSR-GRID-391,LC09_L2SP_176039_20250727_20250729_02_T1,2025-07-27,196.06657583168482,196.14223112175506,199.43648087211764,-1.0,1.0,277,0.0,Fallback Simulated Observation
NSR-GRID-392,LC09_L2SP_176039_20250727_20250729_02_T1,2025-07-27,374.0188879101878,374.1566088909027,376.6900011880889,-1.0,1.0,277,0.0,Fallback Simulated Observation
NSR-GRID-393,LC09_L2SP_176039_20250727_20250729_02_T1,2025-07-27,46.802225006586205,46.95162553135696,48.46171297921637,0.12023512891758573,-0.11104572129279325,277,0.0,Fallback Simulated Observation
NSR-GRID-394,LC09_L2SP_176039_20250727_20250729_02_T1,2025-07-27,45.170515246834,45.303928193641724,47.38447600150211,0.06884172604450346,-0.13846942395667403,277,0.0,Fallback Simulated Observation
NSR-GRID-395,LC09_L2SP_176039_20250727_20250729_02_T1,2025-07-27,46.214198364214624,46.38839061740402,46.786865379469035,0.10198344594700634,-0.13646240332080356,277,0.0,Fallback Simulated Observation
NSR-GRID-396,LC09_L2SP_176039_20250727_20250729_02_T1,2025-07-27,46.37557345010437,46.519672599454175,48.29330725476697,0.051744228444174464,-0.1079908172053554,277,0.0,Fallback Simulated Observation
NSR-GRID-397,LC09_L2SP_176039_20250727_20250729_02_T1,2025-07-27,45.84345513471345,45.844993891163575,47.770133799062855,0.10502065936911512,-0.15518716907225172,277,0.0,Fallback Simulated Observation
NSR-GRID-398,LC09_L2SP_176039_20250727_20250729_02_T1,2025-07-27,46.355169877913205,46.50726335077178,46.87698882234898,0.09387796187209001,-0.15819155935822862,277,0.0,Fallback Simulated Observation
NSR-GRID-399,LC09_L2SP_176039_20250727_20250729_02_T1,2025-07-27,1722.4601087669705,1722.5325089924704,1723.9247578910085,-1.0,1.0,277,0.0,Fallback Simulated Observation
NSR-GRID-400,LC09_L2SP_176039_20250727_20250729_02_T1,2025-07-27,99.68320094522488,99.7148620337101,102.61316457027615,-0.47241585284374615,1.0,277,0.0,Fallback Simulated Observation
NSR-GRID-401,LC09_L2SP_176039_20250727_20250729_02_T1,2025-07-27,47.95117751520268,47.93864081660293,50.75558890404729,0.10899439170722457,-0.1203776633594372,277,0.0,Fallback Simulated Observation
NSR-GRID-402,LC09_L2SP_176039_20250727_20250729_02_T1,2025-07-27,47.01676120467535,46.980964902352426,48.7922524386413,0.08002321973441745,-0.09924884659176036,277,0.0,Fallback Simulated Observation
NSR-GRID-403,LC09_L2SP_176039_20250727_20250729_02_T1,2025-07-27,47.68395389665672,47.831423295191286,48.58167249846531,0.11077624425512067,-0.14447279429173912,277,0.0,Fallback Simulated Observation
NSR-GRID-404,LC09_L2SP_176039_20250727_20250729_02_T1,2025-07-27,45.50591727013695,45.48723573309044,46.73304664908471,0.0975522549525327,-0.18733284419335341,277,0.0,Fallback Simulated Observation
NSR-GRID-405,LC09_L2SP_176039_20250727_20250729_02_T1,2025-07-27,47.041475094182026,46.968923263737835,49.874965031602635,0.07858962614003366,-0.11445114218743516,277,0.0,Fallback Simulated Observation
NSR-GRID-406,LC09_L2SP_176039_20250727_20250729_02_T1,2025-07-27,3175.9344371463953,3176.0203232160966,3179.218293911292,-1.0,1.0,277,0.0,Fallback Simulated Observation
NSR-GRID-407,LC09_L2SP_176039_20250727_20250729_02_T1,2025-07-27,2597.8666098838994,2597.8111431964408,2599.9494468779744,-1.0,1.0,277,0.0,Fallback Simulated Observation
NSR-GRID-408,LC09_L2SP_176039_20250727_20250729_02_T1,2025-07-27,48.153458104046614,48.21868091220758,48.75297637515218,0.05532611671342902,-0.11243010079884971,277,0.0,Fallback Simulated Observation
NSR-GRID-409,LC09_L2SP_176039_20250727_20250729_02_T1,2025-07-27,47.5020772441912,47.40301251318199,48.93468759584362,0.03978685349438246,-0.14547183888378723,277,0.0,Fallback Simulated Observation
NSR-GRID-410,LC09_L2SP_176039_20250727_20250729_02_T1,2025-07-27,136.41265346546052,136.6270019042458,139.80302945157436,-0.8268637819912408,1.0,277,0.0,Fallback Simulated Observation
NSR-GRID-411,LC09_L2SP_176039_20250727_20250729_02_T1,2025-07-27,47.505978482153424,47.33613579122969,49.66368773785929,0.07328990900378482,-0.18095218462426543,277,0.0,Fallback Simulated Observation
NSR-GRID-412,LC09_L2SP_176039_20250727_20250729_02_T1,2025-07-27,7321.455493603242,7321.356898955945,7324.268382676698,-1.0,1.0,277,0.0,Fallback Simulated Observation
NSR-GRID-413,LC09_L2SP_176039_20250727_20250729_02_T1,2025-07-27,7519.068994554542,7519.203220232828,7520.186306120405,-1.0,1.0,277,0.0,Fallback Simulated Observation
NSR-GRID-414,LC09_L2SP_176039_20250727_20250729_02_T1,2025-07-27,4073.9700615204824,4073.8600519863858,4076.4631375954464,-1.0,1.0,277,0.0,Fallback Simulated Observation
NSR-GRID-415,LC09_L2SP_176039_20250727_20250729_02_T1,2025-07-27,47.685017547039415,47.710306826608445,50.409277219628414,0.08736807250060658,-0.1525580117519108,277,0.0,Fallback Simulated Observation
NSR-GRID-416,LC09_L2SP_176039_20250727_20250729_02_T1,2025-07-27,74.4058201298991,74.51338947270209,77.07870365147309,-0.1865523363578113,0.9885374622442046,277,0.0,Fallback Simulated Observation
NSR-GRID-001,LC08_L2SP_176039_20250719_20250726_02_T1,2025-07-19,47350.36985231804,47350.448179873354,47351.42821905163,-1.0,1.0,277,0.0,Fallback Simulated Observation
NSR-GRID-002,LC08_L2SP_176039_20250719_20250726_02_T1,2025-07-19,45664.879923359375,45664.78377109064,45665.589037407495,-1.0,1.0,277,0.0,Fallback Simulated Observation
NSR-GRID-003,LC08_L2SP_176039_20250719_20250726_02_T1,2025-07-19,48675.79430417605,48675.690561360534,48678.411149064304,-1.0,1.0,277,0.0,Fallback Simulated Observation
NSR-GRID-004,LC08_L2SP_176039_20250719_20250726_02_T1,2025-07-19,37285.25184268712,37285.1789897995,37288.09345876503,-1.0,1.0,277,0.0,Fallback Simulated Observation
NSR-GRID-005,LC08_L2SP_176039_20250719_20250726_02_T1,2025-07-19,49734.16272125285,49734.23183117785,49737.08831628016,-1.0,1.0,277,0.0,Fallback Simulated Observation
NSR-GRID-006,LC08_L2SP_176039_20250719_20250726_02_T1,2025-07-19,54377.53596788228,54377.43539658424,54380.06957648433,-1.0,1.0,277,0.0,Fallback Simulated Observation
NSR-GRID-007,LC08_L2SP_176039_20250719_20250726_02_T1,2025-07-19,46231.03869111999,46230.92115635637,46234.20685539726,-1.0,1.0,277,0.0,Fallback Simulated Observation
NSR-GRID-008,LC08_L2SP_176039_20250719_20250726_02_T1,2025-07-19,47464.74568300902,47464.75329325067,47465.54708164355,-1.0,1.0,277,0.0,Fallback Simulated Observation
NSR-GRID-009,LC08_L2SP_176039_20250719_20250726_02_T1,2025-07-19,51571.62627682644,51571.47576403866,51574.125767049154,-1.0,1.0,277,0.0,Fallback Simulated Observation
NSR-GRID-010,LC08_L2SP_176039_20250719_20250726_02_T1,2025-07-19,43093.31024195886,43093.40049112442,43096.76581102789,-1.0,1.0,277,0.0,Fallback Simulated Observation
NSR-GRID-011,LC08_L2SP_176039_20250719_20250726_02_T1,2025-07-19,42441.46985900134,42441.57970086573,42444.338365529686,-1.0,1.0,277,0.0,Fallback Simulated Observation
NSR-GRID-012,LC08_L2SP_176039_20250719_20250726_02_T1,2025-07-19,41238.96861991185,41238.9969522711,41241.55150274628,-1.0,1.0,277,0.0,Fallback Simulated Observation
NSR-GRID-013,LC08_L2SP_176039_20250719_20250726_02_T1,2025-07-19,41069.82348990913,41069.659610547424,41071.58618547656,-1.0,1.0,277,0.0,Fallback Simulated Observation
NSR-GRID-014,LC08_L2SP_176039_20250719_20250726_02_T1,2025-07-19,20614.026672735148,20614.071482556483,20615.113343768015,-1.0,1.0,277,0.0,Fallback Simulated Observation
NSR-GRID-015,LC08_L2SP_176039_20250719_20250726_02_T1,2025-07-19,12752.89300625372,12752.930511534754,12754.536305802498,-1.0,1.0,277,0.0,Fallback Simulated Observation
NSR-GRID-016,LC08_L2SP_176039_20250719_20250726_02_T1,2025-07-19,21953.02939321604,21953.04989213077,21953.70348490169,-1.0,1.0,277,0.0,Fallback Simulated Observation
NSR-GRID-017,LC08_L2SP_176039_20250719_20250726_02_T1,2025-07-19,28843.932204554203,28843.87091075393,28847.177439759653,-1.0,1.0,277,0.0,Fallback Simulated Observation
NSR-GRID-018,LC08_L2SP_176039_20250719_20250726_02_T1,2025-07-19,16803.745760458114,16803.700773828044,16806.697536891155,-1.0,1.0,277,0.0,Fallback Simulated Observation
NSR-GRID-019,LC08_L2SP_176039_20250719_20250726_02_T1,2025-07-19,39531.34992184192,39531.21340739168,39534.632834996075,-1.0,1.0,277,0.0,Fallback Simulated Observation
NSR-GRID-020,LC08_L2SP_176039_20250719_20250726_02_T1,2025-07-19,3867.4619534608114,3867.3097329303187,3869.1688870503685,-1.0,1.0,277,0.0,Fallback Simulated Observation
NSR-GRID-021,LC08_L2SP_176039_20250719_20250726_02_T1,2025-07-19,20340.116569440546,20340.08136490501,20341.455408135822,-1.0,1.0,277,0.0,Fallback Simulated Observation
NSR-GRID-022,LC08_L2SP_176039_20250719_20250726_02_T1,2025-07-19,20102.777053728118,20102.615262663538,20104.691630184472,-1.0,1.0,277,0.0,Fallback Simulated Observation
NSR-GRID-023,LC08_L2SP_176039_20250719_20250726_02_T1,2025-07-19,42.68668207244115,42.679085434534684,43.88567303660001,0.09146867583375964,-0.09372078486262263,277,0.0,Fallback Simulated Observation
NSR-GRID-024,LC08_L2SP_176039_20250719_20250726_02_T1,2025-07-19,44921.526718835994,44921.63759650203,44923.24269295902,-1.0,1.0,277,0.0,Fallback Simulated Observation
NSR-GRID-025,LC08_L2SP_176039_20250719_20250726_02_T1,2025-07-19,42917.170202746536,42917.252372958785,42918.205327752345,-1.0,1.0,277,0.0,Fallback Simulated Observation
NSR-GRID-026,LC08_L2SP_176039_20250719_20250726_02_T1,2025-07-19,30580.56484546165,30580.6136240634,30581.349170825823,-1.0,1.0,277,0.0,Fallback Simulated Observation
NSR-GRID-027,LC08_L2SP_176039_20250719_20250726_02_T1,2025-07-19,46470.05623271253,46470.09557701726,46472.13274814198,-1.0,1.0,277,0.0,Fallback Simulated Observation
NSR-GRID-028,LC08_L2SP_176039_20250719_20250726_02_T1,2025-07-19,47906.95869445928,47906.92604079894,47907.72665302283,-1.0,1.0,277,0.0,Fallback Simulated Observation
NSR-GRID-029,LC08_L2SP_176039_20250719_20250726_02_T1,2025-07-19,41727.959743951506,41728.02786015796,41731.26397104044,-1.0,1.0,277,0.0,Fallback Simulated Observation
NSR-GRID-030,LC08_L2SP_176039_20250719_20250726_02_T1,2025-07-19,41636.188113358156,41636.126873372195,41638.04490164573,-1.0,1.0,277,0.0,Fallback Simulated Observation
NSR-GRID-031,LC08_L2SP_176039_20250719_20250726_02_T1,2025-07-19,28025.390049298145,28025.432913008422,28026.716796690616,-1.0,1.0,277,0.0,Fallback Simulated Observation
NSR-GRID-032,LC08_L2SP_176039_20250719_20250726_02_T1,2025-07-19,40980.06969128136,40980.253534971314,40983.45543718559,-1.0,1.0,277,0.0,Fallback Simulated Observation
NSR-GRID-033,LC08_L2SP_176039_20250719_20250726_02_T1,2025-07-19,8668.924466086937,8668.839553916618,8669.567840538548,-1.0,1.0,277,0.0,Fallback Simulated Observation
NSR-GRID-034,LC08_L2SP_176039_20250719_20250726_02_T1,2025-07-19,20274.563658201914,20274.646794627362,20275.66726224245,-1.0,1.0,277,0.0,Fallback Simulated Observation
NSR-GRID-035,LC08_L2SP_176039_20250719_20250726_02_T1,2025-07-19,12366.14026534835,12366.281557105729,12367.365253779473,-1.0,1.0,277,0.0,Fallback Simulated Observation
NSR-GRID-036,LC08_L2SP_176039_20250719_20250726_02_T1,2025-07-19,9338.315543488057,9338.294232112648,9339.180747194965,-1.0,1.0,277,0.0,Fallback Simulated Observation
NSR-GRID-037,LC08_L2SP_176039_20250719_20250726_02_T1,2025-07-19,19724.19736279226,19724.341576218532,19725.002393481554,-1.0,1.0,277,0.0,Fallback Simulated Observation
NSR-GRID-038,LC08_L2SP_176039_20250719_20250726_02_T1,2025-07-19,25586.305036902293,25586.446744605626,25588.3057112451,-1.0,1.0,277,0.0,Fallback Simulated Observation
NSR-GRID-039,LC08_L2SP_176039_20250719_20250726_02_T1,2025-07-19,35222.95616227192,35223.08704279437,35225.21699896666,-1.0,1.0,277,0.0,Fallback Simulated Observation
NSR-GRID-040,LC08_L2SP_176039_20250719_20250726_02_T1,2025-07-19,25607.164861578287,25607.146591601093,25609.943046853678,-1.0,1.0,277,0.0,Fallback Simulated Observation
NSR-GRID-041,LC08_L2SP_176039_20250719_20250726_02_T1,2025-07-19,45222.84949148976,45222.98928338122,45224.32139228825,-1.0,1.0,277,0.0,Fallback Simulated Observation
NSR-GRID-042,LC08_L2SP_176039_20250719_20250726_02_T1,2025-07-19,15714.134382790762,15714.018454550838,15715.623642067625,-1.0,1.0,277,0.0,Fallback Simulated Observation
NSR-GRID-043,LC08_L2SP_176039_20250719_20250726_02_T1,2025-07-19,28663.00327136704,28662.91661977594,28665.7091595111,-1.0,1.0,277,0.0,Fallback Simulated Observation
NSR-GRID-044,LC08_L2SP_176039_20250719_20250726_02_T1,2025-07-19,46220.01675349613,46219.909557532446,46220.58024983897,-1.0,1.0,277,0.0,Fallback Simulated Observation
NSR-GRID-045,LC08_L2SP_176039_20250719_20250726_02_T1,2025-07-19,10154.14385863482,10154.078373999524,10157.63824898259,-1.0,1.0,277,0.0,Fallback Simulated Observation
NSR-GRID-046,LC08_L2SP_176039_20250719_20250726_02_T1,2025-07-19,30426.75538674157,30426.78191954707,30427.597223582612,-1.0,1.0,277,0.0,Fallback Simulated Observation
NSR-GRID-047,LC08_L2SP_176039_20250719_20250726_02_T1,2025-07-19,898.3247854465224,898.3066890941312,901.169354899708,-1.0,1.0,277,0.0,Fallback Simulated Observation
NSR-GRID-048,LC08_L2SP_176039_20250719_20250726_02_T1,2025-07-19,31518.28605428766,31518.386514074373,31519.23511128896,-1.0,1.0,277,0.0,Fallback Simulated Observation
NSR-GRID-049,LC08_L2SP_176039_20250719_20250726_02_T1,2025-07-19,3859.1362504184845,3859.2916137913476,3860.4167999317306,-1.0,1.0,277,0.0,Fallback Simulated Observation
NSR-GRID-050,LC08_L2SP_176039_20250719_20250726_02_T1,2025-07-19,33396.27098567472,33396.347708137466,33399.10925576716,-1.0,1.0,277,0.0,Fallback Simulated Observation
NSR-GRID-051,LC08_L2SP_176039_20250719_20250726_02_T1,2025-07-19,2136.2952825957527,2136.100329160639,2136.8523994983407,-1.0,1.0,277,0.0,Fallback Simulated Observation
NSR-GRID-052,LC08_L2SP_176039_20250719_20250726_02_T1,2025-07-19,43411.87236015051,43411.84495555162,43414.87360694327,-1.0,1.0,277,0.0,Fallback Simulated Observation
NSR-GRID-053,LC08_L2SP_176039_20250719_20250726_02_T1,2025-07-19,476.67026052060004,476.62448590090116,477.60994652904316,-1.0,1.0,277,0.0,Fallback Simulated Observation
NSR-GRID-054,LC08_L2SP_176039_20250719_20250726_02_T1,2025-07-19,46542.7201972641,46542.81600079096,46543.80188500725,-1.0,1.0,277,0.0,Fallback Simulated Observation
NSR-GRID-055,LC08_L2SP_176039_20250719_20250726_02_T1,2025-07-19,38648.941288753704,38648.71062153233,38652.38753445693,-1.0,1.0,277,0.0,Fallback Simulated Observation
NSR-GRID-056,LC08_L2SP_176039_20250719_20250726_02_T1,2025-07-19,33307.30332128655,33307.22103092745,33309.305815085405,-1.0,1.0,277,0.0,Fallback Simulated Observation
NSR-GRID-057,LC08_L2SP_176039_20250719_20250726_02_T1,2025-07-19,39928.15189060822,39928.041278364864,39931.00670865367,-1.0,1.0,277,0.0,Fallback Simulated Observation
NSR-GRID-058,LC08_L2SP_176039_20250719_20250726_02_T1,2025-07-19,42280.59864641587,42280.619071910136,42281.378433009595,-1.0,1.0,277,0.0,Fallback Simulated Observation
NSR-GRID-059,LC08_L2SP_176039_20250719_20250726_02_T1,2025-07-19,38612.205515255155,38612.25960209968,38614.133643195986,-1.0,1.0,277,0.0,Fallback Simulated Observation
NSR-GRID-060,LC08_L2SP_176039_20250719_20250726_02_T1,2025-07-19,46973.77783904466,46973.78160355117,46976.336742421896,-1.0,1.0,277,0.0,Fallback Simulated Observation
NSR-GRID-061,LC08_L2SP_176039_20250719_20250726_02_T1,2025-07-19,12316.409790715368,12316.475510543652,12317.055059554648,-1.0,1.0,277,0.0,Fallback Simulated Observation
NSR-GRID-062,LC08_L2SP_176039_20250719_20250726_02_T1,2025-07-19,24081.30845992543,24081.229851805547,24082.792218579543,-1.0,1.0,277,0.0,Fallback Simulated Observation
NSR-GRID-063,LC08_L2SP_176039_20250719_20250726_02_T1,2025-07-19,19938.56950259243,19938.533919684538,19940.564557124984,-1.0,1.0,277,0.0,Fallback Simulated Observation
NSR-GRID-064,LC08_L2SP_176039_20250719_20250726_02_T1,2025-07-19,24633.12724393336,24633.065380938286,24635.710817423715,-1.0,1.0,277,0.0,Fallback Simulated Observation
NSR-GRID-065,LC08_L2SP_176039_20250719_20250726_02_T1,2025-07-19,44920.3052286007,44920.39794577042,44920.93531850121,-1.0,1.0,277,0.0,Fallback Simulated Observation
NSR-GRID-066,LC08_L2SP_176039_20250719_20250726_02_T1,2025-07-19,9652.608233920771,9652.378867718535,9654.945588266144,-1.0,1.0,277,0.0,Fallback Simulated Observation
NSR-GRID-067,LC08_L2SP_176039_20250719_20250726_02_T1,2025-07-19,13832.27393083635,13832.140737344607,13833.047935651573,-1.0,1.0,277,0.0,Fallback Simulated Observation
NSR-GRID-068,LC08_L2SP_176039_20250719_20250726_02_T1,2025-07-19,45244.47708412807,45244.45056174153,45245.59516624383,-1.0,1.0,277,0.0,Fallback Simulated Observation
NSR-GRID-069,LC08_L2SP_176039_20250719_20250726_02_T1,2025-07-19,28059.182095410037,28059.121369186498,28062.660983810976,-1.0,1.0,277,0.0,Fallback Simulated Observation
NSR-GRID-070,LC08_L2SP_176039_20250719_20250726_02_T1,2025-07-19,23950.82662334717,23950.77402807319,23951.700437056028,-1.0,1.0,277,0.0,Fallback Simulated Observation
NSR-GRID-071,LC08_L2SP_176039_20250719_20250726_02_T1,2025-07-19,15924.094831050004,15924.20799963303,15926.255916308206,-1.0,1.0,277,0.0,Fallback Simulated Observation
NSR-GRID-072,LC08_L2SP_176039_20250719_20250726_02_T1,2025-07-19,3449.9489362322292,3449.990490031613,3452.3006018097317,-1.0,1.0,277,0.0,Fallback Simulated Observation
NSR-GRID-073,LC08_L2SP_176039_20250719_20250726_02_T1,2025-07-19,3109.341272291334,3109.354410274826,3112.2380117946914,-1.0,1.0,277,0.0,Fallback Simulated Observation
NSR-GRID-074,LC08_L2SP_176039_20250719_20250726_02_T1,2025-07-19,1047.6409001878446,1047.7164506784911,1049.251664539612,-1.0,1.0,277,0.0,Fallback Simulated Observation
NSR-GRID-075,LC08_L2SP_176039_20250719_20250726_02_T1,2025-07-19,4297.294772090762,4297.417089402534,4299.12627956517,-1.0,1.0,277,0.0,Fallback Simulated Observation
NSR-GRID-076,LC08_L2SP_176039_20250719_20250726_02_T1,2025-07-19,114.03127321865945,113.9135812294463,115.14447207528727,-0.6178773112673317,1.0,277,0.0,Fallback Simulated Observation
NSR-GRID-077,LC08_L2SP_176039_20250719_20250726_02_T1,2025-07-19,113.43549960472649,113.46659766152582,114.04024044853614,-0.6024148261206616,1.0,277,0.0,Fallback Simulated Observation
NSR-GRID-078,LC08_L2SP_176039_20250719_20250726_02_T1,2025-07-19,31758.95883452016,31759.10652574979,31761.5453832892,-1.0,1.0,277,0.0,Fallback Simulated Observation
NSR-GRID-079,LC08_L2SP_176039_20250719_20250726_02_T1,2025-07-19,1150.089866109391,1150.05050066155,1151.2076625603281,-1.0,1.0,277,0.0,Fallback Simulated Observation
NSR-GRID-080,LC08_L2SP_176039_20250719_20250726_02_T1,2025-07-19,41284.34258542008,41284.22428235355,41285.86675458602,-1.0,1.0,277,0.0,Fallback Simulated Observation
NSR-GRID-081,LC08_L2SP_176039_20250719_20250726_02_T1,2025-07-19,133.1581211440196,133.0952231030991,136.0810595280093,-0.8235833527897434,1.0,277,0.0,Fallback Simulated Observation
NSR-GRID-082,LC08_L2SP_176039_20250719_20250726_02_T1,2025-07-19,43675.95491086663,43675.98084929998,43677.98273374192,-1.0,1.0,277,0.0,Fallback Simulated Observation
NSR-GRID-083,LC08_L2SP_176039_20250719_20250726_02_T1,2025-07-19,41695.90570789478,41695.97618942607,41699.04847779204,-1.0,1.0,277,0.0,Fallback Simulated Observation
NSR-GRID-084,LC08_L2SP_176039_20250719_20250726_02_T1,2025-07-19,41605.62761229142,41605.73415376924,41608.256659260594,-1.0,1.0,277,0.0,Fallback Simulated Observation
NSR-GRID-085,LC08_L2SP_176039_20250719_20250726_02_T1,2025-07-19,42505.55709231385,42505.59292951166,42507.54060420573,-1.0,1.0,277,0.0,Fallback Simulated Observation
NSR-GRID-086,LC08_L2SP_176039_20250719_20250726_02_T1,2025-07-19,41155.029374402926,41154.950608243744,41156.43975735683,-1.0,1.0,277,0.0,Fallback Simulated Observation
NSR-GRID-087,LC08_L2SP_176039_20250719_20250726_02_T1,2025-07-19,42633.09178771832,42633.11267548256,42634.01585944771,-1.0,1.0,277,0.0,Fallback Simulated Observation
NSR-GRID-088,LC08_L2SP_176039_20250719_20250726_02_T1,2025-07-19,31026.8193238174,31026.97608885338,31029.440111222964,-1.0,1.0,277,0.0,Fallback Simulated Observation
NSR-GRID-089,LC08_L2SP_176039_20250719_20250726_02_T1,2025-07-19,36193.48329686295,36193.48864207952,36194.21974078038,-1.0,1.0,277,0.0,Fallback Simulated Observation
NSR-GRID-090,LC08_L2SP_176039_20250719_20250726_02_T1,2025-07-19,26959.842208498558,26959.848826381745,26963.25922453359,-1.0,1.0,277,0.0,Fallback Simulated Observation
NSR-GRID-091,LC08_L2SP_176039_20250719_20250726_02_T1,2025-07-19,21952.516212598508,21952.41605241444,21955.315077011277,-1.0,1.0,277,0.0,Fallback Simulated Observation
NSR-GRID-092,LC08_L2SP_176039_20250719_20250726_02_T1,2025-07-19,47618.92262753917,47618.99967558284,47622.16627177647,-1.0,1.0,277,0.0,Fallback Simulated Observation
NSR-GRID-093,LC08_L2SP_176039_20250719_20250726_02_T1,2025-07-19,26782.429407202577,26782.378212166164,26783.386491055673,-1.0,1.0,277,0.0,Fallback Simulated Observation
NSR-GRID-094,LC08_L2SP_176039_20250719_20250726_02_T1,2025-07-19,36343.978022414485,36343.98754882092,36345.17238295146,-1.0,1.0,277,0.0,Fallback Simulated Observation
NSR-GRID-095,LC08_L2SP_176039_20250719_20250726_02_T1,2025-07-19,26484.348136362874,26484.426155975994,26485.415061966985,-1.0,1.0,277,0.0,Fallback Simulated Observation
NSR-GRID-096,LC08_L2SP_176039_20250719_20250726_02_T1,2025-07-19,38011.464410740606,38011.53004927069,38013.79250187518,-1.0,1.0,277,0.0,Fallback Simulated Observation
NSR-GRID-097,LC08_L2SP_176039_20250719_20250726_02_T1,2025-07-19,33940.15007165411,33940.07502299661,33942.64213647427,-1.0,1.0,277,0.0,Fallback Simulated Observation
NSR-GRID-098,LC08_L2SP_176039_20250719_20250726_02_T1,2025-07-19,38244.84933622153,38244.74898901267,38248.30982752445,-1.0,1.0,277,0.0,Fallback Simulated Observation
NSR-GRID-099,LC08_L2SP_176039_20250719_20250726_02_T1,2025-07-19,32651.66554327066,32651.747959602348,32654.772891230794,-1.0,1.0,277,0.0,Fallback Simulated Observation
NSR-GRID-100,LC08_L2SP_176039_20250719_20250726_02_T1,2025-07-19,8764.955072048542,8764.989824597946,8767.924719000675,-1.0,1.0,277,0.0,Fallback Simulated Observation
NSR-GRID-101,LC08_L2SP_176039_20250719_20250726_02_T1,2025-07-19,4479.175173208867,4479.05299470772,4480.14394816184,-1.0,1.0,277,0.0,Fallback Simulated Observation
NSR-GRID-102,LC08_L2SP_176039_20250719_20250726_02_T1,2025-07-19,256.4886373344945,256.7225196286473,259.98379197451885,-1.0,1.0,277,0.0,Fallback Simulated Observation
NSR-GRID-103,LC08_L2SP_176039_20250719_20250726_02_T1,2025-07-19,1570.8782986090937,1570.904162726014,1571.6708765799842,-1.0,1.0,277,0.0,Fallback Simulated Observation
NSR-GRID-104,LC08_L2SP_176039_20250719_20250726_02_T1,2025-07-19,3110.9033177232473,3110.7143479445876,3113.045931924395,-1.0,1.0,277,0.0,Fallback Simulated Observation
NSR-GRID-105,LC08_L2SP_176039_20250719_20250726_02_T1,2025-07-19,41640.42834982963,41640.49913146169,41642.374580299336,-1.0,1.0,277,0.0,Fallback Simulated Observation
NSR-GRID-106,LC08_L2SP_176039_20250719_20250726_02_T1,2025-07-19,1098.4460108492385,1098.4611927585129,1100.1630565507448,-1.0,1.0,277,0.0,Fallback Simulated Observation
NSR-GRID-107,LC08_L2SP_176039_20250719_20250726_02_T1,2025-07-19,44163.45899409155,44163.52804158503,44166.625325168054,-1.0,1.0,277,0.0,Fallback Simulated Observation
NSR-GRID-108,LC08_L2SP_176039_20250719_20250726_02_T1,2025-07-19,44322.26939423466,44322.203175379895,44325.010089240386,-1.0,1.0,277,0.0,Fallback Simulated Observation
NSR-GRID-109,LC08_L2SP_176039_20250719_20250726_02_T1,2025-07-19,52877.08925429186,52876.977095116585,52878.373295031415,-1.0,1.0,277,0.0,Fallback Simulated Observation
NSR-GRID-110,LC08_L2SP_176039_20250719_20250726_02_T1,2025-07-19,46815.80803473431,46815.87242603534,46818.81378384636,-1.0,1.0,277,0.0,Fallback Simulated Observation
NSR-GRID-111,LC08_L2SP_176039_20250719_20250726_02_T1,2025-07-19,46567.556322938835,46567.5395266647,46570.84779780446,-1.0,1.0,277,0.0,Fallback Simulated Observation
NSR-GRID-112,LC08_L2SP_176039_20250719_20250726_02_T1,2025-07-19,47352.718290448014,47352.70417676586,47354.47709651082,-1.0,1.0,277,0.0,Fallback Simulated Observation
NSR-GRID-113,LC08_L2SP_176039_20250719_20250726_02_T1,2025-07-19,48711.25002876275,48711.087480794384,48714.74397666387,-1.0,1.0,277,0.0,Fallback Simulated Observation
NSR-GRID-114,LC08_L2SP_176039_20250719_20250726_02_T1,2025-07-19,49743.56635708049,49743.62766933041,49745.37423704788,-1.0,1.0,277,0.0,Fallback Simulated Observation
NSR-GRID-115,LC08_L2SP_176039_20250719_20250726_02_T1,2025-07-19,45089.255419293906,45089.35841144161,45090.49095791493,-1.0,1.0,277,0.0,Fallback Simulated Observation
NSR-GRID-116,LC08_L2SP_176039_20250719_20250726_02_T1,2025-07-19,31727.190819318497,31727.161530235477,31727.962628366513,-1.0,1.0,277,0.0,Fallback Simulated Observation
NSR-GRID-117,LC08_L2SP_176039_20250719_20250726_02_T1,2025-07-19,16026.230304335535,16026.311538675107,16029.002820238402,-1.0,1.0,277,0.0,Fallback Simulated Observation
NSR-GRID-118,LC08_L2SP_176039_20250719_20250726_02_T1,2025-07-19,15516.946811426727,15516.902999933996,15517.490849131931,-1.0,1.0,277,0.0,Fallback Simulated Observation
NSR-GRID-119,LC08_L2SP_176039_20250719_20250726_02_T1,2025-07-19,52105.29492337941,52105.31227979696,52107.458787606796,-1.0,1.0,277,0.0,Fallback Simulated Observation
NSR-GRID-120,LC08_L2SP_176039_20250719_20250726_02_T1,2025-07-19,53412.35491151145,53412.35755440207,53414.391597087546,-1.0,1.0,277,0.0,Fallback Simulated Observation
NSR-GRID-121,LC08_L2SP_176039_20250719_20250726_02_T1,2025-07-19,47476.54387908571,47476.551216378844,47477.31566230295,-1.0,1.0,277,0.0,Fallback Simulated Observation
NSR-GRID-122,LC08_L2SP_176039_20250719_20250726_02_T1,2025-07-19,45339.92962686108,45339.902030551435,45342.2659550893,-1.0,1.0,277,0.0,Fallback Simulated Observation
NSR-GRID-123,LC08_L2SP_176039_20250719_20250726_02_T1,2025-07-19,47624.987306884956,47624.899534151424,47627.953404525484,-1.0,1.0,277,0.0,Fallback Simulated Observation
NSR-GRID-124,LC08_L2SP_176039_20250719_20250726_02_T1,2025-07-19,42299.075029047075,42299.0340154209,42300.32754862624,-1.0,1.0,277,0.0,Fallback Simulated Observation
NSR-GRID-125,LC08_L2SP_176039_20250719_20250726_02_T1,2025-07-19,12787.904530208214,12788.123743779239,12790.051689027787,-1.0,1.0,277,0.0,Fallback Simulated Observation
NSR-GRID-126,LC08_L2SP_176039_20250719_20250726_02_T1,2025-07-19,5229.815267111524,5229.776583015725,5232.033135581094,-1.0,1.0,277,0.0,Fallback Simulated Observation
NSR-GRID-127,LC08_L2SP_176039_20250719_20250726_02_T1,2025-07-19,301.8506939001117,301.6396258153529,304.3099556529808,-1.0,1.0,277,0.0,Fallback Simulated Observation
NSR-GRID-128,LC08_L2SP_176039_20250719_20250726_02_T1,2025-07-19,28498.023659858613,28498.066568698974,28501.37854153595,-1.0,1.0,277,0.0,Fallback Simulated Observation
NSR-GRID-129,LC08_L2SP_176039_20250719_20250726_02_T1,2025-07-19,4936.654986195426,4936.741584728723,4940.087247619247,-1.0,1.0,277,0.0,Fallback Simulated Observation
NSR-GRID-130,LC08_L2SP_176039_20250719_20250726_02_T1,2025-07-19,40959.20543921602,40959.229565953545,40961.92410834132,-1.0,1.0,277,0.0,Fallback Simulated Observation
NSR-GRID-131,LC08_L2SP_176039_20250719_20250726_02_T1,2025-07-19,190.63484217925608,190.69083860328365,191.45490133193582,-1.0,1.0,277,0.0,Fallback Simulated Observation
NSR-GRID-132,LC08_L2SP_176039_20250719_20250726_02_T1,2025-07-19,49204.370065336945,49204.29912944598,49206.446301549804,-1.0,1.0,277,0.0,Fallback Simulated Observation
NSR-GRID-133,LC08_L2SP_176039_20250719_20250726_02_T1,2025-07-19,51311.350159228234,51311.55353174706,51314.679055715285,-1.0,1.0,277,0.0,Fallback Simulated Observation
NSR-GRID-134,LC08_L2SP_176039_20250719_20250726_02_T1,2025-07-19,45598.00224217527,45597.95897272921,45599.99605786581,-1.0,1.0,277,0.0,Fallback Simulated Observation
NSR-GRID-135,LC08_L2SP_176039_20250719_20250726_02_T1,2025-07-19,47541.1396155678,47540.98648052752,47543.774657876784,-1.0,1.0,277,0.0,Fallback Simulated Observation
NSR-GRID-136,LC08_L2SP_176039_20250719_20250726_02_T1,2025-07-19,27026.65199894265,27026.547555322966,27027.785843258145,-1.0,1.0,277,0.0,Fallback Simulated Observation
NSR-GRID-137,LC08_L2SP_176039_20250719_20250726_02_T1,2025-07-19,48633.75216733679,48633.55029536446,48635.489378606995,-1.0,1.0,277,0.0,Fallback Simulated Observation
NSR-GRID-138,LC08_L2SP_176039_20250719_20250726_02_T1,2025-07-19,48590.5802921985,48590.422074687354,48593.52886538678,-1.0,1.0,277,0.0,Fallback Simulated Observation
NSR-GRID-139,LC08_L2SP_176039_20250719_20250726_02_T1,2025-07-19,40658.042406212175,40658.04410242713,40660.341369487316,-1.0,1.0,277,0.0,Fallback Simulated Observation
NSR-GRID-140,LC08_L2SP_176039_20250719_20250726_02_T1,2025-07-19,3594.1433712559556,3594.1019325843445,3596.9207350345937,-1.0,1.0,277,0.0,Fallback Simulated Observation
NSR-GRID-141,LC08_L2SP_176039_20250719_20250726_02_T1,2025-07-19,143.7553070013517,143.71581172654544,144.56733246852846,-0.9018403886954001,1.0,277,0.0,Fallback Simulated Observation
NSR-GRID-142,LC08_L2SP_176039_20250719_20250726_02_T1,2025-07-19,23312.429537503962,23312.464535057523,23313.589657275526,-1.0,1.0,277,0.0,Fallback Simulated Observation
NSR-GRID-143,LC08_L2SP_176039_20250719_20250726_02_T1,2025-07-19,50036.63159160713,50036.561372257645,50037.31467474143,-1.0,1.0,277,0.0,Fallback Simulated Observation
NSR-GRID-144,LC08_L2SP_176039_20250719_20250726_02_T1,2025-07-19,52681.21244003873,52681.27772807588,52683.78320611697,-1.0,1.0,277,0.0,Fallback Simulated Observation
NSR-GRID-145,LC08_L2SP_176039_20250719_20250726_02_T1,2025-07-19,38891.50763558577,38891.49143970664,38892.88060413092,-1.0,1.0,277,0.0,Fallback Simulated Observation
NSR-GRID-146,LC08_L2SP_176039_20250719_20250726_02_T1,2025-07-19,41638.75243663485,41638.65762424021,41640.47219286475,-1.0,1.0,277,0.0,Fallback Simulated Observation
NSR-GRID-147,LC08_L2SP_176039_20250719_20250726_02_T1,2025-07-19,42304.26434511156,42304.130835326934,42306.993071649704,-1.0,1.0,277,0.0,Fallback Simulated Observation
NSR-GRID-148,LC08_L2SP_176039_20250719_20250726_02_T1,2025-07-19,32783.995391754324,32784.08923088773,32786.21100851785,-1.0,1.0,277,0.0,Fallback Simulated Observation
NSR-GRID-149,LC08_L2SP_176039_20250719_20250726_02_T1,2025-07-19,45153.32754623441,45153.29749649548,45156.20979236484,-1.0,1.0,277,0.0,Fallback Simulated Observation
NSR-GRID-150,LC08_L2SP_176039_20250719_20250726_02_T1,2025-07-19,27114.289801678824,27114.283682104713,27116.64553542642,-1.0,1.0,277,0.0,Fallback Simulated Observation
NSR-GRID-151,LC08_L2SP_176039_20250719_20250726_02_T1,2025-07-19,1175.7266186112508,1175.6476470530406,1177.7661992753358,-1.0,1.0,277,0.0,Fallback Simulated Observation
NSR-GRID-152,LC08_L2SP_176039_20250719_20250726_02_T1,2025-07-19,39166.204932463435,39166.416386809666,39168.5360940049,-1.0,1.0,277,0.0,Fallback Simulated Observation
NSR-GRID-153,LC08_L2SP_176039_20250719_20250726_02_T1,2025-07-19,49222.43695089106,49222.504758885,49224.278285113505,-1.0,1.0,277,0.0,Fallback Simulated Observation
NSR-GRID-154,LC08_L2SP_176039_20250719_20250726_02_T1,2025-07-19,49410.693420333744,49410.5736044925,49412.689638326185,-1.0,1.0,277,0.0,Fallback Simulated Observation
NSR-GRID-155,LC08_L2SP_176039_20250719_20250726_02_T1,2025-07-19,50270.67944196272,50270.572777428206,50273.34149471353,-1.0,1.0,277,0.0,Fallback Simulated Observation
NSR-GRID-156,LC08_L2SP_176039_20250719_20250726_02_T1,2025-07-19,47358.43654096904,47358.50598090326,47360.880872195674,-1.0,1.0,277,0.0,Fallback Simulated Observation
NSR-GRID-157,LC08_L2SP_176039_20250719_20250726_02_T1,2025-07-19,44640.7472963831,44640.82079628298,44643.0775013987,-1.0,1.0,277,0.0,Fallback Simulated Observation
NSR-GRID-158,LC08_L2SP_176039_20250719_20250726_02_T1,2025-07-19,49633.41680939581,49633.50912473086,49633.93493748638,-1.0,1.0,277,0.0,Fallback Simulated Observation
NSR-GRID-159,LC08_L2SP_176039_20250719_20250726_02_T1,2025-07-19,49685.28147260302,49685.34788465137,49686.84717169922,-1.0,1.0,277,0.0,Fallback Simulated Observation
NSR-GRID-160,LC08_L2SP_176039_20250719_20250726_02_T1,2025-07-19,49135.06036351534,49135.09661461647,49136.58287533839,-1.0,1.0,277,0.0,Fallback Simulated Observation
NSR-GRID-161,LC08_L2SP_176039_20250719_20250726_02_T1,2025-07-19,39020.70774074093,39020.6139758667,39022.823635683526,-1.0,1.0,277,0.0,Fallback Simulated Observation
NSR-GRID-162,LC08_L2SP_176039_20250719_20250726_02_T1,2025-07-19,28188.048581440482,28188.015239069653,28189.97568150425,-1.0,1.0,277,0.0,Fallback Simulated Observation
NSR-GRID-163,LC08_L2SP_176039_20250719_20250726_02_T1,2025-07-19,36944.42181378523,36944.183123781106,36946.186542497344,-1.0,1.0,277,0.0,Fallback Simulated Observation
NSR-GRID-164,LC08_L2SP_176039_20250719_20250726_02_T1,2025-07-19,43908.634259486396,43908.45379919546,43909.85436023952,-1.0,1.0,277,0.0,Fallback Simulated Observation
NSR-GRID-165,LC08_L2SP_176039_20250719_20250726_02_T1,2025-07-19,50773.3437933279,50773.227601318344,50775.955413927186,-1.0,1.0,277,0.0,Fallback Simulated Observation
NSR-GRID-166,LC08_L2SP_176039_20250719_20250726_02_T1,2025-07-19,43935.50612734707,43935.52029115988,43938.01692338121,-1.0,1.0,277,0.0,Fallback Simulated Observation
NSR-GRID-167,LC08_L2SP_176039_20250719_20250726_02_T1,2025-07-19,45310.58172139736,45310.54720988326,45311.187744531184,-1.0,1.0,277,0.0,Fallback Simulated Observation
NSR-GRID-168,LC08_L2SP_176039_20250719_20250726_02_T1,2025-07-19,44612.66558646678,44612.57179421752,44616.11903091619,-1.0,1.0,277,0.0,Fallback Simulated Observation
NSR-GRID-169,LC08_L2SP_176039_20250719_20250726_02_T1,2025-07-19,33183.01608584875,33182.89570731613,33186.05063046756,-1.0,1.0,277,0.0,Fallback Simulated Observation
NSR-GRID-170,LC08_L2SP_176039_20250719_20250726_02_T1,2025-07-19,24792.856636835528,24792.759708837555,24795.939100617747,-1.0,1.0,277,0.0,Fallback Simulated Observation
NSR-GRID-171,LC08_L2SP_176039_20250719_20250726_02_T1,2025-07-19,5672.925929686498,5672.975550076401,5674.115610158203,-1.0,1.0,277,0.0,Fallback Simulated Observation
NSR-GRID-172,LC08_L2SP_176039_20250719_20250726_02_T1,2025-07-19,595.3304491774973,595.3191349238342,597.3927718934128,-1.0,1.0,277,0.0,Fallback Simulated Observation
NSR-GRID-173,LC08_L2SP_176039_20250719_20250726_02_T1,2025-07-19,2874.82385392662,2874.6825205299797,2877.8914978550088,-1.0,1.0,277,0.0,Fallback Simulated Observation
NSR-GRID-174,LC08_L2SP_176039_20250719_20250726_02_T1,2025-07-19,38062.276682229036,38062.28798430006,38063.55357672774,-1.0,1.0,277,0.0,Fallback Simulated Observation
NSR-GRID-175,LC08_L2SP_176039_20250719_20250726_02_T1,2025-07-19,46091.074821284936,46091.01666905706,46093.26751597351,-1.0,1.0,277,0.0,Fallback Simulated Observation
NSR-GRID-176,LC08_L2SP_176039_20250719_20250726_02_T1,2025-07-19,46382.68305935028,46382.563988407084,46384.47551841476,-1.0,1.0,277,0.0,Fallback Simulated Observation
NSR-GRID-177,LC08_L2SP_176039_20250719_20250726_02_T1,2025-07-19,43828.269916088575,43828.16730073688,43831.250552549354,-1.0,1.0,277,0.0,Fallback Simulated Observation
NSR-GRID-178,LC08_L2SP_176039_20250719_20250726_02_T1,2025-07-19,46485.7516751793,46485.69836145252,46486.489899912194,-1.0,1.0,277,0.0,Fallback Simulated Observation
NSR-GRID-179,LC08_L2SP_176039_20250719_20250726_02_T1,2025-07-19,45427.16189188355,45427.11538949504,45428.93647805759,-1.0,1.0,277,0.0,Fallback Simulated Observation
NSR-GRID-180,LC08_L2SP_176039_20250719_20250726_02_T1,2025-07-19,47479.324425753155,47479.24761871761,47481.44622187132,-1.0,1.0,277,0.0,Fallback Simulated Observation
NSR-GRID-181,LC08_L2SP_176039_20250719_20250726_02_T1,2025-07-19,44912.997539017924,44912.83008101474,44914.028992676445,-1.0,1.0,277,0.0,Fallback Simulated Observation
NSR-GRID-182,LC08_L2SP_176039_20250719_20250726_02_T1,2025-07-19,48650.61818466466,48650.68337800476,48652.13539492302,-1.0,1.0,277,0.0,Fallback Simulated Observation
NSR-GRID-183,LC08_L2SP_176039_20250719_20250726_02_T1,2025-07-19,44123.58155920539,44123.83759875386,44125.411016025755,-1.0,1.0,277,0.0,Fallback Simulated Observation
NSR-GRID-184,LC08_L2SP_176039_20250719_20250726_02_T1,2025-07-19,43645.89468812667,43645.905238201645,43648.29317606583,-1.0,1.0,277,0.0,Fallback Simulated Observation
NSR-GRID-185,LC08_L2SP_176039_20250719_20250726_02_T1,2025-07-19,34773.96609438498,34774.15175799064,34774.54669395157,-1.0,1.0,277,0.0,Fallback Simulated Observation
NSR-GRID-186,LC08_L2SP_176039_20250719_20250726_02_T1,2025-07-19,47535.71192918659,47535.703438454235,47537.48970652466,-1.0,1.0,277,0.0,Fallback Simulated Observation
NSR-GRID-187,LC08_L2SP_176039_20250719_20250726_02_T1,2025-07-19,52120.02826593384,52119.94408375352,52122.37670281307,-1.0,1.0,277,0.0,Fallback Simulated Observation
NSR-GRID-188,LC08_L2SP_176039_20250719_20250726_02_T1,2025-07-19,51682.5856893768,51682.57822883789,51683.43595148483,-1.0,1.0,277,0.0,Fallback Simulated Observation
NSR-GRID-189,LC08_L2SP_176039_20250719_20250726_02_T1,2025-07-19,48190.04946938113,48190.00206526709,48190.634793018864,-1.0,1.0,277,0.0,Fallback Simulated Observation
NSR-GRID-190,LC08_L2SP_176039_20250719_20250726_02_T1,2025-07-19,37606.85588451057,37606.99116192815,37609.15441399884,-1.0,1.0,277,0.0,Fallback Simulated Observation
NSR-GRID-191,LC08_L2SP_176039_20250719_20250726_02_T1,2025-07-19,22868.93852694868,22868.873562062083,22871.56560552078,-1.0,1.0,277,0.0,Fallback Simulated Observation
NSR-GRID-192,LC08_L2SP_176039_20250719_20250726_02_T1,2025-07-19,4019.385209161488,4019.3561719770864,4022.686886708821,-1.0,1.0,277,0.0,Fallback Simulated Observation
NSR-GRID-193,LC08_L2SP_176039_20250719_20250726_02_T1,2025-07-19,48576.51669618003,48576.53912400814,48578.03294256695,-1.0,1.0,277,0.0,Fallback Simulated Observation
NSR-GRID-194,LC08_L2SP_176039_20250719_20250726_02_T1,2025-07-19,14133.08731934666,14133.086519341832,14136.514451045512,-1.0,1.0,277,0.0,Fallback Simulated Observation
NSR-GRID-195,LC08_L2SP_176039_20250719_20250726_02_T1,2025-07-19,43356.47680087642,43356.4316040916,43359.97421210507,-1.0,1.0,277,0.0,Fallback Simulated Observation
NSR-GRID-196,LC08_L2SP_176039_20250719_20250726_02_T1,2025-07-19,12844.86509840744,12844.95456415261,12846.471181642675,-1.0,1.0,277,0.0,Fallback Simulated Observation
NSR-GRID-197,LC08_L2SP_176039_20250719_20250726_02_T1,2025-07-19,41989.40510211997,41989.28189799329,41992.672297614845,-1.0,1.0,277,0.0,Fallback Simulated Observation
NSR-GRID-198,LC08_L2SP_176039_20250719_20250726_02_T1,2025-07-19,30871.305057862206,30871.265076129097,30873.590347174235,-1.0,1.0,277,0.0,Fallback Simulated Observation
NSR-GRID-199,LC08_L2SP_176039_20250719_20250726_02_T1,2025-07-19,51010.61986463615,51010.80836160739,51012.26630253682,-1.0,1.0,277,0.0,Fallback Simulated Observation
NSR-GRID-200,LC08_L2SP_176039_20250719_20250726_02_T1,2025-07-19,52040.29030194143,52040.36891157344,52041.93478697157,-1.0,1.0,277,0.0,Fallback Simulated Observation
NSR-GRID-201,LC08_L2SP_176039_20250719_20250726_02_T1,2025-07-19,48296.48445589302,48296.54354278207,48299.17038246057,-1.0,1.0,277,0.0,Fallback Simulated Observation
NSR-GRID-202,LC08_L2SP_176039_20250719_20250726_02_T1,2025-07-19,46584.67912532471,46584.69487707444,46586.1985431612,-1.0,1.0,277,0.0,Fallback Simulated Observation
NSR-GRID-203,LC08_L2SP_176039_20250719_20250726_02_T1,2025-07-19,40803.610032981196,40803.678924163374,40806.11848606362,-1.0,1.0,277,0.0,Fallback Simulated Observation
NSR-GRID-204,LC08_L2SP_176039_20250719_20250726_02_T1,2025-07-19,46356.257161644055,46356.264054749285,46359.49086773383,-1.0,1.0,277,0.0,Fallback Simulated Observation
NSR-GRID-205,LC08_L2SP_176039_20250719_20250726_02_T1,2025-07-19,42006.92880092988,42006.945573334844,42010.14830175942,-1.0,1.0,277,0.0,Fallback Simulated Observation
NSR-GRID-206,LC08_L2SP_176039_20250719_20250726_02_T1,2025-07-19,48891.457541258846,48891.39830803836,48894.21679163787,-1.0,1.0,277,0.0,Fallback Simulated Observation
NSR-GRID-207,LC08_L2SP_176039_20250719_20250726_02_T1,2025-07-19,49641.95394934571,49641.87446881116,49645.250255225634,-1.0,1.0,277,0.0,Fallback Simulated Observation
NSR-GRID-208,LC08_L2SP_176039_20250719_20250726_02_T1,2025-07-19,52349.59651710584,52349.68678842067,52352.83312396992,-1.0,1.0,277,0.0,Fallback Simulated Observation
NSR-GRID-209,LC08_L2SP_176039_20250719_20250726_02_T1,2025-07-19,51490.92157399656,51490.91562449991,51493.72956576303,-1.0,1.0,277,0.0,Fallback Simulated Observation
NSR-GRID-210,LC08_L2SP_176039_20250719_20250726_02_T1,2025-07-19,51376.29153742905,51376.43110817724,51376.861553477545,-1.0,1.0,277,0.0,Fallback Simulated Observation
NSR-GRID-211,LC08_L2SP_176039_20250719_20250726_02_T1,2025-07-19,50808.21498671783,50808.18220241373,50810.91780611946,-1.0,1.0,277,0.0,Fallback Simulated Observation
NSR-GRID-212,LC08_L2SP_176039_20250719_20250726_02_T1,2025-07-19,31494.99263431461,31495.02377514973,31496.860927979786,-1.0,1.0,277,0.0,Fallback Simulated Observation
NSR-GRID-213,LC08_L2SP_176039_20250719_20250726_02_T1,2025-07-19,22696.140347584194,22695.874547345637,22698.741802614342,-1.0,1.0,277,0.0,Fallback Simulated Observation
NSR-GRID-214,LC08_L2SP_176039_20250719_20250726_02_T1,2025-07-19,52178.68898691271,52178.74891319525,52181.47842704321,-1.0,1.0,277,0.0,Fallback Simulated Observation
NSR-GRID-215,LC08_L2SP_176039_20250719_20250726_02_T1,2025-07-19,44544.9462240364,44544.87414741175,44545.745797509815,-1.0,1.0,277,0.0,Fallback Simulated Observation
NSR-GRID-216,LC08_L2SP_176039_20250719_20250726_02_T1,2025-07-19,42128.253668772675,42128.30944265557,42131.457923481816,-1.0,1.0,277,0.0,Fallback Simulated Observation
NSR-GRID-217,LC08_L2SP_176039_20250719_20250726_02_T1,2025-07-19,50693.97545612864,50693.82299072299,50695.73556024863,-1.0,1.0,277,0.0,Fallback Simulated Observation
NSR-GRID-218,LC08_L2SP_176039_20250719_20250726_02_T1,2025-07-19,47744.09467653063,47744.16659486872,47747.48773522055,-1.0,1.0,277,0.0,Fallback Simulated Observation
NSR-GRID-219,LC08_L2SP_176039_20250719_20250726_02_T1,2025-07-19,44424.1853688314,44424.09535419328,44425.11346991089,-1.0,1.0,277,0.0,Fallback Simulated Observation
NSR-GRID-220,LC08_L2SP_176039_20250719_20250726_02_T1,2025-07-19,42650.97153796241,42651.0906265557,42651.70802195374,-1.0,1.0,277,0.0,Fallback Simulated Observation
NSR-GRID-221,LC08_L2SP_176039_20250719_20250726_02_T1,2025-07-19,55667.09625631042,55667.12382265609,55668.25044402898,-1.0,1.0,277,0.0,Fallback Simulated Observation
NSR-GRID-222,LC08_L2SP_176039_20250719_20250726_02_T1,2025-07-19,38263.69319113775,38263.76231738685,38264.269276469226,-1.0,1.0,277,0.0,Fallback Simulated Observation
NSR-GRID-223,LC08_L2SP_176039_20250719_20250726_02_T1,2025-07-19,52125.26803410167,52125.28492439091,52128.6241538753,-1.0,1.0,277,0.0,Fallback Simulated Observation
NSR-GRID-224,LC08_L2SP_176039_20250719_20250726_02_T1,2025-07-19,52341.318313598706,52341.31632044254,52344.69996804712,-1.0,1.0,277,0.0,Fallback Simulated Observation
NSR-GRID-225,LC08_L2SP_176039_20250719_20250726_02_T1,2025-07-19,43261.54302731834,43261.623064186366,43264.234791410396,-1.0,1.0,277,0.0,Fallback Simulated Observation
NSR-GRID-226,LC08_L2SP_176039_20250719_20250726_02_T1,2025-07-19,39485.22356690329,39485.206314465955,39487.75712045621,-1.0,1.0,277,0.0,Fallback Simulated Observation
NSR-GRID-227,LC08_L2SP_176039_20250719_20250726_02_T1,2025-07-19,52906.63844277259,52906.67056632019,52907.80696053832,-1.0,1.0,277,0.0,Fallback Simulated Observation
NSR-GRID-228,LC08_L2SP_176039_20250719_20250726_02_T1,2025-07-19,54497.815920767986,54497.56132026152,54500.98865105815,-1.0,1.0,277,0.0,Fallback Simulated Observation
NSR-GRID-229,LC08_L2SP_176039_20250719_20250726_02_T1,2025-07-19,53582.4718766006,53582.46019759148,53583.104757179804,-1.0,1.0,277,0.0,Fallback Simulated Observation
NSR-GRID-230,LC08_L2SP_176039_20250719_20250726_02_T1,2025-07-19,48710.044230628206,48709.95632893959,48711.38459121801,-1.0,1.0,277,0.0,Fallback Simulated Observation
NSR-GRID-231,LC08_L2SP_176039_20250719_20250726_02_T1,2025-07-19,13080.60628318371,13080.376814395546,13083.520118286786,-1.0,1.0,277,0.0,Fallback Simulated Observation
NSR-GRID-232,LC08_L2SP_176039_20250719_20250726_02_T1,2025-07-19,46025.09331647353,46025.02804284498,46026.35187328348,-1.0,1.0,277,0.0,Fallback Simulated Observation
NSR-GRID-233,LC08_L2SP_176039_20250719_20250726_02_T1,2025-07-19,49524.994485096184,49524.920113796405,49526.45029839022,-1.0,1.0,277,0.0,Fallback Simulated Observation
NSR-GRID-234,LC08_L2SP_176039_20250719_20250726_02_T1,2025-07-19,49902.07540028346,49902.09166373045,49904.12855028237,-1.0,1.0,277,0.0,Fallback Simulated Observation
NSR-GRID-235,LC08_L2SP_176039_20250719_20250726_02_T1,2025-07-19,47713.48880360469,47713.529959344574,47715.46220227415,-1.0,1.0,277,0.0,Fallback Simulated Observation
NSR-GRID-236,LC08_L2SP_176039_20250719_20250726_02_T1,2025-07-19,35323.39070159227,35323.317745484455,35326.325607552164,-1.0,1.0,277,0.0,Fallback Simulated Observation
NSR-GRID-237,LC08_L2SP_176039_20250719_20250726_02_T1,2025-07-19,6329.751527132145,6329.908402855671,6333.16366929541,-1.0,1.0,277,0.0,Fallback Simulated Observation
NSR-GRID-238,LC08_L2SP_176039_20250719_20250726_02_T1,2025-07-19,23669.433002450256,23669.451914035228,23671.771027620613,-1.0,1.0,277,0.0,Fallback Simulated Observation
NSR-GRID-239,LC08_L2SP_176039_20250719_20250726_02_T1,2025-07-19,32303.857701418896,32304.004423733866,32306.431679499936,-1.0,1.0,277,0.0,Fallback Simulated Observation
NSR-GRID-240,LC08_L2SP_176039_20250719_20250726_02_T1,2025-07-19,28306.324886214756,28306.32436355501,28308.17753730404,-1.0,1.0,277,0.0,Fallback Simulated Observation
NSR-GRID-241,LC08_L2SP_176039_20250719_20250726_02_T1,2025-07-19,42203.709052746715,42203.7664657518,42204.93589622707,-1.0,1.0,277,0.0,Fallback Simulated Observation
NSR-GRID-242,LC08_L2SP_176039_20250719_20250726_02_T1,2025-07-19,51457.172011753566,51457.23121493451,51459.955019636844,-1.0,1.0,277,0.0,Fallback Simulated Observation
NSR-GRID-243,LC08_L2SP_176039_20250719_20250726_02_T1,2025-07-19,35549.11797335527,35549.1034891307,35552.25424879467,-1.0,1.0,277,0.0,Fallback Simulated Observation
NSR-GRID-244,LC08_L2SP_176039_20250719_20250726_02_T1,2025-07-19,3746.6119029173965,3746.5045921759865,3748.8046527816855,-1.0,1.0,277,0.0,Fallback Simulated Observation
NSR-GRID-245,LC08_L2SP_176039_20250719_20250726_02_T1,2025-07-19,22820.72501191647,22820.743187147255,22823.181054297977,-1.0,1.0,277,0.0,Fallback Simulated Observation
NSR-GRID-246,LC08_L2SP_176039_20250719_20250726_02_T1,2025-07-19,41142.370958133484,41142.38311314176,41143.92186729913,-1.0,1.0,277,0.0,Fallback Simulated Observation
NSR-GRID-247,LC08_L2SP_176039_20250719_20250726_02_T1,2025-07-19,34965.39779082837,34965.41785518706,34966.018957801105,-1.0,1.0,277,0.0,Fallback Simulated Observation
NSR-GRID-248,LC08_L2SP_176039_20250719_20250726_02_T1,2025-07-19,38485.24493661582,38485.117971389205,38486.217179217594,-1.0,1.0,277,0.0,Fallback Simulated Observation
NSR-GRID-249,LC08_L2SP_176039_20250719_20250726_02_T1,2025-07-19,44622.118237263385,44622.14387176115,44624.35004274386,-1.0,1.0,277,0.0,Fallback Simulated Observation
NSR-GRID-250,LC08_L2SP_176039_20250719_20250726_02_T1,2025-07-19,9137.98674227779,9137.976538457708,9141.467683181545,-1.0,1.0,277,0.0,Fallback Simulated Observation
NSR-GRID-251,LC08_L2SP_176039_20250719_20250726_02_T1,2025-07-19,47803.88139897044,47803.86184938905,47807.254017287494,-1.0,1.0,277,0.0,Fallback Simulated Observation
NSR-GRID-252,LC08_L2SP_176039_20250719_20250726_02_T1,2025-07-19,51153.814218923624,51153.75585636508,51156.0584373942,-1.0,1.0,277,0.0,Fallback Simulated Observation
NSR-GRID-253,LC08_L2SP_176039_20250719_20250726_02_T1,2025-07-19,48256.44797282795,48256.43813109757,48257.18428136969,-1.0,1.0,277,0.0,Fallback Simulated Observation
NSR-GRID-254,LC08_L2SP_176039_20250719_20250726_02_T1,2025-07-19,45165.102959426535,45164.92191713836,45168.3487042351,-1.0,1.0,277,0.0,Fallback Simulated Observation
NSR-GRID-255,LC08_L2SP_176039_20250719_20250726_02_T1,2025-07-19,32062.417574483836,32062.382133985502,32064.218862715214,-1.0,1.0,277,0.0,Fallback Simulated Observation
NSR-GRID-256,LC08_L2SP_176039_20250719_20250726_02_T1,2025-07-19,19015.8223846546,19015.76989200252,19019.0840667609,-1.0,1.0,277,0.0,Fallback Simulated Observation
NSR-GRID-257,LC08_L2SP_176039_20250719_20250726_02_T1,2025-07-19,17307.841589720698,17307.761924159717,17309.236978830933,-1.0,1.0,277,0.0,Fallback Simulated Observation
NSR-GRID-258,LC08_L2SP_176039_20250719_20250726_02_T1,2025-07-19,18799.979397368734,18799.861035602415,18802.827084839613,-1.0,1.0,277,0.0,Fallback Simulated Observation
NSR-GRID-259,LC08_L2SP_176039_20250719_20250726_02_T1,2025-07-19,38938.16177470712,38938.234070582745,38940.43923144998,-1.0,1.0,277,0.0,Fallback Simulated Observation
NSR-GRID-260,LC08_L2SP_176039_20250719_20250726_02_T1,2025-07-19,44881.71892530323,44881.740936285605,44883.97459216575,-1.0,1.0,277,0.0,Fallback Simulated Observation
NSR-GRID-261,LC08_L2SP_176039_20250719_20250726_02_T1,2025-07-19,24278.849314220326,24278.718508523987,24281.828234102228,-1.0,1.0,277,0.0,Fallback Simulated Observation
NSR-GRID-262,LC08_L2SP_176039_20250719_20250726_02_T1,2025-07-19,2959.071469080045,2959.237710339827,2961.521570132756,-1.0,1.0,277,0.0,Fallback Simulated Observation
NSR-GRID-263,LC08_L2SP_176039_20250719_20250726_02_T1,2025-07-19,8839.133834043123,8838.999403642501,8839.686913526533,-1.0,1.0,277,0.0,Fallback Simulated Observation
NSR-GRID-264,LC08_L2SP_176039_20250719_20250726_02_T1,2025-07-19,17416.720381452134,17416.57726277555,17418.822651634306,-1.0,1.0,277,0.0,Fallback Simulated Observation
NSR-GRID-265,LC08_L2SP_176039_20250719_20250726_02_T1,2025-07-19,45061.011420755254,45061.09576674488,45063.40095328589,-1.0,1.0,277,0.0,Fallback Simulated Observation
NSR-GRID-266,LC08_L2SP_176039_20250719_20250726_02_T1,2025-07-19,39804.62997065894,39804.68259924581,39805.86944823415,-1.0,1.0,277,0.0,Fallback Simulated Observation
NSR-GRID-267,LC08_L2SP_176039_20250719_20250726_02_T1,2025-07-19,53552.80756040201,53552.9009183642,53554.48641530959,-1.0,1.0,277,0.0,Fallback Simulated Observation
NSR-GRID-268,LC08_L2SP_176039_20250719_20250726_02_T1,2025-07-19,23117.480215735035,23117.57159840065,23119.6517352347,-1.0,1.0,277,0.0,Fallback Simulated Observation
NSR-GRID-269,LC08_L2SP_176039_20250719_20250726_02_T1,2025-07-19,57407.760531727785,57407.74858188197,57410.54228723982,-1.0,1.0,277,0.0,Fallback Simulated Observation
NSR-GRID-270,LC08_L2SP_176039_20250719_20250726_02_T1,2025-07-19,25818.55750986526,25818.453182105848,25820.581751473816,-1.0,1.0,277,0.0,Fallback Simulated Observation
NSR-GRID-271,LC08_L2SP_176039_20250719_20250726_02_T1,2025-07-19,48800.02878080219,48799.95090753726,48802.647943705866,-1.0,1.0,277,0.0,Fallback Simulated Observation
NSR-GRID-272,LC08_L2SP_176039_20250719_20250726_02_T1,2025-07-19,52633.131208031016,52633.081278971935,52635.838032350526,-1.0,1.0,277,0.0,Fallback Simulated Observation
NSR-GRID-273,LC08_L2SP_176039_20250719_20250726_02_T1,2025-07-19,40489.28607574214,40489.30654599456,40490.53522498304,-1.0,1.0,277,0.0,Fallback Simulated Observation
NSR-GRID-274,LC08_L2SP_176039_20250719_20250726_02_T1,2025-07-19,44830.46219482982,44830.4173661034,44832.83152689259,-1.0,1.0,277,0.0,Fallback Simulated Observation
NSR-GRID-275,LC08_L2SP_176039_20250719_20250726_02_T1,2025-07-19,33359.979618489044,33359.907892632786,33362.91252428445,-1.0,1.0,277,0.0,Fallback Simulated Observation
NSR-GRID-276,LC08_L2SP_176039_20250719_20250726_02_T1,2025-07-19,18954.945127885894,18954.91700359526,18958.356336287943,-1.0,1.0,277,0.0,Fallback Simulated Observation
NSR-GRID-277,LC08_L2SP_176039_20250719_20250726_02_T1,2025-07-19,4016.5778085935026,4016.4841938984564,4017.720070999268,-1.0,1.0,277,0.0,Fallback Simulated Observation
NSR-GRID-278,LC08_L2SP_176039_20250719_20250726_02_T1,2025-07-19,21673.776328020955,21673.842273873397,21676.051022608768,-1.0,1.0,277,0.0,Fallback Simulated Observation
NSR-GRID-279,LC08_L2SP_176039_20250719_20250726_02_T1,2025-07-19,22282.632029493056,22282.735635936097,22286.026447252603,-1.0,1.0,277,0.0,Fallback Simulated Observation
NSR-GRID-280,LC08_L2SP_176039_20250719_20250726_02_T1,2025-07-19,6392.213977901543,6392.1719159672975,6393.016349013738,-1.0,1.0,277,0.0,Fallback Simulated Observation
NSR-GRID-281,LC08_L2SP_176039_20250719_20250726_02_T1,2025-07-19,161.1454474948499,161.23355542747518,161.73702014265498,-1.0,1.0,277,0.0,Fallback Simulated Observation
NSR-GRID-282,LC08_L2SP_176039_20250719_20250726_02_T1,2025-07-19,6304.895367556666,6304.787628660277,6306.834828100888,-1.0,1.0,277,0.0,Fallback Simulated Observation
NSR-GRID-283,LC08_L2SP_176039_20250719_20250726_02_T1,2025-07-19,16643.482563199697,16643.288361975043,16644.379449773955,-1.0,1.0,277,0.0,Fallback Simulated Observation
NSR-GRID-284,LC08_L2SP_176039_20250719_20250726_02_T1,2025-07-19,14313.063858820477,14313.115449443509,14314.117940150703,-1.0,1.0,277,0.0,Fallback Simulated Observation
NSR-GRID-285,LC08_L2SP_176039_20250719_20250726_02_T1,2025-07-19,46926.01526137467,46926.03274310966,46927.667115772034,-1.0,1.0,277,0.0,Fallback Simulated Observation
NSR-GRID-286,LC08_L2SP_176039_20250719_20250726_02_T1,2025-07-19,7476.511854769045,7476.387639433966,7477.093254443649,-1.0,1.0,277,0.0,Fallback Simulated Observation
NSR-GRID-287,LC08_L2SP_176039_20250719_20250726_02_T1,2025-07-19,59696.6814506988,59696.616722017556,59699.19040406571,-1.0,1.0,277,0.0,Fallback Simulated Observation
NSR-GRID-288,LC08_L2SP_176039_20250719_20250726_02_T1,2025-07-19,52758.43389988456,52758.404662349254,52759.83470939212,-1.0,1.0,277,0.0,Fallback Simulated Observation
NSR-GRID-289,LC08_L2SP_176039_20250719_20250726_02_T1,2025-07-19,40922.606242502494,40922.69760056012,40925.36898405598,-1.0,1.0,277,0.0,Fallback Simulated Observation
NSR-GRID-290,LC08_L2SP_176039_20250719_20250726_02_T1,2025-07-19,32414.534435764035,32414.551280841028,32416.841036134032,-1.0,1.0,277,0.0,Fallback Simulated Observation
NSR-GRID-291,LC08_L2SP_176039_20250719_20250726_02_T1,2025-07-19,13342.673130865658,13342.652628518981,13343.363647273503,-1.0,1.0,277,0.0,Fallback Simulated Observation
NSR-GRID-292,LC08_L2SP_176039_20250719_20250726_02_T1,2025-07-19,14625.58484509878,14625.490938773786,14627.475035038598,-1.0,1.0,277,0.0,Fallback Simulated Observation
NSR-GRID-293,LC08_L2SP_176039_20250719_20250726_02_T1,2025-07-19,37038.248931125294,37038.29382110391,37039.80981361056,-1.0,1.0,277,0.0,Fallback Simulated Observation
NSR-GRID-294,LC08_L2SP_176039_20250719_20250726_02_T1,2025-07-19,27074.812492759942,27074.98205401327,27077.723215016093,-1.0,1.0,277,0.0,Fallback Simulated Observation
NSR-GRID-295,LC08_L2SP_176039_20250719_20250726_02_T1,2025-07-19,251.7642584259411,251.8322334451854,253.42204703673488,-1.0,1.0,277,0.0,Fallback Simulated Observation
NSR-GRID-296,LC08_L2SP_176039_20250719_20250726_02_T1,2025-07-19,105.59209574966695,105.46259835225734,108.99422234560154,-0.5208234372819042,1.0,277,0.0,Fallback Simulated Observation
NSR-GRID-297,LC08_L2SP_176039_20250719_20250726_02_T1,2025-07-19,260.70902161248654,260.71014563587266,261.93128485693995,-1.0,1.0,277,0.0,Fallback Simulated Observation
NSR-GRID-298,LC08_L2SP_176039_20250719_20250726_02_T1,2025-07-19,573.2287167379193,573.2876190458835,576.3223892088257,-1.0,1.0,277,0.0,Fallback Simulated Observation
NSR-GRID-299,LC08_L2SP_176039_20250719_20250726_02_T1,2025-07-19,470.11426767822826,470.19779491901915,471.5477224130394,-1.0,1.0,277,0.0,Fallback Simulated Observation
NSR-GRID-300,LC08_L2SP_176039_20250719_20250726_02_T1,2025-07-19,33815.64945201697,33815.62979511355,33816.83531519106,-1.0,1.0,277,0.0,Fallback Simulated Observation
NSR-GRID-301,LC08_L2SP_176039_20250719_20250726_02_T1,2025-07-19,44696.16830815471,44696.45694104283,44698.61864723733,-1.0,1.0,277,0.0,Fallback Simulated Observation
NSR-GRID-302,LC08_L2SP_176039_20250719_20250726_02_T1,2025-07-19,17444.673457917634,17444.741377131824,17447.752235091375,-1.0,1.0,277,0.0,Fallback Simulated Observation
NSR-GRID-303,LC08_L2SP_176039_20250719_20250726_02_T1,2025-07-19,3159.2366116990033,3159.142118829272,3162.0384774068975,-1.0,1.0,277,0.0,Fallback Simulated Observation
NSR-GRID-304,LC08_L2SP_176039_20250719_20250726_02_T1,2025-07-19,27980.730180336766,27980.856483143747,27984.037356981902,-1.0,1.0,277,0.0,Fallback Simulated Observation
NSR-GRID-305,LC08_L2SP_176039_20250719_20250726_02_T1,2025-07-19,44109.267183748656,44109.29639731837,44110.558174587866,-1.0,1.0,277,0.0,Fallback Simulated Observation
NSR-GRID-306,LC08_L2SP_176039_20250719_20250726_02_T1,2025-07-19,47898.93984912742,47898.87992167959,47901.10692271085,-1.0,1.0,277,0.0,Fallback Simulated Observation
NSR-GRID-307,LC08_L2SP_176039_20250719_20250726_02_T1,2025-07-19,25807.62801706573,25807.406083033235,25810.03207390883,-1.0,1.0,277,0.0,Fallback Simulated Observation
NSR-GRID-308,LC08_L2SP_176039_20250719_20250726_02_T1,2025-07-19,10701.190310299628,10701.290045365282,10703.57109394751,-1.0,1.0,277,0.0,Fallback Simulated Observation
NSR-GRID-309,LC08_L2SP_176039_20250719_20250726_02_T1,2025-07-19,2143.7782896283843,2143.9188809671373,2146.925162745238,-1.0,1.0,277,0.0,Fallback Simulated Observation
NSR-GRID-310,LC08_L2SP_176039_20250719_20250726_02_T1,2025-07-19,2091.138886098051,2091.0483165389505,2094.0801017799376,-1.0,1.0,277,0.0,Fallback Simulated Observation
NSR-GRID-311,LC08_L2SP_176039_20250719_20250726_02_T1,2025-07-19,2820.7001616696243,2820.917552784793,2822.7088258399813,-1.0,1.0,277,0.0,Fallback Simulated Observation
NSR-GRID-312,LC08_L2SP_176039_20250719_20250726_02_T1,2025-07-19,5690.883415114576,5690.891813272325,5691.626893347257,-1.0,1.0,277,0.0,Fallback Simulated Observation
NSR-GRID-313,LC08_L2SP_176039_20250719_20250726_02_T1,2025-07-19,4470.188101979837,4470.219648133064,4473.4331823216135,-1.0,1.0,277,0.0,Fallback Simulated Observation
NSR-GRID-314,LC08_L2SP_176039_20250719_20250726_02_T1,2025-07-19,84.88251129448506,84.7289248273985,88.2238688592263,-0.30466706007147315,1.0,277,0.0,Fallback Simulated Observation
NSR-GRID-315,LC08_L2SP_176039_20250719_20250726_02_T1,2025-07-19,48.04769157533714,47.993136958077784,48.93558068885121,0.11566459783489039,-0.13688412993893673,277,0.0,Fallback Simulated Observation
NSR-GRID-316,LC08_L2SP_176039_20250719_20250726_02_T1,2025-07-19,47.254777926191686,47.24156175095615,49.87011471019772,0.07395289497374712,-0.11994063545977088,277,0.0,Fallback Simulated Observation
NSR-GRID-317,LC08_L2SP_176039_20250719_20250726_02_T1,2025-07-19,19965.50994089503,19965.529324748746,19966.343018739666,-1.0,1.0,277,0.0,Fallback Simulated Observation
NSR-GRID-318,LC08_L2SP_176039_20250719_20250726_02_T1,2025-07-19,5819.375030742481,5819.357208841224,5820.357188972779,-1.0,1.0,277,0.0,Fallback Simulated Observation
NSR-GRID-319,LC08_L2SP_176039_20250719_20250726_02_T1,2025-07-19,3153.0513121850117,3152.843690716685,3156.448037124192,-1.0,1.0,277,0.0,Fallback Simulated Observation
NSR-GRID-320,LC08_L2SP_176039_20250719_20250726_02_T1,2025-07-19,40883.37130552825,40883.40492084526,40884.00187179412,-1.0,1.0,277,0.0,Fallback Simulated Observation
NSR-GRID-321,LC08_L2SP_176039_20250719_20250726_02_T1,2025-07-19,42515.08896851269,42515.007098102345,42516.77006315186,-1.0,1.0,277,0.0,Fallback Simulated Observation
NSR-GRID-322,LC08_L2SP_176039_20250719_20250726_02_T1,2025-07-19,15803.104696525505,15803.102291742995,15803.605071941774,-1.0,1.0,277,0.0,Fallback Simulated Observation
NSR-GRID-323,LC08_L2SP_176039_20250719_20250726_02_T1,2025-07-19,13181.790111628345,13181.81373963774,13182.999672055164,-1.0,1.0,277,0.0,Fallback Simulated Observation
NSR-GRID-324,LC08_L2SP_176039_20250719_20250726_02_T1,2025-07-19,14856.32951663661,14856.305864585069,14859.07422011091,-1.0,1.0,277,0.0,Fallback Simulated Observation
NSR-GRID-325,LC08_L2SP_176039_20250719_20250726_02_T1,2025-07-19,6257.282244146131,6257.163449093274,6260.118035984653,-1.0,1.0,277,0.0,Fallback Simulated Observation
NSR-GRID-326,LC08_L2SP_176039_20250719_20250726_02_T1,2025-07-19,1241.8444658260796,1241.8276822828416,1243.2935136893686,-1.0,1.0,277,0.0,Fallback Simulated Observation
NSR-GRID-327,LC08_L2SP_176039_20250719_20250726_02_T1,2025-07-19,4903.090575121207,4903.049305097036,4905.130781677183,-1.0,1.0,277,0.0,Fallback Simulated Observation
NSR-GRID-328,LC08_L2SP_176039_20250719_20250726_02_T1,2025-07-19,5842.0607614584405,5842.081994072508,5845.5197355843775,-1.0,1.0,277,0.0,Fallback Simulated Observation
NSR-GRID-329,LC08_L2SP_176039_20250719_20250726_02_T1,2025-07-19,51.3788041473297,51.48266365889786,53.978702183643556,0.05071059712441885,-0.012639865964123986,277,0.0,Fallback Simulated Observation
NSR-GRID-330,LC08_L2SP_176039_20250719_20250726_02_T1,2025-07-19,48.027541000173585,48.08867011489741,51.40922910505061,0.0845738498070159,-0.06767981725665728,277,0.0,Fallback Simulated Observation
NSR-GRID-331,LC08_L2SP_176039_20250719_20250726_02_T1,2025-07-19,46.82168641338922,46.93131780461429,49.701766450099264,0.056898487580797213,-0.12112616404116724,277,0.0,Fallback Simulated Observation
NSR-GRID-332,LC08_L2SP_176039_20250719_20250726_02_T1,2025-07-19,15351.393564989823,15351.47214963114,15353.990142681412,-1.0,1.0,277,0.0,Fallback Simulated Observation
NSR-GRID-333,LC08_L2SP_176039_20250719_20250726_02_T1,2025-07-19,586.0801122502686,586.1156862110308,589.5118664359865,-1.0,1.0,277,0.0,Fallback Simulated Observation
NSR-GRID-334,LC08_L2SP_176039_20250719_20250726_02_T1,2025-07-19,15315.646187896351,15315.605354228286,15318.319396897305,-1.0,1.0,277,0.0,Fallback Simulated Observation
NSR-GRID-335,LC08_L2SP_176039_20250719_20250726_02_T1,2025-07-19,13762.723496862154,13762.862469650403,13763.787536659476,-1.0,1.0,277,0.0,Fallback Simulated Observation
NSR-GRID-336,LC08_L2SP_176039_20250719_20250726_02_T1,2025-07-19,37572.23368140385,37572.31143227057,37573.74247304284,-1.0,1.0,277,0.0,Fallback Simulated Observation
NSR-GRID-337,LC08_L2SP_176039_20250719_20250726_02_T1,2025-07-19,14314.057702075099,14314.084582017686,14316.183596437377,-1.0,1.0,277,0.0,Fallback Simulated Observation
NSR-GRID-338,LC08_L2SP_176039_20250719_20250726_02_T1,2025-07-19,6866.0660217153145,6865.998433878879,6868.584086134091,-1.0,1.0,277,0.0,Fallback Simulated Observation
NSR-GRID-339,LC08_L2SP_176039_20250719_20250726_02_T1,2025-07-19,10741.90363999008,10742.078959445931,10745.228261490243,-1.0,1.0,277,0.0,Fallback Simulated Observation
NSR-GRID-340,LC08_L2SP_176039_20250719_20250726_02_T1,2025-07-19,6750.8195423312645,6750.65864967632,6751.749974064158,-1.0,1.0,277,0.0,Fallback Simulated Observation
NSR-GRID-341,LC08_L2SP_176039_20250719_20250726_02_T1,2025-07-19,25113.673320102323,25113.63781785132,25115.30712242136,-1.0,1.0,277,0.0,Fallback Simulated Observation
NSR-GRID-342,LC08_L2SP_176039_20250719_20250726_02_T1,2025-07-19,12348.342718464619,12348.34851593428,12351.609186743151,-1.0,1.0,277,0.0,Fallback Simulated Observation
NSR-GRID-343,LC08_L2SP_176039_20250719_20250726_02_T1,2025-07-19,5496.223994748064,5496.42990956734,5497.444957613941,-1.0,1.0,277,0.0,Fallback Simulated Observation
NSR-GRID-344,LC08_L2SP_176039_20250719_20250726_02_T1,2025-07-19,5216.401018414444,5216.246018496594,5216.957196872423,-1.0,1.0,277,0.0,Fallback Simulated Observation
NSR-GRID-345,LC08_L2SP_176039_20250719_20250726_02_T1,2025-07-19,1031.216806988333,1031.197560587986,1033.2966022788335,-1.0,1.0,277,0.0,Fallback Simulated Observation
NSR-GRID-346,LC08_L2SP_176039_20250719_20250726_02_T1,2025-07-19,63.10786667634015,63.10759584365532,65.28402094066394,-0.06424528519618908,0.42695627275505615,277,0.0,Fallback Simulated Observation
NSR-GRID-347,LC08_L2SP_176039_20250719_20250726_02_T1,2025-07-19,5491.485671758218,5491.437613088627,5493.555913239572,-1.0,1.0,277,0.0,Fallback Simulated Observation
NSR-GRID-348,LC08_L2SP_176039_20250719_20250726_02_T1,2025-07-19,9331.19760727707,9331.187654444306,9332.177965918778,-1.0,1.0,277,0.0,Fallback Simulated Observation
NSR-GRID-349,LC08_L2SP_176039_20250719_20250726_02_T1,2025-07-19,15355.674475557798,15355.810510173304,15356.442820303073,-1.0,1.0,277,0.0,Fallback Simulated Observation
NSR-GRID-350,LC08_L2SP_176039_20250719_20250726_02_T1,2025-07-19,15854.518582017578,15854.53415374953,15855.91035765829,-1.0,1.0,277,0.0,Fallback Simulated Observation
NSR-GRID-351,LC08_L2SP_176039_20250719_20250726_02_T1,2025-07-19,6009.746398054708,6009.7631828383155,6011.251192713587,-1.0,1.0,277,0.0,Fallback Simulated Observation
NSR-GRID-352,LC08_L2SP_176039_20250719_20250726_02_T1,2025-07-19,17149.12108661608,17149.155906498927,17151.7488952486,-1.0,1.0,277,0.0,Fallback Simulated Observation
NSR-GRID-353,LC08_L2SP_176039_20250719_20250726_02_T1,2025-07-19,25376.249209638318,25376.41013105278,25377.97582132118,-1.0,1.0,277,0.0,Fallback Simulated Observation
NSR-GRID-354,LC08_L2SP_176039_20250719_20250726_02_T1,2025-07-19,16860.393287600753,16860.3230334378,16863.370923633127,-1.0,1.0,277,0.0,Fallback Simulated Observation
NSR-GRID-355,LC08_L2SP_176039_20250719_20250726_02_T1,2025-07-19,2000.1062537908117,2000.2543854423175,2002.1443976631665,-1.0,1.0,277,0.0,Fallback Simulated Observation
NSR-GRID-356,LC08_L2SP_176039_20250719_20250726_02_T1,2025-07-19,4590.551169812472,4590.523185904887,4591.9593567943875,-1.0,1.0,277,0.0,Fallback Simulated Observation
NSR-GRID-357,LC08_L2SP_176039_20250719_20250726_02_T1,2025-07-19,5755.648669466574,5755.640819526024,5758.131266741779,-1.0,1.0,277,0.0,Fallback Simulated Observation
NSR-GRID-358,LC08_L2SP_176039_20250719_20250726_02_T1,2025-07-19,25698.502829209465,25698.366475623094,25699.018868196476,-1.0,1.0,277,0.0,Fallback Simulated Observation
NSR-GRID-359,LC08_L2SP_176039_20250719_20250726_02_T1,2025-07-19,38943.832893967265,38943.75874614929,38946.76484035993,-1.0,1.0,277,0.0,Fallback Simulated Observation
NSR-GRID-360,LC08_L2SP_176039_20250719_20250726_02_T1,2025-07-19,3655.556730485847,3655.699321519079,3657.7989768147677,-1.0,1.0,277,0.0,Fallback Simulated Observation
NSR-GRID-361,LC08_L2SP_176039_20250719_20250726_02_T1,2025-07-19,2661.868722225338,2662.110551407391,2665.010096925441,-1.0,1.0,277,0.0,Fallback Simulated Observation
NSR-GRID-362,LC08_L2SP_176039_20250719_20250726_02_T1,2025-07-19,5255.830925968212,5255.809775767527,5257.566257839899,-1.0,1.0,277,0.0,Fallback Simulated Observation
NSR-GRID-363,LC08_L2SP_176039_20250719_20250726_02_T1,2025-07-19,20618.12457761671,20618.027189198096,20621.08296836924,-1.0,1.0,277,0.0,Fallback Simulated Observation
NSR-GRID-364,LC08_L2SP_176039_20250719_20250726_02_T1,2025-07-19,35982.907217302534,35982.88478575501,35983.553491598905,-1.0,1.0,277,0.0,Fallback Simulated Observation
NSR-GRID-365,LC08_L2SP_176039_20250719_20250726_02_T1,2025-07-19,15821.44894795727,15821.288376239458,15824.61413120991,-1.0,1.0,277,0.0,Fallback Simulated Observation
NSR-GRID-366,LC08_L2SP_176039_20250719_20250726_02_T1,2025-07-19,759.9863622116005,760.1140996154519,761.7876824165819,-1.0,1.0,277,0.0,Fallback Simulated Observation
NSR-GRID-367,LC08_L2SP_176039_20250719_20250726_02_T1,2025-07-19,9531.425899498647,9531.437680305386,9533.005272360924,-1.0,1.0,277,0.0,Fallback Simulated Observation
NSR-GRID-368,LC08_L2SP_176039_20250719_20250726_02_T1,2025-07-19,4114.433524393206,4114.20910623899,4117.08825720305,-1.0,1.0,277,0.0,Fallback Simulated Observation
NSR-GRID-369,LC08_L2SP_176039_20250719_20250726_02_T1,2025-07-19,227.41540056527137,227.41782474252292,228.82829066994634,-1.0,1.0,277,0.0,Fallback Simulated Observation
NSR-GRID-370,LC08_L2SP_176039_20250719_20250726_02_T1,2025-07-19,473.64525244132534,473.69403912469494,476.2963343299796,-1.0,1.0,277,0.0,Fallback Simulated Observation
NSR-GRID-371,LC08_L2SP_176039_20250719_20250726_02_T1,2025-07-19,605.5834106089434,605.5330325640489,607.6647648806486,-1.0,1.0,277,0.0,Fallback Simulated Observation
NSR-GRID-372,LC08_L2SP_176039_20250719_20250726_02_T1,2025-07-19,7858.601689049065,7858.6371730646215,7860.2450119599,-1.0,1.0,277,0.0,Fallback Simulated Observation
NSR-GRID-373,LC08_L2SP_176039_20250719_20250726_02_T1,2025-07-19,10386.463039291315,10386.648767710129,10389.593171339295,-1.0,1.0,277,0.0,Fallback Simulated Observation
NSR-GRID-374,LC08_L2SP_176039_20250719_20250726_02_T1,2025-07-19,1609.3194740107938,1609.1701487176906,1611.9126505678446,-1.0,1.0,277,0.0,Fallback Simulated Observation
NSR-GRID-375,LC08_L2SP_176039_20250719_20250726_02_T1,2025-07-19,50.21037853548451,50.26795345731618,53.51008860920404,0.06976766763037351,-0.02859619846730379,277,0.0,Fallback Simulated Observation
NSR-GRID-376,LC08_L2SP_176039_20250719_20250726_02_T1,2025-07-19,15098.280202880216,15098.355705659567,15101.532951232306,-1.0,1.0,277,0.0,Fallback Simulated Observation
NSR-GRID-377,LC08_L2SP_176039_20250719_20250726_02_T1,2025-07-19,15148.54385191664,15148.62309327017,15150.647667080308,-1.0,1.0,277,0.0,Fallback Simulated Observation
NSR-GRID-378,LC08_L2SP_176039_20250719_20250726_02_T1,2025-07-19,53.48667376824257,53.38412678380274,56.721441931260756,0.021598872543260664,0.0811787891866979,277,0.0,Fallback Simulated Observation
NSR-GRID-379,LC08_L2SP_176039_20250719_20250726_02_T1,2025-07-19,9448.117718869134,9448.212717410874,9450.327409986645,-1.0,1.0,277,0.0,Fallback Simulated Observation
NSR-GRID-380,LC08_L2SP_176039_20250719_20250726_02_T1,2025-07-19,90.96452991423558,90.93340339280515,92.36987882945513,-0.3704492524381485,1.0,277,0.0,Fallback Simulated Observation
NSR-GRID-381,LC08_L2SP_176039_20250719_20250726_02_T1,2025-07-19,47.53136028278795,47.521240931061186,48.8803357957837,0.10580320047531987,-0.08016906411204999,277,0.0,Fallback Simulated Observation
NSR-GRID-382,LC08_L2SP_176039_20250719_20250726_02_T1,2025-07-19,47.40255935790328,47.36328336569486,49.61123235193704,0.06363174134588073,-0.1703608476033939,277,0.0,Fallback Simulated Observation
NSR-GRID-383,LC08_L2SP_176039_20250719_20250726_02_T1,2025-07-19,4446.118895921396,4446.075162260658,4447.00172346969,-1.0,1.0,277,0.0,Fallback Simulated Observation
NSR-GRID-384,LC08_L2SP_176039_20250719_20250726_02_T1,2025-07-19,594.3789304972522,594.3989081194358,595.0212729218324,-1.0,1.0,277,0.0,Fallback Simulated Observation
NSR-GRID-385,LC08_L2SP_176039_20250719_20250726_02_T1,2025-07-19,47.99073738612587,48.08786694600509,49.615322185081176,0.05872161320538029,-0.0704189699826703,277,0.0,Fallback Simulated Observation
NSR-GRID-386,LC08_L2SP_176039_20250719_20250726_02_T1,2025-07-19,50.466761840444114,50.41380143556388,52.12879603535144,0.045502587959893946,-0.012790709292588385,277,0.0,Fallback Simulated Observation
NSR-GRID-387,LC08_L2SP_176039_20250719_20250726_02_T1,2025-07-19,47.38897031459772,47.55983946840711,48.10465633614124,0.11510167211523073,-0.13508474156806846,277,0.0,Fallback Simulated Observation
NSR-GRID-388,LC08_L2SP_176039_20250719_20250726_02_T1,2025-07-19,344.114094940581,344.06399581360796,347.41843731450626,-1.0,1.0,277,0.0,Fallback Simulated Observation
NSR-GRID-389,LC08_L2SP_176039_20250719_20250726_02_T1,2025-07-19,5979.214335526872,5979.360583148511,5980.110682460009,-1.0,1.0,277,0.0,Fallback Simulated Observation
NSR-GRID-390,LC08_L2SP_176039_20250719_20250726_02_T1,2025-07-19,75.25459891883973,75.19532454589854,77.80288615476765,-0.1953376964088383,0.9784573630651099,277,0.0,Fallback Simulated Observation
NSR-GRID-391,LC08_L2SP_176039_20250719_20250726_02_T1,2025-07-19,196.98704171463547,197.01040425200088,197.66221885590835,-1.0,1.0,277,0.0,Fallback Simulated Observation
NSR-GRID-392,LC08_L2SP_176039_20250719_20250726_02_T1,2025-07-19,373.8976382306086,373.71382747410274,375.01700294573675,-1.0,1.0,277,0.0,Fallback Simulated Observation
NSR-GRID-393,LC08_L2SP_176039_20250719_20250726_02_T1,2025-07-19,47.064656921091014,47.133077361804084,47.694716563449596,0.05922053032570472,-0.0892378028774614,277,0.0,Fallback Simulated Observation
NSR-GRID-394,LC08_L2SP_176039_20250719_20250726_02_T1,2025-07-19,45.488255751949666,45.37426262475608,48.159702323673294,0.08894702809913593,-0.08363061906606595,277,0.0,Fallback Simulated Observation
NSR-GRID-395,LC08_L2SP_176039_20250719_20250726_02_T1,2025-07-19,46.37318373707732,46.26251553459481,47.246108786793705,0.08374040215387875,-0.10240125352149534,277,0.0,Fallback Simulated Observation
NSR-GRID-396,LC08_L2SP_176039_20250719_20250726_02_T1,2025-07-19,46.85919952954624,46.854217696455635,49.81640600396546,0.09077253166326459,-0.14412936793346656,277,0.0,Fallback Simulated Observation
NSR-GRID-397,LC08_L2SP_176039_20250719_20250726_02_T1,2025-07-19,45.70774346204599,45.70144320695033,48.30396318403584,0.07044800097252697,-0.1185542346822051,277,0.0,Fallback Simulated Observation
NSR-GRID-398,LC08_L2SP_176039_20250719_20250726_02_T1,2025-07-19,47.69407010647079,47.835180607382,48.626325589625175,0.09983453073828583,-0.17174859780677848,277,0.0,Fallback Simulated Observation
NSR-GRID-399,LC08_L2SP_176039_20250719_20250726_02_T1,2025-07-19,1722.2813590875337,1722.179344149438,1724.6417011240396,-1.0,1.0,277,0.0,Fallback Simulated Observation
NSR-GRID-400,LC08_L2SP_176039_20250719_20250726_02_T1,2025-07-19,99.78348652248364,99.70128627047215,102.74632799484854,-0.4700585984812281,1.0,277,0.0,Fallback Simulated Observation
NSR-GRID-401,LC08_L2SP_176039_20250719_20250726_02_T1,2025-07-19,47.157274930839755,47.276715563181845,49.296943366368616,0.05885390824937373,-0.12474282110577573,277,0.0,Fallback Simulated Observation
NSR-GRID-402,LC08_L2SP_176039_20250719_20250726_02_T1,2025-07-19,47.59715456783929,47.683296403826915,50.73787470522566,0.07108241327546344,-0.13103814380820897,277,0.0,Fallback Simulated Observation
NSR-GRID-403,LC08_L2SP_176039_20250719_20250726_02_T1,2025-07-19,47.51858961610084,47.537066972929466,49.60250414552594,0.07832178202431994,-0.1209063818035285,277,0.0,Fallback Simulated Observation
NSR-GRID-404,LC08_L2SP_176039_20250719_20250726_02_T1,2025-07-19,46.12546622233751,46.25524360371662,48.55104855862657,0.047735419833170624,-0.15146370253347757,277,0.0,Fallback Simulated Observation
NSR-GRID-405,LC08_L2SP_176039_20250719_20250726_02_T1,2025-07-19,47.91146393937431,47.83922133960218,50.498106692620894,0.05193001966003024,-0.1527810558974126,277,0.0,Fallback Simulated Observation
NSR-GRID-406,LC08_L2SP_176039_20250719_20250726_02_T1,2025-07-19,3176.782802425603,3177.0172443643796,3178.587212039058,-1.0,1.0,277,0.0,Fallback Simulated Observation
NSR-GRID-407,LC08_L2SP_176039_20250719_20250726_02_T1,2025-07-19,2597.6754048620633,2597.6380804963046,2600.637468886707,-1.0,1.0,277,0.0,Fallback Simulated Observation
NSR-GRID-408,LC08_L2SP_176039_20250719_20250726_02_T1,2025-07-19,47.3985182087321,47.585763074812974,50.332676879496084,0.08360058573275433,-0.09747983308699862,277,0.0,Fallback Simulated Observation
NSR-GRID-409,LC08_L2SP_176039_20250719_20250726_02_T1,2025-07-19,48.286834359077886,48.323722909232906,50.2771208075122,0.09737308116873257,-0.11388923164570622,277,0.0,Fallback Simulated Observation
NSR-GRID-410,LC08_L2SP_176039_20250719_20250726_02_T1,2025-07-19,137.25008745836777,137.30464852470587,140.30155802411545,-0.8317415965444366,1.0,277,0.0,Fallback Simulated Observation
NSR-GRID-411,LC08_L2SP_176039_20250719_20250726_02_T1,2025-07-19,47.56571649715774,47.59135682447317,50.3518470208127,0.06903674242119702,-0.14001928816412876,277,0.0,Fallback Simulated Observation
NSR-GRID-412,LC08_L2SP_176039_20250719_20250726_02_T1,2025-07-19,7320.831083060229,7320.739889065548,7322.296038275137,-1.0,1.0,277,0.0,Fallback Simulated Observation
NSR-GRID-413,LC08_L2SP_176039_20250719_20250726_02_T1,2025-07-19,7519.151489020703,7519.112292378735,7521.957261897012,-1.0,1.0,277,0.0,Fallback Simulated Observation
NSR-GRID-414,LC08_L2SP_176039_20250719_20250726_02_T1,2025-07-19,4075.1510808114976,4075.0935222661133,4076.5147531337834,-1.0,1.0,277,0.0,Fallback Simulated Observation
NSR-GRID-415,LC08_L2SP_176039_20250719_20250726_02_T1,2025-07-19,48.502849946033884,48.558565220487964,50.851168566142526,0.0835532199293798,-0.12517809742850466,277,0.0,Fallback Simulated Observation
NSR-GRID-416,LC08_L2SP_176039_20250719_20250726_02_T1,2025-07-19,75.2213184357079,75.27008020323127,78.04363979683602,-0.19012229706757167,0.9753041000573177,277,0.0,Fallback Simulated Observation
NSR-GRID-001,LC09_L2SP_176039_20250711_20250712_02_T1,2025-07-11,47349.170818024024,47349.13773567175,47351.0494148431,-1.0,1.0,277,0.0,Fallback Simulated Observation
NSR-GRID-002,LC09_L2SP_176039_20250711_20250712_02_T1,2025-07-11,45663.915774122834,45663.882664891724,45667.1594951628,-1.0,1.0,277,0.0,Fallback Simulated Observation
NSR-GRID-003,LC09_L2SP_176039_20250711_20250712_02_T1,2025-07-11,48673.87524582831,48673.792299054854,48674.43961206517,-1.0,1.0,277,0.0,Fallback Simulated Observation
NSR-GRID-004,LC09_L2SP_176039_20250711_20250712_02_T1,2025-07-11,37285.7080757787,37285.84481873612,37287.64016785185,-1.0,1.0,277,0.0,Fallback Simulated Observation
NSR-GRID-005,LC09_L2SP_176039_20250711_20250712_02_T1,2025-07-11,49733.41370772207,49733.51210041299,49735.63617435837,-1.0,1.0,277,0.0,Fallback Simulated Observation
NSR-GRID-006,LC09_L2SP_176039_20250711_20250712_02_T1,2025-07-11,54376.39191132302,54376.59677570494,54376.970009272496,-1.0,1.0,277,0.0,Fallback Simulated Observation
NSR-GRID-007,LC09_L2SP_176039_20250711_20250712_02_T1,2025-07-11,46229.859645866614,46229.85707248713,46230.68577406601,-1.0,1.0,277,0.0,Fallback Simulated Observation
NSR-GRID-008,LC09_L2SP_176039_20250711_20250712_02_T1,2025-07-11,47463.47903720393,47463.48441571651,47465.64666127941,-1.0,1.0,277,0.0,Fallback Simulated Observation
NSR-GRID-009,LC09_L2SP_176039_20250711_20250712_02_T1,2025-07-11,51570.264486890956,51570.159565414055,51570.972351500226,-1.0,1.0,277,0.0,Fallback Simulated Observation
NSR-GRID-010,LC09_L2SP_176039_20250711_20250712_02_T1,2025-07-11,43092.64456102599,43092.64406589865,43095.39810451049,-1.0,1.0,277,0.0,Fallback Simulated Observation
NSR-GRID-011,LC09_L2SP_176039_20250711_20250712_02_T1,2025-07-11,42440.08117967489,42440.05016517539,42441.66859360768,-1.0,1.0,277,0.0,Fallback Simulated Observation
NSR-GRID-012,LC09_L2SP_176039_20250711_20250712_02_T1,2025-07-11,41237.72303372684,41237.824097399585,41240.46302924514,-1.0,1.0,277,0.0,Fallback Simulated Observation
NSR-GRID-013,LC09_L2SP_176039_20250711_20250712_02_T1,2025-07-11,41068.46597335315,41068.399977951834,41070.6232046933,-1.0,1.0,277,0.0,Fallback Simulated Observation
NSR-GRID-014,LC09_L2SP_176039_20250711_20250712_02_T1,2025-07-11,20613.10121416386,20613.14461538549,20615.81056952012,-1.0,1.0,277,0.0,Fallback Simulated Observation
NSR-GRID-015,LC09_L2SP_176039_20250711_20250712_02_T1,2025-07-11,12751.644010418928,12751.683237671592,12752.745376802844,-1.0,1.0,277,0.0,Fallback Simulated Observation
NSR-GRID-016,LC09_L2SP_176039_20250711_20250712_02_T1,2025-07-11,21951.205906253606,21951.20021167214,21952.354121451626,-1.0,1.0,277,0.0,Fallback Simulated Observation
NSR-GRID-017,LC09_L2SP_176039_20250711_20250712_02_T1,2025-07-11,28843.29111083402,28843.32647879357,28845.203483168145,-1.0,1.0,277,0.0,Fallback Simulated Observation
NSR-GRID-018,LC09_L2SP_176039_20250711_20250712_02_T1,2025-07-11,16802.546398923943,16802.62566921891,16805.478775140433,-1.0,1.0,277,0.0,Fallback Simulated Observation
NSR-GRID-019,LC09_L2SP_176039_20250711_20250712_02_T1,2025-07-11,39530.59608365858,39530.4775240578,39533.21289150727,-1.0,1.0,277,0.0,Fallback Simulated Observation
NSR-GRID-020,LC09_L2SP_176039_20250711_20250712_02_T1,2025-07-11,3866.0153899650973,3866.059198293257,3867.330390385146,-1.0,1.0,277,0.0,Fallback Simulated Observation
NSR-GRID-021,LC09_L2SP_176039_20250711_20250712_02_T1,2025-07-11,20338.55074855112,20338.34065043007,20340.602419396466,-1.0,1.0,277,0.0,Fallback Simulated Observation
NSR-GRID-022,LC09_L2SP_176039_20250711_20250712_02_T1,2025-07-11,20101.66302087389,20101.493171615723,20102.977587550504,-1.0,1.0,277,0.0,Fallback Simulated Observation
NSR-GRID-023,LC09_L2SP_176039_20250711_20250712_02_T1,2025-07-11,41.09107420732934,41.28131719537646,41.639426120792635,0.07942141919270478,-0.1341861198601004,277,0.0,Fallback Simulated Observation
NSR-GRID-024,LC09_L2SP_176039_20250711_20250712_02_T1,2025-07-11,44920.287214589654,44920.16179083619,44922.01178993497,-1.0,1.0,277,0.0,Fallback Simulated Observation
NSR-GRID-025,LC09_L2SP_176039_20250711_20250712_02_T1,2025-07-11,42916.425161778636,42916.43990402278,42919.18428476759,-1.0,1.0,277,0.0,Fallback Simulated Observation
NSR-GRID-026,LC09_L2SP_176039_20250711_20250712_02_T1,2025-07-11,30579.307114531453,30579.35523117228,30580.949143987178,-1.0,1.0,277,0.0,Fallback Simulated Observation
NSR-GRID-027,LC09_L2SP_176039_20250711_20250712_02_T1,2025-07-11,46469.26145880553,46469.13211375326,46471.46009494026,-1.0,1.0,277,0.0,Fallback Simulated Observation
NSR-GRID-028,LC09_L2SP_176039_20250711_20250712_02_T1,2025-07-11,47905.140179075155,47905.235630936346,47907.36628368169,-1.0,1.0,277,0.0,Fallback Simulated Observation
NSR-GRID-029,LC09_L2SP_176039_20250711_20250712_02_T1,2025-07-11,41727.1553189792,41727.20250015315,41730.0860373679,-1.0,1.0,277,0.0,Fallback Simulated Observation
NSR-GRID-030,LC09_L2SP_176039_20250711_20250712_02_T1,2025-07-11,41634.739247932535,41634.61281116692,41637.336844640806,-1.0,1.0,277,0.0,Fallback Simulated Observation
NSR-GRID-031,LC09_L2SP_176039_20250711_20250712_02_T1,2025-07-11,28023.703978849055,28023.691455377582,28025.16382543611,-1.0,1.0,277,0.0,Fallback Simulated Observation
NSR-GRID-032,LC09_L2SP_176039_20250711_20250712_02_T1,2025-07-11,40979.88883317463,40979.99415895409,40983.16100512071,-1.0,1.0,277,0.0,Fallback Simulated Observation
NSR-GRID-033,LC09_L2SP_176039_20250711_20250712_02_T1,2025-07-11,8668.083265657715,8668.053668507326,8671.33287749952,-1.0,1.0,277,0.0,Fallback Simulated Observation
NSR-GRID-034,LC09_L2SP_176039_20250711_20250712_02_T1,2025-07-11,20272.771982372244,20272.84863795184,20274.713521330817,-1.0,1.0,277,0.0,Fallback Simulated Observation
NSR-GRID-035,LC09_L2SP_176039_20250711_20250712_02_T1,2025-07-11,12365.308300343768,12365.283910048907,12368.805101555081,-1.0,1.0,277,0.0,Fallback Simulated Observation
NSR-GRID-036,LC09_L2SP_176039_20250711_20250712_02_T1,2025-07-11,9337.771411816215,9337.639634032423,9340.091493706603,-1.0,1.0,277,0.0,Fallback Simulated Observation
NSR-GRID-037,LC09_L2SP_176039_20250711_20250712_02_T1,2025-07-11,19724.421558652622,19724.353461969033,19726.94721759524,-1.0,1.0,277,0.0,Fallback Simulated Observation
NSR-GRID-038,LC09_L2SP_176039_20250711_20250712_02_T1,2025-07-11,25584.451268449116,25584.531151592542,25586.37548129408,-1.0,1.0,277,0.0,Fallback Simulated Observation
NSR-GRID-039,LC09_L2SP_176039_20250711_20250712_02_T1,2025-07-11,35221.098490436874,35221.22020715036,35223.407552981735,-1.0,1.0,277,0.0,Fallback Simulated Observation
NSR-GRID-040,LC09_L2SP_176039_20250711_20250712_02_T1,2025-07-11,25606.028623387723,25605.92465921385,25607.207410345527,-1.0,1.0,277,0.0,Fallback Simulated Observation
NSR-GRID-041,LC09_L2SP_176039_20250711_20250712_02_T1,2025-07-11,45222.518698402644,45222.57938977367,45223.7964805874,-1.0,1.0,277,0.0,Fallback Simulated Observation
NSR-GRID-042,LC09_L2SP_176039_20250711_20250712_02_T1,2025-07-11,15713.230411986753,15713.23484413862,15714.70874652528,-1.0,1.0,277,0.0,Fallback Simulated Observation
NSR-GRID-043,LC09_L2SP_176039_20250711_20250712_02_T1,2025-07-11,28663.1383671477,28663.008295967644,28664.269572220313,-1.0,1.0,277,0.0,Fallback Simulated Observation
NSR-GRID-044,LC09_L2SP_176039_20250711_20250712_02_T1,2025-07-11,46219.02675363923,46219.046375350365,46220.15246072422,-1.0,1.0,277,0.0,Fallback Simulated Observation
NSR-GRID-045,LC09_L2SP_176039_20250711_20250712_02_T1,2025-07-11,10152.664636736603,10152.591770822499,10154.892077032147,-1.0,1.0,277,0.0,Fallback Simulated Observation
NSR-GRID-046,LC09_L2SP_176039_20250711_20250712_02_T1,2025-07-11,30424.480238741562,30424.55102935333,30427.183789064384,-1.0,1.0,277,0.0,Fallback Simulated Observation
NSR-GRID-047,LC09_L2SP_176039_20250711_20250712_02_T1,2025-07-11,896.1371520001379,896.0007079442528,897.3340150641629,-1.0,1.0,277,0.0,Fallback Simulated Observation
NSR-GRID-048,LC09_L2SP_176039_20250711_20250712_02_T1,2025-07-11,31517.316794588543,31517.37947889466,31519.008235296104,-1.0,1.0,277,0.0,Fallback Simulated Observation
NSR-GRID-049,LC09_L2SP_176039_20250711_20250712_02_T1,2025-07-11,3857.9203865214176,3858.0451361937744,3859.6988614968536,-1.0,1.0,277,0.0,Fallback Simulated Observation
NSR-GRID-050,LC09_L2SP_176039_20250711_20250712_02_T1,2025-07-11,33395.43754755143,33395.28121681101,33397.228129415234,-1.0,1.0,277,0.0,Fallback Simulated Observation
NSR-GRID-051,LC09_L2SP_176039_20250711_20250712_02_T1,2025-07-11,2134.8323096747727,2134.7045491923673,2136.764404325014,-1.0,1.0,277,0.0,Fallback Simulated Observation
NSR-GRID-052,LC09_L2SP_176039_20250711_20250712_02_T1,2025-07-11,43409.97282963504,43409.947389678084,43410.62335215123,-1.0,1.0,277,0.0,Fallback Simulated Observation
NSR-GRID-053,LC09_L2SP_176039_20250711_20250712_02_T1,2025-07-11,475.58220644954326,475.552190889521,478.4342636108569,-1.0,1.0,277,0.0,Fallback Simulated Observation
NSR-GRID-054,LC09_L2SP_176039_20250711_20250712_02_T1,2025-07-11,46540.68888234014,46540.648111796516,46543.37414623424,-1.0,1.0,277,0.0,Fallback Simulated Observation
NSR-GRID-055,LC09_L2SP_176039_20250711_20250712_02_T1,2025-07-11,38647.487582046124,38647.43449840555,38648.698826260916,-1.0,1.0,277,0.0,Fallback Simulated Observation
NSR-GRID-056,LC09_L2SP_176039_20250711_20250712_02_T1,2025-07-11,33305.18681120529,33305.27343764145,33306.51610604039,-1.0,1.0,277,0.0,Fallback Simulated Observation
NSR-GRID-057,LC09_L2SP_176039_20250711_20250712_02_T1,2025-07-11,39928.41658701615,39928.42900287654,39931.440496464886,-1.0,1.0,277,0.0,Fallback Simulated Observation
NSR-GRID-058,LC09_L2SP_176039_20250711_20250712_02_T1,2025-07-11,42279.90973749417,42279.95602175208,42281.110778347414,-1.0,1.0,277,0.0,Fallback Simulated Observation
NSR-GRID-059,LC09_L2SP_176039_20250711_20250712_02_T1,2025-07-11,38611.33113124668,38611.19891945254,38614.17300488218,-1.0,1.0,277,0.0,Fallback Simulated Observation
NSR-GRID-060,LC09_L2SP_176039_20250711_20250712_02_T1,2025-07-11,46972.57839554102,46972.597667275375,46974.511386467784,-1.0,1.0,277,0.0,Fallback Simulated Observation
NSR-GRID-061,LC09_L2SP_176039_20250711_20250712_02_T1,2025-07-11,12316.515910653461,12316.642991876426,12318.74832934782,-1.0,1.0,277,0.0,Fallback Simulated Observation
NSR-GRID-062,LC09_L2SP_176039_20250711_20250712_02_T1,2025-07-11,24080.327132429855,24080.328113432683,24083.195784234595,-1.0,1.0,277,0.0,Fallback Simulated Observation
NSR-GRID-063,LC09_L2SP_176039_20250711_20250712_02_T1,2025-07-11,19936.83072863763,19936.798402942324,19937.687005048505,-1.0,1.0,277,0.0,Fallback Simulated Observation
NSR-GRID-064,LC09_L2SP_176039_20250711_20250712_02_T1,2025-07-11,24631.81071198412,24631.81669718718,24633.86864390831,-1.0,1.0,277,0.0,Fallback Simulated Observation
NSR-GRID-065,LC09_L2SP_176039_20250711_20250712_02_T1,2025-07-11,44918.661616123354,44918.67595600766,44920.357864051104,-1.0,1.0,277,0.0,Fallback Simulated Observation
NSR-GRID-066,LC09_L2SP_176039_20250711_20250712_02_T1,2025-07-11,9651.820046768247,9651.993695368632,9654.21214618828,-1.0,1.0,277,0.0,Fallback Simulated Observation
NSR-GRID-067,LC09_L2SP_176039_20250711_20250712_02_T1,2025-07-11,13831.780803524787,13831.636057299085,13833.664000592416,-1.0,1.0,277,0.0,Fallback Simulated Observation
NSR-GRID-068,LC09_L2SP_176039_20250711_20250712_02_T1,2025-07-11,45243.20225186926,45243.16225370326,45244.80694243674,-1.0,1.0,277,0.0,Fallback Simulated Observation
NSR-GRID-069,LC09_L2SP_176039_20250711_20250712_02_T1,2025-07-11,28058.549724710705,28058.43355997214,28060.656282970438,-1.0,1.0,277,0.0,Fallback Simulated Observation
NSR-GRID-070,LC09_L2SP_176039_20250711_20250712_02_T1,2025-07-11,23950.06469864072,23950.090719540116,23950.942102516718,-1.0,1.0,277,0.0,Fallback Simulated Observation
NSR-GRID-071,LC09_L2SP_176039_20250711_20250712_02_T1,2025-07-11,15922.777446295822,15922.791402611105,15924.642481653493,-1.0,1.0,277,0.0,Fallback Simulated Observation
NSR-GRID-072,LC09_L2SP_176039_20250711_20250712_02_T1,2025-07-11,3449.522835815084,3449.449314377244,3451.071491179694,-1.0,1.0,277,0.0,Fallback Simulated Observation
NSR-GRID-073,LC09_L2SP_176039_20250711_20250712_02_T1,2025-07-11,3108.974108943579,3109.021786198879,3110.332919497798,-1.0,1.0,277,0.0,Fallback Simulated Observation
NSR-GRID-074,LC09_L2SP_176039_20250711_20250712_02_T1,2025-07-11,1046.655685563155,1046.540812700334,1047.438969802236,-1.0,1.0,277,0.0,Fallback Simulated Observation
NSR-GRID-075,LC09_L2SP_176039_20250711_20250712_02_T1,2025-07-11,4297.022928556331,4296.941814154856,4298.8626000274335,-1.0,1.0,277,0.0,Fallback Simulated Observation
NSR-GRID-076,LC09_L2SP_176039_20250711_20250712_02_T1,2025-07-11,113.24664321386648,113.24490514057432,116.61947166325155,-0.6284810263900876,1.0,277,0.0,Fallback Simulated Observation
NSR-GRID-077,LC09_L2SP_176039_20250711_20250712_02_T1,2025-07-11,111.81736071484482,111.9142230934154,114.10775932498437,-0.5767720054328401,1.0,277,0.0,Fallback Simulated Observation
NSR-GRID-078,LC09_L2SP_176039_20250711_20250712_02_T1,2025-07-11,31758.538009194715,31758.710119604377,31759.76078597213,-1.0,1.0,277,0.0,Fallback Simulated Observation
NSR-GRID-079,LC09_L2SP_176039_20250711_20250712_02_T1,2025-07-11,1148.3945260138796,1148.3040282146894,1150.9475898176245,-1.0,1.0,277,0.0,Fallback Simulated Observation
NSR-GRID-080,LC09_L2SP_176039_20250711_20250712_02_T1,2025-07-11,41282.95922495048,41282.90925338331,41286.13133703264,-1.0,1.0,277,0.0,Fallback Simulated Observation
NSR-GRID-081,LC09_L2SP_176039_20250711_20250712_02_T1,2025-07-11,132.8979055773631,132.96698381001116,133.45197833685643,-0.791726026918057,1.0,277,0.0,Fallback Simulated Observation
NSR-GRID-082,LC09_L2SP_176039_20250711_20250712_02_T1,2025-07-11,43674.68498217513,43674.617976206544,43676.46951928947,-1.0,1.0,277,0.0,Fallback Simulated Observation
NSR-GRID-083,LC09_L2SP_176039_20250711_20250712_02_T1,2025-07-11,41694.952805143774,41694.80960318065,41697.66353062831,-1.0,1.0,277,0.0,Fallback Simulated Observation
NSR-GRID-084,LC09_L2SP_176039_20250711_20250712_02_T1,2025-07-11,41604.91028099702,41604.925037726476,41605.72176225505,-1.0,1.0,277,0.0,Fallback Simulated Observation
NSR-GRID-085,LC09_L2SP_176039_20250711_20250712_02_T1,2025-07-11,42504.62883476301,42504.62940689112,42505.51019167013,-1.0,1.0,277,0.0,Fallback Simulated Observation
NSR-GRID-086,LC09_L2SP_176039_20250711_20250712_02_T1,2025-07-11,41153.249017539776,41153.3582051404,41154.95612152485,-1.0,1.0,277,0.0,Fallback Simulated Observation
NSR-GRID-087,LC09_L2SP_176039_20250711_20250712_02_T1,2025-07-11,42632.14294951487,42632.12861248837,42634.56830840799,-1.0,1.0,277,0.0,Fallback Simulated Observation
NSR-GRID-088,LC09_L2SP_176039_20250711_20250712_02_T1,2025-07-11,31026.05243220012,31026.03633442943,31028.514531221062,-1.0,1.0,277,0.0,Fallback Simulated Observation
NSR-GRID-089,LC09_L2SP_176039_20250711_20250712_02_T1,2025-07-11,36191.97227281758,36192.02300281614,36193.21703341214,-1.0,1.0,277,0.0,Fallback Simulated Observation
NSR-GRID-090,LC09_L2SP_176039_20250711_20250712_02_T1,2025-07-11,26958.957154996562,26959.009987342215,26961.37066639259,-1.0,1.0,277,0.0,Fallback Simulated Observation
NSR-GRID-091,LC09_L2SP_176039_20250711_20250712_02_T1,2025-07-11,21950.250274965998,21950.17945675971,21951.61295366127,-1.0,1.0,277,0.0,Fallback Simulated Observation
NSR-GRID-092,LC09_L2SP_176039_20250711_20250712_02_T1,2025-07-11,47618.32071652056,47618.1855043885,47619.747043849646,-1.0,1.0,277,0.0,Fallback Simulated Observation
NSR-GRID-093,LC09_L2SP_176039_20250711_20250712_02_T1,2025-07-11,26781.732375181924,26781.725738198,26784.058253779822,-1.0,1.0,277,0.0,Fallback Simulated Observation
NSR-GRID-094,LC09_L2SP_176039_20250711_20250712_02_T1,2025-07-11,36342.458402087024,36342.347414789176,36343.64108257631,-1.0,1.0,277,0.0,Fallback Simulated Observation
NSR-GRID-095,LC09_L2SP_176039_20250711_20250712_02_T1,2025-07-11,26483.141334785618,26483.143334917833,26484.076402187427,-1.0,1.0,277,0.0,Fallback Simulated Observation
NSR-GRID-096,LC09_L2SP_176039_20250711_20250712_02_T1,2025-07-11,38008.76511724886,38008.81917836926,38010.172683526405,-1.0,1.0,277,0.0,Fallback Simulated Observation
NSR-GRID-097,LC09_L2SP_176039_20250711_20250712_02_T1,2025-07-11,33939.3961991524,33939.33703441254,33942.39807352639,-1.0,1.0,277,0.0,Fallback Simulated Observation
NSR-GRID-098,LC09_L2SP_176039_20250711_20250712_02_T1,2025-07-11,38243.144620517494,38243.10490390011,38244.09468726706,-1.0,1.0,277,0.0,Fallback Simulated Observation
NSR-GRID-099,LC09_L2SP_176039_20250711_20250712_02_T1,2025-07-11,32650.51829334048,32650.626975143485,32652.061997962122,-1.0,1.0,277,0.0,Fallback Simulated Observation
NSR-GRID-100,LC09_L2SP_176039_20250711_20250712_02_T1,2025-07-11,8763.941204233015,8764.056849881792,8766.20026163649,-1.0,1.0,277,0.0,Fallback Simulated Observation
NSR-GRID-101,LC09_L2SP_176039_20250711_20250712_02_T1,2025-07-11,4477.683978350953,4477.613700634354,4479.462159610482,-1.0,1.0,277,0.0,Fallback Simulated Observation
NSR-GRID-102,LC09_L2SP_176039_20250711_20250712_02_T1,2025-07-11,254.10341826770852,253.98784414034841,256.40403679692645,-1.0,1.0,277,0.0,Fallback Simulated Observation
NSR-GRID-103,LC09_L2SP_176039_20250711_20250712_02_T1,2025-07-11,1570.348542975962,1570.4873519791997,1573.6956316020962,-1.0,1.0,277,0.0,Fallback Simulated Observation
NSR-GRID-104,LC09_L2SP_176039_20250711_20250712_02_T1,2025-07-11,3110.2934268971258,3110.3760124550877,3112.9807346329358,-1.0,1.0,277,0.0,Fallback Simulated Observation
NSR-GRID-105,LC09_L2SP_176039_20250711_20250712_02_T1,2025-07-11,41638.24884817143,41638.286029852534,41640.12164556384,-1.0,1.0,277,0.0,Fallback Simulated Observation
NSR-GRID-106,LC09_L2SP_176039_20250711_20250712_02_T1,2025-07-11,1097.5514245338343,1097.3734108590447,1099.2685562998092,-1.0,1.0,277,0.0,Fallback Simulated Observation
NSR-GRID-107,LC09_L2SP_176039_20250711_20250712_02_T1,2025-07-11,44162.38392465019,44162.37731069498,44165.36421239614,-1.0,1.0,277,0.0,Fallback Simulated Observation
NSR-GRID-108,LC09_L2SP_176039_20250711_20250712_02_T1,2025-07-11,44321.60562956887,44321.712542512476,44324.388155126086,-1.0,1.0,277,0.0,Fallback Simulated Observation
NSR-GRID-109,LC09_L2SP_176039_20250711_20250712_02_T1,2025-07-11,52877.39247073686,52877.34203565146,52879.71824699667,-1.0,1.0,277,0.0,Fallback Simulated Observation
NSR-GRID-110,LC09_L2SP_176039_20250711_20250712_02_T1,2025-07-11,46814.079576282005,46814.044546670804,46815.98127342894,-1.0,1.0,277,0.0,Fallback Simulated Observation
NSR-GRID-111,LC09_L2SP_176039_20250711_20250712_02_T1,2025-07-11,46566.60137142216,46566.644829272256,46569.08536790426,-1.0,1.0,277,0.0,Fallback Simulated Observation
NSR-GRID-112,LC09_L2SP_176039_20250711_20250712_02_T1,2025-07-11,47351.11533013668,47351.18899444068,47353.38464327364,-1.0,1.0,277,0.0,Fallback Simulated Observation
NSR-GRID-113,LC09_L2SP_176039_20250711_20250712_02_T1,2025-07-11,48709.717145016584,48709.687357604256,48710.82524174164,-1.0,1.0,277,0.0,Fallback Simulated Observation
NSR-GRID-114,LC09_L2SP_176039_20250711_20250712_02_T1,2025-07-11,49742.46585894051,49742.452769989875,49744.078884101706,-1.0,1.0,277,0.0,Fallback Simulated Observation
NSR-GRID-115,LC09_L2SP_176039_20250711_20250712_02_T1,2025-07-11,45088.53339948296,45088.372162671156,45089.907914854826,-1.0,1.0,277,0.0,Fallback Simulated Observation
NSR-GRID-116,LC09_L2SP_176039_20250711_20250712_02_T1,2025-07-11,31725.943744259155,31726.03972410536,31727.060516408525,-1.0,1.0,277,0.0,Fallback Simulated Observation
NSR-GRID-117,LC09_L2SP_176039_20250711_20250712_02_T1,2025-07-11,16023.946369051988,16023.978012620331,16026.714816087804,-1.0,1.0,277,0.0,Fallback Simulated Observation
NSR-GRID-118,LC09_L2SP_176039_20250711_20250712_02_T1,2025-07-11,15515.325777186968,15515.519671400032,15517.276107982212,-1.0,1.0,277,0.0,Fallback Simulated Observation
NSR-GRID-119,LC09_L2SP_176039_20250711_20250712_02_T1,2025-07-11,52104.250673213704,52104.286078064564,52104.94093718744,-1.0,1.0,277,0.0,Fallback Simulated Observation
NSR-GRID-120,LC09_L2SP_176039_20250711_20250712_02_T1,2025-07-11,53411.503940049566,53411.54747739629,53414.43028468799,-1.0,1.0,277,0.0,Fallback Simulated Observation
NSR-GRID-121,LC09_L2SP_176039_20250711_20250712_02_T1,2025-07-11,47475.50930331454,47475.48027298767,47477.731256575666,-1.0,1.0,277,0.0,Fallback Simulated Observation
NSR-GRID-122,LC09_L2SP_176039_20250711_20250712_02_T1,2025-07-11,45339.54271967982,45339.53896678331,45340.13905505203,-1.0,1.0,277,0.0,Fallback Simulated Observation
NSR-GRID-123,LC09_L2SP_176039_20250711_20250712_02_T1,2025-07-11,47624.10350873712,47624.10697488033,47627.10972637377,-1.0,1.0,277,0.0,Fallback Simulated Observation
NSR-GRID-124,LC09_L2SP_176039_20250711_20250712_02_T1,2025-07-11,42298.21723157161,42298.12626613681,42300.91889479488,-1.0,1.0,277,0.0,Fallback Simulated Observation
NSR-GRID-125,LC09_L2SP_176039_20250711_20250712_02_T1,2025-07-11,12786.795481282174,12786.74486153451,12788.114981095408,-1.0,1.0,277,0.0,Fallback Simulated Observation
NSR-GRID-126,LC09_L2SP_176039_20250711_20250712_02_T1,2025-07-11,5228.610366664099,5228.59870173941,5229.807623197133,-1.0,1.0,277,0.0,Fallback Simulated Observation
NSR-GRID-127,LC09_L2SP_176039_20250711_20250712_02_T1,2025-07-11,300.82433357450856,301.03766004266475,303.257248096666,-1.0,1.0,277,0.0,Fallback Simulated Observation
NSR-GRID-128,LC09_L2SP_176039_20250711_20250712_02_T1,2025-07-11,28496.41207765202,28496.53435025303,28499.404075996492,-1.0,1.0,277,0.0,Fallback Simulated Observation
NSR-GRID-129,LC09_L2SP_176039_20250711_20250712_02_T1,2025-07-11,4935.574496795061,4935.527312332946,4938.6698592076855,-1.0,1.0,277,0.0,Fallback Simulated Observation
NSR-GRID-130,LC09_L2SP_176039_20250711_20250712_02_T1,2025-07-11,40958.54172085333,40958.50126787698,40961.92692966425,-1.0,1.0,277,0.0,Fallback Simulated Observation
NSR-GRID-131,LC09_L2SP_176039_20250711_20250712_02_T1,2025-07-11,189.26639378789918,189.27359887291783,191.395142837698,-1.0,1.0,277,0.0,Fallback Simulated Observation
NSR-GRID-132,LC09_L2SP_176039_20250711_20250712_02_T1,2025-07-11,49202.81492909334,49202.8511525973,49203.544348491276,-1.0,1.0,277,0.0,Fallback Simulated Observation
NSR-GRID-133,LC09_L2SP_176039_20250711_20250712_02_T1,2025-07-11,51310.78253927959,51310.74522265574,51312.87623846256,-1.0,1.0,277,0.0,Fallback Simulated Observation
NSR-GRID-134,LC09_L2SP_176039_20250711_20250712_02_T1,2025-07-11,45597.12474633171,45597.090969420206,45597.9267328266,-1.0,1.0,277,0.0,Fallback Simulated Observation
NSR-GRID-135,LC09_L2SP_176039_20250711_20250712_02_T1,2025-07-11,47539.70861599456,47539.73728447655,47542.02127563484,-1.0,1.0,277,0.0,Fallback Simulated Observation
NSR-GRID-136,LC09_L2SP_176039_20250711_20250712_02_T1,2025-07-11,27025.85026796297,27025.917613273803,27027.497291353844,-1.0,1.0,277,0.0,Fallback Simulated Observation
NSR-GRID-137,LC09_L2SP_176039_20250711_20250712_02_T1,2025-07-11,48632.206251668606,48632.31267925579,48634.941953227775,-1.0,1.0,277,0.0,Fallback Simulated Observation
NSR-GRID-138,LC09_L2SP_176039_20250711_20250712_02_T1,2025-07-11,48590.59754837606,48590.615844142405,48591.333263122935,-1.0,1.0,277,0.0,Fallback Simulated Observation
NSR-GRID-139,LC09_L2SP_176039_20250711_20250712_02_T1,2025-07-11,40656.72080982417,40656.808523286105,40659.97513673427,-1.0,1.0,277,0.0,Fallback Simulated Observation
NSR-GRID-140,LC09_L2SP_176039_20250711_20250712_02_T1,2025-07-11,3593.661584706836,3593.6673367491326,3596.028180463861,-1.0,1.0,277,0.0,Fallback Simulated Observation
NSR-GRID-141,LC09_L2SP_176039_20250711_20250712_02_T1,2025-07-11,142.00855781976367,142.01243168068282,143.7248725039783,-0.9262250390781497,1.0,277,0.0,Fallback Simulated Observation
NSR-GRID-142,LC09_L2SP_176039_20250711_20250712_02_T1,2025-07-11,23311.678452379103,23311.60404098259,23313.086249500186,-1.0,1.0,277,0.0,Fallback Simulated Observation
NSR-GRID-143,LC09_L2SP_176039_20250711_20250712_02_T1,2025-07-11,50035.11470146362,50035.11665086595,50038.48428171236,-1.0,1.0,277,0.0,Fallback Simulated Observation
NSR-GRID-144,LC09_L2SP_176039_20250711_20250712_02_T1,2025-07-11,52680.416881312376,52680.23857176591,52682.846781810484,-1.0,1.0,277,0.0,Fallback Simulated Observation
NSR-GRID-145,LC09_L2SP_176039_20250711_20250712_02_T1,2025-07-11,38890.92113198055,38890.920922248806,38892.7509914312,-1.0,1.0,277,0.0,Fallback Simulated Observation
NSR-GRID-146,LC09_L2SP_176039_20250711_20250712_02_T1,2025-07-11,41637.304863507015,41637.27557741205,41638.93760688932,-1.0,1.0,277,0.0,Fallback Simulated Observation
NSR-GRID-147,LC09_L2SP_176039_20250711_20250712_02_T1,2025-07-11,42303.18260560763,42303.040207574246,42304.21773972506,-1.0,1.0,277,0.0,Fallback Simulated Observation
NSR-GRID-148,LC09_L2SP_176039_20250711_20250712_02_T1,2025-07-11,32783.58823696741,32783.64542746859,32784.747342308205,-1.0,1.0,277,0.0,Fallback Simulated Observation
NSR-GRID-149,LC09_L2SP_176039_20250711_20250712_02_T1,2025-07-11,45151.06546006576,45151.10073502662,45153.68221980595,-1.0,1.0,277,0.0,Fallback Simulated Observation
NSR-GRID-150,LC09_L2SP_176039_20250711_20250712_02_T1,2025-07-11,27113.159068335302,27113.29775921871,27115.112680363367,-1.0,1.0,277,0.0,Fallback Simulated Observation
NSR-GRID-151,LC09_L2SP_176039_20250711_20250712_02_T1,2025-07-11,1175.498581052297,1175.4267212120621,1178.3387062898073,-1.0,1.0,277,0.0,Fallback Simulated Observation
NSR-GRID-152,LC09_L2SP_176039_20250711_20250712_02_T1,2025-07-11,39165.843107732835,39165.7203088145,39168.82751343425,-1.0,1.0,277,0.0,Fallback Simulated Observation
NSR-GRID-153,LC09_L2SP_176039_20250711_20250712_02_T1,2025-07-11,49221.0195717671,49220.78918727015,49223.38184529245,-1.0,1.0,277,0.0,Fallback Simulated Observation
NSR-GRID-154,LC09_L2SP_176039_20250711_20250712_02_T1,2025-07-11,49410.275531192616,49410.20253385311,49411.95792373893,-1.0,1.0,277,0.0,Fallback Simulated Observation
NSR-GRID-155,LC09_L2SP_176039_20250711_20250712_02_T1,2025-07-11,50269.19510178437,50269.071134740436,50270.427866453436,-1.0,1.0,277,0.0,Fallback Simulated Observation
NSR-GRID-156,LC09_L2SP_176039_20250711_20250712_02_T1,2025-07-11,47357.81865638921,47357.79648453983,47358.96849539361,-1.0,1.0,277,0.0,Fallback Simulated Observation
NSR-GRID-157,LC09_L2SP_176039_20250711_20250712_02_T1,2025-07-11,44639.46690851719,44639.413907386785,44640.80551359071,-1.0,1.0,277,0.0,Fallback Simulated Observation
NSR-GRID-158,LC09_L2SP_176039_20250711_20250712_02_T1,2025-07-11,49632.01676004679,49631.96486433852,49632.84462236065,-1.0,1.0,277,0.0,Fallback Simulated Observation
NSR-GRID-159,LC09_L2SP_176039_20250711_20250712_02_T1,2025-07-11,49684.160832955764,49684.217178307925,49687.276108545164,-1.0,1.0,277,0.0,Fallback Simulated Observation
NSR-GRID-160,LC09_L2SP_176039_20250711_20250712_02_T1,2025-07-11,49133.94754353469,49134.052408524134,49135.95185561533,-1.0,1.0,277,0.0,Fallback Simulated Observation
NSR-GRID-161,LC09_L2SP_176039_20250711_20250712_02_T1,2025-07-11,39020.42209875634,39020.43635738555,39022.70404412332,-1.0,1.0,277,0.0,Fallback Simulated Observation
NSR-GRID-162,LC09_L2SP_176039_20250711_20250712_02_T1,2025-07-11,28187.72187302346,28187.856119400676,28190.233174555648,-1.0,1.0,277,0.0,Fallback Simulated Observation
NSR-GRID-163,LC09_L2SP_176039_20250711_20250712_02_T1,2025-07-11,36943.57441070943,36943.51375250752,36945.34965166086,-1.0,1.0,277,0.0,Fallback Simulated Observation
NSR-GRID-164,LC09_L2SP_176039_20250711_20250712_02_T1,2025-07-11,43907.39646564996,43907.42053831091,43909.08292822852,-1.0,1.0,277,0.0,Fallback Simulated Observation
NSR-GRID-165,LC09_L2SP_176039_20250711_20250712_02_T1,2025-07-11,50771.58195099372,50771.626056405,50772.1515090291,-1.0,1.0,277,0.0,Fallback Simulated Observation
NSR-GRID-166,LC09_L2SP_176039_20250711_20250712_02_T1,2025-07-11,43934.42253801913,43934.518562697376,43936.841991597925,-1.0,1.0,277,0.0,Fallback Simulated Observation
NSR-GRID-167,LC09_L2SP_176039_20250711_20250712_02_T1,2025-07-11,45310.03203523021,45310.01080408541,45311.23450722244,-1.0,1.0,277,0.0,Fallback Simulated Observation
NSR-GRID-168,LC09_L2SP_176039_20250711_20250712_02_T1,2025-07-11,44611.80826080936,44611.9985921175,44615.08019385346,-1.0,1.0,277,0.0,Fallback Simulated Observation
NSR-GRID-169,LC09_L2SP_176039_20250711_20250712_02_T1,2025-07-11,33181.26381989014,33181.39333950783,33182.26117124883,-1.0,1.0,277,0.0,Fallback Simulated Observation
NSR-GRID-170,LC09_L2SP_176039_20250711_20250712_02_T1,2025-07-11,24792.298632168364,24792.436578259993,24792.904769813882,-1.0,1.0,277,0.0,Fallback Simulated Observation
NSR-GRID-171,LC09_L2SP_176039_20250711_20250712_02_T1,2025-07-11,5672.607474298954,5672.561068045941,5675.137202020205,-1.0,1.0,277,0.0,Fallback Simulated Observation
NSR-GRID-172,LC09_L2SP_176039_20250711_20250712_02_T1,2025-07-11,593.8170229943776,593.7605349897051,596.3012319719577,-1.0,1.0,277,0.0,Fallback Simulated Observation
NSR-GRID-173,LC09_L2SP_176039_20250711_20250712_02_T1,2025-07-11,2873.11886896652,2872.952450671063,2874.4922846689583,-1.0,1.0,277,0.0,Fallback Simulated Observation
NSR-GRID-174,LC09_L2SP_176039_20250711_20250712_02_T1,2025-07-11,38060.41931758865,38060.298800136596,38062.014471396724,-1.0,1.0,277,0.0,Fallback Simulated Observation
NSR-GRID-175,LC09_L2SP_176039_20250711_20250712_02_T1,2025-07-11,46089.61008895483,46089.4942234451,46091.753140973626,-1.0,1.0,277,0.0,Fallback Simulated Observation
NSR-GRID-176,LC09_L2SP_176039_20250711_20250712_02_T1,2025-07-11,46382.7541621151,46382.92063668837,46383.642740495365,-1.0,1.0,277,0.0,Fallback Simulated Observation
NSR-GRID-177,LC09_L2SP_176039_20250711_20250712_02_T1,2025-07-11,43828.63487061106,43828.64185659076,43830.46701413957,-1.0,1.0,277,0.0,Fallback Simulated Observation
NSR-GRID-178,LC09_L2SP_176039_20250711_20250712_02_T1,2025-07-11,46484.57782876657,46484.615187371564,46487.600363583966,-1.0,1.0,277,0.0,Fallback Simulated Observation
NSR-GRID-179,LC09_L2SP_176039_20250711_20250712_02_T1,2025-07-11,45426.23213400047,45426.251779338425,45428.05107125475,-1.0,1.0,277,0.0,Fallback Simulated Observation
NSR-GRID-180,LC09_L2SP_176039_20250711_20250712_02_T1,2025-07-11,47478.6852467477,47478.60313874673,47480.83209527784,-1.0,1.0,277,0.0,Fallback Simulated Observation
NSR-GRID-181,LC09_L2SP_176039_20250711_20250712_02_T1,2025-07-11,44912.41280956002,44912.314414753426,44912.92214219289,-1.0,1.0,277,0.0,Fallback Simulated Observation
NSR-GRID-182,LC09_L2SP_176039_20250711_20250712_02_T1,2025-07-11,48650.05677304882,48649.864639200656,48652.492707946425,-1.0,1.0,277,0.0,Fallback Simulated Observation
NSR-GRID-183,LC09_L2SP_176039_20250711_20250712_02_T1,2025-07-11,44123.00936999059,44123.00022795439,44124.586660699766,-1.0,1.0,277,0.0,Fallback Simulated Observation
NSR-GRID-184,LC09_L2SP_176039_20250711_20250712_02_T1,2025-07-11,43643.74738263245,43643.71823426117,43645.06978090889,-1.0,1.0,277,0.0,Fallback Simulated Observation
NSR-GRID-185,LC09_L2SP_176039_20250711_20250712_02_T1,2025-07-11,34773.3638063001,34773.25804340708,34775.50446700019,-1.0,1.0,277,0.0,Fallback Simulated Observation
NSR-GRID-186,LC09_L2SP_176039_20250711_20250712_02_T1,2025-07-11,47534.62679876806,47534.78310708053,47536.188442822124,-1.0,1.0,277,0.0,Fallback Simulated Observation
NSR-GRID-187,LC09_L2SP_176039_20250711_20250712_02_T1,2025-07-11,52119.497433349614,52119.669087381204,52121.45154162565,-1.0,1.0,277,0.0,Fallback Simulated Observation
NSR-GRID-188,LC09_L2SP_176039_20250711_20250712_02_T1,2025-07-11,51681.81757783323,51681.71526747259,51684.08244148474,-1.0,1.0,277,0.0,Fallback Simulated Observation
NSR-GRID-189,LC09_L2SP_176039_20250711_20250712_02_T1,2025-07-11,48188.37184451586,48188.42776415927,48189.164212357595,-1.0,1.0,277,0.0,Fallback Simulated Observation
NSR-GRID-190,LC09_L2SP_176039_20250711_20250712_02_T1,2025-07-11,37605.62342169723,37605.81125901757,37608.39286343716,-1.0,1.0,277,0.0,Fallback Simulated Observation
NSR-GRID-191,LC09_L2SP_176039_20250711_20250712_02_T1,2025-07-11,22867.85526603289,22867.921575435023,22868.768938365152,-1.0,1.0,277,0.0,Fallback Simulated Observation
NSR-GRID-192,LC09_L2SP_176039_20250711_20250712_02_T1,2025-07-11,4019.282137873458,4019.3889026446295,4022.5293961915027,-1.0,1.0,277,0.0,Fallback Simulated Observation
NSR-GRID-193,LC09_L2SP_176039_20250711_20250712_02_T1,2025-07-11,48575.83753713611,48575.84278494183,48577.274575567266,-1.0,1.0,277,0.0,Fallback Simulated Observation
NSR-GRID-194,LC09_L2SP_176039_20250711_20250712_02_T1,2025-07-11,14132.77031390051,14132.922105329131,14135.988628568575,-1.0,1.0,277,0.0,Fallback Simulated Observation
NSR-GRID-195,LC09_L2SP_176039_20250711_20250712_02_T1,2025-07-11,43355.89201965848,43355.947177012364,43359.38584090734,-1.0,1.0,277,0.0,Fallback Simulated Observation
NSR-GRID-196,LC09_L2SP_176039_20250711_20250712_02_T1,2025-07-11,12843.861417954258,12843.716573336025,12847.247246855417,-1.0,1.0,277,0.0,Fallback Simulated Observation
NSR-GRID-197,LC09_L2SP_176039_20250711_20250712_02_T1,2025-07-11,41988.3810514591,41988.32230633162,41989.26738772554,-1.0,1.0,277,0.0,Fallback Simulated Observation
NSR-GRID-198,LC09_L2SP_176039_20250711_20250712_02_T1,2025-07-11,30870.39619705878,30870.25997223406,30872.956736670894,-1.0,1.0,277,0.0,Fallback Simulated Observation
NSR-GRID-199,LC09_L2SP_176039_20250711_20250712_02_T1,2025-07-11,51009.36700067483,51009.35959502117,51012.7891930475,-1.0,1.0,277,0.0,Fallback Simulated Observation
NSR-GRID-200,LC09_L2SP_176039_20250711_20250712_02_T1,2025-07-11,52039.20379401813,52039.07382108112,52041.30473987249,-1.0,1.0,277,0.0,Fallback Simulated Observation
NSR-GRID-201,LC09_L2SP_176039_20250711_20250712_02_T1,2025-07-11,48295.17709623395,48295.28966897689,48296.40921783548,-1.0,1.0,277,0.0,Fallback Simulated Observation
NSR-GRID-202,LC09_L2SP_176039_20250711_20250712_02_T1,2025-07-11,46584.47022217724,46584.43166175766,46587.03497267245,-1.0,1.0,277,0.0,Fallback Simulated Observation
NSR-GRID-203,LC09_L2SP_176039_20250711_20250712_02_T1,2025-07-11,40802.83743309819,40802.906209771194,40804.74371547562,-1.0,1.0,277,0.0,Fallback Simulated Observation
NSR-GRID-204,LC09_L2SP_176039_20250711_20250712_02_T1,2025-07-11,46355.486753788864,46355.70795360882,46356.58443612023,-1.0,1.0,277,0.0,Fallback Simulated Observation
NSR-GRID-205,LC09_L2SP_176039_20250711_20250712_02_T1,2025-07-11,42005.80174068774,42005.91901280572,42007.5815135233,-1.0,1.0,277,0.0,Fallback Simulated Observation
NSR-GRID-206,LC09_L2SP_176039_20250711_20250712_02_T1,2025-07-11,48890.65547864861,48890.52530383642,48891.27413083662,-1.0,1.0,277,0.0,Fallback Simulated Observation
NSR-GRID-207,LC09_L2SP_176039_20250711_20250712_02_T1,2025-07-11,49641.292541567396,49641.32960296459,49644.18801687905,-1.0,1.0,277,0.0,Fallback Simulated Observation
NSR-GRID-208,LC09_L2SP_176039_20250711_20250712_02_T1,2025-07-11,52348.11835254315,52348.25571135408,52349.06817650997,-1.0,1.0,277,0.0,Fallback Simulated Observation
NSR-GRID-209,LC09_L2SP_176039_20250711_20250712_02_T1,2025-07-11,51489.438487316984,51489.19211890459,51490.98716165451,-1.0,1.0,277,0.0,Fallback Simulated Observation
NSR-GRID-210,LC09_L2SP_176039_20250711_20250712_02_T1,2025-07-11,51375.54804565473,51375.6095103963,51378.03154458253,-1.0,1.0,277,0.0,Fallback Simulated Observation
NSR-GRID-211,LC09_L2SP_176039_20250711_20250712_02_T1,2025-07-11,50806.14974989299,50806.27370366751,50807.00303639339,-1.0,1.0,277,0.0,Fallback Simulated Observation
NSR-GRID-212,LC09_L2SP_176039_20250711_20250712_02_T1,2025-07-11,31493.51769812511,31493.5581165893,31495.645868021224,-1.0,1.0,277,0.0,Fallback Simulated Observation
NSR-GRID-213,LC09_L2SP_176039_20250711_20250712_02_T1,2025-07-11,22694.894419949153,22694.822627754056,22698.091788438578,-1.0,1.0,277,0.0,Fallback Simulated Observation
NSR-GRID-214,LC09_L2SP_176039_20250711_20250712_02_T1,2025-07-11,52178.2093430929,52178.19718534112,52181.52248294386,-1.0,1.0,277,0.0,Fallback Simulated Observation
NSR-GRID-215,LC09_L2SP_176039_20250711_20250712_02_T1,2025-07-11,44543.97170416847,44543.94483730683,44547.319456627374,-1.0,1.0,277,0.0,Fallback Simulated Observation
NSR-GRID-216,LC09_L2SP_176039_20250711_20250712_02_T1,2025-07-11,42127.42980724472,42127.423423895845,42130.41056834189,-1.0,1.0,277,0.0,Fallback Simulated Observation
NSR-GRID-217,LC09_L2SP_176039_20250711_20250712_02_T1,2025-07-11,50692.94662586474,50693.05776347363,50695.26780557191,-1.0,1.0,277,0.0,Fallback Simulated Observation
NSR-GRID-218,LC09_L2SP_176039_20250711_20250712_02_T1,2025-07-11,47742.97846543024,47742.91850528535,47745.35029808063,-1.0,1.0,277,0.0,Fallback Simulated Observation
NSR-GRID-219,LC09_L2SP_176039_20250711_20250712_02_T1,2025-07-11,44422.7021426673,44422.78943056229,44423.57485785721,-1.0,1.0,277,0.0,Fallback Simulated Observation
NSR-GRID-220,LC09_L2SP_176039_20250711_20250712_02_T1,2025-07-11,42648.84961951456,42648.90570343437,42652.16539570471,-1.0,1.0,277,0.0,Fallback Simulated Observation
NSR-GRID-221,LC09_L2SP_176039_20250711_20250712_02_T1,2025-07-11,55665.73126366674,55665.82516465459,55668.70990480259,-1.0,1.0,277,0.0,Fallback Simulated Observation
NSR-GRID-222,LC09_L2SP_176039_20250711_20250712_02_T1,2025-07-11,38262.83689575664,38262.87006286673,38265.31830414375,-1.0,1.0,277,0.0,Fallback Simulated Observation
NSR-GRID-223,LC09_L2SP_176039_20250711_20250712_02_T1,2025-07-11,52124.90663289879,52124.94096843363,52128.04023991952,-1.0,1.0,277,0.0,Fallback Simulated Observation
NSR-GRID-224,LC09_L2SP_176039_20250711_20250712_02_T1,2025-07-11,52339.10083586328,52339.10301736834,52341.09083440611,-1.0,1.0,277,0.0,Fallback Simulated Observation
NSR-GRID-225,LC09_L2SP_176039_20250711_20250712_02_T1,2025-07-11,43260.672060175515,43260.58573889957,43264.01446468665,-1.0,1.0,277,0.0,Fallback Simulated Observation
NSR-GRID-226,LC09_L2SP_176039_20250711_20250712_02_T1,2025-07-11,39483.43457842701,39483.4998366091,39485.035449765266,-1.0,1.0,277,0.0,Fallback Simulated Observation
NSR-GRID-227,LC09_L2SP_176039_20250711_20250712_02_T1,2025-07-11,52905.84226815555,52905.719348660314,52907.41505248715,-1.0,1.0,277,0.0,Fallback Simulated Observation
NSR-GRID-228,LC09_L2SP_176039_20250711_20250712_02_T1,2025-07-11,54496.83651954668,54496.897764319205,54498.53281570717,-1.0,1.0,277,0.0,Fallback Simulated Observation
NSR-GRID-229,LC09_L2SP_176039_20250711_20250712_02_T1,2025-07-11,53580.95212820291,53580.96252874522,53581.61240658525,-1.0,1.0,277,0.0,Fallback Simulated Observation
NSR-GRID-230,LC09_L2SP_176039_20250711_20250712_02_T1,2025-07-11,48709.392352754985,48709.53125622254,48710.32562201378,-1.0,1.0,277,0.0,Fallback Simulated Observation
NSR-GRID-231,LC09_L2SP_176039_20250711_20250712_02_T1,2025-07-11,13080.390069491665,13080.373652329768,13081.887567609703,-1.0,1.0,277,0.0,Fallback Simulated Observation
NSR-GRID-232,LC09_L2SP_176039_20250711_20250712_02_T1,2025-07-11,46024.47759998231,46024.592727951174,46027.378800046165,-1.0,1.0,277,0.0,Fallback Simulated Observation
NSR-GRID-233,LC09_L2SP_176039_20250711_20250712_02_T1,2025-07-11,49524.67359613856,49524.56763729019,49526.051307916176,-1.0,1.0,277,0.0,Fallback Simulated Observation
NSR-GRID-234,LC09_L2SP_176039_20250711_20250712_02_T1,2025-07-11,49900.73573193995,49900.71422684421,49903.263044496474,-1.0,1.0,277,0.0,Fallback Simulated Observation
NSR-GRID-235,LC09_L2SP_176039_20250711_20250712_02_T1,2025-07-11,47712.64627359425,47712.577805504996,47713.77303562733,-1.0,1.0,277,0.0,Fallback Simulated Observation
NSR-GRID-236,LC09_L2SP_176039_20250711_20250712_02_T1,2025-07-11,35322.75390771636,35322.5431268642,35325.5010236823,-1.0,1.0,277,0.0,Fallback Simulated Observation
NSR-GRID-237,LC09_L2SP_176039_20250711_20250712_02_T1,2025-07-11,6328.368573519504,6328.325592327221,6330.630864380161,-1.0,1.0,277,0.0,Fallback Simulated Observation
NSR-GRID-238,LC09_L2SP_176039_20250711_20250712_02_T1,2025-07-11,23667.85459282401,23667.731358464775,23669.541944665583,-1.0,1.0,277,0.0,Fallback Simulated Observation
NSR-GRID-239,LC09_L2SP_176039_20250711_20250712_02_T1,2025-07-11,32302.91463430451,32302.914916624464,32305.64676354658,-1.0,1.0,277,0.0,Fallback Simulated Observation
NSR-GRID-240,LC09_L2SP_176039_20250711_20250712_02_T1,2025-07-11,28304.76047317068,28304.84760160087,28306.208794336064,-1.0,1.0,277,0.0,Fallback Simulated Observation
NSR-GRID-241,LC09_L2SP_176039_20250711_20250712_02_T1,2025-07-11,42203.785247994005,42203.7616555089,42204.38988149215,-1.0,1.0,277,0.0,Fallback Simulated Observation
NSR-GRID-242,LC09_L2SP_176039_20250711_20250712_02_T1,2025-07-11,51455.903170907026,51455.9431611725,51456.705665343616,-1.0,1.0,277,0.0,Fallback Simulated Observation
NSR-GRID-243,LC09_L2SP_176039_20250711_20250712_02_T1,2025-07-11,35548.226739516234,35548.22323632632,35550.211570504354,-1.0,1.0,277,0.0,Fallback Simulated Observation
NSR-GRID-244,LC09_L2SP_176039_20250711_20250712_02_T1,2025-07-11,3745.3153484693007,3745.333917200185,3748.1092931916737,-1.0,1.0,277,0.0,Fallback Simulated Observation
NSR-GRID-245,LC09_L2SP_176039_20250711_20250712_02_T1,2025-07-11,22819.971110796156,22820.126118678552,22821.271966818767,-1.0,1.0,277,0.0,Fallback Simulated Observation
NSR-GRID-246,LC09_L2SP_176039_20250711_20250712_02_T1,2025-07-11,41141.359184163746,41141.400628708776,41142.93422068976,-1.0,1.0,277,0.0,Fallback Simulated Observation
NSR-GRID-247,LC09_L2SP_176039_20250711_20250712_02_T1,2025-07-11,34963.687808111616,34963.62672431139,34966.62951852843,-1.0,1.0,277,0.0,Fallback Simulated Observation
NSR-GRID-248,LC09_L2SP_176039_20250711_20250712_02_T1,2025-07-11,38483.62420986055,38483.532576409925,38484.90831113802,-1.0,1.0,277,0.0,Fallback Simulated Observation
NSR-GRID-249,LC09_L2SP_176039_20250711_20250712_02_T1,2025-07-11,44621.64525596767,44621.439940516684,44622.86120503837,-1.0,1.0,277,0.0,Fallback Simulated Observation
NSR-GRID-250,LC09_L2SP_176039_20250711_20250712_02_T1,2025-07-11,9137.336599926708,9137.182514347813,9139.782669280357,-1.0,1.0,277,0.0,Fallback Simulated Observation
NSR-GRID-251,LC09_L2SP_176039_20250711_20250712_02_T1,2025-07-11,47802.31996723231,47802.326957897756,47803.9296859283,-1.0,1.0,277,0.0,Fallback Simulated Observation
NSR-GRID-252,LC09_L2SP_176039_20250711_20250712_02_T1,2025-07-11,51153.55755287942,51153.56828861118,51156.33517597256,-1.0,1.0,277,0.0,Fallback Simulated Observation
NSR-GRID-253,LC09_L2SP_176039_20250711_20250712_02_T1,2025-07-11,48255.556095097716,48255.40137093797,48258.701230039216,-1.0,1.0,277,0.0,Fallback Simulated Observation
NSR-GRID-254,LC09_L2SP_176039_20250711_20250712_02_T1,2025-07-11,45163.509136116074,45163.35063017258,45164.86766143339,-1.0,1.0,277,0.0,Fallback Simulated Observation
NSR-GRID-255,LC09_L2SP_176039_20250711_20250712_02_T1,2025-07-11,32061.609096929562,32061.492815229296,32064.67057855306,-1.0,1.0,277,0.0,Fallback Simulated Observation
NSR-GRID-256,LC09_L2SP_176039_20250711_20250712_02_T1,2025-07-11,19015.433794175497,19015.600500790333,19017.87661070724,-1.0,1.0,277,0.0,Fallback Simulated Observation
NSR-GRID-257,LC09_L2SP_176039_20250711_20250712_02_T1,2025-07-11,17307.005284500916,17306.880848252502,17309.245430478924,-1.0,1.0,277,0.0,Fallback Simulated Observation
NSR-GRID-258,LC09_L2SP_176039_20250711_20250712_02_T1,2025-07-11,18798.800497168908,18798.898440204142,18801.013042461727,-1.0,1.0,277,0.0,Fallback Simulated Observation
NSR-GRID-259,LC09_L2SP_176039_20250711_20250712_02_T1,2025-07-11,38936.737104874795,38936.695550047654,38939.93372735668,-1.0,1.0,277,0.0,Fallback Simulated Observation
NSR-GRID-260,LC09_L2SP_176039_20250711_20250712_02_T1,2025-07-11,44880.80231999991,44880.75529995517,44882.18114634019,-1.0,1.0,277,0.0,Fallback Simulated Observation
NSR-GRID-261,LC09_L2SP_176039_20250711_20250712_02_T1,2025-07-11,24278.137142358442,24278.23458229397,24281.443175284414,-1.0,1.0,277,0.0,Fallback Simulated Observation
NSR-GRID-262,LC09_L2SP_176039_20250711_20250712_02_T1,2025-07-11,2956.6946421443668,2956.6887290393306,2959.341356974974,-1.0,1.0,277,0.0,Fallback Simulated Observation
NSR-GRID-263,LC09_L2SP_176039_20250711_20250712_02_T1,2025-07-11,8837.523106553968,8837.416115639651,8838.971377896229,-1.0,1.0,277,0.0,Fallback Simulated Observation
NSR-GRID-264,LC09_L2SP_176039_20250711_20250712_02_T1,2025-07-11,17415.385826897156,17415.313423587057,17417.42596084701,-1.0,1.0,277,0.0,Fallback Simulated Observation
NSR-GRID-265,LC09_L2SP_176039_20250711_20250712_02_T1,2025-07-11,45060.57417387549,45060.868449140085,45061.93069837474,-1.0,1.0,277,0.0,Fallback Simulated Observation
NSR-GRID-266,LC09_L2SP_176039_20250711_20250712_02_T1,2025-07-11,39803.61862067966,39803.5980734029,39806.35009499082,-1.0,1.0,277,0.0,Fallback Simulated Observation
NSR-GRID-267,LC09_L2SP_176039_20250711_20250712_02_T1,2025-07-11,53552.80421062764,53552.74554121952,53553.31402340363,-1.0,1.0,277,0.0,Fallback Simulated Observation
NSR-GRID-268,LC09_L2SP_176039_20250711_20250712_02_T1,2025-07-11,23115.583224014244,23115.610801566305,23117.706524169425,-1.0,1.0,277,0.0,Fallback Simulated Observation
NSR-GRID-269,LC09_L2SP_176039_20250711_20250712_02_T1,2025-07-11,57406.62350222879,57406.56348657929,57407.670899253164,-1.0,1.0,277,0.0,Fallback Simulated Observation
NSR-GRID-270,LC09_L2SP_176039_20250711_20250712_02_T1,2025-07-11,25817.9523952468,25817.857583849956,25819.40793735942,-1.0,1.0,277,0.0,Fallback Simulated Observation
NSR-GRID-271,LC09_L2SP_176039_20250711_20250712_02_T1,2025-07-11,48799.92943246087,48799.843623755936,48802.73453666664,-1.0,1.0,277,0.0,Fallback Simulated Observation
NSR-GRID-272,LC09_L2SP_176039_20250711_20250712_02_T1,2025-07-11,52631.957205660394,52631.93033591809,52634.22914141336,-1.0,1.0,277,0.0,Fallback Simulated Observation
NSR-GRID-273,LC09_L2SP_176039_20250711_20250712_02_T1,2025-07-11,40488.67716869388,40488.84108190667,40489.678609318864,-1.0,1.0,277,0.0,Fallback Simulated Observation
NSR-GRID-274,LC09_L2SP_176039_20250711_20250712_02_T1,2025-07-11,44830.19664698228,44830.09085592092,44831.03460624258,-1.0,1.0,277,0.0,Fallback Simulated Observation
NSR-GRID-275,LC09_L2SP_176039_20250711_20250712_02_T1,2025-07-11,33359.1405588444,33359.10904301377,33360.092765294845,-1.0,1.0,277,0.0,Fallback Simulated Observation
NSR-GRID-276,LC09_L2SP_176039_20250711_20250712_02_T1,2025-07-11,18954.481090728183,18954.265480552367,18957.437017293796,-1.0,1.0,277,0.0,Fallback Simulated Observation
NSR-GRID-277,LC09_L2SP_176039_20250711_20250712_02_T1,2025-07-11,4016.5318697243843,4016.4365172518005,4017.7714873180153,-1.0,1.0,277,0.0,Fallback Simulated Observation
NSR-GRID-278,LC09_L2SP_176039_20250711_20250712_02_T1,2025-07-11,21672.866217700397,21672.88068283955,21673.54628550377,-1.0,1.0,277,0.0,Fallback Simulated Observation
NSR-GRID-279,LC09_L2SP_176039_20250711_20250712_02_T1,2025-07-11,22280.630057222264,22280.823876269344,22283.66600666106,-1.0,1.0,277,0.0,Fallback Simulated Observation
NSR-GRID-280,LC09_L2SP_176039_20250711_20250712_02_T1,2025-07-11,6390.691502859159,6390.6307068385395,6392.447521976974,-1.0,1.0,277,0.0,Fallback Simulated Observation
NSR-GRID-281,LC09_L2SP_176039_20250711_20250712_02_T1,2025-07-11,159.4172416781973,159.42329646023373,162.33577171841878,-1.0,1.0,277,0.0,Fallback Simulated Observation
NSR-GRID-282,LC09_L2SP_176039_20250711_20250712_02_T1,2025-07-11,6304.403416334757,6304.571336301251,6305.986482525523,-1.0,1.0,277,0.0,Fallback Simulated Observation
NSR-GRID-283,LC09_L2SP_176039_20250711_20250712_02_T1,2025-07-11,16643.002768754264,16643.048062913578,16645.041002983144,-1.0,1.0,277,0.0,Fallback Simulated Observation
NSR-GRID-284,LC09_L2SP_176039_20250711_20250712_02_T1,2025-07-11,14312.51285022627,14312.69484871272,14314.990246837795,-1.0,1.0,277,0.0,Fallback Simulated Observation
NSR-GRID-285,LC09_L2SP_176039_20250711_20250712_02_T1,2025-07-11,46924.611383636475,46924.46509585279,46928.052278632436,-1.0,1.0,277,0.0,Fallback Simulated Observation
NSR-GRID-286,LC09_L2SP_176039_20250711_20250712_02_T1,2025-07-11,7476.0722491205715,7476.1758319989685,7477.620344728551,-1.0,1.0,277,0.0,Fallback Simulated Observation
NSR-GRID-287,LC09_L2SP_176039_20250711_20250712_02_T1,2025-07-11,59696.2351901676,59696.20435873068,59699.01656038622,-1.0,1.0,277,0.0,Fallback Simulated Observation
NSR-GRID-288,LC09_L2SP_176039_20250711_20250712_02_T1,2025-07-11,52757.13928511736,52757.13299890107,52758.87818489565,-1.0,1.0,277,0.0,Fallback Simulated Observation
NSR-GRID-289,LC09_L2SP_176039_20250711_20250712_02_T1,2025-07-11,40920.695591391406,40920.56258135313,40921.83944670003,-1.0,1.0,277,0.0,Fallback Simulated Observation
NSR-GRID-290,LC09_L2SP_176039_20250711_20250712_02_T1,2025-07-11,32413.15718438426,32413.220527606954,32415.45134946688,-1.0,1.0,277,0.0,Fallback Simulated Observation
NSR-GRID-291,LC09_L2SP_176039_20250711_20250712_02_T1,2025-07-11,13341.872023340487,13341.968010886616,13344.8541179541,-1.0,1.0,277,0.0,Fallback Simulated Observation
NSR-GRID-292,LC09_L2SP_176039_20250711_20250712_02_T1,2025-07-11,14625.806958231064,14625.737269810783,14629.177564510608,-1.0,1.0,277,0.0,Fallback Simulated Observation
NSR-GRID-293,LC09_L2SP_176039_20250711_20250712_02_T1,2025-07-11,37038.71529233525,37038.826477672126,37040.6283490653,-1.0,1.0,277,0.0,Fallback Simulated Observation
NSR-GRID-294,LC09_L2SP_176039_20250711_20250712_02_T1,2025-07-11,27073.299369832544,27073.313154018833,27075.27804154005,-1.0,1.0,277,0.0,Fallback Simulated Observation
NSR-GRID-295,LC09_L2SP_176039_20250711_20250712_02_T1,2025-07-11,250.72479051158996,250.61530416235328,252.38642949959694,-1.0,1.0,277,0.0,Fallback Simulated Observation
NSR-GRID-296,LC09_L2SP_176039_20250711_20250712_02_T1,2025-07-11,103.37188535934187,103.3362426895191,104.30501185329067,-0.5250149495079852,1.0,277,0.0,Fallback Simulated Observation
NSR-GRID-297,LC09_L2SP_176039_20250711_20250712_02_T1,2025-07-11,259.60217885391523,259.5363660813596,261.16921454600816,-1.0,1.0,277,0.0,Fallback Simulated Observation
NSR-GRID-298,LC09_L2SP_176039_20250711_20250712_02_T1,2025-07-11,572.5981622129934,572.7231437417794,575.3459365590312,-1.0,1.0,277,0.0,Fallback Simulated Observation
NSR-GRID-299,LC09_L2SP_176039_20250711_20250712_02_T1,2025-07-11,470.7530296234641,470.8455963182549,472.29310075455186,-1.0,1.0,277,0.0,Fallback Simulated Observation
NSR-GRID-300,LC09_L2SP_176039_20250711_20250712_02_T1,2025-07-11,33813.79803406167,33813.87077539692,33815.91897386479,-1.0,1.0,277,0.0,Fallback Simulated Observation
NSR-GRID-301,LC09_L2SP_176039_20250711_20250712_02_T1,2025-07-11,44695.03315333338,44694.95831610374,44697.26002458514,-1.0,1.0,277,0.0,Fallback Simulated Observation
NSR-GRID-302,LC09_L2SP_176039_20250711_20250712_02_T1,2025-07-11,17443.417803670683,17443.505722889327,17446.532015044962,-1.0,1.0,277,0.0,Fallback Simulated Observation
NSR-GRID-303,LC09_L2SP_176039_20250711_20250712_02_T1,2025-07-11,3158.5839969972844,3158.7180939586256,3160.659774338524,-1.0,1.0,277,0.0,Fallback Simulated Observation
NSR-GRID-304,LC09_L2SP_176039_20250711_20250712_02_T1,2025-07-11,27978.393575725953,27978.436872317703,27981.620017855632,-1.0,1.0,277,0.0,Fallback Simulated Observation
NSR-GRID-305,LC09_L2SP_176039_20250711_20250712_02_T1,2025-07-11,44107.405020765545,44107.29514834787,44108.08269095706,-1.0,1.0,277,0.0,Fallback Simulated Observation
NSR-GRID-306,LC09_L2SP_176039_20250711_20250712_02_T1,2025-07-11,47898.728958580796,47898.785172863085,47901.148190219246,-1.0,1.0,277,0.0,Fallback Simulated Observation
NSR-GRID-307,LC09_L2SP_176039_20250711_20250712_02_T1,2025-07-11,25805.506116349305,25805.506728215718,25808.657216123098,-1.0,1.0,277,0.0,Fallback Simulated Observation
NSR-GRID-308,LC09_L2SP_176039_20250711_20250712_02_T1,2025-07-11,10699.743206241166,10699.773015957966,10702.350871202054,-1.0,1.0,277,0.0,Fallback Simulated Observation
NSR-GRID-309,LC09_L2SP_176039_20250711_20250712_02_T1,2025-07-11,2142.243615570464,2142.1535003362005,2144.307808634172,-1.0,1.0,277,0.0,Fallback Simulated Observation
NSR-GRID-310,LC09_L2SP_176039_20250711_20250712_02_T1,2025-07-11,2090.443903144375,2090.4748496820307,2093.434790093184,-1.0,1.0,277,0.0,Fallback Simulated Observation
NSR-GRID-311,LC09_L2SP_176039_20250711_20250712_02_T1,2025-07-11,2820.469907982529,2820.327591954814,2823.4998406653126,-1.0,1.0,277,0.0,Fallback Simulated Observation
NSR-GRID-312,LC09_L2SP_176039_20250711_20250712_02_T1,2025-07-11,5690.001529359003,5689.84292743342,5692.251091725715,-1.0,1.0,277,0.0,Fallback Simulated Observation
NSR-GRID-313,LC09_L2SP_176039_20250711_20250712_02_T1,2025-07-11,4469.962482467094,4469.982848509367,4471.994039310283,-1.0,1.0,277,0.0,Fallback Simulated Observation
NSR-GRID-314,LC09_L2SP_176039_20250711_20250712_02_T1,2025-07-11,84.72120759681705,84.83430147607324,87.38542083696892,-0.3009630106409627,1.0,277,0.0,Fallback Simulated Observation
NSR-GRID-315,LC09_L2SP_176039_20250711_20250712_02_T1,2025-07-11,46.25716532053635,46.33910744125688,49.448676819326934,0.05591159534947933,-0.06338164313382944,277,0.0,Fallback Simulated Observation
NSR-GRID-316,LC09_L2SP_176039_20250711_20250712_02_T1,2025-07-11,45.91133915599198,46.0794650319703,48.925445961536504,0.09870699638549464,-0.12123662230104353,277,0.0,Fallback Simulated Observation
NSR-GRID-317,LC09_L2SP_176039_20250711_20250712_02_T1,2025-07-11,19965.013114643192,19965.02612333682,19968.506347906212,-1.0,1.0,277,0.0,Fallback Simulated Observation
NSR-GRID-318,LC09_L2SP_176039_20250711_20250712_02_T1,2025-07-11,5817.790268097742,5817.775975056903,5820.079628241228,-1.0,1.0,277,0.0,Fallback Simulated Observation
NSR-GRID-319,LC09_L2SP_176039_20250711_20250712_02_T1,2025-07-11,3151.869792029537,3151.8598300345593,3154.061764379862,-1.0,1.0,277,0.0,Fallback Simulated Observation
NSR-GRID-320,LC09_L2SP_176039_20250711_20250712_02_T1,2025-07-11,40882.766104102804,40882.76767796078,40884.29305270572,-1.0,1.0,277,0.0,Fallback Simulated Observation
NSR-GRID-321,LC09_L2SP_176039_20250711_20250712_02_T1,2025-07-11,42514.64537621958,42514.781056188134,42515.44934346872,-1.0,1.0,277,0.0,Fallback Simulated Observation
NSR-GRID-322,LC09_L2SP_176039_20250711_20250712_02_T1,2025-07-11,15803.523776679338,15803.516151049706,15806.472587871633,-1.0,1.0,277,0.0,Fallback Simulated Observation
NSR-GRID-323,LC09_L2SP_176039_20250711_20250712_02_T1,2025-07-11,13180.479294756124,13180.440090769254,13183.432875968148,-1.0,1.0,277,0.0,Fallback Simulated Observation
NSR-GRID-324,LC09_L2SP_176039_20250711_20250712_02_T1,2025-07-11,14855.353403227016,14855.266787390363,14856.007700559128,-1.0,1.0,277,0.0,Fallback Simulated Observation
NSR-GRID-325,LC09_L2SP_176039_20250711_20250712_02_T1,2025-07-11,6256.566551574415,6256.678064005964,6259.690057851263,-1.0,1.0,277,0.0,Fallback Simulated Observation
NSR-GRID-326,LC09_L2SP_176039_20250711_20250712_02_T1,2025-07-11,1241.3364310981385,1241.420008170523,1242.394214936884,-1.0,1.0,277,0.0,Fallback Simulated Observation
NSR-GRID-327,LC09_L2SP_176039_20250711_20250712_02_T1,2025-07-11,4901.724861227746,4901.736526292748,4903.217224688367,-1.0,1.0,277,0.0,Fallback Simulated Observation
NSR-GRID-328,LC09_L2SP_176039_20250711_20250712_02_T1,2025-07-11,5840.706911614776,5840.575919182779,5844.108440149645,-1.0,1.0,277,0.0,Fallback Simulated Observation
NSR-GRID-329,LC09_L2SP_176039_20250711_20250712_02_T1,2025-07-11,49.83625537901111,49.80141479606066,52.19806341179308,0.054792908151478,0.033507180082038665,277,0.0,Fallback Simulated Observation
NSR-GRID-330,LC09_L2SP_176039_20250711_20250712_02_T1,2025-07-11,47.34024612897057,47.33223730462689,48.74839012404188,0.07005000308028048,-0.04627203611940784,277,0.0,Fallback Simulated Observation
NSR-GRID-331,LC09_L2SP_176039_20250711_20250712_02_T1,2025-07-11,46.30089053475431,46.31253195754338,49.50529951867559,0.09300243229260224,-0.15314418776540872,277,0.0,Fallback Simulated Observation
NSR-GRID-332,LC09_L2SP_176039_20250711_20250712_02_T1,2025-07-11,15350.820933487155,15350.908019696048,15352.832934838558,-1.0,1.0,277,0.0,Fallback Simulated Observation
NSR-GRID-333,LC09_L2SP_176039_20250711_20250712_02_T1,2025-07-11,584.6237587288022,584.5822573486225,587.7047561352903,-1.0,1.0,277,0.0,Fallback Simulated Observation
NSR-GRID-334,LC09_L2SP_176039_20250711_20250712_02_T1,2025-07-11,15314.414545383941,15314.470737144888,15316.06143666107,-1.0,1.0,277,0.0,Fallback Simulated Observation
NSR-GRID-335,LC09_L2SP_176039_20250711_20250712_02_T1,2025-07-11,13761.698473411292,13761.77561285478,13763.038291342984,-1.0,1.0,277,0.0,Fallback Simulated Observation
NSR-GRID-336,LC09_L2SP_176039_20250711_20250712_02_T1,2025-07-11,37570.97111167385,37570.8647232175,37572.70636026088,-1.0,1.0,277,0.0,Fallback Simulated Observation
NSR-GRID-337,LC09_L2SP_176039_20250711_20250712_02_T1,2025-07-11,14313.454860246555,14313.305393224535,14315.101732612116,-1.0,1.0,277,0.0,Fallback Simulated Observation
NSR-GRID-338,LC09_L2SP_176039_20250711_20250712_02_T1,2025-07-11,6865.110183732145,6865.0688515736,6867.911432393833,-1.0,1.0,277,0.0,Fallback Simulated Observation
NSR-GRID-339,LC09_L2SP_176039_20250711_20250712_02_T1,2025-07-11,10740.060924840693,10740.06674123059,10740.7838725822,-1.0,1.0,277,0.0,Fallback Simulated Observation
NSR-GRID-340,LC09_L2SP_176039_20250711_20250712_02_T1,2025-07-11,6749.191786819612,6749.05556239856,6750.871737252968,-1.0,1.0,277,0.0,Fallback Simulated Observation
NSR-GRID-341,LC09_L2SP_176039_20250711_20250712_02_T1,2025-07-11,25112.1017704764,25112.090908296614,25113.58006957817,-1.0,1.0,277,0.0,Fallback Simulated Observation
NSR-GRID-342,LC09_L2SP_176039_20250711_20250712_02_T1,2025-07-11,12347.297303131021,12347.19419489914,12348.176869645533,-1.0,1.0,277,0.0,Fallback Simulated Observation
NSR-GRID-343,LC09_L2SP_176039_20250711_20250712_02_T1,2025-07-11,5495.575748633376,5495.565525212388,5496.843478922642,-1.0,1.0,277,0.0,Fallback Simulated Observation
NSR-GRID-344,LC09_L2SP_176039_20250711_20250712_02_T1,2025-07-11,5215.641064206483,5215.533876854385,5218.0375597010025,-1.0,1.0,277,0.0,Fallback Simulated Observation
NSR-GRID-345,LC09_L2SP_176039_20250711_20250712_02_T1,2025-07-11,1030.0980227760272,1030.1677020720767,1031.6648089582702,-1.0,1.0,277,0.0,Fallback Simulated Observation
NSR-GRID-346,LC09_L2SP_176039_20250711_20250712_02_T1,2025-07-11,62.284589384911726,62.272605481223124,63.806574459525585,-0.07870604423819998,0.5093160150422933,277,0.0,Fallback Simulated Observation
NSR-GRID-347,LC09_L2SP_176039_20250711_20250712_02_T1,2025-07-11,5490.968739710042,5490.951036764451,5491.773070201168,-1.0,1.0,277,0.0,Fallback Simulated Observation
NSR-GRID-348,LC09_L2SP_176039_20250711_20250712_02_T1,2025-07-11,9330.278494794817,9330.122769327556,9333.484298069956,-1.0,1.0,277,0.0,Fallback Simulated Observation
NSR-GRID-349,LC09_L2SP_176039_20250711_20250712_02_T1,2025-07-11,15353.288466092463,15353.372500310485,15356.270167110875,-1.0,1.0,277,0.0,Fallback Simulated Observation
NSR-GRID-350,LC09_L2SP_176039_20250711_20250712_02_T1,2025-07-11,15853.053849522403,15852.979946413801,15854.23999033781,-1.0,1.0,277,0.0,Fallback Simulated Observation
NSR-GRID-351,LC09_L2SP_176039_20250711_20250712_02_T1,2025-07-11,6009.197135141342,6009.376739562169,6011.642460820292,-1.0,1.0,277,0.0,Fallback Simulated Observation
NSR-GRID-352,LC09_L2SP_176039_20250711_20250712_02_T1,2025-07-11,17147.786128798656,17147.681839329296,17149.112487715396,-1.0,1.0,277,0.0,Fallback Simulated Observation
NSR-GRID-353,LC09_L2SP_176039_20250711_20250712_02_T1,2025-07-11,25374.958611749655,25374.977712513086,25377.68635541977,-1.0,1.0,277,0.0,Fallback Simulated Observation
NSR-GRID-354,LC09_L2SP_176039_20250711_20250712_02_T1,2025-07-11,16859.416823406686,16859.497119975065,16862.740364634734,-1.0,1.0,277,0.0,Fallback Simulated Observation
NSR-GRID-355,LC09_L2SP_176039_20250711_20250712_02_T1,2025-07-11,1999.1256324303336,1999.1831047244411,1999.652113575718,-1.0,1.0,277,0.0,Fallback Simulated Observation
NSR-GRID-356,LC09_L2SP_176039_20250711_20250712_02_T1,2025-07-11,4589.697520554842,4589.711401292716,4591.39506804275,-1.0,1.0,277,0.0,Fallback Simulated Observation
NSR-GRID-357,LC09_L2SP_176039_20250711_20250712_02_T1,2025-07-11,5754.748757161956,5754.780571393426,5757.971203182813,-1.0,1.0,277,0.0,Fallback Simulated Observation
NSR-GRID-358,LC09_L2SP_176039_20250711_20250712_02_T1,2025-07-11,25696.85312885288,25696.71852812572,25699.78180832331,-1.0,1.0,277,0.0,Fallback Simulated Observation
NSR-GRID-359,LC09_L2SP_176039_20250711_20250712_02_T1,2025-07-11,38942.75709146545,38942.63216791349,38943.44254859448,-1.0,1.0,277,0.0,Fallback Simulated Observation
NSR-GRID-360,LC09_L2SP_176039_20250711_20250712_02_T1,2025-07-11,3654.378123905979,3654.361804970503,3657.4324871485132,-1.0,1.0,277,0.0,Fallback Simulated Observation
NSR-GRID-361,LC09_L2SP_176039_20250711_20250712_02_T1,2025-07-11,2661.1344950320527,2661.1087849702717,2662.399042195478,-1.0,1.0,277,0.0,Fallback Simulated Observation
NSR-GRID-362,LC09_L2SP_176039_20250711_20250712_02_T1,2025-07-11,5254.252362453024,5254.33090691603,5256.638965238909,-1.0,1.0,277,0.0,Fallback Simulated Observation
NSR-GRID-363,LC09_L2SP_176039_20250711_20250712_02_T1,2025-07-11,20617.202313379657,20617.26719813372,20618.166086079487,-1.0,1.0,277,0.0,Fallback Simulated Observation
NSR-GRID-364,LC09_L2SP_176039_20250711_20250712_02_T1,2025-07-11,35981.58355260275,35981.495234345806,35982.86555778975,-1.0,1.0,277,0.0,Fallback Simulated Observation
NSR-GRID-365,LC09_L2SP_176039_20250711_20250712_02_T1,2025-07-11,15820.470727857406,15820.409986932638,15822.885161562523,-1.0,1.0,277,0.0,Fallback Simulated Observation
NSR-GRID-366,LC09_L2SP_176039_20250711_20250712_02_T1,2025-07-11,758.4078752481287,758.2689650501368,761.0085052930993,-1.0,1.0,277,0.0,Fallback Simulated Observation
NSR-GRID-367,LC09_L2SP_176039_20250711_20250712_02_T1,2025-07-11,9529.70788087375,9529.815538405273,9531.514309150834,-1.0,1.0,277,0.0,Fallback Simulated Observation
NSR-GRID-368,LC09_L2SP_176039_20250711_20250712_02_T1,2025-07-11,4113.770236528155,4113.6976008366855,4115.143982253965,-1.0,1.0,277,0.0,Fallback Simulated Observation
NSR-GRID-369,LC09_L2SP_176039_20250711_20250712_02_T1,2025-07-11,227.28194741496296,227.20972200772331,230.0846531018815,-1.0,1.0,277,0.0,Fallback Simulated Observation
NSR-GRID-370,LC09_L2SP_176039_20250711_20250712_02_T1,2025-07-11,471.5977282231815,471.70661199972136,472.62306053106306,-1.0,1.0,277,0.0,Fallback Simulated Observation
NSR-GRID-371,LC09_L2SP_176039_20250711_20250712_02_T1,2025-07-11,604.4398479398519,604.4677717152795,607.8975345026172,-1.0,1.0,277,0.0,Fallback Simulated Observation
NSR-GRID-372,LC09_L2SP_176039_20250711_20250712_02_T1,2025-07-11,7857.104453055763,7857.053441117258,7857.853465648199,-1.0,1.0,277,0.0,Fallback Simulated Observation
NSR-GRID-373,LC09_L2SP_176039_20250711_20250712_02_T1,2025-07-11,10386.359845711628,10386.217371120692,10387.349139730082,-1.0,1.0,277,0.0,Fallback Simulated Observation
NSR-GRID-374,LC09_L2SP_176039_20250711_20250712_02_T1,2025-07-11,1608.2758830375783,1608.3460239570459,1611.7240280137796,-1.0,1.0,277,0.0,Fallback Simulated Observation
NSR-GRID-375,LC09_L2SP_176039_20250711_20250712_02_T1,2025-07-11,49.9258900795871,49.960631127356606,52.10900625525632,0.050342734349435446,-0.007495551407739342,277,0.0,Fallback Simulated Observation
NSR-GRID-376,LC09_L2SP_176039_20250711_20250712_02_T1,2025-07-11,15097.322016939557,15097.183504600489,15100.75109423845,-1.0,1.0,277,0.0,Fallback Simulated Observation
NSR-GRID-377,LC09_L2SP_176039_20250711_20250712_02_T1,2025-07-11,15146.150619654307,15146.11423257446,15148.334231150933,-1.0,1.0,277,0.0,Fallback Simulated Observation
NSR-GRID-378,LC09_L2SP_176039_20250711_20250712_02_T1,2025-07-11,52.53918622926298,52.480939512779045,55.81195340857698,0.012036698456652579,0.15400581455977247,277,0.0,Fallback Simulated Observation
NSR-GRID-379,LC09_L2SP_176039_20250711_20250712_02_T1,2025-07-11,9447.064497920122,9447.065738418438,9449.805092053526,-1.0,1.0,277,0.0,Fallback Simulated Observation
NSR-GRID-380,LC09_L2SP_176039_20250711_20250712_02_T1,2025-07-11,89.5088877494636,89.43607125944976,92.06290273462116,-0.34123072528519366,1.0,277,0.0,Fallback Simulated Observation
NSR-GRID-381,LC09_L2SP_176039_20250711_20250712_02_T1,2025-07-11,46.74970878661925,46.834574881836474,48.181011546167454,0.07691888522376777,-0.1237661303967337,277,0.0,Fallback Simulated Observation
NSR-GRID-382,LC09_L2SP_176039_20250711_20250712_02_T1,2025-07-11,46.25498479613444,46.00802941331736,47.262675488834816,0.06808798390074966,-0.11059887929374254,277,0.0,Fallback Simulated Observation
NSR-GRID-383,LC09_L2SP_176039_20250711_20250712_02_T1,2025-07-11,4444.882847958568,4444.900638584519,4445.96991547931,-1.0,1.0,277,0.0,Fallback Simulated Observation
NSR-GRID-384,LC09_L2SP_176039_20250711_20250712_02_T1,2025-07-11,592.4381541789036,592.3341076950159,593.9271611953986,-1.0,1.0,277,0.0,Fallback Simulated Observation
NSR-GRID-385,LC09_L2SP_176039_20250711_20250712_02_T1,2025-07-11,47.176381437487024,47.207136729259865,49.974356356562836,0.09336016146803575,-0.11717022327939679,277,0.0,Fallback Simulated Observation
NSR-GRID-386,LC09_L2SP_176039_20250711_20250712_02_T1,2025-07-11,49.46276387410314,49.44597971045185,50.0976328745716,0.04284791728809646,0.01827728960869325,277,0.0,Fallback Simulated Observation
NSR-GRID-387,LC09_L2SP_176039_20250711_20250712_02_T1,2025-07-11,46.205451654267044,46.2448151419245,49.428149532276095,0.10234392328683592,-0.12035229456064694,277,0.0,Fallback Simulated Observation
NSR-GRID-388,LC09_L2SP_176039_20250711_20250712_02_T1,2025-07-11,343.47501398078583,343.5089647576231,345.2316371978335,-1.0,1.0,277,0.0,Fallback Simulated Observation
NSR-GRID-389,LC09_L2SP_176039_20250711_20250712_02_T1,2025-07-11,5978.451160139942,5978.460366369496,5980.521655292808,-1.0,1.0,277,0.0,Fallback Simulated Observation
NSR-GRID-390,LC09_L2SP_176039_20250711_20250712_02_T1,2025-07-11,74.71817173094327,74.66844731698835,75.79872349716186,-0.19526529919100835,0.971004787452605,277,0.0,Fallback Simulated Observation
NSR-GRID-391,LC09_L2SP_176039_20250711_20250712_02_T1,2025-07-11,195.02610714602733,195.0254406959883,196.206796165896,-1.0,1.0,277,0.0,Fallback Simulated Observation
NSR-GRID-392,LC09_L2SP_176039_20250711_20250712_02_T1,2025-07-11,373.5597003773702,373.5639988666794,374.523821022958,-1.0,1.0,277,0.0,Fallback Simulated Observation
NSR-GRID-393,LC09_L2SP_176039_20250711_20250712_02_T1,2025-07-11,45.85535467140439,45.94793091645009,49.027205165204826,0.07986531708475257,-0.09880929712814138,277,0.0,Fallback Simulated Observation
NSR-GRID-394,LC09_L2SP_176039_20250711_20250712_02_T1,2025-07-11,44.320520216374234,44.141022226201905,45.82313954186803,0.0925977993301114,-0.15903420336319501,277,0.0,Fallback Simulated Observation
NSR-GRID-395,LC09_L2SP_176039_20250711_20250712_02_T1,2025-07-11,45.21764933943918,45.45584383778074,46.00518549949367,0.06946284384654822,-0.10556414702587402,277,0.0,Fallback Simulated Observation
NSR-GRID-396,LC09_L2SP_176039_20250711_20250712_02_T1,2025-07-11,45.73432115487892,45.64666275603545,47.43025423859209,0.0765559567084148,-0.13574487364316926,277,0.0,Fallback Simulated Observation
NSR-GRID-397,LC09_L2SP_176039_20250711_20250712_02_T1,2025-07-11,45.42221621236432,45.555875619918766,47.01057428132531,0.08994586364266437,-0.15488660130368198,277,0.0,Fallback Simulated Observation
NSR-GRID-398,LC09_L2SP_176039_20250711_20250712_02_T1,2025-07-11,46.23818978380573,46.31935652010173,49.1769013477564,0.11566517366425898,-0.11276994258977555,277,0.0,Fallback Simulated Observation
NSR-GRID-399,LC09_L2SP_176039_20250711_20250712_02_T1,2025-07-11,1721.281562060788,1721.3137341979896,1724.5111239209825,-1.0,1.0,277,0.0,Fallback Simulated Observation
NSR-GRID-400,LC09_L2SP_176039_20250711_20250712_02_T1,2025-07-11,99.35422053799255,99.38541430054661,99.97235012930605,-0.4604491721923586,1.0,277,0.0,Fallback Simulated Observation
NSR-GRID-401,LC09_L2SP_176039_20250711_20250712_02_T1,2025-07-11,46.772995606803015,46.67196262804336,49.74785974945291,0.06571055987228103,-0.1679678209782633,277,0.0,Fallback Simulated Observation
NSR-GRID-402,LC09_L2SP_176039_20250711_20250712_02_T1,2025-07-11,46.77550092673822,47.04379775428458,47.39306910584963,0.06241451075838644,-0.1446755893254505,277,0.0,Fallback Simulated Observation
NSR-GRID-403,LC09_L2SP_176039_20250711_20250712_02_T1,2025-07-11,46.568927465865606,46.72706506278275,49.36085571980133,0.07946776196077734,-0.14322345688555668,277,0.0,Fallback Simulated Observation
NSR-GRID-404,LC09_L2SP_176039_20250711_20250712_02_T1,2025-07-11,45.43308301078861,45.38866328047433,48.05645048151832,0.08938499773077817,-0.06831271229783861,277,0.0,Fallback Simulated Observation
NSR-GRID-405,LC09_L2SP_176039_20250711_20250712_02_T1,2025-07-11,46.58297046562897,46.714169744668176,48.70359769933469,0.08292540020723674,-0.13167135210170883,277,0.0,Fallback Simulated Observation
NSR-GRID-406,LC09_L2SP_176039_20250711_20250712_02_T1,2025-07-11,3175.963688543536,3175.9270277340606,3179.3427202457437,-1.0,1.0,277,0.0,Fallback Simulated Observation
NSR-GRID-407,LC09_L2SP_176039_20250711_20250712_02_T1,2025-07-11,2597.2135755363956,2597.1141103933987,2599.1778923120023,-1.0,1.0,277,0.0,Fallback Simulated Observation
NSR-GRID-408,LC09_L2SP_176039_20250711_20250712_02_T1,2025-07-11,47.15229516715685,47.171146095600214,49.47984655422205,0.04774298130471663,-0.05961132451698052,277,0.0,Fallback Simulated Observation
NSR-GRID-409,LC09_L2SP_176039_20250711_20250712_02_T1,2025-07-11,46.845184609841695,46.84022415872582,47.76052263804241,0.1198293787976494,-0.1406196727577237,277,0.0,Fallback Simulated Observation
NSR-GRID-410,LC09_L2SP_176039_20250711_20250712_02_T1,2025-07-11,135.1424487847173,135.08996249090438,136.50452089700585,-0.8667000641052475,1.0,277,0.0,Fallback Simulated Observation
NSR-GRID-411,LC09_L2SP_176039_20250711_20250712_02_T1,2025-07-11,46.72408958363744,46.83298063490397,47.944805767870896,0.06297696613072806,-0.1274804310148041,277,0.0,Fallback Simulated Observation
NSR-GRID-412,LC09_L2SP_176039_20250711_20250712_02_T1,2025-07-11,7320.337664442201,7320.422212670615,7323.77883805598,-1.0,1.0,277,0.0,Fallback Simulated Observation
NSR-GRID-413,LC09_L2SP_176039_20250711_20250712_02_T1,2025-07-11,7517.99762345371,7517.982670417256,7518.592823538731,-1.0,1.0,277,0.0,Fallback Simulated Observation
NSR-GRID-414,LC09_L2SP_176039_20250711_20250712_02_T1,2025-07-11,4073.976975604269,4073.9539520917756,4075.221299861353,-1.0,1.0,277,0.0,Fallback Simulated Observation
NSR-GRID-415,LC09_L2SP_176039_20250711_20250712_02_T1,2025-07-11,47.5122306171501,47.509360209980066,49.13565862754905,0.05697232529786232,-0.13054628749345235,277,0.0,Fallback Simulated Observation
NSR-GRID-416,LC09_L2SP_176039_20250711_20250712_02_T1,2025-07-11,73.67374541490827,73.69538490233306,76.6295902401842,-0.20557597735855535,0.9138169865628161,277,0.0,Fallback Simulated Observation
