{
"type": "FeatureCollection",
"name": "latest_selected_event_risk",
"crs": { "type": "name", "properties": { "name": "urn:ogc:def:crs:OGC:1.3:CRS84" } },
"features": [
{ "type": "Feature", "properties": { "zone_code": "NSR-GRID-001", "event_id": "evt_dry_009", "timestamp": "2024-02-20T00:00", "y_pred": 0.45696713187502108, "predicted_risk_class": "medium", "rain_24h_mm": 0.0, "gpm_precipitation_sum": 0.0, "built_surface_mean": 4113.7566650508961, "population_sum": 0.0 }, "geometry": { "type": "Polygon", "coordinates": [ [ [ 31.335730782102992, 30.083829560345315 ], [ 31.331239205682394, 30.083829560345315 ], [ 31.331239205682394, 30.084703272192819 ], [ 31.3330202, 30.0849553 ], [ 31.3344929, 30.0864727 ], [ 31.335730782102992, 30.08589819288575 ], [ 31.335730782102992, 30.083829560345315 ] ] ] } },
{ "type": "Feature", "properties": { "zone_code": "NSR-GRID-002", "event_id": "evt_dry_009", "timestamp": "2024-02-20T00:00", "y_pred": 0.42204864333204462, "predicted_risk_class": "medium", "rain_24h_mm": 0.0, "gpm_precipitation_sum": 0.0, "built_surface_mean": 3967.2195121951208, "population_sum": 0.0 }, "geometry": { "type": "Polygon", "coordinates": [ [ [ 31.335730782102992, 30.083829560345315 ], [ 31.335730782102992, 30.08589819288575 ], [ 31.3358566, 30.0858398 ], [ 31.3387371, 30.084446 ], [ 31.34002192159258, 30.083829560345315 ], [ 31.335730782102992, 30.083829560345315 ] ] ] } },
{ "type": "Feature", "properties": { "zone_code": "NSR-GRID-003", "event_id": "evt_dry_009", "timestamp": "2024-02-20T00:00", "y_pred": 0.48164841639206118, "predicted_risk_class": "medium", "rain_24h_mm": 0.0, "gpm_precipitation_sum": 0.0, "built_surface_mean": 4228.8852713178294, "population_sum": 0.0 }, "geometry": { "type": "Polygon", "coordinates": [ [ [ 31.326747629261792, 30.083829560345315 ], [ 31.322256052841194, 30.083829560345315 ], [ 31.322256052841194, 30.083962018114139 ], [ 31.3238021, 30.0848354 ], [ 31.3243457, 30.0845761 ], [ 31.3258647, 30.0840293 ], [ 31.326747629261792, 30.084110192873712 ], [ 31.326747629261792, 30.083829560345315 ] ] ] } },
{ "type": "Feature", "properties": { "zone_code": "NSR-GRID-004", "event_id": "evt_dry_009", "timestamp": "2024-02-20T00:00", "y_pred": 0.42913247628980988, "predicted_risk_class": "medium", "rain_24h_mm": 0.0, "gpm_precipitation_sum": 0.0, "built_surface_mean": 3238.6048158640228, "population_sum": 0.0 }, "geometry": { "type": "Polygon", "coordinates": [ [ [ 31.331239205682394, 30.083829560345315 ], [ 31.326747629261792, 30.083829560345315 ], [ 31.326747629261792, 30.084110192873712 ], [ 31.3276198, 30.0841901 ], [ 31.3299349, 30.0845187 ], [ 31.331239205682394, 30.084703272192819 ], [ 31.331239205682394, 30.083829560345315 ] ] ] } },
{ "type": "Feature", "properties": { "zone_code": "NSR-GRID-005", "event_id": "evt_dry_009", "timestamp": "2024-02-20T00:00", "y_pred": 0.51328293672703218, "predicted_risk_class": "medium", "rain_24h_mm": 0.0, "gpm_precipitation_sum": 0.0, "built_surface_mean": 4321.0, "population_sum": 0.0 }, "geometry": { "type": "Polygon", "coordinates": [ [ [ 31.322256052841194, 30.083829560345315 ], [ 31.322021579331782, 30.083829560345315 ], [ 31.322256052841194, 30.083962018114139 ], [ 31.322256052841194, 30.083829560345315 ] ] ] } },
{ "type": "Feature", "properties": { "zone_code": "NSR-GRID-006", "event_id": "evt_dry_009", "timestamp": "2024-02-20T00:00", "y_pred": 0.5346771886288999, "predicted_risk_class": "medium", "rain_24h_mm": 0.0, "gpm_precipitation_sum": 0.0, "built_surface_mean": 4724.81881754609, "population_sum": 0.0 }, "geometry": { "type": "Polygon", "coordinates": [ [ [ 31.322256052841194, 30.079942954681194 ], [ 31.322256052841194, 30.083829560345315 ], [ 31.326747629261792, 30.083829560345315 ], [ 31.326747629261792, 30.079942954681194 ], [ 31.322256052841194, 30.079942954681194 ] ] ] } },
{ "type": "Feature", "properties": { "zone_code": "NSR-GRID-007", "event_id": "evt_dry_009", "timestamp": "2024-02-20T00:00", "y_pred": 0.49165689281225727, "predicted_risk_class": "medium", "rain_24h_mm": 0.0, "gpm_precipitation_sum": 0.0, "built_surface_mean": 4016.3692242475622, "population_sum": 0.0 }, "geometry": { "type": "Polygon", "coordinates": [ [ [ 31.326747629261792, 30.079942954681194 ], [ 31.326747629261792, 30.083829560345315 ], [ 31.331239205682394, 30.083829560345315 ], [ 31.331239205682394, 30.079942954681194 ], [ 31.326747629261792, 30.079942954681194 ] ] ] } },
{ "type": "Feature", "properties": { "zone_code": "NSR-GRID-008", "event_id": "evt_dry_009", "timestamp": "2024-02-20T00:00", "y_pred": 0.43494998409829011, "predicted_risk_class": "medium", "rain_24h_mm": 0.0, "gpm_precipitation_sum": 0.0, "built_surface_mean": 4123.7422636710471, "population_sum": 0.0 }, "geometry": { "type": "Polygon", "coordinates": [ [ [ 31.331239205682394, 30.079942954681194 ], [ 31.331239205682394, 30.083829560345315 ], [ 31.335730782102992, 30.083829560345315 ], [ 31.335730782102992, 30.079942954681194 ], [ 31.331239205682394, 30.079942954681194 ] ] ] } },
{ "type": "Feature", "properties": { "zone_code": "NSR-GRID-009", "event_id": "evt_dry_009", "timestamp": "2024-02-20T00:00", "y_pred": 0.41636665236926179, "predicted_risk_class": "medium", "rain_24h_mm": 0.0, "gpm_precipitation_sum": 0.0, "built_surface_mean": 4480.8590504451049, "population_sum": 0.0 }, "geometry": { "type": "Polygon", "coordinates": [ [ [ 31.340222358523583, 30.079942954681194 ], [ 31.335730782102992, 30.079942954681194 ], [ 31.335730782102992, 30.083829560345315 ], [ 31.34002192159258, 30.083829560345315 ], [ 31.340222358523583, 30.08373339312773 ], [ 31.340222358523583, 30.079942954681194 ] ] ] } },
{ "type": "Feature", "properties": { "zone_code": "NSR-GRID-010", "event_id": "evt_dry_009", "timestamp": "2024-02-20T00:00", "y_pred": 0.46509100026587219, "predicted_risk_class": "medium", "rain_24h_mm": 0.0, "gpm_precipitation_sum": 0.0, "built_surface_mean": 3743.5059871046969, "population_sum": 0.0 }, "geometry": { "type": "Polygon", "coordinates": [ [ [ 31.322256052841194, 30.083829560345315 ], [ 31.322256052841194, 30.079942954681194 ], [ 31.317764476420596, 30.079942954681194 ], [ 31.317764476420596, 30.081209989726094 ], [ 31.3178299, 30.0812632 ], [ 31.320839, 30.0831615 ], [ 31.322021579331782, 30.083829560345315 ], [ 31.322256052841194, 30.083829560345315 ] ] ] } },
{ "type": "Feature", "properties": { "zone_code": "NSR-GRID-011", "event_id": "evt_dry_009", "timestamp": "2024-02-20T00:00", "y_pred": 0.39750870321360932, "predicted_risk_class": "medium", "rain_24h_mm": 0.0, "gpm_precipitation_sum": 0.0, "built_surface_mean": 3686.9107358262968, "population_sum": 0.0 }, "geometry": { "type": "Polygon", "coordinates": [ [ [ 31.344713934944181, 30.079942954681194 ], [ 31.340222358523583, 30.079942954681194 ], [ 31.340222358523583, 30.08373339312773 ], [ 31.3416438, 30.0830514 ], [ 31.3445051, 30.0817069 ], [ 31.344713934944181, 30.081688966805682 ], [ 31.344713934944181, 30.079942954681194 ] ] ] } },
{ "type": "Feature", "properties": { "zone_code": "NSR-GRID-012", "event_id": "evt_dry_009", "timestamp": "2024-02-20T00:00", "y_pred": 0.44051614626734159, "predicted_risk_class": "medium", "rain_24h_mm": 0.0, "gpm_precipitation_sum": 0.0, "built_surface_mean": 3582.3094688221709, "population_sum": 0.0 }, "geometry": { "type": "Polygon", "coordinates": [ [ [ 31.349205511364779, 30.079942954681194 ], [ 31.344713934944181, 30.079942954681194 ], [ 31.344713934944181, 30.081688966805682 ], [ 31.3447578, 30.0816852 ], [ 31.3468277, 30.0813582 ], [ 31.349205511364779, 30.081134106167308 ], [ 31.349205511364779, 30.079942954681194 ] ] ] } },
{ "type": "Feature", "properties": { "zone_code": "NSR-GRID-013", "event_id": "evt_dry_009", "timestamp": "2024-02-20T00:00", "y_pred": 0.43595788406300018, "predicted_risk_class": "medium", "rain_24h_mm": 0.0, "gpm_precipitation_sum": 0.0, "built_surface_mean": 3567.6044330775785, "population_sum": 0.0 }, "geometry": { "type": "Polygon", "coordinates": [ [ [ 31.353697087785381, 30.079942954681194 ], [ 31.349205511364779, 30.079942954681194 ], [ 31.349205511364779, 30.081134106167308 ], [ 31.3516938, 30.0808996 ], [ 31.3529245, 30.0807838 ], [ 31.353697087785381, 30.080707809918284 ], [ 31.353697087785381, 30.079942954681194 ] ] ] } },
{ "type": "Feature", "properties": { "zone_code": "NSR-GRID-014", "event_id": "evt_dry_009", "timestamp": "2024-02-20T00:00", "y_pred": 0.26081044720814539, "predicted_risk_class": "low", "rain_24h_mm": 0.0, "gpm_precipitation_sum": 0.0, "built_surface_mean": 1788.582278481013, "population_sum": 0.0 }, "geometry": { "type": "Polygon", "coordinates": [ [ [ 31.41208758125315, 30.079942954681194 ], [ 31.407596004832552, 30.079942954681194 ], [ 31.407596004832552, 30.080918626043523 ], [ 31.4103742, 30.0808662 ], [ 31.41208758125315, 30.080730635579286 ], [ 31.41208758125315, 30.079942954681194 ] ] ] } },
{ "type": "Feature", "properties": { "zone_code": "NSR-GRID-015", "event_id": "evt_dry_009", "timestamp": "2024-02-20T00:00", "y_pred": 0.25123028397098363, "predicted_risk_class": "low", "rain_24h_mm": 0.0, "gpm_precipitation_sum": 0.0, "built_surface_mean": 1105.1292705447831, "population_sum": 0.0 }, "geometry": { "type": "Polygon", "coordinates": [ [ [ 31.407596004832552, 30.079942954681194 ], [ 31.403104428411954, 30.079942954681194 ], [ 31.403104428411954, 30.080723258092874 ], [ 31.4067654, 30.0809343 ], [ 31.407596004832552, 30.080918626043523 ], [ 31.407596004832552, 30.079942954681194 ] ] ] } },
{ "type": "Feature", "properties": { "zone_code": "NSR-GRID-016", "event_id": "evt_dry_009", "timestamp": "2024-02-20T00:00", "y_pred": 0.3112476277708931, "predicted_risk_class": "low", "rain_24h_mm": 0.0, "gpm_precipitation_sum": 0.0, "built_surface_mean": 1905.1653846153847, "population_sum": 0.0 }, "geometry": { "type": "Polygon", "coordinates": [ [ [ 31.317764476420596, 30.079942954681194 ], [ 31.316206630377078, 30.079942954681194 ], [ 31.317764476420596, 30.081209989726094 ], [ 31.317764476420596, 30.079942954681194 ] ] ] } },
{ "type": "Feature", "properties": { "zone_code": "NSR-GRID-017", "event_id": "evt_dry_009", "timestamp": "2024-02-20T00:00", "y_pred": 0.3201389922585291, "predicted_risk_class": "low", "rain_24h_mm": 0.0, "gpm_precipitation_sum": 0.0, "built_surface_mean": 2504.6199213630398, "population_sum": 0.0 }, "geometry": { "type": "Polygon", "coordinates": [ [ [ 31.403104428411954, 30.079942954681194 ], [ 31.398612851991352, 30.079942954681194 ], [ 31.398612851991352, 30.080440135059103 ], [ 31.3994916, 30.080495899999985 ], [ 31.4030774, 30.0807217 ], [ 31.403104428411954, 30.080723258092874 ], [ 31.403104428411954, 30.079942954681194 ] ] ] } },
{ "type": "Feature", "properties": { "zone_code": "NSR-GRID-018", "event_id": "evt_dry_009", "timestamp": "2024-02-20T00:00", "y_pred": 0.2457437579433788, "predicted_risk_class": "low", "rain_24h_mm": 0.0, "gpm_precipitation_sum": 0.0, "built_surface_mean": 1457.4575971731444, "population_sum": 0.0 }, "geometry": { "type": "Polygon", "coordinates": [ [ [ 31.416579157673748, 30.079942954681194 ], [ 31.41208758125315, 30.079942954681194 ], [ 31.41208758125315, 30.080730635579286 ], [ 31.413314, 30.0806336 ], [ 31.416579157673748, 30.080023009105005 ], [ 31.416579157673748, 30.079942954681194 ] ] ] } },
{ "type": "Feature", "properties": { "zone_code": "NSR-GRID-019", "event_id": "evt_dry_009", "timestamp": "2024-02-20T00:00", "y_pred": 0.44627617589554691, "predicted_risk_class": "medium", "rain_24h_mm": 0.0, "gpm_precipitation_sum": 0.0, "built_surface_mean": 3433.8671875000005, "population_sum": 0.0 }, "geometry": { "type": "Polygon", "coordinates": [ [ [ 31.358188664205979, 30.079942954681194 ], [ 31.353697087785381, 30.079942954681194 ], [ 31.353697087785381, 30.080707809918284 ], [ 31.358188664205979, 30.080266026914554 ], [ 31.358188664205979, 30.079942954681194 ] ] ] } },
{ "type": "Feature", "properties": { "zone_code": "NSR-GRID-020", "event_id": "evt_dry_009", "timestamp": "2024-02-20T00:00", "y_pred": 0.20276379632207231, "predicted_risk_class": "low", "rain_24h_mm": 0.0, "gpm_precipitation_sum": 0.0, "built_surface_mean": 332.3292079207921, "population_sum": 0.0 }, "geometry": { "type": "Polygon", "coordinates": [ [ [ 31.398612851991352, 30.079942954681194 ], [ 31.394121275570754, 30.079942954681194 ], [ 31.394121275570754, 30.080153360695039 ], [ 31.3947957, 30.0801979 ], [ 31.398612851991352, 30.080440135059103 ], [ 31.398612851991352, 30.079942954681194 ] ] ] } },
{ "type": "Feature", "properties": { "zone_code": "NSR-GRID-021", "event_id": "evt_dry_009", "timestamp": "2024-02-20T00:00", "y_pred": 0.35682614975818061, "predicted_risk_class": "medium", "rain_24h_mm": 0.0, "gpm_precipitation_sum": 0.0, "built_surface_mean": 1765.0, "population_sum": 0.0 }, "geometry": { "type": "Polygon", "coordinates": [ [ [ 31.358188664205979, 30.079942954681194 ], [ 31.358188664205979, 30.080266026914554 ], [ 31.3587105, 30.0802147 ], [ 31.360666932153229, 30.079942954681194 ], [ 31.358188664205979, 30.079942954681194 ] ] ] } },
{ "type": "Feature", "properties": { "zone_code": "NSR-GRID-022", "event_id": "evt_dry_009", "timestamp": "2024-02-20T00:00", "y_pred": 0.29789510440443351, "predicted_risk_class": "low", "rain_24h_mm": 0.0, "gpm_precipitation_sum": 0.0, "built_surface_mean": 1744.4305555555557, "population_sum": 0.0 }, "geometry": { "type": "Polygon", "coordinates": [ [ [ 31.394121275570754, 30.079942954681194 ], [ 31.390935263282209, 30.079942954681194 ], [ 31.394121275570754, 30.080153360695039 ], [ 31.394121275570754, 30.079942954681194 ] ] ] } },
{ "type": "Feature", "properties": { "zone_code": "NSR-GRID-023", "event_id": "evt_dry_009", "timestamp": "2024-02-20T00:00", "y_pred": 0.1695294304856883, "predicted_risk_class": "low", "rain_24h_mm": 0.0, "gpm_precipitation_sum": 0.0, "built_surface_mean": 0.0, "population_sum": 0.0 }, "geometry": { "type": "Polygon", "coordinates": [ [ [ 31.416579157673748, 30.079942954681194 ], [ 31.416579157673748, 30.080023009105005 ], [ 31.4166145, 30.0800164 ], [ 31.416923198824446, 30.079942954681194 ], [ 31.416579157673748, 30.079942954681194 ] ] ] } },
{ "type": "Feature", "properties": { "zone_code": "NSR-GRID-024", "event_id": "evt_dry_009", "timestamp": "2024-02-20T00:00", "y_pred": 0.46073338650291079, "predicted_risk_class": "medium", "rain_24h_mm": 0.0, "gpm_precipitation_sum": 0.0, "built_surface_mean": 3902.4886644682601, "population_sum": 0.0 }, "geometry": { "type": "Polygon", "coordinates": [ [ [ 31.317764476420596, 30.07605619630511 ], [ 31.317764476420596, 30.079942954681194 ], [ 31.322256052841194, 30.079942954681194 ], [ 31.322256052841194, 30.07605619630511 ], [ 31.317764476420596, 30.07605619630511 ] ] ] } },
{ "type": "Feature", "properties": { "zone_code": "NSR-GRID-025", "event_id": "evt_dry_009", "timestamp": "2024-02-20T00:00", "y_pred": 0.45675421085461099, "predicted_risk_class": "medium", "rain_24h_mm": 0.0, "gpm_precipitation_sum": 0.0, "built_surface_mean": 3728.2024324881459, "population_sum": 0.0 }, "geometry": { "type": "Polygon", "coordinates": [ [ [ 31.322256052841194, 30.07605619630511 ], [ 31.322256052841194, 30.079942954681194 ], [ 31.326747629261792, 30.079942954681194 ], [ 31.326747629261792, 30.07605619630511 ], [ 31.322256052841194, 30.07605619630511 ] ] ] } },
{ "type": "Feature", "properties": { "zone_code": "NSR-GRID-026", "event_id": "evt_dry_009", "timestamp": "2024-02-20T00:00", "y_pred": 0.37854670058565992, "predicted_risk_class": "medium", "rain_24h_mm": 0.0, "gpm_precipitation_sum": 0.0, "built_surface_mean": 2655.4241237113401, "population_sum": 0.0 }, "geometry": { "type": "Polygon", "coordinates": [ [ [ 31.326747629261792, 30.07605619630511 ], [ 31.326747629261792, 30.079942954681194 ], [ 31.331239205682394, 30.079942954681194 ], [ 31.331239205682394, 30.07605619630511 ], [ 31.326747629261792, 30.07605619630511 ] ] ] } },
{ "type": "Feature", "properties": { "zone_code": "NSR-GRID-027", "event_id": "evt_dry_009", "timestamp": "2024-02-20T00:00", "y_pred": 0.47209815251814541, "predicted_risk_class": "medium", "rain_24h_mm": 0.0, "gpm_precipitation_sum": 0.0, "built_surface_mean": 4037.2133580705008, "population_sum": 0.0 }, "geometry": { "type": "Polygon", "coordinates": [ [ [ 31.331239205682394, 30.07605619630511 ], [ 31.331239205682394, 30.079942954681194 ], [ 31.335730782102992, 30.079942954681194 ], [ 31.335730782102992, 30.07605619630511 ], [ 31.331239205682394, 30.07605619630511 ] ] ] } },
{ "type": "Feature", "properties": { "zone_code": "NSR-GRID-028", "event_id": "evt_dry_009", "timestamp": "2024-02-20T00:00", "y_pred": 0.41180555325364449, "predicted_risk_class": "medium", "rain_24h_mm": 0.0, "gpm_precipitation_sum": 0.0, "built_surface_mean": 4162.111592409241, "population_sum": 0.0 }, "geometry": { "type": "Polygon", "coordinates": [ [ [ 31.335730782102992, 30.07605619630511 ], [ 31.335730782102992, 30.079942954681194 ], [ 31.340222358523583, 30.079942954681194 ], [ 31.340222358523583, 30.07605619630511 ], [ 31.335730782102992, 30.07605619630511 ] ] ] } },
{ "type": "Feature", "properties": { "zone_code": "NSR-GRID-029", "event_id": "evt_dry_009", "timestamp": "2024-02-20T00:00", "y_pred": 0.40507818905880533, "predicted_risk_class": "medium", "rain_24h_mm": 0.0, "gpm_precipitation_sum": 0.0, "built_surface_mean": 3624.8972984120433, "population_sum": 0.0 }, "geometry": { "type": "Polygon", "coordinates": [ [ [ 31.340222358523583, 30.07605619630511 ], [ 31.340222358523583, 30.079942954681194 ], [ 31.344713934944181, 30.079942954681194 ], [ 31.344713934944181, 30.07605619630511 ], [ 31.340222358523583, 30.07605619630511 ] ] ] } },
{ "type": "Feature", "properties": { "zone_code": "NSR-GRID-030", "event_id": "evt_dry_009", "timestamp": "2024-02-20T00:00", "y_pred": 0.41100860756018148, "predicted_risk_class": "medium", "rain_24h_mm": 0.0, "gpm_precipitation_sum": 0.0, "built_surface_mean": 3616.7958762886601, "population_sum": 0.0 }, "geometry": { "type": "Polygon", "coordinates": [ [ [ 31.344713934944181, 30.07605619630511 ], [ 31.344713934944181, 30.079942954681194 ], [ 31.349205511364779, 30.079942954681194 ], [ 31.349205511364779, 30.07605619630511 ], [ 31.344713934944181, 30.07605619630511 ] ] ] } },
{ "type": "Feature", "properties": { "zone_code": "NSR-GRID-031", "event_id": "evt_dry_009", "timestamp": "2024-02-20T00:00", "y_pred": 0.31524163587593618, "predicted_risk_class": "low", "rain_24h_mm": 0.0, "gpm_precipitation_sum": 0.0, "built_surface_mean": 2433.1504844361989, "population_sum": 0.0 }, "geometry": { "type": "Polygon", "coordinates": [ [ [ 31.349205511364779, 30.07605619630511 ], [ 31.349205511364779, 30.079942954681194 ], [ 31.353697087785381, 30.079942954681194 ], [ 31.353697087785381, 30.07605619630511 ], [ 31.349205511364779, 30.07605619630511 ] ] ] } },
{ "type": "Feature", "properties": { "zone_code": "NSR-GRID-032", "event_id": "evt_dry_009", "timestamp": "2024-02-20T00:00", "y_pred": 0.44518971568021432, "predicted_risk_class": "medium", "rain_24h_mm": 0.0, "gpm_precipitation_sum": 0.0, "built_surface_mean": 3559.8494845360801, "population_sum": 0.0 }, "geometry": { "type": "Polygon", "coordinates": [ [ [ 31.353697087785381, 30.07605619630511 ], [ 31.353697087785381, 30.079942954681194 ], [ 31.358188664205979, 30.079942954681194 ], [ 31.358188664205979, 30.07605619630511 ], [ 31.353697087785381, 30.07605619630511 ] ] ] } },
{ "type": "Feature", "properties": { "zone_code": "NSR-GRID-033", "event_id": "evt_dry_009", "timestamp": "2024-02-20T00:00", "y_pred": 0.21571812306115001, "predicted_risk_class": "low", "rain_24h_mm": 0.0, "gpm_precipitation_sum": 0.0, "built_surface_mean": 749.67635539064088, "population_sum": 0.0 }, "geometry": { "type": "Polygon", "coordinates": [ [ [ 31.394121275570754, 30.07605619630511 ], [ 31.394121275570754, 30.079942954681194 ], [ 31.398612851991352, 30.079942954681194 ], [ 31.398612851991352, 30.07605619630511 ], [ 31.394121275570754, 30.07605619630511 ] ] ] } },
{ "type": "Feature", "properties": { "zone_code": "NSR-GRID-034", "event_id": "evt_dry_009", "timestamp": "2024-02-20T00:00", "y_pred": 0.28584096238130852, "predicted_risk_class": "low", "rain_24h_mm": 0.0, "gpm_precipitation_sum": 0.0, "built_surface_mean": 1759.1361386138617, "population_sum": 0.0 }, "geometry": { "type": "Polygon", "coordinates": [ [ [ 31.398612851991352, 30.07605619630511 ], [ 31.398612851991352, 30.079942954681194 ], [ 31.403104428411954, 30.079942954681194 ], [ 31.403104428411954, 30.07605619630511 ], [ 31.398612851991352, 30.07605619630511 ] ] ] } },
{ "type": "Feature", "properties": { "zone_code": "NSR-GRID-035", "event_id": "evt_dry_009", "timestamp": "2024-02-20T00:00", "y_pred": 0.23674837558036341, "predicted_risk_class": "low", "rain_24h_mm": 0.0, "gpm_precipitation_sum": 0.0, "built_surface_mean": 1071.2575257731958, "population_sum": 0.0 }, "geometry": { "type": "Polygon", "coordinates": [ [ [ 31.403104428411954, 30.07605619630511 ], [ 31.403104428411954, 30.079942954681194 ], [ 31.407596004832552, 30.079942954681194 ], [ 31.407596004832552, 30.07605619630511 ], [ 31.403104428411954, 30.07605619630511 ] ] ] } },
{ "type": "Feature", "properties": { "zone_code": "NSR-GRID-036", "event_id": "evt_dry_009", "timestamp": "2024-02-20T00:00", "y_pred": 0.2030408928096667, "predicted_risk_class": "low", "rain_24h_mm": 0.0, "gpm_precipitation_sum": 0.0, "built_surface_mean": 807.91774891774878, "population_sum": 0.0 }, "geometry": { "type": "Polygon", "coordinates": [ [ [ 31.407596004832552, 30.07605619630511 ], [ 31.407596004832552, 30.079942954681194 ], [ 31.41208758125315, 30.079942954681194 ], [ 31.41208758125315, 30.07605619630511 ], [ 31.407596004832552, 30.07605619630511 ] ] ] } },
{ "type": "Feature", "properties": { "zone_code": "NSR-GRID-037", "event_id": "evt_dry_009", "timestamp": "2024-02-20T00:00", "y_pred": 0.26983357315787138, "predicted_risk_class": "low", "rain_24h_mm": 0.0, "gpm_precipitation_sum": 0.0, "built_surface_mean": 1711.2685089709221, "population_sum": 0.0 }, "geometry": { "type": "Polygon", "coordinates": [ [ [ 31.41208758125315, 30.07605619630511 ], [ 31.41208758125315, 30.079942954681194 ], [ 31.416579157673748, 30.079942954681194 ], [ 31.416579157673748, 30.07605619630511 ], [ 31.41208758125315, 30.07605619630511 ] ] ] } },
{ "type": "Feature", "properties": { "zone_code": "NSR-GRID-038", "event_id": "evt_dry_009", "timestamp": "2024-02-20T00:00", "y_pred": 0.330907406064192, "predicted_risk_class": "medium", "rain_24h_mm": 0.0, "gpm_precipitation_sum": 0.0, "built_surface_mean": 2221.0153367875641, "population_sum": 0.0 }, "geometry": { "type": "Polygon", "coordinates": [ [ [ 31.394121275570754, 30.079942954681194 ], [ 31.394121275570754, 30.07605619630511 ], [ 31.389629699150163, 30.07605619630511 ], [ 31.389629699150163, 30.079856958668557 ], [ 31.3897912, 30.0798674 ], [ 31.390935263282209, 30.079942954681194 ], [ 31.394121275570754, 30.079942954681194 ] ] ] } },
{ "type": "Feature", "properties": { "zone_code": "NSR-GRID-039", "event_id": "evt_dry_009", "timestamp": "2024-02-20T00:00", "y_pred": 0.4078798200504577, "predicted_risk_class": "medium", "rain_24h_mm": 0.0, "gpm_precipitation_sum": 0.0, "built_surface_mean": 3059.1661415668977, "population_sum": 0.0 }, "geometry": { "type": "Polygon", "coordinates": [ [ [ 31.362680240626577, 30.07605619630511 ], [ 31.358188664205979, 30.07605619630511 ], [ 31.358188664205979, 30.079942954681194 ], [ 31.360666932153229, 30.079942954681194 ], [ 31.362680240626577, 30.079663308552469 ], [ 31.362680240626577, 30.07605619630511 ] ] ] } },
{ "type": "Feature", "properties": { "zone_code": "NSR-GRID-040", "event_id": "evt_dry_009", "timestamp": "2024-02-20T00:00", "y_pred": 0.3244585029038623, "predicted_risk_class": "low", "rain_24h_mm": 0.0, "gpm_precipitation_sum": 0.0, "built_surface_mean": 2222.9046045384448, "population_sum": 0.0 }, "geometry": { "type": "Polygon", "coordinates": [ [ [ 31.389629699150163, 30.07605619630511 ], [ 31.385138122729565, 30.07605619630511 ], [ 31.385138122729565, 30.079566569426436 ], [ 31.389629699150163, 30.079856958668557 ], [ 31.389629699150163, 30.07605619630511 ] ] ] } },
{ "type": "Feature", "properties": { "zone_code": "NSR-GRID-041", "event_id": "evt_dry_009", "timestamp": "2024-02-20T00:00", "y_pred": 0.45136522739783441, "predicted_risk_class": "medium", "rain_24h_mm": 0.0, "gpm_precipitation_sum": 0.0, "built_surface_mean": 3928.7239196256528, "population_sum": 0.0 }, "geometry": { "type": "Polygon", "coordinates": [ [ [ 31.317764476420596, 30.079942954681194 ], [ 31.317764476420596, 30.07605619630511 ], [ 31.314558855243369, 30.07605619630511 ], [ 31.3132729, 30.0777836 ], [ 31.3136103, 30.07801520000001 ], [ 31.3158698, 30.079669 ], [ 31.316206630377078, 30.079942954681194 ], [ 31.317764476420596, 30.079942954681194 ] ] ] } },
{ "type": "Feature", "properties": { "zone_code": "NSR-GRID-042", "event_id": "evt_dry_009", "timestamp": "2024-02-20T00:00", "y_pred": 0.2252429983018433, "predicted_risk_class": "low", "rain_24h_mm": 0.0, "gpm_precipitation_sum": 0.0, "built_surface_mean": 1362.4311840562723, "population_sum": 0.0 }, "geometry": { "type": "Polygon", "coordinates": [ [ [ 31.421070734094339, 30.07605619630511 ], [ 31.416579157673748, 30.07605619630511 ], [ 31.416579157673748, 30.079942954681194 ], [ 31.416923198824446, 30.079942954681194 ], [ 31.4207474, 30.0790331 ], [ 31.421070734094339, 30.078964837935398 ], [ 31.421070734094339, 30.07605619630511 ] ] ] } },
{ "type": "Feature", "properties": { "zone_code": "NSR-GRID-043", "event_id": "evt_dry_009", "timestamp": "2024-02-20T00:00", "y_pred": 0.3606755464859106, "predicted_risk_class": "medium", "rain_24h_mm": 0.0, "gpm_precipitation_sum": 0.0, "built_surface_mean": 2488.7342353225422, "population_sum": 0.0 }, "geometry": { "type": "Polygon", "coordinates": [ [ [ 31.367171817047169, 30.07605619630511 ], [ 31.362680240626577, 30.07605619630511 ], [ 31.362680240626577, 30.079663308552469 ], [ 31.3643333, 30.0794337 ], [ 31.367171817047169, 30.079145145707987 ], [ 31.367171817047169, 30.07605619630511 ] ] ] } },
{ "type": "Feature", "properties": { "zone_code": "NSR-GRID-044", "event_id": "evt_dry_009", "timestamp": "2024-02-20T00:00", "y_pred": 0.46083069269428462, "predicted_risk_class": "medium", "rain_24h_mm": 0.0, "gpm_precipitation_sum": 0.0, "built_surface_mean": 4015.4992529880478, "population_sum": 0.0 }, "geometry": { "type": "Polygon", "coordinates": [ [ [ 31.385138122729565, 30.07605619630511 ], [ 31.380646546308967, 30.07605619630511 ], [ 31.380646546308967, 30.078907291211365 ], [ 31.3839739, 30.0794913 ], [ 31.385138122729565, 30.079566569426436 ], [ 31.385138122729565, 30.07605619630511 ] ] ] } },
{ "type": "Feature", "properties": { "zone_code": "NSR-GRID-045", "event_id": "evt_dry_009", "timestamp": "2024-02-20T00:00", "y_pred": 0.19328798766958549, "predicted_risk_class": "low", "rain_24h_mm": 0.0, "gpm_precipitation_sum": 0.0, "built_surface_mean": 879.0248599439775, "population_sum": 0.0 }, "geometry": { "type": "Polygon", "coordinates": [ [ [ 31.430053886935539, 30.07605619630511 ], [ 31.430053886935539, 30.078738471632981 ], [ 31.4345304, 30.0791284 ], [ 31.432863812871989, 30.07605619630511 ], [ 31.430053886935539, 30.07605619630511 ] ] ] } },
{ "type": "Feature", "properties": { "zone_code": "NSR-GRID-046", "event_id": "evt_dry_009", "timestamp": "2024-02-20T00:00", "y_pred": 0.36865102096821201, "predicted_risk_class": "medium", "rain_24h_mm": 0.0, "gpm_precipitation_sum": 0.0, "built_surface_mean": 2642.0817645406005, "population_sum": 0.0 }, "geometry": { "type": "Polygon", "coordinates": [ [ [ 31.371663393467767, 30.07605619630511 ], [ 31.367171817047169, 30.07605619630511 ], [ 31.367171817047169, 30.079145145707987 ], [ 31.3713825, 30.0787171 ], [ 31.371663393467767, 30.078690979793414 ], [ 31.371663393467767, 30.07605619630511 ] ] ] } },
{ "type": "Feature", "properties": { "zone_code": "NSR-GRID-047", "event_id": "evt_dry_009", "timestamp": "2024-02-20T00:00", "y_pred": 0.1635198258105848, "predicted_risk_class": "low", "rain_24h_mm": 0.0, "gpm_precipitation_sum": 0.0, "built_surface_mean": 73.908602150537632, "population_sum": 0.0 }, "geometry": { "type": "Polygon", "coordinates": [ [ [ 31.425562310514941, 30.07605619630511 ], [ 31.421070734094339, 30.07605619630511 ], [ 31.421070734094339, 30.078964837935398 ], [ 31.4231863, 30.0785182 ], [ 31.425562310514941, 30.078405671858871 ], [ 31.425562310514941, 30.07605619630511 ] ] ] } },
{ "type": "Feature", "properties": { "zone_code": "NSR-GRID-048", "event_id": "evt_dry_009", "timestamp": "2024-02-20T00:00", "y_pred": 0.36325920775813358, "predicted_risk_class": "medium", "rain_24h_mm": 0.0, "gpm_precipitation_sum": 0.0, "built_surface_mean": 2736.8980707395503, "population_sum": 0.0 }, "geometry": { "type": "Polygon", "coordinates": [ [ [ 31.380646546308967, 30.07605619630511 ], [ 31.376154969888365, 30.07605619630511 ], [ 31.376154969888365, 30.078273308396266 ], [ 31.3762669, 30.0782629 ], [ 31.3786582, 30.0785583 ], [ 31.380646546308967, 30.078907291211365 ], [ 31.380646546308967, 30.07605619630511 ] ] ] } },
{ "type": "Feature", "properties": { "zone_code": "NSR-GRID-049", "event_id": "evt_dry_009", "timestamp": "2024-02-20T00:00", "y_pred": 0.16176526435239669, "predicted_risk_class": "low", "rain_24h_mm": 0.0, "gpm_precipitation_sum": 0.0, "built_surface_mean": 331.43273542600889, "population_sum": 0.0 }, "geometry": { "type": "Polygon", "coordinates": [ [ [ 31.430053886935539, 30.07605619630511 ], [ 31.425562310514941, 30.07605619630511 ], [ 31.425562310514941, 30.078405671858871 ], [ 31.4255955, 30.0784041 ], [ 31.428137, 30.0785715 ], [ 31.430053886935539, 30.078738471632981 ], [ 31.430053886935539, 30.07605619630511 ] ] ] } },
{ "type": "Feature", "properties": { "zone_code": "NSR-GRID-050", "event_id": "evt_dry_009", "timestamp": "2024-02-20T00:00", "y_pred": 0.39202597725184352, "predicted_risk_class": "medium", "rain_24h_mm": 0.0, "gpm_precipitation_sum": 0.0, "built_surface_mean": 2900.3167107001323, "population_sum": 0.0 }, "geometry": { "type": "Polygon", "coordinates": [ [ [ 31.376154969888365, 30.07605619630511 ], [ 31.371663393467767, 30.07605619630511 ], [ 31.371663393467767, 30.078690979793414 ], [ 31.376154969888365, 30.078273308396266 ], [ 31.376154969888365, 30.07605619630511 ] ] ] } },
{ "type": "Feature", "properties": { "zone_code": "NSR-GRID-051", "event_id": "evt_dry_009", "timestamp": "2024-02-20T00:00", "y_pred": 0.13317229303134959, "predicted_risk_class": "low", "rain_24h_mm": 0.0, "gpm_precipitation_sum": 0.0, "built_surface_mean": 181.66855295068711, "population_sum": 0.0 }, "geometry": { "type": "Polygon", "coordinates": [ [ [ 31.430053886935539, 30.07605619630511 ], [ 31.432863812871989, 30.07605619630511 ], [ 31.4326835, 30.0757238 ], [ 31.430053886935539, 30.07286926472964 ], [ 31.430053886935539, 30.07605619630511 ] ] ] } },
{ "type": "Feature", "properties": { "zone_code": "NSR-GRID-052", "event_id": "evt_dry_009", "timestamp": "2024-02-20T00:00", "y_pred": 0.42390178973974008, "predicted_risk_class": "medium", "rain_24h_mm": 0.0, "gpm_precipitation_sum": 0.0, "built_surface_mean": 3771.184901531728, "population_sum": 0.0 }, "geometry": { "type": "Polygon", "coordinates": [ [ [ 31.317764476420596, 30.07605619630511 ], [ 31.317764476420596, 30.072169285228959 ], [ 31.317448636849306, 30.072169285228959 ], [ 31.3161261, 30.0739509 ], [ 31.314558855243369, 30.07605619630511 ], [ 31.317764476420596, 30.07605619630511 ] ] ] } },
{ "type": "Feature", "properties": { "zone_code": "NSR-GRID-053", "event_id": "evt_dry_009", "timestamp": "2024-02-20T00:00", "y_pred": 0.1248860268680401, "predicted_risk_class": "low", "rain_24h_mm": 0.0, "gpm_precipitation_sum": 0.0, "built_surface_mean": 37.338415288812541, "population_sum": 0.0 }, "geometry": { "type": "Polygon", "coordinates": [ [ [ 31.425562310514941, 30.072169285228959 ], [ 31.425562310514941, 30.07605619630511 ], [ 31.430053886935539, 30.07605619630511 ], [ 31.430053886935539, 30.07286926472964 ], [ 31.429409073680993, 30.072169285228959 ], [ 31.425562310514941, 30.072169285228959 ] ] ] } },
{ "type": "Feature", "properties": { "zone_code": "NSR-GRID-054", "event_id": "evt_dry_009", "timestamp": "2024-02-20T00:00", "y_pred": 0.46263174253800288, "predicted_risk_class": "medium", "rain_24h_mm": 0.0, "gpm_precipitation_sum": 0.0, "built_surface_mean": 4043.4755244755247, "population_sum": 0.0 }, "geometry": { "type": "Polygon", "coordinates": [ [ [ 31.317764476420596, 30.072169285228959 ], [ 31.317764476420596, 30.07605619630511 ], [ 31.322256052841194, 30.07605619630511 ], [ 31.322256052841194, 30.072169285228959 ], [ 31.317764476420596, 30.072169285228959 ] ] ] } },
{ "type": "Feature", "properties": { "zone_code": "NSR-GRID-055", "event_id": "evt_dry_009", "timestamp": "2024-02-20T00:00", "y_pred": 0.36283544204536877, "predicted_risk_class": "medium", "rain_24h_mm": 0.0, "gpm_precipitation_sum": 0.0, "built_surface_mean": 3357.0481034117402, "population_sum": 0.0 }, "geometry": { "type": "Polygon", "coordinates": [ [ [ 31.322256052841194, 30.072169285228959 ], [ 31.322256052841194, 30.07605619630511 ], [ 31.326747629261792, 30.07605619630511 ], [ 31.326747629261792, 30.072169285228959 ], [ 31.322256052841194, 30.072169285228959 ] ] ] } },
{ "type": "Feature", "properties": { "zone_code": "NSR-GRID-056", "event_id": "evt_dry_009", "timestamp": "2024-02-20T00:00", "y_pred": 0.38698263346181128, "predicted_risk_class": "medium", "rain_24h_mm": 0.0, "gpm_precipitation_sum": 0.0, "built_surface_mean": 2892.4255138800595, "population_sum": 0.0 }, "geometry": { "type": "Polygon", "coordinates": [ [ [ 31.326747629261792, 30.072169285228959 ], [ 31.326747629261792, 30.07605619630511 ], [ 31.331239205682394, 30.07605619630511 ], [ 31.331239205682394, 30.072169285228959 ], [ 31.326747629261792, 30.072169285228959 ] ] ] } },
{ "type": "Feature", "properties": { "zone_code": "NSR-GRID-057", "event_id": "evt_dry_009", "timestamp": "2024-02-20T00:00", "y_pred": 0.44080658659822258, "predicted_risk_class": "medium", "rain_24h_mm": 0.0, "gpm_precipitation_sum": 0.0, "built_surface_mean": 3468.3969061241778, "population_sum": 0.0 }, "geometry": { "type": "Polygon", "coordinates": [ [ [ 31.331239205682394, 30.072169285228959 ], [ 31.331239205682394, 30.07605619630511 ], [ 31.335730782102992, 30.07605619630511 ], [ 31.335730782102992, 30.072169285228959 ], [ 31.331239205682394, 30.072169285228959 ] ] ] } },
{ "type": "Feature", "properties": { "zone_code": "NSR-GRID-058", "event_id": "evt_dry_009", "timestamp": "2024-02-20T00:00", "y_pred": 0.41655792754024917, "predicted_risk_class": "medium", "rain_24h_mm": 0.0, "gpm_precipitation_sum": 0.0, "built_surface_mean": 3672.891101694916, "population_sum": 0.0 }, "geometry": { "type": "Polygon", "coordinates": [ [ [ 31.335730782102992, 30.072169285228959 ], [ 31.335730782102992, 30.07605619630511 ], [ 31.340222358523583, 30.07605619630511 ], [ 31.340222358523583, 30.072169285228959 ], [ 31.335730782102992, 30.072169285228959 ] ] ] } },
{ "type": "Feature", "properties": { "zone_code": "NSR-GRID-059", "event_id": "evt_dry_009", "timestamp": "2024-02-20T00:00", "y_pred": 0.35899896247786311, "predicted_risk_class": "medium", "rain_24h_mm": 0.0, "gpm_precipitation_sum": 0.0, "built_surface_mean": 3353.898728813559, "population_sum": 0.0 }, "geometry": { "type": "Polygon", "coordinates": [ [ [ 31.340222358523583, 30.072169285228959 ], [ 31.340222358523583, 30.07605619630511 ], [ 31.344713934944181, 30.07605619630511 ], [ 31.344713934944181, 30.072169285228959 ], [ 31.340222358523583, 30.072169285228959 ] ] ] } },
{ "type": "Feature", "properties": { "zone_code": "NSR-GRID-060", "event_id": "evt_dry_009", "timestamp": "2024-02-20T00:00", "y_pred": 0.43138859068612861, "predicted_risk_class": "medium", "rain_24h_mm": 0.0, "gpm_precipitation_sum": 0.0, "built_surface_mean": 4080.953813559322, "population_sum": 0.0 }, "geometry": { "type": "Polygon", "coordinates": [ [ [ 31.344713934944181, 30.072169285228959 ], [ 31.344713934944181, 30.07605619630511 ], [ 31.349205511364779, 30.07605619630511 ], [ 31.349205511364779, 30.072169285228959 ], [ 31.344713934944181, 30.072169285228959 ] ] ] } },
{ "type": "Feature", "properties": { "zone_code": "NSR-GRID-061", "event_id": "evt_dry_009", "timestamp": "2024-02-20T00:00", "y_pred": 0.22250127047973489, "predicted_risk_class": "low", "rain_24h_mm": 0.0, "gpm_precipitation_sum": 0.0, "built_surface_mean": 1067.0324221233309, "population_sum": 0.0 }, "geometry": { "type": "Polygon", "coordinates": [ [ [ 31.349205511364779, 30.072169285228959 ], [ 31.349205511364779, 30.07605619630511 ], [ 31.353697087785381, 30.07605619630511 ], [ 31.353697087785381, 30.072169285228959 ], [ 31.349205511364779, 30.072169285228959 ] ] ] } },
{ "type": "Feature", "properties": { "zone_code": "NSR-GRID-062", "event_id": "evt_dry_009", "timestamp": "2024-02-20T00:00", "y_pred": 0.3093141863844972, "predicted_risk_class": "low", "rain_24h_mm": 0.0, "gpm_precipitation_sum": 0.0, "built_surface_mean": 2090.2027972027968, "population_sum": 0.0 }, "geometry": { "type": "Polygon", "coordinates": [ [ [ 31.353697087785381, 30.072169285228959 ], [ 31.353697087785381, 30.07605619630511 ], [ 31.358188664205979, 30.07605619630511 ], [ 31.358188664205979, 30.072169285228959 ], [ 31.353697087785381, 30.072169285228959 ] ] ] } },
{ "type": "Feature", "properties": { "zone_code": "NSR-GRID-063", "event_id": "evt_dry_009", "timestamp": "2024-02-20T00:00", "y_pred": 0.30518436586072478, "predicted_risk_class": "low", "rain_24h_mm": 0.0, "gpm_precipitation_sum": 0.0, "built_surface_mean": 1729.9730875185419, "population_sum": 0.0 }, "geometry": { "type": "Polygon", "coordinates": [ [ [ 31.358188664205979, 30.072169285228959 ], [ 31.358188664205979, 30.07605619630511 ], [ 31.362680240626577, 30.07605619630511 ], [ 31.362680240626577, 30.072169285228959 ], [ 31.358188664205979, 30.072169285228959 ] ] ] } },
{ "type": "Feature", "properties": { "zone_code": "NSR-GRID-064", "event_id": "evt_dry_009", "timestamp": "2024-02-20T00:00", "y_pred": 0.29884391208855737, "predicted_risk_class": "low", "rain_24h_mm": 0.0, "gpm_precipitation_sum": 0.0, "built_surface_mean": 2138.1048728813562, "population_sum": 0.0 }, "geometry": { "type": "Polygon", "coordinates": [ [ [ 31.362680240626577, 30.072169285228959 ], [ 31.362680240626577, 30.07605619630511 ], [ 31.367171817047169, 30.07605619630511 ], [ 31.367171817047169, 30.072169285228959 ], [ 31.362680240626577, 30.072169285228959 ] ] ] } },
{ "type": "Feature", "properties": { "zone_code": "NSR-GRID-065", "event_id": "evt_dry_009", "timestamp": "2024-02-20T00:00", "y_pred": 0.42723197910851929, "predicted_risk_class": "medium", "rain_24h_mm": 0.0, "gpm_precipitation_sum": 0.0, "built_surface_mean": 3902.3499364137342, "population_sum": 0.0 }, "geometry": { "type": "Polygon", "coordinates": [ [ [ 31.367171817047169, 30.072169285228959 ], [ 31.367171817047169, 30.07605619630511 ], [ 31.371663393467767, 30.07605619630511 ], [ 31.371663393467767, 30.072169285228959 ], [ 31.367171817047169, 30.072169285228959 ] ] ] } },
{ "type": "Feature", "properties": { "zone_code": "NSR-GRID-066", "event_id": "evt_dry_009", "timestamp": "2024-02-20T00:00", "y_pred": 0.20666152354804559, "predicted_risk_class": "low", "rain_24h_mm": 0.0, "gpm_precipitation_sum": 0.0, "built_surface_mean": 835.25572033898288, "population_sum": 0.0 }, "geometry": { "type": "Polygon", "coordinates": [ [ [ 31.371663393467767, 30.072169285228959 ], [ 31.371663393467767, 30.07605619630511 ], [ 31.376154969888365, 30.07605619630511 ], [ 31.376154969888365, 30.072169285228959 ], [ 31.371663393467767, 30.072169285228959 ] ] ] } },
{ "type": "Feature", "properties": { "zone_code": "NSR-GRID-067", "event_id": "evt_dry_009", "timestamp": "2024-02-20T00:00", "y_pred": 0.27354706377952659, "predicted_risk_class": "low", "rain_24h_mm": 0.0, "gpm_precipitation_sum": 0.0, "built_surface_mean": 1198.8323797414705, "population_sum": 0.0 }, "geometry": { "type": "Polygon", "coordinates": [ [ [ 31.376154969888365, 30.072169285228959 ], [ 31.376154969888365, 30.07605619630511 ], [ 31.380646546308967, 30.07605619630511 ], [ 31.380646546308967, 30.072169285228959 ], [ 31.376154969888365, 30.072169285228959 ] ] ] } },
{ "type": "Feature", "properties": { "zone_code": "NSR-GRID-068", "event_id": "evt_dry_009", "timestamp": "2024-02-20T00:00", "y_pred": 0.43970119274323582, "predicted_risk_class": "medium", "rain_24h_mm": 0.0, "gpm_precipitation_sum": 0.0, "built_surface_mean": 3930.6150911403138, "population_sum": 0.0 }, "geometry": { "type": "Polygon", "coordinates": [ [ [ 31.380646546308967, 30.072169285228959 ], [ 31.380646546308967, 30.07605619630511 ], [ 31.385138122729565, 30.07605619630511 ], [ 31.385138122729565, 30.072169285228959 ], [ 31.380646546308967, 30.072169285228959 ] ] ] } },
{ "type": "Feature", "properties": { "zone_code": "NSR-GRID-069", "event_id": "evt_dry_009", "timestamp": "2024-02-20T00:00", "y_pred": 0.33133037804142612, "predicted_risk_class": "medium", "rain_24h_mm": 0.0, "gpm_precipitation_sum": 0.0, "built_surface_mean": 2436.12653666808, "population_sum": 0.0 }, "geometry": { "type": "Polygon", "coordinates": [ [ [ 31.385138122729565, 30.072169285228959 ], [ 31.385138122729565, 30.07605619630511 ], [ 31.389629699150163, 30.07605619630511 ], [ 31.389629699150163, 30.072169285228959 ], [ 31.385138122729565, 30.072169285228959 ] ] ] } },
{ "type": "Feature", "properties": { "zone_code": "NSR-GRID-070", "event_id": "evt_dry_009", "timestamp": "2024-02-20T00:00", "y_pred": 0.25485933207947631, "predicted_risk_class": "low", "rain_24h_mm": 0.0, "gpm_precipitation_sum": 0.0, "built_surface_mean": 2078.759168963325, "population_sum": 0.0 }, "geometry": { "type": "Polygon", "coordinates": [ [ [ 31.389629699150163, 30.072169285228959 ], [ 31.389629699150163, 30.07605619630511 ], [ 31.394121275570754, 30.07605619630511 ], [ 31.394121275570754, 30.072169285228959 ], [ 31.389629699150163, 30.072169285228959 ] ] ] } },
{ "type": "Feature", "properties": { "zone_code": "NSR-GRID-071", "event_id": "evt_dry_009", "timestamp": "2024-02-20T00:00", "y_pred": 0.25085153542103827, "predicted_risk_class": "low", "rain_24h_mm": 0.0, "gpm_precipitation_sum": 0.0, "built_surface_mean": 1380.7626112759644, "population_sum": 0.0 }, "geometry": { "type": "Polygon", "coordinates": [ [ [ 31.394121275570754, 30.072169285228959 ], [ 31.394121275570754, 30.07605619630511 ], [ 31.398612851991352, 30.07605619630511 ], [ 31.398612851991352, 30.072169285228959 ], [ 31.394121275570754, 30.072169285228959 ] ] ] } },
{ "type": "Feature", "properties": { "zone_code": "NSR-GRID-072", "event_id": "evt_dry_009", "timestamp": "2024-02-20T00:00", "y_pred": 0.17422612975029761, "predicted_risk_class": "low", "rain_24h_mm": 0.0, "gpm_precipitation_sum": 0.0, "built_surface_mean": 295.86670904852718, "population_sum": 0.0 }, "geometry": { "type": "Polygon", "coordinates": [ [ [ 31.398612851991352, 30.072169285228959 ], [ 31.398612851991352, 30.07605619630511 ], [ 31.403104428411954, 30.07605619630511 ], [ 31.403104428411954, 30.072169285228959 ], [ 31.398612851991352, 30.072169285228959 ] ] ] } },
{ "type": "Feature", "properties": { "zone_code": "NSR-GRID-073", "event_id": "evt_dry_009", "timestamp": "2024-02-20T00:00", "y_pred": 0.17071320805243079, "predicted_risk_class": "low", "rain_24h_mm": 0.0, "gpm_precipitation_sum": 0.0, "built_surface_mean": 266.23140495867773, "population_sum": 0.0 }, "geometry": { "type": "Polygon", "coordinates": [ [ [ 31.403104428411954, 30.072169285228959 ], [ 31.403104428411954, 30.07605619630511 ], [ 31.407596004832552, 30.07605619630511 ], [ 31.407596004832552, 30.072169285228959 ], [ 31.403104428411954, 30.072169285228959 ] ] ] } },
{ "type": "Feature", "properties": { "zone_code": "NSR-GRID-074", "event_id": "evt_dry_009", "timestamp": "2024-02-20T00:00", "y_pred": 0.1530205831983725, "predicted_risk_class": "low", "rain_24h_mm": 0.0, "gpm_precipitation_sum": 0.0, "built_surface_mean": 86.896822033898303, "population_sum": 0.0 }, "geometry": { "type": "Polygon", "coordinates": [ [ [ 31.407596004832552, 30.072169285228959 ], [ 31.407596004832552, 30.07605619630511 ], [ 31.41208758125315, 30.07605619630511 ], [ 31.41208758125315, 30.072169285228959 ], [ 31.407596004832552, 30.072169285228959 ] ] ] } },
{ "type": "Feature", "properties": { "zone_code": "NSR-GRID-075", "event_id": "evt_dry_009", "timestamp": "2024-02-20T00:00", "y_pred": 0.13278490645567509, "predicted_risk_class": "low", "rain_24h_mm": 0.0, "gpm_precipitation_sum": 0.0, "built_surface_mean": 369.57775423728822, "population_sum": 0.0 }, "geometry": { "type": "Polygon", "coordinates": [ [ [ 31.41208758125315, 30.072169285228959 ], [ 31.41208758125315, 30.07605619630511 ], [ 31.416579157673748, 30.07605619630511 ], [ 31.416579157673748, 30.072169285228959 ], [ 31.41208758125315, 30.072169285228959 ] ] ] } },
{ "type": "Feature", "properties": { "zone_code": "NSR-GRID-076", "event_id": "evt_dry_009", "timestamp": "2024-02-20T00:00", "y_pred": 0.1140185458180266, "predicted_risk_class": "low", "rain_24h_mm": 0.0, "gpm_precipitation_sum": 0.0, "built_surface_mean": 5.7850328598685605, "population_sum": 0.0 }, "geometry": { "type": "Polygon", "coordinates": [ [ [ 31.416579157673748, 30.072169285228959 ], [ 31.416579157673748, 30.07605619630511 ], [ 31.421070734094339, 30.07605619630511 ], [ 31.421070734094339, 30.072169285228959 ], [ 31.416579157673748, 30.072169285228959 ] ] ] } },
{ "type": "Feature", "properties": { "zone_code": "NSR-GRID-077", "event_id": "evt_dry_009", "timestamp": "2024-02-20T00:00", "y_pred": 0.1317255206269683, "predicted_risk_class": "low", "rain_24h_mm": 0.0, "gpm_precipitation_sum": 0.0, "built_surface_mean": 5.6326271186440682, "population_sum": 0.0 }, "geometry": { "type": "Polygon", "coordinates": [ [ [ 31.421070734094339, 30.072169285228959 ], [ 31.421070734094339, 30.07605619630511 ], [ 31.425562310514941, 30.07605619630511 ], [ 31.425562310514941, 30.072169285228959 ], [ 31.421070734094339, 30.072169285228959 ] ] ] } },
{ "type": "Feature", "properties": { "zone_code": "NSR-GRID-078", "event_id": "evt_dry_009", "timestamp": "2024-02-20T00:00", "y_pred": 0.35328485824296518, "predicted_risk_class": "medium", "rain_24h_mm": 0.0, "gpm_precipitation_sum": 0.0, "built_surface_mean": 2758.0, "population_sum": 0.0 }, "geometry": { "type": "Polygon", "coordinates": [ [ [ 31.317764476420596, 30.072169285228959 ], [ 31.317764476420596, 30.07173287677406 ], [ 31.3175864, 30.0719837 ], [ 31.317448636849306, 30.072169285228959 ], [ 31.317764476420596, 30.072169285228959 ] ] ] } },
{ "type": "Feature", "properties": { "zone_code": "NSR-GRID-079", "event_id": "evt_dry_009", "timestamp": "2024-02-20T00:00", "y_pred": 0.15480088739858841, "predicted_risk_class": "low", "rain_24h_mm": 0.0, "gpm_precipitation_sum": 0.0, "built_surface_mean": 95.959862946647078, "population_sum": 0.0 }, "geometry": { "type": "Polygon", "coordinates": [ [ [ 31.425562310514941, 30.072169285228959 ], [ 31.429409073680993, 30.072169285228959 ], [ 31.4275613, 30.0701634 ], [ 31.425562310514941, 30.068537432681627 ], [ 31.425562310514941, 30.072169285228959 ] ] ] } },
{ "type": "Feature", "properties": { "zone_code": "NSR-GRID-080", "event_id": "evt_dry_009", "timestamp": "2024-02-20T00:00", "y_pred": 0.4193475261313987, "predicted_risk_class": "medium", "rain_24h_mm": 0.0, "gpm_precipitation_sum": 0.0, "built_surface_mean": 3586.2297444263181, "population_sum": 0.0 }, "geometry": { "type": "Polygon", "coordinates": [ [ [ 31.317764476420596, 30.072169285228959 ], [ 31.322256052841194, 30.072169285228959 ], [ 31.322256052841194, 30.068282221464631 ], [ 31.319734840459528, 30.068282221464631 ], [ 31.3192935, 30.0695138 ], [ 31.3188977, 30.0701367 ], [ 31.317764476420596, 30.07173287677406 ], [ 31.317764476420596, 30.072169285228959 ] ] ] } },
{ "type": "Feature", "properties": { "zone_code": "NSR-GRID-081", "event_id": "evt_dry_009", "timestamp": "2024-02-20T00:00", "y_pred": 0.139498143212724, "predicted_risk_class": "low", "rain_24h_mm": 0.0, "gpm_precipitation_sum": 0.0, "built_surface_mean": 7.5283259070655619, "population_sum": 0.0 }, "geometry": { "type": "Polygon", "coordinates": [ [ [ 31.421070734094339, 30.068282221464631 ], [ 31.421070734094339, 30.072169285228959 ], [ 31.425562310514941, 30.072169285228959 ], [ 31.425562310514941, 30.068537432681627 ], [ 31.425248552861458, 30.068282221464631 ], [ 31.421070734094339, 30.068282221464631 ] ] ] } },
{ "type": "Feature", "properties": { "zone_code": "NSR-GRID-082", "event_id": "evt_dry_009", "timestamp": "2024-02-20T00:00", "y_pred": 0.43466992825355838, "predicted_risk_class": "medium", "rain_24h_mm": 0.0, "gpm_precipitation_sum": 0.0, "built_surface_mean": 3794.1447954208174, "population_sum": 0.0 }, "geometry": { "type": "Polygon", "coordinates": [ [ [ 31.322256052841194, 30.068282221464631 ], [ 31.322256052841194, 30.072169285228959 ], [ 31.326747629261792, 30.072169285228959 ], [ 31.326747629261792, 30.068282221464631 ], [ 31.322256052841194, 30.068282221464631 ] ] ] } },
{ "type": "Feature", "properties": { "zone_code": "NSR-GRID-083", "event_id": "evt_dry_009", "timestamp": "2024-02-20T00:00", "y_pred": 0.43110171266555869, "predicted_risk_class": "medium", "rain_24h_mm": 0.0, "gpm_precipitation_sum": 0.0, "built_surface_mean": 3622.0131439474239, "population_sum": 0.0 }, "geometry": { "type": "Polygon", "coordinates": [ [ [ 31.326747629261792, 30.068282221464631 ], [ 31.326747629261792, 30.072169285228959 ], [ 31.331239205682394, 30.072169285228959 ], [ 31.331239205682394, 30.068282221464631 ], [ 31.326747629261792, 30.068282221464631 ] ] ] } },
{ "type": "Feature", "properties": { "zone_code": "NSR-GRID-084", "event_id": "evt_dry_009", "timestamp": "2024-02-20T00:00", "y_pred": 0.4086203396234166, "predicted_risk_class": "medium", "rain_24h_mm": 0.0, "gpm_precipitation_sum": 0.0, "built_surface_mean": 3614.1865197117422, "population_sum": 0.0 }, "geometry": { "type": "Polygon", "coordinates": [ [ [ 31.331239205682394, 30.068282221464631 ], [ 31.331239205682394, 30.072169285228959 ], [ 31.335730782102992, 30.072169285228959 ], [ 31.335730782102992, 30.068282221464631 ], [ 31.331239205682394, 30.068282221464631 ] ] ] } },
{ "type": "Feature", "properties": { "zone_code": "NSR-GRID-085", "event_id": "evt_dry_009", "timestamp": "2024-02-20T00:00", "y_pred": 0.39755205565952068, "predicted_risk_class": "medium", "rain_24h_mm": 0.0, "gpm_precipitation_sum": 0.0, "built_surface_mean": 3692.5317796610161, "population_sum": 0.0 }, "geometry": { "type": "Polygon", "coordinates": [ [ [ 31.335730782102992, 30.068282221464631 ], [ 31.335730782102992, 30.072169285228959 ], [ 31.340222358523583, 30.072169285228959 ], [ 31.340222358523583, 30.068282221464631 ], [ 31.335730782102992, 30.068282221464631 ] ] ] } },
{ "type": "Feature", "properties": { "zone_code": "NSR-GRID-086", "event_id": "evt_dry_009", "timestamp": "2024-02-20T00:00", "y_pred": 0.353234541841565, "predicted_risk_class": "medium", "rain_24h_mm": 0.0, "gpm_precipitation_sum": 0.0, "built_surface_mean": 3574.9794404408644, "population_sum": 0.0 }, "geometry": { "type": "Polygon", "coordinates": [ [ [ 31.340222358523583, 30.068282221464631 ], [ 31.340222358523583, 30.072169285228959 ], [ 31.344713934944181, 30.072169285228959 ], [ 31.344713934944181, 30.068282221464631 ], [ 31.340222358523583, 30.068282221464631 ] ] ] } },
{ "type": "Feature", "properties": { "zone_code": "NSR-GRID-087", "event_id": "evt_dry_009", "timestamp": "2024-02-20T00:00", "y_pred": 0.4138603001486133, "predicted_risk_class": "medium", "rain_24h_mm": 0.0, "gpm_precipitation_sum": 0.0, "built_surface_mean": 3703.4923728813551, "population_sum": 0.0 }, "geometry": { "type": "Polygon", "coordinates": [ [ [ 31.344713934944181, 30.068282221464631 ], [ 31.344713934944181, 30.072169285228959 ], [ 31.349205511364779, 30.072169285228959 ], [ 31.349205511364779, 30.068282221464631 ], [ 31.344713934944181, 30.068282221464631 ] ] ] } },
{ "type": "Feature", "properties": { "zone_code": "NSR-GRID-088", "event_id": "evt_dry_009", "timestamp": "2024-02-20T00:00", "y_pred": 0.31516533708818889, "predicted_risk_class": "low", "rain_24h_mm": 0.0, "gpm_precipitation_sum": 0.0, "built_surface_mean": 2694.1991947446486, "population_sum": 0.0 }, "geometry": { "type": "Polygon", "coordinates": [ [ [ 31.349205511364779, 30.068282221464631 ], [ 31.349205511364779, 30.072169285228959 ], [ 31.353697087785381, 30.072169285228959 ], [ 31.353697087785381, 30.068282221464631 ], [ 31.349205511364779, 30.068282221464631 ] ] ] } },
{ "type": "Feature", "properties": { "zone_code": "NSR-GRID-089", "event_id": "evt_dry_009", "timestamp": "2024-02-20T00:00", "y_pred": 0.3817020551681149, "predicted_risk_class": "medium", "rain_24h_mm": 0.0, "gpm_precipitation_sum": 0.0, "built_surface_mean": 3143.5584745762703, "population_sum": 0.0 }, "geometry": { "type": "Polygon", "coordinates": [ [ [ 31.353697087785381, 30.068282221464631 ], [ 31.353697087785381, 30.072169285228959 ], [ 31.358188664205979, 30.072169285228959 ], [ 31.358188664205979, 30.068282221464631 ], [ 31.353697087785381, 30.068282221464631 ] ] ] } },
{ "type": "Feature", "properties": { "zone_code": "NSR-GRID-090", "event_id": "evt_dry_009", "timestamp": "2024-02-20T00:00", "y_pred": 0.3396128840215451, "predicted_risk_class": "medium", "rain_24h_mm": 0.0, "gpm_precipitation_sum": 0.0, "built_surface_mean": 2340.6091564222129, "population_sum": 0.0 }, "geometry": { "type": "Polygon", "coordinates": [ [ [ 31.358188664205979, 30.068282221464631 ], [ 31.358188664205979, 30.072169285228959 ], [ 31.362680240626577, 30.072169285228959 ], [ 31.362680240626577, 30.068282221464631 ], [ 31.358188664205979, 30.068282221464631 ] ] ] } },
{ "type": "Feature", "properties": { "zone_code": "NSR-GRID-091", "event_id": "evt_dry_009", "timestamp": "2024-02-20T00:00", "y_pred": 0.30178198394356037, "predicted_risk_class": "low", "rain_24h_mm": 0.0, "gpm_precipitation_sum": 0.0, "built_surface_mean": 1904.8467895740616, "population_sum": 0.0 }, "geometry": { "type": "Polygon", "coordinates": [ [ [ 31.362680240626577, 30.068282221464631 ], [ 31.362680240626577, 30.072169285228959 ], [ 31.367171817047169, 30.072169285228959 ], [ 31.367171817047169, 30.068282221464631 ], [ 31.362680240626577, 30.068282221464631 ] ] ] } },
{ "type": "Feature", "properties": { "zone_code": "NSR-GRID-092", "event_id": "evt_dry_009", "timestamp": "2024-02-20T00:00", "y_pred": 0.44691809595341048, "predicted_risk_class": "medium", "rain_24h_mm": 0.0, "gpm_precipitation_sum": 0.0, "built_surface_mean": 4137.1735537190089, "population_sum": 0.0 }, "geometry": { "type": "Polygon", "coordinates": [ [ [ 31.367171817047169, 30.068282221464631 ], [ 31.367171817047169, 30.072169285228959 ], [ 31.371663393467767, 30.072169285228959 ], [ 31.371663393467767, 30.068282221464631 ], [ 31.367171817047169, 30.068282221464631 ] ] ] } },
{ "type": "Feature", "properties": { "zone_code": "NSR-GRID-093", "event_id": "evt_dry_009", "timestamp": "2024-02-20T00:00", "y_pred": 0.33235964442032978, "predicted_risk_class": "medium", "rain_24h_mm": 0.0, "gpm_precipitation_sum": 0.0, "built_surface_mean": 2325.0305149396058, "population_sum": 0.0 }, "geometry": { "type": "Polygon", "coordinates": [ [ [ 31.371663393467767, 30.068282221464631 ], [ 31.371663393467767, 30.072169285228959 ], [ 31.376154969888365, 30.072169285228959 ], [ 31.376154969888365, 30.068282221464631 ], [ 31.371663393467767, 30.068282221464631 ] ] ] } },
{ "type": "Feature", "properties": { "zone_code": "NSR-GRID-094", "event_id": "evt_dry_009", "timestamp": "2024-02-20T00:00", "y_pred": 0.39274469756459318, "predicted_risk_class": "medium", "rain_24h_mm": 0.0, "gpm_precipitation_sum": 0.0, "built_surface_mean": 3156.540907164052, "population_sum": 0.0 }, "geometry": { "type": "Polygon", "coordinates": [ [ [ 31.376154969888365, 30.068282221464631 ], [ 31.376154969888365, 30.072169285228959 ], [ 31.380646546308967, 30.072169285228959 ], [ 31.380646546308967, 30.068282221464631 ], [ 31.376154969888365, 30.068282221464631 ] ] ] } },
{ "type": "Feature", "properties": { "zone_code": "NSR-GRID-095", "event_id": "evt_dry_009", "timestamp": "2024-02-20T00:00", "y_pred": 0.33767924737157012, "predicted_risk_class": "medium", "rain_24h_mm": 0.0, "gpm_precipitation_sum": 0.0, "built_surface_mean": 2299.056355932204, "population_sum": 0.0 }, "geometry": { "type": "Polygon", "coordinates": [ [ [ 31.380646546308967, 30.068282221464631 ], [ 31.380646546308967, 30.072169285228959 ], [ 31.385138122729565, 30.072169285228959 ], [ 31.385138122729565, 30.068282221464631 ], [ 31.380646546308967, 30.068282221464631 ] ] ] } },
{ "type": "Feature", "properties": { "zone_code": "NSR-GRID-096", "event_id": "evt_dry_009", "timestamp": "2024-02-20T00:00", "y_pred": 0.38274134758783879, "predicted_risk_class": "medium", "rain_24h_mm": 0.0, "gpm_precipitation_sum": 0.0, "built_surface_mean": 3301.563771186441, "population_sum": 0.0 }, "geometry": { "type": "Polygon", "coordinates": [ [ [ 31.385138122729565, 30.068282221464631 ], [ 31.385138122729565, 30.072169285228959 ], [ 31.389629699150163, 30.072169285228959 ], [ 31.389629699150163, 30.068282221464631 ], [ 31.385138122729565, 30.068282221464631 ] ] ] } },
{ "type": "Feature", "properties": { "zone_code": "NSR-GRID-097", "event_id": "evt_dry_009", "timestamp": "2024-02-20T00:00", "y_pred": 0.31363646285856112, "predicted_risk_class": "low", "rain_24h_mm": 0.0, "gpm_precipitation_sum": 0.0, "built_surface_mean": 2947.633029467881, "population_sum": 0.0 }, "geometry": { "type": "Polygon", "coordinates": [ [ [ 31.389629699150163, 30.068282221464631 ], [ 31.389629699150163, 30.072169285228959 ], [ 31.394121275570754, 30.072169285228959 ], [ 31.394121275570754, 30.068282221464631 ], [ 31.389629699150163, 30.068282221464631 ] ] ] } },
{ "type": "Feature", "properties": { "zone_code": "NSR-GRID-098", "event_id": "evt_dry_009", "timestamp": "2024-02-20T00:00", "y_pred": 0.33542609769142301, "predicted_risk_class": "medium", "rain_24h_mm": 0.0, "gpm_precipitation_sum": 0.0, "built_surface_mean": 3322.0112311930498, "population_sum": 0.0 }, "geometry": { "type": "Polygon", "coordinates": [ [ [ 31.394121275570754, 30.068282221464631 ], [ 31.394121275570754, 30.072169285228959 ], [ 31.398612851991352, 30.072169285228959 ], [ 31.398612851991352, 30.068282221464631 ], [ 31.394121275570754, 30.068282221464631 ] ] ] } },
{ "type": "Feature", "properties": { "zone_code": "NSR-GRID-099", "event_id": "evt_dry_009", "timestamp": "2024-02-20T00:00", "y_pred": 0.30867828316322948, "predicted_risk_class": "low", "rain_24h_mm": 0.0, "gpm_precipitation_sum": 0.0, "built_surface_mean": 2835.5375158965662, "population_sum": 0.0 }, "geometry": { "type": "Polygon", "coordinates": [ [ [ 31.398612851991352, 30.068282221464631 ], [ 31.398612851991352, 30.072169285228959 ], [ 31.403104428411954, 30.072169285228959 ], [ 31.403104428411954, 30.068282221464631 ], [ 31.398612851991352, 30.068282221464631 ] ] ] } },
{ "type": "Feature", "properties": { "zone_code": "NSR-GRID-100", "event_id": "evt_dry_009", "timestamp": "2024-02-20T00:00", "y_pred": 0.13891996330752199, "predicted_risk_class": "low", "rain_24h_mm": 0.0, "gpm_precipitation_sum": 0.0, "built_surface_mean": 758.16069535721851, "population_sum": 0.0 }, "geometry": { "type": "Polygon", "coordinates": [ [ [ 31.403104428411954, 30.068282221464631 ], [ 31.403104428411954, 30.072169285228959 ], [ 31.407596004832552, 30.072169285228959 ], [ 31.407596004832552, 30.068282221464631 ], [ 31.403104428411954, 30.068282221464631 ] ] ] } },
{ "type": "Feature", "properties": { "zone_code": "NSR-GRID-101", "event_id": "evt_dry_009", "timestamp": "2024-02-20T00:00", "y_pred": 0.1716401813059748, "predicted_risk_class": "low", "rain_24h_mm": 0.0, "gpm_precipitation_sum": 0.0, "built_surface_mean": 385.41483050847455, "population_sum": 0.0 }, "geometry": { "type": "Polygon", "coordinates": [ [ [ 31.407596004832552, 30.068282221464631 ], [ 31.407596004832552, 30.072169285228959 ], [ 31.41208758125315, 30.072169285228959 ], [ 31.41208758125315, 30.068282221464631 ], [ 31.407596004832552, 30.068282221464631 ] ] ] } },
{ "type": "Feature", "properties": { "zone_code": "NSR-GRID-102", "event_id": "evt_dry_009", "timestamp": "2024-02-20T00:00", "y_pred": 0.15959533093995629, "predicted_risk_class": "low", "rain_24h_mm": 0.0, "gpm_precipitation_sum": 0.0, "built_surface_mean": 18.059758423394783, "population_sum": 0.0 }, "geometry": { "type": "Polygon", "coordinates": [ [ [ 31.41208758125315, 30.068282221464631 ], [ 31.41208758125315, 30.072169285228959 ], [ 31.416579157673748, 30.072169285228959 ], [ 31.416579157673748, 30.068282221464631 ], [ 31.41208758125315, 30.068282221464631 ] ] ] } },
{ "type": "Feature", "properties": { "zone_code": "NSR-GRID-103", "event_id": "evt_dry_009", "timestamp": "2024-02-20T00:00", "y_pred": 0.1375084351510478, "predicted_risk_class": "low", "rain_24h_mm": 0.0, "gpm_precipitation_sum": 0.0, "built_surface_mean": 132.43789741415853, "population_sum": 0.0 }, "geometry": { "type": "Polygon", "coordinates": [ [ [ 31.416579157673748, 30.068282221464631 ], [ 31.416579157673748, 30.072169285228959 ], [ 31.421070734094339, 30.072169285228959 ], [ 31.421070734094339, 30.068282221464631 ], [ 31.416579157673748, 30.068282221464631 ] ] ] } },
{ "type": "Feature", "properties": { "zone_code": "NSR-GRID-104", "event_id": "evt_dry_009", "timestamp": "2024-02-20T00:00", "y_pred": 0.16184522905014431, "predicted_risk_class": "low", "rain_24h_mm": 0.0, "gpm_precipitation_sum": 0.0, "built_surface_mean": 266.68013856812934, "population_sum": 0.0 }, "geometry": { "type": "Polygon", "coordinates": [ [ [ 31.421070734094339, 30.068282221464631 ], [ 31.425248552861458, 30.068282221464631 ], [ 31.4251755, 30.0682228 ], [ 31.4226475, 30.0664334 ], [ 31.421070734094339, 30.065352117234557 ], [ 31.421070734094339, 30.068282221464631 ] ] ] } },
{ "type": "Feature", "properties": { "zone_code": "NSR-GRID-105", "event_id": "evt_dry_009", "timestamp": "2024-02-20T00:00", "y_pred": 0.3773938990965397, "predicted_risk_class": "medium", "rain_24h_mm": 0.0, "gpm_precipitation_sum": 0.0, "built_surface_mean": 3617.1870310825288, "population_sum": 0.0 }, "geometry": { "type": "Polygon", "coordinates": [ [ [ 31.322256052841194, 30.068282221464631 ], [ 31.322256052841194, 30.064395005024021 ], [ 31.321508474791283, 30.064395005024021 ], [ 31.3207722, 30.065661 ], [ 31.3201768, 30.0670489 ], [ 31.319734840459528, 30.068282221464631 ], [ 31.322256052841194, 30.068282221464631 ] ] ] } },
{ "type": "Feature", "properties": { "zone_code": "NSR-GRID-106", "event_id": "evt_dry_009", "timestamp": "2024-02-20T00:00", "y_pred": 0.15593949046877481, "predicted_risk_class": "low", "rain_24h_mm": 0.0, "gpm_precipitation_sum": 0.0, "built_surface_mean": 91.411501597444115, "population_sum": 0.0 }, "geometry": { "type": "Polygon", "coordinates": [ [ [ 31.416579157673748, 30.064395005024021 ], [ 31.416579157673748, 30.068282221464631 ], [ 31.421070734094339, 30.068282221464631 ], [ 31.421070734094339, 30.065352117234557 ], [ 31.4207935, 30.065162 ], [ 31.420012943530718, 30.064395005024021 ], [ 31.416579157673748, 30.064395005024021 ] ] ] } },
{ "type": "Feature", "properties": { "zone_code": "NSR-GRID-107", "event_id": "evt_dry_009", "timestamp": "2024-02-20T00:00", "y_pred": 0.43692230678472138, "predicted_risk_class": "medium", "rain_24h_mm": 0.0, "gpm_precipitation_sum": 0.0, "built_surface_mean": 3836.6149247577819, "population_sum": 0.0 }, "geometry": { "type": "Polygon", "coordinates": [ [ [ 31.322256052841194, 30.064395005024021 ], [ 31.322256052841194, 30.068282221464631 ], [ 31.326747629261792, 30.068282221464631 ], [ 31.326747629261792, 30.064395005024021 ], [ 31.322256052841194, 30.064395005024021 ] ] ] } },
{ "type": "Feature", "properties": { "zone_code": "NSR-GRID-108", "event_id": "evt_dry_009", "timestamp": "2024-02-20T00:00", "y_pred": 0.39471027431838329, "predicted_risk_class": "medium", "rain_24h_mm": 0.0, "gpm_precipitation_sum": 0.0, "built_surface_mean": 3850.4643298969072, "population_sum": 0.0 }, "geometry": { "type": "Polygon", "coordinates": [ [ [ 31.326747629261792, 30.064395005024021 ], [ 31.326747629261792, 30.068282221464631 ], [ 31.331239205682394, 30.068282221464631 ], [ 31.331239205682394, 30.064395005024021 ], [ 31.326747629261792, 30.064395005024021 ] ] ] } },
{ "type": "Feature", "properties": { "zone_code": "NSR-GRID-109", "event_id": "evt_dry_009", "timestamp": "2024-02-20T00:00", "y_pred": 0.45117198531050667, "predicted_risk_class": "medium", "rain_24h_mm": 0.0, "gpm_precipitation_sum": 0.0, "built_surface_mean": 4594.3938144329904, "population_sum": 0.0 }, "geometry": { "type": "Polygon", "coordinates": [ [ [ 31.331239205682394, 30.064395005024021 ], [ 31.331239205682394, 30.068282221464631 ], [ 31.335730782102992, 30.068282221464631 ], [ 31.335730782102992, 30.064395005024021 ], [ 31.331239205682394, 30.064395005024021 ] ] ] } },
{ "type": "Feature", "properties": { "zone_code": "NSR-GRID-110", "event_id": "evt_dry_009", "timestamp": "2024-02-20T00:00", "y_pred": 0.36330670261639608, "predicted_risk_class": "medium", "rain_24h_mm": 0.0, "gpm_precipitation_sum": 0.0, "built_surface_mean": 4067.2874226804138, "population_sum": 0.0 }, "geometry": { "type": "Polygon", "coordinates": [ [ [ 31.335730782102992, 30.064395005024021 ], [ 31.335730782102992, 30.068282221464631 ], [ 31.340222358523583, 30.068282221464631 ], [ 31.340222358523583, 30.064395005024021 ], [ 31.335730782102992, 30.064395005024021 ] ] ] } },
{ "type": "Feature", "properties": { "zone_code": "NSR-GRID-111", "event_id": "evt_dry_009", "timestamp": "2024-02-20T00:00", "y_pred": 0.39082004577928309, "predicted_risk_class": "medium", "rain_24h_mm": 0.0, "gpm_precipitation_sum": 0.0, "built_surface_mean": 4045.7400535972001, "population_sum": 0.0 }, "geometry": { "type": "Polygon", "coordinates": [ [ [ 31.340222358523583, 30.064395005024021 ], [ 31.340222358523583, 30.068282221464631 ], [ 31.344713934944181, 30.068282221464631 ], [ 31.344713934944181, 30.064395005024021 ], [ 31.340222358523583, 30.064395005024021 ] ] ] } },
{ "type": "Feature", "properties": { "zone_code": "NSR-GRID-112", "event_id": "evt_dry_009", "timestamp": "2024-02-20T00:00", "y_pred": 0.40880241460695849, "predicted_risk_class": "medium", "rain_24h_mm": 0.0, "gpm_precipitation_sum": 0.0, "built_surface_mean": 4113.9637188208608, "population_sum": 0.0 }, "geometry": { "type": "Polygon", "coordinates": [ [ [ 31.344713934944181, 30.064395005024021 ], [ 31.344713934944181, 30.068282221464631 ], [ 31.349205511364779, 30.068282221464631 ], [ 31.349205511364779, 30.064395005024021 ], [ 31.344713934944181, 30.064395005024021 ] ] ] } },
{ "type": "Feature", "properties": { "zone_code": "NSR-GRID-113", "event_id": "evt_dry_009", "timestamp": "2024-02-20T00:00", "y_pred": 0.40300596328282279, "predicted_risk_class": "medium", "rain_24h_mm": 0.0, "gpm_precipitation_sum": 0.0, "built_surface_mean": 4232.1224994844306, "population_sum": 0.0 }, "geometry": { "type": "Polygon", "coordinates": [ [ [ 31.349205511364779, 30.064395005024021 ], [ 31.349205511364779, 30.068282221464631 ], [ 31.353697087785381, 30.068282221464631 ], [ 31.353697087785381, 30.064395005024021 ], [ 31.349205511364779, 30.064395005024021 ] ] ] } },
{ "type": "Feature", "properties": { "zone_code": "NSR-GRID-114", "event_id": "evt_dry_009", "timestamp": "2024-02-20T00:00", "y_pred": 0.42017820881444629, "predicted_risk_class": "medium", "rain_24h_mm": 0.0, "gpm_precipitation_sum": 0.0, "built_surface_mean": 4321.896701030927, "population_sum": 0.0 }, "geometry": { "type": "Polygon", "coordinates": [ [ [ 31.353697087785381, 30.064395005024021 ], [ 31.353697087785381, 30.068282221464631 ], [ 31.358188664205979, 30.068282221464631 ], [ 31.358188664205979, 30.064395005024021 ], [ 31.353697087785381, 30.064395005024021 ] ] ] } },
{ "type": "Feature", "properties": { "zone_code": "NSR-GRID-115", "event_id": "evt_dry_009", "timestamp": "2024-02-20T00:00", "y_pred": 0.43663193376070192, "predicted_risk_class": "medium", "rain_24h_mm": 0.0, "gpm_precipitation_sum": 0.0, "built_surface_mean": 3917.2079983508561, "population_sum": 0.0 }, "geometry": { "type": "Polygon", "coordinates": [ [ [ 31.358188664205979, 30.064395005024021 ], [ 31.358188664205979, 30.068282221464631 ], [ 31.362680240626577, 30.068282221464631 ], [ 31.362680240626577, 30.064395005024021 ], [ 31.358188664205979, 30.064395005024021 ] ] ] } },
{ "type": "Feature", "properties": { "zone_code": "NSR-GRID-116", "event_id": "evt_dry_009", "timestamp": "2024-02-20T00:00", "y_pred": 0.35179861628168801, "predicted_risk_class": "medium", "rain_24h_mm": 0.0, "gpm_precipitation_sum": 0.0, "built_surface_mean": 2755.062049062049, "population_sum": 0.0 }, "geometry": { "type": "Polygon", "coordinates": [ [ [ 31.362680240626577, 30.064395005024021 ], [ 31.362680240626577, 30.068282221464631 ], [ 31.367171817047169, 30.068282221464631 ], [ 31.367171817047169, 30.064395005024021 ], [ 31.362680240626577, 30.064395005024021 ] ] ] } },
{ "type": "Feature", "properties": { "zone_code": "NSR-GRID-117", "event_id": "evt_dry_009", "timestamp": "2024-02-20T00:00", "y_pred": 0.25167156864580992, "predicted_risk_class": "low", "rain_24h_mm": 0.0, "gpm_precipitation_sum": 0.0, "built_surface_mean": 1389.5499896928468, "population_sum": 0.0 }, "geometry": { "type": "Polygon", "coordinates": [ [ [ 31.367171817047169, 30.064395005024021 ], [ 31.367171817047169, 30.068282221464631 ], [ 31.371663393467767, 30.068282221464631 ], [ 31.371663393467767, 30.064395005024021 ], [ 31.367171817047169, 30.064395005024021 ] ] ] } },
{ "type": "Feature", "properties": { "zone_code": "NSR-GRID-118", "event_id": "evt_dry_009", "timestamp": "2024-02-20T00:00", "y_pred": 0.21453381475570199, "predicted_risk_class": "low", "rain_24h_mm": 0.0, "gpm_precipitation_sum": 0.0, "built_surface_mean": 1345.2657184085758, "population_sum": 0.0 }, "geometry": { "type": "Polygon", "coordinates": [ [ [ 31.371663393467767, 30.064395005024021 ], [ 31.371663393467767, 30.068282221464631 ], [ 31.376154969888365, 30.068282221464631 ], [ 31.376154969888365, 30.064395005024021 ], [ 31.371663393467767, 30.064395005024021 ] ] ] } },
{ "type": "Feature", "properties": { "zone_code": "NSR-GRID-119", "event_id": "evt_dry_009", "timestamp": "2024-02-20T00:00", "y_pred": 0.47098861507177098, "predicted_risk_class": "medium", "rain_24h_mm": 0.0, "gpm_precipitation_sum": 0.0, "built_surface_mean": 4527.309484536082, "population_sum": 0.0 }, "geometry": { "type": "Polygon", "coordinates": [ [ [ 31.376154969888365, 30.064395005024021 ], [ 31.376154969888365, 30.068282221464631 ], [ 31.380646546308967, 30.068282221464631 ], [ 31.380646546308967, 30.064395005024021 ], [ 31.376154969888365, 30.064395005024021 ] ] ] } },
{ "type": "Feature", "properties": { "zone_code": "NSR-GRID-120", "event_id": "evt_dry_009", "timestamp": "2024-02-20T00:00", "y_pred": 0.49091017219670408, "predicted_risk_class": "medium", "rain_24h_mm": 0.0, "gpm_precipitation_sum": 0.0, "built_surface_mean": 4640.928865979382, "population_sum": 0.0 }, "geometry": { "type": "Polygon", "coordinates": [ [ [ 31.380646546308967, 30.064395005024021 ], [ 31.380646546308967, 30.068282221464631 ], [ 31.385138122729565, 30.068282221464631 ], [ 31.385138122729565, 30.064395005024021 ], [ 31.380646546308967, 30.064395005024021 ] ] ] } },
{ "type": "Feature", "properties": { "zone_code": "NSR-GRID-121", "event_id": "evt_dry_009", "timestamp": "2024-02-20T00:00", "y_pred": 0.440965610885239, "predicted_risk_class": "medium", "rain_24h_mm": 0.0, "gpm_precipitation_sum": 0.0, "built_surface_mean": 4124.7760824742272, "population_sum": 0.0 }, "geometry": { "type": "Polygon", "coordinates": [ [ [ 31.385138122729565, 30.064395005024021 ], [ 31.385138122729565, 30.068282221464631 ], [ 31.389629699150163, 30.068282221464631 ], [ 31.389629699150163, 30.064395005024021 ], [ 31.385138122729565, 30.064395005024021 ] ] ] } },
{ "type": "Feature", "properties": { "zone_code": "NSR-GRID-122", "event_id": "evt_dry_009", "timestamp": "2024-02-20T00:00", "y_pred": 0.4051209568466132, "predicted_risk_class": "medium", "rain_24h_mm": 0.0, "gpm_precipitation_sum": 0.0, "built_surface_mean": 3938.9554639175249, "population_sum": 0.0 }, "geometry": { "type": "Polygon", "coordinates": [ [ [ 31.389629699150163, 30.064395005024021 ], [ 31.389629699150163, 30.068282221464631 ], [ 31.394121275570754, 30.068282221464631 ], [ 31.394121275570754, 30.064395005024021 ], [ 31.389629699150163, 30.064395005024021 ] ] ] } },
{ "type": "Feature", "properties": { "zone_code": "NSR-GRID-123", "event_id": "evt_dry_009", "timestamp": "2024-02-20T00:00", "y_pred": 0.41374839265754121, "predicted_risk_class": "medium", "rain_24h_mm": 0.0, "gpm_precipitation_sum": 0.0, "built_surface_mean": 4137.6888659793822, "population_sum": 0.0 }, "geometry": { "type": "Polygon", "coordinates": [ [ [ 31.394121275570754, 30.064395005024021 ], [ 31.394121275570754, 30.068282221464631 ], [ 31.398612851991352, 30.068282221464631 ], [ 31.398612851991352, 30.064395005024021 ], [ 31.394121275570754, 30.064395005024021 ] ] ] } },
{ "type": "Feature", "properties": { "zone_code": "NSR-GRID-124", "event_id": "evt_dry_009", "timestamp": "2024-02-20T00:00", "y_pred": 0.36567669145310711, "predicted_risk_class": "medium", "rain_24h_mm": 0.0, "gpm_precipitation_sum": 0.0, "built_surface_mean": 3674.5207173778608, "population_sum": 0.0 }, "geometry": { "type": "Polygon", "coordinates": [ [ [ 31.398612851991352, 30.064395005024021 ], [ 31.398612851991352, 30.068282221464631 ], [ 31.403104428411954, 30.068282221464631 ], [ 31.403104428411954, 30.064395005024021 ], [ 31.398612851991352, 30.064395005024021 ] ] ] } },
{ "type": "Feature", "properties": { "zone_code": "NSR-GRID-125", "event_id": "evt_dry_009", "timestamp": "2024-02-20T00:00", "y_pred": 0.20369389641087041, "predicted_risk_class": "low", "rain_24h_mm": 0.0, "gpm_precipitation_sum": 0.0, "built_surface_mean": 1107.9938157081017, "population_sum": 0.0 }, "geometry": { "type": "Polygon", "coordinates": [ [ [ 31.403104428411954, 30.064395005024021 ], [ 31.403104428411954, 30.068282221464631 ], [ 31.407596004832552, 30.068282221464631 ], [ 31.407596004832552, 30.064395005024021 ], [ 31.403104428411954, 30.064395005024021 ] ] ] } },
{ "type": "Feature", "properties": { "zone_code": "NSR-GRID-126", "event_id": "evt_dry_009", "timestamp": "2024-02-20T00:00", "y_pred": 0.18136674203326911, "predicted_risk_class": "low", "rain_24h_mm": 0.0, "gpm_precipitation_sum": 0.0, "built_surface_mean": 450.65340206185584, "population_sum": 0.0 }, "geometry": { "type": "Polygon", "coordinates": [ [ [ 31.407596004832552, 30.064395005024021 ], [ 31.407596004832552, 30.068282221464631 ], [ 31.41208758125315, 30.068282221464631 ], [ 31.41208758125315, 30.064395005024021 ], [ 31.407596004832552, 30.064395005024021 ] ] ] } },
{ "type": "Feature", "properties": { "zone_code": "NSR-GRID-127", "event_id": "evt_dry_009", "timestamp": "2024-02-20T00:00", "y_pred": 0.14417600307954409, "predicted_risk_class": "low", "rain_24h_mm": 0.0, "gpm_precipitation_sum": 0.0, "built_surface_mean": 22.06474226804124, "population_sum": 0.0 }, "geometry": { "type": "Polygon", "coordinates": [ [ [ 31.41208758125315, 30.064395005024021 ], [ 31.41208758125315, 30.068282221464631 ], [ 31.416579157673748, 30.068282221464631 ], [ 31.416579157673748, 30.064395005024021 ], [ 31.41208758125315, 30.064395005024021 ] ] ] } },
{ "type": "Feature", "properties": { "zone_code": "NSR-GRID-128", "event_id": "evt_dry_009", "timestamp": "2024-02-20T00:00", "y_pred": 0.2419293453673054, "predicted_risk_class": "low", "rain_24h_mm": 0.0, "gpm_precipitation_sum": 0.0, "built_surface_mean": 2474.408, "population_sum": 0.0 }, "geometry": { "type": "Polygon", "coordinates": [ [ [ 31.322256052841194, 30.064395005024021 ], [ 31.322256052841194, 30.063109557980901 ], [ 31.321508474791283, 30.064395005024021 ], [ 31.322256052841194, 30.064395005024021 ] ] ] } },
{ "type": "Feature", "properties": { "zone_code": "NSR-GRID-129", "event_id": "evt_dry_009", "timestamp": "2024-02-20T00:00", "y_pred": 0.18486673749548699, "predicted_risk_class": "low", "rain_24h_mm": 0.0, "gpm_precipitation_sum": 0.0, "built_surface_mean": 425.4084507042254, "population_sum": 0.0 }, "geometry": { "type": "Polygon", "coordinates": [ [ [ 31.416579157673748, 30.064395005024021 ], [ 31.420012943530718, 30.064395005024021 ], [ 31.4181906, 30.0626043 ], [ 31.416579157673748, 30.060679953030998 ], [ 31.416579157673748, 30.064395005024021 ] ] ] } },
{ "type": "Feature", "properties": { "zone_code": "NSR-GRID-130", "event_id": "evt_dry_009", "timestamp": "2024-02-20T00:00", "y_pred": 0.39679543011988622, "predicted_risk_class": "medium", "rain_24h_mm": 0.0, "gpm_precipitation_sum": 0.0, "built_surface_mean": 3558.0042949176809, "population_sum": 0.0 }, "geometry": { "type": "Polygon", "coordinates": [ [ [ 31.322256052841194, 30.064395005024021 ], [ 31.326747629261792, 30.064395005024021 ], [ 31.326747629261792, 30.060507635919031 ], [ 31.323759049574754, 30.060507635919031 ], [ 31.322397, 30.0628672 ], [ 31.322256052841194, 30.063109557980901 ], [ 31.322256052841194, 30.064395005024021 ] ] ] } },
{ "type": "Feature", "properties": { "zone_code": "NSR-GRID-131", "event_id": "evt_dry_009", "timestamp": "2024-02-20T00:00", "y_pred": 0.1455180682206994, "predicted_risk_class": "low", "rain_24h_mm": 0.0, "gpm_precipitation_sum": 0.0, "built_surface_mean": 12.384566461734147, "population_sum": 0.0 }, "geometry": { "type": "Polygon", "coordinates": [ [ [ 31.41208758125315, 30.060507635919031 ], [ 31.41208758125315, 30.064395005024021 ], [ 31.416579157673748, 30.064395005024021 ], [ 31.416579157673748, 30.060679953030998 ], [ 31.416434861373908, 30.060507635919031 ], [ 31.41208758125315, 30.060507635919031 ] ] ] } },
{ "type": "Feature", "properties": { "zone_code": "NSR-GRID-132", "event_id": "evt_dry_009", "timestamp": "2024-02-20T00:00", "y_pred": 0.44217669698463191, "predicted_risk_class": "medium", "rain_24h_mm": 0.0, "gpm_precipitation_sum": 0.0, "built_surface_mean": 4274.9749947022674, "population_sum": 0.0 }, "geometry": { "type": "Polygon", "coordinates": [ [ [ 31.326747629261792, 30.060507635919031 ], [ 31.326747629261792, 30.064395005024021 ], [ 31.331239205682394, 30.064395005024021 ], [ 31.331239205682394, 30.060507635919031 ], [ 31.326747629261792, 30.060507635919031 ] ] ] } },
{ "type": "Feature", "properties": { "zone_code": "NSR-GRID-133", "event_id": "evt_dry_009", "timestamp": "2024-02-20T00:00", "y_pred": 0.4457994824361603, "predicted_risk_class": "medium", "rain_24h_mm": 0.0, "gpm_precipitation_sum": 0.0, "built_surface_mean": 4458.2113958907003, "population_sum": 0.0 }, "geometry": { "type": "Polygon", "coordinates": [ [ [ 31.331239205682394, 30.060507635919031 ], [ 31.331239205682394, 30.064395005024021 ], [ 31.335730782102992, 30.064395005024021 ], [ 31.335730782102992, 30.060507635919031 ], [ 31.331239205682394, 30.060507635919031 ] ] ] } },
{ "type": "Feature", "properties": { "zone_code": "NSR-GRID-134", "event_id": "evt_dry_009", "timestamp": "2024-02-20T00:00", "y_pred": 0.39766455824761898, "predicted_risk_class": "medium", "rain_24h_mm": 0.0, "gpm_precipitation_sum": 0.0, "built_surface_mean": 3961.3714770078391, "population_sum": 0.0 }, "geometry": { "type": "Polygon", "coordinates": [ [ [ 31.335730782102992, 30.060507635919031 ], [ 31.335730782102992, 30.064395005024021 ], [ 31.340222358523583, 30.064395005024021 ], [ 31.340222358523583, 30.060507635919031 ], [ 31.335730782102992, 30.060507635919031 ] ] ] } },
{ "type": "Feature", "properties": { "zone_code": "NSR-GRID-135", "event_id": "evt_dry_009", "timestamp": "2024-02-20T00:00", "y_pred": 0.41404449417129802, "predicted_risk_class": "medium", "rain_24h_mm": 0.0, "gpm_precipitation_sum": 0.0, "built_surface_mean": 4130.3485908031353, "population_sum": 0.0 }, "geometry": { "type": "Polygon", "coordinates": [ [ [ 31.340222358523583, 30.060507635919031 ], [ 31.340222358523583, 30.064395005024021 ], [ 31.344713934944181, 30.064395005024021 ], [ 31.344713934944181, 30.060507635919031 ], [ 31.340222358523583, 30.060507635919031 ] ] ] } },
{ "type": "Feature", "properties": { "zone_code": "NSR-GRID-136", "event_id": "evt_dry_009", "timestamp": "2024-02-20T00:00", "y_pred": 0.3348866059209018, "predicted_risk_class": "medium", "rain_24h_mm": 0.0, "gpm_precipitation_sum": 0.0, "built_surface_mean": 2346.6199660873249, "population_sum": 0.0 }, "geometry": { "type": "Polygon", "coordinates": [ [ [ 31.344713934944181, 30.060507635919031 ], [ 31.344713934944181, 30.064395005024021 ], [ 31.349205511364779, 30.064395005024021 ], [ 31.349205511364779, 30.060507635919031 ], [ 31.344713934944181, 30.060507635919031 ] ] ] } },
{ "type": "Feature", "properties": { "zone_code": "NSR-GRID-137", "event_id": "evt_dry_009", "timestamp": "2024-02-20T00:00", "y_pred": 0.3814124655735035, "predicted_risk_class": "medium", "rain_24h_mm": 0.0, "gpm_precipitation_sum": 0.0, "built_surface_mean": 4225.3725614927907, "population_sum": 0.0 }, "geometry": { "type": "Polygon", "coordinates": [ [ [ 31.349205511364779, 30.060507635919031 ], [ 31.349205511364779, 30.064395005024021 ], [ 31.353697087785381, 30.064395005024021 ], [ 31.353697087785381, 30.060507635919031 ], [ 31.349205511364779, 30.060507635919031 ] ] ] } },
{ "type": "Feature", "properties": { "zone_code": "NSR-GRID-138", "event_id": "evt_dry_009", "timestamp": "2024-02-20T00:00", "y_pred": 0.33400722553320039, "predicted_risk_class": "medium", "rain_24h_mm": 0.0, "gpm_precipitation_sum": 0.0, "built_surface_mean": 4221.700233199067, "population_sum": 0.0 }, "geometry": { "type": "Polygon", "coordinates": [ [ [ 31.353697087785381, 30.060507635919031 ], [ 31.353697087785381, 30.064395005024021 ], [ 31.358188664205979, 30.064395005024021 ], [ 31.358188664205979, 30.060507635919031 ], [ 31.353697087785381, 30.060507635919031 ] ] ] } },
{ "type": "Feature", "properties": { "zone_code": "NSR-GRID-139", "event_id": "evt_dry_009", "timestamp": "2024-02-20T00:00", "y_pred": 0.39020107974365409, "predicted_risk_class": "medium", "rain_24h_mm": 0.0, "gpm_precipitation_sum": 0.0, "built_surface_mean": 3531.7505298855449, "population_sum": 0.0 }, "geometry": { "type": "Polygon", "coordinates": [ [ [ 31.358188664205979, 30.060507635919031 ], [ 31.358188664205979, 30.064395005024021 ], [ 31.362680240626577, 30.064395005024021 ], [ 31.362680240626577, 30.060507635919031 ], [ 31.358188664205979, 30.060507635919031 ] ] ] } },
{ "type": "Feature", "properties": { "zone_code": "NSR-GRID-140", "event_id": "evt_dry_009", "timestamp": "2024-02-20T00:00", "y_pred": 0.11355322128041261, "predicted_risk_class": "low", "rain_24h_mm": 0.0, "gpm_precipitation_sum": 0.0, "built_surface_mean": 308.40771349862257, "population_sum": 0.0 }, "geometry": { "type": "Polygon", "coordinates": [ [ [ 31.362680240626577, 30.060507635919031 ], [ 31.362680240626577, 30.064395005024021 ], [ 31.367171817047169, 30.064395005024021 ], [ 31.367171817047169, 30.060507635919031 ], [ 31.362680240626577, 30.060507635919031 ] ] ] } },
{ "type": "Feature", "properties": { "zone_code": "NSR-GRID-141", "event_id": "evt_dry_009", "timestamp": "2024-02-20T00:00", "y_pred": 0.1128164979601818, "predicted_risk_class": "low", "rain_24h_mm": 0.0, "gpm_precipitation_sum": 0.0, "built_surface_mean": 8.2525423728813543, "population_sum": 0.0 }, "geometry": { "type": "Polygon", "coordinates": [ [ [ 31.367171817047169, 30.060507635919031 ], [ 31.367171817047169, 30.064395005024021 ], [ 31.371663393467767, 30.064395005024021 ], [ 31.371663393467767, 30.060507635919031 ], [ 31.367171817047169, 30.060507635919031 ] ] ] } },
{ "type": "Feature", "properties": { "zone_code": "NSR-GRID-142", "event_id": "evt_dry_009", "timestamp": "2024-02-20T00:00", "y_pred": 0.2592813437685984, "predicted_risk_class": "low", "rain_24h_mm": 0.0, "gpm_precipitation_sum": 0.0, "built_surface_mean": 2023.2663135593209, "population_sum": 0.0 }, "geometry": { "type": "Polygon", "coordinates": [ [ [ 31.371663393467767, 30.060507635919031 ], [ 31.371663393467767, 30.064395005024021 ], [ 31.376154969888365, 30.064395005024021 ], [ 31.376154969888365, 30.060507635919031 ], [ 31.371663393467767, 30.060507635919031 ] ] ] } },
{ "type": "Feature", "properties": { "zone_code": "NSR-GRID-143", "event_id": "evt_dry_009", "timestamp": "2024-02-20T00:00", "y_pred": 0.45541146898227719, "predicted_risk_class": "medium", "rain_24h_mm": 0.0, "gpm_precipitation_sum": 0.0, "built_surface_mean": 4347.3312142403047, "population_sum": 0.0 }, "geometry": { "type": "Polygon", "coordinates": [ [ [ 31.376154969888365, 30.060507635919031 ], [ 31.376154969888365, 30.064395005024021 ], [ 31.380646546308967, 30.064395005024021 ], [ 31.380646546308967, 30.060507635919031 ], [ 31.376154969888365, 30.060507635919031 ] ] ] } },
{ "type": "Feature", "properties": { "zone_code": "NSR-GRID-144", "event_id": "evt_dry_009", "timestamp": "2024-02-20T00:00", "y_pred": 0.4712270827162785, "predicted_risk_class": "medium", "rain_24h_mm": 0.0, "gpm_precipitation_sum": 0.0, "built_surface_mean": 4577.4723458359813, "population_sum": 0.0 }, "geometry": { "type": "Polygon", "coordinates": [ [ [ 31.380646546308967, 30.060507635919031 ], [ 31.380646546308967, 30.064395005024021 ], [ 31.385138122729565, 30.064395005024021 ], [ 31.385138122729565, 30.060507635919031 ], [ 31.380646546308967, 30.060507635919031 ] ] ] } },
{ "type": "Feature", "properties": { "zone_code": "NSR-GRID-145", "event_id": "evt_dry_009", "timestamp": "2024-02-20T00:00", "y_pred": 0.38226572656667568, "predicted_risk_class": "medium", "rain_24h_mm": 0.0, "gpm_precipitation_sum": 0.0, "built_surface_mean": 3378.1900826446285, "population_sum": 0.0 }, "geometry": { "type": "Polygon", "coordinates": [ [ [ 31.385138122729565, 30.060507635919031 ], [ 31.385138122729565, 30.064395005024021 ], [ 31.389629699150163, 30.064395005024021 ], [ 31.389629699150163, 30.060507635919031 ], [ 31.385138122729565, 30.060507635919031 ] ] ] } },
{ "type": "Feature", "properties": { "zone_code": "NSR-GRID-146", "event_id": "evt_dry_009", "timestamp": "2024-02-20T00:00", "y_pred": 0.37362550836956981, "predicted_risk_class": "medium", "rain_24h_mm": 0.0, "gpm_precipitation_sum": 0.0, "built_surface_mean": 3617.1388005933454, "population_sum": 0.0 }, "geometry": { "type": "Polygon", "coordinates": [ [ [ 31.389629699150163, 30.060507635919031 ], [ 31.389629699150163, 30.064395005024021 ], [ 31.394121275570754, 30.064395005024021 ], [ 31.394121275570754, 30.060507635919031 ], [ 31.389629699150163, 30.060507635919031 ] ] ] } },
{ "type": "Feature", "properties": { "zone_code": "NSR-GRID-147", "event_id": "evt_dry_009", "timestamp": "2024-02-20T00:00", "y_pred": 0.37824924468138532, "predicted_risk_class": "medium", "rain_24h_mm": 0.0, "gpm_precipitation_sum": 0.0, "built_surface_mean": 3675.0061440677969, "population_sum": 0.0 }, "geometry": { "type": "Polygon", "coordinates": [ [ [ 31.394121275570754, 30.060507635919031 ], [ 31.394121275570754, 30.064395005024021 ], [ 31.398612851991352, 30.064395005024021 ], [ 31.398612851991352, 30.060507635919031 ], [ 31.394121275570754, 30.060507635919031 ] ] ] } },
{ "type": "Feature", "properties": { "zone_code": "NSR-GRID-148", "event_id": "evt_dry_009", "timestamp": "2024-02-20T00:00", "y_pred": 0.32372041604739887, "predicted_risk_class": "low", "rain_24h_mm": 0.0, "gpm_precipitation_sum": 0.0, "built_surface_mean": 2847.140042372881, "population_sum": 0.0 }, "geometry": { "type": "Polygon", "coordinates": [ [ [ 31.398612851991352, 30.060507635919031 ], [ 31.398612851991352, 30.064395005024021 ], [ 31.403104428411954, 30.064395005024021 ], [ 31.403104428411954, 30.060507635919031 ], [ 31.398612851991352, 30.060507635919031 ] ] ] } },
{ "type": "Feature", "properties": { "zone_code": "NSR-GRID-149", "event_id": "evt_dry_009", "timestamp": "2024-02-20T00:00", "y_pred": 0.41097839372344558, "predicted_risk_class": "medium", "rain_24h_mm": 0.0, "gpm_precipitation_sum": 0.0, "built_surface_mean": 3922.6706929434199, "population_sum": 0.0 }, "geometry": { "type": "Polygon", "coordinates": [ [ [ 31.403104428411954, 30.060507635919031 ], [ 31.403104428411954, 30.064395005024021 ], [ 31.407596004832552, 30.064395005024021 ], [ 31.407596004832552, 30.060507635919031 ], [ 31.403104428411954, 30.060507635919031 ] ] ] } },
{ "type": "Feature", "properties": { "zone_code": "NSR-GRID-150", "event_id": "evt_dry_009", "timestamp": "2024-02-20T00:00", "y_pred": 0.30787125900011952, "predicted_risk_class": "low", "rain_24h_mm": 0.0, "gpm_precipitation_sum": 0.0, "built_surface_mean": 2353.9866497139219, "population_sum": 0.0 }, "geometry": { "type": "Polygon", "coordinates": [ [ [ 31.407596004832552, 30.060507635919031 ], [ 31.407596004832552, 30.064395005024021 ], [ 31.41208758125315, 30.064395005024021 ], [ 31.41208758125315, 30.060507635919031 ], [ 31.407596004832552, 30.060507635919031 ] ] ] } },
{ "type": "Feature", "properties": { "zone_code": "NSR-GRID-151", "event_id": "evt_dry_009", "timestamp": "2024-02-20T00:00", "y_pred": 0.1284091384235484, "predicted_risk_class": "low", "rain_24h_mm": 0.0, "gpm_precipitation_sum": 0.0, "built_surface_mean": 98.279669762641873, "population_sum": 0.0 }, "geometry": { "type": "Polygon", "coordinates": [ [ [ 31.41208758125315, 30.056620114161532 ], [ 31.41208758125315, 30.060507635919031 ], [ 31.416434861373908, 30.060507635919031 ], [ 31.415953, 30.0599322 ], [ 31.4138224, 30.0574153 ], [ 31.413161015291209, 30.056620114161532 ], [ 31.41208758125315, 30.056620114161532 ] ] ] } },
{ "type": "Feature", "properties": { "zone_code": "NSR-GRID-152", "event_id": "evt_dry_009", "timestamp": "2024-02-20T00:00", "y_pred": 0.36620563700929609, "predicted_risk_class": "medium", "rain_24h_mm": 0.0, "gpm_precipitation_sum": 0.0, "built_surface_mean": 3402.1373546511627, "population_sum": 0.0 }, "geometry": { "type": "Polygon", "coordinates": [ [ [ 31.326747629261792, 30.060507635919031 ], [ 31.326747629261792, 30.056620114161532 ], [ 31.324525527109831, 30.056620114161532 ], [ 31.3241382, 30.0590633 ], [ 31.3238344, 30.0603771 ], [ 31.323759049574754, 30.060507635919031 ], [ 31.326747629261792, 30.060507635919031 ] ] ] } },
{ "type": "Feature", "properties": { "zone_code": "NSR-GRID-153", "event_id": "evt_dry_009", "timestamp": "2024-02-20T00:00", "y_pred": 0.45566314517320611, "predicted_risk_class": "medium", "rain_24h_mm": 0.0, "gpm_precipitation_sum": 0.0, "built_surface_mean": 4276.5337043908476, "population_sum": 0.0 }, "geometry": { "type": "Polygon", "coordinates": [ [ [ 31.326747629261792, 30.056620114161532 ], [ 31.326747629261792, 30.060507635919031 ], [ 31.331239205682394, 30.060507635919031 ], [ 31.331239205682394, 30.056620114161532 ], [ 31.326747629261792, 30.056620114161532 ] ] ] } },
{ "type": "Feature", "properties": { "zone_code": "NSR-GRID-154", "event_id": "evt_dry_009", "timestamp": "2024-02-20T00:00", "y_pred": 0.4334682040148502, "predicted_risk_class": "medium", "rain_24h_mm": 0.0, "gpm_precipitation_sum": 0.0, "built_surface_mean": 4292.9942268041259, "population_sum": 0.0 }, "geometry": { "type": "Polygon", "coordinates": [ [ [ 31.331239205682394, 30.056620114161532 ], [ 31.331239205682394, 30.060507635919031 ], [ 31.335730782102992, 30.060507635919031 ], [ 31.335730782102992, 30.056620114161532 ], [ 31.331239205682394, 30.056620114161532 ] ] ] } },
{ "type": "Feature", "properties": { "zone_code": "NSR-GRID-155", "event_id": "evt_dry_009", "timestamp": "2024-02-20T00:00", "y_pred": 0.42068997470053471, "predicted_risk_class": "medium", "rain_24h_mm": 0.0, "gpm_precipitation_sum": 0.0, "built_surface_mean": 4367.6813685078323, "population_sum": 0.0 }, "geometry": { "type": "Polygon", "coordinates": [ [ [ 31.335730782102992, 30.056620114161532 ], [ 31.335730782102992, 30.060507635919031 ], [ 31.340222358523583, 30.060507635919031 ], [ 31.340222358523583, 30.056620114161532 ], [ 31.335730782102992, 30.056620114161532 ] ] ] } },
{ "type": "Feature", "properties": { "zone_code": "NSR-GRID-156", "event_id": "evt_dry_009", "timestamp": "2024-02-20T00:00", "y_pred": 0.41341188520071542, "predicted_risk_class": "medium", "rain_24h_mm": 0.0, "gpm_precipitation_sum": 0.0, "built_surface_mean": 4114.499072356215, "population_sum": 0.0 }, "geometry": { "type": "Polygon", "coordinates": [ [ [ 31.340222358523583, 30.056620114161532 ], [ 31.340222358523583, 30.060507635919031 ], [ 31.344713934944181, 30.060507635919031 ], [ 31.344713934944181, 30.056620114161532 ], [ 31.340222358523583, 30.056620114161532 ] ] ] } },
{ "type": "Feature", "properties": { "zone_code": "NSR-GRID-157", "event_id": "evt_dry_009", "timestamp": "2024-02-20T00:00", "y_pred": 0.39074112185455673, "predicted_risk_class": "medium", "rain_24h_mm": 0.0, "gpm_precipitation_sum": 0.0, "built_surface_mean": 3878.194765045343, "population_sum": 0.0 }, "geometry": { "type": "Polygon", "coordinates": [ [ [ 31.344713934944181, 30.056620114161532 ], [ 31.344713934944181, 30.060507635919031 ], [ 31.349205511364779, 30.060507635919031 ], [ 31.349205511364779, 30.056620114161532 ], [ 31.344713934944181, 30.056620114161532 ] ] ] } },
{ "type": "Feature", "properties": { "zone_code": "NSR-GRID-158", "event_id": "evt_dry_009", "timestamp": "2024-02-20T00:00", "y_pred": 0.41616540241683819, "predicted_risk_class": "medium", "rain_24h_mm": 0.0, "gpm_precipitation_sum": 0.0, "built_surface_mean": 4312.3159521846665, "population_sum": 0.0 }, "geometry": { "type": "Polygon", "coordinates": [ [ [ 31.349205511364779, 30.056620114161532 ], [ 31.349205511364779, 30.060507635919031 ], [ 31.353697087785381, 30.060507635919031 ], [ 31.353697087785381, 30.056620114161532 ], [ 31.349205511364779, 30.056620114161532 ] ] ] } },
{ "type": "Feature", "properties": { "zone_code": "NSR-GRID-159", "event_id": "evt_dry_009", "timestamp": "2024-02-20T00:00", "y_pred": 0.37231509618712549, "predicted_risk_class": "medium", "rain_24h_mm": 0.0, "gpm_precipitation_sum": 0.0, "built_surface_mean": 4316.9113219220462, "population_sum": 0.0 }, "geometry": { "type": "Polygon", "coordinates": [ [ [ 31.353697087785381, 30.056620114161532 ], [ 31.353697087785381, 30.060507635919031 ], [ 31.358188664205979, 30.060507635919031 ], [ 31.358188664205979, 30.056620114161532 ], [ 31.353697087785381, 30.056620114161532 ] ] ] } },
{ "type": "Feature", "properties": { "zone_code": "NSR-GRID-160", "event_id": "evt_dry_009", "timestamp": "2024-02-20T00:00", "y_pred": 0.43790718985851329, "predicted_risk_class": "medium", "rain_24h_mm": 0.0, "gpm_precipitation_sum": 0.0, "built_surface_mean": 4269.007630439266, "population_sum": 0.0 }, "geometry": { "type": "Polygon", "coordinates": [ [ [ 31.358188664205979, 30.056620114161532 ], [ 31.358188664205979, 30.060507635919031 ], [ 31.362680240626577, 30.060507635919031 ], [ 31.362680240626577, 30.056620114161532 ], [ 31.358188664205979, 30.056620114161532 ] ] ] } },
{ "type": "Feature", "properties": { "zone_code": "NSR-GRID-161", "event_id": "evt_dry_009", "timestamp": "2024-02-20T00:00", "y_pred": 0.35740064937490129, "predicted_risk_class": "medium", "rain_24h_mm": 0.0, "gpm_precipitation_sum": 0.0, "built_surface_mean": 3389.4563827593324, "population_sum": 0.0 }, "geometry": { "type": "Polygon", "coordinates": [ [ [ 31.362680240626577, 30.056620114161532 ], [ 31.362680240626577, 30.060507635919031 ], [ 31.367171817047169, 30.060507635919031 ], [ 31.367171817047169, 30.056620114161532 ], [ 31.362680240626577, 30.056620114161532 ] ] ] } },
{ "type": "Feature", "properties": { "zone_code": "NSR-GRID-162", "event_id": "evt_dry_009", "timestamp": "2024-02-20T00:00", "y_pred": 0.28275951084192819, "predicted_risk_class": "low", "rain_24h_mm": 0.0, "gpm_precipitation_sum": 0.0, "built_surface_mean": 2447.4016494845364, "population_sum": 0.0 }, "geometry": { "type": "Polygon", "coordinates": [ [ [ 31.367171817047169, 30.056620114161532 ], [ 31.367171817047169, 30.060507635919031 ], [ 31.371663393467767, 30.060507635919031 ], [ 31.371663393467767, 30.056620114161532 ], [ 31.367171817047169, 30.056620114161532 ] ] ] } },
{ "type": "Feature", "properties": { "zone_code": "NSR-GRID-163", "event_id": "evt_dry_009", "timestamp": "2024-02-20T00:00", "y_pred": 0.3536786846725547, "predicted_risk_class": "medium", "rain_24h_mm": 0.0, "gpm_precipitation_sum": 0.0, "built_surface_mean": 3208.920824742268, "population_sum": 0.0 }, "geometry": { "type": "Polygon", "coordinates": [ [ [ 31.371663393467767, 30.056620114161532 ], [ 31.371663393467767, 30.060507635919031 ], [ 31.376154969888365, 30.060507635919031 ], [ 31.376154969888365, 30.056620114161532 ], [ 31.371663393467767, 30.056620114161532 ] ] ] } },
{ "type": "Feature", "properties": { "zone_code": "NSR-GRID-164", "event_id": "evt_dry_009", "timestamp": "2024-02-20T00:00", "y_pred": 0.3906304259574428, "predicted_risk_class": "medium", "rain_24h_mm": 0.0, "gpm_precipitation_sum": 0.0, "built_surface_mean": 3814.4900020614318, "population_sum": 0.0 }, "geometry": { "type": "Polygon", "coordinates": [ [ [ 31.376154969888365, 30.056620114161532 ], [ 31.376154969888365, 30.060507635919031 ], [ 31.380646546308967, 30.060507635919031 ], [ 31.380646546308967, 30.056620114161532 ], [ 31.376154969888365, 30.056620114161532 ] ] ] } },
{ "type": "Feature", "properties": { "zone_code": "NSR-GRID-165", "event_id": "evt_dry_009", "timestamp": "2024-02-20T00:00", "y_pred": 0.4284514725788674, "predicted_risk_class": "medium", "rain_24h_mm": 0.0, "gpm_precipitation_sum": 0.0, "built_surface_mean": 4411.4742374278649, "population_sum": 0.0 }, "geometry": { "type": "Polygon", "coordinates": [ [ [ 31.380646546308967, 30.056620114161532 ], [ 31.380646546308967, 30.060507635919031 ], [ 31.385138122729565, 30.060507635919031 ], [ 31.385138122729565, 30.056620114161532 ], [ 31.380646546308967, 30.056620114161532 ] ] ] } },
{ "type": "Feature", "properties": { "zone_code": "NSR-GRID-166", "event_id": "evt_dry_009", "timestamp": "2024-02-20T00:00", "y_pred": 0.3988440833380697, "predicted_risk_class": "medium", "rain_24h_mm": 0.0, "gpm_precipitation_sum": 0.0, "built_surface_mean": 3816.9022680412381, "population_sum": 0.0 }, "geometry": { "type": "Polygon", "coordinates": [ [ [ 31.385138122729565, 30.056620114161532 ], [ 31.385138122729565, 30.060507635919031 ], [ 31.389629699150163, 30.060507635919031 ], [ 31.389629699150163, 30.056620114161532 ], [ 31.385138122729565, 30.056620114161532 ] ] ] } },
{ "type": "Feature", "properties": { "zone_code": "NSR-GRID-167", "event_id": "evt_dry_009", "timestamp": "2024-02-20T00:00", "y_pred": 0.37865961153926159, "predicted_risk_class": "medium", "rain_24h_mm": 0.0, "gpm_precipitation_sum": 0.0, "built_surface_mean": 3936.3661855670121, "population_sum": 0.0 }, "geometry": { "type": "Polygon", "coordinates": [ [ [ 31.389629699150163, 30.056620114161532 ], [ 31.389629699150163, 30.060507635919031 ], [ 31.394121275570754, 30.060507635919031 ], [ 31.394121275570754, 30.056620114161532 ], [ 31.389629699150163, 30.056620114161532 ] ] ] } },
{ "type": "Feature", "properties": { "zone_code": "NSR-GRID-168", "event_id": "evt_dry_009", "timestamp": "2024-02-20T00:00", "y_pred": 0.36160232974702849, "predicted_risk_class": "medium", "rain_24h_mm": 0.0, "gpm_precipitation_sum": 0.0, "built_surface_mean": 3875.7074226804129, "population_sum": 0.0 }, "geometry": { "type": "Polygon", "coordinates": [ [ [ 31.394121275570754, 30.056620114161532 ], [ 31.394121275570754, 30.060507635919031 ], [ 31.398612851991352, 30.060507635919031 ], [ 31.398612851991352, 30.056620114161532 ], [ 31.394121275570754, 30.056620114161532 ] ] ] } },
{ "type": "Feature", "properties": { "zone_code": "NSR-GRID-169", "event_id": "evt_dry_009", "timestamp": "2024-02-20T00:00", "y_pred": 0.3138481705398441, "predicted_risk_class": "low", "rain_24h_mm": 0.0, "gpm_precipitation_sum": 0.0, "built_surface_mean": 2881.758194186767, "population_sum": 0.0 }, "geometry": { "type": "Polygon", "coordinates": [ [ [ 31.398612851991352, 30.056620114161532 ], [ 31.398612851991352, 30.060507635919031 ], [ 31.403104428411954, 30.060507635919031 ], [ 31.403104428411954, 30.056620114161532 ], [ 31.398612851991352, 30.056620114161532 ] ] ] } },
{ "type": "Feature", "properties": { "zone_code": "NSR-GRID-170", "event_id": "evt_dry_009", "timestamp": "2024-02-20T00:00", "y_pred": 0.27121946313432588, "predicted_risk_class": "low", "rain_24h_mm": 0.0, "gpm_precipitation_sum": 0.0, "built_surface_mean": 2152.1677658697449, "population_sum": 0.0 }, "geometry": { "type": "Polygon", "coordinates": [ [ [ 31.403104428411954, 30.056620114161532 ], [ 31.403104428411954, 30.060507635919031 ], [ 31.407596004832552, 30.060507635919031 ], [ 31.407596004832552, 30.056620114161532 ], [ 31.403104428411954, 30.056620114161532 ] ] ] } },
{ "type": "Feature", "properties": { "zone_code": "NSR-GRID-171", "event_id": "evt_dry_009", "timestamp": "2024-02-20T00:00", "y_pred": 0.16426240583155241, "predicted_risk_class": "low", "rain_24h_mm": 0.0, "gpm_precipitation_sum": 0.0, "built_surface_mean": 489.2999381570811, "population_sum": 0.0 }, "geometry": { "type": "Polygon", "coordinates": [ [ [ 31.407596004832552, 30.056620114161532 ], [ 31.407596004832552, 30.060507635919031 ], [ 31.41208758125315, 30.060507635919031 ], [ 31.41208758125315, 30.056620114161532 ], [ 31.407596004832552, 30.056620114161532 ] ] ] } },
{ "type": "Feature", "properties": { "zone_code": "NSR-GRID-172", "event_id": "evt_dry_009", "timestamp": "2024-02-20T00:00", "y_pred": 0.15946537675438971, "predicted_risk_class": "low", "rain_24h_mm": 0.0, "gpm_precipitation_sum": 0.0, "built_surface_mean": 47.999999999999993, "population_sum": 0.0 }, "geometry": { "type": "Polygon", "coordinates": [ [ [ 31.41208758125315, 30.056620114161532 ], [ 31.413161015291209, 30.056620114161532 ], [ 31.41208758125315, 30.055329505949825 ], [ 31.41208758125315, 30.056620114161532 ] ] ] } },
{ "type": "Feature", "properties": { "zone_code": "NSR-GRID-173", "event_id": "evt_dry_009", "timestamp": "2024-02-20T00:00", "y_pred": 0.14362595457094801, "predicted_risk_class": "low", "rain_24h_mm": 0.0, "gpm_precipitation_sum": 0.0, "built_surface_mean": 245.87163876204971, "population_sum": 0.0 }, "geometry": { "type": "Polygon", "coordinates": [ [ [ 31.407596004832552, 30.052732439763453 ], [ 31.407596004832552, 30.056620114161532 ], [ 31.41208758125315, 30.056620114161532 ], [ 31.41208758125315, 30.055329505949825 ], [ 31.4115601, 30.0546953 ], [ 31.409898090104864, 30.052732439763453 ], [ 31.407596004832552, 30.052732439763453 ] ] ] } },
{ "type": "Feature", "properties": { "zone_code": "NSR-GRID-174", "event_id": "evt_dry_009", "timestamp": "2024-02-20T00:00", "y_pred": 0.36584090806265918, "predicted_risk_class": "medium", "rain_24h_mm": 0.0, "gpm_precipitation_sum": 0.0, "built_surface_mean": 3306.1062874251502, "population_sum": 0.0 }, "geometry": { "type": "Polygon", "coordinates": [ [ [ 31.326747629261792, 30.056620114161532 ], [ 31.326747629261792, 30.052732439763453 ], [ 31.325241426426246, 30.052732439763453 ], [ 31.3251262, 30.0528298 ], [ 31.3250972, 30.053014 ], [ 31.324525527109831, 30.056620114161532 ], [ 31.326747629261792, 30.056620114161532 ] ] ] } },
{ "type": "Feature", "properties": { "zone_code": "NSR-GRID-175", "event_id": "evt_dry_009", "timestamp": "2024-02-20T00:00", "y_pred": 0.4413613781004555, "predicted_risk_class": "medium", "rain_24h_mm": 0.0, "gpm_precipitation_sum": 0.0, "built_surface_mean": 4004.2948283170822, "population_sum": 0.0 }, "geometry": { "type": "Polygon", "coordinates": [ [ [ 31.326747629261792, 30.052732439763453 ], [ 31.326747629261792, 30.056620114161532 ], [ 31.331239205682394, 30.056620114161532 ], [ 31.331239205682394, 30.052732439763453 ], [ 31.327302176329447, 30.052732439763453 ], [ 31.3272972, 30.0527847 ], [ 31.326967793108562, 30.052732439763453 ], [ 31.326747629261792, 30.052732439763453 ] ] ] } },
{ "type": "Feature", "properties": { "zone_code": "NSR-GRID-176", "event_id": "evt_dry_009", "timestamp": "2024-02-20T00:00", "y_pred": 0.42231263495624521, "predicted_risk_class": "medium", "rain_24h_mm": 0.0, "gpm_precipitation_sum": 0.0, "built_surface_mean": 4029.7096842551391, "population_sum": 0.0 }, "geometry": { "type": "Polygon", "coordinates": [ [ [ 31.331239205682394, 30.052732439763453 ], [ 31.331239205682394, 30.056620114161532 ], [ 31.335730782102992, 30.056620114161532 ], [ 31.335730782102992, 30.052732439763453 ], [ 31.331239205682394, 30.052732439763453 ] ] ] } },
{ "type": "Feature", "properties": { "zone_code": "NSR-GRID-177", "event_id": "evt_dry_009", "timestamp": "2024-02-20T00:00", "y_pred": 0.41312393744974629, "predicted_risk_class": "medium", "rain_24h_mm": 0.0, "gpm_precipitation_sum": 0.0, "built_surface_mean": 3807.591140313692, "population_sum": 0.0 }, "geometry": { "type": "Polygon", "coordinates": [ [ [ 31.335730782102992, 30.052732439763453 ], [ 31.335730782102992, 30.056620114161532 ], [ 31.340222358523583, 30.056620114161532 ], [ 31.340222358523583, 30.052732439763453 ], [ 31.335730782102992, 30.052732439763453 ] ] ] } },
{ "type": "Feature", "properties": { "zone_code": "NSR-GRID-178", "event_id": "evt_dry_009", "timestamp": "2024-02-20T00:00", "y_pred": 0.40305840299290391, "predicted_risk_class": "medium", "rain_24h_mm": 0.0, "gpm_precipitation_sum": 0.0, "built_surface_mean": 4038.5765154726569, "population_sum": 0.0 }, "geometry": { "type": "Polygon", "coordinates": [ [ [ 31.340222358523583, 30.052732439763453 ], [ 31.340222358523583, 30.056620114161532 ], [ 31.344713934944181, 30.056620114161532 ], [ 31.344713934944181, 30.052732439763453 ], [ 31.340222358523583, 30.052732439763453 ] ] ] } },
{ "type": "Feature", "properties": { "zone_code": "NSR-GRID-179", "event_id": "evt_dry_009", "timestamp": "2024-02-20T00:00", "y_pred": 0.39807464841355522, "predicted_risk_class": "medium", "rain_24h_mm": 0.0, "gpm_precipitation_sum": 0.0, "built_surface_mean": 3946.5969485060391, "population_sum": 0.0 }, "geometry": { "type": "Polygon", "coordinates": [ [ [ 31.344713934944181, 30.052732439763453 ], [ 31.344713934944181, 30.056620114161532 ], [ 31.349205511364779, 30.056620114161532 ], [ 31.349205511364779, 30.052732439763453 ], [ 31.344713934944181, 30.052732439763453 ] ] ] } },
{ "type": "Feature", "properties": { "zone_code": "NSR-GRID-180", "event_id": "evt_dry_009", "timestamp": "2024-02-20T00:00", "y_pred": 0.36104383951007712, "predicted_risk_class": "medium", "rain_24h_mm": 0.0, "gpm_precipitation_sum": 0.0, "built_surface_mean": 4125.0069915254244, "population_sum": 0.0 }, "geometry": { "type": "Polygon", "coordinates": [ [ [ 31.349205511364779, 30.052732439763453 ], [ 31.349205511364779, 30.056620114161532 ], [ 31.353697087785381, 30.056620114161532 ], [ 31.353697087785381, 30.052732439763453 ], [ 31.349205511364779, 30.052732439763453 ] ] ] } },
{ "type": "Feature", "properties": { "zone_code": "NSR-GRID-181", "event_id": "evt_dry_009", "timestamp": "2024-02-20T00:00", "y_pred": 0.35123520887063031, "predicted_risk_class": "medium", "rain_24h_mm": 0.0, "gpm_precipitation_sum": 0.0, "built_surface_mean": 3901.9068191444298, "population_sum": 0.0 }, "geometry": { "type": "Polygon", "coordinates": [ [ [ 31.353697087785381, 30.052732439763453 ], [ 31.353697087785381, 30.056620114161532 ], [ 31.358188664205979, 30.056620114161532 ], [ 31.358188664205979, 30.052732439763453 ], [ 31.353697087785381, 30.052732439763453 ] ] ] } },
{ "type": "Feature", "properties": { "zone_code": "NSR-GRID-182", "event_id": "evt_dry_009", "timestamp": "2024-02-20T00:00", "y_pred": 0.46126727726911299, "predicted_risk_class": "medium", "rain_24h_mm": 0.0, "gpm_precipitation_sum": 0.0, "built_surface_mean": 4226.9286016949145, "population_sum": 0.0 }, "geometry": { "type": "Polygon", "coordinates": [ [ [ 31.358188664205979, 30.052732439763453 ], [ 31.358188664205979, 30.056620114161532 ], [ 31.362680240626577, 30.056620114161532 ], [ 31.362680240626577, 30.052732439763453 ], [ 31.358188664205979, 30.052732439763453 ] ] ] } },
{ "type": "Feature", "properties": { "zone_code": "NSR-GRID-183", "event_id": "evt_dry_009", "timestamp": "2024-02-20T00:00", "y_pred": 0.40175594382385471, "predicted_risk_class": "medium", "rain_24h_mm": 0.0, "gpm_precipitation_sum": 0.0, "built_surface_mean": 3833.2888323797411, "population_sum": 0.0 }, "geometry": { "type": "Polygon", "coordinates": [ [ [ 31.362680240626577, 30.052732439763453 ], [ 31.362680240626577, 30.056620114161532 ], [ 31.367171817047169, 30.056620114161532 ], [ 31.367171817047169, 30.052732439763453 ], [ 31.362680240626577, 30.052732439763453 ] ] ] } },
{ "type": "Feature", "properties": { "zone_code": "NSR-GRID-184", "event_id": "evt_dry_009", "timestamp": "2024-02-20T00:00", "y_pred": 0.41079013103669532, "predicted_risk_class": "medium", "rain_24h_mm": 0.0, "gpm_precipitation_sum": 0.0, "built_surface_mean": 3791.6401780038136, "population_sum": 0.0 }, "geometry": { "type": "Polygon", "coordinates": [ [ [ 31.367171817047169, 30.052732439763453 ], [ 31.367171817047169, 30.056620114161532 ], [ 31.371663393467767, 30.056620114161532 ], [ 31.371663393467767, 30.052732439763453 ], [ 31.367171817047169, 30.052732439763453 ] ] ] } },
{ "type": "Feature", "properties": { "zone_code": "NSR-GRID-185", "event_id": "evt_dry_009", "timestamp": "2024-02-20T00:00", "y_pred": 0.33597370750514249, "predicted_risk_class": "medium", "rain_24h_mm": 0.0, "gpm_precipitation_sum": 0.0, "built_surface_mean": 3020.1015045560493, "population_sum": 0.0 }, "geometry": { "type": "Polygon", "coordinates": [ [ [ 31.371663393467767, 30.052732439763453 ], [ 31.371663393467767, 30.056620114161532 ], [ 31.376154969888365, 30.056620114161532 ], [ 31.376154969888365, 30.052732439763453 ], [ 31.371663393467767, 30.052732439763453 ] ] ] } },
{ "type": "Feature", "properties": { "zone_code": "NSR-GRID-186", "event_id": "evt_dry_009", "timestamp": "2024-02-20T00:00", "y_pred": 0.37982239843341459, "predicted_risk_class": "medium", "rain_24h_mm": 0.0, "gpm_precipitation_sum": 0.0, "built_surface_mean": 4129.9813519813524, "population_sum": 0.0 }, "geometry": { "type": "Polygon", "coordinates": [ [ [ 31.376154969888365, 30.052732439763453 ], [ 31.376154969888365, 30.056620114161532 ], [ 31.380646546308967, 30.056620114161532 ], [ 31.380646546308967, 30.052732439763453 ], [ 31.376154969888365, 30.052732439763453 ] ] ] } },
{ "type": "Feature", "properties": { "zone_code": "NSR-GRID-187", "event_id": "evt_dry_009", "timestamp": "2024-02-20T00:00", "y_pred": 0.43673534923956059, "predicted_risk_class": "medium", "rain_24h_mm": 0.0, "gpm_precipitation_sum": 0.0, "built_surface_mean": 4528.6550847457629, "population_sum": 0.0 }, "geometry": { "type": "Polygon", "coordinates": [ [ [ 31.380646546308967, 30.052732439763453 ], [ 31.380646546308967, 30.056620114161532 ], [ 31.385138122729565, 30.056620114161532 ], [ 31.385138122729565, 30.052732439763453 ], [ 31.380646546308967, 30.052732439763453 ] ] ] } },
{ "type": "Feature", "properties": { "zone_code": "NSR-GRID-188", "event_id": "evt_dry_009", "timestamp": "2024-02-20T00:00", "y_pred": 0.44160278286043902, "predicted_risk_class": "medium", "rain_24h_mm": 0.0, "gpm_precipitation_sum": 0.0, "built_surface_mean": 4490.5582627118638, "population_sum": 0.0 }, "geometry": { "type": "Polygon", "coordinates": [ [ [ 31.385138122729565, 30.052732439763453 ], [ 31.385138122729565, 30.056620114161532 ], [ 31.389629699150163, 30.056620114161532 ], [ 31.389629699150163, 30.052732439763453 ], [ 31.385138122729565, 30.052732439763453 ] ] ] } },
{ "type": "Feature", "properties": { "zone_code": "NSR-GRID-189", "event_id": "evt_dry_009", "timestamp": "2024-02-20T00:00", "y_pred": 0.43100101920569428, "predicted_risk_class": "medium", "rain_24h_mm": 0.0, "gpm_precipitation_sum": 0.0, "built_surface_mean": 4186.8534208854053, "population_sum": 0.0 }, "geometry": { "type": "Polygon", "coordinates": [ [ [ 31.389629699150163, 30.052732439763453 ], [ 31.389629699150163, 30.056620114161532 ], [ 31.394121275570754, 30.056620114161532 ], [ 31.394121275570754, 30.052732439763453 ], [ 31.389629699150163, 30.052732439763453 ] ] ] } },
{ "type": "Feature", "properties": { "zone_code": "NSR-GRID-190", "event_id": "evt_dry_009", "timestamp": "2024-02-20T00:00", "y_pred": 0.36285819335816161, "predicted_risk_class": "medium", "rain_24h_mm": 0.0, "gpm_precipitation_sum": 0.0, "built_surface_mean": 3266.4879237288133, "population_sum": 0.0 }, "geometry": { "type": "Polygon", "coordinates": [ [ [ 31.394121275570754, 30.052732439763453 ], [ 31.394121275570754, 30.056620114161532 ], [ 31.398612851991352, 30.056620114161532 ], [ 31.398612851991352, 30.052732439763453 ], [ 31.394121275570754, 30.052732439763453 ] ] ] } },
{ "type": "Feature", "properties": { "zone_code": "NSR-GRID-191", "event_id": "evt_dry_009", "timestamp": "2024-02-20T00:00", "y_pred": 0.27381898238310948, "predicted_risk_class": "low", "rain_24h_mm": 0.0, "gpm_precipitation_sum": 0.0, "built_surface_mean": 1984.7010593220343, "population_sum": 0.0 }, "geometry": { "type": "Polygon", "coordinates": [ [ [ 31.398612851991352, 30.052732439763453 ], [ 31.398612851991352, 30.056620114161532 ], [ 31.403104428411954, 30.056620114161532 ], [ 31.403104428411954, 30.052732439763453 ], [ 31.398612851991352, 30.052732439763453 ] ] ] } },
{ "type": "Feature", "properties": { "zone_code": "NSR-GRID-192", "event_id": "evt_dry_009", "timestamp": "2024-02-20T00:00", "y_pred": 0.1646136475404156, "predicted_risk_class": "low", "rain_24h_mm": 0.0, "gpm_precipitation_sum": 0.0, "built_surface_mean": 345.40856113583385, "population_sum": 0.0 }, "geometry": { "type": "Polygon", "coordinates": [ [ [ 31.403104428411954, 30.052732439763453 ], [ 31.403104428411954, 30.056620114161532 ], [ 31.407596004832552, 30.056620114161532 ], [ 31.407596004832552, 30.052732439763453 ], [ 31.403104428411954, 30.052732439763453 ] ] ] } },
{ "type": "Feature", "properties": { "zone_code": "NSR-GRID-193", "event_id": "evt_dry_009", "timestamp": "2024-02-20T00:00", "y_pred": 0.45692575357040538, "predicted_risk_class": "medium", "rain_24h_mm": 0.0, "gpm_precipitation_sum": 0.0, "built_surface_mean": 4220.4324324324325, "population_sum": 0.0 }, "geometry": { "type": "Polygon", "coordinates": [ [ [ 31.326747629261792, 30.052732439763453 ], [ 31.326747629261792, 30.052697510865265 ], [ 31.3266278, 30.0526785 ], [ 31.3258836, 30.0526042 ], [ 31.3254132, 30.0525873 ], [ 31.325241426426246, 30.052732439763453 ], [ 31.326747629261792, 30.052732439763453 ] ] ] } },
{ "type": "Feature", "properties": { "zone_code": "NSR-GRID-194", "event_id": "evt_dry_009", "timestamp": "2024-02-20T00:00", "y_pred": 0.2419824097288695, "predicted_risk_class": "low", "rain_24h_mm": 0.0, "gpm_precipitation_sum": 0.0, "built_surface_mean": 1225.250293772033, "population_sum": 0.0 }, "geometry": { "type": "Polygon", "coordinates": [ [ [ 31.407596004832552, 30.052732439763453 ], [ 31.409898090104864, 30.052732439763453 ], [ 31.407596004832552, 30.050013576013651 ], [ 31.407596004832552, 30.052732439763453 ] ] ] } },
{ "type": "Feature", "properties": { "zone_code": "NSR-GRID-195", "event_id": "evt_dry_009", "timestamp": "2024-02-20T00:00", "y_pred": 0.38980180713969093, "predicted_risk_class": "medium", "rain_24h_mm": 0.0, "gpm_precipitation_sum": 0.0, "built_surface_mean": 3766.540122633965, "population_sum": 0.0 }, "geometry": { "type": "MultiPolygon", "coordinates": [ [ [ [ 31.331239205682394, 30.052732439763453 ], [ 31.331239205682394, 30.048844612736701 ], [ 31.328113132449186, 30.048844612736701 ], [ 31.3279076, 30.0497348 ], [ 31.3276101, 30.0510161 ], [ 31.327353, 30.0521987 ], [ 31.327302176329447, 30.052732439763453 ], [ 31.331239205682394, 30.052732439763453 ] ] ], [ [ [ 31.326747629261792, 30.052732439763453 ], [ 31.326967793108562, 30.052732439763453 ], [ 31.326747629261792, 30.052697510865265 ], [ 31.326747629261792, 30.052732439763453 ] ] ] ] } },
{ "type": "Feature", "properties": { "zone_code": "NSR-GRID-196", "event_id": "evt_dry_009", "timestamp": "2024-02-20T00:00", "y_pred": 0.23141946302413749, "predicted_risk_class": "low", "rain_24h_mm": 0.0, "gpm_precipitation_sum": 0.0, "built_surface_mean": 1113.1532767254521, "population_sum": 0.0 }, "geometry": { "type": "Polygon", "coordinates": [ [ [ 31.403104428411954, 30.048844612736701 ], [ 31.403104428411954, 30.052732439763453 ], [ 31.407596004832552, 30.052732439763453 ], [ 31.407596004832552, 30.050013576013651 ], [ 31.4074487, 30.0498396 ], [ 31.406758924697812, 30.048844612736701 ], [ 31.403104428411954, 30.048844612736701 ] ] ] } },
{ "type": "Feature", "properties": { "zone_code": "NSR-GRID-197", "event_id": "evt_dry_009", "timestamp": "2024-02-20T00:00", "y_pred": 0.3757074511946849, "predicted_risk_class": "medium", "rain_24h_mm": 0.0, "gpm_precipitation_sum": 0.0, "built_surface_mean": 3647.6798644929072, "population_sum": 0.0 }, "geometry": { "type": "Polygon", "coordinates": [ [ [ 31.331239205682394, 30.048844612736701 ], [ 31.331239205682394, 30.052732439763453 ], [ 31.335730782102992, 30.052732439763453 ], [ 31.335730782102992, 30.048844612736701 ], [ 31.331239205682394, 30.048844612736701 ] ] ] } },
{ "type": "Feature", "properties": { "zone_code": "NSR-GRID-198", "event_id": "evt_dry_009", "timestamp": "2024-02-20T00:00", "y_pred": 0.32518246828257241, "predicted_risk_class": "low", "rain_24h_mm": 0.0, "gpm_precipitation_sum": 0.0, "built_surface_mean": 2681.0175810209707, "population_sum": 0.0 }, "geometry": { "type": "Polygon", "coordinates": [ [ [ 31.335730782102992, 30.048844612736701 ], [ 31.335730782102992, 30.052732439763453 ], [ 31.340222358523583, 30.052732439763453 ], [ 31.340222358523583, 30.048844612736701 ], [ 31.335730782102992, 30.048844612736701 ] ] ] } },
{ "type": "Feature", "properties": { "zone_code": "NSR-GRID-199", "event_id": "evt_dry_009", "timestamp": "2024-02-20T00:00", "y_pred": 0.39264118076878612, "predicted_risk_class": "medium", "rain_24h_mm": 0.0, "gpm_precipitation_sum": 0.0, "built_surface_mean": 4432.0946632782725, "population_sum": 0.0 }, "geometry": { "type": "Polygon", "coordinates": [ [ [ 31.340222358523583, 30.048844612736701 ], [ 31.340222358523583, 30.052732439763453 ], [ 31.344713934944181, 30.052732439763453 ], [ 31.344713934944181, 30.048844612736701 ], [ 31.340222358523583, 30.048844612736701 ] ] ] } },
{ "type": "Feature", "properties": { "zone_code": "NSR-GRID-200", "event_id": "evt_dry_009", "timestamp": "2024-02-20T00:00", "y_pred": 0.41096135512531862, "predicted_risk_class": "medium", "rain_24h_mm": 0.0, "gpm_precipitation_sum": 0.0, "built_surface_mean": 4521.6300296484551, "population_sum": 0.0 }, "geometry": { "type": "Polygon", "coordinates": [ [ [ 31.344713934944181, 30.048844612736701 ], [ 31.344713934944181, 30.052732439763453 ], [ 31.349205511364779, 30.052732439763453 ], [ 31.349205511364779, 30.048844612736701 ], [ 31.344713934944181, 30.048844612736701 ] ] ] } },
{ "type": "Feature", "properties": { "zone_code": "NSR-GRID-201", "event_id": "evt_dry_009", "timestamp": "2024-02-20T00:00", "y_pred": 0.38749883150145709, "predicted_risk_class": "medium", "rain_24h_mm": 0.0, "gpm_precipitation_sum": 0.0, "built_surface_mean": 4196.1203389830525, "population_sum": 0.0 }, "geometry": { "type": "Polygon", "coordinates": [ [ [ 31.349205511364779, 30.048844612736701 ], [ 31.349205511364779, 30.052732439763453 ], [ 31.353697087785381, 30.052732439763453 ], [ 31.353697087785381, 30.048844612736701 ], [ 31.349205511364779, 30.048844612736701 ] ] ] } },
{ "type": "Feature", "properties": { "zone_code": "NSR-GRID-202", "event_id": "evt_dry_009", "timestamp": "2024-02-20T00:00", "y_pred": 0.39302955809199058, "predicted_risk_class": "medium", "rain_24h_mm": 0.0, "gpm_precipitation_sum": 0.0, "built_surface_mean": 4047.3135718822782, "population_sum": 0.0 }, "geometry": { "type": "Polygon", "coordinates": [ [ [ 31.353697087785381, 30.048844612736701 ], [ 31.353697087785381, 30.052732439763453 ], [ 31.358188664205979, 30.052732439763453 ], [ 31.358188664205979, 30.048844612736701 ], [ 31.353697087785381, 30.048844612736701 ] ] ] } },
{ "type": "Feature", "properties": { "zone_code": "NSR-GRID-203", "event_id": "evt_dry_009", "timestamp": "2024-02-20T00:00", "y_pred": 0.40593739376253862, "predicted_risk_class": "medium", "rain_24h_mm": 0.0, "gpm_precipitation_sum": 0.0, "built_surface_mean": 3544.4866581956794, "population_sum": 0.0 }, "geometry": { "type": "Polygon", "coordinates": [ [ [ 31.358188664205979, 30.048844612736701 ], [ 31.358188664205979, 30.052732439763453 ], [ 31.362680240626577, 30.052732439763453 ], [ 31.362680240626577, 30.048844612736701 ], [ 31.358188664205979, 30.048844612736701 ] ] ] } },
{ "type": "Feature", "properties": { "zone_code": "NSR-GRID-204", "event_id": "evt_dry_009", "timestamp": "2024-02-20T00:00", "y_pred": 0.43720669608434598, "predicted_risk_class": "medium", "rain_24h_mm": 0.0, "gpm_precipitation_sum": 0.0, "built_surface_mean": 4027.3671395299598, "population_sum": 0.0 }, "geometry": { "type": "Polygon", "coordinates": [ [ [ 31.362680240626577, 30.048844612736701 ], [ 31.362680240626577, 30.052732439763453 ], [ 31.367171817047169, 30.052732439763453 ], [ 31.367171817047169, 30.048844612736701 ], [ 31.362680240626577, 30.048844612736701 ] ] ] } },
{ "type": "Feature", "properties": { "zone_code": "NSR-GRID-205", "event_id": "evt_dry_009", "timestamp": "2024-02-20T00:00", "y_pred": 0.36495416823148791, "predicted_risk_class": "medium", "rain_24h_mm": 0.0, "gpm_precipitation_sum": 0.0, "built_surface_mean": 3649.0942197755671, "population_sum": 0.0 }, "geometry": { "type": "Polygon", "coordinates": [ [ [ 31.367171817047169, 30.048844612736701 ], [ 31.367171817047169, 30.052732439763453 ], [ 31.371663393467767, 30.052732439763453 ], [ 31.371663393467767, 30.048844612736701 ], [ 31.367171817047169, 30.048844612736701 ] ] ] } },
{ "type": "Feature", "properties": { "zone_code": "NSR-GRID-206", "event_id": "evt_dry_009", "timestamp": "2024-02-20T00:00", "y_pred": 0.41868204344901738, "predicted_risk_class": "medium", "rain_24h_mm": 0.0, "gpm_precipitation_sum": 0.0, "built_surface_mean": 4247.8723269108632, "population_sum": 0.0 }, "geometry": { "type": "Polygon", "coordinates": [ [ [ 31.371663393467767, 30.048844612736701 ], [ 31.371663393467767, 30.052732439763453 ], [ 31.376154969888365, 30.052732439763453 ], [ 31.376154969888365, 30.048844612736701 ], [ 31.371663393467767, 30.048844612736701 ] ] ] } },
{ "type": "Feature", "properties": { "zone_code": "NSR-GRID-207", "event_id": "evt_dry_009", "timestamp": "2024-02-20T00:00", "y_pred": 0.39791366312556431, "predicted_risk_class": "medium", "rain_24h_mm": 0.0, "gpm_precipitation_sum": 0.0, "built_surface_mean": 4313.145096377888, "population_sum": 0.0 }, "geometry": { "type": "Polygon", "coordinates": [ [ [ 31.376154969888365, 30.048844612736701 ], [ 31.376154969888365, 30.052732439763453 ], [ 31.380646546308967, 30.052732439763453 ], [ 31.380646546308967, 30.048844612736701 ], [ 31.376154969888365, 30.048844612736701 ] ] ] } },
{ "type": "Feature", "properties": { "zone_code": "NSR-GRID-208", "event_id": "evt_dry_009", "timestamp": "2024-02-20T00:00", "y_pred": 0.44428905040613142, "predicted_risk_class": "medium", "rain_24h_mm": 0.0, "gpm_precipitation_sum": 0.0, "built_surface_mean": 4548.5713680643794, "population_sum": 0.0 }, "geometry": { "type": "Polygon", "coordinates": [ [ [ 31.380646546308967, 30.048844612736701 ], [ 31.380646546308967, 30.052732439763453 ], [ 31.385138122729565, 30.052732439763453 ], [ 31.385138122729565, 30.048844612736701 ], [ 31.380646546308967, 30.048844612736701 ] ] ] } },
{ "type": "Feature", "properties": { "zone_code": "NSR-GRID-209", "event_id": "evt_dry_009", "timestamp": "2024-02-20T00:00", "y_pred": 0.42373121337995601, "predicted_risk_class": "medium", "rain_24h_mm": 0.0, "gpm_precipitation_sum": 0.0, "built_surface_mean": 4473.9012920991327, "population_sum": 0.0 }, "geometry": { "type": "Polygon", "coordinates": [ [ [ 31.385138122729565, 30.048844612736701 ], [ 31.385138122729565, 30.052732439763453 ], [ 31.389629699150163, 30.052732439763453 ], [ 31.389629699150163, 30.048844612736701 ], [ 31.385138122729565, 30.048844612736701 ] ] ] } },
{ "type": "Feature", "properties": { "zone_code": "NSR-GRID-210", "event_id": "evt_dry_009", "timestamp": "2024-02-20T00:00", "y_pred": 0.43741367013574028, "predicted_risk_class": "medium", "rain_24h_mm": 0.0, "gpm_precipitation_sum": 0.0, "built_surface_mean": 4463.9621003599423, "population_sum": 0.0 }, "geometry": { "type": "Polygon", "coordinates": [ [ [ 31.389629699150163, 30.048844612736701 ], [ 31.389629699150163, 30.052732439763453 ], [ 31.394121275570754, 30.052732439763453 ], [ 31.394121275570754, 30.048844612736701 ], [ 31.389629699150163, 30.048844612736701 ] ] ] } },
{ "type": "Feature", "properties": { "zone_code": "NSR-GRID-211", "event_id": "evt_dry_009", "timestamp": "2024-02-20T00:00", "y_pred": 0.42537998943944938, "predicted_risk_class": "medium", "rain_24h_mm": 0.0, "gpm_precipitation_sum": 0.0, "built_surface_mean": 4414.5263603641752, "population_sum": 0.0 }, "geometry": { "type": "Polygon", "coordinates": [ [ [ 31.394121275570754, 30.048844612736701 ], [ 31.394121275570754, 30.052732439763453 ], [ 31.398612851991352, 30.052732439763453 ], [ 31.398612851991352, 30.048844612736701 ], [ 31.394121275570754, 30.048844612736701 ] ] ] } },
{ "type": "Feature", "properties": { "zone_code": "NSR-GRID-212", "event_id": "evt_dry_009", "timestamp": "2024-02-20T00:00", "y_pred": 0.32585107997564411, "predicted_risk_class": "low", "rain_24h_mm": 0.0, "gpm_precipitation_sum": 0.0, "built_surface_mean": 2734.991740787802, "population_sum": 0.0 }, "geometry": { "type": "Polygon", "coordinates": [ [ [ 31.398612851991352, 30.048844612736701 ], [ 31.398612851991352, 30.052732439763453 ], [ 31.403104428411954, 30.052732439763453 ], [ 31.403104428411954, 30.048844612736701 ], [ 31.398612851991352, 30.048844612736701 ] ] ] } },
{ "type": "Feature", "properties": { "zone_code": "NSR-GRID-213", "event_id": "evt_dry_009", "timestamp": "2024-02-20T00:00", "y_pred": 0.2529359188123213, "predicted_risk_class": "low", "rain_24h_mm": 0.0, "gpm_precipitation_sum": 0.0, "built_surface_mean": 1969.949585884048, "population_sum": 0.0 }, "geometry": { "type": "Polygon", "coordinates": [ [ [ 31.403104428411954, 30.044956633093168 ], [ 31.403104428411954, 30.048844612736701 ], [ 31.406758924697812, 30.048844612736701 ], [ 31.4059316, 30.0476512 ], [ 31.404817173280087, 30.044956633093168 ], [ 31.403104428411954, 30.044956633093168 ] ] ] } },
{ "type": "Feature", "properties": { "zone_code": "NSR-GRID-214", "event_id": "evt_dry_009", "timestamp": "2024-02-20T00:00", "y_pred": 0.42905491772380883, "predicted_risk_class": "medium", "rain_24h_mm": 0.0, "gpm_precipitation_sum": 0.0, "built_surface_mean": 4533.6692015209128, "population_sum": 0.0 }, "geometry": { "type": "Polygon", "coordinates": [ [ [ 31.331239205682394, 30.048844612736701 ], [ 31.331239205682394, 30.044956633093168 ], [ 31.329008436839352, 30.044956633093168 ], [ 31.3288656, 30.045586299999989 ], [ 31.3284128, 30.0475467 ], [ 31.328113132449186, 30.048844612736701 ], [ 31.331239205682394, 30.048844612736701 ] ] ] } },
{ "type": "Feature", "properties": { "zone_code": "NSR-GRID-215", "event_id": "evt_dry_009", "timestamp": "2024-02-20T00:00", "y_pred": 0.39606453200417302, "predicted_risk_class": "medium", "rain_24h_mm": 0.0, "gpm_precipitation_sum": 0.0, "built_surface_mean": 3869.93980622552, "population_sum": 0.0 }, "geometry": { "type": "Polygon", "coordinates": [ [ [ 31.331239205682394, 30.044956633093168 ], [ 31.331239205682394, 30.048844612736701 ], [ 31.335730782102992, 30.048844612736701 ], [ 31.335730782102992, 30.044956633093168 ], [ 31.331239205682394, 30.044956633093168 ] ] ] } },
{ "type": "Feature", "properties": { "zone_code": "NSR-GRID-216", "event_id": "evt_dry_009", "timestamp": "2024-02-20T00:00", "y_pred": 0.39677402275616491, "predicted_risk_class": "medium", "rain_24h_mm": 0.0, "gpm_precipitation_sum": 0.0, "built_surface_mean": 3659.7502575726362, "population_sum": 0.0 }, "geometry": { "type": "Polygon", "coordinates": [ [ [ 31.335730782102992, 30.044956633093168 ], [ 31.335730782102992, 30.048844612736701 ], [ 31.340222358523583, 30.048844612736701 ], [ 31.340222358523583, 30.044956633093168 ], [ 31.335730782102992, 30.044956633093168 ] ] ] } },
{ "type": "Feature", "properties": { "zone_code": "NSR-GRID-217", "event_id": "evt_dry_009", "timestamp": "2024-02-20T00:00", "y_pred": 0.42283443814008881, "predicted_risk_class": "medium", "rain_24h_mm": 0.0, "gpm_precipitation_sum": 0.0, "built_surface_mean": 4404.5571134020611, "population_sum": 0.0 }, "geometry": { "type": "Polygon", "coordinates": [ [ [ 31.340222358523583, 30.044956633093168 ], [ 31.340222358523583, 30.048844612736701 ], [ 31.344713934944181, 30.048844612736701 ], [ 31.344713934944181, 30.044956633093168 ], [ 31.340222358523583, 30.044956633093168 ] ] ] } },
{ "type": "Feature", "properties": { "zone_code": "NSR-GRID-218", "event_id": "evt_dry_009", "timestamp": "2024-02-20T00:00", "y_pred": 0.42307519104103408, "predicted_risk_class": "medium", "rain_24h_mm": 0.0, "gpm_precipitation_sum": 0.0, "built_surface_mean": 4148.083487940632, "population_sum": 0.0 }, "geometry": { "type": "Polygon", "coordinates": [ [ [ 31.344713934944181, 30.044956633093168 ], [ 31.344713934944181, 30.048844612736701 ], [ 31.349205511364779, 30.048844612736701 ], [ 31.349205511364779, 30.044956633093168 ], [ 31.344713934944181, 30.044956633093168 ] ] ] } },
{ "type": "Feature", "properties": { "zone_code": "NSR-GRID-219", "event_id": "evt_dry_009", "timestamp": "2024-02-20T00:00", "y_pred": 0.37021921743058961, "predicted_risk_class": "medium", "rain_24h_mm": 0.0, "gpm_precipitation_sum": 0.0, "built_surface_mean": 3859.3279736136878, "population_sum": 0.0 }, "geometry": { "type": "Polygon", "coordinates": [ [ [ 31.349205511364779, 30.044956633093168 ], [ 31.349205511364779, 30.048844612736701 ], [ 31.353697087785381, 30.048844612736701 ], [ 31.353697087785381, 30.044956633093168 ], [ 31.349205511364779, 30.044956633093168 ] ] ] } },
{ "type": "Feature", "properties": { "zone_code": "NSR-GRID-220", "event_id": "evt_dry_009", "timestamp": "2024-02-20T00:00", "y_pred": 0.39880001841091089, "predicted_risk_class": "medium", "rain_24h_mm": 0.0, "gpm_precipitation_sum": 0.0, "built_surface_mean": 3705.0618556701038, "population_sum": 0.0 }, "geometry": { "type": "Polygon", "coordinates": [ [ [ 31.353697087785381, 30.044956633093168 ], [ 31.353697087785381, 30.048844612736701 ], [ 31.358188664205979, 30.048844612736701 ], [ 31.358188664205979, 30.044956633093168 ], [ 31.353697087785381, 30.044956633093168 ] ] ] } },
{ "type": "Feature", "properties": { "zone_code": "NSR-GRID-221", "event_id": "evt_dry_009", "timestamp": "2024-02-20T00:00", "y_pred": 0.49716216148206049, "predicted_risk_class": "medium", "rain_24h_mm": 0.0, "gpm_precipitation_sum": 0.0, "built_surface_mean": 4836.9503195217476, "population_sum": 0.0 }, "geometry": { "type": "Polygon", "coordinates": [ [ [ 31.358188664205979, 30.044956633093168 ], [ 31.358188664205979, 30.048844612736701 ], [ 31.362680240626577, 30.048844612736701 ], [ 31.362680240626577, 30.044956633093168 ], [ 31.358188664205979, 30.044956633093168 ] ] ] } },
{ "type": "Feature", "properties": { "zone_code": "NSR-GRID-222", "event_id": "evt_dry_009", "timestamp": "2024-02-20T00:00", "y_pred": 0.37661152714446511, "predicted_risk_class": "medium", "rain_24h_mm": 0.0, "gpm_precipitation_sum": 0.0, "built_surface_mean": 3323.6125773195881, "population_sum": 0.0 }, "geometry": { "type": "Polygon", "coordinates": [ [ [ 31.362680240626577, 30.044956633093168 ], [ 31.362680240626577, 30.048844612736701 ], [ 31.367171817047169, 30.048844612736701 ], [ 31.367171817047169, 30.044956633093168 ], [ 31.362680240626577, 30.044956633093168 ] ] ] } },
{ "type": "Feature", "properties": { "zone_code": "NSR-GRID-223", "event_id": "evt_dry_009", "timestamp": "2024-02-20T00:00", "y_pred": 0.44521568048864357, "predicted_risk_class": "medium", "rain_24h_mm": 0.0, "gpm_precipitation_sum": 0.0, "built_surface_mean": 4529.0544105523477, "population_sum": 0.0 }, "geometry": { "type": "Polygon", "coordinates": [ [ [ 31.367171817047169, 30.044956633093168 ], [ 31.367171817047169, 30.048844612736701 ], [ 31.371663393467767, 30.048844612736701 ], [ 31.371663393467767, 30.044956633093168 ], [ 31.367171817047169, 30.044956633093168 ] ] ] } },
{ "type": "Feature", "properties": { "zone_code": "NSR-GRID-224", "event_id": "evt_dry_009", "timestamp": "2024-02-20T00:00", "y_pred": 0.4369939405707518, "predicted_risk_class": "medium", "rain_24h_mm": 0.0, "gpm_precipitation_sum": 0.0, "built_surface_mean": 4547.7895713108001, "population_sum": 0.0 }, "geometry": { "type": "Polygon", "coordinates": [ [ [ 31.371663393467767, 30.044956633093168 ], [ 31.371663393467767, 30.048844612736701 ], [ 31.376154969888365, 30.048844612736701 ], [ 31.376154969888365, 30.044956633093168 ], [ 31.371663393467767, 30.044956633093168 ] ] ] } },
{ "type": "Feature", "properties": { "zone_code": "NSR-GRID-225", "event_id": "evt_dry_009", "timestamp": "2024-02-20T00:00", "y_pred": 0.38037186747563217, "predicted_risk_class": "medium", "rain_24h_mm": 0.0, "gpm_precipitation_sum": 0.0, "built_surface_mean": 3758.2862147125488, "population_sum": 0.0 }, "geometry": { "type": "Polygon", "coordinates": [ [ [ 31.376154969888365, 30.044956633093168 ], [ 31.376154969888365, 30.048844612736701 ], [ 31.380646546308967, 30.048844612736701 ], [ 31.380646546308967, 30.044956633093168 ], [ 31.376154969888365, 30.044956633093168 ] ] ] } },
{ "type": "Feature", "properties": { "zone_code": "NSR-GRID-226", "event_id": "evt_dry_009", "timestamp": "2024-02-20T00:00", "y_pred": 0.34411525245621211, "predicted_risk_class": "medium", "rain_24h_mm": 0.0, "gpm_precipitation_sum": 0.0, "built_surface_mean": 3429.8279060181376, "population_sum": 0.0 }, "geometry": { "type": "Polygon", "coordinates": [ [ [ 31.380646546308967, 30.044956633093168 ], [ 31.380646546308967, 30.048844612736701 ], [ 31.385138122729565, 30.048844612736701 ], [ 31.385138122729565, 30.044956633093168 ], [ 31.380646546308967, 30.044956633093168 ] ] ] } },
{ "type": "Feature", "properties": { "zone_code": "NSR-GRID-227", "event_id": "evt_dry_009", "timestamp": "2024-02-20T00:00", "y_pred": 0.43610711100649607, "predicted_risk_class": "medium", "rain_24h_mm": 0.0, "gpm_precipitation_sum": 0.0, "built_surface_mean": 4597.0424567188784, "population_sum": 0.0 }, "geometry": { "type": "Polygon", "coordinates": [ [ [ 31.385138122729565, 30.044956633093168 ], [ 31.385138122729565, 30.048844612736701 ], [ 31.389629699150163, 30.048844612736701 ], [ 31.389629699150163, 30.044956633093168 ], [ 31.385138122729565, 30.044956633093168 ] ] ] } },
{ "type": "Feature", "properties": { "zone_code": "NSR-GRID-228", "event_id": "evt_dry_009", "timestamp": "2024-02-20T00:00", "y_pred": 0.40250582224717718, "predicted_risk_class": "medium", "rain_24h_mm": 0.0, "gpm_precipitation_sum": 0.0, "built_surface_mean": 4735.4356966199502, "population_sum": 0.0 }, "geometry": { "type": "Polygon", "coordinates": [ [ [ 31.389629699150163, 30.044956633093168 ], [ 31.389629699150163, 30.048844612736701 ], [ 31.394121275570754, 30.048844612736701 ], [ 31.394121275570754, 30.044956633093168 ], [ 31.389629699150163, 30.044956633093168 ] ] ] } },
{ "type": "Feature", "properties": { "zone_code": "NSR-GRID-229", "event_id": "evt_dry_009", "timestamp": "2024-02-20T00:00", "y_pred": 0.43748844056861441, "predicted_risk_class": "medium", "rain_24h_mm": 0.0, "gpm_precipitation_sum": 0.0, "built_surface_mean": 4655.8032989690719, "population_sum": 0.0 }, "geometry": { "type": "Polygon", "coordinates": [ [ [ 31.394121275570754, 30.044956633093168 ], [ 31.394121275570754, 30.048844612736701 ], [ 31.398612851991352, 30.048844612736701 ], [ 31.398612851991352, 30.044956633093168 ], [ 31.394121275570754, 30.044956633093168 ] ] ] } },
{ "type": "Feature", "properties": { "zone_code": "NSR-GRID-230", "event_id": "evt_dry_009", "timestamp": "2024-02-20T00:00", "y_pred": 0.4272129545258147, "predicted_risk_class": "medium", "rain_24h_mm": 0.0, "gpm_precipitation_sum": 0.0, "built_surface_mean": 4232.114615543187, "population_sum": 0.0 }, "geometry": { "type": "Polygon", "coordinates": [ [ [ 31.398612851991352, 30.044956633093168 ], [ 31.398612851991352, 30.048844612736701 ], [ 31.403104428411954, 30.048844612736701 ], [ 31.403104428411954, 30.044956633093168 ], [ 31.398612851991352, 30.044956633093168 ] ] ] } },
{ "type": "Feature", "properties": { "zone_code": "NSR-GRID-231", "event_id": "evt_dry_009", "timestamp": "2024-02-20T00:00", "y_pred": 0.1229985643152246, "predicted_risk_class": "low", "rain_24h_mm": 0.0, "gpm_precipitation_sum": 0.0, "built_surface_mean": 1133.6718386346004, "population_sum": 0.0 }, "geometry": { "type": "Polygon", "coordinates": [ [ [ 31.403104428411954, 30.041068500844791 ], [ 31.403104428411954, 30.044956633093168 ], [ 31.404817173280087, 30.044956633093168 ], [ 31.4045107, 30.0442156 ], [ 31.4043218, 30.0430629 ], [ 31.404016132317846, 30.041068500844791 ], [ 31.403104428411954, 30.041068500844791 ] ] ] } },
{ "type": "Feature", "properties": { "zone_code": "NSR-GRID-232", "event_id": "evt_dry_009", "timestamp": "2024-02-20T00:00", "y_pred": 0.42042159839300391, "predicted_risk_class": "medium", "rain_24h_mm": 0.0, "gpm_precipitation_sum": 0.0, "built_surface_mean": 3998.5713522180658, "population_sum": 0.0 }, "geometry": { "type": "Polygon", "coordinates": [ [ [ 31.331239205682394, 30.044956633093168 ], [ 31.331239205682394, 30.041068500844791 ], [ 31.329916534990666, 30.041068500844791 ], [ 31.3297171, 30.041904599999985 ], [ 31.3294571, 30.042982 ], [ 31.3291928, 30.0441439 ], [ 31.329008436839352, 30.044956633093168 ], [ 31.331239205682394, 30.044956633093168 ] ] ] } },
{ "type": "Feature", "properties": { "zone_code": "NSR-GRID-233", "event_id": "evt_dry_009", "timestamp": "2024-02-20T00:00", "y_pred": 0.43451605200133619, "predicted_risk_class": "medium", "rain_24h_mm": 0.0, "gpm_precipitation_sum": 0.0, "built_surface_mean": 4302.9624920534015, "population_sum": 0.0 }, "geometry": { "type": "Polygon", "coordinates": [ [ [ 31.331239205682394, 30.041068500844791 ], [ 31.331239205682394, 30.044956633093168 ], [ 31.335730782102992, 30.044956633093168 ], [ 31.335730782102992, 30.041068500844791 ], [ 31.331239205682394, 30.041068500844791 ] ] ] } },
{ "type": "Feature", "properties": { "zone_code": "NSR-GRID-234", "event_id": "evt_dry_009", "timestamp": "2024-02-20T00:00", "y_pred": 0.43190254030362479, "predicted_risk_class": "medium", "rain_24h_mm": 0.0, "gpm_precipitation_sum": 0.0, "built_surface_mean": 4335.6778978597176, "population_sum": 0.0 }, "geometry": { "type": "Polygon", "coordinates": [ [ [ 31.335730782102992, 30.041068500844791 ], [ 31.335730782102992, 30.044956633093168 ], [ 31.340222358523583, 30.044956633093168 ], [ 31.340222358523583, 30.041068500844791 ], [ 31.335730782102992, 30.041068500844791 ] ] ] } },
{ "type": "Feature", "properties": { "zone_code": "NSR-GRID-235", "event_id": "evt_dry_009", "timestamp": "2024-02-20T00:00", "y_pred": 0.43042567670993642, "predicted_risk_class": "medium", "rain_24h_mm": 0.0, "gpm_precipitation_sum": 0.0, "built_surface_mean": 4145.4111040474691, "population_sum": 0.0 }, "geometry": { "type": "Polygon", "coordinates": [ [ [ 31.340222358523583, 30.041068500844791 ], [ 31.340222358523583, 30.044956633093168 ], [ 31.344713934944181, 30.044956633093168 ], [ 31.344713934944181, 30.041068500844791 ], [ 31.340222358523583, 30.041068500844791 ] ] ] } },
{ "type": "Feature", "properties": { "zone_code": "NSR-GRID-236", "event_id": "evt_dry_009", "timestamp": "2024-02-20T00:00", "y_pred": 0.35739949083113193, "predicted_risk_class": "medium", "rain_24h_mm": 0.0, "gpm_precipitation_sum": 0.0, "built_surface_mean": 3067.915272188096, "population_sum": 0.0 }, "geometry": { "type": "Polygon", "coordinates": [ [ [ 31.344713934944181, 30.041068500844791 ], [ 31.344713934944181, 30.044956633093168 ], [ 31.349205511364779, 30.044956633093168 ], [ 31.349205511364779, 30.041068500844791 ], [ 31.344713934944181, 30.041068500844791 ] ] ] } },
{ "type": "Feature", "properties": { "zone_code": "NSR-GRID-237", "event_id": "evt_dry_009", "timestamp": "2024-02-20T00:00", "y_pred": 0.16011380146689619, "predicted_risk_class": "low", "rain_24h_mm": 0.0, "gpm_precipitation_sum": 0.0, "built_surface_mean": 546.37847001483397, "population_sum": 0.0 }, "geometry": { "type": "Polygon", "coordinates": [ [ [ 31.349205511364779, 30.041068500844791 ], [ 31.349205511364779, 30.044956633093168 ], [ 31.353697087785381, 30.044956633093168 ], [ 31.353697087785381, 30.041068500844791 ], [ 31.349205511364779, 30.041068500844791 ] ] ] } },
{ "type": "Feature", "properties": { "zone_code": "NSR-GRID-238", "event_id": "evt_dry_009", "timestamp": "2024-02-20T00:00", "y_pred": 0.28548621059572349, "predicted_risk_class": "low", "rain_24h_mm": 0.0, "gpm_precipitation_sum": 0.0, "built_surface_mean": 2054.3402542372887, "population_sum": 0.0 }, "geometry": { "type": "Polygon", "coordinates": [ [ [ 31.353697087785381, 30.041068500844791 ], [ 31.353697087785381, 30.044956633093168 ], [ 31.358188664205979, 30.044956633093168 ], [ 31.358188664205979, 30.041068500844791 ], [ 31.353697087785381, 30.041068500844791 ] ] ] } },
{ "type": "Feature", "properties": { "zone_code": "NSR-GRID-239", "event_id": "evt_dry_009", "timestamp": "2024-02-20T00:00", "y_pred": 0.35871787042102748, "predicted_risk_class": "medium", "rain_24h_mm": 0.0, "gpm_precipitation_sum": 0.0, "built_surface_mean": 2805.3021186440683, "population_sum": 0.0 }, "geometry": { "type": "Polygon", "coordinates": [ [ [ 31.358188664205979, 30.041068500844791 ], [ 31.358188664205979, 30.044956633093168 ], [ 31.362680240626577, 30.044956633093168 ], [ 31.362680240626577, 30.041068500844791 ], [ 31.358188664205979, 30.041068500844791 ] ] ] } },
{ "type": "Feature", "properties": { "zone_code": "NSR-GRID-240", "event_id": "evt_dry_009", "timestamp": "2024-02-20T00:00", "y_pred": 0.33367782302984028, "predicted_risk_class": "medium", "rain_24h_mm": 0.0, "gpm_precipitation_sum": 0.0, "built_surface_mean": 2457.4784912057653, "population_sum": 0.0 }, "geometry": { "type": "Polygon", "coordinates": [ [ [ 31.362680240626577, 30.041068500844791 ], [ 31.362680240626577, 30.044956633093168 ], [ 31.367171817047169, 30.044956633093168 ], [ 31.367171817047169, 30.041068500844791 ], [ 31.362680240626577, 30.041068500844791 ] ] ] } },
{ "type": "Feature", "properties": { "zone_code": "NSR-GRID-241", "event_id": "evt_dry_009", "timestamp": "2024-02-20T00:00", "y_pred": 0.39413966194004407, "predicted_risk_class": "medium", "rain_24h_mm": 0.0, "gpm_precipitation_sum": 0.0, "built_surface_mean": 3666.3401865197138, "population_sum": 0.0 }, "geometry": { "type": "Polygon", "coordinates": [ [ [ 31.367171817047169, 30.041068500844791 ], [ 31.367171817047169, 30.044956633093168 ], [ 31.371663393467767, 30.044956633093168 ], [ 31.371663393467767, 30.041068500844791 ], [ 31.367171817047169, 30.041068500844791 ] ] ] } },
{ "type": "Feature", "properties": { "zone_code": "NSR-GRID-242", "event_id": "evt_dry_009", "timestamp": "2024-02-20T00:00", "y_pred": 0.4139486752906022, "predicted_risk_class": "medium", "rain_24h_mm": 0.0, "gpm_precipitation_sum": 0.0, "built_surface_mean": 4470.9398305084751, "population_sum": 0.0 }, "geometry": { "type": "Polygon", "coordinates": [ [ [ 31.371663393467767, 30.041068500844791 ], [ 31.371663393467767, 30.044956633093168 ], [ 31.376154969888365, 30.044956633093168 ], [ 31.376154969888365, 30.041068500844791 ], [ 31.371663393467767, 30.041068500844791 ] ] ] } },
{ "type": "Feature", "properties": { "zone_code": "NSR-GRID-243", "event_id": "evt_dry_009", "timestamp": "2024-02-20T00:00", "y_pred": 0.32020602707809059, "predicted_risk_class": "low", "rain_24h_mm": 0.0, "gpm_precipitation_sum": 0.0, "built_surface_mean": 3087.4847392963129, "population_sum": 0.0 }, "geometry": { "type": "Polygon", "coordinates": [ [ [ 31.376154969888365, 30.041068500844791 ], [ 31.376154969888365, 30.044956633093168 ], [ 31.380646546308967, 30.044956633093168 ], [ 31.380646546308967, 30.041068500844791 ], [ 31.376154969888365, 30.041068500844791 ] ] ] } },
{ "type": "Feature", "properties": { "zone_code": "NSR-GRID-244", "event_id": "evt_dry_009", "timestamp": "2024-02-20T00:00", "y_pred": 0.098549877835113694, "predicted_risk_class": "low", "rain_24h_mm": 0.0, "gpm_precipitation_sum": 0.0, "built_surface_mean": 321.75656779661023, "population_sum": 0.0 }, "geometry": { "type": "Polygon", "coordinates": [ [ [ 31.380646546308967, 30.041068500844791 ], [ 31.380646546308967, 30.044956633093168 ], [ 31.385138122729565, 30.044956633093168 ], [ 31.385138122729565, 30.041068500844791 ], [ 31.380646546308967, 30.041068500844791 ] ] ] } },
{ "type": "Feature", "properties": { "zone_code": "NSR-GRID-245", "event_id": "evt_dry_009", "timestamp": "2024-02-20T00:00", "y_pred": 0.22124680981160089, "predicted_risk_class": "low", "rain_24h_mm": 0.0, "gpm_precipitation_sum": 0.0, "built_surface_mean": 1980.5369781733425, "population_sum": 0.0 }, "geometry": { "type": "Polygon", "coordinates": [ [ [ 31.385138122729565, 30.041068500844791 ], [ 31.385138122729565, 30.044956633093168 ], [ 31.389629699150163, 30.044956633093168 ], [ 31.389629699150163, 30.041068500844791 ], [ 31.385138122729565, 30.041068500844791 ] ] ] } },
{ "type": "Feature", "properties": { "zone_code": "NSR-GRID-246", "event_id": "evt_dry_009", "timestamp": "2024-02-20T00:00", "y_pred": 0.3354954652592036, "predicted_risk_class": "medium", "rain_24h_mm": 0.0, "gpm_precipitation_sum": 0.0, "built_surface_mean": 3573.9576450656509, "population_sum": 0.0 }, "geometry": { "type": "Polygon", "coordinates": [ [ [ 31.389629699150163, 30.041068500844791 ], [ 31.389629699150163, 30.044956633093168 ], [ 31.394121275570754, 30.044956633093168 ], [ 31.394121275570754, 30.041068500844791 ], [ 31.389629699150163, 30.041068500844791 ] ] ] } },
{ "type": "Feature", "properties": { "zone_code": "NSR-GRID-247", "event_id": "evt_dry_009", "timestamp": "2024-02-20T00:00", "y_pred": 0.30116549234102841, "predicted_risk_class": "low", "rain_24h_mm": 0.0, "gpm_precipitation_sum": 0.0, "built_surface_mean": 3036.747616020345, "population_sum": 0.0 }, "geometry": { "type": "Polygon", "coordinates": [ [ [ 31.394121275570754, 30.041068500844791 ], [ 31.394121275570754, 30.044956633093168 ], [ 31.398612851991352, 30.044956633093168 ], [ 31.398612851991352, 30.041068500844791 ], [ 31.394121275570754, 30.041068500844791 ] ] ] } },
{ "type": "Feature", "properties": { "zone_code": "NSR-GRID-248", "event_id": "evt_dry_009", "timestamp": "2024-02-20T00:00", "y_pred": 0.31738790795042943, "predicted_risk_class": "low", "rain_24h_mm": 0.0, "gpm_precipitation_sum": 0.0, "built_surface_mean": 3342.9268757948294, "population_sum": 0.0 }, "geometry": { "type": "Polygon", "coordinates": [ [ [ 31.398612851991352, 30.041068500844791 ], [ 31.398612851991352, 30.044956633093168 ], [ 31.403104428411954, 30.044956633093168 ], [ 31.403104428411954, 30.041068500844791 ], [ 31.398612851991352, 30.041068500844791 ] ] ] } },
{ "type": "Feature", "properties": { "zone_code": "NSR-GRID-249", "event_id": "evt_dry_009", "timestamp": "2024-02-20T00:00", "y_pred": 0.44487645561677219, "predicted_risk_class": "medium", "rain_24h_mm": 0.0, "gpm_precipitation_sum": 0.0, "built_surface_mean": 3876.5938189845479, "population_sum": 0.0 }, "geometry": { "type": "MultiPolygon", "coordinates": [ [ [ [ 31.331239205682394, 30.037180216003467 ], [ 31.3310566706397, 30.037180216003467 ], [ 31.331239205682394, 30.03732916147727 ], [ 31.331239205682394, 30.037180216003467 ] ] ], [ [ [ 31.331239205682394, 30.041068500844791 ], [ 31.331239205682394, 30.03901108600472 ], [ 31.3300623, 30.0404574 ], [ 31.329916534990666, 30.041068500844791 ], [ 31.331239205682394, 30.041068500844791 ] ] ] ] } },
{ "type": "Feature", "properties": { "zone_code": "NSR-GRID-250", "event_id": "evt_dry_009", "timestamp": "2024-02-20T00:00", "y_pred": 0.1571101689226462, "predicted_risk_class": "low", "rain_24h_mm": 0.0, "gpm_precipitation_sum": 0.0, "built_surface_mean": 790.86715328467142, "population_sum": 0.0 }, "geometry": { "type": "Polygon", "coordinates": [ [ [ 31.403104428411954, 30.037180216003467 ], [ 31.403104428411954, 30.041068500844791 ], [ 31.404016132317846, 30.041068500844791 ], [ 31.4038534, 30.0400067 ], [ 31.403484841922591, 30.037180216003467 ], [ 31.403104428411954, 30.037180216003467 ] ] ] } },
{ "type": "Feature", "properties": { "zone_code": "NSR-GRID-251", "event_id": "evt_dry_009", "timestamp": "2024-02-20T00:00", "y_pred": 0.41937050889226868, "predicted_risk_class": "medium", "rain_24h_mm": 0.0, "gpm_precipitation_sum": 0.0, "built_surface_mean": 4153.2181467181472, "population_sum": 0.0 }, "geometry": { "type": "Polygon", "coordinates": [ [ [ 31.331239205682394, 30.041068500844791 ], [ 31.335730782102992, 30.041068500844791 ], [ 31.335730782102992, 30.037180216003467 ], [ 31.331239205682394, 30.037180216003467 ], [ 31.331239205682394, 30.03732916147727 ], [ 31.3320617, 30.0380003 ], [ 31.331239205682394, 30.03901108600472 ], [ 31.331239205682394, 30.041068500844791 ] ] ] } },
{ "type": "Feature", "properties": { "zone_code": "NSR-GRID-252", "event_id": "evt_dry_009", "timestamp": "2024-02-20T00:00", "y_pred": 0.43579610207969222, "predicted_risk_class": "medium", "rain_24h_mm": 0.0, "gpm_precipitation_sum": 0.0, "built_surface_mean": 4444.5535861500412, "population_sum": 0.0 }, "geometry": { "type": "Polygon", "coordinates": [ [ [ 31.335730782102992, 30.037180216003467 ], [ 31.335730782102992, 30.041068500844791 ], [ 31.340222358523583, 30.041068500844791 ], [ 31.340222358523583, 30.037180216003467 ], [ 31.335730782102992, 30.037180216003467 ] ] ] } },
{ "type": "Feature", "properties": { "zone_code": "NSR-GRID-253", "event_id": "evt_dry_009", "timestamp": "2024-02-20T00:00", "y_pred": 0.36786239390180259, "predicted_risk_class": "medium", "rain_24h_mm": 0.0, "gpm_precipitation_sum": 0.0, "built_surface_mean": 4192.6128633271483, "population_sum": 0.0 }, "geometry": { "type": "Polygon", "coordinates": [ [ [ 31.340222358523583, 30.037180216003467 ], [ 31.340222358523583, 30.041068500844791 ], [ 31.344713934944181, 30.041068500844791 ], [ 31.344713934944181, 30.037180216003467 ], [ 31.340222358523583, 30.037180216003467 ] ] ] } },
{ "type": "Feature", "properties": { "zone_code": "NSR-GRID-254", "event_id": "evt_dry_009", "timestamp": "2024-02-20T00:00", "y_pred": 0.4334703698978431, "predicted_risk_class": "medium", "rain_24h_mm": 0.0, "gpm_precipitation_sum": 0.0, "built_surface_mean": 3923.7635051546399, "population_sum": 0.0 }, "geometry": { "type": "Polygon", "coordinates": [ [ [ 31.344713934944181, 30.037180216003467 ], [ 31.344713934944181, 30.041068500844791 ], [ 31.349205511364779, 30.041068500844791 ], [ 31.349205511364779, 30.037180216003467 ], [ 31.344713934944181, 30.037180216003467 ] ] ] } },
{ "type": "Feature", "properties": { "zone_code": "NSR-GRID-255", "event_id": "evt_dry_009", "timestamp": "2024-02-20T00:00", "y_pred": 0.3518886445302199, "predicted_risk_class": "medium", "rain_24h_mm": 0.0, "gpm_precipitation_sum": 0.0, "built_surface_mean": 2784.4079571222428, "population_sum": 0.0 }, "geometry": { "type": "Polygon", "coordinates": [ [ [ 31.349205511364779, 30.037180216003467 ], [ 31.349205511364779, 30.041068500844791 ], [ 31.353697087785381, 30.041068500844791 ], [ 31.353697087785381, 30.037180216003467 ], [ 31.349205511364779, 30.037180216003467 ] ] ] } },
{ "type": "Feature", "properties": { "zone_code": "NSR-GRID-256", "event_id": "evt_dry_009", "timestamp": "2024-02-20T00:00", "y_pred": 0.25865052482915057, "predicted_risk_class": "low", "rain_24h_mm": 0.0, "gpm_precipitation_sum": 0.0, "built_surface_mean": 1649.813646670789, "population_sum": 0.0 }, "geometry": { "type": "Polygon", "coordinates": [ [ [ 31.353697087785381, 30.037180216003467 ], [ 31.353697087785381, 30.041068500844791 ], [ 31.358188664205979, 30.041068500844791 ], [ 31.358188664205979, 30.037180216003467 ], [ 31.353697087785381, 30.037180216003467 ] ] ] } },
{ "type": "Feature", "properties": { "zone_code": "NSR-GRID-257", "event_id": "evt_dry_009", "timestamp": "2024-02-20T00:00", "y_pred": 0.24343578939315111, "predicted_risk_class": "low", "rain_24h_mm": 0.0, "gpm_precipitation_sum": 0.0, "built_surface_mean": 1501.0647022460332, "population_sum": 0.0 }, "geometry": { "type": "Polygon", "coordinates": [ [ [ 31.358188664205979, 30.037180216003467 ], [ 31.358188664205979, 30.041068500844791 ], [ 31.362680240626577, 30.041068500844791 ], [ 31.362680240626577, 30.037180216003467 ], [ 31.358188664205979, 30.037180216003467 ] ] ] } },
{ "type": "Feature", "properties": { "zone_code": "NSR-GRID-258", "event_id": "evt_dry_009", "timestamp": "2024-02-20T00:00", "y_pred": 0.25169636170467719, "predicted_risk_class": "low", "rain_24h_mm": 0.0, "gpm_precipitation_sum": 0.0, "built_surface_mean": 1630.8674500103075, "population_sum": 0.0 }, "geometry": { "type": "Polygon", "coordinates": [ [ [ 31.362680240626577, 30.037180216003467 ], [ 31.362680240626577, 30.041068500844791 ], [ 31.367171817047169, 30.041068500844791 ], [ 31.367171817047169, 30.037180216003467 ], [ 31.362680240626577, 30.037180216003467 ] ] ] } },
{ "type": "Feature", "properties": { "zone_code": "NSR-GRID-259", "event_id": "evt_dry_009", "timestamp": "2024-02-20T00:00", "y_pred": 0.3662820108610193, "predicted_risk_class": "medium", "rain_24h_mm": 0.0, "gpm_precipitation_sum": 0.0, "built_surface_mean": 3382.2629301463012, "population_sum": 0.0 }, "geometry": { "type": "Polygon", "coordinates": [ [ [ 31.367171817047169, 30.037180216003467 ], [ 31.367171817047169, 30.041068500844791 ], [ 31.371663393467767, 30.041068500844791 ], [ 31.371663393467767, 30.037180216003467 ], [ 31.367171817047169, 30.037180216003467 ] ] ] } },
{ "type": "Feature", "properties": { "zone_code": "NSR-GRID-260", "event_id": "evt_dry_009", "timestamp": "2024-02-20T00:00", "y_pred": 0.39002973021066578, "predicted_risk_class": "medium", "rain_24h_mm": 0.0, "gpm_precipitation_sum": 0.0, "built_surface_mean": 3899.1935683364259, "population_sum": 0.0 }, "geometry": { "type": "Polygon", "coordinates": [ [ [ 31.371663393467767, 30.037180216003467 ], [ 31.371663393467767, 30.041068500844791 ], [ 31.376154969888365, 30.041068500844791 ], [ 31.376154969888365, 30.037180216003467 ], [ 31.371663393467767, 30.037180216003467 ] ] ] } },
{ "type": "Feature", "properties": { "zone_code": "NSR-GRID-261", "event_id": "evt_dry_009", "timestamp": "2024-02-20T00:00", "y_pred": 0.19358361878567781, "predicted_risk_class": "low", "rain_24h_mm": 0.0, "gpm_precipitation_sum": 0.0, "built_surface_mean": 2107.3715463917524, "population_sum": 0.0 }, "geometry": { "type": "Polygon", "coordinates": [ [ [ 31.376154969888365, 30.037180216003467 ], [ 31.376154969888365, 30.041068500844791 ], [ 31.380646546308967, 30.041068500844791 ], [ 31.380646546308967, 30.037180216003467 ], [ 31.376154969888365, 30.037180216003467 ] ] ] } },
{ "type": "Feature", "properties": { "zone_code": "NSR-GRID-262", "event_id": "evt_dry_009", "timestamp": "2024-02-20T00:00", "y_pred": 0.094517263197417906, "predicted_risk_class": "low", "rain_24h_mm": 0.0, "gpm_precipitation_sum": 0.0, "built_surface_mean": 253.10838656501133, "population_sum": 0.0 }, "geometry": { "type": "Polygon", "coordinates": [ [ [ 31.380646546308967, 30.037180216003467 ], [ 31.380646546308967, 30.041068500844791 ], [ 31.385138122729565, 30.041068500844791 ], [ 31.385138122729565, 30.037180216003467 ], [ 31.380646546308967, 30.037180216003467 ] ] ] } },
{ "type": "Feature", "properties": { "zone_code": "NSR-GRID-263", "event_id": "evt_dry_009", "timestamp": "2024-02-20T00:00", "y_pred": 0.15098178025002779, "predicted_risk_class": "low", "rain_24h_mm": 0.0, "gpm_precipitation_sum": 0.0, "built_surface_mean": 764.59480626545769, "population_sum": 0.0 }, "geometry": { "type": "Polygon", "coordinates": [ [ [ 31.385138122729565, 30.037180216003467 ], [ 31.385138122729565, 30.041068500844791 ], [ 31.389629699150163, 30.041068500844791 ], [ 31.389629699150163, 30.037180216003467 ], [ 31.385138122729565, 30.037180216003467 ] ] ] } },
{ "type": "Feature", "properties": { "zone_code": "NSR-GRID-264", "event_id": "evt_dry_009", "timestamp": "2024-02-20T00:00", "y_pred": 0.2080655818356979, "predicted_risk_class": "low", "rain_24h_mm": 0.0, "gpm_precipitation_sum": 0.0, "built_surface_mean": 1510.5546391752582, "population_sum": 0.0 }, "geometry": { "type": "Polygon", "coordinates": [ [ [ 31.389629699150163, 30.037180216003467 ], [ 31.389629699150163, 30.041068500844791 ], [ 31.394121275570754, 30.041068500844791 ], [ 31.394121275570754, 30.037180216003467 ], [ 31.389629699150163, 30.037180216003467 ] ] ] } },
{ "type": "Feature", "properties": { "zone_code": "NSR-GRID-265", "event_id": "evt_dry_009", "timestamp": "2024-02-20T00:00", "y_pred": 0.37283202401480958, "predicted_risk_class": "medium", "rain_24h_mm": 0.0, "gpm_precipitation_sum": 0.0, "built_surface_mean": 3914.8260869565202, "population_sum": 0.0 }, "geometry": { "type": "Polygon", "coordinates": [ [ [ 31.394121275570754, 30.037180216003467 ], [ 31.394121275570754, 30.041068500844791 ], [ 31.398612851991352, 30.041068500844791 ], [ 31.398612851991352, 30.037180216003467 ], [ 31.394121275570754, 30.037180216003467 ] ] ] } },
{ "type": "Feature", "properties": { "zone_code": "NSR-GRID-266", "event_id": "evt_dry_009", "timestamp": "2024-02-20T00:00", "y_pred": 0.35119876005780037, "predicted_risk_class": "medium", "rain_24h_mm": 0.0, "gpm_precipitation_sum": 0.0, "built_surface_mean": 3457.7086338347408, "population_sum": 0.0 }, "geometry": { "type": "Polygon", "coordinates": [ [ [ 31.398612851991352, 30.037180216003467 ], [ 31.398612851991352, 30.041068500844791 ], [ 31.403104428411954, 30.041068500844791 ], [ 31.403104428411954, 30.037180216003467 ], [ 31.398612851991352, 30.037180216003467 ] ] ] } },
{ "type": "Feature", "properties": { "zone_code": "NSR-GRID-267", "event_id": "evt_dry_009", "timestamp": "2024-02-20T00:00", "y_pred": 0.50717783139413031, "predicted_risk_class": "medium", "rain_24h_mm": 0.0, "gpm_precipitation_sum": 0.0, "built_surface_mean": 4653.210526315791, "population_sum": 0.0 }, "geometry": { "type": "Polygon", "coordinates": [ [ [ 31.331239205682394, 30.037180216003467 ], [ 31.331239205682394, 30.035188000907038 ], [ 31.3310691, 30.0354103 ], [ 31.3303933, 30.0363238 ], [ 31.3302385, 30.0365126 ], [ 31.3310566706397, 30.037180216003467 ], [ 31.331239205682394, 30.037180216003467 ] ] ] } },
{ "type": "Feature", "properties": { "zone_code": "NSR-GRID-268", "event_id": "evt_dry_009", "timestamp": "2024-02-20T00:00", "y_pred": 0.21119872669946929, "predicted_risk_class": "low", "rain_24h_mm": 0.0, "gpm_precipitation_sum": 0.0, "built_surface_mean": 2006.5704225352115, "population_sum": 0.0 }, "geometry": { "type": "Polygon", "coordinates": [ [ [ 31.403104428411954, 30.037180216003467 ], [ 31.403484841922591, 30.037180216003467 ], [ 31.4033025, 30.0357818 ], [ 31.403104428411954, 30.03438262220066 ], [ 31.403104428411954, 30.037180216003467 ] ] ] } },
{ "type": "Feature", "properties": { "zone_code": "NSR-GRID-269", "event_id": "evt_dry_009", "timestamp": "2024-02-20T00:00", "y_pred": 0.46731484531517198, "predicted_risk_class": "medium", "rain_24h_mm": 0.0, "gpm_precipitation_sum": 0.0, "built_surface_mean": 4988.1532593619977, "population_sum": 0.0 }, "geometry": { "type": "Polygon", "coordinates": [ [ [ 31.331239205682394, 30.037180216003467 ], [ 31.335730782102992, 30.037180216003467 ], [ 31.335730782102992, 30.033291778581109 ], [ 31.332887328982721, 30.033291778581109 ], [ 31.3325084, 30.03361 ], [ 31.3317861, 30.0344733 ], [ 31.331239205682394, 30.035188000907038 ], [ 31.331239205682394, 30.037180216003467 ] ] ] } },
{ "type": "Feature", "properties": { "zone_code": "NSR-GRID-270", "event_id": "evt_dry_009", "timestamp": "2024-02-20T00:00", "y_pred": 0.24707441041373909, "predicted_risk_class": "low", "rain_24h_mm": 0.0, "gpm_precipitation_sum": 0.0, "built_surface_mean": 2241.3127528209502, "population_sum": 0.0 }, "geometry": { "type": "Polygon", "coordinates": [ [ [ 31.398612851991352, 30.033291778581109 ], [ 31.398612851991352, 30.037180216003467 ], [ 31.403104428411954, 30.037180216003467 ], [ 31.403104428411954, 30.03438262220066 ], [ 31.402950007427197, 30.033291778581109 ], [ 31.398612851991352, 30.033291778581109 ] ] ] } },
{ "type": "Feature", "properties": { "zone_code": "NSR-GRID-271", "event_id": "evt_dry_009", "timestamp": "2024-02-20T00:00", "y_pred": 0.42119627859973802, "predicted_risk_class": "medium", "rain_24h_mm": 0.0, "gpm_precipitation_sum": 0.0, "built_surface_mean": 4239.8405336721735, "population_sum": 0.0 }, "geometry": { "type": "Polygon", "coordinates": [ [ [ 31.335730782102992, 30.033291778581109 ], [ 31.335730782102992, 30.037180216003467 ], [ 31.340222358523583, 30.037180216003467 ], [ 31.340222358523583, 30.033291778581109 ], [ 31.335730782102992, 30.033291778581109 ] ] ] } },
{ "type": "Feature", "properties": { "zone_code": "NSR-GRID-272", "event_id": "evt_dry_009", "timestamp": "2024-02-20T00:00", "y_pred": 0.42022323702864739, "predicted_risk_class": "medium", "rain_24h_mm": 0.0, "gpm_precipitation_sum": 0.0, "built_surface_mean": 4573.1858444585705, "population_sum": 0.0 }, "geometry": { "type": "Polygon", "coordinates": [ [ [ 31.340222358523583, 30.033291778581109 ], [ 31.340222358523583, 30.037180216003467 ], [ 31.344713934944181, 30.037180216003467 ], [ 31.344713934944181, 30.033291778581109 ], [ 31.340222358523583, 30.033291778581109 ] ] ] } },
{ "type": "Feature", "properties": { "zone_code": "NSR-GRID-273", "event_id": "evt_dry_009", "timestamp": "2024-02-20T00:00", "y_pred": 0.35356697842403451, "predicted_risk_class": "medium", "rain_24h_mm": 0.0, "gpm_precipitation_sum": 0.0, "built_surface_mean": 3517.1677610675702, "population_sum": 0.0 }, "geometry": { "type": "Polygon", "coordinates": [ [ [ 31.344713934944181, 30.033291778581109 ], [ 31.344713934944181, 30.037180216003467 ], [ 31.349205511364779, 30.037180216003467 ], [ 31.349205511364779, 30.033291778581109 ], [ 31.344713934944181, 30.033291778581109 ] ] ] } },
{ "type": "Feature", "properties": { "zone_code": "NSR-GRID-274", "event_id": "evt_dry_009", "timestamp": "2024-02-20T00:00", "y_pred": 0.4247097951639795, "predicted_risk_class": "medium", "rain_24h_mm": 0.0, "gpm_precipitation_sum": 0.0, "built_surface_mean": 3894.6952744225482, "population_sum": 0.0 }, "geometry": { "type": "Polygon", "coordinates": [ [ [ 31.349205511364779, 30.033291778581109 ], [ 31.349205511364779, 30.037180216003467 ], [ 31.353697087785381, 30.037180216003467 ], [ 31.353697087785381, 30.033291778581109 ], [ 31.349205511364779, 30.033291778581109 ] ] ] } },
{ "type": "Feature", "properties": { "zone_code": "NSR-GRID-275", "event_id": "evt_dry_009", "timestamp": "2024-02-20T00:00", "y_pred": 0.31471624402624188, "predicted_risk_class": "low", "rain_24h_mm": 0.0, "gpm_precipitation_sum": 0.0, "built_surface_mean": 2897.1852087306625, "population_sum": 0.0 }, "geometry": { "type": "Polygon", "coordinates": [ [ [ 31.353697087785381, 30.033291778581109 ], [ 31.353697087785381, 30.037180216003467 ], [ 31.358188664205979, 30.037180216003467 ], [ 31.358188664205979, 30.033291778581109 ], [ 31.353697087785381, 30.033291778581109 ] ] ] } },
{ "type": "Feature", "properties": { "zone_code": "NSR-GRID-276", "event_id": "evt_dry_009", "timestamp": "2024-02-20T00:00", "y_pred": 0.21761271953898481, "predicted_risk_class": "low", "rain_24h_mm": 0.0, "gpm_precipitation_sum": 0.0, "built_surface_mean": 1644.3045964837961, "population_sum": 0.0 }, "geometry": { "type": "Polygon", "coordinates": [ [ [ 31.358188664205979, 30.033291778581109 ], [ 31.358188664205979, 30.037180216003467 ], [ 31.362680240626577, 30.037180216003467 ], [ 31.362680240626577, 30.033291778581109 ], [ 31.358188664205979, 30.033291778581109 ] ] ] } },
{ "type": "Feature", "properties": { "zone_code": "NSR-GRID-277", "event_id": "evt_dry_009", "timestamp": "2024-02-20T00:00", "y_pred": 0.1211480309208775, "predicted_risk_class": "low", "rain_24h_mm": 0.0, "gpm_precipitation_sum": 0.0, "built_surface_mean": 345.15272188095742, "population_sum": 0.0 }, "geometry": { "type": "Polygon", "coordinates": [ [ [ 31.362680240626577, 30.033291778581109 ], [ 31.362680240626577, 30.037180216003467 ], [ 31.367171817047169, 30.037180216003467 ], [ 31.367171817047169, 30.033291778581109 ], [ 31.362680240626577, 30.033291778581109 ] ] ] } },
{ "type": "Feature", "properties": { "zone_code": "NSR-GRID-278", "event_id": "evt_dry_009", "timestamp": "2024-02-20T00:00", "y_pred": 0.26625365785947558, "predicted_risk_class": "low", "rain_24h_mm": 0.0, "gpm_precipitation_sum": 0.0, "built_surface_mean": 1880.6457627118648, "population_sum": 0.0 }, "geometry": { "type": "Polygon", "coordinates": [ [ [ 31.367171817047169, 30.033291778581109 ], [ 31.367171817047169, 30.037180216003467 ], [ 31.371663393467767, 30.037180216003467 ], [ 31.371663393467767, 30.033291778581109 ], [ 31.367171817047169, 30.033291778581109 ] ] ] } },
{ "type": "Feature", "properties": { "zone_code": "NSR-GRID-279", "event_id": "evt_dry_009", "timestamp": "2024-02-20T00:00", "y_pred": 0.23141526264128071, "predicted_risk_class": "low", "rain_24h_mm": 0.0, "gpm_precipitation_sum": 0.0, "built_surface_mean": 1933.5431052743063, "population_sum": 0.0 }, "geometry": { "type": "Polygon", "coordinates": [ [ [ 31.371663393467767, 30.033291778581109 ], [ 31.371663393467767, 30.037180216003467 ], [ 31.376154969888365, 30.037180216003467 ], [ 31.376154969888365, 30.033291778581109 ], [ 31.371663393467767, 30.033291778581109 ] ] ] } },
{ "type": "Feature", "properties": { "zone_code": "NSR-GRID-280", "event_id": "evt_dry_009", "timestamp": "2024-02-20T00:00", "y_pred": 0.094398435874882405, "predicted_risk_class": "low", "rain_24h_mm": 0.0, "gpm_precipitation_sum": 0.0, "built_surface_mean": 551.77711864406751, "population_sum": 0.0 }, "geometry": { "type": "Polygon", "coordinates": [ [ [ 31.376154969888365, 30.033291778581109 ], [ 31.376154969888365, 30.037180216003467 ], [ 31.380646546308967, 30.037180216003467 ], [ 31.380646546308967, 30.033291778581109 ], [ 31.376154969888365, 30.033291778581109 ] ] ] } },
{ "type": "Feature", "properties": { "zone_code": "NSR-GRID-281", "event_id": "evt_dry_009", "timestamp": "2024-02-20T00:00", "y_pred": 0.068935434099745896, "predicted_risk_class": "low", "rain_24h_mm": 0.0, "gpm_precipitation_sum": 0.0, "built_surface_mean": 9.8305443761914848, "population_sum": 0.0 }, "geometry": { "type": "Polygon", "coordinates": [ [ [ 31.380646546308967, 30.033291778581109 ], [ 31.380646546308967, 30.037180216003467 ], [ 31.385138122729565, 30.037180216003467 ], [ 31.385138122729565, 30.033291778581109 ], [ 31.380646546308967, 30.033291778581109 ] ] ] } },
{ "type": "Feature", "properties": { "zone_code": "NSR-GRID-282", "event_id": "evt_dry_009", "timestamp": "2024-02-20T00:00", "y_pred": 0.13482098288424871, "predicted_risk_class": "low", "rain_24h_mm": 0.0, "gpm_precipitation_sum": 0.0, "built_surface_mean": 544.18050847457619, "population_sum": 0.0 }, "geometry": { "type": "Polygon", "coordinates": [ [ [ 31.385138122729565, 30.033291778581109 ], [ 31.385138122729565, 30.037180216003467 ], [ 31.389629699150163, 30.037180216003467 ], [ 31.389629699150163, 30.033291778581109 ], [ 31.385138122729565, 30.033291778581109 ] ] ] } },
{ "type": "Feature", "properties": { "zone_code": "NSR-GRID-283", "event_id": "evt_dry_009", "timestamp": "2024-02-20T00:00", "y_pred": 0.20518367315623179, "predicted_risk_class": "low", "rain_24h_mm": 0.0, "gpm_precipitation_sum": 0.0, "built_surface_mean": 1443.2267429540152, "population_sum": 0.0 }, "geometry": { "type": "Polygon", "coordinates": [ [ [ 31.389629699150163, 30.033291778581109 ], [ 31.389629699150163, 30.037180216003467 ], [ 31.394121275570754, 30.037180216003467 ], [ 31.394121275570754, 30.033291778581109 ], [ 31.389629699150163, 30.033291778581109 ] ] ] } },
{ "type": "Feature", "properties": { "zone_code": "NSR-GRID-284", "event_id": "evt_dry_009", "timestamp": "2024-02-20T00:00", "y_pred": 0.17756532501387551, "predicted_risk_class": "low", "rain_24h_mm": 0.0, "gpm_precipitation_sum": 0.0, "built_surface_mean": 1240.6613689340959, "population_sum": 0.0 }, "geometry": { "type": "Polygon", "coordinates": [ [ [ 31.394121275570754, 30.033291778581109 ], [ 31.394121275570754, 30.037180216003467 ], [ 31.398612851991352, 30.037180216003467 ], [ 31.398612851991352, 30.033291778581109 ], [ 31.394121275570754, 30.033291778581109 ] ] ] } },
{ "type": "Feature", "properties": { "zone_code": "NSR-GRID-285", "event_id": "evt_dry_009", "timestamp": "2024-02-20T00:00", "y_pred": 0.45031243366142909, "predicted_risk_class": "medium", "rain_24h_mm": 0.0, "gpm_precipitation_sum": 0.0, "built_surface_mean": 4076.8478260869579, "population_sum": 0.0 }, "geometry": { "type": "MultiPolygon", "coordinates": [ [ [ [ 31.335730782102992, 30.029403188589662 ], [ 31.335581772292223, 30.029403188589662 ], [ 31.3353268, 30.030505500000011 ], [ 31.3352921, 30.0307101 ], [ 31.3353421, 30.030868699999985 ], [ 31.3354841, 30.030996 ], [ 31.335706, 30.0310882 ], [ 31.335730782102992, 30.031084275071336 ], [ 31.335730782102992, 30.029403188589662 ] ] ], [ [ [ 31.335730782102992, 30.033291778581109 ], [ 31.335730782102992, 30.031777576921158 ], [ 31.3351376, 30.0319719 ], [ 31.3342732, 30.032339 ], [ 31.3334784, 30.0327954 ], [ 31.332887328982721, 30.033291778581109 ], [ 31.335730782102992, 30.033291778581109 ] ] ] ] } },
{ "type": "Feature", "properties": { "zone_code": "NSR-GRID-286", "event_id": "evt_dry_009", "timestamp": "2024-02-20T00:00", "y_pred": 0.1339438413152198, "predicted_risk_class": "low", "rain_24h_mm": 0.0, "gpm_precipitation_sum": 0.0, "built_surface_mean": 646.14065059677034, "population_sum": 0.0 }, "geometry": { "type": "Polygon", "coordinates": [ [ [ 31.398612851991352, 30.029403188589662 ], [ 31.398612851991352, 30.033291778581109 ], [ 31.402950007427197, 30.033291778581109 ], [ 31.4026521, 30.0311873 ], [ 31.402407520234178, 30.029403188589662 ], [ 31.398612851991352, 30.029403188589662 ] ] ] } },
{ "type": "Feature", "properties": { "zone_code": "NSR-GRID-287", "event_id": "evt_dry_009", "timestamp": "2024-02-20T00:00", "y_pred": 0.51295409295866545, "predicted_risk_class": "medium", "rain_24h_mm": 0.0, "gpm_precipitation_sum": 0.0, "built_surface_mean": 5187.4096589705568, "population_sum": 0.0 }, "geometry": { "type": "Polygon", "coordinates": [ [ [ 31.340222358523583, 30.029403188589662 ], [ 31.340222358523583, 30.033291778581109 ], [ 31.344713934944181, 30.033291778581109 ], [ 31.344713934944181, 30.029403188589662 ], [ 31.340222358523583, 30.029403188589662 ] ] ] } },
{ "type": "Feature", "properties": { "zone_code": "NSR-GRID-288", "event_id": "evt_dry_009", "timestamp": "2024-02-20T00:00", "y_pred": 0.48165532376616049, "predicted_risk_class": "medium", "rain_24h_mm": 0.0, "gpm_precipitation_sum": 0.0, "built_surface_mean": 4584.1571368064378, "population_sum": 0.0 }, "geometry": { "type": "Polygon", "coordinates": [ [ [ 31.344713934944181, 30.029403188589662 ], [ 31.344713934944181, 30.033291778581109 ], [ 31.349205511364779, 30.033291778581109 ], [ 31.349205511364779, 30.029403188589662 ], [ 31.344713934944181, 30.029403188589662 ] ] ] } },
{ "type": "Feature", "properties": { "zone_code": "NSR-GRID-289", "event_id": "evt_dry_009", "timestamp": "2024-02-20T00:00", "y_pred": 0.39982940128314221, "predicted_risk_class": "medium", "rain_24h_mm": 0.0, "gpm_precipitation_sum": 0.0, "built_surface_mean": 3554.8192413646962, "population_sum": 0.0 }, "geometry": { "type": "Polygon", "coordinates": [ [ [ 31.349205511364779, 30.029403188589662 ], [ 31.349205511364779, 30.033291778581109 ], [ 31.353697087785381, 30.033291778581109 ], [ 31.353697087785381, 30.029403188589662 ], [ 31.349205511364779, 30.029403188589662 ] ] ] } },
{ "type": "Feature", "properties": { "zone_code": "NSR-GRID-290", "event_id": "evt_dry_009", "timestamp": "2024-02-20T00:00", "y_pred": 0.26802688424081678, "predicted_risk_class": "low", "rain_24h_mm": 0.0, "gpm_precipitation_sum": 0.0, "built_surface_mean": 2814.9209913154, "population_sum": 0.0 }, "geometry": { "type": "Polygon", "coordinates": [ [ [ 31.353697087785381, 30.029403188589662 ], [ 31.353697087785381, 30.033291778581109 ], [ 31.358188664205979, 30.033291778581109 ], [ 31.358188664205979, 30.029403188589662 ], [ 31.353697087785381, 30.029403188589662 ] ] ] } },
{ "type": "Feature", "properties": { "zone_code": "NSR-GRID-291", "event_id": "evt_dry_009", "timestamp": "2024-02-20T00:00", "y_pred": 0.17580849667035661, "predicted_risk_class": "low", "rain_24h_mm": 0.0, "gpm_precipitation_sum": 0.0, "built_surface_mean": 1156.1347172209278, "population_sum": 0.0 }, "geometry": { "type": "Polygon", "coordinates": [ [ [ 31.358188664205979, 30.029403188589662 ], [ 31.358188664205979, 30.033291778581109 ], [ 31.362680240626577, 30.033291778581109 ], [ 31.362680240626577, 30.029403188589662 ], [ 31.358188664205979, 30.029403188589662 ] ] ] } },
{ "type": "Feature", "properties": { "zone_code": "NSR-GRID-292", "event_id": "evt_dry_009", "timestamp": "2024-02-20T00:00", "y_pred": 0.19863746814460831, "predicted_risk_class": "low", "rain_24h_mm": 0.0, "gpm_precipitation_sum": 0.0, "built_surface_mean": 1267.8664971392247, "population_sum": 0.0 }, "geometry": { "type": "Polygon", "coordinates": [ [ [ 31.362680240626577, 30.029403188589662 ], [ 31.362680240626577, 30.033291778581109 ], [ 31.367171817047169, 30.033291778581109 ], [ 31.367171817047169, 30.029403188589662 ], [ 31.362680240626577, 30.029403188589662 ] ] ] } },
{ "type": "Feature", "properties": { "zone_code": "NSR-GRID-293", "event_id": "evt_dry_009", "timestamp": "2024-02-20T00:00", "y_pred": 0.34394460882750699, "predicted_risk_class": "medium", "rain_24h_mm": 0.0, "gpm_precipitation_sum": 0.0, "built_surface_mean": 3216.7808857808864, "population_sum": 0.0 }, "geometry": { "type": "Polygon", "coordinates": [ [ [ 31.367171817047169, 30.029403188589662 ], [ 31.367171817047169, 30.033291778581109 ], [ 31.371663393467767, 30.033291778581109 ], [ 31.371663393467767, 30.029403188589662 ], [ 31.367171817047169, 30.029403188589662 ] ] ] } },
{ "type": "Feature", "properties": { "zone_code": "NSR-GRID-294", "event_id": "evt_dry_009", "timestamp": "2024-02-20T00:00", "y_pred": 0.27908424082934419, "predicted_risk_class": "low", "rain_24h_mm": 0.0, "gpm_precipitation_sum": 0.0, "built_surface_mean": 2350.215844100826, "population_sum": 0.0 }, "geometry": { "type": "Polygon", "coordinates": [ [ [ 31.371663393467767, 30.029403188589662 ], [ 31.371663393467767, 30.033291778581109 ], [ 31.376154969888365, 30.033291778581109 ], [ 31.376154969888365, 30.029403188589662 ], [ 31.371663393467767, 30.029403188589662 ] ] ] } },
{ "type": "Feature", "properties": { "zone_code": "NSR-GRID-295", "event_id": "evt_dry_009", "timestamp": "2024-02-20T00:00", "y_pred": 0.1065698578900075, "predicted_risk_class": "low", "rain_24h_mm": 0.0, "gpm_precipitation_sum": 0.0, "built_surface_mean": 17.788135593220336, "population_sum": 0.0 }, "geometry": { "type": "Polygon", "coordinates": [ [ [ 31.376154969888365, 30.029403188589662 ], [ 31.376154969888365, 30.033291778581109 ], [ 31.380646546308967, 30.033291778581109 ], [ 31.380646546308967, 30.029403188589662 ], [ 31.376154969888365, 30.029403188589662 ] ] ] } },
{ "type": "Feature", "properties": { "zone_code": "NSR-GRID-296", "event_id": "evt_dry_009", "timestamp": "2024-02-20T00:00", "y_pred": 0.083684413981992403, "predicted_risk_class": "low", "rain_24h_mm": 0.0, "gpm_precipitation_sum": 0.0, "built_surface_mean": 4.9449152542372881, "population_sum": 0.0 }, "geometry": { "type": "Polygon", "coordinates": [ [ [ 31.380646546308967, 30.029403188589662 ], [ 31.380646546308967, 30.033291778581109 ], [ 31.385138122729565, 30.033291778581109 ], [ 31.385138122729565, 30.029403188589662 ], [ 31.380646546308967, 30.029403188589662 ] ] ] } },
{ "type": "Feature", "properties": { "zone_code": "NSR-GRID-297", "event_id": "evt_dry_009", "timestamp": "2024-02-20T00:00", "y_pred": 0.053264322128621498, "predicted_risk_class": "low", "rain_24h_mm": 0.0, "gpm_precipitation_sum": 0.0, "built_surface_mean": 18.544049131723838, "population_sum": 0.0 }, "geometry": { "type": "Polygon", "coordinates": [ [ [ 31.385138122729565, 30.029403188589662 ], [ 31.385138122729565, 30.033291778581109 ], [ 31.389629699150163, 30.033291778581109 ], [ 31.389629699150163, 30.029403188589662 ], [ 31.385138122729565, 30.029403188589662 ] ] ] } },
{ "type": "Feature", "properties": { "zone_code": "NSR-GRID-298", "event_id": "evt_dry_009", "timestamp": "2024-02-20T00:00", "y_pred": 0.091528192213677098, "predicted_risk_class": "low", "rain_24h_mm": 0.0, "gpm_precipitation_sum": 0.0, "built_surface_mean": 45.685236178775689, "population_sum": 0.0 }, "geometry": { "type": "Polygon", "coordinates": [ [ [ 31.389629699150163, 30.029403188589662 ], [ 31.389629699150163, 30.033291778581109 ], [ 31.394121275570754, 30.033291778581109 ], [ 31.394121275570754, 30.029403188589662 ], [ 31.389629699150163, 30.029403188589662 ] ] ] } },
{ "type": "Feature", "properties": { "zone_code": "NSR-GRID-299", "event_id": "evt_dry_009", "timestamp": "2024-02-20T00:00", "y_pred": 0.084644812638535294, "predicted_risk_class": "low", "rain_24h_mm": 0.0, "gpm_precipitation_sum": 0.0, "built_surface_mean": 36.843432203389838, "population_sum": 0.0 }, "geometry": { "type": "Polygon", "coordinates": [ [ [ 31.394121275570754, 30.029403188589662 ], [ 31.394121275570754, 30.033291778581109 ], [ 31.398612851991352, 30.033291778581109 ], [ 31.398612851991352, 30.029403188589662 ], [ 31.394121275570754, 30.029403188589662 ] ] ] } },
{ "type": "Feature", "properties": { "zone_code": "NSR-GRID-300", "event_id": "evt_dry_009", "timestamp": "2024-02-20T00:00", "y_pred": 0.35839763868477592, "predicted_risk_class": "medium", "rain_24h_mm": 0.0, "gpm_precipitation_sum": 0.0, "built_surface_mean": 2936.6347525394422, "population_sum": 0.0 }, "geometry": { "type": "Polygon", "coordinates": [ [ [ 31.335730782102992, 30.033291778581109 ], [ 31.340222358523583, 30.033291778581109 ], [ 31.340222358523583, 30.029403188589662 ], [ 31.335730782102992, 30.029403188589662 ], [ 31.335730782102992, 30.031084275071336 ], [ 31.3361202, 30.0310226 ], [ 31.3363632, 30.0315704 ], [ 31.335730782102992, 30.031777576921158 ], [ 31.335730782102992, 30.033291778581109 ] ] ] } },
{ "type": "Feature", "properties": { "zone_code": "NSR-GRID-301", "event_id": "evt_dry_009", "timestamp": "2024-02-20T00:00", "y_pred": 0.44897877644391038, "predicted_risk_class": "medium", "rain_24h_mm": 0.0, "gpm_precipitation_sum": 0.0, "built_surface_mean": 3883.0, "population_sum": 0.0 }, "geometry": { "type": "Polygon", "coordinates": [ [ [ 31.335730782102992, 30.029403188589662 ], [ 31.335730782102992, 30.028758974819059 ], [ 31.335581772292223, 30.029403188589662 ], [ 31.335730782102992, 30.029403188589662 ] ] ] } },
{ "type": "Feature", "properties": { "zone_code": "NSR-GRID-302", "event_id": "evt_dry_009", "timestamp": "2024-02-20T00:00", "y_pred": 0.22123634993575719, "predicted_risk_class": "low", "rain_24h_mm": 0.0, "gpm_precipitation_sum": 0.0, "built_surface_mean": 1512.9081358962894, "population_sum": 0.0 }, "geometry": { "type": "Polygon", "coordinates": [ [ [ 31.335730782102992, 30.029403188589662 ], [ 31.340222358523583, 30.029403188589662 ], [ 31.340222358523583, 30.02551444604104 ], [ 31.336591199332673, 30.02551444604104 ], [ 31.3358576, 30.0282107 ], [ 31.335730782102992, 30.028758974819059 ], [ 31.335730782102992, 30.029403188589662 ] ] ] } },
{ "type": "Feature", "properties": { "zone_code": "NSR-GRID-303", "event_id": "evt_dry_009", "timestamp": "2024-02-20T00:00", "y_pred": 0.097304863026775198, "predicted_risk_class": "low", "rain_24h_mm": 0.0, "gpm_precipitation_sum": 0.0, "built_surface_mean": 270.6985294117647, "population_sum": 0.0 }, "geometry": { "type": "Polygon", "coordinates": [ [ [ 31.398612851991352, 30.02551444604104 ], [ 31.398612851991352, 30.029403188589662 ], [ 31.402407520234178, 30.029403188589662 ], [ 31.4020118, 30.0265165 ], [ 31.401841090769885, 30.02551444604104 ], [ 31.398612851991352, 30.02551444604104 ] ] ] } },
{ "type": "Feature", "properties": { "zone_code": "NSR-GRID-304", "event_id": "evt_dry_009", "timestamp": "2024-02-20T00:00", "y_pred": 0.29512040194167438, "predicted_risk_class": "low", "rain_24h_mm": 0.0, "gpm_precipitation_sum": 0.0, "built_surface_mean": 2429.2183055040205, "population_sum": 0.0 }, "geometry": { "type": "Polygon", "coordinates": [ [ [ 31.340222358523583, 30.02551444604104 ], [ 31.340222358523583, 30.029403188589662 ], [ 31.344713934944181, 30.029403188589662 ], [ 31.344713934944181, 30.02551444604104 ], [ 31.340222358523583, 30.02551444604104 ] ] ] } },
{ "type": "Feature", "properties": { "zone_code": "NSR-GRID-305", "event_id": "evt_dry_009", "timestamp": "2024-02-20T00:00", "y_pred": 0.42101378614666768, "predicted_risk_class": "medium", "rain_24h_mm": 0.0, "gpm_precipitation_sum": 0.0, "built_surface_mean": 3831.8934679579638, "population_sum": 0.0 }, "geometry": { "type": "Polygon", "coordinates": [ [ [ 31.344713934944181, 30.02551444604104 ], [ 31.344713934944181, 30.029403188589662 ], [ 31.349205511364779, 30.029403188589662 ], [ 31.349205511364779, 30.02551444604104 ], [ 31.344713934944181, 30.02551444604104 ] ] ] } },
{ "type": "Feature", "properties": { "zone_code": "NSR-GRID-306", "event_id": "evt_dry_009", "timestamp": "2024-02-20T00:00", "y_pred": 0.45203555324046202, "predicted_risk_class": "medium", "rain_24h_mm": 0.0, "gpm_precipitation_sum": 0.0, "built_surface_mean": 4161.5290601813685, "population_sum": 0.0 }, "geometry": { "type": "Polygon", "coordinates": [ [ [ 31.349205511364779, 30.02551444604104 ], [ 31.349205511364779, 30.029403188589662 ], [ 31.353697087785381, 30.029403188589662 ], [ 31.353697087785381, 30.02551444604104 ], [ 31.349205511364779, 30.02551444604104 ] ] ] } },
{ "type": "Feature", "properties": { "zone_code": "NSR-GRID-307", "event_id": "evt_dry_009", "timestamp": "2024-02-20T00:00", "y_pred": 0.30104032204188202, "predicted_risk_class": "low", "rain_24h_mm": 0.0, "gpm_precipitation_sum": 0.0, "built_surface_mean": 2240.2664880461657, "population_sum": 0.0 }, "geometry": { "type": "Polygon", "coordinates": [ [ [ 31.353697087785381, 30.02551444604104 ], [ 31.353697087785381, 30.029403188589662 ], [ 31.358188664205979, 30.029403188589662 ], [ 31.358188664205979, 30.02551444604104 ], [ 31.353697087785381, 30.02551444604104 ] ] ] } },
{ "type": "Feature", "properties": { "zone_code": "NSR-GRID-308", "event_id": "evt_dry_009", "timestamp": "2024-02-20T00:00", "y_pred": 0.16686539053157071, "predicted_risk_class": "low", "rain_24h_mm": 0.0, "gpm_precipitation_sum": 0.0, "built_surface_mean": 926.47743663713163, "population_sum": 0.0 }, "geometry": { "type": "Polygon", "coordinates": [ [ [ 31.358188664205979, 30.02551444604104 ], [ 31.358188664205979, 30.029403188589662 ], [ 31.362680240626577, 30.029403188589662 ], [ 31.362680240626577, 30.02551444604104 ], [ 31.358188664205979, 30.02551444604104 ] ] ] } },
{ "type": "Feature", "properties": { "zone_code": "NSR-GRID-309", "event_id": "evt_dry_009", "timestamp": "2024-02-20T00:00", "y_pred": 0.032165925431324599, "predicted_risk_class": "low", "rain_24h_mm": 0.0, "gpm_precipitation_sum": 0.0, "built_surface_mean": 182.24010717229999, "population_sum": 0.0 }, "geometry": { "type": "Polygon", "coordinates": [ [ [ 31.362680240626577, 30.02551444604104 ], [ 31.362680240626577, 30.029403188589662 ], [ 31.367171817047169, 30.029403188589662 ], [ 31.367171817047169, 30.02551444604104 ], [ 31.362680240626577, 30.02551444604104 ] ] ] } },
{ "type": "Feature", "properties": { "zone_code": "NSR-GRID-310", "event_id": "evt_dry_009", "timestamp": "2024-02-20T00:00", "y_pred": 0.061469721669346, "predicted_risk_class": "low", "rain_24h_mm": 0.0, "gpm_precipitation_sum": 0.0, "built_surface_mean": 177.70760354419946, "population_sum": 0.0 }, "geometry": { "type": "Polygon", "coordinates": [ [ [ 31.367171817047169, 30.02551444604104 ], [ 31.367171817047169, 30.029403188589662 ], [ 31.371663393467767, 30.029403188589662 ], [ 31.371663393467767, 30.02551444604104 ], [ 31.367171817047169, 30.02551444604104 ] ] ] } },
{ "type": "Feature", "properties": { "zone_code": "NSR-GRID-311", "event_id": "evt_dry_009", "timestamp": "2024-02-20T00:00", "y_pred": 0.064977898078598204, "predicted_risk_class": "low", "rain_24h_mm": 0.0, "gpm_precipitation_sum": 0.0, "built_surface_mean": 241.2104720676148, "population_sum": 0.0 }, "geometry": { "type": "Polygon", "coordinates": [ [ [ 31.371663393467767, 30.02551444604104 ], [ 31.371663393467767, 30.029403188589662 ], [ 31.376154969888365, 30.029403188589662 ], [ 31.376154969888365, 30.02551444604104 ], [ 31.371663393467767, 30.02551444604104 ] ] ] } },
{ "type": "Feature", "properties": { "zone_code": "NSR-GRID-312", "event_id": "evt_dry_009", "timestamp": "2024-02-20T00:00", "y_pred": 0.13513632060647751, "predicted_risk_class": "low", "rain_24h_mm": 0.0, "gpm_precipitation_sum": 0.0, "built_surface_mean": 490.72597938144338, "population_sum": 0.0 }, "geometry": { "type": "Polygon", "coordinates": [ [ [ 31.376154969888365, 30.02551444604104 ], [ 31.376154969888365, 30.029403188589662 ], [ 31.380646546308967, 30.029403188589662 ], [ 31.380646546308967, 30.02551444604104 ], [ 31.376154969888365, 30.02551444604104 ] ] ] } },
{ "type": "Feature", "properties": { "zone_code": "NSR-GRID-313", "event_id": "evt_dry_009", "timestamp": "2024-02-20T00:00", "y_pred": 0.13104982841184801, "predicted_risk_class": "low", "rain_24h_mm": 0.0, "gpm_precipitation_sum": 0.0, "built_surface_mean": 384.62015663643871, "population_sum": 0.0 }, "geometry": { "type": "Polygon", "coordinates": [ [ [ 31.380646546308967, 30.02551444604104 ], [ 31.380646546308967, 30.029403188589662 ], [ 31.385138122729565, 30.029403188589662 ], [ 31.385138122729565, 30.02551444604104 ], [ 31.380646546308967, 30.02551444604104 ] ] ] } },
{ "type": "Feature", "properties": { "zone_code": "NSR-GRID-314", "event_id": "evt_dry_009", "timestamp": "2024-02-20T00:00", "y_pred": 0.031669775899573503, "predicted_risk_class": "low", "rain_24h_mm": 0.0, "gpm_precipitation_sum": 0.0, "built_surface_mean": 3.264372553059963, "population_sum": 0.0 }, "geometry": { "type": "Polygon", "coordinates": [ [ [ 31.385138122729565, 30.02551444604104 ], [ 31.385138122729565, 30.029403188589662 ], [ 31.389629699150163, 30.029403188589662 ], [ 31.389629699150163, 30.02551444604104 ], [ 31.385138122729565, 30.02551444604104 ] ] ] } },
{ "type": "Feature", "properties": { "zone_code": "NSR-GRID-315", "event_id": "evt_dry_009", "timestamp": "2024-02-20T00:00", "y_pred": 0.081362759730977105, "predicted_risk_class": "low", "rain_24h_mm": 0.0, "gpm_precipitation_sum": 0.0, "built_surface_mean": 0.0, "population_sum": 0.0 }, "geometry": { "type": "Polygon", "coordinates": [ [ [ 31.389629699150163, 30.02551444604104 ], [ 31.389629699150163, 30.029403188589662 ], [ 31.394121275570754, 30.029403188589662 ], [ 31.394121275570754, 30.02551444604104 ], [ 31.389629699150163, 30.02551444604104 ] ] ] } },
{ "type": "Feature", "properties": { "zone_code": "NSR-GRID-316", "event_id": "evt_dry_009", "timestamp": "2024-02-20T00:00", "y_pred": 0.071399920324662303, "predicted_risk_class": "low", "rain_24h_mm": 0.0, "gpm_precipitation_sum": 0.0, "built_surface_mean": 0.0, "population_sum": 0.0 }, "geometry": { "type": "Polygon", "coordinates": [ [ [ 31.394121275570754, 30.02551444604104 ], [ 31.394121275570754, 30.029403188589662 ], [ 31.398612851991352, 30.029403188589662 ], [ 31.398612851991352, 30.02551444604104 ], [ 31.394121275570754, 30.02551444604104 ] ] ] } },
{ "type": "Feature", "properties": { "zone_code": "NSR-GRID-317", "event_id": "evt_dry_009", "timestamp": "2024-02-20T00:00", "y_pred": 0.27172337965754773, "predicted_risk_class": "low", "rain_24h_mm": 0.0, "gpm_precipitation_sum": 0.0, "built_surface_mean": 1732.014728444308, "population_sum": 0.0 }, "geometry": { "type": "Polygon", "coordinates": [ [ [ 31.340222358523583, 30.02551444604104 ], [ 31.340222358523583, 30.021625550947174 ], [ 31.337649283017399, 30.021625550947174 ], [ 31.3375442, 30.0220117 ], [ 31.336591199332673, 30.02551444604104 ], [ 31.340222358523583, 30.02551444604104 ] ] ] } },
{ "type": "Feature", "properties": { "zone_code": "NSR-GRID-318", "event_id": "evt_dry_009", "timestamp": "2024-02-20T00:00", "y_pred": 0.098264568541983593, "predicted_risk_class": "low", "rain_24h_mm": 0.0, "gpm_precipitation_sum": 0.0, "built_surface_mean": 501.97140039447731, "population_sum": 0.0 }, "geometry": { "type": "Polygon", "coordinates": [ [ [ 31.398612851991352, 30.021625550947174 ], [ 31.398612851991352, 30.02551444604104 ], [ 31.401841090769885, 30.02551444604104 ], [ 31.4012908, 30.0222842 ], [ 31.401170032069629, 30.021625550947174 ], [ 31.398612851991352, 30.021625550947174 ] ] ] } },
{ "type": "Feature", "properties": { "zone_code": "NSR-GRID-319", "event_id": "evt_dry_009", "timestamp": "2024-02-20T00:00", "y_pred": 0.14312964542467399, "predicted_risk_class": "low", "rain_24h_mm": 0.0, "gpm_precipitation_sum": 0.0, "built_surface_mean": 270.16292372881361, "population_sum": 0.0 }, "geometry": { "type": "Polygon", "coordinates": [ [ [ 31.340222358523583, 30.021625550947174 ], [ 31.340222358523583, 30.02551444604104 ], [ 31.344713934944181, 30.02551444604104 ], [ 31.344713934944181, 30.021625550947174 ], [ 31.340222358523583, 30.021625550947174 ] ] ] } },
{ "type": "Feature", "properties": { "zone_code": "NSR-GRID-320", "event_id": "evt_dry_009", "timestamp": "2024-02-20T00:00", "y_pred": 0.39105187357784599, "predicted_risk_class": "medium", "rain_24h_mm": 0.0, "gpm_precipitation_sum": 0.0, "built_surface_mean": 3551.4069520983471, "population_sum": 0.0 }, "geometry": { "type": "Polygon", "coordinates": [ [ [ 31.344713934944181, 30.021625550947174 ], [ 31.344713934944181, 30.02551444604104 ], [ 31.349205511364779, 30.02551444604104 ], [ 31.349205511364779, 30.021625550947174 ], [ 31.344713934944181, 30.021625550947174 ] ] ] } },
{ "type": "Feature", "properties": { "zone_code": "NSR-GRID-321", "event_id": "evt_dry_009", "timestamp": "2024-02-20T00:00", "y_pred": 0.40930979689996888, "predicted_risk_class": "medium", "rain_24h_mm": 0.0, "gpm_precipitation_sum": 0.0, "built_surface_mean": 3693.3395467062078, "population_sum": 0.0 }, "geometry": { "type": "Polygon", "coordinates": [ [ [ 31.349205511364779, 30.021625550947174 ], [ 31.349205511364779, 30.02551444604104 ], [ 31.353697087785381, 30.02551444604104 ], [ 31.353697087785381, 30.021625550947174 ], [ 31.349205511364779, 30.021625550947174 ] ] ] } },
{ "type": "Feature", "properties": { "zone_code": "NSR-GRID-322", "event_id": "evt_dry_009", "timestamp": "2024-02-20T00:00", "y_pred": 0.2276083454911498, "predicted_risk_class": "low", "rain_24h_mm": 0.0, "gpm_precipitation_sum": 0.0, "built_surface_mean": 1370.4163135593224, "population_sum": 0.0 }, "geometry": { "type": "Polygon", "coordinates": [ [ [ 31.353697087785381, 30.021625550947174 ], [ 31.353697087785381, 30.02551444604104 ], [ 31.358188664205979, 30.02551444604104 ], [ 31.358188664205979, 30.021625550947174 ], [ 31.353697087785381, 30.021625550947174 ] ] ] } },
{ "type": "Feature", "properties": { "zone_code": "NSR-GRID-323", "event_id": "evt_dry_009", "timestamp": "2024-02-20T00:00", "y_pred": 0.21484301463338989, "predicted_risk_class": "low", "rain_24h_mm": 0.0, "gpm_precipitation_sum": 0.0, "built_surface_mean": 1142.2644067796612, "population_sum": 0.0 }, "geometry": { "type": "Polygon", "coordinates": [ [ [ 31.358188664205979, 30.021625550947174 ], [ 31.358188664205979, 30.02551444604104 ], [ 31.362680240626577, 30.02551444604104 ], [ 31.362680240626577, 30.021625550947174 ], [ 31.358188664205979, 30.021625550947174 ] ] ] } },
{ "type": "Feature", "properties": { "zone_code": "NSR-GRID-324", "event_id": "evt_dry_009", "timestamp": "2024-02-20T00:00", "y_pred": 0.2063194019260097, "predicted_risk_class": "low", "rain_24h_mm": 0.0, "gpm_precipitation_sum": 0.0, "built_surface_mean": 1288.1298728813561, "population_sum": 0.0 }, "geometry": { "type": "Polygon", "coordinates": [ [ [ 31.362680240626577, 30.021625550947174 ], [ 31.362680240626577, 30.02551444604104 ], [ 31.367171817047169, 30.02551444604104 ], [ 31.367171817047169, 30.021625550947174 ], [ 31.362680240626577, 30.021625550947174 ] ] ] } },
{ "type": "Feature", "properties": { "zone_code": "NSR-GRID-325", "event_id": "evt_dry_009", "timestamp": "2024-02-20T00:00", "y_pred": 0.1368559503384221, "predicted_risk_class": "low", "rain_24h_mm": 0.0, "gpm_precipitation_sum": 0.0, "built_surface_mean": 540.24189790298669, "population_sum": 0.0 }, "geometry": { "type": "Polygon", "coordinates": [ [ [ 31.367171817047169, 30.021625550947174 ], [ 31.367171817047169, 30.02551444604104 ], [ 31.371663393467767, 30.02551444604104 ], [ 31.371663393467767, 30.021625550947174 ], [ 31.367171817047169, 30.021625550947174 ] ] ] } },
{ "type": "Feature", "properties": { "zone_code": "NSR-GRID-326", "event_id": "evt_dry_009", "timestamp": "2024-02-20T00:00", "y_pred": 0.1216621374687631, "predicted_risk_class": "low", "rain_24h_mm": 0.0, "gpm_precipitation_sum": 0.0, "built_surface_mean": 103.9375, "population_sum": 0.0 }, "geometry": { "type": "Polygon", "coordinates": [ [ [ 31.371663393467767, 30.021625550947174 ], [ 31.371663393467767, 30.02551444604104 ], [ 31.376154969888365, 30.02551444604104 ], [ 31.376154969888365, 30.021625550947174 ], [ 31.371663393467767, 30.021625550947174 ] ] ] } },
{ "type": "Feature", "properties": { "zone_code": "NSR-GRID-327", "event_id": "evt_dry_009", "timestamp": "2024-02-20T00:00", "y_pred": 0.1273227538961095, "predicted_risk_class": "low", "rain_24h_mm": 0.0, "gpm_precipitation_sum": 0.0, "built_surface_mean": 422.16461864406784, "population_sum": 0.0 }, "geometry": { "type": "Polygon", "coordinates": [ [ [ 31.376154969888365, 30.021625550947174 ], [ 31.376154969888365, 30.02551444604104 ], [ 31.380646546308967, 30.02551444604104 ], [ 31.380646546308967, 30.021625550947174 ], [ 31.376154969888365, 30.021625550947174 ] ] ] } },
{ "type": "Feature", "properties": { "zone_code": "NSR-GRID-328", "event_id": "evt_dry_009", "timestamp": "2024-02-20T00:00", "y_pred": 0.14166110637992191, "predicted_risk_class": "low", "rain_24h_mm": 0.0, "gpm_precipitation_sum": 0.0, "built_surface_mean": 503.81059322033911, "population_sum": 0.0 }, "geometry": { "type": "Polygon", "coordinates": [ [ [ 31.380646546308967, 30.021625550947174 ], [ 31.380646546308967, 30.02551444604104 ], [ 31.385138122729565, 30.02551444604104 ], [ 31.385138122729565, 30.021625550947174 ], [ 31.380646546308967, 30.021625550947174 ] ] ] } },
{ "type": "Feature", "properties": { "zone_code": "NSR-GRID-329", "event_id": "evt_dry_009", "timestamp": "2024-02-20T00:00", "y_pred": 0.078242388471659, "predicted_risk_class": "low", "rain_24h_mm": 0.0, "gpm_precipitation_sum": 0.0, "built_surface_mean": 0.2923728813559322, "population_sum": 0.0 }, "geometry": { "type": "Polygon", "coordinates": [ [ [ 31.385138122729565, 30.021625550947174 ], [ 31.385138122729565, 30.02551444604104 ], [ 31.389629699150163, 30.02551444604104 ], [ 31.389629699150163, 30.021625550947174 ], [ 31.385138122729565, 30.021625550947174 ] ] ] } },
{ "type": "Feature", "properties": { "zone_code": "NSR-GRID-330", "event_id": "evt_dry_009", "timestamp": "2024-02-20T00:00", "y_pred": 0.068780448882426196, "predicted_risk_class": "low", "rain_24h_mm": 0.0, "gpm_precipitation_sum": 0.0, "built_surface_mean": 0.055096418732782301, "population_sum": 0.0 }, "geometry": { "type": "Polygon", "coordinates": [ [ [ 31.389629699150163, 30.021625550947174 ], [ 31.389629699150163, 30.02551444604104 ], [ 31.394121275570754, 30.02551444604104 ], [ 31.394121275570754, 30.021625550947174 ], [ 31.389629699150163, 30.021625550947174 ] ] ] } },
{ "type": "Feature", "properties": { "zone_code": "NSR-GRID-331", "event_id": "evt_dry_009", "timestamp": "2024-02-20T00:00", "y_pred": 0.075314250644014202, "predicted_risk_class": "low", "rain_24h_mm": 0.0, "gpm_precipitation_sum": 0.0, "built_surface_mean": 0.0, "population_sum": 0.0 }, "geometry": { "type": "Polygon", "coordinates": [ [ [ 31.394121275570754, 30.021625550947174 ], [ 31.394121275570754, 30.02551444604104 ], [ 31.398612851991352, 30.02551444604104 ], [ 31.398612851991352, 30.021625550947174 ], [ 31.394121275570754, 30.021625550947174 ] ] ] } },
{ "type": "Feature", "properties": { "zone_code": "NSR-GRID-332", "event_id": "evt_dry_009", "timestamp": "2024-02-20T00:00", "y_pred": 0.23779236580299121, "predicted_risk_class": "low", "rain_24h_mm": 0.0, "gpm_precipitation_sum": 0.0, "built_surface_mean": 1330.8183565593467, "population_sum": 0.0 }, "geometry": { "type": "Polygon", "coordinates": [ [ [ 31.340222358523583, 30.021625550947174 ], [ 31.340222358523583, 30.017736503319995 ], [ 31.339082370479577, 30.017736503319995 ], [ 31.338069, 30.0200832 ], [ 31.337649283017399, 30.021625550947174 ], [ 31.340222358523583, 30.021625550947174 ] ] ] } },
{ "type": "Feature", "properties": { "zone_code": "NSR-GRID-333", "event_id": "evt_dry_009", "timestamp": "2024-02-20T00:00", "y_pred": 0.091744355573237901, "predicted_risk_class": "low", "rain_24h_mm": 0.0, "gpm_precipitation_sum": 0.0, "built_surface_mean": 46.937684210526321, "population_sum": 0.0 }, "geometry": { "type": "Polygon", "coordinates": [ [ [ 31.398612851991352, 30.017736503319995 ], [ 31.398612851991352, 30.021625550947174 ], [ 31.401170032069629, 30.021625550947174 ], [ 31.4005473, 30.0182292 ], [ 31.40048402247028, 30.017736503319995 ], [ 31.398612851991352, 30.017736503319995 ] ] ] } },
{ "type": "Feature", "properties": { "zone_code": "NSR-GRID-334", "event_id": "evt_dry_009", "timestamp": "2024-02-20T00:00", "y_pred": 0.25580030584388758, "predicted_risk_class": "low", "rain_24h_mm": 0.0, "gpm_precipitation_sum": 0.0, "built_surface_mean": 1327.8938800741807, "population_sum": 0.0 }, "geometry": { "type": "Polygon", "coordinates": [ [ [ 31.340222358523583, 30.017736503319995 ], [ 31.340222358523583, 30.021625550947174 ], [ 31.344713934944181, 30.021625550947174 ], [ 31.344713934944181, 30.017736503319995 ], [ 31.340222358523583, 30.017736503319995 ] ] ] } },
{ "type": "Feature", "properties": { "zone_code": "NSR-GRID-335", "event_id": "evt_dry_009", "timestamp": "2024-02-20T00:00", "y_pred": 0.2140758050712861, "predicted_risk_class": "low", "rain_24h_mm": 0.0, "gpm_precipitation_sum": 0.0, "built_surface_mean": 1192.8685349268494, "population_sum": 0.0 }, "geometry": { "type": "Polygon", "coordinates": [ [ [ 31.344713934944181, 30.017736503319995 ], [ 31.344713934944181, 30.021625550947174 ], [ 31.349205511364779, 30.021625550947174 ], [ 31.349205511364779, 30.017736503319995 ], [ 31.344713934944181, 30.017736503319995 ] ] ] } },
{ "type": "Feature", "properties": { "zone_code": "NSR-GRID-336", "event_id": "evt_dry_009", "timestamp": "2024-02-20T00:00", "y_pred": 0.35417676027778422, "predicted_risk_class": "medium", "rain_24h_mm": 0.0, "gpm_precipitation_sum": 0.0, "built_surface_mean": 3263.393570987017, "population_sum": 0.0 }, "geometry": { "type": "Polygon", "coordinates": [ [ [ 31.349205511364779, 30.017736503319995 ], [ 31.349205511364779, 30.021625550947174 ], [ 31.353697087785381, 30.021625550947174 ], [ 31.353697087785381, 30.017736503319995 ], [ 31.349205511364779, 30.017736503319995 ] ] ] } },
{ "type": "Feature", "properties": { "zone_code": "NSR-GRID-337", "event_id": "evt_dry_009", "timestamp": "2024-02-20T00:00", "y_pred": 0.19078412967100331, "predicted_risk_class": "low", "rain_24h_mm": 0.0, "gpm_precipitation_sum": 0.0, "built_surface_mean": 1240.7304759942299, "population_sum": 0.0 }, "geometry": { "type": "Polygon", "coordinates": [ [ [ 31.353697087785381, 30.017736503319995 ], [ 31.353697087785381, 30.021625550947174 ], [ 31.358188664205979, 30.021625550947174 ], [ 31.358188664205979, 30.017736503319995 ], [ 31.353697087785381, 30.017736503319995 ] ] ] } },
{ "type": "Feature", "properties": { "zone_code": "NSR-GRID-338", "event_id": "evt_dry_009", "timestamp": "2024-02-20T00:00", "y_pred": 0.10100939816630961, "predicted_risk_class": "low", "rain_24h_mm": 0.0, "gpm_precipitation_sum": 0.0, "built_surface_mean": 592.8773701566364, "population_sum": 0.0 }, "geometry": { "type": "Polygon", "coordinates": [ [ [ 31.358188664205979, 30.017736503319995 ], [ 31.358188664205979, 30.021625550947174 ], [ 31.362680240626577, 30.021625550947174 ], [ 31.362680240626577, 30.017736503319995 ], [ 31.358188664205979, 30.017736503319995 ] ] ] } },
{ "type": "Feature", "properties": { "zone_code": "NSR-GRID-339", "event_id": "evt_dry_009", "timestamp": "2024-02-20T00:00", "y_pred": 0.17205885357378639, "predicted_risk_class": "low", "rain_24h_mm": 0.0, "gpm_precipitation_sum": 0.0, "built_surface_mean": 930.08675046363055, "population_sum": 0.0 }, "geometry": { "type": "Polygon", "coordinates": [ [ [ 31.362680240626577, 30.017736503319995 ], [ 31.362680240626577, 30.021625550947174 ], [ 31.367171817047169, 30.021625550947174 ], [ 31.367171817047169, 30.017736503319995 ], [ 31.362680240626577, 30.017736503319995 ] ] ] } },
{ "type": "Feature", "properties": { "zone_code": "NSR-GRID-340", "event_id": "evt_dry_009", "timestamp": "2024-02-20T00:00", "y_pred": 0.16017844416868149, "predicted_risk_class": "low", "rain_24h_mm": 0.0, "gpm_precipitation_sum": 0.0, "built_surface_mean": 583.15333882934874, "population_sum": 0.0 }, "geometry": { "type": "Polygon", "coordinates": [ [ [ 31.367171817047169, 30.017736503319995 ], [ 31.367171817047169, 30.021625550947174 ], [ 31.371663393467767, 30.021625550947174 ], [ 31.371663393467767, 30.017736503319995 ], [ 31.367171817047169, 30.017736503319995 ] ] ] } },
{ "type": "Feature", "properties": { "zone_code": "NSR-GRID-341", "event_id": "evt_dry_009", "timestamp": "2024-02-20T00:00", "y_pred": 0.26416967341379471, "predicted_risk_class": "low", "rain_24h_mm": 0.0, "gpm_precipitation_sum": 0.0, "built_surface_mean": 2180.2058096415321, "population_sum": 0.0 }, "geometry": { "type": "Polygon", "coordinates": [ [ [ 31.371663393467767, 30.017736503319995 ], [ 31.371663393467767, 30.021625550947174 ], [ 31.376154969888365, 30.021625550947174 ], [ 31.376154969888365, 30.017736503319995 ], [ 31.371663393467767, 30.017736503319995 ] ] ] } },
{ "type": "Feature", "properties": { "zone_code": "NSR-GRID-342", "event_id": "evt_dry_009", "timestamp": "2024-02-20T00:00", "y_pred": 0.18484993136860201, "predicted_risk_class": "low", "rain_24h_mm": 0.0, "gpm_precipitation_sum": 0.0, "built_surface_mean": 1070.0778899649702, "population_sum": 0.0 }, "geometry": { "type": "Polygon", "coordinates": [ [ [ 31.376154969888365, 30.017736503319995 ], [ 31.376154969888365, 30.021625550947174 ], [ 31.380646546308967, 30.021625550947174 ], [ 31.380646546308967, 30.017736503319995 ], [ 31.376154969888365, 30.017736503319995 ] ] ] } },
{ "type": "Feature", "properties": { "zone_code": "NSR-GRID-343", "event_id": "evt_dry_009", "timestamp": "2024-02-20T00:00", "y_pred": 0.1341689083608347, "predicted_risk_class": "low", "rain_24h_mm": 0.0, "gpm_precipitation_sum": 0.0, "built_surface_mean": 474.1240725474031, "population_sum": 0.0 }, "geometry": { "type": "Polygon", "coordinates": [ [ [ 31.380646546308967, 30.017736503319995 ], [ 31.380646546308967, 30.021625550947174 ], [ 31.385138122729565, 30.021625550947174 ], [ 31.385138122729565, 30.017736503319995 ], [ 31.380646546308967, 30.017736503319995 ] ] ] } },
{ "type": "Feature", "properties": { "zone_code": "NSR-GRID-344", "event_id": "evt_dry_009", "timestamp": "2024-02-20T00:00", "y_pred": 0.1261525514728388, "predicted_risk_class": "low", "rain_24h_mm": 0.0, "gpm_precipitation_sum": 0.0, "built_surface_mean": 449.59839274675443, "population_sum": 0.0 }, "geometry": { "type": "Polygon", "coordinates": [ [ [ 31.385138122729565, 30.017736503319995 ], [ 31.385138122729565, 30.021625550947174 ], [ 31.389629699150163, 30.021625550947174 ], [ 31.389629699150163, 30.017736503319995 ], [ 31.385138122729565, 30.017736503319995 ] ] ] } },
{ "type": "Feature", "properties": { "zone_code": "NSR-GRID-345", "event_id": "evt_dry_009", "timestamp": "2024-02-20T00:00", "y_pred": 0.090265254607641496, "predicted_risk_class": "low", "rain_24h_mm": 0.0, "gpm_precipitation_sum": 0.0, "built_surface_mean": 85.515251442704013, "population_sum": 0.0 }, "geometry": { "type": "Polygon", "coordinates": [ [ [ 31.389629699150163, 30.017736503319995 ], [ 31.389629699150163, 30.021625550947174 ], [ 31.394121275570754, 30.021625550947174 ], [ 31.394121275570754, 30.017736503319995 ], [ 31.389629699150163, 30.017736503319995 ] ] ] } },
{ "type": "Feature", "properties": { "zone_code": "NSR-GRID-346", "event_id": "evt_dry_009", "timestamp": "2024-02-20T00:00", "y_pred": 0.090673472620399098, "predicted_risk_class": "low", "rain_24h_mm": 0.0, "gpm_precipitation_sum": 0.0, "built_surface_mean": 1.3389690721649483, "population_sum": 0.0 }, "geometry": { "type": "Polygon", "coordinates": [ [ [ 31.394121275570754, 30.017736503319995 ], [ 31.394121275570754, 30.021625550947174 ], [ 31.398612851991352, 30.021625550947174 ], [ 31.398612851991352, 30.017736503319995 ], [ 31.394121275570754, 30.017736503319995 ] ] ] } },
{ "type": "Feature", "properties": { "zone_code": "NSR-GRID-347", "event_id": "evt_dry_009", "timestamp": "2024-02-20T00:00", "y_pred": 0.1846903237655359, "predicted_risk_class": "low", "rain_24h_mm": 0.0, "gpm_precipitation_sum": 0.0, "built_surface_mean": 473.26385224274401, "population_sum": 0.0 }, "geometry": { "type": "Polygon", "coordinates": [ [ [ 31.340222358523583, 30.017736503319995 ], [ 31.340222358523583, 30.015287317332451 ], [ 31.3395626, 30.0166244 ], [ 31.339082370479577, 30.017736503319995 ], [ 31.340222358523583, 30.017736503319995 ] ] ] } },
{ "type": "Feature", "properties": { "zone_code": "NSR-GRID-348", "event_id": "evt_dry_009", "timestamp": "2024-02-20T00:00", "y_pred": 0.11899731704466091, "predicted_risk_class": "low", "rain_24h_mm": 0.0, "gpm_precipitation_sum": 0.0, "built_surface_mean": 807.60741612713343, "population_sum": 0.0 }, "geometry": { "type": "Polygon", "coordinates": [ [ [ 31.398612851991352, 30.013847303171438 ], [ 31.398612851991352, 30.017736503319995 ], [ 31.40048402247028, 30.017736503319995 ], [ 31.399984539621762, 30.013847303171438 ], [ 31.398612851991352, 30.013847303171438 ] ] ] } },
{ "type": "Feature", "properties": { "zone_code": "NSR-GRID-349", "event_id": "evt_dry_009", "timestamp": "2024-02-20T00:00", "y_pred": 0.26250434637161341, "predicted_risk_class": "low", "rain_24h_mm": 0.0, "gpm_precipitation_sum": 0.0, "built_surface_mean": 1331.1975228161671, "population_sum": 0.0 }, "geometry": { "type": "Polygon", "coordinates": [ [ [ 31.340222358523583, 30.017736503319995 ], [ 31.344713934944181, 30.017736503319995 ], [ 31.344713934944181, 30.013847303171438 ], [ 31.340817047780146, 30.013847303171438 ], [ 31.340325, 30.015079299999989 ], [ 31.340222358523583, 30.015287317332451 ], [ 31.340222358523583, 30.017736503319995 ] ] ] } },
{ "type": "Feature", "properties": { "zone_code": "NSR-GRID-350", "event_id": "evt_dry_009", "timestamp": "2024-02-20T00:00", "y_pred": 0.2339070384934607, "predicted_risk_class": "low", "rain_24h_mm": 0.0, "gpm_precipitation_sum": 0.0, "built_surface_mean": 1374.7461359305528, "population_sum": 0.0 }, "geometry": { "type": "Polygon", "coordinates": [ [ [ 31.344713934944181, 30.013847303171438 ], [ 31.344713934944181, 30.017736503319995 ], [ 31.349205511364779, 30.017736503319995 ], [ 31.349205511364779, 30.013847303171438 ], [ 31.344713934944181, 30.013847303171438 ] ] ] } },
{ "type": "Feature", "properties": { "zone_code": "NSR-GRID-351", "event_id": "evt_dry_009", "timestamp": "2024-02-20T00:00", "y_pred": 0.16324387907233581, "predicted_risk_class": "low", "rain_24h_mm": 0.0, "gpm_precipitation_sum": 0.0, "built_surface_mean": 518.4916402116404, "population_sum": 0.0 }, "geometry": { "type": "Polygon", "coordinates": [ [ [ 31.349205511364779, 30.013847303171438 ], [ 31.349205511364779, 30.017736503319995 ], [ 31.353697087785381, 30.017736503319995 ], [ 31.353697087785381, 30.013847303171438 ], [ 31.349205511364779, 30.013847303171438 ] ] ] } },
{ "type": "Feature", "properties": { "zone_code": "NSR-GRID-352", "event_id": "evt_dry_009", "timestamp": "2024-02-20T00:00", "y_pred": 0.18892063845327289, "predicted_risk_class": "low", "rain_24h_mm": 0.0, "gpm_precipitation_sum": 0.0, "built_surface_mean": 1487.3472369256826, "population_sum": 0.0 }, "geometry": { "type": "Polygon", "coordinates": [ [ [ 31.353697087785381, 30.013847303171438 ], [ 31.353697087785381, 30.017736503319995 ], [ 31.358188664205979, 30.017736503319995 ], [ 31.358188664205979, 30.013847303171438 ], [ 31.353697087785381, 30.013847303171438 ] ] ] } },
{ "type": "Feature", "properties": { "zone_code": "NSR-GRID-353", "event_id": "evt_dry_009", "timestamp": "2024-02-20T00:00", "y_pred": 0.2383261865492407, "predicted_risk_class": "low", "rain_24h_mm": 0.0, "gpm_precipitation_sum": 0.0, "built_surface_mean": 2202.6179085520744, "population_sum": 0.0 }, "geometry": { "type": "Polygon", "coordinates": [ [ [ 31.358188664205979, 30.013847303171438 ], [ 31.358188664205979, 30.017736503319995 ], [ 31.362680240626577, 30.017736503319995 ], [ 31.362680240626577, 30.013847303171438 ], [ 31.358188664205979, 30.013847303171438 ] ] ] } },
{ "type": "Feature", "properties": { "zone_code": "NSR-GRID-354", "event_id": "evt_dry_009", "timestamp": "2024-02-20T00:00", "y_pred": 0.22163037038706079, "predicted_risk_class": "low", "rain_24h_mm": 0.0, "gpm_precipitation_sum": 0.0, "built_surface_mean": 1462.0635324015252, "population_sum": 0.0 }, "geometry": { "type": "Polygon", "coordinates": [ [ [ 31.362680240626577, 30.013847303171438 ], [ 31.362680240626577, 30.017736503319995 ], [ 31.367171817047169, 30.017736503319995 ], [ 31.367171817047169, 30.013847303171438 ], [ 31.362680240626577, 30.013847303171438 ] ] ] } },
{ "type": "Feature", "properties": { "zone_code": "NSR-GRID-355", "event_id": "evt_dry_009", "timestamp": "2024-02-20T00:00", "y_pred": 0.1023383848428181, "predicted_risk_class": "low", "rain_24h_mm": 0.0, "gpm_precipitation_sum": 0.0, "built_surface_mean": 169.99026248941578, "population_sum": 0.0 }, "geometry": { "type": "Polygon", "coordinates": [ [ [ 31.367171817047169, 30.013847303171438 ], [ 31.367171817047169, 30.017736503319995 ], [ 31.371663393467767, 30.017736503319995 ], [ 31.371663393467767, 30.013847303171438 ], [ 31.367171817047169, 30.013847303171438 ] ] ] } },
{ "type": "Feature", "properties": { "zone_code": "NSR-GRID-356", "event_id": "evt_dry_009", "timestamp": "2024-02-20T00:00", "y_pred": 0.1225396766644079, "predicted_risk_class": "low", "rain_24h_mm": 0.0, "gpm_precipitation_sum": 0.0, "built_surface_mean": 395.33658123278968, "population_sum": 0.0 }, "geometry": { "type": "Polygon", "coordinates": [ [ [ 31.371663393467767, 30.013847303171438 ], [ 31.371663393467767, 30.017736503319995 ], [ 31.376154969888365, 30.017736503319995 ], [ 31.376154969888365, 30.013847303171438 ], [ 31.371663393467767, 30.013847303171438 ] ] ] } },
{ "type": "Feature", "properties": { "zone_code": "NSR-GRID-357", "event_id": "evt_dry_009", "timestamp": "2024-02-20T00:00", "y_pred": 0.1168303426273188, "predicted_risk_class": "low", "rain_24h_mm": 0.0, "gpm_precipitation_sum": 0.0, "built_surface_mean": 496.52932458183381, "population_sum": 0.0 }, "geometry": { "type": "Polygon", "coordinates": [ [ [ 31.376154969888365, 30.013847303171438 ], [ 31.376154969888365, 30.017736503319995 ], [ 31.380646546308967, 30.017736503319995 ], [ 31.380646546308967, 30.013847303171438 ], [ 31.376154969888365, 30.013847303171438 ] ] ] } },
{ "type": "Feature", "properties": { "zone_code": "NSR-GRID-358", "event_id": "evt_dry_009", "timestamp": "2024-02-20T00:00", "y_pred": 0.22598761385499741, "predicted_risk_class": "low", "rain_24h_mm": 0.0, "gpm_precipitation_sum": 0.0, "built_surface_mean": 2231.0099491955971, "population_sum": 0.0 }, "geometry": { "type": "Polygon", "coordinates": [ [ [ 31.380646546308967, 30.013847303171438 ], [ 31.380646546308967, 30.017736503319995 ], [ 31.385138122729565, 30.017736503319995 ], [ 31.385138122729565, 30.013847303171438 ], [ 31.380646546308967, 30.013847303171438 ] ] ] } },
{ "type": "Feature", "properties": { "zone_code": "NSR-GRID-359", "event_id": "evt_dry_009", "timestamp": "2024-02-20T00:00", "y_pred": 0.30213944336913251, "predicted_risk_class": "low", "rain_24h_mm": 0.0, "gpm_precipitation_sum": 0.0, "built_surface_mean": 3382.8340038111373, "population_sum": 0.0 }, "geometry": { "type": "Polygon", "coordinates": [ [ [ 31.385138122729565, 30.013847303171438 ], [ 31.385138122729565, 30.017736503319995 ], [ 31.389629699150163, 30.017736503319995 ], [ 31.389629699150163, 30.013847303171438 ], [ 31.385138122729565, 30.013847303171438 ] ] ] } },
{ "type": "Feature", "properties": { "zone_code": "NSR-GRID-360", "event_id": "evt_dry_009", "timestamp": "2024-02-20T00:00", "y_pred": 0.096638562288985, "predicted_risk_class": "low", "rain_24h_mm": 0.0, "gpm_precipitation_sum": 0.0, "built_surface_mean": 313.94432684165969, "population_sum": 0.0 }, "geometry": { "type": "Polygon", "coordinates": [ [ [ 31.389629699150163, 30.013847303171438 ], [ 31.389629699150163, 30.017736503319995 ], [ 31.394121275570754, 30.017736503319995 ], [ 31.394121275570754, 30.013847303171438 ], [ 31.389629699150163, 30.013847303171438 ] ] ] } },
{ "type": "Feature", "properties": { "zone_code": "NSR-GRID-361", "event_id": "evt_dry_009", "timestamp": "2024-02-20T00:00", "y_pred": 0.095164364857172903, "predicted_risk_class": "low", "rain_24h_mm": 0.0, "gpm_precipitation_sum": 0.0, "built_surface_mean": 227.47491001482121, "population_sum": 0.0 }, "geometry": { "type": "Polygon", "coordinates": [ [ [ 31.394121275570754, 30.013847303171438 ], [ 31.394121275570754, 30.017736503319995 ], [ 31.398612851991352, 30.017736503319995 ], [ 31.398612851991352, 30.013847303171438 ], [ 31.394121275570754, 30.013847303171438 ] ] ] } },
{ "type": "Feature", "properties": { "zone_code": "NSR-GRID-362", "event_id": "evt_dry_009", "timestamp": "2024-02-20T00:00", "y_pred": 0.083746184099110998, "predicted_risk_class": "low", "rain_24h_mm": 0.0, "gpm_precipitation_sum": 0.0, "built_surface_mean": 453.06403162055341, "population_sum": 0.0 }, "geometry": { "type": "Polygon", "coordinates": [ [ [ 31.398612851991352, 30.009957950513442 ], [ 31.398612851991352, 30.013847303171438 ], [ 31.399984539621762, 30.013847303171438 ], [ 31.3999587, 30.0136461 ], [ 31.399653297949932, 30.009957950513442 ], [ 31.398612851991352, 30.009957950513442 ] ] ] } },
{ "type": "Feature", "properties": { "zone_code": "NSR-GRID-363", "event_id": "evt_dry_009", "timestamp": "2024-02-20T00:00", "y_pred": 0.27290575731762601, "predicted_risk_class": "low", "rain_24h_mm": 0.0, "gpm_precipitation_sum": 0.0, "built_surface_mean": 1788.9072345390898, "population_sum": 0.0 }, "geometry": { "type": "Polygon", "coordinates": [ [ [ 31.344713934944181, 30.013847303171438 ], [ 31.344713934944181, 30.009957950513442 ], [ 31.341145107727137, 30.009957950513442 ], [ 31.3412967, 30.0100454 ], [ 31.3419735, 30.0109517 ], [ 31.340817047780146, 30.013847303171438 ], [ 31.344713934944181, 30.013847303171438 ] ] ] } },
{ "type": "Feature", "properties": { "zone_code": "NSR-GRID-364", "event_id": "evt_dry_009", "timestamp": "2024-02-20T00:00", "y_pred": 0.36449118934007058, "predicted_risk_class": "medium", "rain_24h_mm": 0.0, "gpm_precipitation_sum": 0.0, "built_surface_mean": 3125.193179411141, "population_sum": 0.0 }, "geometry": { "type": "Polygon", "coordinates": [ [ [ 31.344713934944181, 30.009957950513442 ], [ 31.344713934944181, 30.013847303171438 ], [ 31.349205511364779, 30.013847303171438 ], [ 31.349205511364779, 30.009957950513442 ], [ 31.344713934944181, 30.009957950513442 ] ] ] } },
{ "type": "Feature", "properties": { "zone_code": "NSR-GRID-365", "event_id": "evt_dry_009", "timestamp": "2024-02-20T00:00", "y_pred": 0.2403993878587018, "predicted_risk_class": "low", "rain_24h_mm": 0.0, "gpm_precipitation_sum": 0.0, "built_surface_mean": 1371.7904661016946, "population_sum": 0.0 }, "geometry": { "type": "Polygon", "coordinates": [ [ [ 31.349205511364779, 30.009957950513442 ], [ 31.349205511364779, 30.013847303171438 ], [ 31.353697087785381, 30.013847303171438 ], [ 31.353697087785381, 30.009957950513442 ], [ 31.349205511364779, 30.009957950513442 ] ] ] } },
{ "type": "Feature", "properties": { "zone_code": "NSR-GRID-366", "event_id": "evt_dry_009", "timestamp": "2024-02-20T00:00", "y_pred": 0.10321741252781109, "predicted_risk_class": "low", "rain_24h_mm": 0.0, "gpm_precipitation_sum": 0.0, "built_surface_mean": 61.8595041322314, "population_sum": 0.0 }, "geometry": { "type": "Polygon", "coordinates": [ [ [ 31.353697087785381, 30.009957950513442 ], [ 31.353697087785381, 30.013847303171438 ], [ 31.358188664205979, 30.013847303171438 ], [ 31.358188664205979, 30.009957950513442 ], [ 31.353697087785381, 30.009957950513442 ] ] ] } },
{ "type": "Feature", "properties": { "zone_code": "NSR-GRID-367", "event_id": "evt_dry_009", "timestamp": "2024-02-20T00:00", "y_pred": 0.15540106627637959, "predicted_risk_class": "low", "rain_24h_mm": 0.0, "gpm_precipitation_sum": 0.0, "built_surface_mean": 824.75222363405317, "population_sum": 0.0 }, "geometry": { "type": "Polygon", "coordinates": [ [ [ 31.358188664205979, 30.009957950513442 ], [ 31.358188664205979, 30.013847303171438 ], [ 31.362680240626577, 30.013847303171438 ], [ 31.362680240626577, 30.009957950513442 ], [ 31.358188664205979, 30.009957950513442 ] ] ] } },
{ "type": "Feature", "properties": { "zone_code": "NSR-GRID-368", "event_id": "evt_dry_009", "timestamp": "2024-02-20T00:00", "y_pred": 0.1060012694501847, "predicted_risk_class": "low", "rain_24h_mm": 0.0, "gpm_precipitation_sum": 0.0, "built_surface_mean": 353.64146548072847, "population_sum": 0.0 }, "geometry": { "type": "Polygon", "coordinates": [ [ [ 31.362680240626577, 30.009957950513442 ], [ 31.362680240626577, 30.013847303171438 ], [ 31.367171817047169, 30.013847303171438 ], [ 31.367171817047169, 30.009957950513442 ], [ 31.362680240626577, 30.009957950513442 ] ] ] } },
{ "type": "Feature", "properties": { "zone_code": "NSR-GRID-369", "event_id": "evt_dry_009", "timestamp": "2024-02-20T00:00", "y_pred": 0.082419562866501997, "predicted_risk_class": "low", "rain_24h_mm": 0.0, "gpm_precipitation_sum": 0.0, "built_surface_mean": 15.67245394876138, "population_sum": 0.0 }, "geometry": { "type": "Polygon", "coordinates": [ [ [ 31.367171817047169, 30.009957950513442 ], [ 31.367171817047169, 30.013847303171438 ], [ 31.371663393467767, 30.013847303171438 ], [ 31.371663393467767, 30.009957950513442 ], [ 31.367171817047169, 30.009957950513442 ] ] ] } },
{ "type": "Feature", "properties": { "zone_code": "NSR-GRID-370", "event_id": "evt_dry_009", "timestamp": "2024-02-20T00:00", "y_pred": 0.053953095642501302, "predicted_risk_class": "low", "rain_24h_mm": 0.0, "gpm_precipitation_sum": 0.0, "built_surface_mean": 36.982627118644061, "population_sum": 0.0 }, "geometry": { "type": "Polygon", "coordinates": [ [ [ 31.371663393467767, 30.009957950513442 ], [ 31.371663393467767, 30.013847303171438 ], [ 31.376154969888365, 30.013847303171438 ], [ 31.376154969888365, 30.009957950513442 ], [ 31.371663393467767, 30.009957950513442 ] ] ] } },
{ "type": "Feature", "properties": { "zone_code": "NSR-GRID-371", "event_id": "evt_dry_009", "timestamp": "2024-02-20T00:00", "y_pred": 0.097109715828960899, "predicted_risk_class": "low", "rain_24h_mm": 0.0, "gpm_precipitation_sum": 0.0, "built_surface_mean": 48.557390936044051, "population_sum": 0.0 }, "geometry": { "type": "Polygon", "coordinates": [ [ [ 31.376154969888365, 30.009957950513442 ], [ 31.376154969888365, 30.013847303171438 ], [ 31.380646546308967, 30.013847303171438 ], [ 31.380646546308967, 30.009957950513442 ], [ 31.376154969888365, 30.009957950513442 ] ] ] } },
{ "type": "Feature", "properties": { "zone_code": "NSR-GRID-372", "event_id": "evt_dry_009", "timestamp": "2024-02-20T00:00", "y_pred": 0.13712861940349011, "predicted_risk_class": "low", "rain_24h_mm": 0.0, "gpm_precipitation_sum": 0.0, "built_surface_mean": 679.38919491525405, "population_sum": 0.0 }, "geometry": { "type": "Polygon", "coordinates": [ [ [ 31.380646546308967, 30.009957950513442 ], [ 31.380646546308967, 30.013847303171438 ], [ 31.385138122729565, 30.013847303171438 ], [ 31.385138122729565, 30.009957950513442 ], [ 31.380646546308967, 30.009957950513442 ] ] ] } },
{ "type": "Feature", "properties": { "zone_code": "NSR-GRID-373", "event_id": "evt_dry_009", "timestamp": "2024-02-20T00:00", "y_pred": 0.14276892644269759, "predicted_risk_class": "low", "rain_24h_mm": 0.0, "gpm_precipitation_sum": 0.0, "built_surface_mean": 899.39838948929844, "population_sum": 0.0 }, "geometry": { "type": "Polygon", "coordinates": [ [ [ 31.385138122729565, 30.009957950513442 ], [ 31.385138122729565, 30.013847303171438 ], [ 31.389629699150163, 30.013847303171438 ], [ 31.389629699150163, 30.009957950513442 ], [ 31.385138122729565, 30.009957950513442 ] ] ] } },
{ "type": "Feature", "properties": { "zone_code": "NSR-GRID-374", "event_id": "evt_dry_009", "timestamp": "2024-02-20T00:00", "y_pred": 0.0852583921494703, "predicted_risk_class": "low", "rain_24h_mm": 0.0, "gpm_precipitation_sum": 0.0, "built_surface_mean": 135.90591226954865, "population_sum": 0.0 }, "geometry": { "type": "Polygon", "coordinates": [ [ [ 31.389629699150163, 30.009957950513442 ], [ 31.389629699150163, 30.013847303171438 ], [ 31.394121275570754, 30.013847303171438 ], [ 31.394121275570754, 30.009957950513442 ], [ 31.389629699150163, 30.009957950513442 ] ] ] } },
{ "type": "Feature", "properties": { "zone_code": "NSR-GRID-375", "event_id": "evt_dry_009", "timestamp": "2024-02-20T00:00", "y_pred": 0.068309062677465004, "predicted_risk_class": "low", "rain_24h_mm": 0.0, "gpm_precipitation_sum": 0.0, "built_surface_mean": 0.27636594663278258, "population_sum": 0.0 }, "geometry": { "type": "Polygon", "coordinates": [ [ [ 31.394121275570754, 30.009957950513442 ], [ 31.394121275570754, 30.013847303171438 ], [ 31.398612851991352, 30.013847303171438 ], [ 31.398612851991352, 30.009957950513442 ], [ 31.394121275570754, 30.009957950513442 ] ] ] } },
{ "type": "Feature", "properties": { "zone_code": "NSR-GRID-376", "event_id": "evt_dry_009", "timestamp": "2024-02-20T00:00", "y_pred": 0.24505591486856099, "predicted_risk_class": "low", "rain_24h_mm": 0.0, "gpm_precipitation_sum": 0.0, "built_surface_mean": 1308.7562814070352, "population_sum": 0.0 }, "geometry": { "type": "Polygon", "coordinates": [ [ [ 31.344713934944181, 30.009957950513442 ], [ 31.344713934944181, 30.00963243951507 ], [ 31.3435519, 30.0096457 ], [ 31.3405123, 30.0095929 ], [ 31.341145107727137, 30.009957950513442 ], [ 31.344713934944181, 30.009957950513442 ] ] ] } },
{ "type": "Feature", "properties": { "zone_code": "NSR-GRID-377", "event_id": "evt_dry_009", "timestamp": "2024-02-20T00:00", "y_pred": 0.16475707303264869, "predicted_risk_class": "low", "rain_24h_mm": 0.0, "gpm_precipitation_sum": 0.0, "built_surface_mean": 1313.3030303030305, "population_sum": 0.0 }, "geometry": { "type": "Polygon", "coordinates": [ [ [ 31.344713934944181, 30.009957950513442 ], [ 31.349205511364779, 30.009957950513442 ], [ 31.349205511364779, 30.008919311273917 ], [ 31.3489258, 30.0096636 ], [ 31.3461195, 30.0096164 ], [ 31.344713934944181, 30.00963243951507 ], [ 31.344713934944181, 30.009957950513442 ] ] ] } },
{ "type": "Feature", "properties": { "zone_code": "NSR-GRID-378", "event_id": "evt_dry_009", "timestamp": "2024-02-20T00:00", "y_pred": 0.071639199515409105, "predicted_risk_class": "low", "rain_24h_mm": 0.0, "gpm_precipitation_sum": 0.0, "built_surface_mean": 0.50597176981541803, "population_sum": 0.0 }, "geometry": { "type": "Polygon", "coordinates": [ [ [ 31.358188664205979, 30.009957950513442 ], [ 31.362680240626577, 30.009957950513442 ], [ 31.362680240626577, 30.00646120411427 ], [ 31.3623201, 30.0064509 ], [ 31.3609711, 30.0094864 ], [ 31.358188664205979, 30.008570644526944 ], [ 31.358188664205979, 30.009957950513442 ] ] ] } },
{ "type": "Feature", "properties": { "zone_code": "NSR-GRID-379", "event_id": "evt_dry_009", "timestamp": "2024-02-20T00:00", "y_pred": 0.089505997597524006, "predicted_risk_class": "low", "rain_24h_mm": 0.0, "gpm_precipitation_sum": 0.0, "built_surface_mean": 817.88770053475935, "population_sum": 0.0 }, "geometry": { "type": "Polygon", "coordinates": [ [ [ 31.398612851991352, 30.009957950513442 ], [ 31.399653297949932, 30.009957950513442 ], [ 31.3996223, 30.0095836 ], [ 31.398612851991352, 30.00637475512131 ], [ 31.398612851991352, 30.009957950513442 ] ] ] } },
{ "type": "Feature", "properties": { "zone_code": "NSR-GRID-380", "event_id": "evt_dry_009", "timestamp": "2024-02-20T00:00", "y_pred": 0.085014368870779206, "predicted_risk_class": "low", "rain_24h_mm": 0.0, "gpm_precipitation_sum": 0.0, "built_surface_mean": 3.6543072205185374, "population_sum": 0.0 }, "geometry": { "type": "Polygon", "coordinates": [ [ [ 31.353697087785381, 30.006068445357947 ], [ 31.353697087785381, 30.009957950513442 ], [ 31.358188664205979, 30.009957950513442 ], [ 31.358188664205979, 30.008570644526944 ], [ 31.3570464, 30.008194700000011 ], [ 31.355206544243213, 30.006068445357947 ], [ 31.353697087785381, 30.006068445357947 ] ] ] } },
{ "type": "Feature", "properties": { "zone_code": "NSR-GRID-381", "event_id": "evt_dry_009", "timestamp": "2024-02-20T00:00", "y_pred": 0.032122385325123098, "predicted_risk_class": "low", "rain_24h_mm": 0.0, "gpm_precipitation_sum": 0.0, "built_surface_mean": 0.0, "population_sum": 0.0 }, "geometry": { "type": "Polygon", "coordinates": [ [ [ 31.362680240626577, 30.009957950513442 ], [ 31.367171817047169, 30.009957950513442 ], [ 31.367171817047169, 30.006589714148756 ], [ 31.362680240626577, 30.00646120411427 ], [ 31.362680240626577, 30.009957950513442 ] ] ] } },
{ "type": "Feature", "properties": { "zone_code": "NSR-GRID-382", "event_id": "evt_dry_009", "timestamp": "2024-02-20T00:00", "y_pred": 0.056134278867164301, "predicted_risk_class": "low", "rain_24h_mm": 0.0, "gpm_precipitation_sum": 0.0, "built_surface_mean": 0.0046687416629613001, "population_sum": 0.0 }, "geometry": { "type": "Polygon", "coordinates": [ [ [ 31.367171817047169, 30.009957950513442 ], [ 31.371663393467767, 30.009957950513442 ], [ 31.371663393467767, 30.006068445357947 ], [ 31.36972142083517, 30.006068445357947 ], [ 31.3697408, 30.0064635 ], [ 31.3682618, 30.0066209 ], [ 31.367171817047169, 30.006589714148756 ], [ 31.367171817047169, 30.009957950513442 ] ] ] } },
{ "type": "Feature", "properties": { "zone_code": "NSR-GRID-383", "event_id": "evt_dry_009", "timestamp": "2024-02-20T00:00", "y_pred": 0.1161381626417704, "predicted_risk_class": "low", "rain_24h_mm": 0.0, "gpm_precipitation_sum": 0.0, "built_surface_mean": 382.4624238320921, "population_sum": 0.0 }, "geometry": { "type": "Polygon", "coordinates": [ [ [ 31.349205511364779, 30.009957950513442 ], [ 31.353697087785381, 30.009957950513442 ], [ 31.353697087785381, 30.006068445357947 ], [ 31.350293764170146, 30.006068445357947 ], [ 31.350033, 30.0067174 ], [ 31.349205511364779, 30.008919311273917 ], [ 31.349205511364779, 30.009957950513442 ] ] ] } },
{ "type": "Feature", "properties": { "zone_code": "NSR-GRID-384", "event_id": "evt_dry_009", "timestamp": "2024-02-20T00:00", "y_pred": 0.068896643894872003, "predicted_risk_class": "low", "rain_24h_mm": 0.0, "gpm_precipitation_sum": 0.0, "built_surface_mean": 47.549917491749184, "population_sum": 0.0 }, "geometry": { "type": "Polygon", "coordinates": [ [ [ 31.394121275570754, 30.006068445357947 ], [ 31.394121275570754, 30.009957950513442 ], [ 31.398612851991352, 30.009957950513442 ], [ 31.398612851991352, 30.00637475512131 ], [ 31.398516493857947, 30.006068445357947 ], [ 31.394121275570754, 30.006068445357947 ] ] ] } },
{ "type": "Feature", "properties": { "zone_code": "NSR-GRID-385", "event_id": "evt_dry_009", "timestamp": "2024-02-20T00:00", "y_pred": 0.0257984234323849, "predicted_risk_class": "low", "rain_24h_mm": 0.0, "gpm_precipitation_sum": 0.0, "built_surface_mean": 0.042654028436018898, "population_sum": 0.0 }, "geometry": { "type": "Polygon", "coordinates": [ [ [ 31.371663393467767, 30.006068445357947 ], [ 31.371663393467767, 30.009957950513442 ], [ 31.376154969888365, 30.009957950513442 ], [ 31.376154969888365, 30.006068445357947 ], [ 31.371663393467767, 30.006068445357947 ] ] ] } },
{ "type": "Feature", "properties": { "zone_code": "NSR-GRID-386", "event_id": "evt_dry_009", "timestamp": "2024-02-20T00:00", "y_pred": 0.068915737027670607, "predicted_risk_class": "low", "rain_24h_mm": 0.0, "gpm_precipitation_sum": 0.0, "built_surface_mean": 0.28224145035022669, "population_sum": 0.0 }, "geometry": { "type": "Polygon", "coordinates": [ [ [ 31.376154969888365, 30.006068445357947 ], [ 31.376154969888365, 30.009957950513442 ], [ 31.380646546308967, 30.009957950513442 ], [ 31.380646546308967, 30.006068445357947 ], [ 31.376154969888365, 30.006068445357947 ] ] ] } },
{ "type": "Feature", "properties": { "zone_code": "NSR-GRID-387", "event_id": "evt_dry_009", "timestamp": "2024-02-20T00:00", "y_pred": 0.057942814004928699, "predicted_risk_class": "low", "rain_24h_mm": 0.0, "gpm_precipitation_sum": 0.0, "built_surface_mean": 0.0, "population_sum": 0.0 }, "geometry": { "type": "Polygon", "coordinates": [ [ [ 31.380646546308967, 30.006068445357947 ], [ 31.380646546308967, 30.009957950513442 ], [ 31.385138122729565, 30.009957950513442 ], [ 31.385138122729565, 30.006068445357947 ], [ 31.380646546308967, 30.006068445357947 ] ] ] } },
{ "type": "Feature", "properties": { "zone_code": "NSR-GRID-388", "event_id": "evt_dry_009", "timestamp": "2024-02-20T00:00", "y_pred": 0.069804025377531498, "predicted_risk_class": "low", "rain_24h_mm": 0.0, "gpm_precipitation_sum": 0.0, "built_surface_mean": 25.853668590272061, "population_sum": 0.0 }, "geometry": { "type": "Polygon", "coordinates": [ [ [ 31.385138122729565, 30.006068445357947 ], [ 31.385138122729565, 30.009957950513442 ], [ 31.389629699150163, 30.009957950513442 ], [ 31.389629699150163, 30.006068445357947 ], [ 31.385138122729565, 30.006068445357947 ] ] ] } },
{ "type": "Feature", "properties": { "zone_code": "NSR-GRID-389", "event_id": "evt_dry_009", "timestamp": "2024-02-20T00:00", "y_pred": 0.1065448142455806, "predicted_risk_class": "low", "rain_24h_mm": 0.0, "gpm_precipitation_sum": 0.0, "built_surface_mean": 515.85366859027204, "population_sum": 0.0 }, "geometry": { "type": "Polygon", "coordinates": [ [ [ 31.389629699150163, 30.006068445357947 ], [ 31.389629699150163, 30.009957950513442 ], [ 31.394121275570754, 30.009957950513442 ], [ 31.394121275570754, 30.006068445357947 ], [ 31.389629699150163, 30.006068445357947 ] ] ] } },
{ "type": "Feature", "properties": { "zone_code": "NSR-GRID-390", "event_id": "evt_dry_009", "timestamp": "2024-02-20T00:00", "y_pred": 0.0, "predicted_risk_class": "low", "rain_24h_mm": 0.0, "gpm_precipitation_sum": 0.0, "built_surface_mean": 2.3858520900321549, "population_sum": 0.0 }, "geometry": { "type": "Polygon", "coordinates": [ [ [ 31.353697087785381, 30.006068445357947 ], [ 31.355206544243213, 30.006068445357947 ], [ 31.354288, 30.0050069 ], [ 31.353697087785381, 30.004827975453527 ], [ 31.353697087785381, 30.006068445357947 ] ] ] } },
{ "type": "Feature", "properties": { "zone_code": "NSR-GRID-391", "event_id": "evt_dry_009", "timestamp": "2024-02-20T00:00", "y_pred": 0.073196814077196901, "predicted_risk_class": "low", "rain_24h_mm": 0.0, "gpm_precipitation_sum": 0.0, "built_surface_mean": 12.93731778425656, "population_sum": 0.0 }, "geometry": { "type": "Polygon", "coordinates": [ [ [ 31.353697087785381, 30.006068445357947 ], [ 31.353697087785381, 30.004827975453527 ], [ 31.3511073, 30.0040438 ], [ 31.350293764170146, 30.006068445357947 ], [ 31.353697087785381, 30.006068445357947 ] ] ] } },
{ "type": "Feature", "properties": { "zone_code": "NSR-GRID-392", "event_id": "evt_dry_009", "timestamp": "2024-02-20T00:00", "y_pred": 0.043130825856303297, "predicted_risk_class": "low", "rain_24h_mm": 0.0, "gpm_precipitation_sum": 0.0, "built_surface_mean": 28.5810324129652, "population_sum": 0.0 }, "geometry": { "type": "Polygon", "coordinates": [ [ [ 31.394121275570754, 30.002178787716911 ], [ 31.394121275570754, 30.006068445357947 ], [ 31.398516493857947, 30.006068445357947 ], [ 31.3984675, 30.0059127 ], [ 31.3973897, 30.0042056 ], [ 31.39590329365825, 30.002178787716911 ], [ 31.394121275570754, 30.002178787716911 ] ] ] } },
{ "type": "Feature", "properties": { "zone_code": "NSR-GRID-393", "event_id": "evt_dry_009", "timestamp": "2024-02-20T00:00", "y_pred": 0.030758507396836301, "predicted_risk_class": "low", "rain_24h_mm": 0.0, "gpm_precipitation_sum": 0.0, "built_surface_mean": 0.0, "population_sum": 0.0 }, "geometry": { "type": "Polygon", "coordinates": [ [ [ 31.371663393467767, 30.002178787716911 ], [ 31.371663393467767, 30.006068445357947 ], [ 31.376154969888365, 30.006068445357947 ], [ 31.376154969888365, 30.002178787716911 ], [ 31.371663393467767, 30.002178787716911 ] ] ] } },
{ "type": "Feature", "properties": { "zone_code": "NSR-GRID-394", "event_id": "evt_dry_009", "timestamp": "2024-02-20T00:00", "y_pred": 0.0181847642961924, "predicted_risk_class": "low", "rain_24h_mm": 0.0, "gpm_precipitation_sum": 0.0, "built_surface_mean": 0.0, "population_sum": 0.0 }, "geometry": { "type": "Polygon", "coordinates": [ [ [ 31.376154969888365, 30.002178787716911 ], [ 31.376154969888365, 30.006068445357947 ], [ 31.380646546308967, 30.006068445357947 ], [ 31.380646546308967, 30.002178787716911 ], [ 31.376154969888365, 30.002178787716911 ] ] ] } },
{ "type": "Feature", "properties": { "zone_code": "NSR-GRID-395", "event_id": "evt_dry_009", "timestamp": "2024-02-20T00:00", "y_pred": 0.015994627898764501, "predicted_risk_class": "low", "rain_24h_mm": 0.0, "gpm_precipitation_sum": 0.0, "built_surface_mean": 0.0, "population_sum": 0.0 }, "geometry": { "type": "Polygon", "coordinates": [ [ [ 31.380646546308967, 30.002178787716911 ], [ 31.380646546308967, 30.006068445357947 ], [ 31.385138122729565, 30.006068445357947 ], [ 31.385138122729565, 30.002178787716911 ], [ 31.380646546308967, 30.002178787716911 ] ] ] } },
{ "type": "Feature", "properties": { "zone_code": "NSR-GRID-396", "event_id": "evt_dry_009", "timestamp": "2024-02-20T00:00", "y_pred": 0.051265546615084902, "predicted_risk_class": "low", "rain_24h_mm": 0.0, "gpm_precipitation_sum": 0.0, "built_surface_mean": 0.0, "population_sum": 0.0 }, "geometry": { "type": "Polygon", "coordinates": [ [ [ 31.385138122729565, 30.002178787716911 ], [ 31.385138122729565, 30.006068445357947 ], [ 31.389629699150163, 30.006068445357947 ], [ 31.389629699150163, 30.002178787716911 ], [ 31.385138122729565, 30.002178787716911 ] ] ] } },
{ "type": "Feature", "properties": { "zone_code": "NSR-GRID-397", "event_id": "evt_dry_009", "timestamp": "2024-02-20T00:00", "y_pred": 0.033315608291963499, "predicted_risk_class": "low", "rain_24h_mm": 0.0, "gpm_precipitation_sum": 0.0, "built_surface_mean": 0.0, "population_sum": 0.0 }, "geometry": { "type": "Polygon", "coordinates": [ [ [ 31.389629699150163, 30.002178787716911 ], [ 31.389629699150163, 30.006068445357947 ], [ 31.394121275570754, 30.006068445357947 ], [ 31.394121275570754, 30.002178787716911 ], [ 31.389629699150163, 30.002178787716911 ] ] ] } },
{ "type": "Feature", "properties": { "zone_code": "NSR-GRID-398", "event_id": "evt_dry_009", "timestamp": "2024-02-20T00:00", "y_pred": 0.057216262259167198, "predicted_risk_class": "low", "rain_24h_mm": 0.0, "gpm_precipitation_sum": 0.0, "built_surface_mean": 0.0041608876560332003, "population_sum": 0.0 }, "geometry": { "type": "Polygon", "coordinates": [ [ [ 31.371663393467767, 30.006068445357947 ], [ 31.371663393467767, 30.002178787716911 ], [ 31.369477273169199, 30.002178787716911 ], [ 31.3696936, 30.0055013 ], [ 31.36972142083517, 30.006068445357947 ], [ 31.371663393467767, 30.006068445357947 ] ] ] } },
{ "type": "Feature", "properties": { "zone_code": "NSR-GRID-399", "event_id": "evt_dry_009", "timestamp": "2024-02-20T00:00", "y_pred": 0.024232890775462101, "predicted_risk_class": "low", "rain_24h_mm": 0.0, "gpm_precipitation_sum": 0.0, "built_surface_mean": 145.77722772277227, "population_sum": 0.0 }, "geometry": { "type": "Polygon", "coordinates": [ [ [ 31.394121275570754, 30.002178787716911 ], [ 31.39590329365825, 30.002178787716911 ], [ 31.3953018, 30.0013586 ], [ 31.394121275570754, 29.999753325882171 ], [ 31.394121275570754, 30.002178787716911 ] ] ] } },
{ "type": "Feature", "properties": { "zone_code": "NSR-GRID-400", "event_id": "evt_dry_009", "timestamp": "2024-02-20T00:00", "y_pred": 0.065735948089862994, "predicted_risk_class": "low", "rain_24h_mm": 0.0, "gpm_precipitation_sum": 0.0, "built_surface_mean": 4.6637837837837841, "population_sum": 0.0 }, "geometry": { "type": "Polygon", "coordinates": [ [ [ 31.389629699150163, 29.998288977602268 ], [ 31.389629699150163, 30.002178787716911 ], [ 31.394121275570754, 30.002178787716911 ], [ 31.394121275570754, 29.999753325882171 ], [ 31.3931751, 29.9984667 ], [ 31.392951301027818, 29.998288977602268 ], [ 31.389629699150163, 29.998288977602268 ] ] ] } },
{ "type": "Feature", "properties": { "zone_code": "NSR-GRID-401", "event_id": "evt_dry_009", "timestamp": "2024-02-20T00:00", "y_pred": 0.056078498452891201, "predicted_risk_class": "low", "rain_24h_mm": 0.0, "gpm_precipitation_sum": 0.0, "built_surface_mean": 0.0, "population_sum": 0.0 }, "geometry": { "type": "Polygon", "coordinates": [ [ [ 31.371663393467767, 29.998288977602268 ], [ 31.371663393467767, 30.002178787716911 ], [ 31.376154969888365, 30.002178787716911 ], [ 31.376154969888365, 29.998288977602268 ], [ 31.371663393467767, 29.998288977602268 ] ] ] } },
{ "type": "Feature", "properties": { "zone_code": "NSR-GRID-402", "event_id": "evt_dry_009", "timestamp": "2024-02-20T00:00", "y_pred": 0.027065099443855298, "predicted_risk_class": "low", "rain_24h_mm": 0.0, "gpm_precipitation_sum": 0.0, "built_surface_mean": 0.0, "population_sum": 0.0 }, "geometry": { "type": "Polygon", "coordinates": [ [ [ 31.376154969888365, 29.998288977602268 ], [ 31.376154969888365, 30.002178787716911 ], [ 31.380646546308967, 30.002178787716911 ], [ 31.380646546308967, 29.998288977602268 ], [ 31.376154969888365, 29.998288977602268 ] ] ] } },
{ "type": "Feature", "properties": { "zone_code": "NSR-GRID-403", "event_id": "evt_dry_009", "timestamp": "2024-02-20T00:00", "y_pred": 0.070645627035745798, "predicted_risk_class": "low", "rain_24h_mm": 0.0, "gpm_precipitation_sum": 0.0, "built_surface_mean": 0.0, "population_sum": 0.0 }, "geometry": { "type": "Polygon", "coordinates": [ [ [ 31.380646546308967, 29.998288977602268 ], [ 31.380646546308967, 30.002178787716911 ], [ 31.385138122729565, 30.002178787716911 ], [ 31.385138122729565, 29.998288977602268 ], [ 31.380646546308967, 29.998288977602268 ] ] ] } },
{ "type": "Feature", "properties": { "zone_code": "NSR-GRID-404", "event_id": "evt_dry_009", "timestamp": "2024-02-20T00:00", "y_pred": 0.0255450703525999, "predicted_risk_class": "low", "rain_24h_mm": 0.0, "gpm_precipitation_sum": 0.0, "built_surface_mean": 0.0, "population_sum": 0.0 }, "geometry": { "type": "Polygon", "coordinates": [ [ [ 31.385138122729565, 29.998288977602268 ], [ 31.385138122729565, 30.002178787716911 ], [ 31.389629699150163, 30.002178787716911 ], [ 31.389629699150163, 29.998288977602268 ], [ 31.385138122729565, 29.998288977602268 ] ] ] } },
{ "type": "Feature", "properties": { "zone_code": "NSR-GRID-405", "event_id": "evt_dry_009", "timestamp": "2024-02-20T00:00", "y_pred": 0.078153628572731601, "predicted_risk_class": "low", "rain_24h_mm": 0.0, "gpm_precipitation_sum": 0.0, "built_surface_mean": 0.0, "population_sum": 0.0 }, "geometry": { "type": "Polygon", "coordinates": [ [ [ 31.371663393467767, 30.002178787716911 ], [ 31.371663393467767, 29.998288977602268 ], [ 31.369224019112167, 29.998288977602268 ], [ 31.369477273169199, 30.002178787716911 ], [ 31.371663393467767, 30.002178787716911 ] ] ] } },
{ "type": "Feature", "properties": { "zone_code": "NSR-GRID-406", "event_id": "evt_dry_009", "timestamp": "2024-02-20T00:00", "y_pred": 0.0960147569963435, "predicted_risk_class": "low", "rain_24h_mm": 0.0, "gpm_precipitation_sum": 0.0, "built_surface_mean": 272.19616788321167, "population_sum": 0.0 }, "geometry": { "type": "Polygon", "coordinates": [ [ [ 31.389629699150163, 29.998288977602268 ], [ 31.392951301027818, 29.998288977602268 ], [ 31.3908883, 29.9966507 ], [ 31.389629699150163, 29.99608409464102 ], [ 31.389629699150163, 29.998288977602268 ] ] ] } },
{ "type": "Feature", "properties": { "zone_code": "NSR-GRID-407", "event_id": "evt_dry_009", "timestamp": "2024-02-20T00:00", "y_pred": 0.077284031249184898, "predicted_risk_class": "low", "rain_24h_mm": 0.0, "gpm_precipitation_sum": 0.0, "built_surface_mean": 221.85050609914359, "population_sum": 0.0 }, "geometry": { "type": "Polygon", "coordinates": [ [ [ 31.385138122729565, 29.994399015025984 ], [ 31.385138122729565, 29.998288977602268 ], [ 31.389629699150163, 29.998288977602268 ], [ 31.389629699150163, 29.99608409464102 ], [ 31.3871883, 29.994985 ], [ 31.385580431261879, 29.994399015025984 ], [ 31.385138122729565, 29.994399015025984 ] ] ] } },
{ "type": "Feature", "properties": { "zone_code": "NSR-GRID-408", "event_id": "evt_dry_009", "timestamp": "2024-02-20T00:00", "y_pred": 0.1060164987173766, "predicted_risk_class": "low", "rain_24h_mm": 0.0, "gpm_precipitation_sum": 0.0, "built_surface_mean": 0.0, "population_sum": 0.0 }, "geometry": { "type": "Polygon", "coordinates": [ [ [ 31.371663393467767, 29.994399015025984 ], [ 31.371663393467767, 29.998288977602268 ], [ 31.376154969888365, 29.998288977602268 ], [ 31.376154969888365, 29.994399015025984 ], [ 31.371663393467767, 29.994399015025984 ] ] ] } },
{ "type": "Feature", "properties": { "zone_code": "NSR-GRID-409", "event_id": "evt_dry_009", "timestamp": "2024-02-20T00:00", "y_pred": 0.090666360188515399, "predicted_risk_class": "low", "rain_24h_mm": 0.0, "gpm_precipitation_sum": 0.0, "built_surface_mean": 0.0, "population_sum": 0.0 }, "geometry": { "type": "Polygon", "coordinates": [ [ [ 31.376154969888365, 29.994399015025984 ], [ 31.376154969888365, 29.998288977602268 ], [ 31.380646546308967, 29.998288977602268 ], [ 31.380646546308967, 29.994399015025984 ], [ 31.376154969888365, 29.994399015025984 ] ] ] } },
{ "type": "Feature", "properties": { "zone_code": "NSR-GRID-410", "event_id": "evt_dry_009", "timestamp": "2024-02-20T00:00", "y_pred": 0.092266059177086496, "predicted_risk_class": "low", "rain_24h_mm": 0.0, "gpm_precipitation_sum": 0.0, "built_surface_mean": 7.772130453197799, "population_sum": 0.0 }, "geometry": { "type": "Polygon", "coordinates": [ [ [ 31.380646546308967, 29.994399015025984 ], [ 31.380646546308967, 29.998288977602268 ], [ 31.385138122729565, 29.998288977602268 ], [ 31.385138122729565, 29.994399015025984 ], [ 31.380646546308967, 29.994399015025984 ] ] ] } },
{ "type": "Feature", "properties": { "zone_code": "NSR-GRID-411", "event_id": "evt_dry_009", "timestamp": "2024-02-20T00:00", "y_pred": 0.0967227792176268, "predicted_risk_class": "low", "rain_24h_mm": 0.0, "gpm_precipitation_sum": 0.0, "built_surface_mean": 0.0, "population_sum": 0.0 }, "geometry": { "type": "Polygon", "coordinates": [ [ [ 31.371663393467767, 29.998288977602268 ], [ 31.371663393467767, 29.994399015025984 ], [ 31.369030453580805, 29.994399015025984 ], [ 31.3690788, 29.9961706 ], [ 31.3692132, 29.9981228 ], [ 31.369224019112167, 29.998288977602268 ], [ 31.371663393467767, 29.998288977602268 ] ] ] } },
{ "type": "Feature", "properties": { "zone_code": "NSR-GRID-412", "event_id": "evt_dry_009", "timestamp": "2024-02-20T00:00", "y_pred": 0.13297992773753739, "predicted_risk_class": "low", "rain_24h_mm": 0.0, "gpm_precipitation_sum": 0.0, "built_surface_mean": 633.0, "population_sum": 0.0 }, "geometry": { "type": "Polygon", "coordinates": [ [ [ 31.385138122729565, 29.994399015025984 ], [ 31.385580431261879, 29.994399015025984 ], [ 31.385138122729565, 29.994237815841501 ], [ 31.385138122729565, 29.994399015025984 ] ] ] } },
{ "type": "Feature", "properties": { "zone_code": "NSR-GRID-413", "event_id": "evt_dry_009", "timestamp": "2024-02-20T00:00", "y_pred": 0.12529347891209819, "predicted_risk_class": "low", "rain_24h_mm": 0.0, "gpm_precipitation_sum": 0.0, "built_surface_mean": 649.75407166123773, "population_sum": 0.0 }, "geometry": { "type": "Polygon", "coordinates": [ [ [ 31.380646546308967, 29.994399015025984 ], [ 31.385138122729565, 29.994399015025984 ], [ 31.385138122729565, 29.994237815841501 ], [ 31.3821193, 29.9931376 ], [ 31.380646546308967, 29.9925870657483 ], [ 31.380646546308967, 29.994399015025984 ] ] ] } },
{ "type": "Feature", "properties": { "zone_code": "NSR-GRID-414", "event_id": "evt_dry_009", "timestamp": "2024-02-20T00:00", "y_pred": 0.12677944488552539, "predicted_risk_class": "low", "rain_24h_mm": 0.0, "gpm_precipitation_sum": 0.0, "built_surface_mean": 350.28361858190709, "population_sum": 0.0 }, "geometry": { "type": "Polygon", "coordinates": [ [ [ 31.376154969888365, 29.994399015025984 ], [ 31.380646546308967, 29.994399015025984 ], [ 31.380646546308967, 29.9925870657483 ], [ 31.3766733, 29.9911018 ], [ 31.376154969888365, 29.991026025874007 ], [ 31.376154969888365, 29.994399015025984 ] ] ] } },
{ "type": "Feature", "properties": { "zone_code": "NSR-GRID-415", "event_id": "evt_dry_009", "timestamp": "2024-02-20T00:00", "y_pred": 0.080472292091313805, "predicted_risk_class": "low", "rain_24h_mm": 0.0, "gpm_precipitation_sum": 0.0, "built_surface_mean": 0.0, "population_sum": 0.0 }, "geometry": { "type": "Polygon", "coordinates": [ [ [ 31.371663393467767, 29.994399015025984 ], [ 31.371663393467767, 29.990845061595774 ], [ 31.3701475, 29.9913791 ], [ 31.3690002, 29.9932904 ], [ 31.369030453580805, 29.994399015025984 ], [ 31.371663393467767, 29.994399015025984 ] ] ] } },
{ "type": "Feature", "properties": { "zone_code": "NSR-GRID-416", "event_id": "evt_dry_009", "timestamp": "2024-02-20T00:00", "y_pred": 0.020370358563883299, "predicted_risk_class": "low", "rain_24h_mm": 0.0, "gpm_precipitation_sum": 0.0, "built_surface_mean": 2.4789076376554187, "population_sum": 0.0 }, "geometry": { "type": "Polygon", "coordinates": [ [ [ 31.371663393467767, 29.994399015025984 ], [ 31.376154969888365, 29.994399015025984 ], [ 31.376154969888365, 29.991026025874007 ], [ 31.3726176, 29.9905089 ], [ 31.371663393467767, 29.990845061595774 ], [ 31.371663393467767, 29.994399015025984 ] ] ] } }
]
}
