{
"type": "FeatureCollection",
"name": "live_weather_risk",
"crs": { "type": "name", "properties": { "name": "urn:ogc:def:crs:OGC:1.3:CRS84" } },
"features": [
{ "type": "Feature", "properties": { "zone_code": "NSR-GRID-001", "live_predicted_score": 0.55268778095264925, "live_risk_class": "medium", "rain_1h_mm": 0.0, "rain_3h_mm": 4.0, "rain_6h_mm": 8.0, "rain_24h_mm": 8.0, "max_precipitation_probability": 95.0, "source": "Open-Meteo Forecast API", "honesty_note": "Live predictions are model-estimated weather-impact risk scores, not verified flood incident labels." }, "geometry": { "type": "Polygon", "coordinates": [ [ [ 31.335730782102992, 30.083829560345315 ], [ 31.331239205682394, 30.083829560345315 ], [ 31.331239205682394, 30.084703272192819 ], [ 31.3330202, 30.0849553 ], [ 31.3344929, 30.0864727 ], [ 31.335730782102992, 30.08589819288575 ], [ 31.335730782102992, 30.083829560345315 ] ] ] } },
{ "type": "Feature", "properties": { "zone_code": "NSR-GRID-002", "live_predicted_score": 0.51697483719626025, "live_risk_class": "medium", "rain_1h_mm": 0.0, "rain_3h_mm": 4.0, "rain_6h_mm": 8.0, "rain_24h_mm": 8.0, "max_precipitation_probability": 95.0, "source": "Open-Meteo Forecast API", "honesty_note": "Live predictions are model-estimated weather-impact risk scores, not verified flood incident labels." }, "geometry": { "type": "Polygon", "coordinates": [ [ [ 31.335730782102992, 30.083829560345315 ], [ 31.335730782102992, 30.08589819288575 ], [ 31.3358566, 30.0858398 ], [ 31.3387371, 30.084446 ], [ 31.34002192159258, 30.083829560345315 ], [ 31.335730782102992, 30.083829560345315 ] ] ] } },
{ "type": "Feature", "properties": { "zone_code": "NSR-GRID-003", "live_predicted_score": 0.57651983283595309, "live_risk_class": "medium", "rain_1h_mm": 0.0, "rain_3h_mm": 4.0, "rain_6h_mm": 8.0, "rain_24h_mm": 8.0, "max_precipitation_probability": 95.0, "source": "Open-Meteo Forecast API", "honesty_note": "Live predictions are model-estimated weather-impact risk scores, not verified flood incident labels." }, "geometry": { "type": "Polygon", "coordinates": [ [ [ 31.326747629261792, 30.083829560345315 ], [ 31.322256052841194, 30.083829560345315 ], [ 31.322256052841194, 30.083962018114139 ], [ 31.3238021, 30.0848354 ], [ 31.3243457, 30.0845761 ], [ 31.3258647, 30.0840293 ], [ 31.326747629261792, 30.084110192873712 ], [ 31.326747629261792, 30.083829560345315 ] ] ] } },
{ "type": "Feature", "properties": { "zone_code": "NSR-GRID-004", "live_predicted_score": 0.52332473761652376, "live_risk_class": "medium", "rain_1h_mm": 0.0, "rain_3h_mm": 4.0, "rain_6h_mm": 8.0, "rain_24h_mm": 8.0, "max_precipitation_probability": 95.0, "source": "Open-Meteo Forecast API", "honesty_note": "Live predictions are model-estimated weather-impact risk scores, not verified flood incident labels." }, "geometry": { "type": "Polygon", "coordinates": [ [ [ 31.331239205682394, 30.083829560345315 ], [ 31.326747629261792, 30.083829560345315 ], [ 31.326747629261792, 30.084110192873712 ], [ 31.3276198, 30.0841901 ], [ 31.3299349, 30.0845187 ], [ 31.331239205682394, 30.084703272192819 ], [ 31.331239205682394, 30.083829560345315 ] ] ] } },
{ "type": "Feature", "properties": { "zone_code": "NSR-GRID-005", "live_predicted_score": 0.60541623201278438, "live_risk_class": "medium", "rain_1h_mm": 0.0, "rain_3h_mm": 4.0, "rain_6h_mm": 8.0, "rain_24h_mm": 8.0, "max_precipitation_probability": 95.0, "source": "Open-Meteo Forecast API", "honesty_note": "Live predictions are model-estimated weather-impact risk scores, not verified flood incident labels." }, "geometry": { "type": "Polygon", "coordinates": [ [ [ 31.322256052841194, 30.083829560345315 ], [ 31.322021579331782, 30.083829560345315 ], [ 31.322256052841194, 30.083962018114139 ], [ 31.322256052841194, 30.083829560345315 ] ] ] } },
{ "type": "Feature", "properties": { "zone_code": "NSR-GRID-006", "live_predicted_score": 0.62546389820616766, "live_risk_class": "medium", "rain_1h_mm": 0.0, "rain_3h_mm": 4.0, "rain_6h_mm": 8.0, "rain_24h_mm": 8.0, "max_precipitation_probability": 95.0, "source": "Open-Meteo Forecast API", "honesty_note": "Live predictions are model-estimated weather-impact risk scores, not verified flood incident labels." }, "geometry": { "type": "Polygon", "coordinates": [ [ [ 31.322256052841194, 30.079942954681194 ], [ 31.322256052841194, 30.083829560345315 ], [ 31.326747629261792, 30.083829560345315 ], [ 31.326747629261792, 30.079942954681194 ], [ 31.322256052841194, 30.079942954681194 ] ] ] } },
{ "type": "Feature", "properties": { "zone_code": "NSR-GRID-007", "live_predicted_score": 0.58446492131868677, "live_risk_class": "medium", "rain_1h_mm": 0.0, "rain_3h_mm": 4.0, "rain_6h_mm": 8.0, "rain_24h_mm": 8.0, "max_precipitation_probability": 95.0, "source": "Open-Meteo Forecast API", "honesty_note": "Live predictions are model-estimated weather-impact risk scores, not verified flood incident labels." }, "geometry": { "type": "Polygon", "coordinates": [ [ [ 31.326747629261792, 30.079942954681194 ], [ 31.326747629261792, 30.083829560345315 ], [ 31.331239205682394, 30.083829560345315 ], [ 31.331239205682394, 30.079942954681194 ], [ 31.326747629261792, 30.079942954681194 ] ] ] } },
{ "type": "Feature", "properties": { "zone_code": "NSR-GRID-008", "live_predicted_score": 0.52972542200327855, "live_risk_class": "medium", "rain_1h_mm": 0.0, "rain_3h_mm": 4.0, "rain_6h_mm": 8.0, "rain_24h_mm": 8.0, "max_precipitation_probability": 95.0, "source": "Open-Meteo Forecast API", "honesty_note": "Live predictions are model-estimated weather-impact risk scores, not verified flood incident labels." }, "geometry": { "type": "Polygon", "coordinates": [ [ [ 31.331239205682394, 30.079942954681194 ], [ 31.331239205682394, 30.083829560345315 ], [ 31.335730782102992, 30.083829560345315 ], [ 31.335730782102992, 30.079942954681194 ], [ 31.331239205682394, 30.079942954681194 ] ] ] } },
{ "type": "Feature", "properties": { "zone_code": "NSR-GRID-009", "live_predicted_score": 0.50903656793652885, "live_risk_class": "medium", "rain_1h_mm": 0.0, "rain_3h_mm": 4.0, "rain_6h_mm": 8.0, "rain_24h_mm": 8.0, "max_precipitation_probability": 95.0, "source": "Open-Meteo Forecast API", "honesty_note": "Live predictions are model-estimated weather-impact risk scores, not verified flood incident labels." }, "geometry": { "type": "Polygon", "coordinates": [ [ [ 31.340222358523583, 30.079942954681194 ], [ 31.335730782102992, 30.079942954681194 ], [ 31.335730782102992, 30.083829560345315 ], [ 31.34002192159258, 30.083829560345315 ], [ 31.340222358523583, 30.08373339312773 ], [ 31.340222358523583, 30.079942954681194 ] ] ] } },
{ "type": "Feature", "properties": { "zone_code": "NSR-GRID-010", "live_predicted_score": 0.56022128483495759, "live_risk_class": "medium", "rain_1h_mm": 0.0, "rain_3h_mm": 4.0, "rain_6h_mm": 8.0, "rain_24h_mm": 8.0, "max_precipitation_probability": 95.0, "source": "Open-Meteo Forecast API", "honesty_note": "Live predictions are model-estimated weather-impact risk scores, not verified flood incident labels." }, "geometry": { "type": "Polygon", "coordinates": [ [ [ 31.322256052841194, 30.083829560345315 ], [ 31.322256052841194, 30.079942954681194 ], [ 31.317764476420596, 30.079942954681194 ], [ 31.317764476420596, 30.081209989726094 ], [ 31.3178299, 30.0812632 ], [ 31.320839, 30.0831615 ], [ 31.322021579331782, 30.083829560345315 ], [ 31.322256052841194, 30.083829560345315 ] ] ] } },
{ "type": "Feature", "properties": { "zone_code": "NSR-GRID-011", "live_predicted_score": 0.49387102263825655, "live_risk_class": "medium", "rain_1h_mm": 0.0, "rain_3h_mm": 4.0, "rain_6h_mm": 8.0, "rain_24h_mm": 8.0, "max_precipitation_probability": 95.0, "source": "Open-Meteo Forecast API", "honesty_note": "Live predictions are model-estimated weather-impact risk scores, not verified flood incident labels." }, "geometry": { "type": "Polygon", "coordinates": [ [ [ 31.344713934944181, 30.079942954681194 ], [ 31.340222358523583, 30.079942954681194 ], [ 31.340222358523583, 30.08373339312773 ], [ 31.3416438, 30.0830514 ], [ 31.3445051, 30.0817069 ], [ 31.344713934944181, 30.081688966805682 ], [ 31.344713934944181, 30.079942954681194 ] ] ] } },
{ "type": "Feature", "properties": { "zone_code": "NSR-GRID-012", "live_predicted_score": 0.53596468933900843, "live_risk_class": "medium", "rain_1h_mm": 0.0, "rain_3h_mm": 4.0, "rain_6h_mm": 8.0, "rain_24h_mm": 8.0, "max_precipitation_probability": 95.0, "source": "Open-Meteo Forecast API", "honesty_note": "Live predictions are model-estimated weather-impact risk scores, not verified flood incident labels." }, "geometry": { "type": "Polygon", "coordinates": [ [ [ 31.349205511364779, 30.079942954681194 ], [ 31.344713934944181, 30.079942954681194 ], [ 31.344713934944181, 30.081688966805682 ], [ 31.3447578, 30.0816852 ], [ 31.3468277, 30.0813582 ], [ 31.349205511364779, 30.081134106167308 ], [ 31.349205511364779, 30.079942954681194 ] ] ] } },
{ "type": "Feature", "properties": { "zone_code": "NSR-GRID-013", "live_predicted_score": 0.53336076943442901, "live_risk_class": "medium", "rain_1h_mm": 0.0, "rain_3h_mm": 4.0, "rain_6h_mm": 8.0, "rain_24h_mm": 8.0, "max_precipitation_probability": 95.0, "source": "Open-Meteo Forecast API", "honesty_note": "Live predictions are model-estimated weather-impact risk scores, not verified flood incident labels." }, "geometry": { "type": "Polygon", "coordinates": [ [ [ 31.353697087785381, 30.079942954681194 ], [ 31.349205511364779, 30.079942954681194 ], [ 31.349205511364779, 30.081134106167308 ], [ 31.3516938, 30.0808996 ], [ 31.3529245, 30.0807838 ], [ 31.353697087785381, 30.080707809918284 ], [ 31.353697087785381, 30.079942954681194 ] ] ] } },
{ "type": "Feature", "properties": { "zone_code": "NSR-GRID-014", "live_predicted_score": 0.36064595874429339, "live_risk_class": "medium", "rain_1h_mm": 0.0, "rain_3h_mm": 4.0, "rain_6h_mm": 8.0, "rain_24h_mm": 8.0, "max_precipitation_probability": 95.0, "source": "Open-Meteo Forecast API", "honesty_note": "Live predictions are model-estimated weather-impact risk scores, not verified flood incident labels." }, "geometry": { "type": "Polygon", "coordinates": [ [ [ 31.41208758125315, 30.079942954681194 ], [ 31.407596004832552, 30.079942954681194 ], [ 31.407596004832552, 30.080918626043523 ], [ 31.4103742, 30.0808662 ], [ 31.41208758125315, 30.080730635579286 ], [ 31.41208758125315, 30.079942954681194 ] ] ] } },
{ "type": "Feature", "properties": { "zone_code": "NSR-GRID-015", "live_predicted_score": 0.35049111431111124, "live_risk_class": "medium", "rain_1h_mm": 0.0, "rain_3h_mm": 4.0, "rain_6h_mm": 8.0, "rain_24h_mm": 8.0, "max_precipitation_probability": 95.0, "source": "Open-Meteo Forecast API", "honesty_note": "Live predictions are model-estimated weather-impact risk scores, not verified flood incident labels." }, "geometry": { "type": "Polygon", "coordinates": [ [ [ 31.407596004832552, 30.079942954681194 ], [ 31.403104428411954, 30.079942954681194 ], [ 31.403104428411954, 30.080723258092874 ], [ 31.4067654, 30.0809343 ], [ 31.407596004832552, 30.080918626043523 ], [ 31.407596004832552, 30.079942954681194 ] ] ] } },
{ "type": "Feature", "properties": { "zone_code": "NSR-GRID-016", "live_predicted_score": 0.40948582276973172, "live_risk_class": "medium", "rain_1h_mm": 0.0, "rain_3h_mm": 4.0, "rain_6h_mm": 8.0, "rain_24h_mm": 8.0, "max_precipitation_probability": 95.0, "source": "Open-Meteo Forecast API", "honesty_note": "Live predictions are model-estimated weather-impact risk scores, not verified flood incident labels." }, "geometry": { "type": "Polygon", "coordinates": [ [ [ 31.317764476420596, 30.079942954681194 ], [ 31.316206630377078, 30.079942954681194 ], [ 31.317764476420596, 30.081209989726094 ], [ 31.317764476420596, 30.079942954681194 ] ] ] } },
{ "type": "Feature", "properties": { "zone_code": "NSR-GRID-017", "live_predicted_score": 0.41978810015156609, "live_risk_class": "medium", "rain_1h_mm": 0.0, "rain_3h_mm": 4.0, "rain_6h_mm": 8.0, "rain_24h_mm": 8.0, "max_precipitation_probability": 95.0, "source": "Open-Meteo Forecast API", "honesty_note": "Live predictions are model-estimated weather-impact risk scores, not verified flood incident labels." }, "geometry": { "type": "Polygon", "coordinates": [ [ [ 31.403104428411954, 30.079942954681194 ], [ 31.398612851991352, 30.079942954681194 ], [ 31.398612851991352, 30.080440135059103 ], [ 31.3994916, 30.080495899999985 ], [ 31.4030774, 30.0807217 ], [ 31.403104428411954, 30.080723258092874 ], [ 31.403104428411954, 30.079942954681194 ] ] ] } },
{ "type": "Feature", "properties": { "zone_code": "NSR-GRID-018", "live_predicted_score": 0.34646228048130223, "live_risk_class": "medium", "rain_1h_mm": 0.0, "rain_3h_mm": 4.0, "rain_6h_mm": 8.0, "rain_24h_mm": 8.0, "max_precipitation_probability": 95.0, "source": "Open-Meteo Forecast API", "honesty_note": "Live predictions are model-estimated weather-impact risk scores, not verified flood incident labels." }, "geometry": { "type": "Polygon", "coordinates": [ [ [ 31.416579157673748, 30.079942954681194 ], [ 31.41208758125315, 30.079942954681194 ], [ 31.41208758125315, 30.080730635579286 ], [ 31.413314, 30.0806336 ], [ 31.416579157673748, 30.080023009105005 ], [ 31.416579157673748, 30.079942954681194 ] ] ] } },
{ "type": "Feature", "properties": { "zone_code": "NSR-GRID-019", "live_predicted_score": 0.5419951740715061, "live_risk_class": "medium", "rain_1h_mm": 0.0, "rain_3h_mm": 4.0, "rain_6h_mm": 8.0, "rain_24h_mm": 8.0, "max_precipitation_probability": 95.0, "source": "Open-Meteo Forecast API", "honesty_note": "Live predictions are model-estimated weather-impact risk scores, not verified flood incident labels." }, "geometry": { "type": "Polygon", "coordinates": [ [ [ 31.358188664205979, 30.079942954681194 ], [ 31.353697087785381, 30.079942954681194 ], [ 31.353697087785381, 30.080707809918284 ], [ 31.358188664205979, 30.080266026914554 ], [ 31.358188664205979, 30.079942954681194 ] ] ] } },
{ "type": "Feature", "properties": { "zone_code": "NSR-GRID-020", "live_predicted_score": 0.29171006309064185, "live_risk_class": "low", "rain_1h_mm": 0.0, "rain_3h_mm": 4.0, "rain_6h_mm": 8.0, "rain_24h_mm": 8.0, "max_precipitation_probability": 95.0, "source": "Open-Meteo Forecast API", "honesty_note": "Live predictions are model-estimated weather-impact risk scores, not verified flood incident labels." }, "geometry": { "type": "Polygon", "coordinates": [ [ [ 31.398612851991352, 30.079942954681194 ], [ 31.394121275570754, 30.079942954681194 ], [ 31.394121275570754, 30.080153360695039 ], [ 31.3947957, 30.0801979 ], [ 31.398612851991352, 30.080440135059103 ], [ 31.398612851991352, 30.079942954681194 ] ] ] } },
{ "type": "Feature", "properties": { "zone_code": "NSR-GRID-021", "live_predicted_score": 0.45233436285524248, "live_risk_class": "medium", "rain_1h_mm": 0.0, "rain_3h_mm": 4.0, "rain_6h_mm": 8.0, "rain_24h_mm": 8.0, "max_precipitation_probability": 95.0, "source": "Open-Meteo Forecast API", "honesty_note": "Live predictions are model-estimated weather-impact risk scores, not verified flood incident labels." }, "geometry": { "type": "Polygon", "coordinates": [ [ [ 31.358188664205979, 30.079942954681194 ], [ 31.358188664205979, 30.080266026914554 ], [ 31.3587105, 30.0802147 ], [ 31.360666932153229, 30.079942954681194 ], [ 31.358188664205979, 30.079942954681194 ] ] ] } },
{ "type": "Feature", "properties": { "zone_code": "NSR-GRID-022", "live_predicted_score": 0.39813825506009032, "live_risk_class": "medium", "rain_1h_mm": 0.0, "rain_3h_mm": 4.0, "rain_6h_mm": 8.0, "rain_24h_mm": 8.0, "max_precipitation_probability": 95.0, "source": "Open-Meteo Forecast API", "honesty_note": "Live predictions are model-estimated weather-impact risk scores, not verified flood incident labels." }, "geometry": { "type": "Polygon", "coordinates": [ [ [ 31.394121275570754, 30.079942954681194 ], [ 31.390935263282209, 30.079942954681194 ], [ 31.394121275570754, 30.080153360695039 ], [ 31.394121275570754, 30.079942954681194 ] ] ] } },
{ "type": "Feature", "properties": { "zone_code": "NSR-GRID-023", "live_predicted_score": 0.26099643105996329, "live_risk_class": "low", "rain_1h_mm": 0.0, "rain_3h_mm": 4.0, "rain_6h_mm": 8.0, "rain_24h_mm": 8.0, "max_precipitation_probability": 95.0, "source": "Open-Meteo Forecast API", "honesty_note": "Live predictions are model-estimated weather-impact risk scores, not verified flood incident labels." }, "geometry": { "type": "Polygon", "coordinates": [ [ [ 31.416579157673748, 30.079942954681194 ], [ 31.416579157673748, 30.080023009105005 ], [ 31.4166145, 30.0800164 ], [ 31.416923198824446, 30.079942954681194 ], [ 31.416579157673748, 30.079942954681194 ] ] ] } },
{ "type": "Feature", "properties": { "zone_code": "NSR-GRID-024", "live_predicted_score": 0.55626539246959739, "live_risk_class": "medium", "rain_1h_mm": 0.0, "rain_3h_mm": 4.0, "rain_6h_mm": 8.0, "rain_24h_mm": 8.0, "max_precipitation_probability": 95.0, "source": "Open-Meteo Forecast API", "honesty_note": "Live predictions are model-estimated weather-impact risk scores, not verified flood incident labels." }, "geometry": { "type": "Polygon", "coordinates": [ [ [ 31.317764476420596, 30.07605619630511 ], [ 31.317764476420596, 30.079942954681194 ], [ 31.322256052841194, 30.079942954681194 ], [ 31.322256052841194, 30.07605619630511 ], [ 31.317764476420596, 30.07605619630511 ] ] ] } },
{ "type": "Feature", "properties": { "zone_code": "NSR-GRID-025", "live_predicted_score": 0.55245863128269024, "live_risk_class": "medium", "rain_1h_mm": 0.0, "rain_3h_mm": 4.0, "rain_6h_mm": 8.0, "rain_24h_mm": 8.0, "max_precipitation_probability": 95.0, "source": "Open-Meteo Forecast API", "honesty_note": "Live predictions are model-estimated weather-impact risk scores, not verified flood incident labels." }, "geometry": { "type": "Polygon", "coordinates": [ [ [ 31.322256052841194, 30.07605619630511 ], [ 31.322256052841194, 30.079942954681194 ], [ 31.326747629261792, 30.079942954681194 ], [ 31.326747629261792, 30.07605619630511 ], [ 31.322256052841194, 30.07605619630511 ] ] ] } },
{ "type": "Feature", "properties": { "zone_code": "NSR-GRID-026", "live_predicted_score": 0.47401971061646747, "live_risk_class": "medium", "rain_1h_mm": 0.0, "rain_3h_mm": 4.0, "rain_6h_mm": 8.0, "rain_24h_mm": 8.0, "max_precipitation_probability": 95.0, "source": "Open-Meteo Forecast API", "honesty_note": "Live predictions are model-estimated weather-impact risk scores, not verified flood incident labels." }, "geometry": { "type": "Polygon", "coordinates": [ [ [ 31.326747629261792, 30.07605619630511 ], [ 31.326747629261792, 30.079942954681194 ], [ 31.331239205682394, 30.079942954681194 ], [ 31.331239205682394, 30.07605619630511 ], [ 31.326747629261792, 30.07605619630511 ] ] ] } },
{ "type": "Feature", "properties": { "zone_code": "NSR-GRID-027", "live_predicted_score": 0.56553689951283515, "live_risk_class": "medium", "rain_1h_mm": 0.0, "rain_3h_mm": 4.0, "rain_6h_mm": 8.0, "rain_24h_mm": 8.0, "max_precipitation_probability": 95.0, "source": "Open-Meteo Forecast API", "honesty_note": "Live predictions are model-estimated weather-impact risk scores, not verified flood incident labels." }, "geometry": { "type": "Polygon", "coordinates": [ [ [ 31.331239205682394, 30.07605619630511 ], [ 31.331239205682394, 30.079942954681194 ], [ 31.335730782102992, 30.079942954681194 ], [ 31.335730782102992, 30.07605619630511 ], [ 31.331239205682394, 30.07605619630511 ] ] ] } },
{ "type": "Feature", "properties": { "zone_code": "NSR-GRID-028", "live_predicted_score": 0.50757976414812944, "live_risk_class": "medium", "rain_1h_mm": 0.0, "rain_3h_mm": 4.0, "rain_6h_mm": 8.0, "rain_24h_mm": 8.0, "max_precipitation_probability": 95.0, "source": "Open-Meteo Forecast API", "honesty_note": "Live predictions are model-estimated weather-impact risk scores, not verified flood incident labels." }, "geometry": { "type": "Polygon", "coordinates": [ [ [ 31.335730782102992, 30.07605619630511 ], [ 31.335730782102992, 30.079942954681194 ], [ 31.340222358523583, 30.079942954681194 ], [ 31.340222358523583, 30.07605619630511 ], [ 31.335730782102992, 30.07605619630511 ] ] ] } },
{ "type": "Feature", "properties": { "zone_code": "NSR-GRID-029", "live_predicted_score": 0.50147739935165569, "live_risk_class": "medium", "rain_1h_mm": 0.0, "rain_3h_mm": 4.0, "rain_6h_mm": 8.0, "rain_24h_mm": 8.0, "max_precipitation_probability": 95.0, "source": "Open-Meteo Forecast API", "honesty_note": "Live predictions are model-estimated weather-impact risk scores, not verified flood incident labels." }, "geometry": { "type": "Polygon", "coordinates": [ [ [ 31.340222358523583, 30.07605619630511 ], [ 31.340222358523583, 30.079942954681194 ], [ 31.344713934944181, 30.079942954681194 ], [ 31.344713934944181, 30.07605619630511 ], [ 31.340222358523583, 30.07605619630511 ] ] ] } },
{ "type": "Feature", "properties": { "zone_code": "NSR-GRID-030", "live_predicted_score": 0.50721337762285401, "live_risk_class": "medium", "rain_1h_mm": 0.0, "rain_3h_mm": 4.0, "rain_6h_mm": 8.0, "rain_24h_mm": 8.0, "max_precipitation_probability": 95.0, "source": "Open-Meteo Forecast API", "honesty_note": "Live predictions are model-estimated weather-impact risk scores, not verified flood incident labels." }, "geometry": { "type": "Polygon", "coordinates": [ [ [ 31.344713934944181, 30.07605619630511 ], [ 31.344713934944181, 30.079942954681194 ], [ 31.349205511364779, 30.079942954681194 ], [ 31.349205511364779, 30.07605619630511 ], [ 31.344713934944181, 30.07605619630511 ] ] ] } },
{ "type": "Feature", "properties": { "zone_code": "NSR-GRID-031", "live_predicted_score": 0.4131968732797367, "live_risk_class": "medium", "rain_1h_mm": 0.0, "rain_3h_mm": 4.0, "rain_6h_mm": 8.0, "rain_24h_mm": 8.0, "max_precipitation_probability": 95.0, "source": "Open-Meteo Forecast API", "honesty_note": "Live predictions are model-estimated weather-impact risk scores, not verified flood incident labels." }, "geometry": { "type": "Polygon", "coordinates": [ [ [ 31.349205511364779, 30.07605619630511 ], [ 31.349205511364779, 30.079942954681194 ], [ 31.353697087785381, 30.079942954681194 ], [ 31.353697087785381, 30.07605619630511 ], [ 31.349205511364779, 30.07605619630511 ] ] ] } },
{ "type": "Feature", "properties": { "zone_code": "NSR-GRID-032", "live_predicted_score": 0.54078454250045449, "live_risk_class": "medium", "rain_1h_mm": 0.0, "rain_3h_mm": 4.0, "rain_6h_mm": 8.0, "rain_24h_mm": 8.0, "max_precipitation_probability": 95.0, "source": "Open-Meteo Forecast API", "honesty_note": "Live predictions are model-estimated weather-impact risk scores, not verified flood incident labels." }, "geometry": { "type": "Polygon", "coordinates": [ [ [ 31.353697087785381, 30.07605619630511 ], [ 31.353697087785381, 30.079942954681194 ], [ 31.358188664205979, 30.079942954681194 ], [ 31.358188664205979, 30.07605619630511 ], [ 31.353697087785381, 30.07605619630511 ] ] ] } },
{ "type": "Feature", "properties": { "zone_code": "NSR-GRID-033", "live_predicted_score": 0.30346596484322969, "live_risk_class": "low", "rain_1h_mm": 0.0, "rain_3h_mm": 4.0, "rain_6h_mm": 8.0, "rain_24h_mm": 8.0, "max_precipitation_probability": 95.0, "source": "Open-Meteo Forecast API", "honesty_note": "Live predictions are model-estimated weather-impact risk scores, not verified flood incident labels." }, "geometry": { "type": "Polygon", "coordinates": [ [ [ 31.394121275570754, 30.07605619630511 ], [ 31.394121275570754, 30.079942954681194 ], [ 31.398612851991352, 30.079942954681194 ], [ 31.398612851991352, 30.07605619630511 ], [ 31.394121275570754, 30.07605619630511 ] ] ] } },
{ "type": "Feature", "properties": { "zone_code": "NSR-GRID-034", "live_predicted_score": 0.38376140769829392, "live_risk_class": "medium", "rain_1h_mm": 0.0, "rain_3h_mm": 4.0, "rain_6h_mm": 8.0, "rain_24h_mm": 8.0, "max_precipitation_probability": 95.0, "source": "Open-Meteo Forecast API", "honesty_note": "Live predictions are model-estimated weather-impact risk scores, not verified flood incident labels." }, "geometry": { "type": "Polygon", "coordinates": [ [ [ 31.398612851991352, 30.07605619630511 ], [ 31.398612851991352, 30.079942954681194 ], [ 31.403104428411954, 30.079942954681194 ], [ 31.403104428411954, 30.07605619630511 ], [ 31.398612851991352, 30.07605619630511 ] ] ] } },
{ "type": "Feature", "properties": { "zone_code": "NSR-GRID-035", "live_predicted_score": 0.33806382465920237, "live_risk_class": "medium", "rain_1h_mm": 0.0, "rain_3h_mm": 4.0, "rain_6h_mm": 8.0, "rain_24h_mm": 8.0, "max_precipitation_probability": 95.0, "source": "Open-Meteo Forecast API", "honesty_note": "Live predictions are model-estimated weather-impact risk scores, not verified flood incident labels." }, "geometry": { "type": "Polygon", "coordinates": [ [ [ 31.403104428411954, 30.07605619630511 ], [ 31.403104428411954, 30.079942954681194 ], [ 31.407596004832552, 30.079942954681194 ], [ 31.407596004832552, 30.07605619630511 ], [ 31.403104428411954, 30.07605619630511 ] ] ] } },
{ "type": "Feature", "properties": { "zone_code": "NSR-GRID-036", "live_predicted_score": 0.29319579893782111, "live_risk_class": "low", "rain_1h_mm": 0.0, "rain_3h_mm": 4.0, "rain_6h_mm": 8.0, "rain_24h_mm": 8.0, "max_precipitation_probability": 95.0, "source": "Open-Meteo Forecast API", "honesty_note": "Live predictions are model-estimated weather-impact risk scores, not verified flood incident labels." }, "geometry": { "type": "Polygon", "coordinates": [ [ [ 31.407596004832552, 30.07605619630511 ], [ 31.407596004832552, 30.079942954681194 ], [ 31.41208758125315, 30.079942954681194 ], [ 31.41208758125315, 30.07605619630511 ], [ 31.407596004832552, 30.07605619630511 ] ] ] } },
{ "type": "Feature", "properties": { "zone_code": "NSR-GRID-037", "live_predicted_score": 0.3698235781332006, "live_risk_class": "medium", "rain_1h_mm": 0.0, "rain_3h_mm": 4.0, "rain_6h_mm": 8.0, "rain_24h_mm": 8.0, "max_precipitation_probability": 95.0, "source": "Open-Meteo Forecast API", "honesty_note": "Live predictions are model-estimated weather-impact risk scores, not verified flood incident labels." }, "geometry": { "type": "Polygon", "coordinates": [ [ [ 31.41208758125315, 30.07605619630511 ], [ 31.41208758125315, 30.079942954681194 ], [ 31.416579157673748, 30.079942954681194 ], [ 31.416579157673748, 30.07605619630511 ], [ 31.41208758125315, 30.07605619630511 ] ] ] } },
{ "type": "Feature", "properties": { "zone_code": "NSR-GRID-038", "live_predicted_score": 0.4300687966468732, "live_risk_class": "medium", "rain_1h_mm": 0.0, "rain_3h_mm": 4.0, "rain_6h_mm": 8.0, "rain_24h_mm": 8.0, "max_precipitation_probability": 95.0, "source": "Open-Meteo Forecast API", "honesty_note": "Live predictions are model-estimated weather-impact risk scores, not verified flood incident labels." }, "geometry": { "type": "Polygon", "coordinates": [ [ [ 31.394121275570754, 30.079942954681194 ], [ 31.394121275570754, 30.07605619630511 ], [ 31.389629699150163, 30.07605619630511 ], [ 31.389629699150163, 30.079856958668557 ], [ 31.3897912, 30.0798674 ], [ 31.390935263282209, 30.079942954681194 ], [ 31.394121275570754, 30.079942954681194 ] ] ] } },
{ "type": "Feature", "properties": { "zone_code": "NSR-GRID-039", "live_predicted_score": 0.50250420209745361, "live_risk_class": "medium", "rain_1h_mm": 0.0, "rain_3h_mm": 4.0, "rain_6h_mm": 8.0, "rain_24h_mm": 8.0, "max_precipitation_probability": 95.0, "source": "Open-Meteo Forecast API", "honesty_note": "Live predictions are model-estimated weather-impact risk scores, not verified flood incident labels." }, "geometry": { "type": "Polygon", "coordinates": [ [ [ 31.362680240626577, 30.07605619630511 ], [ 31.358188664205979, 30.07605619630511 ], [ 31.358188664205979, 30.079942954681194 ], [ 31.360666932153229, 30.079942954681194 ], [ 31.362680240626577, 30.079663308552469 ], [ 31.362680240626577, 30.07605619630511 ] ] ] } },
{ "type": "Feature", "properties": { "zone_code": "NSR-GRID-040", "live_predicted_score": 0.42218889624219286, "live_risk_class": "medium", "rain_1h_mm": 0.0, "rain_3h_mm": 4.0, "rain_6h_mm": 8.0, "rain_24h_mm": 8.0, "max_precipitation_probability": 95.0, "source": "Open-Meteo Forecast API", "honesty_note": "Live predictions are model-estimated weather-impact risk scores, not verified flood incident labels." }, "geometry": { "type": "Polygon", "coordinates": [ [ [ 31.389629699150163, 30.07605619630511 ], [ 31.385138122729565, 30.07605619630511 ], [ 31.385138122729565, 30.079566569426436 ], [ 31.389629699150163, 30.079856958668557 ], [ 31.389629699150163, 30.07605619630511 ] ] ] } },
{ "type": "Feature", "properties": { "zone_code": "NSR-GRID-041", "live_predicted_score": 0.54600058877531421, "live_risk_class": "medium", "rain_1h_mm": 0.0, "rain_3h_mm": 4.0, "rain_6h_mm": 8.0, "rain_24h_mm": 8.0, "max_precipitation_probability": 95.0, "source": "Open-Meteo Forecast API", "honesty_note": "Live predictions are model-estimated weather-impact risk scores, not verified flood incident labels." }, "geometry": { "type": "Polygon", "coordinates": [ [ [ 31.317764476420596, 30.079942954681194 ], [ 31.317764476420596, 30.07605619630511 ], [ 31.314558855243369, 30.07605619630511 ], [ 31.3132729, 30.0777836 ], [ 31.3136103, 30.07801520000001 ], [ 31.3158698, 30.079669 ], [ 31.316206630377078, 30.079942954681194 ], [ 31.317764476420596, 30.079942954681194 ] ] ] } },
{ "type": "Feature", "properties": { "zone_code": "NSR-GRID-042", "live_predicted_score": 0.32483739866364714, "live_risk_class": "low", "rain_1h_mm": 0.0, "rain_3h_mm": 4.0, "rain_6h_mm": 8.0, "rain_24h_mm": 8.0, "max_precipitation_probability": 95.0, "source": "Open-Meteo Forecast API", "honesty_note": "Live predictions are model-estimated weather-impact risk scores, not verified flood incident labels." }, "geometry": { "type": "Polygon", "coordinates": [ [ [ 31.421070734094339, 30.07605619630511 ], [ 31.416579157673748, 30.07605619630511 ], [ 31.416579157673748, 30.079942954681194 ], [ 31.416923198824446, 30.079942954681194 ], [ 31.4207474, 30.0790331 ], [ 31.421070734094339, 30.078964837935398 ], [ 31.421070734094339, 30.07605619630511 ] ] ] } },
{ "type": "Feature", "properties": { "zone_code": "NSR-GRID-043", "live_predicted_score": 0.45861351359311148, "live_risk_class": "medium", "rain_1h_mm": 0.0, "rain_3h_mm": 4.0, "rain_6h_mm": 8.0, "rain_24h_mm": 8.0, "max_precipitation_probability": 95.0, "source": "Open-Meteo Forecast API", "honesty_note": "Live predictions are model-estimated weather-impact risk scores, not verified flood incident labels." }, "geometry": { "type": "Polygon", "coordinates": [ [ [ 31.367171817047169, 30.07605619630511 ], [ 31.362680240626577, 30.07605619630511 ], [ 31.362680240626577, 30.079663308552469 ], [ 31.3643333, 30.0794337 ], [ 31.367171817047169, 30.079145145707987 ], [ 31.367171817047169, 30.07605619630511 ] ] ] } },
{ "type": "Feature", "properties": { "zone_code": "NSR-GRID-044", "live_predicted_score": 0.55523813660265919, "live_risk_class": "medium", "rain_1h_mm": 0.0, "rain_3h_mm": 4.0, "rain_6h_mm": 8.0, "rain_24h_mm": 8.0, "max_precipitation_probability": 95.0, "source": "Open-Meteo Forecast API", "honesty_note": "Live predictions are model-estimated weather-impact risk scores, not verified flood incident labels." }, "geometry": { "type": "Polygon", "coordinates": [ [ [ 31.385138122729565, 30.07605619630511 ], [ 31.380646546308967, 30.07605619630511 ], [ 31.380646546308967, 30.078907291211365 ], [ 31.3839739, 30.0794913 ], [ 31.385138122729565, 30.079566569426436 ], [ 31.385138122729565, 30.07605619630511 ] ] ] } },
{ "type": "Feature", "properties": { "zone_code": "NSR-GRID-045", "live_predicted_score": 0.29288950251157891, "live_risk_class": "low", "rain_1h_mm": 0.0, "rain_3h_mm": 4.0, "rain_6h_mm": 8.0, "rain_24h_mm": 8.0, "max_precipitation_probability": 95.0, "source": "Open-Meteo Forecast API", "honesty_note": "Live predictions are model-estimated weather-impact risk scores, not verified flood incident labels." }, "geometry": { "type": "Polygon", "coordinates": [ [ [ 31.430053886935539, 30.07605619630511 ], [ 31.430053886935539, 30.078738471632981 ], [ 31.4345304, 30.0791284 ], [ 31.432863812871989, 30.07605619630511 ], [ 31.430053886935539, 30.07605619630511 ] ] ] } },
{ "type": "Feature", "properties": { "zone_code": "NSR-GRID-046", "live_predicted_score": 0.46647249710622818, "live_risk_class": "medium", "rain_1h_mm": 0.0, "rain_3h_mm": 4.0, "rain_6h_mm": 8.0, "rain_24h_mm": 8.0, "max_precipitation_probability": 95.0, "source": "Open-Meteo Forecast API", "honesty_note": "Live predictions are model-estimated weather-impact risk scores, not verified flood incident labels." }, "geometry": { "type": "Polygon", "coordinates": [ [ [ 31.371663393467767, 30.07605619630511 ], [ 31.367171817047169, 30.07605619630511 ], [ 31.367171817047169, 30.079145145707987 ], [ 31.3713825, 30.0787171 ], [ 31.371663393467767, 30.078690979793414 ], [ 31.371663393467767, 30.07605619630511 ] ] ] } },
{ "type": "Feature", "properties": { "zone_code": "NSR-GRID-047", "live_predicted_score": 0.25598731461359492, "live_risk_class": "low", "rain_1h_mm": 0.0, "rain_3h_mm": 4.0, "rain_6h_mm": 8.0, "rain_24h_mm": 8.0, "max_precipitation_probability": 95.0, "source": "Open-Meteo Forecast API", "honesty_note": "Live predictions are model-estimated weather-impact risk scores, not verified flood incident labels." }, "geometry": { "type": "Polygon", "coordinates": [ [ [ 31.425562310514941, 30.07605619630511 ], [ 31.421070734094339, 30.07605619630511 ], [ 31.421070734094339, 30.078964837935398 ], [ 31.4231863, 30.0785182 ], [ 31.425562310514941, 30.078405671858871 ], [ 31.425562310514941, 30.07605619630511 ] ] ] } },
{ "type": "Feature", "properties": { "zone_code": "NSR-GRID-048", "live_predicted_score": 0.46154390491478703, "live_risk_class": "medium", "rain_1h_mm": 0.0, "rain_3h_mm": 4.0, "rain_6h_mm": 8.0, "rain_24h_mm": 8.0, "max_precipitation_probability": 95.0, "source": "Open-Meteo Forecast API", "honesty_note": "Live predictions are model-estimated weather-impact risk scores, not verified flood incident labels." }, "geometry": { "type": "Polygon", "coordinates": [ [ [ 31.380646546308967, 30.07605619630511 ], [ 31.376154969888365, 30.07605619630511 ], [ 31.376154969888365, 30.078273308396266 ], [ 31.3762669, 30.0782629 ], [ 31.3786582, 30.0785583 ], [ 31.380646546308967, 30.078907291211365 ], [ 31.380646546308967, 30.07605619630511 ] ] ] } },
{ "type": "Feature", "properties": { "zone_code": "NSR-GRID-049", "live_predicted_score": 0.2546373886152633, "live_risk_class": "low", "rain_1h_mm": 0.0, "rain_3h_mm": 4.0, "rain_6h_mm": 8.0, "rain_24h_mm": 8.0, "max_precipitation_probability": 95.0, "source": "Open-Meteo Forecast API", "honesty_note": "Live predictions are model-estimated weather-impact risk scores, not verified flood incident labels." }, "geometry": { "type": "Polygon", "coordinates": [ [ [ 31.430053886935539, 30.07605619630511 ], [ 31.425562310514941, 30.07605619630511 ], [ 31.425562310514941, 30.078405671858871 ], [ 31.4255955, 30.0784041 ], [ 31.428137, 30.0785715 ], [ 31.430053886935539, 30.078738471632981 ], [ 31.430053886935539, 30.07605619630511 ] ] ] } },
{ "type": "Feature", "properties": { "zone_code": "NSR-GRID-050", "live_predicted_score": 0.48879142564390549, "live_risk_class": "medium", "rain_1h_mm": 0.0, "rain_3h_mm": 4.0, "rain_6h_mm": 8.0, "rain_24h_mm": 8.0, "max_precipitation_probability": 95.0, "source": "Open-Meteo Forecast API", "honesty_note": "Live predictions are model-estimated weather-impact risk scores, not verified flood incident labels." }, "geometry": { "type": "Polygon", "coordinates": [ [ [ 31.376154969888365, 30.07605619630511 ], [ 31.371663393467767, 30.07605619630511 ], [ 31.371663393467767, 30.078690979793414 ], [ 31.376154969888365, 30.078273308396266 ], [ 31.376154969888365, 30.07605619630511 ] ] ] } },
{ "type": "Feature", "properties": { "zone_code": "NSR-GRID-051", "live_predicted_score": 0.22530184242570081, "live_risk_class": "low", "rain_1h_mm": 0.0, "rain_3h_mm": 4.0, "rain_6h_mm": 8.0, "rain_24h_mm": 8.0, "max_precipitation_probability": 95.0, "source": "Open-Meteo Forecast API", "honesty_note": "Live predictions are model-estimated weather-impact risk scores, not verified flood incident labels." }, "geometry": { "type": "Polygon", "coordinates": [ [ [ 31.430053886935539, 30.07605619630511 ], [ 31.432863812871989, 30.07605619630511 ], [ 31.4326835, 30.0757238 ], [ 31.430053886935539, 30.07286926472964 ], [ 31.430053886935539, 30.07605619630511 ] ] ] } },
{ "type": "Feature", "properties": { "zone_code": "NSR-GRID-052", "live_predicted_score": 0.51980711502708354, "live_risk_class": "medium", "rain_1h_mm": 0.0, "rain_3h_mm": 4.0, "rain_6h_mm": 8.0, "rain_24h_mm": 8.0, "max_precipitation_probability": 95.0, "source": "Open-Meteo Forecast API", "honesty_note": "Live predictions are model-estimated weather-impact risk scores, not verified flood incident labels." }, "geometry": { "type": "Polygon", "coordinates": [ [ [ 31.317764476420596, 30.07605619630511 ], [ 31.317764476420596, 30.072169285228959 ], [ 31.317448636849306, 30.072169285228959 ], [ 31.3161261, 30.0739509 ], [ 31.314558855243369, 30.07605619630511 ], [ 31.317764476420596, 30.07605619630511 ] ] ] } },
{ "type": "Feature", "properties": { "zone_code": "NSR-GRID-053", "live_predicted_score": 0.21749362489216822, "live_risk_class": "low", "rain_1h_mm": 0.0, "rain_3h_mm": 4.0, "rain_6h_mm": 8.0, "rain_24h_mm": 8.0, "max_precipitation_probability": 95.0, "source": "Open-Meteo Forecast API", "honesty_note": "Live predictions are model-estimated weather-impact risk scores, not verified flood incident labels." }, "geometry": { "type": "Polygon", "coordinates": [ [ [ 31.425562310514941, 30.072169285228959 ], [ 31.425562310514941, 30.07605619630511 ], [ 31.430053886935539, 30.07605619630511 ], [ 31.430053886935539, 30.07286926472964 ], [ 31.429409073680993, 30.072169285228959 ], [ 31.425562310514941, 30.072169285228959 ] ] ] } },
{ "type": "Feature", "properties": { "zone_code": "NSR-GRID-054", "live_predicted_score": 0.55766738249293235, "live_risk_class": "medium", "rain_1h_mm": 0.0, "rain_3h_mm": 4.0, "rain_6h_mm": 8.0, "rain_24h_mm": 8.0, "max_precipitation_probability": 95.0, "source": "Open-Meteo Forecast API", "honesty_note": "Live predictions are model-estimated weather-impact risk scores, not verified flood incident labels." }, "geometry": { "type": "Polygon", "coordinates": [ [ [ 31.317764476420596, 30.072169285228959 ], [ 31.317764476420596, 30.07605619630511 ], [ 31.322256052841194, 30.07605619630511 ], [ 31.322256052841194, 30.072169285228959 ], [ 31.317764476420596, 30.072169285228959 ] ] ] } },
{ "type": "Feature", "properties": { "zone_code": "NSR-GRID-055", "live_predicted_score": 0.4624084566457024, "live_risk_class": "medium", "rain_1h_mm": 0.0, "rain_3h_mm": 4.0, "rain_6h_mm": 8.0, "rain_24h_mm": 8.0, "max_precipitation_probability": 95.0, "source": "Open-Meteo Forecast API", "honesty_note": "Live predictions are model-estimated weather-impact risk scores, not verified flood incident labels." }, "geometry": { "type": "Polygon", "coordinates": [ [ [ 31.322256052841194, 30.072169285228959 ], [ 31.322256052841194, 30.07605619630511 ], [ 31.326747629261792, 30.07605619630511 ], [ 31.326747629261792, 30.072169285228959 ], [ 31.322256052841194, 30.072169285228959 ] ] ] } },
{ "type": "Feature", "properties": { "zone_code": "NSR-GRID-056", "live_predicted_score": 0.4828539467578683, "live_risk_class": "medium", "rain_1h_mm": 0.0, "rain_3h_mm": 4.0, "rain_6h_mm": 8.0, "rain_24h_mm": 8.0, "max_precipitation_probability": 95.0, "source": "Open-Meteo Forecast API", "honesty_note": "Live predictions are model-estimated weather-impact risk scores, not verified flood incident labels." }, "geometry": { "type": "Polygon", "coordinates": [ [ [ 31.326747629261792, 30.072169285228959 ], [ 31.326747629261792, 30.07605619630511 ], [ 31.331239205682394, 30.07605619630511 ], [ 31.331239205682394, 30.072169285228959 ], [ 31.326747629261792, 30.072169285228959 ] ] ] } },
{ "type": "Feature", "properties": { "zone_code": "NSR-GRID-057", "live_predicted_score": 0.53598774741029775, "live_risk_class": "medium", "rain_1h_mm": 0.0, "rain_3h_mm": 4.0, "rain_6h_mm": 8.0, "rain_24h_mm": 8.0, "max_precipitation_probability": 95.0, "source": "Open-Meteo Forecast API", "honesty_note": "Live predictions are model-estimated weather-impact risk scores, not verified flood incident labels." }, "geometry": { "type": "Polygon", "coordinates": [ [ [ 31.331239205682394, 30.072169285228959 ], [ 31.331239205682394, 30.07605619630511 ], [ 31.335730782102992, 30.07605619630511 ], [ 31.335730782102992, 30.072169285228959 ], [ 31.331239205682394, 30.072169285228959 ] ] ] } },
{ "type": "Feature", "properties": { "zone_code": "NSR-GRID-058", "live_predicted_score": 0.51265066886618393, "live_risk_class": "medium", "rain_1h_mm": 0.0, "rain_3h_mm": 4.0, "rain_6h_mm": 8.0, "rain_24h_mm": 8.0, "max_precipitation_probability": 95.0, "source": "Open-Meteo Forecast API", "honesty_note": "Live predictions are model-estimated weather-impact risk scores, not verified flood incident labels." }, "geometry": { "type": "Polygon", "coordinates": [ [ [ 31.335730782102992, 30.072169285228959 ], [ 31.335730782102992, 30.07605619630511 ], [ 31.340222358523583, 30.07605619630511 ], [ 31.340222358523583, 30.072169285228959 ], [ 31.335730782102992, 30.072169285228959 ] ] ] } },
{ "type": "Feature", "properties": { "zone_code": "NSR-GRID-059", "live_predicted_score": 0.45740758927118835, "live_risk_class": "medium", "rain_1h_mm": 0.0, "rain_3h_mm": 4.0, "rain_6h_mm": 8.0, "rain_24h_mm": 8.0, "max_precipitation_probability": 95.0, "source": "Open-Meteo Forecast API", "honesty_note": "Live predictions are model-estimated weather-impact risk scores, not verified flood incident labels." }, "geometry": { "type": "Polygon", "coordinates": [ [ [ 31.340222358523583, 30.072169285228959 ], [ 31.340222358523583, 30.07605619630511 ], [ 31.344713934944181, 30.07605619630511 ], [ 31.344713934944181, 30.072169285228959 ], [ 31.340222358523583, 30.072169285228959 ] ] ] } },
{ "type": "Feature", "properties": { "zone_code": "NSR-GRID-060", "live_predicted_score": 0.52679270284010582, "live_risk_class": "medium", "rain_1h_mm": 0.0, "rain_3h_mm": 4.0, "rain_6h_mm": 8.0, "rain_24h_mm": 8.0, "max_precipitation_probability": 95.0, "source": "Open-Meteo Forecast API", "honesty_note": "Live predictions are model-estimated weather-impact risk scores, not verified flood incident labels." }, "geometry": { "type": "Polygon", "coordinates": [ [ [ 31.344713934944181, 30.072169285228959 ], [ 31.344713934944181, 30.07605619630511 ], [ 31.349205511364779, 30.07605619630511 ], [ 31.349205511364779, 30.072169285228959 ], [ 31.344713934944181, 30.072169285228959 ] ] ] } },
{ "type": "Feature", "properties": { "zone_code": "NSR-GRID-061", "live_predicted_score": 0.32091153515425047, "live_risk_class": "low", "rain_1h_mm": 0.0, "rain_3h_mm": 4.0, "rain_6h_mm": 8.0, "rain_24h_mm": 8.0, "max_precipitation_probability": 95.0, "source": "Open-Meteo Forecast API", "honesty_note": "Live predictions are model-estimated weather-impact risk scores, not verified flood incident labels." }, "geometry": { "type": "Polygon", "coordinates": [ [ [ 31.349205511364779, 30.072169285228959 ], [ 31.349205511364779, 30.07605619630511 ], [ 31.353697087785381, 30.07605619630511 ], [ 31.353697087785381, 30.072169285228959 ], [ 31.349205511364779, 30.072169285228959 ] ] ] } },
{ "type": "Feature", "properties": { "zone_code": "NSR-GRID-062", "live_predicted_score": 0.40840240723348525, "live_risk_class": "medium", "rain_1h_mm": 0.0, "rain_3h_mm": 4.0, "rain_6h_mm": 8.0, "rain_24h_mm": 8.0, "max_precipitation_probability": 95.0, "source": "Open-Meteo Forecast API", "honesty_note": "Live predictions are model-estimated weather-impact risk scores, not verified flood incident labels." }, "geometry": { "type": "Polygon", "coordinates": [ [ [ 31.353697087785381, 30.072169285228959 ], [ 31.353697087785381, 30.07605619630511 ], [ 31.358188664205979, 30.07605619630511 ], [ 31.358188664205979, 30.072169285228959 ], [ 31.353697087785381, 30.072169285228959 ] ] ] } },
{ "type": "Feature", "properties": { "zone_code": "NSR-GRID-063", "live_predicted_score": 0.40472679514049376, "live_risk_class": "medium", "rain_1h_mm": 0.0, "rain_3h_mm": 4.0, "rain_6h_mm": 8.0, "rain_24h_mm": 8.0, "max_precipitation_probability": 95.0, "source": "Open-Meteo Forecast API", "honesty_note": "Live predictions are model-estimated weather-impact risk scores, not verified flood incident labels." }, "geometry": { "type": "Polygon", "coordinates": [ [ [ 31.358188664205979, 30.072169285228959 ], [ 31.358188664205979, 30.07605619630511 ], [ 31.362680240626577, 30.07605619630511 ], [ 31.362680240626577, 30.072169285228959 ], [ 31.358188664205979, 30.072169285228959 ] ] ] } },
{ "type": "Feature", "properties": { "zone_code": "NSR-GRID-064", "live_predicted_score": 0.39911585820421941, "live_risk_class": "medium", "rain_1h_mm": 0.0, "rain_3h_mm": 4.0, "rain_6h_mm": 8.0, "rain_24h_mm": 8.0, "max_precipitation_probability": 95.0, "source": "Open-Meteo Forecast API", "honesty_note": "Live predictions are model-estimated weather-impact risk scores, not verified flood incident labels." }, "geometry": { "type": "Polygon", "coordinates": [ [ [ 31.362680240626577, 30.072169285228959 ], [ 31.362680240626577, 30.07605619630511 ], [ 31.367171817047169, 30.07605619630511 ], [ 31.367171817047169, 30.072169285228959 ], [ 31.362680240626577, 30.072169285228959 ] ] ] } },
{ "type": "Feature", "properties": { "zone_code": "NSR-GRID-065", "live_predicted_score": 0.52206377166378293, "live_risk_class": "medium", "rain_1h_mm": 0.0, "rain_3h_mm": 4.0, "rain_6h_mm": 8.0, "rain_24h_mm": 8.0, "max_precipitation_probability": 95.0, "source": "Open-Meteo Forecast API", "honesty_note": "Live predictions are model-estimated weather-impact risk scores, not verified flood incident labels." }, "geometry": { "type": "Polygon", "coordinates": [ [ [ 31.367171817047169, 30.072169285228959 ], [ 31.367171817047169, 30.07605619630511 ], [ 31.371663393467767, 30.07605619630511 ], [ 31.371663393467767, 30.072169285228959 ], [ 31.367171817047169, 30.072169285228959 ] ] ] } },
{ "type": "Feature", "properties": { "zone_code": "NSR-GRID-066", "live_predicted_score": 0.30732228817776935, "live_risk_class": "low", "rain_1h_mm": 0.0, "rain_3h_mm": 4.0, "rain_6h_mm": 8.0, "rain_24h_mm": 8.0, "max_precipitation_probability": 95.0, "source": "Open-Meteo Forecast API", "honesty_note": "Live predictions are model-estimated weather-impact risk scores, not verified flood incident labels." }, "geometry": { "type": "Polygon", "coordinates": [ [ [ 31.371663393467767, 30.072169285228959 ], [ 31.371663393467767, 30.07605619630511 ], [ 31.376154969888365, 30.07605619630511 ], [ 31.376154969888365, 30.072169285228959 ], [ 31.371663393467767, 30.072169285228959 ] ] ] } },
{ "type": "Feature", "properties": { "zone_code": "NSR-GRID-067", "live_predicted_score": 0.37044566169981685, "live_risk_class": "medium", "rain_1h_mm": 0.0, "rain_3h_mm": 4.0, "rain_6h_mm": 8.0, "rain_24h_mm": 8.0, "max_precipitation_probability": 95.0, "source": "Open-Meteo Forecast API", "honesty_note": "Live predictions are model-estimated weather-impact risk scores, not verified flood incident labels." }, "geometry": { "type": "Polygon", "coordinates": [ [ [ 31.376154969888365, 30.072169285228959 ], [ 31.376154969888365, 30.07605619630511 ], [ 31.380646546308967, 30.07605619630511 ], [ 31.380646546308967, 30.072169285228959 ], [ 31.376154969888365, 30.072169285228959 ] ] ] } },
{ "type": "Feature", "properties": { "zone_code": "NSR-GRID-068", "live_predicted_score": 0.53594122250514997, "live_risk_class": "medium", "rain_1h_mm": 0.0, "rain_3h_mm": 4.0, "rain_6h_mm": 8.0, "rain_24h_mm": 8.0, "max_precipitation_probability": 95.0, "source": "Open-Meteo Forecast API", "honesty_note": "Live predictions are model-estimated weather-impact risk scores, not verified flood incident labels." }, "geometry": { "type": "Polygon", "coordinates": [ [ [ 31.380646546308967, 30.072169285228959 ], [ 31.380646546308967, 30.07605619630511 ], [ 31.385138122729565, 30.07605619630511 ], [ 31.385138122729565, 30.072169285228959 ], [ 31.380646546308967, 30.072169285228959 ] ] ] } },
{ "type": "Feature", "properties": { "zone_code": "NSR-GRID-069", "live_predicted_score": 0.42947875342640923, "live_risk_class": "medium", "rain_1h_mm": 0.0, "rain_3h_mm": 4.0, "rain_6h_mm": 8.0, "rain_24h_mm": 8.0, "max_precipitation_probability": 95.0, "source": "Open-Meteo Forecast API", "honesty_note": "Live predictions are model-estimated weather-impact risk scores, not verified flood incident labels." }, "geometry": { "type": "Polygon", "coordinates": [ [ [ 31.385138122729565, 30.072169285228959 ], [ 31.385138122729565, 30.07605619630511 ], [ 31.389629699150163, 30.07605619630511 ], [ 31.389629699150163, 30.072169285228959 ], [ 31.385138122729565, 30.072169285228959 ] ] ] } },
{ "type": "Feature", "properties": { "zone_code": "NSR-GRID-070", "live_predicted_score": 0.35467585697378157, "live_risk_class": "medium", "rain_1h_mm": 0.0, "rain_3h_mm": 4.0, "rain_6h_mm": 8.0, "rain_24h_mm": 8.0, "max_precipitation_probability": 95.0, "source": "Open-Meteo Forecast API", "honesty_note": "Live predictions are model-estimated weather-impact risk scores, not verified flood incident labels." }, "geometry": { "type": "Polygon", "coordinates": [ [ [ 31.389629699150163, 30.072169285228959 ], [ 31.389629699150163, 30.07605619630511 ], [ 31.394121275570754, 30.07605619630511 ], [ 31.394121275570754, 30.072169285228959 ], [ 31.389629699150163, 30.072169285228959 ] ] ] } },
{ "type": "Feature", "properties": { "zone_code": "NSR-GRID-071", "live_predicted_score": 0.35159779516612888, "live_risk_class": "medium", "rain_1h_mm": 0.0, "rain_3h_mm": 4.0, "rain_6h_mm": 8.0, "rain_24h_mm": 8.0, "max_precipitation_probability": 95.0, "source": "Open-Meteo Forecast API", "honesty_note": "Live predictions are model-estimated weather-impact risk scores, not verified flood incident labels." }, "geometry": { "type": "Polygon", "coordinates": [ [ [ 31.394121275570754, 30.072169285228959 ], [ 31.394121275570754, 30.07605619630511 ], [ 31.398612851991352, 30.07605619630511 ], [ 31.398612851991352, 30.072169285228959 ], [ 31.394121275570754, 30.072169285228959 ] ] ] } },
{ "type": "Feature", "properties": { "zone_code": "NSR-GRID-072", "live_predicted_score": 0.2660117101226106, "live_risk_class": "low", "rain_1h_mm": 0.0, "rain_3h_mm": 4.0, "rain_6h_mm": 8.0, "rain_24h_mm": 8.0, "max_precipitation_probability": 95.0, "source": "Open-Meteo Forecast API", "honesty_note": "Live predictions are model-estimated weather-impact risk scores, not verified flood incident labels." }, "geometry": { "type": "Polygon", "coordinates": [ [ [ 31.398612851991352, 30.072169285228959 ], [ 31.398612851991352, 30.07605619630511 ], [ 31.403104428411954, 30.07605619630511 ], [ 31.403104428411954, 30.072169285228959 ], [ 31.398612851991352, 30.072169285228959 ] ] ] } },
{ "type": "Feature", "properties": { "zone_code": "NSR-GRID-073", "live_predicted_score": 0.2627445034514298, "live_risk_class": "low", "rain_1h_mm": 0.0, "rain_3h_mm": 4.0, "rain_6h_mm": 8.0, "rain_24h_mm": 8.0, "max_precipitation_probability": 95.0, "source": "Open-Meteo Forecast API", "honesty_note": "Live predictions are model-estimated weather-impact risk scores, not verified flood incident labels." }, "geometry": { "type": "Polygon", "coordinates": [ [ [ 31.403104428411954, 30.072169285228959 ], [ 31.403104428411954, 30.07605619630511 ], [ 31.407596004832552, 30.07605619630511 ], [ 31.407596004832552, 30.072169285228959 ], [ 31.403104428411954, 30.072169285228959 ] ] ] } },
{ "type": "Feature", "properties": { "zone_code": "NSR-GRID-074", "live_predicted_score": 0.24513122043348942, "live_risk_class": "low", "rain_1h_mm": 0.0, "rain_3h_mm": 4.0, "rain_6h_mm": 8.0, "rain_24h_mm": 8.0, "max_precipitation_probability": 95.0, "source": "Open-Meteo Forecast API", "honesty_note": "Live predictions are model-estimated weather-impact risk scores, not verified flood incident labels." }, "geometry": { "type": "Polygon", "coordinates": [ [ [ 31.407596004832552, 30.072169285228959 ], [ 31.407596004832552, 30.07605619630511 ], [ 31.41208758125315, 30.07605619630511 ], [ 31.41208758125315, 30.072169285228959 ], [ 31.407596004832552, 30.072169285228959 ] ] ] } },
{ "type": "Feature", "properties": { "zone_code": "NSR-GRID-075", "live_predicted_score": 0.22499365118970729, "live_risk_class": "low", "rain_1h_mm": 0.0, "rain_3h_mm": 4.0, "rain_6h_mm": 8.0, "rain_24h_mm": 8.0, "max_precipitation_probability": 95.0, "source": "Open-Meteo Forecast API", "honesty_note": "Live predictions are model-estimated weather-impact risk scores, not verified flood incident labels." }, "geometry": { "type": "Polygon", "coordinates": [ [ [ 31.41208758125315, 30.072169285228959 ], [ 31.41208758125315, 30.07605619630511 ], [ 31.416579157673748, 30.07605619630511 ], [ 31.416579157673748, 30.072169285228959 ], [ 31.41208758125315, 30.072169285228959 ] ] ] } },
{ "type": "Feature", "properties": { "zone_code": "NSR-GRID-076", "live_predicted_score": 0.20747253092984574, "live_risk_class": "low", "rain_1h_mm": 0.0, "rain_3h_mm": 4.0, "rain_6h_mm": 8.0, "rain_24h_mm": 8.0, "max_precipitation_probability": 95.0, "source": "Open-Meteo Forecast API", "honesty_note": "Live predictions are model-estimated weather-impact risk scores, not verified flood incident labels." }, "geometry": { "type": "Polygon", "coordinates": [ [ [ 31.416579157673748, 30.072169285228959 ], [ 31.416579157673748, 30.07605619630511 ], [ 31.421070734094339, 30.07605619630511 ], [ 31.421070734094339, 30.072169285228959 ], [ 31.416579157673748, 30.072169285228959 ] ] ] } },
{ "type": "Feature", "properties": { "zone_code": "NSR-GRID-077", "live_predicted_score": 0.22477731033030537, "live_risk_class": "low", "rain_1h_mm": 0.0, "rain_3h_mm": 4.0, "rain_6h_mm": 8.0, "rain_24h_mm": 8.0, "max_precipitation_probability": 95.0, "source": "Open-Meteo Forecast API", "honesty_note": "Live predictions are model-estimated weather-impact risk scores, not verified flood incident labels." }, "geometry": { "type": "Polygon", "coordinates": [ [ [ 31.421070734094339, 30.072169285228959 ], [ 31.421070734094339, 30.07605619630511 ], [ 31.425562310514941, 30.07605619630511 ], [ 31.425562310514941, 30.072169285228959 ], [ 31.421070734094339, 30.072169285228959 ] ] ] } },
{ "type": "Feature", "properties": { "zone_code": "NSR-GRID-078", "live_predicted_score": 0.45201284492139471, "live_risk_class": "medium", "rain_1h_mm": 0.0, "rain_3h_mm": 4.0, "rain_6h_mm": 8.0, "rain_24h_mm": 8.0, "max_precipitation_probability": 95.0, "source": "Open-Meteo Forecast API", "honesty_note": "Live predictions are model-estimated weather-impact risk scores, not verified flood incident labels." }, "geometry": { "type": "Polygon", "coordinates": [ [ [ 31.317764476420596, 30.072169285228959 ], [ 31.317764476420596, 30.07173287677406 ], [ 31.3175864, 30.0719837 ], [ 31.317448636849306, 30.072169285228959 ], [ 31.317764476420596, 30.072169285228959 ] ] ] } },
{ "type": "Feature", "properties": { "zone_code": "NSR-GRID-079", "live_predicted_score": 0.24651687911863529, "live_risk_class": "low", "rain_1h_mm": 0.0, "rain_3h_mm": 4.0, "rain_6h_mm": 8.0, "rain_24h_mm": 8.0, "max_precipitation_probability": 95.0, "source": "Open-Meteo Forecast API", "honesty_note": "Live predictions are model-estimated weather-impact risk scores, not verified flood incident labels." }, "geometry": { "type": "Polygon", "coordinates": [ [ [ 31.425562310514941, 30.072169285228959 ], [ 31.429409073680993, 30.072169285228959 ], [ 31.4275613, 30.0701634 ], [ 31.425562310514941, 30.068537432681627 ], [ 31.425562310514941, 30.072169285228959 ] ] ] } },
{ "type": "Feature", "properties": { "zone_code": "NSR-GRID-080", "live_predicted_score": 0.51633957475538317, "live_risk_class": "medium", "rain_1h_mm": 0.0, "rain_3h_mm": 4.0, "rain_6h_mm": 8.0, "rain_24h_mm": 8.0, "max_precipitation_probability": 95.0, "source": "Open-Meteo Forecast API", "honesty_note": "Live predictions are model-estimated weather-impact risk scores, not verified flood incident labels." }, "geometry": { "type": "Polygon", "coordinates": [ [ [ 31.317764476420596, 30.072169285228959 ], [ 31.322256052841194, 30.072169285228959 ], [ 31.322256052841194, 30.068282221464631 ], [ 31.319734840459528, 30.068282221464631 ], [ 31.3192935, 30.0695138 ], [ 31.3188977, 30.0701367 ], [ 31.317764476420596, 30.07173287677406 ], [ 31.317764476420596, 30.072169285228959 ] ] ] } },
{ "type": "Feature", "properties": { "zone_code": "NSR-GRID-081", "live_predicted_score": 0.23174491210832437, "live_risk_class": "low", "rain_1h_mm": 0.0, "rain_3h_mm": 4.0, "rain_6h_mm": 8.0, "rain_24h_mm": 8.0, "max_precipitation_probability": 95.0, "source": "Open-Meteo Forecast API", "honesty_note": "Live predictions are model-estimated weather-impact risk scores, not verified flood incident labels." }, "geometry": { "type": "Polygon", "coordinates": [ [ [ 31.421070734094339, 30.068282221464631 ], [ 31.421070734094339, 30.072169285228959 ], [ 31.425562310514941, 30.072169285228959 ], [ 31.425562310514941, 30.068537432681627 ], [ 31.425248552861458, 30.068282221464631 ], [ 31.421070734094339, 30.068282221464631 ] ] ] } },
{ "type": "Feature", "properties": { "zone_code": "NSR-GRID-082", "live_predicted_score": 0.53027684575324985, "live_risk_class": "medium", "rain_1h_mm": 0.0, "rain_3h_mm": 4.0, "rain_6h_mm": 8.0, "rain_24h_mm": 8.0, "max_precipitation_probability": 95.0, "source": "Open-Meteo Forecast API", "honesty_note": "Live predictions are model-estimated weather-impact risk scores, not verified flood incident labels." }, "geometry": { "type": "Polygon", "coordinates": [ [ [ 31.322256052841194, 30.068282221464631 ], [ 31.322256052841194, 30.072169285228959 ], [ 31.326747629261792, 30.072169285228959 ], [ 31.326747629261792, 30.068282221464631 ], [ 31.322256052841194, 30.068282221464631 ] ] ] } },
{ "type": "Feature", "properties": { "zone_code": "NSR-GRID-083", "live_predicted_score": 0.52693122246679502, "live_risk_class": "medium", "rain_1h_mm": 0.0, "rain_3h_mm": 4.0, "rain_6h_mm": 8.0, "rain_24h_mm": 8.0, "max_precipitation_probability": 95.0, "source": "Open-Meteo Forecast API", "honesty_note": "Live predictions are model-estimated weather-impact risk scores, not verified flood incident labels." }, "geometry": { "type": "Polygon", "coordinates": [ [ [ 31.326747629261792, 30.068282221464631 ], [ 31.326747629261792, 30.072169285228959 ], [ 31.331239205682394, 30.072169285228959 ], [ 31.331239205682394, 30.068282221464631 ], [ 31.326747629261792, 30.068282221464631 ] ] ] } },
{ "type": "Feature", "properties": { "zone_code": "NSR-GRID-084", "live_predicted_score": 0.50476954487310244, "live_risk_class": "medium", "rain_1h_mm": 0.0, "rain_3h_mm": 4.0, "rain_6h_mm": 8.0, "rain_24h_mm": 8.0, "max_precipitation_probability": 95.0, "source": "Open-Meteo Forecast API", "honesty_note": "Live predictions are model-estimated weather-impact risk scores, not verified flood incident labels." }, "geometry": { "type": "Polygon", "coordinates": [ [ [ 31.331239205682394, 30.068282221464631 ], [ 31.331239205682394, 30.072169285228959 ], [ 31.335730782102992, 30.072169285228959 ], [ 31.335730782102992, 30.068282221464631 ], [ 31.331239205682394, 30.068282221464631 ] ] ] } },
{ "type": "Feature", "properties": { "zone_code": "NSR-GRID-085", "live_predicted_score": 0.49478465654361953, "live_risk_class": "medium", "rain_1h_mm": 0.0, "rain_3h_mm": 4.0, "rain_6h_mm": 8.0, "rain_24h_mm": 8.0, "max_precipitation_probability": 95.0, "source": "Open-Meteo Forecast API", "honesty_note": "Live predictions are model-estimated weather-impact risk scores, not verified flood incident labels." }, "geometry": { "type": "Polygon", "coordinates": [ [ [ 31.335730782102992, 30.068282221464631 ], [ 31.335730782102992, 30.072169285228959 ], [ 31.340222358523583, 30.072169285228959 ], [ 31.340222358523583, 30.068282221464631 ], [ 31.335730782102992, 30.068282221464631 ] ] ] } },
{ "type": "Feature", "properties": { "zone_code": "NSR-GRID-086", "live_predicted_score": 0.44986420667539412, "live_risk_class": "medium", "rain_1h_mm": 0.0, "rain_3h_mm": 4.0, "rain_6h_mm": 8.0, "rain_24h_mm": 8.0, "max_precipitation_probability": 95.0, "source": "Open-Meteo Forecast API", "honesty_note": "Live predictions are model-estimated weather-impact risk scores, not verified flood incident labels." }, "geometry": { "type": "Polygon", "coordinates": [ [ [ 31.340222358523583, 30.068282221464631 ], [ 31.340222358523583, 30.072169285228959 ], [ 31.344713934944181, 30.072169285228959 ], [ 31.344713934944181, 30.068282221464631 ], [ 31.340222358523583, 30.068282221464631 ] ] ] } },
{ "type": "Feature", "properties": { "zone_code": "NSR-GRID-087", "live_predicted_score": 0.51011168997073364, "live_risk_class": "medium", "rain_1h_mm": 0.0, "rain_3h_mm": 4.0, "rain_6h_mm": 8.0, "rain_24h_mm": 8.0, "max_precipitation_probability": 95.0, "source": "Open-Meteo Forecast API", "honesty_note": "Live predictions are model-estimated weather-impact risk scores, not verified flood incident labels." }, "geometry": { "type": "Polygon", "coordinates": [ [ [ 31.344713934944181, 30.068282221464631 ], [ 31.344713934944181, 30.072169285228959 ], [ 31.349205511364779, 30.072169285228959 ], [ 31.349205511364779, 30.068282221464631 ], [ 31.344713934944181, 30.068282221464631 ] ] ] } },
{ "type": "Feature", "properties": { "zone_code": "NSR-GRID-088", "live_predicted_score": 0.41575188288436044, "live_risk_class": "medium", "rain_1h_mm": 0.0, "rain_3h_mm": 4.0, "rain_6h_mm": 8.0, "rain_24h_mm": 8.0, "max_precipitation_probability": 95.0, "source": "Open-Meteo Forecast API", "honesty_note": "Live predictions are model-estimated weather-impact risk scores, not verified flood incident labels." }, "geometry": { "type": "Polygon", "coordinates": [ [ [ 31.349205511364779, 30.068282221464631 ], [ 31.349205511364779, 30.072169285228959 ], [ 31.353697087785381, 30.072169285228959 ], [ 31.353697087785381, 30.068282221464631 ], [ 31.349205511364779, 30.068282221464631 ] ] ] } },
{ "type": "Feature", "properties": { "zone_code": "NSR-GRID-089", "live_predicted_score": 0.47807738711578224, "live_risk_class": "medium", "rain_1h_mm": 0.0, "rain_3h_mm": 4.0, "rain_6h_mm": 8.0, "rain_24h_mm": 8.0, "max_precipitation_probability": 95.0, "source": "Open-Meteo Forecast API", "honesty_note": "Live predictions are model-estimated weather-impact risk scores, not verified flood incident labels." }, "geometry": { "type": "Polygon", "coordinates": [ [ [ 31.353697087785381, 30.068282221464631 ], [ 31.353697087785381, 30.072169285228959 ], [ 31.358188664205979, 30.072169285228959 ], [ 31.358188664205979, 30.068282221464631 ], [ 31.353697087785381, 30.068282221464631 ] ] ] } },
{ "type": "Feature", "properties": { "zone_code": "NSR-GRID-090", "live_predicted_score": 0.43663238814554955, "live_risk_class": "medium", "rain_1h_mm": 0.0, "rain_3h_mm": 4.0, "rain_6h_mm": 8.0, "rain_24h_mm": 8.0, "max_precipitation_probability": 95.0, "source": "Open-Meteo Forecast API", "honesty_note": "Live predictions are model-estimated weather-impact risk scores, not verified flood incident labels." }, "geometry": { "type": "Polygon", "coordinates": [ [ [ 31.358188664205979, 30.068282221464631 ], [ 31.358188664205979, 30.072169285228959 ], [ 31.362680240626577, 30.072169285228959 ], [ 31.362680240626577, 30.068282221464631 ], [ 31.358188664205979, 30.068282221464631 ] ] ] } },
{ "type": "Feature", "properties": { "zone_code": "NSR-GRID-091", "live_predicted_score": 0.39962276132813801, "live_risk_class": "medium", "rain_1h_mm": 0.0, "rain_3h_mm": 4.0, "rain_6h_mm": 8.0, "rain_24h_mm": 8.0, "max_precipitation_probability": 95.0, "source": "Open-Meteo Forecast API", "honesty_note": "Live predictions are model-estimated weather-impact risk scores, not verified flood incident labels." }, "geometry": { "type": "Polygon", "coordinates": [ [ [ 31.362680240626577, 30.068282221464631 ], [ 31.362680240626577, 30.072169285228959 ], [ 31.367171817047169, 30.072169285228959 ], [ 31.367171817047169, 30.068282221464631 ], [ 31.362680240626577, 30.068282221464631 ] ] ] } },
{ "type": "Feature", "properties": { "zone_code": "NSR-GRID-092", "live_predicted_score": 0.54266957754729284, "live_risk_class": "medium", "rain_1h_mm": 0.0, "rain_3h_mm": 4.0, "rain_6h_mm": 8.0, "rain_24h_mm": 8.0, "max_precipitation_probability": 95.0, "source": "Open-Meteo Forecast API", "honesty_note": "Live predictions are model-estimated weather-impact risk scores, not verified flood incident labels." }, "geometry": { "type": "Polygon", "coordinates": [ [ [ 31.367171817047169, 30.068282221464631 ], [ 31.367171817047169, 30.072169285228959 ], [ 31.371663393467767, 30.072169285228959 ], [ 31.371663393467767, 30.068282221464631 ], [ 31.367171817047169, 30.068282221464631 ] ] ] } },
{ "type": "Feature", "properties": { "zone_code": "NSR-GRID-093", "live_predicted_score": 0.43162509416536626, "live_risk_class": "medium", "rain_1h_mm": 0.0, "rain_3h_mm": 4.0, "rain_6h_mm": 8.0, "rain_24h_mm": 8.0, "max_precipitation_probability": 95.0, "source": "Open-Meteo Forecast API", "honesty_note": "Live predictions are model-estimated weather-impact risk scores, not verified flood incident labels." }, "geometry": { "type": "Polygon", "coordinates": [ [ [ 31.371663393467767, 30.068282221464631 ], [ 31.371663393467767, 30.072169285228959 ], [ 31.376154969888365, 30.072169285228959 ], [ 31.376154969888365, 30.068282221464631 ], [ 31.371663393467767, 30.068282221464631 ] ] ] } },
{ "type": "Feature", "properties": { "zone_code": "NSR-GRID-094", "live_predicted_score": 0.48946015930597375, "live_risk_class": "medium", "rain_1h_mm": 0.0, "rain_3h_mm": 4.0, "rain_6h_mm": 8.0, "rain_24h_mm": 8.0, "max_precipitation_probability": 95.0, "source": "Open-Meteo Forecast API", "honesty_note": "Live predictions are model-estimated weather-impact risk scores, not verified flood incident labels." }, "geometry": { "type": "Polygon", "coordinates": [ [ [ 31.376154969888365, 30.068282221464631 ], [ 31.376154969888365, 30.072169285228959 ], [ 31.380646546308967, 30.072169285228959 ], [ 31.380646546308967, 30.068282221464631 ], [ 31.376154969888365, 30.068282221464631 ] ] ] } },
{ "type": "Feature", "properties": { "zone_code": "NSR-GRID-095", "live_predicted_score": 0.43558648984189158, "live_risk_class": "medium", "rain_1h_mm": 0.0, "rain_3h_mm": 4.0, "rain_6h_mm": 8.0, "rain_24h_mm": 8.0, "max_precipitation_probability": 95.0, "source": "Open-Meteo Forecast API", "honesty_note": "Live predictions are model-estimated weather-impact risk scores, not verified flood incident labels." }, "geometry": { "type": "Polygon", "coordinates": [ [ [ 31.380646546308967, 30.068282221464631 ], [ 31.380646546308967, 30.072169285228959 ], [ 31.385138122729565, 30.072169285228959 ], [ 31.385138122729565, 30.068282221464631 ], [ 31.380646546308967, 30.068282221464631 ] ] ] } },
{ "type": "Feature", "properties": { "zone_code": "NSR-GRID-096", "live_predicted_score": 0.48023109648039425, "live_risk_class": "medium", "rain_1h_mm": 0.0, "rain_3h_mm": 4.0, "rain_6h_mm": 8.0, "rain_24h_mm": 8.0, "max_precipitation_probability": 95.0, "source": "Open-Meteo Forecast API", "honesty_note": "Live predictions are model-estimated weather-impact risk scores, not verified flood incident labels." }, "geometry": { "type": "Polygon", "coordinates": [ [ [ 31.385138122729565, 30.068282221464631 ], [ 31.385138122729565, 30.072169285228959 ], [ 31.389629699150163, 30.072169285228959 ], [ 31.389629699150163, 30.068282221464631 ], [ 31.385138122729565, 30.068282221464631 ] ] ] } },
{ "type": "Feature", "properties": { "zone_code": "NSR-GRID-097", "live_predicted_score": 0.41398719654952992, "live_risk_class": "medium", "rain_1h_mm": 0.0, "rain_3h_mm": 4.0, "rain_6h_mm": 8.0, "rain_24h_mm": 8.0, "max_precipitation_probability": 95.0, "source": "Open-Meteo Forecast API", "honesty_note": "Live predictions are model-estimated weather-impact risk scores, not verified flood incident labels." }, "geometry": { "type": "Polygon", "coordinates": [ [ [ 31.389629699150163, 30.068282221464631 ], [ 31.389629699150163, 30.072169285228959 ], [ 31.394121275570754, 30.072169285228959 ], [ 31.394121275570754, 30.068282221464631 ], [ 31.389629699150163, 30.068282221464631 ] ] ] } },
{ "type": "Feature", "properties": { "zone_code": "NSR-GRID-098", "live_predicted_score": 0.43247057243074344, "live_risk_class": "medium", "rain_1h_mm": 0.0, "rain_3h_mm": 4.0, "rain_6h_mm": 8.0, "rain_24h_mm": 8.0, "max_precipitation_probability": 95.0, "source": "Open-Meteo Forecast API", "honesty_note": "Live predictions are model-estimated weather-impact risk scores, not verified flood incident labels." }, "geometry": { "type": "Polygon", "coordinates": [ [ [ 31.394121275570754, 30.068282221464631 ], [ 31.394121275570754, 30.072169285228959 ], [ 31.398612851991352, 30.072169285228959 ], [ 31.398612851991352, 30.068282221464631 ], [ 31.394121275570754, 30.068282221464631 ] ] ] } },
{ "type": "Feature", "properties": { "zone_code": "NSR-GRID-099", "live_predicted_score": 0.4079666048626186, "live_risk_class": "medium", "rain_1h_mm": 0.0, "rain_3h_mm": 4.0, "rain_6h_mm": 8.0, "rain_24h_mm": 8.0, "max_precipitation_probability": 95.0, "source": "Open-Meteo Forecast API", "honesty_note": "Live predictions are model-estimated weather-impact risk scores, not verified flood incident labels." }, "geometry": { "type": "Polygon", "coordinates": [ [ [ 31.398612851991352, 30.068282221464631 ], [ 31.398612851991352, 30.072169285228959 ], [ 31.403104428411954, 30.072169285228959 ], [ 31.403104428411954, 30.068282221464631 ], [ 31.398612851991352, 30.068282221464631 ] ] ] } },
{ "type": "Feature", "properties": { "zone_code": "NSR-GRID-100", "live_predicted_score": 0.23044277851620867, "live_risk_class": "low", "rain_1h_mm": 0.0, "rain_3h_mm": 4.0, "rain_6h_mm": 8.0, "rain_24h_mm": 8.0, "max_precipitation_probability": 95.0, "source": "Open-Meteo Forecast API", "honesty_note": "Live predictions are model-estimated weather-impact risk scores, not verified flood incident labels." }, "geometry": { "type": "Polygon", "coordinates": [ [ [ 31.403104428411954, 30.068282221464631 ], [ 31.403104428411954, 30.072169285228959 ], [ 31.407596004832552, 30.072169285228959 ], [ 31.407596004832552, 30.068282221464631 ], [ 31.403104428411954, 30.068282221464631 ] ] ] } },
{ "type": "Feature", "properties": { "zone_code": "NSR-GRID-101", "live_predicted_score": 0.26429283538714665, "live_risk_class": "low", "rain_1h_mm": 0.0, "rain_3h_mm": 4.0, "rain_6h_mm": 8.0, "rain_24h_mm": 8.0, "max_precipitation_probability": 95.0, "source": "Open-Meteo Forecast API", "honesty_note": "Live predictions are model-estimated weather-impact risk scores, not verified flood incident labels." }, "geometry": { "type": "Polygon", "coordinates": [ [ [ 31.407596004832552, 30.068282221464631 ], [ 31.407596004832552, 30.072169285228959 ], [ 31.41208758125315, 30.072169285228959 ], [ 31.41208758125315, 30.068282221464631 ], [ 31.407596004832552, 30.068282221464631 ] ] ] } },
{ "type": "Feature", "properties": { "zone_code": "NSR-GRID-102", "live_predicted_score": 0.25119401366399374, "live_risk_class": "low", "rain_1h_mm": 0.0, "rain_3h_mm": 4.0, "rain_6h_mm": 8.0, "rain_24h_mm": 8.0, "max_precipitation_probability": 95.0, "source": "Open-Meteo Forecast API", "honesty_note": "Live predictions are model-estimated weather-impact risk scores, not verified flood incident labels." }, "geometry": { "type": "Polygon", "coordinates": [ [ [ 31.41208758125315, 30.068282221464631 ], [ 31.41208758125315, 30.072169285228959 ], [ 31.416579157673748, 30.072169285228959 ], [ 31.416579157673748, 30.068282221464631 ], [ 31.41208758125315, 30.068282221464631 ] ] ] } },
{ "type": "Feature", "properties": { "zone_code": "NSR-GRID-103", "live_predicted_score": 0.2290212989667659, "live_risk_class": "low", "rain_1h_mm": 0.0, "rain_3h_mm": 4.0, "rain_6h_mm": 8.0, "rain_24h_mm": 8.0, "max_precipitation_probability": 95.0, "source": "Open-Meteo Forecast API", "honesty_note": "Live predictions are model-estimated weather-impact risk scores, not verified flood incident labels." }, "geometry": { "type": "Polygon", "coordinates": [ [ [ 31.416579157673748, 30.068282221464631 ], [ 31.416579157673748, 30.072169285228959 ], [ 31.421070734094339, 30.072169285228959 ], [ 31.421070734094339, 30.068282221464631 ], [ 31.416579157673748, 30.068282221464631 ] ] ] } },
{ "type": "Feature", "properties": { "zone_code": "NSR-GRID-104", "live_predicted_score": 0.25429376606178811, "live_risk_class": "low", "rain_1h_mm": 0.0, "rain_3h_mm": 4.0, "rain_6h_mm": 8.0, "rain_24h_mm": 8.0, "max_precipitation_probability": 95.0, "source": "Open-Meteo Forecast API", "honesty_note": "Live predictions are model-estimated weather-impact risk scores, not verified flood incident labels." }, "geometry": { "type": "Polygon", "coordinates": [ [ [ 31.421070734094339, 30.068282221464631 ], [ 31.425248552861458, 30.068282221464631 ], [ 31.4251755, 30.0682228 ], [ 31.4226475, 30.0664334 ], [ 31.421070734094339, 30.065352117234557 ], [ 31.421070734094339, 30.068282221464631 ] ] ] } },
{ "type": "Feature", "properties": { "zone_code": "NSR-GRID-105", "live_predicted_score": 0.47197802279869006, "live_risk_class": "medium", "rain_1h_mm": 0.0, "rain_3h_mm": 4.0, "rain_6h_mm": 8.0, "rain_24h_mm": 8.0, "max_precipitation_probability": 95.0, "source": "Open-Meteo Forecast API", "honesty_note": "Live predictions are model-estimated weather-impact risk scores, not verified flood incident labels." }, "geometry": { "type": "Polygon", "coordinates": [ [ [ 31.322256052841194, 30.068282221464631 ], [ 31.322256052841194, 30.064395005024021 ], [ 31.321508474791283, 30.064395005024021 ], [ 31.3207722, 30.065661 ], [ 31.3201768, 30.0670489 ], [ 31.319734840459528, 30.068282221464631 ], [ 31.322256052841194, 30.068282221464631 ] ] ] } },
{ "type": "Feature", "properties": { "zone_code": "NSR-GRID-106", "live_predicted_score": 0.24780458826478807, "live_risk_class": "low", "rain_1h_mm": 0.0, "rain_3h_mm": 4.0, "rain_6h_mm": 8.0, "rain_24h_mm": 8.0, "max_precipitation_probability": 95.0, "source": "Open-Meteo Forecast API", "honesty_note": "Live predictions are model-estimated weather-impact risk scores, not verified flood incident labels." }, "geometry": { "type": "Polygon", "coordinates": [ [ [ 31.416579157673748, 30.064395005024021 ], [ 31.416579157673748, 30.068282221464631 ], [ 31.421070734094339, 30.068282221464631 ], [ 31.421070734094339, 30.065352117234557 ], [ 31.4207935, 30.065162 ], [ 31.420012943530718, 30.064395005024021 ], [ 31.416579157673748, 30.064395005024021 ] ] ] } },
{ "type": "Feature", "properties": { "zone_code": "NSR-GRID-107", "live_predicted_score": 0.53147861971618571, "live_risk_class": "medium", "rain_1h_mm": 0.0, "rain_3h_mm": 4.0, "rain_6h_mm": 8.0, "rain_24h_mm": 8.0, "max_precipitation_probability": 95.0, "source": "Open-Meteo Forecast API", "honesty_note": "Live predictions are model-estimated weather-impact risk scores, not verified flood incident labels." }, "geometry": { "type": "Polygon", "coordinates": [ [ [ 31.322256052841194, 30.064395005024021 ], [ 31.322256052841194, 30.068282221464631 ], [ 31.326747629261792, 30.068282221464631 ], [ 31.326747629261792, 30.064395005024021 ], [ 31.322256052841194, 30.064395005024021 ] ] ] } },
{ "type": "Feature", "properties": { "zone_code": "NSR-GRID-108", "live_predicted_score": 0.48907817973728934, "live_risk_class": "medium", "rain_1h_mm": 0.0, "rain_3h_mm": 4.0, "rain_6h_mm": 8.0, "rain_24h_mm": 8.0, "max_precipitation_probability": 95.0, "source": "Open-Meteo Forecast API", "honesty_note": "Live predictions are model-estimated weather-impact risk scores, not verified flood incident labels." }, "geometry": { "type": "Polygon", "coordinates": [ [ [ 31.326747629261792, 30.064395005024021 ], [ 31.326747629261792, 30.068282221464631 ], [ 31.331239205682394, 30.068282221464631 ], [ 31.331239205682394, 30.064395005024021 ], [ 31.326747629261792, 30.064395005024021 ] ] ] } },
{ "type": "Feature", "properties": { "zone_code": "NSR-GRID-109", "live_predicted_score": 0.54584199313970383, "live_risk_class": "medium", "rain_1h_mm": 0.0, "rain_3h_mm": 4.0, "rain_6h_mm": 8.0, "rain_24h_mm": 8.0, "max_precipitation_probability": 95.0, "source": "Open-Meteo Forecast API", "honesty_note": "Live predictions are model-estimated weather-impact risk scores, not verified flood incident labels." }, "geometry": { "type": "Polygon", "coordinates": [ [ [ 31.331239205682394, 30.064395005024021 ], [ 31.331239205682394, 30.068282221464631 ], [ 31.335730782102992, 30.068282221464631 ], [ 31.335730782102992, 30.064395005024021 ], [ 31.331239205682394, 30.064395005024021 ] ] ] } },
{ "type": "Feature", "properties": { "zone_code": "NSR-GRID-110", "live_predicted_score": 0.45880700222450183, "live_risk_class": "medium", "rain_1h_mm": 0.0, "rain_3h_mm": 4.0, "rain_6h_mm": 8.0, "rain_24h_mm": 8.0, "max_precipitation_probability": 95.0, "source": "Open-Meteo Forecast API", "honesty_note": "Live predictions are model-estimated weather-impact risk scores, not verified flood incident labels." }, "geometry": { "type": "Polygon", "coordinates": [ [ [ 31.335730782102992, 30.064395005024021 ], [ 31.335730782102992, 30.068282221464631 ], [ 31.340222358523583, 30.068282221464631 ], [ 31.340222358523583, 30.064395005024021 ], [ 31.335730782102992, 30.064395005024021 ] ] ] } },
{ "type": "Feature", "properties": { "zone_code": "NSR-GRID-111", "live_predicted_score": 0.48595389632575575, "live_risk_class": "medium", "rain_1h_mm": 0.0, "rain_3h_mm": 4.0, "rain_6h_mm": 8.0, "rain_24h_mm": 8.0, "max_precipitation_probability": 95.0, "source": "Open-Meteo Forecast API", "honesty_note": "Live predictions are model-estimated weather-impact risk scores, not verified flood incident labels." }, "geometry": { "type": "Polygon", "coordinates": [ [ [ 31.340222358523583, 30.064395005024021 ], [ 31.340222358523583, 30.068282221464631 ], [ 31.344713934944181, 30.068282221464631 ], [ 31.344713934944181, 30.064395005024021 ], [ 31.340222358523583, 30.064395005024021 ] ] ] } },
{ "type": "Feature", "properties": { "zone_code": "NSR-GRID-112", "live_predicted_score": 0.50583090505790518, "live_risk_class": "medium", "rain_1h_mm": 0.0, "rain_3h_mm": 4.0, "rain_6h_mm": 8.0, "rain_24h_mm": 8.0, "max_precipitation_probability": 95.0, "source": "Open-Meteo Forecast API", "honesty_note": "Live predictions are model-estimated weather-impact risk scores, not verified flood incident labels." }, "geometry": { "type": "Polygon", "coordinates": [ [ [ 31.344713934944181, 30.064395005024021 ], [ 31.344713934944181, 30.068282221464631 ], [ 31.349205511364779, 30.068282221464631 ], [ 31.349205511364779, 30.064395005024021 ], [ 31.344713934944181, 30.064395005024021 ] ] ] } },
{ "type": "Feature", "properties": { "zone_code": "NSR-GRID-113", "live_predicted_score": 0.50026041163906887, "live_risk_class": "medium", "rain_1h_mm": 0.0, "rain_3h_mm": 4.0, "rain_6h_mm": 8.0, "rain_24h_mm": 8.0, "max_precipitation_probability": 95.0, "source": "Open-Meteo Forecast API", "honesty_note": "Live predictions are model-estimated weather-impact risk scores, not verified flood incident labels." }, "geometry": { "type": "Polygon", "coordinates": [ [ [ 31.349205511364779, 30.064395005024021 ], [ 31.349205511364779, 30.068282221464631 ], [ 31.353697087785381, 30.068282221464631 ], [ 31.353697087785381, 30.064395005024021 ], [ 31.349205511364779, 30.064395005024021 ] ] ] } },
{ "type": "Feature", "properties": { "zone_code": "NSR-GRID-114", "live_predicted_score": 0.5165766718719218, "live_risk_class": "medium", "rain_1h_mm": 0.0, "rain_3h_mm": 4.0, "rain_6h_mm": 8.0, "rain_24h_mm": 8.0, "max_precipitation_probability": 95.0, "source": "Open-Meteo Forecast API", "honesty_note": "Live predictions are model-estimated weather-impact risk scores, not verified flood incident labels." }, "geometry": { "type": "Polygon", "coordinates": [ [ [ 31.353697087785381, 30.064395005024021 ], [ 31.353697087785381, 30.068282221464631 ], [ 31.358188664205979, 30.068282221464631 ], [ 31.358188664205979, 30.064395005024021 ], [ 31.353697087785381, 30.064395005024021 ] ] ] } },
{ "type": "Feature", "properties": { "zone_code": "NSR-GRID-115", "live_predicted_score": 0.53215755485879712, "live_risk_class": "medium", "rain_1h_mm": 0.0, "rain_3h_mm": 4.0, "rain_6h_mm": 8.0, "rain_24h_mm": 8.0, "max_precipitation_probability": 95.0, "source": "Open-Meteo Forecast API", "honesty_note": "Live predictions are model-estimated weather-impact risk scores, not verified flood incident labels." }, "geometry": { "type": "Polygon", "coordinates": [ [ [ 31.358188664205979, 30.064395005024021 ], [ 31.358188664205979, 30.068282221464631 ], [ 31.362680240626577, 30.068282221464631 ], [ 31.362680240626577, 30.064395005024021 ], [ 31.358188664205979, 30.064395005024021 ] ] ] } },
{ "type": "Feature", "properties": { "zone_code": "NSR-GRID-116", "live_predicted_score": 0.45022890545576083, "live_risk_class": "medium", "rain_1h_mm": 0.0, "rain_3h_mm": 4.0, "rain_6h_mm": 8.0, "rain_24h_mm": 8.0, "max_precipitation_probability": 95.0, "source": "Open-Meteo Forecast API", "honesty_note": "Live predictions are model-estimated weather-impact risk scores, not verified flood incident labels." }, "geometry": { "type": "Polygon", "coordinates": [ [ [ 31.362680240626577, 30.064395005024021 ], [ 31.362680240626577, 30.068282221464631 ], [ 31.367171817047169, 30.068282221464631 ], [ 31.367171817047169, 30.064395005024021 ], [ 31.362680240626577, 30.064395005024021 ] ] ] } },
{ "type": "Feature", "properties": { "zone_code": "NSR-GRID-117", "live_predicted_score": 0.34931497088845104, "live_risk_class": "medium", "rain_1h_mm": 0.0, "rain_3h_mm": 4.0, "rain_6h_mm": 8.0, "rain_24h_mm": 8.0, "max_precipitation_probability": 95.0, "source": "Open-Meteo Forecast API", "honesty_note": "Live predictions are model-estimated weather-impact risk scores, not verified flood incident labels." }, "geometry": { "type": "Polygon", "coordinates": [ [ [ 31.367171817047169, 30.064395005024021 ], [ 31.367171817047169, 30.068282221464631 ], [ 31.371663393467767, 30.068282221464631 ], [ 31.371663393467767, 30.064395005024021 ], [ 31.367171817047169, 30.064395005024021 ] ] ] } },
{ "type": "Feature", "properties": { "zone_code": "NSR-GRID-118", "live_predicted_score": 0.31509517240111357, "live_risk_class": "low", "rain_1h_mm": 0.0, "rain_3h_mm": 4.0, "rain_6h_mm": 8.0, "rain_24h_mm": 8.0, "max_precipitation_probability": 95.0, "source": "Open-Meteo Forecast API", "honesty_note": "Live predictions are model-estimated weather-impact risk scores, not verified flood incident labels." }, "geometry": { "type": "Polygon", "coordinates": [ [ [ 31.371663393467767, 30.064395005024021 ], [ 31.371663393467767, 30.068282221464631 ], [ 31.376154969888365, 30.068282221464631 ], [ 31.376154969888365, 30.064395005024021 ], [ 31.371663393467767, 30.064395005024021 ] ] ] } },
{ "type": "Feature", "properties": { "zone_code": "NSR-GRID-119", "live_predicted_score": 0.56515093786363613, "live_risk_class": "medium", "rain_1h_mm": 0.0, "rain_3h_mm": 4.0, "rain_6h_mm": 8.0, "rain_24h_mm": 8.0, "max_precipitation_probability": 95.0, "source": "Open-Meteo Forecast API", "honesty_note": "Live predictions are model-estimated weather-impact risk scores, not verified flood incident labels." }, "geometry": { "type": "Polygon", "coordinates": [ [ [ 31.376154969888365, 30.064395005024021 ], [ 31.376154969888365, 30.068282221464631 ], [ 31.380646546308967, 30.068282221464631 ], [ 31.380646546308967, 30.064395005024021 ], [ 31.376154969888365, 30.064395005024021 ] ] ] } },
{ "type": "Feature", "properties": { "zone_code": "NSR-GRID-120", "live_predicted_score": 0.5845505065834723, "live_risk_class": "medium", "rain_1h_mm": 0.0, "rain_3h_mm": 4.0, "rain_6h_mm": 8.0, "rain_24h_mm": 8.0, "max_precipitation_probability": 95.0, "source": "Open-Meteo Forecast API", "honesty_note": "Live predictions are model-estimated weather-impact risk scores, not verified flood incident labels." }, "geometry": { "type": "Polygon", "coordinates": [ [ [ 31.380646546308967, 30.064395005024021 ], [ 31.380646546308967, 30.068282221464631 ], [ 31.385138122729565, 30.068282221464631 ], [ 31.385138122729565, 30.064395005024021 ], [ 31.380646546308967, 30.064395005024021 ] ] ] } },
{ "type": "Feature", "properties": { "zone_code": "NSR-GRID-121", "live_predicted_score": 0.53738031859439606, "live_risk_class": "medium", "rain_1h_mm": 0.0, "rain_3h_mm": 4.0, "rain_6h_mm": 8.0, "rain_24h_mm": 8.0, "max_precipitation_probability": 95.0, "source": "Open-Meteo Forecast API", "honesty_note": "Live predictions are model-estimated weather-impact risk scores, not verified flood incident labels." }, "geometry": { "type": "Polygon", "coordinates": [ [ [ 31.385138122729565, 30.064395005024021 ], [ 31.385138122729565, 30.068282221464631 ], [ 31.389629699150163, 30.068282221464631 ], [ 31.389629699150163, 30.064395005024021 ], [ 31.385138122729565, 30.064395005024021 ] ] ] } },
{ "type": "Feature", "properties": { "zone_code": "NSR-GRID-122", "live_predicted_score": 0.5013879046466525, "live_risk_class": "medium", "rain_1h_mm": 0.0, "rain_3h_mm": 4.0, "rain_6h_mm": 8.0, "rain_24h_mm": 8.0, "max_precipitation_probability": 95.0, "source": "Open-Meteo Forecast API", "honesty_note": "Live predictions are model-estimated weather-impact risk scores, not verified flood incident labels." }, "geometry": { "type": "Polygon", "coordinates": [ [ [ 31.389629699150163, 30.064395005024021 ], [ 31.389629699150163, 30.068282221464631 ], [ 31.394121275570754, 30.068282221464631 ], [ 31.394121275570754, 30.064395005024021 ], [ 31.389629699150163, 30.064395005024021 ] ] ] } },
{ "type": "Feature", "properties": { "zone_code": "NSR-GRID-123", "live_predicted_score": 0.50970419114093179, "live_risk_class": "medium", "rain_1h_mm": 0.0, "rain_3h_mm": 4.0, "rain_6h_mm": 8.0, "rain_24h_mm": 8.0, "max_precipitation_probability": 95.0, "source": "Open-Meteo Forecast API", "honesty_note": "Live predictions are model-estimated weather-impact risk scores, not verified flood incident labels." }, "geometry": { "type": "Polygon", "coordinates": [ [ [ 31.394121275570754, 30.064395005024021 ], [ 31.394121275570754, 30.068282221464631 ], [ 31.398612851991352, 30.068282221464631 ], [ 31.398612851991352, 30.064395005024021 ], [ 31.394121275570754, 30.064395005024021 ] ] ] } },
{ "type": "Feature", "properties": { "zone_code": "NSR-GRID-124", "live_predicted_score": 0.46160432153527942, "live_risk_class": "medium", "rain_1h_mm": 0.0, "rain_3h_mm": 4.0, "rain_6h_mm": 8.0, "rain_24h_mm": 8.0, "max_precipitation_probability": 95.0, "source": "Open-Meteo Forecast API", "honesty_note": "Live predictions are model-estimated weather-impact risk scores, not verified flood incident labels." }, "geometry": { "type": "Polygon", "coordinates": [ [ [ 31.398612851991352, 30.064395005024021 ], [ 31.398612851991352, 30.068282221464631 ], [ 31.403104428411954, 30.068282221464631 ], [ 31.403104428411954, 30.064395005024021 ], [ 31.398612851991352, 30.064395005024021 ] ] ] } },
{ "type": "Feature", "properties": { "zone_code": "NSR-GRID-125", "live_predicted_score": 0.30429956584093043, "live_risk_class": "low", "rain_1h_mm": 0.0, "rain_3h_mm": 4.0, "rain_6h_mm": 8.0, "rain_24h_mm": 8.0, "max_precipitation_probability": 95.0, "source": "Open-Meteo Forecast API", "honesty_note": "Live predictions are model-estimated weather-impact risk scores, not verified flood incident labels." }, "geometry": { "type": "Polygon", "coordinates": [ [ [ 31.403104428411954, 30.064395005024021 ], [ 31.403104428411954, 30.068282221464631 ], [ 31.407596004832552, 30.068282221464631 ], [ 31.407596004832552, 30.064395005024021 ], [ 31.403104428411954, 30.064395005024021 ] ] ] } },
{ "type": "Feature", "properties": { "zone_code": "NSR-GRID-126", "live_predicted_score": 0.27307531138005053, "live_risk_class": "low", "rain_1h_mm": 0.0, "rain_3h_mm": 4.0, "rain_6h_mm": 8.0, "rain_24h_mm": 8.0, "max_precipitation_probability": 95.0, "source": "Open-Meteo Forecast API", "honesty_note": "Live predictions are model-estimated weather-impact risk scores, not verified flood incident labels." }, "geometry": { "type": "Polygon", "coordinates": [ [ [ 31.407596004832552, 30.064395005024021 ], [ 31.407596004832552, 30.068282221464631 ], [ 31.41208758125315, 30.068282221464631 ], [ 31.41208758125315, 30.064395005024021 ], [ 31.407596004832552, 30.064395005024021 ] ] ] } },
{ "type": "Feature", "properties": { "zone_code": "NSR-GRID-127", "live_predicted_score": 0.23676787226856186, "live_risk_class": "low", "rain_1h_mm": 0.0, "rain_3h_mm": 4.0, "rain_6h_mm": 8.0, "rain_24h_mm": 8.0, "max_precipitation_probability": 95.0, "source": "Open-Meteo Forecast API", "honesty_note": "Live predictions are model-estimated weather-impact risk scores, not verified flood incident labels." }, "geometry": { "type": "Polygon", "coordinates": [ [ [ 31.41208758125315, 30.064395005024021 ], [ 31.41208758125315, 30.068282221464631 ], [ 31.416579157673748, 30.068282221464631 ], [ 31.416579157673748, 30.064395005024021 ], [ 31.41208758125315, 30.064395005024021 ] ] ] } },
{ "type": "Feature", "properties": { "zone_code": "NSR-GRID-128", "live_predicted_score": 0.34214117354461598, "live_risk_class": "medium", "rain_1h_mm": 0.0, "rain_3h_mm": 4.0, "rain_6h_mm": 8.0, "rain_24h_mm": 8.0, "max_precipitation_probability": 95.0, "source": "Open-Meteo Forecast API", "honesty_note": "Live predictions are model-estimated weather-impact risk scores, not verified flood incident labels." }, "geometry": { "type": "Polygon", "coordinates": [ [ [ 31.322256052841194, 30.064395005024021 ], [ 31.322256052841194, 30.063109557980901 ], [ 31.321508474791283, 30.064395005024021 ], [ 31.322256052841194, 30.064395005024021 ] ] ] } },
{ "type": "Feature", "properties": { "zone_code": "NSR-GRID-129", "live_predicted_score": 0.27503456819180511, "live_risk_class": "low", "rain_1h_mm": 0.0, "rain_3h_mm": 4.0, "rain_6h_mm": 8.0, "rain_24h_mm": 8.0, "max_precipitation_probability": 95.0, "source": "Open-Meteo Forecast API", "honesty_note": "Live predictions are model-estimated weather-impact risk scores, not verified flood incident labels." }, "geometry": { "type": "Polygon", "coordinates": [ [ [ 31.416579157673748, 30.064395005024021 ], [ 31.420012943530718, 30.064395005024021 ], [ 31.4181906, 30.0626043 ], [ 31.416579157673748, 30.060679953030998 ], [ 31.416579157673748, 30.064395005024021 ] ] ] } },
{ "type": "Feature", "properties": { "zone_code": "NSR-GRID-130", "live_predicted_score": 0.49325051769958767, "live_risk_class": "medium", "rain_1h_mm": 0.0, "rain_3h_mm": 4.0, "rain_6h_mm": 8.0, "rain_24h_mm": 8.0, "max_precipitation_probability": 95.0, "source": "Open-Meteo Forecast API", "honesty_note": "Live predictions are model-estimated weather-impact risk scores, not verified flood incident labels." }, "geometry": { "type": "Polygon", "coordinates": [ [ [ 31.322256052841194, 30.064395005024021 ], [ 31.326747629261792, 30.064395005024021 ], [ 31.326747629261792, 30.060507635919031 ], [ 31.323759049574754, 30.060507635919031 ], [ 31.322397, 30.0628672 ], [ 31.322256052841194, 30.063109557980901 ], [ 31.322256052841194, 30.064395005024021 ] ] ] } },
{ "type": "Feature", "properties": { "zone_code": "NSR-GRID-131", "live_predicted_score": 0.23694238375605611, "live_risk_class": "low", "rain_1h_mm": 0.0, "rain_3h_mm": 4.0, "rain_6h_mm": 8.0, "rain_24h_mm": 8.0, "max_precipitation_probability": 95.0, "source": "Open-Meteo Forecast API", "honesty_note": "Live predictions are model-estimated weather-impact risk scores, not verified flood incident labels." }, "geometry": { "type": "Polygon", "coordinates": [ [ [ 31.41208758125315, 30.060507635919031 ], [ 31.41208758125315, 30.064395005024021 ], [ 31.416579157673748, 30.064395005024021 ], [ 31.416579157673748, 30.060679953030998 ], [ 31.416434861373908, 30.060507635919031 ], [ 31.41208758125315, 30.060507635919031 ] ] ] } },
{ "type": "Feature", "properties": { "zone_code": "NSR-GRID-132", "live_predicted_score": 0.53830781963480634, "live_risk_class": "medium", "rain_1h_mm": 0.0, "rain_3h_mm": 4.0, "rain_6h_mm": 8.0, "rain_24h_mm": 8.0, "max_precipitation_probability": 95.0, "source": "Open-Meteo Forecast API", "honesty_note": "Live predictions are model-estimated weather-impact risk scores, not verified flood incident labels." }, "geometry": { "type": "Polygon", "coordinates": [ [ [ 31.326747629261792, 30.060507635919031 ], [ 31.326747629261792, 30.064395005024021 ], [ 31.331239205682394, 30.064395005024021 ], [ 31.331239205682394, 30.060507635919031 ], [ 31.326747629261792, 30.060507635919031 ] ] ] } },
{ "type": "Feature", "properties": { "zone_code": "NSR-GRID-133", "live_predicted_score": 0.54067580455587261, "live_risk_class": "medium", "rain_1h_mm": 0.0, "rain_3h_mm": 4.0, "rain_6h_mm": 8.0, "rain_24h_mm": 8.0, "max_precipitation_probability": 95.0, "source": "Open-Meteo Forecast API", "honesty_note": "Live predictions are model-estimated weather-impact risk scores, not verified flood incident labels." }, "geometry": { "type": "Polygon", "coordinates": [ [ [ 31.331239205682394, 30.060507635919031 ], [ 31.331239205682394, 30.064395005024021 ], [ 31.335730782102992, 30.064395005024021 ], [ 31.335730782102992, 30.060507635919031 ], [ 31.331239205682394, 30.060507635919031 ] ] ] } },
{ "type": "Feature", "properties": { "zone_code": "NSR-GRID-134", "live_predicted_score": 0.49476057360885356, "live_risk_class": "medium", "rain_1h_mm": 0.0, "rain_3h_mm": 4.0, "rain_6h_mm": 8.0, "rain_24h_mm": 8.0, "max_precipitation_probability": 95.0, "source": "Open-Meteo Forecast API", "honesty_note": "Live predictions are model-estimated weather-impact risk scores, not verified flood incident labels." }, "geometry": { "type": "Polygon", "coordinates": [ [ [ 31.335730782102992, 30.060507635919031 ], [ 31.335730782102992, 30.064395005024021 ], [ 31.340222358523583, 30.064395005024021 ], [ 31.340222358523583, 30.060507635919031 ], [ 31.335730782102992, 30.060507635919031 ] ] ] } },
{ "type": "Feature", "properties": { "zone_code": "NSR-GRID-135", "live_predicted_score": 0.50996460135604815, "live_risk_class": "medium", "rain_1h_mm": 0.0, "rain_3h_mm": 4.0, "rain_6h_mm": 8.0, "rain_24h_mm": 8.0, "max_precipitation_probability": 95.0, "source": "Open-Meteo Forecast API", "honesty_note": "Live predictions are model-estimated weather-impact risk scores, not verified flood incident labels." }, "geometry": { "type": "Polygon", "coordinates": [ [ [ 31.340222358523583, 30.060507635919031 ], [ 31.340222358523583, 30.064395005024021 ], [ 31.344713934944181, 30.064395005024021 ], [ 31.344713934944181, 30.060507635919031 ], [ 31.340222358523583, 30.060507635919031 ] ] ] } },
{ "type": "Feature", "properties": { "zone_code": "NSR-GRID-136", "live_predicted_score": 0.432874196410582, "live_risk_class": "medium", "rain_1h_mm": 0.0, "rain_3h_mm": 4.0, "rain_6h_mm": 8.0, "rain_24h_mm": 8.0, "max_precipitation_probability": 95.0, "source": "Open-Meteo Forecast API", "honesty_note": "Live predictions are model-estimated weather-impact risk scores, not verified flood incident labels." }, "geometry": { "type": "Polygon", "coordinates": [ [ [ 31.344713934944181, 30.060507635919031 ], [ 31.344713934944181, 30.064395005024021 ], [ 31.349205511364779, 30.064395005024021 ], [ 31.349205511364779, 30.060507635919031 ], [ 31.344713934944181, 30.060507635919031 ] ] ] } },
{ "type": "Feature", "properties": { "zone_code": "NSR-GRID-137", "live_predicted_score": 0.4757949671870681, "live_risk_class": "medium", "rain_1h_mm": 0.0, "rain_3h_mm": 4.0, "rain_6h_mm": 8.0, "rain_24h_mm": 8.0, "max_precipitation_probability": 95.0, "source": "Open-Meteo Forecast API", "honesty_note": "Live predictions are model-estimated weather-impact risk scores, not verified flood incident labels." }, "geometry": { "type": "Polygon", "coordinates": [ [ [ 31.349205511364779, 30.060507635919031 ], [ 31.349205511364779, 30.064395005024021 ], [ 31.353697087785381, 30.064395005024021 ], [ 31.353697087785381, 30.060507635919031 ], [ 31.349205511364779, 30.060507635919031 ] ] ] } },
{ "type": "Feature", "properties": { "zone_code": "NSR-GRID-138", "live_predicted_score": 0.42925184114680121, "live_risk_class": "medium", "rain_1h_mm": 0.0, "rain_3h_mm": 4.0, "rain_6h_mm": 8.0, "rain_24h_mm": 8.0, "max_precipitation_probability": 95.0, "source": "Open-Meteo Forecast API", "honesty_note": "Live predictions are model-estimated weather-impact risk scores, not verified flood incident labels." }, "geometry": { "type": "Polygon", "coordinates": [ [ [ 31.353697087785381, 30.060507635919031 ], [ 31.353697087785381, 30.064395005024021 ], [ 31.358188664205979, 30.064395005024021 ], [ 31.358188664205979, 30.060507635919031 ], [ 31.353697087785381, 30.060507635919031 ] ] ] } },
{ "type": "Feature", "properties": { "zone_code": "NSR-GRID-139", "live_predicted_score": 0.48648537281434956, "live_risk_class": "medium", "rain_1h_mm": 0.0, "rain_3h_mm": 4.0, "rain_6h_mm": 8.0, "rain_24h_mm": 8.0, "max_precipitation_probability": 95.0, "source": "Open-Meteo Forecast API", "honesty_note": "Live predictions are model-estimated weather-impact risk scores, not verified flood incident labels." }, "geometry": { "type": "Polygon", "coordinates": [ [ [ 31.358188664205979, 30.060507635919031 ], [ 31.358188664205979, 30.064395005024021 ], [ 31.362680240626577, 30.064395005024021 ], [ 31.362680240626577, 30.060507635919031 ], [ 31.358188664205979, 30.060507635919031 ] ] ] } },
{ "type": "Feature", "properties": { "zone_code": "NSR-GRID-140", "live_predicted_score": 0.20682403200789481, "live_risk_class": "low", "rain_1h_mm": 0.0, "rain_3h_mm": 4.0, "rain_6h_mm": 8.0, "rain_24h_mm": 8.0, "max_precipitation_probability": 95.0, "source": "Open-Meteo Forecast API", "honesty_note": "Live predictions are model-estimated weather-impact risk scores, not verified flood incident labels." }, "geometry": { "type": "Polygon", "coordinates": [ [ [ 31.362680240626577, 30.060507635919031 ], [ 31.362680240626577, 30.064395005024021 ], [ 31.367171817047169, 30.064395005024021 ], [ 31.367171817047169, 30.060507635919031 ], [ 31.362680240626577, 30.060507635919031 ] ] ] } },
{ "type": "Feature", "properties": { "zone_code": "NSR-GRID-141", "live_predicted_score": 0.20565356286407313, "live_risk_class": "low", "rain_1h_mm": 0.0, "rain_3h_mm": 4.0, "rain_6h_mm": 8.0, "rain_24h_mm": 8.0, "max_precipitation_probability": 95.0, "source": "Open-Meteo Forecast API", "honesty_note": "Live predictions are model-estimated weather-impact risk scores, not verified flood incident labels." }, "geometry": { "type": "Polygon", "coordinates": [ [ [ 31.367171817047169, 30.060507635919031 ], [ 31.367171817047169, 30.064395005024021 ], [ 31.371663393467767, 30.064395005024021 ], [ 31.371663393467767, 30.060507635919031 ], [ 31.367171817047169, 30.060507635919031 ] ] ] } },
{ "type": "Feature", "properties": { "zone_code": "NSR-GRID-142", "live_predicted_score": 0.35800567440648356, "live_risk_class": "medium", "rain_1h_mm": 0.0, "rain_3h_mm": 4.0, "rain_6h_mm": 8.0, "rain_24h_mm": 8.0, "max_precipitation_probability": 95.0, "source": "Open-Meteo Forecast API", "honesty_note": "Live predictions are model-estimated weather-impact risk scores, not verified flood incident labels." }, "geometry": { "type": "Polygon", "coordinates": [ [ [ 31.371663393467767, 30.060507635919031 ], [ 31.371663393467767, 30.064395005024021 ], [ 31.376154969888365, 30.064395005024021 ], [ 31.376154969888365, 30.060507635919031 ], [ 31.371663393467767, 30.060507635919031 ] ] ] } },
{ "type": "Feature", "properties": { "zone_code": "NSR-GRID-143", "live_predicted_score": 0.55084439474243918, "live_risk_class": "medium", "rain_1h_mm": 0.0, "rain_3h_mm": 4.0, "rain_6h_mm": 8.0, "rain_24h_mm": 8.0, "max_precipitation_probability": 95.0, "source": "Open-Meteo Forecast API", "honesty_note": "Live predictions are model-estimated weather-impact risk scores, not verified flood incident labels." }, "geometry": { "type": "Polygon", "coordinates": [ [ [ 31.376154969888365, 30.060507635919031 ], [ 31.376154969888365, 30.064395005024021 ], [ 31.380646546308967, 30.064395005024021 ], [ 31.380646546308967, 30.060507635919031 ], [ 31.376154969888365, 30.060507635919031 ] ] ] } },
{ "type": "Feature", "properties": { "zone_code": "NSR-GRID-144", "live_predicted_score": 0.56573547875948405, "live_risk_class": "medium", "rain_1h_mm": 0.0, "rain_3h_mm": 4.0, "rain_6h_mm": 8.0, "rain_24h_mm": 8.0, "max_precipitation_probability": 95.0, "source": "Open-Meteo Forecast API", "honesty_note": "Live predictions are model-estimated weather-impact risk scores, not verified flood incident labels." }, "geometry": { "type": "Polygon", "coordinates": [ [ [ 31.380646546308967, 30.060507635919031 ], [ 31.380646546308967, 30.064395005024021 ], [ 31.385138122729565, 30.064395005024021 ], [ 31.385138122729565, 30.060507635919031 ], [ 31.380646546308967, 30.060507635919031 ] ] ] } },
{ "type": "Feature", "properties": { "zone_code": "NSR-GRID-145", "live_predicted_score": 0.47981286176074245, "live_risk_class": "medium", "rain_1h_mm": 0.0, "rain_3h_mm": 4.0, "rain_6h_mm": 8.0, "rain_24h_mm": 8.0, "max_precipitation_probability": 95.0, "source": "Open-Meteo Forecast API", "honesty_note": "Live predictions are model-estimated weather-impact risk scores, not verified flood incident labels." }, "geometry": { "type": "Polygon", "coordinates": [ [ [ 31.385138122729565, 30.060507635919031 ], [ 31.385138122729565, 30.064395005024021 ], [ 31.389629699150163, 30.064395005024021 ], [ 31.389629699150163, 30.060507635919031 ], [ 31.385138122729565, 30.060507635919031 ] ] ] } },
{ "type": "Feature", "properties": { "zone_code": "NSR-GRID-146", "live_predicted_score": 0.47005948992114865, "live_risk_class": "medium", "rain_1h_mm": 0.0, "rain_3h_mm": 4.0, "rain_6h_mm": 8.0, "rain_24h_mm": 8.0, "max_precipitation_probability": 95.0, "source": "Open-Meteo Forecast API", "honesty_note": "Live predictions are model-estimated weather-impact risk scores, not verified flood incident labels." }, "geometry": { "type": "Polygon", "coordinates": [ [ [ 31.389629699150163, 30.060507635919031 ], [ 31.389629699150163, 30.064395005024021 ], [ 31.394121275570754, 30.064395005024021 ], [ 31.394121275570754, 30.060507635919031 ], [ 31.389629699150163, 30.060507635919031 ] ] ] } },
{ "type": "Feature", "properties": { "zone_code": "NSR-GRID-147", "live_predicted_score": 0.47449574206368555, "live_risk_class": "medium", "rain_1h_mm": 0.0, "rain_3h_mm": 4.0, "rain_6h_mm": 8.0, "rain_24h_mm": 8.0, "max_precipitation_probability": 95.0, "source": "Open-Meteo Forecast API", "honesty_note": "Live predictions are model-estimated weather-impact risk scores, not verified flood incident labels." }, "geometry": { "type": "Polygon", "coordinates": [ [ [ 31.394121275570754, 30.060507635919031 ], [ 31.394121275570754, 30.064395005024021 ], [ 31.398612851991352, 30.064395005024021 ], [ 31.398612851991352, 30.060507635919031 ], [ 31.394121275570754, 30.060507635919031 ] ] ] } },
{ "type": "Feature", "properties": { "zone_code": "NSR-GRID-148", "live_predicted_score": 0.42230796149769279, "live_risk_class": "medium", "rain_1h_mm": 0.0, "rain_3h_mm": 4.0, "rain_6h_mm": 8.0, "rain_24h_mm": 8.0, "max_precipitation_probability": 95.0, "source": "Open-Meteo Forecast API", "honesty_note": "Live predictions are model-estimated weather-impact risk scores, not verified flood incident labels." }, "geometry": { "type": "Polygon", "coordinates": [ [ [ 31.398612851991352, 30.060507635919031 ], [ 31.398612851991352, 30.064395005024021 ], [ 31.403104428411954, 30.064395005024021 ], [ 31.403104428411954, 30.060507635919031 ], [ 31.398612851991352, 30.060507635919031 ] ] ] } },
{ "type": "Feature", "properties": { "zone_code": "NSR-GRID-149", "live_predicted_score": 0.50609309954020665, "live_risk_class": "medium", "rain_1h_mm": 0.0, "rain_3h_mm": 4.0, "rain_6h_mm": 8.0, "rain_24h_mm": 8.0, "max_precipitation_probability": 95.0, "source": "Open-Meteo Forecast API", "honesty_note": "Live predictions are model-estimated weather-impact risk scores, not verified flood incident labels." }, "geometry": { "type": "Polygon", "coordinates": [ [ [ 31.403104428411954, 30.060507635919031 ], [ 31.403104428411954, 30.064395005024021 ], [ 31.407596004832552, 30.064395005024021 ], [ 31.407596004832552, 30.060507635919031 ], [ 31.403104428411954, 30.060507635919031 ] ] ] } },
{ "type": "Feature", "properties": { "zone_code": "NSR-GRID-150", "live_predicted_score": 0.40461231749831988, "live_risk_class": "medium", "rain_1h_mm": 0.0, "rain_3h_mm": 4.0, "rain_6h_mm": 8.0, "rain_24h_mm": 8.0, "max_precipitation_probability": 95.0, "source": "Open-Meteo Forecast API", "honesty_note": "Live predictions are model-estimated weather-impact risk scores, not verified flood incident labels." }, "geometry": { "type": "Polygon", "coordinates": [ [ [ 31.407596004832552, 30.060507635919031 ], [ 31.407596004832552, 30.064395005024021 ], [ 31.41208758125315, 30.064395005024021 ], [ 31.41208758125315, 30.060507635919031 ], [ 31.407596004832552, 30.060507635919031 ] ] ] } },
{ "type": "Feature", "properties": { "zone_code": "NSR-GRID-151", "live_predicted_score": 0.22055637879743184, "live_risk_class": "low", "rain_1h_mm": 0.0, "rain_3h_mm": 4.0, "rain_6h_mm": 8.0, "rain_24h_mm": 8.0, "max_precipitation_probability": 95.0, "source": "Open-Meteo Forecast API", "honesty_note": "Live predictions are model-estimated weather-impact risk scores, not verified flood incident labels." }, "geometry": { "type": "Polygon", "coordinates": [ [ [ 31.41208758125315, 30.056620114161532 ], [ 31.41208758125315, 30.060507635919031 ], [ 31.416434861373908, 30.060507635919031 ], [ 31.415953, 30.0599322 ], [ 31.4138224, 30.0574153 ], [ 31.413161015291209, 30.056620114161532 ], [ 31.41208758125315, 30.056620114161532 ] ] ] } },
{ "type": "Feature", "properties": { "zone_code": "NSR-GRID-152", "live_predicted_score": 0.46399230067300529, "live_risk_class": "medium", "rain_1h_mm": 0.0, "rain_3h_mm": 4.0, "rain_6h_mm": 8.0, "rain_24h_mm": 8.0, "max_precipitation_probability": 95.0, "source": "Open-Meteo Forecast API", "honesty_note": "Live predictions are model-estimated weather-impact risk scores, not verified flood incident labels." }, "geometry": { "type": "Polygon", "coordinates": [ [ [ 31.326747629261792, 30.060507635919031 ], [ 31.326747629261792, 30.056620114161532 ], [ 31.324525527109831, 30.056620114161532 ], [ 31.3241382, 30.0590633 ], [ 31.3238344, 30.0603771 ], [ 31.323759049574754, 30.060507635919031 ], [ 31.326747629261792, 30.060507635919031 ] ] ] } },
{ "type": "Feature", "properties": { "zone_code": "NSR-GRID-153", "live_predicted_score": 0.55038036689433334, "live_risk_class": "medium", "rain_1h_mm": 0.0, "rain_3h_mm": 4.0, "rain_6h_mm": 8.0, "rain_24h_mm": 8.0, "max_precipitation_probability": 95.0, "source": "Open-Meteo Forecast API", "honesty_note": "Live predictions are model-estimated weather-impact risk scores, not verified flood incident labels." }, "geometry": { "type": "Polygon", "coordinates": [ [ [ 31.326747629261792, 30.056620114161532 ], [ 31.326747629261792, 30.060507635919031 ], [ 31.331239205682394, 30.060507635919031 ], [ 31.331239205682394, 30.056620114161532 ], [ 31.326747629261792, 30.056620114161532 ] ] ] } },
{ "type": "Feature", "properties": { "zone_code": "NSR-GRID-154", "live_predicted_score": 0.5292908349960519, "live_risk_class": "medium", "rain_1h_mm": 0.0, "rain_3h_mm": 4.0, "rain_6h_mm": 8.0, "rain_24h_mm": 8.0, "max_precipitation_probability": 95.0, "source": "Open-Meteo Forecast API", "honesty_note": "Live predictions are model-estimated weather-impact risk scores, not verified flood incident labels." }, "geometry": { "type": "Polygon", "coordinates": [ [ [ 31.331239205682394, 30.056620114161532 ], [ 31.331239205682394, 30.060507635919031 ], [ 31.335730782102992, 30.060507635919031 ], [ 31.335730782102992, 30.056620114161532 ], [ 31.331239205682394, 30.056620114161532 ] ] ] } },
{ "type": "Feature", "properties": { "zone_code": "NSR-GRID-155", "live_predicted_score": 0.51675311064721574, "live_risk_class": "medium", "rain_1h_mm": 0.0, "rain_3h_mm": 4.0, "rain_6h_mm": 8.0, "rain_24h_mm": 8.0, "max_precipitation_probability": 95.0, "source": "Open-Meteo Forecast API", "honesty_note": "Live predictions are model-estimated weather-impact risk scores, not verified flood incident labels." }, "geometry": { "type": "Polygon", "coordinates": [ [ [ 31.335730782102992, 30.056620114161532 ], [ 31.335730782102992, 30.060507635919031 ], [ 31.340222358523583, 30.060507635919031 ], [ 31.340222358523583, 30.056620114161532 ], [ 31.335730782102992, 30.056620114161532 ] ] ] } },
{ "type": "Feature", "properties": { "zone_code": "NSR-GRID-156", "live_predicted_score": 0.51015141518367169, "live_risk_class": "medium", "rain_1h_mm": 0.0, "rain_3h_mm": 4.0, "rain_6h_mm": 8.0, "rain_24h_mm": 8.0, "max_precipitation_probability": 95.0, "source": "Open-Meteo Forecast API", "honesty_note": "Live predictions are model-estimated weather-impact risk scores, not verified flood incident labels." }, "geometry": { "type": "Polygon", "coordinates": [ [ [ 31.340222358523583, 30.056620114161532 ], [ 31.340222358523583, 30.060507635919031 ], [ 31.344713934944181, 30.060507635919031 ], [ 31.344713934944181, 30.056620114161532 ], [ 31.340222358523583, 30.056620114161532 ] ] ] } },
{ "type": "Feature", "properties": { "zone_code": "NSR-GRID-157", "live_predicted_score": 0.48841008920844153, "live_risk_class": "medium", "rain_1h_mm": 0.0, "rain_3h_mm": 4.0, "rain_6h_mm": 8.0, "rain_24h_mm": 8.0, "max_precipitation_probability": 95.0, "source": "Open-Meteo Forecast API", "honesty_note": "Live predictions are model-estimated weather-impact risk scores, not verified flood incident labels." }, "geometry": { "type": "Polygon", "coordinates": [ [ [ 31.344713934944181, 30.056620114161532 ], [ 31.344713934944181, 30.060507635919031 ], [ 31.349205511364779, 30.060507635919031 ], [ 31.349205511364779, 30.056620114161532 ], [ 31.344713934944181, 30.056620114161532 ] ] ] } },
{ "type": "Feature", "properties": { "zone_code": "NSR-GRID-158", "live_predicted_score": 0.51380449238192116, "live_risk_class": "medium", "rain_1h_mm": 0.0, "rain_3h_mm": 4.0, "rain_6h_mm": 8.0, "rain_24h_mm": 8.0, "max_precipitation_probability": 95.0, "source": "Open-Meteo Forecast API", "honesty_note": "Live predictions are model-estimated weather-impact risk scores, not verified flood incident labels." }, "geometry": { "type": "Polygon", "coordinates": [ [ [ 31.349205511364779, 30.056620114161532 ], [ 31.349205511364779, 30.060507635919031 ], [ 31.353697087785381, 30.060507635919031 ], [ 31.353697087785381, 30.056620114161532 ], [ 31.349205511364779, 30.056620114161532 ] ] ] } },
{ "type": "Feature", "properties": { "zone_code": "NSR-GRID-159", "live_predicted_score": 0.46844014834984771, "live_risk_class": "medium", "rain_1h_mm": 0.0, "rain_3h_mm": 4.0, "rain_6h_mm": 8.0, "rain_24h_mm": 8.0, "max_precipitation_probability": 95.0, "source": "Open-Meteo Forecast API", "honesty_note": "Live predictions are model-estimated weather-impact risk scores, not verified flood incident labels." }, "geometry": { "type": "Polygon", "coordinates": [ [ [ 31.353697087785381, 30.056620114161532 ], [ 31.353697087785381, 30.060507635919031 ], [ 31.358188664205979, 30.060507635919031 ], [ 31.358188664205979, 30.056620114161532 ], [ 31.353697087785381, 30.056620114161532 ] ] ] } },
{ "type": "Feature", "properties": { "zone_code": "NSR-GRID-160", "live_predicted_score": 0.53343915002413522, "live_risk_class": "medium", "rain_1h_mm": 0.0, "rain_3h_mm": 4.0, "rain_6h_mm": 8.0, "rain_24h_mm": 8.0, "max_precipitation_probability": 95.0, "source": "Open-Meteo Forecast API", "honesty_note": "Live predictions are model-estimated weather-impact risk scores, not verified flood incident labels." }, "geometry": { "type": "Polygon", "coordinates": [ [ [ 31.358188664205979, 30.056620114161532 ], [ 31.358188664205979, 30.060507635919031 ], [ 31.362680240626577, 30.060507635919031 ], [ 31.362680240626577, 30.056620114161532 ], [ 31.358188664205979, 30.056620114161532 ] ] ] } },
{ "type": "Feature", "properties": { "zone_code": "NSR-GRID-161", "live_predicted_score": 0.45576575034950384, "live_risk_class": "medium", "rain_1h_mm": 0.0, "rain_3h_mm": 4.0, "rain_6h_mm": 8.0, "rain_24h_mm": 8.0, "max_precipitation_probability": 95.0, "source": "Open-Meteo Forecast API", "honesty_note": "Live predictions are model-estimated weather-impact risk scores, not verified flood incident labels." }, "geometry": { "type": "Polygon", "coordinates": [ [ [ 31.362680240626577, 30.056620114161532 ], [ 31.362680240626577, 30.060507635919031 ], [ 31.367171817047169, 30.060507635919031 ], [ 31.367171817047169, 30.056620114161532 ], [ 31.362680240626577, 30.056620114161532 ] ] ] } },
{ "type": "Feature", "properties": { "zone_code": "NSR-GRID-162", "live_predicted_score": 0.3802484748240007, "live_risk_class": "medium", "rain_1h_mm": 0.0, "rain_3h_mm": 4.0, "rain_6h_mm": 8.0, "rain_24h_mm": 8.0, "max_precipitation_probability": 95.0, "source": "Open-Meteo Forecast API", "honesty_note": "Live predictions are model-estimated weather-impact risk scores, not verified flood incident labels." }, "geometry": { "type": "Polygon", "coordinates": [ [ [ 31.367171817047169, 30.056620114161532 ], [ 31.367171817047169, 30.060507635919031 ], [ 31.371663393467767, 30.060507635919031 ], [ 31.371663393467767, 30.056620114161532 ], [ 31.367171817047169, 30.056620114161532 ] ] ] } },
{ "type": "Feature", "properties": { "zone_code": "NSR-GRID-163", "live_predicted_score": 0.45304423733831861, "live_risk_class": "medium", "rain_1h_mm": 0.0, "rain_3h_mm": 4.0, "rain_6h_mm": 8.0, "rain_24h_mm": 8.0, "max_precipitation_probability": 95.0, "source": "Open-Meteo Forecast API", "honesty_note": "Live predictions are model-estimated weather-impact risk scores, not verified flood incident labels." }, "geometry": { "type": "Polygon", "coordinates": [ [ [ 31.371663393467767, 30.056620114161532 ], [ 31.371663393467767, 30.060507635919031 ], [ 31.376154969888365, 30.060507635919031 ], [ 31.376154969888365, 30.056620114161532 ], [ 31.371663393467767, 30.056620114161532 ] ] ] } },
{ "type": "Feature", "properties": { "zone_code": "NSR-GRID-164", "live_predicted_score": 0.48580637665592019, "live_risk_class": "medium", "rain_1h_mm": 0.0, "rain_3h_mm": 4.0, "rain_6h_mm": 8.0, "rain_24h_mm": 8.0, "max_precipitation_probability": 95.0, "source": "Open-Meteo Forecast API", "honesty_note": "Live predictions are model-estimated weather-impact risk scores, not verified flood incident labels." }, "geometry": { "type": "Polygon", "coordinates": [ [ [ 31.376154969888365, 30.056620114161532 ], [ 31.376154969888365, 30.060507635919031 ], [ 31.380646546308967, 30.060507635919031 ], [ 31.380646546308967, 30.056620114161532 ], [ 31.376154969888365, 30.056620114161532 ] ] ] } },
{ "type": "Feature", "properties": { "zone_code": "NSR-GRID-165", "live_predicted_score": 0.52434931984286925, "live_risk_class": "medium", "rain_1h_mm": 0.0, "rain_3h_mm": 4.0, "rain_6h_mm": 8.0, "rain_24h_mm": 8.0, "max_precipitation_probability": 95.0, "source": "Open-Meteo Forecast API", "honesty_note": "Live predictions are model-estimated weather-impact risk scores, not verified flood incident labels." }, "geometry": { "type": "Polygon", "coordinates": [ [ [ 31.380646546308967, 30.056620114161532 ], [ 31.380646546308967, 30.060507635919031 ], [ 31.385138122729565, 30.060507635919031 ], [ 31.385138122729565, 30.056620114161532 ], [ 31.380646546308967, 30.056620114161532 ] ] ] } },
{ "type": "Feature", "properties": { "zone_code": "NSR-GRID-166", "live_predicted_score": 0.49458832643409606, "live_risk_class": "medium", "rain_1h_mm": 0.0, "rain_3h_mm": 4.0, "rain_6h_mm": 8.0, "rain_24h_mm": 8.0, "max_precipitation_probability": 95.0, "source": "Open-Meteo Forecast API", "honesty_note": "Live predictions are model-estimated weather-impact risk scores, not verified flood incident labels." }, "geometry": { "type": "Polygon", "coordinates": [ [ [ 31.385138122729565, 30.056620114161532 ], [ 31.385138122729565, 30.060507635919031 ], [ 31.389629699150163, 30.060507635919031 ], [ 31.389629699150163, 30.056620114161532 ], [ 31.385138122729565, 30.056620114161532 ] ] ] } },
{ "type": "Feature", "properties": { "zone_code": "NSR-GRID-167", "live_predicted_score": 0.47459014353546802, "live_risk_class": "medium", "rain_1h_mm": 0.0, "rain_3h_mm": 4.0, "rain_6h_mm": 8.0, "rain_24h_mm": 8.0, "max_precipitation_probability": 95.0, "source": "Open-Meteo Forecast API", "honesty_note": "Live predictions are model-estimated weather-impact risk scores, not verified flood incident labels." }, "geometry": { "type": "Polygon", "coordinates": [ [ [ 31.389629699150163, 30.056620114161532 ], [ 31.389629699150163, 30.060507635919031 ], [ 31.394121275570754, 30.060507635919031 ], [ 31.394121275570754, 30.056620114161532 ], [ 31.389629699150163, 30.056620114161532 ] ] ] } },
{ "type": "Feature", "properties": { "zone_code": "NSR-GRID-168", "live_predicted_score": 0.45805409294224109, "live_risk_class": "medium", "rain_1h_mm": 0.0, "rain_3h_mm": 4.0, "rain_6h_mm": 8.0, "rain_24h_mm": 8.0, "max_precipitation_probability": 95.0, "source": "Open-Meteo Forecast API", "honesty_note": "Live predictions are model-estimated weather-impact risk scores, not verified flood incident labels." }, "geometry": { "type": "Polygon", "coordinates": [ [ [ 31.394121275570754, 30.056620114161532 ], [ 31.394121275570754, 30.060507635919031 ], [ 31.398612851991352, 30.060507635919031 ], [ 31.398612851991352, 30.056620114161532 ], [ 31.394121275570754, 30.056620114161532 ] ] ] } },
{ "type": "Feature", "properties": { "zone_code": "NSR-GRID-169", "live_predicted_score": 0.41265602622492781, "live_risk_class": "medium", "rain_1h_mm": 0.0, "rain_3h_mm": 4.0, "rain_6h_mm": 8.0, "rain_24h_mm": 8.0, "max_precipitation_probability": 95.0, "source": "Open-Meteo Forecast API", "honesty_note": "Live predictions are model-estimated weather-impact risk scores, not verified flood incident labels." }, "geometry": { "type": "Polygon", "coordinates": [ [ [ 31.398612851991352, 30.056620114161532 ], [ 31.398612851991352, 30.060507635919031 ], [ 31.403104428411954, 30.060507635919031 ], [ 31.403104428411954, 30.056620114161532 ], [ 31.398612851991352, 30.056620114161532 ] ] ] } },
{ "type": "Feature", "properties": { "zone_code": "NSR-GRID-170", "live_predicted_score": 0.37126956252726095, "live_risk_class": "medium", "rain_1h_mm": 0.0, "rain_3h_mm": 4.0, "rain_6h_mm": 8.0, "rain_24h_mm": 8.0, "max_precipitation_probability": 95.0, "source": "Open-Meteo Forecast API", "honesty_note": "Live predictions are model-estimated weather-impact risk scores, not verified flood incident labels." }, "geometry": { "type": "Polygon", "coordinates": [ [ [ 31.403104428411954, 30.056620114161532 ], [ 31.403104428411954, 30.060507635919031 ], [ 31.407596004832552, 30.060507635919031 ], [ 31.407596004832552, 30.056620114161532 ], [ 31.403104428411954, 30.056620114161532 ] ] ] } },
{ "type": "Feature", "properties": { "zone_code": "NSR-GRID-171", "live_predicted_score": 0.25639294324749895, "live_risk_class": "low", "rain_1h_mm": 0.0, "rain_3h_mm": 4.0, "rain_6h_mm": 8.0, "rain_24h_mm": 8.0, "max_precipitation_probability": 95.0, "source": "Open-Meteo Forecast API", "honesty_note": "Live predictions are model-estimated weather-impact risk scores, not verified flood incident labels." }, "geometry": { "type": "Polygon", "coordinates": [ [ [ 31.407596004832552, 30.056620114161532 ], [ 31.407596004832552, 30.060507635919031 ], [ 31.41208758125315, 30.060507635919031 ], [ 31.41208758125315, 30.056620114161532 ], [ 31.407596004832552, 30.056620114161532 ] ] ] } },
{ "type": "Feature", "properties": { "zone_code": "NSR-GRID-172", "live_predicted_score": 0.25198977098258396, "live_risk_class": "low", "rain_1h_mm": 0.0, "rain_3h_mm": 4.0, "rain_6h_mm": 8.0, "rain_24h_mm": 8.0, "max_precipitation_probability": 95.0, "source": "Open-Meteo Forecast API", "honesty_note": "Live predictions are model-estimated weather-impact risk scores, not verified flood incident labels." }, "geometry": { "type": "Polygon", "coordinates": [ [ [ 31.41208758125315, 30.056620114161532 ], [ 31.413161015291209, 30.056620114161532 ], [ 31.41208758125315, 30.055329505949825 ], [ 31.41208758125315, 30.056620114161532 ] ] ] } },
{ "type": "Feature", "properties": { "zone_code": "NSR-GRID-173", "live_predicted_score": 0.23531957192182698, "live_risk_class": "low", "rain_1h_mm": 0.0, "rain_3h_mm": 4.0, "rain_6h_mm": 8.0, "rain_24h_mm": 8.0, "max_precipitation_probability": 95.0, "source": "Open-Meteo Forecast API", "honesty_note": "Live predictions are model-estimated weather-impact risk scores, not verified flood incident labels." }, "geometry": { "type": "Polygon", "coordinates": [ [ [ 31.407596004832552, 30.052732439763453 ], [ 31.407596004832552, 30.056620114161532 ], [ 31.41208758125315, 30.056620114161532 ], [ 31.41208758125315, 30.055329505949825 ], [ 31.4115601, 30.0546953 ], [ 31.409898090104864, 30.052732439763453 ], [ 31.407596004832552, 30.052732439763453 ] ] ] } },
{ "type": "Feature", "properties": { "zone_code": "NSR-GRID-174", "live_predicted_score": 0.46410463228329613, "live_risk_class": "medium", "rain_1h_mm": 0.0, "rain_3h_mm": 4.0, "rain_6h_mm": 8.0, "rain_24h_mm": 8.0, "max_precipitation_probability": 95.0, "source": "Open-Meteo Forecast API", "honesty_note": "Live predictions are model-estimated weather-impact risk scores, not verified flood incident labels." }, "geometry": { "type": "Polygon", "coordinates": [ [ [ 31.326747629261792, 30.056620114161532 ], [ 31.326747629261792, 30.052732439763453 ], [ 31.325241426426246, 30.052732439763453 ], [ 31.3251262, 30.0528298 ], [ 31.3250972, 30.053014 ], [ 31.324525527109831, 30.056620114161532 ], [ 31.326747629261792, 30.056620114161532 ] ] ] } },
{ "type": "Feature", "properties": { "zone_code": "NSR-GRID-175", "live_predicted_score": 0.53727980593862124, "live_risk_class": "medium", "rain_1h_mm": 0.0, "rain_3h_mm": 4.0, "rain_6h_mm": 8.0, "rain_24h_mm": 8.0, "max_precipitation_probability": 95.0, "source": "Open-Meteo Forecast API", "honesty_note": "Live predictions are model-estimated weather-impact risk scores, not verified flood incident labels." }, "geometry": { "type": "Polygon", "coordinates": [ [ [ 31.326747629261792, 30.052732439763453 ], [ 31.326747629261792, 30.056620114161532 ], [ 31.331239205682394, 30.056620114161532 ], [ 31.331239205682394, 30.052732439763453 ], [ 31.327302176329447, 30.052732439763453 ], [ 31.3272972, 30.0527847 ], [ 31.326967793108562, 30.052732439763453 ], [ 31.326747629261792, 30.052732439763453 ] ] ] } },
{ "type": "Feature", "properties": { "zone_code": "NSR-GRID-176", "live_predicted_score": 0.51859230163509062, "live_risk_class": "medium", "rain_1h_mm": 0.0, "rain_3h_mm": 4.0, "rain_6h_mm": 8.0, "rain_24h_mm": 8.0, "max_precipitation_probability": 95.0, "source": "Open-Meteo Forecast API", "honesty_note": "Live predictions are model-estimated weather-impact risk scores, not verified flood incident labels." }, "geometry": { "type": "Polygon", "coordinates": [ [ [ 31.331239205682394, 30.052732439763453 ], [ 31.331239205682394, 30.056620114161532 ], [ 31.335730782102992, 30.056620114161532 ], [ 31.335730782102992, 30.052732439763453 ], [ 31.331239205682394, 30.052732439763453 ] ] ] } },
{ "type": "Feature", "properties": { "zone_code": "NSR-GRID-177", "live_predicted_score": 0.50913356904777074, "live_risk_class": "medium", "rain_1h_mm": 0.0, "rain_3h_mm": 4.0, "rain_6h_mm": 8.0, "rain_24h_mm": 8.0, "max_precipitation_probability": 95.0, "source": "Open-Meteo Forecast API", "honesty_note": "Live predictions are model-estimated weather-impact risk scores, not verified flood incident labels." }, "geometry": { "type": "Polygon", "coordinates": [ [ [ 31.335730782102992, 30.052732439763453 ], [ 31.335730782102992, 30.056620114161532 ], [ 31.340222358523583, 30.056620114161532 ], [ 31.340222358523583, 30.052732439763453 ], [ 31.335730782102992, 30.052732439763453 ] ] ] } },
{ "type": "Feature", "properties": { "zone_code": "NSR-GRID-178", "live_predicted_score": 0.49950515854237465, "live_risk_class": "medium", "rain_1h_mm": 0.0, "rain_3h_mm": 4.0, "rain_6h_mm": 8.0, "rain_24h_mm": 8.0, "max_precipitation_probability": 95.0, "source": "Open-Meteo Forecast API", "honesty_note": "Live predictions are model-estimated weather-impact risk scores, not verified flood incident labels." }, "geometry": { "type": "Polygon", "coordinates": [ [ [ 31.340222358523583, 30.052732439763453 ], [ 31.340222358523583, 30.056620114161532 ], [ 31.344713934944181, 30.056620114161532 ], [ 31.344713934944181, 30.052732439763453 ], [ 31.340222358523583, 30.052732439763453 ] ] ] } },
{ "type": "Feature", "properties": { "zone_code": "NSR-GRID-179", "live_predicted_score": 0.49525306450394435, "live_risk_class": "medium", "rain_1h_mm": 0.0, "rain_3h_mm": 4.0, "rain_6h_mm": 8.0, "rain_24h_mm": 8.0, "max_precipitation_probability": 95.0, "source": "Open-Meteo Forecast API", "honesty_note": "Live predictions are model-estimated weather-impact risk scores, not verified flood incident labels." }, "geometry": { "type": "Polygon", "coordinates": [ [ [ 31.344713934944181, 30.052732439763453 ], [ 31.344713934944181, 30.056620114161532 ], [ 31.349205511364779, 30.056620114161532 ], [ 31.349205511364779, 30.052732439763453 ], [ 31.344713934944181, 30.052732439763453 ] ] ] } },
{ "type": "Feature", "properties": { "zone_code": "NSR-GRID-180", "live_predicted_score": 0.45697490842658234, "live_risk_class": "medium", "rain_1h_mm": 0.0, "rain_3h_mm": 4.0, "rain_6h_mm": 8.0, "rain_24h_mm": 8.0, "max_precipitation_probability": 95.0, "source": "Open-Meteo Forecast API", "honesty_note": "Live predictions are model-estimated weather-impact risk scores, not verified flood incident labels." }, "geometry": { "type": "Polygon", "coordinates": [ [ [ 31.349205511364779, 30.052732439763453 ], [ 31.349205511364779, 30.056620114161532 ], [ 31.353697087785381, 30.056620114161532 ], [ 31.353697087785381, 30.052732439763453 ], [ 31.349205511364779, 30.052732439763453 ] ] ] } },
{ "type": "Feature", "properties": { "zone_code": "NSR-GRID-181", "live_predicted_score": 0.44667703083053661, "live_risk_class": "medium", "rain_1h_mm": 0.0, "rain_3h_mm": 4.0, "rain_6h_mm": 8.0, "rain_24h_mm": 8.0, "max_precipitation_probability": 95.0, "source": "Open-Meteo Forecast API", "honesty_note": "Live predictions are model-estimated weather-impact risk scores, not verified flood incident labels." }, "geometry": { "type": "Polygon", "coordinates": [ [ [ 31.353697087785381, 30.052732439763453 ], [ 31.353697087785381, 30.056620114161532 ], [ 31.358188664205979, 30.056620114161532 ], [ 31.358188664205979, 30.052732439763453 ], [ 31.353697087785381, 30.052732439763453 ] ] ] } },
{ "type": "Feature", "properties": { "zone_code": "NSR-GRID-182", "live_predicted_score": 0.5561304546803979, "live_risk_class": "medium", "rain_1h_mm": 0.0, "rain_3h_mm": 4.0, "rain_6h_mm": 8.0, "rain_24h_mm": 8.0, "max_precipitation_probability": 95.0, "source": "Open-Meteo Forecast API", "honesty_note": "Live predictions are model-estimated weather-impact risk scores, not verified flood incident labels." }, "geometry": { "type": "Polygon", "coordinates": [ [ [ 31.358188664205979, 30.052732439763453 ], [ 31.358188664205979, 30.056620114161532 ], [ 31.362680240626577, 30.056620114161532 ], [ 31.362680240626577, 30.052732439763453 ], [ 31.358188664205979, 30.052732439763453 ] ] ] } },
{ "type": "Feature", "properties": { "zone_code": "NSR-GRID-183", "live_predicted_score": 0.49689140909032914, "live_risk_class": "medium", "rain_1h_mm": 0.0, "rain_3h_mm": 4.0, "rain_6h_mm": 8.0, "rain_24h_mm": 8.0, "max_precipitation_probability": 95.0, "source": "Open-Meteo Forecast API", "honesty_note": "Live predictions are model-estimated weather-impact risk scores, not verified flood incident labels." }, "geometry": { "type": "Polygon", "coordinates": [ [ [ 31.362680240626577, 30.052732439763453 ], [ 31.362680240626577, 30.056620114161532 ], [ 31.367171817047169, 30.056620114161532 ], [ 31.367171817047169, 30.052732439763453 ], [ 31.362680240626577, 30.052732439763453 ] ] ] } },
{ "type": "Feature", "properties": { "zone_code": "NSR-GRID-184", "live_predicted_score": 0.50560956376039756, "live_risk_class": "medium", "rain_1h_mm": 0.0, "rain_3h_mm": 4.0, "rain_6h_mm": 8.0, "rain_24h_mm": 8.0, "max_precipitation_probability": 95.0, "source": "Open-Meteo Forecast API", "honesty_note": "Live predictions are model-estimated weather-impact risk scores, not verified flood incident labels." }, "geometry": { "type": "Polygon", "coordinates": [ [ [ 31.367171817047169, 30.052732439763453 ], [ 31.367171817047169, 30.056620114161532 ], [ 31.371663393467767, 30.056620114161532 ], [ 31.371663393467767, 30.052732439763453 ], [ 31.367171817047169, 30.052732439763453 ] ] ] } },
{ "type": "Feature", "properties": { "zone_code": "NSR-GRID-185", "live_predicted_score": 0.43219388207074455, "live_risk_class": "medium", "rain_1h_mm": 0.0, "rain_3h_mm": 4.0, "rain_6h_mm": 8.0, "rain_24h_mm": 8.0, "max_precipitation_probability": 95.0, "source": "Open-Meteo Forecast API", "honesty_note": "Live predictions are model-estimated weather-impact risk scores, not verified flood incident labels." }, "geometry": { "type": "Polygon", "coordinates": [ [ [ 31.371663393467767, 30.052732439763453 ], [ 31.371663393467767, 30.056620114161532 ], [ 31.376154969888365, 30.056620114161532 ], [ 31.376154969888365, 30.052732439763453 ], [ 31.371663393467767, 30.052732439763453 ] ] ] } },
{ "type": "Feature", "properties": { "zone_code": "NSR-GRID-186", "live_predicted_score": 0.47690462527587196, "live_risk_class": "medium", "rain_1h_mm": 0.0, "rain_3h_mm": 4.0, "rain_6h_mm": 8.0, "rain_24h_mm": 8.0, "max_precipitation_probability": 95.0, "source": "Open-Meteo Forecast API", "honesty_note": "Live predictions are model-estimated weather-impact risk scores, not verified flood incident labels." }, "geometry": { "type": "Polygon", "coordinates": [ [ [ 31.376154969888365, 30.052732439763453 ], [ 31.376154969888365, 30.056620114161532 ], [ 31.380646546308967, 30.056620114161532 ], [ 31.380646546308967, 30.052732439763453 ], [ 31.376154969888365, 30.052732439763453 ] ] ] } },
{ "type": "Feature", "properties": { "zone_code": "NSR-GRID-187", "live_predicted_score": 0.53350423644880407, "live_risk_class": "medium", "rain_1h_mm": 0.0, "rain_3h_mm": 4.0, "rain_6h_mm": 8.0, "rain_24h_mm": 8.0, "max_precipitation_probability": 95.0, "source": "Open-Meteo Forecast API", "honesty_note": "Live predictions are model-estimated weather-impact risk scores, not verified flood incident labels." }, "geometry": { "type": "Polygon", "coordinates": [ [ [ 31.380646546308967, 30.052732439763453 ], [ 31.380646546308967, 30.056620114161532 ], [ 31.385138122729565, 30.056620114161532 ], [ 31.385138122729565, 30.052732439763453 ], [ 31.380646546308967, 30.052732439763453 ] ] ] } },
{ "type": "Feature", "properties": { "zone_code": "NSR-GRID-188", "live_predicted_score": 0.53798511046464392, "live_risk_class": "medium", "rain_1h_mm": 0.0, "rain_3h_mm": 4.0, "rain_6h_mm": 8.0, "rain_24h_mm": 8.0, "max_precipitation_probability": 95.0, "source": "Open-Meteo Forecast API", "honesty_note": "Live predictions are model-estimated weather-impact risk scores, not verified flood incident labels." }, "geometry": { "type": "Polygon", "coordinates": [ [ [ 31.385138122729565, 30.052732439763453 ], [ 31.385138122729565, 30.056620114161532 ], [ 31.389629699150163, 30.056620114161532 ], [ 31.389629699150163, 30.052732439763453 ], [ 31.385138122729565, 30.052732439763453 ] ] ] } },
{ "type": "Feature", "properties": { "zone_code": "NSR-GRID-189", "live_predicted_score": 0.52724609430270564, "live_risk_class": "medium", "rain_1h_mm": 0.0, "rain_3h_mm": 4.0, "rain_6h_mm": 8.0, "rain_24h_mm": 8.0, "max_precipitation_probability": 95.0, "source": "Open-Meteo Forecast API", "honesty_note": "Live predictions are model-estimated weather-impact risk scores, not verified flood incident labels." }, "geometry": { "type": "Polygon", "coordinates": [ [ [ 31.389629699150163, 30.052732439763453 ], [ 31.389629699150163, 30.056620114161532 ], [ 31.394121275570754, 30.056620114161532 ], [ 31.394121275570754, 30.052732439763453 ], [ 31.389629699150163, 30.052732439763453 ] ] ] } },
{ "type": "Feature", "properties": { "zone_code": "NSR-GRID-190", "live_predicted_score": 0.46137227032729666, "live_risk_class": "medium", "rain_1h_mm": 0.0, "rain_3h_mm": 4.0, "rain_6h_mm": 8.0, "rain_24h_mm": 8.0, "max_precipitation_probability": 95.0, "source": "Open-Meteo Forecast API", "honesty_note": "Live predictions are model-estimated weather-impact risk scores, not verified flood incident labels." }, "geometry": { "type": "Polygon", "coordinates": [ [ [ 31.394121275570754, 30.052732439763453 ], [ 31.394121275570754, 30.056620114161532 ], [ 31.398612851991352, 30.056620114161532 ], [ 31.398612851991352, 30.052732439763453 ], [ 31.394121275570754, 30.052732439763453 ] ] ] } },
{ "type": "Feature", "properties": { "zone_code": "NSR-GRID-191", "live_predicted_score": 0.3730761385257404, "live_risk_class": "medium", "rain_1h_mm": 0.0, "rain_3h_mm": 4.0, "rain_6h_mm": 8.0, "rain_24h_mm": 8.0, "max_precipitation_probability": 95.0, "source": "Open-Meteo Forecast API", "honesty_note": "Live predictions are model-estimated weather-impact risk scores, not verified flood incident labels." }, "geometry": { "type": "Polygon", "coordinates": [ [ [ 31.398612851991352, 30.052732439763453 ], [ 31.398612851991352, 30.056620114161532 ], [ 31.403104428411954, 30.056620114161532 ], [ 31.403104428411954, 30.052732439763453 ], [ 31.398612851991352, 30.052732439763453 ] ] ] } },
{ "type": "Feature", "properties": { "zone_code": "NSR-GRID-192", "live_predicted_score": 0.25692787185673388, "live_risk_class": "low", "rain_1h_mm": 0.0, "rain_3h_mm": 4.0, "rain_6h_mm": 8.0, "rain_24h_mm": 8.0, "max_precipitation_probability": 95.0, "source": "Open-Meteo Forecast API", "honesty_note": "Live predictions are model-estimated weather-impact risk scores, not verified flood incident labels." }, "geometry": { "type": "Polygon", "coordinates": [ [ [ 31.403104428411954, 30.052732439763453 ], [ 31.403104428411954, 30.056620114161532 ], [ 31.407596004832552, 30.056620114161532 ], [ 31.407596004832552, 30.052732439763453 ], [ 31.403104428411954, 30.052732439763453 ] ] ] } },
{ "type": "Feature", "properties": { "zone_code": "NSR-GRID-193", "live_predicted_score": 0.55283384053754714, "live_risk_class": "medium", "rain_1h_mm": 0.0, "rain_3h_mm": 4.0, "rain_6h_mm": 8.0, "rain_24h_mm": 8.0, "max_precipitation_probability": 95.0, "source": "Open-Meteo Forecast API", "honesty_note": "Live predictions are model-estimated weather-impact risk scores, not verified flood incident labels." }, "geometry": { "type": "Polygon", "coordinates": [ [ [ 31.326747629261792, 30.052732439763453 ], [ 31.326747629261792, 30.052697510865265 ], [ 31.3266278, 30.0526785 ], [ 31.3258836, 30.0526042 ], [ 31.3254132, 30.0525873 ], [ 31.325241426426246, 30.052732439763453 ], [ 31.326747629261792, 30.052732439763453 ] ] ] } },
{ "type": "Feature", "properties": { "zone_code": "NSR-GRID-194", "live_predicted_score": 0.34133178780342244, "live_risk_class": "medium", "rain_1h_mm": 0.0, "rain_3h_mm": 4.0, "rain_6h_mm": 8.0, "rain_24h_mm": 8.0, "max_precipitation_probability": 95.0, "source": "Open-Meteo Forecast API", "honesty_note": "Live predictions are model-estimated weather-impact risk scores, not verified flood incident labels." }, "geometry": { "type": "Polygon", "coordinates": [ [ [ 31.407596004832552, 30.052732439763453 ], [ 31.409898090104864, 30.052732439763453 ], [ 31.407596004832552, 30.050013576013651 ], [ 31.407596004832552, 30.052732439763453 ] ] ] } },
{ "type": "Feature", "properties": { "zone_code": "NSR-GRID-195", "live_predicted_score": 0.4872881051313549, "live_risk_class": "medium", "rain_1h_mm": 0.0, "rain_3h_mm": 4.0, "rain_6h_mm": 8.0, "rain_24h_mm": 8.0, "max_precipitation_probability": 95.0, "source": "Open-Meteo Forecast API", "honesty_note": "Live predictions are model-estimated weather-impact risk scores, not verified flood incident labels." }, "geometry": { "type": "MultiPolygon", "coordinates": [ [ [ [ 31.331239205682394, 30.052732439763453 ], [ 31.331239205682394, 30.048844612736701 ], [ 31.328113132449186, 30.048844612736701 ], [ 31.3279076, 30.0497348 ], [ 31.3276101, 30.0510161 ], [ 31.327353, 30.0521987 ], [ 31.327302176329447, 30.052732439763453 ], [ 31.331239205682394, 30.052732439763453 ] ] ], [ [ [ 31.326747629261792, 30.052732439763453 ], [ 31.326967793108562, 30.052732439763453 ], [ 31.326747629261792, 30.052697510865265 ], [ 31.326747629261792, 30.052732439763453 ] ] ] ] } },
{ "type": "Feature", "properties": { "zone_code": "NSR-GRID-196", "live_predicted_score": 0.32926381751226319, "live_risk_class": "low", "rain_1h_mm": 0.0, "rain_3h_mm": 4.0, "rain_6h_mm": 8.0, "rain_24h_mm": 8.0, "max_precipitation_probability": 95.0, "source": "Open-Meteo Forecast API", "honesty_note": "Live predictions are model-estimated weather-impact risk scores, not verified flood incident labels." }, "geometry": { "type": "Polygon", "coordinates": [ [ [ 31.403104428411954, 30.048844612736701 ], [ 31.403104428411954, 30.052732439763453 ], [ 31.407596004832552, 30.052732439763453 ], [ 31.407596004832552, 30.050013576013651 ], [ 31.4074487, 30.0498396 ], [ 31.406758924697812, 30.048844612736701 ], [ 31.403104428411954, 30.048844612736701 ] ] ] } },
{ "type": "Feature", "properties": { "zone_code": "NSR-GRID-197", "live_predicted_score": 0.47366256741881868, "live_risk_class": "medium", "rain_1h_mm": 0.0, "rain_3h_mm": 4.0, "rain_6h_mm": 8.0, "rain_24h_mm": 8.0, "max_precipitation_probability": 95.0, "source": "Open-Meteo Forecast API", "honesty_note": "Live predictions are model-estimated weather-impact risk scores, not verified flood incident labels." }, "geometry": { "type": "Polygon", "coordinates": [ [ [ 31.331239205682394, 30.048844612736701 ], [ 31.331239205682394, 30.052732439763453 ], [ 31.335730782102992, 30.052732439763453 ], [ 31.335730782102992, 30.048844612736701 ], [ 31.331239205682394, 30.048844612736701 ] ] ] } },
{ "type": "Feature", "properties": { "zone_code": "NSR-GRID-198", "live_predicted_score": 0.42371998957857171, "live_risk_class": "medium", "rain_1h_mm": 0.0, "rain_3h_mm": 4.0, "rain_6h_mm": 8.0, "rain_24h_mm": 8.0, "max_precipitation_probability": 95.0, "source": "Open-Meteo Forecast API", "honesty_note": "Live predictions are model-estimated weather-impact risk scores, not verified flood incident labels." }, "geometry": { "type": "Polygon", "coordinates": [ [ [ 31.335730782102992, 30.048844612736701 ], [ 31.335730782102992, 30.052732439763453 ], [ 31.340222358523583, 30.052732439763453 ], [ 31.340222358523583, 30.048844612736701 ], [ 31.335730782102992, 30.048844612736701 ] ] ] } },
{ "type": "Feature", "properties": { "zone_code": "NSR-GRID-199", "live_predicted_score": 0.48663834903574593, "live_risk_class": "medium", "rain_1h_mm": 0.0, "rain_3h_mm": 4.0, "rain_6h_mm": 8.0, "rain_24h_mm": 8.0, "max_precipitation_probability": 95.0, "source": "Open-Meteo Forecast API", "honesty_note": "Live predictions are model-estimated weather-impact risk scores, not verified flood incident labels." }, "geometry": { "type": "Polygon", "coordinates": [ [ [ 31.340222358523583, 30.048844612736701 ], [ 31.340222358523583, 30.052732439763453 ], [ 31.344713934944181, 30.052732439763453 ], [ 31.344713934944181, 30.048844612736701 ], [ 31.340222358523583, 30.048844612736701 ] ] ] } },
{ "type": "Feature", "properties": { "zone_code": "NSR-GRID-200", "live_predicted_score": 0.50645893367924, "live_risk_class": "medium", "rain_1h_mm": 0.0, "rain_3h_mm": 4.0, "rain_6h_mm": 8.0, "rain_24h_mm": 8.0, "max_precipitation_probability": 95.0, "source": "Open-Meteo Forecast API", "honesty_note": "Live predictions are model-estimated weather-impact risk scores, not verified flood incident labels." }, "geometry": { "type": "Polygon", "coordinates": [ [ [ 31.344713934944181, 30.048844612736701 ], [ 31.344713934944181, 30.052732439763453 ], [ 31.349205511364779, 30.052732439763453 ], [ 31.349205511364779, 30.048844612736701 ], [ 31.344713934944181, 30.048844612736701 ] ] ] } },
{ "type": "Feature", "properties": { "zone_code": "NSR-GRID-201", "live_predicted_score": 0.48261763557971504, "live_risk_class": "medium", "rain_1h_mm": 0.0, "rain_3h_mm": 4.0, "rain_6h_mm": 8.0, "rain_24h_mm": 8.0, "max_precipitation_probability": 95.0, "source": "Open-Meteo Forecast API", "honesty_note": "Live predictions are model-estimated weather-impact risk scores, not verified flood incident labels." }, "geometry": { "type": "Polygon", "coordinates": [ [ [ 31.349205511364779, 30.048844612736701 ], [ 31.349205511364779, 30.052732439763453 ], [ 31.353697087785381, 30.052732439763453 ], [ 31.353697087785381, 30.048844612736701 ], [ 31.349205511364779, 30.048844612736701 ] ] ] } },
{ "type": "Feature", "properties": { "zone_code": "NSR-GRID-202", "live_predicted_score": 0.49002449476205728, "live_risk_class": "medium", "rain_1h_mm": 0.0, "rain_3h_mm": 4.0, "rain_6h_mm": 8.0, "rain_24h_mm": 8.0, "max_precipitation_probability": 95.0, "source": "Open-Meteo Forecast API", "honesty_note": "Live predictions are model-estimated weather-impact risk scores, not verified flood incident labels." }, "geometry": { "type": "Polygon", "coordinates": [ [ [ 31.353697087785381, 30.048844612736701 ], [ 31.353697087785381, 30.052732439763453 ], [ 31.358188664205979, 30.052732439763453 ], [ 31.358188664205979, 30.048844612736701 ], [ 31.353697087785381, 30.048844612736701 ] ] ] } },
{ "type": "Feature", "properties": { "zone_code": "NSR-GRID-203", "live_predicted_score": 0.5007960679616924, "live_risk_class": "medium", "rain_1h_mm": 0.0, "rain_3h_mm": 4.0, "rain_6h_mm": 8.0, "rain_24h_mm": 8.0, "max_precipitation_probability": 95.0, "source": "Open-Meteo Forecast API", "honesty_note": "Live predictions are model-estimated weather-impact risk scores, not verified flood incident labels." }, "geometry": { "type": "Polygon", "coordinates": [ [ [ 31.358188664205979, 30.048844612736701 ], [ 31.358188664205979, 30.052732439763453 ], [ 31.362680240626577, 30.052732439763453 ], [ 31.362680240626577, 30.048844612736701 ], [ 31.358188664205979, 30.048844612736701 ] ] ] } },
{ "type": "Feature", "properties": { "zone_code": "NSR-GRID-204", "live_predicted_score": 0.53329656438898199, "live_risk_class": "medium", "rain_1h_mm": 0.0, "rain_3h_mm": 4.0, "rain_6h_mm": 8.0, "rain_24h_mm": 8.0, "max_precipitation_probability": 95.0, "source": "Open-Meteo Forecast API", "honesty_note": "Live predictions are model-estimated weather-impact risk scores, not verified flood incident labels." }, "geometry": { "type": "Polygon", "coordinates": [ [ [ 31.362680240626577, 30.048844612736701 ], [ 31.362680240626577, 30.052732439763453 ], [ 31.367171817047169, 30.052732439763453 ], [ 31.367171817047169, 30.048844612736701 ], [ 31.362680240626577, 30.048844612736701 ] ] ] } },
{ "type": "Feature", "properties": { "zone_code": "NSR-GRID-205", "live_predicted_score": 0.46051971552481652, "live_risk_class": "medium", "rain_1h_mm": 0.0, "rain_3h_mm": 4.0, "rain_6h_mm": 8.0, "rain_24h_mm": 8.0, "max_precipitation_probability": 95.0, "source": "Open-Meteo Forecast API", "honesty_note": "Live predictions are model-estimated weather-impact risk scores, not verified flood incident labels." }, "geometry": { "type": "Polygon", "coordinates": [ [ [ 31.367171817047169, 30.048844612736701 ], [ 31.367171817047169, 30.052732439763453 ], [ 31.371663393467767, 30.052732439763453 ], [ 31.371663393467767, 30.048844612736701 ], [ 31.367171817047169, 30.048844612736701 ] ] ] } },
{ "type": "Feature", "properties": { "zone_code": "NSR-GRID-206", "live_predicted_score": 0.51443889508497265, "live_risk_class": "medium", "rain_1h_mm": 0.0, "rain_3h_mm": 4.0, "rain_6h_mm": 8.0, "rain_24h_mm": 8.0, "max_precipitation_probability": 95.0, "source": "Open-Meteo Forecast API", "honesty_note": "Live predictions are model-estimated weather-impact risk scores, not verified flood incident labels." }, "geometry": { "type": "Polygon", "coordinates": [ [ [ 31.371663393467767, 30.048844612736701 ], [ 31.371663393467767, 30.052732439763453 ], [ 31.376154969888365, 30.052732439763453 ], [ 31.376154969888365, 30.048844612736701 ], [ 31.371663393467767, 30.048844612736701 ] ] ] } },
{ "type": "Feature", "properties": { "zone_code": "NSR-GRID-207", "live_predicted_score": 0.49488805043425049, "live_risk_class": "medium", "rain_1h_mm": 0.0, "rain_3h_mm": 4.0, "rain_6h_mm": 8.0, "rain_24h_mm": 8.0, "max_precipitation_probability": 95.0, "source": "Open-Meteo Forecast API", "honesty_note": "Live predictions are model-estimated weather-impact risk scores, not verified flood incident labels." }, "geometry": { "type": "Polygon", "coordinates": [ [ [ 31.376154969888365, 30.048844612736701 ], [ 31.376154969888365, 30.052732439763453 ], [ 31.380646546308967, 30.052732439763453 ], [ 31.380646546308967, 30.048844612736701 ], [ 31.376154969888365, 30.048844612736701 ] ] ] } },
{ "type": "Feature", "properties": { "zone_code": "NSR-GRID-208", "live_predicted_score": 0.53995037271547153, "live_risk_class": "medium", "rain_1h_mm": 0.0, "rain_3h_mm": 4.0, "rain_6h_mm": 8.0, "rain_24h_mm": 8.0, "max_precipitation_probability": 95.0, "source": "Open-Meteo Forecast API", "honesty_note": "Live predictions are model-estimated weather-impact risk scores, not verified flood incident labels." }, "geometry": { "type": "Polygon", "coordinates": [ [ [ 31.380646546308967, 30.048844612736701 ], [ 31.380646546308967, 30.052732439763453 ], [ 31.385138122729565, 30.052732439763453 ], [ 31.385138122729565, 30.048844612736701 ], [ 31.380646546308967, 30.048844612736701 ] ] ] } },
{ "type": "Feature", "properties": { "zone_code": "NSR-GRID-209", "live_predicted_score": 0.51981969780964687, "live_risk_class": "medium", "rain_1h_mm": 0.0, "rain_3h_mm": 4.0, "rain_6h_mm": 8.0, "rain_24h_mm": 8.0, "max_precipitation_probability": 95.0, "source": "Open-Meteo Forecast API", "honesty_note": "Live predictions are model-estimated weather-impact risk scores, not verified flood incident labels." }, "geometry": { "type": "Polygon", "coordinates": [ [ [ 31.385138122729565, 30.048844612736701 ], [ 31.385138122729565, 30.052732439763453 ], [ 31.389629699150163, 30.052732439763453 ], [ 31.389629699150163, 30.048844612736701 ], [ 31.385138122729565, 30.048844612736701 ] ] ] } },
{ "type": "Feature", "properties": { "zone_code": "NSR-GRID-210", "live_predicted_score": 0.53359202043439524, "live_risk_class": "medium", "rain_1h_mm": 0.0, "rain_3h_mm": 4.0, "rain_6h_mm": 8.0, "rain_24h_mm": 8.0, "max_precipitation_probability": 95.0, "source": "Open-Meteo Forecast API", "honesty_note": "Live predictions are model-estimated weather-impact risk scores, not verified flood incident labels." }, "geometry": { "type": "Polygon", "coordinates": [ [ [ 31.389629699150163, 30.048844612736701 ], [ 31.389629699150163, 30.052732439763453 ], [ 31.394121275570754, 30.052732439763453 ], [ 31.394121275570754, 30.048844612736701 ], [ 31.389629699150163, 30.048844612736701 ] ] ] } },
{ "type": "Feature", "properties": { "zone_code": "NSR-GRID-211", "live_predicted_score": 0.52220218641512828, "live_risk_class": "medium", "rain_1h_mm": 0.0, "rain_3h_mm": 4.0, "rain_6h_mm": 8.0, "rain_24h_mm": 8.0, "max_precipitation_probability": 95.0, "source": "Open-Meteo Forecast API", "honesty_note": "Live predictions are model-estimated weather-impact risk scores, not verified flood incident labels." }, "geometry": { "type": "Polygon", "coordinates": [ [ [ 31.394121275570754, 30.048844612736701 ], [ 31.394121275570754, 30.052732439763453 ], [ 31.398612851991352, 30.052732439763453 ], [ 31.398612851991352, 30.048844612736701 ], [ 31.394121275570754, 30.048844612736701 ] ] ] } },
{ "type": "Feature", "properties": { "zone_code": "NSR-GRID-212", "live_predicted_score": 0.42424973390496079, "live_risk_class": "medium", "rain_1h_mm": 0.0, "rain_3h_mm": 4.0, "rain_6h_mm": 8.0, "rain_24h_mm": 8.0, "max_precipitation_probability": 95.0, "source": "Open-Meteo Forecast API", "honesty_note": "Live predictions are model-estimated weather-impact risk scores, not verified flood incident labels." }, "geometry": { "type": "Polygon", "coordinates": [ [ [ 31.398612851991352, 30.048844612736701 ], [ 31.398612851991352, 30.052732439763453 ], [ 31.403104428411954, 30.052732439763453 ], [ 31.403104428411954, 30.048844612736701 ], [ 31.398612851991352, 30.048844612736701 ] ] ] } },
{ "type": "Feature", "properties": { "zone_code": "NSR-GRID-213", "live_predicted_score": 0.35130485806213696, "live_risk_class": "medium", "rain_1h_mm": 0.0, "rain_3h_mm": 4.0, "rain_6h_mm": 8.0, "rain_24h_mm": 8.0, "max_precipitation_probability": 95.0, "source": "Open-Meteo Forecast API", "honesty_note": "Live predictions are model-estimated weather-impact risk scores, not verified flood incident labels." }, "geometry": { "type": "Polygon", "coordinates": [ [ [ 31.403104428411954, 30.044956633093168 ], [ 31.403104428411954, 30.048844612736701 ], [ 31.406758924697812, 30.048844612736701 ], [ 31.4059316, 30.0476512 ], [ 31.404817173280087, 30.044956633093168 ], [ 31.403104428411954, 30.044956633093168 ] ] ] } },
{ "type": "Feature", "properties": { "zone_code": "NSR-GRID-214", "live_predicted_score": 0.52484252579480284, "live_risk_class": "medium", "rain_1h_mm": 0.0, "rain_3h_mm": 4.0, "rain_6h_mm": 8.0, "rain_24h_mm": 8.0, "max_precipitation_probability": 95.0, "source": "Open-Meteo Forecast API", "honesty_note": "Live predictions are model-estimated weather-impact risk scores, not verified flood incident labels." }, "geometry": { "type": "Polygon", "coordinates": [ [ [ 31.331239205682394, 30.048844612736701 ], [ 31.331239205682394, 30.044956633093168 ], [ 31.329008436839352, 30.044956633093168 ], [ 31.3288656, 30.045586299999989 ], [ 31.3284128, 30.0475467 ], [ 31.328113132449186, 30.048844612736701 ], [ 31.331239205682394, 30.048844612736701 ] ] ] } },
{ "type": "Feature", "properties": { "zone_code": "NSR-GRID-215", "live_predicted_score": 0.49221370434028622, "live_risk_class": "medium", "rain_1h_mm": 0.0, "rain_3h_mm": 4.0, "rain_6h_mm": 8.0, "rain_24h_mm": 8.0, "max_precipitation_probability": 95.0, "source": "Open-Meteo Forecast API", "honesty_note": "Live predictions are model-estimated weather-impact risk scores, not verified flood incident labels." }, "geometry": { "type": "Polygon", "coordinates": [ [ [ 31.331239205682394, 30.044956633093168 ], [ 31.331239205682394, 30.048844612736701 ], [ 31.335730782102992, 30.048844612736701 ], [ 31.335730782102992, 30.044956633093168 ], [ 31.331239205682394, 30.044956633093168 ] ] ] } },
{ "type": "Feature", "properties": { "zone_code": "NSR-GRID-216", "live_predicted_score": 0.49287261596552878, "live_risk_class": "medium", "rain_1h_mm": 0.0, "rain_3h_mm": 4.0, "rain_6h_mm": 8.0, "rain_24h_mm": 8.0, "max_precipitation_probability": 95.0, "source": "Open-Meteo Forecast API", "honesty_note": "Live predictions are model-estimated weather-impact risk scores, not verified flood incident labels." }, "geometry": { "type": "Polygon", "coordinates": [ [ [ 31.335730782102992, 30.044956633093168 ], [ 31.335730782102992, 30.048844612736701 ], [ 31.340222358523583, 30.048844612736701 ], [ 31.340222358523583, 30.044956633093168 ], [ 31.335730782102992, 30.044956633093168 ] ] ] } },
{ "type": "Feature", "properties": { "zone_code": "NSR-GRID-217", "live_predicted_score": 0.51861759424540343, "live_risk_class": "medium", "rain_1h_mm": 0.0, "rain_3h_mm": 4.0, "rain_6h_mm": 8.0, "rain_24h_mm": 8.0, "max_precipitation_probability": 95.0, "source": "Open-Meteo Forecast API", "honesty_note": "Live predictions are model-estimated weather-impact risk scores, not verified flood incident labels." }, "geometry": { "type": "Polygon", "coordinates": [ [ [ 31.340222358523583, 30.044956633093168 ], [ 31.340222358523583, 30.048844612736701 ], [ 31.344713934944181, 30.048844612736701 ], [ 31.344713934944181, 30.044956633093168 ], [ 31.340222358523583, 30.044956633093168 ] ] ] } },
{ "type": "Feature", "properties": { "zone_code": "NSR-GRID-218", "live_predicted_score": 0.51805989038991718, "live_risk_class": "medium", "rain_1h_mm": 0.0, "rain_3h_mm": 4.0, "rain_6h_mm": 8.0, "rain_24h_mm": 8.0, "max_precipitation_probability": 95.0, "source": "Open-Meteo Forecast API", "honesty_note": "Live predictions are model-estimated weather-impact risk scores, not verified flood incident labels." }, "geometry": { "type": "Polygon", "coordinates": [ [ [ 31.344713934944181, 30.044956633093168 ], [ 31.344713934944181, 30.048844612736701 ], [ 31.349205511364779, 30.048844612736701 ], [ 31.349205511364779, 30.044956633093168 ], [ 31.344713934944181, 30.044956633093168 ] ] ] } },
{ "type": "Feature", "properties": { "zone_code": "NSR-GRID-219", "live_predicted_score": 0.46659760308732739, "live_risk_class": "medium", "rain_1h_mm": 0.0, "rain_3h_mm": 4.0, "rain_6h_mm": 8.0, "rain_24h_mm": 8.0, "max_precipitation_probability": 95.0, "source": "Open-Meteo Forecast API", "honesty_note": "Live predictions are model-estimated weather-impact risk scores, not verified flood incident labels." }, "geometry": { "type": "Polygon", "coordinates": [ [ [ 31.349205511364779, 30.044956633093168 ], [ 31.349205511364779, 30.048844612736701 ], [ 31.353697087785381, 30.048844612736701 ], [ 31.353697087785381, 30.044956633093168 ], [ 31.349205511364779, 30.044956633093168 ] ] ] } },
{ "type": "Feature", "properties": { "zone_code": "NSR-GRID-220", "live_predicted_score": 0.49476139801796337, "live_risk_class": "medium", "rain_1h_mm": 0.0, "rain_3h_mm": 4.0, "rain_6h_mm": 8.0, "rain_24h_mm": 8.0, "max_precipitation_probability": 95.0, "source": "Open-Meteo Forecast API", "honesty_note": "Live predictions are model-estimated weather-impact risk scores, not verified flood incident labels." }, "geometry": { "type": "Polygon", "coordinates": [ [ [ 31.353697087785381, 30.044956633093168 ], [ 31.353697087785381, 30.048844612736701 ], [ 31.358188664205979, 30.048844612736701 ], [ 31.358188664205979, 30.044956633093168 ], [ 31.353697087785381, 30.044956633093168 ] ] ] } },
{ "type": "Feature", "properties": { "zone_code": "NSR-GRID-221", "live_predicted_score": 0.59200729493563209, "live_risk_class": "medium", "rain_1h_mm": 0.0, "rain_3h_mm": 4.0, "rain_6h_mm": 8.0, "rain_24h_mm": 8.0, "max_precipitation_probability": 95.0, "source": "Open-Meteo Forecast API", "honesty_note": "Live predictions are model-estimated weather-impact risk scores, not verified flood incident labels." }, "geometry": { "type": "Polygon", "coordinates": [ [ [ 31.358188664205979, 30.044956633093168 ], [ 31.358188664205979, 30.048844612736701 ], [ 31.362680240626577, 30.048844612736701 ], [ 31.362680240626577, 30.044956633093168 ], [ 31.358188664205979, 30.044956633093168 ] ] ] } },
{ "type": "Feature", "properties": { "zone_code": "NSR-GRID-222", "live_predicted_score": 0.4747969339036418, "live_risk_class": "medium", "rain_1h_mm": 0.0, "rain_3h_mm": 4.0, "rain_6h_mm": 8.0, "rain_24h_mm": 8.0, "max_precipitation_probability": 95.0, "source": "Open-Meteo Forecast API", "honesty_note": "Live predictions are model-estimated weather-impact risk scores, not verified flood incident labels." }, "geometry": { "type": "Polygon", "coordinates": [ [ [ 31.362680240626577, 30.044956633093168 ], [ 31.362680240626577, 30.048844612736701 ], [ 31.367171817047169, 30.048844612736701 ], [ 31.367171817047169, 30.044956633093168 ], [ 31.362680240626577, 30.044956633093168 ] ] ] } },
{ "type": "Feature", "properties": { "zone_code": "NSR-GRID-223", "live_predicted_score": 0.54076088233049957, "live_risk_class": "medium", "rain_1h_mm": 0.0, "rain_3h_mm": 4.0, "rain_6h_mm": 8.0, "rain_24h_mm": 8.0, "max_precipitation_probability": 95.0, "source": "Open-Meteo Forecast API", "honesty_note": "Live predictions are model-estimated weather-impact risk scores, not verified flood incident labels." }, "geometry": { "type": "Polygon", "coordinates": [ [ [ 31.367171817047169, 30.044956633093168 ], [ 31.367171817047169, 30.048844612736701 ], [ 31.371663393467767, 30.048844612736701 ], [ 31.371663393467767, 30.044956633093168 ], [ 31.367171817047169, 30.044956633093168 ] ] ] } },
{ "type": "Feature", "properties": { "zone_code": "NSR-GRID-224", "live_predicted_score": 0.53335505494201174, "live_risk_class": "medium", "rain_1h_mm": 0.0, "rain_3h_mm": 4.0, "rain_6h_mm": 8.0, "rain_24h_mm": 8.0, "max_precipitation_probability": 95.0, "source": "Open-Meteo Forecast API", "honesty_note": "Live predictions are model-estimated weather-impact risk scores, not verified flood incident labels." }, "geometry": { "type": "Polygon", "coordinates": [ [ [ 31.371663393467767, 30.044956633093168 ], [ 31.371663393467767, 30.048844612736701 ], [ 31.376154969888365, 30.048844612736701 ], [ 31.376154969888365, 30.044956633093168 ], [ 31.371663393467767, 30.044956633093168 ] ] ] } },
{ "type": "Feature", "properties": { "zone_code": "NSR-GRID-225", "live_predicted_score": 0.47575793043239561, "live_risk_class": "medium", "rain_1h_mm": 0.0, "rain_3h_mm": 4.0, "rain_6h_mm": 8.0, "rain_24h_mm": 8.0, "max_precipitation_probability": 95.0, "source": "Open-Meteo Forecast API", "honesty_note": "Live predictions are model-estimated weather-impact risk scores, not verified flood incident labels." }, "geometry": { "type": "Polygon", "coordinates": [ [ [ 31.376154969888365, 30.044956633093168 ], [ 31.376154969888365, 30.048844612736701 ], [ 31.380646546308967, 30.048844612736701 ], [ 31.380646546308967, 30.044956633093168 ], [ 31.376154969888365, 30.044956633093168 ] ] ] } },
{ "type": "Feature", "properties": { "zone_code": "NSR-GRID-226", "live_predicted_score": 0.44195101392585079, "live_risk_class": "medium", "rain_1h_mm": 0.0, "rain_3h_mm": 4.0, "rain_6h_mm": 8.0, "rain_24h_mm": 8.0, "max_precipitation_probability": 95.0, "source": "Open-Meteo Forecast API", "honesty_note": "Live predictions are model-estimated weather-impact risk scores, not verified flood incident labels." }, "geometry": { "type": "Polygon", "coordinates": [ [ [ 31.380646546308967, 30.044956633093168 ], [ 31.380646546308967, 30.048844612736701 ], [ 31.385138122729565, 30.048844612736701 ], [ 31.385138122729565, 30.044956633093168 ], [ 31.380646546308967, 30.044956633093168 ] ] ] } },
{ "type": "Feature", "properties": { "zone_code": "NSR-GRID-227", "live_predicted_score": 0.53214905706873328, "live_risk_class": "medium", "rain_1h_mm": 0.0, "rain_3h_mm": 4.0, "rain_6h_mm": 8.0, "rain_24h_mm": 8.0, "max_precipitation_probability": 95.0, "source": "Open-Meteo Forecast API", "honesty_note": "Live predictions are model-estimated weather-impact risk scores, not verified flood incident labels." }, "geometry": { "type": "Polygon", "coordinates": [ [ [ 31.385138122729565, 30.044956633093168 ], [ 31.385138122729565, 30.048844612736701 ], [ 31.389629699150163, 30.048844612736701 ], [ 31.389629699150163, 30.044956633093168 ], [ 31.385138122729565, 30.044956633093168 ] ] ] } },
{ "type": "Feature", "properties": { "zone_code": "NSR-GRID-228", "live_predicted_score": 0.49862037762843148, "live_risk_class": "medium", "rain_1h_mm": 0.0, "rain_3h_mm": 4.0, "rain_6h_mm": 8.0, "rain_24h_mm": 8.0, "max_precipitation_probability": 95.0, "source": "Open-Meteo Forecast API", "honesty_note": "Live predictions are model-estimated weather-impact risk scores, not verified flood incident labels." }, "geometry": { "type": "Polygon", "coordinates": [ [ [ 31.389629699150163, 30.044956633093168 ], [ 31.389629699150163, 30.048844612736701 ], [ 31.394121275570754, 30.048844612736701 ], [ 31.394121275570754, 30.044956633093168 ], [ 31.389629699150163, 30.044956633093168 ] ] ] } },
{ "type": "Feature", "properties": { "zone_code": "NSR-GRID-229", "live_predicted_score": 0.53279307047850799, "live_risk_class": "medium", "rain_1h_mm": 0.0, "rain_3h_mm": 4.0, "rain_6h_mm": 8.0, "rain_24h_mm": 8.0, "max_precipitation_probability": 95.0, "source": "Open-Meteo Forecast API", "honesty_note": "Live predictions are model-estimated weather-impact risk scores, not verified flood incident labels." }, "geometry": { "type": "Polygon", "coordinates": [ [ [ 31.394121275570754, 30.044956633093168 ], [ 31.394121275570754, 30.048844612736701 ], [ 31.398612851991352, 30.048844612736701 ], [ 31.398612851991352, 30.044956633093168 ], [ 31.394121275570754, 30.044956633093168 ] ] ] } },
{ "type": "Feature", "properties": { "zone_code": "NSR-GRID-230", "live_predicted_score": 0.52502603295758421, "live_risk_class": "medium", "rain_1h_mm": 0.0, "rain_3h_mm": 4.0, "rain_6h_mm": 8.0, "rain_24h_mm": 8.0, "max_precipitation_probability": 95.0, "source": "Open-Meteo Forecast API", "honesty_note": "Live predictions are model-estimated weather-impact risk scores, not verified flood incident labels." }, "geometry": { "type": "Polygon", "coordinates": [ [ [ 31.398612851991352, 30.044956633093168 ], [ 31.398612851991352, 30.048844612736701 ], [ 31.403104428411954, 30.048844612736701 ], [ 31.403104428411954, 30.044956633093168 ], [ 31.398612851991352, 30.044956633093168 ] ] ] } },
{ "type": "Feature", "properties": { "zone_code": "NSR-GRID-231", "live_predicted_score": 0.22099219727769362, "live_risk_class": "low", "rain_1h_mm": 0.0, "rain_3h_mm": 4.0, "rain_6h_mm": 8.0, "rain_24h_mm": 8.0, "max_precipitation_probability": 95.0, "source": "Open-Meteo Forecast API", "honesty_note": "Live predictions are model-estimated weather-impact risk scores, not verified flood incident labels." }, "geometry": { "type": "Polygon", "coordinates": [ [ [ 31.403104428411954, 30.041068500844791 ], [ 31.403104428411954, 30.044956633093168 ], [ 31.404817173280087, 30.044956633093168 ], [ 31.4045107, 30.0442156 ], [ 31.4043218, 30.0430629 ], [ 31.404016132317846, 30.041068500844791 ], [ 31.403104428411954, 30.041068500844791 ] ] ] } },
{ "type": "Feature", "properties": { "zone_code": "NSR-GRID-232", "live_predicted_score": 0.51711964842761127, "live_risk_class": "medium", "rain_1h_mm": 0.0, "rain_3h_mm": 4.0, "rain_6h_mm": 8.0, "rain_24h_mm": 8.0, "max_precipitation_probability": 95.0, "source": "Open-Meteo Forecast API", "honesty_note": "Live predictions are model-estimated weather-impact risk scores, not verified flood incident labels." }, "geometry": { "type": "Polygon", "coordinates": [ [ [ 31.331239205682394, 30.044956633093168 ], [ 31.331239205682394, 30.041068500844791 ], [ 31.329916534990666, 30.041068500844791 ], [ 31.3297171, 30.041904599999985 ], [ 31.3294571, 30.042982 ], [ 31.3291928, 30.0441439 ], [ 31.329008436839352, 30.044956633093168 ], [ 31.331239205682394, 30.044956633093168 ] ] ] } },
{ "type": "Feature", "properties": { "zone_code": "NSR-GRID-233", "live_predicted_score": 0.5304534219243825, "live_risk_class": "medium", "rain_1h_mm": 0.0, "rain_3h_mm": 4.0, "rain_6h_mm": 8.0, "rain_24h_mm": 8.0, "max_precipitation_probability": 95.0, "source": "Open-Meteo Forecast API", "honesty_note": "Live predictions are model-estimated weather-impact risk scores, not verified flood incident labels." }, "geometry": { "type": "Polygon", "coordinates": [ [ [ 31.331239205682394, 30.041068500844791 ], [ 31.331239205682394, 30.044956633093168 ], [ 31.335730782102992, 30.044956633093168 ], [ 31.335730782102992, 30.041068500844791 ], [ 31.331239205682394, 30.041068500844791 ] ] ] } },
{ "type": "Feature", "properties": { "zone_code": "NSR-GRID-234", "live_predicted_score": 0.52839757846642565, "live_risk_class": "medium", "rain_1h_mm": 0.0, "rain_3h_mm": 4.0, "rain_6h_mm": 8.0, "rain_24h_mm": 8.0, "max_precipitation_probability": 95.0, "source": "Open-Meteo Forecast API", "honesty_note": "Live predictions are model-estimated weather-impact risk scores, not verified flood incident labels." }, "geometry": { "type": "Polygon", "coordinates": [ [ [ 31.335730782102992, 30.041068500844791 ], [ 31.335730782102992, 30.044956633093168 ], [ 31.340222358523583, 30.044956633093168 ], [ 31.340222358523583, 30.041068500844791 ], [ 31.335730782102992, 30.041068500844791 ] ] ] } },
{ "type": "Feature", "properties": { "zone_code": "NSR-GRID-235", "live_predicted_score": 0.52686484086409091, "live_risk_class": "medium", "rain_1h_mm": 0.0, "rain_3h_mm": 4.0, "rain_6h_mm": 8.0, "rain_24h_mm": 8.0, "max_precipitation_probability": 95.0, "source": "Open-Meteo Forecast API", "honesty_note": "Live predictions are model-estimated weather-impact risk scores, not verified flood incident labels." }, "geometry": { "type": "Polygon", "coordinates": [ [ [ 31.340222358523583, 30.041068500844791 ], [ 31.340222358523583, 30.044956633093168 ], [ 31.344713934944181, 30.044956633093168 ], [ 31.344713934944181, 30.041068500844791 ], [ 31.340222358523583, 30.041068500844791 ] ] ] } },
{ "type": "Feature", "properties": { "zone_code": "NSR-GRID-236", "live_predicted_score": 0.45568783094058329, "live_risk_class": "medium", "rain_1h_mm": 0.0, "rain_3h_mm": 4.0, "rain_6h_mm": 8.0, "rain_24h_mm": 8.0, "max_precipitation_probability": 95.0, "source": "Open-Meteo Forecast API", "honesty_note": "Live predictions are model-estimated weather-impact risk scores, not verified flood incident labels." }, "geometry": { "type": "Polygon", "coordinates": [ [ [ 31.344713934944181, 30.041068500844791 ], [ 31.344713934944181, 30.044956633093168 ], [ 31.349205511364779, 30.044956633093168 ], [ 31.349205511364779, 30.041068500844791 ], [ 31.344713934944181, 30.041068500844791 ] ] ] } },
{ "type": "Feature", "properties": { "zone_code": "NSR-GRID-237", "live_predicted_score": 0.25036903130799326, "live_risk_class": "low", "rain_1h_mm": 0.0, "rain_3h_mm": 4.0, "rain_6h_mm": 8.0, "rain_24h_mm": 8.0, "max_precipitation_probability": 95.0, "source": "Open-Meteo Forecast API", "honesty_note": "Live predictions are model-estimated weather-impact risk scores, not verified flood incident labels." }, "geometry": { "type": "Polygon", "coordinates": [ [ [ 31.349205511364779, 30.041068500844791 ], [ 31.349205511364779, 30.044956633093168 ], [ 31.353697087785381, 30.044956633093168 ], [ 31.353697087785381, 30.041068500844791 ], [ 31.349205511364779, 30.041068500844791 ] ] ] } },
{ "type": "Feature", "properties": { "zone_code": "NSR-GRID-238", "live_predicted_score": 0.38368417743749872, "live_risk_class": "medium", "rain_1h_mm": 0.0, "rain_3h_mm": 4.0, "rain_6h_mm": 8.0, "rain_24h_mm": 8.0, "max_precipitation_probability": 95.0, "source": "Open-Meteo Forecast API", "honesty_note": "Live predictions are model-estimated weather-impact risk scores, not verified flood incident labels." }, "geometry": { "type": "Polygon", "coordinates": [ [ [ 31.353697087785381, 30.041068500844791 ], [ 31.353697087785381, 30.044956633093168 ], [ 31.358188664205979, 30.044956633093168 ], [ 31.358188664205979, 30.041068500844791 ], [ 31.353697087785381, 30.041068500844791 ] ] ] } },
{ "type": "Feature", "properties": { "zone_code": "NSR-GRID-239", "live_predicted_score": 0.45614775327111495, "live_risk_class": "medium", "rain_1h_mm": 0.0, "rain_3h_mm": 4.0, "rain_6h_mm": 8.0, "rain_24h_mm": 8.0, "max_precipitation_probability": 95.0, "source": "Open-Meteo Forecast API", "honesty_note": "Live predictions are model-estimated weather-impact risk scores, not verified flood incident labels." }, "geometry": { "type": "Polygon", "coordinates": [ [ [ 31.358188664205979, 30.041068500844791 ], [ 31.358188664205979, 30.044956633093168 ], [ 31.362680240626577, 30.044956633093168 ], [ 31.362680240626577, 30.041068500844791 ], [ 31.358188664205979, 30.041068500844791 ] ] ] } },
{ "type": "Feature", "properties": { "zone_code": "NSR-GRID-240", "live_predicted_score": 0.43093146099207491, "live_risk_class": "medium", "rain_1h_mm": 0.0, "rain_3h_mm": 4.0, "rain_6h_mm": 8.0, "rain_24h_mm": 8.0, "max_precipitation_probability": 95.0, "source": "Open-Meteo Forecast API", "honesty_note": "Live predictions are model-estimated weather-impact risk scores, not verified flood incident labels." }, "geometry": { "type": "Polygon", "coordinates": [ [ [ 31.362680240626577, 30.041068500844791 ], [ 31.362680240626577, 30.044956633093168 ], [ 31.367171817047169, 30.044956633093168 ], [ 31.367171817047169, 30.041068500844791 ], [ 31.362680240626577, 30.041068500844791 ] ] ] } },
{ "type": "Feature", "properties": { "zone_code": "NSR-GRID-241", "live_predicted_score": 0.48950393356295963, "live_risk_class": "medium", "rain_1h_mm": 0.0, "rain_3h_mm": 4.0, "rain_6h_mm": 8.0, "rain_24h_mm": 8.0, "max_precipitation_probability": 95.0, "source": "Open-Meteo Forecast API", "honesty_note": "Live predictions are model-estimated weather-impact risk scores, not verified flood incident labels." }, "geometry": { "type": "Polygon", "coordinates": [ [ [ 31.367171817047169, 30.041068500844791 ], [ 31.367171817047169, 30.044956633093168 ], [ 31.371663393467767, 30.044956633093168 ], [ 31.371663393467767, 30.041068500844791 ], [ 31.367171817047169, 30.041068500844791 ] ] ] } },
{ "type": "Feature", "properties": { "zone_code": "NSR-GRID-242", "live_predicted_score": 0.51168314496118217, "live_risk_class": "medium", "rain_1h_mm": 0.0, "rain_3h_mm": 4.0, "rain_6h_mm": 8.0, "rain_24h_mm": 8.0, "max_precipitation_probability": 95.0, "source": "Open-Meteo Forecast API", "honesty_note": "Live predictions are model-estimated weather-impact risk scores, not verified flood incident labels." }, "geometry": { "type": "Polygon", "coordinates": [ [ [ 31.371663393467767, 30.041068500844791 ], [ 31.371663393467767, 30.044956633093168 ], [ 31.376154969888365, 30.044956633093168 ], [ 31.376154969888365, 30.041068500844791 ], [ 31.371663393467767, 30.041068500844791 ] ] ] } },
{ "type": "Feature", "properties": { "zone_code": "NSR-GRID-243", "live_predicted_score": 0.41810167182780683, "live_risk_class": "medium", "rain_1h_mm": 0.0, "rain_3h_mm": 4.0, "rain_6h_mm": 8.0, "rain_24h_mm": 8.0, "max_precipitation_probability": 95.0, "source": "Open-Meteo Forecast API", "honesty_note": "Live predictions are model-estimated weather-impact risk scores, not verified flood incident labels." }, "geometry": { "type": "Polygon", "coordinates": [ [ [ 31.376154969888365, 30.041068500844791 ], [ 31.376154969888365, 30.044956633093168 ], [ 31.380646546308967, 30.044956633093168 ], [ 31.380646546308967, 30.041068500844791 ], [ 31.376154969888365, 30.041068500844791 ] ] ] } },
{ "type": "Feature", "properties": { "zone_code": "NSR-GRID-244", "live_predicted_score": 0.19110609791912198, "live_risk_class": "low", "rain_1h_mm": 0.0, "rain_3h_mm": 4.0, "rain_6h_mm": 8.0, "rain_24h_mm": 8.0, "max_precipitation_probability": 95.0, "source": "Open-Meteo Forecast API", "honesty_note": "Live predictions are model-estimated weather-impact risk scores, not verified flood incident labels." }, "geometry": { "type": "Polygon", "coordinates": [ [ [ 31.380646546308967, 30.041068500844791 ], [ 31.380646546308967, 30.044956633093168 ], [ 31.385138122729565, 30.044956633093168 ], [ 31.385138122729565, 30.041068500844791 ], [ 31.380646546308967, 30.041068500844791 ] ] ] } },
{ "type": "Feature", "properties": { "zone_code": "NSR-GRID-245", "live_predicted_score": 0.3203146815243581, "live_risk_class": "low", "rain_1h_mm": 0.0, "rain_3h_mm": 4.0, "rain_6h_mm": 8.0, "rain_24h_mm": 8.0, "max_precipitation_probability": 95.0, "source": "Open-Meteo Forecast API", "honesty_note": "Live predictions are model-estimated weather-impact risk scores, not verified flood incident labels." }, "geometry": { "type": "Polygon", "coordinates": [ [ [ 31.385138122729565, 30.041068500844791 ], [ 31.385138122729565, 30.044956633093168 ], [ 31.389629699150163, 30.044956633093168 ], [ 31.389629699150163, 30.041068500844791 ], [ 31.385138122729565, 30.041068500844791 ] ] ] } },
{ "type": "Feature", "properties": { "zone_code": "NSR-GRID-246", "live_predicted_score": 0.43163880610143157, "live_risk_class": "medium", "rain_1h_mm": 0.0, "rain_3h_mm": 4.0, "rain_6h_mm": 8.0, "rain_24h_mm": 8.0, "max_precipitation_probability": 95.0, "source": "Open-Meteo Forecast API", "honesty_note": "Live predictions are model-estimated weather-impact risk scores, not verified flood incident labels." }, "geometry": { "type": "Polygon", "coordinates": [ [ [ 31.389629699150163, 30.041068500844791 ], [ 31.389629699150163, 30.044956633093168 ], [ 31.394121275570754, 30.044956633093168 ], [ 31.394121275570754, 30.041068500844791 ], [ 31.389629699150163, 30.041068500844791 ] ] ] } },
{ "type": "Feature", "properties": { "zone_code": "NSR-GRID-247", "live_predicted_score": 0.39873370811811026, "live_risk_class": "medium", "rain_1h_mm": 0.0, "rain_3h_mm": 4.0, "rain_6h_mm": 8.0, "rain_24h_mm": 8.0, "max_precipitation_probability": 95.0, "source": "Open-Meteo Forecast API", "honesty_note": "Live predictions are model-estimated weather-impact risk scores, not verified flood incident labels." }, "geometry": { "type": "Polygon", "coordinates": [ [ [ 31.394121275570754, 30.041068500844791 ], [ 31.394121275570754, 30.044956633093168 ], [ 31.398612851991352, 30.044956633093168 ], [ 31.398612851991352, 30.041068500844791 ], [ 31.394121275570754, 30.041068500844791 ] ] ] } },
{ "type": "Feature", "properties": { "zone_code": "NSR-GRID-248", "live_predicted_score": 0.41535105522916371, "live_risk_class": "medium", "rain_1h_mm": 0.0, "rain_3h_mm": 4.0, "rain_6h_mm": 8.0, "rain_24h_mm": 8.0, "max_precipitation_probability": 95.0, "source": "Open-Meteo Forecast API", "honesty_note": "Live predictions are model-estimated weather-impact risk scores, not verified flood incident labels." }, "geometry": { "type": "Polygon", "coordinates": [ [ [ 31.398612851991352, 30.041068500844791 ], [ 31.398612851991352, 30.044956633093168 ], [ 31.403104428411954, 30.044956633093168 ], [ 31.403104428411954, 30.041068500844791 ], [ 31.398612851991352, 30.041068500844791 ] ] ] } },
{ "type": "Feature", "properties": { "zone_code": "NSR-GRID-249", "live_predicted_score": 0.54080902661313146, "live_risk_class": "medium", "rain_1h_mm": 0.0, "rain_3h_mm": 4.0, "rain_6h_mm": 8.0, "rain_24h_mm": 8.0, "max_precipitation_probability": 95.0, "source": "Open-Meteo Forecast API", "honesty_note": "Live predictions are model-estimated weather-impact risk scores, not verified flood incident labels." }, "geometry": { "type": "MultiPolygon", "coordinates": [ [ [ [ 31.331239205682394, 30.037180216003467 ], [ 31.3310566706397, 30.037180216003467 ], [ 31.331239205682394, 30.03732916147727 ], [ 31.331239205682394, 30.037180216003467 ] ] ], [ [ [ 31.331239205682394, 30.041068500844791 ], [ 31.331239205682394, 30.03901108600472 ], [ 31.3300623, 30.0404574 ], [ 31.329916534990666, 30.041068500844791 ], [ 31.331239205682394, 30.041068500844791 ] ] ] ] } },
{ "type": "Feature", "properties": { "zone_code": "NSR-GRID-250", "live_predicted_score": 0.24860618552579605, "live_risk_class": "low", "rain_1h_mm": 0.0, "rain_3h_mm": 4.0, "rain_6h_mm": 8.0, "rain_24h_mm": 8.0, "max_precipitation_probability": 95.0, "source": "Open-Meteo Forecast API", "honesty_note": "Live predictions are model-estimated weather-impact risk scores, not verified flood incident labels." }, "geometry": { "type": "Polygon", "coordinates": [ [ [ 31.403104428411954, 30.037180216003467 ], [ 31.403104428411954, 30.041068500844791 ], [ 31.404016132317846, 30.041068500844791 ], [ 31.4038534, 30.0400067 ], [ 31.403484841922591, 30.037180216003467 ], [ 31.403104428411954, 30.037180216003467 ] ] ] } },
{ "type": "Feature", "properties": { "zone_code": "NSR-GRID-251", "live_predicted_score": 0.51487588715768107, "live_risk_class": "medium", "rain_1h_mm": 0.0, "rain_3h_mm": 4.0, "rain_6h_mm": 8.0, "rain_24h_mm": 8.0, "max_precipitation_probability": 95.0, "source": "Open-Meteo Forecast API", "honesty_note": "Live predictions are model-estimated weather-impact risk scores, not verified flood incident labels." }, "geometry": { "type": "Polygon", "coordinates": [ [ [ 31.331239205682394, 30.041068500844791 ], [ 31.335730782102992, 30.041068500844791 ], [ 31.335730782102992, 30.037180216003467 ], [ 31.331239205682394, 30.037180216003467 ], [ 31.331239205682394, 30.03732916147727 ], [ 31.3320617, 30.0380003 ], [ 31.331239205682394, 30.03901108600472 ], [ 31.331239205682394, 30.041068500844791 ] ] ] } },
{ "type": "Feature", "properties": { "zone_code": "NSR-GRID-252", "live_predicted_score": 0.5317921471976228, "live_risk_class": "medium", "rain_1h_mm": 0.0, "rain_3h_mm": 4.0, "rain_6h_mm": 8.0, "rain_24h_mm": 8.0, "max_precipitation_probability": 95.0, "source": "Open-Meteo Forecast API", "honesty_note": "Live predictions are model-estimated weather-impact risk scores, not verified flood incident labels." }, "geometry": { "type": "Polygon", "coordinates": [ [ [ 31.335730782102992, 30.037180216003467 ], [ 31.335730782102992, 30.041068500844791 ], [ 31.340222358523583, 30.041068500844791 ], [ 31.340222358523583, 30.037180216003467 ], [ 31.335730782102992, 30.037180216003467 ] ] ] } },
{ "type": "Feature", "properties": { "zone_code": "NSR-GRID-253", "live_predicted_score": 0.46438316810566022, "live_risk_class": "medium", "rain_1h_mm": 0.0, "rain_3h_mm": 4.0, "rain_6h_mm": 8.0, "rain_24h_mm": 8.0, "max_precipitation_probability": 95.0, "source": "Open-Meteo Forecast API", "honesty_note": "Live predictions are model-estimated weather-impact risk scores, not verified flood incident labels." }, "geometry": { "type": "Polygon", "coordinates": [ [ [ 31.340222358523583, 30.037180216003467 ], [ 31.340222358523583, 30.041068500844791 ], [ 31.344713934944181, 30.041068500844791 ], [ 31.344713934944181, 30.037180216003467 ], [ 31.340222358523583, 30.037180216003467 ] ] ] } },
{ "type": "Feature", "properties": { "zone_code": "NSR-GRID-254", "live_predicted_score": 0.52894235975095727, "live_risk_class": "medium", "rain_1h_mm": 0.0, "rain_3h_mm": 4.0, "rain_6h_mm": 8.0, "rain_24h_mm": 8.0, "max_precipitation_probability": 95.0, "source": "Open-Meteo Forecast API", "honesty_note": "Live predictions are model-estimated weather-impact risk scores, not verified flood incident labels." }, "geometry": { "type": "Polygon", "coordinates": [ [ [ 31.344713934944181, 30.037180216003467 ], [ 31.344713934944181, 30.041068500844791 ], [ 31.349205511364779, 30.041068500844791 ], [ 31.349205511364779, 30.037180216003467 ], [ 31.344713934944181, 30.037180216003467 ] ] ] } },
{ "type": "Feature", "properties": { "zone_code": "NSR-GRID-255", "live_predicted_score": 0.45134020858479224, "live_risk_class": "medium", "rain_1h_mm": 0.0, "rain_3h_mm": 4.0, "rain_6h_mm": 8.0, "rain_24h_mm": 8.0, "max_precipitation_probability": 95.0, "source": "Open-Meteo Forecast API", "honesty_note": "Live predictions are model-estimated weather-impact risk scores, not verified flood incident labels." }, "geometry": { "type": "Polygon", "coordinates": [ [ [ 31.349205511364779, 30.037180216003467 ], [ 31.349205511364779, 30.041068500844791 ], [ 31.353697087785381, 30.041068500844791 ], [ 31.353697087785381, 30.037180216003467 ], [ 31.349205511364779, 30.037180216003467 ] ] ] } },
{ "type": "Feature", "properties": { "zone_code": "NSR-GRID-256", "live_predicted_score": 0.35889003084719351, "live_risk_class": "medium", "rain_1h_mm": 0.0, "rain_3h_mm": 4.0, "rain_6h_mm": 8.0, "rain_24h_mm": 8.0, "max_precipitation_probability": 95.0, "source": "Open-Meteo Forecast API", "honesty_note": "Live predictions are model-estimated weather-impact risk scores, not verified flood incident labels." }, "geometry": { "type": "Polygon", "coordinates": [ [ [ 31.353697087785381, 30.037180216003467 ], [ 31.353697087785381, 30.041068500844791 ], [ 31.358188664205979, 30.041068500844791 ], [ 31.358188664205979, 30.037180216003467 ], [ 31.353697087785381, 30.037180216003467 ] ] ] } },
{ "type": "Feature", "properties": { "zone_code": "NSR-GRID-257", "live_predicted_score": 0.34388136031948596, "live_risk_class": "medium", "rain_1h_mm": 0.0, "rain_3h_mm": 4.0, "rain_6h_mm": 8.0, "rain_24h_mm": 8.0, "max_precipitation_probability": 95.0, "source": "Open-Meteo Forecast API", "honesty_note": "Live predictions are model-estimated weather-impact risk scores, not verified flood incident labels." }, "geometry": { "type": "Polygon", "coordinates": [ [ [ 31.358188664205979, 30.037180216003467 ], [ 31.358188664205979, 30.041068500844791 ], [ 31.362680240626577, 30.041068500844791 ], [ 31.362680240626577, 30.037180216003467 ], [ 31.358188664205979, 30.037180216003467 ] ] ] } },
{ "type": "Feature", "properties": { "zone_code": "NSR-GRID-258", "live_predicted_score": 0.35172104529255799, "live_risk_class": "medium", "rain_1h_mm": 0.0, "rain_3h_mm": 4.0, "rain_6h_mm": 8.0, "rain_24h_mm": 8.0, "max_precipitation_probability": 95.0, "source": "Open-Meteo Forecast API", "honesty_note": "Live predictions are model-estimated weather-impact risk scores, not verified flood incident labels." }, "geometry": { "type": "Polygon", "coordinates": [ [ [ 31.362680240626577, 30.037180216003467 ], [ 31.362680240626577, 30.041068500844791 ], [ 31.367171817047169, 30.041068500844791 ], [ 31.367171817047169, 30.037180216003467 ], [ 31.362680240626577, 30.037180216003467 ] ] ] } },
{ "type": "Feature", "properties": { "zone_code": "NSR-GRID-259", "live_predicted_score": 0.4631657419548979, "live_risk_class": "medium", "rain_1h_mm": 0.0, "rain_3h_mm": 4.0, "rain_6h_mm": 8.0, "rain_24h_mm": 8.0, "max_precipitation_probability": 95.0, "source": "Open-Meteo Forecast API", "honesty_note": "Live predictions are model-estimated weather-impact risk scores, not verified flood incident labels." }, "geometry": { "type": "Polygon", "coordinates": [ [ [ 31.367171817047169, 30.037180216003467 ], [ 31.367171817047169, 30.041068500844791 ], [ 31.371663393467767, 30.041068500844791 ], [ 31.371663393467767, 30.037180216003467 ], [ 31.367171817047169, 30.037180216003467 ] ] ] } },
{ "type": "Feature", "properties": { "zone_code": "NSR-GRID-260", "live_predicted_score": 0.48569827386631109, "live_risk_class": "medium", "rain_1h_mm": 0.0, "rain_3h_mm": 4.0, "rain_6h_mm": 8.0, "rain_24h_mm": 8.0, "max_precipitation_probability": 95.0, "source": "Open-Meteo Forecast API", "honesty_note": "Live predictions are model-estimated weather-impact risk scores, not verified flood incident labels." }, "geometry": { "type": "Polygon", "coordinates": [ [ [ 31.371663393467767, 30.037180216003467 ], [ 31.371663393467767, 30.041068500844791 ], [ 31.376154969888365, 30.041068500844791 ], [ 31.376154969888365, 30.037180216003467 ], [ 31.371663393467767, 30.037180216003467 ] ] ] } },
{ "type": "Feature", "properties": { "zone_code": "NSR-GRID-261", "live_predicted_score": 0.29129561112777153, "live_risk_class": "low", "rain_1h_mm": 0.0, "rain_3h_mm": 4.0, "rain_6h_mm": 8.0, "rain_24h_mm": 8.0, "max_precipitation_probability": 95.0, "source": "Open-Meteo Forecast API", "honesty_note": "Live predictions are model-estimated weather-impact risk scores, not verified flood incident labels." }, "geometry": { "type": "Polygon", "coordinates": [ [ [ 31.376154969888365, 30.037180216003467 ], [ 31.376154969888365, 30.041068500844791 ], [ 31.380646546308967, 30.041068500844791 ], [ 31.380646546308967, 30.037180216003467 ], [ 31.376154969888365, 30.037180216003467 ] ] ] } },
{ "type": "Feature", "properties": { "zone_code": "NSR-GRID-262", "live_predicted_score": 0.18643136919223072, "live_risk_class": "low", "rain_1h_mm": 0.0, "rain_3h_mm": 4.0, "rain_6h_mm": 8.0, "rain_24h_mm": 8.0, "max_precipitation_probability": 95.0, "source": "Open-Meteo Forecast API", "honesty_note": "Live predictions are model-estimated weather-impact risk scores, not verified flood incident labels." }, "geometry": { "type": "Polygon", "coordinates": [ [ [ 31.380646546308967, 30.037180216003467 ], [ 31.380646546308967, 30.041068500844791 ], [ 31.385138122729565, 30.041068500844791 ], [ 31.385138122729565, 30.037180216003467 ], [ 31.380646546308967, 30.037180216003467 ] ] ] } },
{ "type": "Feature", "properties": { "zone_code": "NSR-GRID-263", "live_predicted_score": 0.24264502672678953, "live_risk_class": "low", "rain_1h_mm": 0.0, "rain_3h_mm": 4.0, "rain_6h_mm": 8.0, "rain_24h_mm": 8.0, "max_precipitation_probability": 95.0, "source": "Open-Meteo Forecast API", "honesty_note": "Live predictions are model-estimated weather-impact risk scores, not verified flood incident labels." }, "geometry": { "type": "Polygon", "coordinates": [ [ [ 31.385138122729565, 30.037180216003467 ], [ 31.385138122729565, 30.041068500844791 ], [ 31.389629699150163, 30.041068500844791 ], [ 31.389629699150163, 30.037180216003467 ], [ 31.385138122729565, 30.037180216003467 ] ] ] } },
{ "type": "Feature", "properties": { "zone_code": "NSR-GRID-264", "live_predicted_score": 0.30751349763330266, "live_risk_class": "low", "rain_1h_mm": 0.0, "rain_3h_mm": 4.0, "rain_6h_mm": 8.0, "rain_24h_mm": 8.0, "max_precipitation_probability": 95.0, "source": "Open-Meteo Forecast API", "honesty_note": "Live predictions are model-estimated weather-impact risk scores, not verified flood incident labels." }, "geometry": { "type": "Polygon", "coordinates": [ [ [ 31.389629699150163, 30.037180216003467 ], [ 31.389629699150163, 30.041068500844791 ], [ 31.394121275570754, 30.041068500844791 ], [ 31.394121275570754, 30.037180216003467 ], [ 31.389629699150163, 30.037180216003467 ] ] ] } },
{ "type": "Feature", "properties": { "zone_code": "NSR-GRID-265", "live_predicted_score": 0.46857813133118575, "live_risk_class": "medium", "rain_1h_mm": 0.0, "rain_3h_mm": 4.0, "rain_6h_mm": 8.0, "rain_24h_mm": 8.0, "max_precipitation_probability": 95.0, "source": "Open-Meteo Forecast API", "honesty_note": "Live predictions are model-estimated weather-impact risk scores, not verified flood incident labels." }, "geometry": { "type": "Polygon", "coordinates": [ [ [ 31.394121275570754, 30.037180216003467 ], [ 31.394121275570754, 30.041068500844791 ], [ 31.398612851991352, 30.041068500844791 ], [ 31.398612851991352, 30.037180216003467 ], [ 31.394121275570754, 30.037180216003467 ] ] ] } },
{ "type": "Feature", "properties": { "zone_code": "NSR-GRID-266", "live_predicted_score": 0.44637400359639695, "live_risk_class": "medium", "rain_1h_mm": 0.0, "rain_3h_mm": 4.0, "rain_6h_mm": 8.0, "rain_24h_mm": 8.0, "max_precipitation_probability": 95.0, "source": "Open-Meteo Forecast API", "honesty_note": "Live predictions are model-estimated weather-impact risk scores, not verified flood incident labels." }, "geometry": { "type": "Polygon", "coordinates": [ [ [ 31.398612851991352, 30.037180216003467 ], [ 31.398612851991352, 30.041068500844791 ], [ 31.403104428411954, 30.041068500844791 ], [ 31.403104428411954, 30.037180216003467 ], [ 31.398612851991352, 30.037180216003467 ] ] ] } },
{ "type": "Feature", "properties": { "zone_code": "NSR-GRID-267", "live_predicted_score": 0.60050151043742594, "live_risk_class": "medium", "rain_1h_mm": 0.0, "rain_3h_mm": 4.0, "rain_6h_mm": 8.0, "rain_24h_mm": 8.0, "max_precipitation_probability": 95.0, "source": "Open-Meteo Forecast API", "honesty_note": "Live predictions are model-estimated weather-impact risk scores, not verified flood incident labels." }, "geometry": { "type": "Polygon", "coordinates": [ [ [ 31.331239205682394, 30.037180216003467 ], [ 31.331239205682394, 30.035188000907038 ], [ 31.3310691, 30.0354103 ], [ 31.3303933, 30.0363238 ], [ 31.3302385, 30.0365126 ], [ 31.3310566706397, 30.037180216003467 ], [ 31.331239205682394, 30.037180216003467 ] ] ] } },
{ "type": "Feature", "properties": { "zone_code": "NSR-GRID-268", "live_predicted_score": 0.30792112925613424, "live_risk_class": "low", "rain_1h_mm": 0.0, "rain_3h_mm": 4.0, "rain_6h_mm": 8.0, "rain_24h_mm": 8.0, "max_precipitation_probability": 95.0, "source": "Open-Meteo Forecast API", "honesty_note": "Live predictions are model-estimated weather-impact risk scores, not verified flood incident labels." }, "geometry": { "type": "Polygon", "coordinates": [ [ [ 31.403104428411954, 30.037180216003467 ], [ 31.403484841922591, 30.037180216003467 ], [ 31.4033025, 30.0357818 ], [ 31.403104428411954, 30.03438262220066 ], [ 31.403104428411954, 30.037180216003467 ] ] ] } },
{ "type": "Feature", "properties": { "zone_code": "NSR-GRID-269", "live_predicted_score": 0.56136115867006797, "live_risk_class": "medium", "rain_1h_mm": 0.0, "rain_3h_mm": 4.0, "rain_6h_mm": 8.0, "rain_24h_mm": 8.0, "max_precipitation_probability": 95.0, "source": "Open-Meteo Forecast API", "honesty_note": "Live predictions are model-estimated weather-impact risk scores, not verified flood incident labels." }, "geometry": { "type": "Polygon", "coordinates": [ [ [ 31.331239205682394, 30.037180216003467 ], [ 31.335730782102992, 30.037180216003467 ], [ 31.335730782102992, 30.033291778581109 ], [ 31.332887328982721, 30.033291778581109 ], [ 31.3325084, 30.03361 ], [ 31.3317861, 30.0344733 ], [ 31.331239205682394, 30.035188000907038 ], [ 31.331239205682394, 30.037180216003467 ] ] ] } },
{ "type": "Feature", "properties": { "zone_code": "NSR-GRID-270", "live_predicted_score": 0.34678955153041774, "live_risk_class": "medium", "rain_1h_mm": 0.0, "rain_3h_mm": 4.0, "rain_6h_mm": 8.0, "rain_24h_mm": 8.0, "max_precipitation_probability": 95.0, "source": "Open-Meteo Forecast API", "honesty_note": "Live predictions are model-estimated weather-impact risk scores, not verified flood incident labels." }, "geometry": { "type": "Polygon", "coordinates": [ [ [ 31.398612851991352, 30.033291778581109 ], [ 31.398612851991352, 30.037180216003467 ], [ 31.403104428411954, 30.037180216003467 ], [ 31.403104428411954, 30.03438262220066 ], [ 31.402950007427197, 30.033291778581109 ], [ 31.398612851991352, 30.033291778581109 ] ] ] } },
{ "type": "Feature", "properties": { "zone_code": "NSR-GRID-271", "live_predicted_score": 0.51696535178112191, "live_risk_class": "medium", "rain_1h_mm": 0.0, "rain_3h_mm": 4.0, "rain_6h_mm": 8.0, "rain_24h_mm": 8.0, "max_precipitation_probability": 95.0, "source": "Open-Meteo Forecast API", "honesty_note": "Live predictions are model-estimated weather-impact risk scores, not verified flood incident labels." }, "geometry": { "type": "Polygon", "coordinates": [ [ [ 31.335730782102992, 30.033291778581109 ], [ 31.335730782102992, 30.037180216003467 ], [ 31.340222358523583, 30.037180216003467 ], [ 31.340222358523583, 30.033291778581109 ], [ 31.335730782102992, 30.033291778581109 ] ] ] } },
{ "type": "Feature", "properties": { "zone_code": "NSR-GRID-272", "live_predicted_score": 0.5164586221377544, "live_risk_class": "medium", "rain_1h_mm": 0.0, "rain_3h_mm": 4.0, "rain_6h_mm": 8.0, "rain_24h_mm": 8.0, "max_precipitation_probability": 95.0, "source": "Open-Meteo Forecast API", "honesty_note": "Live predictions are model-estimated weather-impact risk scores, not verified flood incident labels." }, "geometry": { "type": "Polygon", "coordinates": [ [ [ 31.340222358523583, 30.033291778581109 ], [ 31.340222358523583, 30.037180216003467 ], [ 31.344713934944181, 30.037180216003467 ], [ 31.344713934944181, 30.033291778581109 ], [ 31.340222358523583, 30.033291778581109 ] ] ] } },
{ "type": "Feature", "properties": { "zone_code": "NSR-GRID-273", "live_predicted_score": 0.44936521822348302, "live_risk_class": "medium", "rain_1h_mm": 0.0, "rain_3h_mm": 4.0, "rain_6h_mm": 8.0, "rain_24h_mm": 8.0, "max_precipitation_probability": 95.0, "source": "Open-Meteo Forecast API", "honesty_note": "Live predictions are model-estimated weather-impact risk scores, not verified flood incident labels." }, "geometry": { "type": "Polygon", "coordinates": [ [ [ 31.344713934944181, 30.033291778581109 ], [ 31.344713934944181, 30.037180216003467 ], [ 31.349205511364779, 30.037180216003467 ], [ 31.349205511364779, 30.033291778581109 ], [ 31.344713934944181, 30.033291778581109 ] ] ] } },
{ "type": "Feature", "properties": { "zone_code": "NSR-GRID-274", "live_predicted_score": 0.51879703963982893, "live_risk_class": "medium", "rain_1h_mm": 0.0, "rain_3h_mm": 4.0, "rain_6h_mm": 8.0, "rain_24h_mm": 8.0, "max_precipitation_probability": 95.0, "source": "Open-Meteo Forecast API", "honesty_note": "Live predictions are model-estimated weather-impact risk scores, not verified flood incident labels." }, "geometry": { "type": "Polygon", "coordinates": [ [ [ 31.349205511364779, 30.033291778581109 ], [ 31.349205511364779, 30.037180216003467 ], [ 31.353697087785381, 30.037180216003467 ], [ 31.353697087785381, 30.033291778581109 ], [ 31.349205511364779, 30.033291778581109 ] ] ] } },
{ "type": "Feature", "properties": { "zone_code": "NSR-GRID-275", "live_predicted_score": 0.41334075425660377, "live_risk_class": "medium", "rain_1h_mm": 0.0, "rain_3h_mm": 4.0, "rain_6h_mm": 8.0, "rain_24h_mm": 8.0, "max_precipitation_probability": 95.0, "source": "Open-Meteo Forecast API", "honesty_note": "Live predictions are model-estimated weather-impact risk scores, not verified flood incident labels." }, "geometry": { "type": "Polygon", "coordinates": [ [ [ 31.353697087785381, 30.033291778581109 ], [ 31.353697087785381, 30.037180216003467 ], [ 31.358188664205979, 30.037180216003467 ], [ 31.358188664205979, 30.033291778581109 ], [ 31.353697087785381, 30.033291778581109 ] ] ] } },
{ "type": "Feature", "properties": { "zone_code": "NSR-GRID-276", "live_predicted_score": 0.31627163174886341, "live_risk_class": "low", "rain_1h_mm": 0.0, "rain_3h_mm": 4.0, "rain_6h_mm": 8.0, "rain_24h_mm": 8.0, "max_precipitation_probability": 95.0, "source": "Open-Meteo Forecast API", "honesty_note": "Live predictions are model-estimated weather-impact risk scores, not verified flood incident labels." }, "geometry": { "type": "Polygon", "coordinates": [ [ [ 31.358188664205979, 30.033291778581109 ], [ 31.358188664205979, 30.037180216003467 ], [ 31.362680240626577, 30.037180216003467 ], [ 31.362680240626577, 30.033291778581109 ], [ 31.358188664205979, 30.033291778581109 ] ] ] } },
{ "type": "Feature", "properties": { "zone_code": "NSR-GRID-277", "live_predicted_score": 0.21282354333941997, "live_risk_class": "low", "rain_1h_mm": 0.0, "rain_3h_mm": 4.0, "rain_6h_mm": 8.0, "rain_24h_mm": 8.0, "max_precipitation_probability": 95.0, "source": "Open-Meteo Forecast API", "honesty_note": "Live predictions are model-estimated weather-impact risk scores, not verified flood incident labels." }, "geometry": { "type": "Polygon", "coordinates": [ [ [ 31.362680240626577, 30.033291778581109 ], [ 31.362680240626577, 30.037180216003467 ], [ 31.367171817047169, 30.037180216003467 ], [ 31.367171817047169, 30.033291778581109 ], [ 31.362680240626577, 30.033291778581109 ] ] ] } },
{ "type": "Feature", "properties": { "zone_code": "NSR-GRID-278", "live_predicted_score": 0.36648400024717975, "live_risk_class": "medium", "rain_1h_mm": 0.0, "rain_3h_mm": 4.0, "rain_6h_mm": 8.0, "rain_24h_mm": 8.0, "max_precipitation_probability": 95.0, "source": "Open-Meteo Forecast API", "honesty_note": "Live predictions are model-estimated weather-impact risk scores, not verified flood incident labels." }, "geometry": { "type": "Polygon", "coordinates": [ [ [ 31.367171817047169, 30.033291778581109 ], [ 31.367171817047169, 30.037180216003467 ], [ 31.371663393467767, 30.037180216003467 ], [ 31.371663393467767, 30.033291778581109 ], [ 31.367171817047169, 30.033291778581109 ] ] ] } },
{ "type": "Feature", "properties": { "zone_code": "NSR-GRID-279", "live_predicted_score": 0.32966132863437875, "live_risk_class": "low", "rain_1h_mm": 0.0, "rain_3h_mm": 4.0, "rain_6h_mm": 8.0, "rain_24h_mm": 8.0, "max_precipitation_probability": 95.0, "source": "Open-Meteo Forecast API", "honesty_note": "Live predictions are model-estimated weather-impact risk scores, not verified flood incident labels." }, "geometry": { "type": "Polygon", "coordinates": [ [ [ 31.371663393467767, 30.033291778581109 ], [ 31.371663393467767, 30.037180216003467 ], [ 31.376154969888365, 30.037180216003467 ], [ 31.376154969888365, 30.033291778581109 ], [ 31.371663393467767, 30.033291778581109 ] ] ] } },
{ "type": "Feature", "properties": { "zone_code": "NSR-GRID-280", "live_predicted_score": 0.18785709004774712, "live_risk_class": "low", "rain_1h_mm": 0.0, "rain_3h_mm": 4.0, "rain_6h_mm": 8.0, "rain_24h_mm": 8.0, "max_precipitation_probability": 95.0, "source": "Open-Meteo Forecast API", "honesty_note": "Live predictions are model-estimated weather-impact risk scores, not verified flood incident labels." }, "geometry": { "type": "Polygon", "coordinates": [ [ [ 31.376154969888365, 30.033291778581109 ], [ 31.376154969888365, 30.037180216003467 ], [ 31.380646546308967, 30.037180216003467 ], [ 31.380646546308967, 30.033291778581109 ], [ 31.376154969888365, 30.033291778581109 ] ] ] } },
{ "type": "Feature", "properties": { "zone_code": "NSR-GRID-281", "live_predicted_score": 0.16214757080423656, "live_risk_class": "low", "rain_1h_mm": 0.0, "rain_3h_mm": 4.0, "rain_6h_mm": 8.0, "rain_24h_mm": 8.0, "max_precipitation_probability": 95.0, "source": "Open-Meteo Forecast API", "honesty_note": "Live predictions are model-estimated weather-impact risk scores, not verified flood incident labels." }, "geometry": { "type": "Polygon", "coordinates": [ [ [ 31.380646546308967, 30.033291778581109 ], [ 31.380646546308967, 30.037180216003467 ], [ 31.385138122729565, 30.037180216003467 ], [ 31.385138122729565, 30.033291778581109 ], [ 31.380646546308967, 30.033291778581109 ] ] ] } },
{ "type": "Feature", "properties": { "zone_code": "NSR-GRID-282", "live_predicted_score": 0.22765857852965937, "live_risk_class": "low", "rain_1h_mm": 0.0, "rain_3h_mm": 4.0, "rain_6h_mm": 8.0, "rain_24h_mm": 8.0, "max_precipitation_probability": 95.0, "source": "Open-Meteo Forecast API", "honesty_note": "Live predictions are model-estimated weather-impact risk scores, not verified flood incident labels." }, "geometry": { "type": "Polygon", "coordinates": [ [ [ 31.385138122729565, 30.033291778581109 ], [ 31.385138122729565, 30.037180216003467 ], [ 31.389629699150163, 30.037180216003467 ], [ 31.389629699150163, 30.033291778581109 ], [ 31.385138122729565, 30.033291778581109 ] ] ] } },
{ "type": "Feature", "properties": { "zone_code": "NSR-GRID-283", "live_predicted_score": 0.30512143574070916, "live_risk_class": "low", "rain_1h_mm": 0.0, "rain_3h_mm": 4.0, "rain_6h_mm": 8.0, "rain_24h_mm": 8.0, "max_precipitation_probability": 95.0, "source": "Open-Meteo Forecast API", "honesty_note": "Live predictions are model-estimated weather-impact risk scores, not verified flood incident labels." }, "geometry": { "type": "Polygon", "coordinates": [ [ [ 31.389629699150163, 30.033291778581109 ], [ 31.389629699150163, 30.037180216003467 ], [ 31.394121275570754, 30.037180216003467 ], [ 31.394121275570754, 30.033291778581109 ], [ 31.389629699150163, 30.033291778581109 ] ] ] } },
{ "type": "Feature", "properties": { "zone_code": "NSR-GRID-284", "live_predicted_score": 0.2776196432186353, "live_risk_class": "low", "rain_1h_mm": 0.0, "rain_3h_mm": 4.0, "rain_6h_mm": 8.0, "rain_24h_mm": 8.0, "max_precipitation_probability": 95.0, "source": "Open-Meteo Forecast API", "honesty_note": "Live predictions are model-estimated weather-impact risk scores, not verified flood incident labels." }, "geometry": { "type": "Polygon", "coordinates": [ [ [ 31.394121275570754, 30.033291778581109 ], [ 31.394121275570754, 30.037180216003467 ], [ 31.398612851991352, 30.037180216003467 ], [ 31.398612851991352, 30.033291778581109 ], [ 31.394121275570754, 30.033291778581109 ] ] ] } },
{ "type": "Feature", "properties": { "zone_code": "NSR-GRID-285", "live_predicted_score": 0.54693799561847656, "live_risk_class": "medium", "rain_1h_mm": 0.0, "rain_3h_mm": 4.0, "rain_6h_mm": 8.0, "rain_24h_mm": 8.0, "max_precipitation_probability": 95.0, "source": "Open-Meteo Forecast API", "honesty_note": "Live predictions are model-estimated weather-impact risk scores, not verified flood incident labels." }, "geometry": { "type": "MultiPolygon", "coordinates": [ [ [ [ 31.335730782102992, 30.029403188589662 ], [ 31.335581772292223, 30.029403188589662 ], [ 31.3353268, 30.030505500000011 ], [ 31.3352921, 30.0307101 ], [ 31.3353421, 30.030868699999985 ], [ 31.3354841, 30.030996 ], [ 31.335706, 30.0310882 ], [ 31.335730782102992, 30.031084275071336 ], [ 31.335730782102992, 30.029403188589662 ] ] ], [ [ [ 31.335730782102992, 30.033291778581109 ], [ 31.335730782102992, 30.031777576921158 ], [ 31.3351376, 30.0319719 ], [ 31.3342732, 30.032339 ], [ 31.3334784, 30.0327954 ], [ 31.332887328982721, 30.033291778581109 ], [ 31.335730782102992, 30.033291778581109 ] ] ] ] } },
{ "type": "Feature", "properties": { "zone_code": "NSR-GRID-286", "live_predicted_score": 0.2273598492259761, "live_risk_class": "low", "rain_1h_mm": 0.0, "rain_3h_mm": 4.0, "rain_6h_mm": 8.0, "rain_24h_mm": 8.0, "max_precipitation_probability": 95.0, "source": "Open-Meteo Forecast API", "honesty_note": "Live predictions are model-estimated weather-impact risk scores, not verified flood incident labels." }, "geometry": { "type": "Polygon", "coordinates": [ [ [ 31.398612851991352, 30.029403188589662 ], [ 31.398612851991352, 30.033291778581109 ], [ 31.402950007427197, 30.033291778581109 ], [ 31.4026521, 30.0311873 ], [ 31.402407520234178, 30.029403188589662 ], [ 31.398612851991352, 30.029403188589662 ] ] ] } },
{ "type": "Feature", "properties": { "zone_code": "NSR-GRID-287", "live_predicted_score": 0.6055704559385956, "live_risk_class": "medium", "rain_1h_mm": 0.0, "rain_3h_mm": 4.0, "rain_6h_mm": 8.0, "rain_24h_mm": 8.0, "max_precipitation_probability": 95.0, "source": "Open-Meteo Forecast API", "honesty_note": "Live predictions are model-estimated weather-impact risk scores, not verified flood incident labels." }, "geometry": { "type": "Polygon", "coordinates": [ [ [ 31.340222358523583, 30.029403188589662 ], [ 31.340222358523583, 30.033291778581109 ], [ 31.344713934944181, 30.033291778581109 ], [ 31.344713934944181, 30.029403188589662 ], [ 31.340222358523583, 30.029403188589662 ] ] ] } },
{ "type": "Feature", "properties": { "zone_code": "NSR-GRID-288", "live_predicted_score": 0.57383307535547312, "live_risk_class": "medium", "rain_1h_mm": 0.0, "rain_3h_mm": 4.0, "rain_6h_mm": 8.0, "rain_24h_mm": 8.0, "max_precipitation_probability": 95.0, "source": "Open-Meteo Forecast API", "honesty_note": "Live predictions are model-estimated weather-impact risk scores, not verified flood incident labels." }, "geometry": { "type": "Polygon", "coordinates": [ [ [ 31.344713934944181, 30.029403188589662 ], [ 31.344713934944181, 30.033291778581109 ], [ 31.349205511364779, 30.033291778581109 ], [ 31.349205511364779, 30.029403188589662 ], [ 31.344713934944181, 30.029403188589662 ] ] ] } },
{ "type": "Feature", "properties": { "zone_code": "NSR-GRID-289", "live_predicted_score": 0.49572960227097318, "live_risk_class": "medium", "rain_1h_mm": 0.0, "rain_3h_mm": 4.0, "rain_6h_mm": 8.0, "rain_24h_mm": 8.0, "max_precipitation_probability": 95.0, "source": "Open-Meteo Forecast API", "honesty_note": "Live predictions are model-estimated weather-impact risk scores, not verified flood incident labels." }, "geometry": { "type": "Polygon", "coordinates": [ [ [ 31.349205511364779, 30.029403188589662 ], [ 31.349205511364779, 30.033291778581109 ], [ 31.353697087785381, 30.033291778581109 ], [ 31.353697087785381, 30.029403188589662 ], [ 31.349205511364779, 30.029403188589662 ] ] ] } },
{ "type": "Feature", "properties": { "zone_code": "NSR-GRID-290", "live_predicted_score": 0.36519529997204292, "live_risk_class": "medium", "rain_1h_mm": 0.0, "rain_3h_mm": 4.0, "rain_6h_mm": 8.0, "rain_24h_mm": 8.0, "max_precipitation_probability": 95.0, "source": "Open-Meteo Forecast API", "honesty_note": "Live predictions are model-estimated weather-impact risk scores, not verified flood incident labels." }, "geometry": { "type": "Polygon", "coordinates": [ [ [ 31.353697087785381, 30.029403188589662 ], [ 31.353697087785381, 30.033291778581109 ], [ 31.358188664205979, 30.033291778581109 ], [ 31.358188664205979, 30.029403188589662 ], [ 31.353697087785381, 30.029403188589662 ] ] ] } },
{ "type": "Feature", "properties": { "zone_code": "NSR-GRID-291", "live_predicted_score": 0.27665271510692063, "live_risk_class": "low", "rain_1h_mm": 0.0, "rain_3h_mm": 4.0, "rain_6h_mm": 8.0, "rain_24h_mm": 8.0, "max_precipitation_probability": 95.0, "source": "Open-Meteo Forecast API", "honesty_note": "Live predictions are model-estimated weather-impact risk scores, not verified flood incident labels." }, "geometry": { "type": "Polygon", "coordinates": [ [ [ 31.358188664205979, 30.029403188589662 ], [ 31.358188664205979, 30.033291778581109 ], [ 31.362680240626577, 30.033291778581109 ], [ 31.362680240626577, 30.029403188589662 ], [ 31.358188664205979, 30.029403188589662 ] ] ] } },
{ "type": "Feature", "properties": { "zone_code": "NSR-GRID-292", "live_predicted_score": 0.29731762983644566, "live_risk_class": "low", "rain_1h_mm": 0.0, "rain_3h_mm": 4.0, "rain_6h_mm": 8.0, "rain_24h_mm": 8.0, "max_precipitation_probability": 95.0, "source": "Open-Meteo Forecast API", "honesty_note": "Live predictions are model-estimated weather-impact risk scores, not verified flood incident labels." }, "geometry": { "type": "Polygon", "coordinates": [ [ [ 31.362680240626577, 30.029403188589662 ], [ 31.362680240626577, 30.033291778581109 ], [ 31.367171817047169, 30.033291778581109 ], [ 31.367171817047169, 30.029403188589662 ], [ 31.362680240626577, 30.029403188589662 ] ] ] } },
{ "type": "Feature", "properties": { "zone_code": "NSR-GRID-293", "live_predicted_score": 0.44138347444321624, "live_risk_class": "medium", "rain_1h_mm": 0.0, "rain_3h_mm": 4.0, "rain_6h_mm": 8.0, "rain_24h_mm": 8.0, "max_precipitation_probability": 95.0, "source": "Open-Meteo Forecast API", "honesty_note": "Live predictions are model-estimated weather-impact risk scores, not verified flood incident labels." }, "geometry": { "type": "Polygon", "coordinates": [ [ [ 31.367171817047169, 30.029403188589662 ], [ 31.367171817047169, 30.033291778581109 ], [ 31.371663393467767, 30.033291778581109 ], [ 31.371663393467767, 30.029403188589662 ], [ 31.367171817047169, 30.029403188589662 ] ] ] } },
{ "type": "Feature", "properties": { "zone_code": "NSR-GRID-294", "live_predicted_score": 0.37558811646950813, "live_risk_class": "medium", "rain_1h_mm": 0.0, "rain_3h_mm": 4.0, "rain_6h_mm": 8.0, "rain_24h_mm": 8.0, "max_precipitation_probability": 95.0, "source": "Open-Meteo Forecast API", "honesty_note": "Live predictions are model-estimated weather-impact risk scores, not verified flood incident labels." }, "geometry": { "type": "Polygon", "coordinates": [ [ [ 31.371663393467767, 30.029403188589662 ], [ 31.371663393467767, 30.033291778581109 ], [ 31.376154969888365, 30.033291778581109 ], [ 31.376154969888365, 30.029403188589662 ], [ 31.371663393467767, 30.029403188589662 ] ] ] } },
{ "type": "Feature", "properties": { "zone_code": "NSR-GRID-295", "live_predicted_score": 0.19903158780064173, "live_risk_class": "low", "rain_1h_mm": 0.0, "rain_3h_mm": 4.0, "rain_6h_mm": 8.0, "rain_24h_mm": 8.0, "max_precipitation_probability": 95.0, "source": "Open-Meteo Forecast API", "honesty_note": "Live predictions are model-estimated weather-impact risk scores, not verified flood incident labels." }, "geometry": { "type": "Polygon", "coordinates": [ [ [ 31.376154969888365, 30.029403188589662 ], [ 31.376154969888365, 30.033291778581109 ], [ 31.380646546308967, 30.033291778581109 ], [ 31.380646546308967, 30.029403188589662 ], [ 31.376154969888365, 30.029403188589662 ] ] ] } },
{ "type": "Feature", "properties": { "zone_code": "NSR-GRID-296", "live_predicted_score": 0.17554287341572605, "live_risk_class": "low", "rain_1h_mm": 0.0, "rain_3h_mm": 4.0, "rain_6h_mm": 8.0, "rain_24h_mm": 8.0, "max_precipitation_probability": 95.0, "source": "Open-Meteo Forecast API", "honesty_note": "Live predictions are model-estimated weather-impact risk scores, not verified flood incident labels." }, "geometry": { "type": "Polygon", "coordinates": [ [ [ 31.380646546308967, 30.029403188589662 ], [ 31.380646546308967, 30.033291778581109 ], [ 31.385138122729565, 30.033291778581109 ], [ 31.385138122729565, 30.029403188589662 ], [ 31.380646546308967, 30.029403188589662 ] ] ] } },
{ "type": "Feature", "properties": { "zone_code": "NSR-GRID-297", "live_predicted_score": 0.14732605405660834, "live_risk_class": "low", "rain_1h_mm": 0.0, "rain_3h_mm": 4.0, "rain_6h_mm": 8.0, "rain_24h_mm": 8.0, "max_precipitation_probability": 95.0, "source": "Open-Meteo Forecast API", "honesty_note": "Live predictions are model-estimated weather-impact risk scores, not verified flood incident labels." }, "geometry": { "type": "Polygon", "coordinates": [ [ [ 31.385138122729565, 30.029403188589662 ], [ 31.385138122729565, 30.033291778581109 ], [ 31.389629699150163, 30.033291778581109 ], [ 31.389629699150163, 30.029403188589662 ], [ 31.385138122729565, 30.029403188589662 ] ] ] } },
{ "type": "Feature", "properties": { "zone_code": "NSR-GRID-298", "live_predicted_score": 0.18450719318550066, "live_risk_class": "low", "rain_1h_mm": 0.0, "rain_3h_mm": 4.0, "rain_6h_mm": 8.0, "rain_24h_mm": 8.0, "max_precipitation_probability": 95.0, "source": "Open-Meteo Forecast API", "honesty_note": "Live predictions are model-estimated weather-impact risk scores, not verified flood incident labels." }, "geometry": { "type": "Polygon", "coordinates": [ [ [ 31.389629699150163, 30.029403188589662 ], [ 31.389629699150163, 30.033291778581109 ], [ 31.394121275570754, 30.033291778581109 ], [ 31.394121275570754, 30.029403188589662 ], [ 31.389629699150163, 30.029403188589662 ] ] ] } },
{ "type": "Feature", "properties": { "zone_code": "NSR-GRID-299", "live_predicted_score": 0.17676433914130366, "live_risk_class": "low", "rain_1h_mm": 0.0, "rain_3h_mm": 4.0, "rain_6h_mm": 8.0, "rain_24h_mm": 8.0, "max_precipitation_probability": 95.0, "source": "Open-Meteo Forecast API", "honesty_note": "Live predictions are model-estimated weather-impact risk scores, not verified flood incident labels." }, "geometry": { "type": "Polygon", "coordinates": [ [ [ 31.394121275570754, 30.029403188589662 ], [ 31.394121275570754, 30.033291778581109 ], [ 31.398612851991352, 30.033291778581109 ], [ 31.398612851991352, 30.029403188589662 ], [ 31.394121275570754, 30.029403188589662 ] ] ] } },
{ "type": "Feature", "properties": { "zone_code": "NSR-GRID-300", "live_predicted_score": 0.45669562022796623, "live_risk_class": "medium", "rain_1h_mm": 0.0, "rain_3h_mm": 4.0, "rain_6h_mm": 8.0, "rain_24h_mm": 8.0, "max_precipitation_probability": 95.0, "source": "Open-Meteo Forecast API", "honesty_note": "Live predictions are model-estimated weather-impact risk scores, not verified flood incident labels." }, "geometry": { "type": "Polygon", "coordinates": [ [ [ 31.335730782102992, 30.033291778581109 ], [ 31.340222358523583, 30.033291778581109 ], [ 31.340222358523583, 30.029403188589662 ], [ 31.335730782102992, 30.029403188589662 ], [ 31.335730782102992, 30.031084275071336 ], [ 31.3361202, 30.0310226 ], [ 31.3363632, 30.0315704 ], [ 31.335730782102992, 30.031777576921158 ], [ 31.335730782102992, 30.033291778581109 ] ] ] } },
{ "type": "Feature", "properties": { "zone_code": "NSR-GRID-301", "live_predicted_score": 0.54433872746918754, "live_risk_class": "medium", "rain_1h_mm": 0.0, "rain_3h_mm": 4.0, "rain_6h_mm": 8.0, "rain_24h_mm": 8.0, "max_precipitation_probability": 95.0, "source": "Open-Meteo Forecast API", "honesty_note": "Live predictions are model-estimated weather-impact risk scores, not verified flood incident labels." }, "geometry": { "type": "Polygon", "coordinates": [ [ [ 31.335730782102992, 30.029403188589662 ], [ 31.335730782102992, 30.028758974819059 ], [ 31.335581772292223, 30.029403188589662 ], [ 31.335730782102992, 30.029403188589662 ] ] ] } },
{ "type": "Feature", "properties": { "zone_code": "NSR-GRID-302", "live_predicted_score": 0.32043666064398219, "live_risk_class": "low", "rain_1h_mm": 0.0, "rain_3h_mm": 4.0, "rain_6h_mm": 8.0, "rain_24h_mm": 8.0, "max_precipitation_probability": 95.0, "source": "Open-Meteo Forecast API", "honesty_note": "Live predictions are model-estimated weather-impact risk scores, not verified flood incident labels." }, "geometry": { "type": "Polygon", "coordinates": [ [ [ 31.335730782102992, 30.029403188589662 ], [ 31.340222358523583, 30.029403188589662 ], [ 31.340222358523583, 30.02551444604104 ], [ 31.336591199332673, 30.02551444604104 ], [ 31.3358576, 30.0282107 ], [ 31.335730782102992, 30.028758974819059 ], [ 31.335730782102992, 30.029403188589662 ] ] ] } },
{ "type": "Feature", "properties": { "zone_code": "NSR-GRID-303", "live_predicted_score": 0.18947258115768392, "live_risk_class": "low", "rain_1h_mm": 0.0, "rain_3h_mm": 4.0, "rain_6h_mm": 8.0, "rain_24h_mm": 8.0, "max_precipitation_probability": 95.0, "source": "Open-Meteo Forecast API", "honesty_note": "Live predictions are model-estimated weather-impact risk scores, not verified flood incident labels." }, "geometry": { "type": "Polygon", "coordinates": [ [ [ 31.398612851991352, 30.02551444604104 ], [ 31.398612851991352, 30.029403188589662 ], [ 31.402407520234178, 30.029403188589662 ], [ 31.4020118, 30.0265165 ], [ 31.401841090769885, 30.02551444604104 ], [ 31.398612851991352, 30.02551444604104 ] ] ] } },
{ "type": "Feature", "properties": { "zone_code": "NSR-GRID-304", "live_predicted_score": 0.39154841266480661, "live_risk_class": "medium", "rain_1h_mm": 0.0, "rain_3h_mm": 4.0, "rain_6h_mm": 8.0, "rain_24h_mm": 8.0, "max_precipitation_probability": 95.0, "source": "Open-Meteo Forecast API", "honesty_note": "Live predictions are model-estimated weather-impact risk scores, not verified flood incident labels." }, "geometry": { "type": "Polygon", "coordinates": [ [ [ 31.340222358523583, 30.02551444604104 ], [ 31.340222358523583, 30.029403188589662 ], [ 31.344713934944181, 30.029403188589662 ], [ 31.344713934944181, 30.02551444604104 ], [ 31.340222358523583, 30.02551444604104 ] ] ] } },
{ "type": "Feature", "properties": { "zone_code": "NSR-GRID-305", "live_predicted_score": 0.51600360141247748, "live_risk_class": "medium", "rain_1h_mm": 0.0, "rain_3h_mm": 4.0, "rain_6h_mm": 8.0, "rain_24h_mm": 8.0, "max_precipitation_probability": 95.0, "source": "Open-Meteo Forecast API", "honesty_note": "Live predictions are model-estimated weather-impact risk scores, not verified flood incident labels." }, "geometry": { "type": "Polygon", "coordinates": [ [ [ 31.344713934944181, 30.02551444604104 ], [ 31.344713934944181, 30.029403188589662 ], [ 31.349205511364779, 30.029403188589662 ], [ 31.349205511364779, 30.02551444604104 ], [ 31.344713934944181, 30.02551444604104 ] ] ] } },
{ "type": "Feature", "properties": { "zone_code": "NSR-GRID-306", "live_predicted_score": 0.54777139450072365, "live_risk_class": "medium", "rain_1h_mm": 0.0, "rain_3h_mm": 4.0, "rain_6h_mm": 8.0, "rain_24h_mm": 8.0, "max_precipitation_probability": 95.0, "source": "Open-Meteo Forecast API", "honesty_note": "Live predictions are model-estimated weather-impact risk scores, not verified flood incident labels." }, "geometry": { "type": "Polygon", "coordinates": [ [ [ 31.349205511364779, 30.02551444604104 ], [ 31.349205511364779, 30.029403188589662 ], [ 31.353697087785381, 30.029403188589662 ], [ 31.353697087785381, 30.02551444604104 ], [ 31.349205511364779, 30.02551444604104 ] ] ] } },
{ "type": "Feature", "properties": { "zone_code": "NSR-GRID-307", "live_predicted_score": 0.39872298896225333, "live_risk_class": "medium", "rain_1h_mm": 0.0, "rain_3h_mm": 4.0, "rain_6h_mm": 8.0, "rain_24h_mm": 8.0, "max_precipitation_probability": 95.0, "source": "Open-Meteo Forecast API", "honesty_note": "Live predictions are model-estimated weather-impact risk scores, not verified flood incident labels." }, "geometry": { "type": "Polygon", "coordinates": [ [ [ 31.353697087785381, 30.02551444604104 ], [ 31.353697087785381, 30.029403188589662 ], [ 31.358188664205979, 30.029403188589662 ], [ 31.358188664205979, 30.02551444604104 ], [ 31.353697087785381, 30.02551444604104 ] ] ] } },
{ "type": "Feature", "properties": { "zone_code": "NSR-GRID-308", "live_predicted_score": 0.26674977534513172, "live_risk_class": "low", "rain_1h_mm": 0.0, "rain_3h_mm": 4.0, "rain_6h_mm": 8.0, "rain_24h_mm": 8.0, "max_precipitation_probability": 95.0, "source": "Open-Meteo Forecast API", "honesty_note": "Live predictions are model-estimated weather-impact risk scores, not verified flood incident labels." }, "geometry": { "type": "Polygon", "coordinates": [ [ [ 31.358188664205979, 30.02551444604104 ], [ 31.358188664205979, 30.029403188589662 ], [ 31.362680240626577, 30.029403188589662 ], [ 31.362680240626577, 30.02551444604104 ], [ 31.358188664205979, 30.02551444604104 ] ] ] } },
{ "type": "Feature", "properties": { "zone_code": "NSR-GRID-309", "live_predicted_score": 0.12315635434637466, "live_risk_class": "low", "rain_1h_mm": 0.0, "rain_3h_mm": 4.0, "rain_6h_mm": 8.0, "rain_24h_mm": 8.0, "max_precipitation_probability": 95.0, "source": "Open-Meteo Forecast API", "honesty_note": "Live predictions are model-estimated weather-impact risk scores, not verified flood incident labels." }, "geometry": { "type": "Polygon", "coordinates": [ [ [ 31.362680240626577, 30.02551444604104 ], [ 31.362680240626577, 30.029403188589662 ], [ 31.367171817047169, 30.029403188589662 ], [ 31.367171817047169, 30.02551444604104 ], [ 31.362680240626577, 30.02551444604104 ] ] ] } },
{ "type": "Feature", "properties": { "zone_code": "NSR-GRID-310", "live_predicted_score": 0.15233807940365554, "live_risk_class": "low", "rain_1h_mm": 0.0, "rain_3h_mm": 4.0, "rain_6h_mm": 8.0, "rain_24h_mm": 8.0, "max_precipitation_probability": 95.0, "source": "Open-Meteo Forecast API", "honesty_note": "Live predictions are model-estimated weather-impact risk scores, not verified flood incident labels." }, "geometry": { "type": "Polygon", "coordinates": [ [ [ 31.367171817047169, 30.02551444604104 ], [ 31.367171817047169, 30.029403188589662 ], [ 31.371663393467767, 30.029403188589662 ], [ 31.371663393467767, 30.02551444604104 ], [ 31.367171817047169, 30.02551444604104 ] ] ] } },
{ "type": "Feature", "properties": { "zone_code": "NSR-GRID-311", "live_predicted_score": 0.15439735369339186, "live_risk_class": "low", "rain_1h_mm": 0.0, "rain_3h_mm": 4.0, "rain_6h_mm": 8.0, "rain_24h_mm": 8.0, "max_precipitation_probability": 95.0, "source": "Open-Meteo Forecast API", "honesty_note": "Live predictions are model-estimated weather-impact risk scores, not verified flood incident labels." }, "geometry": { "type": "Polygon", "coordinates": [ [ [ 31.371663393467767, 30.02551444604104 ], [ 31.371663393467767, 30.029403188589662 ], [ 31.376154969888365, 30.029403188589662 ], [ 31.376154969888365, 30.02551444604104 ], [ 31.371663393467767, 30.02551444604104 ] ] ] } },
{ "type": "Feature", "properties": { "zone_code": "NSR-GRID-312", "live_predicted_score": 0.22800015464570952, "live_risk_class": "low", "rain_1h_mm": 0.0, "rain_3h_mm": 4.0, "rain_6h_mm": 8.0, "rain_24h_mm": 8.0, "max_precipitation_probability": 95.0, "source": "Open-Meteo Forecast API", "honesty_note": "Live predictions are model-estimated weather-impact risk scores, not verified flood incident labels." }, "geometry": { "type": "Polygon", "coordinates": [ [ [ 31.376154969888365, 30.02551444604104 ], [ 31.376154969888365, 30.029403188589662 ], [ 31.380646546308967, 30.029403188589662 ], [ 31.380646546308967, 30.02551444604104 ], [ 31.376154969888365, 30.02551444604104 ] ] ] } },
{ "type": "Feature", "properties": { "zone_code": "NSR-GRID-313", "live_predicted_score": 0.22306065487663204, "live_risk_class": "low", "rain_1h_mm": 0.0, "rain_3h_mm": 4.0, "rain_6h_mm": 8.0, "rain_24h_mm": 8.0, "max_precipitation_probability": 95.0, "source": "Open-Meteo Forecast API", "honesty_note": "Live predictions are model-estimated weather-impact risk scores, not verified flood incident labels." }, "geometry": { "type": "Polygon", "coordinates": [ [ [ 31.380646546308967, 30.02551444604104 ], [ 31.380646546308967, 30.029403188589662 ], [ 31.385138122729565, 30.029403188589662 ], [ 31.385138122729565, 30.02551444604104 ], [ 31.380646546308967, 30.02551444604104 ] ] ] } },
{ "type": "Feature", "properties": { "zone_code": "NSR-GRID-314", "live_predicted_score": 0.12386631133229026, "live_risk_class": "low", "rain_1h_mm": 0.0, "rain_3h_mm": 4.0, "rain_6h_mm": 8.0, "rain_24h_mm": 8.0, "max_precipitation_probability": 95.0, "source": "Open-Meteo Forecast API", "honesty_note": "Live predictions are model-estimated weather-impact risk scores, not verified flood incident labels." }, "geometry": { "type": "Polygon", "coordinates": [ [ [ 31.385138122729565, 30.02551444604104 ], [ 31.385138122729565, 30.029403188589662 ], [ 31.389629699150163, 30.029403188589662 ], [ 31.389629699150163, 30.02551444604104 ], [ 31.385138122729565, 30.02551444604104 ] ] ] } },
{ "type": "Feature", "properties": { "zone_code": "NSR-GRID-315", "live_predicted_score": 0.1747708925456529, "live_risk_class": "low", "rain_1h_mm": 0.0, "rain_3h_mm": 4.0, "rain_6h_mm": 8.0, "rain_24h_mm": 8.0, "max_precipitation_probability": 95.0, "source": "Open-Meteo Forecast API", "honesty_note": "Live predictions are model-estimated weather-impact risk scores, not verified flood incident labels." }, "geometry": { "type": "Polygon", "coordinates": [ [ [ 31.389629699150163, 30.02551444604104 ], [ 31.389629699150163, 30.029403188589662 ], [ 31.394121275570754, 30.029403188589662 ], [ 31.394121275570754, 30.02551444604104 ], [ 31.389629699150163, 30.02551444604104 ] ] ] } },
{ "type": "Feature", "properties": { "zone_code": "NSR-GRID-316", "live_predicted_score": 0.16439995041362088, "live_risk_class": "low", "rain_1h_mm": 0.0, "rain_3h_mm": 4.0, "rain_6h_mm": 8.0, "rain_24h_mm": 8.0, "max_precipitation_probability": 95.0, "source": "Open-Meteo Forecast API", "honesty_note": "Live predictions are model-estimated weather-impact risk scores, not verified flood incident labels." }, "geometry": { "type": "Polygon", "coordinates": [ [ [ 31.394121275570754, 30.02551444604104 ], [ 31.394121275570754, 30.029403188589662 ], [ 31.398612851991352, 30.029403188589662 ], [ 31.398612851991352, 30.02551444604104 ], [ 31.394121275570754, 30.02551444604104 ] ] ] } },
{ "type": "Feature", "properties": { "zone_code": "NSR-GRID-317", "live_predicted_score": 0.37156035603985638, "live_risk_class": "medium", "rain_1h_mm": 0.0, "rain_3h_mm": 4.0, "rain_6h_mm": 8.0, "rain_24h_mm": 8.0, "max_precipitation_probability": 95.0, "source": "Open-Meteo Forecast API", "honesty_note": "Live predictions are model-estimated weather-impact risk scores, not verified flood incident labels." }, "geometry": { "type": "Polygon", "coordinates": [ [ [ 31.340222358523583, 30.02551444604104 ], [ 31.340222358523583, 30.021625550947174 ], [ 31.337649283017399, 30.021625550947174 ], [ 31.3375442, 30.0220117 ], [ 31.336591199332673, 30.02551444604104 ], [ 31.340222358523583, 30.02551444604104 ] ] ] } },
{ "type": "Feature", "properties": { "zone_code": "NSR-GRID-318", "live_predicted_score": 0.19084035515493936, "live_risk_class": "low", "rain_1h_mm": 0.0, "rain_3h_mm": 4.0, "rain_6h_mm": 8.0, "rain_24h_mm": 8.0, "max_precipitation_probability": 95.0, "source": "Open-Meteo Forecast API", "honesty_note": "Live predictions are model-estimated weather-impact risk scores, not verified flood incident labels." }, "geometry": { "type": "Polygon", "coordinates": [ [ [ 31.398612851991352, 30.021625550947174 ], [ 31.398612851991352, 30.02551444604104 ], [ 31.401841090769885, 30.02551444604104 ], [ 31.4012908, 30.0222842 ], [ 31.401170032069629, 30.021625550947174 ], [ 31.398612851991352, 30.021625550947174 ] ] ] } },
{ "type": "Feature", "properties": { "zone_code": "NSR-GRID-319", "live_predicted_score": 0.23461917980475044, "live_risk_class": "low", "rain_1h_mm": 0.0, "rain_3h_mm": 4.0, "rain_6h_mm": 8.0, "rain_24h_mm": 8.0, "max_precipitation_probability": 95.0, "source": "Open-Meteo Forecast API", "honesty_note": "Live predictions are model-estimated weather-impact risk scores, not verified flood incident labels." }, "geometry": { "type": "Polygon", "coordinates": [ [ [ 31.340222358523583, 30.021625550947174 ], [ 31.340222358523583, 30.02551444604104 ], [ 31.344713934944181, 30.02551444604104 ], [ 31.344713934944181, 30.021625550947174 ], [ 31.340222358523583, 30.021625550947174 ] ] ] } },
{ "type": "Feature", "properties": { "zone_code": "NSR-GRID-320", "live_predicted_score": 0.48740024963918588, "live_risk_class": "medium", "rain_1h_mm": 0.0, "rain_3h_mm": 4.0, "rain_6h_mm": 8.0, "rain_24h_mm": 8.0, "max_precipitation_probability": 95.0, "source": "Open-Meteo Forecast API", "honesty_note": "Live predictions are model-estimated weather-impact risk scores, not verified flood incident labels." }, "geometry": { "type": "Polygon", "coordinates": [ [ [ 31.344713934944181, 30.021625550947174 ], [ 31.344713934944181, 30.02551444604104 ], [ 31.349205511364779, 30.02551444604104 ], [ 31.349205511364779, 30.021625550947174 ], [ 31.344713934944181, 30.021625550947174 ] ] ] } },
{ "type": "Feature", "properties": { "zone_code": "NSR-GRID-321", "live_predicted_score": 0.50471073026518687, "live_risk_class": "medium", "rain_1h_mm": 0.0, "rain_3h_mm": 4.0, "rain_6h_mm": 8.0, "rain_24h_mm": 8.0, "max_precipitation_probability": 95.0, "source": "Open-Meteo Forecast API", "honesty_note": "Live predictions are model-estimated weather-impact risk scores, not verified flood incident labels." }, "geometry": { "type": "Polygon", "coordinates": [ [ [ 31.349205511364779, 30.021625550947174 ], [ 31.349205511364779, 30.02551444604104 ], [ 31.353697087785381, 30.02551444604104 ], [ 31.353697087785381, 30.021625550947174 ], [ 31.349205511364779, 30.021625550947174 ] ] ] } },
{ "type": "Feature", "properties": { "zone_code": "NSR-GRID-322", "live_predicted_score": 0.32899814924896786, "live_risk_class": "low", "rain_1h_mm": 0.0, "rain_3h_mm": 4.0, "rain_6h_mm": 8.0, "rain_24h_mm": 8.0, "max_precipitation_probability": 95.0, "source": "Open-Meteo Forecast API", "honesty_note": "Live predictions are model-estimated weather-impact risk scores, not verified flood incident labels." }, "geometry": { "type": "Polygon", "coordinates": [ [ [ 31.353697087785381, 30.021625550947174 ], [ 31.353697087785381, 30.02551444604104 ], [ 31.358188664205979, 30.02551444604104 ], [ 31.358188664205979, 30.021625550947174 ], [ 31.353697087785381, 30.021625550947174 ] ] ] } },
{ "type": "Feature", "properties": { "zone_code": "NSR-GRID-323", "live_predicted_score": 0.31284437069411292, "live_risk_class": "low", "rain_1h_mm": 0.0, "rain_3h_mm": 4.0, "rain_6h_mm": 8.0, "rain_24h_mm": 8.0, "max_precipitation_probability": 95.0, "source": "Open-Meteo Forecast API", "honesty_note": "Live predictions are model-estimated weather-impact risk scores, not verified flood incident labels." }, "geometry": { "type": "Polygon", "coordinates": [ [ [ 31.358188664205979, 30.021625550947174 ], [ 31.358188664205979, 30.02551444604104 ], [ 31.362680240626577, 30.02551444604104 ], [ 31.362680240626577, 30.021625550947174 ], [ 31.358188664205979, 30.021625550947174 ] ] ] } },
{ "type": "Feature", "properties": { "zone_code": "NSR-GRID-324", "live_predicted_score": 0.30599385424317294, "live_risk_class": "low", "rain_1h_mm": 0.0, "rain_3h_mm": 4.0, "rain_6h_mm": 8.0, "rain_24h_mm": 8.0, "max_precipitation_probability": 95.0, "source": "Open-Meteo Forecast API", "honesty_note": "Live predictions are model-estimated weather-impact risk scores, not verified flood incident labels." }, "geometry": { "type": "Polygon", "coordinates": [ [ [ 31.362680240626577, 30.021625550947174 ], [ 31.362680240626577, 30.02551444604104 ], [ 31.367171817047169, 30.02551444604104 ], [ 31.367171817047169, 30.021625550947174 ], [ 31.362680240626577, 30.021625550947174 ] ] ] } },
{ "type": "Feature", "properties": { "zone_code": "NSR-GRID-325", "live_predicted_score": 0.22979234379601152, "live_risk_class": "low", "rain_1h_mm": 0.0, "rain_3h_mm": 4.0, "rain_6h_mm": 8.0, "rain_24h_mm": 8.0, "max_precipitation_probability": 95.0, "source": "Open-Meteo Forecast API", "honesty_note": "Live predictions are model-estimated weather-impact risk scores, not verified flood incident labels." }, "geometry": { "type": "Polygon", "coordinates": [ [ [ 31.367171817047169, 30.021625550947174 ], [ 31.367171817047169, 30.02551444604104 ], [ 31.371663393467767, 30.02551444604104 ], [ 31.371663393467767, 30.021625550947174 ], [ 31.367171817047169, 30.021625550947174 ] ] ] } },
{ "type": "Feature", "properties": { "zone_code": "NSR-GRID-326", "live_predicted_score": 0.21107795314598202, "live_risk_class": "low", "rain_1h_mm": 0.0, "rain_3h_mm": 4.0, "rain_6h_mm": 8.0, "rain_24h_mm": 8.0, "max_precipitation_probability": 95.0, "source": "Open-Meteo Forecast API", "honesty_note": "Live predictions are model-estimated weather-impact risk scores, not verified flood incident labels." }, "geometry": { "type": "Polygon", "coordinates": [ [ [ 31.371663393467767, 30.021625550947174 ], [ 31.371663393467767, 30.02551444604104 ], [ 31.376154969888365, 30.02551444604104 ], [ 31.376154969888365, 30.021625550947174 ], [ 31.371663393467767, 30.021625550947174 ] ] ] } },
{ "type": "Feature", "properties": { "zone_code": "NSR-GRID-327", "live_predicted_score": 0.22024753583105777, "live_risk_class": "low", "rain_1h_mm": 0.0, "rain_3h_mm": 4.0, "rain_6h_mm": 8.0, "rain_24h_mm": 8.0, "max_precipitation_probability": 95.0, "source": "Open-Meteo Forecast API", "honesty_note": "Live predictions are model-estimated weather-impact risk scores, not verified flood incident labels." }, "geometry": { "type": "Polygon", "coordinates": [ [ [ 31.376154969888365, 30.021625550947174 ], [ 31.376154969888365, 30.02551444604104 ], [ 31.380646546308967, 30.02551444604104 ], [ 31.380646546308967, 30.021625550947174 ], [ 31.376154969888365, 30.021625550947174 ] ] ] } },
{ "type": "Feature", "properties": { "zone_code": "NSR-GRID-328", "live_predicted_score": 0.23372176025484567, "live_risk_class": "low", "rain_1h_mm": 0.0, "rain_3h_mm": 4.0, "rain_6h_mm": 8.0, "rain_24h_mm": 8.0, "max_precipitation_probability": 95.0, "source": "Open-Meteo Forecast API", "honesty_note": "Live predictions are model-estimated weather-impact risk scores, not verified flood incident labels." }, "geometry": { "type": "Polygon", "coordinates": [ [ [ 31.380646546308967, 30.021625550947174 ], [ 31.380646546308967, 30.02551444604104 ], [ 31.385138122729565, 30.02551444604104 ], [ 31.385138122729565, 30.021625550947174 ], [ 31.380646546308967, 30.021625550947174 ] ] ] } },
{ "type": "Feature", "properties": { "zone_code": "NSR-GRID-329", "live_predicted_score": 0.17142883220119054, "live_risk_class": "low", "rain_1h_mm": 0.0, "rain_3h_mm": 4.0, "rain_6h_mm": 8.0, "rain_24h_mm": 8.0, "max_precipitation_probability": 95.0, "source": "Open-Meteo Forecast API", "honesty_note": "Live predictions are model-estimated weather-impact risk scores, not verified flood incident labels." }, "geometry": { "type": "Polygon", "coordinates": [ [ [ 31.385138122729565, 30.021625550947174 ], [ 31.385138122729565, 30.02551444604104 ], [ 31.389629699150163, 30.02551444604104 ], [ 31.389629699150163, 30.021625550947174 ], [ 31.385138122729565, 30.021625550947174 ] ] ] } },
{ "type": "Feature", "properties": { "zone_code": "NSR-GRID-330", "live_predicted_score": 0.16215254609655641, "live_risk_class": "low", "rain_1h_mm": 0.0, "rain_3h_mm": 4.0, "rain_6h_mm": 8.0, "rain_24h_mm": 8.0, "max_precipitation_probability": 95.0, "source": "Open-Meteo Forecast API", "honesty_note": "Live predictions are model-estimated weather-impact risk scores, not verified flood incident labels." }, "geometry": { "type": "Polygon", "coordinates": [ [ [ 31.389629699150163, 30.021625550947174 ], [ 31.389629699150163, 30.02551444604104 ], [ 31.394121275570754, 30.02551444604104 ], [ 31.394121275570754, 30.021625550947174 ], [ 31.389629699150163, 30.021625550947174 ] ] ] } },
{ "type": "Feature", "properties": { "zone_code": "NSR-GRID-331", "live_predicted_score": 0.16961134796761423, "live_risk_class": "low", "rain_1h_mm": 0.0, "rain_3h_mm": 4.0, "rain_6h_mm": 8.0, "rain_24h_mm": 8.0, "max_precipitation_probability": 95.0, "source": "Open-Meteo Forecast API", "honesty_note": "Live predictions are model-estimated weather-impact risk scores, not verified flood incident labels." }, "geometry": { "type": "Polygon", "coordinates": [ [ [ 31.394121275570754, 30.021625550947174 ], [ 31.394121275570754, 30.02551444604104 ], [ 31.398612851991352, 30.02551444604104 ], [ 31.398612851991352, 30.021625550947174 ], [ 31.394121275570754, 30.021625550947174 ] ] ] } },
{ "type": "Feature", "properties": { "zone_code": "NSR-GRID-332", "live_predicted_score": 0.33470622953184354, "live_risk_class": "medium", "rain_1h_mm": 0.0, "rain_3h_mm": 4.0, "rain_6h_mm": 8.0, "rain_24h_mm": 8.0, "max_precipitation_probability": 95.0, "source": "Open-Meteo Forecast API", "honesty_note": "Live predictions are model-estimated weather-impact risk scores, not verified flood incident labels." }, "geometry": { "type": "Polygon", "coordinates": [ [ [ 31.340222358523583, 30.021625550947174 ], [ 31.340222358523583, 30.017736503319995 ], [ 31.339082370479577, 30.017736503319995 ], [ 31.338069, 30.0200832 ], [ 31.337649283017399, 30.021625550947174 ], [ 31.340222358523583, 30.021625550947174 ] ] ] } },
{ "type": "Feature", "properties": { "zone_code": "NSR-GRID-333", "live_predicted_score": 0.18375371245459007, "live_risk_class": "low", "rain_1h_mm": 0.0, "rain_3h_mm": 4.0, "rain_6h_mm": 8.0, "rain_24h_mm": 8.0, "max_precipitation_probability": 95.0, "source": "Open-Meteo Forecast API", "honesty_note": "Live predictions are model-estimated weather-impact risk scores, not verified flood incident labels." }, "geometry": { "type": "Polygon", "coordinates": [ [ [ 31.398612851991352, 30.017736503319995 ], [ 31.398612851991352, 30.021625550947174 ], [ 31.401170032069629, 30.021625550947174 ], [ 31.4005473, 30.0182292 ], [ 31.40048402247028, 30.017736503319995 ], [ 31.398612851991352, 30.017736503319995 ] ] ] } },
{ "type": "Feature", "properties": { "zone_code": "NSR-GRID-334", "live_predicted_score": 0.3556815382778733, "live_risk_class": "medium", "rain_1h_mm": 0.0, "rain_3h_mm": 4.0, "rain_6h_mm": 8.0, "rain_24h_mm": 8.0, "max_precipitation_probability": 95.0, "source": "Open-Meteo Forecast API", "honesty_note": "Live predictions are model-estimated weather-impact risk scores, not verified flood incident labels." }, "geometry": { "type": "Polygon", "coordinates": [ [ [ 31.340222358523583, 30.017736503319995 ], [ 31.340222358523583, 30.021625550947174 ], [ 31.344713934944181, 30.021625550947174 ], [ 31.344713934944181, 30.017736503319995 ], [ 31.340222358523583, 30.017736503319995 ] ] ] } },
{ "type": "Feature", "properties": { "zone_code": "NSR-GRID-335", "live_predicted_score": 0.31418600614593362, "live_risk_class": "low", "rain_1h_mm": 0.0, "rain_3h_mm": 4.0, "rain_6h_mm": 8.0, "rain_24h_mm": 8.0, "max_precipitation_probability": 95.0, "source": "Open-Meteo Forecast API", "honesty_note": "Live predictions are model-estimated weather-impact risk scores, not verified flood incident labels." }, "geometry": { "type": "Polygon", "coordinates": [ [ [ 31.344713934944181, 30.017736503319995 ], [ 31.344713934944181, 30.021625550947174 ], [ 31.349205511364779, 30.021625550947174 ], [ 31.349205511364779, 30.017736503319995 ], [ 31.344713934944181, 30.017736503319995 ] ] ] } },
{ "type": "Feature", "properties": { "zone_code": "NSR-GRID-336", "live_predicted_score": 0.45193914074672337, "live_risk_class": "medium", "rain_1h_mm": 0.0, "rain_3h_mm": 4.0, "rain_6h_mm": 8.0, "rain_24h_mm": 8.0, "max_precipitation_probability": 95.0, "source": "Open-Meteo Forecast API", "honesty_note": "Live predictions are model-estimated weather-impact risk scores, not verified flood incident labels." }, "geometry": { "type": "Polygon", "coordinates": [ [ [ 31.349205511364779, 30.017736503319995 ], [ 31.349205511364779, 30.021625550947174 ], [ 31.353697087785381, 30.021625550947174 ], [ 31.353697087785381, 30.017736503319995 ], [ 31.349205511364779, 30.017736503319995 ] ] ] } },
{ "type": "Feature", "properties": { "zone_code": "NSR-GRID-337", "live_predicted_score": 0.29040886395093896, "live_risk_class": "low", "rain_1h_mm": 0.0, "rain_3h_mm": 4.0, "rain_6h_mm": 8.0, "rain_24h_mm": 8.0, "max_precipitation_probability": 95.0, "source": "Open-Meteo Forecast API", "honesty_note": "Live predictions are model-estimated weather-impact risk scores, not verified flood incident labels." }, "geometry": { "type": "Polygon", "coordinates": [ [ [ 31.353697087785381, 30.017736503319995 ], [ 31.353697087785381, 30.021625550947174 ], [ 31.358188664205979, 30.021625550947174 ], [ 31.358188664205979, 30.017736503319995 ], [ 31.353697087785381, 30.017736503319995 ] ] ] } },
{ "type": "Feature", "properties": { "zone_code": "NSR-GRID-338", "live_predicted_score": 0.1928990436803342, "live_risk_class": "low", "rain_1h_mm": 0.0, "rain_3h_mm": 4.0, "rain_6h_mm": 8.0, "rain_24h_mm": 8.0, "max_precipitation_probability": 95.0, "source": "Open-Meteo Forecast API", "honesty_note": "Live predictions are model-estimated weather-impact risk scores, not verified flood incident labels." }, "geometry": { "type": "Polygon", "coordinates": [ [ [ 31.358188664205979, 30.017736503319995 ], [ 31.358188664205979, 30.021625550947174 ], [ 31.362680240626577, 30.021625550947174 ], [ 31.362680240626577, 30.017736503319995 ], [ 31.358188664205979, 30.017736503319995 ] ] ] } },
{ "type": "Feature", "properties": { "zone_code": "NSR-GRID-339", "live_predicted_score": 0.27246862547994299, "live_risk_class": "low", "rain_1h_mm": 0.0, "rain_3h_mm": 4.0, "rain_6h_mm": 8.0, "rain_24h_mm": 8.0, "max_precipitation_probability": 95.0, "source": "Open-Meteo Forecast API", "honesty_note": "Live predictions are model-estimated weather-impact risk scores, not verified flood incident labels." }, "geometry": { "type": "Polygon", "coordinates": [ [ [ 31.362680240626577, 30.017736503319995 ], [ 31.362680240626577, 30.021625550947174 ], [ 31.367171817047169, 30.021625550947174 ], [ 31.367171817047169, 30.017736503319995 ], [ 31.362680240626577, 30.017736503319995 ] ] ] } },
{ "type": "Feature", "properties": { "zone_code": "NSR-GRID-340", "live_predicted_score": 0.25069876942588898, "live_risk_class": "low", "rain_1h_mm": 0.0, "rain_3h_mm": 4.0, "rain_6h_mm": 8.0, "rain_24h_mm": 8.0, "max_precipitation_probability": 95.0, "source": "Open-Meteo Forecast API", "honesty_note": "Live predictions are model-estimated weather-impact risk scores, not verified flood incident labels." }, "geometry": { "type": "Polygon", "coordinates": [ [ [ 31.367171817047169, 30.017736503319995 ], [ 31.367171817047169, 30.021625550947174 ], [ 31.371663393467767, 30.021625550947174 ], [ 31.371663393467767, 30.017736503319995 ], [ 31.367171817047169, 30.017736503319995 ] ] ] } },
{ "type": "Feature", "properties": { "zone_code": "NSR-GRID-341", "live_predicted_score": 0.36134851681555269, "live_risk_class": "medium", "rain_1h_mm": 0.0, "rain_3h_mm": 4.0, "rain_6h_mm": 8.0, "rain_24h_mm": 8.0, "max_precipitation_probability": 95.0, "source": "Open-Meteo Forecast API", "honesty_note": "Live predictions are model-estimated weather-impact risk scores, not verified flood incident labels." }, "geometry": { "type": "Polygon", "coordinates": [ [ [ 31.371663393467767, 30.017736503319995 ], [ 31.371663393467767, 30.021625550947174 ], [ 31.376154969888365, 30.021625550947174 ], [ 31.376154969888365, 30.017736503319995 ], [ 31.371663393467767, 30.017736503319995 ] ] ] } },
{ "type": "Feature", "properties": { "zone_code": "NSR-GRID-342", "live_predicted_score": 0.28409267664105903, "live_risk_class": "low", "rain_1h_mm": 0.0, "rain_3h_mm": 4.0, "rain_6h_mm": 8.0, "rain_24h_mm": 8.0, "max_precipitation_probability": 95.0, "source": "Open-Meteo Forecast API", "honesty_note": "Live predictions are model-estimated weather-impact risk scores, not verified flood incident labels." }, "geometry": { "type": "Polygon", "coordinates": [ [ [ 31.376154969888365, 30.017736503319995 ], [ 31.376154969888365, 30.021625550947174 ], [ 31.380646546308967, 30.021625550947174 ], [ 31.380646546308967, 30.017736503319995 ], [ 31.376154969888365, 30.017736503319995 ] ] ] } },
{ "type": "Feature", "properties": { "zone_code": "NSR-GRID-343", "live_predicted_score": 0.22717340522671611, "live_risk_class": "low", "rain_1h_mm": 0.0, "rain_3h_mm": 4.0, "rain_6h_mm": 8.0, "rain_24h_mm": 8.0, "max_precipitation_probability": 95.0, "source": "Open-Meteo Forecast API", "honesty_note": "Live predictions are model-estimated weather-impact risk scores, not verified flood incident labels." }, "geometry": { "type": "Polygon", "coordinates": [ [ [ 31.380646546308967, 30.017736503319995 ], [ 31.380646546308967, 30.021625550947174 ], [ 31.385138122729565, 30.021625550947174 ], [ 31.385138122729565, 30.017736503319995 ], [ 31.380646546308967, 30.017736503319995 ] ] ] } },
{ "type": "Feature", "properties": { "zone_code": "NSR-GRID-344", "live_predicted_score": 0.21915730800929603, "live_risk_class": "low", "rain_1h_mm": 0.0, "rain_3h_mm": 4.0, "rain_6h_mm": 8.0, "rain_24h_mm": 8.0, "max_precipitation_probability": 95.0, "source": "Open-Meteo Forecast API", "honesty_note": "Live predictions are model-estimated weather-impact risk scores, not verified flood incident labels." }, "geometry": { "type": "Polygon", "coordinates": [ [ [ 31.385138122729565, 30.017736503319995 ], [ 31.385138122729565, 30.021625550947174 ], [ 31.389629699150163, 30.021625550947174 ], [ 31.389629699150163, 30.017736503319995 ], [ 31.385138122729565, 30.017736503319995 ] ] ] } },
{ "type": "Feature", "properties": { "zone_code": "NSR-GRID-345", "live_predicted_score": 0.18237506408970441, "live_risk_class": "low", "rain_1h_mm": 0.0, "rain_3h_mm": 4.0, "rain_6h_mm": 8.0, "rain_24h_mm": 8.0, "max_precipitation_probability": 95.0, "source": "Open-Meteo Forecast API", "honesty_note": "Live predictions are model-estimated weather-impact risk scores, not verified flood incident labels." }, "geometry": { "type": "Polygon", "coordinates": [ [ [ 31.389629699150163, 30.017736503319995 ], [ 31.389629699150163, 30.021625550947174 ], [ 31.394121275570754, 30.021625550947174 ], [ 31.394121275570754, 30.017736503319995 ], [ 31.389629699150163, 30.017736503319995 ] ] ] } },
{ "type": "Feature", "properties": { "zone_code": "NSR-GRID-346", "live_predicted_score": 0.18376102053957058, "live_risk_class": "low", "rain_1h_mm": 0.0, "rain_3h_mm": 4.0, "rain_6h_mm": 8.0, "rain_24h_mm": 8.0, "max_precipitation_probability": 95.0, "source": "Open-Meteo Forecast API", "honesty_note": "Live predictions are model-estimated weather-impact risk scores, not verified flood incident labels." }, "geometry": { "type": "Polygon", "coordinates": [ [ [ 31.394121275570754, 30.017736503319995 ], [ 31.394121275570754, 30.021625550947174 ], [ 31.398612851991352, 30.021625550947174 ], [ 31.398612851991352, 30.017736503319995 ], [ 31.394121275570754, 30.017736503319995 ] ] ] } },
{ "type": "Feature", "properties": { "zone_code": "NSR-GRID-347", "live_predicted_score": 0.27446999439538483, "live_risk_class": "low", "rain_1h_mm": 0.0, "rain_3h_mm": 4.0, "rain_6h_mm": 8.0, "rain_24h_mm": 8.0, "max_precipitation_probability": 95.0, "source": "Open-Meteo Forecast API", "honesty_note": "Live predictions are model-estimated weather-impact risk scores, not verified flood incident labels." }, "geometry": { "type": "Polygon", "coordinates": [ [ [ 31.340222358523583, 30.017736503319995 ], [ 31.340222358523583, 30.015287317332451 ], [ 31.3395626, 30.0166244 ], [ 31.339082370479577, 30.017736503319995 ], [ 31.340222358523583, 30.017736503319995 ] ] ] } },
{ "type": "Feature", "properties": { "zone_code": "NSR-GRID-348", "live_predicted_score": 0.20967913527141827, "live_risk_class": "low", "rain_1h_mm": 0.0, "rain_3h_mm": 4.0, "rain_6h_mm": 8.0, "rain_24h_mm": 8.0, "max_precipitation_probability": 95.0, "source": "Open-Meteo Forecast API", "honesty_note": "Live predictions are model-estimated weather-impact risk scores, not verified flood incident labels." }, "geometry": { "type": "Polygon", "coordinates": [ [ [ 31.398612851991352, 30.013847303171438 ], [ 31.398612851991352, 30.017736503319995 ], [ 31.40048402247028, 30.017736503319995 ], [ 31.399984539621762, 30.013847303171438 ], [ 31.398612851991352, 30.013847303171438 ] ] ] } },
{ "type": "Feature", "properties": { "zone_code": "NSR-GRID-349", "live_predicted_score": 0.36246958135783264, "live_risk_class": "medium", "rain_1h_mm": 0.0, "rain_3h_mm": 4.0, "rain_6h_mm": 8.0, "rain_24h_mm": 8.0, "max_precipitation_probability": 95.0, "source": "Open-Meteo Forecast API", "honesty_note": "Live predictions are model-estimated weather-impact risk scores, not verified flood incident labels." }, "geometry": { "type": "Polygon", "coordinates": [ [ [ 31.340222358523583, 30.017736503319995 ], [ 31.344713934944181, 30.017736503319995 ], [ 31.344713934944181, 30.013847303171438 ], [ 31.340817047780146, 30.013847303171438 ], [ 31.340325, 30.015079299999989 ], [ 31.340222358523583, 30.015287317332451 ], [ 31.340222358523583, 30.017736503319995 ] ] ] } },
{ "type": "Feature", "properties": { "zone_code": "NSR-GRID-350", "live_predicted_score": 0.33229576831684571, "live_risk_class": "medium", "rain_1h_mm": 0.0, "rain_3h_mm": 4.0, "rain_6h_mm": 8.0, "rain_24h_mm": 8.0, "max_precipitation_probability": 95.0, "source": "Open-Meteo Forecast API", "honesty_note": "Live predictions are model-estimated weather-impact risk scores, not verified flood incident labels." }, "geometry": { "type": "Polygon", "coordinates": [ [ [ 31.344713934944181, 30.013847303171438 ], [ 31.344713934944181, 30.017736503319995 ], [ 31.349205511364779, 30.017736503319995 ], [ 31.349205511364779, 30.013847303171438 ], [ 31.344713934944181, 30.013847303171438 ] ] ] } },
{ "type": "Feature", "properties": { "zone_code": "NSR-GRID-351", "live_predicted_score": 0.25415533959934722, "live_risk_class": "low", "rain_1h_mm": 0.0, "rain_3h_mm": 4.0, "rain_6h_mm": 8.0, "rain_24h_mm": 8.0, "max_precipitation_probability": 95.0, "source": "Open-Meteo Forecast API", "honesty_note": "Live predictions are model-estimated weather-impact risk scores, not verified flood incident labels." }, "geometry": { "type": "Polygon", "coordinates": [ [ [ 31.349205511364779, 30.013847303171438 ], [ 31.349205511364779, 30.017736503319995 ], [ 31.353697087785381, 30.017736503319995 ], [ 31.353697087785381, 30.013847303171438 ], [ 31.349205511364779, 30.013847303171438 ] ] ] } },
{ "type": "Feature", "properties": { "zone_code": "NSR-GRID-352", "live_predicted_score": 0.29064900047955866, "live_risk_class": "low", "rain_1h_mm": 0.0, "rain_3h_mm": 4.0, "rain_6h_mm": 8.0, "rain_24h_mm": 8.0, "max_precipitation_probability": 95.0, "source": "Open-Meteo Forecast API", "honesty_note": "Live predictions are model-estimated weather-impact risk scores, not verified flood incident labels." }, "geometry": { "type": "Polygon", "coordinates": [ [ [ 31.353697087785381, 30.013847303171438 ], [ 31.353697087785381, 30.017736503319995 ], [ 31.358188664205979, 30.017736503319995 ], [ 31.358188664205979, 30.013847303171438 ], [ 31.353697087785381, 30.013847303171438 ] ] ] } },
{ "type": "Feature", "properties": { "zone_code": "NSR-GRID-353", "live_predicted_score": 0.33605104488549098, "live_risk_class": "medium", "rain_1h_mm": 0.0, "rain_3h_mm": 4.0, "rain_6h_mm": 8.0, "rain_24h_mm": 8.0, "max_precipitation_probability": 95.0, "source": "Open-Meteo Forecast API", "honesty_note": "Live predictions are model-estimated weather-impact risk scores, not verified flood incident labels." }, "geometry": { "type": "Polygon", "coordinates": [ [ [ 31.358188664205979, 30.013847303171438 ], [ 31.358188664205979, 30.017736503319995 ], [ 31.362680240626577, 30.017736503319995 ], [ 31.362680240626577, 30.013847303171438 ], [ 31.358188664205979, 30.013847303171438 ] ] ] } },
{ "type": "Feature", "properties": { "zone_code": "NSR-GRID-354", "live_predicted_score": 0.31923882137438103, "live_risk_class": "low", "rain_1h_mm": 0.0, "rain_3h_mm": 4.0, "rain_6h_mm": 8.0, "rain_24h_mm": 8.0, "max_precipitation_probability": 95.0, "source": "Open-Meteo Forecast API", "honesty_note": "Live predictions are model-estimated weather-impact risk scores, not verified flood incident labels." }, "geometry": { "type": "Polygon", "coordinates": [ [ [ 31.362680240626577, 30.013847303171438 ], [ 31.362680240626577, 30.017736503319995 ], [ 31.367171817047169, 30.017736503319995 ], [ 31.367171817047169, 30.013847303171438 ], [ 31.362680240626577, 30.013847303171438 ] ] ] } },
{ "type": "Feature", "properties": { "zone_code": "NSR-GRID-355", "live_predicted_score": 0.19193687615258617, "live_risk_class": "low", "rain_1h_mm": 0.0, "rain_3h_mm": 4.0, "rain_6h_mm": 8.0, "rain_24h_mm": 8.0, "max_precipitation_probability": 95.0, "source": "Open-Meteo Forecast API", "honesty_note": "Live predictions are model-estimated weather-impact risk scores, not verified flood incident labels." }, "geometry": { "type": "Polygon", "coordinates": [ [ [ 31.367171817047169, 30.013847303171438 ], [ 31.367171817047169, 30.017736503319995 ], [ 31.371663393467767, 30.017736503319995 ], [ 31.371663393467767, 30.013847303171438 ], [ 31.367171817047169, 30.013847303171438 ] ] ] } },
{ "type": "Feature", "properties": { "zone_code": "NSR-GRID-356", "live_predicted_score": 0.21677936623551355, "live_risk_class": "low", "rain_1h_mm": 0.0, "rain_3h_mm": 4.0, "rain_6h_mm": 8.0, "rain_24h_mm": 8.0, "max_precipitation_probability": 95.0, "source": "Open-Meteo Forecast API", "honesty_note": "Live predictions are model-estimated weather-impact risk scores, not verified flood incident labels." }, "geometry": { "type": "Polygon", "coordinates": [ [ [ 31.371663393467767, 30.013847303171438 ], [ 31.371663393467767, 30.017736503319995 ], [ 31.376154969888365, 30.017736503319995 ], [ 31.376154969888365, 30.013847303171438 ], [ 31.371663393467767, 30.013847303171438 ] ] ] } },
{ "type": "Feature", "properties": { "zone_code": "NSR-GRID-357", "live_predicted_score": 0.20833026813756303, "live_risk_class": "low", "rain_1h_mm": 0.0, "rain_3h_mm": 4.0, "rain_6h_mm": 8.0, "rain_24h_mm": 8.0, "max_precipitation_probability": 95.0, "source": "Open-Meteo Forecast API", "honesty_note": "Live predictions are model-estimated weather-impact risk scores, not verified flood incident labels." }, "geometry": { "type": "Polygon", "coordinates": [ [ [ 31.376154969888365, 30.013847303171438 ], [ 31.376154969888365, 30.017736503319995 ], [ 31.380646546308967, 30.017736503319995 ], [ 31.380646546308967, 30.013847303171438 ], [ 31.376154969888365, 30.013847303171438 ] ] ] } },
{ "type": "Feature", "properties": { "zone_code": "NSR-GRID-358", "live_predicted_score": 0.32447244362062722, "live_risk_class": "low", "rain_1h_mm": 0.0, "rain_3h_mm": 4.0, "rain_6h_mm": 8.0, "rain_24h_mm": 8.0, "max_precipitation_probability": 95.0, "source": "Open-Meteo Forecast API", "honesty_note": "Live predictions are model-estimated weather-impact risk scores, not verified flood incident labels." }, "geometry": { "type": "Polygon", "coordinates": [ [ [ 31.380646546308967, 30.013847303171438 ], [ 31.380646546308967, 30.017736503319995 ], [ 31.385138122729565, 30.017736503319995 ], [ 31.385138122729565, 30.013847303171438 ], [ 31.380646546308967, 30.013847303171438 ] ] ] } },
{ "type": "Feature", "properties": { "zone_code": "NSR-GRID-359", "live_predicted_score": 0.40125986439093925, "live_risk_class": "medium", "rain_1h_mm": 0.0, "rain_3h_mm": 4.0, "rain_6h_mm": 8.0, "rain_24h_mm": 8.0, "max_precipitation_probability": 95.0, "source": "Open-Meteo Forecast API", "honesty_note": "Live predictions are model-estimated weather-impact risk scores, not verified flood incident labels." }, "geometry": { "type": "Polygon", "coordinates": [ [ [ 31.385138122729565, 30.013847303171438 ], [ 31.385138122729565, 30.017736503319995 ], [ 31.389629699150163, 30.017736503319995 ], [ 31.389629699150163, 30.013847303171438 ], [ 31.385138122729565, 30.013847303171438 ] ] ] } },
{ "type": "Feature", "properties": { "zone_code": "NSR-GRID-360", "live_predicted_score": 0.1894461044779763, "live_risk_class": "low", "rain_1h_mm": 0.0, "rain_3h_mm": 4.0, "rain_6h_mm": 8.0, "rain_24h_mm": 8.0, "max_precipitation_probability": 95.0, "source": "Open-Meteo Forecast API", "honesty_note": "Live predictions are model-estimated weather-impact risk scores, not verified flood incident labels." }, "geometry": { "type": "Polygon", "coordinates": [ [ [ 31.389629699150163, 30.013847303171438 ], [ 31.389629699150163, 30.017736503319995 ], [ 31.394121275570754, 30.017736503319995 ], [ 31.394121275570754, 30.013847303171438 ], [ 31.389629699150163, 30.013847303171438 ] ] ] } },
{ "type": "Feature", "properties": { "zone_code": "NSR-GRID-361", "live_predicted_score": 0.18775549024686972, "live_risk_class": "low", "rain_1h_mm": 0.0, "rain_3h_mm": 4.0, "rain_6h_mm": 8.0, "rain_24h_mm": 8.0, "max_precipitation_probability": 95.0, "source": "Open-Meteo Forecast API", "honesty_note": "Live predictions are model-estimated weather-impact risk scores, not verified flood incident labels." }, "geometry": { "type": "Polygon", "coordinates": [ [ [ 31.394121275570754, 30.013847303171438 ], [ 31.394121275570754, 30.017736503319995 ], [ 31.398612851991352, 30.017736503319995 ], [ 31.398612851991352, 30.013847303171438 ], [ 31.394121275570754, 30.013847303171438 ] ] ] } },
{ "type": "Feature", "properties": { "zone_code": "NSR-GRID-362", "live_predicted_score": 0.17747441500198927, "live_risk_class": "low", "rain_1h_mm": 0.0, "rain_3h_mm": 4.0, "rain_6h_mm": 8.0, "rain_24h_mm": 8.0, "max_precipitation_probability": 95.0, "source": "Open-Meteo Forecast API", "honesty_note": "Live predictions are model-estimated weather-impact risk scores, not verified flood incident labels." }, "geometry": { "type": "Polygon", "coordinates": [ [ [ 31.398612851991352, 30.009957950513442 ], [ 31.398612851991352, 30.013847303171438 ], [ 31.399984539621762, 30.013847303171438 ], [ 31.3999587, 30.0136461 ], [ 31.399653297949932, 30.009957950513442 ], [ 31.398612851991352, 30.009957950513442 ] ] ] } },
{ "type": "Feature", "properties": { "zone_code": "NSR-GRID-363", "live_predicted_score": 0.37203702024750496, "live_risk_class": "medium", "rain_1h_mm": 0.0, "rain_3h_mm": 4.0, "rain_6h_mm": 8.0, "rain_24h_mm": 8.0, "max_precipitation_probability": 95.0, "source": "Open-Meteo Forecast API", "honesty_note": "Live predictions are model-estimated weather-impact risk scores, not verified flood incident labels." }, "geometry": { "type": "Polygon", "coordinates": [ [ [ 31.344713934944181, 30.013847303171438 ], [ 31.344713934944181, 30.009957950513442 ], [ 31.341145107727137, 30.009957950513442 ], [ 31.3412967, 30.0100454 ], [ 31.3419735, 30.0109517 ], [ 31.340817047780146, 30.013847303171438 ], [ 31.344713934944181, 30.013847303171438 ] ] ] } },
{ "type": "Feature", "properties": { "zone_code": "NSR-GRID-364", "live_predicted_score": 0.46265752016105477, "live_risk_class": "medium", "rain_1h_mm": 0.0, "rain_3h_mm": 4.0, "rain_6h_mm": 8.0, "rain_24h_mm": 8.0, "max_precipitation_probability": 95.0, "source": "Open-Meteo Forecast API", "honesty_note": "Live predictions are model-estimated weather-impact risk scores, not verified flood incident labels." }, "geometry": { "type": "Polygon", "coordinates": [ [ [ 31.344713934944181, 30.009957950513442 ], [ 31.344713934944181, 30.013847303171438 ], [ 31.349205511364779, 30.013847303171438 ], [ 31.349205511364779, 30.009957950513442 ], [ 31.344713934944181, 30.009957950513442 ] ] ] } },
{ "type": "Feature", "properties": { "zone_code": "NSR-GRID-365", "live_predicted_score": 0.34126730848290504, "live_risk_class": "medium", "rain_1h_mm": 0.0, "rain_3h_mm": 4.0, "rain_6h_mm": 8.0, "rain_24h_mm": 8.0, "max_precipitation_probability": 95.0, "source": "Open-Meteo Forecast API", "honesty_note": "Live predictions are model-estimated weather-impact risk scores, not verified flood incident labels." }, "geometry": { "type": "Polygon", "coordinates": [ [ [ 31.349205511364779, 30.009957950513442 ], [ 31.349205511364779, 30.013847303171438 ], [ 31.353697087785381, 30.013847303171438 ], [ 31.353697087785381, 30.009957950513442 ], [ 31.349205511364779, 30.009957950513442 ] ] ] } },
{ "type": "Feature", "properties": { "zone_code": "NSR-GRID-366", "live_predicted_score": 0.19647182279595629, "live_risk_class": "low", "rain_1h_mm": 0.0, "rain_3h_mm": 4.0, "rain_6h_mm": 8.0, "rain_24h_mm": 8.0, "max_precipitation_probability": 95.0, "source": "Open-Meteo Forecast API", "honesty_note": "Live predictions are model-estimated weather-impact risk scores, not verified flood incident labels." }, "geometry": { "type": "Polygon", "coordinates": [ [ [ 31.353697087785381, 30.009957950513442 ], [ 31.353697087785381, 30.013847303171438 ], [ 31.358188664205979, 30.013847303171438 ], [ 31.358188664205979, 30.009957950513442 ], [ 31.353697087785381, 30.009957950513442 ] ] ] } },
{ "type": "Feature", "properties": { "zone_code": "NSR-GRID-367", "live_predicted_score": 0.2447108498724721, "live_risk_class": "low", "rain_1h_mm": 0.0, "rain_3h_mm": 4.0, "rain_6h_mm": 8.0, "rain_24h_mm": 8.0, "max_precipitation_probability": 95.0, "source": "Open-Meteo Forecast API", "honesty_note": "Live predictions are model-estimated weather-impact risk scores, not verified flood incident labels." }, "geometry": { "type": "Polygon", "coordinates": [ [ [ 31.358188664205979, 30.009957950513442 ], [ 31.358188664205979, 30.013847303171438 ], [ 31.362680240626577, 30.013847303171438 ], [ 31.362680240626577, 30.009957950513442 ], [ 31.358188664205979, 30.009957950513442 ] ] ] } },
{ "type": "Feature", "properties": { "zone_code": "NSR-GRID-368", "live_predicted_score": 0.19833989151720266, "live_risk_class": "low", "rain_1h_mm": 0.0, "rain_3h_mm": 4.0, "rain_6h_mm": 8.0, "rain_24h_mm": 8.0, "max_precipitation_probability": 95.0, "source": "Open-Meteo Forecast API", "honesty_note": "Live predictions are model-estimated weather-impact risk scores, not verified flood incident labels." }, "geometry": { "type": "Polygon", "coordinates": [ [ [ 31.362680240626577, 30.009957950513442 ], [ 31.362680240626577, 30.013847303171438 ], [ 31.367171817047169, 30.013847303171438 ], [ 31.367171817047169, 30.009957950513442 ], [ 31.362680240626577, 30.009957950513442 ] ] ] } },
{ "type": "Feature", "properties": { "zone_code": "NSR-GRID-369", "live_predicted_score": 0.17406249943195809, "live_risk_class": "low", "rain_1h_mm": 0.0, "rain_3h_mm": 4.0, "rain_6h_mm": 8.0, "rain_24h_mm": 8.0, "max_precipitation_probability": 95.0, "source": "Open-Meteo Forecast API", "honesty_note": "Live predictions are model-estimated weather-impact risk scores, not verified flood incident labels." }, "geometry": { "type": "Polygon", "coordinates": [ [ [ 31.367171817047169, 30.009957950513442 ], [ 31.367171817047169, 30.013847303171438 ], [ 31.371663393467767, 30.013847303171438 ], [ 31.371663393467767, 30.009957950513442 ], [ 31.367171817047169, 30.009957950513442 ] ] ] } },
{ "type": "Feature", "properties": { "zone_code": "NSR-GRID-370", "live_predicted_score": 0.14790607373660214, "live_risk_class": "low", "rain_1h_mm": 0.0, "rain_3h_mm": 4.0, "rain_6h_mm": 8.0, "rain_24h_mm": 8.0, "max_precipitation_probability": 95.0, "source": "Open-Meteo Forecast API", "honesty_note": "Live predictions are model-estimated weather-impact risk scores, not verified flood incident labels." }, "geometry": { "type": "Polygon", "coordinates": [ [ [ 31.371663393467767, 30.009957950513442 ], [ 31.371663393467767, 30.013847303171438 ], [ 31.376154969888365, 30.013847303171438 ], [ 31.376154969888365, 30.009957950513442 ], [ 31.371663393467767, 30.009957950513442 ] ] ] } },
{ "type": "Feature", "properties": { "zone_code": "NSR-GRID-371", "live_predicted_score": 0.18945539714776932, "live_risk_class": "low", "rain_1h_mm": 0.0, "rain_3h_mm": 4.0, "rain_6h_mm": 8.0, "rain_24h_mm": 8.0, "max_precipitation_probability": 95.0, "source": "Open-Meteo Forecast API", "honesty_note": "Live predictions are model-estimated weather-impact risk scores, not verified flood incident labels." }, "geometry": { "type": "Polygon", "coordinates": [ [ [ 31.376154969888365, 30.009957950513442 ], [ 31.376154969888365, 30.013847303171438 ], [ 31.380646546308967, 30.013847303171438 ], [ 31.380646546308967, 30.009957950513442 ], [ 31.376154969888365, 30.009957950513442 ] ] ] } },
{ "type": "Feature", "properties": { "zone_code": "NSR-GRID-372", "live_predicted_score": 0.22936486392422092, "live_risk_class": "low", "rain_1h_mm": 0.0, "rain_3h_mm": 4.0, "rain_6h_mm": 8.0, "rain_24h_mm": 8.0, "max_precipitation_probability": 95.0, "source": "Open-Meteo Forecast API", "honesty_note": "Live predictions are model-estimated weather-impact risk scores, not verified flood incident labels." }, "geometry": { "type": "Polygon", "coordinates": [ [ [ 31.380646546308967, 30.009957950513442 ], [ 31.380646546308967, 30.013847303171438 ], [ 31.385138122729565, 30.013847303171438 ], [ 31.385138122729565, 30.009957950513442 ], [ 31.380646546308967, 30.009957950513442 ] ] ] } },
{ "type": "Feature", "properties": { "zone_code": "NSR-GRID-373", "live_predicted_score": 0.24086475354475415, "live_risk_class": "low", "rain_1h_mm": 0.0, "rain_3h_mm": 4.0, "rain_6h_mm": 8.0, "rain_24h_mm": 8.0, "max_precipitation_probability": 95.0, "source": "Open-Meteo Forecast API", "honesty_note": "Live predictions are model-estimated weather-impact risk scores, not verified flood incident labels." }, "geometry": { "type": "Polygon", "coordinates": [ [ [ 31.385138122729565, 30.009957950513442 ], [ 31.385138122729565, 30.013847303171438 ], [ 31.389629699150163, 30.013847303171438 ], [ 31.389629699150163, 30.009957950513442 ], [ 31.385138122729565, 30.009957950513442 ] ] ] } },
{ "type": "Feature", "properties": { "zone_code": "NSR-GRID-374", "live_predicted_score": 0.17840260246290895, "live_risk_class": "low", "rain_1h_mm": 0.0, "rain_3h_mm": 4.0, "rain_6h_mm": 8.0, "rain_24h_mm": 8.0, "max_precipitation_probability": 95.0, "source": "Open-Meteo Forecast API", "honesty_note": "Live predictions are model-estimated weather-impact risk scores, not verified flood incident labels." }, "geometry": { "type": "Polygon", "coordinates": [ [ [ 31.389629699150163, 30.009957950513442 ], [ 31.389629699150163, 30.013847303171438 ], [ 31.394121275570754, 30.013847303171438 ], [ 31.394121275570754, 30.009957950513442 ], [ 31.389629699150163, 30.009957950513442 ] ] ] } },
{ "type": "Feature", "properties": { "zone_code": "NSR-GRID-375", "live_predicted_score": 0.16149961285262512, "live_risk_class": "low", "rain_1h_mm": 0.0, "rain_3h_mm": 4.0, "rain_6h_mm": 8.0, "rain_24h_mm": 8.0, "max_precipitation_probability": 95.0, "source": "Open-Meteo Forecast API", "honesty_note": "Live predictions are model-estimated weather-impact risk scores, not verified flood incident labels." }, "geometry": { "type": "Polygon", "coordinates": [ [ [ 31.394121275570754, 30.009957950513442 ], [ 31.394121275570754, 30.013847303171438 ], [ 31.398612851991352, 30.013847303171438 ], [ 31.398612851991352, 30.009957950513442 ], [ 31.394121275570754, 30.009957950513442 ] ] ] } },
{ "type": "Feature", "properties": { "zone_code": "NSR-GRID-376", "live_predicted_score": 0.34543241773429312, "live_risk_class": "medium", "rain_1h_mm": 0.0, "rain_3h_mm": 4.0, "rain_6h_mm": 8.0, "rain_24h_mm": 8.0, "max_precipitation_probability": 95.0, "source": "Open-Meteo Forecast API", "honesty_note": "Live predictions are model-estimated weather-impact risk scores, not verified flood incident labels." }, "geometry": { "type": "Polygon", "coordinates": [ [ [ 31.344713934944181, 30.009957950513442 ], [ 31.344713934944181, 30.00963243951507 ], [ 31.3435519, 30.0096457 ], [ 31.3405123, 30.0095929 ], [ 31.341145107727137, 30.009957950513442 ], [ 31.344713934944181, 30.009957950513442 ] ] ] } },
{ "type": "Feature", "properties": { "zone_code": "NSR-GRID-377", "live_predicted_score": 0.2641394042378073, "live_risk_class": "low", "rain_1h_mm": 0.0, "rain_3h_mm": 4.0, "rain_6h_mm": 8.0, "rain_24h_mm": 8.0, "max_precipitation_probability": 95.0, "source": "Open-Meteo Forecast API", "honesty_note": "Live predictions are model-estimated weather-impact risk scores, not verified flood incident labels." }, "geometry": { "type": "Polygon", "coordinates": [ [ [ 31.344713934944181, 30.009957950513442 ], [ 31.349205511364779, 30.009957950513442 ], [ 31.349205511364779, 30.008919311273917 ], [ 31.3489258, 30.0096636 ], [ 31.3461195, 30.0096164 ], [ 31.344713934944181, 30.00963243951507 ], [ 31.344713934944181, 30.009957950513442 ] ] ] } },
{ "type": "Feature", "properties": { "zone_code": "NSR-GRID-378", "live_predicted_score": 0.16394276652534731, "live_risk_class": "low", "rain_1h_mm": 0.0, "rain_3h_mm": 4.0, "rain_6h_mm": 8.0, "rain_24h_mm": 8.0, "max_precipitation_probability": 95.0, "source": "Open-Meteo Forecast API", "honesty_note": "Live predictions are model-estimated weather-impact risk scores, not verified flood incident labels." }, "geometry": { "type": "Polygon", "coordinates": [ [ [ 31.358188664205979, 30.009957950513442 ], [ 31.362680240626577, 30.009957950513442 ], [ 31.362680240626577, 30.00646120411427 ], [ 31.3623201, 30.0064509 ], [ 31.3609711, 30.0094864 ], [ 31.358188664205979, 30.008570644526944 ], [ 31.358188664205979, 30.009957950513442 ] ] ] } },
{ "type": "Feature", "properties": { "zone_code": "NSR-GRID-379", "live_predicted_score": 0.18109108495773199, "live_risk_class": "low", "rain_1h_mm": 0.0, "rain_3h_mm": 4.0, "rain_6h_mm": 8.0, "rain_24h_mm": 8.0, "max_precipitation_probability": 95.0, "source": "Open-Meteo Forecast API", "honesty_note": "Live predictions are model-estimated weather-impact risk scores, not verified flood incident labels." }, "geometry": { "type": "Polygon", "coordinates": [ [ [ 31.398612851991352, 30.009957950513442 ], [ 31.399653297949932, 30.009957950513442 ], [ 31.3996223, 30.0095836 ], [ 31.398612851991352, 30.00637475512131 ], [ 31.398612851991352, 30.009957950513442 ] ] ] } },
{ "type": "Feature", "properties": { "zone_code": "NSR-GRID-380", "live_predicted_score": 0.17561284235469016, "live_risk_class": "low", "rain_1h_mm": 0.0, "rain_3h_mm": 4.0, "rain_6h_mm": 8.0, "rain_24h_mm": 8.0, "max_precipitation_probability": 95.0, "source": "Open-Meteo Forecast API", "honesty_note": "Live predictions are model-estimated weather-impact risk scores, not verified flood incident labels." }, "geometry": { "type": "Polygon", "coordinates": [ [ [ 31.353697087785381, 30.006068445357947 ], [ 31.353697087785381, 30.009957950513442 ], [ 31.358188664205979, 30.009957950513442 ], [ 31.358188664205979, 30.008570644526944 ], [ 31.3570464, 30.008194700000011 ], [ 31.355206544243213, 30.006068445357947 ], [ 31.353697087785381, 30.006068445357947 ] ] ] } },
{ "type": "Feature", "properties": { "zone_code": "NSR-GRID-381", "live_predicted_score": 0.12411097255778358, "live_risk_class": "low", "rain_1h_mm": 0.0, "rain_3h_mm": 4.0, "rain_6h_mm": 8.0, "rain_24h_mm": 8.0, "max_precipitation_probability": 95.0, "source": "Open-Meteo Forecast API", "honesty_note": "Live predictions are model-estimated weather-impact risk scores, not verified flood incident labels." }, "geometry": { "type": "Polygon", "coordinates": [ [ [ 31.362680240626577, 30.009957950513442 ], [ 31.367171817047169, 30.009957950513442 ], [ 31.367171817047169, 30.006589714148756 ], [ 31.362680240626577, 30.00646120411427 ], [ 31.362680240626577, 30.009957950513442 ] ] ] } },
{ "type": "Feature", "properties": { "zone_code": "NSR-GRID-382", "live_predicted_score": 0.14688334362838748, "live_risk_class": "low", "rain_1h_mm": 0.0, "rain_3h_mm": 4.0, "rain_6h_mm": 8.0, "rain_24h_mm": 8.0, "max_precipitation_probability": 95.0, "source": "Open-Meteo Forecast API", "honesty_note": "Live predictions are model-estimated weather-impact risk scores, not verified flood incident labels." }, "geometry": { "type": "Polygon", "coordinates": [ [ [ 31.367171817047169, 30.009957950513442 ], [ 31.371663393467767, 30.009957950513442 ], [ 31.371663393467767, 30.006068445357947 ], [ 31.36972142083517, 30.006068445357947 ], [ 31.3697408, 30.0064635 ], [ 31.3682618, 30.0066209 ], [ 31.367171817047169, 30.006589714148756 ], [ 31.367171817047169, 30.009957950513442 ] ] ] } },
{ "type": "Feature", "properties": { "zone_code": "NSR-GRID-383", "live_predicted_score": 0.206900754906299, "live_risk_class": "low", "rain_1h_mm": 0.0, "rain_3h_mm": 4.0, "rain_6h_mm": 8.0, "rain_24h_mm": 8.0, "max_precipitation_probability": 95.0, "source": "Open-Meteo Forecast API", "honesty_note": "Live predictions are model-estimated weather-impact risk scores, not verified flood incident labels." }, "geometry": { "type": "Polygon", "coordinates": [ [ [ 31.349205511364779, 30.009957950513442 ], [ 31.353697087785381, 30.009957950513442 ], [ 31.353697087785381, 30.006068445357947 ], [ 31.350293764170146, 30.006068445357947 ], [ 31.350033, 30.0067174 ], [ 31.349205511364779, 30.008919311273917 ], [ 31.349205511364779, 30.009957950513442 ] ] ] } },
{ "type": "Feature", "properties": { "zone_code": "NSR-GRID-384", "live_predicted_score": 0.16130989422968547, "live_risk_class": "low", "rain_1h_mm": 0.0, "rain_3h_mm": 4.0, "rain_6h_mm": 8.0, "rain_24h_mm": 8.0, "max_precipitation_probability": 95.0, "source": "Open-Meteo Forecast API", "honesty_note": "Live predictions are model-estimated weather-impact risk scores, not verified flood incident labels." }, "geometry": { "type": "Polygon", "coordinates": [ [ [ 31.394121275570754, 30.006068445357947 ], [ 31.394121275570754, 30.009957950513442 ], [ 31.398612851991352, 30.009957950513442 ], [ 31.398612851991352, 30.00637475512131 ], [ 31.398516493857947, 30.006068445357947 ], [ 31.394121275570754, 30.006068445357947 ] ] ] } },
{ "type": "Feature", "properties": { "zone_code": "NSR-GRID-385", "live_predicted_score": 0.11982869867613961, "live_risk_class": "low", "rain_1h_mm": 0.0, "rain_3h_mm": 4.0, "rain_6h_mm": 8.0, "rain_24h_mm": 8.0, "max_precipitation_probability": 95.0, "source": "Open-Meteo Forecast API", "honesty_note": "Live predictions are model-estimated weather-impact risk scores, not verified flood incident labels." }, "geometry": { "type": "Polygon", "coordinates": [ [ [ 31.371663393467767, 30.006068445357947 ], [ 31.371663393467767, 30.009957950513442 ], [ 31.376154969888365, 30.009957950513442 ], [ 31.376154969888365, 30.006068445357947 ], [ 31.371663393467767, 30.006068445357947 ] ] ] } },
{ "type": "Feature", "properties": { "zone_code": "NSR-GRID-386", "live_predicted_score": 0.16199286006449651, "live_risk_class": "low", "rain_1h_mm": 0.0, "rain_3h_mm": 4.0, "rain_6h_mm": 8.0, "rain_24h_mm": 8.0, "max_precipitation_probability": 95.0, "source": "Open-Meteo Forecast API", "honesty_note": "Live predictions are model-estimated weather-impact risk scores, not verified flood incident labels." }, "geometry": { "type": "Polygon", "coordinates": [ [ [ 31.376154969888365, 30.006068445357947 ], [ 31.376154969888365, 30.009957950513442 ], [ 31.380646546308967, 30.009957950513442 ], [ 31.380646546308967, 30.006068445357947 ], [ 31.376154969888365, 30.006068445357947 ] ] ] } },
{ "type": "Feature", "properties": { "zone_code": "NSR-GRID-387", "live_predicted_score": 0.15101152351772629, "live_risk_class": "low", "rain_1h_mm": 0.0, "rain_3h_mm": 4.0, "rain_6h_mm": 8.0, "rain_24h_mm": 8.0, "max_precipitation_probability": 95.0, "source": "Open-Meteo Forecast API", "honesty_note": "Live predictions are model-estimated weather-impact risk scores, not verified flood incident labels." }, "geometry": { "type": "Polygon", "coordinates": [ [ [ 31.380646546308967, 30.006068445357947 ], [ 31.380646546308967, 30.009957950513442 ], [ 31.385138122729565, 30.009957950513442 ], [ 31.385138122729565, 30.006068445357947 ], [ 31.380646546308967, 30.006068445357947 ] ] ] } },
{ "type": "Feature", "properties": { "zone_code": "NSR-GRID-388", "live_predicted_score": 0.16346206011484449, "live_risk_class": "low", "rain_1h_mm": 0.0, "rain_3h_mm": 4.0, "rain_6h_mm": 8.0, "rain_24h_mm": 8.0, "max_precipitation_probability": 95.0, "source": "Open-Meteo Forecast API", "honesty_note": "Live predictions are model-estimated weather-impact risk scores, not verified flood incident labels." }, "geometry": { "type": "Polygon", "coordinates": [ [ [ 31.385138122729565, 30.006068445357947 ], [ 31.385138122729565, 30.009957950513442 ], [ 31.389629699150163, 30.009957950513442 ], [ 31.389629699150163, 30.006068445357947 ], [ 31.385138122729565, 30.006068445357947 ] ] ] } },
{ "type": "Feature", "properties": { "zone_code": "NSR-GRID-389", "live_predicted_score": 0.19767650365432593, "live_risk_class": "low", "rain_1h_mm": 0.0, "rain_3h_mm": 4.0, "rain_6h_mm": 8.0, "rain_24h_mm": 8.0, "max_precipitation_probability": 95.0, "source": "Open-Meteo Forecast API", "honesty_note": "Live predictions are model-estimated weather-impact risk scores, not verified flood incident labels." }, "geometry": { "type": "Polygon", "coordinates": [ [ [ 31.389629699150163, 30.006068445357947 ], [ 31.389629699150163, 30.009957950513442 ], [ 31.394121275570754, 30.009957950513442 ], [ 31.394121275570754, 30.006068445357947 ], [ 31.389629699150163, 30.006068445357947 ] ] ] } },
{ "type": "Feature", "properties": { "zone_code": "NSR-GRID-390", "live_predicted_score": 0.093970655357947505, "live_risk_class": "low", "rain_1h_mm": 0.0, "rain_3h_mm": 4.0, "rain_6h_mm": 8.0, "rain_24h_mm": 8.0, "max_precipitation_probability": 95.0, "source": "Open-Meteo Forecast API", "honesty_note": "Live predictions are model-estimated weather-impact risk scores, not verified flood incident labels." }, "geometry": { "type": "Polygon", "coordinates": [ [ [ 31.353697087785381, 30.006068445357947 ], [ 31.355206544243213, 30.006068445357947 ], [ 31.354288, 30.0050069 ], [ 31.353697087785381, 30.004827975453527 ], [ 31.353697087785381, 30.006068445357947 ] ] ] } },
{ "type": "Feature", "properties": { "zone_code": "NSR-GRID-391", "live_predicted_score": 0.16633625057292348, "live_risk_class": "low", "rain_1h_mm": 0.0, "rain_3h_mm": 4.0, "rain_6h_mm": 8.0, "rain_24h_mm": 8.0, "max_precipitation_probability": 95.0, "source": "Open-Meteo Forecast API", "honesty_note": "Live predictions are model-estimated weather-impact risk scores, not verified flood incident labels." }, "geometry": { "type": "Polygon", "coordinates": [ [ [ 31.353697087785381, 30.006068445357947 ], [ 31.353697087785381, 30.004827975453527 ], [ 31.3511073, 30.0040438 ], [ 31.350293764170146, 30.006068445357947 ], [ 31.353697087785381, 30.006068445357947 ] ] ] } },
{ "type": "Feature", "properties": { "zone_code": "NSR-GRID-392", "live_predicted_score": 0.13462609673757378, "live_risk_class": "low", "rain_1h_mm": 0.0, "rain_3h_mm": 4.0, "rain_6h_mm": 8.0, "rain_24h_mm": 8.0, "max_precipitation_probability": 95.0, "source": "Open-Meteo Forecast API", "honesty_note": "Live predictions are model-estimated weather-impact risk scores, not verified flood incident labels." }, "geometry": { "type": "Polygon", "coordinates": [ [ [ 31.394121275570754, 30.002178787716911 ], [ 31.394121275570754, 30.006068445357947 ], [ 31.398516493857947, 30.006068445357947 ], [ 31.3984675, 30.0059127 ], [ 31.3973897, 30.0042056 ], [ 31.39590329365825, 30.002178787716911 ], [ 31.394121275570754, 30.002178787716911 ] ] ] } },
{ "type": "Feature", "properties": { "zone_code": "NSR-GRID-393", "live_predicted_score": 0.12297934658842759, "live_risk_class": "low", "rain_1h_mm": 0.0, "rain_3h_mm": 4.0, "rain_6h_mm": 8.0, "rain_24h_mm": 8.0, "max_precipitation_probability": 95.0, "source": "Open-Meteo Forecast API", "honesty_note": "Live predictions are model-estimated weather-impact risk scores, not verified flood incident labels." }, "geometry": { "type": "Polygon", "coordinates": [ [ [ 31.371663393467767, 30.002178787716911 ], [ 31.371663393467767, 30.006068445357947 ], [ 31.376154969888365, 30.006068445357947 ], [ 31.376154969888365, 30.002178787716911 ], [ 31.371663393467767, 30.002178787716911 ] ] ] } },
{ "type": "Feature", "properties": { "zone_code": "NSR-GRID-394", "live_predicted_score": 0.11163875360958682, "live_risk_class": "low", "rain_1h_mm": 0.0, "rain_3h_mm": 4.0, "rain_6h_mm": 8.0, "rain_24h_mm": 8.0, "max_precipitation_probability": 95.0, "source": "Open-Meteo Forecast API", "honesty_note": "Live predictions are model-estimated weather-impact risk scores, not verified flood incident labels." }, "geometry": { "type": "Polygon", "coordinates": [ [ [ 31.376154969888365, 30.002178787716911 ], [ 31.376154969888365, 30.006068445357947 ], [ 31.380646546308967, 30.006068445357947 ], [ 31.380646546308967, 30.002178787716911 ], [ 31.376154969888365, 30.002178787716911 ] ] ] } },
{ "type": "Feature", "properties": { "zone_code": "NSR-GRID-395", "live_predicted_score": 0.10885390259816577, "live_risk_class": "low", "rain_1h_mm": 0.0, "rain_3h_mm": 4.0, "rain_6h_mm": 8.0, "rain_24h_mm": 8.0, "max_precipitation_probability": 95.0, "source": "Open-Meteo Forecast API", "honesty_note": "Live predictions are model-estimated weather-impact risk scores, not verified flood incident labels." }, "geometry": { "type": "Polygon", "coordinates": [ [ [ 31.380646546308967, 30.002178787716911 ], [ 31.380646546308967, 30.006068445357947 ], [ 31.385138122729565, 30.006068445357947 ], [ 31.385138122729565, 30.002178787716911 ], [ 31.380646546308967, 30.002178787716911 ] ] ] } },
{ "type": "Feature", "properties": { "zone_code": "NSR-GRID-396", "live_predicted_score": 0.14237880374367842, "live_risk_class": "low", "rain_1h_mm": 0.0, "rain_3h_mm": 4.0, "rain_6h_mm": 8.0, "rain_24h_mm": 8.0, "max_precipitation_probability": 95.0, "source": "Open-Meteo Forecast API", "honesty_note": "Live predictions are model-estimated weather-impact risk scores, not verified flood incident labels." }, "geometry": { "type": "Polygon", "coordinates": [ [ [ 31.385138122729565, 30.002178787716911 ], [ 31.385138122729565, 30.006068445357947 ], [ 31.389629699150163, 30.006068445357947 ], [ 31.389629699150163, 30.002178787716911 ], [ 31.385138122729565, 30.002178787716911 ] ] ] } },
{ "type": "Feature", "properties": { "zone_code": "NSR-GRID-397", "live_predicted_score": 0.12680760085361625, "live_risk_class": "low", "rain_1h_mm": 0.0, "rain_3h_mm": 4.0, "rain_6h_mm": 8.0, "rain_24h_mm": 8.0, "max_precipitation_probability": 95.0, "source": "Open-Meteo Forecast API", "honesty_note": "Live predictions are model-estimated weather-impact risk scores, not verified flood incident labels." }, "geometry": { "type": "Polygon", "coordinates": [ [ [ 31.389629699150163, 30.002178787716911 ], [ 31.389629699150163, 30.006068445357947 ], [ 31.394121275570754, 30.006068445357947 ], [ 31.394121275570754, 30.002178787716911 ], [ 31.389629699150163, 30.002178787716911 ] ] ] } },
{ "type": "Feature", "properties": { "zone_code": "NSR-GRID-398", "live_predicted_score": 0.15048065353357484, "live_risk_class": "low", "rain_1h_mm": 0.0, "rain_3h_mm": 4.0, "rain_6h_mm": 8.0, "rain_24h_mm": 8.0, "max_precipitation_probability": 95.0, "source": "Open-Meteo Forecast API", "honesty_note": "Live predictions are model-estimated weather-impact risk scores, not verified flood incident labels." }, "geometry": { "type": "Polygon", "coordinates": [ [ [ 31.371663393467767, 30.006068445357947 ], [ 31.371663393467767, 30.002178787716911 ], [ 31.369477273169199, 30.002178787716911 ], [ 31.3696936, 30.0055013 ], [ 31.36972142083517, 30.006068445357947 ], [ 31.371663393467767, 30.006068445357947 ] ] ] } },
{ "type": "Feature", "properties": { "zone_code": "NSR-GRID-399", "live_predicted_score": 0.11800503961817477, "live_risk_class": "low", "rain_1h_mm": 0.0, "rain_3h_mm": 4.0, "rain_6h_mm": 8.0, "rain_24h_mm": 8.0, "max_precipitation_probability": 95.0, "source": "Open-Meteo Forecast API", "honesty_note": "Live predictions are model-estimated weather-impact risk scores, not verified flood incident labels." }, "geometry": { "type": "Polygon", "coordinates": [ [ [ 31.394121275570754, 30.002178787716911 ], [ 31.39590329365825, 30.002178787716911 ], [ 31.3953018, 30.0013586 ], [ 31.394121275570754, 29.999753325882171 ], [ 31.394121275570754, 30.002178787716911 ] ] ] } },
{ "type": "Feature", "properties": { "zone_code": "NSR-GRID-400", "live_predicted_score": 0.15919699686294961, "live_risk_class": "low", "rain_1h_mm": 0.0, "rain_3h_mm": 4.0, "rain_6h_mm": 8.0, "rain_24h_mm": 8.0, "max_precipitation_probability": 95.0, "source": "Open-Meteo Forecast API", "honesty_note": "Live predictions are model-estimated weather-impact risk scores, not verified flood incident labels." }, "geometry": { "type": "Polygon", "coordinates": [ [ [ 31.389629699150163, 29.998288977602268 ], [ 31.389629699150163, 30.002178787716911 ], [ 31.394121275570754, 30.002178787716911 ], [ 31.394121275570754, 29.999753325882171 ], [ 31.3931751, 29.9984667 ], [ 31.392951301027818, 29.998288977602268 ], [ 31.389629699150163, 29.998288977602268 ] ] ] } },
{ "type": "Feature", "properties": { "zone_code": "NSR-GRID-401", "live_predicted_score": 0.14840383945700941, "live_risk_class": "low", "rain_1h_mm": 0.0, "rain_3h_mm": 4.0, "rain_6h_mm": 8.0, "rain_24h_mm": 8.0, "max_precipitation_probability": 95.0, "source": "Open-Meteo Forecast API", "honesty_note": "Live predictions are model-estimated weather-impact risk scores, not verified flood incident labels." }, "geometry": { "type": "Polygon", "coordinates": [ [ [ 31.371663393467767, 29.998288977602268 ], [ 31.371663393467767, 30.002178787716911 ], [ 31.376154969888365, 30.002178787716911 ], [ 31.376154969888365, 29.998288977602268 ], [ 31.371663393467767, 29.998288977602268 ] ] ] } },
{ "type": "Feature", "properties": { "zone_code": "NSR-GRID-402", "live_predicted_score": 0.12004829432458917, "live_risk_class": "low", "rain_1h_mm": 0.0, "rain_3h_mm": 4.0, "rain_6h_mm": 8.0, "rain_24h_mm": 8.0, "max_precipitation_probability": 95.0, "source": "Open-Meteo Forecast API", "honesty_note": "Live predictions are model-estimated weather-impact risk scores, not verified flood incident labels." }, "geometry": { "type": "Polygon", "coordinates": [ [ [ 31.376154969888365, 29.998288977602268 ], [ 31.376154969888365, 30.002178787716911 ], [ 31.380646546308967, 30.002178787716911 ], [ 31.380646546308967, 29.998288977602268 ], [ 31.376154969888365, 29.998288977602268 ] ] ] } },
{ "type": "Feature", "properties": { "zone_code": "NSR-GRID-403", "live_predicted_score": 0.16385467072190388, "live_risk_class": "low", "rain_1h_mm": 0.0, "rain_3h_mm": 4.0, "rain_6h_mm": 8.0, "rain_24h_mm": 8.0, "max_precipitation_probability": 95.0, "source": "Open-Meteo Forecast API", "honesty_note": "Live predictions are model-estimated weather-impact risk scores, not verified flood incident labels." }, "geometry": { "type": "Polygon", "coordinates": [ [ [ 31.380646546308967, 29.998288977602268 ], [ 31.380646546308967, 30.002178787716911 ], [ 31.385138122729565, 30.002178787716911 ], [ 31.385138122729565, 29.998288977602268 ], [ 31.380646546308967, 29.998288977602268 ] ] ] } },
{ "type": "Feature", "properties": { "zone_code": "NSR-GRID-404", "live_predicted_score": 0.11819424403290185, "live_risk_class": "low", "rain_1h_mm": 0.0, "rain_3h_mm": 4.0, "rain_6h_mm": 8.0, "rain_24h_mm": 8.0, "max_precipitation_probability": 95.0, "source": "Open-Meteo Forecast API", "honesty_note": "Live predictions are model-estimated weather-impact risk scores, not verified flood incident labels." }, "geometry": { "type": "Polygon", "coordinates": [ [ [ 31.385138122729565, 29.998288977602268 ], [ 31.385138122729565, 30.002178787716911 ], [ 31.389629699150163, 30.002178787716911 ], [ 31.389629699150163, 29.998288977602268 ], [ 31.385138122729565, 29.998288977602268 ] ] ] } },
{ "type": "Feature", "properties": { "zone_code": "NSR-GRID-405", "live_predicted_score": 0.16993819598350909, "live_risk_class": "low", "rain_1h_mm": 0.0, "rain_3h_mm": 4.0, "rain_6h_mm": 8.0, "rain_24h_mm": 8.0, "max_precipitation_probability": 95.0, "source": "Open-Meteo Forecast API", "honesty_note": "Live predictions are model-estimated weather-impact risk scores, not verified flood incident labels." }, "geometry": { "type": "Polygon", "coordinates": [ [ [ 31.371663393467767, 30.002178787716911 ], [ 31.371663393467767, 29.998288977602268 ], [ 31.369224019112167, 29.998288977602268 ], [ 31.369477273169199, 30.002178787716911 ], [ 31.371663393467767, 30.002178787716911 ] ] ] } },
{ "type": "Feature", "properties": { "zone_code": "NSR-GRID-406", "live_predicted_score": 0.18809177084759465, "live_risk_class": "low", "rain_1h_mm": 0.0, "rain_3h_mm": 4.0, "rain_6h_mm": 8.0, "rain_24h_mm": 8.0, "max_precipitation_probability": 95.0, "source": "Open-Meteo Forecast API", "honesty_note": "Live predictions are model-estimated weather-impact risk scores, not verified flood incident labels." }, "geometry": { "type": "Polygon", "coordinates": [ [ [ 31.389629699150163, 29.998288977602268 ], [ 31.392951301027818, 29.998288977602268 ], [ 31.3908883, 29.9966507 ], [ 31.389629699150163, 29.99608409464102 ], [ 31.389629699150163, 29.998288977602268 ] ] ] } },
{ "type": "Feature", "properties": { "zone_code": "NSR-GRID-407", "live_predicted_score": 0.17069302871545039, "live_risk_class": "low", "rain_1h_mm": 0.0, "rain_3h_mm": 4.0, "rain_6h_mm": 8.0, "rain_24h_mm": 8.0, "max_precipitation_probability": 95.0, "source": "Open-Meteo Forecast API", "honesty_note": "Live predictions are model-estimated weather-impact risk scores, not verified flood incident labels." }, "geometry": { "type": "Polygon", "coordinates": [ [ [ 31.385138122729565, 29.994399015025984 ], [ 31.385138122729565, 29.998288977602268 ], [ 31.389629699150163, 29.998288977602268 ], [ 31.389629699150163, 29.99608409464102 ], [ 31.3871883, 29.994985 ], [ 31.385580431261879, 29.994399015025984 ], [ 31.385138122729565, 29.994399015025984 ] ] ] } },
{ "type": "Feature", "properties": { "zone_code": "NSR-GRID-408", "live_predicted_score": 0.19785022757463294, "live_risk_class": "low", "rain_1h_mm": 0.0, "rain_3h_mm": 4.0, "rain_6h_mm": 8.0, "rain_24h_mm": 8.0, "max_precipitation_probability": 95.0, "source": "Open-Meteo Forecast API", "honesty_note": "Live predictions are model-estimated weather-impact risk scores, not verified flood incident labels." }, "geometry": { "type": "Polygon", "coordinates": [ [ [ 31.371663393467767, 29.994399015025984 ], [ 31.371663393467767, 29.998288977602268 ], [ 31.376154969888365, 29.998288977602268 ], [ 31.376154969888365, 29.994399015025984 ], [ 31.371663393467767, 29.994399015025984 ] ] ] } },
{ "type": "Feature", "properties": { "zone_code": "NSR-GRID-409", "live_predicted_score": 0.18344444547848787, "live_risk_class": "low", "rain_1h_mm": 0.0, "rain_3h_mm": 4.0, "rain_6h_mm": 8.0, "rain_24h_mm": 8.0, "max_precipitation_probability": 95.0, "source": "Open-Meteo Forecast API", "honesty_note": "Live predictions are model-estimated weather-impact risk scores, not verified flood incident labels." }, "geometry": { "type": "Polygon", "coordinates": [ [ [ 31.376154969888365, 29.994399015025984 ], [ 31.376154969888365, 29.998288977602268 ], [ 31.380646546308967, 29.998288977602268 ], [ 31.380646546308967, 29.994399015025984 ], [ 31.376154969888365, 29.994399015025984 ] ] ] } },
{ "type": "Feature", "properties": { "zone_code": "NSR-GRID-410", "live_predicted_score": 0.18440253268158216, "live_risk_class": "low", "rain_1h_mm": 0.0, "rain_3h_mm": 4.0, "rain_6h_mm": 8.0, "rain_24h_mm": 8.0, "max_precipitation_probability": 95.0, "source": "Open-Meteo Forecast API", "honesty_note": "Live predictions are model-estimated weather-impact risk scores, not verified flood incident labels." }, "geometry": { "type": "Polygon", "coordinates": [ [ [ 31.380646546308967, 29.994399015025984 ], [ 31.380646546308967, 29.998288977602268 ], [ 31.385138122729565, 29.998288977602268 ], [ 31.385138122729565, 29.994399015025984 ], [ 31.380646546308967, 29.994399015025984 ] ] ] } },
{ "type": "Feature", "properties": { "zone_code": "NSR-GRID-411", "live_predicted_score": 0.18865348033160931, "live_risk_class": "low", "rain_1h_mm": 0.0, "rain_3h_mm": 4.0, "rain_6h_mm": 8.0, "rain_24h_mm": 8.0, "max_precipitation_probability": 95.0, "source": "Open-Meteo Forecast API", "honesty_note": "Live predictions are model-estimated weather-impact risk scores, not verified flood incident labels." }, "geometry": { "type": "Polygon", "coordinates": [ [ [ 31.371663393467767, 29.998288977602268 ], [ 31.371663393467767, 29.994399015025984 ], [ 31.369030453580805, 29.994399015025984 ], [ 31.3690788, 29.9961706 ], [ 31.3692132, 29.9981228 ], [ 31.369224019112167, 29.998288977602268 ], [ 31.371663393467767, 29.998288977602268 ] ] ] } },
{ "type": "Feature", "properties": { "zone_code": "NSR-GRID-412", "live_predicted_score": 0.22476428069605353, "live_risk_class": "low", "rain_1h_mm": 0.0, "rain_3h_mm": 4.0, "rain_6h_mm": 8.0, "rain_24h_mm": 8.0, "max_precipitation_probability": 95.0, "source": "Open-Meteo Forecast API", "honesty_note": "Live predictions are model-estimated weather-impact risk scores, not verified flood incident labels." }, "geometry": { "type": "Polygon", "coordinates": [ [ [ 31.385138122729565, 29.994399015025984 ], [ 31.385580431261879, 29.994399015025984 ], [ 31.385138122729565, 29.994237815841501 ], [ 31.385138122729565, 29.994399015025984 ] ] ] } },
{ "type": "Feature", "properties": { "zone_code": "NSR-GRID-413", "live_predicted_score": 0.21770763287091058, "live_risk_class": "low", "rain_1h_mm": 0.0, "rain_3h_mm": 4.0, "rain_6h_mm": 8.0, "rain_24h_mm": 8.0, "max_precipitation_probability": 95.0, "source": "Open-Meteo Forecast API", "honesty_note": "Live predictions are model-estimated weather-impact risk scores, not verified flood incident labels." }, "geometry": { "type": "Polygon", "coordinates": [ [ [ 31.380646546308967, 29.994399015025984 ], [ 31.385138122729565, 29.994399015025984 ], [ 31.385138122729565, 29.994237815841501 ], [ 31.3821193, 29.9931376 ], [ 31.380646546308967, 29.9925870657483 ], [ 31.380646546308967, 29.994399015025984 ] ] ] } },
{ "type": "Feature", "properties": { "zone_code": "NSR-GRID-414", "live_predicted_score": 0.21984581390796526, "live_risk_class": "low", "rain_1h_mm": 0.0, "rain_3h_mm": 4.0, "rain_6h_mm": 8.0, "rain_24h_mm": 8.0, "max_precipitation_probability": 95.0, "source": "Open-Meteo Forecast API", "honesty_note": "Live predictions are model-estimated weather-impact risk scores, not verified flood incident labels." }, "geometry": { "type": "Polygon", "coordinates": [ [ [ 31.376154969888365, 29.994399015025984 ], [ 31.380646546308967, 29.994399015025984 ], [ 31.380646546308967, 29.9925870657483 ], [ 31.3766733, 29.9911018 ], [ 31.376154969888365, 29.991026025874007 ], [ 31.376154969888365, 29.994399015025984 ] ] ] } },
{ "type": "Feature", "properties": { "zone_code": "NSR-GRID-415", "live_predicted_score": 0.1730462454842551, "live_risk_class": "low", "rain_1h_mm": 0.0, "rain_3h_mm": 4.0, "rain_6h_mm": 8.0, "rain_24h_mm": 8.0, "max_precipitation_probability": 95.0, "source": "Open-Meteo Forecast API", "honesty_note": "Live predictions are model-estimated weather-impact risk scores, not verified flood incident labels." }, "geometry": { "type": "Polygon", "coordinates": [ [ [ 31.371663393467767, 29.994399015025984 ], [ 31.371663393467767, 29.990845061595774 ], [ 31.3701475, 29.9913791 ], [ 31.3690002, 29.9932904 ], [ 31.369030453580805, 29.994399015025984 ], [ 31.371663393467767, 29.994399015025984 ] ] ] } },
{ "type": "Feature", "properties": { "zone_code": "NSR-GRID-416", "live_predicted_score": 0.1121797135908916, "live_risk_class": "low", "rain_1h_mm": 0.0, "rain_3h_mm": 4.0, "rain_6h_mm": 8.0, "rain_24h_mm": 8.0, "max_precipitation_probability": 95.0, "source": "Open-Meteo Forecast API", "honesty_note": "Live predictions are model-estimated weather-impact risk scores, not verified flood incident labels." }, "geometry": { "type": "Polygon", "coordinates": [ [ [ 31.371663393467767, 29.994399015025984 ], [ 31.376154969888365, 29.994399015025984 ], [ 31.376154969888365, 29.991026025874007 ], [ 31.3726176, 29.9905089 ], [ 31.371663393467767, 29.990845061595774 ], [ 31.371663393467767, 29.994399015025984 ] ] ] } }
]
}
