{
"type": "FeatureCollection",
"name": "zone_risk_summary",
"crs": { "type": "name", "properties": { "name": "urn:ogc:def:crs:OGC:1.3:CRS84" } },
"features": [
{ "type": "Feature", "properties": { "zone_code": "NSR-GRID-001", "event_count": 30, "mean_predicted_score": 0.57765226507957723, "max_predicted_score": 0.91660321914182163, "min_predicted_score": 0.45693360605733457, "high_risk_event_count": 6, "medium_risk_event_count": 24, "low_risk_event_count": 0, "high_risk_event_ratio": 0.2, "mean_absolute_error": 0.0045712485755663142, "mean_rain_24h_mm": 10.506666666666668, "max_rain_24h_mm": 44.9, "mean_gpm_precipitation_sum": 0.0, "mean_built_surface_mean": 4113.7566650508961, "mean_population_sum": 0.0, "dominant_risk_class": "medium" }, "geometry": { "type": "Polygon", "coordinates": [ [ [ 31.335730782102992, 30.083829560345315 ], [ 31.331239205682394, 30.083829560345315 ], [ 31.331239205682394, 30.084703272192819 ], [ 31.3330202, 30.0849553 ], [ 31.3344929, 30.0864727 ], [ 31.335730782102992, 30.08589819288575 ], [ 31.335730782102992, 30.083829560345315 ] ] ] } },
{ "type": "Feature", "properties": { "zone_code": "NSR-GRID-002", "event_count": 30, "mean_predicted_score": 0.54370144965027867, "max_predicted_score": 0.8838016577990595, "min_predicted_score": 0.42204468934375738, "high_risk_event_count": 5, "medium_risk_event_count": 25, "low_risk_event_count": 0, "high_risk_event_ratio": 0.16666666666666666, "mean_absolute_error": 0.004134819602801109, "mean_rain_24h_mm": 10.506666666666668, "max_rain_24h_mm": 44.9, "mean_gpm_precipitation_sum": 0.0, "mean_built_surface_mean": 3967.2195121951213, "mean_population_sum": 0.0, "dominant_risk_class": "medium" }, "geometry": { "type": "Polygon", "coordinates": [ [ [ 31.335730782102992, 30.083829560345315 ], [ 31.335730782102992, 30.08589819288575 ], [ 31.3358566, 30.0858398 ], [ 31.3387371, 30.084446 ], [ 31.34002192159258, 30.083829560345315 ], [ 31.335730782102992, 30.083829560345315 ] ] ] } },
{ "type": "Feature", "properties": { "zone_code": "NSR-GRID-003", "event_count": 30, "mean_predicted_score": 0.6034559217528298, "max_predicted_score": 0.942636346287689, "min_predicted_score": 0.48163181062092408, "high_risk_event_count": 7, "medium_risk_event_count": 23, "low_risk_event_count": 0, "high_risk_event_ratio": 0.23333333333333334, "mean_absolute_error": 0.0051128553731310785, "mean_rain_24h_mm": 10.506666666666668, "max_rain_24h_mm": 44.9, "mean_gpm_precipitation_sum": 0.0, "mean_built_surface_mean": 4228.8852713178303, "mean_population_sum": 0.0, "dominant_risk_class": "medium" }, "geometry": { "type": "Polygon", "coordinates": [ [ [ 31.326747629261792, 30.083829560345315 ], [ 31.322256052841194, 30.083829560345315 ], [ 31.322256052841194, 30.083962018114139 ], [ 31.3238021, 30.0848354 ], [ 31.3243457, 30.0845761 ], [ 31.3258647, 30.0840293 ], [ 31.326747629261792, 30.084110192873712 ], [ 31.326747629261792, 30.083829560345315 ] ] ] } },
{ "type": "Feature", "properties": { "zone_code": "NSR-GRID-004", "event_count": 30, "mean_predicted_score": 0.54551458787979712, "max_predicted_score": 0.87584392728819671, "min_predicted_score": 0.42899286967172029, "high_risk_event_count": 5, "medium_risk_event_count": 25, "low_risk_event_count": 0, "high_risk_event_ratio": 0.16666666666666666, "mean_absolute_error": 0.0085589060176472446, "mean_rain_24h_mm": 10.506666666666668, "max_rain_24h_mm": 44.9, "mean_gpm_precipitation_sum": 0.0, "mean_built_surface_mean": 3238.6048158640219, "mean_population_sum": 0.0, "dominant_risk_class": "medium" }, "geometry": { "type": "Polygon", "coordinates": [ [ [ 31.331239205682394, 30.083829560345315 ], [ 31.326747629261792, 30.083829560345315 ], [ 31.326747629261792, 30.084110192873712 ], [ 31.3276198, 30.0841901 ], [ 31.3299349, 30.0845187 ], [ 31.331239205682394, 30.084703272192819 ], [ 31.331239205682394, 30.083829560345315 ] ] ] } },
{ "type": "Feature", "properties": { "zone_code": "NSR-GRID-005", "event_count": 30, "mean_predicted_score": 0.63142119691155874, "max_predicted_score": 0.96420792289694024, "min_predicted_score": 0.5132468164711107, "high_risk_event_count": 7, "medium_risk_event_count": 23, "low_risk_event_count": 0, "high_risk_event_ratio": 0.23333333333333334, "mean_absolute_error": 0.0070636445013968511, "mean_rain_24h_mm": 10.506666666666668, "max_rain_24h_mm": 44.9, "mean_gpm_precipitation_sum": 0.0, "mean_built_surface_mean": 4321.0, "mean_population_sum": 0.0, "dominant_risk_class": "medium" }, "geometry": { "type": "Polygon", "coordinates": [ [ [ 31.322256052841194, 30.083829560345315 ], [ 31.322021579331782, 30.083829560345315 ], [ 31.322256052841194, 30.083962018114139 ], [ 31.322256052841194, 30.083829560345315 ] ] ] } },
{ "type": "Feature", "properties": { "zone_code": "NSR-GRID-006", "event_count": 30, "mean_predicted_score": 0.64947787380891775, "max_predicted_score": 0.97620263356467296, "min_predicted_score": 0.53425182662214588, "high_risk_event_count": 7, "medium_risk_event_count": 23, "low_risk_event_count": 0, "high_risk_event_ratio": 0.23333333333333334, "mean_absolute_error": 0.010509520145420137, "mean_rain_24h_mm": 10.506666666666668, "max_rain_24h_mm": 44.9, "mean_gpm_precipitation_sum": 0.0, "mean_built_surface_mean": 4724.8188175460919, "mean_population_sum": 0.0, "dominant_risk_class": "medium" }, "geometry": { "type": "Polygon", "coordinates": [ [ [ 31.322256052841194, 30.079942954681194 ], [ 31.322256052841194, 30.083829560345315 ], [ 31.326747629261792, 30.083829560345315 ], [ 31.326747629261792, 30.079942954681194 ], [ 31.322256052841194, 30.079942954681194 ] ] ] } },
{ "type": "Feature", "properties": { "zone_code": "NSR-GRID-007", "event_count": 30, "mean_predicted_score": 0.61092685745762076, "max_predicted_score": 0.94669406677886803, "min_predicted_score": 0.49160416678519853, "high_risk_event_count": 7, "medium_risk_event_count": 23, "low_risk_event_count": 0, "high_risk_event_ratio": 0.23333333333333334, "mean_absolute_error": 0.0060171678505497213, "mean_rain_24h_mm": 10.506666666666668, "max_rain_24h_mm": 44.9, "mean_gpm_precipitation_sum": 0.0, "mean_built_surface_mean": 4016.3692242475631, "mean_population_sum": 0.0, "dominant_risk_class": "medium" }, "geometry": { "type": "Polygon", "coordinates": [ [ [ 31.326747629261792, 30.079942954681194 ], [ 31.326747629261792, 30.083829560345315 ], [ 31.331239205682394, 30.083829560345315 ], [ 31.331239205682394, 30.079942954681194 ], [ 31.326747629261792, 30.079942954681194 ] ] ] } },
{ "type": "Feature", "properties": { "zone_code": "NSR-GRID-008", "event_count": 30, "mean_predicted_score": 0.55613896338697633, "max_predicted_score": 0.89616219523578444, "min_predicted_score": 0.43493631223849821, "high_risk_event_count": 5, "medium_risk_event_count": 25, "low_risk_event_count": 0, "high_risk_event_ratio": 0.16666666666666666, "mean_absolute_error": 0.0045332860901447468, "mean_rain_24h_mm": 10.506666666666668, "max_rain_24h_mm": 44.9, "mean_gpm_precipitation_sum": 0.0, "mean_built_surface_mean": 4123.7422636710453, "mean_population_sum": 0.0, "dominant_risk_class": "medium" }, "geometry": { "type": "Polygon", "coordinates": [ [ [ 31.331239205682394, 30.079942954681194 ], [ 31.331239205682394, 30.083829560345315 ], [ 31.335730782102992, 30.083829560345315 ], [ 31.335730782102992, 30.079942954681194 ], [ 31.331239205682394, 30.079942954681194 ] ] ] } },
{ "type": "Feature", "properties": { "zone_code": "NSR-GRID-009", "event_count": 30, "mean_predicted_score": 0.5346705629887486, "max_predicted_score": 0.86694510383125989, "min_predicted_score": 0.41635576882535558, "high_risk_event_count": 5, "medium_risk_event_count": 25, "low_risk_event_count": 0, "high_risk_event_ratio": 0.16666666666666666, "mean_absolute_error": 0.0068687511059969866, "mean_rain_24h_mm": 10.506666666666668, "max_rain_24h_mm": 44.9, "mean_gpm_precipitation_sum": 0.0, "mean_built_surface_mean": 4480.8590504451031, "mean_population_sum": 0.0, "dominant_risk_class": "medium" }, "geometry": { "type": "Polygon", "coordinates": [ [ [ 31.340222358523583, 30.079942954681194 ], [ 31.335730782102992, 30.079942954681194 ], [ 31.335730782102992, 30.083829560345315 ], [ 31.34002192159258, 30.083829560345315 ], [ 31.340222358523583, 30.08373339312773 ], [ 31.340222358523583, 30.079942954681194 ] ] ] } },
{ "type": "Feature", "properties": { "zone_code": "NSR-GRID-010", "event_count": 30, "mean_predicted_score": 0.58581004325936736, "max_predicted_score": 0.92407922748578641, "min_predicted_score": 0.4649939349760957, "high_risk_event_count": 7, "medium_risk_event_count": 23, "low_risk_event_count": 0, "high_risk_event_ratio": 0.23333333333333334, "mean_absolute_error": 0.0046758231559000047, "mean_rain_24h_mm": 10.506666666666668, "max_rain_24h_mm": 44.9, "mean_gpm_precipitation_sum": 0.0, "mean_built_surface_mean": 3743.5059871046969, "mean_population_sum": 0.0, "dominant_risk_class": "medium" }, "geometry": { "type": "Polygon", "coordinates": [ [ [ 31.322256052841194, 30.083829560345315 ], [ 31.322256052841194, 30.079942954681194 ], [ 31.317764476420596, 30.079942954681194 ], [ 31.317764476420596, 30.081209989726094 ], [ 31.3178299, 30.0812632 ], [ 31.320839, 30.0831615 ], [ 31.322021579331782, 30.083829560345315 ], [ 31.322256052841194, 30.083829560345315 ] ] ] } },
{ "type": "Feature", "properties": { "zone_code": "NSR-GRID-011", "event_count": 30, "mean_predicted_score": 0.51963605417236458, "max_predicted_score": 0.86154620224036893, "min_predicted_score": 0.39747791310618918, "high_risk_event_count": 5, "medium_risk_event_count": 25, "low_risk_event_count": 0, "high_risk_event_ratio": 0.16666666666666666, "mean_absolute_error": 0.0037804125908675939, "mean_rain_24h_mm": 10.506666666666668, "max_rain_24h_mm": 44.9, "mean_gpm_precipitation_sum": 0.0, "mean_built_surface_mean": 3686.9107358262972, "mean_population_sum": 0.0, "dominant_risk_class": "medium" }, "geometry": { "type": "Polygon", "coordinates": [ [ [ 31.344713934944181, 30.079942954681194 ], [ 31.340222358523583, 30.079942954681194 ], [ 31.340222358523583, 30.08373339312773 ], [ 31.3416438, 30.0830514 ], [ 31.3445051, 30.0817069 ], [ 31.344713934944181, 30.081688966805682 ], [ 31.344713934944181, 30.079942954681194 ] ] ] } },
{ "type": "Feature", "properties": { "zone_code": "NSR-GRID-012", "event_count": 30, "mean_predicted_score": 0.56147890207340478, "max_predicted_score": 0.9017703966638384, "min_predicted_score": 0.44050557856362621, "high_risk_event_count": 6, "medium_risk_event_count": 24, "low_risk_event_count": 0, "high_risk_event_ratio": 0.2, "mean_absolute_error": 0.0041435616659386901, "mean_rain_24h_mm": 10.506666666666668, "max_rain_24h_mm": 44.9, "mean_gpm_precipitation_sum": 0.0, "mean_built_surface_mean": 3582.3094688221713, "mean_population_sum": 0.0, "dominant_risk_class": "medium" }, "geometry": { "type": "Polygon", "coordinates": [ [ [ 31.349205511364779, 30.079942954681194 ], [ 31.344713934944181, 30.079942954681194 ], [ 31.344713934944181, 30.081688966805682 ], [ 31.3447578, 30.0816852 ], [ 31.3468277, 30.0813582 ], [ 31.349205511364779, 30.081134106167308 ], [ 31.349205511364779, 30.079942954681194 ] ] ] } },
{ "type": "Feature", "properties": { "zone_code": "NSR-GRID-013", "event_count": 30, "mean_predicted_score": 0.55899557060605964, "max_predicted_score": 0.90321077367581959, "min_predicted_score": 0.43595562974788882, "high_risk_event_count": 6, "medium_risk_event_count": 24, "low_risk_event_count": 0, "high_risk_event_ratio": 0.2, "mean_absolute_error": 0.0042199991204902162, "mean_rain_24h_mm": 10.506666666666668, "max_rain_24h_mm": 44.9, "mean_gpm_precipitation_sum": 0.0, "mean_built_surface_mean": 3567.6044330775781, "mean_population_sum": 0.0, "dominant_risk_class": "medium" }, "geometry": { "type": "Polygon", "coordinates": [ [ [ 31.353697087785381, 30.079942954681194 ], [ 31.349205511364779, 30.079942954681194 ], [ 31.349205511364779, 30.081134106167308 ], [ 31.3516938, 30.0808996 ], [ 31.3529245, 30.0807838 ], [ 31.353697087785381, 30.080707809918284 ], [ 31.353697087785381, 30.079942954681194 ] ] ] } },
{ "type": "Feature", "properties": { "zone_code": "NSR-GRID-014", "event_count": 30, "mean_predicted_score": 0.38329247182681431, "max_predicted_score": 0.72579247660405433, "min_predicted_score": 0.26078217936541981, "high_risk_event_count": 3, "medium_risk_event_count": 14, "low_risk_event_count": 13, "high_risk_event_ratio": 0.1, "mean_absolute_error": 0.0040377691679454918, "mean_rain_24h_mm": 10.506666666666668, "max_rain_24h_mm": 44.9, "mean_gpm_precipitation_sum": 0.0, "mean_built_surface_mean": 1788.5822784810132, "mean_population_sum": 0.0, "dominant_risk_class": "medium" }, "geometry": { "type": "Polygon", "coordinates": [ [ [ 31.41208758125315, 30.079942954681194 ], [ 31.407596004832552, 30.079942954681194 ], [ 31.407596004832552, 30.080918626043523 ], [ 31.4103742, 30.0808662 ], [ 31.41208758125315, 30.080730635579286 ], [ 31.41208758125315, 30.079942954681194 ] ] ] } },
{ "type": "Feature", "properties": { "zone_code": "NSR-GRID-015", "event_count": 30, "mean_predicted_score": 0.37050740193321091, "max_predicted_score": 0.71105533815722011, "min_predicted_score": 0.25123028397098363, "high_risk_event_count": 2, "medium_risk_event_count": 12, "low_risk_event_count": 16, "high_risk_event_ratio": 0.066666666666666666, "mean_absolute_error": 0.0052547309228807128, "mean_rain_24h_mm": 10.506666666666668, "max_rain_24h_mm": 44.9, "mean_gpm_precipitation_sum": 0.0, "mean_built_surface_mean": 1105.1292705447836, "mean_population_sum": 0.0, "dominant_risk_class": "medium" }, "geometry": { "type": "Polygon", "coordinates": [ [ [ 31.407596004832552, 30.079942954681194 ], [ 31.403104428411954, 30.079942954681194 ], [ 31.403104428411954, 30.080723258092874 ], [ 31.4067654, 30.0809343 ], [ 31.407596004832552, 30.080918626043523 ], [ 31.407596004832552, 30.079942954681194 ] ] ] } },
{ "type": "Feature", "properties": { "zone_code": "NSR-GRID-016", "event_count": 30, "mean_predicted_score": 0.43191697809144902, "max_predicted_score": 0.7706013506800321, "min_predicted_score": 0.31124438374172131, "high_risk_event_count": 4, "medium_risk_event_count": 16, "low_risk_event_count": 10, "high_risk_event_ratio": 0.13333333333333333, "mean_absolute_error": 0.0041929343813434834, "mean_rain_24h_mm": 10.506666666666668, "max_rain_24h_mm": 44.9, "mean_gpm_precipitation_sum": 0.0, "mean_built_surface_mean": 1905.1653846153849, "mean_population_sum": 0.0, "dominant_risk_class": "medium" }, "geometry": { "type": "Polygon", "coordinates": [ [ [ 31.317764476420596, 30.079942954681194 ], [ 31.316206630377078, 30.079942954681194 ], [ 31.317764476420596, 30.081209989726094 ], [ 31.317764476420596, 30.079942954681194 ] ] ] } },
{ "type": "Feature", "properties": { "zone_code": "NSR-GRID-017", "event_count": 30, "mean_predicted_score": 0.44500860653335589, "max_predicted_score": 0.79190284536703393, "min_predicted_score": 0.32008883283705608, "high_risk_event_count": 4, "medium_risk_event_count": 16, "low_risk_event_count": 10, "high_risk_event_ratio": 0.13333333333333333, "mean_absolute_error": 0.0055042819706408019, "mean_rain_24h_mm": 10.506666666666668, "max_rain_24h_mm": 44.9, "mean_gpm_precipitation_sum": 0.0, "mean_built_surface_mean": 2504.6199213630402, "mean_population_sum": 0.0, "dominant_risk_class": "medium" }, "geometry": { "type": "Polygon", "coordinates": [ [ [ 31.403104428411954, 30.079942954681194 ], [ 31.398612851991352, 30.079942954681194 ], [ 31.398612851991352, 30.080440135059103 ], [ 31.3994916, 30.080495899999985 ], [ 31.4030774, 30.0807217 ], [ 31.403104428411954, 30.080723258092874 ], [ 31.403104428411954, 30.079942954681194 ] ] ] } },
{ "type": "Feature", "properties": { "zone_code": "NSR-GRID-018", "event_count": 30, "mean_predicted_score": 0.36550585753116738, "max_predicted_score": 0.70638392460212784, "min_predicted_score": 0.2457437579433788, "high_risk_event_count": 2, "medium_risk_event_count": 12, "low_risk_event_count": 16, "high_risk_event_ratio": 0.066666666666666666, "mean_absolute_error": 0.0050002214396463905, "mean_rain_24h_mm": 10.506666666666668, "max_rain_24h_mm": 44.9, "mean_gpm_precipitation_sum": 0.0, "mean_built_surface_mean": 1457.4575971731449, "mean_population_sum": 0.0, "dominant_risk_class": "medium" }, "geometry": { "type": "Polygon", "coordinates": [ [ [ 31.416579157673748, 30.079942954681194 ], [ 31.41208758125315, 30.079942954681194 ], [ 31.41208758125315, 30.080730635579286 ], [ 31.413314, 30.0806336 ], [ 31.416579157673748, 30.080023009105005 ], [ 31.416579157673748, 30.079942954681194 ] ] ] } },
{ "type": "Feature", "properties": { "zone_code": "NSR-GRID-019", "event_count": 30, "mean_predicted_score": 0.56585445735485362, "max_predicted_score": 0.90090225358136, "min_predicted_score": 0.44627442822213559, "high_risk_event_count": 6, "medium_risk_event_count": 24, "low_risk_event_count": 0, "high_risk_event_ratio": 0.2, "mean_absolute_error": 0.005198816996312648, "mean_rain_24h_mm": 10.506666666666668, "max_rain_24h_mm": 44.9, "mean_gpm_precipitation_sum": 0.0, "mean_built_surface_mean": 3433.8671875000005, "mean_population_sum": 0.0, "dominant_risk_class": "medium" }, "geometry": { "type": "Polygon", "coordinates": [ [ [ 31.358188664205979, 30.079942954681194 ], [ 31.353697087785381, 30.079942954681194 ], [ 31.353697087785381, 30.080707809918284 ], [ 31.358188664205979, 30.080266026914554 ], [ 31.358188664205979, 30.079942954681194 ] ] ] } },
{ "type": "Feature", "properties": { "zone_code": "NSR-GRID-020", "event_count": 30, "mean_predicted_score": 0.3208408214671245, "max_predicted_score": 0.65660467320188365, "min_predicted_score": 0.20276379632207231, "high_risk_event_count": 0, "medium_risk_event_count": 8, "low_risk_event_count": 22, "high_risk_event_ratio": 0.0, "mean_absolute_error": 0.0069435865610419974, "mean_rain_24h_mm": 10.506666666666668, "max_rain_24h_mm": 44.9, "mean_gpm_precipitation_sum": 0.0, "mean_built_surface_mean": 332.32920792079199, "mean_population_sum": 0.0, "dominant_risk_class": "low" }, "geometry": { "type": "Polygon", "coordinates": [ [ [ 31.398612851991352, 30.079942954681194 ], [ 31.394121275570754, 30.079942954681194 ], [ 31.394121275570754, 30.080153360695039 ], [ 31.3947957, 30.0801979 ], [ 31.398612851991352, 30.080440135059103 ], [ 31.398612851991352, 30.079942954681194 ] ] ] } },
{ "type": "Feature", "properties": { "zone_code": "NSR-GRID-021", "event_count": 30, "mean_predicted_score": 0.47279544578225802, "max_predicted_score": 0.80018790389326744, "min_predicted_score": 0.35682614975818061, "high_risk_event_count": 4, "medium_risk_event_count": 26, "low_risk_event_count": 0, "high_risk_event_ratio": 0.13333333333333333, "mean_absolute_error": 0.0092815487796731079, "mean_rain_24h_mm": 10.506666666666668, "max_rain_24h_mm": 44.9, "mean_gpm_precipitation_sum": 0.0, "mean_built_surface_mean": 1765.0, "mean_population_sum": 0.0, "dominant_risk_class": "medium" }, "geometry": { "type": "Polygon", "coordinates": [ [ [ 31.358188664205979, 30.079942954681194 ], [ 31.358188664205979, 30.080266026914554 ], [ 31.3587105, 30.0802147 ], [ 31.360666932153229, 30.079942954681194 ], [ 31.358188664205979, 30.079942954681194 ] ] ] } },
{ "type": "Feature", "properties": { "zone_code": "NSR-GRID-022", "event_count": 30, "mean_predicted_score": 0.42153371158670622, "max_predicted_score": 0.76504755685337533, "min_predicted_score": 0.29775664656827461, "high_risk_event_count": 3, "medium_risk_event_count": 17, "low_risk_event_count": 10, "high_risk_event_ratio": 0.1, "mean_absolute_error": 0.0046482052221777778, "mean_rain_24h_mm": 10.506666666666668, "max_rain_24h_mm": 44.9, "mean_gpm_precipitation_sum": 0.0, "mean_built_surface_mean": 1744.4305555555554, "mean_population_sum": 0.0, "dominant_risk_class": "medium" }, "geometry": { "type": "Polygon", "coordinates": [ [ [ 31.394121275570754, 30.079942954681194 ], [ 31.390935263282209, 30.079942954681194 ], [ 31.394121275570754, 30.080153360695039 ], [ 31.394121275570754, 30.079942954681194 ] ] ] } },
{ "type": "Feature", "properties": { "zone_code": "NSR-GRID-023", "event_count": 30, "mean_predicted_score": 0.28873422940299454, "max_predicted_score": 0.62767634681411522, "min_predicted_score": 0.16949900786669639, "high_risk_event_count": 0, "medium_risk_event_count": 7, "low_risk_event_count": 23, "high_risk_event_ratio": 0.0, "mean_absolute_error": 0.0053149639538746562, "mean_rain_24h_mm": 10.506666666666668, "max_rain_24h_mm": 44.9, "mean_gpm_precipitation_sum": 0.0, "mean_built_surface_mean": 0.0, "mean_population_sum": 0.0, "dominant_risk_class": "low" }, "geometry": { "type": "Polygon", "coordinates": [ [ [ 31.416579157673748, 30.079942954681194 ], [ 31.416579157673748, 30.080023009105005 ], [ 31.4166145, 30.0800164 ], [ 31.416923198824446, 30.079942954681194 ], [ 31.416579157673748, 30.079942954681194 ] ] ] } },
{ "type": "Feature", "properties": { "zone_code": "NSR-GRID-024", "event_count": 30, "mean_predicted_score": 0.58155424974161596, "max_predicted_score": 0.92070060717331315, "min_predicted_score": 0.46071777032517658, "high_risk_event_count": 7, "medium_risk_event_count": 23, "low_risk_event_count": 0, "high_risk_event_ratio": 0.23333333333333334, "mean_absolute_error": 0.0044368572807091285, "mean_rain_24h_mm": 10.506666666666668, "max_rain_24h_mm": 44.9, "mean_gpm_precipitation_sum": 0.0, "mean_built_surface_mean": 3902.4886644682597, "mean_population_sum": 0.0, "dominant_risk_class": "medium" }, "geometry": { "type": "Polygon", "coordinates": [ [ [ 31.317764476420596, 30.07605619630511 ], [ 31.317764476420596, 30.079942954681194 ], [ 31.322256052841194, 30.079942954681194 ], [ 31.322256052841194, 30.07605619630511 ], [ 31.317764476420596, 30.07605619630511 ] ] ] } },
{ "type": "Feature", "properties": { "zone_code": "NSR-GRID-025", "event_count": 30, "mean_predicted_score": 0.57814498111941359, "max_predicted_score": 0.91825060225145405, "min_predicted_score": 0.45675421085461099, "high_risk_event_count": 7, "medium_risk_event_count": 23, "low_risk_event_count": 0, "high_risk_event_ratio": 0.23333333333333334, "mean_absolute_error": 0.0044821200374181424, "mean_rain_24h_mm": 10.506666666666668, "max_rain_24h_mm": 44.9, "mean_gpm_precipitation_sum": 0.0, "mean_built_surface_mean": 3728.2024324881468, "mean_population_sum": 0.0, "dominant_risk_class": "medium" }, "geometry": { "type": "Polygon", "coordinates": [ [ [ 31.322256052841194, 30.07605619630511 ], [ 31.322256052841194, 30.079942954681194 ], [ 31.326747629261792, 30.079942954681194 ], [ 31.326747629261792, 30.07605619630511 ], [ 31.322256052841194, 30.07605619630511 ] ] ] } },
{ "type": "Feature", "properties": { "zone_code": "NSR-GRID-026", "event_count": 30, "mean_predicted_score": 0.49730172447239673, "max_predicted_score": 0.83337218735871976, "min_predicted_score": 0.37854670058565992, "high_risk_event_count": 5, "medium_risk_event_count": 25, "low_risk_event_count": 0, "high_risk_event_ratio": 0.16666666666666666, "mean_absolute_error": 0.0061595218632854885, "mean_rain_24h_mm": 10.506666666666668, "max_rain_24h_mm": 44.9, "mean_gpm_precipitation_sum": 0.0, "mean_built_surface_mean": 2655.4241237113411, "mean_population_sum": 0.0, "dominant_risk_class": "medium" }, "geometry": { "type": "Polygon", "coordinates": [ [ [ 31.326747629261792, 30.07605619630511 ], [ 31.326747629261792, 30.079942954681194 ], [ 31.331239205682394, 30.079942954681194 ], [ 31.331239205682394, 30.07605619630511 ], [ 31.326747629261792, 30.07605619630511 ] ] ] } },
{ "type": "Feature", "properties": { "zone_code": "NSR-GRID-027", "event_count": 30, "mean_predicted_score": 0.59077903270918053, "max_predicted_score": 0.92857692661452162, "min_predicted_score": 0.47202845522744707, "high_risk_event_count": 7, "medium_risk_event_count": 23, "low_risk_event_count": 0, "high_risk_event_ratio": 0.23333333333333334, "mean_absolute_error": 0.0058952030982676708, "mean_rain_24h_mm": 10.506666666666668, "max_rain_24h_mm": 44.9, "mean_gpm_precipitation_sum": 0.0, "mean_built_surface_mean": 4037.2133580704999, "mean_population_sum": 0.0, "dominant_risk_class": "medium" }, "geometry": { "type": "Polygon", "coordinates": [ [ [ 31.331239205682394, 30.07605619630511 ], [ 31.331239205682394, 30.079942954681194 ], [ 31.335730782102992, 30.079942954681194 ], [ 31.335730782102992, 30.07605619630511 ], [ 31.331239205682394, 30.07605619630511 ] ] ] } },
{ "type": "Feature", "properties": { "zone_code": "NSR-GRID-028", "event_count": 30, "mean_predicted_score": 0.53314258136814019, "max_predicted_score": 0.87240986872859216, "min_predicted_score": 0.41178417541155288, "high_risk_event_count": 5, "medium_risk_event_count": 25, "low_risk_event_count": 0, "high_risk_event_ratio": 0.16666666666666666, "mean_absolute_error": 0.0044617132965454496, "mean_rain_24h_mm": 10.506666666666668, "max_rain_24h_mm": 44.9, "mean_gpm_precipitation_sum": 0.0, "mean_built_surface_mean": 4162.1115924092419, "mean_population_sum": 0.0, "dominant_risk_class": "medium" }, "geometry": { "type": "Polygon", "coordinates": [ [ [ 31.335730782102992, 30.07605619630511 ], [ 31.335730782102992, 30.079942954681194 ], [ 31.340222358523583, 30.079942954681194 ], [ 31.340222358523583, 30.07605619630511 ], [ 31.335730782102992, 30.07605619630511 ] ] ] } },
{ "type": "Feature", "properties": { "zone_code": "NSR-GRID-029", "event_count": 30, "mean_predicted_score": 0.52702509216476168, "max_predicted_score": 0.86799706273347943, "min_predicted_score": 0.4050583953593912, "high_risk_event_count": 5, "medium_risk_event_count": 25, "low_risk_event_count": 0, "high_risk_event_ratio": 0.16666666666666666, "mean_absolute_error": 0.00411118403825901, "mean_rain_24h_mm": 10.506666666666668, "max_rain_24h_mm": 44.9, "mean_gpm_precipitation_sum": 0.0, "mean_built_surface_mean": 3624.8972984120442, "mean_population_sum": 0.0, "dominant_risk_class": "medium" }, "geometry": { "type": "Polygon", "coordinates": [ [ [ 31.340222358523583, 30.07605619630511 ], [ 31.340222358523583, 30.079942954681194 ], [ 31.344713934944181, 30.079942954681194 ], [ 31.344713934944181, 30.07605619630511 ], [ 31.340222358523583, 30.07605619630511 ] ] ] } },
{ "type": "Feature", "properties": { "zone_code": "NSR-GRID-030", "event_count": 30, "mean_predicted_score": 0.53276812798884365, "max_predicted_score": 0.87308255742294461, "min_predicted_score": 0.41100860756018148, "high_risk_event_count": 5, "medium_risk_event_count": 25, "low_risk_event_count": 0, "high_risk_event_ratio": 0.16666666666666666, "mean_absolute_error": 0.0039402788488420489, "mean_rain_24h_mm": 10.506666666666668, "max_rain_24h_mm": 44.9, "mean_gpm_precipitation_sum": 0.0, "mean_built_surface_mean": 3616.7958762886597, "mean_population_sum": 0.0, "dominant_risk_class": "medium" }, "geometry": { "type": "Polygon", "coordinates": [ [ [ 31.344713934944181, 30.07605619630511 ], [ 31.344713934944181, 30.079942954681194 ], [ 31.349205511364779, 30.079942954681194 ], [ 31.349205511364779, 30.07605619630511 ], [ 31.344713934944181, 30.07605619630511 ] ] ] } },
{ "type": "Feature", "properties": { "zone_code": "NSR-GRID-031", "event_count": 30, "mean_predicted_score": 0.43713838793028931, "max_predicted_score": 0.77458685732285781, "min_predicted_score": 0.31509912520966621, "high_risk_event_count": 4, "medium_risk_event_count": 16, "low_risk_event_count": 10, "high_risk_event_ratio": 0.13333333333333333, "mean_absolute_error": 0.0046427952097101146, "mean_rain_24h_mm": 10.506666666666668, "max_rain_24h_mm": 44.9, "mean_gpm_precipitation_sum": 0.0, "mean_built_surface_mean": 2433.1504844361984, "mean_population_sum": 0.0, "dominant_risk_class": "medium" }, "geometry": { "type": "Polygon", "coordinates": [ [ [ 31.349205511364779, 30.07605619630511 ], [ 31.349205511364779, 30.079942954681194 ], [ 31.353697087785381, 30.079942954681194 ], [ 31.353697087785381, 30.07605619630511 ], [ 31.349205511364779, 30.07605619630511 ] ] ] } },
{ "type": "Feature", "properties": { "zone_code": "NSR-GRID-032", "event_count": 30, "mean_predicted_score": 0.5655545836264888, "max_predicted_score": 0.90565210547689923, "min_predicted_score": 0.44518865450583578, "high_risk_event_count": 6, "medium_risk_event_count": 24, "low_risk_event_count": 0, "high_risk_event_ratio": 0.2, "mean_absolute_error": 0.0045565729326677729, "mean_rain_24h_mm": 10.506666666666668, "max_rain_24h_mm": 44.9, "mean_gpm_precipitation_sum": 0.0, "mean_built_surface_mean": 3559.849484536081, "mean_population_sum": 0.0, "dominant_risk_class": "medium" }, "geometry": { "type": "Polygon", "coordinates": [ [ [ 31.353697087785381, 30.07605619630511 ], [ 31.353697087785381, 30.079942954681194 ], [ 31.358188664205979, 30.079942954681194 ], [ 31.358188664205979, 30.07605619630511 ], [ 31.353697087785381, 30.07605619630511 ] ] ] } },
{ "type": "Feature", "properties": { "zone_code": "NSR-GRID-033", "event_count": 30, "mean_predicted_score": 0.33190121612827678, "max_predicted_score": 0.6657817468700451, "min_predicted_score": 0.21562948621731459, "high_risk_event_count": 2, "medium_risk_event_count": 10, "low_risk_event_count": 18, "high_risk_event_ratio": 0.066666666666666666, "mean_absolute_error": 0.0081612235497260793, "mean_rain_24h_mm": 10.506666666666668, "max_rain_24h_mm": 44.9, "mean_gpm_precipitation_sum": 0.0, "mean_built_surface_mean": 749.67635539064111, "mean_population_sum": 0.0, "dominant_risk_class": "medium" }, "geometry": { "type": "Polygon", "coordinates": [ [ [ 31.394121275570754, 30.07605619630511 ], [ 31.394121275570754, 30.079942954681194 ], [ 31.398612851991352, 30.079942954681194 ], [ 31.398612851991352, 30.07605619630511 ], [ 31.394121275570754, 30.07605619630511 ] ] ] } },
{ "type": "Feature", "properties": { "zone_code": "NSR-GRID-034", "event_count": 30, "mean_predicted_score": 0.40694270115318493, "max_predicted_score": 0.74531478484304814, "min_predicted_score": 0.28584096238130852, "high_risk_event_count": 3, "medium_risk_event_count": 17, "low_risk_event_count": 10, "high_risk_event_ratio": 0.1, "mean_absolute_error": 0.00435610827222652, "mean_rain_24h_mm": 10.506666666666668, "max_rain_24h_mm": 44.9, "mean_gpm_precipitation_sum": 0.0, "mean_built_surface_mean": 1759.1361386138612, "mean_population_sum": 0.0, "dominant_risk_class": "medium" }, "geometry": { "type": "Polygon", "coordinates": [ [ [ 31.398612851991352, 30.07605619630511 ], [ 31.398612851991352, 30.079942954681194 ], [ 31.403104428411954, 30.079942954681194 ], [ 31.403104428411954, 30.07605619630511 ], [ 31.398612851991352, 30.07605619630511 ] ] ] } },
{ "type": "Feature", "properties": { "zone_code": "NSR-GRID-035", "event_count": 30, "mean_predicted_score": 0.35847584705465657, "max_predicted_score": 0.70301786548275902, "min_predicted_score": 0.23674837558036341, "high_risk_event_count": 2, "medium_risk_event_count": 12, "low_risk_event_count": 16, "high_risk_event_ratio": 0.066666666666666666, "mean_absolute_error": 0.0047143474257495032, "mean_rain_24h_mm": 10.506666666666668, "max_rain_24h_mm": 44.9, "mean_gpm_precipitation_sum": 0.0, "mean_built_surface_mean": 1071.2575257731955, "mean_population_sum": 0.0, "dominant_risk_class": "medium" }, "geometry": { "type": "Polygon", "coordinates": [ [ [ 31.403104428411954, 30.07605619630511 ], [ 31.403104428411954, 30.079942954681194 ], [ 31.407596004832552, 30.079942954681194 ], [ 31.407596004832552, 30.07605619630511 ], [ 31.403104428411954, 30.07605619630511 ] ] ] } },
{ "type": "Feature", "properties": { "zone_code": "NSR-GRID-036", "event_count": 30, "mean_predicted_score": 0.32228283989606754, "max_predicted_score": 0.66073377009637946, "min_predicted_score": 0.2030408928096667, "high_risk_event_count": 1, "medium_risk_event_count": 7, "low_risk_event_count": 22, "high_risk_event_ratio": 0.033333333333333333, "mean_absolute_error": 0.0058870587636429489, "mean_rain_24h_mm": 10.506666666666668, "max_rain_24h_mm": 44.9, "mean_gpm_precipitation_sum": 0.0, "mean_built_surface_mean": 807.9177489177489, "mean_population_sum": 0.0, "dominant_risk_class": "low" }, "geometry": { "type": "Polygon", "coordinates": [ [ [ 31.407596004832552, 30.07605619630511 ], [ 31.407596004832552, 30.079942954681194 ], [ 31.41208758125315, 30.079942954681194 ], [ 31.41208758125315, 30.07605619630511 ], [ 31.407596004832552, 30.07605619630511 ] ] ] } },
{ "type": "Feature", "properties": { "zone_code": "NSR-GRID-037", "event_count": 30, "mean_predicted_score": 0.39023476974308857, "max_predicted_score": 0.72942362214255174, "min_predicted_score": 0.26982421574899268, "high_risk_event_count": 3, "medium_risk_event_count": 15, "low_risk_event_count": 12, "high_risk_event_ratio": 0.1, "mean_absolute_error": 0.0042530983933589698, "mean_rain_24h_mm": 10.506666666666668, "max_rain_24h_mm": 44.9, "mean_gpm_precipitation_sum": 0.0, "mean_built_surface_mean": 1711.2685089709216, "mean_population_sum": 0.0, "dominant_risk_class": "medium" }, "geometry": { "type": "Polygon", "coordinates": [ [ [ 31.41208758125315, 30.07605619630511 ], [ 31.41208758125315, 30.079942954681194 ], [ 31.416579157673748, 30.079942954681194 ], [ 31.416579157673748, 30.07605619630511 ], [ 31.41208758125315, 30.07605619630511 ] ] ] } },
{ "type": "Feature", "properties": { "zone_code": "NSR-GRID-038", "event_count": 30, "mean_predicted_score": 0.45202791771628437, "max_predicted_score": 0.79098180658779671, "min_predicted_score": 0.33082005682644999, "high_risk_event_count": 4, "medium_risk_event_count": 26, "low_risk_event_count": 0, "high_risk_event_ratio": 0.13333333333333333, "mean_absolute_error": 0.0044862753479080388, "mean_rain_24h_mm": 10.506666666666668, "max_rain_24h_mm": 44.9, "mean_gpm_precipitation_sum": 0.0, "mean_built_surface_mean": 2221.0153367875632, "mean_population_sum": 0.0, "dominant_risk_class": "medium" }, "geometry": { "type": "Polygon", "coordinates": [ [ [ 31.394121275570754, 30.079942954681194 ], [ 31.394121275570754, 30.07605619630511 ], [ 31.389629699150163, 30.07605619630511 ], [ 31.389629699150163, 30.079856958668557 ], [ 31.3897912, 30.0798674 ], [ 31.390935263282209, 30.079942954681194 ], [ 31.394121275570754, 30.079942954681194 ] ] ] } },
{ "type": "Feature", "properties": { "zone_code": "NSR-GRID-039", "event_count": 30, "mean_predicted_score": 0.52749104013303105, "max_predicted_score": 0.86337926136588716, "min_predicted_score": 0.40782948523829798, "high_risk_event_count": 5, "medium_risk_event_count": 25, "low_risk_event_count": 0, "high_risk_event_ratio": 0.16666666666666666, "mean_absolute_error": 0.0060884883577509898, "mean_rain_24h_mm": 10.506666666666668, "max_rain_24h_mm": 44.9, "mean_gpm_precipitation_sum": 0.0, "mean_built_surface_mean": 3059.1661415668973, "mean_population_sum": 0.0, "dominant_risk_class": "medium" }, "geometry": { "type": "Polygon", "coordinates": [ [ [ 31.362680240626577, 30.07605619630511 ], [ 31.358188664205979, 30.07605619630511 ], [ 31.358188664205979, 30.079942954681194 ], [ 31.360666932153229, 30.079942954681194 ], [ 31.362680240626577, 30.079663308552469 ], [ 31.362680240626577, 30.07605619630511 ] ] ] } },
{ "type": "Feature", "properties": { "zone_code": "NSR-GRID-040", "event_count": 30, "mean_predicted_score": 0.44490500640466241, "max_predicted_score": 0.78326480169203805, "min_predicted_score": 0.32439297655305421, "high_risk_event_count": 4, "medium_risk_event_count": 16, "low_risk_event_count": 10, "high_risk_event_ratio": 0.13333333333333333, "mean_absolute_error": 0.0045885878009654059, "mean_rain_24h_mm": 10.506666666666668, "max_rain_24h_mm": 44.9, "mean_gpm_precipitation_sum": 0.0, "mean_built_surface_mean": 2222.9046045384448, "mean_population_sum": 0.0, "dominant_risk_class": "medium" }, "geometry": { "type": "Polygon", "coordinates": [ [ [ 31.389629699150163, 30.07605619630511 ], [ 31.385138122729565, 30.07605619630511 ], [ 31.385138122729565, 30.079566569426436 ], [ 31.389629699150163, 30.079856958668557 ], [ 31.389629699150163, 30.07605619630511 ] ] ] } },
{ "type": "Feature", "properties": { "zone_code": "NSR-GRID-041", "event_count": 30, "mean_predicted_score": 0.57206816985470299, "max_predicted_score": 0.90885305948834838, "min_predicted_score": 0.45131009947188599, "high_risk_event_count": 6, "medium_risk_event_count": 24, "low_risk_event_count": 0, "high_risk_event_ratio": 0.2, "mean_absolute_error": 0.0050401693284252147, "mean_rain_24h_mm": 10.506666666666668, "max_rain_24h_mm": 44.9, "mean_gpm_precipitation_sum": 0.0, "mean_built_surface_mean": 3928.7239196256537, "mean_population_sum": 0.0, "dominant_risk_class": "medium" }, "geometry": { "type": "Polygon", "coordinates": [ [ [ 31.317764476420596, 30.079942954681194 ], [ 31.317764476420596, 30.07605619630511 ], [ 31.314558855243369, 30.07605619630511 ], [ 31.3132729, 30.0777836 ], [ 31.3136103, 30.07801520000001 ], [ 31.3158698, 30.079669 ], [ 31.316206630377078, 30.079942954681194 ], [ 31.317764476420596, 30.079942954681194 ] ] ] } },
{ "type": "Feature", "properties": { "zone_code": "NSR-GRID-042", "event_count": 30, "mean_predicted_score": 0.34629478565827843, "max_predicted_score": 0.6872135841110526, "min_predicted_score": 0.2252429983018433, "high_risk_event_count": 2, "medium_risk_event_count": 12, "low_risk_event_count": 16, "high_risk_event_ratio": 0.066666666666666666, "mean_absolute_error": 0.0048902888709413863, "mean_rain_24h_mm": 10.506666666666668, "max_rain_24h_mm": 44.9, "mean_gpm_precipitation_sum": 0.0, "mean_built_surface_mean": 1362.4311840562725, "mean_population_sum": 0.0, "dominant_risk_class": "medium" }, "geometry": { "type": "Polygon", "coordinates": [ [ [ 31.421070734094339, 30.07605619630511 ], [ 31.416579157673748, 30.07605619630511 ], [ 31.416579157673748, 30.079942954681194 ], [ 31.416923198824446, 30.079942954681194 ], [ 31.4207474, 30.0790331 ], [ 31.421070734094339, 30.078964837935398 ], [ 31.421070734094339, 30.07605619630511 ] ] ] } },
{ "type": "Feature", "properties": { "zone_code": "NSR-GRID-043", "event_count": 30, "mean_predicted_score": 0.48129048162462734, "max_predicted_score": 0.81912616194940913, "min_predicted_score": 0.36066222937170189, "high_risk_event_count": 4, "medium_risk_event_count": 26, "low_risk_event_count": 0, "high_risk_event_ratio": 0.13333333333333333, "mean_absolute_error": 0.0048620037148995121, "mean_rain_24h_mm": 10.506666666666668, "max_rain_24h_mm": 44.9, "mean_gpm_precipitation_sum": 0.0, "mean_built_surface_mean": 2488.7342353225417, "mean_population_sum": 0.0, "dominant_risk_class": "medium" }, "geometry": { "type": "Polygon", "coordinates": [ [ [ 31.367171817047169, 30.07605619630511 ], [ 31.362680240626577, 30.07605619630511 ], [ 31.362680240626577, 30.079663308552469 ], [ 31.3643333, 30.0794337 ], [ 31.367171817047169, 30.079145145707987 ], [ 31.367171817047169, 30.07605619630511 ] ] ] } },
{ "type": "Feature", "properties": { "zone_code": "NSR-GRID-044", "event_count": 30, "mean_predicted_score": 0.5802141492029802, "max_predicted_score": 0.91831071947503062, "min_predicted_score": 0.46082577211096359, "high_risk_event_count": 7, "medium_risk_event_count": 23, "low_risk_event_count": 0, "high_risk_event_ratio": 0.23333333333333334, "mean_absolute_error": 0.0052717382610612254, "mean_rain_24h_mm": 10.506666666666668, "max_rain_24h_mm": 44.9, "mean_gpm_precipitation_sum": 0.0, "mean_built_surface_mean": 4015.4992529880492, "mean_population_sum": 0.0, "dominant_risk_class": "medium" }, "geometry": { "type": "Polygon", "coordinates": [ [ [ 31.385138122729565, 30.07605619630511 ], [ 31.380646546308967, 30.07605619630511 ], [ 31.380646546308967, 30.078907291211365 ], [ 31.3839739, 30.0794913 ], [ 31.385138122729565, 30.079566569426436 ], [ 31.385138122729565, 30.07605619630511 ] ] ] } },
{ "type": "Feature", "properties": { "zone_code": "NSR-GRID-045", "event_count": 30, "mean_predicted_score": 0.31523646715779879, "max_predicted_score": 0.65868925392246325, "min_predicted_score": 0.19315688514264329, "high_risk_event_count": 0, "medium_risk_event_count": 7, "low_risk_event_count": 23, "high_risk_event_ratio": 0.0, "mean_absolute_error": 0.0057051940238921914, "mean_rain_24h_mm": 10.506666666666668, "max_rain_24h_mm": 44.9, "mean_gpm_precipitation_sum": 0.0, "mean_built_surface_mean": 879.02485994397728, "mean_population_sum": 0.0, "dominant_risk_class": "low" }, "geometry": { "type": "Polygon", "coordinates": [ [ [ 31.430053886935539, 30.07605619630511 ], [ 31.430053886935539, 30.078738471632981 ], [ 31.4345304, 30.0791284 ], [ 31.432863812871989, 30.07605619630511 ], [ 31.430053886935539, 30.07605619630511 ] ] ] } },
{ "type": "Feature", "properties": { "zone_code": "NSR-GRID-046", "event_count": 30, "mean_predicted_score": 0.48927727645843588, "max_predicted_score": 0.82759116198861704, "min_predicted_score": 0.3686377038540033, "high_risk_event_count": 5, "medium_risk_event_count": 25, "low_risk_event_count": 0, "high_risk_event_ratio": 0.16666666666666666, "mean_absolute_error": 0.0044406859838819366, "mean_rain_24h_mm": 10.506666666666668, "max_rain_24h_mm": 44.9, "mean_gpm_precipitation_sum": 0.0, "mean_built_surface_mean": 2642.0817645406014, "mean_population_sum": 0.0, "dominant_risk_class": "medium" }, "geometry": { "type": "Polygon", "coordinates": [ [ [ 31.371663393467767, 30.07605619630511 ], [ 31.367171817047169, 30.07605619630511 ], [ 31.367171817047169, 30.079145145707987 ], [ 31.3713825, 30.0787171 ], [ 31.371663393467767, 30.078690979793414 ], [ 31.371663393467767, 30.07605619630511 ] ] ] } },
{ "type": "Feature", "properties": { "zone_code": "NSR-GRID-047", "event_count": 30, "mean_predicted_score": 0.28367669027052933, "max_predicted_score": 0.62530655126342694, "min_predicted_score": 0.1635198258105848, "high_risk_event_count": 0, "medium_risk_event_count": 7, "low_risk_event_count": 23, "high_risk_event_ratio": 0.0, "mean_absolute_error": 0.0044575780500682831, "mean_rain_24h_mm": 10.506666666666668, "max_rain_24h_mm": 44.9, "mean_gpm_precipitation_sum": 0.0, "mean_built_surface_mean": 73.908602150537646, "mean_population_sum": 0.0, "dominant_risk_class": "low" }, "geometry": { "type": "Polygon", "coordinates": [ [ [ 31.425562310514941, 30.07605619630511 ], [ 31.421070734094339, 30.07605619630511 ], [ 31.421070734094339, 30.078964837935398 ], [ 31.4231863, 30.0785182 ], [ 31.425562310514941, 30.078405671858871 ], [ 31.425562310514941, 30.07605619630511 ] ] ] } },
{ "type": "Feature", "properties": { "zone_code": "NSR-GRID-048", "event_count": 30, "mean_predicted_score": 0.4845966659646726, "max_predicted_score": 0.82392158900564272, "min_predicted_score": 0.36324261696804411, "high_risk_event_count": 5, "medium_risk_event_count": 25, "low_risk_event_count": 0, "high_risk_event_ratio": 0.16666666666666666, "mean_absolute_error": 0.0042237922097253279, "mean_rain_24h_mm": 10.506666666666668, "max_rain_24h_mm": 44.9, "mean_gpm_precipitation_sum": 0.0, "mean_built_surface_mean": 2736.8980707395513, "mean_population_sum": 0.0, "dominant_risk_class": "medium" }, "geometry": { "type": "Polygon", "coordinates": [ [ [ 31.380646546308967, 30.07605619630511 ], [ 31.376154969888365, 30.07605619630511 ], [ 31.376154969888365, 30.078273308396266 ], [ 31.3762669, 30.0782629 ], [ 31.3786582, 30.0785583 ], [ 31.380646546308967, 30.078907291211365 ], [ 31.380646546308967, 30.07605619630511 ] ] ] } },
{ "type": "Feature", "properties": { "zone_code": "NSR-GRID-049", "event_count": 30, "mean_predicted_score": 0.2828033987600243, "max_predicted_score": 0.62613173214379581, "min_predicted_score": 0.16176317817674329, "high_risk_event_count": 0, "medium_risk_event_count": 7, "low_risk_event_count": 23, "high_risk_event_ratio": 0.0, "mean_absolute_error": 0.0041882080237931867, "mean_rain_24h_mm": 10.506666666666668, "max_rain_24h_mm": 44.9, "mean_gpm_precipitation_sum": 0.0, "mean_built_surface_mean": 331.43273542600895, "mean_population_sum": 0.0, "dominant_risk_class": "low" }, "geometry": { "type": "Polygon", "coordinates": [ [ [ 31.430053886935539, 30.07605619630511 ], [ 31.425562310514941, 30.07605619630511 ], [ 31.425562310514941, 30.078405671858871 ], [ 31.4255955, 30.0784041 ], [ 31.428137, 30.0785715 ], [ 31.430053886935539, 30.078738471632981 ], [ 31.430053886935539, 30.07605619630511 ] ] ] } },
{ "type": "Feature", "properties": { "zone_code": "NSR-GRID-050", "event_count": 30, "mean_predicted_score": 0.51224032714254308, "max_predicted_score": 0.85024038361362553, "min_predicted_score": 0.3920000437238475, "high_risk_event_count": 5, "medium_risk_event_count": 25, "low_risk_event_count": 0, "high_risk_event_ratio": 0.16666666666666666, "mean_absolute_error": 0.0050292607920091499, "mean_rain_24h_mm": 10.506666666666668, "max_rain_24h_mm": 44.9, "mean_gpm_precipitation_sum": 0.0, "mean_built_surface_mean": 2900.3167107001332, "mean_population_sum": 0.0, "dominant_risk_class": "medium" }, "geometry": { "type": "Polygon", "coordinates": [ [ [ 31.376154969888365, 30.07605619630511 ], [ 31.371663393467767, 30.07605619630511 ], [ 31.371663393467767, 30.078690979793414 ], [ 31.376154969888365, 30.078273308396266 ], [ 31.376154969888365, 30.07605619630511 ] ] ] } },
{ "type": "Feature", "properties": { "zone_code": "NSR-GRID-051", "event_count": 30, "mean_predicted_score": 0.25494977803416996, "max_predicted_score": 0.5987310462670058, "min_predicted_score": 0.13315484165276731, "high_risk_event_count": 0, "medium_risk_event_count": 7, "low_risk_event_count": 23, "high_risk_event_ratio": 0.0, "mean_absolute_error": 0.00461426687530485, "mean_rain_24h_mm": 10.506666666666668, "max_rain_24h_mm": 44.9, "mean_gpm_precipitation_sum": 0.0, "mean_built_surface_mean": 181.66855295068703, "mean_population_sum": 0.0, "dominant_risk_class": "low" }, "geometry": { "type": "Polygon", "coordinates": [ [ [ 31.430053886935539, 30.07605619630511 ], [ 31.432863812871989, 30.07605619630511 ], [ 31.4326835, 30.0757238 ], [ 31.430053886935539, 30.07286926472964 ], [ 31.430053886935539, 30.07605619630511 ] ] ] } },
{ "type": "Feature", "properties": { "zone_code": "NSR-GRID-052", "event_count": 30, "mean_predicted_score": 0.54726300936477879, "max_predicted_score": 0.89047847408644898, "min_predicted_score": 0.42384666181379171, "high_risk_event_count": 5, "medium_risk_event_count": 25, "low_risk_event_count": 0, "high_risk_event_ratio": 0.16666666666666666, "mean_absolute_error": 0.0051565562665639528, "mean_rain_24h_mm": 10.506666666666668, "max_rain_24h_mm": 44.9, "mean_gpm_precipitation_sum": 0.0, "mean_built_surface_mean": 3771.184901531728, "mean_population_sum": 0.0, "dominant_risk_class": "medium" }, "geometry": { "type": "Polygon", "coordinates": [ [ [ 31.317764476420596, 30.07605619630511 ], [ 31.317764476420596, 30.072169285228959 ], [ 31.317448636849306, 30.072169285228959 ], [ 31.3161261, 30.0739509 ], [ 31.314558855243369, 30.07605619630511 ], [ 31.317764476420596, 30.07605619630511 ] ] ] } },
{ "type": "Feature", "properties": { "zone_code": "NSR-GRID-053", "event_count": 30, "mean_predicted_score": 0.24681689822043573, "max_predicted_score": 0.58970545505742578, "min_predicted_score": 0.1248736359677063, "high_risk_event_count": 0, "medium_risk_event_count": 7, "low_risk_event_count": 23, "high_risk_event_ratio": 0.0, "mean_absolute_error": 0.0046927270009229551, "mean_rain_24h_mm": 10.506666666666668, "max_rain_24h_mm": 44.9, "mean_gpm_precipitation_sum": 0.0, "mean_built_surface_mean": 37.338415288812527, "mean_population_sum": 0.0, "dominant_risk_class": "low" }, "geometry": { "type": "Polygon", "coordinates": [ [ [ 31.425562310514941, 30.072169285228959 ], [ 31.425562310514941, 30.07605619630511 ], [ 31.430053886935539, 30.07605619630511 ], [ 31.430053886935539, 30.07286926472964 ], [ 31.429409073680993, 30.072169285228959 ], [ 31.425562310514941, 30.072169285228959 ] ] ] } },
{ "type": "Feature", "properties": { "zone_code": "NSR-GRID-054", "event_count": 30, "mean_predicted_score": 0.58380903286827779, "max_predicted_score": 0.9249283683019156, "min_predicted_score": 0.46261001106838878, "high_risk_event_count": 7, "medium_risk_event_count": 23, "low_risk_event_count": 0, "high_risk_event_ratio": 0.23333333333333334, "mean_absolute_error": 0.0043476389501646302, "mean_rain_24h_mm": 10.506666666666668, "max_rain_24h_mm": 44.9, "mean_gpm_precipitation_sum": 0.0, "mean_built_surface_mean": 4043.4755244755238, "mean_population_sum": 0.0, "dominant_risk_class": "medium" }, "geometry": { "type": "Polygon", "coordinates": [ [ [ 31.317764476420596, 30.072169285228959 ], [ 31.317764476420596, 30.07605619630511 ], [ 31.322256052841194, 30.07605619630511 ], [ 31.322256052841194, 30.072169285228959 ], [ 31.317764476420596, 30.072169285228959 ] ] ] } },
{ "type": "Feature", "properties": { "zone_code": "NSR-GRID-055", "event_count": 30, "mean_predicted_score": 0.48565879729542388, "max_predicted_score": 0.82850141311715442, "min_predicted_score": 0.36275505053107282, "high_risk_event_count": 5, "medium_risk_event_count": 25, "low_risk_event_count": 0, "high_risk_event_ratio": 0.16666666666666666, "mean_absolute_error": 0.0040722483802725163, "mean_rain_24h_mm": 10.506666666666668, "max_rain_24h_mm": 44.9, "mean_gpm_precipitation_sum": 0.0, "mean_built_surface_mean": 3357.0481034117402, "mean_population_sum": 0.0, "dominant_risk_class": "medium" }, "geometry": { "type": "Polygon", "coordinates": [ [ [ 31.322256052841194, 30.072169285228959 ], [ 31.322256052841194, 30.07605619630511 ], [ 31.326747629261792, 30.07605619630511 ], [ 31.326747629261792, 30.072169285228959 ], [ 31.322256052841194, 30.072169285228959 ] ] ] } },
{ "type": "Feature", "properties": { "zone_code": "NSR-GRID-056", "event_count": 30, "mean_predicted_score": 0.50509717668412801, "max_predicted_score": 0.84028192127727552, "min_predicted_score": 0.38697316267619358, "high_risk_event_count": 5, "medium_risk_event_count": 25, "low_risk_event_count": 0, "high_risk_event_ratio": 0.16666666666666666, "mean_absolute_error": 0.0063052170224437275, "mean_rain_24h_mm": 10.506666666666668, "max_rain_24h_mm": 44.9, "mean_gpm_precipitation_sum": 0.0, "mean_built_surface_mean": 2892.4255138800604, "mean_population_sum": 0.0, "dominant_risk_class": "medium" }, "geometry": { "type": "Polygon", "coordinates": [ [ [ 31.326747629261792, 30.072169285228959 ], [ 31.326747629261792, 30.07605619630511 ], [ 31.331239205682394, 30.07605619630511 ], [ 31.331239205682394, 30.072169285228959 ], [ 31.326747629261792, 30.072169285228959 ] ] ] } },
{ "type": "Feature", "properties": { "zone_code": "NSR-GRID-057", "event_count": 30, "mean_predicted_score": 0.5606047503292223, "max_predicted_score": 0.89802732256803153, "min_predicted_score": 0.44076866415928639, "high_risk_event_count": 5, "medium_risk_event_count": 25, "low_risk_event_count": 0, "high_risk_event_ratio": 0.16666666666666666, "mean_absolute_error": 0.0049637209549253632, "mean_rain_24h_mm": 10.506666666666668, "max_rain_24h_mm": 44.9, "mean_gpm_precipitation_sum": 0.0, "mean_built_surface_mean": 3468.3969061241787, "mean_population_sum": 0.0, "dominant_risk_class": "medium" }, "geometry": { "type": "Polygon", "coordinates": [ [ [ 31.331239205682394, 30.072169285228959 ], [ 31.331239205682394, 30.07605619630511 ], [ 31.335730782102992, 30.07605619630511 ], [ 31.335730782102992, 30.072169285228959 ], [ 31.331239205682394, 30.072169285228959 ] ] ] } },
{ "type": "Feature", "properties": { "zone_code": "NSR-GRID-058", "event_count": 30, "mean_predicted_score": 0.53882822685984733, "max_predicted_score": 0.88003549616037768, "min_predicted_score": 0.41648870548377631, "high_risk_event_count": 5, "medium_risk_event_count": 25, "low_risk_event_count": 0, "high_risk_event_ratio": 0.16666666666666666, "mean_absolute_error": 0.0042718076503417916, "mean_rain_24h_mm": 10.506666666666668, "max_rain_24h_mm": 44.9, "mean_gpm_precipitation_sum": 0.0, "mean_built_surface_mean": 3672.8911016949151, "mean_population_sum": 0.0, "dominant_risk_class": "medium" }, "geometry": { "type": "Polygon", "coordinates": [ [ [ 31.335730782102992, 30.072169285228959 ], [ 31.335730782102992, 30.07605619630511 ], [ 31.340222358523583, 30.07605619630511 ], [ 31.340222358523583, 30.072169285228959 ], [ 31.335730782102992, 30.072169285228959 ] ] ] } },
{ "type": "Feature", "properties": { "zone_code": "NSR-GRID-059", "event_count": 30, "mean_predicted_score": 0.48093122767793606, "max_predicted_score": 0.82412496309949645, "min_predicted_score": 0.35899896247786311, "high_risk_event_count": 5, "medium_risk_event_count": 25, "low_risk_event_count": 0, "high_risk_event_ratio": 0.16666666666666666, "mean_absolute_error": 0.0038339145732349789, "mean_rain_24h_mm": 10.506666666666668, "max_rain_24h_mm": 44.9, "mean_gpm_precipitation_sum": 0.0, "mean_built_surface_mean": 3353.8987288135581, "mean_population_sum": 0.0, "dominant_risk_class": "medium" }, "geometry": { "type": "Polygon", "coordinates": [ [ [ 31.340222358523583, 30.072169285228959 ], [ 31.340222358523583, 30.07605619630511 ], [ 31.344713934944181, 30.07605619630511 ], [ 31.344713934944181, 30.072169285228959 ], [ 31.340222358523583, 30.072169285228959 ] ] ] } },
{ "type": "Feature", "properties": { "zone_code": "NSR-GRID-060", "event_count": 30, "mean_predicted_score": 0.55239000294527985, "max_predicted_score": 0.89235680348605662, "min_predicted_score": 0.43138396497407278, "high_risk_event_count": 5, "medium_risk_event_count": 25, "low_risk_event_count": 0, "high_risk_event_ratio": 0.16666666666666666, "mean_absolute_error": 0.0044109004165532968, "mean_rain_24h_mm": 10.506666666666668, "max_rain_24h_mm": 44.9, "mean_gpm_precipitation_sum": 0.0, "mean_built_surface_mean": 4080.9538135593216, "mean_population_sum": 0.0, "dominant_risk_class": "medium" }, "geometry": { "type": "Polygon", "coordinates": [ [ [ 31.344713934944181, 30.072169285228959 ], [ 31.344713934944181, 30.07605619630511 ], [ 31.349205511364779, 30.07605619630511 ], [ 31.349205511364779, 30.072169285228959 ], [ 31.344713934944181, 30.072169285228959 ] ] ] } },
{ "type": "Feature", "properties": { "zone_code": "NSR-GRID-061", "event_count": 30, "mean_predicted_score": 0.34143737420094294, "max_predicted_score": 0.67945953550352745, "min_predicted_score": 0.2224685833794367, "high_risk_event_count": 2, "medium_risk_event_count": 10, "low_risk_event_count": 18, "high_risk_event_ratio": 0.066666666666666666, "mean_absolute_error": 0.0054804151525687569, "mean_rain_24h_mm": 10.506666666666668, "max_rain_24h_mm": 44.9, "mean_gpm_precipitation_sum": 0.0, "mean_built_surface_mean": 1067.0324221233309, "mean_population_sum": 0.0, "dominant_risk_class": "medium" }, "geometry": { "type": "Polygon", "coordinates": [ [ [ 31.349205511364779, 30.072169285228959 ], [ 31.349205511364779, 30.07605619630511 ], [ 31.353697087785381, 30.07605619630511 ], [ 31.353697087785381, 30.072169285228959 ], [ 31.349205511364779, 30.072169285228959 ] ] ] } },
{ "type": "Feature", "properties": { "zone_code": "NSR-GRID-062", "event_count": 30, "mean_predicted_score": 0.43069413481320196, "max_predicted_score": 0.77040726062651943, "min_predicted_score": 0.30930402945526458, "high_risk_event_count": 3, "medium_risk_event_count": 17, "low_risk_event_count": 10, "high_risk_event_ratio": 0.1, "mean_absolute_error": 0.0039212839494702839, "mean_rain_24h_mm": 10.506666666666668, "max_rain_24h_mm": 44.9, "mean_gpm_precipitation_sum": 0.0, "mean_built_surface_mean": 2090.2027972027959, "mean_population_sum": 0.0, "dominant_risk_class": "medium" }, "geometry": { "type": "Polygon", "coordinates": [ [ [ 31.353697087785381, 30.072169285228959 ], [ 31.353697087785381, 30.07605619630511 ], [ 31.358188664205979, 30.07605619630511 ], [ 31.358188664205979, 30.072169285228959 ], [ 31.353697087785381, 30.072169285228959 ] ] ] } },
{ "type": "Feature", "properties": { "zone_code": "NSR-GRID-063", "event_count": 30, "mean_predicted_score": 0.42714771465198254, "max_predicted_score": 0.76795800867672326, "min_predicted_score": 0.3051774529606639, "high_risk_event_count": 3, "medium_risk_event_count": 17, "low_risk_event_count": 10, "high_risk_event_ratio": 0.1, "mean_absolute_error": 0.0039944395305273961, "mean_rain_24h_mm": 10.506666666666668, "max_rain_24h_mm": 44.9, "mean_gpm_precipitation_sum": 0.0, "mean_built_surface_mean": 1729.9730875185419, "mean_population_sum": 0.0, "dominant_risk_class": "medium" }, "geometry": { "type": "Polygon", "coordinates": [ [ [ 31.358188664205979, 30.072169285228959 ], [ 31.358188664205979, 30.07605619630511 ], [ 31.362680240626577, 30.07605619630511 ], [ 31.362680240626577, 30.072169285228959 ], [ 31.358188664205979, 30.072169285228959 ] ] ] } },
{ "type": "Feature", "properties": { "zone_code": "NSR-GRID-064", "event_count": 30, "mean_predicted_score": 0.42145933267955105, "max_predicted_score": 0.76347716368533136, "min_predicted_score": 0.29884163319744872, "high_risk_event_count": 3, "medium_risk_event_count": 17, "low_risk_event_count": 10, "high_risk_event_ratio": 0.1, "mean_absolute_error": 0.0041194140324746081, "mean_rain_24h_mm": 10.506666666666668, "max_rain_24h_mm": 44.9, "mean_gpm_precipitation_sum": 0.0, "mean_built_surface_mean": 2138.1048728813557, "mean_population_sum": 0.0, "dominant_risk_class": "medium" }, "geometry": { "type": "Polygon", "coordinates": [ [ [ 31.362680240626577, 30.072169285228959 ], [ 31.362680240626577, 30.07605619630511 ], [ 31.367171817047169, 30.07605619630511 ], [ 31.367171817047169, 30.072169285228959 ], [ 31.362680240626577, 30.072169285228959 ] ] ] } },
{ "type": "Feature", "properties": { "zone_code": "NSR-GRID-065", "event_count": 30, "mean_predicted_score": 0.54730300193298076, "max_predicted_score": 0.88593462414632562, "min_predicted_score": 0.42723197910851929, "high_risk_event_count": 5, "medium_risk_event_count": 25, "low_risk_event_count": 0, "high_risk_event_ratio": 0.16666666666666666, "mean_absolute_error": 0.0049145815578737467, "mean_rain_24h_mm": 10.506666666666668, "max_rain_24h_mm": 44.9, "mean_gpm_precipitation_sum": 0.0, "mean_built_surface_mean": 3902.3499364137347, "mean_population_sum": 0.0, "dominant_risk_class": "medium" }, "geometry": { "type": "Polygon", "coordinates": [ [ [ 31.367171817047169, 30.072169285228959 ], [ 31.367171817047169, 30.07605619630511 ], [ 31.371663393467767, 30.07605619630511 ], [ 31.371663393467767, 30.072169285228959 ], [ 31.367171817047169, 30.072169285228959 ] ] ] } },
{ "type": "Feature", "properties": { "zone_code": "NSR-GRID-066", "event_count": 30, "mean_predicted_score": 0.32706744124697168, "max_predicted_score": 0.66612338274975291, "min_predicted_score": 0.20666152354804559, "high_risk_event_count": 1, "medium_risk_event_count": 8, "low_risk_event_count": 21, "high_risk_event_ratio": 0.033333333333333333, "mean_absolute_error": 0.0051277803890141622, "mean_rain_24h_mm": 10.506666666666668, "max_rain_24h_mm": 44.9, "mean_gpm_precipitation_sum": 0.0, "mean_built_surface_mean": 835.25572033898311, "mean_population_sum": 0.0, "dominant_risk_class": "low" }, "geometry": { "type": "Polygon", "coordinates": [ [ [ 31.371663393467767, 30.072169285228959 ], [ 31.371663393467767, 30.07605619630511 ], [ 31.376154969888365, 30.07605619630511 ], [ 31.376154969888365, 30.072169285228959 ], [ 31.371663393467767, 30.072169285228959 ] ] ] } },
{ "type": "Feature", "properties": { "zone_code": "NSR-GRID-067", "event_count": 30, "mean_predicted_score": 0.39069833090258377, "max_predicted_score": 0.7271154419010204, "min_predicted_score": 0.27354706377952659, "high_risk_event_count": 3, "medium_risk_event_count": 16, "low_risk_event_count": 11, "high_risk_event_ratio": 0.1, "mean_absolute_error": 0.0073717580296259501, "mean_rain_24h_mm": 10.506666666666668, "max_rain_24h_mm": 44.9, "mean_gpm_precipitation_sum": 0.0, "mean_built_surface_mean": 1198.8323797414705, "mean_population_sum": 0.0, "dominant_risk_class": "medium" }, "geometry": { "type": "Polygon", "coordinates": [ [ [ 31.376154969888365, 30.072169285228959 ], [ 31.376154969888365, 30.07605619630511 ], [ 31.380646546308967, 30.07605619630511 ], [ 31.380646546308967, 30.072169285228959 ], [ 31.376154969888365, 30.072169285228959 ] ] ] } },
{ "type": "Feature", "properties": { "zone_code": "NSR-GRID-068", "event_count": 30, "mean_predicted_score": 0.56152963652839649, "max_predicted_score": 0.90346068266916879, "min_predicted_score": 0.43970119274323582, "high_risk_event_count": 6, "medium_risk_event_count": 24, "low_risk_event_count": 0, "high_risk_event_ratio": 0.2, "mean_absolute_error": 0.003969072546913267, "mean_rain_24h_mm": 10.506666666666668, "max_rain_24h_mm": 44.9, "mean_gpm_precipitation_sum": 0.0, "mean_built_surface_mean": 3930.6150911403133, "mean_population_sum": 0.0, "dominant_risk_class": "medium" }, "geometry": { "type": "Polygon", "coordinates": [ [ [ 31.380646546308967, 30.072169285228959 ], [ 31.380646546308967, 30.07605619630511 ], [ 31.385138122729565, 30.07605619630511 ], [ 31.385138122729565, 30.072169285228959 ], [ 31.380646546308967, 30.072169285228959 ] ] ] } },
{ "type": "Feature", "properties": { "zone_code": "NSR-GRID-069", "event_count": 30, "mean_predicted_score": 0.45157595961948171, "max_predicted_score": 0.79115991773856309, "min_predicted_score": 0.33126222590109011, "high_risk_event_count": 4, "medium_risk_event_count": 26, "low_risk_event_count": 0, "high_risk_event_ratio": 0.13333333333333333, "mean_absolute_error": 0.0045663401805298267, "mean_rain_24h_mm": 10.506666666666668, "max_rain_24h_mm": 44.9, "mean_gpm_precipitation_sum": 0.0, "mean_built_surface_mean": 2436.1265366680796, "mean_population_sum": 0.0, "dominant_risk_class": "medium" }, "geometry": { "type": "Polygon", "coordinates": [ [ [ 31.385138122729565, 30.072169285228959 ], [ 31.385138122729565, 30.07605619630511 ], [ 31.389629699150163, 30.07605619630511 ], [ 31.389629699150163, 30.072169285228959 ], [ 31.385138122729565, 30.072169285228959 ] ] ] } },
{ "type": "Feature", "properties": { "zone_code": "NSR-GRID-070", "event_count": 30, "mean_predicted_score": 0.37795353316377223, "max_predicted_score": 0.71942167745887031, "min_predicted_score": 0.25485933207947631, "high_risk_event_count": 3, "medium_risk_event_count": 11, "low_risk_event_count": 16, "high_risk_event_ratio": 0.1, "mean_absolute_error": 0.004311008556030756, "mean_rain_24h_mm": 10.506666666666668, "max_rain_24h_mm": 44.9, "mean_gpm_precipitation_sum": 0.0, "mean_built_surface_mean": 2078.7591689633255, "mean_population_sum": 0.0, "dominant_risk_class": "medium" }, "geometry": { "type": "Polygon", "coordinates": [ [ [ 31.389629699150163, 30.072169285228959 ], [ 31.389629699150163, 30.07605619630511 ], [ 31.394121275570754, 30.07605619630511 ], [ 31.394121275570754, 30.072169285228959 ], [ 31.389629699150163, 30.072169285228959 ] ] ] } },
{ "type": "Feature", "properties": { "zone_code": "NSR-GRID-071", "event_count": 30, "mean_predicted_score": 0.37074605525922283, "max_predicted_score": 0.71084590157205152, "min_predicted_score": 0.25085035913195719, "high_risk_event_count": 2, "medium_risk_event_count": 12, "low_risk_event_count": 16, "high_risk_event_ratio": 0.066666666666666666, "mean_absolute_error": 0.0048230812338947698, "mean_rain_24h_mm": 10.506666666666668, "max_rain_24h_mm": 44.9, "mean_gpm_precipitation_sum": 0.0, "mean_built_surface_mean": 1380.7626112759638, "mean_population_sum": 0.0, "dominant_risk_class": "medium" }, "geometry": { "type": "Polygon", "coordinates": [ [ [ 31.394121275570754, 30.072169285228959 ], [ 31.394121275570754, 30.07605619630511 ], [ 31.398612851991352, 30.07605619630511 ], [ 31.398612851991352, 30.072169285228959 ], [ 31.394121275570754, 30.072169285228959 ] ] ] } },
{ "type": "Feature", "properties": { "zone_code": "NSR-GRID-072", "event_count": 30, "mean_predicted_score": 0.29345194687865728, "max_predicted_score": 0.63345960471271157, "min_predicted_score": 0.1741079472918505, "high_risk_event_count": 0, "medium_risk_event_count": 7, "low_risk_event_count": 23, "high_risk_event_ratio": 0.0, "mean_absolute_error": 0.0054822542901833251, "mean_rain_24h_mm": 10.506666666666668, "max_rain_24h_mm": 44.9, "mean_gpm_precipitation_sum": 0.0, "mean_built_surface_mean": 295.86670904852713, "mean_population_sum": 0.0, "dominant_risk_class": "low" }, "geometry": { "type": "Polygon", "coordinates": [ [ [ 31.398612851991352, 30.072169285228959 ], [ 31.398612851991352, 30.07605619630511 ], [ 31.403104428411954, 30.07605619630511 ], [ 31.403104428411954, 30.072169285228959 ], [ 31.398612851991352, 30.072169285228959 ] ] ] } },
{ "type": "Feature", "properties": { "zone_code": "NSR-GRID-073", "event_count": 30, "mean_predicted_score": 0.29024255891547524, "max_predicted_score": 0.63100170798826039, "min_predicted_score": 0.17069851841706371, "high_risk_event_count": 0, "medium_risk_event_count": 7, "low_risk_event_count": 23, "high_risk_event_ratio": 0.0, "mean_absolute_error": 0.005197619299024717, "mean_rain_24h_mm": 10.506666666666668, "max_rain_24h_mm": 44.9, "mean_gpm_precipitation_sum": 0.0, "mean_built_surface_mean": 266.23140495867767, "mean_population_sum": 0.0, "dominant_risk_class": "low" }, "geometry": { "type": "Polygon", "coordinates": [ [ [ 31.403104428411954, 30.072169285228959 ], [ 31.403104428411954, 30.07605619630511 ], [ 31.407596004832552, 30.07605619630511 ], [ 31.407596004832552, 30.072169285228959 ], [ 31.403104428411954, 30.072169285228959 ] ] ] } },
{ "type": "Feature", "properties": { "zone_code": "NSR-GRID-074", "event_count": 30, "mean_predicted_score": 0.27413404862075841, "max_predicted_score": 0.61552814215950535, "min_predicted_score": 0.15299296123245851, "high_risk_event_count": 0, "medium_risk_event_count": 7, "low_risk_event_count": 23, "high_risk_event_ratio": 0.0, "mean_absolute_error": 0.0044846900241542432, "mean_rain_24h_mm": 10.506666666666668, "max_rain_24h_mm": 44.9, "mean_gpm_precipitation_sum": 0.0, "mean_built_surface_mean": 86.896822033898331, "mean_population_sum": 0.0, "dominant_risk_class": "low" }, "geometry": { "type": "Polygon", "coordinates": [ [ [ 31.407596004832552, 30.072169285228959 ], [ 31.407596004832552, 30.07605619630511 ], [ 31.41208758125315, 30.07605619630511 ], [ 31.41208758125315, 30.072169285228959 ], [ 31.407596004832552, 30.072169285228959 ] ] ] } },
{ "type": "Feature", "properties": { "zone_code": "NSR-GRID-075", "event_count": 30, "mean_predicted_score": 0.25389549500796993, "max_predicted_score": 0.59602148349507111, "min_predicted_score": 0.1327635305550155, "high_risk_event_count": 0, "medium_risk_event_count": 7, "low_risk_event_count": 23, "high_risk_event_ratio": 0.0, "mean_absolute_error": 0.0045478564854310238, "mean_rain_24h_mm": 10.506666666666668, "max_rain_24h_mm": 44.9, "mean_gpm_precipitation_sum": 0.0, "mean_built_surface_mean": 369.57775423728833, "mean_population_sum": 0.0, "dominant_risk_class": "low" }, "geometry": { "type": "Polygon", "coordinates": [ [ [ 31.41208758125315, 30.072169285228959 ], [ 31.41208758125315, 30.07605619630511 ], [ 31.416579157673748, 30.07605619630511 ], [ 31.416579157673748, 30.072169285228959 ], [ 31.41208758125315, 30.072169285228959 ] ] ] } },
{ "type": "Feature", "properties": { "zone_code": "NSR-GRID-076", "event_count": 30, "mean_predicted_score": 0.23683979826851917, "max_predicted_score": 0.58088649020519589, "min_predicted_score": 0.1139749315075549, "high_risk_event_count": 0, "medium_risk_event_count": 6, "low_risk_event_count": 24, "high_risk_event_ratio": 0.0, "mean_absolute_error": 0.0050355266167089663, "mean_rain_24h_mm": 10.506666666666668, "max_rain_24h_mm": 44.9, "mean_gpm_precipitation_sum": 0.0, "mean_built_surface_mean": 5.7850328598685588, "mean_population_sum": 0.0, "dominant_risk_class": "low" }, "geometry": { "type": "Polygon", "coordinates": [ [ [ 31.416579157673748, 30.072169285228959 ], [ 31.416579157673748, 30.07605619630511 ], [ 31.421070734094339, 30.07605619630511 ], [ 31.421070734094339, 30.072169285228959 ], [ 31.416579157673748, 30.072169285228959 ] ] ] } },
{ "type": "Feature", "properties": { "zone_code": "NSR-GRID-077", "event_count": 30, "mean_predicted_score": 0.25458822577055368, "max_predicted_score": 0.59851844318522074, "min_predicted_score": 0.1317047873703886, "high_risk_event_count": 0, "medium_risk_event_count": 7, "low_risk_event_count": 23, "high_risk_event_ratio": 0.0, "mean_absolute_error": 0.0052376040436308601, "mean_rain_24h_mm": 10.506666666666668, "max_rain_24h_mm": 44.9, "mean_gpm_precipitation_sum": 0.0, "mean_built_surface_mean": 5.6326271186440708, "mean_population_sum": 0.0, "dominant_risk_class": "low" }, "geometry": { "type": "Polygon", "coordinates": [ [ [ 31.421070734094339, 30.072169285228959 ], [ 31.421070734094339, 30.07605619630511 ], [ 31.425562310514941, 30.07605619630511 ], [ 31.425562310514941, 30.072169285228959 ], [ 31.421070734094339, 30.072169285228959 ] ] ] } },
{ "type": "Feature", "properties": { "zone_code": "NSR-GRID-078", "event_count": 30, "mean_predicted_score": 0.47585079397635571, "max_predicted_score": 0.81678363999233927, "min_predicted_score": 0.35319859228618261, "high_risk_event_count": 5, "medium_risk_event_count": 25, "low_risk_event_count": 0, "high_risk_event_ratio": 0.16666666666666666, "mean_absolute_error": 0.00437650201753718, "mean_rain_24h_mm": 10.506666666666668, "max_rain_24h_mm": 44.9, "mean_gpm_precipitation_sum": 0.0, "mean_built_surface_mean": 2758.0, "mean_population_sum": 0.0, "dominant_risk_class": "medium" }, "geometry": { "type": "Polygon", "coordinates": [ [ [ 31.317764476420596, 30.072169285228959 ], [ 31.317764476420596, 30.07173287677406 ], [ 31.3175864, 30.0719837 ], [ 31.317448636849306, 30.072169285228959 ], [ 31.317764476420596, 30.072169285228959 ] ] ] } },
{ "type": "Feature", "properties": { "zone_code": "NSR-GRID-079", "event_count": 30, "mean_predicted_score": 0.27501501414724522, "max_predicted_score": 0.61674373992924358, "min_predicted_score": 0.15480088739858841, "high_risk_event_count": 0, "medium_risk_event_count": 7, "low_risk_event_count": 23, "high_risk_event_ratio": 0.0, "mean_absolute_error": 0.0048072992475829378, "mean_rain_24h_mm": 10.506666666666668, "max_rain_24h_mm": 44.9, "mean_gpm_precipitation_sum": 0.0, "mean_built_surface_mean": 95.959862946647107, "mean_population_sum": 0.0, "dominant_risk_class": "low" }, "geometry": { "type": "Polygon", "coordinates": [ [ [ 31.425562310514941, 30.072169285228959 ], [ 31.429409073680993, 30.072169285228959 ], [ 31.4275613, 30.0701634 ], [ 31.425562310514941, 30.068537432681627 ], [ 31.425562310514941, 30.072169285228959 ] ] ] } },
{ "type": "Feature", "properties": { "zone_code": "NSR-GRID-080", "event_count": 30, "mean_predicted_score": 0.5425354087876767, "max_predicted_score": 0.88379204186144822, "min_predicted_score": 0.4193475261313987, "high_risk_event_count": 5, "medium_risk_event_count": 25, "low_risk_event_count": 0, "high_risk_event_ratio": 0.16666666666666666, "mean_absolute_error": 0.0044347850640086128, "mean_rain_24h_mm": 10.506666666666668, "max_rain_24h_mm": 44.9, "mean_gpm_precipitation_sum": 0.0, "mean_built_surface_mean": 3586.229744426319, "mean_population_sum": 0.0, "dominant_risk_class": "medium" }, "geometry": { "type": "Polygon", "coordinates": [ [ [ 31.317764476420596, 30.072169285228959 ], [ 31.322256052841194, 30.072169285228959 ], [ 31.322256052841194, 30.068282221464631 ], [ 31.319734840459528, 30.068282221464631 ], [ 31.3192935, 30.0695138 ], [ 31.3188977, 30.0701367 ], [ 31.317764476420596, 30.07173287677406 ], [ 31.317764476420596, 30.072169285228959 ] ] ] } },
{ "type": "Feature", "properties": { "zone_code": "NSR-GRID-081", "event_count": 30, "mean_predicted_score": 0.26117665938174583, "max_predicted_score": 0.60324091466798779, "min_predicted_score": 0.13947404310770581, "high_risk_event_count": 0, "medium_risk_event_count": 7, "low_risk_event_count": 23, "high_risk_event_ratio": 0.0, "mean_absolute_error": 0.0047814725467117038, "mean_rain_24h_mm": 10.506666666666668, "max_rain_24h_mm": 44.9, "mean_gpm_precipitation_sum": 0.0, "mean_built_surface_mean": 7.5283259070655602, "mean_population_sum": 0.0, "dominant_risk_class": "low" }, "geometry": { "type": "Polygon", "coordinates": [ [ [ 31.421070734094339, 30.068282221464631 ], [ 31.421070734094339, 30.072169285228959 ], [ 31.425562310514941, 30.072169285228959 ], [ 31.425562310514941, 30.068537432681627 ], [ 31.425248552861458, 30.068282221464631 ], [ 31.421070734094339, 30.068282221464631 ] ] ] } },
{ "type": "Feature", "properties": { "zone_code": "NSR-GRID-082", "event_count": 30, "mean_predicted_score": 0.5559702821188981, "max_predicted_score": 0.89610058216566191, "min_predicted_score": 0.4346692867021606, "high_risk_event_count": 5, "medium_risk_event_count": 25, "low_risk_event_count": 0, "high_risk_event_ratio": 0.16666666666666666, "mean_absolute_error": 0.0041032421805454588, "mean_rain_24h_mm": 10.506666666666668, "max_rain_24h_mm": 44.9, "mean_gpm_precipitation_sum": 0.0, "mean_built_surface_mean": 3794.1447954208165, "mean_population_sum": 0.0, "dominant_risk_class": "medium" }, "geometry": { "type": "Polygon", "coordinates": [ [ [ 31.322256052841194, 30.068282221464631 ], [ 31.322256052841194, 30.072169285228959 ], [ 31.326747629261792, 30.072169285228959 ], [ 31.326747629261792, 30.068282221464631 ], [ 31.322256052841194, 30.068282221464631 ] ] ] } },
{ "type": "Feature", "properties": { "zone_code": "NSR-GRID-083", "event_count": 30, "mean_predicted_score": 0.5528278760057399, "max_predicted_score": 0.89317466591603856, "min_predicted_score": 0.4310789982369721, "high_risk_event_count": 5, "medium_risk_event_count": 25, "low_risk_event_count": 0, "high_risk_event_ratio": 0.16666666666666666, "mean_absolute_error": 0.0042360313922835419, "mean_rain_24h_mm": 10.506666666666668, "max_rain_24h_mm": 44.9, "mean_gpm_precipitation_sum": 0.0, "mean_built_surface_mean": 3622.013143947423, "mean_population_sum": 0.0, "dominant_risk_class": "medium" }, "geometry": { "type": "Polygon", "coordinates": [ [ [ 31.326747629261792, 30.068282221464631 ], [ 31.326747629261792, 30.072169285228959 ], [ 31.331239205682394, 30.072169285228959 ], [ 31.331239205682394, 30.068282221464631 ], [ 31.326747629261792, 30.068282221464631 ] ] ] } },
{ "type": "Feature", "properties": { "zone_code": "NSR-GRID-084", "event_count": 30, "mean_predicted_score": 0.53010447914222725, "max_predicted_score": 0.87047077541236373, "min_predicted_score": 0.40859734406241371, "high_risk_event_count": 5, "medium_risk_event_count": 25, "low_risk_event_count": 0, "high_risk_event_ratio": 0.16666666666666666, "mean_absolute_error": 0.0040295469509056287, "mean_rain_24h_mm": 10.506666666666668, "max_rain_24h_mm": 44.9, "mean_gpm_precipitation_sum": 0.0, "mean_built_surface_mean": 3614.1865197117427, "mean_population_sum": 0.0, "dominant_risk_class": "medium" }, "geometry": { "type": "Polygon", "coordinates": [ [ [ 31.331239205682394, 30.068282221464631 ], [ 31.331239205682394, 30.072169285228959 ], [ 31.335730782102992, 30.072169285228959 ], [ 31.335730782102992, 30.068282221464631 ], [ 31.331239205682394, 30.068282221464631 ] ] ] } },
{ "type": "Feature", "properties": { "zone_code": "NSR-GRID-085", "event_count": 30, "mean_predicted_score": 0.52008664124405424, "max_predicted_score": 0.8617977733216442, "min_predicted_score": 0.39755205565952068, "high_risk_event_count": 5, "medium_risk_event_count": 25, "low_risk_event_count": 0, "high_risk_event_ratio": 0.16666666666666666, "mean_absolute_error": 0.0039145293006730784, "mean_rain_24h_mm": 10.506666666666668, "max_rain_24h_mm": 44.9, "mean_gpm_precipitation_sum": 0.0, "mean_built_surface_mean": 3692.5317796610166, "mean_population_sum": 0.0, "dominant_risk_class": "medium" }, "geometry": { "type": "Polygon", "coordinates": [ [ [ 31.335730782102992, 30.068282221464631 ], [ 31.335730782102992, 30.072169285228959 ], [ 31.340222358523583, 30.072169285228959 ], [ 31.340222358523583, 30.068282221464631 ], [ 31.335730782102992, 30.068282221464631 ] ] ] } },
{ "type": "Feature", "properties": { "zone_code": "NSR-GRID-086", "event_count": 30, "mean_predicted_score": 0.4782283772313804, "max_predicted_score": 0.82175003427526261, "min_predicted_score": 0.35317742215171799, "high_risk_event_count": 5, "medium_risk_event_count": 25, "low_risk_event_count": 0, "high_risk_event_ratio": 0.16666666666666666, "mean_absolute_error": 0.0058981675499945683, "mean_rain_24h_mm": 10.506666666666668, "max_rain_24h_mm": 44.9, "mean_gpm_precipitation_sum": 0.0, "mean_built_surface_mean": 3574.9794404408635, "mean_population_sum": 0.0, "dominant_risk_class": "medium" }, "geometry": { "type": "Polygon", "coordinates": [ [ [ 31.340222358523583, 30.068282221464631 ], [ 31.340222358523583, 30.072169285228959 ], [ 31.344713934944181, 30.072169285228959 ], [ 31.344713934944181, 30.068282221464631 ], [ 31.340222358523583, 30.068282221464631 ] ] ] } },
{ "type": "Feature", "properties": { "zone_code": "NSR-GRID-087", "event_count": 30, "mean_predicted_score": 0.53492635527749344, "max_predicted_score": 0.8738174050545674, "min_predicted_score": 0.4138603001486133, "high_risk_event_count": 5, "medium_risk_event_count": 25, "low_risk_event_count": 0, "high_risk_event_ratio": 0.16666666666666666, "mean_absolute_error": 0.0041831579603978592, "mean_rain_24h_mm": 10.506666666666668, "max_rain_24h_mm": 44.9, "mean_gpm_precipitation_sum": 0.0, "mean_built_surface_mean": 3703.492372881356, "mean_population_sum": 0.0, "dominant_risk_class": "medium" }, "geometry": { "type": "Polygon", "coordinates": [ [ [ 31.344713934944181, 30.068282221464631 ], [ 31.344713934944181, 30.072169285228959 ], [ 31.349205511364779, 30.072169285228959 ], [ 31.349205511364779, 30.068282221464631 ], [ 31.344713934944181, 30.068282221464631 ] ] ] } },
{ "type": "Feature", "properties": { "zone_code": "NSR-GRID-088", "event_count": 30, "mean_predicted_score": 0.44005507924631498, "max_predicted_score": 0.78595258040367921, "min_predicted_score": 0.31508034303623528, "high_risk_event_count": 4, "medium_risk_event_count": 16, "low_risk_event_count": 10, "high_risk_event_ratio": 0.13333333333333333, "mean_absolute_error": 0.0052253825986343103, "mean_rain_24h_mm": 10.506666666666668, "max_rain_24h_mm": 44.9, "mean_gpm_precipitation_sum": 0.0, "mean_built_surface_mean": 2694.199194744649, "mean_population_sum": 0.0, "dominant_risk_class": "medium" }, "geometry": { "type": "Polygon", "coordinates": [ [ [ 31.349205511364779, 30.068282221464631 ], [ 31.349205511364779, 30.072169285228959 ], [ 31.353697087785381, 30.072169285228959 ], [ 31.353697087785381, 30.068282221464631 ], [ 31.349205511364779, 30.068282221464631 ] ] ] } },
{ "type": "Feature", "properties": { "zone_code": "NSR-GRID-089", "event_count": 30, "mean_predicted_score": 0.50098165401222494, "max_predicted_score": 0.83757365648567317, "min_predicted_score": 0.38170082328440108, "high_risk_event_count": 5, "medium_risk_event_count": 25, "low_risk_event_count": 0, "high_risk_event_ratio": 0.16666666666666666, "mean_absolute_error": 0.0053835927370954328, "mean_rain_24h_mm": 10.506666666666668, "max_rain_24h_mm": 44.9, "mean_gpm_precipitation_sum": 0.0, "mean_built_surface_mean": 3143.5584745762712, "mean_population_sum": 0.0, "dominant_risk_class": "medium" }, "geometry": { "type": "Polygon", "coordinates": [ [ [ 31.353697087785381, 30.068282221464631 ], [ 31.353697087785381, 30.072169285228959 ], [ 31.358188664205979, 30.072169285228959 ], [ 31.358188664205979, 30.068282221464631 ], [ 31.353697087785381, 30.068282221464631 ] ] ] } },
{ "type": "Feature", "properties": { "zone_code": "NSR-GRID-090", "event_count": 30, "mean_predicted_score": 0.45999303772663391, "max_predicted_score": 0.79867956138544205, "min_predicted_score": 0.3396089809898592, "high_risk_event_count": 4, "medium_risk_event_count": 26, "low_risk_event_count": 0, "high_risk_event_ratio": 0.13333333333333333, "mean_absolute_error": 0.0044045998668040421, "mean_rain_24h_mm": 10.506666666666668, "max_rain_24h_mm": 44.9, "mean_gpm_precipitation_sum": 0.0, "mean_built_surface_mean": 2340.6091564222133, "mean_population_sum": 0.0, "dominant_risk_class": "medium" }, "geometry": { "type": "Polygon", "coordinates": [ [ [ 31.358188664205979, 30.068282221464631 ], [ 31.358188664205979, 30.072169285228959 ], [ 31.362680240626577, 30.072169285228959 ], [ 31.362680240626577, 30.068282221464631 ], [ 31.358188664205979, 30.068282221464631 ] ] ] } },
{ "type": "Feature", "properties": { "zone_code": "NSR-GRID-091", "event_count": 30, "mean_predicted_score": 0.42273668911026452, "max_predicted_score": 0.7629799715082225, "min_predicted_score": 0.3016817728104873, "high_risk_event_count": 3, "medium_risk_event_count": 17, "low_risk_event_count": 10, "high_risk_event_ratio": 0.1, "mean_absolute_error": 0.0040786367896684531, "mean_rain_24h_mm": 10.506666666666668, "max_rain_24h_mm": 44.9, "mean_gpm_precipitation_sum": 0.0, "mean_built_surface_mean": 1904.8467895740616, "mean_population_sum": 0.0, "dominant_risk_class": "medium" }, "geometry": { "type": "Polygon", "coordinates": [ [ [ 31.362680240626577, 30.068282221464631 ], [ 31.362680240626577, 30.072169285228959 ], [ 31.367171817047169, 30.072169285228959 ], [ 31.367171817047169, 30.068282221464631 ], [ 31.362680240626577, 30.068282221464631 ] ] ] } },
{ "type": "Feature", "properties": { "zone_code": "NSR-GRID-092", "event_count": 30, "mean_predicted_score": 0.56764621984395203, "max_predicted_score": 0.90738476194541995, "min_predicted_score": 0.44690235297911018, "high_risk_event_count": 6, "medium_risk_event_count": 24, "low_risk_event_count": 0, "high_risk_event_ratio": 0.2, "mean_absolute_error": 0.0043134645160880858, "mean_rain_24h_mm": 10.506666666666668, "max_rain_24h_mm": 44.9, "mean_gpm_precipitation_sum": 0.0, "mean_built_surface_mean": 4137.1735537190089, "mean_population_sum": 0.0, "dominant_risk_class": "medium" }, "geometry": { "type": "Polygon", "coordinates": [ [ [ 31.367171817047169, 30.068282221464631 ], [ 31.367171817047169, 30.072169285228959 ], [ 31.371663393467767, 30.072169285228959 ], [ 31.371663393467767, 30.068282221464631 ], [ 31.367171817047169, 30.068282221464631 ] ] ] } },
{ "type": "Feature", "properties": { "zone_code": "NSR-GRID-093", "event_count": 30, "mean_predicted_score": 0.45411115347519654, "max_predicted_score": 0.79551884783172888, "min_predicted_score": 0.33231530627742611, "high_risk_event_count": 4, "medium_risk_event_count": 26, "low_risk_event_count": 0, "high_risk_event_ratio": 0.13333333333333333, "mean_absolute_error": 0.0036897712840769726, "mean_rain_24h_mm": 10.506666666666668, "max_rain_24h_mm": 44.9, "mean_gpm_precipitation_sum": 0.0, "mean_built_surface_mean": 2325.0305149396058, "mean_population_sum": 0.0, "dominant_risk_class": "medium" }, "geometry": { "type": "Polygon", "coordinates": [ [ [ 31.371663393467767, 30.068282221464631 ], [ 31.371663393467767, 30.072169285228959 ], [ 31.376154969888365, 30.072169285228959 ], [ 31.376154969888365, 30.068282221464631 ], [ 31.371663393467767, 30.068282221464631 ] ] ] } },
{ "type": "Feature", "properties": { "zone_code": "NSR-GRID-094", "event_count": 30, "mean_predicted_score": 0.51295216918474607, "max_predicted_score": 0.85227843687888294, "min_predicted_score": 0.39272001731094341, "high_risk_event_count": 5, "medium_risk_event_count": 25, "low_risk_event_count": 0, "high_risk_event_ratio": 0.16666666666666666, "mean_absolute_error": 0.0048597019463604407, "mean_rain_24h_mm": 10.506666666666668, "max_rain_24h_mm": 44.9, "mean_gpm_precipitation_sum": 0.0, "mean_built_surface_mean": 3156.5409071640511, "mean_population_sum": 0.0, "dominant_risk_class": "medium" }, "geometry": { "type": "Polygon", "coordinates": [ [ [ 31.376154969888365, 30.068282221464631 ], [ 31.376154969888365, 30.072169285228959 ], [ 31.380646546308967, 30.072169285228959 ], [ 31.380646546308967, 30.068282221464631 ], [ 31.376154969888365, 30.068282221464631 ] ] ] } },
{ "type": "Feature", "properties": { "zone_code": "NSR-GRID-095", "event_count": 30, "mean_predicted_score": 0.45859940121253079, "max_predicted_score": 0.79996906823222214, "min_predicted_score": 0.33767857746174401, "high_risk_event_count": 4, "medium_risk_event_count": 26, "low_risk_event_count": 0, "high_risk_event_ratio": 0.13333333333333333, "mean_absolute_error": 0.0041171843127099572, "mean_rain_24h_mm": 10.506666666666668, "max_rain_24h_mm": 44.9, "mean_gpm_precipitation_sum": 0.0, "mean_built_surface_mean": 2299.056355932204, "mean_population_sum": 0.0, "dominant_risk_class": "medium" }, "geometry": { "type": "Polygon", "coordinates": [ [ [ 31.380646546308967, 30.068282221464631 ], [ 31.380646546308967, 30.072169285228959 ], [ 31.385138122729565, 30.072169285228959 ], [ 31.385138122729565, 30.068282221464631 ], [ 31.380646546308967, 30.068282221464631 ] ] ] } },
{ "type": "Feature", "properties": { "zone_code": "NSR-GRID-096", "event_count": 30, "mean_predicted_score": 0.50288296389830101, "max_predicted_score": 0.8417800465387989, "min_predicted_score": 0.3826652081406825, "high_risk_event_count": 5, "medium_risk_event_count": 25, "low_risk_event_count": 0, "high_risk_event_ratio": 0.16666666666666666, "mean_absolute_error": 0.0045720621243860709, "mean_rain_24h_mm": 10.506666666666668, "max_rain_24h_mm": 44.9, "mean_gpm_precipitation_sum": 0.0, "mean_built_surface_mean": 3301.563771186441, "mean_population_sum": 0.0, "dominant_risk_class": "medium" }, "geometry": { "type": "Polygon", "coordinates": [ [ [ 31.385138122729565, 30.068282221464631 ], [ 31.385138122729565, 30.072169285228959 ], [ 31.389629699150163, 30.072169285228959 ], [ 31.389629699150163, 30.068282221464631 ], [ 31.385138122729565, 30.068282221464631 ] ] ] } },
{ "type": "Feature", "properties": { "zone_code": "NSR-GRID-097", "event_count": 30, "mean_predicted_score": 0.43768186107906032, "max_predicted_score": 0.78213888326318004, "min_predicted_score": 0.31354203070914849, "high_risk_event_count": 4, "medium_risk_event_count": 16, "low_risk_event_count": 10, "high_risk_event_ratio": 0.13333333333333333, "mean_absolute_error": 0.004671417822082042, "mean_rain_24h_mm": 10.506666666666668, "max_rain_24h_mm": 44.9, "mean_gpm_precipitation_sum": 0.0, "mean_built_surface_mean": 2947.6330294678801, "mean_population_sum": 0.0, "dominant_risk_class": "medium" }, "geometry": { "type": "Polygon", "coordinates": [ [ [ 31.389629699150163, 30.068282221464631 ], [ 31.389629699150163, 30.072169285228959 ], [ 31.394121275570754, 30.072169285228959 ], [ 31.394121275570754, 30.068282221464631 ], [ 31.389629699150163, 30.068282221464631 ] ] ] } },
{ "type": "Feature", "properties": { "zone_code": "NSR-GRID-098", "event_count": 30, "mean_predicted_score": 0.45723516499160827, "max_predicted_score": 0.79713296903925845, "min_predicted_score": 0.33542609769142301, "high_risk_event_count": 4, "medium_risk_event_count": 26, "low_risk_event_count": 0, "high_risk_event_ratio": 0.13333333333333333, "mean_absolute_error": 0.0044458044510257014, "mean_rain_24h_mm": 10.506666666666668, "max_rain_24h_mm": 44.9, "mean_gpm_precipitation_sum": 0.0, "mean_built_surface_mean": 3322.0112311930511, "mean_population_sum": 0.0, "dominant_risk_class": "medium" }, "geometry": { "type": "Polygon", "coordinates": [ [ [ 31.394121275570754, 30.068282221464631 ], [ 31.394121275570754, 30.072169285228959 ], [ 31.398612851991352, 30.072169285228959 ], [ 31.398612851991352, 30.068282221464631 ], [ 31.394121275570754, 30.068282221464631 ] ] ] } },
{ "type": "Feature", "properties": { "zone_code": "NSR-GRID-099", "event_count": 30, "mean_predicted_score": 0.43106619310820343, "max_predicted_score": 0.77047758606928396, "min_predicted_score": 0.30865479498153792, "high_risk_event_count": 4, "medium_risk_event_count": 16, "low_risk_event_count": 10, "high_risk_event_ratio": 0.13333333333333333, "mean_absolute_error": 0.0041983490997142122, "mean_rain_24h_mm": 10.506666666666668, "max_rain_24h_mm": 44.9, "mean_gpm_precipitation_sum": 0.0, "mean_built_surface_mean": 2835.5375158965658, "mean_population_sum": 0.0, "dominant_risk_class": "medium" }, "geometry": { "type": "Polygon", "coordinates": [ [ [ 31.398612851991352, 30.068282221464631 ], [ 31.398612851991352, 30.072169285228959 ], [ 31.403104428411954, 30.072169285228959 ], [ 31.403104428411954, 30.068282221464631 ], [ 31.398612851991352, 30.068282221464631 ] ] ] } },
{ "type": "Feature", "properties": { "zone_code": "NSR-GRID-100", "event_count": 30, "mean_predicted_score": 0.26221953569763012, "max_predicted_score": 0.60637187814451954, "min_predicted_score": 0.13890969514128071, "high_risk_event_count": 0, "medium_risk_event_count": 7, "low_risk_event_count": 23, "high_risk_event_ratio": 0.0, "mean_absolute_error": 0.0059353358045570407, "mean_rain_24h_mm": 10.506666666666668, "max_rain_24h_mm": 44.9, "mean_gpm_precipitation_sum": 0.0, "mean_built_surface_mean": 758.16069535721863, "mean_population_sum": 0.0, "dominant_risk_class": "low" }, "geometry": { "type": "Polygon", "coordinates": [ [ [ 31.403104428411954, 30.068282221464631 ], [ 31.403104428411954, 30.072169285228959 ], [ 31.407596004832552, 30.072169285228959 ], [ 31.407596004832552, 30.068282221464631 ], [ 31.403104428411954, 30.068282221464631 ] ] ] } },
{ "type": "Feature", "properties": { "zone_code": "NSR-GRID-101", "event_count": 30, "mean_predicted_score": 0.29253958184952694, "max_predicted_score": 0.6353527182850236, "min_predicted_score": 0.1716401813059748, "high_risk_event_count": 0, "medium_risk_event_count": 7, "low_risk_event_count": 23, "high_risk_event_ratio": 0.0, "mean_absolute_error": 0.004363070620799523, "mean_rain_24h_mm": 10.506666666666668, "max_rain_24h_mm": 44.9, "mean_gpm_precipitation_sum": 0.0, "mean_built_surface_mean": 385.41483050847455, "mean_population_sum": 0.0, "dominant_risk_class": "low" }, "geometry": { "type": "Polygon", "coordinates": [ [ [ 31.407596004832552, 30.068282221464631 ], [ 31.407596004832552, 30.072169285228959 ], [ 31.41208758125315, 30.072169285228959 ], [ 31.41208758125315, 30.068282221464631 ], [ 31.407596004832552, 30.068282221464631 ] ] ] } },
{ "type": "Feature", "properties": { "zone_code": "NSR-GRID-102", "event_count": 30, "mean_predicted_score": 0.27965817380603891, "max_predicted_score": 0.62090144193512098, "min_predicted_score": 0.15959533093995629, "high_risk_event_count": 0, "medium_risk_event_count": 7, "low_risk_event_count": 23, "high_risk_event_ratio": 0.0, "mean_absolute_error": 0.0045363948324713349, "mean_rain_24h_mm": 10.506666666666668, "max_rain_24h_mm": 44.9, "mean_gpm_precipitation_sum": 0.0, "mean_built_surface_mean": 18.059758423394783, "mean_population_sum": 0.0, "dominant_risk_class": "low" }, "geometry": { "type": "Polygon", "coordinates": [ [ [ 31.41208758125315, 30.068282221464631 ], [ 31.41208758125315, 30.072169285228959 ], [ 31.416579157673748, 30.072169285228959 ], [ 31.416579157673748, 30.068282221464631 ], [ 31.41208758125315, 30.068282221464631 ] ] ] } },
{ "type": "Feature", "properties": { "zone_code": "NSR-GRID-103", "event_count": 30, "mean_predicted_score": 0.25730340414429625, "max_predicted_score": 0.59851227357039061, "min_predicted_score": 0.137503128590614, "high_risk_event_count": 0, "medium_risk_event_count": 7, "low_risk_event_count": 23, "high_risk_event_ratio": 0.0, "mean_absolute_error": 0.0048271852373062939, "mean_rain_24h_mm": 10.506666666666668, "max_rain_24h_mm": 44.9, "mean_gpm_precipitation_sum": 0.0, "mean_built_surface_mean": 132.43789741415856, "mean_population_sum": 0.0, "dominant_risk_class": "low" }, "geometry": { "type": "Polygon", "coordinates": [ [ [ 31.416579157673748, 30.068282221464631 ], [ 31.416579157673748, 30.072169285228959 ], [ 31.421070734094339, 30.072169285228959 ], [ 31.421070734094339, 30.068282221464631 ], [ 31.416579157673748, 30.068282221464631 ] ] ] } },
{ "type": "Feature", "properties": { "zone_code": "NSR-GRID-104", "event_count": 30, "mean_predicted_score": 0.28286929611150058, "max_predicted_score": 0.62644989363099457, "min_predicted_score": 0.16184522905014431, "high_risk_event_count": 0, "medium_risk_event_count": 7, "low_risk_event_count": 23, "high_risk_event_ratio": 0.0, "mean_absolute_error": 0.0040026523525575263, "mean_rain_24h_mm": 10.506666666666668, "max_rain_24h_mm": 44.9, "mean_gpm_precipitation_sum": 0.0, "mean_built_surface_mean": 266.68013856812934, "mean_population_sum": 0.0, "dominant_risk_class": "low" }, "geometry": { "type": "Polygon", "coordinates": [ [ [ 31.421070734094339, 30.068282221464631 ], [ 31.425248552861458, 30.068282221464631 ], [ 31.4251755, 30.0682228 ], [ 31.4226475, 30.0664334 ], [ 31.421070734094339, 30.065352117234557 ], [ 31.421070734094339, 30.068282221464631 ] ] ] } },
{ "type": "Feature", "properties": { "zone_code": "NSR-GRID-105", "event_count": 30, "mean_predicted_score": 0.50080793337263652, "max_predicted_score": 0.84167314497883827, "min_predicted_score": 0.37737751307723988, "high_risk_event_count": 5, "medium_risk_event_count": 25, "low_risk_event_count": 0, "high_risk_event_ratio": 0.16666666666666666, "mean_absolute_error": 0.0052090636113968237, "mean_rain_24h_mm": 10.506666666666668, "max_rain_24h_mm": 44.9, "mean_gpm_precipitation_sum": 0.0, "mean_built_surface_mean": 3617.1870310825298, "mean_population_sum": 0.0, "dominant_risk_class": "medium" }, "geometry": { "type": "Polygon", "coordinates": [ [ [ 31.322256052841194, 30.068282221464631 ], [ 31.322256052841194, 30.064395005024021 ], [ 31.321508474791283, 30.064395005024021 ], [ 31.3207722, 30.065661 ], [ 31.3201768, 30.0670489 ], [ 31.319734840459528, 30.068282221464631 ], [ 31.322256052841194, 30.068282221464631 ] ] ] } },
{ "type": "Feature", "properties": { "zone_code": "NSR-GRID-106", "event_count": 30, "mean_predicted_score": 0.27643294812370367, "max_predicted_score": 0.61815226700650949, "min_predicted_score": 0.15593949046877481, "high_risk_event_count": 0, "medium_risk_event_count": 7, "low_risk_event_count": 23, "high_risk_event_ratio": 0.0, "mean_absolute_error": 0.0044366261988346865, "mean_rain_24h_mm": 10.506666666666668, "max_rain_24h_mm": 44.9, "mean_gpm_precipitation_sum": 0.0, "mean_built_surface_mean": 91.411501597444087, "mean_population_sum": 0.0, "dominant_risk_class": "low" }, "geometry": { "type": "Polygon", "coordinates": [ [ [ 31.416579157673748, 30.064395005024021 ], [ 31.416579157673748, 30.068282221464631 ], [ 31.421070734094339, 30.068282221464631 ], [ 31.421070734094339, 30.065352117234557 ], [ 31.4207935, 30.065162 ], [ 31.420012943530718, 30.064395005024021 ], [ 31.416579157673748, 30.064395005024021 ] ] ] } },
{ "type": "Feature", "properties": { "zone_code": "NSR-GRID-107", "event_count": 30, "mean_predicted_score": 0.5569225170616614, "max_predicted_score": 0.89591082354532503, "min_predicted_score": 0.43686935746970618, "high_risk_event_count": 5, "medium_risk_event_count": 25, "low_risk_event_count": 0, "high_risk_event_ratio": 0.16666666666666666, "mean_absolute_error": 0.0049115654863224022, "mean_rain_24h_mm": 10.506666666666668, "max_rain_24h_mm": 44.9, "mean_gpm_precipitation_sum": 0.0, "mean_built_surface_mean": 3836.6149247577828, "mean_population_sum": 0.0, "dominant_risk_class": "medium" }, "geometry": { "type": "Polygon", "coordinates": [ [ [ 31.322256052841194, 30.064395005024021 ], [ 31.322256052841194, 30.068282221464631 ], [ 31.326747629261792, 30.068282221464631 ], [ 31.326747629261792, 30.064395005024021 ], [ 31.322256052841194, 30.064395005024021 ] ] ] } },
{ "type": "Feature", "properties": { "zone_code": "NSR-GRID-108", "event_count": 30, "mean_predicted_score": 0.51530362716364086, "max_predicted_score": 0.85470583853140791, "min_predicted_score": 0.39470354915464279, "high_risk_event_count": 5, "medium_risk_event_count": 25, "low_risk_event_count": 0, "high_risk_event_ratio": 0.16666666666666666, "mean_absolute_error": 0.0048444707330566605, "mean_rain_24h_mm": 10.506666666666668, "max_rain_24h_mm": 44.9, "mean_gpm_precipitation_sum": 0.0, "mean_built_surface_mean": 3850.4643298969063, "mean_population_sum": 0.0, "dominant_risk_class": "medium" }, "geometry": { "type": "Polygon", "coordinates": [ [ [ 31.326747629261792, 30.064395005024021 ], [ 31.326747629261792, 30.068282221464631 ], [ 31.331239205682394, 30.068282221464631 ], [ 31.331239205682394, 30.064395005024021 ], [ 31.326747629261792, 30.064395005024021 ] ] ] } },
{ "type": "Feature", "properties": { "zone_code": "NSR-GRID-109", "event_count": 30, "mean_predicted_score": 0.57218814655144068, "max_predicted_score": 0.91127688132578843, "min_predicted_score": 0.45097665708959622, "high_risk_event_count": 6, "medium_risk_event_count": 24, "low_risk_event_count": 0, "high_risk_event_ratio": 0.2, "mean_absolute_error": 0.0047838356052873812, "mean_rain_24h_mm": 10.506666666666668, "max_rain_24h_mm": 44.9, "mean_gpm_precipitation_sum": 0.0, "mean_built_surface_mean": 4594.3938144329895, "mean_population_sum": 0.0, "dominant_risk_class": "medium" }, "geometry": { "type": "Polygon", "coordinates": [ [ [ 31.331239205682394, 30.064395005024021 ], [ 31.331239205682394, 30.068282221464631 ], [ 31.335730782102992, 30.068282221464631 ], [ 31.335730782102992, 30.064395005024021 ], [ 31.331239205682394, 30.064395005024021 ] ] ] } },
{ "type": "Feature", "properties": { "zone_code": "NSR-GRID-110", "event_count": 30, "mean_predicted_score": 0.48685745893503551, "max_predicted_score": 0.82829560680124259, "min_predicted_score": 0.36328947646055409, "high_risk_event_count": 5, "medium_risk_event_count": 25, "low_risk_event_count": 0, "high_risk_event_ratio": 0.16666666666666666, "mean_absolute_error": 0.0051409763128024578, "mean_rain_24h_mm": 10.506666666666668, "max_rain_24h_mm": 44.9, "mean_gpm_precipitation_sum": 0.0, "mean_built_surface_mean": 4067.2874226804133, "mean_population_sum": 0.0, "dominant_risk_class": "medium" }, "geometry": { "type": "Polygon", "coordinates": [ [ [ 31.335730782102992, 30.064395005024021 ], [ 31.335730782102992, 30.068282221464631 ], [ 31.340222358523583, 30.068282221464631 ], [ 31.340222358523583, 30.064395005024021 ], [ 31.335730782102992, 30.064395005024021 ] ] ] } },
{ "type": "Feature", "properties": { "zone_code": "NSR-GRID-111", "event_count": 30, "mean_predicted_score": 0.51242657690687377, "max_predicted_score": 0.85123073971196839, "min_predicted_score": 0.39074448463069239, "high_risk_event_count": 5, "medium_risk_event_count": 25, "low_risk_event_count": 0, "high_risk_event_ratio": 0.16666666666666666, "mean_absolute_error": 0.0045936226226783589, "mean_rain_24h_mm": 10.506666666666668, "max_rain_24h_mm": 44.9, "mean_gpm_precipitation_sum": 0.0, "mean_built_surface_mean": 4045.7400535971992, "mean_population_sum": 0.0, "dominant_risk_class": "medium" }, "geometry": { "type": "Polygon", "coordinates": [ [ [ 31.340222358523583, 30.064395005024021 ], [ 31.340222358523583, 30.068282221464631 ], [ 31.344713934944181, 30.068282221464631 ], [ 31.344713934944181, 30.064395005024021 ], [ 31.340222358523583, 30.064395005024021 ] ] ] } },
{ "type": "Feature", "properties": { "zone_code": "NSR-GRID-112", "event_count": 30, "mean_predicted_score": 0.53096256254409513, "max_predicted_score": 0.87194520234306727, "min_predicted_score": 0.40880073778758519, "high_risk_event_count": 5, "medium_risk_event_count": 25, "low_risk_event_count": 0, "high_risk_event_ratio": 0.16666666666666666, "mean_absolute_error": 0.0039603762595920499, "mean_rain_24h_mm": 10.506666666666668, "max_rain_24h_mm": 44.9, "mean_gpm_precipitation_sum": 0.0, "mean_built_surface_mean": 4113.9637188208599, "mean_population_sum": 0.0, "dominant_risk_class": "medium" }, "geometry": { "type": "Polygon", "coordinates": [ [ [ 31.344713934944181, 30.064395005024021 ], [ 31.344713934944181, 30.068282221464631 ], [ 31.349205511364779, 30.068282221464631 ], [ 31.349205511364779, 30.064395005024021 ], [ 31.344713934944181, 30.064395005024021 ] ] ] } },
{ "type": "Feature", "properties": { "zone_code": "NSR-GRID-113", "event_count": 30, "mean_predicted_score": 0.52627256758203211, "max_predicted_score": 0.86794449202750212, "min_predicted_score": 0.40298013345076111, "high_risk_event_count": 5, "medium_risk_event_count": 25, "low_risk_event_count": 0, "high_risk_event_ratio": 0.16666666666666666, "mean_absolute_error": 0.0045066880968366481, "mean_rain_24h_mm": 10.506666666666668, "max_rain_24h_mm": 44.9, "mean_gpm_precipitation_sum": 0.0, "mean_built_surface_mean": 4232.1224994844288, "mean_population_sum": 0.0, "dominant_risk_class": "medium" }, "geometry": { "type": "Polygon", "coordinates": [ [ [ 31.349205511364779, 30.064395005024021 ], [ 31.349205511364779, 30.068282221464631 ], [ 31.353697087785381, 30.068282221464631 ], [ 31.353697087785381, 30.064395005024021 ], [ 31.349205511364779, 30.064395005024021 ] ] ] } },
{ "type": "Feature", "properties": { "zone_code": "NSR-GRID-114", "event_count": 30, "mean_predicted_score": 0.5420982320601837, "max_predicted_score": 0.88397824820859849, "min_predicted_score": 0.42017820881444629, "high_risk_event_count": 5, "medium_risk_event_count": 25, "low_risk_event_count": 0, "high_risk_event_ratio": 0.16666666666666666, "mean_absolute_error": 0.003737841450431453, "mean_rain_24h_mm": 10.506666666666668, "max_rain_24h_mm": 44.9, "mean_gpm_precipitation_sum": 0.0, "mean_built_surface_mean": 4321.896701030927, "mean_population_sum": 0.0, "dominant_risk_class": "medium" }, "geometry": { "type": "Polygon", "coordinates": [ [ [ 31.353697087785381, 30.064395005024021 ], [ 31.353697087785381, 30.068282221464631 ], [ 31.358188664205979, 30.068282221464631 ], [ 31.358188664205979, 30.064395005024021 ], [ 31.353697087785381, 30.064395005024021 ] ] ] } },
{ "type": "Feature", "properties": { "zone_code": "NSR-GRID-115", "event_count": 30, "mean_predicted_score": 0.55764944518011572, "max_predicted_score": 0.89734302011088651, "min_predicted_score": 0.43663193376070192, "high_risk_event_count": 5, "medium_risk_event_count": 25, "low_risk_event_count": 0, "high_risk_event_ratio": 0.16666666666666666, "mean_absolute_error": 0.0041790753224955597, "mean_rain_24h_mm": 10.506666666666668, "max_rain_24h_mm": 44.9, "mean_gpm_precipitation_sum": 0.0, "mean_built_surface_mean": 3917.207998350857, "mean_population_sum": 0.0, "dominant_risk_class": "medium" }, "geometry": { "type": "Polygon", "coordinates": [ [ [ 31.358188664205979, 30.064395005024021 ], [ 31.358188664205979, 30.068282221464631 ], [ 31.362680240626577, 30.068282221464631 ], [ 31.362680240626577, 30.064395005024021 ], [ 31.358188664205979, 30.064395005024021 ] ] ] } },
{ "type": "Feature", "properties": { "zone_code": "NSR-GRID-116", "event_count": 30, "mean_predicted_score": 0.47365666225533232, "max_predicted_score": 0.81477695094732194, "min_predicted_score": 0.35169193233435769, "high_risk_event_count": 4, "medium_risk_event_count": 26, "low_risk_event_count": 0, "high_risk_event_ratio": 0.13333333333333333, "mean_absolute_error": 0.0043622249199003855, "mean_rain_24h_mm": 10.506666666666668, "max_rain_24h_mm": 44.9, "mean_gpm_precipitation_sum": 0.0, "mean_built_surface_mean": 2755.062049062049, "mean_population_sum": 0.0, "dominant_risk_class": "medium" }, "geometry": { "type": "Polygon", "coordinates": [ [ [ 31.362680240626577, 30.064395005024021 ], [ 31.362680240626577, 30.068282221464631 ], [ 31.367171817047169, 30.068282221464631 ], [ 31.367171817047169, 30.064395005024021 ], [ 31.362680240626577, 30.064395005024021 ] ] ] } },
{ "type": "Feature", "properties": { "zone_code": "NSR-GRID-117", "event_count": 30, "mean_predicted_score": 0.37073350516118408, "max_predicted_score": 0.70953602445213149, "min_predicted_score": 0.25154409113323262, "high_risk_event_count": 2, "medium_risk_event_count": 12, "low_risk_event_count": 16, "high_risk_event_ratio": 0.066666666666666666, "mean_absolute_error": 0.0055565211968811815, "mean_rain_24h_mm": 10.506666666666668, "max_rain_24h_mm": 44.9, "mean_gpm_precipitation_sum": 0.0, "mean_built_surface_mean": 1389.5499896928463, "mean_population_sum": 0.0, "dominant_risk_class": "medium" }, "geometry": { "type": "Polygon", "coordinates": [ [ [ 31.367171817047169, 30.064395005024021 ], [ 31.367171817047169, 30.068282221464631 ], [ 31.371663393467767, 30.068282221464631 ], [ 31.371663393467767, 30.064395005024021 ], [ 31.367171817047169, 30.064395005024021 ] ] ] } },
{ "type": "Feature", "properties": { "zone_code": "NSR-GRID-118", "event_count": 30, "mean_predicted_score": 0.33672945998071724, "max_predicted_score": 0.67866319602511915, "min_predicted_score": 0.21453381475570199, "high_risk_event_count": 2, "medium_risk_event_count": 10, "low_risk_event_count": 18, "high_risk_event_ratio": 0.066666666666666666, "mean_absolute_error": 0.0049004275131751124, "mean_rain_24h_mm": 10.506666666666668, "max_rain_24h_mm": 44.9, "mean_gpm_precipitation_sum": 0.0, "mean_built_surface_mean": 1345.265718408576, "mean_population_sum": 0.0, "dominant_risk_class": "medium" }, "geometry": { "type": "Polygon", "coordinates": [ [ [ 31.371663393467767, 30.064395005024021 ], [ 31.371663393467767, 30.068282221464631 ], [ 31.376154969888365, 30.068282221464631 ], [ 31.376154969888365, 30.064395005024021 ], [ 31.371663393467767, 30.064395005024021 ] ] ] } },
{ "type": "Feature", "properties": { "zone_code": "NSR-GRID-119", "event_count": 30, "mean_predicted_score": 0.59028570155202442, "max_predicted_score": 0.92601890564843059, "min_predicted_score": 0.47094141543696089, "high_risk_event_count": 7, "medium_risk_event_count": 23, "low_risk_event_count": 0, "high_risk_event_ratio": 0.23333333333333334, "mean_absolute_error": 0.0054767345278353158, "mean_rain_24h_mm": 10.506666666666668, "max_rain_24h_mm": 44.9, "mean_gpm_precipitation_sum": 0.0, "mean_built_surface_mean": 4527.3094845360811, "mean_population_sum": 0.0, "dominant_risk_class": "medium" }, "geometry": { "type": "Polygon", "coordinates": [ [ [ 31.376154969888365, 30.064395005024021 ], [ 31.376154969888365, 30.068282221464631 ], [ 31.380646546308967, 30.068282221464631 ], [ 31.380646546308967, 30.064395005024021 ], [ 31.376154969888365, 30.064395005024021 ] ] ] } },
{ "type": "Feature", "properties": { "zone_code": "NSR-GRID-120", "event_count": 30, "mean_predicted_score": 0.61195866480670957, "max_predicted_score": 0.94994665727037864, "min_predicted_score": 0.49088145198659322, "high_risk_event_count": 7, "medium_risk_event_count": 23, "low_risk_event_count": 0, "high_risk_event_ratio": 0.23333333333333334, "mean_absolute_error": 0.0053432722525301188, "mean_rain_24h_mm": 10.506666666666668, "max_rain_24h_mm": 44.9, "mean_gpm_precipitation_sum": 0.0, "mean_built_surface_mean": 4640.928865979381, "mean_population_sum": 0.0, "dominant_risk_class": "medium" }, "geometry": { "type": "Polygon", "coordinates": [ [ [ 31.380646546308967, 30.064395005024021 ], [ 31.380646546308967, 30.068282221464631 ], [ 31.385138122729565, 30.068282221464631 ], [ 31.385138122729565, 30.064395005024021 ], [ 31.380646546308967, 30.064395005024021 ] ] ] } },
{ "type": "Feature", "properties": { "zone_code": "NSR-GRID-121", "event_count": 30, "mean_predicted_score": 0.56277677464953979, "max_predicted_score": 0.90447079165313204, "min_predicted_score": 0.44095229082668208, "high_risk_event_count": 6, "medium_risk_event_count": 24, "low_risk_event_count": 0, "high_risk_event_ratio": 0.2, "mean_absolute_error": 0.0038627400807709883, "mean_rain_24h_mm": 10.506666666666668, "max_rain_24h_mm": 44.9, "mean_gpm_precipitation_sum": 0.0, "mean_built_surface_mean": 4124.7760824742272, "mean_population_sum": 0.0, "dominant_risk_class": "medium" }, "geometry": { "type": "Polygon", "coordinates": [ [ [ 31.385138122729565, 30.064395005024021 ], [ 31.385138122729565, 30.068282221464631 ], [ 31.389629699150163, 30.068282221464631 ], [ 31.389629699150163, 30.064395005024021 ], [ 31.385138122729565, 30.064395005024021 ] ] ] } },
{ "type": "Feature", "properties": { "zone_code": "NSR-GRID-122", "event_count": 30, "mean_predicted_score": 0.52841624990960168, "max_predicted_score": 0.86998368835911544, "min_predicted_score": 0.4051131843460215, "high_risk_event_count": 5, "medium_risk_event_count": 25, "low_risk_event_count": 0, "high_risk_event_ratio": 0.16666666666666666, "mean_absolute_error": 0.0047096613039569069, "mean_rain_24h_mm": 10.506666666666668, "max_rain_24h_mm": 44.9, "mean_gpm_precipitation_sum": 0.0, "mean_built_surface_mean": 3938.9554639175235, "mean_population_sum": 0.0, "dominant_risk_class": "medium" }, "geometry": { "type": "Polygon", "coordinates": [ [ [ 31.389629699150163, 30.064395005024021 ], [ 31.389629699150163, 30.068282221464631 ], [ 31.394121275570754, 30.068282221464631 ], [ 31.394121275570754, 30.064395005024021 ], [ 31.389629699150163, 30.064395005024021 ] ] ] } },
{ "type": "Feature", "properties": { "zone_code": "NSR-GRID-123", "event_count": 30, "mean_predicted_score": 0.53544629494388585, "max_predicted_score": 0.87628112977209527, "min_predicted_score": 0.41373754814269859, "high_risk_event_count": 5, "medium_risk_event_count": 25, "low_risk_event_count": 0, "high_risk_event_ratio": 0.16666666666666666, "mean_absolute_error": 0.004359273561475756, "mean_rain_24h_mm": 10.506666666666668, "max_rain_24h_mm": 44.9, "mean_gpm_precipitation_sum": 0.0, "mean_built_surface_mean": 4137.6888659793813, "mean_population_sum": 0.0, "dominant_risk_class": "medium" }, "geometry": { "type": "Polygon", "coordinates": [ [ [ 31.394121275570754, 30.064395005024021 ], [ 31.394121275570754, 30.068282221464631 ], [ 31.398612851991352, 30.068282221464631 ], [ 31.398612851991352, 30.064395005024021 ], [ 31.394121275570754, 30.064395005024021 ] ] ] } },
{ "type": "Feature", "properties": { "zone_code": "NSR-GRID-124", "event_count": 30, "mean_predicted_score": 0.48796780229964865, "max_predicted_score": 0.82996826520756128, "min_predicted_score": 0.36567257067011172, "high_risk_event_count": 5, "medium_risk_event_count": 25, "low_risk_event_count": 0, "high_risk_event_ratio": 0.16666666666666666, "mean_absolute_error": 0.0040570563956953661, "mean_rain_24h_mm": 10.506666666666668, "max_rain_24h_mm": 44.9, "mean_gpm_precipitation_sum": 0.0, "mean_built_surface_mean": 3674.5207173778608, "mean_population_sum": 0.0, "dominant_risk_class": "medium" }, "geometry": { "type": "Polygon", "coordinates": [ [ [ 31.398612851991352, 30.064395005024021 ], [ 31.398612851991352, 30.068282221464631 ], [ 31.403104428411954, 30.068282221464631 ], [ 31.403104428411954, 30.064395005024021 ], [ 31.398612851991352, 30.064395005024021 ] ] ] } },
{ "type": "Feature", "properties": { "zone_code": "NSR-GRID-125", "event_count": 30, "mean_predicted_score": 0.32706653446558964, "max_predicted_score": 0.67151542272062315, "min_predicted_score": 0.2036766082939534, "high_risk_event_count": 2, "medium_risk_event_count": 6, "low_risk_event_count": 22, "high_risk_event_ratio": 0.066666666666666666, "mean_absolute_error": 0.0058028587692057938, "mean_rain_24h_mm": 10.506666666666668, "max_rain_24h_mm": 44.9, "mean_gpm_precipitation_sum": 0.0, "mean_built_surface_mean": 1107.9938157081017, "mean_population_sum": 0.0, "dominant_risk_class": "low" }, "geometry": { "type": "Polygon", "coordinates": [ [ [ 31.403104428411954, 30.064395005024021 ], [ 31.403104428411954, 30.068282221464631 ], [ 31.407596004832552, 30.068282221464631 ], [ 31.407596004832552, 30.064395005024021 ], [ 31.403104428411954, 30.064395005024021 ] ] ] } },
{ "type": "Feature", "properties": { "zone_code": "NSR-GRID-126", "event_count": 30, "mean_predicted_score": 0.30099303926155357, "max_predicted_score": 0.640562313370446, "min_predicted_score": 0.18136278764626751, "high_risk_event_count": 0, "medium_risk_event_count": 7, "low_risk_event_count": 23, "high_risk_event_ratio": 0.0, "mean_absolute_error": 0.0051033824670834466, "mean_rain_24h_mm": 10.506666666666668, "max_rain_24h_mm": 44.9, "mean_gpm_precipitation_sum": 0.0, "mean_built_surface_mean": 450.65340206185596, "mean_population_sum": 0.0, "dominant_risk_class": "low" }, "geometry": { "type": "Polygon", "coordinates": [ [ [ 31.407596004832552, 30.064395005024021 ], [ 31.407596004832552, 30.068282221464631 ], [ 31.41208758125315, 30.068282221464631 ], [ 31.41208758125315, 30.064395005024021 ], [ 31.407596004832552, 30.064395005024021 ] ] ] } },
{ "type": "Feature", "properties": { "zone_code": "NSR-GRID-127", "event_count": 30, "mean_predicted_score": 0.26616998538320674, "max_predicted_score": 0.60886129007360879, "min_predicted_score": 0.14417600307954409, "high_risk_event_count": 0, "medium_risk_event_count": 7, "low_risk_event_count": 23, "high_risk_event_ratio": 0.0, "mean_absolute_error": 0.0047365090292821564, "mean_rain_24h_mm": 10.506666666666668, "max_rain_24h_mm": 44.9, "mean_gpm_precipitation_sum": 0.0, "mean_built_surface_mean": 22.064742268041229, "mean_population_sum": 0.0, "dominant_risk_class": "low" }, "geometry": { "type": "Polygon", "coordinates": [ [ [ 31.41208758125315, 30.064395005024021 ], [ 31.41208758125315, 30.068282221464631 ], [ 31.416579157673748, 30.068282221464631 ], [ 31.416579157673748, 30.064395005024021 ], [ 31.41208758125315, 30.064395005024021 ] ] ] } },
{ "type": "Feature", "properties": { "zone_code": "NSR-GRID-128", "event_count": 30, "mean_predicted_score": 0.37328366748657671, "max_predicted_score": 0.72995890053051038, "min_predicted_score": 0.2413088874604577, "high_risk_event_count": 3, "medium_risk_event_count": 11, "low_risk_event_count": 16, "high_risk_event_ratio": 0.1, "mean_absolute_error": 0.010075442304094951, "mean_rain_24h_mm": 10.506666666666668, "max_rain_24h_mm": 44.9, "mean_gpm_precipitation_sum": 0.0, "mean_built_surface_mean": 2474.408, "mean_population_sum": 0.0, "dominant_risk_class": "medium" }, "geometry": { "type": "Polygon", "coordinates": [ [ [ 31.322256052841194, 30.064395005024021 ], [ 31.322256052841194, 30.063109557980901 ], [ 31.321508474791283, 30.064395005024021 ], [ 31.322256052841194, 30.064395005024021 ] ] ] } },
{ "type": "Feature", "properties": { "zone_code": "NSR-GRID-129", "event_count": 30, "mean_predicted_score": 0.30331115592391017, "max_predicted_score": 0.64255316001033702, "min_predicted_score": 0.18486673749548699, "high_risk_event_count": 0, "medium_risk_event_count": 7, "low_risk_event_count": 23, "high_risk_event_ratio": 0.0, "mean_absolute_error": 0.0061288004422737534, "mean_rain_24h_mm": 10.506666666666668, "max_rain_24h_mm": 44.9, "mean_gpm_precipitation_sum": 0.0, "mean_built_surface_mean": 425.40845070422557, "mean_population_sum": 0.0, "dominant_risk_class": "low" }, "geometry": { "type": "Polygon", "coordinates": [ [ [ 31.416579157673748, 30.064395005024021 ], [ 31.420012943530718, 30.064395005024021 ], [ 31.4181906, 30.0626043 ], [ 31.416579157673748, 30.060679953030998 ], [ 31.416579157673748, 30.064395005024021 ] ] ] } },
{ "type": "Feature", "properties": { "zone_code": "NSR-GRID-130", "event_count": 30, "mean_predicted_score": 0.51884066956588104, "max_predicted_score": 0.86067213777887563, "min_predicted_score": 0.39678372222403607, "high_risk_event_count": 5, "medium_risk_event_count": 25, "low_risk_event_count": 0, "high_risk_event_ratio": 0.16666666666666666, "mean_absolute_error": 0.003695545026943939, "mean_rain_24h_mm": 10.506666666666668, "max_rain_24h_mm": 44.9, "mean_gpm_precipitation_sum": 0.0, "mean_built_surface_mean": 3558.0042949176818, "mean_population_sum": 0.0, "dominant_risk_class": "medium" }, "geometry": { "type": "Polygon", "coordinates": [ [ [ 31.322256052841194, 30.064395005024021 ], [ 31.326747629261792, 30.064395005024021 ], [ 31.326747629261792, 30.060507635919031 ], [ 31.323759049574754, 30.060507635919031 ], [ 31.322397, 30.0628672 ], [ 31.322256052841194, 30.063109557980901 ], [ 31.322256052841194, 30.064395005024021 ] ] ] } },
{ "type": "Feature", "properties": { "zone_code": "NSR-GRID-131", "event_count": 30, "mean_predicted_score": 0.2662717605973976, "max_predicted_score": 0.60789820108794934, "min_predicted_score": 0.14551470137226091, "high_risk_event_count": 0, "medium_risk_event_count": 7, "low_risk_event_count": 23, "high_risk_event_ratio": 0.0, "mean_absolute_error": 0.0045279654562345138, "mean_rain_24h_mm": 10.506666666666668, "max_rain_24h_mm": 44.9, "mean_gpm_precipitation_sum": 0.0, "mean_built_surface_mean": 12.384566461734149, "mean_population_sum": 0.0, "dominant_risk_class": "low" }, "geometry": { "type": "Polygon", "coordinates": [ [ [ 31.41208758125315, 30.060507635919031 ], [ 31.41208758125315, 30.064395005024021 ], [ 31.416579157673748, 30.064395005024021 ], [ 31.416579157673748, 30.060679953030998 ], [ 31.416434861373908, 30.060507635919031 ], [ 31.41208758125315, 30.060507635919031 ] ] ] } },
{ "type": "Feature", "properties": { "zone_code": "NSR-GRID-132", "event_count": 30, "mean_predicted_score": 0.56247208918797897, "max_predicted_score": 0.90043064680981844, "min_predicted_score": 0.44216266705167773, "high_risk_event_count": 6, "medium_risk_event_count": 24, "low_risk_event_count": 0, "high_risk_event_ratio": 0.2, "mean_absolute_error": 0.0048088126387301278, "mean_rain_24h_mm": 10.506666666666668, "max_rain_24h_mm": 44.9, "mean_gpm_precipitation_sum": 0.0, "mean_built_surface_mean": 4274.9749947022665, "mean_population_sum": 0.0, "dominant_risk_class": "medium" }, "geometry": { "type": "Polygon", "coordinates": [ [ [ 31.326747629261792, 30.060507635919031 ], [ 31.326747629261792, 30.064395005024021 ], [ 31.331239205682394, 30.064395005024021 ], [ 31.331239205682394, 30.060507635919031 ], [ 31.326747629261792, 30.060507635919031 ] ] ] } },
{ "type": "Feature", "properties": { "zone_code": "NSR-GRID-133", "event_count": 30, "mean_predicted_score": 0.56578553664864528, "max_predicted_score": 0.9049069725288954, "min_predicted_score": 0.4457994824361603, "high_risk_event_count": 6, "medium_risk_event_count": 24, "low_risk_event_count": 0, "high_risk_event_ratio": 0.2, "mean_absolute_error": 0.0049438216974130571, "mean_rain_24h_mm": 10.506666666666668, "max_rain_24h_mm": 44.9, "mean_gpm_precipitation_sum": 0.0, "mean_built_surface_mean": 4458.2113958907003, "mean_population_sum": 0.0, "dominant_risk_class": "medium" }, "geometry": { "type": "Polygon", "coordinates": [ [ [ 31.331239205682394, 30.060507635919031 ], [ 31.331239205682394, 30.064395005024021 ], [ 31.335730782102992, 30.064395005024021 ], [ 31.335730782102992, 30.060507635919031 ], [ 31.331239205682394, 30.060507635919031 ] ] ] } },
{ "type": "Feature", "properties": { "zone_code": "NSR-GRID-134", "event_count": 30, "mean_predicted_score": 0.52120299120561087, "max_predicted_score": 0.86595187391170347, "min_predicted_score": 0.39764929651131758, "high_risk_event_count": 5, "medium_risk_event_count": 25, "low_risk_event_count": 0, "high_risk_event_ratio": 0.16666666666666666, "mean_absolute_error": 0.0045257993897644443, "mean_rain_24h_mm": 10.506666666666668, "max_rain_24h_mm": 44.9, "mean_gpm_precipitation_sum": 0.0, "mean_built_surface_mean": 3961.3714770078386, "mean_population_sum": 0.0, "dominant_risk_class": "medium" }, "geometry": { "type": "Polygon", "coordinates": [ [ [ 31.335730782102992, 30.060507635919031 ], [ 31.335730782102992, 30.064395005024021 ], [ 31.340222358523583, 30.064395005024021 ], [ 31.340222358523583, 30.060507635919031 ], [ 31.335730782102992, 30.060507635919031 ] ] ] } },
{ "type": "Feature", "properties": { "zone_code": "NSR-GRID-135", "event_count": 30, "mean_predicted_score": 0.5354580679663139, "max_predicted_score": 0.8769668535699835, "min_predicted_score": 0.41403207723258573, "high_risk_event_count": 5, "medium_risk_event_count": 25, "low_risk_event_count": 0, "high_risk_event_ratio": 0.16666666666666666, "mean_absolute_error": 0.0040037424548314722, "mean_rain_24h_mm": 10.506666666666668, "max_rain_24h_mm": 44.9, "mean_gpm_precipitation_sum": 0.0, "mean_built_surface_mean": 4130.3485908031334, "mean_population_sum": 0.0, "dominant_risk_class": "medium" }, "geometry": { "type": "Polygon", "coordinates": [ [ [ 31.340222358523583, 30.060507635919031 ], [ 31.340222358523583, 30.064395005024021 ], [ 31.344713934944181, 30.064395005024021 ], [ 31.344713934944181, 30.060507635919031 ], [ 31.340222358523583, 30.060507635919031 ] ] ] } },
{ "type": "Feature", "properties": { "zone_code": "NSR-GRID-136", "event_count": 30, "mean_predicted_score": 0.4559409795671619, "max_predicted_score": 0.79607912202677644, "min_predicted_score": 0.33472400387862289, "high_risk_event_count": 4, "medium_risk_event_count": 26, "low_risk_event_count": 0, "high_risk_event_ratio": 0.13333333333333333, "mean_absolute_error": 0.0042051641849688154, "mean_rain_24h_mm": 10.506666666666668, "max_rain_24h_mm": 44.9, "mean_gpm_precipitation_sum": 0.0, "mean_built_surface_mean": 2346.6199660873249, "mean_population_sum": 0.0, "dominant_risk_class": "medium" }, "geometry": { "type": "Polygon", "coordinates": [ [ [ 31.344713934944181, 30.060507635919031 ], [ 31.344713934944181, 30.064395005024021 ], [ 31.349205511364779, 30.064395005024021 ], [ 31.349205511364779, 30.060507635919031 ], [ 31.344713934944181, 30.060507635919031 ] ] ] } },
{ "type": "Feature", "properties": { "zone_code": "NSR-GRID-137", "event_count": 30, "mean_predicted_score": 0.50272365910737815, "max_predicted_score": 0.84108801706118996, "min_predicted_score": 0.3814124655735035, "high_risk_event_count": 5, "medium_risk_event_count": 25, "low_risk_event_count": 0, "high_risk_event_ratio": 0.16666666666666666, "mean_absolute_error": 0.0047095933926627693, "mean_rain_24h_mm": 10.506666666666668, "max_rain_24h_mm": 44.9, "mean_gpm_precipitation_sum": 0.0, "mean_built_surface_mean": 4225.3725614927926, "mean_population_sum": 0.0, "dominant_risk_class": "medium" }, "geometry": { "type": "Polygon", "coordinates": [ [ [ 31.349205511364779, 30.060507635919031 ], [ 31.349205511364779, 30.064395005024021 ], [ 31.353697087785381, 30.064395005024021 ], [ 31.353697087785381, 30.060507635919031 ], [ 31.349205511364779, 30.060507635919031 ] ] ] } },
{ "type": "Feature", "properties": { "zone_code": "NSR-GRID-138", "event_count": 30, "mean_predicted_score": 0.4603812195350479, "max_predicted_score": 0.80618479518179731, "min_predicted_score": 0.33393285080302548, "high_risk_event_count": 5, "medium_risk_event_count": 25, "low_risk_event_count": 0, "high_risk_event_ratio": 0.16666666666666666, "mean_absolute_error": 0.0071204039963664641, "mean_rain_24h_mm": 10.506666666666668, "max_rain_24h_mm": 44.9, "mean_gpm_precipitation_sum": 0.0, "mean_built_surface_mean": 4221.700233199067, "mean_population_sum": 0.0, "dominant_risk_class": "medium" }, "geometry": { "type": "Polygon", "coordinates": [ [ [ 31.353697087785381, 30.060507635919031 ], [ 31.353697087785381, 30.064395005024021 ], [ 31.358188664205979, 30.064395005024021 ], [ 31.358188664205979, 30.060507635919031 ], [ 31.353697087785381, 30.060507635919031 ] ] ] } },
{ "type": "Feature", "properties": { "zone_code": "NSR-GRID-139", "event_count": 30, "mean_predicted_score": 0.51273234841580984, "max_predicted_score": 0.85485519760547424, "min_predicted_score": 0.390173383953137, "high_risk_event_count": 5, "medium_risk_event_count": 25, "low_risk_event_count": 0, "high_risk_event_ratio": 0.16666666666666666, "mean_absolute_error": 0.0041844233206250773, "mean_rain_24h_mm": 10.506666666666668, "max_rain_24h_mm": 44.9, "mean_gpm_precipitation_sum": 0.0, "mean_built_surface_mean": 3531.750529885544, "mean_population_sum": 0.0, "dominant_risk_class": "medium" }, "geometry": { "type": "Polygon", "coordinates": [ [ [ 31.358188664205979, 30.060507635919031 ], [ 31.358188664205979, 30.064395005024021 ], [ 31.362680240626577, 30.064395005024021 ], [ 31.362680240626577, 30.060507635919031 ], [ 31.358188664205979, 30.060507635919031 ] ] ] } },
{ "type": "Feature", "properties": { "zone_code": "NSR-GRID-140", "event_count": 30, "mean_predicted_score": 0.23791235084275228, "max_predicted_score": 0.58363967174928622, "min_predicted_score": 0.113524063312526, "high_risk_event_count": 0, "medium_risk_event_count": 7, "low_risk_event_count": 23, "high_risk_event_ratio": 0.0, "mean_absolute_error": 0.005839443669462977, "mean_rain_24h_mm": 10.506666666666668, "max_rain_24h_mm": 44.9, "mean_gpm_precipitation_sum": 0.0, "mean_built_surface_mean": 308.40771349862251, "mean_population_sum": 0.0, "dominant_risk_class": "low" }, "geometry": { "type": "Polygon", "coordinates": [ [ [ 31.362680240626577, 30.060507635919031 ], [ 31.362680240626577, 30.064395005024021 ], [ 31.367171817047169, 30.064395005024021 ], [ 31.367171817047169, 30.060507635919031 ], [ 31.362680240626577, 30.060507635919031 ] ] ] } },
{ "type": "Feature", "properties": { "zone_code": "NSR-GRID-141", "event_count": 30, "mean_predicted_score": 0.23575614073741327, "max_predicted_score": 0.58226554691118049, "min_predicted_score": 0.1127868102973703, "high_risk_event_count": 0, "medium_risk_event_count": 6, "low_risk_event_count": 24, "high_risk_event_ratio": 0.0, "mean_absolute_error": 0.0051454174151757846, "mean_rain_24h_mm": 10.506666666666668, "max_rain_24h_mm": 44.9, "mean_gpm_precipitation_sum": 0.0, "mean_built_surface_mean": 8.2525423728813543, "mean_population_sum": 0.0, "dominant_risk_class": "low" }, "geometry": { "type": "Polygon", "coordinates": [ [ [ 31.367171817047169, 30.060507635919031 ], [ 31.367171817047169, 30.064395005024021 ], [ 31.371663393467767, 30.064395005024021 ], [ 31.371663393467767, 30.060507635919031 ], [ 31.367171817047169, 30.060507635919031 ] ] ] } },
{ "type": "Feature", "properties": { "zone_code": "NSR-GRID-142", "event_count": 30, "mean_predicted_score": 0.38098420726988985, "max_predicted_score": 0.72217427032031134, "min_predicted_score": 0.25927879468261028, "high_risk_event_count": 3, "medium_risk_event_count": 12, "low_risk_event_count": 15, "high_risk_event_ratio": 0.1, "mean_absolute_error": 0.0040740828909526039, "mean_rain_24h_mm": 10.506666666666668, "max_rain_24h_mm": 44.9, "mean_gpm_precipitation_sum": 0.0, "mean_built_surface_mean": 2023.2663135593202, "mean_population_sum": 0.0, "dominant_risk_class": "medium" }, "geometry": { "type": "Polygon", "coordinates": [ [ [ 31.371663393467767, 30.060507635919031 ], [ 31.371663393467767, 30.064395005024021 ], [ 31.376154969888365, 30.064395005024021 ], [ 31.376154969888365, 30.060507635919031 ], [ 31.371663393467767, 30.060507635919031 ] ] ] } },
{ "type": "Feature", "properties": { "zone_code": "NSR-GRID-143", "event_count": 30, "mean_predicted_score": 0.57645401743849456, "max_predicted_score": 0.91656364250298916, "min_predicted_score": 0.45538472186260409, "high_risk_event_count": 6, "medium_risk_event_count": 24, "low_risk_event_count": 0, "high_risk_event_ratio": 0.2, "mean_absolute_error": 0.0043814196962046505, "mean_rain_24h_mm": 10.506666666666668, "max_rain_24h_mm": 44.9, "mean_gpm_precipitation_sum": 0.0, "mean_built_surface_mean": 4347.3312142403038, "mean_population_sum": 0.0, "dominant_risk_class": "medium" }, "geometry": { "type": "Polygon", "coordinates": [ [ [ 31.376154969888365, 30.060507635919031 ], [ 31.376154969888365, 30.064395005024021 ], [ 31.380646546308967, 30.064395005024021 ], [ 31.380646546308967, 30.060507635919031 ], [ 31.376154969888365, 30.060507635919031 ] ] ] } },
{ "type": "Feature", "properties": { "zone_code": "NSR-GRID-144", "event_count": 30, "mean_predicted_score": 0.59200035640805304, "max_predicted_score": 0.93089937081020779, "min_predicted_score": 0.47118657606810771, "high_risk_event_count": 7, "medium_risk_event_count": 23, "low_risk_event_count": 0, "high_risk_event_ratio": 0.23333333333333334, "mean_absolute_error": 0.0049177258354704111, "mean_rain_24h_mm": 10.506666666666668, "max_rain_24h_mm": 44.9, "mean_gpm_precipitation_sum": 0.0, "mean_built_surface_mean": 4577.4723458359822, "mean_population_sum": 0.0, "dominant_risk_class": "medium" }, "geometry": { "type": "Polygon", "coordinates": [ [ [ 31.380646546308967, 30.060507635919031 ], [ 31.380646546308967, 30.064395005024021 ], [ 31.385138122729565, 30.064395005024021 ], [ 31.385138122729565, 30.060507635919031 ], [ 31.380646546308967, 30.060507635919031 ] ] ] } },
{ "type": "Feature", "properties": { "zone_code": "NSR-GRID-145", "event_count": 30, "mean_predicted_score": 0.50310550698897205, "max_predicted_score": 0.84137846209457123, "min_predicted_score": 0.38220096662170111, "high_risk_event_count": 5, "medium_risk_event_count": 25, "low_risk_event_count": 0, "high_risk_event_ratio": 0.16666666666666666, "mean_absolute_error": 0.0045684408305806069, "mean_rain_24h_mm": 10.506666666666668, "max_rain_24h_mm": 44.9, "mean_gpm_precipitation_sum": 0.0, "mean_built_surface_mean": 3378.1900826446272, "mean_population_sum": 0.0, "dominant_risk_class": "medium" }, "geometry": { "type": "Polygon", "coordinates": [ [ [ 31.385138122729565, 30.060507635919031 ], [ 31.385138122729565, 30.064395005024021 ], [ 31.389629699150163, 30.064395005024021 ], [ 31.389629699150163, 30.060507635919031 ], [ 31.385138122729565, 30.060507635919031 ] ] ] } },
{ "type": "Feature", "properties": { "zone_code": "NSR-GRID-146", "event_count": 30, "mean_predicted_score": 0.49641608222861511, "max_predicted_score": 0.83769533531588425, "min_predicted_score": 0.37360315415660988, "high_risk_event_count": 5, "medium_risk_event_count": 25, "low_risk_event_count": 0, "high_risk_event_ratio": 0.16666666666666666, "mean_absolute_error": 0.0042373114607613758, "mean_rain_24h_mm": 10.506666666666668, "max_rain_24h_mm": 44.9, "mean_gpm_precipitation_sum": 0.0, "mean_built_surface_mean": 3617.1388005933445, "mean_population_sum": 0.0, "dominant_risk_class": "medium" }, "geometry": { "type": "Polygon", "coordinates": [ [ [ 31.389629699150163, 30.060507635919031 ], [ 31.389629699150163, 30.064395005024021 ], [ 31.394121275570754, 30.064395005024021 ], [ 31.394121275570754, 30.060507635919031 ], [ 31.389629699150163, 30.060507635919031 ] ] ] } },
{ "type": "Feature", "properties": { "zone_code": "NSR-GRID-147", "event_count": 30, "mean_predicted_score": 0.50137524153406343, "max_predicted_score": 0.84288962013542768, "min_predicted_score": 0.37820472369942509, "high_risk_event_count": 5, "medium_risk_event_count": 25, "low_risk_event_count": 0, "high_risk_event_ratio": 0.16666666666666666, "mean_absolute_error": 0.0044478911608902593, "mean_rain_24h_mm": 10.506666666666668, "max_rain_24h_mm": 44.9, "mean_gpm_precipitation_sum": 0.0, "mean_built_surface_mean": 3675.0061440677969, "mean_population_sum": 0.0, "dominant_risk_class": "medium" }, "geometry": { "type": "Polygon", "coordinates": [ [ [ 31.394121275570754, 30.060507635919031 ], [ 31.394121275570754, 30.064395005024021 ], [ 31.398612851991352, 30.064395005024021 ], [ 31.398612851991352, 30.060507635919031 ], [ 31.394121275570754, 30.060507635919031 ] ] ] } },
{ "type": "Feature", "properties": { "zone_code": "NSR-GRID-148", "event_count": 30, "mean_predicted_score": 0.4461667641582992, "max_predicted_score": 0.78721594394768324, "min_predicted_score": 0.32372041604739887, "high_risk_event_count": 4, "medium_risk_event_count": 16, "low_risk_event_count": 10, "high_risk_event_ratio": 0.13333333333333333, "mean_absolute_error": 0.004146819124846479, "mean_rain_24h_mm": 10.506666666666668, "max_rain_24h_mm": 44.9, "mean_gpm_precipitation_sum": 0.0, "mean_built_surface_mean": 2847.1400423728801, "mean_population_sum": 0.0, "dominant_risk_class": "medium" }, "geometry": { "type": "Polygon", "coordinates": [ [ [ 31.398612851991352, 30.060507635919031 ], [ 31.398612851991352, 30.064395005024021 ], [ 31.403104428411954, 30.064395005024021 ], [ 31.403104428411954, 30.060507635919031 ], [ 31.398612851991352, 30.060507635919031 ] ] ] } },
{ "type": "Feature", "properties": { "zone_code": "NSR-GRID-149", "event_count": 30, "mean_predicted_score": 0.532554741095421, "max_predicted_score": 0.87289425451830249, "min_predicted_score": 0.41094520326940148, "high_risk_event_count": 5, "medium_risk_event_count": 25, "low_risk_event_count": 0, "high_risk_event_ratio": 0.16666666666666666, "mean_absolute_error": 0.0043255174874819733, "mean_rain_24h_mm": 10.506666666666668, "max_rain_24h_mm": 44.9, "mean_gpm_precipitation_sum": 0.0, "mean_built_surface_mean": 3922.670692943419, "mean_population_sum": 0.0, "dominant_risk_class": "medium" }, "geometry": { "type": "Polygon", "coordinates": [ [ [ 31.403104428411954, 30.060507635919031 ], [ 31.403104428411954, 30.064395005024021 ], [ 31.407596004832552, 30.064395005024021 ], [ 31.407596004832552, 30.060507635919031 ], [ 31.403104428411954, 30.060507635919031 ] ] ] } },
{ "type": "Feature", "properties": { "zone_code": "NSR-GRID-150", "event_count": 30, "mean_predicted_score": 0.42975444407200886, "max_predicted_score": 0.76972946518656504, "min_predicted_score": 0.30778551724445591, "high_risk_event_count": 4, "medium_risk_event_count": 16, "low_risk_event_count": 10, "high_risk_event_ratio": 0.13333333333333333, "mean_absolute_error": 0.0048345040057423995, "mean_rain_24h_mm": 10.506666666666668, "max_rain_24h_mm": 44.9, "mean_gpm_precipitation_sum": 0.0, "mean_built_surface_mean": 2353.9866497139215, "mean_population_sum": 0.0, "dominant_risk_class": "medium" }, "geometry": { "type": "Polygon", "coordinates": [ [ [ 31.407596004832552, 30.060507635919031 ], [ 31.407596004832552, 30.064395005024021 ], [ 31.41208758125315, 30.064395005024021 ], [ 31.41208758125315, 30.060507635919031 ], [ 31.407596004832552, 30.060507635919031 ] ] ] } },
{ "type": "Feature", "properties": { "zone_code": "NSR-GRID-151", "event_count": 30, "mean_predicted_score": 0.25060245292624261, "max_predicted_score": 0.59512124114479004, "min_predicted_score": 0.12838488519474489, "high_risk_event_count": 0, "medium_risk_event_count": 7, "low_risk_event_count": 23, "high_risk_event_ratio": 0.0, "mean_absolute_error": 0.0049461279896486892, "mean_rain_24h_mm": 10.506666666666668, "max_rain_24h_mm": 44.9, "mean_gpm_precipitation_sum": 0.0, "mean_built_surface_mean": 98.279669762641845, "mean_population_sum": 0.0, "dominant_risk_class": "low" }, "geometry": { "type": "Polygon", "coordinates": [ [ [ 31.41208758125315, 30.056620114161532 ], [ 31.41208758125315, 30.060507635919031 ], [ 31.416434861373908, 30.060507635919031 ], [ 31.415953, 30.0599322 ], [ 31.4138224, 30.0574153 ], [ 31.413161015291209, 30.056620114161532 ], [ 31.41208758125315, 30.056620114161532 ] ] ] } },
{ "type": "Feature", "properties": { "zone_code": "NSR-GRID-152", "event_count": 30, "mean_predicted_score": 0.4883053370594449, "max_predicted_score": 0.83071966420763266, "min_predicted_score": 0.36620471452952219, "high_risk_event_count": 5, "medium_risk_event_count": 25, "low_risk_event_count": 0, "high_risk_event_ratio": 0.16666666666666666, "mean_absolute_error": 0.0039292291505449708, "mean_rain_24h_mm": 10.506666666666668, "max_rain_24h_mm": 44.9, "mean_gpm_precipitation_sum": 0.0, "mean_built_surface_mean": 3402.1373546511622, "mean_population_sum": 0.0, "dominant_risk_class": "medium" }, "geometry": { "type": "Polygon", "coordinates": [ [ [ 31.326747629261792, 30.060507635919031 ], [ 31.326747629261792, 30.056620114161532 ], [ 31.324525527109831, 30.056620114161532 ], [ 31.3241382, 30.0590633 ], [ 31.3238344, 30.0603771 ], [ 31.323759049574754, 30.060507635919031 ], [ 31.326747629261792, 30.060507635919031 ] ] ] } },
{ "type": "Feature", "properties": { "zone_code": "NSR-GRID-153", "event_count": 30, "mean_predicted_score": 0.57516541095149365, "max_predicted_score": 0.91348061613956077, "min_predicted_score": 0.45565326588612881, "high_risk_event_count": 6, "medium_risk_event_count": 24, "low_risk_event_count": 0, "high_risk_event_ratio": 0.2, "mean_absolute_error": 0.0052353423200650461, "mean_rain_24h_mm": 10.506666666666668, "max_rain_24h_mm": 44.9, "mean_gpm_precipitation_sum": 0.0, "mean_built_surface_mean": 4276.5337043908485, "mean_population_sum": 0.0, "dominant_risk_class": "medium" }, "geometry": { "type": "Polygon", "coordinates": [ [ [ 31.326747629261792, 30.056620114161532 ], [ 31.326747629261792, 30.060507635919031 ], [ 31.331239205682394, 30.060507635919031 ], [ 31.331239205682394, 30.056620114161532 ], [ 31.326747629261792, 30.056620114161532 ] ] ] } },
{ "type": "Feature", "properties": { "zone_code": "NSR-GRID-154", "event_count": 30, "mean_predicted_score": 0.55434510780834523, "max_predicted_score": 0.8945726886462948, "min_predicted_score": 0.43346357830279442, "high_risk_event_count": 5, "medium_risk_event_count": 25, "low_risk_event_count": 0, "high_risk_event_ratio": 0.16666666666666666, "mean_absolute_error": 0.0043033247195055505, "mean_rain_24h_mm": 10.506666666666668, "max_rain_24h_mm": 44.9, "mean_gpm_precipitation_sum": 0.0, "mean_built_surface_mean": 4292.9942268041241, "mean_population_sum": 0.0, "dominant_risk_class": "medium" }, "geometry": { "type": "Polygon", "coordinates": [ [ [ 31.331239205682394, 30.056620114161532 ], [ 31.331239205682394, 30.060507635919031 ], [ 31.335730782102992, 30.060507635919031 ], [ 31.335730782102992, 30.056620114161532 ], [ 31.331239205682394, 30.056620114161532 ] ] ] } },
{ "type": "Feature", "properties": { "zone_code": "NSR-GRID-155", "event_count": 30, "mean_predicted_score": 0.54229248859158863, "max_predicted_score": 0.88327829005340164, "min_predicted_score": 0.42068997470053471, "high_risk_event_count": 5, "medium_risk_event_count": 25, "low_risk_event_count": 0, "high_risk_event_ratio": 0.16666666666666666, "mean_absolute_error": 0.0038901965132304359, "mean_rain_24h_mm": 10.506666666666668, "max_rain_24h_mm": 44.9, "mean_gpm_precipitation_sum": 0.0, "mean_built_surface_mean": 4367.6813685078332, "mean_population_sum": 0.0, "dominant_risk_class": "medium" }, "geometry": { "type": "Polygon", "coordinates": [ [ [ 31.335730782102992, 30.056620114161532 ], [ 31.335730782102992, 30.060507635919031 ], [ 31.340222358523583, 30.060507635919031 ], [ 31.340222358523583, 30.056620114161532 ], [ 31.335730782102992, 30.056620114161532 ] ] ] } },
{ "type": "Feature", "properties": { "zone_code": "NSR-GRID-156", "event_count": 30, "mean_predicted_score": 0.53567477373646921, "max_predicted_score": 0.87729505171153788, "min_predicted_score": 0.41341188520071542, "high_risk_event_count": 5, "medium_risk_event_count": 25, "low_risk_event_count": 0, "high_risk_event_ratio": 0.16666666666666666, "mean_absolute_error": 0.003950159717260828, "mean_rain_24h_mm": 10.506666666666668, "max_rain_24h_mm": 44.9, "mean_gpm_precipitation_sum": 0.0, "mean_built_surface_mean": 4114.4990723562132, "mean_population_sum": 0.0, "dominant_risk_class": "medium" }, "geometry": { "type": "Polygon", "coordinates": [ [ [ 31.340222358523583, 30.056620114161532 ], [ 31.340222358523583, 30.060507635919031 ], [ 31.344713934944181, 30.060507635919031 ], [ 31.344713934944181, 30.056620114161532 ], [ 31.340222358523583, 30.056620114161532 ] ] ] } },
{ "type": "Feature", "properties": { "zone_code": "NSR-GRID-157", "event_count": 30, "mean_predicted_score": 0.51409368149246626, "max_predicted_score": 0.85852312035714973, "min_predicted_score": 0.3907402187741037, "high_risk_event_count": 5, "medium_risk_event_count": 25, "low_risk_event_count": 0, "high_risk_event_ratio": 0.16666666666666666, "mean_absolute_error": 0.0043251532569447675, "mean_rain_24h_mm": 10.506666666666668, "max_rain_24h_mm": 44.9, "mean_gpm_precipitation_sum": 0.0, "mean_built_surface_mean": 3878.1947650453417, "mean_population_sum": 0.0, "dominant_risk_class": "medium" }, "geometry": { "type": "Polygon", "coordinates": [ [ [ 31.344713934944181, 30.056620114161532 ], [ 31.344713934944181, 30.060507635919031 ], [ 31.349205511364779, 30.060507635919031 ], [ 31.349205511364779, 30.056620114161532 ], [ 31.344713934944181, 30.056620114161532 ] ] ] } },
{ "type": "Feature", "properties": { "zone_code": "NSR-GRID-158", "event_count": 30, "mean_predicted_score": 0.53914128492684843, "max_predicted_score": 0.88235010709888717, "min_predicted_score": 0.41616540241683819, "high_risk_event_count": 5, "medium_risk_event_count": 25, "low_risk_event_count": 0, "high_risk_event_ratio": 0.16666666666666666, "mean_absolute_error": 0.0040928816974196312, "mean_rain_24h_mm": 10.506666666666668, "max_rain_24h_mm": 44.9, "mean_gpm_precipitation_sum": 0.0, "mean_built_surface_mean": 4312.3159521846665, "mean_population_sum": 0.0, "dominant_risk_class": "medium" }, "geometry": { "type": "Polygon", "coordinates": [ [ [ 31.349205511364779, 30.056620114161532 ], [ 31.349205511364779, 30.060507635919031 ], [ 31.353697087785381, 30.060507635919031 ], [ 31.353697087785381, 30.056620114161532 ], [ 31.349205511364779, 30.056620114161532 ] ] ] } },
{ "type": "Feature", "properties": { "zone_code": "NSR-GRID-159", "event_count": 30, "mean_predicted_score": 0.49627080431204146, "max_predicted_score": 0.83866481952013316, "min_predicted_score": 0.37231509618712549, "high_risk_event_count": 5, "medium_risk_event_count": 25, "low_risk_event_count": 0, "high_risk_event_ratio": 0.16666666666666666, "mean_absolute_error": 0.0054277251959439785, "mean_rain_24h_mm": 10.506666666666668, "max_rain_24h_mm": 44.9, "mean_gpm_precipitation_sum": 0.0, "mean_built_surface_mean": 4316.9113219220462, "mean_population_sum": 0.0, "dominant_risk_class": "medium" }, "geometry": { "type": "Polygon", "coordinates": [ [ [ 31.353697087785381, 30.056620114161532 ], [ 31.353697087785381, 30.060507635919031 ], [ 31.358188664205979, 30.060507635919031 ], [ 31.358188664205979, 30.056620114161532 ], [ 31.353697087785381, 30.056620114161532 ] ] ] } },
{ "type": "Feature", "properties": { "zone_code": "NSR-GRID-160", "event_count": 30, "mean_predicted_score": 0.55937284906905116, "max_predicted_score": 0.90066335922500718, "min_predicted_score": 0.43789713874168618, "high_risk_event_count": 6, "medium_risk_event_count": 24, "low_risk_event_count": 0, "high_risk_event_ratio": 0.2, "mean_absolute_error": 0.0039273444442337636, "mean_rain_24h_mm": 10.506666666666668, "max_rain_24h_mm": 44.9, "mean_gpm_precipitation_sum": 0.0, "mean_built_surface_mean": 4269.0076304392669, "mean_population_sum": 0.0, "dominant_risk_class": "medium" }, "geometry": { "type": "Polygon", "coordinates": [ [ [ 31.358188664205979, 30.056620114161532 ], [ 31.358188664205979, 30.060507635919031 ], [ 31.362680240626577, 30.060507635919031 ], [ 31.362680240626577, 30.056620114161532 ], [ 31.358188664205979, 30.056620114161532 ] ] ] } },
{ "type": "Feature", "properties": { "zone_code": "NSR-GRID-161", "event_count": 30, "mean_predicted_score": 0.47925450072884718, "max_predicted_score": 0.81973876945173141, "min_predicted_score": 0.35740064937490129, "high_risk_event_count": 5, "medium_risk_event_count": 25, "low_risk_event_count": 0, "high_risk_event_ratio": 0.16666666666666666, "mean_absolute_error": 0.0040662207060775286, "mean_rain_24h_mm": 10.506666666666668, "max_rain_24h_mm": 44.9, "mean_gpm_precipitation_sum": 0.0, "mean_built_surface_mean": 3389.4563827593333, "mean_population_sum": 0.0, "dominant_risk_class": "medium" }, "geometry": { "type": "Polygon", "coordinates": [ [ [ 31.362680240626577, 30.056620114161532 ], [ 31.362680240626577, 30.060507635919031 ], [ 31.367171817047169, 30.060507635919031 ], [ 31.367171817047169, 30.056620114161532 ], [ 31.362680240626577, 30.056620114161532 ] ] ] } },
{ "type": "Feature", "properties": { "zone_code": "NSR-GRID-162", "event_count": 30, "mean_predicted_score": 0.40616225537739925, "max_predicted_score": 0.74709125715412228, "min_predicted_score": 0.28275951084192819, "high_risk_event_count": 3, "medium_risk_event_count": 17, "low_risk_event_count": 10, "high_risk_event_ratio": 0.1, "mean_absolute_error": 0.0050302757784505998, "mean_rain_24h_mm": 10.506666666666668, "max_rain_24h_mm": 44.9, "mean_gpm_precipitation_sum": 0.0, "mean_built_surface_mean": 2447.4016494845368, "mean_population_sum": 0.0, "dominant_risk_class": "medium" }, "geometry": { "type": "Polygon", "coordinates": [ [ [ 31.367171817047169, 30.056620114161532 ], [ 31.367171817047169, 30.060507635919031 ], [ 31.371663393467767, 30.060507635919031 ], [ 31.371663393467767, 30.056620114161532 ], [ 31.367171817047169, 30.056620114161532 ] ] ] } },
{ "type": "Feature", "properties": { "zone_code": "NSR-GRID-163", "event_count": 30, "mean_predicted_score": 0.47620079595454745, "max_predicted_score": 0.81780794360377973, "min_predicted_score": 0.3536786846725547, "high_risk_event_count": 5, "medium_risk_event_count": 25, "low_risk_event_count": 0, "high_risk_event_ratio": 0.16666666666666666, "mean_absolute_error": 0.0039029361373326245, "mean_rain_24h_mm": 10.506666666666668, "max_rain_24h_mm": 44.9, "mean_gpm_precipitation_sum": 0.0, "mean_built_surface_mean": 3208.9208247422671, "mean_population_sum": 0.0, "dominant_risk_class": "medium" }, "geometry": { "type": "Polygon", "coordinates": [ [ [ 31.371663393467767, 30.056620114161532 ], [ 31.371663393467767, 30.060507635919031 ], [ 31.376154969888365, 30.060507635919031 ], [ 31.376154969888365, 30.056620114161532 ], [ 31.371663393467767, 30.056620114161532 ] ] ] } },
{ "type": "Feature", "properties": { "zone_code": "NSR-GRID-164", "event_count": 30, "mean_predicted_score": 0.51275905137789179, "max_predicted_score": 0.8540549294580575, "min_predicted_score": 0.39063010910475482, "high_risk_event_count": 5, "medium_risk_event_count": 25, "low_risk_event_count": 0, "high_risk_event_ratio": 0.16666666666666666, "mean_absolute_error": 0.0042033546762387224, "mean_rain_24h_mm": 10.506666666666668, "max_rain_24h_mm": 44.9, "mean_gpm_precipitation_sum": 0.0, "mean_built_surface_mean": 3814.4900020614314, "mean_population_sum": 0.0, "dominant_risk_class": "medium" }, "geometry": { "type": "Polygon", "coordinates": [ [ [ 31.376154969888365, 30.056620114161532 ], [ 31.376154969888365, 30.060507635919031 ], [ 31.380646546308967, 30.060507635919031 ], [ 31.380646546308967, 30.056620114161532 ], [ 31.376154969888365, 30.056620114161532 ] ] ] } },
{ "type": "Feature", "properties": { "zone_code": "NSR-GRID-165", "event_count": 30, "mean_predicted_score": 0.55054745639361857, "max_predicted_score": 0.89231017948723146, "min_predicted_score": 0.42844510259038421, "high_risk_event_count": 5, "medium_risk_event_count": 25, "low_risk_event_count": 0, "high_risk_event_ratio": 0.16666666666666666, "mean_absolute_error": 0.0041304993441479369, "mean_rain_24h_mm": 10.506666666666668, "max_rain_24h_mm": 44.9, "mean_gpm_precipitation_sum": 0.0, "mean_built_surface_mean": 4411.4742374278667, "mean_population_sum": 0.0, "dominant_risk_class": "medium" }, "geometry": { "type": "Polygon", "coordinates": [ [ [ 31.380646546308967, 30.056620114161532 ], [ 31.380646546308967, 30.060507635919031 ], [ 31.385138122729565, 30.060507635919031 ], [ 31.385138122729565, 30.056620114161532 ], [ 31.380646546308967, 30.056620114161532 ] ] ] } },
{ "type": "Feature", "properties": { "zone_code": "NSR-GRID-166", "event_count": 30, "mean_predicted_score": 0.51998283716375759, "max_predicted_score": 0.85901384934722991, "min_predicted_score": 0.3988440833380697, "high_risk_event_count": 5, "medium_risk_event_count": 25, "low_risk_event_count": 0, "high_risk_event_ratio": 0.16666666666666666, "mean_absolute_error": 0.004113800973487622, "mean_rain_24h_mm": 10.506666666666668, "max_rain_24h_mm": 44.9, "mean_gpm_precipitation_sum": 0.0, "mean_built_surface_mean": 3816.9022680412395, "mean_population_sum": 0.0, "dominant_risk_class": "medium" }, "geometry": { "type": "Polygon", "coordinates": [ [ [ 31.385138122729565, 30.056620114161532 ], [ 31.385138122729565, 30.060507635919031 ], [ 31.389629699150163, 30.060507635919031 ], [ 31.389629699150163, 30.056620114161532 ], [ 31.385138122729565, 30.056620114161532 ] ] ] } },
{ "type": "Feature", "properties": { "zone_code": "NSR-GRID-167", "event_count": 30, "mean_predicted_score": 0.50166716848381931, "max_predicted_score": 0.84431206347594068, "min_predicted_score": 0.37865862102623082, "high_risk_event_count": 5, "medium_risk_event_count": 25, "low_risk_event_count": 0, "high_risk_event_ratio": 0.16666666666666666, "mean_absolute_error": 0.004569835992996955, "mean_rain_24h_mm": 10.506666666666668, "max_rain_24h_mm": 44.9, "mean_gpm_precipitation_sum": 0.0, "mean_built_surface_mean": 3936.3661855670111, "mean_population_sum": 0.0, "dominant_risk_class": "medium" }, "geometry": { "type": "Polygon", "coordinates": [ [ [ 31.389629699150163, 30.056620114161532 ], [ 31.389629699150163, 30.060507635919031 ], [ 31.394121275570754, 30.060507635919031 ], [ 31.394121275570754, 30.056620114161532 ], [ 31.389629699150163, 30.056620114161532 ] ] ] } },
{ "type": "Feature", "properties": { "zone_code": "NSR-GRID-168", "event_count": 30, "mean_predicted_score": 0.48467128006279719, "max_predicted_score": 0.82630012278795506, "min_predicted_score": 0.36160232974702849, "high_risk_event_count": 5, "medium_risk_event_count": 25, "low_risk_event_count": 0, "high_risk_event_ratio": 0.16666666666666666, "mean_absolute_error": 0.0043232810981930101, "mean_rain_24h_mm": 10.506666666666668, "max_rain_24h_mm": 44.9, "mean_gpm_precipitation_sum": 0.0, "mean_built_surface_mean": 3875.7074226804125, "mean_population_sum": 0.0, "dominant_risk_class": "medium" }, "geometry": { "type": "Polygon", "coordinates": [ [ [ 31.394121275570754, 30.056620114161532 ], [ 31.394121275570754, 30.060507635919031 ], [ 31.398612851991352, 30.060507635919031 ], [ 31.398612851991352, 30.056620114161532 ], [ 31.394121275570754, 30.056620114161532 ] ] ] } },
{ "type": "Feature", "properties": { "zone_code": "NSR-GRID-169", "event_count": 30, "mean_predicted_score": 0.43542177180585284, "max_predicted_score": 0.77503631558041297, "min_predicted_score": 0.31377578420431429, "high_risk_event_count": 4, "medium_risk_event_count": 16, "low_risk_event_count": 10, "high_risk_event_ratio": 0.13333333333333333, "mean_absolute_error": 0.0039448844485759525, "mean_rain_24h_mm": 10.506666666666668, "max_rain_24h_mm": 44.9, "mean_gpm_precipitation_sum": 0.0, "mean_built_surface_mean": 2881.7581941867675, "mean_population_sum": 0.0, "dominant_risk_class": "medium" }, "geometry": { "type": "Polygon", "coordinates": [ [ [ 31.398612851991352, 30.056620114161532 ], [ 31.398612851991352, 30.060507635919031 ], [ 31.403104428411954, 30.060507635919031 ], [ 31.403104428411954, 30.056620114161532 ], [ 31.398612851991352, 30.056620114161532 ] ] ] } },
{ "type": "Feature", "properties": { "zone_code": "NSR-GRID-170", "event_count": 30, "mean_predicted_score": 0.39326058723467905, "max_predicted_score": 0.73300343583577543, "min_predicted_score": 0.27120863656999639, "high_risk_event_count": 3, "medium_risk_event_count": 16, "low_risk_event_count": 11, "high_risk_event_ratio": 0.1, "mean_absolute_error": 0.003999712806115145, "mean_rain_24h_mm": 10.506666666666668, "max_rain_24h_mm": 44.9, "mean_gpm_precipitation_sum": 0.0, "mean_built_surface_mean": 2152.1677658697449, "mean_population_sum": 0.0, "dominant_risk_class": "medium" }, "geometry": { "type": "Polygon", "coordinates": [ [ [ 31.403104428411954, 30.056620114161532 ], [ 31.403104428411954, 30.060507635919031 ], [ 31.407596004832552, 30.060507635919031 ], [ 31.407596004832552, 30.056620114161532 ], [ 31.403104428411954, 30.056620114161532 ] ] ] } },
{ "type": "Feature", "properties": { "zone_code": "NSR-GRID-171", "event_count": 30, "mean_predicted_score": 0.28464518193291632, "max_predicted_score": 0.62634963869746285, "min_predicted_score": 0.1642597206812505, "high_risk_event_count": 0, "medium_risk_event_count": 7, "low_risk_event_count": 23, "high_risk_event_ratio": 0.0, "mean_absolute_error": 0.0046460179041983999, "mean_rain_24h_mm": 10.506666666666668, "max_rain_24h_mm": 44.9, "mean_gpm_precipitation_sum": 0.0, "mean_built_surface_mean": 489.29993815708099, "mean_population_sum": 0.0, "dominant_risk_class": "low" }, "geometry": { "type": "Polygon", "coordinates": [ [ [ 31.407596004832552, 30.056620114161532 ], [ 31.407596004832552, 30.060507635919031 ], [ 31.41208758125315, 30.060507635919031 ], [ 31.41208758125315, 30.056620114161532 ], [ 31.407596004832552, 30.056620114161532 ] ] ] } },
{ "type": "Feature", "properties": { "zone_code": "NSR-GRID-172", "event_count": 30, "mean_predicted_score": 0.28034559404742787, "max_predicted_score": 0.62314775721313731, "min_predicted_score": 0.15946537675438971, "high_risk_event_count": 0, "medium_risk_event_count": 7, "low_risk_event_count": 23, "high_risk_event_ratio": 0.0, "mean_absolute_error": 0.0041078901383519726, "mean_rain_24h_mm": 10.506666666666668, "max_rain_24h_mm": 44.9, "mean_gpm_precipitation_sum": 0.0, "mean_built_surface_mean": 47.999999999999993, "mean_population_sum": 0.0, "dominant_risk_class": "low" }, "geometry": { "type": "Polygon", "coordinates": [ [ [ 31.41208758125315, 30.056620114161532 ], [ 31.413161015291209, 30.056620114161532 ], [ 31.41208758125315, 30.055329505949825 ], [ 31.41208758125315, 30.056620114161532 ] ] ] } },
{ "type": "Feature", "properties": { "zone_code": "NSR-GRID-173", "event_count": 30, "mean_predicted_score": 0.26362515311456769, "max_predicted_score": 0.60405414061810292, "min_predicted_score": 0.14362595457094801, "high_risk_event_count": 0, "medium_risk_event_count": 7, "low_risk_event_count": 23, "high_risk_event_ratio": 0.0, "mean_absolute_error": 0.0047317262989013762, "mean_rain_24h_mm": 10.506666666666668, "max_rain_24h_mm": 44.9, "mean_gpm_precipitation_sum": 0.0, "mean_built_surface_mean": 245.87163876204971, "mean_population_sum": 0.0, "dominant_risk_class": "low" }, "geometry": { "type": "Polygon", "coordinates": [ [ [ 31.407596004832552, 30.052732439763453 ], [ 31.407596004832552, 30.056620114161532 ], [ 31.41208758125315, 30.056620114161532 ], [ 31.41208758125315, 30.055329505949825 ], [ 31.4115601, 30.0546953 ], [ 31.409898090104864, 30.052732439763453 ], [ 31.407596004832552, 30.052732439763453 ] ] ] } },
{ "type": "Feature", "properties": { "zone_code": "NSR-GRID-174", "event_count": 30, "mean_predicted_score": 0.4883131544774682, "max_predicted_score": 0.83034189927924773, "min_predicted_score": 0.36583998558288522, "high_risk_event_count": 5, "medium_risk_event_count": 25, "low_risk_event_count": 0, "high_risk_event_ratio": 0.16666666666666666, "mean_absolute_error": 0.0039130589725335264, "mean_rain_24h_mm": 10.506666666666668, "max_rain_24h_mm": 44.9, "mean_gpm_precipitation_sum": 0.0, "mean_built_surface_mean": 3306.1062874251502, "mean_population_sum": 0.0, "dominant_risk_class": "medium" }, "geometry": { "type": "Polygon", "coordinates": [ [ [ 31.326747629261792, 30.056620114161532 ], [ 31.326747629261792, 30.052732439763453 ], [ 31.325241426426246, 30.052732439763453 ], [ 31.3251262, 30.0528298 ], [ 31.3250972, 30.053014 ], [ 31.324525527109831, 30.056620114161532 ], [ 31.326747629261792, 30.056620114161532 ] ] ] } },
{ "type": "Feature", "properties": { "zone_code": "NSR-GRID-175", "event_count": 30, "mean_predicted_score": 0.562899983999679, "max_predicted_score": 0.90426329523435922, "min_predicted_score": 0.4413613781004555, "high_risk_event_count": 6, "medium_risk_event_count": 24, "low_risk_event_count": 0, "high_risk_event_ratio": 0.2, "mean_absolute_error": 0.003980774732651589, "mean_rain_24h_mm": 10.506666666666668, "max_rain_24h_mm": 44.9, "mean_gpm_precipitation_sum": 0.0, "mean_built_surface_mean": 4004.2948283170826, "mean_population_sum": 0.0, "dominant_risk_class": "medium" }, "geometry": { "type": "Polygon", "coordinates": [ [ [ 31.326747629261792, 30.052732439763453 ], [ 31.326747629261792, 30.056620114161532 ], [ 31.331239205682394, 30.056620114161532 ], [ 31.331239205682394, 30.052732439763453 ], [ 31.327302176329447, 30.052732439763453 ], [ 31.3272972, 30.0527847 ], [ 31.326967793108562, 30.052732439763453 ], [ 31.326747629261792, 30.052732439763453 ] ] ] } },
{ "type": "Feature", "properties": { "zone_code": "NSR-GRID-176", "event_count": 30, "mean_predicted_score": 0.54351356222268055, "max_predicted_score": 0.88585935301313801, "min_predicted_score": 0.42229236212333843, "high_risk_event_count": 5, "medium_risk_event_count": 25, "low_risk_event_count": 0, "high_risk_event_ratio": 0.16666666666666666, "mean_absolute_error": 0.0039589300806953361, "mean_rain_24h_mm": 10.506666666666668, "max_rain_24h_mm": 44.9, "mean_gpm_precipitation_sum": 0.0, "mean_built_surface_mean": 4029.7096842551391, "mean_population_sum": 0.0, "dominant_risk_class": "medium" }, "geometry": { "type": "Polygon", "coordinates": [ [ [ 31.331239205682394, 30.052732439763453 ], [ 31.331239205682394, 30.056620114161532 ], [ 31.335730782102992, 30.056620114161532 ], [ 31.335730782102992, 30.052732439763453 ], [ 31.331239205682394, 30.052732439763453 ] ] ] } },
{ "type": "Feature", "properties": { "zone_code": "NSR-GRID-177", "event_count": 30, "mean_predicted_score": 0.53490230686679718, "max_predicted_score": 0.87568266319810883, "min_predicted_score": 0.41312393744974629, "high_risk_event_count": 5, "medium_risk_event_count": 25, "low_risk_event_count": 0, "high_risk_event_ratio": 0.16666666666666666, "mean_absolute_error": 0.0040778031028947479, "mean_rain_24h_mm": 10.506666666666668, "max_rain_24h_mm": 44.9, "mean_gpm_precipitation_sum": 0.0, "mean_built_surface_mean": 3807.5911403136906, "mean_population_sum": 0.0, "dominant_risk_class": "medium" }, "geometry": { "type": "Polygon", "coordinates": [ [ [ 31.335730782102992, 30.052732439763453 ], [ 31.335730782102992, 30.056620114161532 ], [ 31.340222358523583, 30.056620114161532 ], [ 31.340222358523583, 30.052732439763453 ], [ 31.335730782102992, 30.052732439763453 ] ] ] } },
{ "type": "Feature", "properties": { "zone_code": "NSR-GRID-178", "event_count": 30, "mean_predicted_score": 0.52540442745284532, "max_predicted_score": 0.86890982672906036, "min_predicted_score": 0.40303859046176771, "high_risk_event_count": 5, "medium_risk_event_count": 25, "low_risk_event_count": 0, "high_risk_event_ratio": 0.16666666666666666, "mean_absolute_error": 0.0041862368438985165, "mean_rain_24h_mm": 10.506666666666668, "max_rain_24h_mm": 44.9, "mean_gpm_precipitation_sum": 0.0, "mean_built_surface_mean": 4038.576515472656, "mean_population_sum": 0.0, "dominant_risk_class": "medium" }, "geometry": { "type": "Polygon", "coordinates": [ [ [ 31.340222358523583, 30.052732439763453 ], [ 31.340222358523583, 30.056620114161532 ], [ 31.344713934944181, 30.056620114161532 ], [ 31.344713934944181, 30.052732439763453 ], [ 31.340222358523583, 30.052732439763453 ] ] ] } },
{ "type": "Feature", "properties": { "zone_code": "NSR-GRID-179", "event_count": 30, "mean_predicted_score": 0.52133303850930368, "max_predicted_score": 0.86536686238496774, "min_predicted_score": 0.39807464841355522, "high_risk_event_count": 5, "medium_risk_event_count": 25, "low_risk_event_count": 0, "high_risk_event_ratio": 0.16666666666666666, "mean_absolute_error": 0.0042755127297114063, "mean_rain_24h_mm": 10.506666666666668, "max_rain_24h_mm": 44.9, "mean_gpm_precipitation_sum": 0.0, "mean_built_surface_mean": 3946.5969485060382, "mean_population_sum": 0.0, "dominant_risk_class": "medium" }, "geometry": { "type": "Polygon", "coordinates": [ [ [ 31.344713934944181, 30.052732439763453 ], [ 31.344713934944181, 30.056620114161532 ], [ 31.349205511364779, 30.056620114161532 ], [ 31.349205511364779, 30.052732439763453 ], [ 31.344713934944181, 30.052732439763453 ] ] ] } },
{ "type": "Feature", "properties": { "zone_code": "NSR-GRID-180", "event_count": 30, "mean_predicted_score": 0.48320941759324698, "max_predicted_score": 0.82280095993928992, "min_predicted_score": 0.36097044002711209, "high_risk_event_count": 5, "medium_risk_event_count": 25, "low_risk_event_count": 0, "high_risk_event_ratio": 0.16666666666666666, "mean_absolute_error": 0.0043121375849734652, "mean_rain_24h_mm": 10.506666666666668, "max_rain_24h_mm": 44.9, "mean_gpm_precipitation_sum": 0.0, "mean_built_surface_mean": 4125.0069915254253, "mean_population_sum": 0.0, "dominant_risk_class": "medium" }, "geometry": { "type": "Polygon", "coordinates": [ [ [ 31.349205511364779, 30.052732439763453 ], [ 31.349205511364779, 30.056620114161532 ], [ 31.353697087785381, 30.056620114161532 ], [ 31.353697087785381, 30.052732439763453 ], [ 31.349205511364779, 30.052732439763453 ] ] ] } },
{ "type": "Feature", "properties": { "zone_code": "NSR-GRID-181", "event_count": 30, "mean_predicted_score": 0.47566228169267327, "max_predicted_score": 0.81777066975741008, "min_predicted_score": 0.35123520887063031, "high_risk_event_count": 5, "medium_risk_event_count": 25, "low_risk_event_count": 0, "high_risk_event_ratio": 0.16666666666666666, "mean_absolute_error": 0.0056415492372436137, "mean_rain_24h_mm": 10.506666666666668, "max_rain_24h_mm": 44.9, "mean_gpm_precipitation_sum": 0.0, "mean_built_surface_mean": 3901.9068191444289, "mean_population_sum": 0.0, "dominant_risk_class": "medium" }, "geometry": { "type": "Polygon", "coordinates": [ [ [ 31.353697087785381, 30.052732439763453 ], [ 31.353697087785381, 30.056620114161532 ], [ 31.358188664205979, 30.056620114161532 ], [ 31.358188664205979, 30.052732439763453 ], [ 31.353697087785381, 30.052732439763453 ] ] ] } },
{ "type": "Feature", "properties": { "zone_code": "NSR-GRID-182", "event_count": 30, "mean_predicted_score": 0.58111161828899227, "max_predicted_score": 0.91983774445373045, "min_predicted_score": 0.46126727726911299, "high_risk_event_count": 7, "medium_risk_event_count": 23, "low_risk_event_count": 0, "high_risk_event_ratio": 0.23333333333333334, "mean_absolute_error": 0.0049952224829067499, "mean_rain_24h_mm": 10.506666666666668, "max_rain_24h_mm": 44.9, "mean_gpm_precipitation_sum": 0.0, "mean_built_surface_mean": 4226.9286016949154, "mean_population_sum": 0.0, "dominant_risk_class": "medium" }, "geometry": { "type": "Polygon", "coordinates": [ [ [ 31.358188664205979, 30.052732439763453 ], [ 31.358188664205979, 30.056620114161532 ], [ 31.362680240626577, 30.056620114161532 ], [ 31.362680240626577, 30.052732439763453 ], [ 31.358188664205979, 30.052732439763453 ] ] ] } },
{ "type": "Feature", "properties": { "zone_code": "NSR-GRID-183", "event_count": 30, "mean_predicted_score": 0.52266554160178946, "max_predicted_score": 0.86225310364437724, "min_predicted_score": 0.4017511199110424, "high_risk_event_count": 5, "medium_risk_event_count": 25, "low_risk_event_count": 0, "high_risk_event_ratio": 0.16666666666666666, "mean_absolute_error": 0.0040879008768724585, "mean_rain_24h_mm": 10.506666666666668, "max_rain_24h_mm": 44.9, "mean_gpm_precipitation_sum": 0.0, "mean_built_surface_mean": 3833.2888323797401, "mean_population_sum": 0.0, "dominant_risk_class": "medium" }, "geometry": { "type": "Polygon", "coordinates": [ [ [ 31.362680240626577, 30.052732439763453 ], [ 31.362680240626577, 30.056620114161532 ], [ 31.367171817047169, 30.056620114161532 ], [ 31.367171817047169, 30.052732439763453 ], [ 31.362680240626577, 30.052732439763453 ] ] ] } },
{ "type": "Feature", "properties": { "zone_code": "NSR-GRID-184", "event_count": 30, "mean_predicted_score": 0.5318485095506591, "max_predicted_score": 0.8708099038861733, "min_predicted_score": 0.41076564666722021, "high_risk_event_count": 5, "medium_risk_event_count": 25, "low_risk_event_count": 0, "high_risk_event_ratio": 0.16666666666666666, "mean_absolute_error": 0.0042423421844118379, "mean_rain_24h_mm": 10.506666666666668, "max_rain_24h_mm": 44.9, "mean_gpm_precipitation_sum": 0.0, "mean_built_surface_mean": 3791.6401780038136, "mean_population_sum": 0.0, "dominant_risk_class": "medium" }, "geometry": { "type": "Polygon", "coordinates": [ [ [ 31.367171817047169, 30.052732439763453 ], [ 31.367171817047169, 30.056620114161532 ], [ 31.371663393467767, 30.056620114161532 ], [ 31.371663393467767, 30.052732439763453 ], [ 31.367171817047169, 30.052732439763453 ] ] ] } },
{ "type": "Feature", "properties": { "zone_code": "NSR-GRID-185", "event_count": 30, "mean_predicted_score": 0.45660061937982283, "max_predicted_score": 0.79434704625343411, "min_predicted_score": 0.33595294993365121, "high_risk_event_count": 4, "medium_risk_event_count": 26, "low_risk_event_count": 0, "high_risk_event_ratio": 0.13333333333333333, "mean_absolute_error": 0.0044791082538177297, "mean_rain_24h_mm": 10.506666666666668, "max_rain_24h_mm": 44.9, "mean_gpm_precipitation_sum": 0.0, "mean_built_surface_mean": 3020.1015045560493, "mean_population_sum": 0.0, "dominant_risk_class": "medium" }, "geometry": { "type": "Polygon", "coordinates": [ [ [ 31.371663393467767, 30.052732439763453 ], [ 31.371663393467767, 30.056620114161532 ], [ 31.376154969888365, 30.056620114161532 ], [ 31.376154969888365, 30.052732439763453 ], [ 31.371663393467767, 30.052732439763453 ] ] ] } },
{ "type": "Feature", "properties": { "zone_code": "NSR-GRID-186", "event_count": 30, "mean_predicted_score": 0.50425386517398174, "max_predicted_score": 0.84781942347603656, "min_predicted_score": 0.37982239843341459, "high_risk_event_count": 5, "medium_risk_event_count": 25, "low_risk_event_count": 0, "high_risk_event_ratio": 0.16666666666666666, "mean_absolute_error": 0.0052898342534929916, "mean_rain_24h_mm": 10.506666666666668, "max_rain_24h_mm": 44.9, "mean_gpm_precipitation_sum": 0.0, "mean_built_surface_mean": 4129.9813519813515, "mean_population_sum": 0.0, "dominant_risk_class": "medium" }, "geometry": { "type": "Polygon", "coordinates": [ [ [ 31.376154969888365, 30.052732439763453 ], [ 31.376154969888365, 30.056620114161532 ], [ 31.380646546308967, 30.056620114161532 ], [ 31.380646546308967, 30.052732439763453 ], [ 31.376154969888365, 30.052732439763453 ] ] ] } },
{ "type": "Feature", "properties": { "zone_code": "NSR-GRID-187", "event_count": 30, "mean_predicted_score": 0.5585738236333363, "max_predicted_score": 0.90037022911548836, "min_predicted_score": 0.43673534923956059, "high_risk_event_count": 6, "medium_risk_event_count": 24, "low_risk_event_count": 0, "high_risk_event_ratio": 0.2, "mean_absolute_error": 0.0035926293562928845, "mean_rain_24h_mm": 10.506666666666668, "max_rain_24h_mm": 44.9, "mean_gpm_precipitation_sum": 0.0, "mean_built_surface_mean": 4528.6550847457638, "mean_population_sum": 0.0, "dominant_risk_class": "medium" }, "geometry": { "type": "Polygon", "coordinates": [ [ [ 31.380646546308967, 30.052732439763453 ], [ 31.380646546308967, 30.056620114161532 ], [ 31.385138122729565, 30.056620114161532 ], [ 31.385138122729565, 30.052732439763453 ], [ 31.380646546308967, 30.052732439763453 ] ] ] } },
{ "type": "Feature", "properties": { "zone_code": "NSR-GRID-188", "event_count": 30, "mean_predicted_score": 0.56269714345312127, "max_predicted_score": 0.90314887239339359, "min_predicted_score": 0.44159861740858192, "high_risk_event_count": 6, "medium_risk_event_count": 24, "low_risk_event_count": 0, "high_risk_event_ratio": 0.2, "mean_absolute_error": 0.0040995790744261691, "mean_rain_24h_mm": 10.506666666666668, "max_rain_24h_mm": 44.9, "mean_gpm_precipitation_sum": 0.0, "mean_built_surface_mean": 4490.558262711862, "mean_population_sum": 0.0, "dominant_risk_class": "medium" }, "geometry": { "type": "Polygon", "coordinates": [ [ [ 31.385138122729565, 30.052732439763453 ], [ 31.385138122729565, 30.056620114161532 ], [ 31.389629699150163, 30.056620114161532 ], [ 31.389629699150163, 30.052732439763453 ], [ 31.385138122729565, 30.052732439763453 ] ] ] } },
{ "type": "Feature", "properties": { "zone_code": "NSR-GRID-189", "event_count": 30, "mean_predicted_score": 0.55265348311266782, "max_predicted_score": 0.89350856070439055, "min_predicted_score": 0.43100101920569428, "high_risk_event_count": 5, "medium_risk_event_count": 25, "low_risk_event_count": 0, "high_risk_event_ratio": 0.16666666666666666, "mean_absolute_error": 0.0041924880189341584, "mean_rain_24h_mm": 10.506666666666668, "max_rain_24h_mm": 44.9, "mean_gpm_precipitation_sum": 0.0, "mean_built_surface_mean": 4186.8534208854062, "mean_population_sum": 0.0, "dominant_risk_class": "medium" }, "geometry": { "type": "Polygon", "coordinates": [ [ [ 31.389629699150163, 30.052732439763453 ], [ 31.389629699150163, 30.056620114161532 ], [ 31.394121275570754, 30.056620114161532 ], [ 31.394121275570754, 30.052732439763453 ], [ 31.389629699150163, 30.052732439763453 ] ] ] } },
{ "type": "Feature", "properties": { "zone_code": "NSR-GRID-190", "event_count": 30, "mean_predicted_score": 0.48405650105469172, "max_predicted_score": 0.82260048811670872, "min_predicted_score": 0.36285432463781941, "high_risk_event_count": 5, "medium_risk_event_count": 25, "low_risk_event_count": 0, "high_risk_event_ratio": 0.16666666666666666, "mean_absolute_error": 0.0043418912925912382, "mean_rain_24h_mm": 10.506666666666668, "max_rain_24h_mm": 44.9, "mean_gpm_precipitation_sum": 0.0, "mean_built_surface_mean": 3266.4879237288128, "mean_population_sum": 0.0, "dominant_risk_class": "medium" }, "geometry": { "type": "Polygon", "coordinates": [ [ [ 31.394121275570754, 30.052732439763453 ], [ 31.394121275570754, 30.056620114161532 ], [ 31.398612851991352, 30.056620114161532 ], [ 31.398612851991352, 30.052732439763453 ], [ 31.394121275570754, 30.052732439763453 ] ] ] } },
{ "type": "Feature", "properties": { "zone_code": "NSR-GRID-191", "event_count": 30, "mean_predicted_score": 0.39460900125432757, "max_predicted_score": 0.73503471081418292, "min_predicted_score": 0.27381742440070111, "high_risk_event_count": 3, "medium_risk_event_count": 16, "low_risk_event_count": 11, "high_risk_event_ratio": 0.1, "mean_absolute_error": 0.0038924179336918613, "mean_rain_24h_mm": 10.506666666666668, "max_rain_24h_mm": 44.9, "mean_gpm_precipitation_sum": 0.0, "mean_built_surface_mean": 1984.7010593220339, "mean_population_sum": 0.0, "dominant_risk_class": "medium" }, "geometry": { "type": "Polygon", "coordinates": [ [ [ 31.398612851991352, 30.052732439763453 ], [ 31.398612851991352, 30.056620114161532 ], [ 31.403104428411954, 30.056620114161532 ], [ 31.403104428411954, 30.052732439763453 ], [ 31.398612851991352, 30.052732439763453 ] ] ] } },
{ "type": "Feature", "properties": { "zone_code": "NSR-GRID-192", "event_count": 30, "mean_predicted_score": 0.28562914648653565, "max_predicted_score": 0.62918352268690148, "min_predicted_score": 0.1646136475404156, "high_risk_event_count": 0, "medium_risk_event_count": 7, "low_risk_event_count": 23, "high_risk_event_ratio": 0.0, "mean_absolute_error": 0.0041133606591410134, "mean_rain_24h_mm": 10.506666666666668, "max_rain_24h_mm": 44.9, "mean_gpm_precipitation_sum": 0.0, "mean_built_surface_mean": 345.40856113583374, "mean_population_sum": 0.0, "dominant_risk_class": "low" }, "geometry": { "type": "Polygon", "coordinates": [ [ [ 31.403104428411954, 30.052732439763453 ], [ 31.403104428411954, 30.056620114161532 ], [ 31.407596004832552, 30.056620114161532 ], [ 31.407596004832552, 30.052732439763453 ], [ 31.403104428411954, 30.052732439763453 ] ] ] } },
{ "type": "Feature", "properties": { "zone_code": "NSR-GRID-193", "event_count": 30, "mean_predicted_score": 0.57826770790044735, "max_predicted_score": 0.91896127008386164, "min_predicted_score": 0.45692575357040538, "high_risk_event_count": 7, "medium_risk_event_count": 23, "low_risk_event_count": 0, "high_risk_event_ratio": 0.23333333333333334, "mean_absolute_error": 0.0040503199924997544, "mean_rain_24h_mm": 10.506666666666668, "max_rain_24h_mm": 44.9, "mean_gpm_precipitation_sum": 0.0, "mean_built_surface_mean": 4220.4324324324307, "mean_population_sum": 0.0, "dominant_risk_class": "medium" }, "geometry": { "type": "Polygon", "coordinates": [ [ [ 31.326747629261792, 30.052732439763453 ], [ 31.326747629261792, 30.052697510865265 ], [ 31.3266278, 30.0526785 ], [ 31.3258836, 30.0526042 ], [ 31.3254132, 30.0525873 ], [ 31.325241426426246, 30.052732439763453 ], [ 31.326747629261792, 30.052732439763453 ] ] ] } },
{ "type": "Feature", "properties": { "zone_code": "NSR-GRID-194", "event_count": 30, "mean_predicted_score": 0.36049202307865058, "max_predicted_score": 0.69820706307024472, "min_predicted_score": 0.2419645241694465, "high_risk_event_count": 2, "medium_risk_event_count": 12, "low_risk_event_count": 16, "high_risk_event_ratio": 0.066666666666666666, "mean_absolute_error": 0.0060141292822034117, "mean_rain_24h_mm": 10.506666666666668, "max_rain_24h_mm": 44.9, "mean_gpm_precipitation_sum": 0.0, "mean_built_surface_mean": 1225.2502937720335, "mean_population_sum": 0.0, "dominant_risk_class": "medium" }, "geometry": { "type": "Polygon", "coordinates": [ [ [ 31.407596004832552, 30.052732439763453 ], [ 31.409898090104864, 30.052732439763453 ], [ 31.407596004832552, 30.050013576013651 ], [ 31.407596004832552, 30.052732439763453 ] ] ] } },
{ "type": "Feature", "properties": { "zone_code": "NSR-GRID-195", "event_count": 30, "mean_predicted_score": 0.5128674095258815, "max_predicted_score": 0.85579791200646582, "min_predicted_score": 0.38979331718165361, "high_risk_event_count": 5, "medium_risk_event_count": 25, "low_risk_event_count": 0, "high_risk_event_ratio": 0.16666666666666666, "mean_absolute_error": 0.0041782000429082203, "mean_rain_24h_mm": 10.506666666666668, "max_rain_24h_mm": 44.9, "mean_gpm_precipitation_sum": 0.0, "mean_built_surface_mean": 3766.5401226339641, "mean_population_sum": 0.0, "dominant_risk_class": "medium" }, "geometry": { "type": "MultiPolygon", "coordinates": [ [ [ [ 31.331239205682394, 30.052732439763453 ], [ 31.331239205682394, 30.048844612736701 ], [ 31.328113132449186, 30.048844612736701 ], [ 31.3279076, 30.0497348 ], [ 31.3276101, 30.0510161 ], [ 31.327353, 30.0521987 ], [ 31.327302176329447, 30.052732439763453 ], [ 31.331239205682394, 30.052732439763453 ] ] ], [ [ [ 31.326747629261792, 30.052732439763453 ], [ 31.326967793108562, 30.052732439763453 ], [ 31.326747629261792, 30.052697510865265 ], [ 31.326747629261792, 30.052732439763453 ] ] ] ] } },
{ "type": "Feature", "properties": { "zone_code": "NSR-GRID-196", "event_count": 30, "mean_predicted_score": 0.34969630469560525, "max_predicted_score": 0.68542005552054852, "min_predicted_score": 0.23134021153355069, "high_risk_event_count": 2, "medium_risk_event_count": 12, "low_risk_event_count": 16, "high_risk_event_ratio": 0.066666666666666666, "mean_absolute_error": 0.0063147062974623263, "mean_rain_24h_mm": 10.506666666666668, "max_rain_24h_mm": 44.9, "mean_gpm_precipitation_sum": 0.0, "mean_built_surface_mean": 1113.1532767254525, "mean_population_sum": 0.0, "dominant_risk_class": "medium" }, "geometry": { "type": "Polygon", "coordinates": [ [ [ 31.403104428411954, 30.048844612736701 ], [ 31.403104428411954, 30.052732439763453 ], [ 31.407596004832552, 30.052732439763453 ], [ 31.407596004832552, 30.050013576013651 ], [ 31.4074487, 30.0498396 ], [ 31.406758924697812, 30.048844612736701 ], [ 31.403104428411954, 30.048844612736701 ] ] ] } },
{ "type": "Feature", "properties": { "zone_code": "NSR-GRID-197", "event_count": 30, "mean_predicted_score": 0.50061922197918995, "max_predicted_score": 0.84501490896507592, "min_predicted_score": 0.3756797554041677, "high_risk_event_count": 5, "medium_risk_event_count": 25, "low_risk_event_count": 0, "high_risk_event_ratio": 0.16666666666666666, "mean_absolute_error": 0.0055606287278913563, "mean_rain_24h_mm": 10.506666666666668, "max_rain_24h_mm": 44.9, "mean_gpm_precipitation_sum": 0.0, "mean_built_surface_mean": 3647.6798644929072, "mean_population_sum": 0.0, "dominant_risk_class": "medium" }, "geometry": { "type": "Polygon", "coordinates": [ [ [ 31.331239205682394, 30.048844612736701 ], [ 31.331239205682394, 30.052732439763453 ], [ 31.335730782102992, 30.052732439763453 ], [ 31.335730782102992, 30.048844612736701 ], [ 31.331239205682394, 30.048844612736701 ] ] ] } },
{ "type": "Feature", "properties": { "zone_code": "NSR-GRID-198", "event_count": 30, "mean_predicted_score": 0.44775822115468261, "max_predicted_score": 0.79063054498265106, "min_predicted_score": 0.32516943797640918, "high_risk_event_count": 4, "medium_risk_event_count": 16, "low_risk_event_count": 10, "high_risk_event_ratio": 0.13333333333333333, "mean_absolute_error": 0.0041238751270196352, "mean_rain_24h_mm": 10.506666666666668, "max_rain_24h_mm": 44.9, "mean_gpm_precipitation_sum": 0.0, "mean_built_surface_mean": 2681.0175810209716, "mean_population_sum": 0.0, "dominant_risk_class": "medium" }, "geometry": { "type": "Polygon", "coordinates": [ [ [ 31.335730782102992, 30.048844612736701 ], [ 31.335730782102992, 30.052732439763453 ], [ 31.340222358523583, 30.052732439763453 ], [ 31.340222358523583, 30.048844612736701 ], [ 31.335730782102992, 30.048844612736701 ] ] ] } },
{ "type": "Feature", "properties": { "zone_code": "NSR-GRID-199", "event_count": 30, "mean_predicted_score": 0.51431469563127385, "max_predicted_score": 0.85253107999519206, "min_predicted_score": 0.39264118076878612, "high_risk_event_count": 5, "medium_risk_event_count": 25, "low_risk_event_count": 0, "high_risk_event_ratio": 0.16666666666666666, "mean_absolute_error": 0.0049358903525409583, "mean_rain_24h_mm": 10.506666666666668, "max_rain_24h_mm": 44.9, "mean_gpm_precipitation_sum": 0.0, "mean_built_surface_mean": 4432.0946632782725, "mean_population_sum": 0.0, "dominant_risk_class": "medium" }, "geometry": { "type": "Polygon", "coordinates": [ [ [ 31.340222358523583, 30.048844612736701 ], [ 31.340222358523583, 30.052732439763453 ], [ 31.344713934944181, 30.052732439763453 ], [ 31.344713934944181, 30.048844612736701 ], [ 31.340222358523583, 30.048844612736701 ] ] ] } },
{ "type": "Feature", "properties": { "zone_code": "NSR-GRID-200", "event_count": 30, "mean_predicted_score": 0.53299455280270103, "max_predicted_score": 0.8738983643308188, "min_predicted_score": 0.4109425502485452, "high_risk_event_count": 5, "medium_risk_event_count": 25, "low_risk_event_count": 0, "high_risk_event_ratio": 0.16666666666666666, "mean_absolute_error": 0.0042590988430636781, "mean_rain_24h_mm": 10.506666666666668, "max_rain_24h_mm": 44.9, "mean_gpm_precipitation_sum": 0.0, "mean_built_surface_mean": 4521.6300296484551, "mean_population_sum": 0.0, "dominant_risk_class": "medium" }, "geometry": { "type": "Polygon", "coordinates": [ [ [ 31.344713934944181, 30.048844612736701 ], [ 31.344713934944181, 30.052732439763453 ], [ 31.349205511364779, 30.052732439763453 ], [ 31.349205511364779, 30.048844612736701 ], [ 31.344713934944181, 30.048844612736701 ] ] ] } },
{ "type": "Feature", "properties": { "zone_code": "NSR-GRID-201", "event_count": 30, "mean_predicted_score": 0.51054563031513855, "max_predicted_score": 0.85356933942657442, "min_predicted_score": 0.38749022867787097, "high_risk_event_count": 5, "medium_risk_event_count": 25, "low_risk_event_count": 0, "high_risk_event_ratio": 0.16666666666666666, "mean_absolute_error": 0.0047276575917085334, "mean_rain_24h_mm": 10.506666666666668, "max_rain_24h_mm": 44.9, "mean_gpm_precipitation_sum": 0.0, "mean_built_surface_mean": 4196.1203389830516, "mean_population_sum": 0.0, "dominant_risk_class": "medium" }, "geometry": { "type": "Polygon", "coordinates": [ [ [ 31.349205511364779, 30.048844612736701 ], [ 31.349205511364779, 30.052732439763453 ], [ 31.353697087785381, 30.052732439763453 ], [ 31.353697087785381, 30.048844612736701 ], [ 31.349205511364779, 30.048844612736701 ] ] ] } },
{ "type": "Feature", "properties": { "zone_code": "NSR-GRID-202", "event_count": 30, "mean_predicted_score": 0.51660157502768767, "max_predicted_score": 0.86026689346719154, "min_predicted_score": 0.39300708441233317, "high_risk_event_count": 5, "medium_risk_event_count": 25, "low_risk_event_count": 0, "high_risk_event_ratio": 0.16666666666666666, "mean_absolute_error": 0.0048067694433866345, "mean_rain_24h_mm": 10.506666666666668, "max_rain_24h_mm": 44.9, "mean_gpm_precipitation_sum": 0.0, "mean_built_surface_mean": 4047.3135718822773, "mean_population_sum": 0.0, "dominant_risk_class": "medium" }, "geometry": { "type": "Polygon", "coordinates": [ [ [ 31.353697087785381, 30.048844612736701 ], [ 31.353697087785381, 30.052732439763453 ], [ 31.358188664205979, 30.052732439763453 ], [ 31.358188664205979, 30.048844612736701 ], [ 31.353697087785381, 30.048844612736701 ] ] ] } },
{ "type": "Feature", "properties": { "zone_code": "NSR-GRID-203", "event_count": 30, "mean_predicted_score": 0.52743844780179339, "max_predicted_score": 0.8679802819567648, "min_predicted_score": 0.40591688380652241, "high_risk_event_count": 5, "medium_risk_event_count": 25, "low_risk_event_count": 0, "high_risk_event_ratio": 0.16666666666666666, "mean_absolute_error": 0.0042590678227498466, "mean_rain_24h_mm": 10.506666666666668, "max_rain_24h_mm": 44.9, "mean_gpm_precipitation_sum": 0.0, "mean_built_surface_mean": 3544.4866581956785, "mean_population_sum": 0.0, "dominant_risk_class": "medium" }, "geometry": { "type": "Polygon", "coordinates": [ [ [ 31.358188664205979, 30.048844612736701 ], [ 31.358188664205979, 30.052732439763453 ], [ 31.362680240626577, 30.052732439763453 ], [ 31.362680240626577, 30.048844612736701 ], [ 31.358188664205979, 30.048844612736701 ] ] ] } },
{ "type": "Feature", "properties": { "zone_code": "NSR-GRID-204", "event_count": 30, "mean_predicted_score": 0.55945152915111873, "max_predicted_score": 0.90164385676851, "min_predicted_score": 0.43718462251936918, "high_risk_event_count": 6, "medium_risk_event_count": 24, "low_risk_event_count": 0, "high_risk_event_ratio": 0.2, "mean_absolute_error": 0.0039294568305790565, "mean_rain_24h_mm": 10.506666666666668, "max_rain_24h_mm": 44.9, "mean_gpm_precipitation_sum": 0.0, "mean_built_surface_mean": 4027.3671395299598, "mean_population_sum": 0.0, "dominant_risk_class": "medium" }, "geometry": { "type": "Polygon", "coordinates": [ [ [ 31.362680240626577, 30.048844612736701 ], [ 31.362680240626577, 30.052732439763453 ], [ 31.367171817047169, 30.052732439763453 ], [ 31.367171817047169, 30.048844612736701 ], [ 31.362680240626577, 30.048844612736701 ] ] ] } },
{ "type": "Feature", "properties": { "zone_code": "NSR-GRID-205", "event_count": 30, "mean_predicted_score": 0.48802003709453406, "max_predicted_score": 0.82978998408019422, "min_predicted_score": 0.36490964724952768, "high_risk_event_count": 5, "medium_risk_event_count": 25, "low_risk_event_count": 0, "high_risk_event_ratio": 0.16666666666666666, "mean_absolute_error": 0.0046136225568702092, "mean_rain_24h_mm": 10.506666666666668, "max_rain_24h_mm": 44.9, "mean_gpm_precipitation_sum": 0.0, "mean_built_surface_mean": 3649.0942197755667, "mean_population_sum": 0.0, "dominant_risk_class": "medium" }, "geometry": { "type": "Polygon", "coordinates": [ [ [ 31.367171817047169, 30.048844612736701 ], [ 31.367171817047169, 30.052732439763453 ], [ 31.371663393467767, 30.052732439763453 ], [ 31.371663393467767, 30.048844612736701 ], [ 31.367171817047169, 30.048844612736701 ] ] ] } },
{ "type": "Feature", "properties": { "zone_code": "NSR-GRID-206", "event_count": 30, "mean_predicted_score": 0.54025771622190943, "max_predicted_score": 0.88099921707427786, "min_predicted_score": 0.41866661701993008, "high_risk_event_count": 5, "medium_risk_event_count": 25, "low_risk_event_count": 0, "high_risk_event_ratio": 0.16666666666666666, "mean_absolute_error": 0.0041126233928528476, "mean_rain_24h_mm": 10.506666666666668, "max_rain_24h_mm": 44.9, "mean_gpm_precipitation_sum": 0.0, "mean_built_surface_mean": 4247.8723269108623, "mean_population_sum": 0.0, "dominant_risk_class": "medium" }, "geometry": { "type": "Polygon", "coordinates": [ [ [ 31.371663393467767, 30.048844612736701 ], [ 31.371663393467767, 30.052732439763453 ], [ 31.376154969888365, 30.052732439763453 ], [ 31.376154969888365, 30.048844612736701 ], [ 31.371663393467767, 30.048844612736701 ] ] ] } },
{ "type": "Feature", "properties": { "zone_code": "NSR-GRID-207", "event_count": 30, "mean_predicted_score": 0.52192044828516382, "max_predicted_score": 0.86396189833105208, "min_predicted_score": 0.39791366312556431, "high_risk_event_count": 5, "medium_risk_event_count": 25, "low_risk_event_count": 0, "high_risk_event_ratio": 0.16666666666666666, "mean_absolute_error": 0.0050767954486053398, "mean_rain_24h_mm": 10.506666666666668, "max_rain_24h_mm": 44.9, "mean_gpm_precipitation_sum": 0.0, "mean_built_surface_mean": 4313.1450963778889, "mean_population_sum": 0.0, "dominant_risk_class": "medium" }, "geometry": { "type": "Polygon", "coordinates": [ [ [ 31.376154969888365, 30.048844612736701 ], [ 31.376154969888365, 30.052732439763453 ], [ 31.380646546308967, 30.052732439763453 ], [ 31.380646546308967, 30.048844612736701 ], [ 31.376154969888365, 30.048844612736701 ] ] ] } },
{ "type": "Feature", "properties": { "zone_code": "NSR-GRID-208", "event_count": 30, "mean_predicted_score": 0.56517874996583251, "max_predicted_score": 0.90590675739495075, "min_predicted_score": 0.44427936093988069, "high_risk_event_count": 6, "medium_risk_event_count": 24, "low_risk_event_count": 0, "high_risk_event_ratio": 0.2, "mean_absolute_error": 0.0040711700008685542, "mean_rain_24h_mm": 10.506666666666668, "max_rain_24h_mm": 44.9, "mean_gpm_precipitation_sum": 0.0, "mean_built_surface_mean": 4548.5713680643803, "mean_population_sum": 0.0, "dominant_risk_class": "medium" }, "geometry": { "type": "Polygon", "coordinates": [ [ [ 31.380646546308967, 30.048844612736701 ], [ 31.380646546308967, 30.052732439763453 ], [ 31.385138122729565, 30.052732439763453 ], [ 31.385138122729565, 30.048844612736701 ], [ 31.380646546308967, 30.048844612736701 ] ] ] } },
{ "type": "Feature", "properties": { "zone_code": "NSR-GRID-209", "event_count": 30, "mean_predicted_score": 0.54579332878374087, "max_predicted_score": 0.88749384837762435, "min_predicted_score": 0.42371486011534659, "high_risk_event_count": 5, "medium_risk_event_count": 25, "low_risk_event_count": 0, "high_risk_event_ratio": 0.16666666666666666, "mean_absolute_error": 0.0038995863133854274, "mean_rain_24h_mm": 10.506666666666668, "max_rain_24h_mm": 44.9, "mean_gpm_precipitation_sum": 0.0, "mean_built_surface_mean": 4473.9012920991336, "mean_population_sum": 0.0, "dominant_risk_class": "medium" }, "geometry": { "type": "Polygon", "coordinates": [ [ [ 31.385138122729565, 30.048844612736701 ], [ 31.385138122729565, 30.052732439763453 ], [ 31.389629699150163, 30.052732439763453 ], [ 31.389629699150163, 30.048844612736701 ], [ 31.385138122729565, 30.048844612736701 ] ] ] } },
{ "type": "Feature", "properties": { "zone_code": "NSR-GRID-210", "event_count": 30, "mean_predicted_score": 0.55848242616160915, "max_predicted_score": 0.89878168249508861, "min_predicted_score": 0.43741367013574028, "high_risk_event_count": 5, "medium_risk_event_count": 25, "low_risk_event_count": 0, "high_risk_event_ratio": 0.16666666666666666, "mean_absolute_error": 0.0039684534389348002, "mean_rain_24h_mm": 10.506666666666668, "max_rain_24h_mm": 44.9, "mean_gpm_precipitation_sum": 0.0, "mean_built_surface_mean": 4463.9621003599432, "mean_population_sum": 0.0, "dominant_risk_class": "medium" }, "geometry": { "type": "Polygon", "coordinates": [ [ [ 31.389629699150163, 30.048844612736701 ], [ 31.389629699150163, 30.052732439763453 ], [ 31.394121275570754, 30.052732439763453 ], [ 31.394121275570754, 30.048844612736701 ], [ 31.389629699150163, 30.048844612736701 ] ] ] } },
{ "type": "Feature", "properties": { "zone_code": "NSR-GRID-211", "event_count": 30, "mean_predicted_score": 0.54763893374980366, "max_predicted_score": 0.88955542018516343, "min_predicted_score": 0.42537998943944938, "high_risk_event_count": 5, "medium_risk_event_count": 25, "low_risk_event_count": 0, "high_risk_event_ratio": 0.16666666666666666, "mean_absolute_error": 0.0038469036779480411, "mean_rain_24h_mm": 10.506666666666668, "max_rain_24h_mm": 44.9, "mean_gpm_precipitation_sum": 0.0, "mean_built_surface_mean": 4414.5263603641761, "mean_population_sum": 0.0, "dominant_risk_class": "medium" }, "geometry": { "type": "Polygon", "coordinates": [ [ [ 31.394121275570754, 30.048844612736701 ], [ 31.394121275570754, 30.052732439763453 ], [ 31.398612851991352, 30.052732439763453 ], [ 31.398612851991352, 30.048844612736701 ], [ 31.394121275570754, 30.048844612736701 ] ] ] } },
{ "type": "Feature", "properties": { "zone_code": "NSR-GRID-212", "event_count": 30, "mean_predicted_score": 0.44898524218668662, "max_predicted_score": 0.79000003233343419, "min_predicted_score": 0.32582369000752032, "high_risk_event_count": 4, "medium_risk_event_count": 16, "low_risk_event_count": 10, "high_risk_event_ratio": 0.13333333333333333, "mean_absolute_error": 0.0048168138543096444, "mean_rain_24h_mm": 10.506666666666668, "max_rain_24h_mm": 44.9, "mean_gpm_precipitation_sum": 0.0, "mean_built_surface_mean": 2734.9917407878033, "mean_population_sum": 0.0, "dominant_risk_class": "medium" }, "geometry": { "type": "Polygon", "coordinates": [ [ [ 31.398612851991352, 30.048844612736701 ], [ 31.398612851991352, 30.052732439763453 ], [ 31.403104428411954, 30.052732439763453 ], [ 31.403104428411954, 30.048844612736701 ], [ 31.398612851991352, 30.048844612736701 ] ] ] } },
{ "type": "Feature", "properties": { "zone_code": "NSR-GRID-213", "event_count": 30, "mean_predicted_score": 0.37438570281353617, "max_predicted_score": 0.71445525695516776, "min_predicted_score": 0.25282843493652091, "high_risk_event_count": 3, "medium_risk_event_count": 11, "low_risk_event_count": 16, "high_risk_event_ratio": 0.1, "mean_absolute_error": 0.0047356601215414428, "mean_rain_24h_mm": 10.506666666666668, "max_rain_24h_mm": 44.9, "mean_gpm_precipitation_sum": 0.0, "mean_built_surface_mean": 1969.9495858840476, "mean_population_sum": 0.0, "dominant_risk_class": "medium" }, "geometry": { "type": "Polygon", "coordinates": [ [ [ 31.403104428411954, 30.044956633093168 ], [ 31.403104428411954, 30.048844612736701 ], [ 31.406758924697812, 30.048844612736701 ], [ 31.4059316, 30.0476512 ], [ 31.404817173280087, 30.044956633093168 ], [ 31.403104428411954, 30.044956633093168 ] ] ] } },
{ "type": "Feature", "properties": { "zone_code": "NSR-GRID-214", "event_count": 30, "mean_predicted_score": 0.55013447516616121, "max_predicted_score": 0.8905959314314974, "min_predicted_score": 0.42905181666008141, "high_risk_event_count": 5, "medium_risk_event_count": 25, "low_risk_event_count": 0, "high_risk_event_ratio": 0.16666666666666666, "mean_absolute_error": 0.0042456054816270685, "mean_rain_24h_mm": 10.506666666666668, "max_rain_24h_mm": 44.9, "mean_gpm_precipitation_sum": 0.0, "mean_built_surface_mean": 4533.6692015209128, "mean_population_sum": 0.0, "dominant_risk_class": "medium" }, "geometry": { "type": "Polygon", "coordinates": [ [ [ 31.331239205682394, 30.048844612736701 ], [ 31.331239205682394, 30.044956633093168 ], [ 31.329008436839352, 30.044956633093168 ], [ 31.3288656, 30.045586299999989 ], [ 31.3284128, 30.0475467 ], [ 31.328113132449186, 30.048844612736701 ], [ 31.331239205682394, 30.048844612736701 ] ] ] } },
{ "type": "Feature", "properties": { "zone_code": "NSR-GRID-215", "event_count": 30, "mean_predicted_score": 0.51728062786911033, "max_predicted_score": 0.85769414503659924, "min_predicted_score": 0.39606334556478839, "high_risk_event_count": 5, "medium_risk_event_count": 25, "low_risk_event_count": 0, "high_risk_event_ratio": 0.16666666666666666, "mean_absolute_error": 0.0038212898500426672, "mean_rain_24h_mm": 10.506666666666668, "max_rain_24h_mm": 44.9, "mean_gpm_precipitation_sum": 0.0, "mean_built_surface_mean": 3869.93980622552, "mean_population_sum": 0.0, "dominant_risk_class": "medium" }, "geometry": { "type": "Polygon", "coordinates": [ [ [ 31.331239205682394, 30.044956633093168 ], [ 31.331239205682394, 30.048844612736701 ], [ 31.335730782102992, 30.048844612736701 ], [ 31.335730782102992, 30.044956633093168 ], [ 31.331239205682394, 30.044956633093168 ] ] ] } },
{ "type": "Feature", "properties": { "zone_code": "NSR-GRID-216", "event_count": 30, "mean_predicted_score": 0.51869773437581645, "max_predicted_score": 0.85953509119230209, "min_predicted_score": 0.39676965423337601, "high_risk_event_count": 5, "medium_risk_event_count": 25, "low_risk_event_count": 0, "high_risk_event_ratio": 0.16666666666666666, "mean_absolute_error": 0.0039641936681968836, "mean_rain_24h_mm": 10.506666666666668, "max_rain_24h_mm": 44.9, "mean_gpm_precipitation_sum": 0.0, "mean_built_surface_mean": 3659.7502575726371, "mean_population_sum": 0.0, "dominant_risk_class": "medium" }, "geometry": { "type": "Polygon", "coordinates": [ [ [ 31.335730782102992, 30.044956633093168 ], [ 31.335730782102992, 30.048844612736701 ], [ 31.340222358523583, 30.048844612736701 ], [ 31.340222358523583, 30.044956633093168 ], [ 31.335730782102992, 30.044956633093168 ] ] ] } },
{ "type": "Feature", "properties": { "zone_code": "NSR-GRID-217", "event_count": 30, "mean_predicted_score": 0.54384795428397115, "max_predicted_score": 0.88411651741342834, "min_predicted_score": 0.42281937343685699, "high_risk_event_count": 5, "medium_risk_event_count": 25, "low_risk_event_count": 0, "high_risk_event_ratio": 0.16666666666666666, "mean_absolute_error": 0.0040274417258638921, "mean_rain_24h_mm": 10.506666666666668, "max_rain_24h_mm": 44.9, "mean_gpm_precipitation_sum": 0.0, "mean_built_surface_mean": 4404.5571134020602, "mean_population_sum": 0.0, "dominant_risk_class": "medium" }, "geometry": { "type": "Polygon", "coordinates": [ [ [ 31.340222358523583, 30.044956633093168 ], [ 31.340222358523583, 30.048844612736701 ], [ 31.344713934944181, 30.048844612736701 ], [ 31.344713934944181, 30.044956633093168 ], [ 31.340222358523583, 30.044956633093168 ] ] ] } },
{ "type": "Feature", "properties": { "zone_code": "NSR-GRID-218", "event_count": 30, "mean_predicted_score": 0.54403249569076417, "max_predicted_score": 0.88515841618761804, "min_predicted_score": 0.42303920397955741, "high_risk_event_count": 5, "medium_risk_event_count": 25, "low_risk_event_count": 0, "high_risk_event_ratio": 0.16666666666666666, "mean_absolute_error": 0.0041571726937491386, "mean_rain_24h_mm": 10.506666666666668, "max_rain_24h_mm": 44.9, "mean_gpm_precipitation_sum": 0.0, "mean_built_surface_mean": 4148.083487940632, "mean_population_sum": 0.0, "dominant_risk_class": "medium" }, "geometry": { "type": "Polygon", "coordinates": [ [ [ 31.344713934944181, 30.044956633093168 ], [ 31.344713934944181, 30.048844612736701 ], [ 31.349205511364779, 30.048844612736701 ], [ 31.349205511364779, 30.044956633093168 ], [ 31.344713934944181, 30.044956633093168 ] ] ] } },
{ "type": "Feature", "properties": { "zone_code": "NSR-GRID-219", "event_count": 30, "mean_predicted_score": 0.49328310257306934, "max_predicted_score": 0.83516031767573473, "min_predicted_score": 0.37021921743058961, "high_risk_event_count": 5, "medium_risk_event_count": 25, "low_risk_event_count": 0, "high_risk_event_ratio": 0.16666666666666666, "mean_absolute_error": 0.0044692581896440299, "mean_rain_24h_mm": 10.506666666666668, "max_rain_24h_mm": 44.9, "mean_gpm_precipitation_sum": 0.0, "mean_built_surface_mean": 3859.3279736136883, "mean_population_sum": 0.0, "dominant_risk_class": "medium" }, "geometry": { "type": "Polygon", "coordinates": [ [ [ 31.349205511364779, 30.044956633093168 ], [ 31.349205511364779, 30.048844612736701 ], [ 31.353697087785381, 30.048844612736701 ], [ 31.353697087785381, 30.044956633093168 ], [ 31.349205511364779, 30.044956633093168 ] ] ] } },
{ "type": "Feature", "properties": { "zone_code": "NSR-GRID-220", "event_count": 30, "mean_predicted_score": 0.52119030780054443, "max_predicted_score": 0.86308225487572632, "min_predicted_score": 0.39880001841091089, "high_risk_event_count": 5, "medium_risk_event_count": 25, "low_risk_event_count": 0, "high_risk_event_ratio": 0.16666666666666666, "mean_absolute_error": 0.0040025692036229198, "mean_rain_24h_mm": 10.506666666666668, "max_rain_24h_mm": 44.9, "mean_gpm_precipitation_sum": 0.0, "mean_built_surface_mean": 3705.0618556701043, "mean_population_sum": 0.0, "dominant_risk_class": "medium" }, "geometry": { "type": "Polygon", "coordinates": [ [ [ 31.353697087785381, 30.044956633093168 ], [ 31.353697087785381, 30.048844612736701 ], [ 31.358188664205979, 30.048844612736701 ], [ 31.358188664205979, 30.044956633093168 ], [ 31.353697087785381, 30.044956633093168 ] ] ] } },
{ "type": "Feature", "properties": { "zone_code": "NSR-GRID-221", "event_count": 30, "mean_predicted_score": 0.61797661915412683, "max_predicted_score": 0.95424683379856157, "min_predicted_score": 0.49712867329951022, "high_risk_event_count": 7, "medium_risk_event_count": 23, "low_risk_event_count": 0, "high_risk_event_ratio": 0.23333333333333334, "mean_absolute_error": 0.0053481269191972859, "mean_rain_24h_mm": 10.506666666666668, "max_rain_24h_mm": 44.9, "mean_gpm_precipitation_sum": 0.0, "mean_built_surface_mean": 4836.9503195217458, "mean_population_sum": 0.0, "dominant_risk_class": "medium" }, "geometry": { "type": "Polygon", "coordinates": [ [ [ 31.358188664205979, 30.044956633093168 ], [ 31.358188664205979, 30.048844612736701 ], [ 31.362680240626577, 30.048844612736701 ], [ 31.362680240626577, 30.044956633093168 ], [ 31.358188664205979, 30.044956633093168 ] ] ] } },
{ "type": "Feature", "properties": { "zone_code": "NSR-GRID-222", "event_count": 30, "mean_predicted_score": 0.49825514084612071, "max_predicted_score": 0.83720855559580754, "min_predicted_score": 0.37656579241117571, "high_risk_event_count": 5, "medium_risk_event_count": 25, "low_risk_event_count": 0, "high_risk_event_ratio": 0.16666666666666666, "mean_absolute_error": 0.0044484498688484838, "mean_rain_24h_mm": 10.506666666666668, "max_rain_24h_mm": 44.9, "mean_gpm_precipitation_sum": 0.0, "mean_built_surface_mean": 3323.6125773195868, "mean_population_sum": 0.0, "dominant_risk_class": "medium" }, "geometry": { "type": "Polygon", "coordinates": [ [ [ 31.362680240626577, 30.044956633093168 ], [ 31.362680240626577, 30.048844612736701 ], [ 31.367171817047169, 30.048844612736701 ], [ 31.367171817047169, 30.044956633093168 ], [ 31.362680240626577, 30.044956633093168 ] ] ] } },
{ "type": "Feature", "properties": { "zone_code": "NSR-GRID-223", "event_count": 30, "mean_predicted_score": 0.56563979815375443, "max_predicted_score": 0.9057386597680952, "min_predicted_score": 0.4452072310073642, "high_risk_event_count": 6, "medium_risk_event_count": 24, "low_risk_event_count": 0, "high_risk_event_ratio": 0.2, "mean_absolute_error": 0.0044411598485374244, "mean_rain_24h_mm": 10.506666666666668, "max_rain_24h_mm": 44.9, "mean_gpm_precipitation_sum": 0.0, "mean_built_surface_mean": 4529.0544105523468, "mean_population_sum": 0.0, "dominant_risk_class": "medium" }, "geometry": { "type": "Polygon", "coordinates": [ [ [ 31.367171817047169, 30.044956633093168 ], [ 31.367171817047169, 30.048844612736701 ], [ 31.371663393467767, 30.048844612736701 ], [ 31.371663393467767, 30.044956633093168 ], [ 31.367171817047169, 30.044956633093168 ] ] ] } },
{ "type": "Feature", "properties": { "zone_code": "NSR-GRID-224", "event_count": 30, "mean_predicted_score": 0.55910568696624252, "max_predicted_score": 0.90117978460431925, "min_predicted_score": 0.43697971924047702, "high_risk_event_count": 6, "medium_risk_event_count": 24, "low_risk_event_count": 0, "high_risk_event_ratio": 0.2, "mean_absolute_error": 0.0037764344141089203, "mean_rain_24h_mm": 10.506666666666668, "max_rain_24h_mm": 44.9, "mean_gpm_precipitation_sum": 0.0, "mean_built_surface_mean": 4547.7895713108001, "mean_population_sum": 0.0, "dominant_risk_class": "medium" }, "geometry": { "type": "Polygon", "coordinates": [ [ [ 31.371663393467767, 30.044956633093168 ], [ 31.371663393467767, 30.048844612736701 ], [ 31.376154969888365, 30.048844612736701 ], [ 31.376154969888365, 30.044956633093168 ], [ 31.371663393467767, 30.044956633093168 ] ] ] } },
{ "type": "Feature", "properties": { "zone_code": "NSR-GRID-225", "event_count": 30, "mean_predicted_score": 0.50355374537133801, "max_predicted_score": 0.84770299650842795, "min_predicted_score": 0.38037186747563217, "high_risk_event_count": 5, "medium_risk_event_count": 25, "low_risk_event_count": 0, "high_risk_event_ratio": 0.16666666666666666, "mean_absolute_error": 0.0049322643996467319, "mean_rain_24h_mm": 10.506666666666668, "max_rain_24h_mm": 44.9, "mean_gpm_precipitation_sum": 0.0, "mean_built_surface_mean": 3758.2862147125475, "mean_population_sum": 0.0, "dominant_risk_class": "medium" }, "geometry": { "type": "Polygon", "coordinates": [ [ [ 31.376154969888365, 30.044956633093168 ], [ 31.376154969888365, 30.048844612736701 ], [ 31.380646546308967, 30.048844612736701 ], [ 31.380646546308967, 30.044956633093168 ], [ 31.376154969888365, 30.044956633093168 ] ] ] } },
{ "type": "Feature", "properties": { "zone_code": "NSR-GRID-226", "event_count": 30, "mean_predicted_score": 0.46624993729725389, "max_predicted_score": 0.80680430181339413, "min_predicted_score": 0.3441150226331432, "high_risk_event_count": 4, "medium_risk_event_count": 26, "low_risk_event_count": 0, "high_risk_event_ratio": 0.13333333333333333, "mean_absolute_error": 0.0044570179102722584, "mean_rain_24h_mm": 10.506666666666668, "max_rain_24h_mm": 44.9, "mean_gpm_precipitation_sum": 0.0, "mean_built_surface_mean": 3429.8279060181376, "mean_population_sum": 0.0, "dominant_risk_class": "medium" }, "geometry": { "type": "Polygon", "coordinates": [ [ [ 31.380646546308967, 30.044956633093168 ], [ 31.380646546308967, 30.048844612736701 ], [ 31.385138122729565, 30.048844612736701 ], [ 31.385138122729565, 30.044956633093168 ], [ 31.380646546308967, 30.044956633093168 ] ] ] } },
{ "type": "Feature", "properties": { "zone_code": "NSR-GRID-227", "event_count": 30, "mean_predicted_score": 0.55946076236616427, "max_predicted_score": 0.90305561636371678, "min_predicted_score": 0.43603437419767033, "high_risk_event_count": 6, "medium_risk_event_count": 24, "low_risk_event_count": 0, "high_risk_event_ratio": 0.2, "mean_absolute_error": 0.004442846230435663, "mean_rain_24h_mm": 10.506666666666668, "max_rain_24h_mm": 44.9, "mean_gpm_precipitation_sum": 0.0, "mean_built_surface_mean": 4597.0424567188784, "mean_population_sum": 0.0, "dominant_risk_class": "medium" }, "geometry": { "type": "Polygon", "coordinates": [ [ [ 31.385138122729565, 30.044956633093168 ], [ 31.385138122729565, 30.048844612736701 ], [ 31.389629699150163, 30.048844612736701 ], [ 31.389629699150163, 30.044956633093168 ], [ 31.385138122729565, 30.044956633093168 ] ] ] } },
{ "type": "Feature", "properties": { "zone_code": "NSR-GRID-228", "event_count": 30, "mean_predicted_score": 0.52845351784332406, "max_predicted_score": 0.87520183875284019, "min_predicted_score": 0.4023864369277258, "high_risk_event_count": 5, "medium_risk_event_count": 25, "low_risk_event_count": 0, "high_risk_event_ratio": 0.16666666666666666, "mean_absolute_error": 0.0068784935116727088, "mean_rain_24h_mm": 10.506666666666668, "max_rain_24h_mm": 44.9, "mean_gpm_precipitation_sum": 0.0, "mean_built_surface_mean": 4735.4356966199502, "mean_population_sum": 0.0, "dominant_risk_class": "medium" }, "geometry": { "type": "Polygon", "coordinates": [ [ [ 31.389629699150163, 30.044956633093168 ], [ 31.389629699150163, 30.048844612736701 ], [ 31.394121275570754, 30.048844612736701 ], [ 31.394121275570754, 30.044956633093168 ], [ 31.389629699150163, 30.044956633093168 ] ] ] } },
{ "type": "Feature", "properties": { "zone_code": "NSR-GRID-229", "event_count": 30, "mean_predicted_score": 0.56018002404066658, "max_predicted_score": 0.90291641300443282, "min_predicted_score": 0.43740649489604122, "high_risk_event_count": 6, "medium_risk_event_count": 24, "low_risk_event_count": 0, "high_risk_event_ratio": 0.2, "mean_absolute_error": 0.0043922269663058807, "mean_rain_24h_mm": 10.506666666666668, "max_rain_24h_mm": 44.9, "mean_gpm_precipitation_sum": 0.0, "mean_built_surface_mean": 4655.8032989690719, "mean_population_sum": 0.0, "dominant_risk_class": "medium" }, "geometry": { "type": "Polygon", "coordinates": [ [ [ 31.394121275570754, 30.044956633093168 ], [ 31.394121275570754, 30.048844612736701 ], [ 31.398612851991352, 30.048844612736701 ], [ 31.398612851991352, 30.044956633093168 ], [ 31.394121275570754, 30.044956633093168 ] ] ] } },
{ "type": "Feature", "properties": { "zone_code": "NSR-GRID-230", "event_count": 30, "mean_predicted_score": 0.55087174112875814, "max_predicted_score": 0.89412433000718827, "min_predicted_score": 0.4272087890739576, "high_risk_event_count": 5, "medium_risk_event_count": 25, "low_risk_event_count": 0, "high_risk_event_ratio": 0.16666666666666666, "mean_absolute_error": 0.0045756290447725861, "mean_rain_24h_mm": 10.506666666666668, "max_rain_24h_mm": 44.9, "mean_gpm_precipitation_sum": 0.0, "mean_built_surface_mean": 4232.1146155431879, "mean_population_sum": 0.0, "dominant_risk_class": "medium" }, "geometry": { "type": "Polygon", "coordinates": [ [ [ 31.398612851991352, 30.044956633093168 ], [ 31.398612851991352, 30.048844612736701 ], [ 31.403104428411954, 30.048844612736701 ], [ 31.403104428411954, 30.044956633093168 ], [ 31.398612851991352, 30.044956633093168 ] ] ] } },
{ "type": "Feature", "properties": { "zone_code": "NSR-GRID-231", "event_count": 30, "mean_predicted_score": 0.24785518978109694, "max_predicted_score": 0.5946373015774562, "min_predicted_score": 0.12265616369868999, "high_risk_event_count": 0, "medium_risk_event_count": 7, "low_risk_event_count": 23, "high_risk_event_ratio": 0.0, "mean_absolute_error": 0.0077297788706396833, "mean_rain_24h_mm": 10.506666666666668, "max_rain_24h_mm": 44.9, "mean_gpm_precipitation_sum": 0.0, "mean_built_surface_mean": 1133.6718386346006, "mean_population_sum": 0.0, "dominant_risk_class": "low" }, "geometry": { "type": "Polygon", "coordinates": [ [ [ 31.403104428411954, 30.041068500844791 ], [ 31.403104428411954, 30.044956633093168 ], [ 31.404817173280087, 30.044956633093168 ], [ 31.4045107, 30.0442156 ], [ 31.4043218, 30.0430629 ], [ 31.404016132317846, 30.041068500844791 ], [ 31.403104428411954, 30.041068500844791 ] ] ] } },
{ "type": "Feature", "properties": { "zone_code": "NSR-GRID-232", "event_count": 30, "mean_predicted_score": 0.54329885559192415, "max_predicted_score": 0.88549323424566695, "min_predicted_score": 0.42041566062875452, "high_risk_event_count": 5, "medium_risk_event_count": 25, "low_risk_event_count": 0, "high_risk_event_ratio": 0.16666666666666666, "mean_absolute_error": 0.0042425235849758566, "mean_rain_24h_mm": 10.506666666666668, "max_rain_24h_mm": 44.9, "mean_gpm_precipitation_sum": 0.0, "mean_built_surface_mean": 3998.5713522180645, "mean_population_sum": 0.0, "dominant_risk_class": "medium" }, "geometry": { "type": "Polygon", "coordinates": [ [ [ 31.331239205682394, 30.044956633093168 ], [ 31.331239205682394, 30.041068500844791 ], [ 31.329916534990666, 30.041068500844791 ], [ 31.3297171, 30.041904599999985 ], [ 31.3294571, 30.042982 ], [ 31.3291928, 30.0441439 ], [ 31.329008436839352, 30.044956633093168 ], [ 31.331239205682394, 30.044956633093168 ] ] ] } },
{ "type": "Feature", "properties": { "zone_code": "NSR-GRID-233", "event_count": 30, "mean_predicted_score": 0.55506595081677379, "max_predicted_score": 0.89452908856294588, "min_predicted_score": 0.43450977177953282, "high_risk_event_count": 5, "medium_risk_event_count": 25, "low_risk_event_count": 0, "high_risk_event_ratio": 0.16666666666666666, "mean_absolute_error": 0.0043085595430518344, "mean_rain_24h_mm": 10.506666666666668, "max_rain_24h_mm": 44.9, "mean_gpm_precipitation_sum": 0.0, "mean_built_surface_mean": 4302.9624920534006, "mean_population_sum": 0.0, "dominant_risk_class": "medium" }, "geometry": { "type": "Polygon", "coordinates": [ [ [ 31.331239205682394, 30.041068500844791 ], [ 31.331239205682394, 30.044956633093168 ], [ 31.335730782102992, 30.044956633093168 ], [ 31.335730782102992, 30.041068500844791 ], [ 31.331239205682394, 30.041068500844791 ] ] ] } },
{ "type": "Feature", "properties": { "zone_code": "NSR-GRID-234", "event_count": 30, "mean_predicted_score": 0.55298059370157204, "max_predicted_score": 0.89380499657900936, "min_predicted_score": 0.431898067337734, "high_risk_event_count": 5, "medium_risk_event_count": 25, "low_risk_event_count": 0, "high_risk_event_ratio": 0.16666666666666666, "mean_absolute_error": 0.0039061113610159076, "mean_rain_24h_mm": 10.506666666666668, "max_rain_24h_mm": 44.9, "mean_gpm_precipitation_sum": 0.0, "mean_built_surface_mean": 4335.6778978597167, "mean_population_sum": 0.0, "dominant_risk_class": "medium" }, "geometry": { "type": "Polygon", "coordinates": [ [ [ 31.335730782102992, 30.041068500844791 ], [ 31.335730782102992, 30.044956633093168 ], [ 31.340222358523583, 30.044956633093168 ], [ 31.340222358523583, 30.041068500844791 ], [ 31.335730782102992, 30.041068500844791 ] ] ] } },
{ "type": "Feature", "properties": { "zone_code": "NSR-GRID-235", "event_count": 30, "mean_predicted_score": 0.55156172223046696, "max_predicted_score": 0.89280505858612969, "min_predicted_score": 0.43039557212854768, "high_risk_event_count": 5, "medium_risk_event_count": 25, "low_risk_event_count": 0, "high_risk_event_ratio": 0.16666666666666666, "mean_absolute_error": 0.0039776716792274073, "mean_rain_24h_mm": 10.506666666666668, "max_rain_24h_mm": 44.9, "mean_gpm_precipitation_sum": 0.0, "mean_built_surface_mean": 4145.4111040474691, "mean_population_sum": 0.0, "dominant_risk_class": "medium" }, "geometry": { "type": "Polygon", "coordinates": [ [ [ 31.340222358523583, 30.041068500844791 ], [ 31.340222358523583, 30.044956633093168 ], [ 31.344713934944181, 30.044956633093168 ], [ 31.344713934944181, 30.041068500844791 ], [ 31.340222358523583, 30.041068500844791 ] ] ] } },
{ "type": "Feature", "properties": { "zone_code": "NSR-GRID-236", "event_count": 30, "mean_predicted_score": 0.4786314908621776, "max_predicted_score": 0.81912994045220666, "min_predicted_score": 0.35739949083113193, "high_risk_event_count": 5, "medium_risk_event_count": 25, "low_risk_event_count": 0, "high_risk_event_ratio": 0.16666666666666666, "mean_absolute_error": 0.003979487725129442, "mean_rain_24h_mm": 10.506666666666668, "max_rain_24h_mm": 44.9, "mean_gpm_precipitation_sum": 0.0, "mean_built_surface_mean": 3067.915272188096, "mean_population_sum": 0.0, "dominant_risk_class": "medium" }, "geometry": { "type": "Polygon", "coordinates": [ [ [ 31.344713934944181, 30.041068500844791 ], [ 31.344713934944181, 30.044956633093168 ], [ 31.349205511364779, 30.044956633093168 ], [ 31.349205511364779, 30.041068500844791 ], [ 31.344713934944181, 30.041068500844791 ] ] ] } },
{ "type": "Feature", "properties": { "zone_code": "NSR-GRID-237", "event_count": 30, "mean_predicted_score": 0.27979256513749901, "max_predicted_score": 0.61858611918632933, "min_predicted_score": 0.16011380146689619, "high_risk_event_count": 0, "medium_risk_event_count": 7, "low_risk_event_count": 23, "high_risk_event_ratio": 0.0, "mean_absolute_error": 0.0056965783305742415, "mean_rain_24h_mm": 10.506666666666668, "max_rain_24h_mm": 44.9, "mean_gpm_precipitation_sum": 0.0, "mean_built_surface_mean": 546.37847001483385, "mean_population_sum": 0.0, "dominant_risk_class": "low" }, "geometry": { "type": "Polygon", "coordinates": [ [ [ 31.349205511364779, 30.041068500844791 ], [ 31.349205511364779, 30.044956633093168 ], [ 31.353697087785381, 30.044956633093168 ], [ 31.353697087785381, 30.041068500844791 ], [ 31.349205511364779, 30.041068500844791 ] ] ] } },
{ "type": "Feature", "properties": { "zone_code": "NSR-GRID-238", "event_count": 30, "mean_predicted_score": 0.40669972760223355, "max_predicted_score": 0.74471376441049908, "min_predicted_score": 0.28548621059572349, "high_risk_event_count": 3, "medium_risk_event_count": 17, "low_risk_event_count": 10, "high_risk_event_ratio": 0.1, "mean_absolute_error": 0.0043100033640939266, "mean_rain_24h_mm": 10.506666666666668, "max_rain_24h_mm": 44.9, "mean_gpm_precipitation_sum": 0.0, "mean_built_surface_mean": 2054.3402542372883, "mean_population_sum": 0.0, "dominant_risk_class": "medium" }, "geometry": { "type": "Polygon", "coordinates": [ [ [ 31.353697087785381, 30.041068500844791 ], [ 31.353697087785381, 30.044956633093168 ], [ 31.358188664205979, 30.044956633093168 ], [ 31.358188664205979, 30.041068500844791 ], [ 31.353697087785381, 30.041068500844791 ] ] ] } },
{ "type": "Feature", "properties": { "zone_code": "NSR-GRID-239", "event_count": 30, "mean_predicted_score": 0.47872182891665599, "max_predicted_score": 0.81642639377779891, "min_predicted_score": 0.35871787042102748, "high_risk_event_count": 4, "medium_risk_event_count": 26, "low_risk_event_count": 0, "high_risk_event_ratio": 0.13333333333333333, "mean_absolute_error": 0.0047747097498002326, "mean_rain_24h_mm": 10.506666666666668, "max_rain_24h_mm": 44.9, "mean_gpm_precipitation_sum": 0.0, "mean_built_surface_mean": 2805.3021186440697, "mean_population_sum": 0.0, "dominant_risk_class": "medium" }, "geometry": { "type": "Polygon", "coordinates": [ [ [ 31.358188664205979, 30.041068500844791 ], [ 31.358188664205979, 30.044956633093168 ], [ 31.362680240626577, 30.044956633093168 ], [ 31.362680240626577, 30.041068500844791 ], [ 31.358188664205979, 30.041068500844791 ] ] ] } },
{ "type": "Feature", "properties": { "zone_code": "NSR-GRID-240", "event_count": 30, "mean_predicted_score": 0.45332886668335082, "max_predicted_score": 0.79004951377384325, "min_predicted_score": 0.33366470347783272, "high_risk_event_count": 4, "medium_risk_event_count": 26, "low_risk_event_count": 0, "high_risk_event_ratio": 0.13333333333333333, "mean_absolute_error": 0.0052669850543184491, "mean_rain_24h_mm": 10.506666666666668, "max_rain_24h_mm": 44.9, "mean_gpm_precipitation_sum": 0.0, "mean_built_surface_mean": 2457.4784912057653, "mean_population_sum": 0.0, "dominant_risk_class": "medium" }, "geometry": { "type": "Polygon", "coordinates": [ [ [ 31.362680240626577, 30.041068500844791 ], [ 31.362680240626577, 30.044956633093168 ], [ 31.367171817047169, 30.044956633093168 ], [ 31.367171817047169, 30.041068500844791 ], [ 31.362680240626577, 30.041068500844791 ] ] ] } },
{ "type": "Feature", "properties": { "zone_code": "NSR-GRID-241", "event_count": 30, "mean_predicted_score": 0.51549825910093827, "max_predicted_score": 0.85540806943625702, "min_predicted_score": 0.39412579981496121, "high_risk_event_count": 5, "medium_risk_event_count": 25, "low_risk_event_count": 0, "high_risk_event_ratio": 0.16666666666666666, "mean_absolute_error": 0.0042542878551470337, "mean_rain_24h_mm": 10.506666666666668, "max_rain_24h_mm": 44.9, "mean_gpm_precipitation_sum": 0.0, "mean_built_surface_mean": 3666.3401865197129, "mean_population_sum": 0.0, "dominant_risk_class": "medium" }, "geometry": { "type": "Polygon", "coordinates": [ [ [ 31.367171817047169, 30.041068500844791 ], [ 31.367171817047169, 30.044956633093168 ], [ 31.371663393467767, 30.044956633093168 ], [ 31.371663393467767, 30.041068500844791 ], [ 31.367171817047169, 30.041068500844791 ] ] ] } },
{ "type": "Feature", "properties": { "zone_code": "NSR-GRID-242", "event_count": 30, "mean_predicted_score": 0.53842647950139333, "max_predicted_score": 0.88153999503533975, "min_predicted_score": 0.41392880570512108, "high_risk_event_count": 5, "medium_risk_event_count": 25, "low_risk_event_count": 0, "high_risk_event_ratio": 0.16666666666666666, "mean_absolute_error": 0.0052424754196438899, "mean_rain_24h_mm": 10.506666666666668, "max_rain_24h_mm": 44.9, "mean_gpm_precipitation_sum": 0.0, "mean_built_surface_mean": 4470.9398305084751, "mean_population_sum": 0.0, "dominant_risk_class": "medium" }, "geometry": { "type": "Polygon", "coordinates": [ [ [ 31.371663393467767, 30.041068500844791 ], [ 31.371663393467767, 30.044956633093168 ], [ 31.376154969888365, 30.044956633093168 ], [ 31.376154969888365, 30.041068500844791 ], [ 31.371663393467767, 30.041068500844791 ] ] ] } },
{ "type": "Feature", "properties": { "zone_code": "NSR-GRID-243", "event_count": 30, "mean_predicted_score": 0.44302872833581397, "max_predicted_score": 0.78504108492893032, "min_predicted_score": 0.3202012908406015, "high_risk_event_count": 4, "medium_risk_event_count": 16, "low_risk_event_count": 10, "high_risk_event_ratio": 0.13333333333333333, "mean_absolute_error": 0.004600734525453426, "mean_rain_24h_mm": 10.506666666666668, "max_rain_24h_mm": 44.9, "mean_gpm_precipitation_sum": 0.0, "mean_built_surface_mean": 3087.4847392963129, "mean_population_sum": 0.0, "dominant_risk_class": "medium" }, "geometry": { "type": "Polygon", "coordinates": [ [ [ 31.376154969888365, 30.041068500844791 ], [ 31.376154969888365, 30.044956633093168 ], [ 31.380646546308967, 30.044956633093168 ], [ 31.380646546308967, 30.041068500844791 ], [ 31.376154969888365, 30.041068500844791 ] ] ] } },
{ "type": "Feature", "properties": { "zone_code": "NSR-GRID-244", "event_count": 30, "mean_predicted_score": 0.21896705142116304, "max_predicted_score": 0.56165782145096055, "min_predicted_score": 0.098549877835113694, "high_risk_event_count": 0, "medium_risk_event_count": 5, "low_risk_event_count": 25, "high_risk_event_ratio": 0.0, "mean_absolute_error": 0.0043316988687319953, "mean_rain_24h_mm": 10.506666666666668, "max_rain_24h_mm": 44.9, "mean_gpm_precipitation_sum": 0.0, "mean_built_surface_mean": 321.75656779661028, "mean_population_sum": 0.0, "dominant_risk_class": "low" }, "geometry": { "type": "Polygon", "coordinates": [ [ [ 31.380646546308967, 30.041068500844791 ], [ 31.380646546308967, 30.044956633093168 ], [ 31.385138122729565, 30.044956633093168 ], [ 31.385138122729565, 30.041068500844791 ], [ 31.380646546308967, 30.041068500844791 ] ] ] } },
{ "type": "Feature", "properties": { "zone_code": "NSR-GRID-245", "event_count": 30, "mean_predicted_score": 0.34384534657738114, "max_predicted_score": 0.68320469289269803, "min_predicted_score": 0.2212367127494306, "high_risk_event_count": 2, "medium_risk_event_count": 12, "low_risk_event_count": 16, "high_risk_event_ratio": 0.066666666666666666, "mean_absolute_error": 0.0044501087730809364, "mean_rain_24h_mm": 10.506666666666668, "max_rain_24h_mm": 44.9, "mean_gpm_precipitation_sum": 0.0, "mean_built_surface_mean": 1980.5369781733432, "mean_population_sum": 0.0, "dominant_risk_class": "medium" }, "geometry": { "type": "Polygon", "coordinates": [ [ [ 31.385138122729565, 30.041068500844791 ], [ 31.385138122729565, 30.044956633093168 ], [ 31.389629699150163, 30.044956633093168 ], [ 31.389629699150163, 30.041068500844791 ], [ 31.385138122729565, 30.041068500844791 ] ] ] } },
{ "type": "Feature", "properties": { "zone_code": "NSR-GRID-246", "event_count": 30, "mean_predicted_score": 0.4615052883247685, "max_predicted_score": 0.80637830850800107, "min_predicted_score": 0.33543326967343051, "high_risk_event_count": 5, "medium_risk_event_count": 25, "low_risk_event_count": 0, "high_risk_event_ratio": 0.16666666666666666, "mean_absolute_error": 0.0065850558886368094, "mean_rain_24h_mm": 10.506666666666668, "max_rain_24h_mm": 44.9, "mean_gpm_precipitation_sum": 0.0, "mean_built_surface_mean": 3573.95764506565, "mean_population_sum": 0.0, "dominant_risk_class": "medium" }, "geometry": { "type": "Polygon", "coordinates": [ [ [ 31.389629699150163, 30.041068500844791 ], [ 31.389629699150163, 30.044956633093168 ], [ 31.394121275570754, 30.044956633093168 ], [ 31.394121275570754, 30.041068500844791 ], [ 31.389629699150163, 30.041068500844791 ] ] ] } },
{ "type": "Feature", "properties": { "zone_code": "NSR-GRID-247", "event_count": 30, "mean_predicted_score": 0.42394360069394033, "max_predicted_score": 0.76471097682780564, "min_predicted_score": 0.30115493288033429, "high_risk_event_count": 3, "medium_risk_event_count": 17, "low_risk_event_count": 10, "high_risk_event_ratio": 0.1, "mean_absolute_error": 0.0045643626520018672, "mean_rain_24h_mm": 10.506666666666668, "max_rain_24h_mm": 44.9, "mean_gpm_precipitation_sum": 0.0, "mean_built_surface_mean": 3036.7476160203464, "mean_population_sum": 0.0, "dominant_risk_class": "medium" }, "geometry": { "type": "Polygon", "coordinates": [ [ [ 31.394121275570754, 30.041068500844791 ], [ 31.394121275570754, 30.044956633093168 ], [ 31.398612851991352, 30.044956633093168 ], [ 31.398612851991352, 30.041068500844791 ], [ 31.394121275570754, 30.041068500844791 ] ] ] } },
{ "type": "Feature", "properties": { "zone_code": "NSR-GRID-248", "event_count": 30, "mean_predicted_score": 0.43998260245954907, "max_predicted_score": 0.78037366378743944, "min_predicted_score": 0.3173362024948056, "high_risk_event_count": 4, "medium_risk_event_count": 16, "low_risk_event_count": 10, "high_risk_event_ratio": 0.13333333333333333, "mean_absolute_error": 0.0044463031418032744, "mean_rain_24h_mm": 10.506666666666668, "max_rain_24h_mm": 44.9, "mean_gpm_precipitation_sum": 0.0, "mean_built_surface_mean": 3342.9268757948294, "mean_population_sum": 0.0, "dominant_risk_class": "medium" }, "geometry": { "type": "Polygon", "coordinates": [ [ [ 31.398612851991352, 30.041068500844791 ], [ 31.398612851991352, 30.044956633093168 ], [ 31.403104428411954, 30.044956633093168 ], [ 31.403104428411954, 30.041068500844791 ], [ 31.398612851991352, 30.041068500844791 ] ] ] } },
{ "type": "Feature", "properties": { "zone_code": "NSR-GRID-249", "event_count": 30, "mean_predicted_score": 0.5654674196631746, "max_predicted_score": 0.90402239115832361, "min_predicted_score": 0.44487645561677219, "high_risk_event_count": 6, "medium_risk_event_count": 24, "low_risk_event_count": 0, "high_risk_event_ratio": 0.2, "mean_absolute_error": 0.0044527552644867165, "mean_rain_24h_mm": 10.506666666666668, "max_rain_24h_mm": 44.9, "mean_gpm_precipitation_sum": 0.0, "mean_built_surface_mean": 3876.5938189845479, "mean_population_sum": 0.0, "dominant_risk_class": "medium" }, "geometry": { "type": "MultiPolygon", "coordinates": [ [ [ [ 31.331239205682394, 30.037180216003467 ], [ 31.3310566706397, 30.037180216003467 ], [ 31.331239205682394, 30.03732916147727 ], [ 31.331239205682394, 30.037180216003467 ] ] ], [ [ [ 31.331239205682394, 30.041068500844791 ], [ 31.331239205682394, 30.03901108600472 ], [ 31.3300623, 30.0404574 ], [ 31.329916534990666, 30.041068500844791 ], [ 31.331239205682394, 30.041068500844791 ] ] ] ] } },
{ "type": "Feature", "properties": { "zone_code": "NSR-GRID-250", "event_count": 30, "mean_predicted_score": 0.27585538098957196, "max_predicted_score": 0.61450294898490632, "min_predicted_score": 0.1571101689226462, "high_risk_event_count": 0, "medium_risk_event_count": 7, "low_risk_event_count": 23, "high_risk_event_ratio": 0.0, "mean_absolute_error": 0.0059430809181694596, "mean_rain_24h_mm": 10.506666666666668, "max_rain_24h_mm": 44.9, "mean_gpm_precipitation_sum": 0.0, "mean_built_surface_mean": 790.8671532846713, "mean_population_sum": 0.0, "dominant_risk_class": "low" }, "geometry": { "type": "Polygon", "coordinates": [ [ [ 31.403104428411954, 30.037180216003467 ], [ 31.403104428411954, 30.041068500844791 ], [ 31.404016132317846, 30.041068500844791 ], [ 31.4038534, 30.0400067 ], [ 31.403484841922591, 30.037180216003467 ], [ 31.403104428411954, 30.037180216003467 ] ] ] } },
{ "type": "Feature", "properties": { "zone_code": "NSR-GRID-251", "event_count": 30, "mean_predicted_score": 0.54039953711109245, "max_predicted_score": 0.88182058761167681, "min_predicted_score": 0.41936876582045829, "high_risk_event_count": 5, "medium_risk_event_count": 25, "low_risk_event_count": 0, "high_risk_event_ratio": 0.16666666666666666, "mean_absolute_error": 0.0040686030631705101, "mean_rain_24h_mm": 10.506666666666668, "max_rain_24h_mm": 44.9, "mean_gpm_precipitation_sum": 0.0, "mean_built_surface_mean": 4153.2181467181481, "mean_population_sum": 0.0, "dominant_risk_class": "medium" }, "geometry": { "type": "Polygon", "coordinates": [ [ [ 31.331239205682394, 30.041068500844791 ], [ 31.335730782102992, 30.041068500844791 ], [ 31.335730782102992, 30.037180216003467 ], [ 31.331239205682394, 30.037180216003467 ], [ 31.331239205682394, 30.03732916147727 ], [ 31.3320617, 30.0380003 ], [ 31.331239205682394, 30.03901108600472 ], [ 31.331239205682394, 30.041068500844791 ] ] ] } },
{ "type": "Feature", "properties": { "zone_code": "NSR-GRID-252", "event_count": 30, "mean_predicted_score": 0.55748817741179557, "max_predicted_score": 0.89814109959759969, "min_predicted_score": 0.43579610207969222, "high_risk_event_count": 5, "medium_risk_event_count": 25, "low_risk_event_count": 0, "high_risk_event_ratio": 0.16666666666666666, "mean_absolute_error": 0.0038990538200855047, "mean_rain_24h_mm": 10.506666666666668, "max_rain_24h_mm": 44.9, "mean_gpm_precipitation_sum": 0.0, "mean_built_surface_mean": 4444.5535861500412, "mean_population_sum": 0.0, "dominant_risk_class": "medium" }, "geometry": { "type": "Polygon", "coordinates": [ [ [ 31.335730782102992, 30.037180216003467 ], [ 31.335730782102992, 30.041068500844791 ], [ 31.340222358523583, 30.041068500844791 ], [ 31.340222358523583, 30.037180216003467 ], [ 31.335730782102992, 30.037180216003467 ] ] ] } },
{ "type": "Feature", "properties": { "zone_code": "NSR-GRID-253", "event_count": 30, "mean_predicted_score": 0.49071222904187656, "max_predicted_score": 0.83150025590479615, "min_predicted_score": 0.36786239390180259, "high_risk_event_count": 5, "medium_risk_event_count": 25, "low_risk_event_count": 0, "high_risk_event_ratio": 0.16666666666666666, "mean_absolute_error": 0.0044397522842413066, "mean_rain_24h_mm": 10.506666666666668, "max_rain_24h_mm": 44.9, "mean_gpm_precipitation_sum": 0.0, "mean_built_surface_mean": 4192.6128633271474, "mean_population_sum": 0.0, "dominant_risk_class": "medium" }, "geometry": { "type": "Polygon", "coordinates": [ [ [ 31.340222358523583, 30.037180216003467 ], [ 31.340222358523583, 30.041068500844791 ], [ 31.344713934944181, 30.041068500844791 ], [ 31.344713934944181, 30.037180216003467 ], [ 31.340222358523583, 30.037180216003467 ] ] ] } },
{ "type": "Feature", "properties": { "zone_code": "NSR-GRID-254", "event_count": 30, "mean_predicted_score": 0.55397188481451898, "max_predicted_score": 0.89321795338253385, "min_predicted_score": 0.4334685626419304, "high_risk_event_count": 5, "medium_risk_event_count": 25, "low_risk_event_count": 0, "high_risk_event_ratio": 0.16666666666666666, "mean_absolute_error": 0.0044391802666267242, "mean_rain_24h_mm": 10.506666666666668, "max_rain_24h_mm": 44.9, "mean_gpm_precipitation_sum": 0.0, "mean_built_surface_mean": 3923.7635051546395, "mean_population_sum": 0.0, "dominant_risk_class": "medium" }, "geometry": { "type": "Polygon", "coordinates": [ [ [ 31.344713934944181, 30.037180216003467 ], [ 31.344713934944181, 30.041068500844791 ], [ 31.349205511364779, 30.041068500844791 ], [ 31.349205511364779, 30.037180216003467 ], [ 31.344713934944181, 30.037180216003467 ] ] ] } },
{ "type": "Feature", "properties": { "zone_code": "NSR-GRID-255", "event_count": 30, "mean_predicted_score": 0.47428268114595179, "max_predicted_score": 0.81514063720321062, "min_predicted_score": 0.35180334366255472, "high_risk_event_count": 4, "medium_risk_event_count": 26, "low_risk_event_count": 0, "high_risk_event_ratio": 0.13333333333333333, "mean_absolute_error": 0.004091861750938783, "mean_rain_24h_mm": 10.506666666666668, "max_rain_24h_mm": 44.9, "mean_gpm_precipitation_sum": 0.0, "mean_built_surface_mean": 2784.4079571222419, "mean_population_sum": 0.0, "dominant_risk_class": "medium" }, "geometry": { "type": "Polygon", "coordinates": [ [ [ 31.349205511364779, 30.037180216003467 ], [ 31.349205511364779, 30.041068500844791 ], [ 31.353697087785381, 30.041068500844791 ], [ 31.353697087785381, 30.037180216003467 ], [ 31.349205511364779, 30.037180216003467 ] ] ] } },
{ "type": "Feature", "properties": { "zone_code": "NSR-GRID-256", "event_count": 30, "mean_predicted_score": 0.37915170649295171, "max_predicted_score": 0.7180224316320073, "min_predicted_score": 0.25862947372159478, "high_risk_event_count": 3, "medium_risk_event_count": 11, "low_risk_event_count": 16, "high_risk_event_ratio": 0.1, "mean_absolute_error": 0.0043079813386586348, "mean_rain_24h_mm": 10.506666666666668, "max_rain_24h_mm": 44.9, "mean_gpm_precipitation_sum": 0.0, "mean_built_surface_mean": 1649.8136466707886, "mean_population_sum": 0.0, "dominant_risk_class": "medium" }, "geometry": { "type": "Polygon", "coordinates": [ [ [ 31.353697087785381, 30.037180216003467 ], [ 31.353697087785381, 30.041068500844791 ], [ 31.358188664205979, 30.041068500844791 ], [ 31.358188664205979, 30.037180216003467 ], [ 31.353697087785381, 30.037180216003467 ] ] ] } },
{ "type": "Feature", "properties": { "zone_code": "NSR-GRID-257", "event_count": 30, "mean_predicted_score": 0.36432250467462474, "max_predicted_score": 0.70700671334525489, "min_predicted_score": 0.24341659277240671, "high_risk_event_count": 2, "medium_risk_event_count": 12, "low_risk_event_count": 16, "high_risk_event_ratio": 0.066666666666666666, "mean_absolute_error": 0.0044481323473677904, "mean_rain_24h_mm": 10.506666666666668, "max_rain_24h_mm": 44.9, "mean_gpm_precipitation_sum": 0.0, "mean_built_surface_mean": 1501.064702246033, "mean_population_sum": 0.0, "dominant_risk_class": "medium" }, "geometry": { "type": "Polygon", "coordinates": [ [ [ 31.358188664205979, 30.037180216003467 ], [ 31.358188664205979, 30.041068500844791 ], [ 31.362680240626577, 30.041068500844791 ], [ 31.362680240626577, 30.037180216003467 ], [ 31.358188664205979, 30.037180216003467 ] ] ] } },
{ "type": "Feature", "properties": { "zone_code": "NSR-GRID-258", "event_count": 30, "mean_predicted_score": 0.37159719687678033, "max_predicted_score": 0.71205538931749313, "min_predicted_score": 0.25169636170467719, "high_risk_event_count": 2, "medium_risk_event_count": 12, "low_risk_event_count": 16, "high_risk_event_ratio": 0.066666666666666666, "mean_absolute_error": 0.0046888556791305777, "mean_rain_24h_mm": 10.506666666666668, "max_rain_24h_mm": 44.9, "mean_gpm_precipitation_sum": 0.0, "mean_built_surface_mean": 1630.8674500103075, "mean_population_sum": 0.0, "dominant_risk_class": "medium" }, "geometry": { "type": "Polygon", "coordinates": [ [ [ 31.362680240626577, 30.037180216003467 ], [ 31.362680240626577, 30.041068500844791 ], [ 31.367171817047169, 30.041068500844791 ], [ 31.367171817047169, 30.037180216003467 ], [ 31.362680240626577, 30.037180216003467 ] ] ] } },
{ "type": "Feature", "properties": { "zone_code": "NSR-GRID-259", "event_count": 30, "mean_predicted_score": 0.48673605297433531, "max_predicted_score": 0.82507433409248421, "min_predicted_score": 0.36627814214067711, "high_risk_event_count": 5, "medium_risk_event_count": 25, "low_risk_event_count": 0, "high_risk_event_ratio": 0.16666666666666666, "mean_absolute_error": 0.0045085219998054447, "mean_rain_24h_mm": 10.506666666666668, "max_rain_24h_mm": 44.9, "mean_gpm_precipitation_sum": 0.0, "mean_built_surface_mean": 3382.2629301463012, "mean_population_sum": 0.0, "dominant_risk_class": "medium" }, "geometry": { "type": "Polygon", "coordinates": [ [ [ 31.367171817047169, 30.037180216003467 ], [ 31.367171817047169, 30.041068500844791 ], [ 31.371663393467767, 30.041068500844791 ], [ 31.371663393467767, 30.037180216003467 ], [ 31.367171817047169, 30.037180216003467 ] ] ] } },
{ "type": "Feature", "properties": { "zone_code": "NSR-GRID-260", "event_count": 30, "mean_predicted_score": 0.51232048679507203, "max_predicted_score": 0.85271385421997559, "min_predicted_score": 0.39002941335797769, "high_risk_event_count": 5, "medium_risk_event_count": 25, "low_risk_event_count": 0, "high_risk_event_ratio": 0.16666666666666666, "mean_absolute_error": 0.0042674208855654734, "mean_rain_24h_mm": 10.506666666666668, "max_rain_24h_mm": 44.9, "mean_gpm_precipitation_sum": 0.0, "mean_built_surface_mean": 3899.1935683364263, "mean_population_sum": 0.0, "dominant_risk_class": "medium" }, "geometry": { "type": "Polygon", "coordinates": [ [ [ 31.371663393467767, 30.037180216003467 ], [ 31.371663393467767, 30.041068500844791 ], [ 31.376154969888365, 30.041068500844791 ], [ 31.376154969888365, 30.037180216003467 ], [ 31.371663393467767, 30.037180216003467 ] ] ] } },
{ "type": "Feature", "properties": { "zone_code": "NSR-GRID-261", "event_count": 30, "mean_predicted_score": 0.31925213776223776, "max_predicted_score": 0.66455727091412875, "min_predicted_score": 0.19346527420965209, "high_risk_event_count": 2, "medium_risk_event_count": 5, "low_risk_event_count": 23, "high_risk_event_ratio": 0.066666666666666666, "mean_absolute_error": 0.0069542297739070584, "mean_rain_24h_mm": 10.506666666666668, "max_rain_24h_mm": 44.9, "mean_gpm_precipitation_sum": 0.0, "mean_built_surface_mean": 2107.3715463917529, "mean_population_sum": 0.0, "dominant_risk_class": "low" }, "geometry": { "type": "Polygon", "coordinates": [ [ [ 31.376154969888365, 30.037180216003467 ], [ 31.376154969888365, 30.041068500844791 ], [ 31.380646546308967, 30.041068500844791 ], [ 31.380646546308967, 30.037180216003467 ], [ 31.376154969888365, 30.037180216003467 ] ] ] } },
{ "type": "Feature", "properties": { "zone_code": "NSR-GRID-262", "event_count": 30, "mean_predicted_score": 0.21441609264324551, "max_predicted_score": 0.55535357382441364, "min_predicted_score": 0.094494182275734903, "high_risk_event_count": 0, "medium_risk_event_count": 5, "low_risk_event_count": 25, "high_risk_event_ratio": 0.0, "mean_absolute_error": 0.0049846335120001849, "mean_rain_24h_mm": 10.506666666666668, "max_rain_24h_mm": 44.9, "mean_gpm_precipitation_sum": 0.0, "mean_built_surface_mean": 253.10838656501139, "mean_population_sum": 0.0, "dominant_risk_class": "low" }, "geometry": { "type": "Polygon", "coordinates": [ [ [ 31.380646546308967, 30.037180216003467 ], [ 31.380646546308967, 30.041068500844791 ], [ 31.385138122729565, 30.041068500844791 ], [ 31.385138122729565, 30.037180216003467 ], [ 31.380646546308967, 30.037180216003467 ] ] ] } },
{ "type": "Feature", "properties": { "zone_code": "NSR-GRID-263", "event_count": 30, "mean_predicted_score": 0.27157404154409898, "max_predicted_score": 0.61208353008036021, "min_predicted_score": 0.15098178025002779, "high_risk_event_count": 0, "medium_risk_event_count": 7, "low_risk_event_count": 23, "high_risk_event_ratio": 0.0, "mean_absolute_error": 0.0051843923705134579, "mean_rain_24h_mm": 10.506666666666668, "max_rain_24h_mm": 44.9, "mean_gpm_precipitation_sum": 0.0, "mean_built_surface_mean": 764.59480626545746, "mean_population_sum": 0.0, "dominant_risk_class": "low" }, "geometry": { "type": "Polygon", "coordinates": [ [ [ 31.385138122729565, 30.037180216003467 ], [ 31.385138122729565, 30.041068500844791 ], [ 31.389629699150163, 30.041068500844791 ], [ 31.389629699150163, 30.037180216003467 ], [ 31.385138122729565, 30.037180216003467 ] ] ] } },
{ "type": "Feature", "properties": { "zone_code": "NSR-GRID-264", "event_count": 30, "mean_predicted_score": 0.32839710803564931, "max_predicted_score": 0.66964999277124704, "min_predicted_score": 0.20804629678214059, "high_risk_event_count": 2, "medium_risk_event_count": 7, "low_risk_event_count": 21, "high_risk_event_ratio": 0.066666666666666666, "mean_absolute_error": 0.004842350363210208, "mean_rain_24h_mm": 10.506666666666668, "max_rain_24h_mm": 44.9, "mean_gpm_precipitation_sum": 0.0, "mean_built_surface_mean": 1510.5546391752582, "mean_population_sum": 0.0, "dominant_risk_class": "low" }, "geometry": { "type": "Polygon", "coordinates": [ [ [ 31.389629699150163, 30.037180216003467 ], [ 31.389629699150163, 30.041068500844791 ], [ 31.394121275570754, 30.041068500844791 ], [ 31.394121275570754, 30.037180216003467 ], [ 31.389629699150163, 30.037180216003467 ] ] ] } },
{ "type": "Feature", "properties": { "zone_code": "NSR-GRID-265", "event_count": 30, "mean_predicted_score": 0.49744388629316799, "max_predicted_score": 0.84216764578666692, "min_predicted_score": 0.37276982842903639, "high_risk_event_count": 5, "medium_risk_event_count": 25, "low_risk_event_count": 0, "high_risk_event_ratio": 0.16666666666666666, "mean_absolute_error": 0.0055588991697944103, "mean_rain_24h_mm": 10.506666666666668, "max_rain_24h_mm": 44.9, "mean_gpm_precipitation_sum": 0.0, "mean_built_surface_mean": 3914.8260869565188, "mean_population_sum": 0.0, "dominant_risk_class": "medium" }, "geometry": { "type": "Polygon", "coordinates": [ [ [ 31.394121275570754, 30.037180216003467 ], [ 31.394121275570754, 30.041068500844791 ], [ 31.398612851991352, 30.041068500844791 ], [ 31.398612851991352, 30.037180216003467 ], [ 31.394121275570754, 30.037180216003467 ] ] ] } },
{ "type": "Feature", "properties": { "zone_code": "NSR-GRID-266", "event_count": 30, "mean_predicted_score": 0.4736624761460172, "max_predicted_score": 0.81398021882157745, "min_predicted_score": 0.35119876005780037, "high_risk_event_count": 5, "medium_risk_event_count": 25, "low_risk_event_count": 0, "high_risk_event_ratio": 0.16666666666666666, "mean_absolute_error": 0.0048161288121331544, "mean_rain_24h_mm": 10.506666666666668, "max_rain_24h_mm": 44.9, "mean_gpm_precipitation_sum": 0.0, "mean_built_surface_mean": 3457.7086338347417, "mean_population_sum": 0.0, "dominant_risk_class": "medium" }, "geometry": { "type": "Polygon", "coordinates": [ [ [ 31.398612851991352, 30.037180216003467 ], [ 31.398612851991352, 30.041068500844791 ], [ 31.403104428411954, 30.041068500844791 ], [ 31.403104428411954, 30.037180216003467 ], [ 31.398612851991352, 30.037180216003467 ] ] ] } },
{ "type": "Feature", "properties": { "zone_code": "NSR-GRID-267", "event_count": 30, "mean_predicted_score": 0.62645772442442782, "max_predicted_score": 0.96255720909746501, "min_predicted_score": 0.50715436949232007, "high_risk_event_count": 7, "medium_risk_event_count": 23, "low_risk_event_count": 0, "high_risk_event_ratio": 0.23333333333333334, "mean_absolute_error": 0.0058374623643653503, "mean_rain_24h_mm": 10.506666666666668, "max_rain_24h_mm": 44.9, "mean_gpm_precipitation_sum": 0.0, "mean_built_surface_mean": 4653.21052631579, "mean_population_sum": 0.0, "dominant_risk_class": "medium" }, "geometry": { "type": "Polygon", "coordinates": [ [ [ 31.331239205682394, 30.037180216003467 ], [ 31.331239205682394, 30.035188000907038 ], [ 31.3310691, 30.0354103 ], [ 31.3303933, 30.0363238 ], [ 31.3302385, 30.0365126 ], [ 31.3310566706397, 30.037180216003467 ], [ 31.331239205682394, 30.037180216003467 ] ] ] } },
{ "type": "Feature", "properties": { "zone_code": "NSR-GRID-268", "event_count": 30, "mean_predicted_score": 0.33383947586303109, "max_predicted_score": 0.67259603765751408, "min_predicted_score": 0.2110803821234436, "high_risk_event_count": 2, "medium_risk_event_count": 8, "low_risk_event_count": 20, "high_risk_event_ratio": 0.066666666666666666, "mean_absolute_error": 0.0054138623760765191, "mean_rain_24h_mm": 10.506666666666668, "max_rain_24h_mm": 44.9, "mean_gpm_precipitation_sum": 0.0, "mean_built_surface_mean": 2006.5704225352113, "mean_population_sum": 0.0, "dominant_risk_class": "medium" }, "geometry": { "type": "Polygon", "coordinates": [ [ [ 31.403104428411954, 30.037180216003467 ], [ 31.403484841922591, 30.037180216003467 ], [ 31.4033025, 30.0357818 ], [ 31.403104428411954, 30.03438262220066 ], [ 31.403104428411954, 30.037180216003467 ] ] ] } },
{ "type": "Feature", "properties": { "zone_code": "NSR-GRID-269", "event_count": 30, "mean_predicted_score": 0.58771523964882955, "max_predicted_score": 0.9242241216451188, "min_predicted_score": 0.46726533103727891, "high_risk_event_count": 7, "medium_risk_event_count": 23, "low_risk_event_count": 0, "high_risk_event_ratio": 0.23333333333333334, "mean_absolute_error": 0.0055474222870347768, "mean_rain_24h_mm": 10.506666666666668, "max_rain_24h_mm": 44.9, "mean_gpm_precipitation_sum": 0.0, "mean_built_surface_mean": 4988.1532593619977, "mean_population_sum": 0.0, "dominant_risk_class": "medium" }, "geometry": { "type": "Polygon", "coordinates": [ [ [ 31.331239205682394, 30.037180216003467 ], [ 31.335730782102992, 30.037180216003467 ], [ 31.335730782102992, 30.033291778581109 ], [ 31.332887328982721, 30.033291778581109 ], [ 31.3325084, 30.03361 ], [ 31.3317861, 30.0344733 ], [ 31.331239205682394, 30.035188000907038 ], [ 31.331239205682394, 30.037180216003467 ] ] ] } },
{ "type": "Feature", "properties": { "zone_code": "NSR-GRID-270", "event_count": 30, "mean_predicted_score": 0.37049413495171613, "max_predicted_score": 0.71138306789311045, "min_predicted_score": 0.24707296754914179, "high_risk_event_count": 3, "medium_risk_event_count": 11, "low_risk_event_count": 16, "high_risk_event_ratio": 0.1, "mean_absolute_error": 0.0049026951221398541, "mean_rain_24h_mm": 10.506666666666668, "max_rain_24h_mm": 44.9, "mean_gpm_precipitation_sum": 0.0, "mean_built_surface_mean": 2241.3127528209507, "mean_population_sum": 0.0, "dominant_risk_class": "medium" }, "geometry": { "type": "Polygon", "coordinates": [ [ [ 31.398612851991352, 30.033291778581109 ], [ 31.398612851991352, 30.037180216003467 ], [ 31.403104428411954, 30.037180216003467 ], [ 31.403104428411954, 30.03438262220066 ], [ 31.402950007427197, 30.033291778581109 ], [ 31.398612851991352, 30.033291778581109 ] ] ] } },
{ "type": "Feature", "properties": { "zone_code": "NSR-GRID-271", "event_count": 30, "mean_predicted_score": 0.54247944624297184, "max_predicted_score": 0.88377444154906049, "min_predicted_score": 0.42119232461145079, "high_risk_event_count": 5, "medium_risk_event_count": 25, "low_risk_event_count": 0, "high_risk_event_ratio": 0.16666666666666666, "mean_absolute_error": 0.0038764986583262081, "mean_rain_24h_mm": 10.506666666666668, "max_rain_24h_mm": 44.9, "mean_gpm_precipitation_sum": 0.0, "mean_built_surface_mean": 4239.8405336721744, "mean_population_sum": 0.0, "dominant_risk_class": "medium" }, "geometry": { "type": "Polygon", "coordinates": [ [ [ 31.335730782102992, 30.033291778581109 ], [ 31.335730782102992, 30.037180216003467 ], [ 31.340222358523583, 30.037180216003467 ], [ 31.340222358523583, 30.033291778581109 ], [ 31.335730782102992, 30.033291778581109 ] ] ] } },
{ "type": "Feature", "properties": { "zone_code": "NSR-GRID-272", "event_count": 30, "mean_predicted_score": 0.54276371316165817, "max_predicted_score": 0.88547236822385056, "min_predicted_score": 0.42015847256677369, "high_risk_event_count": 5, "medium_risk_event_count": 25, "low_risk_event_count": 0, "high_risk_event_ratio": 0.16666666666666666, "mean_absolute_error": 0.0041212893681055957, "mean_rain_24h_mm": 10.506666666666668, "max_rain_24h_mm": 44.9, "mean_gpm_precipitation_sum": 0.0, "mean_built_surface_mean": 4573.1858444585705, "mean_population_sum": 0.0, "dominant_risk_class": "medium" }, "geometry": { "type": "Polygon", "coordinates": [ [ [ 31.340222358523583, 30.033291778581109 ], [ 31.340222358523583, 30.037180216003467 ], [ 31.344713934944181, 30.037180216003467 ], [ 31.344713934944181, 30.033291778581109 ], [ 31.340222358523583, 30.033291778581109 ] ] ] } },
{ "type": "Feature", "properties": { "zone_code": "NSR-GRID-273", "event_count": 30, "mean_predicted_score": 0.4767715014463248, "max_predicted_score": 0.81808824012133929, "min_predicted_score": 0.35354462421107441, "high_risk_event_count": 5, "medium_risk_event_count": 25, "low_risk_event_count": 0, "high_risk_event_ratio": 0.16666666666666666, "mean_absolute_error": 0.0047354858527210216, "mean_rain_24h_mm": 10.506666666666668, "max_rain_24h_mm": 44.9, "mean_gpm_precipitation_sum": 0.0, "mean_built_surface_mean": 3517.1677610675697, "mean_population_sum": 0.0, "dominant_risk_class": "medium" }, "geometry": { "type": "Polygon", "coordinates": [ [ [ 31.344713934944181, 30.033291778581109 ], [ 31.344713934944181, 30.037180216003467 ], [ 31.349205511364779, 30.037180216003467 ], [ 31.349205511364779, 30.033291778581109 ], [ 31.344713934944181, 30.033291778581109 ] ] ] } },
{ "type": "Feature", "properties": { "zone_code": "NSR-GRID-274", "event_count": 30, "mean_predicted_score": 0.54569353687574484, "max_predicted_score": 0.88497231285702638, "min_predicted_score": 0.42470562971212239, "high_risk_event_count": 5, "medium_risk_event_count": 25, "low_risk_event_count": 0, "high_risk_event_ratio": 0.16666666666666666, "mean_absolute_error": 0.004561884869923395, "mean_rain_24h_mm": 10.506666666666668, "max_rain_24h_mm": 44.9, "mean_gpm_precipitation_sum": 0.0, "mean_built_surface_mean": 3894.6952744225468, "mean_population_sum": 0.0, "dominant_risk_class": "medium" }, "geometry": { "type": "Polygon", "coordinates": [ [ [ 31.349205511364779, 30.033291778581109 ], [ 31.349205511364779, 30.037180216003467 ], [ 31.353697087785381, 30.037180216003467 ], [ 31.353697087785381, 30.033291778581109 ], [ 31.349205511364779, 30.033291778581109 ] ] ] } },
{ "type": "Feature", "properties": { "zone_code": "NSR-GRID-275", "event_count": 30, "mean_predicted_score": 0.43685963074906647, "max_predicted_score": 0.7775571326177938, "min_predicted_score": 0.31471377604521111, "high_risk_event_count": 4, "medium_risk_event_count": 16, "low_risk_event_count": 10, "high_risk_event_ratio": 0.13333333333333333, "mean_absolute_error": 0.0038083027237483524, "mean_rain_24h_mm": 10.506666666666668, "max_rain_24h_mm": 44.9, "mean_gpm_precipitation_sum": 0.0, "mean_built_surface_mean": 2897.1852087306625, "mean_population_sum": 0.0, "dominant_risk_class": "medium" }, "geometry": { "type": "Polygon", "coordinates": [ [ [ 31.353697087785381, 30.033291778581109 ], [ 31.353697087785381, 30.037180216003467 ], [ 31.358188664205979, 30.037180216003467 ], [ 31.358188664205979, 30.033291778581109 ], [ 31.353697087785381, 30.033291778581109 ] ] ] } },
{ "type": "Feature", "properties": { "zone_code": "NSR-GRID-276", "event_count": 30, "mean_predicted_score": 0.33686027299962146, "max_predicted_score": 0.67435349162473002, "min_predicted_score": 0.21757873015394699, "high_risk_event_count": 2, "medium_risk_event_count": 10, "low_risk_event_count": 18, "high_risk_event_ratio": 0.066666666666666666, "mean_absolute_error": 0.0053556741295341, "mean_rain_24h_mm": 10.506666666666668, "max_rain_24h_mm": 44.9, "mean_gpm_precipitation_sum": 0.0, "mean_built_surface_mean": 1644.3045964837956, "mean_population_sum": 0.0, "dominant_risk_class": "medium" }, "geometry": { "type": "Polygon", "coordinates": [ [ [ 31.358188664205979, 30.033291778581109 ], [ 31.358188664205979, 30.037180216003467 ], [ 31.362680240626577, 30.037180216003467 ], [ 31.362680240626577, 30.033291778581109 ], [ 31.358188664205979, 30.033291778581109 ] ] ] } },
{ "type": "Feature", "properties": { "zone_code": "NSR-GRID-277", "event_count": 30, "mean_predicted_score": 0.24205609910516668, "max_predicted_score": 0.58307236841584564, "min_predicted_score": 0.1211379388525269, "high_risk_event_count": 0, "medium_risk_event_count": 7, "low_risk_event_count": 23, "high_risk_event_ratio": 0.0, "mean_absolute_error": 0.0047088021349436333, "mean_rain_24h_mm": 10.506666666666668, "max_rain_24h_mm": 44.9, "mean_gpm_precipitation_sum": 0.0, "mean_built_surface_mean": 345.1527218809573, "mean_population_sum": 0.0, "dominant_risk_class": "low" }, "geometry": { "type": "Polygon", "coordinates": [ [ [ 31.362680240626577, 30.033291778581109 ], [ 31.362680240626577, 30.037180216003467 ], [ 31.367171817047169, 30.037180216003467 ], [ 31.367171817047169, 30.033291778581109 ], [ 31.362680240626577, 30.033291778581109 ] ] ] } },
{ "type": "Feature", "properties": { "zone_code": "NSR-GRID-278", "event_count": 30, "mean_predicted_score": 0.38826484444315312, "max_predicted_score": 0.72902769999513672, "min_predicted_score": 0.26625047083978859, "high_risk_event_count": 3, "medium_risk_event_count": 15, "low_risk_event_count": 12, "high_risk_event_ratio": 0.1, "mean_absolute_error": 0.0039308846429182212, "mean_rain_24h_mm": 10.506666666666668, "max_rain_24h_mm": 44.9, "mean_gpm_precipitation_sum": 0.0, "mean_built_surface_mean": 1880.6457627118648, "mean_population_sum": 0.0, "dominant_risk_class": "medium" }, "geometry": { "type": "Polygon", "coordinates": [ [ [ 31.367171817047169, 30.033291778581109 ], [ 31.367171817047169, 30.037180216003467 ], [ 31.371663393467767, 30.037180216003467 ], [ 31.371663393467767, 30.033291778581109 ], [ 31.367171817047169, 30.033291778581109 ] ] ] } },
{ "type": "Feature", "properties": { "zone_code": "NSR-GRID-279", "event_count": 30, "mean_predicted_score": 0.35434171476441406, "max_predicted_score": 0.69715463330762562, "min_predicted_score": 0.23139421153372489, "high_risk_event_count": 2, "medium_risk_event_count": 12, "low_risk_event_count": 16, "high_risk_event_ratio": 0.066666666666666666, "mean_absolute_error": 0.0047715733621964884, "mean_rain_24h_mm": 10.506666666666668, "max_rain_24h_mm": 44.9, "mean_gpm_precipitation_sum": 0.0, "mean_built_surface_mean": 1933.5431052743068, "mean_population_sum": 0.0, "dominant_risk_class": "medium" }, "geometry": { "type": "Polygon", "coordinates": [ [ [ 31.371663393467767, 30.033291778581109 ], [ 31.371663393467767, 30.037180216003467 ], [ 31.376154969888365, 30.037180216003467 ], [ 31.376154969888365, 30.033291778581109 ], [ 31.371663393467767, 30.033291778581109 ] ] ] } },
{ "type": "Feature", "properties": { "zone_code": "NSR-GRID-280", "event_count": 30, "mean_predicted_score": 0.21687576916729784, "max_predicted_score": 0.56052645402750201, "min_predicted_score": 0.094392413623376303, "high_risk_event_count": 0, "medium_risk_event_count": 5, "low_risk_event_count": 25, "high_risk_event_ratio": 0.0, "mean_absolute_error": 0.0048737709133903724, "mean_rain_24h_mm": 10.506666666666668, "max_rain_24h_mm": 44.9, "mean_gpm_precipitation_sum": 0.0, "mean_built_surface_mean": 551.77711864406751, "mean_population_sum": 0.0, "dominant_risk_class": "low" }, "geometry": { "type": "Polygon", "coordinates": [ [ [ 31.376154969888365, 30.033291778581109 ], [ 31.376154969888365, 30.037180216003467 ], [ 31.380646546308967, 30.037180216003467 ], [ 31.380646546308967, 30.033291778581109 ], [ 31.376154969888365, 30.033291778581109 ] ] ] } },
{ "type": "Feature", "properties": { "zone_code": "NSR-GRID-281", "event_count": 30, "mean_predicted_score": 0.19012023503883793, "max_predicted_score": 0.53200718695677407, "min_predicted_score": 0.068935434099745896, "high_risk_event_count": 0, "medium_risk_event_count": 5, "low_risk_event_count": 25, "high_risk_event_ratio": 0.0, "mean_absolute_error": 0.0043078874120582398, "mean_rain_24h_mm": 10.506666666666668, "max_rain_24h_mm": 44.9, "mean_gpm_precipitation_sum": 0.0, "mean_built_surface_mean": 9.8305443761914848, "mean_population_sum": 0.0, "dominant_risk_class": "low" }, "geometry": { "type": "Polygon", "coordinates": [ [ [ 31.380646546308967, 30.033291778581109 ], [ 31.380646546308967, 30.037180216003467 ], [ 31.385138122729565, 30.037180216003467 ], [ 31.385138122729565, 30.033291778581109 ], [ 31.380646546308967, 30.033291778581109 ] ] ] } },
{ "type": "Feature", "properties": { "zone_code": "NSR-GRID-282", "event_count": 30, "mean_predicted_score": 0.2553275879338438, "max_predicted_score": 0.59881938201828855, "min_predicted_score": 0.13482098288424871, "high_risk_event_count": 0, "medium_risk_event_count": 7, "low_risk_event_count": 23, "high_risk_event_ratio": 0.0, "mean_absolute_error": 0.0040937938896482224, "mean_rain_24h_mm": 10.506666666666668, "max_rain_24h_mm": 44.9, "mean_gpm_precipitation_sum": 0.0, "mean_built_surface_mean": 544.18050847457607, "mean_population_sum": 0.0, "dominant_risk_class": "low" }, "geometry": { "type": "Polygon", "coordinates": [ [ [ 31.385138122729565, 30.033291778581109 ], [ 31.385138122729565, 30.037180216003467 ], [ 31.389629699150163, 30.037180216003467 ], [ 31.389629699150163, 30.033291778581109 ], [ 31.385138122729565, 30.033291778581109 ] ] ] } },
{ "type": "Feature", "properties": { "zone_code": "NSR-GRID-283", "event_count": 30, "mean_predicted_score": 0.32595913599254006, "max_predicted_score": 0.66595573573785682, "min_predicted_score": 0.2051497018558158, "high_risk_event_count": 1, "medium_risk_event_count": 7, "low_risk_event_count": 22, "high_risk_event_ratio": 0.033333333333333333, "mean_absolute_error": 0.0049099092499681812, "mean_rain_24h_mm": 10.506666666666668, "max_rain_24h_mm": 44.9, "mean_gpm_precipitation_sum": 0.0, "mean_built_surface_mean": 1443.2267429540152, "mean_population_sum": 0.0, "dominant_risk_class": "low" }, "geometry": { "type": "Polygon", "coordinates": [ [ [ 31.389629699150163, 30.033291778581109 ], [ 31.389629699150163, 30.037180216003467 ], [ 31.394121275570754, 30.037180216003467 ], [ 31.394121275570754, 30.033291778581109 ], [ 31.389629699150163, 30.033291778581109 ] ] ] } },
{ "type": "Feature", "properties": { "zone_code": "NSR-GRID-284", "event_count": 30, "mean_predicted_score": 0.29975928603938384, "max_predicted_score": 0.64267298090053093, "min_predicted_score": 0.1775091581621622, "high_risk_event_count": 0, "medium_risk_event_count": 7, "low_risk_event_count": 23, "high_risk_event_ratio": 0.0, "mean_absolute_error": 0.0050788470528509337, "mean_rain_24h_mm": 10.506666666666668, "max_rain_24h_mm": 44.9, "mean_gpm_precipitation_sum": 0.0, "mean_built_surface_mean": 1240.6613689340959, "mean_population_sum": 0.0, "dominant_risk_class": "low" }, "geometry": { "type": "Polygon", "coordinates": [ [ [ 31.394121275570754, 30.033291778581109 ], [ 31.394121275570754, 30.037180216003467 ], [ 31.398612851991352, 30.037180216003467 ], [ 31.398612851991352, 30.033291778581109 ], [ 31.394121275570754, 30.033291778581109 ] ] ] } },
{ "type": "Feature", "properties": { "zone_code": "NSR-GRID-285", "event_count": 30, "mean_predicted_score": 0.57217150372035686, "max_predicted_score": 0.91309063336949758, "min_predicted_score": 0.45029771795144441, "high_risk_event_count": 6, "medium_risk_event_count": 24, "low_risk_event_count": 0, "high_risk_event_ratio": 0.2, "mean_absolute_error": 0.0039184407830428498, "mean_rain_24h_mm": 10.506666666666668, "max_rain_24h_mm": 44.9, "mean_gpm_precipitation_sum": 0.0, "mean_built_surface_mean": 4076.8478260869583, "mean_population_sum": 0.0, "dominant_risk_class": "medium" }, "geometry": { "type": "MultiPolygon", "coordinates": [ [ [ [ 31.335730782102992, 30.029403188589662 ], [ 31.335581772292223, 30.029403188589662 ], [ 31.3353268, 30.030505500000011 ], [ 31.3352921, 30.0307101 ], [ 31.3353421, 30.030868699999985 ], [ 31.3354841, 30.030996 ], [ 31.335706, 30.0310882 ], [ 31.335730782102992, 30.031084275071336 ], [ 31.335730782102992, 30.029403188589662 ] ] ], [ [ [ 31.335730782102992, 30.033291778581109 ], [ 31.335730782102992, 30.031777576921158 ], [ 31.3351376, 30.0319719 ], [ 31.3342732, 30.032339 ], [ 31.3334784, 30.0327954 ], [ 31.332887328982721, 30.033291778581109 ], [ 31.335730782102992, 30.033291778581109 ] ] ] ] } },
{ "type": "Feature", "properties": { "zone_code": "NSR-GRID-286", "event_count": 30, "mean_predicted_score": 0.2549626552170326, "max_predicted_score": 0.59920452196076379, "min_predicted_score": 0.1339434649489227, "high_risk_event_count": 0, "medium_risk_event_count": 7, "low_risk_event_count": 23, "high_risk_event_ratio": 0.0, "mean_absolute_error": 0.0039456816106334816, "mean_rain_24h_mm": 10.506666666666668, "max_rain_24h_mm": 44.9, "mean_gpm_precipitation_sum": 0.0, "mean_built_surface_mean": 646.14065059677046, "mean_population_sum": 0.0, "dominant_risk_class": "low" }, "geometry": { "type": "Polygon", "coordinates": [ [ [ 31.398612851991352, 30.029403188589662 ], [ 31.398612851991352, 30.033291778581109 ], [ 31.402950007427197, 30.033291778581109 ], [ 31.4026521, 30.0311873 ], [ 31.402407520234178, 30.029403188589662 ], [ 31.398612851991352, 30.029403188589662 ] ] ] } },
{ "type": "Feature", "properties": { "zone_code": "NSR-GRID-287", "event_count": 30, "mean_predicted_score": 0.63108621798777276, "max_predicted_score": 0.96526273960623543, "min_predicted_score": 0.51295409295866545, "high_risk_event_count": 7, "medium_risk_event_count": 23, "low_risk_event_count": 0, "high_risk_event_ratio": 0.23333333333333334, "mean_absolute_error": 0.00707080320471783, "mean_rain_24h_mm": 10.506666666666668, "max_rain_24h_mm": 44.9, "mean_gpm_precipitation_sum": 0.0, "mean_built_surface_mean": 5187.409658970555, "mean_population_sum": 0.0, "dominant_risk_class": "medium" }, "geometry": { "type": "Polygon", "coordinates": [ [ [ 31.340222358523583, 30.029403188589662 ], [ 31.340222358523583, 30.033291778581109 ], [ 31.344713934944181, 30.033291778581109 ], [ 31.344713934944181, 30.029403188589662 ], [ 31.340222358523583, 30.029403188589662 ] ] ] } },
{ "type": "Feature", "properties": { "zone_code": "NSR-GRID-288", "event_count": 30, "mean_predicted_score": 0.60050403256865081, "max_predicted_score": 0.93382946136737321, "min_predicted_score": 0.48163773571288743, "high_risk_event_count": 7, "medium_risk_event_count": 23, "low_risk_event_count": 0, "high_risk_event_ratio": 0.23333333333333334, "mean_absolute_error": 0.0061062923642939103, "mean_rain_24h_mm": 10.506666666666668, "max_rain_24h_mm": 44.9, "mean_gpm_precipitation_sum": 0.0, "mean_built_surface_mean": 4584.1571368064369, "mean_population_sum": 0.0, "dominant_risk_class": "medium" }, "geometry": { "type": "Polygon", "coordinates": [ [ [ 31.344713934944181, 30.029403188589662 ], [ 31.344713934944181, 30.033291778581109 ], [ 31.349205511364779, 30.033291778581109 ], [ 31.349205511364779, 30.029403188589662 ], [ 31.344713934944181, 30.029403188589662 ] ] ] } },
{ "type": "Feature", "properties": { "zone_code": "NSR-GRID-289", "event_count": 30, "mean_predicted_score": 0.52150005366422314, "max_predicted_score": 0.86098024963035014, "min_predicted_score": 0.39978440695765088, "high_risk_event_count": 5, "medium_risk_event_count": 25, "low_risk_event_count": 0, "high_risk_event_ratio": 0.16666666666666666, "mean_absolute_error": 0.0042198104687215391, "mean_rain_24h_mm": 10.506666666666668, "max_rain_24h_mm": 44.9, "mean_gpm_precipitation_sum": 0.0, "mean_built_surface_mean": 3554.8192413646952, "mean_population_sum": 0.0, "dominant_risk_class": "medium" }, "geometry": { "type": "Polygon", "coordinates": [ [ [ 31.349205511364779, 30.029403188589662 ], [ 31.349205511364779, 30.033291778581109 ], [ 31.353697087785381, 30.033291778581109 ], [ 31.353697087785381, 30.029403188589662 ], [ 31.349205511364779, 30.029403188589662 ] ] ] } },
{ "type": "Feature", "properties": { "zone_code": "NSR-GRID-290", "event_count": 30, "mean_predicted_score": 0.39366096199454204, "max_predicted_score": 0.73723439212259201, "min_predicted_score": 0.26802688424081678, "high_risk_event_count": 3, "medium_risk_event_count": 16, "low_risk_event_count": 11, "high_risk_event_ratio": 0.1, "mean_absolute_error": 0.0066931458126731182, "mean_rain_24h_mm": 10.506666666666668, "max_rain_24h_mm": 44.9, "mean_gpm_precipitation_sum": 0.0, "mean_built_surface_mean": 2814.9209913154004, "mean_population_sum": 0.0, "dominant_risk_class": "medium" }, "geometry": { "type": "Polygon", "coordinates": [ [ [ 31.353697087785381, 30.029403188589662 ], [ 31.353697087785381, 30.033291778581109 ], [ 31.358188664205979, 30.033291778581109 ], [ 31.358188664205979, 30.029403188589662 ], [ 31.353697087785381, 30.029403188589662 ] ] ] } },
{ "type": "Feature", "properties": { "zone_code": "NSR-GRID-291", "event_count": 30, "mean_predicted_score": 0.29889213452058067, "max_predicted_score": 0.64346631264304888, "min_predicted_score": 0.1758043547131902, "high_risk_event_count": 0, "medium_risk_event_count": 7, "low_risk_event_count": 23, "high_risk_event_ratio": 0.0, "mean_absolute_error": 0.0054546953826574074, "mean_rain_24h_mm": 10.506666666666668, "max_rain_24h_mm": 44.9, "mean_gpm_precipitation_sum": 0.0, "mean_built_surface_mean": 1156.1347172209278, "mean_population_sum": 0.0, "dominant_risk_class": "low" }, "geometry": { "type": "Polygon", "coordinates": [ [ [ 31.358188664205979, 30.029403188589662 ], [ 31.358188664205979, 30.033291778581109 ], [ 31.362680240626577, 30.033291778581109 ], [ 31.362680240626577, 30.029403188589662 ], [ 31.358188664205979, 30.029403188589662 ] ] ] } },
{ "type": "Feature", "properties": { "zone_code": "NSR-GRID-292", "event_count": 30, "mean_predicted_score": 0.31882354240991184, "max_predicted_score": 0.65808053102983122, "min_predicted_score": 0.198581301292895, "high_risk_event_count": 0, "medium_risk_event_count": 7, "low_risk_event_count": 23, "high_risk_event_ratio": 0.0, "mean_absolute_error": 0.0051871555490952126, "mean_rain_24h_mm": 10.506666666666668, "max_rain_24h_mm": 44.9, "mean_gpm_precipitation_sum": 0.0, "mean_built_surface_mean": 1267.8664971392252, "mean_population_sum": 0.0, "dominant_risk_class": "low" }, "geometry": { "type": "Polygon", "coordinates": [ [ [ 31.362680240626577, 30.029403188589662 ], [ 31.362680240626577, 30.033291778581109 ], [ 31.367171817047169, 30.033291778581109 ], [ 31.367171817047169, 30.029403188589662 ], [ 31.362680240626577, 30.029403188589662 ] ] ] } },
{ "type": "Feature", "properties": { "zone_code": "NSR-GRID-293", "event_count": 30, "mean_predicted_score": 0.46537317119386418, "max_predicted_score": 0.8041548056356066, "min_predicted_score": 0.34394437900443808, "high_risk_event_count": 4, "medium_risk_event_count": 26, "low_risk_event_count": 0, "high_risk_event_ratio": 0.13333333333333333, "mean_absolute_error": 0.004511807667224435, "mean_rain_24h_mm": 10.506666666666668, "max_rain_24h_mm": 44.9, "mean_gpm_precipitation_sum": 0.0, "mean_built_surface_mean": 3216.7808857808859, "mean_population_sum": 0.0, "dominant_risk_class": "medium" }, "geometry": { "type": "Polygon", "coordinates": [ [ [ 31.367171817047169, 30.029403188589662 ], [ 31.367171817047169, 30.033291778581109 ], [ 31.371663393467767, 30.033291778581109 ], [ 31.371663393467767, 30.029403188589662 ], [ 31.367171817047169, 30.029403188589662 ] ] ] } },
{ "type": "Feature", "properties": { "zone_code": "NSR-GRID-294", "event_count": 30, "mean_predicted_score": 0.4018855425191713, "max_predicted_score": 0.74367386000817104, "min_predicted_score": 0.27908424082934419, "high_risk_event_count": 3, "medium_risk_event_count": 17, "low_risk_event_count": 10, "high_risk_event_ratio": 0.1, "mean_absolute_error": 0.0050763192411804846, "mean_rain_24h_mm": 10.506666666666668, "max_rain_24h_mm": 44.9, "mean_gpm_precipitation_sum": 0.0, "mean_built_surface_mean": 2350.215844100826, "mean_population_sum": 0.0, "dominant_risk_class": "medium" }, "geometry": { "type": "Polygon", "coordinates": [ [ [ 31.371663393467767, 30.029403188589662 ], [ 31.371663393467767, 30.033291778581109 ], [ 31.376154969888365, 30.033291778581109 ], [ 31.376154969888365, 30.029403188589662 ], [ 31.371663393467767, 30.029403188589662 ] ] ] } },
{ "type": "Feature", "properties": { "zone_code": "NSR-GRID-295", "event_count": 30, "mean_predicted_score": 0.22704697373940055, "max_predicted_score": 0.56810672178978217, "min_predicted_score": 0.1065620661635138, "high_risk_event_count": 0, "medium_risk_event_count": 6, "low_risk_event_count": 24, "high_risk_event_ratio": 0.0, "mean_absolute_error": 0.0043250636823558095, "mean_rain_24h_mm": 10.506666666666668, "max_rain_24h_mm": 44.9, "mean_gpm_precipitation_sum": 0.0, "mean_built_surface_mean": 17.788135593220332, "mean_population_sum": 0.0, "dominant_risk_class": "low" }, "geometry": { "type": "Polygon", "coordinates": [ [ [ 31.376154969888365, 30.029403188589662 ], [ 31.376154969888365, 30.033291778581109 ], [ 31.380646546308967, 30.033291778581109 ], [ 31.380646546308967, 30.029403188589662 ], [ 31.376154969888365, 30.029403188589662 ] ] ] } },
{ "type": "Feature", "properties": { "zone_code": "NSR-GRID-296", "event_count": 30, "mean_predicted_score": 0.20298454502152069, "max_predicted_score": 0.54507879486283906, "min_predicted_score": 0.083684413981992403, "high_risk_event_count": 0, "medium_risk_event_count": 5, "low_risk_event_count": 25, "high_risk_event_ratio": 0.0, "mean_absolute_error": 0.0051716903216930069, "mean_rain_24h_mm": 10.506666666666668, "max_rain_24h_mm": 44.9, "mean_gpm_precipitation_sum": 0.0, "mean_built_surface_mean": 4.9449152542372881, "mean_population_sum": 0.0, "dominant_risk_class": "low" }, "geometry": { "type": "Polygon", "coordinates": [ [ [ 31.380646546308967, 30.029403188589662 ], [ 31.380646546308967, 30.033291778581109 ], [ 31.385138122729565, 30.033291778581109 ], [ 31.385138122729565, 30.029403188589662 ], [ 31.380646546308967, 30.029403188589662 ] ] ] } },
{ "type": "Feature", "properties": { "zone_code": "NSR-GRID-297", "event_count": 30, "mean_predicted_score": 0.17580166265609895, "max_predicted_score": 0.52075180617949346, "min_predicted_score": 0.053264322128621498, "high_risk_event_count": 0, "medium_risk_event_count": 5, "low_risk_event_count": 25, "high_risk_event_ratio": 0.0, "mean_absolute_error": 0.0048335901987054345, "mean_rain_24h_mm": 10.506666666666668, "max_rain_24h_mm": 44.9, "mean_gpm_precipitation_sum": 0.0, "mean_built_surface_mean": 18.544049131723838, "mean_population_sum": 0.0, "dominant_risk_class": "low" }, "geometry": { "type": "Polygon", "coordinates": [ [ [ 31.385138122729565, 30.029403188589662 ], [ 31.385138122729565, 30.033291778581109 ], [ 31.389629699150163, 30.033291778581109 ], [ 31.389629699150163, 30.029403188589662 ], [ 31.385138122729565, 30.029403188589662 ] ] ] } },
{ "type": "Feature", "properties": { "zone_code": "NSR-GRID-298", "event_count": 30, "mean_predicted_score": 0.21206403768027748, "max_predicted_score": 0.55553970219022308, "min_predicted_score": 0.091527903031925206, "high_risk_event_count": 0, "medium_risk_event_count": 5, "low_risk_event_count": 25, "high_risk_event_ratio": 0.0, "mean_absolute_error": 0.0042349675543652534, "mean_rain_24h_mm": 10.506666666666668, "max_rain_24h_mm": 44.9, "mean_gpm_precipitation_sum": 0.0, "mean_built_surface_mean": 45.685236178775703, "mean_population_sum": 0.0, "dominant_risk_class": "low" }, "geometry": { "type": "Polygon", "coordinates": [ [ [ 31.389629699150163, 30.029403188589662 ], [ 31.389629699150163, 30.033291778581109 ], [ 31.394121275570754, 30.033291778581109 ], [ 31.394121275570754, 30.029403188589662 ], [ 31.389629699150163, 30.029403188589662 ] ] ] } },
{ "type": "Feature", "properties": { "zone_code": "NSR-GRID-299", "event_count": 30, "mean_predicted_score": 0.20492138863207074, "max_predicted_score": 0.54704596903929759, "min_predicted_score": 0.084595326085674202, "high_risk_event_count": 0, "medium_risk_event_count": 5, "low_risk_event_count": 25, "high_risk_event_ratio": 0.0, "mean_absolute_error": 0.0044803193656196161, "mean_rain_24h_mm": 10.506666666666668, "max_rain_24h_mm": 44.9, "mean_gpm_precipitation_sum": 0.0, "mean_built_surface_mean": 36.843432203389831, "mean_population_sum": 0.0, "dominant_risk_class": "low" }, "geometry": { "type": "Polygon", "coordinates": [ [ [ 31.394121275570754, 30.029403188589662 ], [ 31.394121275570754, 30.033291778581109 ], [ 31.398612851991352, 30.033291778581109 ], [ 31.398612851991352, 30.029403188589662 ], [ 31.394121275570754, 30.029403188589662 ] ] ] } },
{ "type": "Feature", "properties": { "zone_code": "NSR-GRID-300", "event_count": 30, "mean_predicted_score": 0.48005393445817657, "max_predicted_score": 0.820794086846662, "min_predicted_score": 0.3583328787398013, "high_risk_event_count": 5, "medium_risk_event_count": 25, "low_risk_event_count": 0, "high_risk_event_ratio": 0.16666666666666666, "mean_absolute_error": 0.0042624170636266718, "mean_rain_24h_mm": 10.506666666666668, "max_rain_24h_mm": 44.9, "mean_gpm_precipitation_sum": 0.0, "mean_built_surface_mean": 2936.6347525394417, "mean_population_sum": 0.0, "dominant_risk_class": "medium" }, "geometry": { "type": "Polygon", "coordinates": [ [ [ 31.335730782102992, 30.033291778581109 ], [ 31.340222358523583, 30.033291778581109 ], [ 31.340222358523583, 30.029403188589662 ], [ 31.335730782102992, 30.029403188589662 ], [ 31.335730782102992, 30.031084275071336 ], [ 31.3361202, 30.0310226 ], [ 31.3363632, 30.0315704 ], [ 31.335730782102992, 30.031777576921158 ], [ 31.335730782102992, 30.033291778581109 ] ] ] } },
{ "type": "Feature", "properties": { "zone_code": "NSR-GRID-301", "event_count": 30, "mean_predicted_score": 0.56978800266529306, "max_predicted_score": 0.90989379761597999, "min_predicted_score": 0.44896120519005578, "high_risk_event_count": 6, "medium_risk_event_count": 24, "low_risk_event_count": 0, "high_risk_event_ratio": 0.2, "mean_absolute_error": 0.004157940959690444, "mean_rain_24h_mm": 10.506666666666668, "max_rain_24h_mm": 44.9, "mean_gpm_precipitation_sum": 0.0, "mean_built_surface_mean": 3883.0, "mean_population_sum": 0.0, "dominant_risk_class": "medium" }, "geometry": { "type": "Polygon", "coordinates": [ [ [ 31.335730782102992, 30.029403188589662 ], [ 31.335730782102992, 30.028758974819059 ], [ 31.335581772292223, 30.029403188589662 ], [ 31.335730782102992, 30.029403188589662 ] ] ] } },
{ "type": "Feature", "properties": { "zone_code": "NSR-GRID-302", "event_count": 30, "mean_predicted_score": 0.34156569845364942, "max_predicted_score": 0.68184557248894173, "min_predicted_score": 0.22101149748549029, "high_risk_event_count": 2, "medium_risk_event_count": 11, "low_risk_event_count": 17, "high_risk_event_ratio": 0.066666666666666666, "mean_absolute_error": 0.0047697755097355233, "mean_rain_24h_mm": 10.506666666666668, "max_rain_24h_mm": 44.9, "mean_gpm_precipitation_sum": 0.0, "mean_built_surface_mean": 1512.908135896289, "mean_population_sum": 0.0, "dominant_risk_class": "medium" }, "geometry": { "type": "Polygon", "coordinates": [ [ [ 31.335730782102992, 30.029403188589662 ], [ 31.340222358523583, 30.029403188589662 ], [ 31.340222358523583, 30.02551444604104 ], [ 31.336591199332673, 30.02551444604104 ], [ 31.3358576, 30.0282107 ], [ 31.335730782102992, 30.028758974819059 ], [ 31.335730782102992, 30.029403188589662 ] ] ] } },
{ "type": "Feature", "properties": { "zone_code": "NSR-GRID-303", "event_count": 30, "mean_predicted_score": 0.21770873079070122, "max_predicted_score": 0.55982836949300563, "min_predicted_score": 0.097303405440311103, "high_risk_event_count": 0, "medium_risk_event_count": 5, "low_risk_event_count": 25, "high_risk_event_ratio": 0.0, "mean_absolute_error": 0.0042580633209614678, "mean_rain_24h_mm": 10.506666666666668, "max_rain_24h_mm": 44.9, "mean_gpm_precipitation_sum": 0.0, "mean_built_surface_mean": 270.69852941176475, "mean_population_sum": 0.0, "dominant_risk_class": "low" }, "geometry": { "type": "Polygon", "coordinates": [ [ [ 31.398612851991352, 30.02551444604104 ], [ 31.398612851991352, 30.029403188589662 ], [ 31.402407520234178, 30.029403188589662 ], [ 31.4020118, 30.0265165 ], [ 31.401841090769885, 30.02551444604104 ], [ 31.398612851991352, 30.02551444604104 ] ] ] } },
{ "type": "Feature", "properties": { "zone_code": "NSR-GRID-304", "event_count": 30, "mean_predicted_score": 0.41743486680577213, "max_predicted_score": 0.75641013127578993, "min_predicted_score": 0.29510651745399252, "high_risk_event_count": 3, "medium_risk_event_count": 17, "low_risk_event_count": 10, "high_risk_event_ratio": 0.1, "mean_absolute_error": 0.0048007762822406454, "mean_rain_24h_mm": 10.506666666666668, "max_rain_24h_mm": 44.9, "mean_gpm_precipitation_sum": 0.0, "mean_built_surface_mean": 2429.2183055040209, "mean_population_sum": 0.0, "dominant_risk_class": "medium" }, "geometry": { "type": "Polygon", "coordinates": [ [ [ 31.340222358523583, 30.02551444604104 ], [ 31.340222358523583, 30.029403188589662 ], [ 31.344713934944181, 30.029403188589662 ], [ 31.344713934944181, 30.02551444604104 ], [ 31.340222358523583, 30.02551444604104 ] ] ] } },
{ "type": "Feature", "properties": { "zone_code": "NSR-GRID-305", "event_count": 30, "mean_predicted_score": 0.54193407939744043, "max_predicted_score": 0.87976762819644005, "min_predicted_score": 0.42101378614666768, "high_risk_event_count": 5, "medium_risk_event_count": 25, "low_risk_event_count": 0, "high_risk_event_ratio": 0.16666666666666666, "mean_absolute_error": 0.0045805252138633344, "mean_rain_24h_mm": 10.506666666666668, "max_rain_24h_mm": 44.9, "mean_gpm_precipitation_sum": 0.0, "mean_built_surface_mean": 3831.8934679579647, "mean_population_sum": 0.0, "dominant_risk_class": "medium" }, "geometry": { "type": "Polygon", "coordinates": [ [ [ 31.344713934944181, 30.02551444604104 ], [ 31.344713934944181, 30.029403188589662 ], [ 31.349205511364779, 30.029403188589662 ], [ 31.349205511364779, 30.02551444604104 ], [ 31.344713934944181, 30.02551444604104 ] ] ] } },
{ "type": "Feature", "properties": { "zone_code": "NSR-GRID-306", "event_count": 30, "mean_predicted_score": 0.57275359082333355, "max_predicted_score": 0.912308676305702, "min_predicted_score": 0.45200790296738541, "high_risk_event_count": 6, "medium_risk_event_count": 24, "low_risk_event_count": 0, "high_risk_event_ratio": 0.2, "mean_absolute_error": 0.004488722614424249, "mean_rain_24h_mm": 10.506666666666668, "max_rain_24h_mm": 44.9, "mean_gpm_precipitation_sum": 0.0, "mean_built_surface_mean": 4161.5290601813704, "mean_population_sum": 0.0, "dominant_risk_class": "medium" }, "geometry": { "type": "Polygon", "coordinates": [ [ [ 31.349205511364779, 30.02551444604104 ], [ 31.349205511364779, 30.029403188589662 ], [ 31.353697087785381, 30.029403188589662 ], [ 31.353697087785381, 30.02551444604104 ], [ 31.349205511364779, 30.02551444604104 ] ] ] } },
{ "type": "Feature", "properties": { "zone_code": "NSR-GRID-307", "event_count": 30, "mean_predicted_score": 0.42172728965341444, "max_predicted_score": 0.75886785987384731, "min_predicted_score": 0.30091593541759132, "high_risk_event_count": 3, "medium_risk_event_count": 17, "low_risk_event_count": 10, "high_risk_event_ratio": 0.1, "mean_absolute_error": 0.005222987629387923, "mean_rain_24h_mm": 10.506666666666668, "max_rain_24h_mm": 44.9, "mean_gpm_precipitation_sum": 0.0, "mean_built_surface_mean": 2240.2664880461662, "mean_population_sum": 0.0, "dominant_risk_class": "medium" }, "geometry": { "type": "Polygon", "coordinates": [ [ [ 31.353697087785381, 30.02551444604104 ], [ 31.353697087785381, 30.029403188589662 ], [ 31.358188664205979, 30.029403188589662 ], [ 31.358188664205979, 30.02551444604104 ], [ 31.353697087785381, 30.02551444604104 ] ] ] } },
{ "type": "Feature", "properties": { "zone_code": "NSR-GRID-308", "event_count": 30, "mean_predicted_score": 0.28753807598183578, "max_predicted_score": 0.62915833455684989, "min_predicted_score": 0.16680248907070869, "high_risk_event_count": 0, "medium_risk_event_count": 7, "low_risk_event_count": 23, "high_risk_event_ratio": 0.0, "mean_absolute_error": 0.0051706385087823964, "mean_rain_24h_mm": 10.506666666666668, "max_rain_24h_mm": 44.9, "mean_gpm_precipitation_sum": 0.0, "mean_built_surface_mean": 926.47743663713152, "mean_population_sum": 0.0, "dominant_risk_class": "low" }, "geometry": { "type": "Polygon", "coordinates": [ [ [ 31.358188664205979, 30.02551444604104 ], [ 31.358188664205979, 30.029403188589662 ], [ 31.362680240626577, 30.029403188589662 ], [ 31.362680240626577, 30.02551444604104 ], [ 31.358188664205979, 30.02551444604104 ] ] ] } },
{ "type": "Feature", "properties": { "zone_code": "NSR-GRID-309", "event_count": 30, "mean_predicted_score": 0.15619663422942673, "max_predicted_score": 0.50450025962795753, "min_predicted_score": 0.032077145421907503, "high_risk_event_count": 0, "medium_risk_event_count": 5, "low_risk_event_count": 25, "high_risk_event_ratio": 0.0, "mean_absolute_error": 0.0066752833640821097, "mean_rain_24h_mm": 10.506666666666668, "max_rain_24h_mm": 44.9, "mean_gpm_precipitation_sum": 0.0, "mean_built_surface_mean": 182.24010717229993, "mean_population_sum": 0.0, "dominant_risk_class": "low" }, "geometry": { "type": "Polygon", "coordinates": [ [ [ 31.362680240626577, 30.02551444604104 ], [ 31.362680240626577, 30.029403188589662 ], [ 31.367171817047169, 30.029403188589662 ], [ 31.367171817047169, 30.02551444604104 ], [ 31.362680240626577, 30.02551444604104 ] ] ] } },
{ "type": "Feature", "properties": { "zone_code": "NSR-GRID-310", "event_count": 30, "mean_predicted_score": 0.18011845774578422, "max_predicted_score": 0.51677411918309502, "min_predicted_score": 0.061469721669346, "high_risk_event_count": 0, "medium_risk_event_count": 5, "low_risk_event_count": 25, "high_risk_event_ratio": 0.0, "mean_absolute_error": 0.0061774979683460697, "mean_rain_24h_mm": 10.506666666666668, "max_rain_24h_mm": 44.9, "mean_gpm_precipitation_sum": 0.0, "mean_built_surface_mean": 177.70760354419951, "mean_population_sum": 0.0, "dominant_risk_class": "low" }, "geometry": { "type": "Polygon", "coordinates": [ [ [ 31.367171817047169, 30.02551444604104 ], [ 31.367171817047169, 30.029403188589662 ], [ 31.371663393467767, 30.029403188589662 ], [ 31.371663393467767, 30.02551444604104 ], [ 31.367171817047169, 30.02551444604104 ] ] ] } },
{ "type": "Feature", "properties": { "zone_code": "NSR-GRID-311", "event_count": 30, "mean_predicted_score": 0.18381914871508942, "max_predicted_score": 0.5203429059401572, "min_predicted_score": 0.064977898078598204, "high_risk_event_count": 0, "medium_risk_event_count": 5, "low_risk_event_count": 25, "high_risk_event_ratio": 0.0, "mean_absolute_error": 0.0060062628027080954, "mean_rain_24h_mm": 10.506666666666668, "max_rain_24h_mm": 44.9, "mean_gpm_precipitation_sum": 0.0, "mean_built_surface_mean": 241.21047206761489, "mean_population_sum": 0.0, "dominant_risk_class": "low" }, "geometry": { "type": "Polygon", "coordinates": [ [ [ 31.371663393467767, 30.02551444604104 ], [ 31.371663393467767, 30.029403188589662 ], [ 31.376154969888365, 30.029403188589662 ], [ 31.376154969888365, 30.02551444604104 ], [ 31.371663393467767, 30.02551444604104 ] ] ] } },
{ "type": "Feature", "properties": { "zone_code": "NSR-GRID-312", "event_count": 30, "mean_predicted_score": 0.25567923922288571, "max_predicted_score": 0.59892015873530124, "min_predicted_score": 0.13513632060647751, "high_risk_event_count": 0, "medium_risk_event_count": 7, "low_risk_event_count": 23, "high_risk_event_ratio": 0.0, "mean_absolute_error": 0.0040975996484935726, "mean_rain_24h_mm": 10.506666666666668, "max_rain_24h_mm": 44.9, "mean_gpm_precipitation_sum": 0.0, "mean_built_surface_mean": 490.72597938144332, "mean_population_sum": 0.0, "dominant_risk_class": "low" }, "geometry": { "type": "Polygon", "coordinates": [ [ [ 31.376154969888365, 30.02551444604104 ], [ 31.376154969888365, 30.029403188589662 ], [ 31.380646546308967, 30.029403188589662 ], [ 31.380646546308967, 30.02551444604104 ], [ 31.376154969888365, 30.02551444604104 ] ] ] } },
{ "type": "Feature", "properties": { "zone_code": "NSR-GRID-313", "event_count": 30, "mean_predicted_score": 0.25070560864601699, "max_predicted_score": 0.59377030748473825, "min_predicted_score": 0.131039354816465, "high_risk_event_count": 0, "medium_risk_event_count": 7, "low_risk_event_count": 23, "high_risk_event_ratio": 0.0, "mean_absolute_error": 0.0048039675091669379, "mean_rain_24h_mm": 10.506666666666668, "max_rain_24h_mm": 44.9, "mean_gpm_precipitation_sum": 0.0, "mean_built_surface_mean": 384.62015663643859, "mean_population_sum": 0.0, "dominant_risk_class": "low" }, "geometry": { "type": "Polygon", "coordinates": [ [ [ 31.380646546308967, 30.02551444604104 ], [ 31.380646546308967, 30.029403188589662 ], [ 31.385138122729565, 30.029403188589662 ], [ 31.385138122729565, 30.02551444604104 ], [ 31.380646546308967, 30.02551444604104 ] ] ] } },
{ "type": "Feature", "properties": { "zone_code": "NSR-GRID-314", "event_count": 30, "mean_predicted_score": 0.15204726631930501, "max_predicted_score": 0.49485715157673688, "min_predicted_score": 0.0316692267618165, "high_risk_event_count": 0, "medium_risk_event_count": 5, "low_risk_event_count": 25, "high_risk_event_ratio": 0.0, "mean_absolute_error": 0.0043194445843909631, "mean_rain_24h_mm": 10.506666666666668, "max_rain_24h_mm": 44.9, "mean_gpm_precipitation_sum": 0.0, "mean_built_surface_mean": 3.2643725530599617, "mean_population_sum": 0.0, "dominant_risk_class": "low" }, "geometry": { "type": "Polygon", "coordinates": [ [ [ 31.385138122729565, 30.02551444604104 ], [ 31.385138122729565, 30.029403188589662 ], [ 31.389629699150163, 30.029403188589662 ], [ 31.389629699150163, 30.02551444604104 ], [ 31.385138122729565, 30.02551444604104 ] ] ] } },
{ "type": "Feature", "properties": { "zone_code": "NSR-GRID-315", "event_count": 30, "mean_predicted_score": 0.20287202387162268, "max_predicted_score": 0.54702006188515695, "min_predicted_score": 0.081333750474411104, "high_risk_event_count": 0, "medium_risk_event_count": 5, "low_risk_event_count": 25, "high_risk_event_ratio": 0.0, "mean_absolute_error": 0.004380096925778002, "mean_rain_24h_mm": 10.506666666666668, "max_rain_24h_mm": 44.9, "mean_gpm_precipitation_sum": 0.0, "mean_built_surface_mean": 0.0, "mean_population_sum": 0.0, "dominant_risk_class": "low" }, "geometry": { "type": "Polygon", "coordinates": [ [ [ 31.389629699150163, 30.02551444604104 ], [ 31.389629699150163, 30.029403188589662 ], [ 31.394121275570754, 30.029403188589662 ], [ 31.394121275570754, 30.02551444604104 ], [ 31.389629699150163, 30.02551444604104 ] ] ] } },
{ "type": "Feature", "properties": { "zone_code": "NSR-GRID-316", "event_count": 30, "mean_predicted_score": 0.19270177555487741, "max_predicted_score": 0.53689510805931207, "min_predicted_score": 0.071397265805068805, "high_risk_event_count": 0, "medium_risk_event_count": 5, "low_risk_event_count": 25, "high_risk_event_ratio": 0.0, "mean_absolute_error": 0.0040845820990331808, "mean_rain_24h_mm": 10.506666666666668, "max_rain_24h_mm": 44.9, "mean_gpm_precipitation_sum": 0.0, "mean_built_surface_mean": 0.0, "mean_population_sum": 0.0, "dominant_risk_class": "low" }, "geometry": { "type": "Polygon", "coordinates": [ [ [ 31.394121275570754, 30.02551444604104 ], [ 31.394121275570754, 30.029403188589662 ], [ 31.398612851991352, 30.029403188589662 ], [ 31.398612851991352, 30.02551444604104 ], [ 31.394121275570754, 30.02551444604104 ] ] ] } },
{ "type": "Feature", "properties": { "zone_code": "NSR-GRID-317", "event_count": 30, "mean_predicted_score": 0.39439983649363869, "max_predicted_score": 0.7364354326514625, "min_predicted_score": 0.27172337965754773, "high_risk_event_count": 3, "medium_risk_event_count": 16, "low_risk_event_count": 11, "high_risk_event_ratio": 0.1, "mean_absolute_error": 0.0041569367206132175, "mean_rain_24h_mm": 10.506666666666668, "max_rain_24h_mm": 44.9, "mean_gpm_precipitation_sum": 0.0, "mean_built_surface_mean": 1732.014728444308, "mean_population_sum": 0.0, "dominant_risk_class": "medium" }, "geometry": { "type": "Polygon", "coordinates": [ [ [ 31.340222358523583, 30.02551444604104 ], [ 31.340222358523583, 30.021625550947174 ], [ 31.337649283017399, 30.021625550947174 ], [ 31.3375442, 30.0220117 ], [ 31.336591199332673, 30.02551444604104 ], [ 31.340222358523583, 30.02551444604104 ] ] ] } },
{ "type": "Feature", "properties": { "zone_code": "NSR-GRID-318", "event_count": 30, "mean_predicted_score": 0.21992706515601543, "max_predicted_score": 0.56158986329186467, "min_predicted_score": 0.098249012655527004, "high_risk_event_count": 0, "medium_risk_event_count": 5, "low_risk_event_count": 25, "high_risk_event_ratio": 0.0, "mean_absolute_error": 0.0046906482849393945, "mean_rain_24h_mm": 10.506666666666668, "max_rain_24h_mm": 44.9, "mean_gpm_precipitation_sum": 0.0, "mean_built_surface_mean": 501.97140039447731, "mean_population_sum": 0.0, "dominant_risk_class": "low" }, "geometry": { "type": "Polygon", "coordinates": [ [ [ 31.398612851991352, 30.021625550947174 ], [ 31.398612851991352, 30.02551444604104 ], [ 31.401841090769885, 30.02551444604104 ], [ 31.4012908, 30.0222842 ], [ 31.401170032069629, 30.021625550947174 ], [ 31.398612851991352, 30.021625550947174 ] ] ] } },
{ "type": "Feature", "properties": { "zone_code": "NSR-GRID-319", "event_count": 30, "mean_predicted_score": 0.26306113222262872, "max_predicted_score": 0.60310075570319932, "min_predicted_score": 0.14312964542467399, "high_risk_event_count": 0, "medium_risk_event_count": 7, "low_risk_event_count": 23, "high_risk_event_ratio": 0.0, "mean_absolute_error": 0.0048277418293317742, "mean_rain_24h_mm": 10.506666666666668, "max_rain_24h_mm": 44.9, "mean_gpm_precipitation_sum": 0.0, "mean_built_surface_mean": 270.16292372881355, "mean_population_sum": 0.0, "dominant_risk_class": "low" }, "geometry": { "type": "Polygon", "coordinates": [ [ [ 31.340222358523583, 30.021625550947174 ], [ 31.340222358523583, 30.02551444604104 ], [ 31.344713934944181, 30.02551444604104 ], [ 31.344713934944181, 30.021625550947174 ], [ 31.340222358523583, 30.021625550947174 ] ] ] } },
{ "type": "Feature", "properties": { "zone_code": "NSR-GRID-320", "event_count": 30, "mean_predicted_score": 0.51426191829862034, "max_predicted_score": 0.85693524550983757, "min_predicted_score": 0.39103801145276312, "high_risk_event_count": 5, "medium_risk_event_count": 25, "low_risk_event_count": 0, "high_risk_event_ratio": 0.16666666666666666, "mean_absolute_error": 0.0045774798488106127, "mean_rain_24h_mm": 10.506666666666668, "max_rain_24h_mm": 44.9, "mean_gpm_precipitation_sum": 0.0, "mean_built_surface_mean": 3551.4069520983471, "mean_population_sum": 0.0, "dominant_risk_class": "medium" }, "geometry": { "type": "Polygon", "coordinates": [ [ [ 31.344713934944181, 30.021625550947174 ], [ 31.344713934944181, 30.02551444604104 ], [ 31.349205511364779, 30.02551444604104 ], [ 31.349205511364779, 30.021625550947174 ], [ 31.344713934944181, 30.021625550947174 ] ] ] } },
{ "type": "Feature", "properties": { "zone_code": "NSR-GRID-321", "event_count": 30, "mean_predicted_score": 0.53099947396674008, "max_predicted_score": 0.8703868132992193, "min_predicted_score": 0.40930979689996888, "high_risk_event_count": 5, "medium_risk_event_count": 25, "low_risk_event_count": 0, "high_risk_event_ratio": 0.16666666666666666, "mean_absolute_error": 0.0044116770097218597, "mean_rain_24h_mm": 10.506666666666668, "max_rain_24h_mm": 44.9, "mean_gpm_precipitation_sum": 0.0, "mean_built_surface_mean": 3693.3395467062078, "mean_population_sum": 0.0, "dominant_risk_class": "medium" }, "geometry": { "type": "Polygon", "coordinates": [ [ [ 31.349205511364779, 30.021625550947174 ], [ 31.349205511364779, 30.02551444604104 ], [ 31.353697087785381, 30.02551444604104 ], [ 31.353697087785381, 30.021625550947174 ], [ 31.349205511364779, 30.021625550947174 ] ] ] } },
{ "type": "Feature", "properties": { "zone_code": "NSR-GRID-322", "event_count": 30, "mean_predicted_score": 0.34986369041609766, "max_predicted_score": 0.69394621691999181, "min_predicted_score": 0.2275143858190796, "high_risk_event_count": 2, "medium_risk_event_count": 12, "low_risk_event_count": 16, "high_risk_event_ratio": 0.066666666666666666, "mean_absolute_error": 0.0050407456531308594, "mean_rain_24h_mm": 10.506666666666668, "max_rain_24h_mm": 44.9, "mean_gpm_precipitation_sum": 0.0, "mean_built_surface_mean": 1370.4163135593217, "mean_population_sum": 0.0, "dominant_risk_class": "medium" }, "geometry": { "type": "Polygon", "coordinates": [ [ [ 31.353697087785381, 30.021625550947174 ], [ 31.353697087785381, 30.02551444604104 ], [ 31.358188664205979, 30.02551444604104 ], [ 31.358188664205979, 30.021625550947174 ], [ 31.353697087785381, 30.021625550947174 ] ] ] } },
{ "type": "Feature", "properties": { "zone_code": "NSR-GRID-323", "event_count": 30, "mean_predicted_score": 0.33322447818983414, "max_predicted_score": 0.67052105622387148, "min_predicted_score": 0.21470147677519649, "high_risk_event_count": 2, "medium_risk_event_count": 10, "low_risk_event_count": 18, "high_risk_event_ratio": 0.066666666666666666, "mean_absolute_error": 0.0067825184663858375, "mean_rain_24h_mm": 10.506666666666668, "max_rain_24h_mm": 44.9, "mean_gpm_precipitation_sum": 0.0, "mean_built_surface_mean": 1142.2644067796614, "mean_population_sum": 0.0, "dominant_risk_class": "medium" }, "geometry": { "type": "Polygon", "coordinates": [ [ [ 31.358188664205979, 30.021625550947174 ], [ 31.358188664205979, 30.02551444604104 ], [ 31.362680240626577, 30.02551444604104 ], [ 31.362680240626577, 30.021625550947174 ], [ 31.358188664205979, 30.021625550947174 ] ] ] } },
{ "type": "Feature", "properties": { "zone_code": "NSR-GRID-324", "event_count": 30, "mean_predicted_score": 0.32609883471162776, "max_predicted_score": 0.66496086427448364, "min_predicted_score": 0.2063194019260097, "high_risk_event_count": 1, "medium_risk_event_count": 8, "low_risk_event_count": 21, "high_risk_event_ratio": 0.033333333333333333, "mean_absolute_error": 0.0053267746990947624, "mean_rain_24h_mm": 10.506666666666668, "max_rain_24h_mm": 44.9, "mean_gpm_precipitation_sum": 0.0, "mean_built_surface_mean": 1288.1298728813561, "mean_population_sum": 0.0, "dominant_risk_class": "low" }, "geometry": { "type": "Polygon", "coordinates": [ [ [ 31.362680240626577, 30.021625550947174 ], [ 31.362680240626577, 30.02551444604104 ], [ 31.367171817047169, 30.02551444604104 ], [ 31.367171817047169, 30.021625550947174 ], [ 31.362680240626577, 30.021625550947174 ] ] ] } },
{ "type": "Feature", "properties": { "zone_code": "NSR-GRID-325", "event_count": 30, "mean_predicted_score": 0.25806410550337422, "max_predicted_score": 0.60227341507403565, "min_predicted_score": 0.1368559503384221, "high_risk_event_count": 0, "medium_risk_event_count": 7, "low_risk_event_count": 23, "high_risk_event_ratio": 0.0, "mean_absolute_error": 0.0040510800888319499, "mean_rain_24h_mm": 10.506666666666668, "max_rain_24h_mm": 44.9, "mean_gpm_precipitation_sum": 0.0, "mean_built_surface_mean": 540.24189790298658, "mean_population_sum": 0.0, "dominant_risk_class": "low" }, "geometry": { "type": "Polygon", "coordinates": [ [ [ 31.367171817047169, 30.021625550947174 ], [ 31.367171817047169, 30.02551444604104 ], [ 31.371663393467767, 30.02551444604104 ], [ 31.371663393467767, 30.021625550947174 ], [ 31.367171817047169, 30.021625550947174 ] ] ] } },
{ "type": "Feature", "properties": { "zone_code": "NSR-GRID-326", "event_count": 30, "mean_predicted_score": 0.23921338101988004, "max_predicted_score": 0.57712560621958242, "min_predicted_score": 0.12161887581978791, "high_risk_event_count": 0, "medium_risk_event_count": 6, "low_risk_event_count": 24, "high_risk_event_ratio": 0.0, "mean_absolute_error": 0.0069892941882915083, "mean_rain_24h_mm": 10.506666666666668, "max_rain_24h_mm": 44.9, "mean_gpm_precipitation_sum": 0.0, "mean_built_surface_mean": 103.9375, "mean_population_sum": 0.0, "dominant_risk_class": "low" }, "geometry": { "type": "Polygon", "coordinates": [ [ [ 31.371663393467767, 30.021625550947174 ], [ 31.371663393467767, 30.02551444604104 ], [ 31.376154969888365, 30.02551444604104 ], [ 31.376154969888365, 30.021625550947174 ], [ 31.371663393467767, 30.021625550947174 ] ] ] } },
{ "type": "Feature", "properties": { "zone_code": "NSR-GRID-327", "event_count": 30, "mean_predicted_score": 0.24811787627015899, "max_predicted_score": 0.59326791496530562, "min_predicted_score": 0.1273157070185677, "high_risk_event_count": 0, "medium_risk_event_count": 7, "low_risk_event_count": 23, "high_risk_event_ratio": 0.0, "mean_absolute_error": 0.0041004354949052951, "mean_rain_24h_mm": 10.506666666666668, "max_rain_24h_mm": 44.9, "mean_gpm_precipitation_sum": 0.0, "mean_built_surface_mean": 422.16461864406796, "mean_population_sum": 0.0, "dominant_risk_class": "low" }, "geometry": { "type": "Polygon", "coordinates": [ [ [ 31.376154969888365, 30.021625550947174 ], [ 31.376154969888365, 30.02551444604104 ], [ 31.380646546308967, 30.02551444604104 ], [ 31.380646546308967, 30.021625550947174 ], [ 31.376154969888365, 30.021625550947174 ] ] ] } },
{ "type": "Feature", "properties": { "zone_code": "NSR-GRID-328", "event_count": 30, "mean_predicted_score": 0.26082750283005152, "max_predicted_score": 0.60184688397099317, "min_predicted_score": 0.14166110637992191, "high_risk_event_count": 0, "medium_risk_event_count": 7, "low_risk_event_count": 23, "high_risk_event_ratio": 0.0, "mean_absolute_error": 0.0053402275663469332, "mean_rain_24h_mm": 10.506666666666668, "max_rain_24h_mm": 44.9, "mean_gpm_precipitation_sum": 0.0, "mean_built_surface_mean": 503.81059322033923, "mean_population_sum": 0.0, "dominant_risk_class": "low" }, "geometry": { "type": "Polygon", "coordinates": [ [ [ 31.380646546308967, 30.021625550947174 ], [ 31.380646546308967, 30.02551444604104 ], [ 31.385138122729565, 30.02551444604104 ], [ 31.385138122729565, 30.021625550947174 ], [ 31.380646546308967, 30.021625550947174 ] ] ] } },
{ "type": "Feature", "properties": { "zone_code": "NSR-GRID-329", "event_count": 30, "mean_predicted_score": 0.19882842428918451, "max_predicted_score": 0.54200842027689589, "min_predicted_score": 0.078224702009250496, "high_risk_event_count": 0, "medium_risk_event_count": 5, "low_risk_event_count": 25, "high_risk_event_ratio": 0.0, "mean_absolute_error": 0.0042135718532841449, "mean_rain_24h_mm": 10.506666666666668, "max_rain_24h_mm": 44.9, "mean_gpm_precipitation_sum": 0.0, "mean_built_surface_mean": 0.29237288135593226, "mean_population_sum": 0.0, "dominant_risk_class": "low" }, "geometry": { "type": "Polygon", "coordinates": [ [ [ 31.385138122729565, 30.021625550947174 ], [ 31.385138122729565, 30.02551444604104 ], [ 31.389629699150163, 30.02551444604104 ], [ 31.389629699150163, 30.021625550947174 ], [ 31.385138122729565, 30.021625550947174 ] ] ] } },
{ "type": "Feature", "properties": { "zone_code": "NSR-GRID-330", "event_count": 30, "mean_predicted_score": 0.1903815494670443, "max_predicted_score": 0.53528536079072819, "min_predicted_score": 0.068780448882426196, "high_risk_event_count": 0, "medium_risk_event_count": 5, "low_risk_event_count": 25, "high_risk_event_ratio": 0.0, "mean_absolute_error": 0.0041449620047814186, "mean_rain_24h_mm": 10.506666666666668, "max_rain_24h_mm": 44.9, "mean_gpm_precipitation_sum": 0.0, "mean_built_surface_mean": 0.055096418732782287, "mean_population_sum": 0.0, "dominant_risk_class": "low" }, "geometry": { "type": "Polygon", "coordinates": [ [ [ 31.389629699150163, 30.021625550947174 ], [ 31.389629699150163, 30.02551444604104 ], [ 31.394121275570754, 30.02551444604104 ], [ 31.394121275570754, 30.021625550947174 ], [ 31.389629699150163, 30.021625550947174 ] ] ] } },
{ "type": "Feature", "properties": { "zone_code": "NSR-GRID-331", "event_count": 30, "mean_predicted_score": 0.19794047496870484, "max_predicted_score": 0.54247806502282492, "min_predicted_score": 0.075300799247745201, "high_risk_event_count": 0, "medium_risk_event_count": 5, "low_risk_event_count": 25, "high_risk_event_ratio": 0.0, "mean_absolute_error": 0.0049363323415996547, "mean_rain_24h_mm": 10.506666666666668, "max_rain_24h_mm": 44.9, "mean_gpm_precipitation_sum": 0.0, "mean_built_surface_mean": 0.0, "mean_population_sum": 0.0, "dominant_risk_class": "low" }, "geometry": { "type": "Polygon", "coordinates": [ [ [ 31.394121275570754, 30.021625550947174 ], [ 31.394121275570754, 30.02551444604104 ], [ 31.398612851991352, 30.02551444604104 ], [ 31.398612851991352, 30.021625550947174 ], [ 31.394121275570754, 30.021625550947174 ] ] ] } },
{ "type": "Feature", "properties": { "zone_code": "NSR-GRID-332", "event_count": 30, "mean_predicted_score": 0.35666953708806148, "max_predicted_score": 0.6941063531466849, "min_predicted_score": 0.23756411965114591, "high_risk_event_count": 2, "medium_risk_event_count": 12, "low_risk_event_count": 16, "high_risk_event_ratio": 0.066666666666666666, "mean_absolute_error": 0.0060469279743136702, "mean_rain_24h_mm": 10.506666666666668, "max_rain_24h_mm": 44.9, "mean_gpm_precipitation_sum": 0.0, "mean_built_surface_mean": 1330.8183565593472, "mean_population_sum": 0.0, "dominant_risk_class": "medium" }, "geometry": { "type": "Polygon", "coordinates": [ [ [ 31.340222358523583, 30.021625550947174 ], [ 31.340222358523583, 30.017736503319995 ], [ 31.339082370479577, 30.017736503319995 ], [ 31.338069, 30.0200832 ], [ 31.337649283017399, 30.021625550947174 ], [ 31.340222358523583, 30.021625550947174 ] ] ] } },
{ "type": "Feature", "properties": { "zone_code": "NSR-GRID-333", "event_count": 30, "mean_predicted_score": 0.2115892337010882, "max_predicted_score": 0.55330292037301665, "min_predicted_score": 0.091744066391485996, "high_risk_event_count": 0, "medium_risk_event_count": 5, "low_risk_event_count": 25, "high_risk_event_ratio": 0.0, "mean_absolute_error": 0.004622715014141604, "mean_rain_24h_mm": 10.506666666666668, "max_rain_24h_mm": 44.9, "mean_gpm_precipitation_sum": 0.0, "mean_built_surface_mean": 46.937684210526335, "mean_population_sum": 0.0, "dominant_risk_class": "low" }, "geometry": { "type": "Polygon", "coordinates": [ [ [ 31.398612851991352, 30.017736503319995 ], [ 31.398612851991352, 30.021625550947174 ], [ 31.401170032069629, 30.021625550947174 ], [ 31.4005473, 30.0182292 ], [ 31.40048402247028, 30.017736503319995 ], [ 31.398612851991352, 30.017736503319995 ] ] ] } },
{ "type": "Feature", "properties": { "zone_code": "NSR-GRID-334", "event_count": 30, "mean_predicted_score": 0.37575834344715781, "max_predicted_score": 0.71644632038842948, "min_predicted_score": 0.2557891460180603, "high_risk_event_count": 3, "medium_risk_event_count": 11, "low_risk_event_count": 16, "high_risk_event_ratio": 0.1, "mean_absolute_error": 0.0048445333447146681, "mean_rain_24h_mm": 10.506666666666668, "max_rain_24h_mm": 44.9, "mean_gpm_precipitation_sum": 0.0, "mean_built_surface_mean": 1327.893880074181, "mean_population_sum": 0.0, "dominant_risk_class": "medium" }, "geometry": { "type": "Polygon", "coordinates": [ [ [ 31.340222358523583, 30.017736503319995 ], [ 31.340222358523583, 30.021625550947174 ], [ 31.344713934944181, 30.021625550947174 ], [ 31.344713934944181, 30.017736503319995 ], [ 31.340222358523583, 30.017736503319995 ] ] ] } },
{ "type": "Feature", "properties": { "zone_code": "NSR-GRID-335", "event_count": 30, "mean_predicted_score": 0.33499206052270042, "max_predicted_score": 0.67630061708657596, "min_predicted_score": 0.21406815621135589, "high_risk_event_count": 2, "medium_risk_event_count": 10, "low_risk_event_count": 18, "high_risk_event_ratio": 0.066666666666666666, "mean_absolute_error": 0.004719997230898664, "mean_rain_24h_mm": 10.506666666666668, "max_rain_24h_mm": 44.9, "mean_gpm_precipitation_sum": 0.0, "mean_built_surface_mean": 1192.8685349268494, "mean_population_sum": 0.0, "dominant_risk_class": "medium" }, "geometry": { "type": "Polygon", "coordinates": [ [ [ 31.344713934944181, 30.017736503319995 ], [ 31.344713934944181, 30.021625550947174 ], [ 31.349205511364779, 30.021625550947174 ], [ 31.349205511364779, 30.017736503319995 ], [ 31.344713934944181, 30.017736503319995 ] ] ] } },
{ "type": "Feature", "properties": { "zone_code": "NSR-GRID-336", "event_count": 30, "mean_predicted_score": 0.47502519710699098, "max_predicted_score": 0.81410296091984979, "min_predicted_score": 0.35417676027778422, "high_risk_event_count": 4, "medium_risk_event_count": 26, "low_risk_event_count": 0, "high_risk_event_ratio": 0.13333333333333333, "mean_absolute_error": 0.0045420373227640825, "mean_rain_24h_mm": 10.506666666666668, "max_rain_24h_mm": 44.9, "mean_gpm_precipitation_sum": 0.0, "mean_built_surface_mean": 3263.3935709870161, "mean_population_sum": 0.0, "dominant_risk_class": "medium" }, "geometry": { "type": "Polygon", "coordinates": [ [ [ 31.349205511364779, 30.017736503319995 ], [ 31.349205511364779, 30.021625550947174 ], [ 31.353697087785381, 30.021625550947174 ], [ 31.353697087785381, 30.017736503319995 ], [ 31.349205511364779, 30.017736503319995 ] ] ] } },
{ "type": "Feature", "properties": { "zone_code": "NSR-GRID-337", "event_count": 30, "mean_predicted_score": 0.31195210533145612, "max_predicted_score": 0.65280315951510559, "min_predicted_score": 0.19076826560112239, "high_risk_event_count": 0, "medium_risk_event_count": 7, "low_risk_event_count": 23, "high_risk_event_ratio": 0.0, "mean_absolute_error": 0.0048945908425945062, "mean_rain_24h_mm": 10.506666666666668, "max_rain_24h_mm": 44.9, "mean_gpm_precipitation_sum": 0.0, "mean_built_surface_mean": 1240.7304759942297, "mean_population_sum": 0.0, "dominant_risk_class": "low" }, "geometry": { "type": "Polygon", "coordinates": [ [ [ 31.353697087785381, 30.017736503319995 ], [ 31.353697087785381, 30.021625550947174 ], [ 31.358188664205979, 30.021625550947174 ], [ 31.358188664205979, 30.017736503319995 ], [ 31.353697087785381, 30.017736503319995 ] ] ] } },
{ "type": "Feature", "properties": { "zone_code": "NSR-GRID-338", "event_count": 30, "mean_predicted_score": 0.22253508899410762, "max_predicted_score": 0.5657120018717855, "min_predicted_score": 0.1009975506712804, "high_risk_event_count": 0, "medium_risk_event_count": 5, "low_risk_event_count": 25, "high_risk_event_ratio": 0.0, "mean_absolute_error": 0.0047339388974910208, "mean_rain_24h_mm": 10.506666666666668, "max_rain_24h_mm": 44.9, "mean_gpm_precipitation_sum": 0.0, "mean_built_surface_mean": 592.8773701566364, "mean_population_sum": 0.0, "dominant_risk_class": "low" }, "geometry": { "type": "Polygon", "coordinates": [ [ [ 31.358188664205979, 30.017736503319995 ], [ 31.358188664205979, 30.021625550947174 ], [ 31.362680240626577, 30.021625550947174 ], [ 31.362680240626577, 30.017736503319995 ], [ 31.358188664205979, 30.017736503319995 ] ] ] } },
{ "type": "Feature", "properties": { "zone_code": "NSR-GRID-339", "event_count": 30, "mean_predicted_score": 0.29254634427803866, "max_predicted_score": 0.63249581008227329, "min_predicted_score": 0.17205885357378639, "high_risk_event_count": 0, "medium_risk_event_count": 7, "low_risk_event_count": 23, "high_risk_event_ratio": 0.0, "mean_absolute_error": 0.0050462128757865704, "mean_rain_24h_mm": 10.506666666666668, "max_rain_24h_mm": 44.9, "mean_gpm_precipitation_sum": 0.0, "mean_built_surface_mean": 930.08675046363032, "mean_population_sum": 0.0, "dominant_risk_class": "low" }, "geometry": { "type": "Polygon", "coordinates": [ [ [ 31.362680240626577, 30.017736503319995 ], [ 31.362680240626577, 30.021625550947174 ], [ 31.367171817047169, 30.021625550947174 ], [ 31.367171817047169, 30.017736503319995 ], [ 31.362680240626577, 30.017736503319995 ] ] ] } },
{ "type": "Feature", "properties": { "zone_code": "NSR-GRID-340", "event_count": 30, "mean_predicted_score": 0.27830577624236352, "max_predicted_score": 0.61662534618359921, "min_predicted_score": 0.16017844416868149, "high_risk_event_count": 0, "medium_risk_event_count": 7, "low_risk_event_count": 23, "high_risk_event_ratio": 0.0, "mean_absolute_error": 0.0062759399083075762, "mean_rain_24h_mm": 10.506666666666668, "max_rain_24h_mm": 44.9, "mean_gpm_precipitation_sum": 0.0, "mean_built_surface_mean": 583.15333882934874, "mean_population_sum": 0.0, "dominant_risk_class": "low" }, "geometry": { "type": "Polygon", "coordinates": [ [ [ 31.367171817047169, 30.017736503319995 ], [ 31.367171817047169, 30.021625550947174 ], [ 31.371663393467767, 30.021625550947174 ], [ 31.371663393467767, 30.017736503319995 ], [ 31.367171817047169, 30.017736503319995 ] ] ] } },
{ "type": "Feature", "properties": { "zone_code": "NSR-GRID-341", "event_count": 30, "mean_predicted_score": 0.38401842880863518, "max_predicted_score": 0.72029247304849064, "min_predicted_score": 0.26409988360192438, "high_risk_event_count": 3, "medium_risk_event_count": 15, "low_risk_event_count": 12, "high_risk_event_ratio": 0.1, "mean_absolute_error": 0.0053319066041272404, "mean_rain_24h_mm": 10.506666666666668, "max_rain_24h_mm": 44.9, "mean_gpm_precipitation_sum": 0.0, "mean_built_surface_mean": 2180.2058096415326, "mean_population_sum": 0.0, "dominant_risk_class": "medium" }, "geometry": { "type": "Polygon", "coordinates": [ [ [ 31.371663393467767, 30.017736503319995 ], [ 31.371663393467767, 30.021625550947174 ], [ 31.376154969888365, 30.021625550947174 ], [ 31.376154969888365, 30.017736503319995 ], [ 31.371663393467767, 30.017736503319995 ] ] ] } },
{ "type": "Feature", "properties": { "zone_code": "NSR-GRID-342", "event_count": 30, "mean_predicted_score": 0.3061387678286539, "max_predicted_score": 0.6491464518305271, "min_predicted_score": 0.1846578881350624, "high_risk_event_count": 0, "medium_risk_event_count": 7, "low_risk_event_count": 23, "high_risk_event_ratio": 0.0, "mean_absolute_error": 0.0053114031270588289, "mean_rain_24h_mm": 10.506666666666668, "max_rain_24h_mm": 44.9, "mean_gpm_precipitation_sum": 0.0, "mean_built_surface_mean": 1070.0778899649702, "mean_population_sum": 0.0, "dominant_risk_class": "low" }, "geometry": { "type": "Polygon", "coordinates": [ [ [ 31.376154969888365, 30.017736503319995 ], [ 31.376154969888365, 30.021625550947174 ], [ 31.380646546308967, 30.021625550947174 ], [ 31.380646546308967, 30.017736503319995 ], [ 31.376154969888365, 30.017736503319995 ] ] ] } },
{ "type": "Feature", "properties": { "zone_code": "NSR-GRID-343", "event_count": 30, "mean_predicted_score": 0.25460780043948916, "max_predicted_score": 0.59793357640404232, "min_predicted_score": 0.13416853199453771, "high_risk_event_count": 0, "medium_risk_event_count": 7, "low_risk_event_count": 23, "high_risk_event_ratio": 0.0, "mean_absolute_error": 0.004158107033771387, "mean_rain_24h_mm": 10.506666666666668, "max_rain_24h_mm": 44.9, "mean_gpm_precipitation_sum": 0.0, "mean_built_surface_mean": 474.12407254740322, "mean_population_sum": 0.0, "dominant_risk_class": "low" }, "geometry": { "type": "Polygon", "coordinates": [ [ [ 31.380646546308967, 30.017736503319995 ], [ 31.380646546308967, 30.021625550947174 ], [ 31.385138122729565, 30.021625550947174 ], [ 31.385138122729565, 30.017736503319995 ], [ 31.380646546308967, 30.017736503319995 ] ] ] } },
{ "type": "Feature", "properties": { "zone_code": "NSR-GRID-344", "event_count": 30, "mean_predicted_score": 0.24693711748166505, "max_predicted_score": 0.59135215803544483, "min_predicted_score": 0.1261444960106127, "high_risk_event_count": 0, "medium_risk_event_count": 7, "low_risk_event_count": 23, "high_risk_event_ratio": 0.0, "mean_absolute_error": 0.0041762835765774458, "mean_rain_24h_mm": 10.506666666666668, "max_rain_24h_mm": 44.9, "mean_gpm_precipitation_sum": 0.0, "mean_built_surface_mean": 449.59839274675454, "mean_population_sum": 0.0, "dominant_risk_class": "low" }, "geometry": { "type": "Polygon", "coordinates": [ [ [ 31.385138122729565, 30.017736503319995 ], [ 31.385138122729565, 30.021625550947174 ], [ 31.389629699150163, 30.021625550947174 ], [ 31.389629699150163, 30.017736503319995 ], [ 31.385138122729565, 30.017736503319995 ] ] ] } },
{ "type": "Feature", "properties": { "zone_code": "NSR-GRID-345", "event_count": 30, "mean_predicted_score": 0.21005616679985112, "max_predicted_score": 0.55080368645066879, "min_predicted_score": 0.090232896272624499, "high_risk_event_count": 0, "medium_risk_event_count": 5, "low_risk_event_count": 25, "high_risk_event_ratio": 0.0, "mean_absolute_error": 0.0049799982617463184, "mean_rain_24h_mm": 10.506666666666668, "max_rain_24h_mm": 44.9, "mean_gpm_precipitation_sum": 0.0, "mean_built_surface_mean": 85.515251442704027, "mean_population_sum": 0.0, "dominant_risk_class": "low" }, "geometry": { "type": "Polygon", "coordinates": [ [ [ 31.389629699150163, 30.017736503319995 ], [ 31.389629699150163, 30.021625550947174 ], [ 31.394121275570754, 30.021625550947174 ], [ 31.394121275570754, 30.017736503319995 ], [ 31.389629699150163, 30.017736503319995 ] ] ] } },
{ "type": "Feature", "properties": { "zone_code": "NSR-GRID-346", "event_count": 30, "mean_predicted_score": 0.21127788351647039, "max_predicted_score": 0.55408411455212792, "min_predicted_score": 0.090662232179537006, "high_risk_event_count": 0, "medium_risk_event_count": 5, "low_risk_event_count": 25, "high_risk_event_ratio": 0.0, "mean_absolute_error": 0.0042070432364067611, "mean_rain_24h_mm": 10.506666666666668, "max_rain_24h_mm": 44.9, "mean_gpm_precipitation_sum": 0.0, "mean_built_surface_mean": 1.3389690721649488, "mean_population_sum": 0.0, "dominant_risk_class": "low" }, "geometry": { "type": "Polygon", "coordinates": [ [ [ 31.394121275570754, 30.017736503319995 ], [ 31.394121275570754, 30.021625550947174 ], [ 31.398612851991352, 30.021625550947174 ], [ 31.398612851991352, 30.017736503319995 ], [ 31.394121275570754, 30.017736503319995 ] ] ] } },
{ "type": "Feature", "properties": { "zone_code": "NSR-GRID-347", "event_count": 30, "mean_predicted_score": 0.30317124544262486, "max_predicted_score": 0.63879209996039721, "min_predicted_score": 0.1846903237655359, "high_risk_event_count": 0, "medium_risk_event_count": 7, "low_risk_event_count": 23, "high_risk_event_ratio": 0.0, "mean_absolute_error": 0.0069576284761217778, "mean_rain_24h_mm": 10.506666666666668, "max_rain_24h_mm": 44.9, "mean_gpm_precipitation_sum": 0.0, "mean_built_surface_mean": 473.26385224274406, "mean_population_sum": 0.0, "dominant_risk_class": "low" }, "geometry": { "type": "Polygon", "coordinates": [ [ [ 31.340222358523583, 30.017736503319995 ], [ 31.340222358523583, 30.015287317332451 ], [ 31.3395626, 30.0166244 ], [ 31.339082370479577, 30.017736503319995 ], [ 31.340222358523583, 30.017736503319995 ] ] ] } },
{ "type": "Feature", "properties": { "zone_code": "NSR-GRID-348", "event_count": 30, "mean_predicted_score": 0.23866695480525671, "max_predicted_score": 0.58002137587718861, "min_predicted_score": 0.1188380434465974, "high_risk_event_count": 0, "medium_risk_event_count": 6, "low_risk_event_count": 24, "high_risk_event_ratio": 0.0, "mean_absolute_error": 0.0050002404245874229, "mean_rain_24h_mm": 10.506666666666668, "max_rain_24h_mm": 44.9, "mean_gpm_precipitation_sum": 0.0, "mean_built_surface_mean": 807.60741612713309, "mean_population_sum": 0.0, "dominant_risk_class": "low" }, "geometry": { "type": "Polygon", "coordinates": [ [ [ 31.398612851991352, 30.013847303171438 ], [ 31.398612851991352, 30.017736503319995 ], [ 31.40048402247028, 30.017736503319995 ], [ 31.399984539621762, 30.013847303171438 ], [ 31.398612851991352, 30.013847303171438 ] ] ] } },
{ "type": "Feature", "properties": { "zone_code": "NSR-GRID-349", "event_count": 30, "mean_predicted_score": 0.38257503196039749, "max_predicted_score": 0.72186513371786887, "min_predicted_score": 0.26246930982085959, "high_risk_event_count": 3, "medium_risk_event_count": 15, "low_risk_event_count": 12, "high_risk_event_ratio": 0.1, "mean_absolute_error": 0.0050536575209529427, "mean_rain_24h_mm": 10.506666666666668, "max_rain_24h_mm": 44.9, "mean_gpm_precipitation_sum": 0.0, "mean_built_surface_mean": 1331.1975228161673, "mean_population_sum": 0.0, "dominant_risk_class": "medium" }, "geometry": { "type": "Polygon", "coordinates": [ [ [ 31.340222358523583, 30.017736503319995 ], [ 31.344713934944181, 30.017736503319995 ], [ 31.344713934944181, 30.013847303171438 ], [ 31.340817047780146, 30.013847303171438 ], [ 31.340325, 30.015079299999989 ], [ 31.340222358523583, 30.015287317332451 ], [ 31.340222358523583, 30.017736503319995 ] ] ] } },
{ "type": "Feature", "properties": { "zone_code": "NSR-GRID-350", "event_count": 30, "mean_predicted_score": 0.35383310127354645, "max_predicted_score": 0.69403691850423599, "min_predicted_score": 0.2339070384934607, "high_risk_event_count": 2, "medium_risk_event_count": 12, "low_risk_event_count": 16, "high_risk_event_ratio": 0.066666666666666666, "mean_absolute_error": 0.004911616267110259, "mean_rain_24h_mm": 10.506666666666668, "max_rain_24h_mm": 44.9, "mean_gpm_precipitation_sum": 0.0, "mean_built_surface_mean": 1374.7461359305528, "mean_population_sum": 0.0, "dominant_risk_class": "medium" }, "geometry": { "type": "Polygon", "coordinates": [ [ [ 31.344713934944181, 30.013847303171438 ], [ 31.344713934944181, 30.017736503319995 ], [ 31.349205511364779, 30.017736503319995 ], [ 31.349205511364779, 30.013847303171438 ], [ 31.344713934944181, 30.013847303171438 ] ] ] } },
{ "type": "Feature", "properties": { "zone_code": "NSR-GRID-351", "event_count": 30, "mean_predicted_score": 0.28284431473074478, "max_predicted_score": 0.62344625187011782, "min_predicted_score": 0.16324387907233581, "high_risk_event_count": 0, "medium_risk_event_count": 7, "low_risk_event_count": 23, "high_risk_event_ratio": 0.0, "mean_absolute_error": 0.0052032976918010765, "mean_rain_24h_mm": 10.506666666666668, "max_rain_24h_mm": 44.9, "mean_gpm_precipitation_sum": 0.0, "mean_built_surface_mean": 518.49164021164017, "mean_population_sum": 0.0, "dominant_risk_class": "low" }, "geometry": { "type": "Polygon", "coordinates": [ [ [ 31.349205511364779, 30.013847303171438 ], [ 31.349205511364779, 30.017736503319995 ], [ 31.353697087785381, 30.017736503319995 ], [ 31.353697087785381, 30.013847303171438 ], [ 31.349205511364779, 30.013847303171438 ] ] ] } },
{ "type": "Feature", "properties": { "zone_code": "NSR-GRID-352", "event_count": 30, "mean_predicted_score": 0.31138163109452177, "max_predicted_score": 0.65333968809998355, "min_predicted_score": 0.18891760361329291, "high_risk_event_count": 0, "medium_risk_event_count": 7, "low_risk_event_count": 23, "high_risk_event_ratio": 0.0, "mean_absolute_error": 0.0051737435012961233, "mean_rain_24h_mm": 10.506666666666668, "max_rain_24h_mm": 44.9, "mean_gpm_precipitation_sum": 0.0, "mean_built_surface_mean": 1487.3472369256831, "mean_population_sum": 0.0, "dominant_risk_class": "low" }, "geometry": { "type": "Polygon", "coordinates": [ [ [ 31.353697087785381, 30.013847303171438 ], [ 31.353697087785381, 30.017736503319995 ], [ 31.358188664205979, 30.017736503319995 ], [ 31.358188664205979, 30.013847303171438 ], [ 31.353697087785381, 30.013847303171438 ] ] ] } },
{ "type": "Feature", "properties": { "zone_code": "NSR-GRID-353", "event_count": 30, "mean_predicted_score": 0.35854491084803952, "max_predicted_score": 0.69426774289387716, "min_predicted_score": 0.2383261865492407, "high_risk_event_count": 2, "medium_risk_event_count": 12, "low_risk_event_count": 16, "high_risk_event_ratio": 0.066666666666666666, "mean_absolute_error": 0.0048479302536177443, "mean_rain_24h_mm": 10.506666666666668, "max_rain_24h_mm": 44.9, "mean_gpm_precipitation_sum": 0.0, "mean_built_surface_mean": 2202.6179085520735, "mean_population_sum": 0.0, "dominant_risk_class": "medium" }, "geometry": { "type": "Polygon", "coordinates": [ [ [ 31.358188664205979, 30.013847303171438 ], [ 31.358188664205979, 30.017736503319995 ], [ 31.362680240626577, 30.017736503319995 ], [ 31.362680240626577, 30.013847303171438 ], [ 31.358188664205979, 30.013847303171438 ] ] ] } },
{ "type": "Feature", "properties": { "zone_code": "NSR-GRID-354", "event_count": 30, "mean_predicted_score": 0.33978730448533462, "max_predicted_score": 0.67697584117775345, "min_predicted_score": 0.22163037038706079, "high_risk_event_count": 2, "medium_risk_event_count": 10, "low_risk_event_count": 18, "high_risk_event_ratio": 0.066666666666666666, "mean_absolute_error": 0.0063128239358870653, "mean_rain_24h_mm": 10.506666666666668, "max_rain_24h_mm": 44.9, "mean_gpm_precipitation_sum": 0.0, "mean_built_surface_mean": 1462.0635324015248, "mean_population_sum": 0.0, "dominant_risk_class": "medium" }, "geometry": { "type": "Polygon", "coordinates": [ [ [ 31.362680240626577, 30.013847303171438 ], [ 31.362680240626577, 30.017736503319995 ], [ 31.367171817047169, 30.017736503319995 ], [ 31.367171817047169, 30.013847303171438 ], [ 31.362680240626577, 30.013847303171438 ] ] ] } },
{ "type": "Feature", "properties": { "zone_code": "NSR-GRID-355", "event_count": 30, "mean_predicted_score": 0.22058575987490958, "max_predicted_score": 0.55966847049732049, "min_predicted_score": 0.10230808310881501, "high_risk_event_count": 0, "medium_risk_event_count": 5, "low_risk_event_count": 25, "high_risk_event_ratio": 0.0, "mean_absolute_error": 0.0061441884172782251, "mean_rain_24h_mm": 10.506666666666668, "max_rain_24h_mm": 44.9, "mean_gpm_precipitation_sum": 0.0, "mean_built_surface_mean": 169.99026248941578, "mean_population_sum": 0.0, "dominant_risk_class": "low" }, "geometry": { "type": "Polygon", "coordinates": [ [ [ 31.367171817047169, 30.013847303171438 ], [ 31.367171817047169, 30.017736503319995 ], [ 31.371663393467767, 30.017736503319995 ], [ 31.371663393467767, 30.013847303171438 ], [ 31.367171817047169, 30.013847303171438 ] ] ] } },
{ "type": "Feature", "properties": { "zone_code": "NSR-GRID-356", "event_count": 30, "mean_predicted_score": 0.24438709083980079, "max_predicted_score": 0.58962737567048762, "min_predicted_score": 0.1225316212021817, "high_risk_event_count": 0, "medium_risk_event_count": 7, "low_risk_event_count": 23, "high_risk_event_ratio": 0.0, "mean_absolute_error": 0.0044179881891465399, "mean_rain_24h_mm": 10.506666666666668, "max_rain_24h_mm": 44.9, "mean_gpm_precipitation_sum": 0.0, "mean_built_surface_mean": 395.3365812327898, "mean_population_sum": 0.0, "dominant_risk_class": "low" }, "geometry": { "type": "Polygon", "coordinates": [ [ [ 31.371663393467767, 30.013847303171438 ], [ 31.371663393467767, 30.017736503319995 ], [ 31.376154969888365, 30.017736503319995 ], [ 31.376154969888365, 30.013847303171438 ], [ 31.371663393467767, 30.013847303171438 ] ] ] } },
{ "type": "Feature", "properties": { "zone_code": "NSR-GRID-357", "event_count": 30, "mean_predicted_score": 0.23687564449909196, "max_predicted_score": 0.5788901587505122, "min_predicted_score": 0.1168303426273188, "high_risk_event_count": 0, "medium_risk_event_count": 6, "low_risk_event_count": 24, "high_risk_event_ratio": 0.0, "mean_absolute_error": 0.0046790243936462765, "mean_rain_24h_mm": 10.506666666666668, "max_rain_24h_mm": 44.9, "mean_gpm_precipitation_sum": 0.0, "mean_built_surface_mean": 496.52932458183381, "mean_population_sum": 0.0, "dominant_risk_class": "low" }, "geometry": { "type": "Polygon", "coordinates": [ [ [ 31.376154969888365, 30.013847303171438 ], [ 31.376154969888365, 30.017736503319995 ], [ 31.380646546308967, 30.017736503319995 ], [ 31.380646546308967, 30.013847303171438 ], [ 31.376154969888365, 30.013847303171438 ] ] ] } },
{ "type": "Feature", "properties": { "zone_code": "NSR-GRID-358", "event_count": 30, "mean_predicted_score": 0.34943984385023596, "max_predicted_score": 0.6912263817144344, "min_predicted_score": 0.22597820336203631, "high_risk_event_count": 2, "medium_risk_event_count": 12, "low_risk_event_count": 16, "high_risk_event_ratio": 0.066666666666666666, "mean_absolute_error": 0.004958897334769701, "mean_rain_24h_mm": 10.506666666666668, "max_rain_24h_mm": 44.9, "mean_gpm_precipitation_sum": 0.0, "mean_built_surface_mean": 2231.0099491955975, "mean_population_sum": 0.0, "dominant_risk_class": "medium" }, "geometry": { "type": "Polygon", "coordinates": [ [ [ 31.380646546308967, 30.013847303171438 ], [ 31.380646546308967, 30.017736503319995 ], [ 31.385138122729565, 30.017736503319995 ], [ 31.385138122729565, 30.013847303171438 ], [ 31.380646546308967, 30.013847303171438 ] ] ] } },
{ "type": "Feature", "properties": { "zone_code": "NSR-GRID-359", "event_count": 30, "mean_predicted_score": 0.42708348649949157, "max_predicted_score": 0.76922692692219941, "min_predicted_score": 0.30210550445716111, "high_risk_event_count": 4, "medium_risk_event_count": 16, "low_risk_event_count": 10, "high_risk_event_ratio": 0.13333333333333333, "mean_absolute_error": 0.0054750264500938173, "mean_rain_24h_mm": 10.506666666666668, "max_rain_24h_mm": 44.9, "mean_gpm_precipitation_sum": 0.0, "mean_built_surface_mean": 3382.8340038111364, "mean_population_sum": 0.0, "dominant_risk_class": "medium" }, "geometry": { "type": "Polygon", "coordinates": [ [ [ 31.385138122729565, 30.013847303171438 ], [ 31.385138122729565, 30.017736503319995 ], [ 31.389629699150163, 30.017736503319995 ], [ 31.389629699150163, 30.013847303171438 ], [ 31.385138122729565, 30.013847303171438 ] ] ] } },
{ "type": "Feature", "properties": { "zone_code": "NSR-GRID-360", "event_count": 30, "mean_predicted_score": 0.21839050940452662, "max_predicted_score": 0.56190162254155984, "min_predicted_score": 0.096632540037478898, "high_risk_event_count": 0, "medium_risk_event_count": 5, "low_risk_event_count": 25, "high_risk_event_ratio": 0.0, "mean_absolute_error": 0.0043878298338351183, "mean_rain_24h_mm": 10.506666666666668, "max_rain_24h_mm": 44.9, "mean_gpm_precipitation_sum": 0.0, "mean_built_surface_mean": 313.94432684165974, "mean_population_sum": 0.0, "dominant_risk_class": "low" }, "geometry": { "type": "Polygon", "coordinates": [ [ [ 31.389629699150163, 30.013847303171438 ], [ 31.389629699150163, 30.017736503319995 ], [ 31.394121275570754, 30.017736503319995 ], [ 31.394121275570754, 30.013847303171438 ], [ 31.389629699150163, 30.013847303171438 ] ] ] } },
{ "type": "Feature", "properties": { "zone_code": "NSR-GRID-361", "event_count": 30, "mean_predicted_score": 0.21545036153937311, "max_predicted_score": 0.55810446582925133, "min_predicted_score": 0.095153124416310797, "high_risk_event_count": 0, "medium_risk_event_count": 5, "low_risk_event_count": 25, "high_risk_event_ratio": 0.0, "mean_absolute_error": 0.0042236106364241547, "mean_rain_24h_mm": 10.506666666666668, "max_rain_24h_mm": 44.9, "mean_gpm_precipitation_sum": 0.0, "mean_built_surface_mean": 227.47491001482115, "mean_population_sum": 0.0, "dominant_risk_class": "low" }, "geometry": { "type": "Polygon", "coordinates": [ [ [ 31.394121275570754, 30.013847303171438 ], [ 31.394121275570754, 30.017736503319995 ], [ 31.398612851991352, 30.017736503319995 ], [ 31.398612851991352, 30.013847303171438 ], [ 31.394121275570754, 30.013847303171438 ] ] ] } },
{ "type": "Feature", "properties": { "zone_code": "NSR-GRID-362", "event_count": 30, "mean_predicted_score": 0.20750762803424747, "max_predicted_score": 0.55259332660553895, "min_predicted_score": 0.083715942123374895, "high_risk_event_count": 0, "medium_risk_event_count": 5, "low_risk_event_count": 25, "high_risk_event_ratio": 0.0, "mean_absolute_error": 0.0058656827182997978, "mean_rain_24h_mm": 10.506666666666668, "max_rain_24h_mm": 44.9, "mean_gpm_precipitation_sum": 0.0, "mean_built_surface_mean": 453.06403162055346, "mean_population_sum": 0.0, "dominant_risk_class": "low" }, "geometry": { "type": "Polygon", "coordinates": [ [ [ 31.398612851991352, 30.009957950513442 ], [ 31.398612851991352, 30.013847303171438 ], [ 31.399984539621762, 30.013847303171438 ], [ 31.3999587, 30.0136461 ], [ 31.399653297949932, 30.009957950513442 ], [ 31.398612851991352, 30.009957950513442 ] ] ] } },
{ "type": "Feature", "properties": { "zone_code": "NSR-GRID-363", "event_count": 30, "mean_predicted_score": 0.39451267382204996, "max_predicted_score": 0.73565802516745871, "min_predicted_score": 0.27289907746400111, "high_risk_event_count": 3, "medium_risk_event_count": 16, "low_risk_event_count": 11, "high_risk_event_ratio": 0.1, "mean_absolute_error": 0.0038329934885152975, "mean_rain_24h_mm": 10.506666666666668, "max_rain_24h_mm": 44.9, "mean_gpm_precipitation_sum": 0.0, "mean_built_surface_mean": 1788.9072345390896, "mean_population_sum": 0.0, "dominant_risk_class": "medium" }, "geometry": { "type": "Polygon", "coordinates": [ [ [ 31.344713934944181, 30.013847303171438 ], [ 31.344713934944181, 30.009957950513442 ], [ 31.341145107727137, 30.009957950513442 ], [ 31.3412967, 30.0100454 ], [ 31.3419735, 30.0109517 ], [ 31.340817047780146, 30.013847303171438 ], [ 31.344713934944181, 30.013847303171438 ] ] ] } },
{ "type": "Feature", "properties": { "zone_code": "NSR-GRID-364", "event_count": 30, "mean_predicted_score": 0.48646033293044399, "max_predicted_score": 0.82746955276810485, "min_predicted_score": 0.36449118934007058, "high_risk_event_count": 5, "medium_risk_event_count": 25, "low_risk_event_count": 0, "high_risk_event_ratio": 0.16666666666666666, "mean_absolute_error": 0.0040224299859731444, "mean_rain_24h_mm": 10.506666666666668, "max_rain_24h_mm": 44.9, "mean_gpm_precipitation_sum": 0.0, "mean_built_surface_mean": 3125.193179411142, "mean_population_sum": 0.0, "dominant_risk_class": "medium" }, "geometry": { "type": "Polygon", "coordinates": [ [ [ 31.344713934944181, 30.009957950513442 ], [ 31.344713934944181, 30.013847303171438 ], [ 31.349205511364779, 30.013847303171438 ], [ 31.349205511364779, 30.009957950513442 ], [ 31.344713934944181, 30.009957950513442 ] ] ] } },
{ "type": "Feature", "properties": { "zone_code": "NSR-GRID-365", "event_count": 30, "mean_predicted_score": 0.36113441434863547, "max_predicted_score": 0.7035948923797245, "min_predicted_score": 0.24036918133286839, "high_risk_event_count": 2, "medium_risk_event_count": 12, "low_risk_event_count": 16, "high_risk_event_ratio": 0.066666666666666666, "mean_absolute_error": 0.0044902408023530906, "mean_rain_24h_mm": 10.506666666666668, "max_rain_24h_mm": 44.9, "mean_gpm_precipitation_sum": 0.0, "mean_built_surface_mean": 1371.7904661016946, "mean_population_sum": 0.0, "dominant_risk_class": "medium" }, "geometry": { "type": "Polygon", "coordinates": [ [ [ 31.349205511364779, 30.009957950513442 ], [ 31.349205511364779, 30.013847303171438 ], [ 31.353697087785381, 30.013847303171438 ], [ 31.353697087785381, 30.009957950513442 ], [ 31.349205511364779, 30.009957950513442 ] ] ] } },
{ "type": "Feature", "properties": { "zone_code": "NSR-GRID-366", "event_count": 30, "mean_predicted_score": 0.22386384733589107, "max_predicted_score": 0.56461016582726808, "min_predicted_score": 0.1032090018313257, "high_risk_event_count": 0, "medium_risk_event_count": 5, "low_risk_event_count": 25, "high_risk_event_ratio": 0.0, "mean_absolute_error": 0.0044236818522892492, "mean_rain_24h_mm": 10.506666666666668, "max_rain_24h_mm": 44.9, "mean_gpm_precipitation_sum": 0.0, "mean_built_surface_mean": 61.859504132231415, "mean_population_sum": 0.0, "dominant_risk_class": "low" }, "geometry": { "type": "Polygon", "coordinates": [ [ [ 31.353697087785381, 30.009957950513442 ], [ 31.353697087785381, 30.013847303171438 ], [ 31.358188664205979, 30.013847303171438 ], [ 31.358188664205979, 30.009957950513442 ], [ 31.353697087785381, 30.009957950513442 ] ] ] } },
{ "type": "Feature", "properties": { "zone_code": "NSR-GRID-367", "event_count": 30, "mean_predicted_score": 0.27345503203725413, "max_predicted_score": 0.60814287948507939, "min_predicted_score": 0.1553884701336419, "high_risk_event_count": 0, "medium_risk_event_count": 7, "low_risk_event_count": 23, "high_risk_event_ratio": 0.0, "mean_absolute_error": 0.007214696972720416, "mean_rain_24h_mm": 10.506666666666668, "max_rain_24h_mm": 44.9, "mean_gpm_precipitation_sum": 0.0, "mean_built_surface_mean": 824.75222363405294, "mean_population_sum": 0.0, "dominant_risk_class": "low" }, "geometry": { "type": "Polygon", "coordinates": [ [ [ 31.358188664205979, 30.009957950513442 ], [ 31.358188664205979, 30.013847303171438 ], [ 31.362680240626577, 30.013847303171438 ], [ 31.362680240626577, 30.009957950513442 ], [ 31.358188664205979, 30.009957950513442 ] ] ] } },
{ "type": "Feature", "properties": { "zone_code": "NSR-GRID-368", "event_count": 30, "mean_predicted_score": 0.22705493063755802, "max_predicted_score": 0.56943106177903957, "min_predicted_score": 0.1059854481700081, "high_risk_event_count": 0, "medium_risk_event_count": 6, "low_risk_event_count": 24, "high_risk_event_ratio": 0.0, "mean_absolute_error": 0.0045377035651559721, "mean_rain_24h_mm": 10.506666666666668, "max_rain_24h_mm": 44.9, "mean_gpm_precipitation_sum": 0.0, "mean_built_surface_mean": 353.64146548072847, "mean_population_sum": 0.0, "dominant_risk_class": "low" }, "geometry": { "type": "Polygon", "coordinates": [ [ [ 31.362680240626577, 30.009957950513442 ], [ 31.362680240626577, 30.013847303171438 ], [ 31.367171817047169, 30.013847303171438 ], [ 31.367171817047169, 30.009957950513442 ], [ 31.362680240626577, 30.009957950513442 ] ] ] } },
{ "type": "Feature", "properties": { "zone_code": "NSR-GRID-369", "event_count": 30, "mean_predicted_score": 0.20179483007869953, "max_predicted_score": 0.54260778341075677, "min_predicted_score": 0.082419562866501997, "high_risk_event_count": 0, "medium_risk_event_count": 5, "low_risk_event_count": 25, "high_risk_event_ratio": 0.0, "mean_absolute_error": 0.0050824470637730306, "mean_rain_24h_mm": 10.506666666666668, "max_rain_24h_mm": 44.9, "mean_gpm_precipitation_sum": 0.0, "mean_built_surface_mean": 15.672453948761376, "mean_population_sum": 0.0, "dominant_risk_class": "low" }, "geometry": { "type": "Polygon", "coordinates": [ [ [ 31.367171817047169, 30.009957950513442 ], [ 31.367171817047169, 30.013847303171438 ], [ 31.371663393467767, 30.013847303171438 ], [ 31.371663393467767, 30.009957950513442 ], [ 31.367171817047169, 30.009957950513442 ] ] ] } },
{ "type": "Feature", "properties": { "zone_code": "NSR-GRID-370", "event_count": 30, "mean_predicted_score": 0.1768770821600317, "max_predicted_score": 0.52208425336503039, "min_predicted_score": 0.053836394887613298, "high_risk_event_count": 0, "medium_risk_event_count": 5, "low_risk_event_count": 25, "high_risk_event_ratio": 0.0, "mean_absolute_error": 0.0052232495536647704, "mean_rain_24h_mm": 10.506666666666668, "max_rain_24h_mm": 44.9, "mean_gpm_precipitation_sum": 0.0, "mean_built_surface_mean": 36.982627118644061, "mean_population_sum": 0.0, "dominant_risk_class": "low" }, "geometry": { "type": "Polygon", "coordinates": [ [ [ 31.371663393467767, 30.009957950513442 ], [ 31.371663393467767, 30.013847303171438 ], [ 31.376154969888365, 30.013847303171438 ], [ 31.376154969888365, 30.009957950513442 ], [ 31.371663393467767, 30.009957950513442 ] ] ] } },
{ "type": "Feature", "properties": { "zone_code": "NSR-GRID-371", "event_count": 30, "mean_predicted_score": 0.21687178331079096, "max_predicted_score": 0.55947181836490789, "min_predicted_score": 0.097109715828960899, "high_risk_event_count": 0, "medium_risk_event_count": 5, "low_risk_event_count": 25, "high_risk_event_ratio": 0.0, "mean_absolute_error": 0.0046549381246686105, "mean_rain_24h_mm": 10.506666666666668, "max_rain_24h_mm": 44.9, "mean_gpm_precipitation_sum": 0.0, "mean_built_surface_mean": 48.557390936044072, "mean_population_sum": 0.0, "dominant_risk_class": "low" }, "geometry": { "type": "Polygon", "coordinates": [ [ [ 31.376154969888365, 30.009957950513442 ], [ 31.376154969888365, 30.013847303171438 ], [ 31.380646546308967, 30.013847303171438 ], [ 31.380646546308967, 30.009957950513442 ], [ 31.376154969888365, 30.009957950513442 ] ] ] } },
{ "type": "Feature", "properties": { "zone_code": "NSR-GRID-372", "event_count": 30, "mean_predicted_score": 0.25760232871267508, "max_predicted_score": 0.59999514883845295, "min_predicted_score": 0.13712861940349011, "high_risk_event_count": 0, "medium_risk_event_count": 7, "low_risk_event_count": 23, "high_risk_event_ratio": 0.0, "mean_absolute_error": 0.0042932124938287628, "mean_rain_24h_mm": 10.506666666666668, "max_rain_24h_mm": 44.9, "mean_gpm_precipitation_sum": 0.0, "mean_built_surface_mean": 679.38919491525382, "mean_population_sum": 0.0, "dominant_risk_class": "low" }, "geometry": { "type": "Polygon", "coordinates": [ [ [ 31.380646546308967, 30.009957950513442 ], [ 31.380646546308967, 30.013847303171438 ], [ 31.385138122729565, 30.013847303171438 ], [ 31.385138122729565, 30.009957950513442 ], [ 31.380646546308967, 30.009957950513442 ] ] ] } },
{ "type": "Feature", "properties": { "zone_code": "NSR-GRID-373", "event_count": 30, "mean_predicted_score": 0.26467575290245071, "max_predicted_score": 0.60662826447559748, "min_predicted_score": 0.14249326572798671, "high_risk_event_count": 0, "medium_risk_event_count": 7, "low_risk_event_count": 23, "high_risk_event_ratio": 0.0, "mean_absolute_error": 0.0058655812723416752, "mean_rain_24h_mm": 10.506666666666668, "max_rain_24h_mm": 44.9, "mean_gpm_precipitation_sum": 0.0, "mean_built_surface_mean": 899.39838948929855, "mean_population_sum": 0.0, "dominant_risk_class": "low" }, "geometry": { "type": "Polygon", "coordinates": [ [ [ 31.385138122729565, 30.009957950513442 ], [ 31.385138122729565, 30.013847303171438 ], [ 31.389629699150163, 30.013847303171438 ], [ 31.389629699150163, 30.009957950513442 ], [ 31.385138122729565, 30.009957950513442 ] ] ] } },
{ "type": "Feature", "properties": { "zone_code": "NSR-GRID-374", "event_count": 30, "mean_predicted_score": 0.2067465892520646, "max_predicted_score": 0.54945141914566531, "min_predicted_score": 0.0852583921494703, "high_risk_event_count": 0, "medium_risk_event_count": 5, "low_risk_event_count": 25, "high_risk_event_ratio": 0.0, "mean_absolute_error": 0.0044606425804746943, "mean_rain_24h_mm": 10.506666666666668, "max_rain_24h_mm": 44.9, "mean_gpm_precipitation_sum": 0.0, "mean_built_surface_mean": 135.90591226954862, "mean_population_sum": 0.0, "dominant_risk_class": "low" }, "geometry": { "type": "Polygon", "coordinates": [ [ [ 31.389629699150163, 30.009957950513442 ], [ 31.389629699150163, 30.013847303171438 ], [ 31.394121275570754, 30.013847303171438 ], [ 31.394121275570754, 30.009957950513442 ], [ 31.389629699150163, 30.009957950513442 ] ] ] } },
{ "type": "Feature", "properties": { "zone_code": "NSR-GRID-375", "event_count": 30, "mean_predicted_score": 0.190075334336896, "max_predicted_score": 0.53439888266625424, "min_predicted_score": 0.068307828060964304, "high_risk_event_count": 0, "medium_risk_event_count": 5, "low_risk_event_count": 25, "high_risk_event_ratio": 0.0, "mean_absolute_error": 0.0042470899488795174, "mean_rain_24h_mm": 10.506666666666668, "max_rain_24h_mm": 44.9, "mean_gpm_precipitation_sum": 0.0, "mean_built_surface_mean": 0.27636594663278269, "mean_population_sum": 0.0, "dominant_risk_class": "low" }, "geometry": { "type": "Polygon", "coordinates": [ [ [ 31.394121275570754, 30.009957950513442 ], [ 31.394121275570754, 30.013847303171438 ], [ 31.398612851991352, 30.013847303171438 ], [ 31.398612851991352, 30.009957950513442 ], [ 31.394121275570754, 30.009957950513442 ] ] ] } },
{ "type": "Feature", "properties": { "zone_code": "NSR-GRID-376", "event_count": 30, "mean_predicted_score": 0.36502018307499523, "max_predicted_score": 0.70748679460945862, "min_predicted_score": 0.24505591486856099, "high_risk_event_count": 2, "medium_risk_event_count": 12, "low_risk_event_count": 16, "high_risk_event_ratio": 0.066666666666666666, "mean_absolute_error": 0.0046382996004169169, "mean_rain_24h_mm": 10.506666666666668, "max_rain_24h_mm": 44.9, "mean_gpm_precipitation_sum": 0.0, "mean_built_surface_mean": 1308.7562814070347, "mean_population_sum": 0.0, "dominant_risk_class": "medium" }, "geometry": { "type": "Polygon", "coordinates": [ [ [ 31.344713934944181, 30.009957950513442 ], [ 31.344713934944181, 30.00963243951507 ], [ 31.3435519, 30.0096457 ], [ 31.3405123, 30.0095929 ], [ 31.341145107727137, 30.009957950513442 ], [ 31.344713934944181, 30.009957950513442 ] ] ] } },
{ "type": "Feature", "properties": { "zone_code": "NSR-GRID-377", "event_count": 30, "mean_predicted_score": 0.29069896508454696, "max_predicted_score": 0.63740124356780548, "min_predicted_score": 0.16457979934497799, "high_risk_event_count": 0, "medium_risk_event_count": 7, "low_risk_event_count": 23, "high_risk_event_ratio": 0.0, "mean_absolute_error": 0.0077772722622808767, "mean_rain_24h_mm": 10.506666666666668, "max_rain_24h_mm": 44.9, "mean_gpm_precipitation_sum": 0.0, "mean_built_surface_mean": 1313.3030303030307, "mean_population_sum": 0.0, "dominant_risk_class": "low" }, "geometry": { "type": "Polygon", "coordinates": [ [ [ 31.344713934944181, 30.009957950513442 ], [ 31.349205511364779, 30.009957950513442 ], [ 31.349205511364779, 30.008919311273917 ], [ 31.3489258, 30.0096636 ], [ 31.3461195, 30.0096164 ], [ 31.344713934944181, 30.00963243951507 ], [ 31.344713934944181, 30.009957950513442 ] ] ] } },
{ "type": "Feature", "properties": { "zone_code": "NSR-GRID-378", "event_count": 30, "mean_predicted_score": 0.19165180993637554, "max_predicted_score": 0.53177563033497544, "min_predicted_score": 0.071612476747985002, "high_risk_event_count": 0, "medium_risk_event_count": 5, "low_risk_event_count": 25, "high_risk_event_ratio": 0.0, "mean_absolute_error": 0.0047984297200110715, "mean_rain_24h_mm": 10.506666666666668, "max_rain_24h_mm": 44.9, "mean_gpm_precipitation_sum": 0.0, "mean_built_surface_mean": 0.50597176981541792, "mean_population_sum": 0.0, "dominant_risk_class": "low" }, "geometry": { "type": "Polygon", "coordinates": [ [ [ 31.358188664205979, 30.009957950513442 ], [ 31.362680240626577, 30.009957950513442 ], [ 31.362680240626577, 30.00646120411427 ], [ 31.3623201, 30.0064509 ], [ 31.3609711, 30.0094864 ], [ 31.358188664205979, 30.008570644526944 ], [ 31.358188664205979, 30.009957950513442 ] ] ] } },
{ "type": "Feature", "properties": { "zone_code": "NSR-GRID-379", "event_count": 30, "mean_predicted_score": 0.21254715297833332, "max_predicted_score": 0.55983227171347283, "min_predicted_score": 0.089132700820890698, "high_risk_event_count": 0, "medium_risk_event_count": 5, "low_risk_event_count": 25, "high_risk_event_ratio": 0.0, "mean_absolute_error": 0.0059990154075422221, "mean_rain_24h_mm": 10.506666666666668, "max_rain_24h_mm": 44.9, "mean_gpm_precipitation_sum": 0.0, "mean_built_surface_mean": 817.88770053475957, "mean_population_sum": 0.0, "dominant_risk_class": "low" }, "geometry": { "type": "Polygon", "coordinates": [ [ [ 31.398612851991352, 30.009957950513442 ], [ 31.399653297949932, 30.009957950513442 ], [ 31.3996223, 30.0095836 ], [ 31.398612851991352, 30.00637475512131 ], [ 31.398612851991352, 30.009957950513442 ] ] ] } },
{ "type": "Feature", "properties": { "zone_code": "NSR-GRID-380", "event_count": 30, "mean_predicted_score": 0.20452706400128742, "max_predicted_score": 0.54449035377357247, "min_predicted_score": 0.084958727119471403, "high_risk_event_count": 0, "medium_risk_event_count": 5, "low_risk_event_count": 25, "high_risk_event_ratio": 0.0, "mean_absolute_error": 0.0048646879717225604, "mean_rain_24h_mm": 10.506666666666668, "max_rain_24h_mm": 44.9, "mean_gpm_precipitation_sum": 0.0, "mean_built_surface_mean": 3.6543072205185365, "mean_population_sum": 0.0, "dominant_risk_class": "low" }, "geometry": { "type": "Polygon", "coordinates": [ [ [ 31.353697087785381, 30.006068445357947 ], [ 31.353697087785381, 30.009957950513442 ], [ 31.358188664205979, 30.009957950513442 ], [ 31.358188664205979, 30.008570644526944 ], [ 31.3570464, 30.008194700000011 ], [ 31.355206544243213, 30.006068445357947 ], [ 31.353697087785381, 30.006068445357947 ] ] ] } },
{ "type": "Feature", "properties": { "zone_code": "NSR-GRID-381", "event_count": 30, "mean_predicted_score": 0.15166294420603779, "max_predicted_score": 0.49306693775813321, "min_predicted_score": 0.0321218361873662, "high_risk_event_count": 0, "medium_risk_event_count": 5, "low_risk_event_count": 25, "high_risk_event_ratio": 0.0, "mean_absolute_error": 0.0049121874302208704, "mean_rain_24h_mm": 10.506666666666668, "max_rain_24h_mm": 44.9, "mean_gpm_precipitation_sum": 0.0, "mean_built_surface_mean": 0.0, "mean_population_sum": 0.0, "dominant_risk_class": "low" }, "geometry": { "type": "Polygon", "coordinates": [ [ [ 31.362680240626577, 30.009957950513442 ], [ 31.367171817047169, 30.009957950513442 ], [ 31.367171817047169, 30.006589714148756 ], [ 31.362680240626577, 30.00646120411427 ], [ 31.362680240626577, 30.009957950513442 ] ] ] } },
{ "type": "Feature", "properties": { "zone_code": "NSR-GRID-382", "event_count": 30, "mean_predicted_score": 0.17605805556094817, "max_predicted_score": 0.51596972971501787, "min_predicted_score": 0.056134278867164301, "high_risk_event_count": 0, "medium_risk_event_count": 5, "low_risk_event_count": 25, "high_risk_event_ratio": 0.0, "mean_absolute_error": 0.0051260043742644094, "mean_rain_24h_mm": 10.506666666666668, "max_rain_24h_mm": 44.9, "mean_gpm_precipitation_sum": 0.0, "mean_built_surface_mean": 0.0046687416629613001, "mean_population_sum": 0.0, "dominant_risk_class": "low" }, "geometry": { "type": "Polygon", "coordinates": [ [ [ 31.367171817047169, 30.009957950513442 ], [ 31.371663393467767, 30.009957950513442 ], [ 31.371663393467767, 30.006068445357947 ], [ 31.36972142083517, 30.006068445357947 ], [ 31.3697408, 30.0064635 ], [ 31.3682618, 30.0066209 ], [ 31.367171817047169, 30.006589714148756 ], [ 31.367171817047169, 30.009957950513442 ] ] ] } },
{ "type": "Feature", "properties": { "zone_code": "NSR-GRID-383", "event_count": 30, "mean_predicted_score": 0.23505430717541112, "max_predicted_score": 0.57453235423780957, "min_predicted_score": 0.11610822653692129, "high_risk_event_count": 0, "medium_risk_event_count": 6, "low_risk_event_count": 24, "high_risk_event_ratio": 0.0, "mean_absolute_error": 0.0054829571932260898, "mean_rain_24h_mm": 10.506666666666668, "max_rain_24h_mm": 44.9, "mean_gpm_precipitation_sum": 0.0, "mean_built_surface_mean": 382.4624238320921, "mean_population_sum": 0.0, "dominant_risk_class": "low" }, "geometry": { "type": "Polygon", "coordinates": [ [ [ 31.349205511364779, 30.009957950513442 ], [ 31.353697087785381, 30.009957950513442 ], [ 31.353697087785381, 30.006068445357947 ], [ 31.350293764170146, 30.006068445357947 ], [ 31.350033, 30.0067174 ], [ 31.349205511364779, 30.008919311273917 ], [ 31.349205511364779, 30.009957950513442 ] ] ] } },
{ "type": "Feature", "properties": { "zone_code": "NSR-GRID-384", "event_count": 30, "mean_predicted_score": 0.18980680978751413, "max_predicted_score": 0.53250969080644672, "min_predicted_score": 0.068896598282992397, "high_risk_event_count": 0, "medium_risk_event_count": 5, "low_risk_event_count": 25, "high_risk_event_ratio": 0.0, "mean_absolute_error": 0.0042839768201549085, "mean_rain_24h_mm": 10.506666666666668, "max_rain_24h_mm": 44.9, "mean_gpm_precipitation_sum": 0.0, "mean_built_surface_mean": 47.549917491749206, "mean_population_sum": 0.0, "dominant_risk_class": "low" }, "geometry": { "type": "Polygon", "coordinates": [ [ [ 31.394121275570754, 30.006068445357947 ], [ 31.394121275570754, 30.009957950513442 ], [ 31.398612851991352, 30.009957950513442 ], [ 31.398612851991352, 30.00637475512131 ], [ 31.398516493857947, 30.006068445357947 ], [ 31.394121275570754, 30.006068445357947 ] ] ] } },
{ "type": "Feature", "properties": { "zone_code": "NSR-GRID-385", "event_count": 30, "mean_predicted_score": 0.14775089707981545, "max_predicted_score": 0.49217302471077828, "min_predicted_score": 0.0257984234323849, "high_risk_event_count": 0, "medium_risk_event_count": 5, "low_risk_event_count": 25, "high_risk_event_ratio": 0.0, "mean_absolute_error": 0.0044013095958455335, "mean_rain_24h_mm": 10.506666666666668, "max_rain_24h_mm": 44.9, "mean_gpm_precipitation_sum": 0.0, "mean_built_surface_mean": 0.042654028436018884, "mean_population_sum": 0.0, "dominant_risk_class": "low" }, "geometry": { "type": "Polygon", "coordinates": [ [ [ 31.371663393467767, 30.006068445357947 ], [ 31.371663393467767, 30.009957950513442 ], [ 31.376154969888365, 30.009957950513442 ], [ 31.376154969888365, 30.006068445357947 ], [ 31.371663393467767, 30.006068445357947 ] ] ] } },
{ "type": "Feature", "properties": { "zone_code": "NSR-GRID-386", "event_count": 30, "mean_predicted_score": 0.18972108766447701, "max_predicted_score": 0.53318665002455701, "min_predicted_score": 0.068915691415791, "high_risk_event_count": 0, "medium_risk_event_count": 5, "low_risk_event_count": 25, "high_risk_event_ratio": 0.0, "mean_absolute_error": 0.0039310115284458616, "mean_rain_24h_mm": 10.506666666666668, "max_rain_24h_mm": 44.9, "mean_gpm_precipitation_sum": 0.0, "mean_built_surface_mean": 0.28224145035022669, "mean_population_sum": 0.0, "dominant_risk_class": "low" }, "geometry": { "type": "Polygon", "coordinates": [ [ [ 31.376154969888365, 30.006068445357947 ], [ 31.376154969888365, 30.009957950513442 ], [ 31.380646546308967, 30.009957950513442 ], [ 31.380646546308967, 30.006068445357947 ], [ 31.376154969888365, 30.006068445357947 ] ] ] } },
{ "type": "Feature", "properties": { "zone_code": "NSR-GRID-387", "event_count": 30, "mean_predicted_score": 0.17998752176655805, "max_predicted_score": 0.52498373674942733, "min_predicted_score": 0.057942814004928699, "high_risk_event_count": 0, "medium_risk_event_count": 5, "low_risk_event_count": 25, "high_risk_event_ratio": 0.0, "mean_absolute_error": 0.0046183383687399505, "mean_rain_24h_mm": 10.506666666666668, "max_rain_24h_mm": 44.9, "mean_gpm_precipitation_sum": 0.0, "mean_built_surface_mean": 0.0, "mean_population_sum": 0.0, "dominant_risk_class": "low" }, "geometry": { "type": "Polygon", "coordinates": [ [ [ 31.380646546308967, 30.006068445357947 ], [ 31.380646546308967, 30.009957950513442 ], [ 31.385138122729565, 30.009957950513442 ], [ 31.385138122729565, 30.006068445357947 ], [ 31.380646546308967, 30.006068445357947 ] ] ] } },
{ "type": "Feature", "properties": { "zone_code": "NSR-GRID-388", "event_count": 30, "mean_predicted_score": 0.19189070955957174, "max_predicted_score": 0.53554993501600789, "min_predicted_score": 0.069794844694969493, "high_risk_event_count": 0, "medium_risk_event_count": 5, "low_risk_event_count": 25, "high_risk_event_ratio": 0.0, "mean_absolute_error": 0.0046510374581619851, "mean_rain_24h_mm": 10.506666666666668, "max_rain_24h_mm": 44.9, "mean_gpm_precipitation_sum": 0.0, "mean_built_surface_mean": 25.853668590272054, "mean_population_sum": 0.0, "dominant_risk_class": "low" }, "geometry": { "type": "Polygon", "coordinates": [ [ [ 31.385138122729565, 30.006068445357947 ], [ 31.385138122729565, 30.009957950513442 ], [ 31.389629699150163, 30.009957950513442 ], [ 31.389629699150163, 30.006068445357947 ], [ 31.385138122729565, 30.006068445357947 ] ] ] } },
{ "type": "Feature", "properties": { "zone_code": "NSR-GRID-389", "event_count": 30, "mean_predicted_score": 0.2290060131217854, "max_predicted_score": 0.57178220606846075, "min_predicted_score": 0.1065448142455806, "high_risk_event_count": 0, "medium_risk_event_count": 6, "low_risk_event_count": 24, "high_risk_event_ratio": 0.0, "mean_absolute_error": 0.0056524243031212526, "mean_rain_24h_mm": 10.506666666666668, "max_rain_24h_mm": 44.9, "mean_gpm_precipitation_sum": 0.0, "mean_built_surface_mean": 515.85366859027215, "mean_population_sum": 0.0, "dominant_risk_class": "low" }, "geometry": { "type": "Polygon", "coordinates": [ [ [ 31.389629699150163, 30.006068445357947 ], [ 31.389629699150163, 30.009957950513442 ], [ 31.394121275570754, 30.009957950513442 ], [ 31.394121275570754, 30.006068445357947 ], [ 31.389629699150163, 30.006068445357947 ] ] ] } },
{ "type": "Feature", "properties": { "zone_code": "NSR-GRID-390", "event_count": 30, "mean_predicted_score": 0.12636007020688148, "max_predicted_score": 0.47401106162430862, "min_predicted_score": 0.0, "high_risk_event_count": 0, "medium_risk_event_count": 5, "low_risk_event_count": 25, "high_risk_event_ratio": 0.0, "mean_absolute_error": 0.0074747938667864295, "mean_rain_24h_mm": 10.506666666666668, "max_rain_24h_mm": 44.9, "mean_gpm_precipitation_sum": 0.0, "mean_built_surface_mean": 2.3858520900321549, "mean_population_sum": 0.0, "dominant_risk_class": "low" }, "geometry": { "type": "Polygon", "coordinates": [ [ [ 31.353697087785381, 30.006068445357947 ], [ 31.355206544243213, 30.006068445357947 ], [ 31.354288, 30.0050069 ], [ 31.353697087785381, 30.004827975453527 ], [ 31.353697087785381, 30.006068445357947 ] ] ] } },
{ "type": "Feature", "properties": { "zone_code": "NSR-GRID-391", "event_count": 30, "mean_predicted_score": 0.19485893853285019, "max_predicted_score": 0.53864411052259631, "min_predicted_score": 0.073179156752366095, "high_risk_event_count": 0, "medium_risk_event_count": 5, "low_risk_event_count": 25, "high_risk_event_ratio": 0.0, "mean_absolute_error": 0.0043171818547289931, "mean_rain_24h_mm": 10.506666666666668, "max_rain_24h_mm": 44.9, "mean_gpm_precipitation_sum": 0.0, "mean_built_surface_mean": 12.937317784256557, "mean_population_sum": 0.0, "dominant_risk_class": "low" }, "geometry": { "type": "Polygon", "coordinates": [ [ [ 31.353697087785381, 30.006068445357947 ], [ 31.353697087785381, 30.004827975453527 ], [ 31.3511073, 30.0040438 ], [ 31.350293764170146, 30.006068445357947 ], [ 31.353697087785381, 30.006068445357947 ] ] ] } },
{ "type": "Feature", "properties": { "zone_code": "NSR-GRID-392", "event_count": 30, "mean_predicted_score": 0.16561725411538145, "max_predicted_score": 0.50786675399380121, "min_predicted_score": 0.043130825856303297, "high_risk_event_count": 0, "medium_risk_event_count": 5, "low_risk_event_count": 25, "high_risk_event_ratio": 0.0, "mean_absolute_error": 0.0053746272654036122, "mean_rain_24h_mm": 10.506666666666668, "max_rain_24h_mm": 44.9, "mean_gpm_precipitation_sum": 0.0, "mean_built_surface_mean": 28.581032412965204, "mean_population_sum": 0.0, "dominant_risk_class": "low" }, "geometry": { "type": "Polygon", "coordinates": [ [ [ 31.394121275570754, 30.002178787716911 ], [ 31.394121275570754, 30.006068445357947 ], [ 31.398516493857947, 30.006068445357947 ], [ 31.3984675, 30.0059127 ], [ 31.3973897, 30.0042056 ], [ 31.39590329365825, 30.002178787716911 ], [ 31.394121275570754, 30.002178787716911 ] ] ] } },
{ "type": "Feature", "properties": { "zone_code": "NSR-GRID-393", "event_count": 30, "mean_predicted_score": 0.15121250548604559, "max_predicted_score": 0.49435876124800282, "min_predicted_score": 0.030758507396836301, "high_risk_event_count": 0, "medium_risk_event_count": 5, "low_risk_event_count": 25, "high_risk_event_ratio": 0.0, "mean_absolute_error": 0.0043027690679869595, "mean_rain_24h_mm": 10.506666666666668, "max_rain_24h_mm": 44.9, "mean_gpm_precipitation_sum": 0.0, "mean_built_surface_mean": 0.0, "mean_population_sum": 0.0, "dominant_risk_class": "low" }, "geometry": { "type": "Polygon", "coordinates": [ [ [ 31.371663393467767, 30.002178787716911 ], [ 31.371663393467767, 30.006068445357947 ], [ 31.376154969888365, 30.006068445357947 ], [ 31.376154969888365, 30.002178787716911 ], [ 31.371663393467767, 30.002178787716911 ] ] ] } },
{ "type": "Feature", "properties": { "zone_code": "NSR-GRID-394", "event_count": 30, "mean_predicted_score": 0.14018662406832283, "max_predicted_score": 0.48571362526097972, "min_predicted_score": 0.0181823144791931, "high_risk_event_count": 0, "medium_risk_event_count": 5, "low_risk_event_count": 25, "high_risk_event_ratio": 0.0, "mean_absolute_error": 0.0045698180062573885, "mean_rain_24h_mm": 10.506666666666668, "max_rain_24h_mm": 44.9, "mean_gpm_precipitation_sum": 0.0, "mean_built_surface_mean": 0.0, "mean_population_sum": 0.0, "dominant_risk_class": "low" }, "geometry": { "type": "Polygon", "coordinates": [ [ [ 31.376154969888365, 30.002178787716911 ], [ 31.376154969888365, 30.006068445357947 ], [ 31.380646546308967, 30.006068445357947 ], [ 31.380646546308967, 30.002178787716911 ], [ 31.376154969888365, 30.002178787716911 ] ] ] } },
{ "type": "Feature", "properties": { "zone_code": "NSR-GRID-395", "event_count": 30, "mean_predicted_score": 0.13782201554081208, "max_predicted_score": 0.4828348757855554, "min_predicted_score": 0.015992178081765101, "high_risk_event_count": 0, "medium_risk_event_count": 4, "low_risk_event_count": 26, "high_risk_event_ratio": 0.0, "mean_absolute_error": 0.004560336471316844, "mean_rain_24h_mm": 10.506666666666668, "max_rain_24h_mm": 44.9, "mean_gpm_precipitation_sum": 0.0, "mean_built_surface_mean": 0.0, "mean_population_sum": 0.0, "dominant_risk_class": "low" }, "geometry": { "type": "Polygon", "coordinates": [ [ [ 31.380646546308967, 30.002178787716911 ], [ 31.380646546308967, 30.006068445357947 ], [ 31.385138122729565, 30.006068445357947 ], [ 31.385138122729565, 30.002178787716911 ], [ 31.380646546308967, 30.002178787716911 ] ] ] } },
{ "type": "Feature", "properties": { "zone_code": "NSR-GRID-396", "event_count": 30, "mean_predicted_score": 0.17205641982337977, "max_predicted_score": 0.51428159731938006, "min_predicted_score": 0.051265546615084902, "high_risk_event_count": 0, "medium_risk_event_count": 5, "low_risk_event_count": 25, "high_risk_event_ratio": 0.0, "mean_absolute_error": 0.0047541621106141907, "mean_rain_24h_mm": 10.506666666666668, "max_rain_24h_mm": 44.9, "mean_gpm_precipitation_sum": 0.0, "mean_built_surface_mean": 0.0, "mean_population_sum": 0.0, "dominant_risk_class": "low" }, "geometry": { "type": "Polygon", "coordinates": [ [ [ 31.385138122729565, 30.002178787716911 ], [ 31.385138122729565, 30.006068445357947 ], [ 31.389629699150163, 30.006068445357947 ], [ 31.389629699150163, 30.002178787716911 ], [ 31.385138122729565, 30.002178787716911 ] ] ] } },
{ "type": "Feature", "properties": { "zone_code": "NSR-GRID-397", "event_count": 30, "mean_predicted_score": 0.15709835800437214, "max_predicted_score": 0.50019262960341493, "min_predicted_score": 0.0333029072068112, "high_risk_event_count": 0, "medium_risk_event_count": 5, "low_risk_event_count": 25, "high_risk_event_ratio": 0.0, "mean_absolute_error": 0.0057973459809835537, "mean_rain_24h_mm": 10.506666666666668, "max_rain_24h_mm": 44.9, "mean_gpm_precipitation_sum": 0.0, "mean_built_surface_mean": 0.0, "mean_population_sum": 0.0, "dominant_risk_class": "low" }, "geometry": { "type": "Polygon", "coordinates": [ [ [ 31.389629699150163, 30.002178787716911 ], [ 31.389629699150163, 30.006068445357947 ], [ 31.394121275570754, 30.006068445357947 ], [ 31.394121275570754, 30.002178787716911 ], [ 31.389629699150163, 30.002178787716911 ] ] ] } },
{ "type": "Feature", "properties": { "zone_code": "NSR-GRID-398", "event_count": 30, "mean_predicted_score": 0.17914898222124934, "max_predicted_score": 0.52373024976712435, "min_predicted_score": 0.057216262259167198, "high_risk_event_count": 0, "medium_risk_event_count": 5, "low_risk_event_count": 25, "high_risk_event_ratio": 0.0, "mean_absolute_error": 0.0044167929302429401, "mean_rain_24h_mm": 10.506666666666668, "max_rain_24h_mm": 44.9, "mean_gpm_precipitation_sum": 0.0, "mean_built_surface_mean": 0.0041608876560332003, "mean_population_sum": 0.0, "dominant_risk_class": "low" }, "geometry": { "type": "Polygon", "coordinates": [ [ [ 31.371663393467767, 30.006068445357947 ], [ 31.371663393467767, 30.002178787716911 ], [ 31.369477273169199, 30.002178787716911 ], [ 31.3696936, 30.0055013 ], [ 31.36972142083517, 30.006068445357947 ], [ 31.371663393467767, 30.006068445357947 ] ] ] } },
{ "type": "Feature", "properties": { "zone_code": "NSR-GRID-399", "event_count": 30, "mean_predicted_score": 0.14813920150627619, "max_predicted_score": 0.49485285575187499, "min_predicted_score": 0.024219016738691899, "high_risk_event_count": 0, "medium_risk_event_count": 5, "low_risk_event_count": 25, "high_risk_event_ratio": 0.0, "mean_absolute_error": 0.005532160976487845, "mean_rain_24h_mm": 10.506666666666668, "max_rain_24h_mm": 44.9, "mean_gpm_precipitation_sum": 0.0, "mean_built_surface_mean": 145.77722772277227, "mean_population_sum": 0.0, "dominant_risk_class": "low" }, "geometry": { "type": "Polygon", "coordinates": [ [ [ 31.394121275570754, 30.002178787716911 ], [ 31.39590329365825, 30.002178787716911 ], [ 31.3953018, 30.0013586 ], [ 31.394121275570754, 29.999753325882171 ], [ 31.394121275570754, 30.002178787716911 ] ] ] } },
{ "type": "Feature", "properties": { "zone_code": "NSR-GRID-400", "event_count": 30, "mean_predicted_score": 0.18695420857846065, "max_predicted_score": 0.52990583895297194, "min_predicted_score": 0.065735948089862994, "high_risk_event_count": 0, "medium_risk_event_count": 5, "low_risk_event_count": 25, "high_risk_event_ratio": 0.0, "mean_absolute_error": 0.0042157176502690651, "mean_rain_24h_mm": 10.506666666666668, "max_rain_24h_mm": 44.9, "mean_gpm_precipitation_sum": 0.0, "mean_built_surface_mean": 4.6637837837837832, "mean_population_sum": 0.0, "dominant_risk_class": "low" }, "geometry": { "type": "Polygon", "coordinates": [ [ [ 31.389629699150163, 29.998288977602268 ], [ 31.389629699150163, 30.002178787716911 ], [ 31.394121275570754, 30.002178787716911 ], [ 31.394121275570754, 29.999753325882171 ], [ 31.3931751, 29.9984667 ], [ 31.392951301027818, 29.998288977602268 ], [ 31.389629699150163, 29.998288977602268 ] ] ] } },
{ "type": "Feature", "properties": { "zone_code": "NSR-GRID-401", "event_count": 30, "mean_predicted_score": 0.17720903843725169, "max_predicted_score": 0.52123776280917922, "min_predicted_score": 0.056078498452891201, "high_risk_event_count": 0, "medium_risk_event_count": 5, "low_risk_event_count": 25, "high_risk_event_ratio": 0.0, "mean_absolute_error": 0.0041363470340382421, "mean_rain_24h_mm": 10.506666666666668, "max_rain_24h_mm": 44.9, "mean_gpm_precipitation_sum": 0.0, "mean_built_surface_mean": 0.0, "mean_population_sum": 0.0, "dominant_risk_class": "low" }, "geometry": { "type": "Polygon", "coordinates": [ [ [ 31.371663393467767, 29.998288977602268 ], [ 31.371663393467767, 30.002178787716911 ], [ 31.376154969888365, 30.002178787716911 ], [ 31.376154969888365, 29.998288977602268 ], [ 31.371663393467767, 29.998288977602268 ] ] ] } },
{ "type": "Feature", "properties": { "zone_code": "NSR-GRID-402", "event_count": 30, "mean_predicted_score": 0.14794801623614384, "max_predicted_score": 0.49150690434534527, "min_predicted_score": 0.027065099443855298, "high_risk_event_count": 0, "medium_risk_event_count": 5, "low_risk_event_count": 25, "high_risk_event_ratio": 0.0, "mean_absolute_error": 0.0041036118995528325, "mean_rain_24h_mm": 10.506666666666668, "max_rain_24h_mm": 44.9, "mean_gpm_precipitation_sum": 0.0, "mean_built_surface_mean": 0.0, "mean_population_sum": 0.0, "dominant_risk_class": "low" }, "geometry": { "type": "Polygon", "coordinates": [ [ [ 31.376154969888365, 29.998288977602268 ], [ 31.376154969888365, 30.002178787716911 ], [ 31.380646546308967, 30.002178787716911 ], [ 31.380646546308967, 29.998288977602268 ], [ 31.376154969888365, 29.998288977602268 ] ] ] } },
{ "type": "Feature", "properties": { "zone_code": "NSR-GRID-403", "event_count": 30, "mean_predicted_score": 0.19173061048436416, "max_predicted_score": 0.53576778968802463, "min_predicted_score": 0.0706429725161523, "high_risk_event_count": 0, "medium_risk_event_count": 5, "low_risk_event_count": 25, "high_risk_event_ratio": 0.0, "mean_absolute_error": 0.00410067063219899, "mean_rain_24h_mm": 10.506666666666668, "max_rain_24h_mm": 44.9, "mean_gpm_precipitation_sum": 0.0, "mean_built_surface_mean": 0.0, "mean_population_sum": 0.0, "dominant_risk_class": "low" }, "geometry": { "type": "Polygon", "coordinates": [ [ [ 31.380646546308967, 29.998288977602268 ], [ 31.380646546308967, 30.002178787716911 ], [ 31.385138122729565, 30.002178787716911 ], [ 31.385138122729565, 29.998288977602268 ], [ 31.380646546308967, 29.998288977602268 ] ] ] } },
{ "type": "Feature", "properties": { "zone_code": "NSR-GRID-404", "event_count": 30, "mean_predicted_score": 0.1460725957049874, "max_predicted_score": 0.4897249553962183, "min_predicted_score": 0.0255415514977461, "high_risk_event_count": 0, "medium_risk_event_count": 5, "low_risk_event_count": 25, "high_risk_event_ratio": 0.0, "mean_absolute_error": 0.0041695584013556469, "mean_rain_24h_mm": 10.506666666666668, "max_rain_24h_mm": 44.9, "mean_gpm_precipitation_sum": 0.0, "mean_built_surface_mean": 0.0, "mean_population_sum": 0.0, "dominant_risk_class": "low" }, "geometry": { "type": "Polygon", "coordinates": [ [ [ 31.385138122729565, 29.998288977602268 ], [ 31.385138122729565, 30.002178787716911 ], [ 31.389629699150163, 30.002178787716911 ], [ 31.389629699150163, 29.998288977602268 ], [ 31.385138122729565, 29.998288977602268 ] ] ] } },
{ "type": "Feature", "properties": { "zone_code": "NSR-GRID-405", "event_count": 30, "mean_predicted_score": 0.19666239984182754, "max_predicted_score": 0.53692830423447024, "min_predicted_score": 0.078153628572731601, "high_risk_event_count": 0, "medium_risk_event_count": 5, "low_risk_event_count": 25, "high_risk_event_ratio": 0.0, "mean_absolute_error": 0.0059653768247637995, "mean_rain_24h_mm": 10.506666666666668, "max_rain_24h_mm": 44.9, "mean_gpm_precipitation_sum": 0.0, "mean_built_surface_mean": 0.0, "mean_population_sum": 0.0, "dominant_risk_class": "low" }, "geometry": { "type": "Polygon", "coordinates": [ [ [ 31.371663393467767, 30.002178787716911 ], [ 31.371663393467767, 29.998288977602268 ], [ 31.369224019112167, 29.998288977602268 ], [ 31.369477273169199, 30.002178787716911 ], [ 31.371663393467767, 30.002178787716911 ] ] ] } },
{ "type": "Feature", "properties": { "zone_code": "NSR-GRID-406", "event_count": 30, "mean_predicted_score": 0.21773814786153201, "max_predicted_score": 0.5608345763192919, "min_predicted_score": 0.095999938643011901, "high_risk_event_count": 0, "medium_risk_event_count": 5, "low_risk_event_count": 25, "high_risk_event_ratio": 0.0, "mean_absolute_error": 0.0049356594404656373, "mean_rain_24h_mm": 10.506666666666668, "max_rain_24h_mm": 44.9, "mean_gpm_precipitation_sum": 0.0, "mean_built_surface_mean": 272.19616788321156, "mean_population_sum": 0.0, "dominant_risk_class": "low" }, "geometry": { "type": "Polygon", "coordinates": [ [ [ 31.389629699150163, 29.998288977602268 ], [ 31.392951301027818, 29.998288977602268 ], [ 31.3908883, 29.9966507 ], [ 31.389629699150163, 29.99608409464102 ], [ 31.389629699150163, 29.998288977602268 ] ] ] } },
{ "type": "Feature", "properties": { "zone_code": "NSR-GRID-407", "event_count": 30, "mean_predicted_score": 0.1998760479577702, "max_predicted_score": 0.54362869702873662, "min_predicted_score": 0.077204396331947506, "high_risk_event_count": 0, "medium_risk_event_count": 5, "low_risk_event_count": 25, "high_risk_event_ratio": 0.0, "mean_absolute_error": 0.0050662584639649712, "mean_rain_24h_mm": 10.506666666666668, "max_rain_24h_mm": 44.9, "mean_gpm_precipitation_sum": 0.0, "mean_built_surface_mean": 221.85050609914364, "mean_population_sum": 0.0, "dominant_risk_class": "low" }, "geometry": { "type": "Polygon", "coordinates": [ [ [ 31.385138122729565, 29.994399015025984 ], [ 31.385138122729565, 29.998288977602268 ], [ 31.389629699150163, 29.998288977602268 ], [ 31.389629699150163, 29.99608409464102 ], [ 31.3871883, 29.994985 ], [ 31.385580431261879, 29.994399015025984 ], [ 31.385138122729565, 29.994399015025984 ] ] ] } },
{ "type": "Feature", "properties": { "zone_code": "NSR-GRID-408", "event_count": 30, "mean_predicted_score": 0.22505878258619513, "max_predicted_score": 0.56509542921348577, "min_predicted_score": 0.1060105639008582, "high_risk_event_count": 0, "medium_risk_event_count": 5, "low_risk_event_count": 25, "high_risk_event_ratio": 0.0, "mean_absolute_error": 0.005380353883554667, "mean_rain_24h_mm": 10.506666666666668, "max_rain_24h_mm": 44.9, "mean_gpm_precipitation_sum": 0.0, "mean_built_surface_mean": 0.0, "mean_population_sum": 0.0, "dominant_risk_class": "low" }, "geometry": { "type": "Polygon", "coordinates": [ [ [ 31.371663393467767, 29.994399015025984 ], [ 31.371663393467767, 29.998288977602268 ], [ 31.376154969888365, 29.998288977602268 ], [ 31.376154969888365, 29.994399015025984 ], [ 31.371663393467767, 29.994399015025984 ] ] ] } },
{ "type": "Feature", "properties": { "zone_code": "NSR-GRID-409", "event_count": 30, "mean_predicted_score": 0.21058720134178621, "max_predicted_score": 0.5522772330051301, "min_predicted_score": 0.090650802328218497, "high_risk_event_count": 0, "medium_risk_event_count": 5, "low_risk_event_count": 25, "high_risk_event_ratio": 0.0, "mean_absolute_error": 0.0047341135163998264, "mean_rain_24h_mm": 10.506666666666668, "max_rain_24h_mm": 44.9, "mean_gpm_precipitation_sum": 0.0, "mean_built_surface_mean": 0.0, "mean_population_sum": 0.0, "dominant_risk_class": "low" }, "geometry": { "type": "Polygon", "coordinates": [ [ [ 31.376154969888365, 29.994399015025984 ], [ 31.376154969888365, 29.998288977602268 ], [ 31.380646546308967, 29.998288977602268 ], [ 31.380646546308967, 29.994399015025984 ], [ 31.376154969888365, 29.994399015025984 ] ] ] } },
{ "type": "Feature", "properties": { "zone_code": "NSR-GRID-410", "event_count": 30, "mean_predicted_score": 0.21243313575613865, "max_predicted_score": 0.55524048316387919, "min_predicted_score": 0.092266059177086496, "high_risk_event_count": 0, "medium_risk_event_count": 5, "low_risk_event_count": 25, "high_risk_event_ratio": 0.0, "mean_absolute_error": 0.0043595281200415736, "mean_rain_24h_mm": 10.506666666666668, "max_rain_24h_mm": 44.9, "mean_gpm_precipitation_sum": 0.0, "mean_built_surface_mean": 7.7721304531977999, "mean_population_sum": 0.0, "dominant_risk_class": "low" }, "geometry": { "type": "Polygon", "coordinates": [ [ [ 31.380646546308967, 29.994399015025984 ], [ 31.380646546308967, 29.998288977602268 ], [ 31.385138122729565, 29.998288977602268 ], [ 31.385138122729565, 29.994399015025984 ], [ 31.380646546308967, 29.994399015025984 ] ] ] } },
{ "type": "Feature", "properties": { "zone_code": "NSR-GRID-411", "event_count": 30, "mean_predicted_score": 0.21695227754962404, "max_predicted_score": 0.55904689166034605, "min_predicted_score": 0.096716225431116604, "high_risk_event_count": 0, "medium_risk_event_count": 5, "low_risk_event_count": 25, "high_risk_event_ratio": 0.0, "mean_absolute_error": 0.0045265121840319814, "mean_rain_24h_mm": 10.506666666666668, "max_rain_24h_mm": 44.9, "mean_gpm_precipitation_sum": 0.0, "mean_built_surface_mean": 0.0, "mean_population_sum": 0.0, "dominant_risk_class": "low" }, "geometry": { "type": "Polygon", "coordinates": [ [ [ 31.371663393467767, 29.998288977602268 ], [ 31.371663393467767, 29.994399015025984 ], [ 31.369030453580805, 29.994399015025984 ], [ 31.3690788, 29.9961706 ], [ 31.3692132, 29.9981228 ], [ 31.369224019112167, 29.998288977602268 ], [ 31.371663393467767, 29.998288977602268 ] ] ] } },
{ "type": "Feature", "properties": { "zone_code": "NSR-GRID-412", "event_count": 30, "mean_predicted_score": 0.25155798862069151, "max_predicted_score": 0.59256882774610187, "min_predicted_score": 0.13297992773753739, "high_risk_event_count": 0, "medium_risk_event_count": 7, "low_risk_event_count": 23, "high_risk_event_ratio": 0.0, "mean_absolute_error": 0.0058592799224391279, "mean_rain_24h_mm": 10.506666666666668, "max_rain_24h_mm": 44.9, "mean_gpm_precipitation_sum": 0.0, "mean_built_surface_mean": 633.0, "mean_population_sum": 0.0, "dominant_risk_class": "low" }, "geometry": { "type": "Polygon", "coordinates": [ [ [ 31.385138122729565, 29.994399015025984 ], [ 31.385580431261879, 29.994399015025984 ], [ 31.385138122729565, 29.994237815841501 ], [ 31.385138122729565, 29.994399015025984 ] ] ] } },
{ "type": "Feature", "properties": { "zone_code": "NSR-GRID-413", "event_count": 30, "mean_predicted_score": 0.24512400852728888, "max_predicted_score": 0.58665307662421362, "min_predicted_score": 0.12529347891209819, "high_risk_event_count": 0, "medium_risk_event_count": 6, "low_risk_event_count": 24, "high_risk_event_ratio": 0.0, "mean_absolute_error": 0.0048677200442241832, "mean_rain_24h_mm": 10.506666666666668, "max_rain_24h_mm": 44.9, "mean_gpm_precipitation_sum": 0.0, "mean_built_surface_mean": 649.75407166123784, "mean_population_sum": 0.0, "dominant_risk_class": "low" }, "geometry": { "type": "Polygon", "coordinates": [ [ [ 31.380646546308967, 29.994399015025984 ], [ 31.385138122729565, 29.994399015025984 ], [ 31.385138122729565, 29.994237815841501 ], [ 31.3821193, 29.9931376 ], [ 31.380646546308967, 29.9925870657483 ], [ 31.380646546308967, 29.994399015025984 ] ] ] } },
{ "type": "Feature", "properties": { "zone_code": "NSR-GRID-414", "event_count": 30, "mean_predicted_score": 0.24697361731233919, "max_predicted_score": 0.59044815939375161, "min_predicted_score": 0.1267192937910987, "high_risk_event_count": 0, "medium_risk_event_count": 6, "low_risk_event_count": 24, "high_risk_event_ratio": 0.0, "mean_absolute_error": 0.0044932758539248984, "mean_rain_24h_mm": 10.506666666666668, "max_rain_24h_mm": 44.9, "mean_gpm_precipitation_sum": 0.0, "mean_built_surface_mean": 350.28361858190704, "mean_population_sum": 0.0, "dominant_risk_class": "low" }, "geometry": { "type": "Polygon", "coordinates": [ [ [ 31.376154969888365, 29.994399015025984 ], [ 31.380646546308967, 29.994399015025984 ], [ 31.380646546308967, 29.9925870657483 ], [ 31.3766733, 29.9911018 ], [ 31.376154969888365, 29.991026025874007 ], [ 31.376154969888365, 29.994399015025984 ] ] ] } },
{ "type": "Feature", "properties": { "zone_code": "NSR-GRID-415", "event_count": 30, "mean_predicted_score": 0.20053918448571145, "max_predicted_score": 0.54195894263153566, "min_predicted_score": 0.080472292091313805, "high_risk_event_count": 0, "medium_risk_event_count": 5, "low_risk_event_count": 25, "high_risk_event_ratio": 0.0, "mean_absolute_error": 0.0046200063808421272, "mean_rain_24h_mm": 10.506666666666668, "max_rain_24h_mm": 44.9, "mean_gpm_precipitation_sum": 0.0, "mean_built_surface_mean": 0.0, "mean_population_sum": 0.0, "dominant_risk_class": "low" }, "geometry": { "type": "Polygon", "coordinates": [ [ [ 31.371663393467767, 29.994399015025984 ], [ 31.371663393467767, 29.990845061595774 ], [ 31.3701475, 29.9913791 ], [ 31.3690002, 29.9932904 ], [ 31.369030453580805, 29.994399015025984 ], [ 31.371663393467767, 29.994399015025984 ] ] ] } },
{ "type": "Feature", "properties": { "zone_code": "NSR-GRID-416", "event_count": 30, "mean_predicted_score": 0.14082266203731861, "max_predicted_score": 0.48359595226166768, "min_predicted_score": 0.020370358563883299, "high_risk_event_count": 0, "medium_risk_event_count": 5, "low_risk_event_count": 25, "high_risk_event_ratio": 0.0, "mean_absolute_error": 0.0044333101583620598, "mean_rain_24h_mm": 10.506666666666668, "max_rain_24h_mm": 44.9, "mean_gpm_precipitation_sum": 0.0, "mean_built_surface_mean": 2.4789076376554195, "mean_population_sum": 0.0, "dominant_risk_class": "low" }, "geometry": { "type": "Polygon", "coordinates": [ [ [ 31.371663393467767, 29.994399015025984 ], [ 31.376154969888365, 29.994399015025984 ], [ 31.376154969888365, 29.991026025874007 ], [ 31.3726176, 29.9905089 ], [ 31.371663393467767, 29.990845061595774 ], [ 31.371663393467767, 29.994399015025984 ] ] ] } }
]
}
