zone_code,scene_id,date,observed_heat_anomaly_c,predicted_heat_anomaly_c,observed_lst_c,predicted_heat_risk_score,predicted_heat_risk_class,prediction_error,source_mode,is_landsat_observed
NSR-GRID-001,LC08_L2SP_176039_20251023_20251121_02_T1,2025-10-23,-3.264774988000795,-3.2000055572493897,33.1338291590154,0.3683009696120251,medium,-0.06476943075140529,landsat_gee,True
NSR-GRID-002,LC08_L2SP_176039_20251023_20251121_02_T1,2025-10-23,-3.4181289875786405,-3.180001256736308,32.98047515943755,0.355377992449082,medium,-0.2381277308423324,landsat_gee,True
NSR-GRID-003,LC08_L2SP_176039_20251023_20251121_02_T1,2025-10-23,-3.3463697394683862,-3.280964101074748,33.05223440754781,0.30474080044952456,low,-0.06540563839363811,landsat_gee,True
NSR-GRID-004,LC08_L2SP_176039_20251023_20251121_02_T1,2025-10-23,-2.415272813906732,-1.9623759613745608,33.98333133310946,0.30446850198978054,low,-0.45289685253217127,landsat_gee,True
NSR-GRID-006,LC08_L2SP_176039_20251023_20251121_02_T1,2025-10-23,-2.2548067938220413,-2.496605862902739,34.14379735319415,0.4085036616775148,medium,0.24179906908069748,landsat_gee,True
NSR-GRID-007,LC08_L2SP_176039_20251023_20251121_02_T1,2025-10-23,-2.584257397943503,-2.513771719985594,33.81434674907269,0.3659073248514054,medium,-0.07048567795790905,landsat_gee,True
NSR-GRID-008,LC08_L2SP_176039_20251023_20251121_02_T1,2025-10-23,-3.1459360695156846,-3.262759462925516,33.25266807750051,0.3671624966665808,medium,0.1168233934098315,landsat_gee,True
NSR-GRID-009,LC08_L2SP_176039_20251023_20251121_02_T1,2025-10-23,-3.346876734432876,-3.3317735505516803,33.05172741258332,0.3805716767733167,medium,-0.01510318388119547,landsat_gee,True
NSR-GRID-010,LC08_L2SP_176039_20251023_20251121_02_T1,2025-10-23,-0.2382789581359787,-0.44579584108390163,36.160325188880215,0.3501780065519509,medium,0.20751688294792292,landsat_gee,True
NSR-GRID-011,LC08_L2SP_176039_20251023_20251121_02_T1,2025-10-23,-3.188069850999341,-2.926580521080854,33.21053429601685,0.3530758302121473,medium,-0.26148932991848683,landsat_gee,True
NSR-GRID-012,LC08_L2SP_176039_20251023_20251121_02_T1,2025-10-23,-0.9578759613140306,-0.7972741435760494,35.44072818570216,0.3427272763486801,low,-0.1606018177379812,landsat_gee,True
NSR-GRID-013,LC08_L2SP_176039_20251023_20251121_02_T1,2025-10-23,-0.4051718295146855,-0.38140242265280316,35.99343231750151,0.34139793400027957,low,-0.023769406861882336,landsat_gee,True
NSR-GRID-014,LC08_L2SP_176039_20251023_20251121_02_T1,2025-10-23,2.4190508164224056,2.6746321326154883,38.8176549634386,0.35050325490300094,medium,-0.25558131619308266,landsat_gee,True
NSR-GRID-015,LC08_L2SP_176039_20251023_20251121_02_T1,2025-10-23,1.1862297712149823,1.312506604801268,37.584833918231176,0.27389126655498425,low,-0.1262768335862856,landsat_gee,True
NSR-GRID-016,LC08_L2SP_176039_20251023_20251121_02_T1,2025-10-23,-1.013544346849777,-0.6618190114946866,35.38505980016642,0.2590474793700128,low,-0.3517253353550903,landsat_gee,True
NSR-GRID-017,LC08_L2SP_176039_20251023_20251121_02_T1,2025-10-23,-0.6286359279604383,-0.5940661537552752,35.769968219055755,0.28374481484281167,low,-0.03456977420516316,landsat_gee,True
NSR-GRID-018,LC08_L2SP_176039_20251023_20251121_02_T1,2025-10-23,1.9692006962751731,2.0465784948622696,38.36780484329137,0.31742334168674885,low,-0.07737779858709648,landsat_gee,True
NSR-GRID-019,LC08_L2SP_176039_20251023_20251121_02_T1,2025-10-23,-0.593642388345188,-0.46675854470839095,35.804961758671006,0.33237425097162543,low,-0.12688384363679706,landsat_gee,True
NSR-GRID-020,LC08_L2SP_176039_20251023_20251121_02_T1,2025-10-23,1.579474319050803,2.008130279552406,37.978078466067,0.2576603527925212,low,-0.42865596050160315,landsat_gee,True
NSR-GRID-021,LC08_L2SP_176039_20251023_20251121_02_T1,2025-10-23,0.1241409671733464,0.2375489769678771,36.52274511418954,0.27322094536119196,low,-0.11340800979453071,landsat_gee,True
NSR-GRID-022,LC08_L2SP_176039_20251023_20251121_02_T1,2025-10-23,0.3266322448238199,0.47881178904619653,36.72523639184001,0.27951759649951363,low,-0.15217954422237662,landsat_gee,True
NSR-GRID-024,LC08_L2SP_176039_20251023_20251121_02_T1,2025-10-23,-1.1922497635244724,-1.1503050949912643,35.20635438349172,0.3704022492139038,medium,-0.04194466853320811,landsat_gee,True
NSR-GRID-025,LC08_L2SP_176039_20251023_20251121_02_T1,2025-10-23,-0.7917262821672537,-0.6915381359832569,35.60687786484894,0.36395568378301696,medium,-0.10018814618399685,landsat_gee,True
NSR-GRID-026,LC08_L2SP_176039_20251023_20251121_02_T1,2025-10-23,-1.6317424200620536,-1.597131390348485,34.76686172695414,0.3015390331391463,low,-0.034611029713568664,landsat_gee,True
NSR-GRID-027,LC08_L2SP_176039_20251023_20251121_02_T1,2025-10-23,-2.053375802379996,-1.8557026031674035,34.3452283446362,0.35660180539464076,medium,-0.19767319921259263,landsat_gee,True
NSR-GRID-028,LC08_L2SP_176039_20251023_20251121_02_T1,2025-10-23,-2.594965829709963,-2.5899599780344587,33.80363831730623,0.37361461349192066,medium,-0.005005851675504491,landsat_gee,True
NSR-GRID-029,LC08_L2SP_176039_20251023_20251121_02_T1,2025-10-23,-1.7005082046395683,-1.5927364588274442,34.698095942376625,0.3677042386847716,medium,-0.10777174581212412,landsat_gee,True
NSR-GRID-030,LC08_L2SP_176039_20251023_20251121_02_T1,2025-10-23,-1.4853689813017326,-1.2346086898126067,34.91323516571446,0.34694017784121434,low,-0.2507602914891258,landsat_gee,True
NSR-GRID-031,LC08_L2SP_176039_20251023_20251121_02_T1,2025-10-23,0.3874067993094883,0.3318919602491123,36.78601094632568,0.3266622875594505,low,0.055514839060375964,landsat_gee,True
NSR-GRID-032,LC08_L2SP_176039_20251023_20251121_02_T1,2025-10-23,0.5122856855502391,0.6734471138475953,36.91088983256643,0.3728886521835173,medium,-0.16116142829735614,landsat_gee,True
NSR-GRID-033,LC08_L2SP_176039_20251023_20251121_02_T1,2025-10-23,2.627381914657448,3.0848229879761355,39.02598606167364,0.3255328131515791,low,-0.45744107331868733,landsat_gee,True
NSR-GRID-034,LC08_L2SP_176039_20251023_20251121_02_T1,2025-10-23,1.324904746559696,1.7704083079689812,37.72350889357589,0.3192423234126548,low,-0.44550356140928526,landsat_gee,True
NSR-GRID-035,LC08_L2SP_176039_20251023_20251121_02_T1,2025-10-23,1.5886595650894575,2.2528448870136257,37.98726371210565,0.3074343598691959,low,-0.6641853219241682,landsat_gee,True
NSR-GRID-036,LC08_L2SP_176039_20251023_20251121_02_T1,2025-10-23,2.115539986757007,2.458134166301842,38.5141441337732,0.3106764565536788,low,-0.34259417954483506,landsat_gee,True
NSR-GRID-037,LC08_L2SP_176039_20251023_20251121_02_T1,2025-10-23,1.3397895399194653,1.8032511274595808,37.73839368693566,0.3319655238810805,low,-0.46346158754011557,landsat_gee,True
NSR-GRID-038,LC08_L2SP_176039_20251023_20251121_02_T1,2025-10-23,2.106688189526963,2.3886013387213847,38.50529233654316,0.3601760681240117,medium,-0.28191314919442156,landsat_gee,True
NSR-GRID-039,LC08_L2SP_176039_20251023_20251121_02_T1,2025-10-23,1.0896437843634246,1.4314094175242762,37.48824793137962,0.3802753784135688,medium,-0.3417656331608516,landsat_gee,True
NSR-GRID-040,LC08_L2SP_176039_20251023_20251121_02_T1,2025-10-23,1.0157387506504847,1.1948247976985684,37.41434289766668,0.3871102828721648,medium,-0.17908604704808373,landsat_gee,True
NSR-GRID-041,LC08_L2SP_176039_20251023_20251121_02_T1,2025-10-23,-1.8309025253658504,-1.616171936629479,34.56770162165034,0.36068714321571715,medium,-0.21473058873637152,landsat_gee,True
NSR-GRID-042,LC08_L2SP_176039_20251023_20251121_02_T1,2025-10-23,1.3326573186360378,1.695390089834562,37.73126146565223,0.3200464465868565,low,-0.3627327711985242,landsat_gee,True
NSR-GRID-043,LC08_L2SP_176039_20251023_20251121_02_T1,2025-10-23,1.061420579776673,1.577287639147433,37.46002472679287,0.348570580781536,low,-0.5158670593707602,landsat_gee,True
NSR-GRID-044,LC08_L2SP_176039_20251023_20251121_02_T1,2025-10-23,-1.3992852292676403,-1.1160799628624074,34.99931891774855,0.48705957397145827,medium,-0.2832052664052329,landsat_gee,True
NSR-GRID-045,LC08_L2SP_176039_20251023_20251121_02_T1,2025-10-23,0.834897384488059,1.3662924692478997,37.23350153150425,0.26461921976264535,low,-0.5313950847598408,landsat_gee,True
NSR-GRID-046,LC08_L2SP_176039_20251023_20251121_02_T1,2025-10-23,1.028995164107684,1.4456590840895598,37.42759931112388,0.35198477107804416,medium,-0.4166639199818758,landsat_gee,True
NSR-GRID-047,LC08_L2SP_176039_20251023_20251121_02_T1,2025-10-23,1.3474439561483391,1.4795596975830752,37.74604810316453,0.24038215612429292,low,-0.13211574143473603,landsat_gee,True
NSR-GRID-048,LC08_L2SP_176039_20251023_20251121_02_T1,2025-10-23,1.3280565102503772,1.7371790277769996,37.72666065726657,0.3968187164917127,medium,-0.40912251752662243,landsat_gee,True
NSR-GRID-049,LC08_L2SP_176039_20251023_20251121_02_T1,2025-10-23,0.8764601245783368,1.2681402702871614,37.27506427159453,0.2419131838893555,low,-0.3916801457088246,landsat_gee,True
NSR-GRID-050,LC08_L2SP_176039_20251023_20251121_02_T1,2025-10-23,1.165873487251858,1.564067689259705,37.56447763426805,0.36800688347886046,medium,-0.39819420200784705,landsat_gee,True
NSR-GRID-051,LC08_L2SP_176039_20251023_20251121_02_T1,2025-10-23,-0.0473542485940328,0.39660407578225454,36.35124989842216,0.20171915692995493,low,-0.44395832437628735,landsat_gee,True
NSR-GRID-052,LC08_L2SP_176039_20251023_20251121_02_T1,2025-10-23,-2.2347550222850714,-2.589051861559182,34.16384912473112,0.33823281329928945,low,0.3542968392741108,landsat_gee,True
NSR-GRID-053,LC08_L2SP_176039_20251023_20251121_02_T1,2025-10-23,-0.0290132358242232,0.6088558635861353,36.36959091119197,0.21841365643024074,low,-0.6378690994103585,landsat_gee,True
NSR-GRID-054,LC08_L2SP_176039_20251023_20251121_02_T1,2025-10-23,-2.7456460553214725,-2.7176510035861723,33.65295809169472,0.35839538768134493,medium,-0.027995051735300258,landsat_gee,True
NSR-GRID-055,LC08_L2SP_176039_20251023_20251121_02_T1,2025-10-23,-0.929364234276953,-0.8805522653881979,35.46923991273924,0.33221276759676055,low,-0.048811968888755164,landsat_gee,True
NSR-GRID-056,LC08_L2SP_176039_20251023_20251121_02_T1,2025-10-23,0.2655009227709044,-0.053578241790574986,36.6641050697871,0.3498386230511983,low,0.3190791645614794,landsat_gee,True
NSR-GRID-057,LC08_L2SP_176039_20251023_20251121_02_T1,2025-10-23,-0.972360901381066,-0.9180807666727987,35.42624324563513,0.3493037511525409,low,-0.054280134708267314,landsat_gee,True
NSR-GRID-058,LC08_L2SP_176039_20251023_20251121_02_T1,2025-10-23,-2.2907156271447846,-2.01614694766601,34.10788851987141,0.3359819285827094,low,-0.2745686794787745,landsat_gee,True
NSR-GRID-059,LC08_L2SP_176039_20251023_20251121_02_T1,2025-10-23,-1.5616614620656435,-1.45360125000788,34.83694268495055,0.3460344186244659,low,-0.1080602120577634,landsat_gee,True
NSR-GRID-060,LC08_L2SP_176039_20251023_20251121_02_T1,2025-10-23,-1.4855620256477593,-1.1725851660082125,34.913042121368434,0.36240621951961016,medium,-0.3129768596395468,landsat_gee,True
NSR-GRID-061,LC08_L2SP_176039_20251023_20251121_02_T1,2025-10-23,0.8176871115431368,1.360734301077728,37.21629125855933,0.29309757775182377,low,-0.5430471895345912,landsat_gee,True
NSR-GRID-062,LC08_L2SP_176039_20251023_20251121_02_T1,2025-10-23,0.7755744765116148,1.175188834486485,37.17417862352781,0.323301518697473,low,-0.3996143579748701,landsat_gee,True
NSR-GRID-063,LC08_L2SP_176039_20251023_20251121_02_T1,2025-10-23,1.9187793087742264,2.216545164169691,38.31738345579042,0.35641274282670643,medium,-0.29776585539546474,landsat_gee,True
NSR-GRID-064,LC08_L2SP_176039_20251023_20251121_02_T1,2025-10-23,0.8711879446962669,1.2933246502641005,37.26979209171246,0.34237430796916457,low,-0.42213670556783356,landsat_gee,True
NSR-GRID-065,LC08_L2SP_176039_20251023_20251121_02_T1,2025-10-23,-1.3605191426720111,-1.184609418668629,35.03808500434418,0.4023241305352948,medium,-0.17590972400338223,landsat_gee,True
NSR-GRID-066,LC08_L2SP_176039_20251023_20251121_02_T1,2025-10-23,2.2127086743206164,2.519745160511477,38.61131282133681,0.3123283002223558,low,-0.30703648619086055,landsat_gee,True
NSR-GRID-067,LC08_L2SP_176039_20251023_20251121_02_T1,2025-10-23,1.922585705938609,2.1155144173016844,38.3211898529548,0.3246976646693843,low,-0.19292871136307554,landsat_gee,True
NSR-GRID-068,LC08_L2SP_176039_20251023_20251121_02_T1,2025-10-23,-0.9191311693087414,-1.046171496723243,35.47947297770745,0.48840413255638876,medium,0.12704032741450155,landsat_gee,True
NSR-GRID-069,LC08_L2SP_176039_20251023_20251121_02_T1,2025-10-23,-0.6553535351179107,-0.41466099866365236,35.74325061189828,0.3849410708727566,medium,-0.24069253645425837,landsat_gee,True
NSR-GRID-070,LC08_L2SP_176039_20251023_20251121_02_T1,2025-10-23,0.7708975463496657,1.4092327089641004,37.16950169336586,0.333134472960842,low,-0.6383351626144347,landsat_gee,True
NSR-GRID-071,LC08_L2SP_176039_20251023_20251121_02_T1,2025-10-23,0.7723590962079925,1.625538709418079,37.170963243224186,0.3268235605654287,low,-0.8531796132100866,landsat_gee,True
NSR-GRID-072,LC08_L2SP_176039_20251023_20251121_02_T1,2025-10-23,0.8216982109309328,1.2377126903573206,37.220302357947126,0.2427601298730851,low,-0.4160144794263878,landsat_gee,True
NSR-GRID-073,LC08_L2SP_176039_20251023_20251121_02_T1,2025-10-23,0.6193843594484889,1.0198260191508814,37.01798850646468,0.25479735471277487,low,-0.40044165970239254,landsat_gee,True
NSR-GRID-074,LC08_L2SP_176039_20251023_20251121_02_T1,2025-10-23,0.3568734652475029,0.8720981353089516,36.7554776122637,0.2278076621365845,low,-0.5152246700614487,landsat_gee,True
NSR-GRID-075,LC08_L2SP_176039_20251023_20251121_02_T1,2025-10-23,0.5214621062559672,0.9047622201279165,36.92006625327216,0.25185970160831733,low,-0.3833001138719493,landsat_gee,True
NSR-GRID-076,LC08_L2SP_176039_20251023_20251121_02_T1,2025-10-23,0.6797808806593935,0.8619653885537539,37.07838502767559,0.24748400243024968,low,-0.18218450789436047,landsat_gee,True
NSR-GRID-077,LC08_L2SP_176039_20251023_20251121_02_T1,2025-10-23,-0.565170667958391,-0.686748420724527,35.8334334790578,0.17554385510913642,low,0.12157775276613603,landsat_gee,True
NSR-GRID-079,LC08_L2SP_176039_20251023_20251121_02_T1,2025-10-23,0.4090958809806437,0.4480191854817389,36.80770002799684,0.2335973573431918,low,-0.03892330450109521,landsat_gee,True
NSR-GRID-080,LC08_L2SP_176039_20251023_20251121_02_T1,2025-10-23,-2.315271216435761,-2.635996905581338,34.08333293058043,0.3240600421992536,low,0.320725689145577,landsat_gee,True
NSR-GRID-081,LC08_L2SP_176039_20251023_20251121_02_T1,2025-10-23,0.3341467124948352,0.40430005380306594,36.73275085951103,0.24031479574890457,low,-0.07015334130823075,landsat_gee,True
NSR-GRID-082,LC08_L2SP_176039_20251023_20251121_02_T1,2025-10-23,-0.7041584807396433,-0.741542834034161,35.69444566627655,0.3797559596584106,medium,0.037384353294517725,landsat_gee,True
NSR-GRID-083,LC08_L2SP_176039_20251023_20251121_02_T1,2025-10-23,-0.1373273077894552,-0.2682806614653126,36.26127683922674,0.365712607171438,medium,0.1309533536758574,landsat_gee,True
NSR-GRID-084,LC08_L2SP_176039_20251023_20251121_02_T1,2025-10-23,0.4134773357940986,0.5672231317942305,36.81208148281029,0.38111843069234463,medium,-0.15374579600013183,landsat_gee,True
NSR-GRID-085,LC08_L2SP_176039_20251023_20251121_02_T1,2025-10-23,-1.6353250042212435,-1.3056567325918282,34.76327914279495,0.3835905853758576,medium,-0.32966827162941525,landsat_gee,True
NSR-GRID-086,LC08_L2SP_176039_20251023_20251121_02_T1,2025-10-23,-1.5473179932710297,-1.4735016753741108,34.851286153745164,0.3621198941697009,medium,-0.07381631789691889,landsat_gee,True
NSR-GRID-087,LC08_L2SP_176039_20251023_20251121_02_T1,2025-10-23,-2.170016986050939,-1.9278762386690256,34.228587160965255,0.356676567498215,medium,-0.2421407473819135,landsat_gee,True
NSR-GRID-088,LC08_L2SP_176039_20251023_20251121_02_T1,2025-10-23,-1.0498288492798338,-0.7539797694251295,35.34877529773636,0.36835739275057716,medium,-0.2958490798547043,landsat_gee,True
NSR-GRID-089,LC08_L2SP_176039_20251023_20251121_02_T1,2025-10-23,-1.364364499632245,-1.220952284134696,35.03423964738395,0.32072502286923826,low,-0.143412215497549,landsat_gee,True
NSR-GRID-090,LC08_L2SP_176039_20251023_20251121_02_T1,2025-10-23,0.3920854262356386,0.6632906809249172,36.79068957325183,0.3242426710478882,low,-0.2712052546892786,landsat_gee,True
NSR-GRID-091,LC08_L2SP_176039_20251023_20251121_02_T1,2025-10-23,1.2386718137676738,1.2148641757772383,37.63727596078387,0.34451151422294773,low,0.023807637990435504,landsat_gee,True
NSR-GRID-092,LC08_L2SP_176039_20251023_20251121_02_T1,2025-10-23,-1.2704812396907386,-1.5030806346553571,35.128122907325455,0.42510057833683584,medium,0.23259939496461857,landsat_gee,True
NSR-GRID-093,LC08_L2SP_176039_20251023_20251121_02_T1,2025-10-23,-0.613456396745903,-0.40489081795999304,35.78514775027029,0.3890356274277099,medium,-0.20856557878590998,landsat_gee,True
NSR-GRID-094,LC08_L2SP_176039_20251023_20251121_02_T1,2025-10-23,-1.743906081864708,-1.5280401125841891,34.654698065151486,0.39613194051707995,medium,-0.21586596928051893,landsat_gee,True
NSR-GRID-095,LC08_L2SP_176039_20251023_20251121_02_T1,2025-10-23,-0.4814036432516673,-0.22894648381806387,35.917200503764526,0.3826233684993715,medium,-0.2524571594336034,landsat_gee,True
NSR-GRID-096,LC08_L2SP_176039_20251023_20251121_02_T1,2025-10-23,-0.9958226484383914,-0.9008651434751124,35.4027814985778,0.4357483627147972,medium,-0.09495750496327904,landsat_gee,True
NSR-GRID-097,LC08_L2SP_176039_20251023_20251121_02_T1,2025-10-23,-0.7640486459159419,-0.34464726484377173,35.63455550110025,0.3126295582840215,low,-0.4194013810721702,landsat_gee,True
NSR-GRID-098,LC08_L2SP_176039_20251023_20251121_02_T1,2025-10-23,-0.8946036796466785,-0.7485646044106048,35.504000467369515,0.31847082806149185,low,-0.14603907523607373,landsat_gee,True
NSR-GRID-099,LC08_L2SP_176039_20251023_20251121_02_T1,2025-10-23,-0.99197904299929,-0.9944208310688115,35.4066251040169,0.28759918047352506,low,0.0024417880695215555,landsat_gee,True
NSR-GRID-100,LC08_L2SP_176039_20251023_20251121_02_T1,2025-10-23,-1.0817409217856309,-1.4089740487519367,35.31686322523056,0.20464542356345014,low,0.3272331269663058,landsat_gee,True
NSR-GRID-101,LC08_L2SP_176039_20251023_20251121_02_T1,2025-10-23,-1.0700290243622348,-1.3562758888995528,35.32857512265396,0.16192223645794473,low,0.28624686453731796,landsat_gee,True
NSR-GRID-102,LC08_L2SP_176039_20251023_20251121_02_T1,2025-10-23,0.2441378135366037,0.5753737077709311,36.6427419605528,0.19923445730465097,low,-0.3312358942343274,landsat_gee,True
NSR-GRID-103,LC08_L2SP_176039_20251023_20251121_02_T1,2025-10-23,0.4417427974698213,0.3729715983726176,36.840346944486015,0.23156023622046396,low,0.0687711990972037,landsat_gee,True
NSR-GRID-104,LC08_L2SP_176039_20251023_20251121_02_T1,2025-10-23,1.5363924457630276,1.5013037672169323,37.93499659277922,0.24373341679961735,low,0.03508867854609532,landsat_gee,True
NSR-GRID-105,LC08_L2SP_176039_20251023_20251121_02_T1,2025-10-23,-2.1723932014598617,-2.3811321515764265,34.22621094555633,0.3184446172352976,low,0.20873895011656485,landsat_gee,True
NSR-GRID-106,LC08_L2SP_176039_20251023_20251121_02_T1,2025-10-23,0.2561531688139951,0.22515302837662127,36.65475731583019,0.21916019490345565,low,0.031000140437373813,landsat_gee,True
NSR-GRID-107,LC08_L2SP_176039_20251023_20251121_02_T1,2025-10-23,-1.6963918152398278,-2.0444112392119846,34.702212331776366,0.38532669025899857,medium,0.3480194239721568,landsat_gee,True
NSR-GRID-108,LC08_L2SP_176039_20251023_20251121_02_T1,2025-10-23,-2.3259200539150413,-2.4584729404163217,34.07268409310115,0.3559583721724307,medium,0.1325528865012804,landsat_gee,True
NSR-GRID-109,LC08_L2SP_176039_20251023_20251121_02_T1,2025-10-23,-2.997876988461279,-3.2152170767229893,33.400727158554915,0.36719550388510536,medium,0.21734008826171047,landsat_gee,True
NSR-GRID-110,LC08_L2SP_176039_20251023_20251121_02_T1,2025-10-23,-3.086367329225311,-3.05548414541105,33.31223681779088,0.36031087776969795,medium,-0.030883183814260917,landsat_gee,True
NSR-GRID-111,LC08_L2SP_176039_20251023_20251121_02_T1,2025-10-23,-2.81908202318936,-2.934014806422684,33.579522123826834,0.3632384196863108,medium,0.11493278323332401,landsat_gee,True
NSR-GRID-112,LC08_L2SP_176039_20251023_20251121_02_T1,2025-10-23,-2.085206616411689,-2.0732979910812137,34.313397530604504,0.42030708013622065,medium,-0.01190862533047543,landsat_gee,True
NSR-GRID-113,LC08_L2SP_176039_20251023_20251121_02_T1,2025-10-23,-3.433547120089472,-3.605481172935217,32.96505702692672,0.344740625708759,low,0.17193405284574492,landsat_gee,True
NSR-GRID-114,LC08_L2SP_176039_20251023_20251121_02_T1,2025-10-23,-3.3574725409114663,-3.5749471602096916,33.04113160610473,0.35502483530090956,medium,0.2174746192982253,landsat_gee,True
NSR-GRID-115,LC08_L2SP_176039_20251023_20251121_02_T1,2025-10-23,-1.699279055861581,-1.8718980306485686,34.69932509115461,0.3685789298560171,medium,0.17261897478698773,landsat_gee,True
NSR-GRID-116,LC08_L2SP_176039_20251023_20251121_02_T1,2025-10-23,0.6796516325608195,0.6692463538964154,37.07825577957701,0.3734221377743195,medium,0.010405278664404105,landsat_gee,True
NSR-GRID-117,LC08_L2SP_176039_20251023_20251121_02_T1,2025-10-23,1.2151003037673576,1.1393551288896104,37.61370445078355,0.30164223282730546,low,0.07574517487774712,landsat_gee,True
NSR-GRID-118,LC08_L2SP_176039_20251023_20251121_02_T1,2025-10-23,0.7960484864054109,0.3564807991505381,37.194652633421605,0.32302973092163845,low,0.43956768725487283,landsat_gee,True
NSR-GRID-119,LC08_L2SP_176039_20251023_20251121_02_T1,2025-10-23,-3.209314619395691,-3.5482305837956956,33.1892895276205,0.47802878088417466,medium,0.3389159644000044,landsat_gee,True
NSR-GRID-120,LC08_L2SP_176039_20251023_20251121_02_T1,2025-10-23,-3.455110551206268,-3.3713129666376163,32.943493595809926,0.5028073363059349,medium,-0.08379758456865183,landsat_gee,True
NSR-GRID-121,LC08_L2SP_176039_20251023_20251121_02_T1,2025-10-23,-1.475488220246589,-1.2870672487944466,34.923115926769604,0.4476984565544163,medium,-0.18842097145214254,landsat_gee,True
NSR-GRID-122,LC08_L2SP_176039_20251023_20251121_02_T1,2025-10-23,-0.9733668295093664,-0.9174160971901609,35.42523731750683,0.3431030022022413,low,-0.05595073231920544,landsat_gee,True
NSR-GRID-123,LC08_L2SP_176039_20251023_20251121_02_T1,2025-10-23,-1.178473697434228,-1.0289502007331988,35.220130449581966,0.3493115064258308,low,-0.14952349670102927,landsat_gee,True
NSR-GRID-124,LC08_L2SP_176039_20251023_20251121_02_T1,2025-10-23,-0.3849342113832676,-0.9211161719041558,36.013669935632926,0.3302471667340194,low,0.5361819605208882,landsat_gee,True
NSR-GRID-125,LC08_L2SP_176039_20251023_20251121_02_T1,2025-10-23,-1.40914816909077,-1.6661788116795975,34.989455977925424,0.1941431004782364,low,0.2570306425888276,landsat_gee,True
NSR-GRID-126,LC08_L2SP_176039_20251023_20251121_02_T1,2025-10-23,0.5400074358983034,0.6446508887941037,36.9386115829145,0.2221754031621244,low,-0.10464345289580035,landsat_gee,True
NSR-GRID-127,LC08_L2SP_176039_20251023_20251121_02_T1,2025-10-23,1.571989671316075,1.2338159306225047,37.97059381833227,0.2279855340977327,low,0.3381737406935703,landsat_gee,True
NSR-GRID-128,LC08_L2SP_176039_20251023_20251121_02_T1,2025-10-23,-1.8063848568120944,-2.3092961235241876,34.5922192902041,0.23047583798119062,low,0.5029112667120932,landsat_gee,True
NSR-GRID-129,LC08_L2SP_176039_20251023_20251121_02_T1,2025-10-23,0.0,-0.09331693248000829,36.398604147016194,0.22939712492838352,low,0.09331693248000829,landsat_gee,True
NSR-GRID-130,LC08_L2SP_176039_20251023_20251121_02_T1,2025-10-23,-1.8183973423547288,-1.979061765636176,34.580206804661465,0.37451538054732847,medium,0.16066442328144714,landsat_gee,True
NSR-GRID-131,LC08_L2SP_176039_20251023_20251121_02_T1,2025-10-23,-1.064387611605973,-1.0494546969948708,35.33421653541022,0.19516363214883628,low,-0.014932914611102133,landsat_gee,True
NSR-GRID-132,LC08_L2SP_176039_20251023_20251121_02_T1,2025-10-23,-3.1832805322351163,-3.201551689911168,33.21532361478108,0.36136648083767536,medium,0.018271157676051697,landsat_gee,True
NSR-GRID-133,LC08_L2SP_176039_20251023_20251121_02_T1,2025-10-23,-3.049086167452643,-3.23521989822483,33.34951797956355,0.3702158956807309,medium,0.1861337307721871,landsat_gee,True
NSR-GRID-134,LC08_L2SP_176039_20251023_20251121_02_T1,2025-10-23,-2.993682154814344,-3.0353560829467745,33.40492199220185,0.3573389535621011,medium,0.041673928132430316,landsat_gee,True
NSR-GRID-135,LC08_L2SP_176039_20251023_20251121_02_T1,2025-10-23,-3.1634659210768703,-3.1114770074071667,33.23513822593932,0.3444623897604997,low,-0.051988913669703596,landsat_gee,True
NSR-GRID-136,LC08_L2SP_176039_20251023_20251121_02_T1,2025-10-23,-2.5588125323438504,-2.764221992801926,33.83979161467234,0.25039300354758803,low,0.20540946045807562,landsat_gee,True
NSR-GRID-137,LC08_L2SP_176039_20251023_20251121_02_T1,2025-10-23,-3.3063099835668623,-3.385677172278439,33.09229416344933,0.3469193633270324,low,0.07936718871157655,landsat_gee,True
NSR-GRID-138,LC08_L2SP_176039_20251023_20251121_02_T1,2025-10-23,-3.661228147852917,-3.6944142303514016,32.73737599916328,0.3392186924792004,low,0.03318608249848465,landsat_gee,True
NSR-GRID-139,LC08_L2SP_176039_20251023_20251121_02_T1,2025-10-23,-2.038749802929587,-1.953925680007793,34.35985434408661,0.38700058443005414,medium,-0.08482412292179387,landsat_gee,True
NSR-GRID-140,LC08_L2SP_176039_20251023_20251121_02_T1,2025-10-23,1.892496212387094,2.093528734154037,38.29110035940329,0.2739759146249255,low,-0.20103252176694308,landsat_gee,True
NSR-GRID-141,LC08_L2SP_176039_20251023_20251121_02_T1,2025-10-23,2.3338195720062203,2.40403233565949,38.732423719022414,0.2540011732939412,low,-0.07021276365326967,landsat_gee,True
NSR-GRID-142,LC08_L2SP_176039_20251023_20251121_02_T1,2025-10-23,-0.4930596962485438,-0.34340109053261203,35.90554445076765,0.3131891548618543,low,-0.14965860571593176,landsat_gee,True
NSR-GRID-143,LC08_L2SP_176039_20251023_20251121_02_T1,2025-10-23,-1.9967106026186272,-2.162112431342701,34.401893544397566,0.42793927654187636,medium,0.16540182872407394,landsat_gee,True
NSR-GRID-144,LC08_L2SP_176039_20251023_20251121_02_T1,2025-10-23,-3.1492219433852924,-3.4731508140821385,33.2493822036309,0.47686069105909096,medium,0.32392887069684617,landsat_gee,True
NSR-GRID-145,LC08_L2SP_176039_20251023_20251121_02_T1,2025-10-23,-1.681989294022877,-1.6591271361268665,34.71661485299332,0.43100462897148206,medium,-0.022862157896010427,landsat_gee,True
NSR-GRID-146,LC08_L2SP_176039_20251023_20251121_02_T1,2025-10-23,-1.1936116688677956,-1.0032256147292602,35.2049924781484,0.3250013970110416,low,-0.19038605413853538,landsat_gee,True
NSR-GRID-147,LC08_L2SP_176039_20251023_20251121_02_T1,2025-10-23,-0.8432269517827251,-0.870672653846111,35.55537719523347,0.33179433806375563,low,0.027445702063385924,landsat_gee,True
NSR-GRID-148,LC08_L2SP_176039_20251023_20251121_02_T1,2025-10-23,-0.6322676034761301,-0.759944887700749,35.76633654354006,0.2952413001294525,low,0.12767728422461888,landsat_gee,True
NSR-GRID-149,LC08_L2SP_176039_20251023_20251121_02_T1,2025-10-23,-1.9734701442632243,-2.059968072063649,34.42513400275297,0.3183130892506859,low,0.08649792780042453,landsat_gee,True
NSR-GRID-150,LC08_L2SP_176039_20251023_20251121_02_T1,2025-10-23,-2.354800785015726,-2.5003768307094734,34.04380336200047,0.24923623542342324,low,0.14557604569374716,landsat_gee,True
NSR-GRID-151,LC08_L2SP_176039_20251023_20251121_02_T1,2025-10-23,-0.6579185240443763,-0.8281737405073771,35.74068562297182,0.2056360175457626,low,0.1702552164630008,landsat_gee,True
NSR-GRID-152,LC08_L2SP_176039_20251023_20251121_02_T1,2025-10-23,-1.6245659324670498,-1.8241727994274781,34.774038214549144,0.35875086640071485,medium,0.1996068669604283,landsat_gee,True
NSR-GRID-153,LC08_L2SP_176039_20251023_20251121_02_T1,2025-10-23,-2.929388260711413,-2.946587297744262,33.46921588630478,0.37798148332015025,medium,0.017199037032849418,landsat_gee,True
NSR-GRID-154,LC08_L2SP_176039_20251023_20251121_02_T1,2025-10-23,-2.930550615837504,-3.040576841458501,33.46805353117869,0.36396776080838766,medium,0.11002622562099695,landsat_gee,True
NSR-GRID-155,LC08_L2SP_176039_20251023_20251121_02_T1,2025-10-23,-3.5045397823014,-3.7117413371666483,32.894064364714794,0.35794834447834206,medium,0.20720155486524838,landsat_gee,True
NSR-GRID-156,LC08_L2SP_176039_20251023_20251121_02_T1,2025-10-23,-3.554902064926885,-3.7412085328567675,32.84370208208931,0.34785404142345655,low,0.18630646792988248,landsat_gee,True
NSR-GRID-157,LC08_L2SP_176039_20251023_20251121_02_T1,2025-10-23,-3.305491274506096,-3.4509333299820777,33.0931128725101,0.3222161180714873,low,0.14544205547598166,landsat_gee,True
NSR-GRID-158,LC08_L2SP_176039_20251023_20251121_02_T1,2025-10-23,-3.722312649679445,-3.8208381756848406,32.67629149733675,0.35035768132496176,medium,0.09852552600539566,landsat_gee,True
NSR-GRID-159,LC08_L2SP_176039_20251023_20251121_02_T1,2025-10-23,-3.195514493364037,-3.510939715850401,33.20308965365216,0.3619459622224309,medium,0.3154252224863643,landsat_gee,True
NSR-GRID-160,LC08_L2SP_176039_20251023_20251121_02_T1,2025-10-23,-2.523481413763505,-2.5898803713469256,33.87512273325269,0.41213321616559506,medium,0.06639895758342051,landsat_gee,True
NSR-GRID-161,LC08_L2SP_176039_20251023_20251121_02_T1,2025-10-23,-1.4618862469461362,-1.2058400673490686,34.93671790007006,0.3751312537726438,medium,-0.25604617959706766,landsat_gee,True
NSR-GRID-162,LC08_L2SP_176039_20251023_20251121_02_T1,2025-10-23,-1.000823369836752,-0.4295940445668795,35.39778077717944,0.335950293313642,low,-0.5712293252698724,landsat_gee,True
NSR-GRID-163,LC08_L2SP_176039_20251023_20251121_02_T1,2025-10-23,-0.931259002206211,-1.0361791267765552,35.46734514480998,0.3829174869234942,medium,0.10492012457034416,landsat_gee,True
NSR-GRID-164,LC08_L2SP_176039_20251023_20251121_02_T1,2025-10-23,-1.7494457719490129,-1.7942890376308924,34.64915837506718,0.3791146318412679,medium,0.044843265681879574,landsat_gee,True
NSR-GRID-165,LC08_L2SP_176039_20251023_20251121_02_T1,2025-10-23,-2.8717194506787465,-3.271977396963121,33.52688469633745,0.4849280210315654,medium,0.4002579462843747,landsat_gee,True
NSR-GRID-166,LC08_L2SP_176039_20251023_20251121_02_T1,2025-10-23,-1.922164431327225,-1.6759090636286262,34.47643971568897,0.444606167167482,medium,-0.2462553676985988,landsat_gee,True
NSR-GRID-167,LC08_L2SP_176039_20251023_20251121_02_T1,2025-10-23,-1.1102346884308787,-1.013379590349541,35.288369458585315,0.3525801966784857,medium,-0.09685509808133763,landsat_gee,True
NSR-GRID-168,LC08_L2SP_176039_20251023_20251121_02_T1,2025-10-23,-1.2344522163671812,-0.9257173277602636,35.16415193064901,0.3436349256666127,low,-0.30873488860691756,landsat_gee,True
NSR-GRID-169,LC08_L2SP_176039_20251023_20251121_02_T1,2025-10-23,-1.1416260945760897,-1.1544223675375114,35.256978052440104,0.317851746876671,low,0.012796272961421717,landsat_gee,True
NSR-GRID-170,LC08_L2SP_176039_20251023_20251121_02_T1,2025-10-23,-0.6437983277053547,-0.8847620272626234,35.75480581931084,0.2808074148841082,low,0.2409636995572687,landsat_gee,True
NSR-GRID-171,LC08_L2SP_176039_20251023_20251121_02_T1,2025-10-23,-0.7498741518447503,-0.7730445700632774,35.64872999517144,0.20545942590665647,low,0.023170418218527167,landsat_gee,True
NSR-GRID-172,LC08_L2SP_176039_20251023_20251121_02_T1,2025-10-23,-0.3450409951388238,-0.41902770061492245,36.05356315187737,0.17063892046491716,low,0.07398670547609865,landsat_gee,True
NSR-GRID-173,LC08_L2SP_176039_20251023_20251121_02_T1,2025-10-23,0.8054292837250969,0.6983311321259231,37.20403343074129,0.2353642929023471,low,0.1070981515991738,landsat_gee,True
NSR-GRID-174,LC08_L2SP_176039_20251023_20251121_02_T1,2025-10-23,-0.8952079023855504,-1.0596343088816302,35.50339624463064,0.31646634397544104,low,0.16442640649607987,landsat_gee,True
NSR-GRID-175,LC08_L2SP_176039_20251023_20251121_02_T1,2025-10-23,-2.9664198169785223,-3.16378851576201,33.43218433003767,0.354536418621871,medium,0.1973686987834875,landsat_gee,True
NSR-GRID-176,LC08_L2SP_176039_20251023_20251121_02_T1,2025-10-23,-3.07566234443096,-3.1915452611898845,33.322941802585234,0.33584953755360003,low,0.11588291675892437,landsat_gee,True
NSR-GRID-177,LC08_L2SP_176039_20251023_20251121_02_T1,2025-10-23,-3.3157446453535115,-3.1796298253391018,33.08285950166268,0.34659376818214177,low,-0.13611482001440978,landsat_gee,True
NSR-GRID-178,LC08_L2SP_176039_20251023_20251121_02_T1,2025-10-23,-3.136557843862583,-3.2856949596504914,33.26204630315361,0.34757156479746065,low,0.14913711578790823,landsat_gee,True
NSR-GRID-179,LC08_L2SP_176039_20251023_20251121_02_T1,2025-10-23,-3.258713732176865,-3.5696416218743074,33.13989041483933,0.33607380526276254,low,0.31092788969744234,landsat_gee,True
NSR-GRID-180,LC08_L2SP_176039_20251023_20251121_02_T1,2025-10-23,-3.266936352352772,-3.5065252852347046,33.13166779466342,0.3355624427553925,low,0.2395889328819325,landsat_gee,True
NSR-GRID-181,LC08_L2SP_176039_20251023_20251121_02_T1,2025-10-23,-2.643317816329088,-2.929387583256732,33.755286330687106,0.35680921056034165,medium,0.28606976692764396,landsat_gee,True
NSR-GRID-182,LC08_L2SP_176039_20251023_20251121_02_T1,2025-10-23,-2.05998825380955,-2.398099295594356,34.338615893206644,0.3866471111838548,medium,0.3381110417848059,landsat_gee,True
NSR-GRID-183,LC08_L2SP_176039_20251023_20251121_02_T1,2025-10-23,-1.525774769520602,-1.6148495912881662,34.87282937749559,0.3860681501636033,medium,0.0890748217675641,landsat_gee,True
NSR-GRID-184,LC08_L2SP_176039_20251023_20251121_02_T1,2025-10-23,-1.7088168627296554,-1.487416872478736,34.68978728428654,0.38862521406100103,medium,-0.2213999902509194,landsat_gee,True
NSR-GRID-185,LC08_L2SP_176039_20251023_20251121_02_T1,2025-10-23,-1.2726329065228512,-1.0920740351986173,35.12597124049334,0.3445325287787612,low,-0.18055887132423387,landsat_gee,True
NSR-GRID-186,LC08_L2SP_176039_20251023_20251121_02_T1,2025-10-23,-1.676978703570704,-1.6633719721007048,34.72162544344549,0.4100747218560885,medium,-0.013606731469999245,landsat_gee,True
NSR-GRID-187,LC08_L2SP_176039_20251023_20251121_02_T1,2025-10-23,-1.897029904463281,-1.8788404114601684,34.50157424255291,0.4596030643637959,medium,-0.018189493003112567,landsat_gee,True
NSR-GRID-188,LC08_L2SP_176039_20251023_20251121_02_T1,2025-10-23,-2.065985890737202,-2.143676746704051,34.33261825627899,0.42625841199823966,medium,0.07769085596684899,landsat_gee,True
NSR-GRID-189,LC08_L2SP_176039_20251023_20251121_02_T1,2025-10-23,-2.615330205802813,-2.496529201199482,33.78327394121338,0.4406272839535308,medium,-0.11880100460333098,landsat_gee,True
NSR-GRID-190,LC08_L2SP_176039_20251023_20251121_02_T1,2025-10-23,-2.442591476732716,-2.432359961567375,33.95601267028348,0.3575827599955098,medium,-0.010231515165341154,landsat_gee,True
NSR-GRID-191,LC08_L2SP_176039_20251023_20251121_02_T1,2025-10-23,-1.4487181257923822,-1.4437386822568066,34.94988602122381,0.3161508824180752,low,-0.004979443535575667,landsat_gee,True
NSR-GRID-192,LC08_L2SP_176039_20251023_20251121_02_T1,2025-10-23,0.1948057060000891,0.18130122075281174,36.59340985301628,0.21690004486309253,low,0.013504485247277348,landsat_gee,True
NSR-GRID-193,LC08_L2SP_176039_20251023_20251121_02_T1,2025-10-23,-0.2531955448039866,-0.3683536878193816,36.14540860221221,0.3732542430161746,medium,0.11515814301539501,landsat_gee,True
NSR-GRID-194,LC08_L2SP_176039_20251023_20251121_02_T1,2025-10-23,0.4333278495305848,0.34859677616630635,36.83193199654678,0.2629430218281039,low,0.08473107336427843,landsat_gee,True
NSR-GRID-195,LC08_L2SP_176039_20251023_20251121_02_T1,2025-10-23,-2.446472610595329,-2.899546146951482,33.952131536420865,0.3550910190189781,medium,0.4530735363561531,landsat_gee,True
NSR-GRID-196,LC08_L2SP_176039_20251023_20251121_02_T1,2025-10-23,-0.735511043846266,-0.6492363441369469,35.66309310316993,0.2626953689158765,low,-0.08627469970931911,landsat_gee,True
NSR-GRID-197,LC08_L2SP_176039_20251023_20251121_02_T1,2025-10-23,-2.5689053425949737,-3.140192551427037,33.82969880442122,0.3126033757892303,low,0.5712872088320631,landsat_gee,True
NSR-GRID-198,LC08_L2SP_176039_20251023_20251121_02_T1,2025-10-23,-2.70843209458333,-3.1251705765294364,33.690172052432864,0.26183608684176696,low,0.41673848194610663,landsat_gee,True
NSR-GRID-199,LC08_L2SP_176039_20251023_20251121_02_T1,2025-10-23,-3.440939909049071,-3.644884641182111,32.95766423796712,0.36569335339460796,medium,0.20394473213304032,landsat_gee,True
NSR-GRID-200,LC08_L2SP_176039_20251023_20251121_02_T1,2025-10-23,-2.860331758821765,-3.400066039921598,33.53827238819443,0.353260021836698,medium,0.5397342810998329,landsat_gee,True
NSR-GRID-201,LC08_L2SP_176039_20251023_20251121_02_T1,2025-10-23,-2.9056704368396566,-3.0008796619031357,33.49293371017654,0.38998961091257456,medium,0.09520922506347906,landsat_gee,True
NSR-GRID-202,LC08_L2SP_176039_20251023_20251121_02_T1,2025-10-23,-2.093186522163577,-2.2604803819549866,34.305417624852616,0.3701837842042325,medium,0.16729385979140954,landsat_gee,True
NSR-GRID-203,LC08_L2SP_176039_20251023_20251121_02_T1,2025-10-23,0.3490708384189247,-0.024719537002243597,36.74767498543512,0.4155299615918519,medium,0.37379037542116833,landsat_gee,True
NSR-GRID-204,LC08_L2SP_176039_20251023_20251121_02_T1,2025-10-23,-1.9186555309968651,-2.1107458619095305,34.47994861601933,0.3730438687506191,medium,0.19209033091266536,landsat_gee,True
NSR-GRID-205,LC08_L2SP_176039_20251023_20251121_02_T1,2025-10-23,-1.7544028478254816,-1.7611568310560974,34.64420129919071,0.3858911635939791,medium,0.006753983230615823,landsat_gee,True
NSR-GRID-206,LC08_L2SP_176039_20251023_20251121_02_T1,2025-10-23,-2.173886694253333,-2.0145810457874562,34.22471745276286,0.40671357284577647,medium,-0.1593056484658768,landsat_gee,True
NSR-GRID-207,LC08_L2SP_176039_20251023_20251121_02_T1,2025-10-23,-2.4229645048170028,-2.1178825250547213,33.97563964219919,0.40828725415101225,medium,-0.30508197976228146,landsat_gee,True
NSR-GRID-208,LC08_L2SP_176039_20251023_20251121_02_T1,2025-10-23,-2.1421275666282327,-1.8311488810527452,34.25647658038796,0.4231500825925417,medium,-0.31097868557548747,landsat_gee,True
NSR-GRID-209,LC08_L2SP_176039_20251023_20251121_02_T1,2025-10-23,-2.0874075563808816,-1.6312719750685702,34.31119659063531,0.4152945337530519,medium,-0.45613558131231136,landsat_gee,True
NSR-GRID-210,LC08_L2SP_176039_20251023_20251121_02_T1,2025-10-23,-1.3504795651400912,-1.289629965585952,35.0481245818761,0.4088668906467503,medium,-0.060849599554139155,landsat_gee,True
NSR-GRID-211,LC08_L2SP_176039_20251023_20251121_02_T1,2025-10-23,-1.42001640711716,-1.6821828309357125,34.978587739899034,0.4220931173699668,medium,0.2621664238185526,landsat_gee,True
NSR-GRID-212,LC08_L2SP_176039_20251023_20251121_02_T1,2025-10-23,-0.6367749931152531,-0.6200580688888191,35.76182915390094,0.35888174613510104,medium,-0.016716924226434005,landsat_gee,True
NSR-GRID-213,LC08_L2SP_176039_20251023_20251121_02_T1,2025-10-23,-0.0086962424569208,-0.019916601874749588,36.38990790455927,0.2834957259004361,low,0.011220359417828788,landsat_gee,True
NSR-GRID-214,LC08_L2SP_176039_20251023_20251121_02_T1,2025-10-23,-3.122058189612304,-3.6233501589821513,33.27654595740389,0.37978003185126985,medium,0.5012919693698472,landsat_gee,True
NSR-GRID-215,LC08_L2SP_176039_20251023_20251121_02_T1,2025-10-23,-3.007117844572207,-3.350636588040522,33.39148630244399,0.3282893434799797,low,0.3435187434683149,landsat_gee,True
NSR-GRID-216,LC08_L2SP_176039_20251023_20251121_02_T1,2025-10-23,-1.959091388031972,-2.1650124574619234,34.43951275898422,0.3340397365548494,low,0.20592106942995136,landsat_gee,True
NSR-GRID-217,LC08_L2SP_176039_20251023_20251121_02_T1,2025-10-23,-2.6716532901791723,-2.8827665135108695,33.72695085683702,0.3758490855426726,medium,0.21111322333169724,landsat_gee,True
NSR-GRID-218,LC08_L2SP_176039_20251023_20251121_02_T1,2025-10-23,-2.248841409204509,-2.537066247555044,34.149762737811685,0.3723504967995822,medium,0.2882248383505348,landsat_gee,True
NSR-GRID-219,LC08_L2SP_176039_20251023_20251121_02_T1,2025-10-23,-1.3004842095756717,-1.4641953205485487,35.09811993744052,0.38334273826246135,medium,0.16371111097287705,landsat_gee,True
NSR-GRID-220,LC08_L2SP_176039_20251023_20251121_02_T1,2025-10-23,-0.9870339056855002,-0.956095718816197,35.41157024133069,0.3919386458744104,medium,-0.030938186869303164,landsat_gee,True
NSR-GRID-221,LC08_L2SP_176039_20251023_20251121_02_T1,2025-10-23,-1.2068609487153807,-1.2041050141361287,35.19174319830081,0.4028593455350606,medium,-0.0027559345792520507,landsat_gee,True
NSR-GRID-222,LC08_L2SP_176039_20251023_20251121_02_T1,2025-10-23,-1.015694513493422,-1.2567470508755154,35.38290963352277,0.3985375591561777,medium,0.2410525373820933,landsat_gee,True
NSR-GRID-223,LC08_L2SP_176039_20251023_20251121_02_T1,2025-10-23,-1.967623507189785,-2.083342205327949,34.43098063982641,0.44317194771315627,medium,0.11571869813816393,landsat_gee,True
NSR-GRID-224,LC08_L2SP_176039_20251023_20251121_02_T1,2025-10-23,-1.9669350962961405,-1.913343606038798,34.43166905072005,0.4846304583565558,medium,-0.053591490257342445,landsat_gee,True
NSR-GRID-225,LC08_L2SP_176039_20251023_20251121_02_T1,2025-10-23,-1.061735712654574,-1.0749231893670765,35.33686843436162,0.4289540155986618,medium,0.013187476712502644,landsat_gee,True
NSR-GRID-226,LC08_L2SP_176039_20251023_20251121_02_T1,2025-10-23,-1.1949017787809098,-1.1364494247643397,35.203702368235284,0.35544291458764943,medium,-0.05845235401657001,landsat_gee,True
NSR-GRID-227,LC08_L2SP_176039_20251023_20251121_02_T1,2025-10-23,-1.67868627884139,-1.6915478399115307,34.719917868174804,0.4326209765086123,medium,0.012861561070140581,landsat_gee,True
NSR-GRID-228,LC08_L2SP_176039_20251023_20251121_02_T1,2025-10-23,-1.6886156162588364,-1.5827717649279511,34.70998853075736,0.4146645618838983,medium,-0.10584385133088525,landsat_gee,True
NSR-GRID-229,LC08_L2SP_176039_20251023_20251121_02_T1,2025-10-23,-1.3885011662241098,-1.201556825067586,35.010102980792084,0.44094925661164147,medium,-0.1869443411565237,landsat_gee,True
NSR-GRID-230,LC08_L2SP_176039_20251023_20251121_02_T1,2025-10-23,-1.5330948569401244,-1.5225116714151619,34.86550929007607,0.38330917581509116,medium,-0.010583185524962513,landsat_gee,True
NSR-GRID-231,LC08_L2SP_176039_20251023_20251121_02_T1,2025-10-23,0.935306664686756,1.4036374032294512,37.33391081170295,0.31289754797053265,low,-0.46833073854269514,landsat_gee,True
NSR-GRID-232,LC08_L2SP_176039_20251023_20251121_02_T1,2025-10-23,-2.4289936955802887,-2.5235753445275053,33.969610451435905,0.3218597198383295,low,0.09458164894721666,landsat_gee,True
NSR-GRID-233,LC08_L2SP_176039_20251023_20251121_02_T1,2025-10-23,-2.976879349380127,-3.17168152574166,33.42172479763607,0.37611502989304835,medium,0.19480217636153307,landsat_gee,True
NSR-GRID-234,LC08_L2SP_176039_20251023_20251121_02_T1,2025-10-23,-2.6526198648518857,-2.950938919449062,33.74598428216431,0.37389199328186257,medium,0.29831905459717634,landsat_gee,True
NSR-GRID-235,LC08_L2SP_176039_20251023_20251121_02_T1,2025-10-23,-1.0148289848769991,-0.8350411294114317,35.383775162139194,0.36271712382038296,medium,-0.17978785546556741,landsat_gee,True
NSR-GRID-236,LC08_L2SP_176039_20251023_20251121_02_T1,2025-10-23,1.0759917056993658,1.0694080337765255,37.47459585271556,0.3725433782544805,medium,0.006583671922840262,landsat_gee,True
NSR-GRID-237,LC08_L2SP_176039_20251023_20251121_02_T1,2025-10-23,2.3866837887479093,2.8238116163900213,38.7852879357641,0.29261592293752337,low,-0.437127827642112,landsat_gee,True
NSR-GRID-238,LC08_L2SP_176039_20251023_20251121_02_T1,2025-10-23,1.4064854278166834,1.490596766958766,37.80508957483288,0.33693526574710186,low,-0.08411133914208269,landsat_gee,True
NSR-GRID-239,LC08_L2SP_176039_20251023_20251121_02_T1,2025-10-23,0.7453173604151502,0.6600268747280815,37.143921507431344,0.392682598759731,medium,0.08529048568706865,landsat_gee,True
NSR-GRID-240,LC08_L2SP_176039_20251023_20251121_02_T1,2025-10-23,0.72930491769403,0.20535523931936817,37.127909064710224,0.36109437402251465,medium,0.5239496783746619,landsat_gee,True
NSR-GRID-241,LC08_L2SP_176039_20251023_20251121_02_T1,2025-10-23,-0.6523499557854677,-0.9899809638274711,35.746254191230726,0.45035488912942534,medium,0.3376310080420034,landsat_gee,True
NSR-GRID-242,LC08_L2SP_176039_20251023_20251121_02_T1,2025-10-23,-1.30363199572421,-1.4691614654449356,35.094972151291984,0.49861049906350413,medium,0.16552946972072569,landsat_gee,True
NSR-GRID-243,LC08_L2SP_176039_20251023_20251121_02_T1,2025-10-23,-0.7100912899556562,-0.859285954601079,35.68851285706054,0.38854609767987736,medium,0.14919466464542286,landsat_gee,True
NSR-GRID-244,LC08_L2SP_176039_20251023_20251121_02_T1,2025-10-23,0.8617351963592483,1.1564690730363942,37.26033934337544,0.2553697010344748,low,-0.2947338766771459,landsat_gee,True
NSR-GRID-245,LC08_L2SP_176039_20251023_20251121_02_T1,2025-10-23,0.6134791045103398,0.816012345960753,37.01208325152653,0.3394744038704775,low,-0.20253324145041318,landsat_gee,True
NSR-GRID-246,LC08_L2SP_176039_20251023_20251121_02_T1,2025-10-23,-0.3265803688923938,-0.37467843812682433,36.0720237781238,0.4171685995748266,medium,0.04809806923443055,landsat_gee,True
NSR-GRID-247,LC08_L2SP_176039_20251023_20251121_02_T1,2025-10-23,-0.7924253747127565,-0.39744052562292237,35.60617877230344,0.37311457713298746,medium,-0.39498484908983417,landsat_gee,True
NSR-GRID-248,LC08_L2SP_176039_20251023_20251121_02_T1,2025-10-23,-0.797999512282324,-0.7146462084088216,35.60060463473387,0.3814190737674288,medium,-0.08335330387350237,landsat_gee,True
NSR-GRID-249,LC08_L2SP_176039_20251023_20251121_02_T1,2025-10-23,-1.3952762986540108,-1.7303887181003488,35.00332784836218,0.3791904510353338,medium,0.33511241944633796,landsat_gee,True
NSR-GRID-250,LC08_L2SP_176039_20251023_20251121_02_T1,2025-10-23,1.005841865423342,1.0088913677393652,37.404446012439536,0.2495743574035456,low,-0.0030495023160230783,landsat_gee,True
NSR-GRID-251,LC08_L2SP_176039_20251023_20251121_02_T1,2025-10-23,-1.885339675365671,-2.420958368938865,34.51326447165052,0.4045977565084112,medium,0.5356186935731939,landsat_gee,True
NSR-GRID-252,LC08_L2SP_176039_20251023_20251121_02_T1,2025-10-23,-2.264907550671168,-2.6019172452406836,34.133696596345025,0.41348510752372725,medium,0.3370096945695158,landsat_gee,True
NSR-GRID-253,LC08_L2SP_176039_20251023_20251121_02_T1,2025-10-23,-2.3458814600065736,-2.5748614910704215,34.05272268700962,0.3678806802202851,medium,0.2289800310638479,landsat_gee,True
NSR-GRID-254,LC08_L2SP_176039_20251023_20251121_02_T1,2025-10-23,0.8165392733889405,0.4983878530499972,37.215143420405134,0.4090248224122089,medium,0.3181514203389433,landsat_gee,True
NSR-GRID-255,LC08_L2SP_176039_20251023_20251121_02_T1,2025-10-23,2.656385265959983,2.72908424290409,39.05498941297618,0.3976131588674263,medium,-0.07269897694410687,landsat_gee,True
NSR-GRID-256,LC08_L2SP_176039_20251023_20251121_02_T1,2025-10-23,1.3856089588414164,1.179071126556399,37.78421310585761,0.3251729467915914,low,0.20653783228501754,landsat_gee,True
NSR-GRID-257,LC08_L2SP_176039_20251023_20251121_02_T1,2025-10-23,-0.332375193831858,-0.37481268174360194,36.066228953184336,0.2873321133428335,low,0.042437487911743954,landsat_gee,True
NSR-GRID-258,LC08_L2SP_176039_20251023_20251121_02_T1,2025-10-23,-0.5710685126133015,-0.8922045097137657,35.82753563440289,0.2853555387083964,low,0.32113599710046425,landsat_gee,True
NSR-GRID-259,LC08_L2SP_176039_20251023_20251121_02_T1,2025-10-23,-1.92611259036736,-2.201346386075379,34.47249155664883,0.3485580272718449,low,0.27523379570801887,landsat_gee,True
NSR-GRID-260,LC08_L2SP_176039_20251023_20251121_02_T1,2025-10-23,-2.4108218909344004,-2.2395736840198053,33.98778225608179,0.3794081813598707,medium,-0.17124820691459508,landsat_gee,True
NSR-GRID-261,LC08_L2SP_176039_20251023_20251121_02_T1,2025-10-23,-0.2237400363934938,-0.36639739227532153,36.1748641106227,0.3294063508463594,low,0.14265735588182774,landsat_gee,True
NSR-GRID-262,LC08_L2SP_176039_20251023_20251121_02_T1,2025-10-23,1.734584068668596,1.5487317388376163,38.13318821568479,0.23996509487597817,low,0.18585232983097977,landsat_gee,True
NSR-GRID-263,LC08_L2SP_176039_20251023_20251121_02_T1,2025-10-23,1.127819957044423,1.273295119080205,37.52642410406062,0.2562951969694196,low,-0.14547516203578215,landsat_gee,True
NSR-GRID-264,LC08_L2SP_176039_20251023_20251121_02_T1,2025-10-23,1.268831347834109,1.348467809838313,37.6674354948503,0.329636296690914,low,-0.07963646200420404,landsat_gee,True
NSR-GRID-265,LC08_L2SP_176039_20251023_20251121_02_T1,2025-10-23,-0.7995150558646031,-0.5695174679637074,35.59908909115159,0.43319001458413414,medium,-0.22999758790089575,landsat_gee,True
NSR-GRID-266,LC08_L2SP_176039_20251023_20251121_02_T1,2025-10-23,-0.919171793122466,-0.7921105888274477,35.47943235389373,0.3858509177749685,medium,-0.12706120429501833,landsat_gee,True
NSR-GRID-267,LC08_L2SP_176039_20251023_20251121_02_T1,2025-10-23,0.4519500490252781,0.07814588296742121,36.85055419604147,0.40759905564096244,medium,0.3738041660578569,landsat_gee,True
NSR-GRID-268,LC08_L2SP_176039_20251023_20251121_02_T1,2025-10-23,0.3383371933528138,0.11788524388690899,36.73694134036901,0.28124834378325353,low,0.22045194946590482,landsat_gee,True
NSR-GRID-269,LC08_L2SP_176039_20251023_20251121_02_T1,2025-10-23,0.0207981837461233,-0.13739503807693906,36.41940233076232,0.447523333116262,medium,0.15819322182306236,landsat_gee,True
NSR-GRID-270,LC08_L2SP_176039_20251023_20251121_02_T1,2025-10-23,1.4086871752182333,0.9231553090757191,37.80729132223443,0.338763302030615,low,0.4855318661425142,landsat_gee,True
NSR-GRID-271,LC08_L2SP_176039_20251023_20251121_02_T1,2025-10-23,-1.0824981775371612,-1.1907126722496122,35.31610596947903,0.43139385415343345,medium,0.10821449471245104,landsat_gee,True
NSR-GRID-272,LC08_L2SP_176039_20251023_20251121_02_T1,2025-10-23,-1.4429073285642957,-1.8031942392165992,34.9556968184519,0.4193593181151411,medium,0.36028691065230345,landsat_gee,True
NSR-GRID-273,LC08_L2SP_176039_20251023_20251121_02_T1,2025-10-23,-0.1117800374059783,-0.13428755352221539,36.286824109610215,0.3751200658515504,medium,0.02250751611623708,landsat_gee,True
NSR-GRID-274,LC08_L2SP_176039_20251023_20251121_02_T1,2025-10-23,1.1337656719420437,1.1882335008673253,37.53236981895824,0.4201163833309673,medium,-0.05446782892528157,landsat_gee,True
NSR-GRID-275,LC08_L2SP_176039_20251023_20251121_02_T1,2025-10-23,-1.026026722754068,-0.9027549562410393,35.372577424262126,0.39800101790290443,medium,-0.12327176651302874,landsat_gee,True
NSR-GRID-276,LC08_L2SP_176039_20251023_20251121_02_T1,2025-10-23,-0.4273748616209758,-0.49937787851476056,35.97122928539522,0.28298571286589785,low,0.07200301689378474,landsat_gee,True
NSR-GRID-277,LC08_L2SP_176039_20251023_20251121_02_T1,2025-10-23,0.2793192915096441,-0.08307638267525352,36.67792343852584,0.22945078588479786,low,0.3623956741848976,landsat_gee,True
NSR-GRID-278,LC08_L2SP_176039_20251023_20251121_02_T1,2025-10-23,-2.2395243494393924,-2.501642054960715,34.1590797975768,0.2286665560268822,low,0.26211770552132263,landsat_gee,True
NSR-GRID-279,LC08_L2SP_176039_20251023_20251121_02_T1,2025-10-23,-0.5921572492156884,-0.5776723019631191,35.806446897800505,0.27751541576880767,low,-0.014484947252569214,landsat_gee,True
NSR-GRID-280,LC08_L2SP_176039_20251023_20251121_02_T1,2025-10-23,0.9122224493697146,0.9034558248406905,37.31082659638591,0.27217210446214096,low,0.008766624529024103,landsat_gee,True
NSR-GRID-281,LC08_L2SP_176039_20251023_20251121_02_T1,2025-10-23,1.2584262564629682,1.5999263099780383,37.65703040347916,0.22978712169966053,low,-0.34150005351507007,landsat_gee,True
NSR-GRID-282,LC08_L2SP_176039_20251023_20251121_02_T1,2025-10-23,1.7633295851410438,1.987927543358703,38.16193373215724,0.2672599559574629,low,-0.22459795821765915,landsat_gee,True
NSR-GRID-283,LC08_L2SP_176039_20251023_20251121_02_T1,2025-10-23,1.1623600129430116,1.3416609652846874,37.560964159959205,0.30143682981738323,low,-0.17930095234167576,landsat_gee,True
NSR-GRID-284,LC08_L2SP_176039_20251023_20251121_02_T1,2025-10-23,0.4558931787502587,0.5421043622267987,36.85449732576645,0.27624873926142957,low,-0.08621118347654,landsat_gee,True
NSR-GRID-285,LC08_L2SP_176039_20251023_20251121_02_T1,2025-10-23,1.9384303594543295,1.4921081469095363,38.33703450647052,0.42253444165696413,medium,0.4463222125447932,landsat_gee,True
NSR-GRID-286,LC08_L2SP_176039_20251023_20251121_02_T1,2025-10-23,1.5837713455335205,1.4307725009582277,37.982375492549714,0.2553434749588448,low,0.15299884457529278,landsat_gee,True
NSR-GRID-287,LC08_L2SP_176039_20251023_20251121_02_T1,2025-10-23,1.4642211570494794,1.2744376284286758,37.86282530406567,0.4694811252239913,medium,0.1897835286208036,landsat_gee,True
NSR-GRID-288,LC08_L2SP_176039_20251023_20251121_02_T1,2025-10-23,1.4542578915501352,1.5840496874606373,37.85286203856633,0.44976084083262263,medium,-0.12979179591050216,landsat_gee,True
NSR-GRID-289,LC08_L2SP_176039_20251023_20251121_02_T1,2025-10-23,0.3464312675879029,0.27382371845669967,36.7450354146041,0.39133874767222604,medium,0.07260754913120321,landsat_gee,True
NSR-GRID-290,LC08_L2SP_176039_20251023_20251121_02_T1,2025-10-23,-0.8713328034429253,-0.8545118802747984,35.52727134357327,0.3344584504349037,low,-0.01682092316812689,landsat_gee,True
NSR-GRID-291,LC08_L2SP_176039_20251023_20251121_02_T1,2025-10-23,0.6509422312255992,0.5019539731720892,37.04954637824179,0.28750515183316366,low,0.14898825805351001,landsat_gee,True
NSR-GRID-292,LC08_L2SP_176039_20251023_20251121_02_T1,2025-10-23,-0.6181926054581481,-0.8583721095566457,35.780411541558045,0.26734286190021717,low,0.24017950409849753,landsat_gee,True
NSR-GRID-293,LC08_L2SP_176039_20251023_20251121_02_T1,2025-10-23,1.3240405785845368,1.1602980984203317,37.72264472560073,0.3962650190217075,medium,0.16374248016420512,landsat_gee,True
NSR-GRID-294,LC08_L2SP_176039_20251023_20251121_02_T1,2025-10-23,1.745866352112813,1.6165647650899557,38.14447049912901,0.3430813465289291,low,0.12930158702285732,landsat_gee,True
NSR-GRID-295,LC08_L2SP_176039_20251023_20251121_02_T1,2025-10-23,2.169350154562693,2.117425635341678,38.56795430157889,0.24580303166550396,low,0.05192451922101515,landsat_gee,True
NSR-GRID-296,LC08_L2SP_176039_20251023_20251121_02_T1,2025-10-23,1.5706384826405897,1.9711511363506196,37.96924262965678,0.24076547113077348,low,-0.40051265371002986,landsat_gee,True
NSR-GRID-297,LC08_L2SP_176039_20251023_20251121_02_T1,2025-10-23,1.6778080902501742,1.7784962712531063,38.07641223726637,0.23560122425617275,low,-0.10068818100293209,landsat_gee,True
NSR-GRID-298,LC08_L2SP_176039_20251023_20251121_02_T1,2025-10-23,2.1060170313752664,1.7931766454543085,38.50462117839146,0.24120375277289255,low,0.31284038592095786,landsat_gee,True
NSR-GRID-299,LC08_L2SP_176039_20251023_20251121_02_T1,2025-10-23,1.144915245154472,1.5677480870821936,37.543519392170666,0.23011694388411097,low,-0.42283284192772164,landsat_gee,True
NSR-GRID-300,LC08_L2SP_176039_20251023_20251121_02_T1,2025-10-23,2.438062661096218,2.1854051493517055,38.83666680811241,0.38852628524471405,medium,0.2526575117445127,landsat_gee,True
NSR-GRID-302,LC08_L2SP_176039_20251023_20251121_02_T1,2025-10-23,3.1826771363940054,3.0782833235900178,39.5812812834102,0.3468834528316172,low,0.10439381280398763,landsat_gee,True
NSR-GRID-303,LC08_L2SP_176039_20251023_20251121_02_T1,2025-10-23,1.2849835284638047,1.367139142030592,37.68358767548,0.252678958666509,low,-0.08215561356678736,landsat_gee,True
NSR-GRID-304,LC08_L2SP_176039_20251023_20251121_02_T1,2025-10-23,2.2017130944968173,1.9035710855744337,38.60031724151301,0.364938651925746,medium,0.29814200892238363,landsat_gee,True
NSR-GRID-305,LC08_L2SP_176039_20251023_20251121_02_T1,2025-10-23,0.8089892892261688,0.7721638675983558,37.20759343624236,0.40803601621802427,medium,0.03682542162781299,landsat_gee,True
NSR-GRID-306,LC08_L2SP_176039_20251023_20251121_02_T1,2025-10-23,-0.7708154321684404,-0.6580831674373708,35.62778871484775,0.36166344892932295,medium,-0.11273226473106956,landsat_gee,True
NSR-GRID-307,LC08_L2SP_176039_20251023_20251121_02_T1,2025-10-23,1.3527407282198567,1.3409641950735485,37.75134487523605,0.33581542025205663,low,0.011776533146308221,landsat_gee,True
NSR-GRID-308,LC08_L2SP_176039_20251023_20251121_02_T1,2025-10-23,1.947427024150656,2.0950878298357662,38.34603117116685,0.2951846746163914,low,-0.1476608056851103,landsat_gee,True
NSR-GRID-309,LC08_L2SP_176039_20251023_20251121_02_T1,2025-10-23,2.510378200405434,2.7371192411412557,38.90898234742163,0.27996318922174196,low,-0.2267410407358219,landsat_gee,True
NSR-GRID-310,LC08_L2SP_176039_20251023_20251121_02_T1,2025-10-23,2.947706439469826,3.182745369806153,39.34631058648602,0.28569086474444594,low,-0.23503893033632695,landsat_gee,True
NSR-GRID-311,LC08_L2SP_176039_20251023_20251121_02_T1,2025-10-23,3.273470578780284,3.2970133529386856,39.67207472579648,0.30730648256564447,low,-0.02354277415840178,landsat_gee,True
NSR-GRID-312,LC08_L2SP_176039_20251023_20251121_02_T1,2025-10-23,2.3118251931096694,2.4277497047916854,38.71042934012586,0.2779697545837844,low,-0.11592451168201601,landsat_gee,True
NSR-GRID-313,LC08_L2SP_176039_20251023_20251121_02_T1,2025-10-23,1.962993441881636,2.167762187319709,38.36159758889783,0.2650025368415739,low,-0.20476874543807289,landsat_gee,True
NSR-GRID-314,LC08_L2SP_176039_20251023_20251121_02_T1,2025-10-23,1.3741087168013095,1.7355409942023678,37.7727128638175,0.2335672662889448,low,-0.3614322774010583,landsat_gee,True
NSR-GRID-315,LC08_L2SP_176039_20251023_20251121_02_T1,2025-10-23,2.2947984992713018,2.201931489956544,38.693402646287495,0.2658044574109699,low,0.09286700931475789,landsat_gee,True
NSR-GRID-316,LC08_L2SP_176039_20251023_20251121_02_T1,2025-10-23,1.213397645397933,1.4795540866982702,37.61200179241413,0.22567719809457448,low,-0.2661564413003372,landsat_gee,True
NSR-GRID-317,LC08_L2SP_176039_20251023_20251121_02_T1,2025-10-23,2.6832057843753745,2.542155731553982,39.08180993139157,0.3412478707190645,low,0.1410500528213925,landsat_gee,True
NSR-GRID-318,LC08_L2SP_176039_20251023_20251121_02_T1,2025-10-23,1.3020760260221422,1.3443913016906033,37.700680173038336,0.24631048545832945,low,-0.04231527566846105,landsat_gee,True
NSR-GRID-319,LC08_L2SP_176039_20251023_20251121_02_T1,2025-10-23,2.8097522897314637,2.2722154099761926,39.20835643674766,0.2890513185995537,low,0.5375368797552711,landsat_gee,True
NSR-GRID-320,LC08_L2SP_176039_20251023_20251121_02_T1,2025-10-23,-0.1817054978074637,0.018014575916544706,36.21689864920873,0.35878378270912115,medium,-0.1997200737240084,landsat_gee,True
NSR-GRID-321,LC08_L2SP_176039_20251023_20251121_02_T1,2025-10-23,-0.8503034783819814,-0.7464402843197607,35.54830066863421,0.3448325921622496,low,-0.10386319406222067,landsat_gee,True
NSR-GRID-322,LC08_L2SP_176039_20251023_20251121_02_T1,2025-10-23,1.7368239315919425,1.7886089084700514,38.135428078608136,0.33430371591725516,low,-0.0517849768781089,landsat_gee,True
NSR-GRID-323,LC08_L2SP_176039_20251023_20251121_02_T1,2025-10-23,2.5754736469884776,2.432344101121724,38.97407779400467,0.32155508885769807,low,0.14312954586675364,landsat_gee,True
NSR-GRID-324,LC08_L2SP_176039_20251023_20251121_02_T1,2025-10-23,1.7009917975029936,1.7236352694109687,38.09959594451919,0.3042491147666864,low,-0.02264347190797511,landsat_gee,True
NSR-GRID-325,LC08_L2SP_176039_20251023_20251121_02_T1,2025-10-23,2.2473702126609325,2.3969214768477625,38.645974359677126,0.3262077338176294,low,-0.14955126418682996,landsat_gee,True
NSR-GRID-326,LC08_L2SP_176039_20251023_20251121_02_T1,2025-10-23,3.0216440538392746,3.045074268078245,39.42024820085547,0.2880474837596051,low,-0.023430214238970404,landsat_gee,True
NSR-GRID-327,LC08_L2SP_176039_20251023_20251121_02_T1,2025-10-23,2.4883988101508976,2.7400113708085083,38.88700295716709,0.2840982059298042,low,-0.25161256065761073,landsat_gee,True
NSR-GRID-328,LC08_L2SP_176039_20251023_20251121_02_T1,2025-10-23,1.504630416507048,2.082965517856425,37.90323456352324,0.268185251693812,low,-0.5783351013493769,landsat_gee,True
NSR-GRID-329,LC08_L2SP_176039_20251023_20251121_02_T1,2025-10-23,1.8550722861750089,2.128360958771506,38.2536764331912,0.2452901774072286,low,-0.27328867259649714,landsat_gee,True
NSR-GRID-330,LC08_L2SP_176039_20251023_20251121_02_T1,2025-10-23,1.800684587451208,1.7607486867215834,38.1992887344674,0.2434207221137305,low,0.03993590072962472,landsat_gee,True
NSR-GRID-331,LC08_L2SP_176039_20251023_20251121_02_T1,2025-10-23,1.6287892533301829,1.3895011615430404,38.02739340034638,0.22295691669356862,low,0.2392880917871425,landsat_gee,True
NSR-GRID-332,LC08_L2SP_176039_20251023_20251121_02_T1,2025-10-23,2.1263760271666854,2.1523374332194303,38.52498017418288,0.3101372996612114,low,-0.025961406052744884,landsat_gee,True
NSR-GRID-333,LC08_L2SP_176039_20251023_20251121_02_T1,2025-10-23,1.6341538451232085,1.6258533904482768,38.0327579921394,0.232358643229205,low,0.008300454674931679,landsat_gee,True
NSR-GRID-334,LC08_L2SP_176039_20251023_20251121_02_T1,2025-10-23,2.165915183771993,2.0252278439874125,38.56451933078819,0.34917272722612386,low,0.1406873397845807,landsat_gee,True
NSR-GRID-335,LC08_L2SP_176039_20251023_20251121_02_T1,2025-10-23,2.267993178510821,1.8183106055734608,38.666597325527015,0.3187627800234848,low,0.44968257293736014,landsat_gee,True
NSR-GRID-336,LC08_L2SP_176039_20251023_20251121_02_T1,2025-10-23,-0.558945658816711,-0.8054949920372473,35.83965848819948,0.3139261018544143,low,0.2465493332205363,landsat_gee,True
NSR-GRID-337,LC08_L2SP_176039_20251023_20251121_02_T1,2025-10-23,1.3189470713833416,1.3581835003793519,37.717551218399535,0.2818061669285652,low,-0.03923642899601032,landsat_gee,True
NSR-GRID-338,LC08_L2SP_176039_20251023_20251121_02_T1,2025-10-23,2.0677073819283294,2.2578224427090174,38.46631152894452,0.27775970667903344,low,-0.19011506078068807,landsat_gee,True
NSR-GRID-339,LC08_L2SP_176039_20251023_20251121_02_T1,2025-10-23,1.4562607861521997,1.8518199994314644,37.85486493316839,0.28174669081088705,low,-0.3955592132792647,landsat_gee,True
NSR-GRID-340,LC08_L2SP_176039_20251023_20251121_02_T1,2025-10-23,1.4950342671908388,1.4149959341659077,37.89363841420703,0.2874935859518515,low,0.08003833302493102,landsat_gee,True
NSR-GRID-341,LC08_L2SP_176039_20251023_20251121_02_T1,2025-10-23,0.6585007365435658,0.3472234887300856,37.05710488355976,0.30334445777467867,low,0.31127724781348015,landsat_gee,True
NSR-GRID-342,LC08_L2SP_176039_20251023_20251121_02_T1,2025-10-23,1.2799419098693647,1.3944098803505292,37.67854605688556,0.3022022688585834,low,-0.11446797048116442,landsat_gee,True
NSR-GRID-343,LC08_L2SP_176039_20251023_20251121_02_T1,2025-10-23,0.5356355304455391,0.9559390577099456,36.93423967746173,0.24070389716584095,low,-0.42030352726440645,landsat_gee,True
NSR-GRID-344,LC08_L2SP_176039_20251023_20251121_02_T1,2025-10-23,0.6188948667884802,1.0719310541793554,37.017499013804674,0.2535219542552294,low,-0.45303618739087526,landsat_gee,True
NSR-GRID-345,LC08_L2SP_176039_20251023_20251121_02_T1,2025-10-23,0.7187086800700939,0.5555217662959361,37.11731282708629,0.21414646082808292,low,0.16318691377415784,landsat_gee,True
NSR-GRID-346,LC08_L2SP_176039_20251023_20251121_02_T1,2025-10-23,1.4048601200122235,1.0877226247770824,37.80346426702842,0.21390544561370256,low,0.3171374952351411,landsat_gee,True
NSR-GRID-347,LC08_L2SP_176039_20251023_20251121_02_T1,2025-10-23,-0.1108406922193836,-0.4457090412245984,36.28776345479681,0.19032794200245157,low,0.33486834900521484,landsat_gee,True
NSR-GRID-348,LC08_L2SP_176039_20251023_20251121_02_T1,2025-10-23,1.2401116298565782,1.333214698676367,37.63871577687277,0.26017815573102704,low,-0.09310306881978891,landsat_gee,True
NSR-GRID-349,LC08_L2SP_176039_20251023_20251121_02_T1,2025-10-23,0.0772767835997854,0.05611392293612013,36.47588093061598,0.27771558626124687,low,0.021162860663665274,landsat_gee,True
NSR-GRID-350,LC08_L2SP_176039_20251023_20251121_02_T1,2025-10-23,1.8608239943067275,1.5631892320645036,38.25942814132292,0.3366722760189199,low,0.29763476224222396,landsat_gee,True
NSR-GRID-351,LC08_L2SP_176039_20251023_20251121_02_T1,2025-10-23,1.830123801859358,1.6522092512992295,38.22872794887555,0.2686059712724745,low,0.1779145505601285,landsat_gee,True
NSR-GRID-352,LC08_L2SP_176039_20251023_20251121_02_T1,2025-10-23,-0.0946626666657408,0.00441776208039514,36.30394148035045,0.2527975252604558,low,-0.09908042874613594,landsat_gee,True
NSR-GRID-353,LC08_L2SP_176039_20251023_20251121_02_T1,2025-10-23,1.0233407049597076,1.0693503030885576,37.4219448519759,0.3194380416956213,low,-0.04600959812884997,landsat_gee,True
NSR-GRID-354,LC08_L2SP_176039_20251023_20251121_02_T1,2025-10-23,2.271240173512375,2.4132783956647716,38.66984432052857,0.32434487486204133,low,-0.1420382221523968,landsat_gee,True
NSR-GRID-355,LC08_L2SP_176039_20251023_20251121_02_T1,2025-10-23,1.5427813098602456,1.742267291044846,37.94138545687644,0.25075139730600027,low,-0.19948598118460037,landsat_gee,True
NSR-GRID-356,LC08_L2SP_176039_20251023_20251121_02_T1,2025-10-23,1.888476743014479,1.8796131517493058,38.28708089003067,0.2728520743221016,low,0.008863591265173332,landsat_gee,True
NSR-GRID-357,LC08_L2SP_176039_20251023_20251121_02_T1,2025-10-23,1.81453012993758,2.168789824645821,38.213134276953774,0.2803152729939737,low,-0.3542596947082408,landsat_gee,True
NSR-GRID-358,LC08_L2SP_176039_20251023_20251121_02_T1,2025-10-23,1.659588019822543,1.2734928848444467,38.05819216683874,0.32697301105327464,low,0.38609513497809633,landsat_gee,True
NSR-GRID-359,LC08_L2SP_176039_20251023_20251121_02_T1,2025-10-23,1.4307360814631735,1.6489526216927146,37.82934022847937,0.3959370140620169,medium,-0.21821654022954107,landsat_gee,True
NSR-GRID-360,LC08_L2SP_176039_20251023_20251121_02_T1,2025-10-23,1.3989666722499834,1.3462260911910147,37.79757081926618,0.2923863697372,low,0.05274058105896873,landsat_gee,True
NSR-GRID-361,LC08_L2SP_176039_20251023_20251121_02_T1,2025-10-23,0.7936456557870244,1.0870425730383348,37.19224980280322,0.2413612569238411,low,-0.29339691725131045,landsat_gee,True
NSR-GRID-362,LC08_L2SP_176039_20251023_20251121_02_T1,2025-10-23,1.152892936274256,1.186027074103726,37.55149708329045,0.23864524729796943,low,-0.033134137829470056,landsat_gee,True
NSR-GRID-363,LC08_L2SP_176039_20251023_20251121_02_T1,2025-10-23,0.590985420865664,0.9367270602722361,36.98958956788186,0.33186126662974375,low,-0.3457416394065721,landsat_gee,True
NSR-GRID-364,LC08_L2SP_176039_20251023_20251121_02_T1,2025-10-23,0.6529803587276888,0.7537212078580594,37.05158450574388,0.36283445744607623,medium,-0.10074084913037062,landsat_gee,True
NSR-GRID-365,LC08_L2SP_176039_20251023_20251121_02_T1,2025-10-23,2.4111248980738083,1.845556233484861,38.80972904509,0.3028447743440095,low,0.5655686645889473,landsat_gee,True
NSR-GRID-366,LC08_L2SP_176039_20251023_20251121_02_T1,2025-10-23,2.7824111970519425,2.1792082883566306,39.181015344068136,0.24979329477915993,low,0.6032029086953119,landsat_gee,True
NSR-GRID-367,LC08_L2SP_176039_20251023_20251121_02_T1,2025-10-23,2.6360269684428133,2.327274933468966,39.03463111545901,0.29261928991111835,low,0.30875203497384707,landsat_gee,True
NSR-GRID-368,LC08_L2SP_176039_20251023_20251121_02_T1,2025-10-23,3.606045573834749,3.319768997165754,40.00464972085094,0.29830890562525053,low,0.2862765766689952,landsat_gee,True
NSR-GRID-369,LC08_L2SP_176039_20251023_20251121_02_T1,2025-10-23,3.122938934608726,3.4825049210809698,39.52154308162492,0.2981536903490534,low,-0.3595659864722438,landsat_gee,True
NSR-GRID-370,LC08_L2SP_176039_20251023_20251121_02_T1,2025-10-23,3.594372372641772,4.002342431877903,39.992976519657965,0.30366686806768395,low,-0.40797005923613083,landsat_gee,True
NSR-GRID-371,LC08_L2SP_176039_20251023_20251121_02_T1,2025-10-23,2.520341839982791,2.3708211258292886,38.918945986998985,0.25643749413863387,low,0.14952071415350243,landsat_gee,True
NSR-GRID-372,LC08_L2SP_176039_20251023_20251121_02_T1,2025-10-23,2.384806001936284,2.475261082498258,38.78341014895248,0.3209503863364314,low,-0.09045508056197438,landsat_gee,True
NSR-GRID-373,LC08_L2SP_176039_20251023_20251121_02_T1,2025-10-23,2.497904216761512,2.6949906851471934,38.896508363777706,0.312106470003723,low,-0.19708646838568145,landsat_gee,True
NSR-GRID-374,LC08_L2SP_176039_20251023_20251121_02_T1,2025-10-23,1.4122783729543542,1.5976349967556878,37.81088251997055,0.2418159037546312,low,-0.18535662380133355,landsat_gee,True
NSR-GRID-375,LC08_L2SP_176039_20251023_20251121_02_T1,2025-10-23,1.2853648995003937,1.4847809039318294,37.68396904651659,0.22584840669376524,low,-0.1994160044314357,landsat_gee,True
NSR-GRID-376,LC08_L2SP_176039_20251023_20251121_02_T1,2025-10-23,-0.2072958921881209,0.2638389842460597,36.19130825482807,0.25202707098014887,low,-0.4711348764341806,landsat_gee,True
NSR-GRID-377,LC08_L2SP_176039_20251023_20251121_02_T1,2025-10-23,0.6771640255112885,0.9519076446642853,37.07576817252748,0.2730310878458653,low,-0.27474361915299683,landsat_gee,True
NSR-GRID-378,LC08_L2SP_176039_20251023_20251121_02_T1,2025-10-23,3.176123388975526,2.9940140089864067,39.57472753599172,0.27543400907294546,low,0.18210937998911936,landsat_gee,True
NSR-GRID-379,LC08_L2SP_176039_20251023_20251121_02_T1,2025-10-23,1.108757108458093,1.1976756708873417,37.50736125547429,0.29198278598079636,low,-0.08891856242924878,landsat_gee,True
NSR-GRID-380,LC08_L2SP_176039_20251023_20251121_02_T1,2025-10-23,2.050368215493563,2.010806348901762,38.44897236250976,0.2419011602782223,low,0.03956186659180139,landsat_gee,True
NSR-GRID-381,LC08_L2SP_176039_20251023_20251121_02_T1,2025-10-23,3.672887450932983,3.856947129598936,40.071491597949176,0.2974925007772531,low,-0.18405967866595274,landsat_gee,True
NSR-GRID-382,LC08_L2SP_176039_20251023_20251121_02_T1,2025-10-23,4.403542508759742,4.397109964628051,40.802146655775935,0.31383431217090646,low,0.0064325441316910315,landsat_gee,True
NSR-GRID-383,LC08_L2SP_176039_20251023_20251121_02_T1,2025-10-23,2.0824655136916377,2.189737627612387,38.48106966070783,0.2655623728904558,low,-0.10727211392074931,landsat_gee,True
NSR-GRID-384,LC08_L2SP_176039_20251023_20251121_02_T1,2025-10-23,1.345754524069946,1.4477861705993706,37.74435867108614,0.22889663754097872,low,-0.10203164652942465,landsat_gee,True
NSR-GRID-385,LC08_L2SP_176039_20251023_20251121_02_T1,2025-10-23,4.056070253364759,4.086170642024078,40.45467440038095,0.30874064946117497,low,-0.030100388659319854,landsat_gee,True
NSR-GRID-386,LC08_L2SP_176039_20251023_20251121_02_T1,2025-10-23,3.6465601984029377,3.4047152138213597,40.04516434541913,0.28384526892656214,low,0.241844984581578,landsat_gee,True
NSR-GRID-387,LC08_L2SP_176039_20251023_20251121_02_T1,2025-10-23,3.5117153214652674,3.2530880103969153,39.91031946848146,0.27925137503967734,low,0.25862731106835213,landsat_gee,True
NSR-GRID-388,LC08_L2SP_176039_20251023_20251121_02_T1,2025-10-23,3.0528793811232973,3.0739608169764137,39.45148352813949,0.28821622889942583,low,-0.021081435853116393,landsat_gee,True
NSR-GRID-389,LC08_L2SP_176039_20251023_20251121_02_T1,2025-10-23,1.9745780894555336,2.0260396602939763,38.37318223647173,0.26704605828873884,low,-0.051461570838442716,landsat_gee,True
NSR-GRID-390,LC08_L2SP_176039_20251023_20251121_02_T1,2025-10-23,1.500093490855818,1.6747760985879645,37.89869763787201,0.23168936646008104,low,-0.1746826077321466,landsat_gee,True
NSR-GRID-391,LC08_L2SP_176039_20251023_20251121_02_T1,2025-10-23,1.1959644300526762,1.1482409854710693,37.59456857706887,0.21629252544398042,low,0.04772344458160682,landsat_gee,True
NSR-GRID-392,LC08_L2SP_176039_20251023_20251121_02_T1,2025-10-23,1.886661715826392,1.8145786287843229,38.285265862842586,0.25459614096444094,low,0.07208308704206923,landsat_gee,True
NSR-GRID-393,LC08_L2SP_176039_20251023_20251121_02_T1,2025-10-23,3.319327000582589,3.6740167280861717,39.71793114759878,0.2959547623634307,low,-0.35468972750358274,landsat_gee,True
NSR-GRID-394,LC08_L2SP_176039_20251023_20251121_02_T1,2025-10-23,3.61007835670987,3.7290595565388256,40.008682503726064,0.3082898916584326,low,-0.11898119982895539,landsat_gee,True
NSR-GRID-395,LC08_L2SP_176039_20251023_20251121_02_T1,2025-10-23,4.386789180115066,4.015750017482303,40.78539332713126,0.31692380828790595,low,0.37103916263276293,landsat_gee,True
NSR-GRID-396,LC08_L2SP_176039_20251023_20251121_02_T1,2025-10-23,3.3844548539408947,3.1519380096949035,39.78305900095709,0.3087479268190466,low,0.23251684424599128,landsat_gee,True
NSR-GRID-397,LC08_L2SP_176039_20251023_20251121_02_T1,2025-10-23,2.2783402363823697,2.075765134982297,38.67694438339856,0.2736094634398443,low,0.20257510140007273,landsat_gee,True
NSR-GRID-398,LC08_L2SP_176039_20251023_20251121_02_T1,2025-10-23,3.586137857461537,3.4759897407396254,39.98474200447773,0.2898687334489019,low,0.11014811672191138,landsat_gee,True
NSR-GRID-399,LC08_L2SP_176039_20251023_20251121_02_T1,2025-10-23,1.6905123787530485,1.5518058116440314,38.08911652576924,0.23488527914074245,low,0.13870656710901708,landsat_gee,True
NSR-GRID-400,LC08_L2SP_176039_20251023_20251121_02_T1,2025-10-23,1.167818550914582,0.7526367555692144,37.566422697930776,0.2039435455253478,low,0.4151817953453676,landsat_gee,True
NSR-GRID-401,LC08_L2SP_176039_20251023_20251121_02_T1,2025-10-23,3.609005848621976,3.5879199050157444,40.00760999563817,0.28936583799382454,low,0.021085943606231616,landsat_gee,True
NSR-GRID-402,LC08_L2SP_176039_20251023_20251121_02_T1,2025-10-23,4.011725494549332,3.9761806397437134,40.410329641565525,0.30109425718288213,low,0.035544854805618975,landsat_gee,True
NSR-GRID-403,LC08_L2SP_176039_20251023_20251121_02_T1,2025-10-23,3.801219827829179,3.4614692635972957,40.19982397484537,0.285546069480998,low,0.33975056423188343,landsat_gee,True
NSR-GRID-404,LC08_L2SP_176039_20251023_20251121_02_T1,2025-10-23,2.221238898339422,2.2250136265303793,38.619843045355616,0.24819573058990582,low,-0.003774728190957255,landsat_gee,True
NSR-GRID-405,LC08_L2SP_176039_20251023_20251121_02_T1,2025-10-23,3.3093053185733794,3.2859323019436,39.70790946558957,0.2802435217719423,low,0.023373016629779197,landsat_gee,True
NSR-GRID-406,LC08_L2SP_176039_20251023_20251121_02_T1,2025-10-23,0.7282627945057172,0.14087702032807814,37.12686694152191,0.19835711274040005,low,0.587385774177639,landsat_gee,True
NSR-GRID-407,LC08_L2SP_176039_20251023_20251121_02_T1,2025-10-23,1.878674410279558,1.468803958213133,38.27727855729575,0.2551548750369717,low,0.40987045206642514,landsat_gee,True
NSR-GRID-408,LC08_L2SP_176039_20251023_20251121_02_T1,2025-10-23,2.911479592537127,2.6347878850399273,39.31008373955332,0.26057402137960545,low,0.2766917074971995,landsat_gee,True
NSR-GRID-409,LC08_L2SP_176039_20251023_20251121_02_T1,2025-10-23,2.549263604006292,2.2077577586933423,38.947867751022486,0.2896303296409434,low,0.3415058453129496,landsat_gee,True
NSR-GRID-410,LC08_L2SP_176039_20251023_20251121_02_T1,2025-10-23,2.1547039838038917,1.776752883168603,38.553308130820085,0.2350294230603636,low,0.3779511006352887,landsat_gee,True
NSR-GRID-411,LC08_L2SP_176039_20251023_20251121_02_T1,2025-10-23,2.6424102189658285,2.3803534385581835,39.04101436598202,0.2570751434573855,low,0.262056780407645,landsat_gee,True
NSR-GRID-413,LC08_L2SP_176039_20251023_20251121_02_T1,2025-10-23,1.718550470326342,1.4315329348754928,38.117154617342536,0.2555405896380506,low,0.28701753545084907,landsat_gee,True
NSR-GRID-414,LC08_L2SP_176039_20251023_20251121_02_T1,2025-10-23,1.9075005156574176,1.5181571369282816,38.30610466267361,0.24372473525727908,low,0.38934337872913605,landsat_gee,True
NSR-GRID-415,LC08_L2SP_176039_20251023_20251121_02_T1,2025-10-23,2.408894909291704,2.390506334628419,38.8074990563079,0.2531948656548154,low,0.018388574663284807,landsat_gee,True
NSR-GRID-416,LC08_L2SP_176039_20251023_20251121_02_T1,2025-10-23,2.4119514362988497,2.2694779321505827,38.81055558331504,0.2496583573951366,low,0.14247350414826698,landsat_gee,True
NSR-GRID-001,LC08_L2SP_176039_20251007_20251115_02_T1,2025-10-07,-3.251815798257482,-3.3852624373563014,37.27677210858232,0.36270480663903426,medium,0.13344663909881938,landsat_gee,True
NSR-GRID-002,LC08_L2SP_176039_20251007_20251115_02_T1,2025-10-07,-3.4402562473754017,-3.5487068696479676,37.0883316594644,0.3442402862666215,low,0.10845062227256586,landsat_gee,True
NSR-GRID-003,LC08_L2SP_176039_20251007_20251115_02_T1,2025-10-07,-3.3183059453400503,-3.340609479336821,37.21028196149975,0.30293905760927153,low,0.022303533996770764,landsat_gee,True
NSR-GRID-004,LC08_L2SP_176039_20251007_20251115_02_T1,2025-10-07,-2.434988714907732,-2.190712025673423,38.09359919193207,0.2975710208938542,low,-0.2442766892343089,landsat_gee,True
NSR-GRID-006,LC08_L2SP_176039_20251007_20251115_02_T1,2025-10-07,-2.10900347170908,-2.4893325026564774,38.41958443513072,0.40872337232618733,medium,0.38032903094739723,landsat_gee,True
NSR-GRID-007,LC08_L2SP_176039_20251007_20251115_02_T1,2025-10-07,-2.6600325995256497,-2.652361232832806,37.86855530731415,0.3617208703467586,medium,-0.007671366692843851,landsat_gee,True
NSR-GRID-008,LC08_L2SP_176039_20251007_20251115_02_T1,2025-10-07,-3.335949747820713,-3.4139483834044286,37.19263815901909,0.3625954444835673,medium,0.07799863558371545,landsat_gee,True
NSR-GRID-009,LC08_L2SP_176039_20251007_20251115_02_T1,2025-10-07,-3.58932674922476,-3.5440720755133586,36.93926115761504,0.37415865101186874,medium,-0.04525467371140124,landsat_gee,True
NSR-GRID-010,LC08_L2SP_176039_20251007_20251115_02_T1,2025-10-07,0.2364669447422116,-0.3273592170730186,40.765054851582015,0.3537556909518676,medium,0.5638261618152303,landsat_gee,True
NSR-GRID-011,LC08_L2SP_176039_20251007_20251115_02_T1,2025-10-07,-3.554768848718816,-3.138087752286418,36.97381905812099,0.34668670752418396,low,-0.4166810964323977,landsat_gee,True
NSR-GRID-012,LC08_L2SP_176039_20251007_20251115_02_T1,2025-10-07,-1.1804158819097663,-0.7755501958861235,39.34817202493004,0.3433835043474427,low,-0.4048656860236428,landsat_gee,True
NSR-GRID-013,LC08_L2SP_176039_20251007_20251115_02_T1,2025-10-07,-0.4317204605890268,-0.4167684215039732,40.096867446250776,0.3403296125799926,low,-0.014952039085053603,landsat_gee,True
NSR-GRID-014,LC08_L2SP_176039_20251007_20251115_02_T1,2025-10-07,3.1354815249987595,2.877460720394895,43.66406943183856,0.35663021673103157,medium,0.25802080460386456,landsat_gee,True
NSR-GRID-015,LC08_L2SP_176039_20251007_20251115_02_T1,2025-10-07,1.4860049325587,1.5199034010757835,42.0145928393985,0.28015622292993003,low,-0.03389846851708356,landsat_gee,True
NSR-GRID-016,LC08_L2SP_176039_20251007_20251115_02_T1,2025-10-07,-0.3626690300743718,-0.5716293382505553,40.16591887676543,0.26177189160055275,low,0.2089603081761835,landsat_gee,True
NSR-GRID-017,LC08_L2SP_176039_20251007_20251115_02_T1,2025-10-07,-0.8181255616960641,-0.5950317607455232,39.71046234514374,0.28371564618747125,low,-0.22309380095054088,landsat_gee,True
NSR-GRID-018,LC08_L2SP_176039_20251007_20251115_02_T1,2025-10-07,2.093781327520034,2.142162504897649,42.62236923435984,0.32031070380502086,low,-0.048381177377614826,landsat_gee,True
NSR-GRID-019,LC08_L2SP_176039_20251007_20251115_02_T1,2025-10-07,-0.4144913102352419,-0.38186587506712133,40.11409659660456,0.33493865351500546,low,-0.03262543516812055,landsat_gee,True
NSR-GRID-020,LC08_L2SP_176039_20251007_20251115_02_T1,2025-10-07,2.4618670504679017,2.329787616648951,42.990454957307705,0.26737684417903107,low,0.1320794338189506,landsat_gee,True
NSR-GRID-021,LC08_L2SP_176039_20251007_20251115_02_T1,2025-10-07,0.5727649615392423,0.44614555235136194,41.101352868379045,0.27952214416568477,low,0.12661940918788034,landsat_gee,True
NSR-GRID-022,LC08_L2SP_176039_20251007_20251115_02_T1,2025-10-07,0.5851024693401996,0.5127846135779829,41.11369037618,0.2805438334879752,low,0.07231785576221672,landsat_gee,True
NSR-GRID-024,LC08_L2SP_176039_20251007_20251115_02_T1,2025-10-07,-0.6143502925689717,-1.1206352824222114,39.91423761427083,0.3712985026022729,medium,0.5062849898532398,landsat_gee,True
NSR-GRID-025,LC08_L2SP_176039_20251007_20251115_02_T1,2025-10-07,-0.5101742222713099,-0.705874745720342,40.01841368456849,0.3635226094241991,medium,0.1957005234490321,landsat_gee,True
NSR-GRID-026,LC08_L2SP_176039_20251007_20251115_02_T1,2025-10-07,-1.7175396601588702,-1.621028755742782,38.81104824668093,0.30081715144009996,low,-0.09651090441608812,landsat_gee,True
NSR-GRID-027,LC08_L2SP_176039_20251007_20251115_02_T1,2025-10-07,-2.2326686948537,-2.007733586165261,38.2959192119861,0.35200931653641854,medium,-0.22493510868843858,landsat_gee,True
NSR-GRID-028,LC08_L2SP_176039_20251007_20251115_02_T1,2025-10-07,-2.754074801357973,-2.8355148407294375,37.77451310548183,0.3661969940779564,medium,0.08144003937146449,landsat_gee,True
NSR-GRID-029,LC08_L2SP_176039_20251007_20251115_02_T1,2025-10-07,-1.9640917087048564,-1.7527939185349193,38.56449619813495,0.36286928934821233,medium,-0.2112977901699371,landsat_gee,True
NSR-GRID-030,LC08_L2SP_176039_20251007_20251115_02_T1,2025-10-07,-1.6328130082181789,-1.315283457685835,38.895774898621625,0.3445031879244769,low,-0.3175295505323439,landsat_gee,True
NSR-GRID-031,LC08_L2SP_176039_20251007_20251115_02_T1,2025-10-07,0.5483442989397034,0.3886885339128604,41.07693220577951,0.3283779748923386,low,0.15965576502684298,landsat_gee,True
NSR-GRID-032,LC08_L2SP_176039_20251007_20251115_02_T1,2025-10-07,1.1933890640217228,0.841951119472404,41.721976970861526,0.37797875127475744,medium,0.35143794454931887,landsat_gee,True
NSR-GRID-033,LC08_L2SP_176039_20251007_20251115_02_T1,2025-10-07,4.304775227917524,3.4000354564075903,44.83336313475733,0.3350546206193673,low,0.9047397715099339,landsat_gee,True
NSR-GRID-034,LC08_L2SP_176039_20251007_20251115_02_T1,2025-10-07,2.3307791786646703,1.853512667567555,42.85936708550447,0.3217527054282175,low,0.47726651109711526,landsat_gee,True
NSR-GRID-035,LC08_L2SP_176039_20251007_20251115_02_T1,2025-10-07,2.5657235344965983,2.539794799323523,43.0943114413364,0.31610242376752384,low,0.025928735173075257,landsat_gee,True
NSR-GRID-036,LC08_L2SP_176039_20251007_20251115_02_T1,2025-10-07,3.125140622222915,2.7656083581244246,43.65372852906272,0.31996450937220194,low,0.3595322640984904,landsat_gee,True
NSR-GRID-037,LC08_L2SP_176039_20251007_20251115_02_T1,2025-10-07,2.0289073242327547,1.9659737958038723,42.55749523107256,0.3368809827343715,low,0.06293352842888233,landsat_gee,True
NSR-GRID-038,LC08_L2SP_176039_20251007_20251115_02_T1,2025-10-07,3.0382731359544053,2.7667980261143974,43.56686104279421,0.3716004767466504,medium,0.2714751098400079,landsat_gee,True
NSR-GRID-039,LC08_L2SP_176039_20251007_20251115_02_T1,2025-10-07,2.079286561261519,1.54045377048357,42.60787446810132,0.383569344986321,medium,0.5388327907779489,landsat_gee,True
NSR-GRID-040,LC08_L2SP_176039_20251007_20251115_02_T1,2025-10-07,1.518566406312388,1.3504566772462454,42.04715431315219,0.391811546119387,medium,0.16810972906614263,landsat_gee,True
NSR-GRID-041,LC08_L2SP_176039_20251007_20251115_02_T1,2025-10-07,-1.3915293810788685,-1.6288272577790348,39.137058525760935,0.3603048565250011,medium,0.23729787670016633,landsat_gee,True
NSR-GRID-042,LC08_L2SP_176039_20251007_20251115_02_T1,2025-10-07,2.29380658358204,1.9500600107998696,42.82239449042184,0.3277394098993018,low,0.34374657278217047,landsat_gee,True
NSR-GRID-043,LC08_L2SP_176039_20251007_20251115_02_T1,2025-10-07,2.0524125016243104,1.8970058266498275,42.581000408464114,0.3582284951416401,medium,0.1554066749744829,landsat_gee,True
NSR-GRID-044,LC08_L2SP_176039_20251007_20251115_02_T1,2025-10-07,-1.3066137330358103,-1.1166979663072045,39.22197417380399,0.4870409055798015,medium,-0.18991576672860577,landsat_gee,True
NSR-GRID-045,LC08_L2SP_176039_20251007_20251115_02_T1,2025-10-07,1.6634715288614217,1.5296803569528672,42.192059435701225,0.2695547732863906,low,0.1337911719085545,landsat_gee,True
NSR-GRID-046,LC08_L2SP_176039_20251007_20251115_02_T1,2025-10-07,2.022961146486523,1.7342280742560976,42.551549053326326,0.3607017434085259,medium,0.2887330722304253,landsat_gee,True
NSR-GRID-047,LC08_L2SP_176039_20251007_20251115_02_T1,2025-10-07,2.3414121233468137,1.7723579991130296,42.87000003018662,0.24922688573774054,low,0.5690541242337841,landsat_gee,True
NSR-GRID-048,LC08_L2SP_176039_20251007_20251115_02_T1,2025-10-07,2.180070726727095,1.9813912090842054,42.7086586335669,0.40419577674338053,medium,0.1986795176428897,landsat_gee,True
NSR-GRID-049,LC08_L2SP_176039_20251007_20251115_02_T1,2025-10-07,2.0570612278221176,1.537452824511742,42.58564913466192,0.2500484657922107,low,0.5196084033103756,landsat_gee,True
NSR-GRID-050,LC08_L2SP_176039_20251007_20251115_02_T1,2025-10-07,2.136546458015076,1.8085272563312353,42.66513436485488,0.37539141665705905,medium,0.3280192016838408,landsat_gee,True
NSR-GRID-051,LC08_L2SP_176039_20251007_20251115_02_T1,2025-10-07,0.2978046466955177,0.6774493201234077,40.82639255353532,0.21020281355105053,low,-0.37964467342789004,landsat_gee,True
NSR-GRID-052,LC08_L2SP_176039_20251007_20251115_02_T1,2025-10-07,-2.4905993138552844,-2.627709014989714,38.03798859298452,0.3370650740469371,low,0.13710970113442977,landsat_gee,True
NSR-GRID-053,LC08_L2SP_176039_20251007_20251115_02_T1,2025-10-07,1.184985597917688,1.0713296835281252,41.71357350475749,0.23238387370715582,low,0.1136559143895628,landsat_gee,True
NSR-GRID-054,LC08_L2SP_176039_20251007_20251115_02_T1,2025-10-07,-2.8131431499967974,-2.7790842768182498,37.715444756843006,0.35653963685161827,medium,-0.03405887317854761,landsat_gee,True
NSR-GRID-055,LC08_L2SP_176039_20251007_20251115_02_T1,2025-10-07,-0.6969838813163562,-0.8766548138206155,39.83160402552345,0.33233050019669935,low,0.17967093250425925,landsat_gee,True
NSR-GRID-056,LC08_L2SP_176039_20251007_20251115_02_T1,2025-10-07,0.5513532921233804,0.4465299214061603,41.07994119896318,0.3649456829550295,medium,0.10482337071722003,landsat_gee,True
NSR-GRID-057,LC08_L2SP_176039_20251007_20251115_02_T1,2025-10-07,-0.9181123328519264,-0.8873570307218258,39.61047557398788,0.35023184102116856,medium,-0.03075530213010058,landsat_gee,True
NSR-GRID-058,LC08_L2SP_176039_20251007_20251115_02_T1,2025-10-07,-2.383357334670393,-2.0276025777633477,38.14523057216941,0.3356358816615586,low,-0.35575475690704517,landsat_gee,True
NSR-GRID-059,LC08_L2SP_176039_20251007_20251115_02_T1,2025-10-07,-1.5719836518939942,-1.4429343947951712,38.95660425494581,0.3463566385611569,low,-0.1290492570988231,landsat_gee,True
NSR-GRID-060,LC08_L2SP_176039_20251007_20251115_02_T1,2025-10-07,-1.0750166799067742,-1.1164750618389008,39.45357122693303,0.3641011702668199,medium,0.04145838193212659,landsat_gee,True
NSR-GRID-061,LC08_L2SP_176039_20251007_20251115_02_T1,2025-10-07,1.4628747500204895,1.5067598624829226,41.99146265686029,0.2975086573261659,low,-0.043885112462433096,landsat_gee,True
NSR-GRID-062,LC08_L2SP_176039_20251007_20251115_02_T1,2025-10-07,1.5434029205428814,1.3550380503831458,42.071990827382685,0.3287343291935878,low,0.18836487015973558,landsat_gee,True
NSR-GRID-063,LC08_L2SP_176039_20251007_20251115_02_T1,2025-10-07,3.1381158896229664,2.4018185031678043,43.66670379646277,0.36200940298305395,medium,0.7362973864551621,landsat_gee,True
NSR-GRID-064,LC08_L2SP_176039_20251007_20251115_02_T1,2025-10-07,1.6677870952382392,1.4291310901591139,42.19637500207804,0.3464766925607413,low,0.23865600507912532,landsat_gee,True
NSR-GRID-065,LC08_L2SP_176039_20251007_20251115_02_T1,2025-10-07,-0.9493776887648266,-1.1454492839948665,39.57921021807498,0.4035070636363606,medium,0.1960715952300398,landsat_gee,True
NSR-GRID-066,LC08_L2SP_176039_20251007_20251115_02_T1,2025-10-07,3.580998160592266,2.849535685498988,44.10958606743207,0.32229047557429535,low,0.7314624750932777,landsat_gee,True
NSR-GRID-067,LC08_L2SP_176039_20251007_20251115_02_T1,2025-10-07,2.9210212926222425,2.353116038616475,43.449609199462046,0.33187503586745837,low,0.5679052540057676,landsat_gee,True
NSR-GRID-068,LC08_L2SP_176039_20251007_20251115_02_T1,2025-10-07,-0.9741823063150932,-1.1038948440127225,39.55440560052471,0.4866604496303239,medium,0.12971253769762936,landsat_gee,True
NSR-GRID-069,LC08_L2SP_176039_20251007_20251115_02_T1,2025-10-07,-0.2087969530402063,-0.3016358749560896,40.3197909537996,0.38835528691668947,medium,0.09283892191588333,landsat_gee,True
NSR-GRID-070,LC08_L2SP_176039_20251007_20251115_02_T1,2025-10-07,1.650626164623766,1.5708757637586725,42.17921407146357,0.3380173192959442,low,0.07975040086509355,landsat_gee,True
NSR-GRID-071,LC08_L2SP_176039_20251007_20251115_02_T1,2025-10-07,1.803170270182882,1.8608816502223213,42.331758177022685,0.3339327024797447,low,-0.05771138003943932,landsat_gee,True
NSR-GRID-072,LC08_L2SP_176039_20251007_20251115_02_T1,2025-10-07,1.849806908903893,1.5688751231342748,42.3783948157437,0.25276374724633693,low,0.2809317857696183,landsat_gee,True
NSR-GRID-073,LC08_L2SP_176039_20251007_20251115_02_T1,2025-10-07,1.1105873170228335,1.189321628161084,41.63917522386264,0.2599174077476744,low,-0.07873431113825058,landsat_gee,True
NSR-GRID-074,LC08_L2SP_176039_20251007_20251115_02_T1,2025-10-07,0.6983178014450075,1.1015552415206253,41.22690570828481,0.2347390072015037,low,-0.4032374400756178,landsat_gee,True
NSR-GRID-075,LC08_L2SP_176039_20251007_20251115_02_T1,2025-10-07,0.8597903719226139,1.144876908797981,41.38837827876242,0.25911298650241227,low,-0.2850865368753672,landsat_gee,True
NSR-GRID-076,LC08_L2SP_176039_20251007_20251115_02_T1,2025-10-07,1.5956239595738566,1.1050214313760185,42.12421186641366,0.254826138530235,low,0.4906025281978381,landsat_gee,True
NSR-GRID-077,LC08_L2SP_176039_20251007_20251115_02_T1,2025-10-07,0.2046583033866937,-0.4292439157973908,40.7332462102265,0.18332244435785927,low,0.6339022191840845,landsat_gee,True
NSR-GRID-079,LC08_L2SP_176039_20251007_20251115_02_T1,2025-10-07,1.098160998201493,0.7998036024864859,41.626748905041296,0.24422391506013605,low,0.2983573957150072,landsat_gee,True
NSR-GRID-080,LC08_L2SP_176039_20251007_20251115_02_T1,2025-10-07,-2.742884676133791,-2.7741209217433456,37.78570323070601,0.3198876492253434,low,0.031236245609554736,landsat_gee,True
NSR-GRID-081,LC08_L2SP_176039_20251007_20251115_02_T1,2025-10-07,1.087507924004797,0.6440357428477618,41.6160958308446,0.24755663197955963,low,0.44347218115703513,landsat_gee,True
NSR-GRID-082,LC08_L2SP_176039_20251007_20251115_02_T1,2025-10-07,-0.4991700086983144,-0.8902662494065107,40.02941789814149,0.37526338443074203,medium,0.39109624070819626,landsat_gee,True
NSR-GRID-083,LC08_L2SP_176039_20251007_20251115_02_T1,2025-10-07,0.0870819122098112,-0.1537713832900198,40.615669819049614,0.3691716559377708,medium,0.24085329549983098,landsat_gee,True
NSR-GRID-084,LC08_L2SP_176039_20251007_20251115_02_T1,2025-10-07,1.1051058108949905,0.6131511690495893,41.63369371773479,0.38250580578665827,medium,0.49195464184540116,landsat_gee,True
NSR-GRID-085,LC08_L2SP_176039_20251007_20251115_02_T1,2025-10-07,-1.4156318610661458,-1.2789823387137542,39.11295604577366,0.3843963543991797,medium,-0.13664952235239158,landsat_gee,True
NSR-GRID-086,LC08_L2SP_176039_20251007_20251115_02_T1,2025-10-07,-1.4965894953340282,-1.4815079171713277,39.031998411505775,0.3618780449392024,medium,-0.015081578162700504,landsat_gee,True
NSR-GRID-087,LC08_L2SP_176039_20251007_20251115_02_T1,2025-10-07,-1.955956219735548,-1.9849331027264723,38.572631687104256,0.35495301742110597,medium,0.02897688299092427,landsat_gee,True
NSR-GRID-088,LC08_L2SP_176039_20251007_20251115_02_T1,2025-10-07,-0.384972260216017,-0.42711492316858174,40.143615646623786,0.37823119041324743,medium,0.04214266295256475,landsat_gee,True
NSR-GRID-089,LC08_L2SP_176039_20251007_20251115_02_T1,2025-10-07,-1.0226390445921751,-1.2217637920176128,39.50594886224763,0.32070050917579784,low,0.19912474742543762,landsat_gee,True
NSR-GRID-090,LC08_L2SP_176039_20251007_20251115_02_T1,2025-10-07,0.788754558033979,0.6466731053931456,41.31734246487378,0.32374069422069496,low,0.14208145264083338,landsat_gee,True
NSR-GRID-091,LC08_L2SP_176039_20251007_20251115_02_T1,2025-10-07,1.718815635534476,1.3921244409533262,42.24740354237428,0.34986611876982593,low,0.3266911945811497,landsat_gee,True
NSR-GRID-092,LC08_L2SP_176039_20251007_20251115_02_T1,2025-10-07,-1.395314557408561,-1.6904153777109936,39.13327334943124,0.4194416481419752,medium,0.29510082030243256,landsat_gee,True
NSR-GRID-093,LC08_L2SP_176039_20251007_20251115_02_T1,2025-10-07,-0.0759765824575353,-0.32011558308119104,40.45261132438227,0.39159648255050783,medium,0.24413900062365573,landsat_gee,True
NSR-GRID-094,LC08_L2SP_176039_20251007_20251115_02_T1,2025-10-07,-1.330560995425948,-1.5172618798516517,39.198026911413855,0.39645752489968045,medium,0.18670088442570365,landsat_gee,True
NSR-GRID-095,LC08_L2SP_176039_20251007_20251115_02_T1,2025-10-07,-0.256780046222012,-0.15534459836301331,40.27180786061779,0.38484670371849083,medium,-0.10143544785899869,landsat_gee,True
NSR-GRID-096,LC08_L2SP_176039_20251007_20251115_02_T1,2025-10-07,-0.7426766062545056,-0.8358892396920409,39.7859113005853,0.4377111278584054,medium,0.09321263343753527,landsat_gee,True
NSR-GRID-097,LC08_L2SP_176039_20251007_20251115_02_T1,2025-10-07,-0.4918903668147791,-0.3031173955142839,40.036697540025024,0.3138840753463876,low,-0.1887729713004952,landsat_gee,True
NSR-GRID-098,LC08_L2SP_176039_20251007_20251115_02_T1,2025-10-07,-0.895942165070835,-0.7843380524806943,39.63264574176897,0.31739019858424644,low,-0.11160411259014069,landsat_gee,True
NSR-GRID-099,LC08_L2SP_176039_20251007_20251115_02_T1,2025-10-07,-0.9069891355471214,-0.8932205330405973,39.62159877129268,0.29065619708934143,low,-0.013768602506524008,landsat_gee,True
NSR-GRID-100,LC08_L2SP_176039_20251007_20251115_02_T1,2025-10-07,-1.5235974496585527,-1.3480610423869752,39.00499045718125,0.20648545838750865,low,-0.1755364072715775,landsat_gee,True
NSR-GRID-101,LC08_L2SP_176039_20251007_20251115_02_T1,2025-10-07,-1.1992597725690786,-1.188707883074716,39.329328134270725,0.1669840612555646,low,-0.010551889494362587,landsat_gee,True
NSR-GRID-102,LC08_L2SP_176039_20251007_20251115_02_T1,2025-10-07,0.7712648225949437,0.8581682908762835,41.29985272943475,0.2077769987423738,low,-0.08690346828133988,landsat_gee,True
NSR-GRID-103,LC08_L2SP_176039_20251007_20251115_02_T1,2025-10-07,1.2045644473420367,0.5298560928243305,41.73315235418184,0.2362993379390095,low,0.6747083545177062,landsat_gee,True
NSR-GRID-104,LC08_L2SP_176039_20251007_20251115_02_T1,2025-10-07,2.2303243358271203,1.8819548711055363,42.75891224266692,0.25523196741744136,low,0.34836946472158403,landsat_gee,True
NSR-GRID-105,LC08_L2SP_176039_20251007_20251115_02_T1,2025-10-07,-2.940869458214109,-2.649466599506702,37.587718448625694,0.31033888156157396,low,-0.2914028587074071,landsat_gee,True
NSR-GRID-106,LC08_L2SP_176039_20251007_20251115_02_T1,2025-10-07,0.6014152870396003,0.5167221776273636,41.1300031938794,0.22796779479481613,low,0.08469310941223673,landsat_gee,True
NSR-GRID-107,LC08_L2SP_176039_20251007_20251115_02_T1,2025-10-07,-2.4384492847754444,-2.1769078605829715,38.09013862206436,0.3813242872921841,medium,-0.26154142419247295,landsat_gee,True
NSR-GRID-108,LC08_L2SP_176039_20251007_20251115_02_T1,2025-10-07,-2.8135046921844946,-2.7002908857555803,37.71508321465531,0.3486536360075374,low,-0.11321380642891432,landsat_gee,True
NSR-GRID-109,LC08_L2SP_176039_20251007_20251115_02_T1,2025-10-07,-3.3441201098991518,-3.417040713262929,37.18446779694065,0.3610988992071719,medium,0.07292060336377704,landsat_gee,True
NSR-GRID-110,LC08_L2SP_176039_20251007_20251115_02_T1,2025-10-07,-3.190412418028153,-3.25825904705688,37.33817548881165,0.3541855376701164,medium,0.06784662902872718,landsat_gee,True
NSR-GRID-111,LC08_L2SP_176039_20251007_20251115_02_T1,2025-10-07,-2.834404950338431,-3.220880683630111,37.69418295650137,0.3545728942854929,medium,0.3864757332916797,landsat_gee,True
NSR-GRID-112,LC08_L2SP_176039_20251007_20251115_02_T1,2025-10-07,-2.016262773939601,-2.285962462030252,38.5123251329002,0.41388300003021394,medium,0.2696996880906508,landsat_gee,True
NSR-GRID-113,LC08_L2SP_176039_20251007_20251115_02_T1,2025-10-07,-3.849438885687903,-3.910725566869016,36.6791490211519,0.3355199296997388,low,0.0612866811811128,landsat_gee,True
NSR-GRID-114,LC08_L2SP_176039_20251007_20251115_02_T1,2025-10-07,-3.586787568112669,-3.8823309937651636,36.941800338727134,0.3457395119874306,low,0.2955434256524945,landsat_gee,True
NSR-GRID-115,LC08_L2SP_176039_20251007_20251115_02_T1,2025-10-07,-1.8071900136545551,-1.9222472470497216,38.72139789318525,0.36705800161637153,medium,0.11505723339516649,landsat_gee,True
NSR-GRID-116,LC08_L2SP_176039_20251007_20251115_02_T1,2025-10-07,0.7509805770509104,0.7476043942795315,41.27956848389071,0.3757891449482233,medium,0.003376182771378855,landsat_gee,True
NSR-GRID-117,LC08_L2SP_176039_20251007_20251115_02_T1,2025-10-07,1.69029872841422,1.3538646382890387,42.21888663525402,0.30812204708933305,low,0.3364340901251812,landsat_gee,True
NSR-GRID-118,LC08_L2SP_176039_20251007_20251115_02_T1,2025-10-07,1.0863679405533944,0.4369257633586937,41.6149558473932,0.32545977902460466,low,0.6494421771947007,landsat_gee,True
NSR-GRID-119,LC08_L2SP_176039_20251007_20251115_02_T1,2025-10-07,-3.495637243518381,-3.861734303439564,37.03295066332142,0.4685585905908186,medium,0.366097059921183,landsat_gee,True
NSR-GRID-120,LC08_L2SP_176039_20251007_20251115_02_T1,2025-10-07,-3.711812470014742,-3.6725356075805626,36.81677543682506,0.4937081277426762,medium,-0.03927686243417927,landsat_gee,True
NSR-GRID-121,LC08_L2SP_176039_20251007_20251115_02_T1,2025-10-07,-1.414996851119426,-1.2628478464561501,39.11359105572038,0.44843006621185694,medium,-0.15214900466327586,landsat_gee,True
NSR-GRID-122,LC08_L2SP_176039_20251007_20251115_02_T1,2025-10-07,-1.1165040993397923,-1.0963769049223389,39.41208380750001,0.3376970283713673,low,-0.020127194417453476,landsat_gee,True
NSR-GRID-123,LC08_L2SP_176039_20251007_20251115_02_T1,2025-10-07,-1.2703576186681005,-1.0281872716094957,39.2582302881717,0.34933455267226776,low,-0.24217034705860474,landsat_gee,True
NSR-GRID-124,LC08_L2SP_176039_20251007_20251115_02_T1,2025-10-07,-0.5188613175244896,-0.9414482322018118,40.009726589315314,0.32963298429212196,low,0.42258691467732223,landsat_gee,True
NSR-GRID-125,LC08_L2SP_176039_20251007_20251115_02_T1,2025-10-07,-1.514276726683086,-1.6265275247924873,39.01431118015672,0.19534087010158874,low,0.1122507981094012,landsat_gee,True
NSR-GRID-126,LC08_L2SP_176039_20251007_20251115_02_T1,2025-10-07,0.8394704287865764,0.7938412567824614,41.36805833562638,0.2266820839006832,low,0.04562917200411498,landsat_gee,True
NSR-GRID-127,LC08_L2SP_176039_20251007_20251115_02_T1,2025-10-07,2.272453005126046,1.516569420350599,42.80104091196585,0.2365268342037645,low,0.7558835847754468,landsat_gee,True
NSR-GRID-128,LC08_L2SP_176039_20251007_20251115_02_T1,2025-10-07,-2.7042191491254925,-2.4678719422836,37.82436875771431,0.22568564543967212,low,-0.23634720684189237,landsat_gee,True
NSR-GRID-129,LC08_L2SP_176039_20251007_20251115_02_T1,2025-10-07,0.0,0.10579079132536683,40.5285879068398,0.235411688441237,low,-0.10579079132536683,landsat_gee,True
NSR-GRID-130,LC08_L2SP_176039_20251007_20251115_02_T1,2025-10-07,-2.904399816458046,-2.2550973086955053,37.62418809038176,0.366177013387056,medium,-0.6493025077625405,landsat_gee,True
NSR-GRID-131,LC08_L2SP_176039_20251007_20251115_02_T1,2025-10-07,-1.3571454601795665,-0.9728969342914315,39.17144244666024,0.19747625728151016,low,-0.38424852588813496,landsat_gee,True
NSR-GRID-132,LC08_L2SP_176039_20251007_20251115_02_T1,2025-10-07,-4.203008967700782,-3.675426259136224,36.32557893913902,0.34705187445647745,low,-0.5275827085645584,landsat_gee,True
NSR-GRID-133,LC08_L2SP_176039_20251007_20251115_02_T1,2025-10-07,-3.725375034376484,-3.582035274566304,36.80321287246332,0.35973944068253616,medium,-0.14333975981017977,landsat_gee,True
NSR-GRID-134,LC08_L2SP_176039_20251007_20251115_02_T1,2025-10-07,-3.33292393310532,-3.195828933661236,37.19566397373448,0.3524914562663446,medium,-0.1370949994440842,landsat_gee,True
NSR-GRID-135,LC08_L2SP_176039_20251007_20251115_02_T1,2025-10-07,-3.220130611369541,-3.299536518432993,37.30845729547026,0.3387815660754947,low,0.07940590706345185,landsat_gee,True
NSR-GRID-136,LC08_L2SP_176039_20251007_20251115_02_T1,2025-10-07,-2.794076177593837,-2.921938764395947,37.734511729245966,0.24562876074643136,low,0.12786258680210993,landsat_gee,True
NSR-GRID-137,LC08_L2SP_176039_20251007_20251115_02_T1,2025-10-07,-3.5769456242328985,-3.5784395735660115,36.951642282606905,0.341096476684184,low,0.001493949333112976,landsat_gee,True
NSR-GRID-138,LC08_L2SP_176039_20251007_20251115_02_T1,2025-10-07,-3.8897727505308097,-3.8758384336517224,36.63881515630899,0.33373830541704275,low,-0.013934316879087305,landsat_gee,True
NSR-GRID-139,LC08_L2SP_176039_20251007_20251115_02_T1,2025-10-07,-2.067141816761876,-2.0098865585949066,38.46144609007793,0.38531014142731923,medium,-0.05725525816696919,landsat_gee,True
NSR-GRID-140,LC08_L2SP_176039_20251007_20251115_02_T1,2025-10-07,2.570381763165507,2.4217452532959025,43.09896967000531,0.2838905430613195,low,0.14863650986960453,landsat_gee,True
NSR-GRID-141,LC08_L2SP_176039_20251007_20251115_02_T1,2025-10-07,2.8346458779365378,2.6505315220415877,43.36323378477634,0.2614473184460552,low,0.18411435589495007,landsat_gee,True
NSR-GRID-142,LC08_L2SP_176039_20251007_20251115_02_T1,2025-10-07,-0.3619966682185023,-0.365344560300851,40.1665912386213,0.31252629563122764,low,0.0033478920823487024,landsat_gee,True
NSR-GRID-143,LC08_L2SP_176039_20251007_20251115_02_T1,2025-10-07,-2.115341523543229,-2.252594142292264,38.413246383296574,0.42520604255749433,medium,0.13725261874903483,landsat_gee,True
NSR-GRID-144,LC08_L2SP_176039_20251007_20251115_02_T1,2025-10-07,-3.5191954443687408,-3.623179524200724,37.00939246247106,0.47232868602928224,medium,0.10398407983198332,landsat_gee,True
NSR-GRID-145,LC08_L2SP_176039_20251007_20251115_02_T1,2025-10-07,-1.72133645165993,-1.7775223762161012,38.80725145517987,0.4274281946799008,medium,0.05618592455617111,landsat_gee,True
NSR-GRID-146,LC08_L2SP_176039_20251007_20251115_02_T1,2025-10-07,-1.3504439211215242,-1.004383626998118,39.17814398571828,0.32496641625687195,low,-0.34606029412340633,landsat_gee,True
NSR-GRID-147,LC08_L2SP_176039_20251007_20251115_02_T1,2025-10-07,-1.091044234074566,-0.8620998429134833,39.43754367276524,0.3320533019796325,low,-0.22894439116108278,landsat_gee,True
NSR-GRID-148,LC08_L2SP_176039_20251007_20251115_02_T1,2025-10-07,-0.952404055031714,-0.8202315277505821,39.57618385180809,0.2934201863191681,low,-0.13217252728113194,landsat_gee,True
NSR-GRID-149,LC08_L2SP_176039_20251007_20251115_02_T1,2025-10-07,-2.025607170211892,-2.09773400243635,38.50298073662791,0.31717227169470474,low,0.07212683222445815,landsat_gee,True
NSR-GRID-150,LC08_L2SP_176039_20251007_20251115_02_T1,2025-10-07,-2.8144337657448237,-2.539559127110035,37.71415414109498,0.248052632870109,low,-0.27487463863478867,landsat_gee,True
NSR-GRID-151,LC08_L2SP_176039_20251007_20251115_02_T1,2025-10-07,-0.9464564498209852,-0.7125229341125414,39.58213145701882,0.20912954912294235,low,-0.23393351570844378,landsat_gee,True
NSR-GRID-152,LC08_L2SP_176039_20251007_20251115_02_T1,2025-10-07,-2.40020885137028,-1.952737236288351,38.12837905546952,0.3548672452321568,medium,-0.4474716150819291,landsat_gee,True
NSR-GRID-153,LC08_L2SP_176039_20251007_20251115_02_T1,2025-10-07,-3.7520472484745113,-3.2206928972283455,36.77654065836529,0.3697014150946839,medium,-0.5313543512461658,landsat_gee,True
NSR-GRID-154,LC08_L2SP_176039_20251007_20251115_02_T1,2025-10-07,-3.6412152178607897,-3.353969069638921,36.88737268897901,0.35450093840290275,medium,-0.28724614822186867,landsat_gee,True
NSR-GRID-155,LC08_L2SP_176039_20251007_20251115_02_T1,2025-10-07,-4.241855587121314,-3.9712135624884173,36.28673231971849,0.3501103151483262,medium,-0.2706420246328971,landsat_gee,True
NSR-GRID-156,LC08_L2SP_176039_20251007_20251115_02_T1,2025-10-07,-4.177245987090345,-4.0936078390391915,36.35134191974946,0.3372089093893446,low,-0.08363814805115322,landsat_gee,True
NSR-GRID-157,LC08_L2SP_176039_20251007_20251115_02_T1,2025-10-07,-3.917566746488781,-3.7018848894723813,36.61102116035102,0.31463547747976695,low,-0.21568185701639964,landsat_gee,True
NSR-GRID-158,LC08_L2SP_176039_20251007_20251115_02_T1,2025-10-07,-4.322314056418463,-4.04754529314184,36.20627385042134,0.3435094067794001,low,-0.27476876327662314,landsat_gee,True
NSR-GRID-159,LC08_L2SP_176039_20251007_20251115_02_T1,2025-10-07,-3.7538527960645567,-3.831645663590372,36.77473511077525,0.35225821001088226,medium,0.07779286752581527,landsat_gee,True
NSR-GRID-160,LC08_L2SP_176039_20251007_20251115_02_T1,2025-10-07,-2.87377396482794,-2.7835687366257615,37.65481394201186,0.40628235838667204,medium,-0.09020522820217858,landsat_gee,True
NSR-GRID-161,LC08_L2SP_176039_20251007_20251115_02_T1,2025-10-07,-1.5136465313647562,-1.200191430471891,39.01494137547505,0.37530188545186505,medium,-0.3134551008928652,landsat_gee,True
NSR-GRID-162,LC08_L2SP_176039_20251007_20251115_02_T1,2025-10-07,-0.8528656348182864,-0.4158811124448397,39.67572227202152,0.33636452787782234,low,-0.43698452237344665,landsat_gee,True
NSR-GRID-163,LC08_L2SP_176039_20251007_20251115_02_T1,2025-10-07,-0.9476180099137892,-0.9912384770986894,39.580969896926014,0.3842750354235245,medium,0.0436204671849002,landsat_gee,True
NSR-GRID-164,LC08_L2SP_176039_20251007_20251115_02_T1,2025-10-07,-2.103613360543285,-1.89985553608721,38.42497454629652,0.37592572285441356,medium,-0.20375782445607515,landsat_gee,True
NSR-GRID-165,LC08_L2SP_176039_20251007_20251115_02_T1,2025-10-07,-3.2895475844599176,-3.6177440830801277,37.239040322379886,0.47448324443257994,medium,0.32819649862021016,landsat_gee,True
NSR-GRID-166,LC08_L2SP_176039_20251007_20251115_02_T1,2025-10-07,-2.0835988617652035,-1.7470376072122018,38.4449890450746,0.44245754563345074,medium,-0.3365612545530017,landsat_gee,True
NSR-GRID-167,LC08_L2SP_176039_20251007_20251115_02_T1,2025-10-07,-1.2815639282465412,-1.0442539276266856,39.24702397859326,0.35164755750748017,medium,-0.23731000061985563,landsat_gee,True
NSR-GRID-168,LC08_L2SP_176039_20251007_20251115_02_T1,2025-10-07,-1.3055269492500656,-0.9442306621300324,39.22306095758974,0.34307568254297316,low,-0.36129628712003325,landsat_gee,True
NSR-GRID-169,LC08_L2SP_176039_20251007_20251115_02_T1,2025-10-07,-1.4038750361898522,-1.0534802356100728,39.12471287064995,0.3209009649180257,low,-0.35039480057977945,landsat_gee,True
NSR-GRID-170,LC08_L2SP_176039_20251007_20251115_02_T1,2025-10-07,-0.8555326032361208,-0.9242342459969742,39.67305530360368,0.2796150544772209,low,0.06870164276085344,landsat_gee,True
NSR-GRID-171,LC08_L2SP_176039_20251007_20251115_02_T1,2025-10-07,-0.5736658962434689,-0.7185353005178216,39.954922010596334,0.2071060193057195,low,0.1448694042743527,landsat_gee,True
NSR-GRID-172,LC08_L2SP_176039_20251007_20251115_02_T1,2025-10-07,-0.1533092878869411,-0.2449696702419033,40.37527861895286,0.17589679323144042,low,0.09166038235496221,landsat_gee,True
NSR-GRID-173,LC08_L2SP_176039_20251007_20251115_02_T1,2025-10-07,1.0263756228426502,0.9181986724988886,41.55496352968245,0.24200596034102834,low,0.10817695034376151,landsat_gee,True
NSR-GRID-174,LC08_L2SP_176039_20251007_20251115_02_T1,2025-10-07,-1.1876185517591722,-1.064076372561572,39.34096935508063,0.3163321599587664,low,-0.12354217919760013,landsat_gee,True
NSR-GRID-175,LC08_L2SP_176039_20251007_20251115_02_T1,2025-10-07,-3.957759542052415,-3.45163416838129,36.57082836478739,0.3458412965719111,low,-0.5061253736711251,landsat_gee,True
NSR-GRID-176,LC08_L2SP_176039_20251007_20251115_02_T1,2025-10-07,-4.036912058466797,-3.439403411825177,36.491675848373006,0.32836234137314657,low,-0.5975086466416197,landsat_gee,True
NSR-GRID-177,LC08_L2SP_176039_20251007_20251115_02_T1,2025-10-07,-4.082534985072307,-3.3285539222790974,36.446052921767496,0.34209513084893867,low,-0.7539810627932098,landsat_gee,True
NSR-GRID-178,LC08_L2SP_176039_20251007_20251115_02_T1,2025-10-07,-3.73739922164399,-3.4889724366679284,36.79118868519581,0.34143104310956723,low,-0.24842678497606174,landsat_gee,True
NSR-GRID-179,LC08_L2SP_176039_20251007_20251115_02_T1,2025-10-07,-3.778081318960695,-3.760281310314625,36.75050658787911,0.33031504064891104,low,-0.017800008646069898,landsat_gee,True
NSR-GRID-180,LC08_L2SP_176039_20251007_20251115_02_T1,2025-10-07,-4.004779064639763,-3.7487395645222543,36.52380884220004,0.3282457342990243,low,-0.25603950011750864,landsat_gee,True
NSR-GRID-181,LC08_L2SP_176039_20251007_20251115_02_T1,2025-10-07,-3.390014913673582,-3.0345068574309897,37.13857299316622,0.35363381113905074,medium,-0.3555080562425923,landsat_gee,True
NSR-GRID-182,LC08_L2SP_176039_20251007_20251115_02_T1,2025-10-07,-2.7868383510880648,-2.4845424556512437,37.74174955575174,0.3840358720692832,medium,-0.3022958954368211,landsat_gee,True
NSR-GRID-183,LC08_L2SP_176039_20251007_20251115_02_T1,2025-10-07,-1.7537910880187653,-1.6630965126645125,38.77479681882104,0.38461072717984535,medium,-0.09069457535425274,landsat_gee,True
NSR-GRID-184,LC08_L2SP_176039_20251007_20251115_02_T1,2025-10-07,-1.790328055151896,-1.5615019254541496,38.73825985168791,0.38638728351788815,medium,-0.22882612969774652,landsat_gee,True
NSR-GRID-185,LC08_L2SP_176039_20251007_20251115_02_T1,2025-10-07,-1.2756942105515208,-1.0949376369310944,39.25289369628828,0.3444460262857071,low,-0.1807565736204264,landsat_gee,True
NSR-GRID-186,LC08_L2SP_176039_20251007_20251115_02_T1,2025-10-07,-1.8466038615446363,-1.8513529682138192,38.68198404529517,0.4043962699169916,medium,0.004749106669182934,landsat_gee,True
NSR-GRID-187,LC08_L2SP_176039_20251007_20251115_02_T1,2025-10-07,-2.0798056225350265,-2.02419060392427,38.44878228430478,0.4552123860542223,medium,-0.05561501861075646,landsat_gee,True
NSR-GRID-188,LC08_L2SP_176039_20251007_20251115_02_T1,2025-10-07,-2.580553886896155,-2.28947842489124,37.94803401994365,0.4218540953952602,medium,-0.29107546200491496,landsat_gee,True
NSR-GRID-189,LC08_L2SP_176039_20251007_20251115_02_T1,2025-10-07,-3.0015041508009546,-2.6033698843861397,37.52708375603885,0.4373998849229891,medium,-0.39813426641481486,landsat_gee,True
NSR-GRID-190,LC08_L2SP_176039_20251007_20251115_02_T1,2025-10-07,-2.80918092442257,-2.519154354786927,37.71940698241723,0.35496091097528365,medium,-0.2900265696356432,landsat_gee,True
NSR-GRID-191,LC08_L2SP_176039_20251007_20251115_02_T1,2025-10-07,-1.2543704585857611,-1.577530092455839,39.27421744825404,0.31210936700753844,low,0.32315963387007796,landsat_gee,True
NSR-GRID-192,LC08_L2SP_176039_20251007_20251115_02_T1,2025-10-07,0.6363208575027457,0.5155505305917676,41.16490876434255,0.22699690933791802,low,0.12077032691097811,landsat_gee,True
NSR-GRID-193,LC08_L2SP_176039_20251007_20251115_02_T1,2025-10-07,-0.9489333541535458,-0.7224578152764082,39.57965455268626,0.3625576124483132,medium,-0.22647553887713767,landsat_gee,True
NSR-GRID-194,LC08_L2SP_176039_20251007_20251115_02_T1,2025-10-07,0.5139321227645297,0.39379744473507117,41.04252002960433,0.26430842487091116,low,0.12013467802945854,landsat_gee,True
NSR-GRID-195,LC08_L2SP_176039_20251007_20251115_02_T1,2025-10-07,-3.700449020097743,-3.183371692201554,36.82813888674206,0.34651733470452384,low,-0.5170773278961889,landsat_gee,True
NSR-GRID-196,LC08_L2SP_176039_20251007_20251115_02_T1,2025-10-07,-0.697024668338905,-0.6332179930385545,39.8315632385009,0.2631792446199986,low,-0.06380667530035045,landsat_gee,True
NSR-GRID-197,LC08_L2SP_176039_20251007_20251115_02_T1,2025-10-07,-3.8450124660331184,-3.349432930475666,36.683575440806685,0.3062827292307287,low,-0.4955795355574524,landsat_gee,True
NSR-GRID-198,LC08_L2SP_176039_20251007_20251115_02_T1,2025-10-07,-3.530134739357756,-3.261772266138003,36.99845316748205,0.2577096796767846,low,-0.26836247321975293,landsat_gee,True
NSR-GRID-199,LC08_L2SP_176039_20251007_20251115_02_T1,2025-10-07,-4.245792643783631,-3.986965554522375,36.28279526305617,0.3553599150904711,medium,-0.2588270892612554,landsat_gee,True
NSR-GRID-200,LC08_L2SP_176039_20251007_20251115_02_T1,2025-10-07,-3.632337710640172,-3.630196725603854,36.89625019619963,0.34630832956259294,low,-0.0021409850363180993,landsat_gee,True
NSR-GRID-201,LC08_L2SP_176039_20251007_20251115_02_T1,2025-10-07,-3.7078448105154607,-3.3651251339620214,36.82074309632434,0.37898663481452555,medium,-0.34271967655343927,landsat_gee,True
NSR-GRID-202,LC08_L2SP_176039_20251007_20251115_02_T1,2025-10-07,-2.85589058626077,-2.599026179251797,37.67269732057903,0.359957133218851,medium,-0.2568644070089734,landsat_gee,True
NSR-GRID-203,LC08_L2SP_176039_20251007_20251115_02_T1,2025-10-07,-0.1847980530923365,0.21825794164312637,40.34378985374747,0.4228697244577772,medium,-0.40305599473546283,landsat_gee,True
NSR-GRID-204,LC08_L2SP_176039_20251007_20251115_02_T1,2025-10-07,-2.5653541840361456,-2.2316638500322803,37.96323372280366,0.369391228333105,medium,-0.3336903340038653,landsat_gee,True
NSR-GRID-205,LC08_L2SP_176039_20251007_20251115_02_T1,2025-10-07,-2.243239570233712,-1.8792319879635606,38.28534833660609,0.3823243982423533,medium,-0.3640075822701512,landsat_gee,True
NSR-GRID-206,LC08_L2SP_176039_20251007_20251115_02_T1,2025-10-07,-2.514202165047692,-2.150354872281032,38.01438574179211,0.4026121734262994,medium,-0.36384729276666006,landsat_gee,True
NSR-GRID-207,LC08_L2SP_176039_20251007_20251115_02_T1,2025-10-07,-2.700727851350905,-2.2226320869353757,37.8278600554889,0.4051230228452965,medium,-0.47809576441552926,landsat_gee,True
NSR-GRID-208,LC08_L2SP_176039_20251007_20251115_02_T1,2025-10-07,-2.289131747233398,-2.0134017495209604,38.239456159606405,0.4176446635567974,medium,-0.27572999771243767,landsat_gee,True
NSR-GRID-209,LC08_L2SP_176039_20251007_20251115_02_T1,2025-10-07,-2.180352413010496,-1.8022865931241394,38.34823549382931,0.41012859512313204,medium,-0.3780658198863567,landsat_gee,True
NSR-GRID-210,LC08_L2SP_176039_20251007_20251115_02_T1,2025-10-07,-1.1962321480570497,-1.441405978656719,39.332355758782754,0.4042821038143011,medium,0.24517383059966935,landsat_gee,True
NSR-GRID-211,LC08_L2SP_176039_20251007_20251115_02_T1,2025-10-07,-1.627536143106184,-1.8490829526433854,38.90105176373362,0.41705146773865964,medium,0.2215468095372013,landsat_gee,True
NSR-GRID-212,LC08_L2SP_176039_20251007_20251115_02_T1,2025-10-07,-0.459590095887961,-0.5800443903566999,40.06899781095184,0.36009046273491296,medium,0.12045429446873884,landsat_gee,True
NSR-GRID-213,LC08_L2SP_176039_20251007_20251115_02_T1,2025-10-07,0.141553978763774,-0.027418254010283815,40.67014188560358,0.2832691191050884,low,0.16897223277405782,landsat_gee,True
NSR-GRID-214,LC08_L2SP_176039_20251007_20251115_02_T1,2025-10-07,-4.205120954159014,-3.8605651871764843,36.32346695268079,0.3726143386977848,medium,-0.34455576698252965,landsat_gee,True
NSR-GRID-215,LC08_L2SP_176039_20251007_20251115_02_T1,2025-10-07,-4.0057207192147,-3.6133362577893258,36.5228671876251,0.3203538208477473,low,-0.39238446142537464,landsat_gee,True
NSR-GRID-216,LC08_L2SP_176039_20251007_20251115_02_T1,2025-10-07,-2.7864519384319664,-2.40191695738545,37.74213596840784,0.3268834237105337,low,-0.3845349810465164,landsat_gee,True
NSR-GRID-217,LC08_L2SP_176039_20251007_20251115_02_T1,2025-10-07,-3.3176384774665664,-3.051486046021213,37.21094942937324,0.3707524759046942,medium,-0.26615243144535317,landsat_gee,True
NSR-GRID-218,LC08_L2SP_176039_20251007_20251115_02_T1,2025-10-07,-2.7536471769207367,-2.59579962277144,37.77494072991907,0.37057630336895175,medium,-0.15784755414929652,landsat_gee,True
NSR-GRID-219,LC08_L2SP_176039_20251007_20251115_02_T1,2025-10-07,-1.6420602154121298,-1.6296532151349448,38.88652769142767,0.3783446548296676,medium,-0.012407000277184999,landsat_gee,True
NSR-GRID-220,LC08_L2SP_176039_20251007_20251115_02_T1,2025-10-07,-1.187233133044998,-1.038120518310318,39.341354773794805,0.38946087476258395,medium,-0.14911261473467996,landsat_gee,True
NSR-GRID-221,LC08_L2SP_176039_20251007_20251115_02_T1,2025-10-07,-1.7172631768069024,-1.2293355770733532,38.8113247300329,0.4020971911577682,medium,-0.48792759973354927,landsat_gee,True
NSR-GRID-222,LC08_L2SP_176039_20251007_20251115_02_T1,2025-10-07,-1.6183549569650282,-1.309177695671888,38.910232949874775,0.39695375599113375,medium,-0.30917726129314027,landsat_gee,True
NSR-GRID-223,LC08_L2SP_176039_20251007_20251115_02_T1,2025-10-07,-2.490464388575603,-2.2042229839357526,38.0381235182642,0.4395204313052318,medium,-0.2862414046398505,landsat_gee,True
NSR-GRID-224,LC08_L2SP_176039_20251007_20251115_02_T1,2025-10-07,-2.289717007987832,-2.0578741350752345,38.23887089885197,0.48026454009973474,medium,-0.23184287291259764,landsat_gee,True
NSR-GRID-225,LC08_L2SP_176039_20251007_20251115_02_T1,2025-10-07,-1.2750195612660915,-1.1343129462387265,39.25356834557371,0.42715999446331593,medium,-0.14070661502736503,landsat_gee,True
NSR-GRID-226,LC08_L2SP_176039_20251007_20251115_02_T1,2025-10-07,-1.4299211662418898,-1.2014984886255746,39.09866674059791,0.3534779394547536,medium,-0.22842267761631518,landsat_gee,True
NSR-GRID-227,LC08_L2SP_176039_20251007_20251115_02_T1,2025-10-07,-1.8386050206445503,-1.8488080170507275,38.68998288619525,0.42787052632331035,medium,0.010202996406177167,landsat_gee,True
NSR-GRID-228,LC08_L2SP_176039_20251007_20251115_02_T1,2025-10-07,-1.9739907531539915,-1.7487007480621466,38.55459715368581,0.40965224800370276,medium,-0.22529000509184494,landsat_gee,True
NSR-GRID-229,LC08_L2SP_176039_20251007_20251115_02_T1,2025-10-07,-1.5674015218138138,-1.3218166043995763,38.96118638502599,0.43731649909219417,medium,-0.2455849174142375,landsat_gee,True
NSR-GRID-230,LC08_L2SP_176039_20251007_20251115_02_T1,2025-10-07,-1.5497243937183356,-1.5180574496974166,38.97886351312147,0.38344372709672747,medium,-0.03166694402091896,landsat_gee,True
NSR-GRID-231,LC08_L2SP_176039_20251007_20251115_02_T1,2025-10-07,1.44276557194776,1.568355581073849,41.97135347878756,0.3178732863468853,low,-0.12559000912608909,landsat_gee,True
NSR-GRID-232,LC08_L2SP_176039_20251007_20251115_02_T1,2025-10-07,-3.391293201096097,-2.735703379467557,37.137294705743706,0.3154518441687202,low,-0.6555898216285403,landsat_gee,True
NSR-GRID-233,LC08_L2SP_176039_20251007_20251115_02_T1,2025-10-07,-3.963963430331802,-3.4807444244971095,36.564624476508,0.3667789860746362,medium,-0.48321900583469235,landsat_gee,True
NSR-GRID-234,LC08_L2SP_176039_20251007_20251115_02_T1,2025-10-07,-3.451025045318225,-3.2082173092758213,37.07756286152158,0.36612023442427893,medium,-0.2428077360424039,landsat_gee,True
NSR-GRID-235,LC08_L2SP_176039_20251007_20251115_02_T1,2025-10-07,-0.960021641528165,-0.9954355317757578,39.56856626531164,0.35787199625983984,medium,0.03541389024759278,landsat_gee,True
NSR-GRID-236,LC08_L2SP_176039_20251007_20251115_02_T1,2025-10-07,1.2694459752942393,1.1714630352582747,41.79803388213404,0.375626213397613,medium,0.09798294003596464,landsat_gee,True
NSR-GRID-237,LC08_L2SP_176039_20251007_20251115_02_T1,2025-10-07,3.576781081243517,3.073487248118737,44.10536898808332,0.30015802083279175,low,0.5032938331247796,landsat_gee,True
NSR-GRID-238,LC08_L2SP_176039_20251007_20251115_02_T1,2025-10-07,1.8160734066692896,1.5865625533092693,42.34466131350909,0.3398341604059059,low,0.2295108533600203,landsat_gee,True
NSR-GRID-239,LC08_L2SP_176039_20251007_20251115_02_T1,2025-10-07,0.6244400591263783,0.6732169595077763,41.15302796596618,0.39308103936831806,medium,-0.048776900381397925,landsat_gee,True
NSR-GRID-240,LC08_L2SP_176039_20251007_20251115_02_T1,2025-10-07,0.6964202907258823,0.22565524814092863,41.225008197565685,0.36170758826672,medium,0.47076504258495366,landsat_gee,True
NSR-GRID-241,LC08_L2SP_176039_20251007_20251115_02_T1,2025-10-07,-0.8884373351701029,-1.0759513346339518,39.6401505716697,0.4477579318363744,medium,0.18751399946384883,landsat_gee,True
NSR-GRID-242,LC08_L2SP_176039_20251007_20251115_02_T1,2025-10-07,-1.8556571960547643,-1.59249329537896,38.67293071078504,0.4948849423140345,medium,-0.2631639006758044,landsat_gee,True
NSR-GRID-243,LC08_L2SP_176039_20251007_20251115_02_T1,2025-10-07,-0.6171103702198764,-0.8798699688847306,39.91147753661993,0.38792430431650426,medium,0.2627595986648542,landsat_gee,True
NSR-GRID-244,LC08_L2SP_176039_20251007_20251115_02_T1,2025-10-07,1.167019851772828,1.4882262797727202,41.69560775861263,0.2653912850927254,low,-0.3212064279998921,landsat_gee,True
NSR-GRID-245,LC08_L2SP_176039_20251007_20251115_02_T1,2025-10-07,0.9171963463189314,0.9344520508160259,41.445784253158735,0.3430521813352632,low,-0.01725570449709446,landsat_gee,True
NSR-GRID-246,LC08_L2SP_176039_20251007_20251115_02_T1,2025-10-07,-0.4649176718048622,-0.3938902132330449,40.06367023503494,0.4165882582431966,medium,-0.0710274585718173,landsat_gee,True
NSR-GRID-247,LC08_L2SP_176039_20251007_20251115_02_T1,2025-10-07,-0.6822724036879606,-0.4607068942187818,39.84631550315184,0.37120345291904516,medium,-0.2215655094691788,landsat_gee,True
NSR-GRID-248,LC08_L2SP_176039_20251007_20251115_02_T1,2025-10-07,-0.810479852868724,-0.7789618765828807,39.71810805397108,0.37947625274717245,medium,-0.0315179762858433,landsat_gee,True
NSR-GRID-249,LC08_L2SP_176039_20251007_20251115_02_T1,2025-10-07,-2.0630179034827165,-1.7989054843352925,38.46557000335709,0.377120724987849,medium,-0.264112419147424,landsat_gee,True
NSR-GRID-250,LC08_L2SP_176039_20251007_20251115_02_T1,2025-10-07,1.169385584327202,0.994945103871198,41.697973491167005,0.24915307445078533,low,0.17444048045600402,landsat_gee,True
NSR-GRID-251,LC08_L2SP_176039_20251007_20251115_02_T1,2025-10-07,-2.734426355189292,-2.6430000420784263,37.79416155165051,0.39789041376914325,medium,-0.09142631311086546,landsat_gee,True
NSR-GRID-252,LC08_L2SP_176039_20251007_20251115_02_T1,2025-10-07,-3.198988909091547,-2.8721542546912864,37.329598997748256,0.40532190006095187,medium,-0.3268346544002605,landsat_gee,True
NSR-GRID-253,LC08_L2SP_176039_20251007_20251115_02_T1,2025-10-07,-2.903671579307193,-2.7868224825116794,37.62491632753261,0.3614778505313826,medium,-0.11684909679551359,landsat_gee,True
NSR-GRID-254,LC08_L2SP_176039_20251007_20251115_02_T1,2025-10-07,1.0751379171716169,0.7169714630690671,41.60372582401142,0.4156277054154498,medium,0.35816645410254977,landsat_gee,True
NSR-GRID-255,LC08_L2SP_176039_20251007_20251115_02_T1,2025-10-07,3.3528991386964577,2.8069007655826828,43.88148704553626,0.39996380809918236,medium,0.545998373113775,landsat_gee,True
NSR-GRID-256,LC08_L2SP_176039_20251007_20251115_02_T1,2025-10-07,1.768273987978347,1.4124430800199266,42.29686189481815,0.3322225499380626,low,0.3558309079584203,landsat_gee,True
NSR-GRID-257,LC08_L2SP_176039_20251007_20251115_02_T1,2025-10-07,-0.3132154847781478,-0.32331527536760485,40.215372422061655,0.28888772562886633,low,0.010099790589457036,landsat_gee,True
NSR-GRID-258,LC08_L2SP_176039_20251007_20251115_02_T1,2025-10-07,-0.5484608815985226,-0.8391495519049508,39.98012702524128,0.2869582008618988,low,0.2906886703064282,landsat_gee,True
NSR-GRID-259,LC08_L2SP_176039_20251007_20251115_02_T1,2025-10-07,-2.3416420256419386,-2.2731814979517635,38.186945881197865,0.3463880620159727,low,-0.06846052769017508,landsat_gee,True
NSR-GRID-260,LC08_L2SP_176039_20251007_20251115_02_T1,2025-10-07,-3.0684309806080208,-2.3989278810582033,37.46015692623178,0.37459447589024214,medium,-0.6695030995498175,landsat_gee,True
NSR-GRID-261,LC08_L2SP_176039_20251007_20251115_02_T1,2025-10-07,-0.3388683984477296,-0.3148918686442189,40.18971950839207,0.3309622083350666,low,-0.02397652980351067,landsat_gee,True
NSR-GRID-262,LC08_L2SP_176039_20251007_20251115_02_T1,2025-10-07,2.0417185694134545,1.705820800301036,42.57030647625326,0.24471037606994048,low,0.33589776911241853,landsat_gee,True
NSR-GRID-263,LC08_L2SP_176039_20251007_20251115_02_T1,2025-10-07,1.177980202488932,1.4965947251436582,41.706568109328735,0.26304053882454836,low,-0.3186145226547261,landsat_gee,True
NSR-GRID-264,LC08_L2SP_176039_20251007_20251115_02_T1,2025-10-07,1.3305014412445786,1.369159783267112,41.85908934808438,0.3302613512393525,low,-0.03865834202253349,landsat_gee,True
NSR-GRID-265,LC08_L2SP_176039_20251007_20251115_02_T1,2025-10-07,-0.8313879387263725,-0.5835072330877764,39.69719996811343,0.43276741756348386,medium,-0.2478807056385961,landsat_gee,True
NSR-GRID-266,LC08_L2SP_176039_20251007_20251115_02_T1,2025-10-07,-1.046691493300841,-0.8242654479475608,39.48189641353896,0.38487959713140657,medium,-0.22242604535328026,landsat_gee,True
NSR-GRID-267,LC08_L2SP_176039_20251007_20251115_02_T1,2025-10-07,-0.3523485734184817,-0.24051113267558455,40.17623933342132,0.39797319672011694,medium,-0.11183744074289714,landsat_gee,True
NSR-GRID-268,LC08_L2SP_176039_20251007_20251115_02_T1,2025-10-07,-0.2526820518951354,0.06152378004916222,40.27590585494467,0.2795458000674663,low,-0.3142058319442976,landsat_gee,True
NSR-GRID-269,LC08_L2SP_176039_20251007_20251115_02_T1,2025-10-07,-0.6245930417887635,-0.2615394048742404,39.90399486505104,0.4437732315903402,medium,-0.36305363691452314,landsat_gee,True
NSR-GRID-270,LC08_L2SP_176039_20251007_20251115_02_T1,2025-10-07,1.318133331481178,0.954740514479407,41.84672123832098,0.3397174148110549,low,0.36339281700177106,landsat_gee,True
NSR-GRID-271,LC08_L2SP_176039_20251007_20251115_02_T1,2025-10-07,-1.891329981030708,-1.3903457607874303,38.637257925809095,0.425363420640711,medium,-0.5009842202432777,landsat_gee,True
NSR-GRID-272,LC08_L2SP_176039_20251007_20251115_02_T1,2025-10-07,-2.195247835378474,-2.0088406423871046,38.33334007146133,0.41314723688886024,medium,-0.18640719299136954,landsat_gee,True
NSR-GRID-273,LC08_L2SP_176039_20251007_20251115_02_T1,2025-10-07,-0.2009441215849605,-0.09544275516882067,40.32764378525484,0.3762934734038805,medium,-0.10550136641613983,landsat_gee,True
NSR-GRID-274,LC08_L2SP_176039_20251007_20251115_02_T1,2025-10-07,1.4874854298084372,1.2792489273628416,42.01607333664824,0.4228657395731281,medium,0.20823650244559566,landsat_gee,True
NSR-GRID-275,LC08_L2SP_176039_20251007_20251115_02_T1,2025-10-07,-1.1694818013351238,-0.9104050911136523,39.35910610550468,0.39776992580263915,medium,-0.2590767102214715,landsat_gee,True
NSR-GRID-276,LC08_L2SP_176039_20251007_20251115_02_T1,2025-10-07,-0.4368989542166943,-0.43456429983072936,40.09168895262311,0.2849435745602613,low,-0.0023346543859649183,landsat_gee,True
NSR-GRID-277,LC08_L2SP_176039_20251007_20251115_02_T1,2025-10-07,0.6531881216465152,0.09961011784520596,41.18177602848632,0.2349693038976666,low,0.5535780038013092,landsat_gee,True
NSR-GRID-278,LC08_L2SP_176039_20251007_20251115_02_T1,2025-10-07,-2.5679171033605783,-2.305490841991119,37.960670803479225,0.23459181048703612,low,-0.26242626136945946,landsat_gee,True
NSR-GRID-279,LC08_L2SP_176039_20251007_20251115_02_T1,2025-10-07,-0.60619351136733,-0.45536754864796636,39.92239439547247,0.28120994701389845,low,-0.15082596271936366,landsat_gee,True
NSR-GRID-280,LC08_L2SP_176039_20251007_20251115_02_T1,2025-10-07,1.0299844337749846,1.1503379859118483,41.55857234061479,0.27962981835476963,low,-0.12035355213686372,landsat_gee,True
NSR-GRID-281,LC08_L2SP_176039_20251007_20251115_02_T1,2025-10-07,1.6557353625219378,1.8442516213314897,42.18432326936174,0.23716759933682882,low,-0.18851625880955192,landsat_gee,True
NSR-GRID-282,LC08_L2SP_176039_20251007_20251115_02_T1,2025-10-07,2.2527236393023884,2.293416440004853,42.78131154614219,0.276488037802976,low,-0.040692800702464726,landsat_gee,True
NSR-GRID-283,LC08_L2SP_176039_20251007_20251115_02_T1,2025-10-07,1.2571440796454,1.417252996064445,41.7857319864852,0.3037202825207793,low,-0.160108916419045,landsat_gee,True
NSR-GRID-284,LC08_L2SP_176039_20251007_20251115_02_T1,2025-10-07,0.4755717826522527,0.6428333809468044,41.004159689492056,0.2792915196674327,low,-0.16726159829455173,landsat_gee,True
NSR-GRID-285,LC08_L2SP_176039_20251007_20251115_02_T1,2025-10-07,1.5471953709356183,1.6035933067435455,42.07578327777542,0.42590213911112074,medium,-0.05639793580792718,landsat_gee,True
NSR-GRID-286,LC08_L2SP_176039_20251007_20251115_02_T1,2025-10-07,1.5427598709300838,1.5576186772978877,42.07134777776989,0.2591751916264677,low,-0.0148588063678039,landsat_gee,True
NSR-GRID-287,LC08_L2SP_176039_20251007_20251115_02_T1,2025-10-07,1.3431193969490778,1.1809473115760347,41.87170730378888,0.4666570085207305,medium,0.16217208537304306,landsat_gee,True
NSR-GRID-288,LC08_L2SP_176039_20251007_20251115_02_T1,2025-10-07,1.7797584357715337,1.5205453279934475,42.30834634261134,0.4478425274891792,medium,0.25921310777808615,landsat_gee,True
NSR-GRID-289,LC08_L2SP_176039_20251007_20251115_02_T1,2025-10-07,-0.0079032434713397,0.2530169551835687,40.52068466336846,0.3907102255997951,medium,-0.2609201986549084,landsat_gee,True
NSR-GRID-290,LC08_L2SP_176039_20251007_20251115_02_T1,2025-10-07,-1.3117463728059136,-0.9165214818513979,39.21684153403389,0.3325852901176587,low,-0.39522489095451563,landsat_gee,True
NSR-GRID-291,LC08_L2SP_176039_20251007_20251115_02_T1,2025-10-07,0.8922720894607323,0.7976916853387213,41.420859996300535,0.29643867394359114,low,0.09458040412201107,landsat_gee,True
NSR-GRID-292,LC08_L2SP_176039_20251007_20251115_02_T1,2025-10-07,-0.4313633500805451,-0.6824033761610865,40.09722455675926,0.2726584523909132,low,0.2510400260805414,landsat_gee,True
NSR-GRID-293,LC08_L2SP_176039_20251007_20251115_02_T1,2025-10-07,2.5308970371088293,1.4745876881955213,43.05948494394863,0.4057589485539407,medium,1.056309348913308,landsat_gee,True
NSR-GRID-294,LC08_L2SP_176039_20251007_20251115_02_T1,2025-10-07,2.7959737669675846,2.0367377773006186,43.32456167380739,0.35577375855609017,medium,0.759235989666966,landsat_gee,True
NSR-GRID-295,LC08_L2SP_176039_20251007_20251115_02_T1,2025-10-07,2.699723622413316,2.472208548124989,43.22831152925312,0.2565201666988803,low,0.22751507428832696,landsat_gee,True
NSR-GRID-296,LC08_L2SP_176039_20251007_20251115_02_T1,2025-10-07,1.9882733561215813,2.2157656626758437,42.516861262961385,0.2481546852538166,low,-0.22749230655426245,landsat_gee,True
NSR-GRID-297,LC08_L2SP_176039_20251007_20251115_02_T1,2025-10-07,2.081038360873478,2.0559544720657406,42.60962626771328,0.24398256647161023,low,0.025083888807737598,landsat_gee,True
NSR-GRID-298,LC08_L2SP_176039_20251007_20251115_02_T1,2025-10-07,1.907778601514572,2.0202956585686853,42.436366508354375,0.24806446969158072,low,-0.11251705705411341,landsat_gee,True
NSR-GRID-299,LC08_L2SP_176039_20251007_20251115_02_T1,2025-10-07,0.9750325346477808,1.765591350536524,41.503620441487584,0.23609331110329246,low,-0.7905588158887431,landsat_gee,True
NSR-GRID-300,LC08_L2SP_176039_20251007_20251115_02_T1,2025-10-07,2.095209887105973,2.312942861217791,42.623797793945776,0.3923788915306078,medium,-0.21773297411181813,landsat_gee,True
NSR-GRID-302,LC08_L2SP_176039_20251007_20251115_02_T1,2025-10-07,3.303256367684142,3.1444567422382796,43.831844274523945,0.34888239200743576,low,0.15879962544586235,landsat_gee,True
NSR-GRID-303,LC08_L2SP_176039_20251007_20251115_02_T1,2025-10-07,1.3481318236994966,1.567927164266319,41.8767197305393,0.25874427993720717,low,-0.21979534056682248,landsat_gee,True
NSR-GRID-304,LC08_L2SP_176039_20251007_20251115_02_T1,2025-10-07,1.7172793543135825,1.97843971898053,42.245867261153386,0.3672002525414091,medium,-0.2611603646669476,landsat_gee,True
NSR-GRID-305,LC08_L2SP_176039_20251007_20251115_02_T1,2025-10-07,0.145131556216711,0.7805983920591866,40.673719463056514,0.4082908028335348,medium,-0.6354668358424755,landsat_gee,True
NSR-GRID-306,LC08_L2SP_176039_20251007_20251115_02_T1,2025-10-07,-1.335561733653499,-0.6196649464084204,39.193026173186304,0.36282397061081906,medium,-0.7158967872450787,landsat_gee,True
NSR-GRID-307,LC08_L2SP_176039_20251007_20251115_02_T1,2025-10-07,1.234335135421965,1.5120547463832843,41.76292304226177,0.3409836526422144,low,-0.27771961096131936,landsat_gee,True
NSR-GRID-308,LC08_L2SP_176039_20251007_20251115_02_T1,2025-10-07,2.30381221622676,2.3452803165172313,42.83240012306656,0.3027423854516343,low,-0.04146810029047154,landsat_gee,True
NSR-GRID-309,LC08_L2SP_176039_20251007_20251115_02_T1,2025-10-07,3.85399932869295,3.3186196291620527,44.38258723553275,0.29752891168421547,low,0.5353796995308975,landsat_gee,True
NSR-GRID-310,LC08_L2SP_176039_20251007_20251115_02_T1,2025-10-07,4.518554104056349,3.7756096430096253,45.04714201089615,0.3035998627357523,low,0.742944461046724,landsat_gee,True
NSR-GRID-311,LC08_L2SP_176039_20251007_20251115_02_T1,2025-10-07,4.769368384038359,3.8543660045627974,45.29795629087816,0.32414276022570804,low,0.915002379475562,landsat_gee,True
NSR-GRID-312,LC08_L2SP_176039_20251007_20251115_02_T1,2025-10-07,2.735301839470715,2.6095781347628697,43.26388974631052,0.28346235235750583,low,0.12572370470784522,landsat_gee,True
NSR-GRID-313,LC08_L2SP_176039_20251007_20251115_02_T1,2025-10-07,2.630375417824311,2.2339159476765413,43.158963324664114,0.2670008821878809,low,0.3964594701477697,landsat_gee,True
NSR-GRID-314,LC08_L2SP_176039_20251007_20251115_02_T1,2025-10-07,1.8347538831087675,2.034102905420047,42.36334178994857,0.24258610063257358,low,-0.19934902231127927,landsat_gee,True
NSR-GRID-315,LC08_L2SP_176039_20251007_20251115_02_T1,2025-10-07,2.334141169143443,2.278758349091533,42.862729075983246,0.2681252112970026,low,0.0553828200519102,landsat_gee,True
NSR-GRID-316,LC08_L2SP_176039_20251007_20251115_02_T1,2025-10-07,0.9423953053474392,1.589704374964362,41.47098321218724,0.22900457230223267,low,-0.6473090696169228,landsat_gee,True
NSR-GRID-317,LC08_L2SP_176039_20251007_20251115_02_T1,2025-10-07,2.830890283622402,2.760426603986133,43.359478190462205,0.34784130667503166,low,0.0704636796362692,landsat_gee,True
NSR-GRID-318,LC08_L2SP_176039_20251007_20251115_02_T1,2025-10-07,0.8704773600126998,1.4637746521306618,41.3990652668525,0.24991676817743105,low,-0.593297292117962,landsat_gee,True
NSR-GRID-319,LC08_L2SP_176039_20251007_20251115_02_T1,2025-10-07,2.110912535044122,2.512296308030251,42.639500441883925,0.2963035827607397,low,-0.4013837729861294,landsat_gee,True
NSR-GRID-320,LC08_L2SP_176039_20251007_20251115_02_T1,2025-10-07,-0.8367999953422398,-0.06458225442083272,39.69178791149756,0.3562887319269117,medium,-0.772217740921407,landsat_gee,True
NSR-GRID-321,LC08_L2SP_176039_20251007_20251115_02_T1,2025-10-07,-1.5602806977712902,-0.7704337115476589,38.96830720906851,0.344107808667189,low,-0.7898469862236313,landsat_gee,True
NSR-GRID-322,LC08_L2SP_176039_20251007_20251115_02_T1,2025-10-07,1.8600178460749743,1.8462382487197817,42.38860575291478,0.3360445591176659,low,0.01377959735519263,landsat_gee,True
NSR-GRID-323,LC08_L2SP_176039_20251007_20251115_02_T1,2025-10-07,2.8683870229093245,2.7413141216827195,43.39697492974913,0.3308883270501463,low,0.12707290122660497,landsat_gee,True
NSR-GRID-324,LC08_L2SP_176039_20251007_20251115_02_T1,2025-10-07,2.0013533989189085,1.7826162782429076,42.52994130575871,0.30603078861083444,low,0.21873712067600093,landsat_gee,True
NSR-GRID-325,LC08_L2SP_176039_20251007_20251115_02_T1,2025-10-07,3.0751736752135983,2.6799740684780087,43.6037615820534,0.33475806906982697,low,0.3951996067355896,landsat_gee,True
NSR-GRID-326,LC08_L2SP_176039_20251007_20251115_02_T1,2025-10-07,3.9916692847526103,3.3273463522122544,44.520257191592414,0.29657424176518127,low,0.6643229325403559,landsat_gee,True
NSR-GRID-327,LC08_L2SP_176039_20251007_20251115_02_T1,2025-10-07,3.194850795624099,3.0001070898316056,43.7234387024639,0.29195506949886835,low,0.19474370579249323,landsat_gee,True
NSR-GRID-328,LC08_L2SP_176039_20251007_20251115_02_T1,2025-10-07,2.3902417338839754,2.343893446983124,42.91882964072378,0.2760672543204098,low,0.046348286900851576,landsat_gee,True
NSR-GRID-329,LC08_L2SP_176039_20251007_20251115_02_T1,2025-10-07,2.934757500109626,2.208929850373304,43.46334540694943,0.24772396905748578,low,0.7258276497363219,landsat_gee,True
NSR-GRID-330,LC08_L2SP_176039_20251007_20251115_02_T1,2025-10-07,1.724503238153318,1.9422804995054443,42.25309114499312,0.24890435979852082,low,-0.21777726135212627,landsat_gee,True
NSR-GRID-331,LC08_L2SP_176039_20251007_20251115_02_T1,2025-10-07,0.8608742296246419,1.5693921234605124,41.389462136464445,0.22839098823616008,low,-0.7085178938358705,landsat_gee,True
NSR-GRID-332,LC08_L2SP_176039_20251007_20251115_02_T1,2025-10-07,1.875364040660884,2.3160002898412424,42.40395194750069,0.3150811593319148,low,-0.4406362491803584,landsat_gee,True
NSR-GRID-333,LC08_L2SP_176039_20251007_20251115_02_T1,2025-10-07,1.794661604058959,1.8047252148710742,42.32324951089876,0.23776192908918756,low,-0.010063610812115265,landsat_gee,True
NSR-GRID-334,LC08_L2SP_176039_20251007_20251115_02_T1,2025-10-07,1.468538770446358,1.9284386047765665,41.99712667728616,0.34624895804495714,low,-0.45989983433020853,landsat_gee,True
NSR-GRID-335,LC08_L2SP_176039_20251007_20251115_02_T1,2025-10-07,1.4059511148889854,1.8816183072386063,41.93453902172879,0.32067515280963543,low,-0.47566719234962096,landsat_gee,True
NSR-GRID-336,LC08_L2SP_176039_20251007_20251115_02_T1,2025-10-07,-1.528895567678994,-0.8958916430625137,38.99969233916081,0.3111954373249349,low,-0.6330039246164803,landsat_gee,True
NSR-GRID-337,LC08_L2SP_176039_20251007_20251115_02_T1,2025-10-07,1.6245241048072143,1.5792082553339382,42.15311201164702,0.28848279102521096,low,0.04531584947327616,landsat_gee,True
NSR-GRID-338,LC08_L2SP_176039_20251007_20251115_02_T1,2025-10-07,2.662613540802674,2.4749947815652487,43.19120144764248,0.28431995858851006,low,0.18761875923742544,landsat_gee,True
NSR-GRID-339,LC08_L2SP_176039_20251007_20251115_02_T1,2025-10-07,2.1444692397411984,2.0016256119599496,42.673057146581,0.2862719566012551,low,0.14284362778124882,landsat_gee,True
NSR-GRID-340,LC08_L2SP_176039_20251007_20251115_02_T1,2025-10-07,1.8079352589407376,1.5532839064474258,42.33652316578054,0.291670931644196,low,0.25465135249331183,landsat_gee,True
NSR-GRID-341,LC08_L2SP_176039_20251007_20251115_02_T1,2025-10-07,0.4620036966791261,0.33235826945840596,40.99059160351893,0.3028954153983548,low,0.12964542722072014,landsat_gee,True
NSR-GRID-342,LC08_L2SP_176039_20251007_20251115_02_T1,2025-10-07,1.2218521287272708,1.4599037794206173,41.750440035567074,0.3041806813889105,low,-0.23805165069334655,landsat_gee,True
NSR-GRID-343,LC08_L2SP_176039_20251007_20251115_02_T1,2025-10-07,0.4509309688866665,0.9903934737845876,40.97951887572647,0.2417446818718214,low,-0.5394625048979211,landsat_gee,True
NSR-GRID-344,LC08_L2SP_176039_20251007_20251115_02_T1,2025-10-07,0.8336623439737139,1.093424886498892,41.36225025081352,0.2541712310243559,low,-0.25976254252517816,landsat_gee,True
NSR-GRID-345,LC08_L2SP_176039_20251007_20251115_02_T1,2025-10-07,0.5413437586927614,0.6120810393177719,41.069931665532565,0.21585497988163393,low,-0.0707372806250105,landsat_gee,True
NSR-GRID-346,LC08_L2SP_176039_20251007_20251115_02_T1,2025-10-07,0.8311605715754311,1.2495150090593168,41.359748478415234,0.2187928028320127,low,-0.4183544374838857,landsat_gee,True
NSR-GRID-347,LC08_L2SP_176039_20251007_20251115_02_T1,2025-10-07,-1.4381634249339044,-0.37073047033084033,39.0904244819059,0.19259286356412997,low,-1.067432954603064,landsat_gee,True
NSR-GRID-348,LC08_L2SP_176039_20251007_20251115_02_T1,2025-10-07,1.0322828280646803,1.2931354285237309,41.56087073490448,0.2589674577667558,low,-0.26085260045905057,landsat_gee,True
NSR-GRID-349,LC08_L2SP_176039_20251007_20251115_02_T1,2025-10-07,-0.7399845099771198,-0.09561030997493646,39.78860339686268,0.27313236358237913,low,-0.6443742000021834,landsat_gee,True
NSR-GRID-350,LC08_L2SP_176039_20251007_20251115_02_T1,2025-10-07,1.1016513160856505,1.5985069025490886,41.630239222925454,0.33773913755596,low,-0.4968555864634381,landsat_gee,True
NSR-GRID-351,LC08_L2SP_176039_20251007_20251115_02_T1,2025-10-07,1.238888862930537,1.7780861298964294,41.76747676977034,0.27240840779604536,low,-0.5391972669658924,landsat_gee,True
NSR-GRID-352,LC08_L2SP_176039_20251007_20251115_02_T1,2025-10-07,-0.633894092860686,0.08489852836559944,39.89469381397912,0.2552286548577116,low,-0.7187926212262854,landsat_gee,True
NSR-GRID-353,LC08_L2SP_176039_20251007_20251115_02_T1,2025-10-07,1.6280914884169777,1.3235942359315471,42.15667939525678,0.3271181369356059,low,0.3044972524854306,landsat_gee,True
NSR-GRID-354,LC08_L2SP_176039_20251007_20251115_02_T1,2025-10-07,3.5962580968082563,2.7749580570607857,44.12484600364806,0.3352703440161162,low,0.8213000397474706,landsat_gee,True
NSR-GRID-355,LC08_L2SP_176039_20251007_20251115_02_T1,2025-10-07,2.137147952483474,1.902333343512815,42.66573585932328,0.2555866062091034,low,0.2348146089706591,landsat_gee,True
NSR-GRID-356,LC08_L2SP_176039_20251007_20251115_02_T1,2025-10-07,2.2518213001296488,2.053095795962118,42.78040920696945,0.2780925660622195,low,0.19872550416753088,landsat_gee,True
NSR-GRID-357,LC08_L2SP_176039_20251007_20251115_02_T1,2025-10-07,2.3579244724468893,2.3347497962549077,42.88651237928669,0.28532852296116196,low,0.023174676191981547,landsat_gee,True
NSR-GRID-358,LC08_L2SP_176039_20251007_20251115_02_T1,2025-10-07,2.116916844328564,2.214422145361537,42.64550475116837,0.35539621177257075,medium,-0.09750530103297272,landsat_gee,True
NSR-GRID-359,LC08_L2SP_176039_20251007_20251115_02_T1,2025-10-07,1.7699165703680464,1.6040978496063896,42.29850447720785,0.39458205971664223,medium,0.16581872076165682,landsat_gee,True
NSR-GRID-360,LC08_L2SP_176039_20251007_20251115_02_T1,2025-10-07,1.2645623557054435,1.3305401637662977,41.79315026254525,0.29191253574949294,low,-0.06597780806085418,landsat_gee,True
NSR-GRID-361,LC08_L2SP_176039_20251007_20251115_02_T1,2025-10-07,0.6068966411513941,1.0507402431515107,41.1354845479912,0.2402646512041037,low,-0.44384360200011663,landsat_gee,True
NSR-GRID-362,LC08_L2SP_176039_20251007_20251115_02_T1,2025-10-07,0.8576517669089938,1.1786993543100612,41.3862396737488,0.23842389457864216,low,-0.3210475874010674,landsat_gee,True
NSR-GRID-363,LC08_L2SP_176039_20251007_20251115_02_T1,2025-10-07,0.2072838393455711,1.027789713139698,40.735871746185374,0.3346120494665545,low,-0.8205058737941269,landsat_gee,True
NSR-GRID-364,LC08_L2SP_176039_20251007_20251115_02_T1,2025-10-07,0.1622034802133996,0.8215183651182412,40.6907913870532,0.36488244584421026,medium,-0.6593148849048416,landsat_gee,True
NSR-GRID-365,LC08_L2SP_176039_20251007_20251115_02_T1,2025-10-07,2.434881156566391,2.122350906173607,42.963469063406194,0.311206072977172,low,0.3125302503927836,landsat_gee,True
NSR-GRID-366,LC08_L2SP_176039_20251007_20251115_02_T1,2025-10-07,2.807389127633172,2.5708601833662743,43.335977034472975,0.261624152731047,low,0.23652894426689786,landsat_gee,True
NSR-GRID-367,LC08_L2SP_176039_20251007_20251115_02_T1,2025-10-07,3.160862035293306,2.7420280948867872,43.68944994213311,0.3051479813341727,low,0.41883394040651867,landsat_gee,True
NSR-GRID-368,LC08_L2SP_176039_20251007_20251115_02_T1,2025-10-07,4.258022518705147,3.801915991942934,44.78661042554495,0.312873402005378,low,0.45610652676221264,landsat_gee,True
NSR-GRID-369,LC08_L2SP_176039_20251007_20251115_02_T1,2025-10-07,4.255008592021795,3.9434699352489253,44.7835964988616,0.3120783302471353,low,0.31153865677286996,landsat_gee,True
NSR-GRID-370,LC08_L2SP_176039_20251007_20251115_02_T1,2025-10-07,4.910498944413554,4.299705752139228,45.43908685125336,0.3126494958729869,low,0.6107931922743264,landsat_gee,True
NSR-GRID-371,LC08_L2SP_176039_20251007_20251115_02_T1,2025-10-07,3.046593331503168,2.5581504316071184,43.57518123834297,0.2620962600864625,low,0.4884428998960497,landsat_gee,True
NSR-GRID-372,LC08_L2SP_176039_20251007_20251115_02_T1,2025-10-07,2.977730622620399,2.4753661343272144,43.5063185294602,0.3209535596984955,low,0.5023644882931846,landsat_gee,True
NSR-GRID-373,LC08_L2SP_176039_20251007_20251115_02_T1,2025-10-07,2.991943095877822,2.8768737044806074,43.520531002717625,0.31760071679025,low,0.11506939139721473,landsat_gee,True
NSR-GRID-374,LC08_L2SP_176039_20251007_20251115_02_T1,2025-10-07,1.4065115754629076,1.6342038231860987,41.93509948230271,0.24292055969139037,low,-0.22769224772319108,landsat_gee,True
NSR-GRID-375,LC08_L2SP_176039_20251007_20251115_02_T1,2025-10-07,1.134477061495609,1.5989492958342717,41.66306496833541,0.22929715810899814,low,-0.4644722343386627,landsat_gee,True
NSR-GRID-376,LC08_L2SP_176039_20251007_20251115_02_T1,2025-10-07,-0.5089822596240978,0.3861444426472704,40.019605647215705,0.2557216235241868,low,-0.8951267022713683,landsat_gee,True
NSR-GRID-377,LC08_L2SP_176039_20251007_20251115_02_T1,2025-10-07,0.5076365782151484,1.0843794201351815,41.03622448505495,0.27703274027803815,low,-0.5767428419200331,landsat_gee,True
NSR-GRID-378,LC08_L2SP_176039_20251007_20251115_02_T1,2025-10-07,3.63502743365644,3.4074528571685083,44.16361534049624,0.28792299826707096,low,0.22757457648793178,landsat_gee,True
NSR-GRID-379,LC08_L2SP_176039_20251007_20251115_02_T1,2025-10-07,0.8465738877538271,1.0987058086448915,41.37516179459363,0.2889931454438102,low,-0.2521319208910644,landsat_gee,True
NSR-GRID-380,LC08_L2SP_176039_20251007_20251115_02_T1,2025-10-07,3.310568131303405,2.3984962537772008,43.83915603814321,0.2536123360759264,low,0.9120718775262042,landsat_gee,True
NSR-GRID-381,LC08_L2SP_176039_20251007_20251115_02_T1,2025-10-07,4.597423397724498,4.327325556797723,45.1260113045643,0.3117014971506368,low,0.27009784092677513,landsat_gee,True
NSR-GRID-382,LC08_L2SP_176039_20251007_20251115_02_T1,2025-10-07,5.595169467863606,4.853789827163204,46.12375737470341,0.32762950798633245,low,0.7413796407004023,landsat_gee,True
NSR-GRID-383,LC08_L2SP_176039_20251007_20251115_02_T1,2025-10-07,2.774114336864166,2.537359806995476,43.30270224370397,0.27606319946019686,low,0.23675452986868972,landsat_gee,True
NSR-GRID-384,LC08_L2SP_176039_20251007_20251115_02_T1,2025-10-07,1.4344142926991736,1.549862079804884,41.96300219953898,0.23198010425595633,low,-0.11544778710571046,landsat_gee,True
NSR-GRID-385,LC08_L2SP_176039_20251007_20251115_02_T1,2025-10-07,4.986009173775834,4.532168448457789,45.51459708061564,0.32221316615776974,low,0.4538407253180452,landsat_gee,True
NSR-GRID-386,LC08_L2SP_176039_20251007_20251115_02_T1,2025-10-07,3.8830737642093993,3.6332422003546734,44.4116616710492,0.2907485173221351,low,0.24983156385472594,landsat_gee,True
NSR-GRID-387,LC08_L2SP_176039_20251007_20251115_02_T1,2025-10-07,4.01250326960411,3.3905232803645275,44.54109117644391,0.28340296265430137,low,0.6219799892395828,landsat_gee,True
NSR-GRID-388,LC08_L2SP_176039_20251007_20251115_02_T1,2025-10-07,3.780174346143213,3.155681222023824,44.308762252983016,0.2906848049900963,low,0.6244931241193887,landsat_gee,True
NSR-GRID-389,LC08_L2SP_176039_20251007_20251115_02_T1,2025-10-07,2.120280209914725,2.025822917753155,42.64886811675453,0.2670395110199901,low,0.09445729216156984,landsat_gee,True
NSR-GRID-390,LC08_L2SP_176039_20251007_20251115_02_T1,2025-10-07,1.7505499323853684,1.8344697539183459,42.27913783922517,0.23651332614495588,low,-0.0839198215329775,landsat_gee,True
NSR-GRID-391,LC08_L2SP_176039_20251007_20251115_02_T1,2025-10-07,1.418791028110178,1.4918755041465064,41.94737893494998,0.2266728944135064,low,-0.07308447603632828,landsat_gee,True
NSR-GRID-392,LC08_L2SP_176039_20251007_20251115_02_T1,2025-10-07,1.955124173220355,1.9808133170603623,42.48371208006016,0.2596176894587272,low,-0.02568914384000731,landsat_gee,True
NSR-GRID-393,LC08_L2SP_176039_20251007_20251115_02_T1,2025-10-07,3.89965361459408,4.217105724029073,44.42824152143388,0.3123601694305284,low,-0.31745210943499336,landsat_gee,True
NSR-GRID-394,LC08_L2SP_176039_20251007_20251115_02_T1,2025-10-07,3.982180974712549,4.033470717180373,44.51076888155235,0.3174854177018609,low,-0.05128974246782425,landsat_gee,True
NSR-GRID-395,LC08_L2SP_176039_20251007_20251115_02_T1,2025-10-07,4.893435320492117,4.568423119575356,45.42202322733192,0.33361872805723497,low,0.32501220091676064,landsat_gee,True
NSR-GRID-396,LC08_L2SP_176039_20251007_20251115_02_T1,2025-10-07,3.513472977568256,3.3170602117071977,44.04206088440806,0.31373586978983736,low,0.19641276586105816,landsat_gee,True
NSR-GRID-397,LC08_L2SP_176039_20251007_20251115_02_T1,2025-10-07,2.2582410630054426,2.1521999363679365,42.786828969845246,0.27591837420804555,low,0.10604112663750609,landsat_gee,True
NSR-GRID-398,LC08_L2SP_176039_20251007_20251115_02_T1,2025-10-07,3.759596213229458,3.7139366965405274,44.28818412006926,0.29705653636785656,low,0.045659516688930424,landsat_gee,True
NSR-GRID-399,LC08_L2SP_176039_20251007_20251115_02_T1,2025-10-07,1.2154802146986796,1.556846057172667,41.74406812153848,0.23503753278652256,low,-0.3413658424739874,landsat_gee,True
NSR-GRID-400,LC08_L2SP_176039_20251007_20251115_02_T1,2025-10-07,0.8206772515423566,0.900188288452895,41.34926515838216,0.20840072101300128,low,-0.0795110369105384,landsat_gee,True
NSR-GRID-401,LC08_L2SP_176039_20251007_20251115_02_T1,2025-10-07,3.987324080668316,3.884760604957303,44.51591198750812,0.2983326787013381,low,0.10256347571101321,landsat_gee,True
NSR-GRID-402,LC08_L2SP_176039_20251007_20251115_02_T1,2025-10-07,4.37158068182714,4.245053638826001,44.90016858866694,0.3092162611863661,low,0.12652704300113893,landsat_gee,True
NSR-GRID-403,LC08_L2SP_176039_20251007_20251115_02_T1,2025-10-07,4.292197747898968,3.820736812428568,44.82078565473877,0.29639867453947916,low,0.47146093547040024,landsat_gee,True
NSR-GRID-404,LC08_L2SP_176039_20251007_20251115_02_T1,2025-10-07,2.408102741990376,2.442401719159058,42.93669064883018,0.25476249989982636,low,-0.03429897716868169,landsat_gee,True
NSR-GRID-405,LC08_L2SP_176039_20251007_20251115_02_T1,2025-10-07,3.678032787383565,3.4890567932630634,44.20662069422337,0.28637942213134365,low,0.1889759941205016,landsat_gee,True
NSR-GRID-406,LC08_L2SP_176039_20251007_20251115_02_T1,2025-10-07,0.1004001789360202,0.2118624978873845,40.62898808577582,0.20050141259532692,low,-0.11146231895136431,landsat_gee,True
NSR-GRID-407,LC08_L2SP_176039_20251007_20251115_02_T1,2025-10-07,1.9203927513462065,1.5502778511144593,42.44898065818601,0.2576160045910087,low,0.3701149002317472,landsat_gee,True
NSR-GRID-408,LC08_L2SP_176039_20251007_20251115_02_T1,2025-10-07,3.2699780969199352,2.8918113866711277,43.79856600375974,0.2683380806803282,low,0.37816671024880755,landsat_gee,True
NSR-GRID-409,LC08_L2SP_176039_20251007_20251115_02_T1,2025-10-07,2.699413574187247,2.3962122429156816,43.22800148102705,0.29532308451239814,low,0.30320133127156534,landsat_gee,True
NSR-GRID-410,LC08_L2SP_176039_20251007_20251115_02_T1,2025-10-07,2.536546140901756,1.932039989092853,43.06513404774156,0.2397202715290125,low,0.604506151808903,landsat_gee,True
NSR-GRID-411,LC08_L2SP_176039_20251007_20251115_02_T1,2025-10-07,3.1013688716665517,2.8482231702742506,43.629956778506354,0.2712083581984606,low,0.2531457013923011,landsat_gee,True
NSR-GRID-413,LC08_L2SP_176039_20251007_20251115_02_T1,2025-10-07,1.8070391227876288,1.5328188933241265,42.33562702962743,0.25860019384830724,low,0.27422022946350233,landsat_gee,True
NSR-GRID-414,LC08_L2SP_176039_20251007_20251115_02_T1,2025-10-07,2.0961323627398016,1.8025552067386168,42.624720269579605,0.2523157141561149,low,0.29357715600118484,landsat_gee,True
NSR-GRID-415,LC08_L2SP_176039_20251007_20251115_02_T1,2025-10-07,3.007416788306749,2.746339581446476,43.53600469514655,0.2639437287429399,low,0.2610772068602727,landsat_gee,True
NSR-GRID-416,LC08_L2SP_176039_20251007_20251115_02_T1,2025-10-07,3.012490833325778,2.768486993475972,43.54107874016558,0.2647322160856449,low,0.2440038398498059,landsat_gee,True
NSR-GRID-001,LC09_L2SP_176039_20250929_20250930_02_T1,2025-09-29,-3.3083953872385337,-3.332846310103871,37.934490513242,0.36428817126413404,medium,0.024450922865337343,landsat_gee,True
NSR-GRID-002,LC09_L2SP_176039_20250929_20250930_02_T1,2025-09-29,-3.1269837075002727,-3.280601160745559,38.11590219298026,0.3523391122866929,medium,0.1536174532452863,landsat_gee,True
NSR-GRID-003,LC09_L2SP_176039_20250929_20250930_02_T1,2025-09-29,-3.531306873699954,-3.384108823208734,37.711579026780576,0.3016250474770438,low,-0.14719805049122003,landsat_gee,True
NSR-GRID-004,LC09_L2SP_176039_20250929_20250930_02_T1,2025-09-29,-2.4800502766164243,-2.112345676489725,38.762835623864106,0.29993827905655873,low,-0.36770460012669925,landsat_gee,True
NSR-GRID-006,LC09_L2SP_176039_20250929_20250930_02_T1,2025-09-29,-2.5718471969962025,-2.5055940229924576,38.67103870348433,0.40823215106662475,medium,-0.06625317400374486,landsat_gee,True
NSR-GRID-007,LC09_L2SP_176039_20250929_20250930_02_T1,2025-09-29,-2.899598703358592,-2.5168264669185043,38.34328719712194,0.3658150483234408,medium,-0.3827722364400876,landsat_gee,True
NSR-GRID-008,LC09_L2SP_176039_20250929_20250930_02_T1,2025-09-29,-3.264862953085661,-3.372019117551326,37.97802294739487,0.363862026350413,medium,0.1071561644656649,landsat_gee,True
NSR-GRID-009,LC09_L2SP_176039_20250929_20250930_02_T1,2025-09-29,-3.8116976065790023,-3.6028338402688456,37.43118829390153,0.37238360000182,medium,-0.20886376631015668,landsat_gee,True
NSR-GRID-010,LC09_L2SP_176039_20250929_20250930_02_T1,2025-09-29,-0.336964780768497,-0.348215253700537,40.90592111971203,0.3531256804503904,medium,0.011250472932040012,landsat_gee,True
NSR-GRID-011,LC09_L2SP_176039_20250929_20250930_02_T1,2025-09-29,-3.40720873123869,-3.1036255160784507,37.83567716924184,0.3477277284575074,low,-0.3035832151602391,landsat_gee,True
NSR-GRID-012,LC09_L2SP_176039_20250929_20250930_02_T1,2025-09-29,-0.8001142181754517,-0.5986375082911612,40.44277168230508,0.34872760941495684,low,-0.20147670988429045,landsat_gee,True
NSR-GRID-013,LC09_L2SP_176039_20250929_20250930_02_T1,2025-09-29,-0.3341430161322378,-0.26359752417112,40.90874288434829,0.344956535497507,low,-0.07054549196111781,landsat_gee,True
NSR-GRID-014,LC09_L2SP_176039_20250929_20250930_02_T1,2025-09-29,3.4047096988088725,2.933183054440767,44.6475955992894,0.35831345387923463,medium,0.47152664436810543,landsat_gee,True
NSR-GRID-015,LC09_L2SP_176039_20250929_20250930_02_T1,2025-09-29,1.8630780576287196,1.7056848829179152,43.10596395810925,0.28576823285448616,low,0.15739317471080438,landsat_gee,True
NSR-GRID-016,LC09_L2SP_176039_20250929_20250930_02_T1,2025-09-29,-0.5818273005270882,-0.4342049789994459,40.66105859995344,0.2659231496287794,low,-0.14762232152764232,landsat_gee,True
NSR-GRID-017,LC09_L2SP_176039_20250929_20250930_02_T1,2025-09-29,-0.345145920187349,-0.5399053988056051,40.89773998029318,0.28538088045756055,low,0.19475947861825604,landsat_gee,True
NSR-GRID-018,LC09_L2SP_176039_20250929_20250930_02_T1,2025-09-29,2.488925715994746,2.0607894982622694,43.73181161647528,0.31785262178144885,low,0.4281362177324768,landsat_gee,True
NSR-GRID-019,LC09_L2SP_176039_20250929_20250930_02_T1,2025-09-29,-0.1851623407398435,-0.18940472865311728,41.05772355974069,0.34075243997562077,low,0.004242387913273776,landsat_gee,True
NSR-GRID-020,LC09_L2SP_176039_20250929_20250930_02_T1,2025-09-29,2.516049646107561,2.4511902344531236,43.75893554658809,0.27104412408889345,low,0.06485941165443743,landsat_gee,True
NSR-GRID-021,LC09_L2SP_176039_20250929_20250930_02_T1,2025-09-29,0.7185660648444809,0.3759527619166122,41.96145196532501,0.2774017894745383,low,0.34261330292786873,landsat_gee,True
NSR-GRID-022,LC09_L2SP_176039_20250929_20250930_02_T1,2025-09-29,0.9821736786995032,0.6389808562948536,42.225059579180034,0.284355917230372,low,0.34319282240464966,landsat_gee,True
NSR-GRID-024,LC09_L2SP_176039_20250929_20250930_02_T1,2025-09-29,-0.964477044355732,-1.0943359383909987,40.2784088561248,0.37209294227542555,medium,0.12985889403526674,landsat_gee,True
NSR-GRID-025,LC09_L2SP_176039_20250929_20250930_02_T1,2025-09-29,-0.7026273754419989,-0.6457436754919086,40.54025852503853,0.3653390238458631,medium,-0.05688369995009035,landsat_gee,True
NSR-GRID-026,LC09_L2SP_176039_20250929_20250930_02_T1,2025-09-29,-1.8176302269991,-1.6093851126006855,39.42525567348143,0.3011688777813021,low,-0.20824511439841453,landsat_gee,True
NSR-GRID-027,LC09_L2SP_176039_20250929_20250930_02_T1,2025-09-29,-2.094604259333764,-1.9917864502390619,39.14828164114677,0.3524910410021655,medium,-0.10281780909470228,landsat_gee,True
NSR-GRID-028,LC09_L2SP_176039_20250929_20250930_02_T1,2025-09-29,-2.984909641823961,-2.790492422867549,38.25797625865657,0.36755701259736484,medium,-0.19441721895641217,landsat_gee,True
NSR-GRID-029,LC09_L2SP_176039_20250929_20250930_02_T1,2025-09-29,-1.888446907160564,-1.6223535837386196,39.35443899331997,0.366809576863312,medium,-0.26609332342194447,landsat_gee,True
NSR-GRID-030,LC09_L2SP_176039_20250929_20250930_02_T1,2025-09-29,-1.5090066880465187,-1.2426519832721143,39.73387921243401,0.3466972093694738,low,-0.26635470477440437,landsat_gee,True
NSR-GRID-031,LC09_L2SP_176039_20250929_20250930_02_T1,2025-09-29,0.5199140433471428,0.43699194847870654,41.76279994382767,0.32983710439892655,low,0.08292209486843621,landsat_gee,True
NSR-GRID-032,LC09_L2SP_176039_20250929_20250930_02_T1,2025-09-29,1.143318272324258,0.9099745171143035,42.38620417280479,0.38003357384847747,medium,0.23334375520995454,landsat_gee,True
NSR-GRID-033,LC09_L2SP_176039_20250929_20250930_02_T1,2025-09-29,3.527298532411692,3.3593566336991008,44.77018443289222,0.3338258116202373,low,0.16794189871259135,landsat_gee,True
NSR-GRID-034,LC09_L2SP_176039_20250929_20250930_02_T1,2025-09-29,2.0090823798178405,1.643483181119944,43.25196828029837,0.3154082218408005,low,0.3655991986978966,landsat_gee,True
NSR-GRID-035,LC09_L2SP_176039_20250929_20250930_02_T1,2025-09-29,2.5026280588577023,2.437610337181604,43.74551395933823,0.3130156779304808,low,0.06501772167609854,landsat_gee,True
NSR-GRID-036,LC09_L2SP_176039_20250929_20250930_02_T1,2025-09-29,2.93767505794441,2.8116250447748374,44.18056095842494,0.32135456235066157,low,0.12605001316957276,landsat_gee,True
NSR-GRID-037,LC09_L2SP_176039_20250929_20250930_02_T1,2025-09-29,2.0085214416781554,1.9750445933856267,43.251407342158686,0.3371549896243353,low,0.03347684829252873,landsat_gee,True
NSR-GRID-038,LC09_L2SP_176039_20250929_20250930_02_T1,2025-09-29,2.7582550317586083,2.8774972221444504,44.00114093223914,0.3749444321323058,medium,-0.11924219038584205,landsat_gee,True
NSR-GRID-039,LC09_L2SP_176039_20250929_20250930_02_T1,2025-09-29,1.932307882928562,1.5737445558787797,43.17519378340909,0.3845749792195162,medium,0.35856332704978233,landsat_gee,True
NSR-GRID-040,LC09_L2SP_176039_20250929_20250930_02_T1,2025-09-29,1.54236877864993,1.488492116233126,42.78525467913046,0.39598126339074075,medium,0.05387666241680411,landsat_gee,True
NSR-GRID-041,LC09_L2SP_176039_20250929_20250930_02_T1,2025-09-29,-1.6315854936783367,-1.5994127431634109,39.611300406802194,0.36119339797871375,medium,-0.03217275051492585,landsat_gee,True
NSR-GRID-042,LC09_L2SP_176039_20250929_20250930_02_T1,2025-09-29,2.019675547179048,1.8781195395784664,43.26256144765958,0.32556626199204786,low,0.14155600760058173,landsat_gee,True
NSR-GRID-043,LC09_L2SP_176039_20250929_20250930_02_T1,2025-09-29,1.923346132886273,1.7875993007112136,43.1662320333668,0.35492358819779063,medium,0.13574683217505945,landsat_gee,True
NSR-GRID-044,LC09_L2SP_176039_20250929_20250930_02_T1,2025-09-29,-1.1774691890017903,-1.0086418553547125,40.06541671147874,0.4903050197480242,medium,-0.1688273336470778,landsat_gee,True
NSR-GRID-045,LC09_L2SP_176039_20250929_20250930_02_T1,2025-09-29,1.322635011134544,1.5050630077633023,42.565520911615074,0.26881114261557115,low,-0.1824279966287583,landsat_gee,True
NSR-GRID-046,LC09_L2SP_176039_20250929_20250930_02_T1,2025-09-29,1.9762542736402864,1.721727587872363,43.21914017412082,0.3603241339021763,medium,0.25452668576792337,landsat_gee,True
NSR-GRID-047,LC09_L2SP_176039_20250929_20250930_02_T1,2025-09-29,2.160434266857301,1.7073758293599215,43.40332016733783,0.24726393131430924,low,0.4530584374973796,landsat_gee,True
NSR-GRID-048,LC09_L2SP_176039_20250929_20250930_02_T1,2025-09-29,2.165742556625503,2.1194266480710864,43.40862845710603,0.4083654940147343,medium,0.046315908554416474,landsat_gee,True
NSR-GRID-049,LC09_L2SP_176039_20250929_20250930_02_T1,2025-09-29,1.0184874977111278,1.430416713212841,42.26137339819166,0.24681516335033565,low,-0.41192921550171313,landsat_gee,True
NSR-GRID-050,LC09_L2SP_176039_20250929_20250930_02_T1,2025-09-29,2.2637090528030583,1.9549920944897468,43.50659495328359,0.3798157657213137,medium,0.3087169583133116,landsat_gee,True
NSR-GRID-051,LC09_L2SP_176039_20250929_20250930_02_T1,2025-09-29,0.1772454631576465,0.5533045058245886,41.42013136363818,0.2064526985071885,low,-0.37605904266694207,landsat_gee,True
NSR-GRID-052,LC09_L2SP_176039_20250929_20250930_02_T1,2025-09-29,-2.542048485423237,-2.6418883312541666,38.70083741505729,0.33663675114408104,low,0.09983984583092953,landsat_gee,True
NSR-GRID-053,LC09_L2SP_176039_20250929_20250930_02_T1,2025-09-29,0.165561356786128,0.715789711530764,41.40844725726666,0.221643869743138,low,-0.550228354744636,landsat_gee,True
NSR-GRID-054,LC09_L2SP_176039_20250929_20250930_02_T1,2025-09-29,-2.7309818091090605,-2.8049876352846432,38.51190409137147,0.3557571589461171,medium,0.07400582617558271,landsat_gee,True
NSR-GRID-055,LC09_L2SP_176039_20250929_20250930_02_T1,2025-09-29,-0.6076477928989874,-0.8638984028243685,40.63523810758154,0.33271584056756304,low,0.25625060992538107,landsat_gee,True
NSR-GRID-056,LC09_L2SP_176039_20250929_20250930_02_T1,2025-09-29,0.2418187886149283,0.11495169273849142,41.48470468909546,0.3549295053920206,medium,0.1268670958764369,landsat_gee,True
NSR-GRID-057,LC09_L2SP_176039_20250929_20250930_02_T1,2025-09-29,-0.9332940031050114,-0.8092107159530453,40.30959189737552,0.3525924524755575,medium,-0.12408328715196615,landsat_gee,True
NSR-GRID-058,LC09_L2SP_176039_20250929_20250930_02_T1,2025-09-29,-2.3652409527433638,-2.0110421623211012,38.87764494773717,0.33613613182048263,low,-0.35419879042226254,landsat_gee,True
NSR-GRID-059,LC09_L2SP_176039_20250929_20250930_02_T1,2025-09-29,-1.3924907931175523,-1.4180427777355404,39.85039510736298,0.3471085542020042,low,0.025551984617988133,landsat_gee,True
NSR-GRID-060,LC09_L2SP_176039_20250929_20250930_02_T1,2025-09-29,-1.3295602541024536,-1.2476556449796177,39.91332564637808,0.36013852163685395,medium,-0.08190460912283593,landsat_gee,True
NSR-GRID-061,LC09_L2SP_176039_20250929_20250930_02_T1,2025-09-29,1.4832409255748755,0.9798048150392404,42.726126826055406,0.2815906178815142,low,0.5034361105356351,landsat_gee,True
NSR-GRID-062,LC09_L2SP_176039_20250929_20250930_02_T1,2025-09-29,1.6127785272072472,1.2929750397960142,42.85566442768778,0.32685955551911156,low,0.319803487411233,landsat_gee,True
NSR-GRID-063,LC09_L2SP_176039_20250929_20250930_02_T1,2025-09-29,2.962406031394117,2.561888573658654,44.20529193187465,0.36684473326092526,medium,0.4005174577354631,landsat_gee,True
NSR-GRID-064,LC09_L2SP_176039_20250929_20250930_02_T1,2025-09-29,1.723487876729628,1.5134227711154349,42.96637377721016,0.3490229406872708,low,0.21006510561419312,landsat_gee,True
NSR-GRID-065,LC09_L2SP_176039_20250929_20250930_02_T1,2025-09-29,-0.8417448723646501,-1.0506622502630878,40.40114102811588,0.40637035102511126,medium,0.20891737789843767,landsat_gee,True
NSR-GRID-066,LC09_L2SP_176039_20250929_20250930_02_T1,2025-09-29,2.8899998726810665,2.8349909536750357,44.1328857731616,0.3218511143498252,low,0.055008919006030776,landsat_gee,True
NSR-GRID-067,LC09_L2SP_176039_20250929_20250930_02_T1,2025-09-29,2.541344573285791,2.2692218191492497,43.78423047376632,0.3293407940926886,low,0.2721227541365412,landsat_gee,True
NSR-GRID-068,LC09_L2SP_176039_20250929_20250930_02_T1,2025-09-29,-0.8593378209378173,-0.9683275473864977,40.38354807954271,0.49075561028125525,medium,0.10898972644868044,landsat_gee,True
NSR-GRID-069,LC09_L2SP_176039_20250929_20250930_02_T1,2025-09-29,-0.3079173291254307,-0.23737439249850678,40.9349685713551,0.3902964711173037,medium,-0.0705429366269239,landsat_gee,True
NSR-GRID-070,LC09_L2SP_176039_20250929_20250930_02_T1,2025-09-29,1.588254109302106,1.6572020181551854,42.83114000978264,0.3406250269728302,low,-0.06894790885307933,landsat_gee,True
NSR-GRID-071,LC09_L2SP_176039_20250929_20250930_02_T1,2025-09-29,1.596114312471471,1.8949883497859534,42.839000212952,0.3349629835096248,low,-0.2988740373144825,landsat_gee,True
NSR-GRID-072,LC09_L2SP_176039_20250929_20250930_02_T1,2025-09-29,1.3182428907483654,1.5015523679889367,42.561128791228896,0.25073008939046326,low,-0.18330947724057123,landsat_gee,True
NSR-GRID-073,LC09_L2SP_176039_20250929_20250930_02_T1,2025-09-29,1.327612341679021,1.2876425946517434,42.57049824215955,0.26288744671101094,low,0.039969747027277736,landsat_gee,True
NSR-GRID-074,LC09_L2SP_176039_20250929_20250930_02_T1,2025-09-29,0.8478386357654415,1.1399782732430825,42.09072453624597,0.2358996742024333,low,-0.29213963747764105,landsat_gee,True
NSR-GRID-075,LC09_L2SP_176039_20250929_20250930_02_T1,2025-09-29,0.6376003545365947,1.129591902601683,41.880486255017125,0.258651263376835,low,-0.49199154806508827,landsat_gee,True
NSR-GRID-076,LC09_L2SP_176039_20250929_20250930_02_T1,2025-09-29,1.1526797429072673,0.8820630892009099,42.3955656433878,0.24809110543305835,low,0.27061665370635735,landsat_gee,True
NSR-GRID-077,LC09_L2SP_176039_20250929_20250930_02_T1,2025-09-29,-0.6978425128437706,-0.6546103295798058,40.54504338763676,0.17651466923265455,low,-0.04323218326396483,landsat_gee,True
NSR-GRID-079,LC09_L2SP_176039_20250929_20250930_02_T1,2025-09-29,0.5035235852601403,0.47846971485895023,41.74640948574067,0.23451719430099,low,0.02505387040119006,landsat_gee,True
NSR-GRID-080,LC09_L2SP_176039_20250929_20250930_02_T1,2025-09-29,-2.503342726846867,-2.734491286634773,38.73954317363366,0.32108476480075276,low,0.23114855978790594,landsat_gee,True
NSR-GRID-081,LC09_L2SP_176039_20250929_20250930_02_T1,2025-09-29,0.3119807812570911,0.27754183731198145,41.55486668173762,0.23648573613589383,low,0.03443894394510966,landsat_gee,True
NSR-GRID-082,LC09_L2SP_176039_20250929_20250930_02_T1,2025-09-29,-0.8351170440110707,-0.7956718431520198,40.40776885646946,0.378120853008578,medium,-0.0394452008590509,landsat_gee,True
NSR-GRID-083,LC09_L2SP_176039_20250929_20250930_02_T1,2025-09-29,-0.329642182538052,-0.1021315201617881,40.91324371794248,0.37073157149827113,medium,-0.22751066237626388,landsat_gee,True
NSR-GRID-084,LC09_L2SP_176039_20250929_20250930_02_T1,2025-09-29,0.7780173740056995,0.7153915442091763,42.02090327448623,0.38559424062094116,medium,0.0626258297965232,landsat_gee,True
NSR-GRID-085,LC09_L2SP_176039_20250929_20250930_02_T1,2025-09-29,-1.237608140000482,-1.258054564620591,40.00527776048005,0.3850285319162559,medium,0.02044642462010904,landsat_gee,True
NSR-GRID-086,LC09_L2SP_176039_20250929_20250930_02_T1,2025-09-29,-1.118077741252698,-1.3596249653261556,40.12480815922783,0.36555983458048946,medium,0.24154722407345752,landsat_gee,True
NSR-GRID-087,LC09_L2SP_176039_20250929_20250930_02_T1,2025-09-29,-2.1418397458280367,-1.9420441173883913,39.101046154652494,0.3562485900959756,medium,-0.19979562843964538,landsat_gee,True
NSR-GRID-088,LC09_L2SP_176039_20250929_20250930_02_T1,2025-09-29,-0.5284232878374411,-0.37428904610006253,40.71446261264309,0.37982693259079037,medium,-0.15413424173737855,landsat_gee,True
NSR-GRID-089,LC09_L2SP_176039_20250929_20250930_02_T1,2025-09-29,-1.1442645813740455,-1.2179861455534557,40.098621319106485,0.32081462275287836,low,0.07372156417941023,landsat_gee,True
NSR-GRID-090,LC09_L2SP_176039_20250929_20250930_02_T1,2025-09-29,0.9519546350022664,0.671149634125269,42.1948405354828,0.3244800710455611,low,0.28080500087699745,landsat_gee,True
NSR-GRID-091,LC09_L2SP_176039_20250929_20250930_02_T1,2025-09-29,1.840282333966691,1.4890219801238376,43.08316823444722,0.3527931594312416,medium,0.35126035384285337,landsat_gee,True
NSR-GRID-092,LC09_L2SP_176039_20250929_20250930_02_T1,2025-09-29,-1.3029364771130574,-1.4487690700218292,39.93994942336747,0.42674119954794526,medium,0.14583259290877182,landsat_gee,True
NSR-GRID-093,LC09_L2SP_176039_20250929_20250930_02_T1,2025-09-29,-0.2152177465615778,-0.2120885495353867,41.02766815391895,0.3948597183604933,medium,-0.003129197026191105,landsat_gee,True
NSR-GRID-094,LC09_L2SP_176039_20250929_20250930_02_T1,2025-09-29,-1.3838176830993802,-1.4304899700946248,39.85906821738115,0.39907869474879876,medium,0.046672286995244505,landsat_gee,True
NSR-GRID-095,LC09_L2SP_176039_20250929_20250930_02_T1,2025-09-29,-0.0866608364843912,0.028551807950124748,41.15622506399614,0.3904017700635667,medium,-0.11521264443451595,landsat_gee,True
NSR-GRID-096,LC09_L2SP_176039_20250929_20250930_02_T1,2025-09-29,-0.4707500975047693,-0.7421277984093709,40.77213580297576,0.4405434345759617,medium,0.2713777009046016,landsat_gee,True
NSR-GRID-097,LC09_L2SP_176039_20250929_20250930_02_T1,2025-09-29,-0.2706635504613857,-0.13105765812724274,40.972222350019145,0.31908158450746277,low,-0.13960589233414294,landsat_gee,True
NSR-GRID-098,LC09_L2SP_176039_20250929_20250930_02_T1,2025-09-29,-0.3981412645513842,-0.6214610324948946,40.844744635929146,0.32231032002788507,low,0.22331976794351038,landsat_gee,True
NSR-GRID-099,LC09_L2SP_176039_20250929_20250930_02_T1,2025-09-29,-0.7960121245317637,-0.9683678235335619,40.44687377594877,0.2883861789160103,low,0.17235569900179815,landsat_gee,True
NSR-GRID-100,LC09_L2SP_176039_20250929_20250930_02_T1,2025-09-29,-1.51454486264398,-1.5183573244619641,39.72834103783655,0.2013412189528595,low,0.003812461817984225,landsat_gee,True
NSR-GRID-101,LC09_L2SP_176039_20250929_20250930_02_T1,2025-09-29,-1.104968185461395,-1.2541235371666342,40.137917715019135,0.16500801231707496,low,0.14915535170523908,landsat_gee,True
NSR-GRID-102,LC09_L2SP_176039_20250929_20250930_02_T1,2025-09-29,0.5786640194559283,0.7878353407578876,41.82154991993646,0.20565241016565464,low,-0.20917132130195937,landsat_gee,True
NSR-GRID-103,LC09_L2SP_176039_20250929_20250930_02_T1,2025-09-29,0.4718235990652175,0.4878408268313831,41.71470949954575,0.23503015821562,low,-0.016017227766165598,landsat_gee,True
NSR-GRID-104,LC09_L2SP_176039_20250929_20250930_02_T1,2025-09-29,1.571537539166492,1.731465896262803,42.81442343964702,0.2506860589018049,low,-0.1599283570963108,landsat_gee,True
NSR-GRID-105,LC09_L2SP_176039_20250929_20250930_02_T1,2025-09-29,-2.47119709984009,-2.4129200964865034,38.77168880064044,0.3174843801839633,low,-0.058277003353586654,landsat_gee,True
NSR-GRID-106,LC09_L2SP_176039_20250929_20250930_02_T1,2025-09-29,0.1628450236994822,0.3357474685015684,41.40573092418001,0.2225009858661918,low,-0.1729024448020862,landsat_gee,True
NSR-GRID-107,LC09_L2SP_176039_20250929_20250930_02_T1,2025-09-29,-2.0734941729126675,-2.041146601356514,39.16939172756786,0.3854253070848701,medium,-0.03234757155615364,landsat_gee,True
NSR-GRID-108,LC09_L2SP_176039_20250929_20250930_02_T1,2025-09-29,-2.3614419050604667,-2.5388488829581175,38.881443995420064,0.3535304090473254,medium,0.1774069778976508,landsat_gee,True
NSR-GRID-109,LC09_L2SP_176039_20250929_20250930_02_T1,2025-09-29,-3.3603348239780573,-3.3869104602695717,37.88255107650247,0.36200906138884614,medium,0.026575636291514382,landsat_gee,True
NSR-GRID-110,LC09_L2SP_176039_20250929_20250930_02_T1,2025-09-29,-3.204614604186382,-3.218846995881257,38.03827129629415,0.35537608056035264,medium,0.014232391694875002,landsat_gee,True
NSR-GRID-111,LC09_L2SP_176039_20250929_20250930_02_T1,2025-09-29,-2.8793906828100333,-3.1587930025167608,38.3634952176705,0.3564484131969896,medium,0.27940231970672746,landsat_gee,True
NSR-GRID-112,LC09_L2SP_176039_20250929_20250930_02_T1,2025-09-29,-2.100972089110165,-2.187319051705283,39.141913811370365,0.41686277924311854,medium,0.08634696259511809,landsat_gee,True
NSR-GRID-113,LC09_L2SP_176039_20250929_20250930_02_T1,2025-09-29,-4.19701212121435,-3.965550127659453,37.04587377926618,0.33386381211355864,low,-0.2314619935548965,landsat_gee,True
NSR-GRID-114,LC09_L2SP_176039_20250929_20250930_02_T1,2025-09-29,-3.652786892615417,-3.8290379504098695,37.59009900786511,0.3473493661303416,low,0.1762510577944525,landsat_gee,True
NSR-GRID-115,LC09_L2SP_176039_20250929_20250930_02_T1,2025-09-29,-1.4906031508279085,-1.8055535639342513,39.75228274965262,0.37058303598084885,medium,0.31495041310634275,landsat_gee,True
NSR-GRID-116,LC09_L2SP_176039_20250929_20250930_02_T1,2025-09-29,1.069934529695992,0.8142941691473723,42.31282043017652,0.37780368199849174,medium,0.2556403605486196,landsat_gee,True
NSR-GRID-117,LC09_L2SP_176039_20250929_20250930_02_T1,2025-09-29,1.405830800462148,1.3040926762598537,42.64871670094268,0.30661855631025864,low,0.10173812420229433,landsat_gee,True
NSR-GRID-118,LC09_L2SP_176039_20250929_20250930_02_T1,2025-09-29,0.9430721901275164,0.4678139438145364,42.18595809060805,0.3263928363646089,low,0.47525824631298,landsat_gee,True
NSR-GRID-119,LC09_L2SP_176039_20250929_20250930_02_T1,2025-09-29,-3.673836857659886,-3.562116752653184,37.569049042820645,0.4776093132565641,medium,-0.11172010500670204,landsat_gee,True
NSR-GRID-120,LC09_L2SP_176039_20250929_20250930_02_T1,2025-09-29,-3.7471463001500993,-3.508236286156616,37.49573960033043,0.4986712134780593,medium,-0.23891001399348344,landsat_gee,True
NSR-GRID-121,LC09_L2SP_176039_20250929_20250930_02_T1,2025-09-29,-1.4279917994352689,-1.235887380657464,39.81489410104526,0.4492444767770685,medium,-0.19210441877780493,landsat_gee,True
NSR-GRID-122,LC09_L2SP_176039_20250929_20250930_02_T1,2025-09-29,-0.8144586837775449,-0.8153644909750587,40.428427216702985,0.3461857347825677,low,0.0009058071975137638,landsat_gee,True
NSR-GRID-123,LC09_L2SP_176039_20250929_20250930_02_T1,2025-09-29,-0.775067229699097,-0.868248112134309,40.46781867078143,0.3541659284444916,medium,0.09318088243521194,landsat_gee,True
NSR-GRID-124,LC09_L2SP_176039_20250929_20250930_02_T1,2025-09-29,-0.3418163982545721,-0.8776078538527566,40.90106950222596,0.3315614479545378,low,0.5357914555981845,landsat_gee,True
NSR-GRID-125,LC09_L2SP_176039_20250929_20250930_02_T1,2025-09-29,-1.6956781106899683,-1.688440527483414,39.54720778979056,0.19347062780340424,low,-0.007237583206554321,landsat_gee,True
NSR-GRID-126,LC09_L2SP_176039_20250929_20250930_02_T1,2025-09-29,0.5403106090165082,0.7292203728661745,41.78319650949704,0.2247300430499166,low,-0.1889097638496663,landsat_gee,True
NSR-GRID-127,LC09_L2SP_176039_20250929_20250930_02_T1,2025-09-29,1.354961616094286,1.336856295876501,42.59784751657482,0.23109813470087942,low,0.018105320217784993,landsat_gee,True
NSR-GRID-128,LC09_L2SP_176039_20250929_20250930_02_T1,2025-09-29,-2.3959362409294727,-2.3452475378184703,38.84694965955106,0.22938983257408124,low,-0.050688703111002376,landsat_gee,True
NSR-GRID-129,LC09_L2SP_176039_20250929_20250930_02_T1,2025-09-29,-0.130045074297243,0.07064318306971036,41.11284082618329,0.23434996407345118,low,-0.20068825736695334,landsat_gee,True
NSR-GRID-130,LC09_L2SP_176039_20250929_20250930_02_T1,2025-09-29,-2.114960102164765,-2.1017604122551963,39.127925798315765,0.370808950736737,medium,-0.013199689909568768,landsat_gee,True
NSR-GRID-131,LC09_L2SP_176039_20250929_20250930_02_T1,2025-09-29,-1.2820401472146088,-1.0798360716214392,39.96084575326592,0.1942458841890539,low,-0.20220407559316955,landsat_gee,True
NSR-GRID-132,LC09_L2SP_176039_20250929_20250930_02_T1,2025-09-29,-3.67151266397822,-3.4770600506714002,37.57137323650231,0.35304403858157113,medium,-0.19445261330681962,landsat_gee,True
NSR-GRID-133,LC09_L2SP_176039_20250929_20250930_02_T1,2025-09-29,-3.4496462531695826,-3.492537786116811,37.79323964731095,0.3624429436819804,medium,0.04289153294722858,landsat_gee,True
NSR-GRID-134,LC09_L2SP_176039_20250929_20250930_02_T1,2025-09-29,-3.119585746640439,-3.0788996186210285,38.12330015384009,0.35602360850224296,medium,-0.04068612801941063,landsat_gee,True
NSR-GRID-135,LC09_L2SP_176039_20250929_20250930_02_T1,2025-09-29,-3.357854124853233,-3.226270314508174,37.8850317756273,0.3409947611662198,low,-0.13158381034505906,landsat_gee,True
NSR-GRID-136,LC09_L2SP_176039_20250929_20250930_02_T1,2025-09-29,-2.8492845015698838,-2.8083587613036403,38.39360139891065,0.2490597383566045,low,-0.040925740266243515,landsat_gee,True
NSR-GRID-137,LC09_L2SP_176039_20250929_20250930_02_T1,2025-09-29,-3.573074894666149,-3.5311184516610115,37.66981100581438,0.34252593350161675,low,-0.041956443005137345,landsat_gee,True
NSR-GRID-138,LC09_L2SP_176039_20250929_20250930_02_T1,2025-09-29,-3.894693798428925,-3.7849670291538424,37.348192102051605,0.3364833111024523,low,-0.10972676927508251,landsat_gee,True
NSR-GRID-139,LC09_L2SP_176039_20250929_20250930_02_T1,2025-09-29,-2.075970048721807,-1.9200263059239369,39.16691585175872,0.38802460265785854,medium,-0.15594374279787004,landsat_gee,True
NSR-GRID-140,LC09_L2SP_176039_20250929_20250930_02_T1,2025-09-29,2.1874852931682014,2.321381263691931,43.43037119364873,0.28085878930340646,low,-0.1338959705237297,landsat_gee,True
NSR-GRID-141,LC09_L2SP_176039_20250929_20250930_02_T1,2025-09-29,2.747791417312236,2.7297169558219996,43.990677317792766,0.26383931917642706,low,0.018074461490236615,landsat_gee,True
NSR-GRID-142,LC09_L2SP_176039_20250929_20250930_02_T1,2025-09-29,-0.3025612722592399,-0.2739786317046396,40.94032462822129,0.3152862396954263,low,-0.028582640554600303,landsat_gee,True
NSR-GRID-143,LC09_L2SP_176039_20250929_20250930_02_T1,2025-09-29,-1.842961288558051,-2.036648380767566,39.39992461192248,0.431729242527835,medium,0.19368709220951486,landsat_gee,True
NSR-GRID-144,LC09_L2SP_176039_20250929_20250930_02_T1,2025-09-29,-3.730950788954374,-3.5003942748800627,37.51193511152616,0.47603773189835435,medium,-0.2305565140743111,landsat_gee,True
NSR-GRID-145,LC09_L2SP_176039_20250929_20250930_02_T1,2025-09-29,-1.911674887623384,-1.6100612345821907,39.331211012857146,0.432486791368378,medium,-0.30161365304119325,landsat_gee,True
NSR-GRID-146,LC09_L2SP_176039_20250929_20250930_02_T1,2025-09-29,-0.9671715193768122,-0.866288242302997,40.27571438110372,0.3291379443433094,low,-0.10088327707381528,landsat_gee,True
NSR-GRID-147,LC09_L2SP_176039_20250929_20250930_02_T1,2025-09-29,-0.5944268517933224,-0.746500527742171,40.64845904868721,0.3355452781312953,low,0.15207367594884857,landsat_gee,True
NSR-GRID-148,LC09_L2SP_176039_20250929_20250930_02_T1,2025-09-29,-0.4955917903325613,-0.6613115589280126,40.74729411014797,0.29822077480300996,low,0.16571976859545134,landsat_gee,True
NSR-GRID-149,LC09_L2SP_176039_20250929_20250930_02_T1,2025-09-29,-2.267842209529931,-2.099026039931658,38.9750436909506,0.31713324236210033,low,-0.16881616959827328,landsat_gee,True
NSR-GRID-150,LC09_L2SP_176039_20250929_20250930_02_T1,2025-09-29,-2.6856722590133657,-2.6156587484375726,38.557213641467165,0.24575384708203993,low,-0.07001351057579308,landsat_gee,True
NSR-GRID-151,LC09_L2SP_176039_20250929_20250930_02_T1,2025-09-29,-1.0255810568275407,-0.8000308103511328,40.21730484365299,0.20648614750369426,low,-0.22555024647640798,landsat_gee,True
NSR-GRID-152,LC09_L2SP_176039_20250929_20250930_02_T1,2025-09-29,-1.7573616735688231,-1.6256971605948936,39.48552422691171,0.3647463361529562,medium,-0.13166451297392956,landsat_gee,True
NSR-GRID-153,LC09_L2SP_176039_20250929_20250930_02_T1,2025-09-29,-3.223348238953207,-3.1258801233683573,38.01953766152732,0.3725654800305482,medium,-0.0974681155848498,landsat_gee,True
NSR-GRID-154,LC09_L2SP_176039_20250929_20250930_02_T1,2025-09-29,-3.079960881559316,-3.292862605096734,38.162925018921214,0.356346817131315,medium,0.212901723537418,landsat_gee,True
NSR-GRID-155,LC09_L2SP_176039_20250929_20250930_02_T1,2025-09-29,-3.9506380112383255,-3.9040359460956906,37.292247889242205,0.3521395887129776,medium,-0.046602065142634874,landsat_gee,True
NSR-GRID-156,LC09_L2SP_176039_20250929_20250930_02_T1,2025-09-29,-4.259149034469203,-4.0476205810305546,36.98373686601133,0.3385980733996032,low,-0.2115284534386488,landsat_gee,True
NSR-GRID-157,LC09_L2SP_176039_20250929_20250930_02_T1,2025-09-29,-3.883100205143592,-3.574739478509792,37.35978569533694,0.31847623330272967,low,-0.3083607266338002,landsat_gee,True
NSR-GRID-158,LC09_L2SP_176039_20250929_20250930_02_T1,2025-09-29,-4.19361940031969,-4.0320805162234645,37.04926650016084,0.3439765603443648,low,-0.16153888409622574,landsat_gee,True
NSR-GRID-159,LC09_L2SP_176039_20250929_20250930_02_T1,2025-09-29,-3.727890175905941,-3.7306625517245244,37.51499572457459,0.3553086659572143,medium,0.0027723758185835834,landsat_gee,True
NSR-GRID-160,LC09_L2SP_176039_20250929_20250930_02_T1,2025-09-29,-2.701766256818047,-2.6413914832048917,38.54111964366248,0.41057718987004926,medium,-0.06037477361315524,landsat_gee,True
NSR-GRID-161,LC09_L2SP_176039_20250929_20250930_02_T1,2025-09-29,-1.4055627947308975,-1.0960419144045679,39.83732310574963,0.37844799082260494,medium,-0.30952088032632963,landsat_gee,True
NSR-GRID-162,LC09_L2SP_176039_20250929_20250930_02_T1,2025-09-29,-0.5574292828212037,-0.2749889890902802,40.68545661765933,0.3406205386853444,low,-0.28244029373092355,landsat_gee,True
NSR-GRID-163,LC09_L2SP_176039_20250929_20250930_02_T1,2025-09-29,-0.5608375925382774,-0.8144628124018973,40.68204830794225,0.3896150013601801,medium,0.25362521986361997,landsat_gee,True
NSR-GRID-164,LC09_L2SP_176039_20250929_20250930_02_T1,2025-09-29,-1.941324372350813,-1.82123251739948,39.30156152812972,0.37830073438300627,medium,-0.12009185495133279,landsat_gee,True
NSR-GRID-165,LC09_L2SP_176039_20250929_20250930_02_T1,2025-09-29,-3.4218321497262423,-3.2973812175075863,37.82105375075429,0.4841606329603564,medium,-0.124450932218656,landsat_gee,True
NSR-GRID-166,LC09_L2SP_176039_20250929_20250930_02_T1,2025-09-29,-1.958611044640236,-1.5821670107066637,39.284274855840295,0.44743788820948216,medium,-0.3764440339335724,landsat_gee,True
NSR-GRID-167,LC09_L2SP_176039_20250929_20250930_02_T1,2025-09-29,-0.6217722177351277,-0.8947826232685927,40.6211136827454,0.3561627246553382,medium,0.273010405533465,landsat_gee,True
NSR-GRID-168,LC09_L2SP_176039_20250929_20250930_02_T1,2025-09-29,-0.6861172489310263,-0.8402110139365384,40.556768651549504,0.3462178649188613,low,0.15409376500551208,landsat_gee,True
NSR-GRID-169,LC09_L2SP_176039_20250929_20250930_02_T1,2025-09-29,-1.0806584248006104,-0.963185942256239,40.16222747567992,0.3236285374694337,low,-0.11747248254437137,landsat_gee,True
NSR-GRID-170,LC09_L2SP_176039_20250929_20250930_02_T1,2025-09-29,-0.8769519044512961,-1.0124542124838218,40.365933996029234,0.27695014233119275,low,0.13550230803252572,landsat_gee,True
NSR-GRID-171,LC09_L2SP_176039_20250929_20250930_02_T1,2025-09-29,-0.6656105600629232,-0.7233698890911244,40.57727534041761,0.20695997805992097,low,0.057759329028201245,landsat_gee,True
NSR-GRID-172,LC09_L2SP_176039_20250929_20250930_02_T1,2025-09-29,-0.2717738432163585,-0.336683870807707,40.97111205726417,0.17312632871207898,low,0.06491002759134851,landsat_gee,True
NSR-GRID-173,LC09_L2SP_176039_20250929_20250930_02_T1,2025-09-29,0.8335862225550201,0.8118098692989139,42.07647212303555,0.23879221151364383,low,0.021776353256106273,landsat_gee,True
NSR-GRID-174,LC09_L2SP_176039_20250929_20250930_02_T1,2025-09-29,-1.0400414919691272,-0.9290116064125827,40.2028444085114,0.3204121403775364,low,-0.11102988555654447,landsat_gee,True
NSR-GRID-175,LC09_L2SP_176039_20250929_20250930_02_T1,2025-09-29,-3.3503520926921557,-3.2904972570515074,37.892533807788375,0.35070885353522296,medium,-0.05985483564064831,landsat_gee,True
NSR-GRID-176,LC09_L2SP_176039_20250929_20250930_02_T1,2025-09-29,-3.2549293546991507,-3.3509130895734995,37.98795654578138,0.3310354203139507,low,0.09598373487434886,landsat_gee,True
NSR-GRID-177,LC09_L2SP_176039_20250929_20250930_02_T1,2025-09-29,-3.828768685878288,-3.2318580908199777,37.41411721460224,0.3450160784074952,low,-0.5969105950583105,landsat_gee,True
NSR-GRID-178,LC09_L2SP_176039_20250929_20250930_02_T1,2025-09-29,-3.637805114180125,-3.432261587847386,37.605080786300405,0.34314414090195827,low,-0.2055435263327392,landsat_gee,True
NSR-GRID-179,LC09_L2SP_176039_20250929_20250930_02_T1,2025-09-29,-3.761907493704811,-3.6566217828002414,37.48097840677572,0.3334463446487351,low,-0.10528571090456973,landsat_gee,True
NSR-GRID-180,LC09_L2SP_176039_20250929_20250930_02_T1,2025-09-29,-3.6856152299344416,-3.6424021622974436,37.55727067054609,0.33145793042707683,low,-0.04321306763699795,landsat_gee,True
NSR-GRID-181,LC09_L2SP_176039_20250929_20250930_02_T1,2025-09-29,-2.8692311869571228,-2.916107228451332,38.37365471352341,0.35721037800841304,medium,0.0468760414942091,landsat_gee,True
NSR-GRID-182,LC09_L2SP_176039_20250929_20250930_02_T1,2025-09-29,-2.4315717085663096,-2.319965676607718,38.81131419191422,0.3890073391293241,medium,-0.11160603195859142,landsat_gee,True
NSR-GRID-183,LC09_L2SP_176039_20250929_20250930_02_T1,2025-09-29,-1.3602187823371423,-1.5351983789078778,39.88266711814339,0.3884742209406733,medium,0.17497959657073547,landsat_gee,True
NSR-GRID-184,LC09_L2SP_176039_20250929_20250930_02_T1,2025-09-29,-1.3405967866943411,-1.4344575149621397,39.90228911378619,0.3902249883605397,medium,0.09386072826779857,landsat_gee,True
NSR-GRID-185,LC09_L2SP_176039_20250929_20250930_02_T1,2025-09-29,-0.9268324873966308,-0.9735953263122783,40.3160534130839,0.34811148446113505,low,0.046762838915647476,landsat_gee,True
NSR-GRID-186,LC09_L2SP_176039_20250929_20250930_02_T1,2025-09-29,-1.490532905381755,-1.6453411984174906,39.752352995098775,0.4106193879867184,medium,0.1548082930357355,landsat_gee,True
NSR-GRID-187,LC09_L2SP_176039_20250929_20250930_02_T1,2025-09-29,-1.8107590214222429,-1.9180108912247384,39.43212687905829,0.4584198187625191,medium,0.10725186980249557,landsat_gee,True
NSR-GRID-188,LC09_L2SP_176039_20250929_20250930_02_T1,2025-09-29,-1.998800078112964,-2.131553066319731,39.244085822367566,0.42662463910529214,medium,0.13275298820676684,landsat_gee,True
NSR-GRID-189,LC09_L2SP_176039_20250929_20250930_02_T1,2025-09-29,-2.55048731322664,-2.535635959619803,38.69239858725389,0.4394459632201836,medium,-0.014851353606837314,landsat_gee,True
NSR-GRID-190,LC09_L2SP_176039_20250929_20250930_02_T1,2025-09-29,-2.611390956113979,-2.4395714734804104,38.63149494436655,0.357364917635627,medium,-0.17181948263356883,landsat_gee,True
NSR-GRID-191,LC09_L2SP_176039_20250929_20250930_02_T1,2025-09-29,-1.6273880281611994,-1.4564314564903535,39.61549787231933,0.3157674643601369,low,-0.17095657167084588,landsat_gee,True
NSR-GRID-192,LC09_L2SP_176039_20250929_20250930_02_T1,2025-09-29,0.4916657074691173,0.3657459719163695,41.73455160794965,0.22247167538190685,low,0.12591973555274782,landsat_gee,True
NSR-GRID-193,LC09_L2SP_176039_20250929_20250930_02_T1,2025-09-29,-0.2966868911802933,-0.35624712012580684,40.94619900930024,0.37361995319016483,medium,0.05956022894551355,landsat_gee,True
NSR-GRID-194,LC09_L2SP_176039_20250929_20250930_02_T1,2025-09-29,0.514454140598616,0.5482208878846603,41.757340041079146,0.2689731841727884,low,-0.03376674728604423,landsat_gee,True
NSR-GRID-195,LC09_L2SP_176039_20250929_20250930_02_T1,2025-09-29,-2.5933118342213533,-3.0117766287471084,38.64957406625918,0.3517008071882318,medium,0.41846479452575513,landsat_gee,True
NSR-GRID-196,LC09_L2SP_176039_20250929_20250930_02_T1,2025-09-29,-0.943588008389419,-0.6864980856666933,40.29929789209111,0.26156978168728034,low,-0.2570899227227257,landsat_gee,True
NSR-GRID-197,LC09_L2SP_176039_20250929_20250930_02_T1,2025-09-29,-3.0592229634839683,-3.2756348106325643,38.18366293699656,0.3085119922168265,low,0.21641184714859607,landsat_gee,True
NSR-GRID-198,LC09_L2SP_176039_20250929_20250930_02_T1,2025-09-29,-3.398537564265787,-3.2343250520901323,37.84434833621474,0.25853879373116034,low,-0.1642125121756548,landsat_gee,True
NSR-GRID-199,LC09_L2SP_176039_20250929_20250930_02_T1,2025-09-29,-4.050498968487311,-3.9327798843219464,37.19238693199322,0.35699673333477777,medium,-0.11771908416536458,landsat_gee,True
NSR-GRID-200,LC09_L2SP_176039_20250929_20250930_02_T1,2025-09-29,-3.2450980906981,-3.4642350635118033,37.99778780978243,0.3513216305951892,medium,0.21913697281370315,landsat_gee,True
NSR-GRID-201,LC09_L2SP_176039_20250929_20250930_02_T1,2025-09-29,-3.184064070584739,-3.2445908935519467,38.05882182989579,0.38262768314034834,medium,0.06052682296720757,landsat_gee,True
NSR-GRID-202,LC09_L2SP_176039_20250929_20250930_02_T1,2025-09-29,-2.456517544059743,-2.4483819402266436,38.78636835642079,0.36450773189049235,medium,-0.008135603833099303,landsat_gee,True
NSR-GRID-203,LC09_L2SP_176039_20250929_20250930_02_T1,2025-09-29,0.5507629235042728,0.29753849421162265,41.7936488239848,0.4252645984970357,medium,0.25322442929265015,landsat_gee,True
NSR-GRID-204,LC09_L2SP_176039_20250929_20250930_02_T1,2025-09-29,-1.9680243125054984,-2.0542623813189724,39.27486158797503,0.3747500982978516,medium,0.08623806881347407,landsat_gee,True
NSR-GRID-205,LC09_L2SP_176039_20250929_20250930_02_T1,2025-09-29,-1.7865153026755607,-1.7777070645380868,39.45637059780497,0.38539122100748624,medium,-0.00880823813747389,landsat_gee,True
NSR-GRID-206,LC09_L2SP_176039_20250929_20250930_02_T1,2025-09-29,-2.066788979056213,-2.03881323951831,39.17609692142432,0.40598157679125646,medium,-0.027975739537903,landsat_gee,True
NSR-GRID-207,LC09_L2SP_176039_20250929_20250930_02_T1,2025-09-29,-2.4658041972729023,-2.094869342350918,38.77708170320763,0.40898242682618297,medium,-0.3709348549219844,landsat_gee,True
NSR-GRID-208,LC09_L2SP_176039_20250929_20250930_02_T1,2025-09-29,-1.892586940094084,-1.8354352813609645,39.350298960386446,0.4230206007904168,medium,-0.05715165873311956,landsat_gee,True
NSR-GRID-209,LC09_L2SP_176039_20250929_20250930_02_T1,2025-09-29,-1.6174175022195951,-1.6476403138625328,39.625468398260935,0.4148000857658286,medium,0.03022281164293772,landsat_gee,True
NSR-GRID-210,LC09_L2SP_176039_20250929_20250930_02_T1,2025-09-29,-0.9358450235175012,-1.207953054141019,40.30704087696303,0.41133415290072217,medium,0.27210803062351785,landsat_gee,True
NSR-GRID-211,LC09_L2SP_176039_20250929_20250930_02_T1,2025-09-29,-1.3221114142436363,-1.7396939115511019,39.920774486236894,0.42035584650752544,medium,0.41758249730746555,landsat_gee,True
NSR-GRID-212,LC09_L2SP_176039_20250929_20250930_02_T1,2025-09-29,-0.4513965704243148,-0.5674025019925945,40.791489330056216,0.3604723436536193,medium,0.11600593156827965,landsat_gee,True
NSR-GRID-213,LC09_L2SP_176039_20250929_20250930_02_T1,2025-09-29,-0.2263802815003615,-0.061466939007999176,41.01650561898017,0.28224059055514583,low,-0.1649133424923623,landsat_gee,True
NSR-GRID-214,LC09_L2SP_176039_20250929_20250930_02_T1,2025-09-29,-3.5543418064975683,-3.8301857933910246,37.68854409398296,0.3735320268211408,medium,0.27584398689345635,landsat_gee,True
NSR-GRID-215,LC09_L2SP_176039_20250929_20250930_02_T1,2025-09-29,-3.5645634938142976,-3.5397171145369466,37.67832240666623,0.3225776773832482,low,-0.024846379277351005,landsat_gee,True
NSR-GRID-216,LC09_L2SP_176039_20250929_20250930_02_T1,2025-09-29,-2.2781077878699065,-2.3804885346825846,38.964778112610624,0.3275307246130976,low,0.10238074681267806,landsat_gee,True
NSR-GRID-217,LC09_L2SP_176039_20250929_20250930_02_T1,2025-09-29,-3.2945471438170486,-3.062790500985883,37.94833875666348,0.37041099561922997,medium,-0.23175664283116548,landsat_gee,True
NSR-GRID-218,LC09_L2SP_176039_20250929_20250930_02_T1,2025-09-29,-2.804876512127443,-2.598875559912402,38.43800938835309,0.37048338673597403,medium,-0.206000952215041,landsat_gee,True
NSR-GRID-219,LC09_L2SP_176039_20250929_20250930_02_T1,2025-09-29,-1.5420117439017318,-1.4729084868928257,39.7008741565788,0.3830795345485414,medium,-0.06910325700890607,landsat_gee,True
NSR-GRID-220,LC09_L2SP_176039_20250929_20250930_02_T1,2025-09-29,-0.8800058534449278,-0.8714389428266176,40.3628800470356,0.39449592264023015,medium,-0.008566910618310164,landsat_gee,True
NSR-GRID-221,LC09_L2SP_176039_20250929_20250930_02_T1,2025-09-29,-1.1882074465043218,-1.0958032998638874,40.05467845397621,0.4061308787864679,medium,-0.09240414664043439,landsat_gee,True
NSR-GRID-222,LC09_L2SP_176039_20250929_20250930_02_T1,2025-09-29,-1.092140455214718,-1.2069103345126897,40.15074544526581,0.40004300600729675,medium,0.11476987929797167,landsat_gee,True
NSR-GRID-223,LC09_L2SP_176039_20250929_20250930_02_T1,2025-09-29,-2.191120104877804,-2.1434455710177454,39.051765795602726,0.44135637017870105,medium,-0.0476745338600586,landsat_gee,True
NSR-GRID-224,LC09_L2SP_176039_20250929_20250930_02_T1,2025-09-29,-2.0566335682519608,-2.0540912176200035,39.18625233222857,0.4803788129007267,medium,-0.002542350631957291,landsat_gee,True
NSR-GRID-225,LC09_L2SP_176039_20250929_20250930_02_T1,2025-09-29,-1.0884795888700225,-1.080807143266332,40.15440631161051,0.42877627556046843,medium,-0.007672445603690514,landsat_gee,True
NSR-GRID-226,LC09_L2SP_176039_20250929_20250930_02_T1,2025-09-29,-1.0774161919945158,-1.1869488518882279,40.165469708486015,0.35391744884481247,medium,0.10953265989371208,landsat_gee,True
NSR-GRID-227,LC09_L2SP_176039_20250929_20250930_02_T1,2025-09-29,-1.6973687285803931,-1.7700785169374489,39.54551717190014,0.430248754398628,medium,0.07270978835705577,landsat_gee,True
NSR-GRID-228,LC09_L2SP_176039_20250929_20250930_02_T1,2025-09-29,-1.6288153367362384,-1.6230353003737128,39.61407056374429,0.4134482977101022,medium,-0.0057800363625255535,landsat_gee,True
NSR-GRID-229,LC09_L2SP_176039_20250929_20250930_02_T1,2025-09-29,-1.2257830663924167,-1.1898097053080645,40.017102834088114,0.4413041087315713,medium,-0.03597336108435223,landsat_gee,True
NSR-GRID-230,LC09_L2SP_176039_20250929_20250930_02_T1,2025-09-29,-1.6224652709606389,-1.490998274995439,39.62042062951989,0.3842611194195362,medium,-0.13146699596519995,landsat_gee,True
NSR-GRID-231,LC09_L2SP_176039_20250929_20250930_02_T1,2025-09-29,1.4702372556616865,1.6563554614777072,42.71312315614222,0.32053155022383006,low,-0.18611820581602068,landsat_gee,True
NSR-GRID-232,LC09_L2SP_176039_20250929_20250930_02_T1,2025-09-29,-2.770097975085797,-2.5615220556392755,38.472787925394734,0.32071344133278673,low,-0.20857591944652132,landsat_gee,True
NSR-GRID-233,LC09_L2SP_176039_20250929_20250930_02_T1,2025-09-29,-3.497319512914231,-3.2925420783384927,37.7455663875663,0.3724641244640716,medium,-0.2047774345757385,landsat_gee,True
NSR-GRID-234,LC09_L2SP_176039_20250929_20250930_02_T1,2025-09-29,-3.106590244875605,-3.0563453392274487,38.136295655604926,0.37070791988529606,medium,-0.0502449056481562,landsat_gee,True
NSR-GRID-235,LC09_L2SP_176039_20250929_20250930_02_T1,2025-09-29,-0.8156903833194988,-0.9443050957158622,40.42719551716103,0.3594165232588163,medium,0.12861471239636335,landsat_gee,True
NSR-GRID-236,LC09_L2SP_176039_20250929_20250930_02_T1,2025-09-29,1.2307537618479143,1.2289193174235833,42.473639662328445,0.3773618289312097,medium,0.0018344444243310054,landsat_gee,True
NSR-GRID-237,LC09_L2SP_176039_20250929_20250930_02_T1,2025-09-29,2.550404096939424,3.1311470338216187,43.793289997419954,0.3018997837168198,low,-0.5807429368821948,landsat_gee,True
NSR-GRID-238,LC09_L2SP_176039_20250929_20250930_02_T1,2025-09-29,1.514856300119952,1.7165888361533943,42.75774220060048,0.3437619404114204,low,-0.20173253603344232,landsat_gee,True
NSR-GRID-239,LC09_L2SP_176039_20250929_20250930_02_T1,2025-09-29,0.6260464449983942,0.8262505361725675,41.868932345478925,0.3977038141600646,medium,-0.20020409117417326,landsat_gee,True
NSR-GRID-240,LC09_L2SP_176039_20250929_20250930_02_T1,2025-09-29,0.560682734503672,0.40937597680445714,41.8035686349842,0.36725734781424335,medium,0.15130675769921487,landsat_gee,True
NSR-GRID-241,LC09_L2SP_176039_20250929_20250930_02_T1,2025-09-29,-0.754471433274297,-0.9964920692747339,40.48841446720623,0.45015820435746884,medium,0.24202063600043688,landsat_gee,True
NSR-GRID-242,LC09_L2SP_176039_20250929_20250930_02_T1,2025-09-29,-1.423377652176221,-1.5077709838865545,39.81950824830431,0.4974441987491336,medium,0.08439333171033359,landsat_gee,True
NSR-GRID-243,LC09_L2SP_176039_20250929_20250930_02_T1,2025-09-29,-0.6786738417652884,-0.8153899366675994,40.56421205871524,0.38987209037758075,medium,0.13671609490231096,landsat_gee,True
NSR-GRID-244,LC09_L2SP_176039_20250929_20250930_02_T1,2025-09-29,1.049351677267019,1.2435180579132978,42.29223757774755,0.25799924065385865,low,-0.19416638064627878,landsat_gee,True
NSR-GRID-245,LC09_L2SP_176039_20250929_20250930_02_T1,2025-09-29,0.8284116569737918,0.8965831334262663,42.07129755745432,0.34190825279019915,low,-0.06817147645247446,landsat_gee,True
NSR-GRID-246,LC09_L2SP_176039_20250929_20250930_02_T1,2025-09-29,-0.1493347177199027,-0.285424355196522,41.09355118276063,0.41986474988133377,medium,0.13608963747661929,landsat_gee,True
NSR-GRID-247,LC09_L2SP_176039_20250929_20250930_02_T1,2025-09-29,-0.57622826961925,-0.3354305041127582,40.66665763086128,0.37498775013541136,medium,-0.2407977655064918,landsat_gee,True
NSR-GRID-248,LC09_L2SP_176039_20250929_20250930_02_T1,2025-09-29,-0.7273275676285706,-0.7011889093238062,40.51555833285196,0.3818255862748864,medium,-0.026138658304764473,landsat_gee,True
NSR-GRID-249,LC09_L2SP_176039_20250929_20250930_02_T1,2025-09-29,-1.2431256240206778,-1.7215345740435848,39.99976027645985,0.3794579133455023,medium,0.47840895002290695,landsat_gee,True
NSR-GRID-250,LC09_L2SP_176039_20250929_20250930_02_T1,2025-09-29,1.190214095878268,1.0937942959397025,42.4330999963588,0.25213906983322176,low,0.09641979993856564,landsat_gee,True
NSR-GRID-251,LC09_L2SP_176039_20250929_20250930_02_T1,2025-09-29,-2.124902296663969,-2.4897405473727825,39.11798360381656,0.40252001299933665,medium,0.3648382507088135,landsat_gee,True
NSR-GRID-252,LC09_L2SP_176039_20250929_20250930_02_T1,2025-09-29,-2.5639044082302576,-2.6574856090389045,38.67898149225027,0.41180652144488455,medium,0.09358120080864696,landsat_gee,True
NSR-GRID-253,LC09_L2SP_176039_20250929_20250930_02_T1,2025-09-29,-2.5914922831475806,-2.5629326034366606,38.65139361733295,0.3682410231087462,medium,-0.028559679710919994,landsat_gee,True
NSR-GRID-254,LC09_L2SP_176039_20250929_20250930_02_T1,2025-09-29,0.7773365919373418,0.7268033512504457,42.02022249241787,0.4159247030144781,medium,0.05053324068689613,landsat_gee,True
NSR-GRID-255,LC09_L2SP_176039_20250929_20250930_02_T1,2025-09-29,3.019138722733004,2.917396409024099,44.262024623213534,0.40330161465269226,medium,0.10174231370890485,landsat_gee,True
NSR-GRID-256,LC09_L2SP_176039_20250929_20250930_02_T1,2025-09-29,1.264026480504512,1.4336891587342864,42.50691238098504,0.33286434266907444,low,-0.16966267822977432,landsat_gee,True
NSR-GRID-257,LC09_L2SP_176039_20250929_20250930_02_T1,2025-09-29,-0.4110341660390375,-0.29651831499863884,40.83185173444149,0.28969719708989367,low,-0.11451585104039863,landsat_gee,True
NSR-GRID-258,LC09_L2SP_176039_20250929_20250930_02_T1,2025-09-29,-0.8555310168013932,-0.8297559645196277,40.38735488367914,0.2872419584523266,low,-0.025775052281765465,landsat_gee,True
NSR-GRID-259,LC09_L2SP_176039_20250929_20250930_02_T1,2025-09-29,-2.071374306591686,-2.1948601740884652,39.171511593888845,0.3487539600724793,low,0.12348586749677937,landsat_gee,True
NSR-GRID-260,LC09_L2SP_176039_20250929_20250930_02_T1,2025-09-29,-2.624772247863412,-2.26757491225709,38.61811365261712,0.3785623318747162,medium,-0.35719733560632205,landsat_gee,True
NSR-GRID-261,LC09_L2SP_176039_20250929_20250930_02_T1,2025-09-29,-0.3825639198850439,-0.37790468903052504,40.86032198059549,0.32905874320024375,low,-0.004659230854518859,landsat_gee,True
NSR-GRID-262,LC09_L2SP_176039_20250929_20250930_02_T1,2025-09-29,1.7038977868767944,1.5279485653138347,42.946783687357325,0.23933728539290844,low,0.17594922156295967,landsat_gee,True
NSR-GRID-263,LC09_L2SP_176039_20250929_20250930_02_T1,2025-09-29,1.3226236719634483,1.40473814102938,42.56550957244398,0.2602657732420282,low,-0.08211446906593167,landsat_gee,True
NSR-GRID-264,LC09_L2SP_176039_20250929_20250930_02_T1,2025-09-29,1.535232848450903,1.3756195360186514,42.77811874893143,0.33045648477038236,low,0.15961331243225163,landsat_gee,True
NSR-GRID-265,LC09_L2SP_176039_20250929_20250930_02_T1,2025-09-29,-0.3592053842812603,-0.4903672410052109,40.88368051619927,0.4355809518014366,medium,0.1311618567239506,landsat_gee,True
NSR-GRID-266,LC09_L2SP_176039_20250929_20250930_02_T1,2025-09-29,-0.7749242636960574,-0.7922977877844829,40.46796163678447,0.38584526294654137,medium,0.017373524088425518,landsat_gee,True
NSR-GRID-267,LC09_L2SP_176039_20250929_20250930_02_T1,2025-09-29,0.4460415132235127,0.08679545097175347,41.68892741370404,0.4078603382026157,medium,0.35924606225175926,landsat_gee,True
NSR-GRID-268,LC09_L2SP_176039_20250929_20250930_02_T1,2025-09-29,0.8580870788183717,0.1422918621375227,42.1009729792989,0.2819856087812994,low,0.715795216680849,landsat_gee,True
NSR-GRID-269,LC09_L2SP_176039_20250929_20250930_02_T1,2025-09-29,0.0924906510669529,-0.09440224533201867,41.33537655154748,0.44882204156220873,medium,0.18689289639897155,landsat_gee,True
NSR-GRID-270,LC09_L2SP_176039_20250929_20250930_02_T1,2025-09-29,1.565644118705812,0.9995610199990344,42.80853001918634,0.3410713340461997,low,0.5660830987067778,landsat_gee,True
NSR-GRID-271,LC09_L2SP_176039_20250929_20250930_02_T1,2025-09-29,-1.0478322778899738,-1.2158412118320705,40.19505362259056,0.4306347816553134,medium,0.1680089339420967,landsat_gee,True
NSR-GRID-272,LC09_L2SP_176039_20250929_20250930_02_T1,2025-09-29,-1.73806063414996,-1.8211804772225166,39.50482526633057,0.4188159972997737,medium,0.0831198430725566,landsat_gee,True
NSR-GRID-273,LC09_L2SP_176039_20250929_20250930_02_T1,2025-09-29,-0.0421497366875769,-0.07623101683716586,41.20073616379295,0.3768738136246396,medium,0.034081280149588965,landsat_gee,True
NSR-GRID-274,LC09_L2SP_176039_20250929_20250930_02_T1,2025-09-29,1.4284159720175893,1.379138183136752,42.67130187249812,0.42588315276846517,medium,0.04927778888083734,landsat_gee,True
NSR-GRID-275,LC09_L2SP_176039_20250929_20250930_02_T1,2025-09-29,-0.8940284463834871,-0.7795130618891405,40.34885745409704,0.4017238579156226,medium,-0.11451538449434662,landsat_gee,True
NSR-GRID-276,LC09_L2SP_176039_20250929_20250930_02_T1,2025-09-29,-0.5206514813459648,-0.4653030701061967,40.722234419134566,0.28401503054099697,low,-0.055348411239768136,landsat_gee,True
NSR-GRID-277,LC09_L2SP_176039_20250929_20250930_02_T1,2025-09-29,-0.0358002277081297,0.02723122405717547,41.2070856727724,0.23278291230341727,low,-0.06303145176530517,landsat_gee,True
NSR-GRID-278,LC09_L2SP_176039_20250929_20250930_02_T1,2025-09-29,-2.521108850884445,-2.5243518966979197,38.721777049596085,0.2279805465497773,low,0.0032430458134746765,landsat_gee,True
NSR-GRID-279,LC09_L2SP_176039_20250929_20250930_02_T1,2025-09-29,-0.7718347607739702,-0.5820194138596959,40.47105113970656,0.27738410001621033,low,-0.18981534691427426,landsat_gee,True
NSR-GRID-280,LC09_L2SP_176039_20250929_20250930_02_T1,2025-09-29,0.5826278704499401,0.9396992787587249,41.82551377093047,0.2732669316810402,low,-0.3570714083087848,landsat_gee,True
NSR-GRID-281,LC09_L2SP_176039_20250929_20250930_02_T1,2025-09-29,1.417304747121193,1.5649647665447677,42.66019064760172,0.22873101790083286,low,-0.14766001942357465,landsat_gee,True
NSR-GRID-282,LC09_L2SP_176039_20250929_20250930_02_T1,2025-09-29,1.8641881501372095,2.10780144058182,43.10707405061774,0.27088105691026404,low,-0.24361329044461066,landsat_gee,True
NSR-GRID-283,LC09_L2SP_176039_20250929_20250930_02_T1,2025-09-29,1.3337473691248576,1.381525444569043,42.57663326960539,0.30264103946822,low,-0.04777807544418544,landsat_gee,True
NSR-GRID-284,LC09_L2SP_176039_20250929_20250930_02_T1,2025-09-29,0.4815643991238687,0.6086084571006325,41.7244502996044,0.2782576673674758,low,-0.12704405797676377,landsat_gee,True
NSR-GRID-285,LC09_L2SP_176039_20250929_20250930_02_T1,2025-09-29,2.4403623745508867,1.7516725884890654,43.68324827503142,0.4303752566174348,medium,0.6886897860618213,landsat_gee,True
NSR-GRID-286,LC09_L2SP_176039_20250929_20250930_02_T1,2025-09-29,1.5025368756345543,1.581476833955325,42.745422776115085,0.25989588892425824,low,-0.07893995832077061,landsat_gee,True
NSR-GRID-287,LC09_L2SP_176039_20250929_20250930_02_T1,2025-09-29,1.8395554048397715,1.4100342875280691,43.0824413053203,0.47357717284433,medium,0.4295211173117024,landsat_gee,True
NSR-GRID-288,LC09_L2SP_176039_20250929_20250930_02_T1,2025-09-29,2.088948317945139,1.700778692943899,43.33183421842567,0.45328694220053123,medium,0.38816962500123986,landsat_gee,True
NSR-GRID-289,LC09_L2SP_176039_20250929_20250930_02_T1,2025-09-29,0.6542689425968433,0.41431909665743255,41.897154843077374,0.395582773766747,medium,0.23994984593941077,landsat_gee,True
NSR-GRID-290,LC09_L2SP_176039_20250929_20250930_02_T1,2025-09-29,-0.8149993931782191,-0.8013707864308885,40.42788650730231,0.3360637145500172,low,-0.013628606747330574,landsat_gee,True
NSR-GRID-291,LC09_L2SP_176039_20250929_20250930_02_T1,2025-09-29,0.7680489743760504,0.5591679813726829,42.01093487485658,0.28923344885535135,low,0.2088809930033675,landsat_gee,True
NSR-GRID-292,LC09_L2SP_176039_20250929_20250930_02_T1,2025-09-29,-0.9402594257770502,-0.933443788064972,40.30262647470348,0.2650751277823473,low,-0.006815637712078271,landsat_gee,True
NSR-GRID-293,LC09_L2SP_176039_20250929_20250930_02_T1,2025-09-29,1.0232108576351775,1.0180169845512177,42.26609675811571,0.3919670501650005,medium,0.005193873083959799,landsat_gee,True
NSR-GRID-294,LC09_L2SP_176039_20250929_20250930_02_T1,2025-09-29,1.246530654758068,1.6588297891210315,42.4894165552386,0.34435807083951214,low,-0.4122991343629636,landsat_gee,True
NSR-GRID-295,LC09_L2SP_176039_20250929_20250930_02_T1,2025-09-29,1.92588085021535,2.1564252713265137,43.16876675069588,0.24698111648876397,low,-0.2305444211111638,landsat_gee,True
NSR-GRID-296,LC09_L2SP_176039_20250929_20250930_02_T1,2025-09-29,1.6673883592040395,2.0022305733767807,42.91027425968457,0.2417043058699034,low,-0.3348422141727412,landsat_gee,True
NSR-GRID-297,LC09_L2SP_176039_20250929_20250930_02_T1,2025-09-29,2.1701689204541665,1.925558678238564,43.4130548209347,0.2400436244316263,low,0.24461024221560246,landsat_gee,True
NSR-GRID-298,LC09_L2SP_176039_20250929_20250930_02_T1,2025-09-29,2.1005983783321653,1.9721810203965524,43.343484278812696,0.24661104266397268,low,0.12841735793561293,landsat_gee,True
NSR-GRID-299,LC09_L2SP_176039_20250929_20250930_02_T1,2025-09-29,1.5922325769970629,1.6468483135804133,42.83511847747759,0.23250637070825408,low,-0.054615736583350394,landsat_gee,True
NSR-GRID-300,LC09_L2SP_176039_20250929_20250930_02_T1,2025-09-29,3.013882656720142,2.4651010798656703,44.25676855720067,0.39697522387055706,medium,0.5487815768544717,landsat_gee,True
NSR-GRID-302,LC09_L2SP_176039_20250929_20250930_02_T1,2025-09-29,3.707945939383677,3.186952191136579,44.95083183986421,0.35016607689680684,medium,0.5209937482470983,landsat_gee,True
NSR-GRID-303,LC09_L2SP_176039_20250929_20250930_02_T1,2025-09-29,1.7784223988100931,1.5106744675828514,43.021308299290624,0.25701481422938033,low,0.2677479312272417,landsat_gee,True
NSR-GRID-304,LC09_L2SP_176039_20250929_20250930_02_T1,2025-09-29,2.6941858340846068,2.026819584808659,43.93707173456514,0.36866169145600913,medium,0.6673662492759478,landsat_gee,True
NSR-GRID-305,LC09_L2SP_176039_20250929_20250930_02_T1,2025-09-29,1.101921081810147,0.9193055436138509,42.34480698229068,0.4124808109194492,medium,0.18261553819629617,landsat_gee,True
NSR-GRID-306,LC09_L2SP_176039_20250929_20250930_02_T1,2025-09-29,-0.4878638681969818,-0.4789710337599272,40.75502203228355,0.3670739939515679,medium,-0.008892834437054575,landsat_gee,True
NSR-GRID-307,LC09_L2SP_176039_20250929_20250930_02_T1,2025-09-29,2.02447337530414,1.5877785499192207,43.26735927578467,0.34327108588235794,low,0.43669482538491944,landsat_gee,True
NSR-GRID-308,LC09_L2SP_176039_20250929_20250930_02_T1,2025-09-29,2.5238033980922765,2.2170667527753736,43.76668929857281,0.2988693633126816,low,0.3067366453169029,landsat_gee,True
NSR-GRID-309,LC09_L2SP_176039_20250929_20250930_02_T1,2025-09-29,2.7347087670227523,2.800408142037638,43.97759466750328,0.28187499408207,low,-0.06569937501488576,landsat_gee,True
NSR-GRID-310,LC09_L2SP_176039_20250929_20250930_02_T1,2025-09-29,2.9463324440793386,3.3175648182477415,44.18921834455987,0.28976343470769084,low,-0.37123237416840293,landsat_gee,True
NSR-GRID-311,LC09_L2SP_176039_20250929_20250930_02_T1,2025-09-29,3.091103112463678,3.4234874501585204,44.33398901294421,0.3111269596215876,low,-0.33238433769484255,landsat_gee,True
NSR-GRID-312,LC09_L2SP_176039_20250929_20250930_02_T1,2025-09-29,2.372883110578364,2.4480928875402324,43.615769011058894,0.27858427300806377,low,-0.07520977696186826,landsat_gee,True
NSR-GRID-313,LC09_L2SP_176039_20250929_20250930_02_T1,2025-09-29,2.024217346537732,2.0976643902523873,43.26710324701826,0.2628850516706588,low,-0.07344704371465527,landsat_gee,True
NSR-GRID-314,LC09_L2SP_176039_20250929_20250930_02_T1,2025-09-29,1.195684504236702,1.8452672149046563,42.43857040471723,0.23688183043957714,low,-0.6495827106679544,landsat_gee,True
NSR-GRID-315,LC09_L2SP_176039_20250929_20250930_02_T1,2025-09-29,1.8593804318149267,2.0545838074311984,43.10226633229546,0.2613534397503655,low,-0.19520337561627166,landsat_gee,True
NSR-GRID-316,LC09_L2SP_176039_20250929_20250930_02_T1,2025-09-29,1.5434425376717016,1.5327282745449295,42.78632843815223,0.2272834618995927,low,0.010714263126772039,landsat_gee,True
NSR-GRID-317,LC09_L2SP_176039_20250929_20250930_02_T1,2025-09-29,3.210386938853929,2.8608728981714213,44.45327283933446,0.35087554665558973,medium,0.3495140406825077,landsat_gee,True
NSR-GRID-318,LC09_L2SP_176039_20250929_20250930_02_T1,2025-09-29,1.5084728805810883,1.3672914733167152,42.75135878106162,0.24700224434175244,low,0.14118140726437312,landsat_gee,True
NSR-GRID-319,LC09_L2SP_176039_20250929_20250930_02_T1,2025-09-29,3.2226004936844745,2.4769715838866344,44.465486394165005,0.295236508149694,low,0.7456289097978401,landsat_gee,True
NSR-GRID-320,LC09_L2SP_176039_20250929_20250930_02_T1,2025-09-29,0.2057588635372766,0.13164409108433373,41.44864476401781,0.36221625595952833,medium,0.07411477245294287,landsat_gee,True
NSR-GRID-321,LC09_L2SP_176039_20250929_20250930_02_T1,2025-09-29,-0.6529251824569187,-0.6147275951631354,40.58996071802361,0.3488113144299785,low,-0.03819758729378331,landsat_gee,True
NSR-GRID-322,LC09_L2SP_176039_20250929_20250930_02_T1,2025-09-29,2.025293111154696,1.9285468746415988,43.268179011635226,0.33853090394046326,low,0.09674623651309733,landsat_gee,True
NSR-GRID-323,LC09_L2SP_176039_20250929_20250930_02_T1,2025-09-29,3.0035069044953677,2.685058191329657,44.2463928049759,0.3291889712460797,low,0.31844871316571055,landsat_gee,True
NSR-GRID-324,LC09_L2SP_176039_20250929_20250930_02_T1,2025-09-29,2.014821298673482,1.7542878765775909,43.25770719915401,0.305175056006507,low,0.26053342209589103,landsat_gee,True
NSR-GRID-325,LC09_L2SP_176039_20250929_20250930_02_T1,2025-09-29,2.4257254032364486,2.357048474782459,43.66861130371698,0.32500326671416174,low,0.06867692845398965,landsat_gee,True
NSR-GRID-326,LC09_L2SP_176039_20250929_20250930_02_T1,2025-09-29,3.2707667929434407,3.074837930349102,44.51365269342397,0.2889465721208289,low,0.19592886259433895,landsat_gee,True
NSR-GRID-327,LC09_L2SP_176039_20250929_20250930_02_T1,2025-09-29,3.071293440412653,2.783117188927091,44.31417934089318,0.28540032859934544,low,0.2881762514855617,landsat_gee,True
NSR-GRID-328,LC09_L2SP_176039_20250929_20250930_02_T1,2025-09-29,1.8828989088556725,2.1635997501801856,43.1257848093362,0.270621017129489,low,-0.2807008413245131,landsat_gee,True
NSR-GRID-329,LC09_L2SP_176039_20250929_20250930_02_T1,2025-09-29,1.711859771387239,2.165416477984804,42.95474567186777,0.2464095351576492,low,-0.4535567065975652,landsat_gee,True
NSR-GRID-330,LC09_L2SP_176039_20250929_20250930_02_T1,2025-09-29,1.2150306470573184,1.6905982305335,42.45791654753785,0.24130164623794328,low,-0.47556758347618144,landsat_gee,True
NSR-GRID-331,LC09_L2SP_176039_20250929_20250930_02_T1,2025-09-29,1.5316725697673803,1.2878649725161664,42.77455847024791,0.2198867328633117,low,0.24380759725121393,landsat_gee,True
NSR-GRID-332,LC09_L2SP_176039_20250929_20250930_02_T1,2025-09-29,2.7205410524795184,2.50453969541605,43.96342695296005,0.3207764794723518,low,0.21600135706346846,landsat_gee,True
NSR-GRID-333,LC09_L2SP_176039_20250929_20250930_02_T1,2025-09-29,2.5936546528009785,1.642624242108254,43.83654055328151,0.23286525015808626,low,0.9510304106927245,landsat_gee,True
NSR-GRID-334,LC09_L2SP_176039_20250929_20250930_02_T1,2025-09-29,2.610170592896836,2.1169218887033585,43.853056493377366,0.35194258288593533,medium,0.49324870419347766,landsat_gee,True
NSR-GRID-335,LC09_L2SP_176039_20250929_20250930_02_T1,2025-09-29,2.2850131766595894,1.9838953470578142,43.52789907714012,0.3237646951947444,low,0.30111782960177513,landsat_gee,True
NSR-GRID-336,LC09_L2SP_176039_20250929_20250930_02_T1,2025-09-29,-0.7273217836385939,-0.7652209079151792,40.51556411684194,0.3151426846782477,low,0.03789912427658526,landsat_gee,True
NSR-GRID-337,LC09_L2SP_176039_20250929_20250930_02_T1,2025-09-29,1.1017518015703305,1.4550563117419708,42.34463770205086,0.2847324606226195,low,-0.35330451017164033,landsat_gee,True
NSR-GRID-338,LC09_L2SP_176039_20250929_20250930_02_T1,2025-09-29,2.0867835648314,2.1910916650898455,43.32966946531193,0.2757439310346645,low,-0.10430810025844561,landsat_gee,True
NSR-GRID-339,LC09_L2SP_176039_20250929_20250930_02_T1,2025-09-29,1.5499659211261942,1.9383823892796237,42.792851821606725,0.28436153156952615,low,-0.38841646815342945,landsat_gee,True
NSR-GRID-340,LC09_L2SP_176039_20250929_20250930_02_T1,2025-09-29,1.3964287332644574,1.4092205572678327,42.63931463374499,0.2873191257626621,low,-0.012791824003375307,landsat_gee,True
NSR-GRID-341,LC09_L2SP_176039_20250929_20250930_02_T1,2025-09-29,0.3410586770279664,0.32117508301910086,41.5839445775085,0.3025575983421916,low,0.019883594008865524,landsat_gee,True
NSR-GRID-342,LC09_L2SP_176039_20250929_20250930_02_T1,2025-09-29,1.4710540062584911,1.5257868825568888,42.71393990673902,0.30617085083419193,low,-0.054732876298397626,landsat_gee,True
NSR-GRID-343,LC09_L2SP_176039_20250929_20250930_02_T1,2025-09-29,0.6060029572772265,0.9520494009929216,41.84888885775776,0.24058640002951384,low,-0.34604644371569504,landsat_gee,True
NSR-GRID-344,LC09_L2SP_176039_20250929_20250930_02_T1,2025-09-29,0.4017050619130771,1.1189729685646796,41.64459096239361,0.25494297688774825,low,-0.7172679066516026,landsat_gee,True
NSR-GRID-345,LC09_L2SP_176039_20250929_20250930_02_T1,2025-09-29,-0.0119308823775412,0.5566826936610362,41.23095501810299,0.2141815296402704,low,-0.5686135760385774,landsat_gee,True
NSR-GRID-346,LC09_L2SP_176039_20250929_20250930_02_T1,2025-09-29,1.152787466468112,1.075377866119368,42.39567336694864,0.21353254026589066,low,0.07740960034874389,landsat_gee,True
NSR-GRID-347,LC09_L2SP_176039_20250929_20250930_02_T1,2025-09-29,-0.7185270754380255,-0.2260126834895818,40.524358825042505,0.1969644384270276,low,-0.4925143919484437,landsat_gee,True
NSR-GRID-348,LC09_L2SP_176039_20250929_20250930_02_T1,2025-09-29,1.9525862048233904,1.3882008568580713,43.19547210530392,0.26183915478415737,low,0.5643853479653191,landsat_gee,True
NSR-GRID-349,LC09_L2SP_176039_20250929_20250930_02_T1,2025-09-29,-0.0392212296028162,0.10140367714240037,41.203664670877714,0.2790836803660314,low,-0.14062490674521658,landsat_gee,True
NSR-GRID-350,LC09_L2SP_176039_20250929_20250930_02_T1,2025-09-29,1.9391426705458412,1.6997522344163674,43.18202857102637,0.34079751453530277,low,0.23939043612947386,landsat_gee,True
NSR-GRID-351,LC09_L2SP_176039_20250929_20250930_02_T1,2025-09-29,1.859236680685342,1.772225452940287,43.10212258116587,0.2722313708980921,low,0.08701122774505499,landsat_gee,True
NSR-GRID-352,LC09_L2SP_176039_20250929_20250930_02_T1,2025-09-29,-0.0406705234826318,0.04201458378491297,41.2022153769979,0.25393323445195,low,-0.08268510726754477,landsat_gee,True
NSR-GRID-353,LC09_L2SP_176039_20250929_20250930_02_T1,2025-09-29,1.1503321320714193,1.0596547278255535,42.39321803255195,0.31914516178067637,low,0.09067740424586579,landsat_gee,True
NSR-GRID-354,LC09_L2SP_176039_20250929_20250930_02_T1,2025-09-29,2.301366244780752,2.358386914617145,43.54425214526128,0.3226867357764966,low,-0.05702066983639309,landsat_gee,True
NSR-GRID-355,LC09_L2SP_176039_20250929_20250930_02_T1,2025-09-29,1.6819152766541308,1.8305936554837718,42.92480117713466,0.2534195234772213,low,-0.14867837882964108,landsat_gee,True
NSR-GRID-356,LC09_L2SP_176039_20250929_20250930_02_T1,2025-09-29,2.017936932934461,1.9957137291126295,43.26082283341499,0.2763591923940919,low,0.022223203821831516,landsat_gee,True
NSR-GRID-357,LC09_L2SP_176039_20250929_20250930_02_T1,2025-09-29,2.0347352134076857,2.3306108604122606,43.277621113888216,0.28520349570443154,low,-0.2958756470045749,landsat_gee,True
NSR-GRID-358,LC09_L2SP_176039_20250929_20250930_02_T1,2025-09-29,1.979357320700302,2.1214574944699374,43.22224322118083,0.35258797416856735,medium,-0.14210017376963546,landsat_gee,True
NSR-GRID-359,LC09_L2SP_176039_20250929_20250930_02_T1,2025-09-29,1.8816202666124295,1.6261445339816647,43.12450616709296,0.39524803681129544,medium,0.25547573263076484,landsat_gee,True
NSR-GRID-360,LC09_L2SP_176039_20250929_20250930_02_T1,2025-09-29,1.5936155647449295,1.3042943908373315,42.83650146522546,0.29111971432997075,low,0.28932117390759804,landsat_gee,True
NSR-GRID-361,LC09_L2SP_176039_20250929_20250930_02_T1,2025-09-29,1.2557580725557145,1.0747988134933792,42.498643973036245,0.2409914025153239,low,0.18095925906233523,landsat_gee,True
NSR-GRID-362,LC09_L2SP_176039_20250929_20250930_02_T1,2025-09-29,1.5188587762658727,1.3025946052267192,42.7617446767464,0.24216647091539723,low,0.21626417103915352,landsat_gee,True
NSR-GRID-363,LC09_L2SP_176039_20250929_20250930_02_T1,2025-09-29,0.9651865981473692,1.0937977846000877,42.2080724986279,0.3366059939031227,low,-0.12861118645271852,landsat_gee,True
NSR-GRID-364,LC09_L2SP_176039_20250929_20250930_02_T1,2025-09-29,1.1425399643791962,0.9148215645340811,42.38542586485973,0.36770091018157347,medium,0.2277183998451151,landsat_gee,True
NSR-GRID-365,LC09_L2SP_176039_20250929_20250930_02_T1,2025-09-29,2.6140463160683325,2.0621230309774345,43.85693221654886,0.309386734311206,low,0.5519232850908979,landsat_gee,True
NSR-GRID-366,LC09_L2SP_176039_20250929_20250930_02_T1,2025-09-29,3.102613717032334,2.326900644773592,44.345499617512864,0.2542547242056804,low,0.7757130722587418,landsat_gee,True
NSR-GRID-367,LC09_L2SP_176039_20250929_20250930_02_T1,2025-09-29,2.7114242269891946,2.4643902854321995,43.954310127469725,0.2967612135753969,low,0.2470339415569951,landsat_gee,True
NSR-GRID-368,LC09_L2SP_176039_20250929_20250930_02_T1,2025-09-29,3.5379365805254324,3.331025557618919,44.78082248100596,0.2986489391331822,low,0.20691102290651342,landsat_gee,True
NSR-GRID-369,LC09_L2SP_176039_20250929_20250930_02_T1,2025-09-29,3.26201910724717,3.5264892470811384,44.5049050077277,0.2994823506201972,low,-0.2644701398339686,landsat_gee,True
NSR-GRID-370,LC09_L2SP_176039_20250929_20250930_02_T1,2025-09-29,3.806050723279448,4.029173501962131,45.04893662375998,0.3044773699008381,low,-0.22312277868268282,landsat_gee,True
NSR-GRID-371,LC09_L2SP_176039_20250929_20250930_02_T1,2025-09-29,2.1011387325170574,2.333549724658681,43.34402463299759,0.25531161511561423,low,-0.23241099214162375,landsat_gee,True
NSR-GRID-372,LC09_L2SP_176039_20250929_20250930_02_T1,2025-09-29,2.157782512032348,2.261653281540969,43.40066841251288,0.3144978105089139,low,-0.10387076950862095,landsat_gee,True
NSR-GRID-373,LC09_L2SP_176039_20250929_20250930_02_T1,2025-09-29,2.926157447460369,2.8407116019297014,44.1690433479409,0.3165083469996971,low,0.0854458455306677,landsat_gee,True
NSR-GRID-374,LC09_L2SP_176039_20250929_20250930_02_T1,2025-09-29,1.7957633793312766,1.5689932624252307,43.03864927981181,0.2409507061271539,low,0.22677011690604587,landsat_gee,True
NSR-GRID-375,LC09_L2SP_176039_20250929_20250930_02_T1,2025-09-29,1.7795421712883268,1.5327721969648045,43.02242807176886,0.22729810776258436,low,0.24676997432352232,landsat_gee,True
NSR-GRID-376,LC09_L2SP_176039_20250929_20250930_02_T1,2025-09-29,0.5152115637324428,0.591217576470829,41.75809746421297,0.261916387667879,low,-0.07600601273838614,landsat_gee,True
NSR-GRID-377,LC09_L2SP_176039_20250929_20250930_02_T1,2025-09-29,1.2144719076513582,1.3068465023011473,42.45735780813189,0.2837529335966777,low,-0.09237459464978914,landsat_gee,True
NSR-GRID-378,LC09_L2SP_176039_20250929_20250930_02_T1,2025-09-29,3.5291425271590957,3.0615603389733748,44.772028427639626,0.27747442058487604,low,0.46758218818572095,landsat_gee,True
NSR-GRID-379,LC09_L2SP_176039_20250929_20250930_02_T1,2025-09-29,1.27538150617071,1.2092444957372002,42.51826740665124,0.2923322522420679,low,0.06613701043350995,landsat_gee,True
NSR-GRID-380,LC09_L2SP_176039_20250929_20250930_02_T1,2025-09-29,3.2648273924835465,2.226121727536928,44.50771329296408,0.24840531790377568,low,1.0387056649466184,landsat_gee,True
NSR-GRID-381,LC09_L2SP_176039_20250929_20250930_02_T1,2025-09-29,3.675095701576346,3.9047772160866545,44.91798160205688,0.29893733218563606,low,-0.22968151451030838,landsat_gee,True
NSR-GRID-382,LC09_L2SP_176039_20250929_20250930_02_T1,2025-09-29,4.577429625668231,4.44942336303819,45.82031552614876,0.3154145736057594,low,0.12800626263004133,landsat_gee,True
NSR-GRID-383,LC09_L2SP_176039_20250929_20250930_02_T1,2025-09-29,2.7967979571577786,2.351902824477897,44.03968385763831,0.2704609918766052,low,0.44489513267988157,landsat_gee,True
NSR-GRID-384,LC09_L2SP_176039_20250929_20250930_02_T1,2025-09-29,1.8648011583174624,1.5619365064093338,43.10768705879799,0.2323448435252613,low,0.3028646519081286,landsat_gee,True
NSR-GRID-385,LC09_L2SP_176039_20250929_20250930_02_T1,2025-09-29,3.88485874646166,4.147448415918248,45.12774464694219,0.31059170303141725,low,-0.2625896694565881,landsat_gee,True
NSR-GRID-386,LC09_L2SP_176039_20250929_20250930_02_T1,2025-09-29,3.47987838358005,3.3544277918426118,44.72276428406058,0.2823262073471907,low,0.12545059173743844,landsat_gee,True
NSR-GRID-387,LC09_L2SP_176039_20250929_20250930_02_T1,2025-09-29,3.270832114659889,3.250467409498668,44.51371801514042,0.27917221301500494,low,0.02036470516122124,landsat_gee,True
NSR-GRID-388,LC09_L2SP_176039_20250929_20250930_02_T1,2025-09-29,3.2916087358868893,3.114845291146996,44.53449463636742,0.28945125013259987,low,0.17676344473989314,landsat_gee,True
NSR-GRID-389,LC09_L2SP_176039_20250929_20250930_02_T1,2025-09-29,2.626289203182715,2.1069997290506137,43.869175103663245,0.26949166645619377,low,0.5192894741321012,landsat_gee,True
NSR-GRID-390,LC09_L2SP_176039_20250929_20250930_02_T1,2025-09-29,1.8322235861393563,1.8166431165366064,43.07510948661989,0.23597482647902684,low,0.015580469602749947,landsat_gee,True
NSR-GRID-391,LC09_L2SP_176039_20250929_20250930_02_T1,2025-09-29,1.382097896364712,1.311831093029846,42.62498379684524,0.22123418754117044,low,0.0702668033348659,landsat_gee,True
NSR-GRID-392,LC09_L2SP_176039_20250929_20250930_02_T1,2025-09-29,2.134261193387694,1.812076167671281,43.377147093868224,0.25452054765738497,low,0.3221850257164127,landsat_gee,True
NSR-GRID-393,LC09_L2SP_176039_20250929_20250930_02_T1,2025-09-29,3.119803053194751,3.4321855954775007,44.36268895367528,0.2886496278429742,low,-0.31238254228274975,landsat_gee,True
NSR-GRID-394,LC09_L2SP_176039_20250929_20250930_02_T1,2025-09-29,3.443391402785174,3.6488736834904962,44.686277303265705,0.305867670073728,low,-0.20548228070532204,landsat_gee,True
NSR-GRID-395,LC09_L2SP_176039_20250929_20250930_02_T1,2025-09-29,4.5683606890962025,4.20329286187482,45.81124658957673,0.32258902472161194,low,0.36506782722138276,landsat_gee,True
NSR-GRID-396,LC09_L2SP_176039_20250929_20250930_02_T1,2025-09-29,3.714993818391235,3.1278269249579593,44.957879718871766,0.3080195891747677,low,0.5871668934332757,landsat_gee,True
NSR-GRID-397,LC09_L2SP_176039_20250929_20250930_02_T1,2025-09-29,2.698509476049523,2.117072163827337,43.94139537653005,0.2748572490293105,low,0.5814373122221861,landsat_gee,True
NSR-GRID-398,LC09_L2SP_176039_20250929_20250930_02_T1,2025-09-29,3.411085375964042,3.4462790178569778,44.65397127644457,0.28897124425875303,low,-0.03519364189293572,landsat_gee,True
NSR-GRID-399,LC09_L2SP_176039_20250929_20250930_02_T1,2025-09-29,1.9321530920194905,1.5475999881562694,43.17503899250002,0.23475823136977939,low,0.38455310386322106,landsat_gee,True
NSR-GRID-400,LC09_L2SP_176039_20250929_20250930_02_T1,2025-09-29,0.4648738712258478,0.5473762656384622,41.70775977170638,0.19774312180610176,low,-0.08250239441261442,landsat_gee,True
NSR-GRID-401,LC09_L2SP_176039_20250929_20250930_02_T1,2025-09-29,3.2764076193879887,3.57647448158556,44.51929351986852,0.2890200993914404,low,-0.3000668621975713,landsat_gee,True
NSR-GRID-402,LC09_L2SP_176039_20250929_20250930_02_T1,2025-09-29,3.664651429277633,3.9413343435572865,44.90753732975816,0.3000416347250721,low,-0.2766829142796534,landsat_gee,True
NSR-GRID-403,LC09_L2SP_176039_20250929_20250930_02_T1,2025-09-29,3.845179011702669,3.4921647685676334,45.0880649121832,0.2864733065598753,low,0.3530142431350356,landsat_gee,True
NSR-GRID-404,LC09_L2SP_176039_20250929_20250930_02_T1,2025-09-29,2.1254803062361773,1.8818520705515167,43.36836620671671,0.23782964868129028,low,0.24362823568466063,landsat_gee,True
NSR-GRID-405,LC09_L2SP_176039_20250929_20250930_02_T1,2025-09-29,3.186648498072202,3.287391451226057,44.42953439855273,0.2802875991480799,low,-0.10074295315385484,landsat_gee,True
NSR-GRID-406,LC09_L2SP_176039_20250929_20250930_02_T1,2025-09-29,0.0,0.08229071749620985,41.24288590048053,0.19658736201134253,low,-0.08229071749620985,landsat_gee,True
NSR-GRID-407,LC09_L2SP_176039_20250929_20250930_02_T1,2025-09-29,1.3179777075988852,1.3540495140682074,42.560863608079416,0.25168842039874517,low,-0.036071806469322176,landsat_gee,True
NSR-GRID-408,LC09_L2SP_176039_20250929_20250930_02_T1,2025-09-29,2.481307426507591,2.561195339089644,43.72419332698812,0.25835096828437126,low,-0.07988791258205286,landsat_gee,True
NSR-GRID-409,LC09_L2SP_176039_20250929_20250930_02_T1,2025-09-29,2.0431184087566407,2.0434619078108494,43.28600430923717,0.2846673487422366,low,-0.00034349905420860694,landsat_gee,True
NSR-GRID-410,LC09_L2SP_176039_20250929_20250930_02_T1,2025-09-29,1.761620924691485,1.6829687420926467,43.004506825172015,0.23219643063686962,low,0.07865218259883822,landsat_gee,True
NSR-GRID-411,LC09_L2SP_176039_20250929_20250930_02_T1,2025-09-29,2.5115541067681164,2.412654950408501,43.75444000724865,0.25805089412577664,low,0.09889915635961533,landsat_gee,True
NSR-GRID-413,LC09_L2SP_176039_20250929_20250930_02_T1,2025-09-29,1.7339477185633072,1.4333353038454493,42.97683361904384,0.25559503485210966,low,0.30061241471785793,landsat_gee,True
NSR-GRID-414,LC09_L2SP_176039_20250929_20250930_02_T1,2025-09-29,1.593004543459024,1.605960561806792,42.835890443939554,0.24637706468722162,low,-0.01295601834776794,landsat_gee,True
NSR-GRID-415,LC09_L2SP_176039_20250929_20250930_02_T1,2025-09-29,2.147158185750392,2.407791344602936,43.39004408623092,0.253717004064743,low,-0.2606331588525439,landsat_gee,True
NSR-GRID-416,LC09_L2SP_176039_20250929_20250930_02_T1,2025-09-29,2.11236124646976,2.2244898574416094,43.35524714695029,0.24829937629944285,low,-0.11212861097184934,landsat_gee,True
NSR-GRID-001,LC09_L2SP_176039_20250913_20250915_02_T1,2025-09-13,-3.6934853262907694,-3.3631458588503254,39.44331810264541,0.36337289506658943,medium,-0.33033946744044407,landsat_gee,True
NSR-GRID-002,LC09_L2SP_176039_20250913_20250915_02_T1,2025-09-13,-3.699046957359897,-3.3925901896392716,39.43775647157628,0.34895619416503115,low,-0.3064567677206256,landsat_gee,True
NSR-GRID-003,LC09_L2SP_176039_20250913_20250915_02_T1,2025-09-13,-2.838977688947729,-3.309519957868228,40.29782573998845,0.3038781969750545,low,0.4705422689204992,landsat_gee,True
NSR-GRID-004,LC09_L2SP_176039_20250913_20250915_02_T1,2025-09-13,-2.303957183317813,-2.029041385728903,40.83284624561836,0.3024547005097212,low,-0.27491579758891005,landsat_gee,True
NSR-GRID-006,LC09_L2SP_176039_20250913_20250915_02_T1,2025-09-13,-2.153650288995223,-2.6174308843337504,40.98315313994095,0.4048538295592537,medium,0.4637805953385272,landsat_gee,True
NSR-GRID-007,LC09_L2SP_176039_20250913_20250915_02_T1,2025-09-13,-2.4468794567277854,-2.5326864588971554,40.68992397220839,0.3653359562659063,medium,0.08580700216936998,landsat_gee,True
NSR-GRID-008,LC09_L2SP_176039_20250913_20250915_02_T1,2025-09-13,-3.5874543911407457,-3.3816594533464626,39.54934903779543,0.3635708150863951,medium,-0.20579493779428315,landsat_gee,True
NSR-GRID-009,LC09_L2SP_176039_20250913_20250915_02_T1,2025-09-13,-3.6737466014167737,-3.6530994766523244,39.4630568275194,0.3708651965126718,medium,-0.0206471247644493,landsat_gee,True
NSR-GRID-010,LC09_L2SP_176039_20250913_20250915_02_T1,2025-09-13,-0.2160159211094736,-0.32605463130551904,42.9207875078267,0.3537950993374723,medium,0.11003871019604544,landsat_gee,True
NSR-GRID-011,LC09_L2SP_176039_20250913_20250915_02_T1,2025-09-13,-3.259997650300207,-3.1855996676119362,39.87680577863597,0.34525148729826255,low,-0.07439798268827058,landsat_gee,True
NSR-GRID-012,LC09_L2SP_176039_20250913_20250915_02_T1,2025-09-13,-0.3481125786895589,-0.5253255207076319,42.78869085024662,0.35094218751944906,medium,0.17721294201807303,landsat_gee,True
NSR-GRID-013,LC09_L2SP_176039_20250913_20250915_02_T1,2025-09-13,-0.2072369885734417,-0.1763265856035269,42.929566440362734,0.34759277980189274,low,-0.03091040296991479,landsat_gee,True
NSR-GRID-014,LC09_L2SP_176039_20250913_20250915_02_T1,2025-09-13,3.291814663588781,2.9895882414562984,46.42861809252496,0.36001731836663586,medium,0.3022264221324824,landsat_gee,True
NSR-GRID-015,LC09_L2SP_176039_20250913_20250915_02_T1,2025-09-13,1.9391506094998403,1.801895815776054,45.075954038436016,0.28867453279728394,low,0.13725479372378624,landsat_gee,True
NSR-GRID-016,LC09_L2SP_176039_20250913_20250915_02_T1,2025-09-13,-0.0950330457148567,-0.46087378232923176,43.04177038322132,0.2651175494824205,low,0.36584073661437505,landsat_gee,True
NSR-GRID-017,LC09_L2SP_176039_20250913_20250915_02_T1,2025-09-13,-0.3628458672300709,-0.5254561813465715,42.773957561706105,0.2858173564237232,low,0.16261031411650056,landsat_gee,True
NSR-GRID-018,LC09_L2SP_176039_20250913_20250915_02_T1,2025-09-13,2.498230881512093,2.071201196107984,45.63503431044827,0.3181671340302599,low,0.4270296854041091,landsat_gee,True
NSR-GRID-019,LC09_L2SP_176039_20250913_20250915_02_T1,2025-09-13,-0.6965526396330972,-0.37536756671235333,42.44025078930308,0.33513495171770136,low,-0.3211850729207439,landsat_gee,True
NSR-GRID-020,LC09_L2SP_176039_20250913_20250915_02_T1,2025-09-13,2.474869293222646,2.457108408416657,45.61167272215882,0.271222897832591,low,0.017760884805989363,landsat_gee,True
NSR-GRID-021,LC09_L2SP_176039_20250913_20250915_02_T1,2025-09-13,0.2480330467725267,0.4097508229453805,43.3848364757087,0.27842274727960836,low,-0.16171777617285382,landsat_gee,True
NSR-GRID-022,LC09_L2SP_176039_20250913_20250915_02_T1,2025-09-13,1.0448094127038343,0.7648161140460916,44.18161284164001,0.28815709648869603,low,0.2799932986577427,landsat_gee,True
NSR-GRID-024,LC09_L2SP_176039_20250913_20250915_02_T1,2025-09-13,-0.59668139599912,-1.0930709922179025,42.540122032937056,0.3721311532446086,medium,0.49638959621878254,landsat_gee,True
NSR-GRID-025,LC09_L2SP_176039_20250913_20250915_02_T1,2025-09-13,-0.7088452627778636,-0.6457436754919086,42.42795816615831,0.3653390238458631,medium,-0.06310158728595505,landsat_gee,True
NSR-GRID-026,LC09_L2SP_176039_20250913_20250915_02_T1,2025-09-13,-1.8822250034835195,-1.6041266089849597,41.25457842545266,0.30132772447682393,low,-0.2780983944985598,landsat_gee,True
NSR-GRID-027,LC09_L2SP_176039_20250913_20250915_02_T1,2025-09-13,-2.5778550882036058,-1.9543861983997477,40.55894834073257,0.3536208122927265,medium,-0.6234688898038581,landsat_gee,True
NSR-GRID-028,LC09_L2SP_176039_20250913_20250915_02_T1,2025-09-13,-2.89770187823148,-2.7742841115877783,40.239101550704696,0.36804662653983333,medium,-0.12341776664370174,landsat_gee,True
NSR-GRID-029,LC09_L2SP_176039_20250913_20250915_02_T1,2025-09-13,-1.6016950942721877,-1.6266159524116688,41.53510833466399,0.36668082099885185,medium,0.024920858139481084,landsat_gee,True
NSR-GRID-030,LC09_L2SP_176039_20250913_20250915_02_T1,2025-09-13,-0.8987597491659685,-1.2642852272171483,42.23804367977021,0.34604372131180483,low,0.36552547805117985,landsat_gee,True
NSR-GRID-031,LC09_L2SP_176039_20250913_20250915_02_T1,2025-09-13,0.8263368315645749,0.43699194847870654,43.96314026050075,0.32983710439892655,low,0.3893448830858684,landsat_gee,True
NSR-GRID-032,LC09_L2SP_176039_20250913_20250915_02_T1,2025-09-13,0.7486383987119467,0.8257829754852997,43.88544182764812,0.3774903506892008,medium,-0.07714457677335296,landsat_gee,True
NSR-GRID-033,LC09_L2SP_176039_20250913_20250915_02_T1,2025-09-13,3.857317153207639,3.4700237906764753,46.994120582143815,0.3371687991834822,low,0.38729336253116387,landsat_gee,True
NSR-GRID-034,LC09_L2SP_176039_20250913_20250915_02_T1,2025-09-13,1.9265232176624425,1.7896018313106274,45.06332664659862,0.319822113402553,low,0.13692138635181506,landsat_gee,True
NSR-GRID-035,LC09_L2SP_176039_20250913_20250915_02_T1,2025-09-13,2.961944617847301,2.572915452834071,46.09874804678348,0.31710291872733326,low,0.3890291650132296,landsat_gee,True
NSR-GRID-036,LC09_L2SP_176039_20250913_20250915_02_T1,2025-09-13,3.4381866266816843,2.8504926768261845,46.57499005561786,0.32252865965386596,low,0.5876939498554998,landsat_gee,True
NSR-GRID-037,LC09_L2SP_176039_20250913_20250915_02_T1,2025-09-13,2.4332404028002728,2.0166713917678334,45.57004383173645,0.33841243467931104,low,0.4165690110324394,landsat_gee,True
NSR-GRID-038,LC09_L2SP_176039_20250913_20250915_02_T1,2025-09-13,3.085118534209897,2.7369226264417037,46.22192196314607,0.37069801306835065,medium,0.3481959077681931,landsat_gee,True
NSR-GRID-039,LC09_L2SP_176039_20250913_20250915_02_T1,2025-09-13,1.4245781995384164,1.5870188114266297,44.56138162847459,0.38497596242374604,medium,-0.16244061188821335,landsat_gee,True
NSR-GRID-040,LC09_L2SP_176039_20250913_20250915_02_T1,2025-09-13,1.5523772119297874,1.451207340522927,44.68918064086596,0.39485498035517813,medium,0.10116987140686029,landsat_gee,True
NSR-GRID-041,LC09_L2SP_176039_20250913_20250915_02_T1,2025-09-13,-1.4066777446124237,-1.6108322443753276,41.73012568432375,0.3608484424239442,medium,0.2041544997629039,landsat_gee,True
NSR-GRID-042,LC09_L2SP_176039_20250913_20250915_02_T1,2025-09-13,2.398085816066676,1.8394555867804558,45.53488924500285,0.32439831734722374,low,0.5586302292862202,landsat_gee,True
NSR-GRID-043,LC09_L2SP_176039_20250913_20250915_02_T1,2025-09-13,1.7360688004084324,1.8942556540424025,44.87287222934461,0.3581454190685349,medium,-0.15818685363397011,landsat_gee,True
NSR-GRID-044,LC09_L2SP_176039_20250913_20250915_02_T1,2025-09-13,-0.6793233028831835,-0.9749631540964465,42.45748012605299,0.49132237198266815,medium,0.29563985121326297,landsat_gee,True
NSR-GRID-045,LC09_L2SP_176039_20250913_20250915_02_T1,2025-09-13,1.1528009377461146,1.3041149122051248,44.28960436668229,0.26274098591636125,low,-0.15131397445901018,landsat_gee,True
NSR-GRID-046,LC09_L2SP_176039_20250913_20250915_02_T1,2025-09-13,2.138985462225236,1.7332349533769622,45.27578889116141,0.36067174362504517,medium,0.40575050884827357,landsat_gee,True
NSR-GRID-047,LC09_L2SP_176039_20250913_20250915_02_T1,2025-09-13,1.8530698257940657,1.5740374048465795,44.98987325473024,0.24323609950742647,low,0.27903242094748615,landsat_gee,True
NSR-GRID-048,LC09_L2SP_176039_20250913_20250915_02_T1,2025-09-13,2.815617011748536,2.1164279692687455,45.95242044068471,0.4082749111695959,medium,0.6991890424797904,landsat_gee,True
NSR-GRID-049,LC09_L2SP_176039_20250913_20250915_02_T1,2025-09-13,1.4017870877543857,1.3546087544555636,44.53859051669056,0.24452518798418105,low,0.04717833329882204,landsat_gee,True
NSR-GRID-050,LC09_L2SP_176039_20250913_20250915_02_T1,2025-09-13,2.6389939902267656,1.9633594973961352,45.77579741916294,0.3800685247567558,medium,0.6756344928306304,landsat_gee,True
NSR-GRID-051,LC09_L2SP_176039_20250913_20250915_02_T1,2025-09-13,0.3509477661472004,0.34221794386051224,43.487751195083376,0.20007628322114046,low,0.008729822286688171,landsat_gee,True
NSR-GRID-052,LC09_L2SP_176039_20250913_20250915_02_T1,2025-09-13,-2.4787646918873065,-2.6052760899918126,40.65803873704887,0.3377427185380712,low,0.12651139810450607,landsat_gee,True
NSR-GRID-053,LC09_L2SP_176039_20250913_20250915_02_T1,2025-09-13,0.6392216725528641,0.5257779136705567,43.77602510148904,0.2159040721874248,low,0.1134437588823074,landsat_gee,True
NSR-GRID-054,LC09_L2SP_176039_20250913_20250915_02_T1,2025-09-13,-2.752086351808167,-2.9199573723034304,40.38471707712801,0.35228420083007994,medium,0.1678710204952636,landsat_gee,True
NSR-GRID-055,LC09_L2SP_176039_20250913_20250915_02_T1,2025-09-13,-0.9188337479950164,-0.9009612545893899,42.21796968094116,0.3315962613184622,low,-0.017872493405626466,landsat_gee,True
NSR-GRID-056,LC09_L2SP_176039_20250913_20250915_02_T1,2025-09-13,0.4559691224101954,0.49926528627138217,43.59277255134637,0.3665386909774878,medium,-0.04329616386118679,landsat_gee,True
NSR-GRID-057,LC09_L2SP_176039_20250913_20250915_02_T1,2025-09-13,-1.328582723089859,-0.8228613607336341,41.80822070584632,0.35218009946154527,medium,-0.5057213623562249,landsat_gee,True
NSR-GRID-058,LC09_L2SP_176039_20250913_20250915_02_T1,2025-09-13,-2.2631727064453457,-1.957007915055539,40.87363072249083,0.33776837594359677,low,-0.3061647913898067,landsat_gee,True
NSR-GRID-059,LC09_L2SP_176039_20250913_20250915_02_T1,2025-09-13,-1.3123285840450905,-1.388032903699538,41.824474844891085,0.3480150800260787,low,0.07570431965444757,landsat_gee,True
NSR-GRID-060,LC09_L2SP_176039_20250913_20250915_02_T1,2025-09-13,-1.0003585384588192,-1.0232505838699648,42.13644489047736,0.3669172566193758,medium,0.022892045411145645,landsat_gee,True
NSR-GRID-061,LC09_L2SP_176039_20250913_20250915_02_T1,2025-09-13,1.5023929088181447,1.5951933950292403,44.63919633775432,0.300180020787112,low,-0.0928004862110956,landsat_gee,True
NSR-GRID-062,LC09_L2SP_176039_20250913_20250915_02_T1,2025-09-13,1.3850767181008408,1.443737428976042,44.52188014703702,0.331413723221612,low,-0.058660710875201305,landsat_gee,True
NSR-GRID-063,LC09_L2SP_176039_20250913_20250915_02_T1,2025-09-13,2.748909397472445,2.563215275199088,45.88571282640862,0.3668848097106231,medium,0.18569412227335702,landsat_gee,True
NSR-GRID-064,LC09_L2SP_176039_20250913_20250915_02_T1,2025-09-13,1.73531795182339,1.524234552375624,44.872121380759566,0.3493495384898756,low,0.2110833994477661,landsat_gee,True
NSR-GRID-065,LC09_L2SP_176039_20250913_20250915_02_T1,2025-09-13,-0.5969833483875746,-1.007036088672579,42.5398200805486,0.40768819201436696,medium,0.4100527402850045,landsat_gee,True
NSR-GRID-066,LC09_L2SP_176039_20250913_20250915_02_T1,2025-09-13,3.770462676730141,2.8678096477678943,46.90726610566632,0.32284248784482517,low,0.9026530289622468,landsat_gee,True
NSR-GRID-067,LC09_L2SP_176039_20250913_20250915_02_T1,2025-09-13,2.904293136532196,2.3541614004122153,46.04109656546837,0.3319066137228736,low,0.5501317361199805,landsat_gee,True
NSR-GRID-068,LC09_L2SP_176039_20250913_20250915_02_T1,2025-09-13,-0.7807090331627435,-0.9617127544072205,42.35609439577343,0.49095542720315993,medium,0.18100372124447694,landsat_gee,True
NSR-GRID-069,LC09_L2SP_176039_20250913_20250915_02_T1,2025-09-13,-0.4192715745139708,-0.2560395486786119,42.717531854422205,0.38973264182340694,medium,-0.1632320258353589,landsat_gee,True
NSR-GRID-070,LC09_L2SP_176039_20250913_20250915_02_T1,2025-09-13,1.6732859760283247,1.616964602057652,44.8100894049645,0.33940955180146876,low,0.05632137397067272,landsat_gee,True
NSR-GRID-071,LC09_L2SP_176039_20250913_20250915_02_T1,2025-09-13,2.0355714233778173,1.8460819146745246,45.17237485231399,0.33348563820858323,low,0.18948950870329262,landsat_gee,True
NSR-GRID-072,LC09_L2SP_176039_20250913_20250915_02_T1,2025-09-13,1.3576876205348896,1.427050801990603,44.494491049471065,0.24847957699476117,low,-0.06936318145571341,landsat_gee,True
NSR-GRID-073,LC09_L2SP_176039_20250913_20250915_02_T1,2025-09-13,1.643369279603995,1.3335690789810788,44.78017270854017,0.2642747748951796,low,0.30980020062291613,landsat_gee,True
NSR-GRID-074,LC09_L2SP_176039_20250913_20250915_02_T1,2025-09-13,1.067983845889252,1.0695828994299446,44.20478727482543,0.23377319995664236,low,-0.0015990535406924522,landsat_gee,True
NSR-GRID-075,LC09_L2SP_176039_20250913_20250915_02_T1,2025-09-13,1.3120110262239637,1.0136162257293777,44.44881445516014,0.2551479182470574,low,0.298394800494586,landsat_gee,True
NSR-GRID-076,LC09_L2SP_176039_20250913_20250915_02_T1,2025-09-13,0.9757185852268648,0.789832722287039,44.11252201416304,0.24530504877480683,low,0.18588586293982579,landsat_gee,True
NSR-GRID-077,LC09_L2SP_176039_20250913_20250915_02_T1,2025-09-13,-0.7307731866161831,-0.7666369082470003,42.40603024231999,0.17313061682301448,low,0.03586372163081719,landsat_gee,True
NSR-GRID-079,LC09_L2SP_176039_20250913_20250915_02_T1,2025-09-13,0.3430438303636265,0.36925719830843073,43.4798472592998,0.2312181479122434,low,-0.026213367944804222,landsat_gee,True
NSR-GRID-080,LC09_L2SP_176039_20250913_20250915_02_T1,2025-09-13,-2.6037333037306354,-2.734491286634773,40.53307012520554,0.32108476480075276,low,0.13075798290413765,landsat_gee,True
NSR-GRID-081,LC09_L2SP_176039_20250913_20250915_02_T1,2025-09-13,0.0979039289433743,0.1297561603749517,43.23470735787955,0.23202148772182085,low,-0.031852231431577394,landsat_gee,True
NSR-GRID-082,LC09_L2SP_176039_20250913_20250915_02_T1,2025-09-13,-0.8631788948075254,-0.7706876736207888,42.27362453412865,0.37887556443608833,medium,-0.09249122118673658,landsat_gee,True
NSR-GRID-083,LC09_L2SP_176039_20250913_20250915_02_T1,2025-09-13,-0.1683483177387259,-0.1940611212203968,42.96845511119745,0.3679546002501906,medium,0.025712803481670876,landsat_gee,True
NSR-GRID-084,LC09_L2SP_176039_20250913_20250915_02_T1,2025-09-13,0.3805046289268716,0.6956070047748539,43.51730805786305,0.38499659746212234,medium,-0.31510237584798234,landsat_gee,True
NSR-GRID-085,LC09_L2SP_176039_20250913_20250915_02_T1,2025-09-13,-1.185276055567634,-1.239109766898646,41.95152737336854,0.38560080850582806,medium,0.05383371133101189,landsat_gee,True
NSR-GRID-086,LC09_L2SP_176039_20250913_20250915_02_T1,2025-09-13,-1.3104356165809676,-1.3469615474867478,41.82636781235521,0.3659423658526533,medium,0.03652593090578016,landsat_gee,True
NSR-GRID-087,LC09_L2SP_176039_20250913_20250915_02_T1,2025-09-13,-2.1826254220443104,-1.8837031860453515,40.954178006891865,0.3580109287449008,medium,-0.29892223599895895,landsat_gee,True
NSR-GRID-088,LC09_L2SP_176039_20250913_20250915_02_T1,2025-09-13,-0.5662990000679855,-0.32107201364023025,42.57050442886819,0.38143449062810747,medium,-0.24522698642775526,landsat_gee,True
NSR-GRID-089,LC09_L2SP_176039_20250913_20250915_02_T1,2025-09-13,-1.5486700883420284,-1.169930378346784,41.58813334059415,0.32226627143078673,low,-0.3787397099952443,landsat_gee,True
NSR-GRID-090,LC09_L2SP_176039_20250913_20250915_02_T1,2025-09-13,0.7274897901444319,0.7036367422004047,43.86429321908061,0.32546142812770945,low,0.023853047944027206,landsat_gee,True
NSR-GRID-091,LC09_L2SP_176039_20250913_20250915_02_T1,2025-09-13,2.0180001097942157,1.5135700195575956,45.15480353873039,0.35353469642171365,medium,0.5044300902366201,landsat_gee,True
NSR-GRID-092,LC09_L2SP_176039_20250913_20250915_02_T1,2025-09-13,-1.0411689877948618,-1.4487690700218292,42.095634441141314,0.42674119954794526,medium,0.4076000822269674,landsat_gee,True
NSR-GRID-093,LC09_L2SP_176039_20250913_20250915_02_T1,2025-09-13,0.2229062948090145,-0.21697059734551669,43.35970972374519,0.39471224348575906,medium,0.4398768921545312,landsat_gee,True
NSR-GRID-094,LC09_L2SP_176039_20250913_20250915_02_T1,2025-09-13,-1.2504768973918488,-1.4237820164515549,41.88632653154433,0.3992813258293839,medium,0.17330511905970614,landsat_gee,True
NSR-GRID-095,LC09_L2SP_176039_20250913_20250915_02_T1,2025-09-13,0.1191898043264032,-0.041863622399037445,43.25599323326258,0.38827468995825676,medium,0.16105342672544065,landsat_gee,True
NSR-GRID-096,LC09_L2SP_176039_20250913_20250915_02_T1,2025-09-13,-0.8745289114181247,-0.731532354377148,42.26227451751805,0.4408634973533403,medium,-0.1429965570409767,landsat_gee,True
NSR-GRID-097,LC09_L2SP_176039_20250913_20250915_02_T1,2025-09-13,-0.4978840746833839,-0.2001102905288658,42.63891935425279,0.31699567123714056,low,-0.2977737841545181,landsat_gee,True
NSR-GRID-098,LC09_L2SP_176039_20250913_20250915_02_T1,2025-09-13,-0.4440261311449589,-0.6351391886118631,42.69277729779122,0.32189713596283775,low,0.1911130574669042,landsat_gee,True
NSR-GRID-099,LC09_L2SP_176039_20250913_20250915_02_T1,2025-09-13,-0.6117138940230333,-0.9043929207600292,42.52508953491314,0.29031870623642786,low,0.29267902673699586,landsat_gee,True
NSR-GRID-100,LC09_L2SP_176039_20250913_20250915_02_T1,2025-09-13,-1.3047279488990495,-1.592781408572955,41.832075480037126,0.19909304709786377,low,0.2880534596739055,landsat_gee,True
NSR-GRID-101,LC09_L2SP_176039_20250913_20250915_02_T1,2025-09-13,-1.025255276067547,-1.386151080407457,42.11154815286863,0.16101977906780054,low,0.36089580433991,landsat_gee,True
NSR-GRID-102,LC09_L2SP_176039_20250913_20250915_02_T1,2025-09-13,0.7278900603180745,0.6013015367632799,43.86469348925425,0.20001767440564766,low,0.12658852355479455,landsat_gee,True
NSR-GRID-103,LC09_L2SP_176039_20250913_20250915_02_T1,2025-09-13,0.5696036828796309,0.3673024168445874,43.70640711181581,0.23138898393695354,low,0.2023012660350435,landsat_gee,True
NSR-GRID-104,LC09_L2SP_176039_20250913_20250915_02_T1,2025-09-13,1.7089292229733672,1.5963077071378051,44.84573265190954,0.2466032564005359,low,0.11262151583556212,landsat_gee,True
NSR-GRID-105,LC09_L2SP_176039_20250913_20250915_02_T1,2025-09-13,-2.3375809753267163,-2.404124201297165,40.79922245360946,0.3177500829365114,low,0.06654322597044882,landsat_gee,True
NSR-GRID-106,LC09_L2SP_176039_20250913_20250915_02_T1,2025-09-13,0.1853335814807906,0.22819972159326424,43.32213701041697,0.21925222814810055,low,-0.04286614011247364,landsat_gee,True
NSR-GRID-107,LC09_L2SP_176039_20250913_20250915_02_T1,2025-09-13,-2.109503501788744,-2.0299795713386715,41.02729992714743,0.38576263609455685,medium,-0.07952393045007256,landsat_gee,True
NSR-GRID-108,LC09_L2SP_176039_20250913_20250915_02_T1,2025-09-13,-2.4982344577384623,-2.5519838956529584,40.638568971197714,0.3531336320334288,medium,0.053749437914496045,landsat_gee,True
NSR-GRID-109,LC09_L2SP_176039_20250913_20250915_02_T1,2025-09-13,-3.5506940859266933,-3.3384021537933526,39.58610934300948,0.3634743801852549,medium,-0.21229193213334074,landsat_gee,True
NSR-GRID-110,LC09_L2SP_176039_20250913_20250915_02_T1,2025-09-13,-3.24824563223077,-3.1717215783659816,39.888557796705406,0.3567996256207764,medium,-0.07652405386478822,landsat_gee,True
NSR-GRID-111,LC09_L2SP_176039_20250913_20250915_02_T1,2025-09-13,-3.304829200360963,-3.149376516877996,39.83197422857521,0.35673286248835706,medium,-0.15545268348296704,landsat_gee,True
NSR-GRID-112,LC09_L2SP_176039_20250913_20250915_02_T1,2025-09-13,-2.4095756628936016,-2.239605904612016,40.727227766042574,0.41528331968381893,medium,-0.16996975828158556,landsat_gee,True
NSR-GRID-113,LC09_L2SP_176039_20250913_20250915_02_T1,2025-09-13,-4.321019921495406,-3.9680730310054213,38.81578350744077,0.3337876012960117,low,-0.3529468904899846,landsat_gee,True
NSR-GRID-114,LC09_L2SP_176039_20250913_20250915_02_T1,2025-09-13,-4.346423627564874,-3.822128915227559,38.7903798013713,0.34755807139863737,low,-0.5242947123373156,landsat_gee,True
NSR-GRID-115,LC09_L2SP_176039_20250913_20250915_02_T1,2025-09-13,-1.8404350271692849,-1.8451117765157858,41.29636840176689,0.3693880779075038,medium,0.004676749346500975,landsat_gee,True
NSR-GRID-116,LC09_L2SP_176039_20250913_20250915_02_T1,2025-09-13,1.1329639734479071,0.8260747084675129,44.26976740238408,0.3781595436426432,medium,0.30688926498039426,landsat_gee,True
NSR-GRID-117,LC09_L2SP_176039_20250913_20250915_02_T1,2025-09-13,1.8494808453868927,1.4121936905958075,44.98628427432307,0.30988402690125905,low,0.43728715479108526,landsat_gee,True
NSR-GRID-118,LC09_L2SP_176039_20250913_20250915_02_T1,2025-09-13,0.8883050313607441,0.38855469030990986,44.02510846029692,0.32399860571863504,low,0.49975034105083427,landsat_gee,True
NSR-GRID-119,LC09_L2SP_176039_20250913_20250915_02_T1,2025-09-13,-3.666677071344623,-3.805342182208251,39.47012635759155,0.47026206039243124,medium,0.1386651108636281,landsat_gee,True
NSR-GRID-120,LC09_L2SP_176039_20250913_20250915_02_T1,2025-09-13,-3.5392114277915425,-3.5613799586941504,39.59759200114463,0.4970658714668386,medium,0.02216853090260784,landsat_gee,True
NSR-GRID-121,LC09_L2SP_176039_20250913_20250915_02_T1,2025-09-13,-1.3867573733610357,-1.1833556697760994,41.75004605557514,0.4508313329044765,medium,-0.20340170358493626,landsat_gee,True
NSR-GRID-122,LC09_L2SP_176039_20250913_20250915_02_T1,2025-09-13,-0.9832092637726362,-0.8359300458040395,42.15359416516354,0.3455644990347426,low,-0.14727921796859667,landsat_gee,True
NSR-GRID-123,LC09_L2SP_176039_20250913_20250915_02_T1,2025-09-13,-0.7484841804041551,-0.8342193813711791,42.38831924853202,0.35519385422519456,medium,0.08573520096702403,landsat_gee,True
NSR-GRID-124,LC09_L2SP_176039_20250913_20250915_02_T1,2025-09-13,-0.4594918327751358,-0.9146263850317303,42.67731159616104,0.33044320752331213,low,0.45513455225659455,landsat_gee,True
NSR-GRID-125,LC09_L2SP_176039_20250913_20250915_02_T1,2025-09-13,-1.8017430265208527,-1.7383801616696977,41.33506040241532,0.19196207205337376,low,-0.06336286485115505,landsat_gee,True
NSR-GRID-126,LC09_L2SP_176039_20250913_20250915_02_T1,2025-09-13,0.6415378466671129,0.5611442146852031,43.77834127560329,0.21965286819675015,low,0.08039363198190974,landsat_gee,True
NSR-GRID-127,LC09_L2SP_176039_20250913_20250915_02_T1,2025-09-13,1.1465750473427008,1.166859092018339,44.28337847627888,0.22596292969691956,low,-0.02028404467563827,landsat_gee,True
NSR-GRID-128,LC09_L2SP_176039_20250913_20250915_02_T1,2025-09-13,-2.3192280535484,-2.389364463298546,40.817575375387776,0.2280571667928627,low,0.07013640975014601,landsat_gee,True
NSR-GRID-129,LC09_L2SP_176039_20250913_20250915_02_T1,2025-09-13,-0.078879233492735,-0.11041595422486207,43.05792419544344,0.22888060477373284,low,0.03153672073212707,landsat_gee,True
NSR-GRID-130,LC09_L2SP_176039_20250913_20250915_02_T1,2025-09-13,-2.3100465797092227,-2.210666906240384,40.82675684922695,0.36751914855067813,medium,-0.0993796734688388,landsat_gee,True
NSR-GRID-131,LC09_L2SP_176039_20250913_20250915_02_T1,2025-09-13,-1.3075832699930174,-1.1414774222619597,41.82922015894316,0.19238384784330226,low,-0.16610584773105774,landsat_gee,True
NSR-GRID-132,LC09_L2SP_176039_20250913_20250915_02_T1,2025-09-13,-3.653080794625147,-3.618494795287964,39.48372263431103,0.3487716364960947,low,-0.03458599933718309,landsat_gee,True
NSR-GRID-133,LC09_L2SP_176039_20250913_20250915_02_T1,2025-09-13,-3.441250487597572,-3.5037827083569844,39.695552941338605,0.3621032617363582,medium,0.06253222075941256,landsat_gee,True
NSR-GRID-134,LC09_L2SP_176039_20250913_20250915_02_T1,2025-09-13,-3.1685580551029418,-3.0339126038847355,39.968245373833234,0.3573825575787217,medium,-0.13464545121820626,landsat_gee,True
NSR-GRID-135,LC09_L2SP_176039_20250913_20250915_02_T1,2025-09-13,-3.4607272979407924,-3.2403728600188906,39.67607613099538,0.34056875732244113,low,-0.2203544379219018,landsat_gee,True
NSR-GRID-136,LC09_L2SP_176039_20250913_20250915_02_T1,2025-09-13,-3.27347631379061,-2.908345877508066,39.863327115145566,0.24603936903398382,low,-0.36513043628254405,landsat_gee,True
NSR-GRID-137,LC09_L2SP_176039_20250913_20250915_02_T1,2025-09-13,-3.769811249569699,-3.5691559081177764,39.36699217936648,0.34137691379834173,low,-0.20065534145192254,landsat_gee,True
NSR-GRID-138,LC09_L2SP_176039_20250913_20250915_02_T1,2025-09-13,-4.161835536488525,-3.8247187194386565,38.97496789244765,0.33528250853491853,low,-0.3371168170498682,landsat_gee,True
NSR-GRID-139,LC09_L2SP_176039_20250913_20250915_02_T1,2025-09-13,-2.135527446396445,-1.917074084177788,41.00127598253973,0.388113782147518,medium,-0.21845336221865685,landsat_gee,True
NSR-GRID-140,LC09_L2SP_176039_20250913_20250915_02_T1,2025-09-13,2.749835629037065,2.3335196899924266,45.88663905797324,0.28122546184897673,low,0.4163159390446385,landsat_gee,True
NSR-GRID-141,LC09_L2SP_176039_20250913_20250915_02_T1,2025-09-13,3.3997666555862054,2.757889389977546,46.53657008452238,0.26469034037892875,low,0.6418772656086595,landsat_gee,True
NSR-GRID-142,LC09_L2SP_176039_20250913_20250915_02_T1,2025-09-13,0.0,-0.28740442953914724,43.136803428936176,0.31488067876467446,low,0.28740442953914724,landsat_gee,True
NSR-GRID-143,LC09_L2SP_176039_20250913_20250915_02_T1,2025-09-13,-2.093206601443036,-2.078957414097148,41.04359682749314,0.4304511888026216,medium,-0.014249187345888092,landsat_gee,True
NSR-GRID-144,LC09_L2SP_176039_20250913_20250915_02_T1,2025-09-13,-3.627848419269533,-3.4943020905357027,39.50895500966664,0.4762217620754407,medium,-0.13354632873383032,landsat_gee,True
NSR-GRID-145,LC09_L2SP_176039_20250913_20250915_02_T1,2025-09-13,-1.915808213407935,-1.6742817884943535,41.22099521552824,0.43054684352028294,medium,-0.24152642491358156,landsat_gee,True
NSR-GRID-146,LC09_L2SP_176039_20250913_20250915_02_T1,2025-09-13,-1.0919985216815675,-0.9413066115550057,42.04480490725461,0.32687182056933695,low,-0.1506919101265618,landsat_gee,True
NSR-GRID-147,LC09_L2SP_176039_20250913_20250915_02_T1,2025-09-13,-0.5922889514149361,-0.7807249421658808,42.54451447752124,0.33451144121976073,low,0.18843599075094475,landsat_gee,True
NSR-GRID-148,LC09_L2SP_176039_20250913_20250915_02_T1,2025-09-13,-0.5115812774130504,-0.703513199469532,42.625222151523126,0.2969459651545822,low,0.19193192205648157,landsat_gee,True
NSR-GRID-149,LC09_L2SP_176039_20250913_20250915_02_T1,2025-09-13,-2.0854867484309736,-2.1430511753703807,41.0513166805052,0.31580334933636817,low,0.05756442693940711,landsat_gee,True
NSR-GRID-150,LC09_L2SP_176039_20250913_20250915_02_T1,2025-09-13,-2.68616746649434,-2.599199457249925,40.45063596244184,0.24625104252143645,low,-0.08696800924441472,landsat_gee,True
NSR-GRID-151,LC09_L2SP_176039_20250913_20250915_02_T1,2025-09-13,-0.9649476770383388,-0.842533144062323,42.17185575189784,0.20520225464075173,low,-0.12241453297601579,landsat_gee,True
NSR-GRID-152,LC09_L2SP_176039_20250913_20250915_02_T1,2025-09-13,-2.005607242480337,-1.804355961528498,41.13119618645584,0.35934948521815385,medium,-0.20125128095183897,landsat_gee,True
NSR-GRID-153,LC09_L2SP_176039_20250913_20250915_02_T1,2025-09-13,-3.329162220673055,-3.105275672410756,39.80764120826312,0.37318789073648895,medium,-0.22388654826229892,landsat_gee,True
NSR-GRID-154,LC09_L2SP_176039_20250913_20250915_02_T1,2025-09-13,-3.162526015107474,-3.3250982440903627,39.9742774138287,0.35537305632284877,medium,0.1625722289828886,landsat_gee,True
NSR-GRID-155,LC09_L2SP_176039_20250913_20250915_02_T1,2025-09-13,-4.03654305700789,-3.954845856426579,39.100260371928286,0.35060474402224007,medium,-0.0816972005813108,landsat_gee,True
NSR-GRID-156,LC09_L2SP_176039_20250913_20250915_02_T1,2025-09-13,-4.256830362121427,-4.051843341966286,38.87997306681475,0.33847051398923905,low,-0.2049870201551407,landsat_gee,True
NSR-GRID-157,LC09_L2SP_176039_20250913_20250915_02_T1,2025-09-13,-4.133684471760731,-3.5682047386184697,39.003118957175445,0.3186736320141667,low,-0.565479733142261,landsat_gee,True
NSR-GRID-158,LC09_L2SP_176039_20250913_20250915_02_T1,2025-09-13,-4.447293652345628,-4.043164703348148,38.68950977659055,0.34364173381842383,low,-0.40412894899748064,landsat_gee,True
NSR-GRID-159,LC09_L2SP_176039_20250913_20250915_02_T1,2025-09-13,-4.036094974716875,-3.806397414551416,39.1007084542193,0.35302089864259795,medium,-0.22969756016545873,landsat_gee,True
NSR-GRID-160,LC09_L2SP_176039_20250913_20250915_02_T1,2025-09-13,-2.4375738692399125,-2.6413914832048917,40.69922955969626,0.41057718987004926,medium,0.20381761396497922,landsat_gee,True
NSR-GRID-161,LC09_L2SP_176039_20250913_20250915_02_T1,2025-09-13,-0.9365568996863942,-1.0879649240467126,42.20024652924978,0.37869197719627024,medium,0.15140802436031842,landsat_gee,True
NSR-GRID-162,LC09_L2SP_176039_20250913_20250915_02_T1,2025-09-13,-0.1169505908753336,-0.263802935641055,43.01985283806084,0.3409584423469537,low,0.1468523447657214,landsat_gee,True
NSR-GRID-163,LC09_L2SP_176039_20250913_20250915_02_T1,2025-09-13,-0.508640909025786,-0.8144628124018973,42.62816251991039,0.3896150013601801,medium,0.30582190337611137,landsat_gee,True
NSR-GRID-164,LC09_L2SP_176039_20250913_20250915_02_T1,2025-09-13,-1.93472377992444,-1.8509248469166877,41.202079649011736,0.37740380081200936,medium,-0.08379893300775221,landsat_gee,True
NSR-GRID-165,LC09_L2SP_176039_20250913_20250915_02_T1,2025-09-13,-3.454727120076754,-3.386327793398373,39.68207630885942,0.48147377169891725,medium,-0.06839932667838111,landsat_gee,True
NSR-GRID-166,LC09_L2SP_176039_20250913_20250915_02_T1,2025-09-13,-2.005020938054628,-1.6105899619284618,41.13178249088155,0.4465792994913803,medium,-0.3944309761261664,landsat_gee,True
NSR-GRID-167,LC09_L2SP_176039_20250913_20250915_02_T1,2025-09-13,-1.0954841640618938,-0.916240089142751,42.04131926487428,0.35551454642870567,medium,-0.17924407491914274,landsat_gee,True
NSR-GRID-168,LC09_L2SP_176039_20250913_20250915_02_T1,2025-09-13,-0.8363443036678575,-0.8154785208549236,42.30045912526832,0.34696497380859975,low,-0.020865782812933942,landsat_gee,True
NSR-GRID-169,LC09_L2SP_176039_20250913_20250915_02_T1,2025-09-13,-0.9670766138072224,-1.0404490069458376,42.16972681512895,0.32129460686698486,low,0.07337239313861521,landsat_gee,True
NSR-GRID-170,LC09_L2SP_176039_20250913_20250915_02_T1,2025-09-13,-1.0360838650622384,-1.2256344329826587,42.10071956387394,0.27051048267676514,low,0.18955056792042035,landsat_gee,True
NSR-GRID-171,LC09_L2SP_176039_20250913_20250915_02_T1,2025-09-13,-0.7832397135347335,-0.7856247312875451,42.35356371540144,0.20507940961578044,low,0.0023850177528115246,landsat_gee,True
NSR-GRID-172,LC09_L2SP_176039_20250913_20250915_02_T1,2025-09-13,-0.6559583867663434,-0.4490568563672112,42.48084504216983,0.16973181218675684,low,-0.20690153039913223,landsat_gee,True
NSR-GRID-173,LC09_L2SP_176039_20250913_20250915_02_T1,2025-09-13,0.6668447030509128,0.7062735604517045,43.80364813198709,0.23560421448197597,low,-0.03942885740079172,landsat_gee,True
NSR-GRID-174,LC09_L2SP_176039_20250913_20250915_02_T1,2025-09-13,-1.4614185793808332,-0.8913687677828683,41.67538484955534,0.321549239629215,low,-0.5700498115979649,landsat_gee,True
NSR-GRID-175,LC09_L2SP_176039_20250913_20250915_02_T1,2025-09-13,-3.624626002736669,-3.3150425860496213,39.51217742619951,0.3499673984204663,low,-0.3095834166870475,landsat_gee,True
NSR-GRID-176,LC09_L2SP_176039_20250913_20250915_02_T1,2025-09-13,-3.150612525701433,-3.3466059205463345,39.98619090323474,0.33116552948892075,low,0.19599339484490175,landsat_gee,True
NSR-GRID-177,LC09_L2SP_176039_20250913_20250915_02_T1,2025-09-13,-3.5027132972430266,-3.217330038318998,39.63409013169315,0.345454935789897,low,-0.2853832589240284,landsat_gee,True
NSR-GRID-178,LC09_L2SP_176039_20250913_20250915_02_T1,2025-09-13,-3.745817216344484,-3.4202261941068697,39.39098621259169,0.3435077010827039,low,-0.32559102223761416,landsat_gee,True
NSR-GRID-179,LC09_L2SP_176039_20250913_20250915_02_T1,2025-09-13,-3.9646548092590654,-3.6964246746586125,39.17214861967711,0.33224399540531047,low,-0.268230134600453,landsat_gee,True
NSR-GRID-180,LC09_L2SP_176039_20250913_20250915_02_T1,2025-09-13,-4.004188267307136,-3.69847409063621,39.13261516162904,0.3297641328795174,low,-0.3057141766709255,landsat_gee,True
NSR-GRID-181,LC09_L2SP_176039_20250913_20250915_02_T1,2025-09-13,-3.335622730627854,-2.8863019870784132,39.80118069830832,0.35811072237390124,medium,-0.44932074354944085,landsat_gee,True
NSR-GRID-182,LC09_L2SP_176039_20250913_20250915_02_T1,2025-09-13,-2.234540291360979,-2.3349359530494462,40.9022631375752,0.38855512322959457,medium,0.10039566168846736,landsat_gee,True
NSR-GRID-183,LC09_L2SP_176039_20250913_20250915_02_T1,2025-09-13,-1.117574162583793,-1.561237369805101,42.01922926635238,0.38768764590697424,medium,0.44366320722130803,landsat_gee,True
NSR-GRID-184,LC09_L2SP_176039_20250913_20250915_02_T1,2025-09-13,-1.1523623642491216,-1.408399812791299,41.984441064687054,0.3910121286166291,medium,0.25603744854217747,landsat_gee,True
NSR-GRID-185,LC09_L2SP_176039_20250913_20250915_02_T1,2025-09-13,-0.8816003617642991,-0.9839375207759061,42.25520306717188,0.3477990717416538,low,0.102337159011607,landsat_gee,True
NSR-GRID-186,LC09_L2SP_176039_20250913_20250915_02_T1,2025-09-13,-1.457399769488255,-1.663617373132787,41.67940365944792,0.41006730888352594,medium,0.206217603644532,landsat_gee,True
NSR-GRID-187,LC09_L2SP_176039_20250913_20250915_02_T1,2025-09-13,-1.9271273665091757,-1.8926629850160037,41.209676062427,0.45918551779667266,medium,-0.03446438149317199,landsat_gee,True
NSR-GRID-188,LC09_L2SP_176039_20250913_20250915_02_T1,2025-09-13,-2.469806472964464,-2.1314353934937516,40.66699695597171,0.42662819371719796,medium,-0.33837107947071265,landsat_gee,True
NSR-GRID-189,LC09_L2SP_176039_20250913_20250915_02_T1,2025-09-13,-2.6479856545124534,-2.5355976713994774,40.48881777442372,0.43944711981485785,medium,-0.11238798311297593,landsat_gee,True
NSR-GRID-190,LC09_L2SP_176039_20250913_20250915_02_T1,2025-09-13,-2.663721336531623,-2.448576397861355,40.47308209240455,0.35709290061598303,medium,-0.21514493867026774,landsat_gee,True
NSR-GRID-191,LC09_L2SP_176039_20250913_20250915_02_T1,2025-09-13,-1.391248161115442,-1.4559660253345301,41.745555267820734,0.31578152391138914,low,0.0647178642190882,landsat_gee,True
NSR-GRID-192,LC09_L2SP_176039_20250913_20250915_02_T1,2025-09-13,0.3206414322976059,0.2442969254986793,43.45744486123378,0.2188029929757501,low,0.0763445067989266,landsat_gee,True
NSR-GRID-193,LC09_L2SP_176039_20250913_20250915_02_T1,2025-09-13,-0.7917315120061303,-0.2508755843128135,42.345071916930046,0.37680297282637776,medium,-0.5408559276933169,landsat_gee,True
NSR-GRID-194,LC09_L2SP_176039_20250913_20250915_02_T1,2025-09-13,0.5671051496609607,0.3751997414087368,43.70390857859714,0.2637466331648356,low,0.1919054082522239,landsat_gee,True
NSR-GRID-195,LC09_L2SP_176039_20250913_20250915_02_T1,2025-09-13,-3.063370564182719,-3.0356796563369164,40.07343286475346,0.35097875444793275,medium,-0.027690907845802748,landsat_gee,True
NSR-GRID-196,LC09_L2SP_176039_20250913_20250915_02_T1,2025-09-13,-0.8022566019904289,-0.6837021246652534,42.33454682694575,0.2616542409171948,low,-0.11855447732517554,landsat_gee,True
NSR-GRID-197,LC09_L2SP_176039_20250913_20250915_02_T1,2025-09-13,-3.0706709074911918,-3.327362020717766,40.066132521444985,0.3069494381156894,low,0.25669111322657434,landsat_gee,True
NSR-GRID-198,LC09_L2SP_176039_20250913_20250915_02_T1,2025-09-13,-2.994861828904739,-3.2343250520901323,40.14194160003144,0.25853879373116034,low,0.23946322318539348,landsat_gee,True
NSR-GRID-199,LC09_L2SP_176039_20250913_20250915_02_T1,2025-09-13,-4.322906839566876,-3.9739199468556174,38.8138965893693,0.3557539913943727,medium,-0.3489868927112587,landsat_gee,True
NSR-GRID-200,LC09_L2SP_176039_20250913_20250915_02_T1,2025-09-13,-3.829729989519983,-3.510575278482618,39.30707343941619,0.3499218046074556,low,-0.3191547110373647,landsat_gee,True
NSR-GRID-201,LC09_L2SP_176039_20250913_20250915_02_T1,2025-09-13,-3.822986443638477,-3.246215321866961,39.3138169852977,0.38257861308376784,medium,-0.5767711217715159,landsat_gee,True
NSR-GRID-202,LC09_L2SP_176039_20250913_20250915_02_T1,2025-09-13,-2.619783731165249,-2.4515219028248545,40.51701969777093,0.3644128812030656,medium,-0.16826182834039471,landsat_gee,True
NSR-GRID-203,LC09_L2SP_176039_20250913_20250915_02_T1,2025-09-13,0.6792931496032821,0.28579007906539877,43.81609657853946,0.4249097072466018,medium,0.39350307053788336,landsat_gee,True
NSR-GRID-204,LC09_L2SP_176039_20250913_20250915_02_T1,2025-09-13,-1.886528542908927,-2.0922963259035168,41.25027488602725,0.3736011846797556,medium,0.20576778299458987,landsat_gee,True
NSR-GRID-205,LC09_L2SP_176039_20250913_20250915_02_T1,2025-09-13,-1.4033013450676322,-1.7428162534793983,41.733502083868544,0.3864451881520887,medium,0.3395149084117661,landsat_gee,True
NSR-GRID-206,LC09_L2SP_176039_20250913_20250915_02_T1,2025-09-13,-1.9905899794047957,-2.04490542386267,41.14621344953138,0.4057975466141701,medium,0.054315444457874174,landsat_gee,True
NSR-GRID-207,LC09_L2SP_176039_20250913_20250915_02_T1,2025-09-13,-2.433151351263213,-2.066433725329049,40.70365207767296,0.40984139814751847,medium,-0.366717625934164,landsat_gee,True
NSR-GRID-208,LC09_L2SP_176039_20250913_20250915_02_T1,2025-09-13,-2.008822734390371,-1.7905064482734474,41.127980694545805,0.42437779233978845,medium,-0.21831628611692366,landsat_gee,True
NSR-GRID-209,LC09_L2SP_176039_20250913_20250915_02_T1,2025-09-13,-2.179928552709427,-1.5995337497173043,40.95687487622675,0.41625326889658176,medium,-0.5803948029921226,landsat_gee,True
NSR-GRID-210,LC09_L2SP_176039_20250913_20250915_02_T1,2025-09-13,-1.0272992096864968,-1.3187866200699323,42.10950421924968,0.4079861385249107,medium,0.2914874103834355,landsat_gee,True
NSR-GRID-211,LC09_L2SP_176039_20250913_20250915_02_T1,2025-09-13,-1.5394245929639825,-1.7247855594165866,41.597378835972194,0.4208061918234745,medium,0.18536096645260414,landsat_gee,True
NSR-GRID-212,LC09_L2SP_176039_20250913_20250915_02_T1,2025-09-13,-0.5581041442094659,-0.5948829672363456,42.57869928472671,0.359642225160914,medium,0.03677882302687974,landsat_gee,True
NSR-GRID-213,LC09_L2SP_176039_20250913_20250915_02_T1,2025-09-13,-0.2379340243266341,0.012331109658225271,42.89886940460954,0.28446985139116204,low,-0.2502651339848594,landsat_gee,True
NSR-GRID-214,LC09_L2SP_176039_20250913_20250915_02_T1,2025-09-13,-4.091128789488352,-3.8471594897690715,39.045674639447824,0.3730192924431744,medium,-0.24396929971928083,landsat_gee,True
NSR-GRID-215,LC09_L2SP_176039_20250913_20250915_02_T1,2025-09-13,-3.7322440023607584,-3.5397171145369466,39.40455942657542,0.3225776773832482,low,-0.19252688782381178,landsat_gee,True
NSR-GRID-216,LC09_L2SP_176039_20250913_20250915_02_T1,2025-09-13,-2.211040162107089,-2.3227646426142647,40.92576326682909,0.3292744239956157,low,0.11172448050717554,landsat_gee,True
NSR-GRID-217,LC09_L2SP_176039_20250913_20250915_02_T1,2025-09-13,-3.3862961613566114,-3.062790500985883,39.750507267579565,0.37041099561922997,medium,-0.32350566037072825,landsat_gee,True
NSR-GRID-218,LC09_L2SP_176039_20250913_20250915_02_T1,2025-09-13,-3.100387332193314,-2.5764072815841907,40.03641609674286,0.37116209916584236,medium,-0.5239800506091234,landsat_gee,True
NSR-GRID-219,LC09_L2SP_176039_20250913_20250915_02_T1,2025-09-13,-2.100691169997276,-1.5032147600711243,41.0361122589389,0.38216405522214947,medium,-0.5974764099261518,landsat_gee,True
NSR-GRID-220,LC09_L2SP_176039_20250913_20250915_02_T1,2025-09-13,-0.9644048142100344,-0.8684522929943423,42.17239861472614,0.3945861421192315,medium,-0.09595252121569209,landsat_gee,True
NSR-GRID-221,LC09_L2SP_176039_20250913_20250915_02_T1,2025-09-13,-0.7667297757908784,-1.101895484208247,42.3700736531453,0.40594684860938157,medium,0.3351657084173685,landsat_gee,True
NSR-GRID-222,LC09_L2SP_176039_20250913_20250915_02_T1,2025-09-13,-0.8039797130328594,-1.1760554147306463,42.33282371590332,0.4009750586226664,medium,0.3720757016977869,landsat_gee,True
NSR-GRID-223,LC09_L2SP_176039_20250913_20250915_02_T1,2025-09-13,-2.0035927108069487,-2.1434455710177454,41.13321071812923,0.44135637017870105,medium,0.13985286021079668,landsat_gee,True
NSR-GRID-224,LC09_L2SP_176039_20250913_20250915_02_T1,2025-09-13,-2.08290916783617,-2.043333458587075,41.053894261100005,0.48070377882230375,medium,-0.03957570924909515,landsat_gee,True
NSR-GRID-225,LC09_L2SP_176039_20250913_20250915_02_T1,2025-09-13,-1.222425865401945,-1.0585860873103663,41.91437756353423,0.4294475199994861,medium,-0.1638397780915788,landsat_gee,True
NSR-GRID-226,LC09_L2SP_176039_20250913_20250915_02_T1,2025-09-13,-1.4892980989072484,-1.3028565664972889,41.64750533002893,0.3504161566908861,medium,-0.18644153240995953,landsat_gee,True
NSR-GRID-227,LC09_L2SP_176039_20250913_20250915_02_T1,2025-09-13,-1.7264426082346844,-1.7035166673364506,41.41036082070149,0.43225942713551047,medium,-0.022925940898233854,landsat_gee,True
NSR-GRID-228,LC09_L2SP_176039_20250913_20250915_02_T1,2025-09-13,-1.598328851004574,-1.590119912718483,41.5384745779316,0.414442592084117,medium,-0.008208938286090817,landsat_gee,True
NSR-GRID-229,LC09_L2SP_176039_20250913_20250915_02_T1,2025-09-13,-1.0485800365854416,-1.141450950388772,42.088223392350734,0.4427649099365959,medium,0.09287091380333035,landsat_gee,True
NSR-GRID-230,LC09_L2SP_176039_20250913_20250915_02_T1,2025-09-13,-1.6872372851495427,-1.4648158048881812,41.44956614378663,0.3850520286136839,medium,-0.22242148026136155,landsat_gee,True
NSR-GRID-231,LC09_L2SP_176039_20250913_20250915_02_T1,2025-09-13,0.8280254472018811,1.37502363341636,43.96482887613806,0.31203319508359373,low,-0.5469981862144788,landsat_gee,True
NSR-GRID-232,LC09_L2SP_176039_20250913_20250915_02_T1,2025-09-13,-3.340377644545434,-2.674408951257677,39.79642578439074,0.3173034008256218,low,-0.6659686932877569,landsat_gee,True
NSR-GRID-233,LC09_L2SP_176039_20250913_20250915_02_T1,2025-09-13,-3.644626558593984,-3.2799059392027625,39.49217687034219,0.37284583171247254,medium,-0.3647206193912216,landsat_gee,True
NSR-GRID-234,LC09_L2SP_176039_20250913_20250915_02_T1,2025-09-13,-3.2449665268989847,-3.0512496150287047,39.89183690203719,0.37086184940772526,medium,-0.19371691187027995,landsat_gee,True
NSR-GRID-235,LC09_L2SP_176039_20250913_20250915_02_T1,2025-09-13,-1.0922850269932098,-0.9777687714152591,42.044518401942966,0.3584056664270427,medium,-0.11451625557795075,landsat_gee,True
NSR-GRID-236,LC09_L2SP_176039_20250913_20250915_02_T1,2025-09-13,0.818368815614761,1.1416973285354346,43.95517224455094,0.3747270632784318,medium,-0.32332851292067355,landsat_gee,True
NSR-GRID-237,LC09_L2SP_176039_20250913_20250915_02_T1,2025-09-13,2.2374121411093952,3.09029658874674,45.37421557004557,0.30066579042045044,low,-0.852884447637345,landsat_gee,True
NSR-GRID-238,LC09_L2SP_176039_20250913_20250915_02_T1,2025-09-13,1.590823726325901,1.6782718039740303,44.72762715526208,0.3426044754007104,low,-0.08744807764812923,landsat_gee,True
NSR-GRID-239,LC09_L2SP_176039_20250913_20250915_02_T1,2025-09-13,0.9635951824344176,0.8826696378421884,44.10039861137059,0.3994080989755637,medium,0.08092554459222912,landsat_gee,True
NSR-GRID-240,LC09_L2SP_176039_20250913_20250915_02_T1,2025-09-13,1.1255761377843498,0.3639559867520488,44.262379566720526,0.3658853195990526,medium,0.7616201510323011,landsat_gee,True
NSR-GRID-241,LC09_L2SP_176039_20250913_20250915_02_T1,2025-09-13,-0.5406440798969285,-0.9398111583987306,42.59615934903925,0.4518703977968522,medium,0.3991670785018021,landsat_gee,True
NSR-GRID-242,LC09_L2SP_176039_20250913_20250915_02_T1,2025-09-13,-1.1675333637492713,-1.5076018470426322,41.969270065186905,0.49744930796474157,medium,0.3400684832933609,landsat_gee,True
NSR-GRID-243,LC09_L2SP_176039_20250913_20250915_02_T1,2025-09-13,-0.9338383576422729,-0.7773491449538741,42.2029650712939,0.39102121083091423,medium,-0.15648921268839877,landsat_gee,True
NSR-GRID-244,LC09_L2SP_176039_20250913_20250915_02_T1,2025-09-13,0.8398649288495719,0.9752879929523326,43.97666835778575,0.2498966581375645,low,-0.13542306410276073,landsat_gee,True
NSR-GRID-245,LC09_L2SP_176039_20250913_20250915_02_T1,2025-09-13,0.860011223831826,0.836020053201943,43.996814652768,0.34007878838981603,low,0.023991170629883096,landsat_gee,True
NSR-GRID-246,LC09_L2SP_176039_20250913_20250915_02_T1,2025-09-13,0.2003518749973309,-0.17986296653880882,43.33715530393351,0.4230535045135119,medium,0.3802148415361397,landsat_gee,True
NSR-GRID-247,LC09_L2SP_176039_20250913_20250915_02_T1,2025-09-13,-0.1024146474656149,-0.3296500140438918,43.03438878147056,0.3751623647811425,medium,0.22723536657827692,landsat_gee,True
NSR-GRID-248,LC09_L2SP_176039_20250913_20250915_02_T1,2025-09-13,-0.7266821690281162,-0.642559299346284,42.41012125990806,0.3835966452082321,medium,-0.08412286968183225,landsat_gee,True
NSR-GRID-249,LC09_L2SP_176039_20250913_20250915_02_T1,2025-09-13,-2.0891352454285084,-1.7745711613889188,41.04766818350767,0.377855806119339,medium,-0.3145640840395896,landsat_gee,True
NSR-GRID-250,LC09_L2SP_176039_20250913_20250915_02_T1,2025-09-13,0.5871202044176655,0.865442069553831,43.72392363335384,0.24524110051967643,low,-0.2783218651361654,landsat_gee,True
NSR-GRID-251,LC09_L2SP_176039_20250913_20250915_02_T1,2025-09-13,-2.536021710884576,-2.4913649756877967,40.6007817180516,0.4024709429427562,medium,-0.04465673519677926,landsat_gee,True
NSR-GRID-252,LC09_L2SP_176039_20250913_20250915_02_T1,2025-09-13,-2.8110955479333484,-2.686185997315675,40.32570788100283,0.41093955202333204,medium,-0.12490955061767339,landsat_gee,True
NSR-GRID-253,LC09_L2SP_176039_20250913_20250915_02_T1,2025-09-13,-2.810094289570316,-2.5846305268912952,40.32670913936586,0.3675855812392861,medium,-0.2254637626790208,landsat_gee,True
NSR-GRID-254,LC09_L2SP_176039_20250913_20250915_02_T1,2025-09-13,0.5499901891785868,0.7520350169009632,43.68679361811476,0.4166868907020761,medium,-0.20204482772237642,landsat_gee,True
NSR-GRID-255,LC09_L2SP_176039_20250913_20250915_02_T1,2025-09-13,2.3765730738083093,2.7856491287138034,45.513376502744485,0.3993218474697448,medium,-0.40907605490549415,landsat_gee,True
NSR-GRID-256,LC09_L2SP_176039_20250913_20250915_02_T1,2025-09-13,1.5259716241361332,1.4229401189075273,44.66277505307231,0.33253964013365983,low,0.10303150522860594,landsat_gee,True
NSR-GRID-257,LC09_L2SP_176039_20250913_20250915_02_T1,2025-09-13,-0.2255980866680502,-0.3318965845739398,42.911205342268126,0.2886285050006631,low,0.10629849790588958,landsat_gee,True
NSR-GRID-258,LC09_L2SP_176039_20250913_20250915_02_T1,2025-09-13,-0.7325264384608232,-0.8468029894208285,42.40427699047535,0.286727008996756,low,0.11427655096000533,landsat_gee,True
NSR-GRID-259,LC09_L2SP_176039_20250913_20250915_02_T1,2025-09-13,-2.1927324030772866,-2.1887679897441052,40.94407102585889,0.3489379902495656,low,-0.003964413333181316,landsat_gee,True
NSR-GRID-260,LC09_L2SP_176039_20250913_20250915_02_T1,2025-09-13,-2.435160631881068,-2.2767143347543364,40.70164279705511,0.37828625199177696,medium,-0.15844629712673175,landsat_gee,True
NSR-GRID-261,LC09_L2SP_176039_20250913_20250915_02_T1,2025-09-13,-0.3252228668541264,-0.35651311406767505,42.81158056208205,0.32970493102156506,low,0.03129024721354867,landsat_gee,True
NSR-GRID-262,LC09_L2SP_176039_20250913_20250915_02_T1,2025-09-13,1.381220484773145,1.234923375321709,44.51802391370932,0.23048570202692936,low,0.14629710945143604,landsat_gee,True
NSR-GRID-263,LC09_L2SP_176039_20250913_20250915_02_T1,2025-09-13,1.2508893335935127,1.3361520151588382,44.38769276252969,0.25819395200744777,low,-0.08526268156532546,landsat_gee,True
NSR-GRID-264,LC09_L2SP_176039_20250913_20250915_02_T1,2025-09-13,1.5669092183987772,1.30694190651555,44.70371264733495,0.32838189943203355,low,0.2599673118832271,landsat_gee,True
NSR-GRID-265,LC09_L2SP_176039_20250913_20250915_02_T1,2025-09-13,-0.2856035888071346,-0.4281138167545692,42.85119984012904,0.4374614774128594,medium,0.14251022794743462,landsat_gee,True
NSR-GRID-266,LC09_L2SP_176039_20250913_20250915_02_T1,2025-09-13,-1.0181357929906127,-0.7338030235794712,42.11866763594556,0.3876122485147373,medium,-0.2843327694111415,landsat_gee,True
NSR-GRID-267,LC09_L2SP_176039_20250913_20250915_02_T1,2025-09-13,-0.732053713611009,-0.13931012622238825,42.40474971532517,0.4010302347357412,medium,-0.5927435873886208,landsat_gee,True
NSR-GRID-268,LC09_L2SP_176039_20250913_20250915_02_T1,2025-09-13,-0.3304738844712105,-0.10750244891529136,42.806329544464965,0.27443992587024757,low,-0.22297143555591914,landsat_gee,True
NSR-GRID-269,LC09_L2SP_176039_20250913_20250915_02_T1,2025-09-13,-0.1839782547735566,-0.1535575849134397,42.95282517416262,0.4470351016071086,medium,-0.030420669860116878,landsat_gee,True
NSR-GRID-270,LC09_L2SP_176039_20250913_20250915_02_T1,2025-09-13,0.948691824825552,0.8347715325099401,44.08549525376173,0.3360934415776857,low,0.11392029231561196,landsat_gee,True
NSR-GRID-271,LC09_L2SP_176039_20250913_20250915_02_T1,2025-09-13,-1.0612830711845618,-1.1846800426119193,42.075520357751614,0.43157608532664943,medium,0.1233969714273575,landsat_gee,True
NSR-GRID-272,LC09_L2SP_176039_20250913_20250915_02_T1,2025-09-13,-2.055116390433241,-1.8211804772225166,41.081687038502935,0.4188159972997737,medium,-0.23393591321072416,landsat_gee,True
NSR-GRID-273,LC09_L2SP_176039_20250913_20250915_02_T1,2025-09-13,-0.4163250887284988,0.0977902935471978,42.72047834020768,0.3821305771689803,medium,-0.5141153822756966,landsat_gee,True
NSR-GRID-274,LC09_L2SP_176039_20250913_20250915_02_T1,2025-09-13,0.6246980454700974,1.3342029054069013,43.76150147440627,0.42452576654201174,medium,-0.7095048599368039,landsat_gee,True
NSR-GRID-275,LC09_L2SP_176039_20250913_20250915_02_T1,2025-09-13,-0.5409855882995913,-0.7001654898981667,42.595817840636585,0.4041207564497895,medium,0.15917990159857542,landsat_gee,True
NSR-GRID-276,LC09_L2SP_176039_20250913_20250915_02_T1,2025-09-13,-0.3640875440300775,-0.5175172208145963,42.7727158849061,0.2824377671395412,low,0.1534296767845188,landsat_gee,True
NSR-GRID-277,LC09_L2SP_176039_20250913_20250915_02_T1,2025-09-13,0.0065608825457843,-0.20003346635578015,43.14336431148196,0.22591779482533372,low,0.20659434890156445,landsat_gee,True
NSR-GRID-278,LC09_L2SP_176039_20250913_20250915_02_T1,2025-09-13,-2.392725565646849,-2.544715644349086,40.74407786328933,0.22736540690945184,low,0.15199007870223724,landsat_gee,True
NSR-GRID-279,LC09_L2SP_176039_20250913_20250915_02_T1,2025-09-13,-0.6894860225006738,-0.6332831391834506,42.4473174064355,0.2758355466704517,low,-0.05620288331722323,landsat_gee,True
NSR-GRID-280,LC09_L2SP_176039_20250913_20250915_02_T1,2025-09-13,0.9269614335089216,0.7785390719017646,44.0637648624451,0.2683986710161085,low,0.14842236160715694,landsat_gee,True
NSR-GRID-281,LC09_L2SP_176039_20250913_20250915_02_T1,2025-09-13,1.1635413269719024,1.2562486447270549,44.30034475590808,0.21940544937628156,low,-0.09270731775515251,landsat_gee,True
NSR-GRID-282,LC09_L2SP_176039_20250913_20250915_02_T1,2025-09-13,1.6603548728575743,1.717901281262354,44.79715830179375,0.2591031146633278,low,-0.05754640840477965,landsat_gee,True
NSR-GRID-283,LC09_L2SP_176039_20250913_20250915_02_T1,2025-09-13,1.4168942891516352,1.2347930654284667,44.55369771808781,0.29820860863697934,low,0.1821012237231685,landsat_gee,True
NSR-GRID-284,LC09_L2SP_176039_20250913_20250915_02_T1,2025-09-13,0.913484864682431,0.5461207801803623,44.05028829361861,0.27637006554859805,low,0.3673640845020687,landsat_gee,True
NSR-GRID-285,LC09_L2SP_176039_20250913_20250915_02_T1,2025-09-13,1.9841886187029016,1.7533402545477836,45.12099204763908,0.4304256327818381,medium,0.230848364155118,landsat_gee,True
NSR-GRID-286,LC09_L2SP_176039_20250913_20250915_02_T1,2025-09-13,0.9047437122854164,1.1253360182705172,44.04154714122159,0.2461169764124422,low,-0.22059230598510082,landsat_gee,True
NSR-GRID-287,LC09_L2SP_176039_20250913_20250915_02_T1,2025-09-13,1.4828925652519942,1.393606516868233,44.61969599418817,0.47308092956396,medium,0.0892860483837612,landsat_gee,True
NSR-GRID-288,LC09_L2SP_176039_20250913_20250915_02_T1,2025-09-13,1.755041810167171,1.6780815680648529,44.89184523910335,0.4526013168690015,medium,0.07696024210231811,landsat_gee,True
NSR-GRID-289,LC09_L2SP_176039_20250913_20250915_02_T1,2025-09-13,0.1084281805978619,0.39090567338077886,43.24523160953404,0.3948755107904076,medium,-0.28247749278291695,landsat_gee,True
NSR-GRID-290,LC09_L2SP_176039_20250913_20250915_02_T1,2025-09-13,-0.90254072897703,-0.795333960789562,42.234262699959146,0.33624607247437016,low,-0.107206768187468,landsat_gee,True
NSR-GRID-291,LC09_L2SP_176039_20250913_20250915_02_T1,2025-09-13,0.9516286014781272,0.43467019937268686,44.0884320304143,0.2854726715096151,low,0.5169584021054403,landsat_gee,True
NSR-GRID-292,LC09_L2SP_176039_20250913_20250915_02_T1,2025-09-13,-1.2550765835999371,-0.9173044723828058,41.88172684533624,0.26556265753442904,low,-0.33777211121713135,landsat_gee,True
NSR-GRID-293,LC09_L2SP_176039_20250913_20250915_02_T1,2025-09-13,1.2319815506129856,1.048181724167409,44.36878497954916,0.39287825410426913,medium,0.1837998264455767,landsat_gee,True
NSR-GRID-294,LC09_L2SP_176039_20250913_20250915_02_T1,2025-09-13,1.710182580088599,1.4664168045042154,44.846986009024775,0.33854573923048437,low,0.24376577558438361,landsat_gee,True
NSR-GRID-295,LC09_L2SP_176039_20250913_20250915_02_T1,2025-09-13,2.336539157248801,2.0181161489369335,45.47334258618498,0.24280313190273,low,0.3184230083118673,landsat_gee,True
NSR-GRID-296,LC09_L2SP_176039_20250913_20250915_02_T1,2025-09-13,1.6695396200795614,1.6568335018013725,44.80634304901574,0.23127069443364118,low,0.012706118278188905,landsat_gee,True
NSR-GRID-297,LC09_L2SP_176039_20250913_20250915_02_T1,2025-09-13,1.8268119074987224,1.5902887394609055,44.9636153364349,0.22991592922126947,low,0.2365231680378168,landsat_gee,True
NSR-GRID-298,LC09_L2SP_176039_20250913_20250915_02_T1,2025-09-13,1.8598311801351457,1.7038959694265854,44.99663460907132,0.23850679915313175,low,0.1559352107085603,landsat_gee,True
NSR-GRID-299,LC09_L2SP_176039_20250913_20250915_02_T1,2025-09-13,1.3362566314099311,1.304887228480439,44.47306006034611,0.22217655212588436,low,0.031369402929492196,landsat_gee,True
NSR-GRID-300,LC09_L2SP_176039_20250913_20250915_02_T1,2025-09-13,2.628727346190153,2.420720265374078,45.76553077512633,0.3956345866395635,medium,0.208007080816075,landsat_gee,True
NSR-GRID-302,LC09_L2SP_176039_20250913_20250915_02_T1,2025-09-13,3.2354412697573167,3.0712204756337718,46.37224469869349,0.34667010125086195,low,0.16422079412354496,landsat_gee,True
NSR-GRID-303,LC09_L2SP_176039_20250913_20250915_02_T1,2025-09-13,0.7163080404098849,1.037535054877852,43.85311146934606,0.24272241515133094,low,-0.321227014467967,landsat_gee,True
NSR-GRID-304,LC09_L2SP_176039_20250913_20250915_02_T1,2025-09-13,1.9379914975499872,1.8650928028846379,45.07479492648616,0.3637763159265181,medium,0.07289869466534937,landsat_gee,True
NSR-GRID-305,LC09_L2SP_176039_20250913_20250915_02_T1,2025-09-13,0.7737183453218393,0.8827172784865278,43.910521774258015,0.41137556778659856,medium,-0.10899893316468856,landsat_gee,True
NSR-GRID-306,LC09_L2SP_176039_20250913_20250915_02_T1,2025-09-13,-0.4049576904660981,-0.5029190943350502,42.73184573847008,0.3663505808735322,medium,0.09796140386895213,landsat_gee,True
NSR-GRID-307,LC09_L2SP_176039_20250913_20250915_02_T1,2025-09-13,1.7545738656665435,1.484104752571008,44.89137729460272,0.340139350825314,low,0.27046911309553545,landsat_gee,True
NSR-GRID-308,LC09_L2SP_176039_20250913_20250915_02_T1,2025-09-13,2.5782053534167986,1.9935418015768223,45.715008782352974,0.2921172143252053,low,0.5846635518399763,landsat_gee,True
NSR-GRID-309,LC09_L2SP_176039_20250913_20250915_02_T1,2025-09-13,2.4325478730712007,2.508611547221255,45.56935130200738,0.2730605236094276,low,-0.07606367415005444,landsat_gee,True
NSR-GRID-310,LC09_L2SP_176039_20250913_20250915_02_T1,2025-09-13,3.0623376160635445,2.9306162052453777,46.19914104499972,0.27807465154733374,low,0.1317214108181668,landsat_gee,True
NSR-GRID-311,LC09_L2SP_176039_20250913_20250915_02_T1,2025-09-13,3.263569081067267,3.0099156602412402,46.40037251000344,0.2986339545786821,low,0.2536534208260268,landsat_gee,True
NSR-GRID-312,LC09_L2SP_176039_20250913_20250915_02_T1,2025-09-13,2.3774024895224954,2.23619553701512,45.51420591845867,0.27218336575755225,low,0.14120695250737558,landsat_gee,True
NSR-GRID-313,LC09_L2SP_176039_20250913_20250915_02_T1,2025-09-13,2.011394215003712,1.9578092437935892,45.14819764393989,0.25866036543097226,low,0.05358497121012262,landsat_gee,True
NSR-GRID-314,LC09_L2SP_176039_20250913_20250915_02_T1,2025-09-13,1.502685319437873,1.5331509906777236,44.63948874837405,0.22745355303211753,low,-0.030465671239850556,landsat_gee,True
NSR-GRID-315,LC09_L2SP_176039_20250913_20250915_02_T1,2025-09-13,1.8216112217973477,1.8479569884512896,44.95841465073352,0.2551117425300792,low,-0.02634576665394195,landsat_gee,True
NSR-GRID-316,LC09_L2SP_176039_20250913_20250915_02_T1,2025-09-13,1.263493500500566,1.2040733204799983,44.40029692943674,0.2173555894029451,low,0.059420180020567814,landsat_gee,True
NSR-GRID-317,LC09_L2SP_176039_20250913_20250915_02_T1,2025-09-13,2.57962194124039,2.7017921385688712,45.716425370176566,0.3460701010705767,low,-0.12217019732848122,landsat_gee,True
NSR-GRID-318,LC09_L2SP_176039_20250913_20250915_02_T1,2025-09-13,0.8575781337057649,1.019123178872192,43.99438156264194,0.23648492095481338,low,-0.1615450451664271,landsat_gee,True
NSR-GRID-319,LC09_L2SP_176039_20250913_20250915_02_T1,2025-09-13,2.4633424321725244,2.2797630054821973,45.6001458611087,0.2892793132331751,low,0.183579426690327,landsat_gee,True
NSR-GRID-320,LC09_L2SP_176039_20250913_20250915_02_T1,2025-09-13,-0.0894650342733953,0.11183792010795998,43.04733839466278,0.3616179593640619,medium,-0.2013029543813553,landsat_gee,True
NSR-GRID-321,LC09_L2SP_176039_20250913_20250915_02_T1,2025-09-13,-0.4070896512459185,-0.6199006646617861,42.72971377769026,0.3486550484928195,low,0.21281101341586756,landsat_gee,True
NSR-GRID-322,LC09_L2SP_176039_20250913_20250915_02_T1,2025-09-13,2.2045871712374208,1.8136061335596205,45.3413906001736,0.33505882172165513,low,0.39098103767780024,landsat_gee,True
NSR-GRID-323,LC09_L2SP_176039_20250913_20250915_02_T1,2025-09-13,2.909732444958074,2.4493672119885024,46.04653587389425,0.32206931592803845,low,0.46036523296957155,landsat_gee,True
NSR-GRID-324,LC09_L2SP_176039_20250913_20250915_02_T1,2025-09-13,1.8305582505898168,1.6529286335732774,44.96736167952599,0.3021132380467974,low,0.17762961701653945,landsat_gee,True
NSR-GRID-325,LC09_L2SP_176039_20250913_20250915_02_T1,2025-09-13,2.5190035945286056,2.212854598648861,45.65580702346478,0.32064751792855556,low,0.30614899587974476,landsat_gee,True
NSR-GRID-326,LC09_L2SP_176039_20250913_20250915_02_T1,2025-09-13,3.1988393388450618,2.8608626500769945,46.33564276778124,0.282482895630633,low,0.3379766887680673,landsat_gee,True
NSR-GRID-327,LC09_L2SP_176039_20250913_20250915_02_T1,2025-09-13,2.968562888151496,2.4745039581818804,46.10536631708767,0.2760778681656238,low,0.4940589299696154,landsat_gee,True
NSR-GRID-328,LC09_L2SP_176039_20250913_20250915_02_T1,2025-09-13,2.2627879547440277,2.037880406273822,45.3995913836802,0.2668233393484993,low,0.22490754847020566,landsat_gee,True
NSR-GRID-329,LC09_L2SP_176039_20250913_20250915_02_T1,2025-09-13,2.213579538084737,1.9892437605518731,45.35038296702091,0.24108778280178325,low,0.22433577753286382,landsat_gee,True
NSR-GRID-330,LC09_L2SP_176039_20250913_20250915_02_T1,2025-09-13,1.147869161877246,1.4633452070460573,44.28467259081342,0.23443688118950512,low,-0.3154760451688112,landsat_gee,True
NSR-GRID-331,LC09_L2SP_176039_20250913_20250915_02_T1,2025-09-13,0.7530612810617114,0.9374488849323293,43.88986470999789,0.20930150907380776,low,-0.1843876038706178,landsat_gee,True
NSR-GRID-332,LC09_L2SP_176039_20250913_20250915_02_T1,2025-09-13,2.0106420284713025,2.3059902469260467,45.14744545740748,0.3147787801086021,low,-0.29534821845474424,landsat_gee,True
NSR-GRID-333,LC09_L2SP_176039_20250913_20250915_02_T1,2025-09-13,1.7167203439094436,1.3290260016222228,44.85352377284562,0.22339220461834597,low,0.3876943422872208,landsat_gee,True
NSR-GRID-334,LC09_L2SP_176039_20250913_20250915_02_T1,2025-09-13,2.337839834680836,2.1009036066250366,45.47464326361701,0.3514587092667429,medium,0.23693622805579917,landsat_gee,True
NSR-GRID-335,LC09_L2SP_176039_20250913_20250915_02_T1,2025-09-13,2.0092350564558856,1.922788073731411,45.14603848539206,0.32191879203491414,low,0.08644698272447471,landsat_gee,True
NSR-GRID-336,LC09_L2SP_176039_20250913_20250915_02_T1,2025-09-13,-0.5168635158934052,-0.7874858278429846,42.61993991304277,0.31447011521456747,low,0.2706223119495794,landsat_gee,True
NSR-GRID-337,LC09_L2SP_176039_20250913_20250915_02_T1,2025-09-13,1.301776999436136,1.2735479033545618,44.43858042837231,0.2792495299281269,low,0.02822909608157409,landsat_gee,True
NSR-GRID-338,LC09_L2SP_176039_20250913_20250915_02_T1,2025-09-13,1.9024610691101744,1.9199560252384897,45.03926449804635,0.2675535781175762,low,-0.01749495612831531,landsat_gee,True
NSR-GRID-339,LC09_L2SP_176039_20250913_20250915_02_T1,2025-09-13,1.6385862443093586,1.6094049730828317,44.775389673245535,0.27442391827058565,low,0.029181271226526917,landsat_gee,True
NSR-GRID-340,LC09_L2SP_176039_20250913_20250915_02_T1,2025-09-13,1.1879636513686125,1.318379699378258,44.32476708030479,0.2845750428165228,low,-0.13041604800964546,landsat_gee,True
NSR-GRID-341,LC09_L2SP_176039_20250913_20250915_02_T1,2025-09-13,0.3457739932831529,0.1901696162981396,43.48257742221933,0.29860023955637954,low,0.15560437698501328,landsat_gee,True
NSR-GRID-342,LC09_L2SP_176039_20250913_20250915_02_T1,2025-09-13,1.1882866815601147,1.377999231016774,44.32509011049629,0.3017065427721282,low,-0.18971254945665916,landsat_gee,True
NSR-GRID-343,LC09_L2SP_176039_20250913_20250915_02_T1,2025-09-13,0.8222572754190409,0.8777641412708366,43.95906070435522,0.2383424217240613,low,-0.05550686585179565,landsat_gee,True
NSR-GRID-344,LC09_L2SP_176039_20250913_20250915_02_T1,2025-09-13,0.867912419150457,0.907449554395046,44.00471584808663,0.24855336535152048,low,-0.03953713524458902,landsat_gee,True
NSR-GRID-345,LC09_L2SP_176039_20250913_20250915_02_T1,2025-09-13,-0.0306447973598125,0.3472202059288123,43.10615863157636,0.20785417371480547,low,-0.3778650032886248,landsat_gee,True
NSR-GRID-346,LC09_L2SP_176039_20250913_20250915_02_T1,2025-09-13,0.4943757615056512,0.8226523447280522,43.63117919044183,0.20589831256906407,low,-0.32827658322240094,landsat_gee,True
NSR-GRID-347,LC09_L2SP_176039_20250913_20250915_02_T1,2025-09-13,-1.073589996775418,-0.49774670421623374,42.06321343216076,0.1887560098687208,low,-0.5758432925591843,landsat_gee,True
NSR-GRID-348,LC09_L2SP_176039_20250913_20250915_02_T1,2025-09-13,0.9527050109612318,1.1135096872209433,44.08950843989741,0.25354139789845526,low,-0.1608046762597115,landsat_gee,True
NSR-GRID-349,LC09_L2SP_176039_20250913_20250915_02_T1,2025-09-13,0.0906498837178162,-0.12474689350339128,43.22745331265399,0.27225221775563685,low,0.21539677722120748,landsat_gee,True
NSR-GRID-350,LC09_L2SP_176039_20250913_20250915_02_T1,2025-09-13,1.9787527095088608,1.6322789261948396,45.11555613844504,0.33875930883456656,low,0.34647378331402123,landsat_gee,True
NSR-GRID-351,LC09_L2SP_176039_20250913_20250915_02_T1,2025-09-13,2.0722916661951203,1.6353515891291475,45.209095095131296,0.2680967420077208,low,0.4369400770659728,landsat_gee,True
NSR-GRID-352,LC09_L2SP_176039_20250913_20250915_02_T1,2025-09-13,-0.0354461107811445,-0.05703994812124553,43.10135731815503,0.25094103624889125,low,0.02159383734010103,landsat_gee,True
NSR-GRID-353,LC09_L2SP_176039_20250913_20250915_02_T1,2025-09-13,0.7142294929431543,0.9163715637309009,43.85103292187933,0.31481692340649714,low,-0.2021420707877466,landsat_gee,True
NSR-GRID-354,LC09_L2SP_176039_20250913_20250915_02_T1,2025-09-13,2.1151866184468275,2.1588535751564257,45.251990047383,0.3166593154425102,low,-0.04366695670959819,landsat_gee,True
NSR-GRID-355,LC09_L2SP_176039_20250913_20250915_02_T1,2025-09-13,1.5043214620016272,1.6742070341626165,44.6411248909378,0.2486954613036409,low,-0.16988557216098932,landsat_gee,True
NSR-GRID-356,LC09_L2SP_176039_20250913_20250915_02_T1,2025-09-13,2.0606613337475608,1.894229026800069,45.19746476268374,0.2732935846116506,low,0.16643230694749178,landsat_gee,True
NSR-GRID-357,LC09_L2SP_176039_20250913_20250915_02_T1,2025-09-13,2.2153844846178288,2.1540280207019094,45.352187913554005,0.279869354544965,low,0.061356463915919424,landsat_gee,True
NSR-GRID-358,LC09_L2SP_176039_20250913_20250915_02_T1,2025-09-13,1.8897482943635493,1.9995388833905403,45.026551723299725,0.34890510734792757,low,-0.10979058902699101,landsat_gee,True
NSR-GRID-359,LC09_L2SP_176039_20250913_20250915_02_T1,2025-09-13,1.218511185009234,1.55436719114084,44.35531461394541,0.3930798166184816,medium,-0.33585600613160604,landsat_gee,True
NSR-GRID-360,LC09_L2SP_176039_20250913_20250915_02_T1,2025-09-13,0.6148603400050519,1.1057114484667165,43.75166376894123,0.2851210031969718,low,-0.4908511084616647,landsat_gee,True
NSR-GRID-361,LC09_L2SP_176039_20250913_20250915_02_T1,2025-09-13,0.6562818175479421,0.8476645086603359,43.79308524648412,0.23413022367074263,low,-0.1913826911123938,landsat_gee,True
NSR-GRID-362,LC09_L2SP_176039_20250913_20250915_02_T1,2025-09-13,0.8391460720159145,0.9263335717687903,43.97594950095209,0.23080053372374554,low,-0.08718749975287576,landsat_gee,True
NSR-GRID-363,LC09_L2SP_176039_20250913_20250915_02_T1,2025-09-13,0.8841556650873628,1.0022788732755499,44.02095909402354,0.33384142860013777,low,-0.11812320818818711,landsat_gee,True
NSR-GRID-364,LC09_L2SP_176039_20250913_20250915_02_T1,2025-09-13,1.2686018019225145,0.9046206195924422,44.40540523085869,0.3673927642690493,medium,0.36398118233007226,landsat_gee,True
NSR-GRID-365,LC09_L2SP_176039_20250913_20250915_02_T1,2025-09-13,2.846477130138375,1.946644324279794,45.98328055907455,0.3058984014502766,low,0.8998328058585809,landsat_gee,True
NSR-GRID-366,LC09_L2SP_176039_20250913_20250915_02_T1,2025-09-13,2.2750485873620008,1.9179203573200414,45.41185201629818,0.24190041736422946,low,0.35712823004195937,landsat_gee,True
NSR-GRID-367,LC09_L2SP_176039_20250913_20250915_02_T1,2025-09-13,2.2272423004515858,2.0436492502219274,45.36404572938776,0.28405164294513086,low,0.18359305022965833,landsat_gee,True
NSR-GRID-368,LC09_L2SP_176039_20250913_20250915_02_T1,2025-09-13,3.145546529244754,2.9745519362658217,46.28234995818093,0.28788073187678836,low,0.1709945929789325,landsat_gee,True
NSR-GRID-369,LC09_L2SP_176039_20250913_20250915_02_T1,2025-09-13,2.9924616140346885,3.167935342403255,46.129265042970864,0.28865130302821745,low,-0.17547372836856656,landsat_gee,True
NSR-GRID-370,LC09_L2SP_176039_20250913_20250915_02_T1,2025-09-13,3.8053537771248154,3.6391622524480733,46.94215720606099,0.29269607188739394,low,0.16619152467674203,landsat_gee,True
NSR-GRID-371,LC09_L2SP_176039_20250913_20250915_02_T1,2025-09-13,1.9058360995327064,2.0555755431729454,45.04263952846888,0.2469146863700791,low,-0.14973944364023906,landsat_gee,True
NSR-GRID-372,LC09_L2SP_176039_20250913_20250915_02_T1,2025-09-13,2.336837064739946,2.252002831120657,45.47364049367612,0.31420629370649517,low,0.0848342336192891,landsat_gee,True
NSR-GRID-373,LC09_L2SP_176039_20250913_20250915_02_T1,2025-09-13,2.2969511091364296,2.6136982228116232,45.433754538072606,0.30965082102894254,low,-0.3167471136751936,landsat_gee,True
NSR-GRID-374,LC09_L2SP_176039_20250913_20250915_02_T1,2025-09-13,1.0226230841595267,1.3090906903976098,44.1594265130957,0.23309967706239432,low,-0.2864676062380831,landsat_gee,True
NSR-GRID-375,LC09_L2SP_176039_20250913_20250915_02_T1,2025-09-13,0.897586650458301,1.1514736415220168,44.03439007939448,0.21577999919683297,low,-0.2538869910637158,landsat_gee,True
NSR-GRID-376,LC09_L2SP_176039_20250913_20250915_02_T1,2025-09-13,0.2553041121183454,0.5931431492224903,43.39210754105452,0.26197455457065977,low,-0.3378390371041449,landsat_gee,True
NSR-GRID-377,LC09_L2SP_176039_20250913_20250915_02_T1,2025-09-13,1.8522459264484328,1.353252298967221,44.98904935538461,0.28515474064905244,low,0.4989936274812117,landsat_gee,True
NSR-GRID-378,LC09_L2SP_176039_20250913_20250915_02_T1,2025-09-13,2.868702901432208,2.6941331592159616,46.005506330368384,0.26637533278072956,low,0.17456974221624622,landsat_gee,True
NSR-GRID-379,LC09_L2SP_176039_20250913_20250915_02_T1,2025-09-13,0.6365958883821676,0.9312833352675426,43.77339931731834,0.28393571682998414,low,-0.29468744688537496,landsat_gee,True
NSR-GRID-380,LC09_L2SP_176039_20250913_20250915_02_T1,2025-09-13,1.5764363892209374,1.4902598111540413,44.71323981815711,0.22617670643563786,low,0.08617657806689616,landsat_gee,True
NSR-GRID-381,LC09_L2SP_176039_20250913_20250915_02_T1,2025-09-13,3.563565177935537,3.461480038537708,46.70036860687171,0.28554639496592754,low,0.10208513939782904,landsat_gee,True
NSR-GRID-382,LC09_L2SP_176039_20250913_20250915_02_T1,2025-09-13,3.969647564345735,4.089737835675151,47.10645099328191,0.30454934242520587,low,-0.12009027132941563,landsat_gee,True
NSR-GRID-383,LC09_L2SP_176039_20250913_20250915_02_T1,2025-09-13,2.213288049681786,1.930489918611814,45.35009147861796,0.257731125656321,low,0.2827981310699721,landsat_gee,True
NSR-GRID-384,LC09_L2SP_176039_20250913_20250915_02_T1,2025-09-13,0.86424877066748,1.232530121489915,44.001052199603656,0.2223942721171227,low,-0.36828135082243496,landsat_gee,True
NSR-GRID-385,LC09_L2SP_176039_20250913_20250915_02_T1,2025-09-13,3.6164119543971855,3.721570930331857,46.75321538333336,0.29772697263925274,low,-0.1051589759346716,landsat_gee,True
NSR-GRID-386,LC09_L2SP_176039_20250913_20250915_02_T1,2025-09-13,3.094256418092904,3.02761931859834,46.23105984702908,0.2724541125770866,low,0.06663709949456376,landsat_gee,True
NSR-GRID-387,LC09_L2SP_176039_20250913_20250915_02_T1,2025-09-13,2.842793288432617,2.7769918658775246,45.97959671736879,0.26486966023369823,low,0.06580142255509225,landsat_gee,True
NSR-GRID-388,LC09_L2SP_176039_20250913_20250915_02_T1,2025-09-13,2.329293808026442,2.6323598183276515,45.46609723696262,0.27487652914820593,low,-0.3030660103012095,landsat_gee,True
NSR-GRID-389,LC09_L2SP_176039_20250913_20250915_02_T1,2025-09-13,1.6832412051319563,1.7757786193913416,44.82004463406813,0.25948627659602536,low,-0.09253741425938533,landsat_gee,True
NSR-GRID-390,LC09_L2SP_176039_20250913_20250915_02_T1,2025-09-13,1.3329215498903508,1.2507001872874541,44.46972497882653,0.2188790572764887,low,0.0822213626028967,landsat_gee,True
NSR-GRID-391,LC09_L2SP_176039_20250913_20250915_02_T1,2025-09-13,0.9564581307106864,0.891104208794515,44.09326155964686,0.20852504437768427,low,0.0653539219161714,landsat_gee,True
NSR-GRID-392,LC09_L2SP_176039_20250913_20250915_02_T1,2025-09-13,1.2200520540959232,1.3215653152441873,44.3568554830321,0.23970339933545212,low,-0.10151326114826409,landsat_gee,True
NSR-GRID-393,LC09_L2SP_176039_20250913_20250915_02_T1,2025-09-13,2.7104972008456656,3.1506723414090776,45.84730062978184,0.280145792261188,low,-0.440175140563412,landsat_gee,True
NSR-GRID-394,LC09_L2SP_176039_20250913_20250915_02_T1,2025-09-13,3.2194771438011287,3.398534867404237,46.356280572737305,0.29830553898053574,low,-0.17905772360310834,landsat_gee,True
NSR-GRID-395,LC09_L2SP_176039_20250913_20250915_02_T1,2025-09-13,3.7892263599331457,3.7747145885660913,46.92602978886932,0.3096427100544616,low,0.014511771367054394,landsat_gee,True
NSR-GRID-396,LC09_L2SP_176039_20250913_20250915_02_T1,2025-09-13,2.4699778780804067,2.5623052303749767,45.60678130701658,0.29093654445425904,low,-0.09232735229457001,landsat_gee,True
NSR-GRID-397,LC09_L2SP_176039_20250913_20250915_02_T1,2025-09-13,1.5832549009737065,1.6144891078313812,44.72005832990988,0.2596754285906094,low,-0.03123420685767475,landsat_gee,True
NSR-GRID-398,LC09_L2SP_176039_20250913_20250915_02_T1,2025-09-13,2.9346885047021374,3.116914901312359,46.07149193363831,0.2790219496761437,low,-0.18222639661022155,landsat_gee,True
NSR-GRID-399,LC09_L2SP_176039_20250913_20250915_02_T1,2025-09-13,1.0779365244979076,1.1862094742389482,44.21473995343408,0.2238414966627764,low,-0.10827294974104062,landsat_gee,True
NSR-GRID-400,LC09_L2SP_176039_20250913_20250915_02_T1,2025-09-13,-0.3584709498722631,0.2334962279562457,42.77833247906391,0.18826156385357398,low,-0.5919671778285087,landsat_gee,True
NSR-GRID-401,LC09_L2SP_176039_20250913_20250915_02_T1,2025-09-13,2.922022560935176,3.2013831941723327,46.05882598987135,0.27768949740299087,low,-0.27936063323715654,landsat_gee,True
NSR-GRID-402,LC09_L2SP_176039_20250913_20250915_02_T1,2025-09-13,3.217869284597761,3.531734775237484,46.35467271353394,0.287668620904147,low,-0.31386549063972335,landsat_gee,True
NSR-GRID-403,LC09_L2SP_176039_20250913_20250915_02_T1,2025-09-13,3.210193155464971,3.0350411592125544,46.34699658440115,0.27266470622461925,low,0.17515199625241662,landsat_gee,True
NSR-GRID-404,LC09_L2SP_176039_20250913_20250915_02_T1,2025-09-13,1.141042956245606,1.51487882526541,44.27784638518178,0.22674427314132,low,-0.37383586901980403,landsat_gee,True
NSR-GRID-405,LC09_L2SP_176039_20250913_20250915_02_T1,2025-09-13,2.370244246148083,2.7950646979203344,45.50704767508426,0.26541559684580507,low,-0.4248204517722516,landsat_gee,True
NSR-GRID-406,LC09_L2SP_176039_20250913_20250915_02_T1,2025-09-13,-0.6974446398192526,-0.2089731880916886,42.43935878911692,0.1877889827939066,low,-0.488471451727564,landsat_gee,True
NSR-GRID-407,LC09_L2SP_176039_20250913_20250915_02_T1,2025-09-13,0.6294099909551534,0.9718198823035133,43.76621341989133,0.2401421862657562,low,-0.34240989134836,landsat_gee,True
NSR-GRID-408,LC09_L2SP_176039_20250913_20250915_02_T1,2025-09-13,2.1932438813680832,2.2616629811616926,45.33004731030426,0.24930281908914748,low,-0.06841909979360938,landsat_gee,True
NSR-GRID-409,LC09_L2SP_176039_20250913_20250915_02_T1,2025-09-13,1.454944057337947,1.6929190807872254,44.59174748627412,0.2740782964603185,low,-0.23797502344927834,landsat_gee,True
NSR-GRID-410,LC09_L2SP_176039_20250913_20250915_02_T1,2025-09-13,1.2253636043526015,1.283315767065892,44.36216703328878,0.22012387937939604,low,-0.0579521627132904,landsat_gee,True
NSR-GRID-411,LC09_L2SP_176039_20250913_20250915_02_T1,2025-09-13,1.7232721653652805,2.0951536394998884,44.860075594301456,0.24845994625405698,low,-0.3718814741346079,landsat_gee,True
NSR-GRID-413,LC09_L2SP_176039_20250913_20250915_02_T1,2025-09-13,1.1360955023925712,1.0883683860082753,44.27289893132875,0.24517441732150538,low,0.04772711638429583,landsat_gee,True
NSR-GRID-414,LC09_L2SP_176039_20250913_20250915_02_T1,2025-09-13,0.8261177805300335,1.2418760273308347,43.96292120946621,0.23537895012490626,low,-0.4157582468008012,landsat_gee,True
NSR-GRID-415,LC09_L2SP_176039_20250913_20250915_02_T1,2025-09-13,1.5476373690408425,1.9287533634928107,44.68444079797702,0.2392464234795703,low,-0.3811159944519682,landsat_gee,True
NSR-GRID-416,LC09_L2SP_176039_20250913_20250915_02_T1,2025-09-13,1.8179310546809968,2.025045960789744,44.95473448361717,0.24227465781671736,low,-0.2071149061087474,landsat_gee,True
NSR-GRID-001,LC08_L2SP_176039_20250905_20250912_02_T1,2025-09-05,-3.094008780491599,-3.2591470546201258,41.08820231342322,0.3665144477966823,medium,0.16513827412852677,landsat_gee,True
NSR-GRID-002,LC08_L2SP_176039_20250905_20250912_02_T1,2025-09-05,-2.987030364264669,-3.1321795049772536,41.19518072965015,0.3568225720854396,medium,0.14514914071258467,landsat_gee,True
NSR-GRID-003,LC08_L2SP_176039_20250905_20250912_02_T1,2025-09-05,-2.855548469346175,-3.2329067881064897,41.32666262456864,0.3061924958211577,low,0.37735831876031467,landsat_gee,True
NSR-GRID-004,LC08_L2SP_176039_20250905_20250912_02_T1,2025-09-05,-1.7208752607105282,-2.0410638731232185,42.46133583320429,0.30209153019852686,low,0.32018861241269025,landsat_gee,True
NSR-GRID-006,LC08_L2SP_176039_20250905_20250912_02_T1,2025-09-05,-1.9631358271793573,-2.4681954450815176,42.21907526673546,0.409361871791852,medium,0.5050596179021603,landsat_gee,True
NSR-GRID-007,LC08_L2SP_176039_20250905_20250912_02_T1,2025-09-05,-1.884765908847676,-2.423480918459531,42.29744518506714,0.36863479192312876,medium,0.5387150096118551,landsat_gee,True
NSR-GRID-008,LC08_L2SP_176039_20250905_20250912_02_T1,2025-09-05,-3.0348416216212257,-3.2270194257398566,41.14736947229359,0.3682421168816912,medium,0.19217780411863084,landsat_gee,True
NSR-GRID-009,LC08_L2SP_176039_20250905_20250912_02_T1,2025-09-05,-3.253477027654199,-3.5229249741755253,40.92873406626062,0.37479745387535524,medium,0.2694479465213262,landsat_gee,True
NSR-GRID-010,LC08_L2SP_176039_20250905_20250912_02_T1,2025-09-05,0.1014277087457458,-0.3243015757070831,44.28363880266056,0.35384805491366406,medium,0.4257292844528289,landsat_gee,True
NSR-GRID-011,LC08_L2SP_176039_20250905_20250912_02_T1,2025-09-05,-3.057703752156677,-3.033509546292274,41.12450734175814,0.34984576258237393,low,-0.024194205864402907,landsat_gee,True
NSR-GRID-012,LC08_L2SP_176039_20250905_20250912_02_T1,2025-09-05,-0.3222372480280953,-0.46221889205051464,43.85997384588672,0.35284848637559646,medium,0.13998164402241936,landsat_gee,True
NSR-GRID-013,LC08_L2SP_176039_20250905_20250912_02_T1,2025-09-05,0.0,-0.1501648806610226,44.182211093914816,0.3483830617305588,low,0.1501648806610226,landsat_gee,True
NSR-GRID-014,LC08_L2SP_176039_20250905_20250912_02_T1,2025-09-05,2.437115275804807,2.9277504892454336,46.61932636971962,0.3581493492037324,medium,-0.49063521344062666,landsat_gee,True
NSR-GRID-015,LC08_L2SP_176039_20250905_20250912_02_T1,2025-09-05,1.2144803057389095,1.5778718285999285,45.396691399653726,0.2819073091380423,low,-0.36339152286101895,landsat_gee,True
NSR-GRID-016,LC08_L2SP_176039_20250905_20250912_02_T1,2025-09-05,0.0324952221051972,-0.429979831159388,44.21470631602001,0.2660507811417591,low,0.46247505326458516,landsat_gee,True
NSR-GRID-017,LC08_L2SP_176039_20250905_20250912_02_T1,2025-09-05,-1.0995912937070145,-0.5552673722594859,43.0826198002078,0.28491683233699916,low,-0.5443239214475286,landsat_gee,True
NSR-GRID-018,LC08_L2SP_176039_20250905_20250912_02_T1,2025-09-05,1.8714614036166568,2.1116379059732853,46.05367249753147,0.3193886293850731,low,-0.24017650235662846,landsat_gee,True
NSR-GRID-019,LC08_L2SP_176039_20250905_20250912_02_T1,2025-09-05,0.1500227136216807,-0.19134651081037232,44.3322338075365,0.340693783425841,low,0.34136922443205303,landsat_gee,True
NSR-GRID-020,LC08_L2SP_176039_20250905_20250912_02_T1,2025-09-05,2.310342490601336,2.3888235538529674,46.49255358451615,0.2691601772766535,low,-0.07848106325163151,landsat_gee,True
NSR-GRID-021,LC08_L2SP_176039_20250905_20250912_02_T1,2025-09-05,0.9864838636106584,0.4449569491972065,45.168694957525474,0.2794862393347439,low,0.5415269144134519,landsat_gee,True
NSR-GRID-022,LC08_L2SP_176039_20250905_20250912_02_T1,2025-09-05,0.8280152462251991,0.8284017690047716,45.010226340140015,0.29007786557261767,low,-0.0003865227795725179,landsat_gee,True
NSR-GRID-024,LC08_L2SP_176039_20250905_20250912_02_T1,2025-09-05,-0.3816564653436032,-1.0912545366429791,43.80055462857121,0.3721860239809861,medium,0.7095980712993759,landsat_gee,True
NSR-GRID-025,LC08_L2SP_176039_20250905_20250912_02_T1,2025-09-05,-0.3860062439365492,-0.683892306366724,43.79620484997827,0.3641866458318928,medium,0.29788606243017485,landsat_gee,True
NSR-GRID-026,LC08_L2SP_176039_20250905_20250912_02_T1,2025-09-05,-0.7853435114593736,-1.4353478886504456,43.39686758245544,0.3064261220360384,low,0.650004377191072,landsat_gee,True
NSR-GRID-027,LC08_L2SP_176039_20250905_20250912_02_T1,2025-09-05,-1.299278438395362,-1.7714216522564004,42.882932655519454,0.359147729392413,medium,0.4721432138610384,landsat_gee,True
NSR-GRID-028,LC08_L2SP_176039_20250905_20250912_02_T1,2025-09-05,-2.219928472271505,-2.6234982564130815,41.96228262164331,0.3726015030933649,medium,0.4035697841415766,landsat_gee,True
NSR-GRID-029,LC08_L2SP_176039_20250905_20250912_02_T1,2025-09-05,-1.5704990798891745,-1.5549804731564152,42.61171201402564,0.36884475583533055,medium,-0.015518606732759288,landsat_gee,True
NSR-GRID-030,LC08_L2SP_176039_20250905_20250912_02_T1,2025-09-05,-1.0979232168112034,-1.1745923324250864,43.08428787710361,0.3487531270649732,low,0.07666911561388301,landsat_gee,True
NSR-GRID-031,LC08_L2SP_176039_20250905_20250912_02_T1,2025-09-05,0.7103670202058154,0.4214492965201727,44.89257811412063,0.32936759841705837,low,0.2889177236856427,landsat_gee,True
NSR-GRID-032,LC08_L2SP_176039_20250905_20250912_02_T1,2025-09-05,1.06537099855624,0.9213142126119535,45.247582092471056,0.38037611866534105,medium,0.1440567859442866,landsat_gee,True
NSR-GRID-033,LC08_L2SP_176039_20250905_20250912_02_T1,2025-09-05,2.991356573365316,3.3406444302924094,47.17356766728013,0.3332605611432393,low,-0.34928785692709363,landsat_gee,True
NSR-GRID-034,LC08_L2SP_176039_20250905_20250912_02_T1,2025-09-05,0.6677568511012666,1.683029297848823,44.84996794501608,0.316602814527647,low,-1.0152724467475565,landsat_gee,True
NSR-GRID-035,LC08_L2SP_176039_20250905_20250912_02_T1,2025-09-05,1.5947830517880348,2.5052103566522086,45.77699414570285,0.31505771127205784,low,-0.9104273048641738,landsat_gee,True
NSR-GRID-036,LC08_L2SP_176039_20250905_20250912_02_T1,2025-09-05,1.9365787965325865,2.7440475822483292,46.1187898904474,0.3193132103998932,low,-0.8074687857157428,landsat_gee,True
NSR-GRID-037,LC08_L2SP_176039_20250905_20250912_02_T1,2025-09-05,1.0966691702799736,1.9312136303312553,45.27888026419479,0.33583096207742946,low,-0.8345444600512817,landsat_gee,True
NSR-GRID-038,LC08_L2SP_176039_20250905_20250912_02_T1,2025-09-05,2.3642895381261653,2.835150246159466,46.54650063204098,0.37366523225110015,medium,-0.47086070803330093,landsat_gee,True
NSR-GRID-039,LC08_L2SP_176039_20250905_20250912_02_T1,2025-09-05,1.8952036192416983,1.7062232007680072,46.077414713156514,0.38857683916022795,medium,0.18898041847369118,landsat_gee,True
NSR-GRID-040,LC08_L2SP_176039_20250905_20250912_02_T1,2025-09-05,1.1835784396758342,1.391663103093828,45.36578953359065,0.39305629273524517,medium,-0.2080846634179938,landsat_gee,True
NSR-GRID-041,LC08_L2SP_176039_20250905_20250912_02_T1,2025-09-05,-1.233234560889258,-1.7118668643705182,42.94897653302556,0.3577964305414113,medium,0.47863230348126007,landsat_gee,True
NSR-GRID-042,LC08_L2SP_176039_20250905_20250912_02_T1,2025-09-05,1.513792982848024,1.7243621438261096,45.69600407676284,0.32092162237360955,low,-0.21056916097808553,landsat_gee,True
NSR-GRID-043,LC08_L2SP_176039_20250905_20250912_02_T1,2025-09-05,1.5917027981880807,1.7455012515738104,45.7739138921029,0.35365190779551936,medium,-0.15379845338572973,landsat_gee,True
NSR-GRID-044,LC08_L2SP_176039_20250905_20250912_02_T1,2025-09-05,-1.167368585134355,-1.044442926577706,43.01484250878046,0.4892235558420365,medium,-0.12292565855664894,landsat_gee,True
NSR-GRID-045,LC08_L2SP_176039_20250905_20250912_02_T1,2025-09-05,0.9308449832259668,1.3176845183190296,45.11305607714078,0.2631508909479524,low,-0.3868395350930628,landsat_gee,True
NSR-GRID-046,LC08_L2SP_176039_20250905_20250912_02_T1,2025-09-05,1.39808473770497,1.7061386392313875,45.580295831619786,0.35985322940933295,medium,-0.30805390152641743,landsat_gee,True
NSR-GRID-047,LC08_L2SP_176039_20250905_20250912_02_T1,2025-09-05,1.4145436790915298,1.4902420097916687,45.596754773006346,0.24070484297950256,low,-0.07569833070013887,landsat_gee,True
NSR-GRID-048,LC08_L2SP_176039_20250905_20250912_02_T1,2025-09-05,2.338598715698005,2.0112367033729317,46.52080980961282,0.40509733705224893,medium,0.32736201232507334,landsat_gee,True
NSR-GRID-049,LC08_L2SP_176039_20250905_20250912_02_T1,2025-09-05,0.8132644352174623,1.1607441970203236,44.99547552913228,0.23866900786569778,low,-0.34747976180286133,landsat_gee,True
NSR-GRID-050,LC08_L2SP_176039_20250905_20250912_02_T1,2025-09-05,1.456681215674834,1.7772608871876767,45.63889230958965,0.3744469351500831,medium,-0.3205796715128426,landsat_gee,True
NSR-GRID-051,LC08_L2SP_176039_20250905_20250912_02_T1,2025-09-05,-0.1036228288718845,0.30748611820156396,44.07858826504293,0.1990271186415318,low,-0.41110894707344847,landsat_gee,True
NSR-GRID-052,LC08_L2SP_176039_20250905_20250912_02_T1,2025-09-05,-2.608842388792312,-2.5581344982115457,41.573368705122505,0.3391667521839813,low,-0.05070789058076608,landsat_gee,True
NSR-GRID-053,LC08_L2SP_176039_20250905_20250912_02_T1,2025-09-05,-0.0181243979116487,0.4113116662219312,44.16408669600317,0.21244632327543017,low,-0.42943606413357993,landsat_gee,True
NSR-GRID-054,LC08_L2SP_176039_20250905_20250912_02_T1,2025-09-05,-2.6815883351824183,-2.812910248441795,41.5006227587324,0.35551783593488107,medium,0.1313219132593768,landsat_gee,True
NSR-GRID-055,LC08_L2SP_176039_20250905_20250912_02_T1,2025-09-05,-0.6702247326600528,-0.7578087274258631,43.51198636125476,0.335920553466426,low,0.08758399476581036,landsat_gee,True
NSR-GRID-056,LC08_L2SP_176039_20250905_20250912_02_T1,2025-09-05,0.4583384639967249,0.5842387333699245,44.64054955791154,0.3691055336127834,medium,-0.1259002693731996,landsat_gee,True
NSR-GRID-057,LC08_L2SP_176039_20250905_20250912_02_T1,2025-09-05,-0.589722617404675,-0.6620725839297412,43.59248847651014,0.3570371401215367,medium,0.0723499665250662,landsat_gee,True
NSR-GRID-058,LC08_L2SP_176039_20250905_20250912_02_T1,2025-09-05,-1.6871813222973486,-1.8678315607390843,42.49502977161747,0.34046217825638564,low,0.18065023844173567,landsat_gee,True
NSR-GRID-059,LC08_L2SP_176039_20250905_20250912_02_T1,2025-09-05,-1.212903105009147,-1.3383389563057424,42.96930798890567,0.34951621417141476,low,0.1254358512965954,landsat_gee,True
NSR-GRID-060,LC08_L2SP_176039_20250905_20250912_02_T1,2025-09-05,-1.0580834114118716,-0.9645709609207179,43.124127682502944,0.3686898263238214,medium,-0.09351245049115364,landsat_gee,True
NSR-GRID-061,LC08_L2SP_176039_20250905_20250912_02_T1,2025-09-05,1.231804698635223,1.4108050557401741,45.41401579255004,0.2946100943347975,low,-0.1790003571049512,landsat_gee,True
NSR-GRID-062,LC08_L2SP_176039_20250905_20250912_02_T1,2025-09-05,1.5714838800986968,1.201367077310517,45.75369497401351,0.3240923001956028,low,0.3701168027881798,landsat_gee,True
NSR-GRID-063,LC08_L2SP_176039_20250905_20250912_02_T1,2025-09-05,2.798093783069966,2.5193139540484517,46.98030487698478,0.36555865681553606,medium,0.2787798290215142,landsat_gee,True
NSR-GRID-064,LC08_L2SP_176039_20250905_20250912_02_T1,2025-09-05,1.469902424988355,1.5196271154585905,45.65211351890317,0.34921035894706665,low,-0.04972469047023553,landsat_gee,True
NSR-GRID-065,LC08_L2SP_176039_20250905_20250912_02_T1,2025-09-05,-1.2704687715536096,-0.9747519071571569,42.91174232236121,0.4086634191751917,medium,-0.2957168643964527,landsat_gee,True
NSR-GRID-066,LC08_L2SP_176039_20250905_20250912_02_T1,2025-09-05,2.0235001307626206,2.6804072337334723,46.20571122467744,0.3171815134731133,low,-0.6569071029708518,landsat_gee,True
NSR-GRID-067,LC08_L2SP_176039_20250905_20250912_02_T1,2025-09-05,2.039658409538632,2.2449017852324458,46.22186950345345,0.3286061445982755,low,-0.20524337569381368,landsat_gee,True
NSR-GRID-068,LC08_L2SP_176039_20250905_20250912_02_T1,2025-09-05,-1.185092317405875,-0.9977497805560946,42.99711877650894,0.48986683566866657,medium,-0.1873425368497803,landsat_gee,True
NSR-GRID-069,LC08_L2SP_176039_20250905_20250912_02_T1,2025-09-05,-0.6920185401485881,-0.2805248633674708,43.49019255376623,0.388992999596005,medium,-0.4114936767811173,landsat_gee,True
NSR-GRID-070,LC08_L2SP_176039_20250905_20250912_02_T1,2025-09-05,1.523294675646497,1.6103078482497588,45.70550576956131,0.33920846734426235,low,-0.08701317260326191,landsat_gee,True
NSR-GRID-071,LC08_L2SP_176039_20250905_20250912_02_T1,2025-09-05,1.3027021730537314,1.7698325152247494,45.48491326696855,0.33118232798513914,low,-0.467130342171018,landsat_gee,True
NSR-GRID-072,LC08_L2SP_176039_20250905_20250912_02_T1,2025-09-05,0.1966161037080951,1.2827132878249798,44.37882719762291,0.24411948925107768,low,-1.0860971841168847,landsat_gee,True
NSR-GRID-073,LC08_L2SP_176039_20250905_20250912_02_T1,2025-09-05,0.4482140407576551,1.16260337340593,44.63042513467247,0.2591103137931749,low,-0.7143893326482749,landsat_gee,True
NSR-GRID-074,LC08_L2SP_176039_20250905_20250912_02_T1,2025-09-05,0.0751344079758453,0.8486783506394894,44.25734550189066,0.22710020699793032,low,-0.7735439426636441,landsat_gee,True
NSR-GRID-075,LC08_L2SP_176039_20250905_20250912_02_T1,2025-09-05,0.2617387559851067,0.9863697761223869,44.44394984989992,0.25432486880161653,low,-0.7246310201372801,landsat_gee,True
NSR-GRID-076,LC08_L2SP_176039_20250905_20250912_02_T1,2025-09-05,0.0205320897153313,0.5591632728671446,44.20274318363015,0.23833708174924306,low,-0.5386311831518134,landsat_gee,True
NSR-GRID-077,LC08_L2SP_176039_20250905_20250912_02_T1,2025-09-05,-1.449426481749413,-0.9345860469591477,42.7327846121654,0.1680572789212631,low,-0.5148404347902652,landsat_gee,True
NSR-GRID-079,LC08_L2SP_176039_20250905_20250912_02_T1,2025-09-05,-0.2509274358548552,0.18796257816511955,43.93128365805996,0.22574167524432995,low,-0.43889001401997474,landsat_gee,True
NSR-GRID-080,LC08_L2SP_176039_20250905_20250912_02_T1,2025-09-05,-2.308474258761123,-2.6308910736819535,41.87373683515369,0.32421427705091016,low,0.3224168149208304,landsat_gee,True
NSR-GRID-081,LC08_L2SP_176039_20250905_20250912_02_T1,2025-09-05,-0.4464498084054753,0.028804066067191963,43.73576128550934,0.2289719687410147,low,-0.4752538744726673,landsat_gee,True
NSR-GRID-082,LC08_L2SP_176039_20250905_20250912_02_T1,2025-09-05,-0.5138974721077147,-0.6404595599541838,43.6683136218071,0.3828094412633506,medium,0.12656208784646905,landsat_gee,True
NSR-GRID-083,LC08_L2SP_176039_20250905_20250912_02_T1,2025-09-05,-0.1500854820156192,-0.014131064540543876,44.0321256118992,0.37338985275114406,medium,-0.1359544174750753,landsat_gee,True
NSR-GRID-084,LC08_L2SP_176039_20250905_20250912_02_T1,2025-09-05,1.2149348065995866,0.9773184243222687,45.3971459005144,0.3935064191444809,medium,0.23761638227731796,landsat_gee,True
NSR-GRID-085,LC08_L2SP_176039_20250905_20250912_02_T1,2025-09-05,-0.1897555031266335,-1.1166512577030345,43.99245559078818,0.3892999843447639,medium,0.926895754576401,landsat_gee,True
NSR-GRID-086,LC08_L2SP_176039_20250905_20250912_02_T1,2025-09-05,-0.7377448118105789,-1.145991814365725,43.44446628210424,0.3720131761703843,medium,0.4082470025551461,landsat_gee,True
NSR-GRID-087,LC08_L2SP_176039_20250905_20250912_02_T1,2025-09-05,-1.5924291355943296,-1.8417018698411352,42.589781958320486,0.35927968707886,medium,0.24927273424680552,landsat_gee,True
NSR-GRID-088,LC08_L2SP_176039_20250905_20250912_02_T1,2025-09-05,-0.0047108240241442,-0.2508446753761946,44.17750026989067,0.38355588892574743,medium,0.2461338513520504,landsat_gee,True
NSR-GRID-089,LC08_L2SP_176039_20250905_20250912_02_T1,2025-09-05,-1.0127312886368856,-1.160858984921158,43.16947980527793,0.32254029631975506,low,0.14812769628427236,landsat_gee,True
NSR-GRID-090,LC08_L2SP_176039_20250905_20250912_02_T1,2025-09-05,0.7169318301837748,0.6725641244253018,44.89914292409859,0.3245227993816862,low,0.04436770575847304,landsat_gee,True
NSR-GRID-091,LC08_L2SP_176039_20250905_20250912_02_T1,2025-09-05,1.478983548196922,1.4705799321002413,45.66119464211174,0.35223606969597127,medium,0.008403616096680722,landsat_gee,True
NSR-GRID-092,LC08_L2SP_176039_20250905_20250912_02_T1,2025-09-05,-1.5317991107165554,-1.5846653864968094,42.65041198319826,0.4226361000019298,medium,0.052866275780254046,landsat_gee,True
NSR-GRID-093,LC08_L2SP_176039_20250905_20250912_02_T1,2025-09-05,-0.4364424285287214,-0.2681753865065543,43.745768665386095,0.39316547045915173,medium,-0.16826704202216708,landsat_gee,True
NSR-GRID-094,LC08_L2SP_176039_20250905_20250912_02_T1,2025-09-05,-1.796935088438801,-1.4272094638811026,42.385276005476015,0.3991777909194467,medium,-0.3697256245576983,landsat_gee,True
NSR-GRID-095,LC08_L2SP_176039_20250905_20250912_02_T1,2025-09-05,-0.4138955032005071,-0.10054921261674028,43.76831559071431,0.3865019399970413,medium,-0.31334629058376684,landsat_gee,True
NSR-GRID-096,LC08_L2SP_176039_20250905_20250912_02_T1,2025-09-05,-0.8146781906500067,-0.7632362130940349,43.36753290326481,0.43990580034284343,medium,-0.051441977555971796,landsat_gee,True
NSR-GRID-097,LC08_L2SP_176039_20250905_20250912_02_T1,2025-09-05,-0.6856181355755666,-0.23464450304803744,43.49659295833925,0.3159524760732705,low,-0.4509736325275292,landsat_gee,True
NSR-GRID-098,LC08_L2SP_176039_20250905_20250912_02_T1,2025-09-05,-1.0397647805453758,-0.801100867184737,43.14244631336944,0.31688383443239565,low,-0.23866391336063875,landsat_gee,True
NSR-GRID-099,LC08_L2SP_176039_20250905_20250912_02_T1,2025-09-05,-1.9052963008667727,-0.9078088353194106,42.27691479304804,0.29021551970664783,low,-0.9974874655473621,landsat_gee,True
NSR-GRID-100,LC08_L2SP_176039_20250905_20250912_02_T1,2025-09-05,-2.354430717787885,-1.6213819856866225,41.82778037612693,0.19822909273051553,low,-0.7330487321012624,landsat_gee,True
NSR-GRID-101,LC08_L2SP_176039_20250905_20250912_02_T1,2025-09-05,-2.068782040234616,-1.4875803240692367,42.1134290536802,0.15795584655727277,low,-0.5812017161653795,landsat_gee,True
NSR-GRID-102,LC08_L2SP_176039_20250905_20250912_02_T1,2025-09-05,-0.34413212149596,0.34074828977434996,43.838078972418856,0.1921469900216156,low,-0.68488041127031,landsat_gee,True
NSR-GRID-103,LC08_L2SP_176039_20250905_20250912_02_T1,2025-09-05,-0.6951617284324172,0.27935274878397515,43.4870493654824,0.22873223685364094,low,-0.9745144772163923,landsat_gee,True
NSR-GRID-104,LC08_L2SP_176039_20250905_20250912_02_T1,2025-09-05,1.3007385877026962,1.3452030910468027,45.48294968161751,0.2390179923385233,low,-0.044464503344106454,landsat_gee,True
NSR-GRID-105,LC08_L2SP_176039_20250905_20250912_02_T1,2025-09-05,-1.916940177253736,-2.2361683270008017,42.26527091666108,0.3228236243039963,low,0.3192281497470657,landsat_gee,True
NSR-GRID-106,LC08_L2SP_176039_20250905_20250912_02_T1,2025-09-05,-0.6156719093612182,0.14176843231395803,43.5665391845536,0.21664134762105305,low,-0.7574403416751763,landsat_gee,True
NSR-GRID-107,LC08_L2SP_176039_20250905_20250912_02_T1,2025-09-05,-1.3737772583503445,-1.8790126797152173,42.80843383556447,0.39032298132202226,medium,0.5052354213648729,landsat_gee,True
NSR-GRID-108,LC08_L2SP_176039_20250905_20250912_02_T1,2025-09-05,-2.4108247213412,-2.4711888221434406,41.771386372573616,0.35557425609291365,medium,0.06036410080224064,landsat_gee,True
NSR-GRID-109,LC08_L2SP_176039_20250905_20250912_02_T1,2025-09-05,-3.0295643489687265,-3.2420206143316133,41.15264674494609,0.3663858337415513,medium,0.21245626536288675,landsat_gee,True
NSR-GRID-110,LC08_L2SP_176039_20250905_20250912_02_T1,2025-09-05,-2.529659160904693,-3.0048111240652973,41.65255193301012,0.36184158737476635,medium,0.4751519631606045,landsat_gee,True
NSR-GRID-111,LC08_L2SP_176039_20250905_20250912_02_T1,2025-09-05,-2.575825692011037,-3.01458876953519,41.60638540190378,0.3608044748379623,medium,0.4387630775241531,landsat_gee,True
NSR-GRID-112,LC08_L2SP_176039_20250905_20250912_02_T1,2025-09-05,-2.076153930536499,-2.196636707187946,42.10605716337832,0.41658131537210297,medium,0.12048277665144669,landsat_gee,True
NSR-GRID-113,LC08_L2SP_176039_20250905_20250912_02_T1,2025-09-05,-4.100739713138964,-3.8604219414925898,40.08147138077585,0.3370394807446247,low,-0.24031777164637402,landsat_gee,True
NSR-GRID-114,LC08_L2SP_176039_20250905_20250912_02_T1,2025-09-05,-3.570666561232649,-3.7484872200041477,40.61154453268217,0.3497826091747226,low,0.17782065877149877,landsat_gee,True
NSR-GRID-115,LC08_L2SP_176039_20250905_20250912_02_T1,2025-09-05,-1.5100642899466197,-1.802647578216698,42.6721468039682,0.3706708187917395,medium,0.2925832882700783,landsat_gee,True
NSR-GRID-116,LC08_L2SP_176039_20250905_20250912_02_T1,2025-09-05,0.9995661535102373,0.7285385411217977,45.18177724742505,0.3752132115662717,medium,0.27102761238843953,landsat_gee,True
NSR-GRID-117,LC08_L2SP_176039_20250905_20250912_02_T1,2025-09-05,1.6616876349970229,1.3797170226892053,45.84389872891184,0.30890298519139026,low,0.2819706123078176,landsat_gee,True
NSR-GRID-118,LC08_L2SP_176039_20250905_20250912_02_T1,2025-09-05,0.1710729263518828,0.20184693087905034,44.3532840202667,0.3183586151849822,low,-0.030774004527167553,landsat_gee,True
NSR-GRID-119,LC08_L2SP_176039_20250905_20250912_02_T1,2025-09-05,-3.7068656831500135,-3.667199414181667,40.4753454107648,0.47443501981488656,medium,-0.039666268968346685,landsat_gee,True
NSR-GRID-120,LC08_L2SP_176039_20250905_20250912_02_T1,2025-09-05,-3.4956416338296563,-3.491768467240219,40.68656946008516,0.49916866651954783,medium,-0.0038731665894373712,landsat_gee,True
NSR-GRID-121,LC08_L2SP_176039_20250905_20250912_02_T1,2025-09-05,-1.414678948004379,-1.2362626862614992,42.76753214591044,0.4492331397010924,medium,-0.17841626174287994,landsat_gee,True
NSR-GRID-122,LC08_L2SP_176039_20250905_20250912_02_T1,2025-09-05,-1.6681930321709189,-0.9403170391646469,42.5140180617439,0.34241122004845426,low,-0.7278759930062719,landsat_gee,True
NSR-GRID-123,LC08_L2SP_176039_20250905_20250912_02_T1,2025-09-05,-1.3812119699304048,-0.8802876493640657,42.80099912398441,0.35380224309894204,medium,-0.5009243205663392,landsat_gee,True
NSR-GRID-124,LC08_L2SP_176039_20250905_20250912_02_T1,2025-09-05,-1.1913621077564542,-1.0041108500212603,42.99084898615836,0.3277400979311431,low,-0.1872512577351939,landsat_gee,True
NSR-GRID-125,LC08_L2SP_176039_20250905_20250912_02_T1,2025-09-05,-2.2986255300380734,-1.831096541845783,41.88358556387674,0.18916133410813948,low,-0.4675289881922904,landsat_gee,True
NSR-GRID-126,LC08_L2SP_176039_20250905_20250912_02_T1,2025-09-05,-0.5885843594831073,0.4080922602138339,43.59362673443171,0.2150295382558472,low,-0.9966766196969412,landsat_gee,True
NSR-GRID-127,LC08_L2SP_176039_20250905_20250912_02_T1,2025-09-05,0.197212198626616,0.8182511940645611,44.37942329254143,0.21543232694956016,low,-0.6210389954379452,landsat_gee,True
NSR-GRID-128,LC08_L2SP_176039_20250905_20250912_02_T1,2025-09-05,-2.0789974869760286,-2.2870496861084546,42.10321360693879,0.23114784913281444,low,0.208052199132426,landsat_gee,True
NSR-GRID-129,LC08_L2SP_176039_20250905_20250912_02_T1,2025-09-05,-0.211588847310189,-0.14453736433175277,43.97062224660463,0.2278498793738653,low,-0.06705148297843624,landsat_gee,True
NSR-GRID-130,LC08_L2SP_176039_20250905_20250912_02_T1,2025-09-05,-1.6876863273887963,-2.012086942070945,42.49452476652602,0.3735177697194117,medium,0.32440061468214854,landsat_gee,True
NSR-GRID-131,LC08_L2SP_176039_20250905_20250912_02_T1,2025-09-05,-1.6707503235932109,-1.2697195166880537,42.511460770321605,0.18850996386127727,low,-0.40103080690515713,landsat_gee,True
NSR-GRID-132,LC08_L2SP_176039_20250905_20250912_02_T1,2025-09-05,-3.350822406520493,-3.448686472846051,40.83138868739432,0.3539011358485976,medium,0.09786406632555833,landsat_gee,True
NSR-GRID-133,LC08_L2SP_176039_20250905_20250912_02_T1,2025-09-05,-3.349157424882513,-3.3679956560600366,40.8330536690323,0.36620506067541625,medium,0.01883823117752348,landsat_gee,True
NSR-GRID-134,LC08_L2SP_176039_20250905_20250912_02_T1,2025-09-05,-3.125845640002112,-2.9257711407288216,41.056365453912704,0.3606492500308937,medium,-0.20007449927329057,landsat_gee,True
NSR-GRID-135,LC08_L2SP_176039_20250905_20250912_02_T1,2025-09-05,-2.846468677887948,-3.104162095412899,41.33574241602687,0.34468335558713664,low,0.2576934175249508,landsat_gee,True
NSR-GRID-136,LC08_L2SP_176039_20250905_20250912_02_T1,2025-09-05,-2.868478559981199,-2.8674789454839242,41.31373253393362,0.24727386036127624,low,-0.0009996144972745924,landsat_gee,True
NSR-GRID-137,LC08_L2SP_176039_20250905_20250912_02_T1,2025-09-05,-3.697656058153214,-3.4993618620151645,40.4845550357616,0.3434852233861381,low,-0.19829419613804955,landsat_gee,True
NSR-GRID-138,LC08_L2SP_176039_20250905_20250912_02_T1,2025-09-05,-3.4930483173053237,-3.7601150899748106,40.68916277660949,0.3372340281703445,low,0.26706677266948686,landsat_gee,True
NSR-GRID-139,LC08_L2SP_176039_20250905_20250912_02_T1,2025-09-05,-1.4963965962075392,-1.8554089688842748,42.68581449770728,0.38997653636604757,medium,0.3590123726767356,landsat_gee,True
NSR-GRID-140,LC08_L2SP_176039_20250905_20250912_02_T1,2025-09-05,2.5483276729485453,2.420332225831861,46.73053876686336,0.28384785891393705,low,0.12799544711668442,landsat_gee,True
NSR-GRID-141,LC08_L2SP_176039_20250905_20250912_02_T1,2025-09-05,2.9005522349013475,2.6342051815297087,47.08276332881616,0.2609541391255123,low,0.2663470533716388,landsat_gee,True
NSR-GRID-142,LC08_L2SP_176039_20250905_20250912_02_T1,2025-09-05,-0.656820647582876,-0.24837959736615142,43.52539044633194,0.3160595247039328,low,-0.4084410502167245,landsat_gee,True
NSR-GRID-143,LC08_L2SP_176039_20250905_20250912_02_T1,2025-09-05,-2.304730386836823,-2.0895698366062896,41.87748070707799,0.43013061314645645,medium,-0.2151605502305336,landsat_gee,True
NSR-GRID-144,LC08_L2SP_176039_20250905_20250912_02_T1,2025-09-05,-3.623445116198504,-3.5215026895647266,40.55876597771631,0.4754000976652361,medium,-0.1019424266337774,landsat_gee,True
NSR-GRID-145,LC08_L2SP_176039_20250905_20250912_02_T1,2025-09-05,-1.966765783677644,-1.771564219536255,42.21544531023717,0.4276081762049042,medium,-0.1952015641413889,landsat_gee,True
NSR-GRID-146,LC08_L2SP_176039_20250905_20250912_02_T1,2025-09-05,-1.3890991411542402,-0.9372337665808568,42.793111952760576,0.3269948513805322,low,-0.4518653745733834,landsat_gee,True
NSR-GRID-147,LC08_L2SP_176039_20250905_20250912_02_T1,2025-09-05,-1.5457993753195396,-0.7830416845249704,42.63641171859528,0.33444145802777125,low,-0.7627576907945692,landsat_gee,True
NSR-GRID-148,LC08_L2SP_176039_20250905_20250912_02_T1,2025-09-05,-1.4955974177258111,-0.7559317609856238,42.686613676189005,0.29536252699625576,low,-0.7396656567401874,landsat_gee,True
NSR-GRID-149,LC08_L2SP_176039_20250905_20250912_02_T1,2025-09-05,-2.81492067261496,-2.1255606396633313,41.367290421299856,0.3163316961823534,low,-0.6893600329516287,landsat_gee,True
NSR-GRID-150,LC08_L2SP_176039_20250905_20250912_02_T1,2025-09-05,-3.402357066144468,-2.6512346289094246,40.77985402777035,0.24467918564483324,low,-0.7511224372350433,landsat_gee,True
NSR-GRID-151,LC08_L2SP_176039_20250905_20250912_02_T1,2025-09-05,-1.265657536977713,-0.9699249380113873,42.9165535569371,0.20135405618275543,low,-0.29573259896632564,landsat_gee,True
NSR-GRID-152,LC08_L2SP_176039_20250905_20250912_02_T1,2025-09-05,-1.2038108622506911,-1.5994595589007863,42.978400231664125,0.3655389107392059,medium,0.39564869665009517,landsat_gee,True
NSR-GRID-153,LC08_L2SP_176039_20250905_20250912_02_T1,2025-09-05,-3.01399382228535,-3.045265360929492,41.168217271629466,0.37500065732802007,medium,0.031271538644142005,landsat_gee,True
NSR-GRID-154,LC08_L2SP_176039_20250905_20250912_02_T1,2025-09-05,-3.5766102638194965,-3.255050845188546,40.60560083009532,0.3574890190868899,medium,-0.3215594186309505,landsat_gee,True
NSR-GRID-155,LC08_L2SP_176039_20250905_20250912_02_T1,2025-09-05,-4.441196564057229,-3.9254939307551924,39.74101452985759,0.3514913948150927,medium,-0.5157026333020367,landsat_gee,True
NSR-GRID-156,LC08_L2SP_176039_20250905_20250912_02_T1,2025-09-05,-4.051914475761159,-3.9873802123260242,40.13029661815366,0.34041778946428625,low,-0.06453426343513513,landsat_gee,True
NSR-GRID-157,LC08_L2SP_176039_20250905_20250912_02_T1,2025-09-05,-3.805110020436096,-3.4864954554281873,40.37710107347872,0.32114187214039136,low,-0.31861456500790863,landsat_gee,True
NSR-GRID-158,LC08_L2SP_176039_20250905_20250912_02_T1,2025-09-05,-4.033701246529773,-3.9772782498396504,40.14850984738504,0.3456320044703594,low,-0.05642299669012285,landsat_gee,True
NSR-GRID-159,LC08_L2SP_176039_20250905_20250912_02_T1,2025-09-05,-3.3881694166816274,-3.6345008273831003,40.79404167723319,0.3582134794295553,medium,0.2463314107014729,landsat_gee,True
NSR-GRID-160,LC08_L2SP_176039_20250905_20250912_02_T1,2025-09-05,-2.146141533649235,-2.648606665348872,42.03606956026558,0.4103592366413528,medium,0.5024651316996369,landsat_gee,True
NSR-GRID-161,LC08_L2SP_176039_20250905_20250912_02_T1,2025-09-05,-0.7674879061144395,-1.0620100207578946,43.41472318780038,0.3794760121463817,medium,0.2945221146434551,landsat_gee,True
NSR-GRID-162,LC08_L2SP_176039_20250905_20250912_02_T1,2025-09-05,0.0617657624770657,-0.2690930844929844,44.24397685639188,0.340798639725266,low,0.33085884697005014,landsat_gee,True
NSR-GRID-163,LC08_L2SP_176039_20250905_20250912_02_T1,2025-09-05,-0.6589184394660279,-0.8621754758616741,43.52329265444879,0.3881737170179075,medium,0.20325703639564618,landsat_gee,True
NSR-GRID-164,LC08_L2SP_176039_20250905_20250912_02_T1,2025-09-05,-2.0901491458229278,-1.8351791944026898,42.09206194809189,0.377879438950434,medium,-0.25496995142023793,landsat_gee,True
NSR-GRID-165,LC08_L2SP_176039_20250905_20250912_02_T1,2025-09-05,-3.4264131948660435,-3.2738496906528787,40.75579789904877,0.48487146356058164,medium,-0.15256350421316478,landsat_gee,True
NSR-GRID-166,LC08_L2SP_176039_20250905_20250912_02_T1,2025-09-05,-2.0005595525066298,-1.631145096202207,42.181651541408186,0.4459583785233644,medium,-0.3694144563044228,landsat_gee,True
NSR-GRID-167,LC08_L2SP_176039_20250905_20250912_02_T1,2025-09-05,-1.3427649813902391,-0.9198293822621961,42.83944611252458,0.35540612255131626,medium,-0.422935599128043,landsat_gee,True
NSR-GRID-168,LC08_L2SP_176039_20250905_20250912_02_T1,2025-09-05,-1.325292017212334,-0.908176393828787,42.85691907670248,0.34416479492125174,low,-0.4171156233835469,landsat_gee,True
NSR-GRID-169,LC08_L2SP_176039_20250905_20250912_02_T1,2025-09-05,-1.5802179498833766,-1.0603529986509064,42.60199314403144,0.3206933553435309,low,-0.5198649512324702,landsat_gee,True
NSR-GRID-170,LC08_L2SP_176039_20250905_20250912_02_T1,2025-09-05,-1.715671416676038,-1.2127456039502147,42.46653967723878,0.27089982307672744,low,-0.5029258127258234,landsat_gee,True
NSR-GRID-171,LC08_L2SP_176039_20250905_20250912_02_T1,2025-09-05,-1.2879172221383897,-0.8268243337087637,42.894293871776426,0.2038348691191548,low,-0.4610928884296259,landsat_gee,True
NSR-GRID-172,LC08_L2SP_176039_20250905_20250912_02_T1,2025-09-05,-0.4448680419996904,-0.4185179014608416,43.737343051915126,0.17065432026625293,low,-0.026350140538848765,landsat_gee,True
NSR-GRID-173,LC08_L2SP_176039_20250905_20250912_02_T1,2025-09-05,0.2098127127226732,0.6057593925081457,44.39202380663749,0.23256792419908826,low,-0.3959466797854725,landsat_gee,True
NSR-GRID-174,LC08_L2SP_176039_20250905_20250912_02_T1,2025-09-05,-0.3054614791895602,-0.8319688281474384,43.876749614725256,0.32334356836126454,low,0.5265073489578782,landsat_gee,True
NSR-GRID-175,LC08_L2SP_176039_20250905_20250912_02_T1,2025-09-05,-3.363492078369489,-3.2550322745683573,40.81871901554533,0.3517801650119975,medium,-0.10845980380113174,landsat_gee,True
NSR-GRID-176,LC08_L2SP_176039_20250905_20250912_02_T1,2025-09-05,-3.421041338178469,-3.2837326773186226,40.76116975573635,0.33306477833484605,low,-0.1373086608598464,landsat_gee,True
NSR-GRID-177,LC08_L2SP_176039_20250905_20250912_02_T1,2025-09-05,-3.646804640843144,-3.1602420035587384,40.53540645307167,0.3471794274586642,low,-0.4865626372844054,landsat_gee,True
NSR-GRID-178,LC08_L2SP_176039_20250905_20250912_02_T1,2025-09-05,-3.407965819566961,-3.35704597500225,40.774245274347855,0.34541622292855745,low,-0.05091984456471099,landsat_gee,True
NSR-GRID-179,LC08_L2SP_176039_20250905_20250912_02_T1,2025-09-05,-3.6781594310648273,-3.61471539146833,40.50405166284999,0.3347122355315352,low,-0.06344403959649725,landsat_gee,True
NSR-GRID-180,LC08_L2SP_176039_20250905_20250912_02_T1,2025-09-05,-3.5323070806374943,-3.586931288266267,40.64990401327732,0.3331335715754842,low,0.05462420762877285,landsat_gee,True
NSR-GRID-181,LC08_L2SP_176039_20250905_20250912_02_T1,2025-09-05,-2.560078333012811,-2.787454396947946,41.622132760902005,0.3610966693656581,medium,0.227376063935135,landsat_gee,True
NSR-GRID-182,LC08_L2SP_176039_20250905_20250912_02_T1,2025-09-05,-1.7814779821083704,-2.2400445484530382,42.400733111806446,0.3914215634101215,medium,0.45856656634466786,landsat_gee,True
NSR-GRID-183,LC08_L2SP_176039_20250905_20250912_02_T1,2025-09-05,-1.0566472091454884,-1.528379477023995,43.12556388476933,0.3886802034996856,medium,0.47173226787850653,landsat_gee,True
NSR-GRID-184,LC08_L2SP_176039_20250905_20250912_02_T1,2025-09-05,-0.844625408593906,-1.393073003460699,43.33758568532091,0.3914751145139437,medium,0.5484475948667931,landsat_gee,True
NSR-GRID-185,LC08_L2SP_176039_20250905_20250912_02_T1,2025-09-05,-0.7221684876078243,-0.9777024874354521,43.46004260630699,0.34798741704194747,low,0.2555339998276278,landsat_gee,True
NSR-GRID-186,LC08_L2SP_176039_20250905_20250912_02_T1,2025-09-05,-1.7872926233229691,-1.6516569481293353,42.39491847059185,0.41042860443976614,medium,-0.13563567519363384,landsat_gee,True
NSR-GRID-187,LC08_L2SP_176039_20250905_20250912_02_T1,2025-09-05,-2.141424475178788,-1.8798531541697037,42.04078661873603,0.4595724718522034,medium,-0.2615713210090844,landsat_gee,True
NSR-GRID-188,LC08_L2SP_176039_20250905_20250912_02_T1,2025-09-05,-2.35820699594597,-2.151465382946532,41.824004097968846,0.42602313610605635,medium,-0.20674161299943838,landsat_gee,True
NSR-GRID-189,LC08_L2SP_176039_20250905_20250912_02_T1,2025-09-05,-2.9374078982516494,-2.570297370865747,41.24480319566317,0.43839892568994876,medium,-0.36711052738590233,landsat_gee,True
NSR-GRID-190,LC08_L2SP_176039_20250905_20250912_02_T1,2025-09-05,-3.091669140768964,-2.452972151962254,41.09054195314585,0.35696011549985873,medium,-0.6386969888067102,landsat_gee,True
NSR-GRID-191,LC08_L2SP_176039_20250905_20250912_02_T1,2025-09-05,-1.8707118550610176,-1.4678109122317482,42.3114992388538,0.3154237184823264,low,-0.40290094282926936,landsat_gee,True
NSR-GRID-192,LC08_L2SP_176039_20250905_20250912_02_T1,2025-09-05,0.045119899523712,0.21969440933846474,44.22733099343853,0.21805981037492717,low,-0.17457450981475273,landsat_gee,True
NSR-GRID-193,LC08_L2SP_176039_20250905_20250912_02_T1,2025-09-05,0.3731315574170395,-0.3517118870536349,44.555342651331856,0.3737569516291849,medium,0.7248434444706744,landsat_gee,True
NSR-GRID-194,LC08_L2SP_176039_20250905_20250912_02_T1,2025-09-05,0.3204734260492046,0.3507490319911876,44.50268451996402,0.26300803627911196,low,-0.03027560594198303,landsat_gee,True
NSR-GRID-195,LC08_L2SP_176039_20250905_20250912_02_T1,2025-09-05,-2.7358316438555192,-2.9568411629393268,41.4463794500593,0.35336027494716254,medium,0.2210095190838075,landsat_gee,True
NSR-GRID-196,LC08_L2SP_176039_20250905_20250912_02_T1,2025-09-05,-0.6990033616800986,-0.6989703584801585,43.48320773223472,0.26119302444475595,low,-3.300319994004042e-05,landsat_gee,True
NSR-GRID-197,LC08_L2SP_176039_20250905_20250912_02_T1,2025-09-05,-3.3400852830084133,-3.232730152877737,40.8421258109064,0.3098080383175589,low,-0.10735513013067655,landsat_gee,True
NSR-GRID-198,LC08_L2SP_176039_20250905_20250912_02_T1,2025-09-05,-3.323225946775885,-3.209590011921975,40.85898514713893,0.2592859795622323,low,-0.11363593485391021,landsat_gee,True
NSR-GRID-199,LC08_L2SP_176039_20250905_20250912_02_T1,2025-09-05,-3.93902863081324,-3.8533347435576926,40.243182463101576,0.3593965791859677,medium,-0.08569388725554727,landsat_gee,True
NSR-GRID-200,LC08_L2SP_176039_20250905_20250912_02_T1,2025-09-05,-3.133238216487733,-3.426655035205388,41.04897287742708,0.352456832498681,medium,0.2934168187176551,landsat_gee,True
NSR-GRID-201,LC08_L2SP_176039_20250905_20250912_02_T1,2025-09-05,-3.191921220022124,-3.230469669352963,40.99028987389269,0.3830542512221925,medium,0.03854844933083923,landsat_gee,True
NSR-GRID-202,LC08_L2SP_176039_20250905_20250912_02_T1,2025-09-05,-2.1723898564199478,-2.4000427431577593,42.00982123749487,0.3659679423000862,medium,0.2276528867378116,landsat_gee,True
NSR-GRID-203,LC08_L2SP_176039_20250905_20250912_02_T1,2025-09-05,0.618013419030305,0.2741671176047635,44.80022451294512,0.4245586056490527,medium,0.34384630142554157,landsat_gee,True
NSR-GRID-204,LC08_L2SP_176039_20250905_20250912_02_T1,2025-09-05,-2.093457622132725,-2.0676103197853797,42.08875347178209,0.3743468893105883,medium,-0.025847302347345114,landsat_gee,True
NSR-GRID-205,LC08_L2SP_176039_20250905_20250912_02_T1,2025-09-05,-1.4219217248427114,-1.720978416621041,42.760289369072105,0.38710485646759973,medium,0.2990566917783295,landsat_gee,True
NSR-GRID-206,LC08_L2SP_176039_20250905_20250912_02_T1,2025-09-05,-1.6511570456647109,-2.023067587004312,42.531054048250105,0.4064572149296812,medium,0.3719105413396011,landsat_gee,True
NSR-GRID-207,LC08_L2SP_176039_20250905_20250912_02_T1,2025-09-05,-1.932933553840627,-2.0415336650532105,42.24927754007419,0.41059356883753806,medium,0.10860011121258362,landsat_gee,True
NSR-GRID-208,LC08_L2SP_176039_20250905_20250912_02_T1,2025-09-05,-1.974049489959796,-1.8804973166206045,42.20816160395502,0.4216593855250941,medium,-0.09355217333919152,landsat_gee,True
NSR-GRID-209,LC08_L2SP_176039_20250905_20250912_02_T1,2025-09-05,-1.8178524753991996,-1.5875257727190826,42.36435861851562,0.41661600088375117,medium,-0.230326702680117,landsat_gee,True
NSR-GRID-210,LC08_L2SP_176039_20250905_20250912_02_T1,2025-09-05,-1.2165076412722442,-1.1620030094656855,42.96570345264257,0.4127221927860478,medium,-0.054504631806558734,landsat_gee,True
NSR-GRID-211,LC08_L2SP_176039_20250905_20250912_02_T1,2025-09-05,-1.7144559772599948,-1.7367647186636415,42.46775511665482,0.4204443303509762,medium,0.022308741403646692,landsat_gee,True
NSR-GRID-212,LC08_L2SP_176039_20250905_20250912_02_T1,2025-09-05,-0.6175870214952539,-0.5459872001919364,43.56462407241956,0.361119248205413,medium,-0.07159982130331755,landsat_gee,True
NSR-GRID-213,LC08_L2SP_176039_20250905_20250912_02_T1,2025-09-05,0.1360532101017781,0.008302639436613187,44.318264304016594,0.2843481610340808,low,0.1277505706651649,landsat_gee,True
NSR-GRID-214,LC08_L2SP_176039_20250905_20250912_02_T1,2025-09-05,-3.726737500463116,-3.754555633732921,40.4554735934517,0.3758166313058747,medium,0.027818133269805312,landsat_gee,True
NSR-GRID-215,LC08_L2SP_176039_20250905_20250912_02_T1,2025-09-05,-3.484086021117712,-3.5297688523873423,40.698125072797104,0.3228781903588262,low,0.04568283126963024,landsat_gee,True
NSR-GRID-216,LC08_L2SP_176039_20250905_20250912_02_T1,2025-09-05,-2.277189008751506,-2.2534278048938057,41.90502208516331,0.3313689224222953,low,-0.02376120385770042,landsat_gee,True
NSR-GRID-217,LC08_L2SP_176039_20250905_20250912_02_T1,2025-09-05,-2.898797439642827,-3.0198858432310556,41.28341365427199,0.3717070417199623,medium,0.12108840358822848,landsat_gee,True
NSR-GRID-218,LC08_L2SP_176039_20250905_20250912_02_T1,2025-09-05,-2.2367035776664537,-2.5230061392310352,41.94550751624836,0.37277521871843156,medium,0.28630256156458156,landsat_gee,True
NSR-GRID-219,LC08_L2SP_176039_20250905_20250912_02_T1,2025-09-05,-1.3616884257476016,-1.4713223524794157,42.820522668167214,0.3831274478388299,medium,0.10963392673181405,landsat_gee,True
NSR-GRID-220,LC08_L2SP_176039_20250905_20250912_02_T1,2025-09-05,-0.3231196145950648,-0.8553392468219049,43.85909147931975,0.3949822555775331,medium,0.5322196322268401,landsat_gee,True
NSR-GRID-221,LC08_L2SP_176039_20250905_20250912_02_T1,2025-09-05,-0.8307123572542352,-1.0575951774048769,43.35149873666058,0.4072850538975311,medium,0.22688282015064165,landsat_gee,True
NSR-GRID-222,LC08_L2SP_176039_20250905_20250912_02_T1,2025-09-05,-1.2184551037138718,-1.1750909811343515,42.963755990200944,0.40100419183260916,medium,-0.04336412257952027,landsat_gee,True
NSR-GRID-223,LC08_L2SP_176039_20250905_20250912_02_T1,2025-09-05,-2.125266882593713,-2.1454333591675994,42.0569442113211,0.44129632389898427,medium,0.02016647657388626,landsat_gee,True
NSR-GRID-224,LC08_L2SP_176039_20250905_20250912_02_T1,2025-09-05,-1.7626452060737563,-2.0443004666568423,42.41956588784106,0.4806745678437344,medium,0.281655260583086,landsat_gee,True
NSR-GRID-225,LC08_L2SP_176039_20250905_20250912_02_T1,2025-09-05,-0.7426423520421253,-1.0170283955987425,43.43956874187269,0.43070287750882846,medium,0.2743860435566172,landsat_gee,True
NSR-GRID-226,LC08_L2SP_176039_20250905_20250912_02_T1,2025-09-05,-1.6569711924104595,-1.2089776213786396,42.52523990150436,0.3532520129155684,medium,-0.4479935710318199,landsat_gee,True
NSR-GRID-227,LC08_L2SP_176039_20250905_20250912_02_T1,2025-09-05,-2.0282171514744007,-1.722467752127294,42.153993942440415,0.43168696062876954,medium,-0.30574939934710677,landsat_gee,True
NSR-GRID-228,LC08_L2SP_176039_20250905_20250912_02_T1,2025-09-05,-1.9432877745036592,-1.5681965248455465,42.23892331941116,0.41510484468918213,medium,-0.3750912496581127,landsat_gee,True
NSR-GRID-229,LC08_L2SP_176039_20250905_20250912_02_T1,2025-09-05,-1.179073482467743,-1.1057377946462599,43.00313761144707,0.44384371812822454,medium,-0.07333568782148303,landsat_gee,True
NSR-GRID-230,LC08_L2SP_176039_20250905_20250912_02_T1,2025-09-05,-1.5474738023858805,-1.4834117495313135,42.634737291528936,0.3844902900331809,medium,-0.06406205285456701,landsat_gee,True
NSR-GRID-231,LC08_L2SP_176039_20250905_20250912_02_T1,2025-09-05,1.3586233372563186,1.3483586678116315,45.540834431171135,0.3112277108656411,low,0.010264669444687069,landsat_gee,True
NSR-GRID-232,LC08_L2SP_176039_20250905_20250912_02_T1,2025-09-05,-2.404058670001767,-2.545342330562717,41.77815242391305,0.3212021917550888,low,0.14128366056095,landsat_gee,True
NSR-GRID-233,LC08_L2SP_176039_20250905_20250912_02_T1,2025-09-05,-2.927580559628929,-3.250553440418495,41.25463053428589,0.3737324998176812,medium,0.3229728807895662,landsat_gee,True
NSR-GRID-234,LC08_L2SP_176039_20250905_20250912_02_T1,2025-09-05,-2.95732518603365,-2.9819127773082457,41.224885907881166,0.3729563478344049,medium,0.024587591274595866,landsat_gee,True
NSR-GRID-235,LC08_L2SP_176039_20250905_20250912_02_T1,2025-09-05,-1.0280816282844043,-0.9185063832234411,43.15412946563041,0.3601958400621523,medium,-0.10957524506096317,landsat_gee,True
NSR-GRID-236,LC08_L2SP_176039_20250905_20250912_02_T1,2025-09-05,1.6058945274551846,1.2459897181127992,45.78810562137,0.3778774845128862,medium,0.35990480934238533,landsat_gee,True
NSR-GRID-237,LC08_L2SP_176039_20250905_20250912_02_T1,2025-09-05,3.4023850656365013,3.086707295627295,47.58459615955132,0.3005573665430611,low,0.31567777000920616,landsat_gee,True
NSR-GRID-238,LC08_L2SP_176039_20250905_20250912_02_T1,2025-09-05,2.0948890149701214,1.674682510854585,46.27710010888494,0.34249605152332097,low,0.4202065041155363,landsat_gee,True
NSR-GRID-239,LC08_L2SP_176039_20250905_20250912_02_T1,2025-09-05,1.2000323622583051,0.8609107271360731,45.38224345617312,0.3987508148285139,medium,0.33912163512223203,landsat_gee,True
NSR-GRID-240,LC08_L2SP_176039_20250905_20250912_02_T1,2025-09-05,0.6736038291931763,0.29868176263292057,44.85581492310799,0.3639135429185031,medium,0.37492206656025573,landsat_gee,True
NSR-GRID-241,LC08_L2SP_176039_20250905_20250912_02_T1,2025-09-05,-1.0219245254177594,-0.9695523835166386,43.16028656849706,0.45097198720783555,medium,-0.05237214190112072,landsat_gee,True
NSR-GRID-242,LC08_L2SP_176039_20250905_20250912_02_T1,2025-09-05,-1.567932710035059,-1.50247667076804,42.61427838387976,0.49760412716325864,medium,-0.06545603926701915,landsat_gee,True
NSR-GRID-243,LC08_L2SP_176039_20250905_20250912_02_T1,2025-09-05,-0.4224148956356828,-0.773793922428516,43.75979619827913,0.39112860551793294,medium,0.35137902679283317,landsat_gee,True
NSR-GRID-244,LC08_L2SP_176039_20250905_20250912_02_T1,2025-09-05,0.8776973310015848,1.0018407487540535,45.0599084249164,0.25069875276834264,low,-0.12414341775246873,landsat_gee,True
NSR-GRID-245,LC08_L2SP_176039_20250905_20250912_02_T1,2025-09-05,0.5299979310892766,0.810703218988326,44.71220902500409,0.33931402796559956,low,-0.28070528789904936,landsat_gee,True
NSR-GRID-246,LC08_L2SP_176039_20250905_20250912_02_T1,2025-09-05,-0.0969874054805757,-0.21659000706444462,44.08522368843424,0.42194406931100564,medium,0.11960260158386891,landsat_gee,True
NSR-GRID-247,LC08_L2SP_176039_20250905_20250912_02_T1,2025-09-05,-0.4621037499908098,-0.3028068574862671,43.720107343924006,0.3759732317174705,medium,-0.15929689250454265,landsat_gee,True
NSR-GRID-248,LC08_L2SP_176039_20250905_20250912_02_T1,2025-09-05,-0.3597619914321157,-0.5860847821184791,43.8224491024827,0.38530260399392136,medium,0.22632279068636346,landsat_gee,True
NSR-GRID-249,LC08_L2SP_176039_20250905_20250912_02_T1,2025-09-05,-1.239480658781524,-1.6420838082564349,42.94273043513329,0.38185792911505,medium,0.40260314947491094,landsat_gee,True
NSR-GRID-250,LC08_L2SP_176039_20250905_20250912_02_T1,2025-09-05,0.95082543722544,0.8520979962149942,45.133036531140256,0.24483800828858315,low,0.09872744101044584,landsat_gee,True
NSR-GRID-251,LC08_L2SP_176039_20250905_20250912_02_T1,2025-09-05,-2.1556395461277376,-2.4808060158725973,42.02657154778708,0.40278990362004397,medium,0.32516646974485974,landsat_gee,True
NSR-GRID-252,LC08_L2SP_176039_20250905_20250912_02_T1,2025-09-05,-2.5833248836591736,-2.637382528034624,41.59888621025564,0.41241378697528897,medium,0.054057644375450575,landsat_gee,True
NSR-GRID-253,LC08_L2SP_176039_20250905_20250912_02_T1,2025-09-05,-2.528695222374253,-2.5286778760635102,41.65351587154056,0.3692757757012809,medium,-1.7346310742905047e-05,landsat_gee,True
NSR-GRID-254,LC08_L2SP_176039_20250905_20250912_02_T1,2025-09-05,1.1958614727247865,0.849178221497877,45.3780725666396,0.4196213523227683,medium,0.34668325122690946,landsat_gee,True
NSR-GRID-255,LC08_L2SP_176039_20250905_20250912_02_T1,2025-09-05,3.3508249913589907,2.8439895659063126,47.53303608527381,0.4010841711915758,medium,0.5068354254526781,landsat_gee,True
NSR-GRID-256,LC08_L2SP_176039_20250905_20250912_02_T1,2025-09-05,1.830864224211609,1.3758489277331607,46.013075318126425,0.33111712896834206,low,0.4550152964784484,landsat_gee,True
NSR-GRID-257,LC08_L2SP_176039_20250905_20250912_02_T1,2025-09-05,0.2191880128214336,-0.332045230913748,44.40139910673625,0.28862401475370214,low,0.5512332437351816,landsat_gee,True
NSR-GRID-258,LC08_L2SP_176039_20250905_20250912_02_T1,2025-09-05,-0.773395229283885,-0.8756010660408298,43.40881586463093,0.2858570886462611,low,0.10220583675694472,landsat_gee,True
NSR-GRID-259,LC08_L2SP_176039_20250905_20250912_02_T1,2025-09-05,-2.576429960939429,-2.195500347949773,41.60578113297539,0.34873462196607874,low,-0.380929612989656,landsat_gee,True
NSR-GRID-260,LC08_L2SP_176039_20250905_20250912_02_T1,2025-09-05,-2.496038573301213,-2.243289375869734,41.6861725206136,0.37929593928207245,medium,-0.2527491974314793,landsat_gee,True
NSR-GRID-261,LC08_L2SP_176039_20250905_20250912_02_T1,2025-09-05,-0.2984132295306878,-0.3530176097031119,43.88379786438413,0.32981052176715897,low,0.05460438017242414,landsat_gee,True
NSR-GRID-262,LC08_L2SP_176039_20250905_20250912_02_T1,2025-09-05,1.0796695222533543,1.260213901415602,45.26188061616817,0.23124966774638026,low,-0.18054437916224764,landsat_gee,True
NSR-GRID-263,LC08_L2SP_176039_20250905_20250912_02_T1,2025-09-05,0.7869102806480015,1.1867494237574696,44.96912137456282,0.2536808605120782,low,-0.3998391431094681,landsat_gee,True
NSR-GRID-264,LC08_L2SP_176039_20250905_20250912_02_T1,2025-09-05,1.273118283685612,1.207507561867603,45.45532937760043,0.32537822800325145,low,0.06561072181800909,landsat_gee,True
NSR-GRID-265,LC08_L2SP_176039_20250905_20250912_02_T1,2025-09-05,-0.6406308875479994,-0.4106254661487051,43.54158020636682,0.4379897582522147,medium,-0.23000542139929425,landsat_gee,True
NSR-GRID-266,LC08_L2SP_176039_20250905_20250912_02_T1,2025-09-05,-0.6814231176107128,-0.7333730445832144,43.5007879763041,0.3876252371418621,medium,0.05194992697250156,landsat_gee,True
NSR-GRID-267,LC08_L2SP_176039_20250905_20250912_02_T1,2025-09-05,0.0881901531162938,-0.02200308750223566,44.27040124703111,0.4045737970918495,medium,0.11019324061852946,landsat_gee,True
NSR-GRID-268,LC08_L2SP_176039_20250905_20250912_02_T1,2025-09-05,-0.2725043330660881,-0.069555840015862,43.90970676084873,0.2755862012882023,low,-0.2029484930502261,landsat_gee,True
NSR-GRID-269,LC08_L2SP_176039_20250905_20250912_02_T1,2025-09-05,-0.0357590982375128,-0.12684743412989688,44.1464519956773,0.44784195076019595,medium,0.09108833589238408,landsat_gee,True
NSR-GRID-270,LC08_L2SP_176039_20250905_20250912_02_T1,2025-09-05,0.4494886768504713,0.8156665207634508,44.63169977076529,0.33551632530933145,low,-0.36617784391297953,landsat_gee,True
NSR-GRID-271,LC08_L2SP_176039_20250905_20250912_02_T1,2025-09-05,-1.1602477825129045,-1.1488364324540676,43.02196331140191,0.43265883423113244,medium,-0.011411350058836867,landsat_gee,True
NSR-GRID-272,LC08_L2SP_176039_20250905_20250912_02_T1,2025-09-05,-1.9558819238268512,-1.8313493920898574,42.226329170087965,0.41850881893844494,medium,-0.12453253173699386,landsat_gee,True
NSR-GRID-273,LC08_L2SP_176039_20250905_20250912_02_T1,2025-09-05,-0.0915422198493161,0.06744508967956124,44.0906688740655,0.3812139218404769,medium,-0.15898730952887735,landsat_gee,True
NSR-GRID-274,LC08_L2SP_176039_20250905_20250912_02_T1,2025-09-05,1.7049754235624306,1.3877774060891592,45.88718651747725,0.4261441228310819,medium,0.31719801747327137,landsat_gee,True
NSR-GRID-275,LC08_L2SP_176039_20250905_20250912_02_T1,2025-09-05,-0.3684958087607271,-0.7098469673619716,43.81371528515409,0.40382830239531387,medium,0.34135115860124454,landsat_gee,True
NSR-GRID-276,LC08_L2SP_176039_20250905_20250912_02_T1,2025-09-05,-0.2146493991446831,-0.5544294100390744,43.96756169477013,0.2813227390419567,low,0.33978001089439136,landsat_gee,True
NSR-GRID-277,LC08_L2SP_176039_20250905_20250912_02_T1,2025-09-05,0.0656030543351988,-0.2869233854506326,44.247814148250015,0.22329306019909925,low,0.3525264397858314,landsat_gee,True
NSR-GRID-278,LC08_L2SP_176039_20250905_20250912_02_T1,2025-09-05,-2.590601754145503,-2.491199567877497,41.59160933976931,0.22898199834420566,low,-0.0994021862680059,landsat_gee,True
NSR-GRID-279,LC08_L2SP_176039_20250905_20250912_02_T1,2025-09-05,-0.918851737310483,-0.7541325248256596,43.26335935660433,0.2721849785682073,low,-0.16471921248482335,landsat_gee,True
NSR-GRID-280,LC08_L2SP_176039_20250905_20250912_02_T1,2025-09-05,0.5761026952897268,0.7822499484921319,44.75831378920454,0.2685107676365437,low,-0.20614725320240512,landsat_gee,True
NSR-GRID-281,LC08_L2SP_176039_20250905_20250912_02_T1,2025-09-05,1.127708621577966,1.2720746817423034,45.30991971549278,0.21988351573636924,low,-0.1443660601643375,landsat_gee,True
NSR-GRID-282,LC08_L2SP_176039_20250905_20250912_02_T1,2025-09-05,1.6239480177003929,1.744573509601469,45.80615911161521,0.25990881827094753,low,-0.12062549190107608,landsat_gee,True
NSR-GRID-283,LC08_L2SP_176039_20250905_20250912_02_T1,2025-09-05,0.8614769323152416,1.1692653855818147,45.04368802623006,0.2962291756709691,low,-0.3077884532665731,landsat_gee,True
NSR-GRID-284,LC08_L2SP_176039_20250905_20250912_02_T1,2025-09-05,0.2221915564191832,0.479222346038457,44.404402650334,0.2743492254055494,low,-0.2570307896192738,landsat_gee,True
NSR-GRID-285,LC08_L2SP_176039_20250905_20250912_02_T1,2025-09-05,1.7189667636095862,1.7710049801662435,45.9011778575244,0.43095924148439757,medium,-0.0520382165566573,landsat_gee,True
NSR-GRID-286,LC08_L2SP_176039_20250905_20250912_02_T1,2025-09-05,0.6568370387485274,1.0894339662334618,44.83904813266334,0.24503246211991928,low,-0.4325969274849344,landsat_gee,True
NSR-GRID-287,LC08_L2SP_176039_20250905_20250912_02_T1,2025-09-05,1.1045391746823867,1.4181116855488103,45.2867502685972,0.4738211715325066,medium,-0.31357251086642357,landsat_gee,True
NSR-GRID-288,LC08_L2SP_176039_20250905_20250912_02_T1,2025-09-05,1.5385301385012229,1.6377379579242919,45.72074123241604,0.45138263383204713,medium,-0.099207819423069,landsat_gee,True
NSR-GRID-289,LC08_L2SP_176039_20250905_20250912_02_T1,2025-09-05,0.7502626456247654,0.43006474917143056,44.93247373953958,0.3960584119051717,medium,0.32019789645333485,landsat_gee,True
NSR-GRID-290,LC08_L2SP_176039_20250905_20250912_02_T1,2025-09-05,-0.5191253512647194,-0.7741907608273922,43.6630857426501,0.3368847574867192,low,0.2550654095626729,landsat_gee,True
NSR-GRID-291,LC08_L2SP_176039_20250905_20250912_02_T1,2025-09-05,0.859472542701873,0.4266826365604937,45.04168363661669,0.2852313865261465,low,0.4327899061413793,landsat_gee,True
NSR-GRID-292,LC08_L2SP_176039_20250905_20250912_02_T1,2025-09-05,-0.5607414596490088,-0.9353740368068442,43.62146963426581,0.2650168196291943,low,0.3746325771578354,landsat_gee,True
NSR-GRID-293,LC08_L2SP_176039_20250905_20250912_02_T1,2025-09-05,1.409158186955132,1.0276877596343899,45.59136928086995,0.3922591809264024,medium,0.3814704273207421,landsat_gee,True
NSR-GRID-294,LC08_L2SP_176039_20250905_20250912_02_T1,2025-09-05,1.2727158496748956,1.4540490267476283,45.45492694358971,0.33817213853128414,low,-0.18133317707273267,landsat_gee,True
NSR-GRID-295,LC08_L2SP_176039_20250905_20250912_02_T1,2025-09-05,1.7942186254976562,1.8537683823183038,45.97642971941247,0.23783858275500536,low,-0.05954975682064756,landsat_gee,True
NSR-GRID-296,LC08_L2SP_176039_20250905_20250912_02_T1,2025-09-05,1.6872018453477011,1.6411925163040408,45.86941293926252,0.2307982180330306,low,0.046009329043660285,landsat_gee,True
NSR-GRID-297,LC08_L2SP_176039_20250905_20250912_02_T1,2025-09-05,1.3351499111759535,1.5114696548848205,45.51736100509077,0.22753499501566712,low,-0.17631974370886705,landsat_gee,True
NSR-GRID-298,LC08_L2SP_176039_20250905_20250912_02_T1,2025-09-05,1.6766468478862322,1.6711206907380378,45.85885794180105,0.23751673713265262,low,0.005526157148194377,landsat_gee,True
NSR-GRID-299,LC08_L2SP_176039_20250905_20250912_02_T1,2025-09-05,0.9589236575149088,1.2187191183409896,45.141134751429725,0.21957362160510316,low,-0.25979546082608074,landsat_gee,True
NSR-GRID-300,LC08_L2SP_176039_20250905_20250912_02_T1,2025-09-05,2.377283814623091,2.3805298250857674,46.55949490853791,0.3944205304939573,medium,-0.003246010462676363,landsat_gee,True
NSR-GRID-302,LC08_L2SP_176039_20250905_20250912_02_T1,2025-09-05,3.0275490389025634,3.1263302847644936,47.20976013281738,0.3483348355005586,low,-0.09878124586193016,landsat_gee,True
NSR-GRID-303,LC08_L2SP_176039_20250905_20250912_02_T1,2025-09-05,0.9685639403584574,0.9764552537407888,45.15077503427327,0.24087734185999835,low,-0.0078913133823314,landsat_gee,True
NSR-GRID-304,LC08_L2SP_176039_20250905_20250912_02_T1,2025-09-05,1.8328671879536744,1.9644565029313985,46.01507828186849,0.3667778533524973,medium,-0.13158931497772408,landsat_gee,True
NSR-GRID-305,LC08_L2SP_176039_20250905_20250912_02_T1,2025-09-05,0.8121465055201824,0.9098498313037953,44.994357599435,0.41219517668507016,medium,-0.09770332578361285,landsat_gee,True
NSR-GRID-306,LC08_L2SP_176039_20250905_20250912_02_T1,2025-09-05,-0.4621279405709089,-0.45768210182567076,43.72008315334391,0.367717081174867,medium,-0.004445838745238129,landsat_gee,True
NSR-GRID-307,LC08_L2SP_176039_20250905_20250912_02_T1,2025-09-05,1.8585261981176655,1.492894739692506,46.04073729203248,0.3404048751094,low,0.36563145842515943,landsat_gee,True
NSR-GRID-308,LC08_L2SP_176039_20250905_20250912_02_T1,2025-09-05,2.772951925622344,2.0047738443573477,46.95516301953716,0.29245650721345406,low,0.7681780812649963,landsat_gee,True
NSR-GRID-309,LC08_L2SP_176039_20250905_20250912_02_T1,2025-09-05,3.1093752740035328,2.6615810484974256,47.29158636791835,0.277681362838419,low,0.44779422550610715,landsat_gee,True
NSR-GRID-310,LC08_L2SP_176039_20250905_20250912_02_T1,2025-09-05,2.9724861984600466,2.9216237892443884,47.15469729237486,0.2778030123756418,low,0.05086240921565821,landsat_gee,True
NSR-GRID-311,LC08_L2SP_176039_20250905_20250912_02_T1,2025-09-05,2.9051519601083484,2.975779168682868,47.087363054023164,0.2976027736045853,low,-0.07062720857451943,landsat_gee,True
NSR-GRID-312,LC08_L2SP_176039_20250905_20250912_02_T1,2025-09-05,2.303470327668471,2.183524483645423,46.48568142158329,0.27059230043006843,low,0.11994584402304787,landsat_gee,True
NSR-GRID-313,LC08_L2SP_176039_20250905_20250912_02_T1,2025-09-05,2.2190122585718868,1.8696787170324733,46.4012233524867,0.2559981550430714,low,0.34933354153941343,landsat_gee,True
NSR-GRID-314,LC08_L2SP_176039_20250905_20250912_02_T1,2025-09-05,1.6766626210401725,1.5204770372173535,45.85887371495499,0.2270707035042868,low,0.156185583822819,landsat_gee,True
NSR-GRID-315,LC08_L2SP_176039_20250905_20250912_02_T1,2025-09-05,1.8419682143161964,1.7619394517652092,46.02417930823101,0.25251336046970596,low,0.08002876255098723,landsat_gee,True
NSR-GRID-316,LC08_L2SP_176039_20250905_20250912_02_T1,2025-09-05,0.9542151437919628,1.2204545940635083,45.13642623770678,0.21785042811892458,low,-0.2662394502715455,landsat_gee,True
NSR-GRID-317,LC08_L2SP_176039_20250905_20250912_02_T1,2025-09-05,2.230134223316228,2.680033227862756,46.41234531723104,0.345412816923527,low,-0.4498990045465283,landsat_gee,True
NSR-GRID-318,LC08_L2SP_176039_20250905_20250912_02_T1,2025-09-05,1.3317715538525403,0.958614024104535,45.51398264776736,0.23465708551225214,low,0.3731575297480053,landsat_gee,True
NSR-GRID-319,LC08_L2SP_176039_20250905_20250912_02_T1,2025-09-05,1.8856695203291665,2.2460158552367666,46.06788061424398,0.28825989331992574,low,-0.36034633490760015,landsat_gee,True
NSR-GRID-320,LC08_L2SP_176039_20250905_20250912_02_T1,2025-09-05,0.0690221759222708,0.10483311443619989,44.25123326983709,0.36140636110055513,medium,-0.03581093851392908,landsat_gee,True
NSR-GRID-321,LC08_L2SP_176039_20250905_20250912_02_T1,2025-09-05,-0.5618817084441332,-0.6384597658616441,43.62032938547068,0.34809442286376485,low,0.07657805741751089,landsat_gee,True
NSR-GRID-322,LC08_L2SP_176039_20250905_20250912_02_T1,2025-09-05,2.4326211360733154,1.7280749897285443,46.61483222998813,0.33247513241484616,low,0.7045461463447711,landsat_gee,True
NSR-GRID-323,LC08_L2SP_176039_20250905_20250912_02_T1,2025-09-05,3.2836414451731457,2.5330352959745768,47.46585253908796,0.324596726696015,low,0.7506061491985689,landsat_gee,True
NSR-GRID-324,LC08_L2SP_176039_20250905_20250912_02_T1,2025-09-05,2.5114430089940427,1.6547371927693357,46.69365410290886,0.3021678702526383,low,0.856705816224707,landsat_gee,True
NSR-GRID-325,LC08_L2SP_176039_20250905_20250912_02_T1,2025-09-05,2.6317764794939933,2.2323082059936055,46.81398757340881,0.32123516442811306,low,0.3994682735003878,landsat_gee,True
NSR-GRID-326,LC08_L2SP_176039_20250905_20250912_02_T1,2025-09-05,2.7554889536407217,2.7835978140494118,46.93770004755554,0.28014891152034127,low,-0.028108860408690095,landsat_gee,True
NSR-GRID-327,LC08_L2SP_176039_20250905_20250912_02_T1,2025-09-05,2.722234752863905,2.465784045919126,46.90444584677872,0.27581446067379733,low,0.2564507069447788,landsat_gee,True
NSR-GRID-328,LC08_L2SP_176039_20250905_20250912_02_T1,2025-09-05,2.337964468610494,2.0211755252711887,46.52017556252531,0.2663187252338645,low,0.3167889433393052,landsat_gee,True
NSR-GRID-329,LC08_L2SP_176039_20250905_20250912_02_T1,2025-09-05,2.2437488224154336,1.9354839231290122,46.42595991633025,0.23946382793734747,low,0.3082648992864214,landsat_gee,True
NSR-GRID-330,LC08_L2SP_176039_20250905_20250912_02_T1,2025-09-05,1.455280421606652,1.5119327969384808,45.63749151552147,0.2359045949464567,low,-0.056652375331828875,landsat_gee,True
NSR-GRID-331,LC08_L2SP_176039_20250905_20250912_02_T1,2025-09-05,0.9096061555359328,0.9688641149090039,45.09181724945075,0.2102504873070696,low,-0.0592579593730711,landsat_gee,True
NSR-GRID-332,LC08_L2SP_176039_20250905_20250912_02_T1,2025-09-05,2.130943999665874,2.3452225980153796,46.31315509358069,0.3159638946931875,low,-0.2142785983495057,landsat_gee,True
NSR-GRID-333,LC08_L2SP_176039_20250905_20250912_02_T1,2025-09-05,1.5416636301799471,1.3018165146447618,45.72387472409476,0.2225702717246825,low,0.23984711553518534,landsat_gee,True
NSR-GRID-334,LC08_L2SP_176039_20250905_20250912_02_T1,2025-09-05,1.767256109477252,1.9465484413838985,45.94946720339207,0.34679601247559627,low,-0.1792923319066464,landsat_gee,True
NSR-GRID-335,LC08_L2SP_176039_20250905_20250912_02_T1,2025-09-05,1.8351678068628416,1.8844571792127502,46.01737890077766,0.32076090827641,low,-0.0492893723499086,landsat_gee,True
NSR-GRID-336,LC08_L2SP_176039_20250905_20250912_02_T1,2025-09-05,-0.9081812467001028,-0.7777167835651191,43.27402984721471,0.31476521445103167,low,-0.13046446313498372,landsat_gee,True
NSR-GRID-337,LC08_L2SP_176039_20250905_20250912_02_T1,2025-09-05,1.568922809535728,1.2721818689940014,45.751133903450544,0.2792082653289175,low,0.2967409405417265,landsat_gee,True
NSR-GRID-338,LC08_L2SP_176039_20250905_20250912_02_T1,2025-09-05,2.199896150459324,2.031298617105728,46.38210724437414,0.27091696893774264,low,0.16859753335359606,landsat_gee,True
NSR-GRID-339,LC08_L2SP_176039_20250905_20250912_02_T1,2025-09-05,1.9752703817921216,1.6712027255073527,46.15748147570694,0.2762906791365388,low,0.30406765628476884,landsat_gee,True
NSR-GRID-340,LC08_L2SP_176039_20250905_20250912_02_T1,2025-09-05,1.7849227706886452,1.3962283204698047,45.96713386460346,0.28692666166382,low,0.3886944502188405,landsat_gee,True
NSR-GRID-341,LC08_L2SP_176039_20250905_20250912_02_T1,2025-09-05,0.3711027622941145,0.2086290806467542,44.55331385620893,0.2991578553967702,low,0.16247368164736029,landsat_gee,True
NSR-GRID-342,LC08_L2SP_176039_20250905_20250912_02_T1,2025-09-05,1.316421983995781,1.4158998198586552,45.4986330779106,0.30285142803527787,low,-0.09947783586287429,landsat_gee,True
NSR-GRID-343,LC08_L2SP_176039_20250905_20250912_02_T1,2025-09-05,1.051928849065817,0.9237286295456518,45.23413994298063,0.2397308979156475,low,0.12820021952016514,landsat_gee,True
NSR-GRID-344,LC08_L2SP_176039_20250905_20250912_02_T1,2025-09-05,0.6853353525220385,0.8942312112820808,44.867546446436855,0.24815407112692608,low,-0.20889585876004235,landsat_gee,True
NSR-GRID-345,LC08_L2SP_176039_20250905_20250912_02_T1,2025-09-05,0.0849950513523154,0.3156003603338473,44.26720614526713,0.20689901453783938,low,-0.23060530898153192,landsat_gee,True
NSR-GRID-346,LC08_L2SP_176039_20250905_20250912_02_T1,2025-09-05,0.7685816656847493,0.7942108152228816,44.950792759599565,0.20503916264588604,low,-0.025629149538132334,landsat_gee,True
NSR-GRID-347,LC08_L2SP_176039_20250905_20250912_02_T1,2025-09-05,-1.200612968109965,-0.571805313678944,42.98159812580485,0.18651887812026846,low,-0.628807654431021,landsat_gee,True
NSR-GRID-348,LC08_L2SP_176039_20250905_20250912_02_T1,2025-09-05,1.2889579004232845,1.1341574782586266,45.4711689943381,0.2541651178035538,low,0.15480042216465795,landsat_gee,True
NSR-GRID-349,LC08_L2SP_176039_20250905_20250912_02_T1,2025-09-05,-0.3288547619412938,-0.1705479293151755,43.85335633197352,0.270868679068239,low,-0.1583068326261183,landsat_gee,True
NSR-GRID-350,LC08_L2SP_176039_20250905_20250912_02_T1,2025-09-05,1.497657659640545,1.6166121998330838,45.67986875355536,0.3382860548646031,low,-0.1189545401925387,landsat_gee,True
NSR-GRID-351,LC08_L2SP_176039_20250905_20250912_02_T1,2025-09-05,1.5084568857869345,1.4737058094652433,45.69066797970175,0.26321381336089633,low,0.034751076321691166,landsat_gee,True
NSR-GRID-352,LC08_L2SP_176039_20250905_20250912_02_T1,2025-09-05,0.2655006134737547,-0.05303539507465297,44.44771170738857,0.25106200412587254,low,0.3185360085484077,landsat_gee,True
NSR-GRID-353,LC08_L2SP_176039_20250905_20250912_02_T1,2025-09-05,1.1642581922047055,0.9042081614462452,45.34646928611952,0.3144494963967597,low,0.26005003075846034,landsat_gee,True
NSR-GRID-354,LC08_L2SP_176039_20250905_20250912_02_T1,2025-09-05,2.4657640327411485,2.140653919132809,46.647975126655965,0.31610954778420913,low,0.32511011360833963,landsat_gee,True
NSR-GRID-355,LC08_L2SP_176039_20250905_20250912_02_T1,2025-09-05,1.7953267297017703,1.7016889315497246,45.977537823616586,0.24952562305793857,low,0.09363779815204576,landsat_gee,True
NSR-GRID-356,LC08_L2SP_176039_20250905_20250912_02_T1,2025-09-05,2.135313310336919,1.8470637184056211,46.317524404251735,0.2718688345440991,low,0.28824959193129773,landsat_gee,True
NSR-GRID-357,LC08_L2SP_176039_20250905_20250912_02_T1,2025-09-05,2.333103880217614,2.132951252439429,46.51531497413243,0.2792326762738383,low,0.20015262777818466,landsat_gee,True
NSR-GRID-358,LC08_L2SP_176039_20250905_20250912_02_T1,2025-09-05,2.076765650803864,2.0968284527944774,46.25897674471868,0.35184399029598507,medium,-0.020062801990613277,landsat_gee,True
NSR-GRID-359,LC08_L2SP_176039_20250905_20250912_02_T1,2025-09-05,1.211927535306934,1.586547441548036,45.39413862922175,0.3940519042715091,medium,-0.374619906241102,landsat_gee,True
NSR-GRID-360,LC08_L2SP_176039_20250905_20250912_02_T1,2025-09-05,0.6241503678874949,1.0897346880663772,44.80636146180231,0.2846383838474009,low,-0.4655843201788823,landsat_gee,True
NSR-GRID-361,LC08_L2SP_176039_20250905_20250912_02_T1,2025-09-05,0.955955881655882,0.8325213665527221,45.1381669755707,0.2336727859166983,low,0.12343451510315984,landsat_gee,True
NSR-GRID-362,LC08_L2SP_176039_20250905_20250912_02_T1,2025-09-05,1.1344745214862542,1.0402041630853522,45.31668561540107,0.23424028930243473,low,0.09427035840090192,landsat_gee,True
NSR-GRID-363,LC08_L2SP_176039_20250905_20250912_02_T1,2025-09-05,0.7322914943817693,1.02234760189245,44.914502588296585,0.33444765642787666,low,-0.29005610751068067,landsat_gee,True
NSR-GRID-364,LC08_L2SP_176039_20250905_20250912_02_T1,2025-09-05,0.7843449502137361,0.9046206195924422,44.96655604412855,0.3673927642690493,medium,-0.12027566937870615,landsat_gee,True
NSR-GRID-365,LC08_L2SP_176039_20250905_20250912_02_T1,2025-09-05,1.968708473405236,1.9402269407078174,46.15091956732005,0.30570454778984435,low,0.0284815326974186,landsat_gee,True
NSR-GRID-366,LC08_L2SP_176039_20250905_20250912_02_T1,2025-09-05,2.1086053365607498,1.9257086939232329,46.290816430475566,0.2421356842050335,low,0.18289664263751693,landsat_gee,True
NSR-GRID-367,LC08_L2SP_176039_20250905_20250912_02_T1,2025-09-05,2.3015160577406206,2.1279963913585136,46.48372715165544,0.28659956638977585,low,0.17351966638210703,landsat_gee,True
NSR-GRID-368,LC08_L2SP_176039_20250905_20250912_02_T1,2025-09-05,3.331939236203546,2.9677588534477763,47.51415033011836,0.28767552924940487,low,0.36418038275576947,landsat_gee,True
NSR-GRID-369,LC08_L2SP_176039_20250905_20250912_02_T1,2025-09-05,3.433651577682852,3.1273779239845196,47.61586267159767,0.28742616135950305,low,0.30627365369833237,landsat_gee,True
NSR-GRID-370,LC08_L2SP_176039_20250905_20250912_02_T1,2025-09-05,3.792959396359592,3.6321497097285267,47.97517049027441,0.2924842399063577,low,0.16080968663106532,landsat_gee,True
NSR-GRID-371,LC08_L2SP_176039_20250905_20250912_02_T1,2025-09-05,2.023743096973284,2.011570727101956,46.2059541908881,0.24558540714337707,low,0.012172369871328304,landsat_gee,True
NSR-GRID-372,LC08_L2SP_176039_20250905_20250912_02_T1,2025-09-05,2.185908125571053,2.187514538361772,46.36811921948587,0.3122582581144006,low,-0.0016064127907187142,landsat_gee,True
NSR-GRID-373,LC08_L2SP_176039_20250905_20250912_02_T1,2025-09-05,2.372398109612355,2.6214924771136805,46.55460920352717,0.30988626662913876,low,-0.2490943675013253,landsat_gee,True
NSR-GRID-374,LC08_L2SP_176039_20250905_20250912_02_T1,2025-09-05,0.950624195627455,1.2960124281337446,45.13283528954227,0.23270461434197143,low,-0.3453882325062896,landsat_gee,True
NSR-GRID-375,LC08_L2SP_176039_20250905_20250912_02_T1,2025-09-05,1.046894410569827,1.1630149863594972,45.22910550448464,0.2161286353532918,low,-0.11612057578967017,landsat_gee,True
NSR-GRID-376,LC08_L2SP_176039_20250905_20250912_02_T1,2025-09-05,0.9595674121510172,0.6751354540571877,45.14177850606583,0.264451344097296,low,0.2844319580938295,landsat_gee,True
NSR-GRID-377,LC08_L2SP_176039_20250905_20250912_02_T1,2025-09-05,1.400524988942344,1.4033576681919138,45.58273608285716,0.28666830285436135,low,-0.0028326792495698694,landsat_gee,True
NSR-GRID-378,LC08_L2SP_176039_20250905_20250912_02_T1,2025-09-05,2.9265432781686727,2.5807300581875325,47.10875437208349,0.26294969895470705,low,0.3458132199811401,landsat_gee,True
NSR-GRID-379,LC08_L2SP_176039_20250905_20250912_02_T1,2025-09-05,1.096294460850963,0.9480901479552976,45.27850555476578,0.2844434100546726,low,0.1482043128956655,landsat_gee,True
NSR-GRID-380,LC08_L2SP_176039_20250905_20250912_02_T1,2025-09-05,2.130596987454801,1.788399238755378,46.31280808136962,0.2351827785694685,low,0.3421977486994232,landsat_gee,True
NSR-GRID-381,LC08_L2SP_176039_20250905_20250912_02_T1,2025-09-05,3.638095670063123,3.4637098712761425,47.82030676397794,0.28561375282815427,low,0.17438579878698057,landsat_gee,True
NSR-GRID-382,LC08_L2SP_176039_20250905_20250912_02_T1,2025-09-05,4.632502266342264,4.421951402894038,48.81471336025708,0.3145847120315741,low,0.21055086344822627,landsat_gee,True
NSR-GRID-383,LC08_L2SP_176039_20250905_20250912_02_T1,2025-09-05,1.66059311647561,1.7984759541921187,45.842804210390426,0.2537433025904415,low,-0.13788283771650867,landsat_gee,True
NSR-GRID-384,LC08_L2SP_176039_20250905_20250912_02_T1,2025-09-05,1.159595956670536,1.196109455225881,45.34180705058535,0.22129409174119918,low,-0.036513498555345025,landsat_gee,True
NSR-GRID-385,LC08_L2SP_176039_20250905_20250912_02_T1,2025-09-05,4.184300816214467,3.727392928472821,48.36651191012928,0.29790284114360444,low,0.45690788774164615,landsat_gee,True
NSR-GRID-386,LC08_L2SP_176039_20250905_20250912_02_T1,2025-09-05,2.7690636628332115,2.9291563005951367,46.95127475674803,0.26947978258059496,low,-0.16009263776192517,landsat_gee,True
NSR-GRID-387,LC08_L2SP_176039_20250905_20250912_02_T1,2025-09-05,2.6558179425147443,2.791080165145252,46.83802903642956,0.26529523373287933,low,-0.1352622226305078,landsat_gee,True
NSR-GRID-388,LC08_L2SP_176039_20250905_20250912_02_T1,2025-09-05,2.578984061432124,2.6206221247661325,46.76119515534694,0.27452196177095456,low,-0.041638063334008546,landsat_gee,True
NSR-GRID-389,LC08_L2SP_176039_20250905_20250912_02_T1,2025-09-05,1.3385412724347887,1.7628275117072743,45.520752366349605,0.2590950549083937,low,-0.42428623927248554,landsat_gee,True
NSR-GRID-390,LC08_L2SP_176039_20250905_20250912_02_T1,2025-09-05,0.8484424410992517,1.3168636491363852,45.03065353501407,0.22087769568144403,low,-0.4684212080371335,landsat_gee,True
NSR-GRID-391,LC08_L2SP_176039_20250905_20250912_02_T1,2025-09-05,0.4163013729480695,0.6962792040754583,44.598512466862886,0.2026398514661317,low,-0.2799778311273888,landsat_gee,True
NSR-GRID-392,LC08_L2SP_176039_20250905_20250912_02_T1,2025-09-05,1.6839413750848422,1.398211351839422,45.86615246899966,0.24201869100922538,low,0.2857300232454203,landsat_gee,True
NSR-GRID-393,LC08_L2SP_176039_20250905_20250912_02_T1,2025-09-05,3.210463644402026,3.1850504404917452,47.39267473831684,0.2811842716151381,low,0.02541320391028057,landsat_gee,True
NSR-GRID-394,LC08_L2SP_176039_20250905_20250912_02_T1,2025-09-05,3.506767517471971,3.3567833034568033,47.68897861138679,0.2970443250591297,low,0.1499842140151677,landsat_gee,True
NSR-GRID-395,LC08_L2SP_176039_20250905_20250912_02_T1,2025-09-05,3.5370033621110157,3.7771771491724038,47.71921445602583,0.3097170980635646,low,-0.24017378706138803,landsat_gee,True
NSR-GRID-396,LC08_L2SP_176039_20250905_20250912_02_T1,2025-09-05,2.673691733091502,2.5307018340679823,46.85590282700632,0.2899818821705593,low,0.14298989902351966,landsat_gee,True
NSR-GRID-397,LC08_L2SP_176039_20250905_20250912_02_T1,2025-09-05,1.5607439360597013,1.5981790975085834,45.74295502997452,0.25918274256564305,low,-0.03743516144888215,landsat_gee,True
NSR-GRID-398,LC08_L2SP_176039_20250905_20250912_02_T1,2025-09-05,3.2573573241393703,3.1115028350009917,47.439568418054186,0.27885846422242355,low,0.14585448913837862,landsat_gee,True
NSR-GRID-399,LC08_L2SP_176039_20250905_20250912_02_T1,2025-09-05,1.514694909162145,1.2023678566578815,45.69690600307696,0.2243296023749317,low,0.3123270525042636,landsat_gee,True
NSR-GRID-400,LC08_L2SP_176039_20250905_20250912_02_T1,2025-09-05,0.2851349768008973,0.21196373155160084,44.46734607071571,0.18761111913580591,low,0.07317124524929644,landsat_gee,True
NSR-GRID-401,LC08_L2SP_176039_20250905_20250912_02_T1,2025-09-05,3.361276155702249,3.2197148498723647,47.543487249617066,0.2782432524527516,low,0.14156130582988435,landsat_gee,True
NSR-GRID-402,LC08_L2SP_176039_20250905_20250912_02_T1,2025-09-05,3.4782547452926025,3.5580022721952833,47.66046583920742,0.2884620985541191,low,-0.07974752690268083,landsat_gee,True
NSR-GRID-403,LC08_L2SP_176039_20250905_20250912_02_T1,2025-09-05,3.1165028618295096,3.0549024082430494,47.298713955744326,0.27326466659509324,low,0.06160045358646027,landsat_gee,True
NSR-GRID-404,LC08_L2SP_176039_20250905_20250912_02_T1,2025-09-05,1.218319052317824,1.4189366832329204,45.40053014623264,0.2238460927202647,low,-0.20061763091509643,landsat_gee,True
NSR-GRID-405,LC08_L2SP_176039_20250905_20250912_02_T1,2025-09-05,3.027247097102069,2.919839108322724,47.209458191016886,0.2691847304675504,low,0.10740798877934488,landsat_gee,True
NSR-GRID-406,LC08_L2SP_176039_20250905_20250912_02_T1,2025-09-05,-0.1994974886468341,-0.19116143277897488,43.98271360526798,0.1883270329084689,low,-0.00833605586785921,landsat_gee,True
NSR-GRID-407,LC08_L2SP_176039_20250905_20250912_02_T1,2025-09-05,0.5501493120079104,0.9162004982337267,44.732360405922726,0.2384620589877179,low,-0.36605118622581634,landsat_gee,True
NSR-GRID-408,LC08_L2SP_176039_20250905_20250912_02_T1,2025-09-05,2.3543939180446145,2.249402479683188,46.53660501195943,0.2489324589472477,low,0.10499143836142633,landsat_gee,True
NSR-GRID-409,LC08_L2SP_176039_20250905_20250912_02_T1,2025-09-05,1.913940132605262,1.7015008532454916,46.09615122652008,0.27433753108224385,low,0.21243927935977047,landsat_gee,True
NSR-GRID-410,LC08_L2SP_176039_20250905_20250912_02_T1,2025-09-05,0.9573352729347137,1.2163085360338808,45.13954636684953,0.2180997527450299,low,-0.25897326309916713,landsat_gee,True
NSR-GRID-411,LC08_L2SP_176039_20250905_20250912_02_T1,2025-09-05,2.316675469520007,2.1069048467908207,46.49888656343482,0.2488149218484398,low,0.20977062272918623,landsat_gee,True
NSR-GRID-413,LC08_L2SP_176039_20250905_20250912_02_T1,2025-09-05,1.0069079682443984,1.1248111054448888,45.189119062159214,0.24627526387051651,low,-0.1179031372004904,landsat_gee,True
NSR-GRID-414,LC08_L2SP_176039_20250905_20250912_02_T1,2025-09-05,1.3841111898924936,1.3732972605166676,45.56632228380731,0.2393488682115917,low,0.010813929375826037,landsat_gee,True
NSR-GRID-415,LC08_L2SP_176039_20250905_20250912_02_T1,2025-09-05,1.826610367351897,1.9533787966063387,46.00882146126671,0.23999029834621097,low,-0.12676842925444176,landsat_gee,True
NSR-GRID-416,LC08_L2SP_176039_20250905_20250912_02_T1,2025-09-05,1.8357706376919296,1.881245421415957,46.017981731606746,0.23793079078476004,low,-0.04547478372402747,landsat_gee,True
NSR-GRID-001,LC09_L2SP_176039_20250828_20250830_02_T1,2025-08-28,-3.471481207438707,-3.2936095589183534,40.72116666144159,0.3654734187649995,medium,-0.17787164852035353,landsat_gee,True
NSR-GRID-002,LC09_L2SP_176039_20250828_20250830_02_T1,2025-08-28,-3.341668765207011,-3.471893037771972,40.85097910367329,0.3465606466306194,low,0.13022427256496094,landsat_gee,True
NSR-GRID-003,LC09_L2SP_176039_20250828_20250830_02_T1,2025-08-28,-3.970911667632457,-3.5164247934678743,40.22173620124784,0.29762810154406555,low,-0.45448687416458267,landsat_gee,True
NSR-GRID-004,LC09_L2SP_176039_20250828_20250830_02_T1,2025-08-28,-2.7626321601011483,-2.241037807513842,41.43001570877915,0.2960508005556965,low,-0.5215943525873064,landsat_gee,True
NSR-GRID-006,LC09_L2SP_176039_20250828_20250830_02_T1,2025-08-28,-2.825687867499127,-2.769200049736695,41.36696000138117,0.40026924957831306,medium,-0.05648781776243217,landsat_gee,True
NSR-GRID-007,LC09_L2SP_176039_20250828_20250830_02_T1,2025-08-28,-2.9255568661849622,-2.6404866268622302,41.26709100269534,0.36207957351725917,medium,-0.285070239322732,landsat_gee,True
NSR-GRID-008,LC09_L2SP_176039_20250828_20250830_02_T1,2025-08-28,-3.500870000242081,-3.396656574567646,40.69177786863822,0.36311778827070545,medium,-0.10421342567443492,landsat_gee,True
NSR-GRID-009,LC09_L2SP_176039_20250828_20250830_02_T1,2025-08-28,-3.83980470731666,-3.8346348529015923,40.35284316156364,0.36538145118419696,medium,-0.005169854415067565,landsat_gee,True
NSR-GRID-010,LC09_L2SP_176039_20250828_20250830_02_T1,2025-08-28,-0.9848853141639892,-0.5983358156086084,43.20776255471631,0.34557014228886124,low,-0.3865494985553808,landsat_gee,True
NSR-GRID-011,LC09_L2SP_176039_20250828_20250830_02_T1,2025-08-28,-3.564806573226761,-3.334096062720504,40.62784129565354,0.3407657698045338,low,-0.23071051050625702,landsat_gee,True
NSR-GRID-012,LC09_L2SP_176039_20250828_20250830_02_T1,2025-08-28,-1.31561211020815,-0.7061041884449041,42.87703575867215,0.3454813005277536,low,-0.6095079217632459,landsat_gee,True
NSR-GRID-013,LC09_L2SP_176039_20250828_20250830_02_T1,2025-08-28,-0.9790858429215136,-0.3981243736446687,43.21356202595879,0.34089280424249224,low,-0.5809614692768449,landsat_gee,True
NSR-GRID-014,LC09_L2SP_176039_20250828_20250830_02_T1,2025-08-28,3.428714078238613,3.0424814197167485,47.62136194711891,0.3616150935506621,medium,0.3862326585218647,landsat_gee,True
NSR-GRID-015,LC09_L2SP_176039_20250828_20250830_02_T1,2025-08-28,1.907889477536557,1.7563988520417693,46.10053734641686,0.2873001793930467,low,0.15149062549478765,landsat_gee,True
NSR-GRID-016,LC09_L2SP_176039_20250828_20250830_02_T1,2025-08-28,-0.903788194264628,-0.6261924209354663,43.28885967461567,0.2601236726364996,low,-0.27759577332916163,landsat_gee,True
NSR-GRID-017,LC09_L2SP_176039_20250828_20250830_02_T1,2025-08-28,-0.4164300196594794,-0.5622119389658391,43.77621784922082,0.28470705374716687,low,0.1457819193063597,landsat_gee,True
NSR-GRID-018,LC09_L2SP_176039_20250828_20250830_02_T1,2025-08-28,2.108853641571031,2.2414971309168292,46.30150151045133,0.32331136297483754,low,-0.1326434893457984,landsat_gee,True
NSR-GRID-019,LC09_L2SP_176039_20250828_20250830_02_T1,2025-08-28,-0.7101576542287376,-0.4138652236691764,43.48249021465156,0.3339720304686533,low,-0.29629243055956117,landsat_gee,True
NSR-GRID-020,LC09_L2SP_176039_20250828_20250830_02_T1,2025-08-28,2.9272827212065597,2.6414324862564444,47.11993059008686,0.2767908831017071,low,0.2858502349501153,landsat_gee,True
NSR-GRID-021,LC09_L2SP_176039_20250828_20250830_02_T1,2025-08-28,0.3570348338605171,0.39561010801254803,44.54968270274082,0.2779955904297625,low,-0.038575274152030936,landsat_gee,True
NSR-GRID-022,LC09_L2SP_176039_20250828_20250830_02_T1,2025-08-28,0.9559706830397374,0.8500894418862275,45.14861855192004,0.29073299779701606,low,0.10588124115350994,landsat_gee,True
NSR-GRID-024,LC09_L2SP_176039_20250828_20250830_02_T1,2025-08-28,-1.6091077038318744,-1.306069626551591,42.583540165048426,0.3656969788697195,medium,-0.3030380772802834,landsat_gee,True
NSR-GRID-025,LC09_L2SP_176039_20250828_20250830_02_T1,2025-08-28,-1.064527103570846,-0.7911808561759253,43.128120765309454,0.3609457178322329,medium,-0.27334624739492064,landsat_gee,True
NSR-GRID-026,LC09_L2SP_176039_20250828_20250830_02_T1,2025-08-28,-1.712393209237888,-1.6284549772510184,42.48025465964241,0.3005928232218463,low,-0.08393823198686956,landsat_gee,True
NSR-GRID-027,LC09_L2SP_176039_20250828_20250830_02_T1,2025-08-28,-2.3936820125961304,-2.1200937245571767,41.79896585628417,0.3486151880930048,low,-0.27358828803895374,landsat_gee,True
NSR-GRID-028,LC09_L2SP_176039_20250828_20250830_02_T1,2025-08-28,-3.4973251072278586,-3.0800117036370267,40.69532276165244,0.35881133428261586,medium,-0.4173134035908319,landsat_gee,True
NSR-GRID-029,LC09_L2SP_176039_20250828_20250830_02_T1,2025-08-28,-2.18336692385266,-1.767956983575224,42.00928094502764,0.36241124977048317,medium,-0.41540994027743605,landsat_gee,True
NSR-GRID-030,LC09_L2SP_176039_20250828_20250830_02_T1,2025-08-28,-2.182547841751912,-1.3800906160333508,42.01010002712839,0.3425455201729751,low,-0.8024572257185614,landsat_gee,True
NSR-GRID-031,LC09_L2SP_176039_20250828_20250830_02_T1,2025-08-28,-0.25098385042903,0.14114347514001643,43.94166401845127,0.32090023646096727,low,-0.3921273255690464,landsat_gee,True
NSR-GRID-032,LC09_L2SP_176039_20250828_20250830_02_T1,2025-08-28,0.3443601318030218,0.7464850216598033,44.53700800068332,0.37509495099999046,medium,-0.4021248898567816,landsat_gee,True
NSR-GRID-033,LC09_L2SP_176039_20250828_20250830_02_T1,2025-08-28,4.361234888078357,3.4212683855629056,48.55388275695866,0.33569601613395506,low,0.9399665025154516,landsat_gee,True
NSR-GRID-034,LC09_L2SP_176039_20250828_20250830_02_T1,2025-08-28,2.259592233501877,1.869137691570881,46.45224010238218,0.3222246996706394,low,0.39045454193099594,landsat_gee,True
NSR-GRID-035,LC09_L2SP_176039_20250828_20250830_02_T1,2025-08-28,2.695081272800863,2.5879227420094075,46.88772914168116,0.3175562526923634,low,0.10715853079145532,landsat_gee,True
NSR-GRID-036,LC09_L2SP_176039_20250828_20250830_02_T1,2025-08-28,3.031023538154919,2.7958901793586692,47.22367140703522,0.32087925006441265,low,0.23513335879624986,landsat_gee,True
NSR-GRID-037,LC09_L2SP_176039_20250828_20250830_02_T1,2025-08-28,2.0107007074288745,1.7943581551551564,46.203348576309175,0.3316968886633162,low,0.21634255227371813,landsat_gee,True
NSR-GRID-038,LC09_L2SP_176039_20250828_20250830_02_T1,2025-08-28,2.968577579140195,2.7688143556515343,47.161225448020495,0.3716613851927527,medium,0.19976322348866082,landsat_gee,True
NSR-GRID-039,LC09_L2SP_176039_20250828_20250830_02_T1,2025-08-28,1.6590470609798516,1.5495404388857221,45.85169492986015,0.3838438312954428,medium,0.10950662209412942,landsat_gee,True
NSR-GRID-040,LC09_L2SP_176039_20250828_20250830_02_T1,2025-08-28,1.5638310516125102,1.4160040320812202,45.75647892049281,0.3937915734192815,medium,0.14782701953129007,landsat_gee,True
NSR-GRID-041,LC09_L2SP_176039_20250828_20250830_02_T1,2025-08-28,-2.1836924378707607,-1.7881267159446734,42.00895543100954,0.35549280458453036,medium,-0.3955657219260873,landsat_gee,True
NSR-GRID-042,LC09_L2SP_176039_20250828_20250830_02_T1,2025-08-28,2.019033144611996,1.7326952601214787,46.211681013492296,0.3211733456933311,low,0.28633788449051734,landsat_gee,True
NSR-GRID-043,LC09_L2SP_176039_20250828_20250830_02_T1,2025-08-28,2.0386895937581286,1.819564425588049,46.23133746263843,0.35588917742805043,medium,0.21912516817007965,landsat_gee,True
NSR-GRID-044,LC09_L2SP_176039_20250828_20250830_02_T1,2025-08-28,-0.7639870510766613,-0.9267155351440182,43.42866081780364,0.49277981603851506,medium,0.16272848406735685,landsat_gee,True
NSR-GRID-045,LC09_L2SP_176039_20250828_20250830_02_T1,2025-08-28,1.498416380790573,1.3550481925838,45.69106424967087,0.2642795573183173,low,0.143368188206773,landsat_gee,True
NSR-GRID-046,LC09_L2SP_176039_20250828_20250830_02_T1,2025-08-28,1.7164313639013429,1.725216450076868,45.90907923278164,0.36042952400415496,medium,-0.008785086175525203,landsat_gee,True
NSR-GRID-047,LC09_L2SP_176039_20250828_20250830_02_T1,2025-08-28,1.7690778758682413,1.5425935617663327,45.96172574474854,0.2422862569414032,low,0.2264843141019086,landsat_gee,True
NSR-GRID-048,LC09_L2SP_176039_20250828_20250830_02_T1,2025-08-28,2.405240389915022,2.12622658348678,46.59788825879532,0.40857090364254445,medium,0.2790138064282419,landsat_gee,True
NSR-GRID-049,LC09_L2SP_176039_20250828_20250830_02_T1,2025-08-28,1.265129675132421,1.359524801396871,45.45777754401272,0.24467368989056398,low,-0.09439512626445001,landsat_gee,True
NSR-GRID-050,LC09_L2SP_176039_20250828_20250830_02_T1,2025-08-28,1.9195145215318303,1.8506394574493508,46.11216239041213,0.3766635245564922,medium,0.06887506408247956,landsat_gee,True
NSR-GRID-051,LC09_L2SP_176039_20250828_20250830_02_T1,2025-08-28,0.4533038288054314,0.3785875580106691,44.64595169768573,0.201174921435989,low,0.07471627079476229,landsat_gee,True
NSR-GRID-052,LC09_L2SP_176039_20250828_20250830_02_T1,2025-08-28,-3.254122087117693,-2.8884760456678262,40.93852578176261,0.32918793177391903,low,-0.36564604144986657,landsat_gee,True
NSR-GRID-053,LC09_L2SP_176039_20250828_20250830_02_T1,2025-08-28,0.8225984402936888,0.5906654084105543,45.01524630917399,0.21786416670733985,low,0.23193303188313452,landsat_gee,True
NSR-GRID-054,LC09_L2SP_176039_20250828_20250830_02_T1,2025-08-28,-3.243422611500577,-3.052092215379204,40.94922525737972,0.348292726311909,low,-0.19133039612137326,landsat_gee,True
NSR-GRID-055,LC09_L2SP_176039_20250828_20250830_02_T1,2025-08-28,-0.9961876849342204,-1.1833722307659205,43.19646018394608,0.3230653077196905,low,0.18718454583170008,landsat_gee,True
NSR-GRID-056,LC09_L2SP_176039_20250828_20250830_02_T1,2025-08-28,0.2988615124586502,-0.010024355159558207,44.49150938133895,0.3511542807884638,medium,0.3088858676182084,landsat_gee,True
NSR-GRID-057,LC09_L2SP_176039_20250828_20250830_02_T1,2025-08-28,-1.2870962740225238,-0.9222259860546016,42.905551594857776,0.3491785340852667,low,-0.3648702879679222,landsat_gee,True
NSR-GRID-058,LC09_L2SP_176039_20250828_20250830_02_T1,2025-08-28,-2.8865766161082007,-2.3031185633095927,41.3060712527721,0.327313209079082,low,-0.583458052798608,landsat_gee,True
NSR-GRID-059,LC09_L2SP_176039_20250828_20250830_02_T1,2025-08-28,-2.234728847934427,-1.6730126736887527,41.95791902094587,0.33940652936958104,low,-0.5617161742456744,landsat_gee,True
NSR-GRID-060,LC09_L2SP_176039_20250828_20250830_02_T1,2025-08-28,-1.936904997425927,-1.4219732861061076,42.25574287145437,0.35487280665639986,medium,-0.5149317113198193,landsat_gee,True
NSR-GRID-061,LC09_L2SP_176039_20250828_20250830_02_T1,2025-08-28,0.8444169236758228,0.9453654825878783,45.03706479255612,0.2805502888153677,low,-0.10094855891205556,landsat_gee,True
NSR-GRID-062,LC09_L2SP_176039_20250828_20250830_02_T1,2025-08-28,0.98816755726709,1.1152401524383941,45.18081542614739,0.3214906137822897,low,-0.1270725951713041,landsat_gee,True
NSR-GRID-063,LC09_L2SP_176039_20250828_20250830_02_T1,2025-08-28,2.860715309419966,2.5047818358399097,47.053363178300266,0.36511967661792705,medium,0.35593347358005634,landsat_gee,True
NSR-GRID-064,LC09_L2SP_176039_20250828_20250830_02_T1,2025-08-28,1.8537227541641808,1.5278279211225965,46.04637062304448,0.3494580854821303,low,0.3258948330415843,landsat_gee,True
NSR-GRID-065,LC09_L2SP_176039_20250828_20250830_02_T1,2025-08-28,-0.9968572151767034,-1.108921116023671,43.1957906537036,0.4046104913792526,medium,0.11206390084696749,landsat_gee,True
NSR-GRID-066,LC09_L2SP_176039_20250828_20250830_02_T1,2025-08-28,2.957597869037116,2.846983963175382,47.150245737917416,0.3222133942050287,low,0.11061390586173392,landsat_gee,True
NSR-GRID-067,LC09_L2SP_176039_20250828_20250830_02_T1,2025-08-28,2.6168489338690577,2.2272233645277537,46.80949680274936,0.3280721222002331,low,0.389625569341304,landsat_gee,True
NSR-GRID-068,LC09_L2SP_176039_20250828_20250830_02_T1,2025-08-28,-0.6538187271517941,-0.8683902018732211,43.538829141728506,0.49377447615148706,medium,0.214571474721427,landsat_gee,True
NSR-GRID-069,LC09_L2SP_176039_20250828_20250830_02_T1,2025-08-28,-0.2631711104340581,-0.21905593564224532,43.92947675844624,0.39084982746186797,medium,-0.04411517479181279,landsat_gee,True
NSR-GRID-070,LC09_L2SP_176039_20250828_20250830_02_T1,2025-08-28,1.9758441403314464,1.6350742806472254,46.16849200921175,0.339956601458773,low,0.340769859684221,landsat_gee,True
NSR-GRID-071,LC09_L2SP_176039_20250828_20250830_02_T1,2025-08-28,2.404678919882052,1.8761661091954192,46.59732678876235,0.3343944090750306,low,0.5285128106866328,landsat_gee,True
NSR-GRID-072,LC09_L2SP_176039_20250828_20250830_02_T1,2025-08-28,1.600075288699081,1.4402342761691864,45.79272315757938,0.24887781791305255,low,0.15984101252989458,landsat_gee,True
NSR-GRID-073,LC09_L2SP_176039_20250828_20250830_02_T1,2025-08-28,1.6706072343410483,1.285274312150106,45.86325510322135,0.26281590661577886,low,0.3853329221909423,landsat_gee,True
NSR-GRID-074,LC09_L2SP_176039_20250828_20250830_02_T1,2025-08-28,0.996736942024178,1.056611094657306,45.18938481090448,0.23338135305994623,low,-0.05987415263312801,landsat_gee,True
NSR-GRID-075,LC09_L2SP_176039_20250828_20250830_02_T1,2025-08-28,1.1222628259321257,0.9962004827914328,45.314910694812426,0.25462183071001043,low,0.12606234314069287,landsat_gee,True
NSR-GRID-076,LC09_L2SP_176039_20250828_20250830_02_T1,2025-08-28,0.9110831220891668,0.6835963321149796,45.10373099096947,0.2420959039769349,low,0.22748678997418714,landsat_gee,True
NSR-GRID-077,LC09_L2SP_176039_20250828_20250830_02_T1,2025-08-28,-0.6464835914030189,-0.7772416892206259,43.54616427747728,0.17281027199918378,low,0.13075809781760694,landsat_gee,True
NSR-GRID-079,LC09_L2SP_176039_20250828_20250830_02_T1,2025-08-28,0.3009384864422344,0.2845040333083454,44.493586355322535,0.22865795946718517,low,0.016434453133889027,landsat_gee,True
NSR-GRID-080,LC09_L2SP_176039_20250828_20250830_02_T1,2025-08-28,-3.0828599230191287,-3.0344799770466704,41.10978794586117,0.3120228309031819,low,-0.048379945972458316,landsat_gee,True
NSR-GRID-081,LC09_L2SP_176039_20250828_20250830_02_T1,2025-08-28,0.3427299854925465,0.19853322264930476,44.53537785437285,0.2340990766840699,low,0.14419676284324176,landsat_gee,True
NSR-GRID-082,LC09_L2SP_176039_20250828_20250830_02_T1,2025-08-28,-0.6720638901921632,-0.9292354331944034,43.52058397868814,0.3740862194948129,medium,0.2571715430022402,landsat_gee,True
NSR-GRID-083,LC09_L2SP_176039_20250828_20250830_02_T1,2025-08-28,-0.2418376766336294,-0.15631092655239753,43.95081019224667,0.3690949424685327,medium,-0.08552675008123187,landsat_gee,True
NSR-GRID-084,LC09_L2SP_176039_20250828_20250830_02_T1,2025-08-28,-0.0189771884998677,0.5349996038396488,44.17367068038043,0.3801450357291212,medium,-0.5539767923395166,landsat_gee,True
NSR-GRID-085,LC09_L2SP_176039_20250828_20250830_02_T1,2025-08-28,-1.8616902809721625,-1.287904425278494,42.33095758790814,0.38412683970991907,medium,-0.5737858556936686,landsat_gee,True
NSR-GRID-086,LC09_L2SP_176039_20250828_20250830_02_T1,2025-08-28,-2.0034425098262574,-1.627685360874643,42.18920535905404,0.35746237736741315,medium,-0.3757571489516143,landsat_gee,True
NSR-GRID-087,LC09_L2SP_176039_20250828_20250830_02_T1,2025-08-28,-2.6219784349807256,-2.052046718646521,41.570669433899575,0.35292567715618,medium,-0.5699317163342044,landsat_gee,True
NSR-GRID-088,LC09_L2SP_176039_20250828_20250830_02_T1,2025-08-28,-0.9426192771246278,-0.680040198531826,43.25002859175567,0.3705909286313128,medium,-0.26257907859280183,landsat_gee,True
NSR-GRID-089,LC09_L2SP_176039_20250828_20250830_02_T1,2025-08-28,-1.238348161909613,-1.3048337137840549,42.95429970697069,0.3181911674439803,low,0.06648555187444183,landsat_gee,True
NSR-GRID-090,LC09_L2SP_176039_20250828_20250830_02_T1,2025-08-28,0.8763347728812931,0.47932664987568196,45.06898264176159,0.31868556192284114,low,0.39700812300561117,landsat_gee,True
NSR-GRID-091,LC09_L2SP_176039_20250828_20250830_02_T1,2025-08-28,1.865639143702232,1.3295422697774595,46.05828701258253,0.34797566250767986,low,0.5360968739247725,landsat_gee,True
NSR-GRID-092,LC09_L2SP_176039_20250828_20250830_02_T1,2025-08-28,-1.5639512942074418,-1.5727746329852297,42.62869657467286,0.4229952909506496,medium,0.008823338777787848,landsat_gee,True
NSR-GRID-093,LC09_L2SP_176039_20250828_20250830_02_T1,2025-08-28,0.0,-0.27382126969448334,44.1926478688803,0.39299492196223285,medium,0.27382126969448334,landsat_gee,True
NSR-GRID-094,LC09_L2SP_176039_20250828_20250830_02_T1,2025-08-28,-1.240074206382829,-1.3244433252805083,42.95257366249747,0.40228210779762147,medium,0.0843691188976794,landsat_gee,True
NSR-GRID-095,LC09_L2SP_176039_20250828_20250830_02_T1,2025-08-28,0.0735372421622173,0.04448777266606552,44.26618511104252,0.390883157074029,medium,0.02904946949615178,landsat_gee,True
NSR-GRID-096,LC09_L2SP_176039_20250828_20250830_02_T1,2025-08-28,-0.7553041007237766,-0.6668119722300693,43.43734376815652,0.4428185438053819,medium,-0.08849212849370736,landsat_gee,True
NSR-GRID-097,LC09_L2SP_176039_20250828_20250830_02_T1,2025-08-28,-0.2995929214980535,-0.16419027530014726,43.89305494738225,0.31808072815430444,low,-0.13540264619790623,landsat_gee,True
NSR-GRID-098,LC09_L2SP_176039_20250828_20250830_02_T1,2025-08-28,-0.2837641691324037,-0.6612333056365725,43.908883699747896,0.32110889570195084,low,0.37746913650416875,landsat_gee,True
NSR-GRID-099,LC09_L2SP_176039_20250828_20250830_02_T1,2025-08-28,-0.721635697740858,-0.9399692880851431,43.47101217113944,0.28924403009255983,low,0.21833359034428512,landsat_gee,True
NSR-GRID-100,LC09_L2SP_176039_20250828_20250830_02_T1,2025-08-28,-1.3389182402938289,-1.578934026942327,42.85372962858647,0.19951134305701776,low,0.2400157866484982,landsat_gee,True
NSR-GRID-101,LC09_L2SP_176039_20250828_20250830_02_T1,2025-08-28,-1.295345347617079,-1.3215521386487281,42.89730252126322,0.1629711570989752,low,0.026206791031649024,landsat_gee,True
NSR-GRID-102,LC09_L2SP_176039_20250828_20250830_02_T1,2025-08-28,0.6161810497508071,0.5826882762095176,44.80882891863111,0.19945541275330048,low,0.033492773541289544,landsat_gee,True
NSR-GRID-103,LC09_L2SP_176039_20250828_20250830_02_T1,2025-08-28,0.392704208432626,0.32206056719298587,44.585352077312926,0.2300223369130816,low,0.07064364123964012,landsat_gee,True
NSR-GRID-104,LC09_L2SP_176039_20250828_20250830_02_T1,2025-08-28,1.472708099142828,1.4143470408753493,45.66535596802313,0.24110666408779136,low,0.05836105826747873,landsat_gee,True
NSR-GRID-105,LC09_L2SP_176039_20250828_20250830_02_T1,2025-08-28,-2.614853082992447,-2.5788752280282825,41.57779478588785,0.31247127642352024,low,-0.03597785496416428,landsat_gee,True
NSR-GRID-106,LC09_L2SP_176039_20250828_20250830_02_T1,2025-08-28,0.1739491852555375,0.17799089775023796,44.36659705413584,0.21773554082860339,low,-0.004041712494700478,landsat_gee,True
NSR-GRID-107,LC09_L2SP_176039_20250828_20250830_02_T1,2025-08-28,-1.8680778048515023,-2.0287114564979647,42.3245700640288,0.3858009427815364,medium,0.16063365164646237,landsat_gee,True
NSR-GRID-108,LC09_L2SP_176039_20250828_20250830_02_T1,2025-08-28,-2.748368247941805,-2.7577289118493917,41.444279620938495,0.34691857194577425,low,0.00936066390758672,landsat_gee,True
NSR-GRID-109,LC09_L2SP_176039_20250828_20250830_02_T1,2025-08-28,-3.8163312843973785,-3.6534895228434707,40.37631658448292,0.3539563516676757,medium,-0.16284176155390773,landsat_gee,True
NSR-GRID-110,LC09_L2SP_176039_20250828_20250830_02_T1,2025-08-28,-3.7468253040321926,-3.50261205313466,40.44582256484811,0.34680422344220585,low,-0.24421325089753276,landsat_gee,True
NSR-GRID-111,LC09_L2SP_176039_20250828_20250830_02_T1,2025-08-28,-3.6303914779562376,-3.424602461452859,40.56225639092406,0.3484189513432087,low,-0.20578901650337844,landsat_gee,True
NSR-GRID-112,LC09_L2SP_176039_20250828_20250830_02_T1,2025-08-28,-2.6714552826015634,-2.436721205017485,41.52119258627874,0.40932894247039275,medium,-0.23473407758407827,landsat_gee,True
NSR-GRID-113,LC09_L2SP_176039_20250828_20250830_02_T1,2025-08-28,-4.2289946438601405,-4.03218335683265,39.96365322502016,0.3318509831721738,low,-0.19681128702749007,landsat_gee,True
NSR-GRID-114,LC09_L2SP_176039_20250828_20250830_02_T1,2025-08-28,-3.867514666485554,-3.898213702383039,40.325133202394746,0.34525973371508323,low,0.030699035897484794,landsat_gee,True
NSR-GRID-115,LC09_L2SP_176039_20250828_20250830_02_T1,2025-08-28,-1.4569310668306985,-1.8539654026722037,42.7357168020496,0.3691206312418541,medium,0.39703433584150516,landsat_gee,True
NSR-GRID-116,LC09_L2SP_176039_20250828_20250830_02_T1,2025-08-28,0.697284114945738,0.6158610445167509,44.88993198382604,0.3718094964976245,medium,0.08142307042898711,landsat_gee,True
NSR-GRID-117,LC09_L2SP_176039_20250828_20250830_02_T1,2025-08-28,1.0753578547576197,1.311305654627856,45.26800572363792,0.3068364429682046,low,-0.2359477998702364,landsat_gee,True
NSR-GRID-118,LC09_L2SP_176039_20250828_20250830_02_T1,2025-08-28,0.3252398698960164,0.40602204314559115,44.51788773877632,0.32452625226606036,low,-0.08078217324957476,landsat_gee,True
NSR-GRID-119,LC09_L2SP_176039_20250828_20250830_02_T1,2025-08-28,-3.738598083092533,-3.6347554250947254,40.45404978578777,0.4754150743765292,medium,-0.10384265799780756,landsat_gee,True
NSR-GRID-120,LC09_L2SP_176039_20250828_20250830_02_T1,2025-08-28,-3.793640243426374,-3.4154010609829246,40.399007625453926,0.5014755414436736,medium,-0.37823918244344945,landsat_gee,True
NSR-GRID-121,LC09_L2SP_176039_20250828_20250830_02_T1,2025-08-28,-1.5561468052498313,-1.230319828134612,42.63650106363047,0.4494126590937554,medium,-0.32582697711521935,landsat_gee,True
NSR-GRID-122,LC09_L2SP_176039_20250828_20250830_02_T1,2025-08-28,-0.8427855095751227,-0.7464666883760772,43.34986235930518,0.34826697101844917,low,-0.09631882119904545,landsat_gee,True
NSR-GRID-123,LC09_L2SP_176039_20250828_20250830_02_T1,2025-08-28,-0.4596992424618022,-0.8539573651563703,43.7329486264185,0.35459761740010914,medium,0.3942581226945681,landsat_gee,True
NSR-GRID-124,LC09_L2SP_176039_20250828_20250830_02_T1,2025-08-28,-0.693963464392894,-0.9226875118435275,43.498684404487406,0.33019970034906454,low,0.22872404745063346,landsat_gee,True
NSR-GRID-125,LC09_L2SP_176039_20250828_20250830_02_T1,2025-08-28,-1.8356363583096569,-1.7662257922291493,42.35701151057064,0.1911209227983153,low,-0.06941056608050755,landsat_gee,True
NSR-GRID-126,LC09_L2SP_176039_20250828_20250830_02_T1,2025-08-28,0.4394519856872421,0.5871246793533645,44.63209985456754,0.2204376752944037,low,-0.14767269366612246,landsat_gee,True
NSR-GRID-127,LC09_L2SP_176039_20250828_20250830_02_T1,2025-08-28,0.8828257791433813,1.1266956787120446,45.07547364802368,0.22474968997117278,low,-0.24386989956866323,landsat_gee,True
NSR-GRID-128,LC09_L2SP_176039_20250828_20250830_02_T1,2025-08-28,-2.671278923655798,-2.6329612808439355,41.5213689452245,0.22069869519440335,low,-0.03831764281186256,landsat_gee,True
NSR-GRID-129,LC09_L2SP_176039_20250828_20250830_02_T1,2025-08-28,-0.1176897663030871,-0.05766938835817122,44.07495810257721,0.2304739511513964,low,-0.06002037794491588,landsat_gee,True
NSR-GRID-130,LC09_L2SP_176039_20250828_20250830_02_T1,2025-08-28,-2.324769718882223,-2.2798855025515867,41.86787814999808,0.36542822191143215,medium,-0.04488421633063622,landsat_gee,True
NSR-GRID-131,LC09_L2SP_176039_20250828_20250830_02_T1,2025-08-28,-1.0143152127518815,-1.2123937767437658,43.17833265612842,0.19024163602962205,low,0.19807856399188428,landsat_gee,True
NSR-GRID-132,LC09_L2SP_176039_20250828_20250830_02_T1,2025-08-28,-3.7564144000810975,-3.8053310434730987,40.4362334687992,0.3431277646274615,low,0.04891664339200119,landsat_gee,True
NSR-GRID-133,LC09_L2SP_176039_20250828_20250830_02_T1,2025-08-28,-3.769475411675458,-3.587862133028902,40.42317245720484,0.35956342535960495,medium,-0.18161327864655608,landsat_gee,True
NSR-GRID-134,LC09_L2SP_176039_20250828_20250830_02_T1,2025-08-28,-3.7010236393111313,-3.186687992116566,40.49162422956917,0.3527675820360382,medium,-0.5143356471945655,landsat_gee,True
NSR-GRID-135,LC09_L2SP_176039_20250828_20250830_02_T1,2025-08-28,-3.78089814307458,-3.4854614038280847,40.41174972580572,0.3331652242759075,low,-0.29543673924649516,landsat_gee,True
NSR-GRID-136,LC09_L2SP_176039_20250828_20250830_02_T1,2025-08-28,-3.2469394793790016,-2.9670510352634394,40.9457083895013,0.2442660279847088,low,-0.27988844411556224,landsat_gee,True
NSR-GRID-137,LC09_L2SP_176039_20250828_20250830_02_T1,2025-08-28,-3.677787747400849,-3.6172911998969557,40.51486012147945,0.33992286287514095,low,-0.06049654750389344,landsat_gee,True
NSR-GRID-138,LC09_L2SP_176039_20250828_20250830_02_T1,2025-08-28,-3.729358347173488,-3.8215963728417277,40.46328952170681,0.3353768270854873,low,0.09223802566823958,landsat_gee,True
NSR-GRID-139,LC09_L2SP_176039_20250828_20250830_02_T1,2025-08-28,-2.0180874616359787,-2.0451186372475547,42.17456040724432,0.384245865412827,medium,0.027031175611575975,landsat_gee,True
NSR-GRID-140,LC09_L2SP_176039_20250828_20250830_02_T1,2025-08-28,2.0072226627631693,2.1690744194819542,46.19987053164347,0.27625796734414065,low,-0.16185175671878493,landsat_gee,True
NSR-GRID-141,LC09_L2SP_176039_20250828_20250830_02_T1,2025-08-28,2.6493340487709176,2.579752663620354,46.84198191765122,0.259309260056327,low,0.06958138515056378,landsat_gee,True
NSR-GRID-142,LC09_L2SP_176039_20250828_20250830_02_T1,2025-08-28,-0.3055296749773077,-0.2618580981261013,43.88711819390299,0.3156523717450752,low,-0.04367157685120643,landsat_gee,True
NSR-GRID-143,LC09_L2SP_176039_20250828_20250830_02_T1,2025-08-28,-2.234274711749542,-2.1414423589952083,41.95837315713076,0.4285636695115373,medium,-0.09283235275433377,landsat_gee,True
NSR-GRID-144,LC09_L2SP_176039_20250828_20250830_02_T1,2025-08-28,-3.886912378467436,-3.537650526285742,40.305735490412864,0.4749123105131482,medium,-0.34926185218169437,landsat_gee,True
NSR-GRID-145,LC09_L2SP_176039_20250828_20250830_02_T1,2025-08-28,-1.7536393711916176,-1.4686174236026461,42.43900849768868,0.4367594673267857,medium,-0.2850219475889715,landsat_gee,True
NSR-GRID-146,LC09_L2SP_176039_20250828_20250830_02_T1,2025-08-28,-0.7459771922825666,-0.8471368568073019,43.44667067659773,0.3297164614506397,low,0.10115966452473524,landsat_gee,True
NSR-GRID-147,LC09_L2SP_176039_20250828_20250830_02_T1,2025-08-28,-0.5664701727645607,-0.6645915069384031,43.62617769611574,0.338019551848479,low,0.09812133417384239,landsat_gee,True
NSR-GRID-148,LC09_L2SP_176039_20250828_20250830_02_T1,2025-08-28,-0.8579104845716614,-0.7096474700025371,43.33473738430864,0.2967606636553704,low,-0.14826301456912427,landsat_gee,True
NSR-GRID-149,LC09_L2SP_176039_20250828_20250830_02_T1,2025-08-28,-2.317365768949543,-2.123069273629913,41.87528209993076,0.31640695433384736,low,-0.19429649531962978,landsat_gee,True
NSR-GRID-150,LC09_L2SP_176039_20250828_20250830_02_T1,2025-08-28,-2.7666724206208926,-2.701588317619173,41.42597544825941,0.2431581223075451,low,-0.06508410300171974,landsat_gee,True
NSR-GRID-151,LC09_L2SP_176039_20250828_20250830_02_T1,2025-08-28,-1.083212455555966,-0.9479060550689437,43.109435413324334,0.20201919346326028,low,-0.13530640048702225,landsat_gee,True
NSR-GRID-152,LC09_L2SP_176039_20250828_20250830_02_T1,2025-08-28,-2.0321044240412576,-1.9350551875986268,42.16054344483904,0.35540137722286586,medium,-0.09704923644263075,landsat_gee,True
NSR-GRID-153,LC09_L2SP_176039_20250828_20250830_02_T1,2025-08-28,-3.1151359182051834,-3.0812965283247293,41.07751195067512,0.3739122427723259,medium,-0.033839389880454096,landsat_gee,True
NSR-GRID-154,LC09_L2SP_176039_20250828_20250830_02_T1,2025-08-28,-3.5761945506284434,-3.519998361230281,40.61645331825186,0.3494855944464502,low,-0.0561961893981624,landsat_gee,True
NSR-GRID-155,LC09_L2SP_176039_20250828_20250830_02_T1,2025-08-28,-4.254782135675988,-4.015387691228645,39.93786573320431,0.34877592139475805,low,-0.2393944444473437,landsat_gee,True
NSR-GRID-156,LC09_L2SP_176039_20250828_20250830_02_T1,2025-08-28,-4.183541175782061,-4.086030525707365,40.00910669309824,0.33743780172671883,low,-0.09751065007469606,landsat_gee,True
NSR-GRID-157,LC09_L2SP_176039_20250828_20250830_02_T1,2025-08-28,-3.871868013550937,-3.639041769736938,40.32077985532936,0.3165338163677357,low,-0.23282624381399897,landsat_gee,True
NSR-GRID-158,LC09_L2SP_176039_20250828_20250830_02_T1,2025-08-28,-4.156740157976458,-4.004080764290592,40.03590771090384,0.3448223652339281,low,-0.152659393685866,landsat_gee,True
NSR-GRID-159,LC09_L2SP_176039_20250828_20250830_02_T1,2025-08-28,-3.755032509181405,-3.666658328234372,40.437615359698896,0.35724207898567456,medium,-0.08837418094703287,landsat_gee,True
NSR-GRID-160,LC09_L2SP_176039_20250828_20250830_02_T1,2025-08-28,-2.5885879307257085,-2.6251208104722945,41.60405993815459,0.4110686876014116,medium,0.03653287974658603,landsat_gee,True
NSR-GRID-161,LC09_L2SP_176039_20250828_20250830_02_T1,2025-08-28,-1.1651643769122018,-1.015930592322799,43.0274834919681,0.38086796040264215,medium,-0.14923378458940273,landsat_gee,True
NSR-GRID-162,LC09_L2SP_176039_20250828_20250830_02_T1,2025-08-28,-0.3540871075007743,-0.2956489888075034,43.838560761379526,0.3399964499855196,low,-0.058438118693270924,landsat_gee,True
NSR-GRID-163,LC09_L2SP_176039_20250828_20250830_02_T1,2025-08-28,-0.506062317683643,-0.7958483136596076,43.68658555119666,0.39017730041521265,medium,0.28978599597596466,landsat_gee,True
NSR-GRID-164,LC09_L2SP_176039_20250828_20250830_02_T1,2025-08-28,-1.624740994416591,-1.7552157413719887,42.56790687446371,0.3802949417635261,medium,0.13047474695539774,landsat_gee,True
NSR-GRID-165,LC09_L2SP_176039_20250828_20250830_02_T1,2025-08-28,-3.5025229767442383,-3.422289709339878,40.69012489213606,0.4803874490624056,medium,-0.08023326740436021,landsat_gee,True
NSR-GRID-166,LC09_L2SP_176039_20250828_20250830_02_T1,2025-08-28,-1.525262219083828,-1.5101568512343486,42.66738564979647,0.44961314123050666,medium,-0.015105367849479467,landsat_gee,True
NSR-GRID-167,LC09_L2SP_176039_20250828_20250830_02_T1,2025-08-28,-0.8417721135274832,-0.8895583857622213,43.35087575535282,0.3563205362544453,medium,0.04778627223473819,landsat_gee,True
NSR-GRID-168,LC09_L2SP_176039_20250828_20250830_02_T1,2025-08-28,-0.9451527546190944,-0.7384727865919862,43.247495114261206,0.3492911310802839,low,-0.2066799680271082,landsat_gee,True
NSR-GRID-169,LC09_L2SP_176039_20250828_20250830_02_T1,2025-08-28,-1.1704509574565591,-1.0388708879576163,43.02219691142374,0.3213422780306348,low,-0.13158006949894285,landsat_gee,True
NSR-GRID-170,LC09_L2SP_176039_20250828_20250830_02_T1,2025-08-28,-1.3577425763442363,-1.294529510816291,42.834905292536064,0.2684293287494649,low,-0.06321306552794526,landsat_gee,True
NSR-GRID-171,LC09_L2SP_176039_20250828_20250830_02_T1,2025-08-28,-0.762351680485331,-0.8159379710742682,43.43029618839497,0.2041637198449716,low,0.05358629058893727,landsat_gee,True
NSR-GRID-172,LC09_L2SP_176039_20250828_20250830_02_T1,2025-08-28,-0.4430660481821533,-0.3852606460151718,43.74958182069815,0.17165894164064371,low,-0.05780540216698149,landsat_gee,True
NSR-GRID-173,LC09_L2SP_176039_20250828_20250830_02_T1,2025-08-28,0.683606374144837,0.6562296105334358,44.87625424302514,0.23409250760559333,low,0.02737676361140129,landsat_gee,True
NSR-GRID-174,LC09_L2SP_176039_20250828_20250830_02_T1,2025-08-28,-1.5903842434358495,-1.084835580917836,42.60226362544445,0.3157050744055341,low,-0.5055486625180134,landsat_gee,True
NSR-GRID-175,LC09_L2SP_176039_20250828_20250830_02_T1,2025-08-28,-3.6000051035728973,-3.330926236456467,40.5926427653074,0.3494875916989485,low,-0.26907886711643014,landsat_gee,True
NSR-GRID-176,LC09_L2SP_176039_20250828_20250830_02_T1,2025-08-28,-3.27066967864878,-3.402531331504511,40.92197819023152,0.32947615787760554,low,0.13186165285573104,landsat_gee,True
NSR-GRID-177,LC09_L2SP_176039_20250828_20250830_02_T1,2025-08-28,-3.2533220514873946,-3.3049527087778134,40.939325817392906,0.3428080665144714,low,0.051630657290418824,landsat_gee,True
NSR-GRID-178,LC09_L2SP_176039_20250828_20250830_02_T1,2025-08-28,-3.4111404499087925,-3.4744519901140047,40.78150741897151,0.341869670734676,low,0.06331154020521224,landsat_gee,True
NSR-GRID-179,LC09_L2SP_176039_20250828_20250830_02_T1,2025-08-28,-3.767926620117507,-3.734309199547805,40.42472124876279,0.3310995953953788,low,-0.03361742056970174,landsat_gee,True
NSR-GRID-180,LC09_L2SP_176039_20250828_20250830_02_T1,2025-08-28,-3.731707902038416,-3.646565687692441,40.460939966841885,0.331332160379351,low,-0.08514221434597502,landsat_gee,True
NSR-GRID-181,LC09_L2SP_176039_20250828_20250830_02_T1,2025-08-28,-2.4229482472763806,-2.777979420143388,41.76969962160392,0.3613828855338944,medium,0.35503117286700725,landsat_gee,True
NSR-GRID-182,LC09_L2SP_176039_20250828_20250830_02_T1,2025-08-28,-1.993363268508098,-2.2308015000732273,42.1992846003722,0.3917007735807279,medium,0.23743823156512933,landsat_gee,True
NSR-GRID-183,LC09_L2SP_176039_20250828_20250830_02_T1,2025-08-28,-1.2919645332826022,-1.460454816643677,42.9006833355977,0.3907320434591728,medium,0.16849028336107486,landsat_gee,True
NSR-GRID-184,LC09_L2SP_176039_20250828_20250830_02_T1,2025-08-28,-1.4201640726298024,-1.3821679106197184,42.7724837962505,0.39180453103406704,medium,-0.037996162010083934,landsat_gee,True
NSR-GRID-185,LC09_L2SP_176039_20250828_20250830_02_T1,2025-08-28,-0.699198861180335,-0.9906667764935618,43.493449007699965,0.34759579717683764,low,0.2914679153132268,landsat_gee,True
NSR-GRID-186,LC09_L2SP_176039_20250828_20250830_02_T1,2025-08-28,-1.067963632229258,-1.609234310521813,43.12468423665104,0.4117100898758741,medium,0.5412706782925549,landsat_gee,True
NSR-GRID-187,LC09_L2SP_176039_20250828_20250830_02_T1,2025-08-28,-1.4593001775182015,-1.8382062816581342,42.7333476913621,0.4608305232981503,medium,0.37890610413993264,landsat_gee,True
NSR-GRID-188,LC09_L2SP_176039_20250828_20250830_02_T1,2025-08-28,-2.2269757788413287,-2.0759604405172136,41.96567209003897,0.42830395808069444,medium,-0.15101533832411507,landsat_gee,True
NSR-GRID-189,LC09_L2SP_176039_20250828_20250830_02_T1,2025-08-28,-2.636687692779041,-2.5197487601720696,41.55596017610126,0.43992587714965614,medium,-0.11693893260697141,landsat_gee,True
NSR-GRID-190,LC09_L2SP_176039_20250828_20250830_02_T1,2025-08-28,-3.029543947663548,-2.4316636812552503,41.16310392121675,0.3576037929422985,medium,-0.5978802664082976,landsat_gee,True
NSR-GRID-191,LC09_L2SP_176039_20250828_20250830_02_T1,2025-08-28,-2.169296666567021,-1.465288317181341,42.02335120231328,0.31549991998700894,low,-0.7040083493856799,landsat_gee,True
NSR-GRID-192,LC09_L2SP_176039_20250828_20250830_02_T1,2025-08-28,-0.0260715456761673,0.2552675248888737,44.16657632320413,0.21913438829053405,low,-0.28133907056504104,landsat_gee,True
NSR-GRID-193,LC09_L2SP_176039_20250828_20250830_02_T1,2025-08-28,-1.159319432627477,-0.4995134385806333,43.03332843625282,0.36929222368208436,medium,-0.6598059940468437,landsat_gee,True
NSR-GRID-194,LC09_L2SP_176039_20250828_20250830_02_T1,2025-08-28,0.4286754309758365,0.44172400448226423,44.62132329985614,0.2657561705034906,low,-0.01304857350642774,landsat_gee,True
NSR-GRID-195,LC09_L2SP_176039_20250828_20250830_02_T1,2025-08-28,-3.3139870627201238,-3.1192932089830703,40.87866080616018,0.34845299094004795,low,-0.1946938537370535,landsat_gee,True
NSR-GRID-196,LC09_L2SP_176039_20250828_20250830_02_T1,2025-08-28,-1.0009375154231537,-0.7624986037756035,43.19171035345715,0.2592739895681226,low,-0.23843891164755016,landsat_gee,True
NSR-GRID-197,LC09_L2SP_176039_20250828_20250830_02_T1,2025-08-28,-3.21487104217109,-3.245341297744332,40.97777682670921,0.3094270860856702,low,0.0304702555732419,landsat_gee,True
NSR-GRID-198,LC09_L2SP_176039_20250828_20250830_02_T1,2025-08-28,-3.408239989888066,-3.2925660193491204,40.78440787899223,0.25677947475581203,low,-0.11567397053894579,landsat_gee,True
NSR-GRID-199,LC09_L2SP_176039_20250828_20250830_02_T1,2025-08-28,-4.163352288689694,-3.9777817749690882,40.029295580190606,0.3556373348929559,medium,-0.18557051372060585,landsat_gee,True
NSR-GRID-200,LC09_L2SP_176039_20250828_20250830_02_T1,2025-08-28,-3.3255297180392134,-3.4843426203994126,40.86711815084109,0.35071422985915823,medium,0.15881290236019918,landsat_gee,True
NSR-GRID-201,LC09_L2SP_176039_20250828_20250830_02_T1,2025-08-28,-2.983255289511753,-3.2210246452535958,41.20939257936855,0.38333956259153756,medium,0.23776935574184277,landsat_gee,True
NSR-GRID-202,LC09_L2SP_176039_20250828_20250830_02_T1,2025-08-28,-2.146867649387069,-2.426493003585649,42.04578021949323,0.36516894380703646,medium,0.27962535419858003,landsat_gee,True
NSR-GRID-203,LC09_L2SP_176039_20250828_20250830_02_T1,2025-08-28,0.7243692839183851,0.27772137773972827,44.917017152798685,0.42466597126458167,medium,0.4466479061786568,landsat_gee,True
NSR-GRID-204,LC09_L2SP_176039_20250828_20250830_02_T1,2025-08-28,-2.0188484209937982,-2.040386361066841,42.1737994478865,0.3751692593606021,medium,0.021537940073042883,landsat_gee,True
NSR-GRID-205,LC09_L2SP_176039_20250828_20250830_02_T1,2025-08-28,-1.6562617224282905,-1.682488706634321,42.53638614645201,0.38826753765787203,medium,0.026226984206030535,landsat_gee,True
NSR-GRID-206,LC09_L2SP_176039_20250828_20250830_02_T1,2025-08-28,-1.8493372427075343,-1.9076506570264893,42.343310626172766,0.4099436816650888,medium,0.05831341431895498,landsat_gee,True
NSR-GRID-207,LC09_L2SP_176039_20250828_20250830_02_T1,2025-08-28,-2.1292897682809127,-2.029051692801964,42.06335810059939,0.4109706190766547,medium,-0.10023807547894847,landsat_gee,True
NSR-GRID-208,LC09_L2SP_176039_20250828_20250830_02_T1,2025-08-28,-1.7425095115190814,-1.6994357559094884,42.45013835736122,0.42712881803037384,medium,-0.043073755609593034,landsat_gee,True
NSR-GRID-209,LC09_L2SP_176039_20250828_20250830_02_T1,2025-08-28,-1.7894386315198716,-1.5117147340886512,42.40320923736043,0.41890606928543617,medium,-0.2777238974312204,landsat_gee,True
NSR-GRID-210,LC09_L2SP_176039_20250828_20250830_02_T1,2025-08-28,-0.9515634269689954,-1.1198309425002049,43.241084441911305,0.4139961090881604,medium,0.16826751553120944,landsat_gee,True
NSR-GRID-211,LC09_L2SP_176039_20250828_20250830_02_T1,2025-08-28,-1.7645919925749496,-1.7266447888238323,42.42805587630535,0.4207500289929167,medium,-0.037947203751117264,landsat_gee,True
NSR-GRID-212,LC09_L2SP_176039_20250828_20250830_02_T1,2025-08-28,-0.985577968962012,-0.643113430440121,43.20706989991829,0.3581852993388047,medium,-0.34246453852189096,landsat_gee,True
NSR-GRID-213,LC09_L2SP_176039_20250828_20250830_02_T1,2025-08-28,-0.1332335447379975,0.016564384420357094,44.0594143241423,0.284597728398832,low,-0.1497979291583546,landsat_gee,True
NSR-GRID-214,LC09_L2SP_176039_20250828_20250830_02_T1,2025-08-28,-4.20638129967751,-3.8733795010452945,39.98626656920279,0.3722272492209701,medium,-0.33300179863221535,landsat_gee,True
NSR-GRID-215,LC09_L2SP_176039_20250828_20250830_02_T1,2025-08-28,-3.737331119907076,-3.632084739047887,40.455316748973225,0.31978747450445133,low,-0.1052463808591888,landsat_gee,True
NSR-GRID-216,LC09_L2SP_176039_20250828_20250830_02_T1,2025-08-28,-2.414455306469627,-2.3883762860600943,41.77819256241067,0.32729245469203716,low,-0.026079020409532472,landsat_gee,True
NSR-GRID-217,LC09_L2SP_176039_20250828_20250830_02_T1,2025-08-28,-3.05783306550515,-3.041411188961385,41.13481480337515,0.37105681300679727,medium,-0.016421876543765368,landsat_gee,True
NSR-GRID-218,LC09_L2SP_176039_20250828_20250830_02_T1,2025-08-28,-2.532757751734138,-2.5883652433197124,41.65989011714616,0.37080087801897776,medium,0.05560749158557421,landsat_gee,True
NSR-GRID-219,LC09_L2SP_176039_20250828_20250830_02_T1,2025-08-28,-1.189341102166459,-1.4165835817112407,43.00330676671384,0.38478097391561106,medium,0.2272424795447816,landsat_gee,True
NSR-GRID-220,LC09_L2SP_176039_20250828_20250830_02_T1,2025-08-28,-0.4580874514100301,-0.8058828847227149,43.73456041747027,0.39647621284486156,medium,0.34779543331268475,landsat_gee,True
NSR-GRID-221,LC09_L2SP_176039_20250828_20250830_02_T1,2025-08-28,-0.9402718415431792,-1.0544210142922592,43.25237602733712,0.40738093769990763,medium,0.11414917274907999,landsat_gee,True
NSR-GRID-222,LC09_L2SP_176039_20250828_20250830_02_T1,2025-08-28,-0.8824087392230524,-1.1614993008027696,43.31023912965725,0.40141476367300954,medium,0.27909056157971723,landsat_gee,True
NSR-GRID-223,LC09_L2SP_176039_20250828_20250830_02_T1,2025-08-28,-1.8465473217057424,-2.0645499503069358,42.34610054717456,0.4437396163561071,medium,0.21800262860119335,landsat_gee,True
NSR-GRID-224,LC09_L2SP_176039_20250828_20250830_02_T1,2025-08-28,-2.006501077037555,-2.034066879553551,42.186146791842745,0.48098369979713484,medium,0.02756580251599594,landsat_gee,True
NSR-GRID-225,LC09_L2SP_176039_20250828_20250830_02_T1,2025-08-28,-1.1249849958125324,-1.0315588250516567,43.06766287306777,0.4302639483244488,medium,-0.09342617076087567,landsat_gee,True
NSR-GRID-226,LC09_L2SP_176039_20250828_20250830_02_T1,2025-08-28,-1.2764661536826054,-1.1740956207917903,42.916181715197695,0.354305713917093,medium,-0.1023705328908151,landsat_gee,True
NSR-GRID-227,LC09_L2SP_176039_20250828_20250830_02_T1,2025-08-28,-1.6979938529097822,-1.7052489354866591,42.49465401597052,0.43220709949793024,medium,0.007255082576876903,landsat_gee,True
NSR-GRID-228,LC09_L2SP_176039_20250828_20250830_02_T1,2025-08-28,-1.671680599593401,-1.5617029215930929,42.5209672692869,0.41530100076209936,medium,-0.10997767800030811,landsat_gee,True
NSR-GRID-229,LC09_L2SP_176039_20250828_20250830_02_T1,2025-08-28,-1.0808387743594778,-1.0954289507006756,43.11180909452082,0.4441551234090936,medium,0.014590176341197747,landsat_gee,True
NSR-GRID-230,LC09_L2SP_176039_20250828_20250830_02_T1,2025-08-28,-1.526774846433078,-1.4189330676755652,42.66587302244722,0.38643803530310095,medium,-0.10784177875751277,landsat_gee,True
NSR-GRID-231,LC09_L2SP_176039_20250828_20250830_02_T1,2025-08-28,1.260302995284789,1.3686648364157623,45.45295086416509,0.31184111118200275,low,-0.10836184113097325,landsat_gee,True
NSR-GRID-232,LC09_L2SP_176039_20250828_20250830_02_T1,2025-08-28,-2.9343667381509064,-2.743431677951819,41.258281130729394,0.31521839093450355,low,-0.19093506019908757,landsat_gee,True
NSR-GRID-233,LC09_L2SP_176039_20250828_20250830_02_T1,2025-08-28,-3.4092216707687086,-3.2792051456292985,40.78342619811159,0.3728670009939873,medium,-0.1300165251394101,landsat_gee,True
NSR-GRID-234,LC09_L2SP_176039_20250828_20250830_02_T1,2025-08-28,-3.099023225951491,-3.0624552936244496,41.09362464292881,0.3705233529178321,medium,-0.036567932327041586,landsat_gee,True
NSR-GRID-235,LC09_L2SP_176039_20250828_20250830_02_T1,2025-08-28,-1.2293188586551551,-0.9943982035959389,42.963329010225145,0.3579033314391185,medium,-0.23492065505921622,landsat_gee,True
NSR-GRID-236,LC09_L2SP_176039_20250828_20250830_02_T1,2025-08-28,1.053895796251588,1.1942235831230696,45.24654366513189,0.3763137545843827,medium,-0.14032778687148162,landsat_gee,True
NSR-GRID-237,LC09_L2SP_176039_20250828_20250830_02_T1,2025-08-28,3.3436046464551907,3.0675758236657162,47.53625251533549,0.29997945097550743,low,0.2760288227894745,landsat_gee,True
NSR-GRID-238,LC09_L2SP_176039_20250828_20250830_02_T1,2025-08-28,1.770346464077818,1.7207814416648883,45.96299433295812,0.34388858889924034,low,0.049565022412929594,landsat_gee,True
NSR-GRID-239,LC09_L2SP_176039_20250828_20250830_02_T1,2025-08-28,0.8374439716909663,0.7624203791041765,45.03009184057127,0.3957756592578544,medium,0.07502359258678981,landsat_gee,True
NSR-GRID-240,LC09_L2SP_176039_20250828_20250830_02_T1,2025-08-28,0.7346225926364696,0.4960716966595057,44.92727046151677,0.3698762161504132,medium,0.23855089597696388,landsat_gee,True
NSR-GRID-241,LC09_L2SP_176039_20250828_20250830_02_T1,2025-08-28,-0.4977317563621284,-0.7893414628042079,43.69491611251817,0.4564157239329574,medium,0.2916097064420795,landsat_gee,True
NSR-GRID-242,LC09_L2SP_176039_20250828_20250830_02_T1,2025-08-28,-1.4560614092782984,-1.490992229617973,42.736586459602,0.4979510443967368,medium,0.03493082033967454,landsat_gee,True
NSR-GRID-243,LC09_L2SP_176039_20250828_20250830_02_T1,2025-08-28,-0.9083100812255792,-0.7521584361019605,43.28433778765472,0.39178216131253263,medium,-0.15615164512361868,landsat_gee,True
NSR-GRID-244,LC09_L2SP_176039_20250828_20250830_02_T1,2025-08-28,0.8537889960838285,0.9941324279687724,45.04643686496413,0.2504659030121682,low,-0.14034343188494391,landsat_gee,True
NSR-GRID-245,LC09_L2SP_176039_20250828_20250830_02_T1,2025-08-28,0.8880809624881465,0.8449718900014207,45.08072883136845,0.34034920176182465,low,0.0431090724867258,landsat_gee,True
NSR-GRID-246,LC09_L2SP_176039_20250828_20250830_02_T1,2025-08-28,-0.0423605729813374,-0.21987781245631347,44.15028729589896,0.42184475264980653,medium,0.17751723947497605,landsat_gee,True
NSR-GRID-247,LC09_L2SP_176039_20250828_20250830_02_T1,2025-08-28,0.0615384029400232,-0.29573030149998086,44.25418627182032,0.37618699738470995,medium,0.3572687044400041,landsat_gee,True
NSR-GRID-248,LC09_L2SP_176039_20250828_20250830_02_T1,2025-08-28,-0.317740545709043,-0.5242047755907935,43.87490732317126,0.38717184955769646,medium,0.2064642298817505,landsat_gee,True
NSR-GRID-249,LC09_L2SP_176039_20250828_20250830_02_T1,2025-08-28,-1.52628747366969,-1.6194514616093914,42.66636039521061,0.3825415976526233,medium,0.09316398793970126,landsat_gee,True
NSR-GRID-250,LC09_L2SP_176039_20250828_20250830_02_T1,2025-08-28,1.1094693987015916,0.8781410742645493,45.30211726758189,0.24562470678528422,low,0.2313283244370422,landsat_gee,True
NSR-GRID-251,LC09_L2SP_176039_20250828_20250830_02_T1,2025-08-28,-2.244456132562888,-2.393172661128328,41.94819173631741,0.4054370956419318,medium,0.14871652856544015,landsat_gee,True
NSR-GRID-252,LC09_L2SP_176039_20250828_20250830_02_T1,2025-08-28,-2.5409351165154845,-2.6645572973005547,41.651712752364816,0.4115929028198514,medium,0.12362218078507015,landsat_gee,True
NSR-GRID-253,LC09_L2SP_176039_20250828_20250830_02_T1,2025-08-28,-2.5397626734066634,-2.5808425141870566,41.65288519547364,0.3677000079554461,medium,0.04107984078039317,landsat_gee,True
NSR-GRID-254,LC09_L2SP_176039_20250828_20250830_02_T1,2025-08-28,0.8688196864785098,0.7140310919961925,45.06146755535881,0.4155388839060118,medium,0.1547885944823173,landsat_gee,True
NSR-GRID-255,LC09_L2SP_176039_20250828_20250830_02_T1,2025-08-28,3.0911825158700026,2.781866574490441,47.2838303847503,0.3992075856411104,medium,0.30931594137956164,landsat_gee,True
NSR-GRID-256,LC09_L2SP_176039_20250828_20250830_02_T1,2025-08-28,1.1095861750715414,1.3854978891653456,45.30223404395184,0.33140860079202517,low,-0.2759117140938041,landsat_gee,True
NSR-GRID-257,LC09_L2SP_176039_20250828_20250830_02_T1,2025-08-28,-0.3767357901159158,-0.29231708154344493,43.815912078764384,0.28982410620705723,low,-0.08441870857247086,landsat_gee,True
NSR-GRID-258,LC09_L2SP_176039_20250828_20250830_02_T1,2025-08-28,-1.123752244902441,-0.9114806110891313,43.06889562397786,0.28477325423551647,low,-0.21227163381330982,landsat_gee,True
NSR-GRID-259,LC09_L2SP_176039_20250828_20250830_02_T1,2025-08-28,-2.450703852023821,-2.203779025011613,41.74194401685648,0.34848454312413735,low,-0.24692482701220797,landsat_gee,True
NSR-GRID-260,LC09_L2SP_176039_20250828_20250830_02_T1,2025-08-28,-2.48960201399953,-2.2163988949314004,41.70304585488077,0.3801082357736585,medium,-0.27320311906812966,landsat_gee,True
NSR-GRID-261,LC09_L2SP_176039_20250828_20250830_02_T1,2025-08-28,-0.3597515589358551,-0.3332972828687583,43.832896309944445,0.3304062252183992,low,-0.02645427606709677,landsat_gee,True
NSR-GRID-262,LC09_L2SP_176039_20250828_20250830_02_T1,2025-08-28,1.0795687058343546,1.2349828582937779,45.272216574714655,0.2304874988638707,low,-0.15541415245942325,landsat_gee,True
NSR-GRID-263,LC09_L2SP_176039_20250828_20250830_02_T1,2025-08-28,0.9923829289090024,1.226708703445554,45.1850307977893,0.2548879338541791,low,-0.23432577453655157,landsat_gee,True
NSR-GRID-264,LC09_L2SP_176039_20250828_20250830_02_T1,2025-08-28,1.2800962081767366,1.250206824506065,45.47274407705704,0.3266680696135251,low,0.029889383670671732,landsat_gee,True
NSR-GRID-265,LC09_L2SP_176039_20250828_20250830_02_T1,2025-08-28,-0.1032603273489201,-0.33518145638543345,44.08938754153138,0.44026873959815727,medium,0.23192112903651335,landsat_gee,True
NSR-GRID-266,LC09_L2SP_176039_20250828_20250830_02_T1,2025-08-28,-0.5478512379052276,-0.6965194619441372,43.64479663097507,0.3887384948760301,medium,0.14866822403890956,landsat_gee,True
NSR-GRID-267,LC09_L2SP_176039_20250828_20250830_02_T1,2025-08-28,-0.2982352648652266,-0.06887745641088801,43.89441260401507,0.40315783560357693,medium,-0.22935780845433862,landsat_gee,True
NSR-GRID-268,LC09_L2SP_176039_20250828_20250830_02_T1,2025-08-28,0.1867507559167691,-0.018751682614927535,44.37939862479707,0.2771208721968187,low,0.20550243853169664,landsat_gee,True
NSR-GRID-269,LC09_L2SP_176039_20250828_20250830_02_T1,2025-08-28,-0.1683052276240175,-0.03239999601213367,44.02434264125628,0.4506949797855333,medium,-0.13590523161188384,landsat_gee,True
NSR-GRID-270,LC09_L2SP_176039_20250828_20250830_02_T1,2025-08-28,1.4182163091952873,0.8903309364632943,45.61086417807559,0.337771757001252,low,0.527885372731993,landsat_gee,True
NSR-GRID-271,LC09_L2SP_176039_20250828_20250830_02_T1,2025-08-28,-1.2280928848118575,-1.1530970233690776,42.96455498406844,0.43253013206844954,medium,-0.07499586144277992,landsat_gee,True
NSR-GRID-272,LC09_L2SP_176039_20250828_20250830_02_T1,2025-08-28,-1.72095351157828,-1.7618147088122063,42.47169435730202,0.42060929380163203,medium,0.04086119723392634,landsat_gee,True
NSR-GRID-273,LC09_L2SP_176039_20250828_20250830_02_T1,2025-08-28,-0.0024127192708149,-0.15987990281839853,44.190235149609485,0.3743469827820282,medium,0.15746718354758363,landsat_gee,True
NSR-GRID-274,LC09_L2SP_176039_20250828_20250830_02_T1,2025-08-28,1.369161866216949,1.296223151400982,45.56180973509725,0.42337848989043175,medium,0.07293871481596681,landsat_gee,True
NSR-GRID-275,LC09_L2SP_176039_20250828_20250830_02_T1,2025-08-28,-0.8470967306981692,-0.6770946420746968,43.34555113818213,0.4048176710489704,medium,-0.17000208862347232,landsat_gee,True
NSR-GRID-276,LC09_L2SP_176039_20250828_20250830_02_T1,2025-08-28,-0.8098168685058198,-0.6105674791706556,43.38283100037448,0.2796269435407691,low,-0.19924938933516423,landsat_gee,True
NSR-GRID-277,LC09_L2SP_176039_20250828_20250830_02_T1,2025-08-28,-0.4767497963586038,-0.32102743201466166,43.715898072521696,0.22226285930993048,low,-0.15572236434394215,landsat_gee,True
NSR-GRID-278,LC09_L2SP_176039_20250828_20250830_02_T1,2025-08-28,-2.936686024717659,-2.6391701415485755,41.25596184416264,0.22451216464630244,low,-0.2975158831690834,landsat_gee,True
NSR-GRID-279,LC09_L2SP_176039_20250828_20250830_02_T1,2025-08-28,-0.7819911426834594,-0.7066643384626199,43.41065672619684,0.27361887784777283,low,-0.07532680422083948,landsat_gee,True
NSR-GRID-280,LC09_L2SP_176039_20250828_20250830_02_T1,2025-08-28,0.7882351859406569,0.7539332325792159,44.98088305482096,0.2676553880305765,low,0.03430195336144104,landsat_gee,True
NSR-GRID-281,LC09_L2SP_176039_20250828_20250830_02_T1,2025-08-28,1.03304129693759,1.2683526352086414,45.22568916581789,0.21977108169892132,low,-0.23531133827105144,landsat_gee,True
NSR-GRID-282,LC09_L2SP_176039_20250828_20250830_02_T1,2025-08-28,1.39582382334239,1.7139758907555955,45.58847169222269,0.258984538095506,low,-0.31815206741320545,landsat_gee,True
NSR-GRID-283,LC09_L2SP_176039_20250828_20250830_02_T1,2025-08-28,1.176044419462663,1.2084244023015522,45.36869228834296,0.29741207500134353,low,-0.03237998283888932,landsat_gee,True
NSR-GRID-284,LC09_L2SP_176039_20250828_20250830_02_T1,2025-08-28,0.4785400909642376,0.5293411776181618,44.67118795984454,0.27586319427609307,low,-0.05080108665392419,landsat_gee,True
NSR-GRID-285,LC09_L2SP_176039_20250828_20250830_02_T1,2025-08-28,1.887936096406463,1.7141431454784561,46.08058396528676,0.4292415827735714,medium,0.17379295092800695,landsat_gee,True
NSR-GRID-286,LC09_L2SP_176039_20250828_20250830_02_T1,2025-08-28,1.319868512170849,1.234595379475485,45.51251638105115,0.24941743786507492,low,0.08527313269536418,landsat_gee,True
NSR-GRID-287,LC09_L2SP_176039_20250828_20250830_02_T1,2025-08-28,1.6425605823879366,1.4540832727202666,45.83520845126824,0.4749077863135201,medium,0.18847730966766996,landsat_gee,True
NSR-GRID-288,LC09_L2SP_176039_20250828_20250830_02_T1,2025-08-28,2.0642824298252336,1.7343371840349977,46.256930298705534,0.4543006631763194,medium,0.3299452457902359,landsat_gee,True
NSR-GRID-289,LC09_L2SP_176039_20250828_20250830_02_T1,2025-08-28,0.3909323659204275,0.3672130948244968,44.58358023480073,0.3941598152072,medium,0.023719271095930694,landsat_gee,True
NSR-GRID-290,LC09_L2SP_176039_20250828_20250830_02_T1,2025-08-28,-1.1262269564249934,-0.7782544347108334,43.06642091245531,0.336762003712027,low,-0.34797252171415993,landsat_gee,True
NSR-GRID-291,LC09_L2SP_176039_20250828_20250830_02_T1,2025-08-28,0.2757963326971619,0.21288424487859217,44.46844420157746,0.27877305341309416,low,0.06291208781856975,landsat_gee,True
NSR-GRID-292,LC09_L2SP_176039_20250828_20250830_02_T1,2025-08-28,-1.3953489369231349,-0.9504908129661728,42.797298931957165,0.2645601783267768,low,-0.4448581239569621,landsat_gee,True
NSR-GRID-293,LC09_L2SP_176039_20250828_20250830_02_T1,2025-08-28,0.5366696068858943,0.9096359276043652,44.729317475766194,0.38869312016299706,medium,-0.3729663207184709,landsat_gee,True
NSR-GRID-294,LC09_L2SP_176039_20250828_20250830_02_T1,2025-08-28,1.1960386240643786,1.3981156225146025,45.38868649294468,0.3364825254624386,low,-0.20207699845022398,landsat_gee,True
NSR-GRID-295,LC09_L2SP_176039_20250828_20250830_02_T1,2025-08-28,2.299356041608057,1.923231517032184,46.49200391048836,0.23993689630886283,low,0.37612452457587287,landsat_gee,True
NSR-GRID-296,LC09_L2SP_176039_20250828_20250830_02_T1,2025-08-28,1.7015082749388597,1.6816572847549525,45.89415614381916,0.23202056096995663,low,0.019850990183907236,landsat_gee,True
NSR-GRID-297,LC09_L2SP_176039_20250828_20250830_02_T1,2025-08-28,1.7195685627587525,1.6173122386168084,45.91221643163905,0.23073224387198385,low,0.10225632414194408,landsat_gee,True
NSR-GRID-298,LC09_L2SP_176039_20250828_20250830_02_T1,2025-08-28,1.9827656926462467,1.698561145600454,46.17541356152655,0.2383456470083585,low,0.2842045470457928,landsat_gee,True
NSR-GRID-299,LC09_L2SP_176039_20250828_20250830_02_T1,2025-08-28,1.5533860561974748,1.292902729227138,45.746033925077775,0.22181452934469287,low,0.2604833269703368,landsat_gee,True
NSR-GRID-300,LC09_L2SP_176039_20250828_20250830_02_T1,2025-08-28,2.4549726206589213,2.4112566133047286,46.64762048953922,0.39534871256423,medium,0.043716007354192676,landsat_gee,True
NSR-GRID-302,LC09_L2SP_176039_20250828_20250830_02_T1,2025-08-28,3.1520090075651126,3.016941621923547,47.34465687644541,0.34503046815775223,low,0.13506738564156562,landsat_gee,True
NSR-GRID-303,LC09_L2SP_176039_20250828_20250830_02_T1,2025-08-28,0.9904352787760756,1.1056185618567402,45.183083147656376,0.244779053482964,low,-0.11518328308066461,landsat_gee,True
NSR-GRID-304,LC09_L2SP_176039_20250828_20250830_02_T1,2025-08-28,2.4478891025967826,1.9644565029313985,46.64053697147708,0.3667778533524973,medium,0.4834325996653841,landsat_gee,True
NSR-GRID-305,LC09_L2SP_176039_20250828_20250830_02_T1,2025-08-28,0.9386305678419832,0.916286430163377,45.13127843672228,0.4123896107929381,medium,0.022344137678606213,landsat_gee,True
NSR-GRID-306,LC09_L2SP_176039_20250828_20250830_02_T1,2025-08-28,-0.4788365448065832,-0.4620005711996517,43.71381132407372,0.3675866306437088,medium,-0.01683597360693151,landsat_gee,True
NSR-GRID-307,LC09_L2SP_176039_20250828_20250830_02_T1,2025-08-28,1.464533327122865,1.4003704371382701,45.657181196003165,0.33760993936527534,low,0.06416288998459496,landsat_gee,True
NSR-GRID-308,LC09_L2SP_176039_20250828_20250830_02_T1,2025-08-28,1.9701961150349088,1.8810310428201218,46.16284398391521,0.28871853600430314,low,0.08916507221478698,landsat_gee,True
NSR-GRID-309,LC09_L2SP_176039_20250828_20250830_02_T1,2025-08-28,2.4759533308589,2.3883557856513633,46.6686011997392,0.2694278874568709,low,0.0875975452075366,landsat_gee,True
NSR-GRID-310,LC09_L2SP_176039_20250828_20250830_02_T1,2025-08-28,2.5180950130473363,2.6142091881248146,46.71074288192764,0.2685167596483516,low,-0.09611417507747833,landsat_gee,True
NSR-GRID-311,LC09_L2SP_176039_20250828_20250830_02_T1,2025-08-28,3.0160311750509905,2.7466520544047754,47.20867904393129,0.2906813967990852,low,0.26937912064621505,landsat_gee,True
NSR-GRID-312,LC09_L2SP_176039_20250828_20250830_02_T1,2025-08-28,2.4573454576233478,2.1720753304436062,46.64999332650365,0.27024644916029034,low,0.28527012717974154,landsat_gee,True
NSR-GRID-313,LC09_L2SP_176039_20250828_20250830_02_T1,2025-08-28,2.3108438570726264,1.9599155567443574,46.50349172595293,0.25872399205870034,low,0.35092830032826905,landsat_gee,True
NSR-GRID-314,LC09_L2SP_176039_20250828_20250830_02_T1,2025-08-28,1.947767024127444,1.56169383687852,46.140414893007744,0.22831576348800178,low,0.38607318724892403,landsat_gee,True
NSR-GRID-315,LC09_L2SP_176039_20250828_20250830_02_T1,2025-08-28,2.042940788324131,1.7842034976265884,46.23558865720443,0.25318590352995024,low,0.2587372906975427,landsat_gee,True
NSR-GRID-316,LC09_L2SP_176039_20250828_20250830_02_T1,2025-08-28,1.2142085435852366,1.2134259209002793,45.40685641246554,0.21763810887613794,low,0.0007826226849572127,landsat_gee,True
NSR-GRID-317,LC09_L2SP_176039_20250828_20250830_02_T1,2025-08-28,2.8205132642490867,2.6901676559207472,47.01316113312939,0.34571895352162707,low,0.1303456083283394,landsat_gee,True
NSR-GRID-318,LC09_L2SP_176039_20250828_20250830_02_T1,2025-08-28,0.823619176286833,0.9932872757728802,45.01626704516713,0.23570448071305444,low,-0.16966809948604722,landsat_gee,True
NSR-GRID-319,LC09_L2SP_176039_20250828_20250830_02_T1,2025-08-28,2.7959221957424347,2.3848838246521877,46.988570064622735,0.2924547593250561,low,0.411038371090247,landsat_gee,True
NSR-GRID-320,LC09_L2SP_176039_20250828_20250830_02_T1,2025-08-28,0.358783636271319,0.1298088329834412,44.55143150515162,0.36216081724424737,medium,0.22897480328787778,landsat_gee,True
NSR-GRID-321,LC09_L2SP_176039_20250828_20250830_02_T1,2025-08-28,-0.5692091607086951,-0.6055731669764022,43.623438708171605,0.34908784759856004,low,0.03636400626770708,landsat_gee,True
NSR-GRID-322,LC09_L2SP_176039_20250828_20250830_02_T1,2025-08-28,1.8246839250316285,1.693767506838105,46.01733179391193,0.3314387862055329,low,0.1309164181935234,landsat_gee,True
NSR-GRID-323,LC09_L2SP_176039_20250828_20250830_02_T1,2025-08-28,2.455809592404222,2.369799790526339,46.64845746128452,0.3196657762722592,low,0.08600980187788299,landsat_gee,True
NSR-GRID-324,LC09_L2SP_176039_20250828_20250830_02_T1,2025-08-28,1.7362194137972082,1.580821904893947,45.92886728267751,0.299935067903233,low,0.15539750890326132,landsat_gee,True
NSR-GRID-325,LC09_L2SP_176039_20250828_20250830_02_T1,2025-08-28,2.163082264856357,2.189360519485107,46.35573013373666,0.31993781853264197,low,-0.02627825462875011,landsat_gee,True
NSR-GRID-326,LC09_L2SP_176039_20250828_20250830_02_T1,2025-08-28,2.7080923138195203,2.6879273714046694,46.90074018269982,0.27725893848166555,low,0.020164942414850895,landsat_gee,True
NSR-GRID-327,LC09_L2SP_176039_20250828_20250830_02_T1,2025-08-28,2.588279645266283,2.4994864552305858,46.78092751414658,0.2768325290714759,low,0.0887931900356973,landsat_gee,True
NSR-GRID-328,LC09_L2SP_176039_20250828_20250830_02_T1,2025-08-28,2.7434535956896866,2.0538762550063394,46.93610146456999,0.26730653531048904,low,0.6895773406833472,landsat_gee,True
NSR-GRID-329,LC09_L2SP_176039_20250828_20250830_02_T1,2025-08-28,2.7904810921675605,2.0754103365630825,46.98312896104786,0.24369066698025507,low,0.715070755604478,landsat_gee,True
NSR-GRID-330,LC09_L2SP_176039_20250828_20250830_02_T1,2025-08-28,1.549569347459311,1.5944019406115426,45.74221721633961,0.23839578862288646,low,-0.04483259315223154,landsat_gee,True
NSR-GRID-331,LC09_L2SP_176039_20250828_20250830_02_T1,2025-08-28,0.5637660463601009,0.92500866925643,44.7564139152404,0.20892572019999478,low,-0.36124262289632914,landsat_gee,True
NSR-GRID-332,LC09_L2SP_176039_20250828_20250830_02_T1,2025-08-28,2.698825541473141,2.485750634421041,46.89147341035344,0.3202089073132134,low,0.21307490705209986,landsat_gee,True
NSR-GRID-333,LC09_L2SP_176039_20250828_20250830_02_T1,2025-08-28,1.1621267601740115,1.2086713492461305,45.35477462905431,0.21975658121334435,low,-0.046544589072119,landsat_gee,True
NSR-GRID-334,LC09_L2SP_176039_20250828_20250830_02_T1,2025-08-28,2.487223836535719,2.1160514825117636,46.67987170541602,0.35191629001682273,medium,0.37117235402395554,landsat_gee,True
NSR-GRID-335,LC09_L2SP_176039_20250828_20250830_02_T1,2025-08-28,2.2025706464025063,1.9382952699336613,46.39521851528281,0.3223872269840068,low,0.264275376468845,landsat_gee,True
NSR-GRID-336,LC09_L2SP_176039_20250828_20250830_02_T1,2025-08-28,-0.6322788973262234,-0.7733958145918252,43.56036897155408,0.3148957404890489,low,0.14111691726560172,landsat_gee,True
NSR-GRID-337,LC09_L2SP_176039_20250828_20250830_02_T1,2025-08-28,1.1882056393717733,1.220343644314778,45.38085350825207,0.277642357744983,low,-0.03213800494300467,landsat_gee,True
NSR-GRID-338,LC09_L2SP_176039_20250828_20250830_02_T1,2025-08-28,1.7244125464752784,1.8775636703064607,45.91706041535558,0.26627300744796545,low,-0.15315112383118223,landsat_gee,True
NSR-GRID-339,LC09_L2SP_176039_20250828_20250830_02_T1,2025-08-28,1.3877800358240933,1.6836809988946846,45.58042790470439,0.276667617641909,low,-0.2959009630705913,landsat_gee,True
NSR-GRID-340,LC09_L2SP_176039_20250828_20250830_02_T1,2025-08-28,1.146538953964949,1.3148890258465094,45.33918682284525,0.28446959799872223,low,-0.16835007188156026,landsat_gee,True
NSR-GRID-341,LC09_L2SP_176039_20250828_20250830_02_T1,2025-08-28,0.1988666575055191,0.18544384147711773,44.39151452638582,0.29845748531126415,low,0.013422816028401369,landsat_gee,True
NSR-GRID-342,LC09_L2SP_176039_20250828_20250830_02_T1,2025-08-28,1.3565451527799723,1.320366947623786,45.54919302166027,0.29996561066646704,low,0.036178205156186305,landsat_gee,True
NSR-GRID-343,LC09_L2SP_176039_20250828_20250830_02_T1,2025-08-28,1.4243699495103428,0.8864809754232182,45.61701781839064,0.23860573623360667,low,0.5378889740871245,landsat_gee,True
NSR-GRID-344,LC09_L2SP_176039_20250828_20250830_02_T1,2025-08-28,1.001939474800217,0.9873985193449383,45.19458734368052,0.25096843051467843,low,0.014540955455278781,landsat_gee,True
NSR-GRID-345,LC09_L2SP_176039_20250828_20250830_02_T1,2025-08-28,0.5148328419583521,0.4215652699107083,44.70748071083865,0.2100999585625262,low,0.0932675720476438,landsat_gee,True
NSR-GRID-346,LC09_L2SP_176039_20250828_20250830_02_T1,2025-08-28,0.5630920842383773,0.6781792487489565,44.75573995311868,0.20153412922621078,low,-0.11508716451057921,landsat_gee,True
NSR-GRID-347,LC09_L2SP_176039_20250828_20250830_02_T1,2025-08-28,0.4254150388671505,-0.12800289174057844,44.61806290774745,0.19992507755287156,low,0.5534179306077289,landsat_gee,True
NSR-GRID-348,LC09_L2SP_176039_20250828_20250830_02_T1,2025-08-28,0.9695666859268002,1.1563843899917854,45.1622145548071,0.2548365391314594,low,-0.1868177040649852,landsat_gee,True
NSR-GRID-349,LC09_L2SP_176039_20250828_20250830_02_T1,2025-08-28,0.4353865035887239,0.3773420538360799,44.628034372469024,0.2874191123650438,low,0.058044449752644,landsat_gee,True
NSR-GRID-350,LC09_L2SP_176039_20250828_20250830_02_T1,2025-08-28,1.9938893983021728,1.6317999994200196,46.18653726718247,0.33874484161325485,low,0.3620893988821532,landsat_gee,True
NSR-GRID-351,LC09_L2SP_176039_20250828_20250830_02_T1,2025-08-28,1.7897025862158316,1.6163526352010822,45.98235045509613,0.26752282948994316,low,0.17334995101474937,landsat_gee,True
NSR-GRID-352,LC09_L2SP_176039_20250828_20250830_02_T1,2025-08-28,-0.0690773686289176,-0.07669294867164103,44.12357050025138,0.25034736656210377,low,0.007615580042723433,landsat_gee,True
NSR-GRID-353,LC09_L2SP_176039_20250828_20250830_02_T1,2025-08-28,0.5093060833575294,0.8281615561953953,44.70195395223783,0.3121523120963393,low,-0.31885547283786597,landsat_gee,True
NSR-GRID-354,LC09_L2SP_176039_20250828_20250830_02_T1,2025-08-28,1.7195793273707736,2.0820386223642497,45.912227196251074,0.31433892121834134,low,-0.3624592949934762,landsat_gee,True
NSR-GRID-355,LC09_L2SP_176039_20250828_20250830_02_T1,2025-08-28,1.47671262391534,1.6286566354146452,45.66936049279564,0.24731949375667983,low,-0.15194401149930514,landsat_gee,True
NSR-GRID-356,LC09_L2SP_176039_20250828_20250830_02_T1,2025-08-28,1.6887054058612208,1.8260441336232174,45.88135327474152,0.27123388364781365,low,-0.13733872776199663,landsat_gee,True
NSR-GRID-357,LC09_L2SP_176039_20250828_20250830_02_T1,2025-08-28,2.4723901944359525,2.13952349123439,46.66503806331625,0.27943120773659846,low,0.3328667032015624,landsat_gee,True
NSR-GRID-358,LC09_L2SP_176039_20250828_20250830_02_T1,2025-08-28,2.5409041780729567,1.9786146380427363,46.73355204695326,0.34827303642572716,low,0.5622895400302204,landsat_gee,True
NSR-GRID-359,LC09_L2SP_176039_20250828_20250830_02_T1,2025-08-28,2.1087266256612125,1.727323067969805,46.30137449454151,0.3983043959880189,medium,0.38140355769140744,landsat_gee,True
NSR-GRID-360,LC09_L2SP_176039_20250828_20250830_02_T1,2025-08-28,1.1463124945530652,1.1343279287324644,45.338960363433365,0.28598543796014,low,0.011984565820600812,landsat_gee,True
NSR-GRID-361,LC09_L2SP_176039_20250828_20250830_02_T1,2025-08-28,0.6256751607097826,0.8775985448282098,44.81832302959008,0.2350344586159611,low,-0.2519233841184272,landsat_gee,True
NSR-GRID-362,LC09_L2SP_176039_20250828_20250830_02_T1,2025-08-28,1.1439100345360416,1.0042902187739773,45.33655790341634,0.23315541577302318,low,0.13961981576206428,landsat_gee,True
NSR-GRID-363,LC09_L2SP_176039_20250828_20250830_02_T1,2025-08-28,1.4814761557224898,1.0647589603151788,45.67412402460279,0.3357288011470501,low,0.416717195407311,landsat_gee,True
NSR-GRID-364,LC09_L2SP_176039_20250828_20250830_02_T1,2025-08-28,1.257894486066121,0.9307402967675985,45.45054235494642,0.36818177664035623,medium,0.32715418929852247,landsat_gee,True
NSR-GRID-365,LC09_L2SP_176039_20250828_20250830_02_T1,2025-08-28,2.249458006383229,1.8775311890320276,46.44210587526353,0.3038106605350801,low,0.37192681735120114,landsat_gee,True
NSR-GRID-366,LC09_L2SP_176039_20250828_20250830_02_T1,2025-08-28,1.9775664161710864,1.8523708282630527,46.17021428505139,0.23992032438633837,low,0.12519558790803376,landsat_gee,True
NSR-GRID-367,LC09_L2SP_176039_20250828_20250830_02_T1,2025-08-28,1.7457491058084784,2.004036165679414,45.93839697468878,0.28285502732235435,low,-0.2582870598709355,landsat_gee,True
NSR-GRID-368,LC09_L2SP_176039_20250828_20250830_02_T1,2025-08-28,2.817324418919199,2.780082464086437,47.0099722877995,0.2820062787446872,low,0.03724195483276205,landsat_gee,True
NSR-GRID-369,LC09_L2SP_176039_20250828_20250830_02_T1,2025-08-28,3.029842003245818,3.084922108349624,47.22248987212612,0.2861436736953093,low,-0.0550801051038059,landsat_gee,True
NSR-GRID-370,LC09_L2SP_176039_20250828_20250830_02_T1,2025-08-28,3.5293925193349693,3.3550325440662654,47.72204038821527,0.28411319953925046,low,0.17435997526870395,landsat_gee,True
NSR-GRID-371,LC09_L2SP_176039_20250828_20250830_02_T1,2025-08-28,2.148127963566097,2.0733657195405275,46.3407758324464,0.24745208463681972,low,0.0747622440255693,landsat_gee,True
NSR-GRID-372,LC09_L2SP_176039_20250828_20250830_02_T1,2025-08-28,2.4882599145066067,2.181235285147125,46.68090778338691,0.31206857703849367,low,0.3070246293594816,landsat_gee,True
NSR-GRID-373,LC09_L2SP_176039_20250828_20250830_02_T1,2025-08-28,2.9940663313188622,2.6667316625486936,47.18671420019916,0.3112528331734613,low,0.3273346687701686,landsat_gee,True
NSR-GRID-374,LC09_L2SP_176039_20250828_20250830_02_T1,2025-08-28,1.451255956985662,1.326305664267065,45.64390382586596,0.2336196998507175,low,0.12495029271859703,landsat_gee,True
NSR-GRID-375,LC09_L2SP_176039_20250828_20250830_02_T1,2025-08-28,1.24977666817378,1.1247549824418965,45.44242453705408,0.21497289302865263,low,0.12502168573188355,landsat_gee,True
NSR-GRID-376,LC09_L2SP_176039_20250828_20250830_02_T1,2025-08-28,1.1531975013482167,0.750617825152412,45.34584537022852,0.2667314842464385,low,0.4025796761958047,landsat_gee,True
NSR-GRID-377,LC09_L2SP_176039_20250828_20250830_02_T1,2025-08-28,1.485065128262569,1.3338216628529063,45.67771299714287,0.2845677880548933,low,0.15124346540966283,landsat_gee,True
NSR-GRID-378,LC09_L2SP_176039_20250828_20250830_02_T1,2025-08-28,2.74966573517348,2.5496738043610283,46.94231360405378,0.26201156452405383,low,0.1999919308124518,landsat_gee,True
NSR-GRID-379,LC09_L2SP_176039_20250828_20250830_02_T1,2025-08-28,1.062522244922107,0.9468358907566132,45.25517011380241,0.2844055219735939,low,0.11568635416549378,landsat_gee,True
NSR-GRID-380,LC09_L2SP_176039_20250828_20250830_02_T1,2025-08-28,1.2937145598363315,1.585634028330805,45.48636242871663,0.22905773121827788,low,-0.2919194684944735,landsat_gee,True
NSR-GRID-381,LC09_L2SP_176039_20250828_20250830_02_T1,2025-08-28,3.8126188475559815,3.3631363971414276,48.00526671643628,0.2825756710484496,low,0.4494824504145538,landsat_gee,True
NSR-GRID-382,LC09_L2SP_176039_20250828_20250830_02_T1,2025-08-28,4.6569230877698615,4.203210754088388,48.84957095665016,0.30797708526582207,low,0.4537123336814739,landsat_gee,True
NSR-GRID-383,LC09_L2SP_176039_20250828_20250830_02_T1,2025-08-28,1.5085837973196163,1.6393172681335055,45.70123166619992,0.24893550303537468,low,-0.1307334708138892,landsat_gee,True
NSR-GRID-384,LC09_L2SP_176039_20250828_20250830_02_T1,2025-08-28,1.462013925916672,1.348348220423998,45.65466179479697,0.22589285719792002,low,0.11366570549267396,landsat_gee,True
NSR-GRID-385,LC09_L2SP_176039_20250828_20250830_02_T1,2025-08-28,3.824711102242155,3.6962681477575368,48.017358971122455,0.29696263668112616,low,0.12844295448461818,landsat_gee,True
NSR-GRID-386,LC09_L2SP_176039_20250828_20250830_02_T1,2025-08-28,3.3781970684771068,3.0364059296330743,47.57084493735741,0.2727195348777444,low,0.34179113884403245,landsat_gee,True
NSR-GRID-387,LC09_L2SP_176039_20250828_20250830_02_T1,2025-08-28,3.1783677696626924,2.810842698314788,47.37101563854299,0.26589221213558173,low,0.3675250713479046,landsat_gee,True
NSR-GRID-388,LC09_L2SP_176039_20250828_20250830_02_T1,2025-08-28,2.7758777141401296,2.7690603057161414,46.96852558302043,0.279005920755534,low,0.006817408423988258,landsat_gee,True
NSR-GRID-389,LC09_L2SP_176039_20250828_20250830_02_T1,2025-08-28,1.9728647004320905,1.8122274820333204,46.16551256931239,0.2605873087164354,low,0.1606372183987701,landsat_gee,True
NSR-GRID-390,LC09_L2SP_176039_20250828_20250830_02_T1,2025-08-28,0.8623290717935106,1.2788709076965483,45.05497694067381,0.21973002671084857,low,-0.4165418359030377,landsat_gee,True
NSR-GRID-391,LC09_L2SP_176039_20250828_20250830_02_T1,2025-08-28,0.31603668083131,0.7294187894659853,44.50868454971161,0.20364091831231687,low,-0.4133821086346753,landsat_gee,True
NSR-GRID-392,LC09_L2SP_176039_20250828_20250830_02_T1,2025-08-28,1.695252675569613,1.4411767158705204,45.88790054444991,0.2433165708999649,low,0.25407595969909247,landsat_gee,True
NSR-GRID-393,LC09_L2SP_176039_20250828_20250830_02_T1,2025-08-28,3.2328588450556666,3.0408816858781624,47.42550671393597,0.27682928168998594,low,0.19197715917750413,landsat_gee,True
NSR-GRID-394,LC09_L2SP_176039_20250828_20250830_02_T1,2025-08-28,3.259966010134356,3.057708637213866,47.452613879014656,0.28801000162443496,low,0.20225737292048995,landsat_gee,True
NSR-GRID-395,LC09_L2SP_176039_20250828_20250830_02_T1,2025-08-28,3.7907888593631967,3.7619475480267965,47.9834367282435,0.3092570485907716,low,0.02884131133640011,landsat_gee,True
NSR-GRID-396,LC09_L2SP_176039_20250828_20250830_02_T1,2025-08-28,2.5627294989996017,2.592676846305514,46.7553773678799,0.2918539976274005,low,-0.02994734730591242,landsat_gee,True
NSR-GRID-397,LC09_L2SP_176039_20250828_20250830_02_T1,2025-08-28,2.06763799906323,1.61015358159199,46.26028586794353,0.2595444628127376,low,0.4574844174712398,landsat_gee,True
NSR-GRID-398,LC09_L2SP_176039_20250828_20250830_02_T1,2025-08-28,3.5525501591677013,3.0816542087636494,47.745198028048,0.27795680930495087,low,0.47089595040405197,landsat_gee,True
NSR-GRID-399,LC09_L2SP_176039_20250828_20250830_02_T1,2025-08-28,1.4409444261197135,1.2042347984240078,45.633592295000014,0.22438599817722685,low,0.2367096276957057,landsat_gee,True
NSR-GRID-400,LC09_L2SP_176039_20250828_20250830_02_T1,2025-08-28,0.1846790411416918,0.17166218877450934,44.37732691002199,0.18639370685231393,low,0.013016852367182474,landsat_gee,True
NSR-GRID-401,LC09_L2SP_176039_20250828_20250830_02_T1,2025-08-28,3.270047157582951,3.1524601650069872,47.46269502646325,0.2762116508356533,low,0.11758699257596383,landsat_gee,True
NSR-GRID-402,LC09_L2SP_176039_20250828_20250830_02_T1,2025-08-28,3.214463923235513,3.099191380148359,47.40711179211581,0.2746025294833449,low,0.1152725430871544,landsat_gee,True
NSR-GRID-403,LC09_L2SP_176039_20250828_20250830_02_T1,2025-08-28,2.91068381810328,2.957546437492142,47.10333168698358,0.2703237778226958,low,-0.04686261938886194,landsat_gee,True
NSR-GRID-404,LC09_L2SP_176039_20250828_20250830_02_T1,2025-08-28,1.4854716363563083,1.3565419710198305,45.67811950523661,0.22196129914069126,low,0.12892966533647776,landsat_gee,True
NSR-GRID-405,LC09_L2SP_176039_20250828_20250830_02_T1,2025-08-28,3.1280743925046366,2.8997139827965253,47.32072226138494,0.26857679902537396,low,0.22836040970811133,landsat_gee,True
NSR-GRID-406,LC09_L2SP_176039_20250828_20250830_02_T1,2025-08-28,-0.2345607612659748,-0.16759628577545047,43.958087107614325,0.18903887909220093,low,-0.06696447549052434,landsat_gee,True
NSR-GRID-407,LC09_L2SP_176039_20250828_20250830_02_T1,2025-08-28,0.5909774399598433,0.9134001916182654,44.78362530884014,0.23837746848729807,low,-0.32242275165842205,landsat_gee,True
NSR-GRID-408,LC09_L2SP_176039_20250828_20250830_02_T1,2025-08-28,2.150506343193612,2.1574803754609797,46.34315421207391,0.24615571416049079,low,-0.0069740322673679245,landsat_gee,True
NSR-GRID-409,LC09_L2SP_176039_20250828_20250830_02_T1,2025-08-28,1.5703164056312104,1.6522145247424505,45.76296427451151,0.2728487101192426,low,-0.08189811911124001,landsat_gee,True
NSR-GRID-410,LC09_L2SP_176039_20250828_20250830_02_T1,2025-08-28,1.0930077307638228,1.169435268121481,45.28565559964412,0.21668382451519533,low,-0.07642753735765817,landsat_gee,True
NSR-GRID-411,LC09_L2SP_176039_20250828_20250830_02_T1,2025-08-28,2.051353583790103,2.221180270526658,46.2440014526704,0.2522669064368894,low,-0.16982668673655477,landsat_gee,True
NSR-GRID-413,LC09_L2SP_176039_20250828_20250830_02_T1,2025-08-28,1.073907272599591,1.1089401895755693,45.26655514147989,0.24579584182862485,low,-0.03503291697597821,landsat_gee,True
NSR-GRID-414,LC09_L2SP_176039_20250828_20250830_02_T1,2025-08-28,0.9181606857914276,1.2419150013423428,45.11080855467173,0.23538012743567596,low,-0.32375431555091516,landsat_gee,True
NSR-GRID-415,LC09_L2SP_176039_20250828_20250830_02_T1,2025-08-28,1.454965731908345,1.8712601202047474,45.647613600788645,0.23750969143971232,low,-0.4162943882964023,landsat_gee,True
NSR-GRID-416,LC09_L2SP_176039_20250828_20250830_02_T1,2025-08-28,1.3998540901214582,1.748831660472603,45.59250195900176,0.2339308908313655,low,-0.34897757035114485,landsat_gee,True
NSR-GRID-001,LC08_L2SP_176039_20250820_20250826_02_T1,2025-08-20,-2.4686332628466445,-2.4844807245448384,44.14988496736788,0.3899152468940661,medium,0.015847461698193843,landsat_gee,True
NSR-GRID-002,LC08_L2SP_176039_20250820_20250826_02_T1,2025-08-20,-2.1669981334461355,-2.4565964364274233,44.45152009676839,0.37723030512734457,medium,0.28959830298128786,landsat_gee,True
NSR-GRID-003,LC08_L2SP_176039_20250820_20250826_02_T1,2025-08-20,-3.5554880862741243,-3.1734452732415734,43.0630301439404,0.30798868459219253,low,-0.38204281303255083,landsat_gee,True
NSR-GRID-004,LC08_L2SP_176039_20250820_20250826_02_T1,2025-08-20,-1.4959727057814831,-1.545410549568899,45.12254552443304,0.31706402015470964,low,0.04943784378741589,landsat_gee,True
NSR-GRID-006,LC08_L2SP_176039_20250820_20250826_02_T1,2025-08-20,-2.421048600129886,-2.253096353444766,44.19746963008464,0.41585949590949267,medium,-0.16795224668512,landsat_gee,True
NSR-GRID-007,LC08_L2SP_176039_20250820_20250826_02_T1,2025-08-20,-2.083815496432983,-1.93945730448344,44.53470273378154,0.3832559764374259,medium,-0.14435819194954314,landsat_gee,True
NSR-GRID-008,LC08_L2SP_176039_20250820_20250826_02_T1,2025-08-20,-2.402448771396124,-2.465439579425563,44.2160694588184,0.39124760490707783,medium,0.06299080802943902,landsat_gee,True
NSR-GRID-009,LC08_L2SP_176039_20250820_20250826_02_T1,2025-08-20,-2.292486634250998,-2.6204825216373737,44.32603159596353,0.4020580610670261,medium,0.32799588738637553,landsat_gee,True
NSR-GRID-010,LC08_L2SP_176039_20250820_20250826_02_T1,2025-08-20,-0.3689054434666872,-0.3333720480144692,46.24961278674784,0.35357405784945334,medium,-0.03553339545221801,landsat_gee,True
NSR-GRID-011,LC08_L2SP_176039_20250820_20250826_02_T1,2025-08-20,-1.7892047022082591,-2.2479268746271646,44.82931352800627,0.3735763179974191,medium,0.45872217241890545,landsat_gee,True
NSR-GRID-012,LC08_L2SP_176039_20250820_20250826_02_T1,2025-08-20,0.2010549088923952,-0.22903826885574802,46.81957313910692,0.3598923098966899,medium,0.4300931777481432,landsat_gee,True
NSR-GRID-013,LC08_L2SP_176039_20250820_20250826_02_T1,2025-08-20,-0.3589437470432273,-0.031467019643063164,46.2595744831713,0.3519686374696005,medium,-0.32747672740016415,landsat_gee,True
NSR-GRID-014,LC08_L2SP_176039_20250820_20250826_02_T1,2025-08-20,2.803849179951428,2.9607046646118,49.422367410165954,0.35914481526083264,medium,-0.15685548466037202,landsat_gee,True
NSR-GRID-015,LC08_L2SP_176039_20250820_20250826_02_T1,2025-08-20,1.7857882128256364,1.636470823939697,48.40430644304016,0.2836774432771124,low,0.14931738888593937,landsat_gee,True
NSR-GRID-016,LC08_L2SP_176039_20250820_20250826_02_T1,2025-08-20,-0.1776844930231504,-0.41977726384631847,46.440833737191376,0.2663589760622063,low,0.24209277082316807,landsat_gee,True
NSR-GRID-017,LC08_L2SP_176039_20250820_20250826_02_T1,2025-08-20,-0.145639633425894,-0.4491358340345344,46.47287859678863,0.28812280981075494,low,0.30349620060864035,landsat_gee,True
NSR-GRID-018,LC08_L2SP_176039_20250820_20250826_02_T1,2025-08-20,2.180962442972451,2.052122836671278,48.79948067318698,0.3175908228638218,low,0.12883960630117297,landsat_gee,True
NSR-GRID-019,LC08_L2SP_176039_20250820_20250826_02_T1,2025-08-20,-0.4648070690232586,-0.13462060916964408,46.15371116119127,0.3424073359275789,low,-0.3301864598536145,landsat_gee,True
NSR-GRID-020,LC08_L2SP_176039_20250820_20250826_02_T1,2025-08-20,3.5455344735571828,2.603724693503395,50.16405270377171,0.27565182174281966,low,0.9418097800537879,landsat_gee,True
NSR-GRID-021,LC08_L2SP_176039_20250820_20250826_02_T1,2025-08-20,0.0049497424244862,0.4838727235611798,46.62346797263901,0.28066179090095433,low,-0.47892298113669357,landsat_gee,True
NSR-GRID-022,LC08_L2SP_176039_20250820_20250826_02_T1,2025-08-20,1.4865098846655016,1.0617092819219387,48.10502811488003,0.2971255221258002,low,0.4248006027435629,landsat_gee,True
NSR-GRID-024,LC08_L2SP_176039_20250820_20250826_02_T1,2025-08-20,-0.9796640900721556,-0.9048278652314314,45.63885414014237,0.3778175235243723,medium,-0.07483622484072416,landsat_gee,True
NSR-GRID-025,LC08_L2SP_176039_20250820_20250826_02_T1,2025-08-20,-0.4623449022559853,-0.607280536195316,46.15617332795854,0.3665009023997519,medium,0.14493563393933068,landsat_gee,True
NSR-GRID-026,LC08_L2SP_176039_20250820_20250826_02_T1,2025-08-20,-0.9933439182489394,-1.1178126456089656,45.62517431196559,0.3160180949155496,low,0.12446872736002623,landsat_gee,True
NSR-GRID-027,LC08_L2SP_176039_20250820_20250826_02_T1,2025-08-20,-1.175234708299989,-1.4769774022040574,45.44328352191454,0.3680421791359369,medium,0.3017426939040684,landsat_gee,True
NSR-GRID-028,LC08_L2SP_176039_20250820_20250826_02_T1,2025-08-20,-1.184074218351448,-1.6989892240945401,45.43444401186308,0.40052868837183236,medium,0.514915005743092,landsat_gee,True
NSR-GRID-029,LC08_L2SP_176039_20250820_20250826_02_T1,2025-08-20,-0.2492113353200622,-0.8222146497119204,46.369306894894464,0.3909798418125243,medium,0.5730033143918581,landsat_gee,True
NSR-GRID-030,LC08_L2SP_176039_20250820_20250826_02_T1,2025-08-20,-0.6117383703292489,-0.7951928059440411,46.00677985988528,0.3602138705517369,medium,0.18345443561479213,landsat_gee,True
NSR-GRID-031,LC08_L2SP_176039_20250820_20250826_02_T1,2025-08-20,0.2862695129942807,0.5802697135309962,46.90478774320881,0.33416517968107406,low,-0.2940002005367155,landsat_gee,True
NSR-GRID-032,LC08_L2SP_176039_20250820_20250826_02_T1,2025-08-20,0.8138134912985819,0.92643291817991,47.43233172151311,0.3805307423994367,medium,-0.11261942688132809,landsat_gee,True
NSR-GRID-033,LC08_L2SP_176039_20250820_20250826_02_T1,2025-08-20,4.03195834009405,3.3630179438736754,50.65047657030858,0.3339364109589489,low,0.6689403962203748,landsat_gee,True
NSR-GRID-034,LC08_L2SP_176039_20250820_20250826_02_T1,2025-08-20,1.9363705207281825,1.743878654343346,48.55488875094271,0.318440926642827,low,0.1924918663848365,landsat_gee,True
NSR-GRID-035,LC08_L2SP_176039_20250820_20250826_02_T1,2025-08-20,2.3389583335888844,2.497690661672435,48.95747656380341,0.3148305594459572,low,-0.15873232808355064,landsat_gee,True
NSR-GRID-036,LC08_L2SP_176039_20250820_20250826_02_T1,2025-08-20,2.3667258058334184,2.5949867334106838,48.985244036047945,0.31481044212210285,low,-0.22826092757726535,landsat_gee,True
NSR-GRID-037,LC08_L2SP_176039_20250820_20250826_02_T1,2025-08-20,1.7310986978174938,1.7763190965179398,48.34961692803202,0.33115197226423326,low,-0.04522039870044603,landsat_gee,True
NSR-GRID-038,LC08_L2SP_176039_20250820_20250826_02_T1,2025-08-20,3.261113496231268,2.8287491879353346,49.879631726445794,0.37347187174000246,medium,0.4323643082959334,landsat_gee,True
NSR-GRID-039,LC08_L2SP_176039_20250820_20250826_02_T1,2025-08-20,1.2389658423848005,1.6987414499481233,47.85748407259933,0.3883508335355666,medium,-0.4597756075633228,landsat_gee,True
NSR-GRID-040,LC08_L2SP_176039_20250820_20250826_02_T1,2025-08-20,2.7630455527709827,1.6718650946324396,49.38156378298551,0.4015205182425609,medium,1.0911804581385431,landsat_gee,True
NSR-GRID-041,LC08_L2SP_176039_20250820_20250826_02_T1,2025-08-20,-1.5759200771420936,-1.329071420079719,45.04259815307243,0.36935975650443875,medium,-0.2468486570623747,landsat_gee,True
NSR-GRID-042,LC08_L2SP_176039_20250820_20250826_02_T1,2025-08-20,2.0604690693568344,1.708777852658342,48.67898729957136,0.32045085857178457,low,0.35169121669849246,landsat_gee,True
NSR-GRID-043,LC08_L2SP_176039_20250820_20250826_02_T1,2025-08-20,0.965068406658382,1.7288481416138253,47.58358663687291,0.35314885755906156,medium,-0.7637797349554433,landsat_gee,True
NSR-GRID-044,LC08_L2SP_176039_20250820_20250826_02_T1,2025-08-20,-0.2062138946546099,-0.6548990986134121,46.41230433555992,0.5009907341792341,medium,0.4486852039588022,landsat_gee,True
NSR-GRID-045,LC08_L2SP_176039_20250820_20250826_02_T1,2025-08-20,2.1373484761616552,1.0826358148549926,48.75586670637618,0.25605063723313315,low,1.0547126613066626,landsat_gee,True
NSR-GRID-046,LC08_L2SP_176039_20250820_20250826_02_T1,2025-08-20,1.0444471812885965,1.6090089166642152,47.66296541150312,0.3569191750482016,medium,-0.5645617353756187,landsat_gee,True
NSR-GRID-047,LC08_L2SP_176039_20250820_20250826_02_T1,2025-08-20,1.696728301370911,1.2807259975820786,48.31524653158544,0.23437587020883222,low,0.4160023037888323,landsat_gee,True
NSR-GRID-048,LC08_L2SP_176039_20250820_20250826_02_T1,2025-08-20,2.5173454064092766,1.9884775805778856,49.1358636366238,0.40440983891339494,medium,0.528867825831391,landsat_gee,True
NSR-GRID-049,LC08_L2SP_176039_20250820_20250826_02_T1,2025-08-20,1.2419533702537464,1.1029108352954575,47.86047160046827,0.23692200166921268,low,0.1390425349582889,landsat_gee,True
NSR-GRID-050,LC08_L2SP_176039_20250820_20250826_02_T1,2025-08-20,1.8564451019372608,1.762480264053946,48.47496333215179,0.3740004482187962,medium,0.09396483788331467,landsat_gee,True
NSR-GRID-051,LC08_L2SP_176039_20250820_20250826_02_T1,2025-08-20,0.5364757288674369,0.3297055438540331,47.15499395908196,0.19969831383301787,low,0.20677018501340377,landsat_gee,True
NSR-GRID-052,LC08_L2SP_176039_20250820_20250826_02_T1,2025-08-20,-2.48031897465863,-2.2625024429714164,44.1381992555559,0.348097082653809,low,-0.21781653168721338,landsat_gee,True
NSR-GRID-053,LC08_L2SP_176039_20250820_20250826_02_T1,2025-08-20,0.5661767927056545,0.19611582397401403,47.18469502292018,0.2059457765554683,low,0.3700609687316404,landsat_gee,True
NSR-GRID-054,LC08_L2SP_176039_20250820_20250826_02_T1,2025-08-20,-2.885529434412028,-2.5841392535920074,43.7329887958025,0.3624284552324414,medium,-0.3013901808200208,landsat_gee,True
NSR-GRID-055,LC08_L2SP_176039_20250820_20250826_02_T1,2025-08-20,-0.6660752211913774,-0.7171546048332781,45.95244300902315,0.3371486163347025,low,0.05107938364190068,landsat_gee,True
NSR-GRID-056,LC08_L2SP_176039_20250820_20250826_02_T1,2025-08-20,0.8067254036563796,0.4095261646608673,47.425243633870906,0.3638278888237667,medium,0.3971992389955123,landsat_gee,True
NSR-GRID-057,LC08_L2SP_176039_20250820_20250826_02_T1,2025-08-20,-0.3394039267030564,-0.41749455974523564,46.27911430351147,0.36442525160305733,medium,0.07809063304217922,landsat_gee,True
NSR-GRID-058,LC08_L2SP_176039_20250820_20250826_02_T1,2025-08-20,-0.6728344395473442,-1.220009396564349,45.94568379066718,0.3600313214166571,medium,0.5471749570170048,landsat_gee,True
NSR-GRID-059,LC08_L2SP_176039_20250820_20250826_02_T1,2025-08-20,-0.0034304336545218,-0.8639997753326094,46.615087796560005,0.36384485535153566,medium,0.8605693416780876,landsat_gee,True
NSR-GRID-060,LC08_L2SP_176039_20250820_20250826_02_T1,2025-08-20,-0.8347944711427218,-0.6687640232250703,45.783723759071805,0.3776254395703084,medium,-0.16603044791765142,landsat_gee,True
NSR-GRID-061,LC08_L2SP_176039_20250820_20250826_02_T1,2025-08-20,0.7863121744029016,1.3770186205015575,47.40483040461743,0.29358948771677296,low,-0.590706446098656,landsat_gee,True
NSR-GRID-062,LC08_L2SP_176039_20250820_20250826_02_T1,2025-08-20,0.918952761194106,1.2029440852278752,47.53747099140863,0.32413993779648514,low,-0.28399132403376925,landsat_gee,True
NSR-GRID-063,LC08_L2SP_176039_20250820_20250826_02_T1,2025-08-20,2.2560543400281645,2.2959318345465873,48.87457257024269,0.35881082242869383,medium,-0.03987749451842282,landsat_gee,True
NSR-GRID-064,LC08_L2SP_176039_20250820_20250826_02_T1,2025-08-20,0.8775817524043958,1.3575185026517944,47.49609998261892,0.3443134492286867,low,-0.47993675024739857,landsat_gee,True
NSR-GRID-065,LC08_L2SP_176039_20250820_20250826_02_T1,2025-08-20,-1.528465227308217,-0.9010386063668605,45.09005300290631,0.41089011998253294,medium,-0.6274266209413566,landsat_gee,True
NSR-GRID-066,LC08_L2SP_176039_20250820_20250826_02_T1,2025-08-20,1.7636272581049963,2.5654486372524845,48.38214548831952,0.3137088918858199,low,-0.8018213791474882,landsat_gee,True
NSR-GRID-067,LC08_L2SP_176039_20250820_20250826_02_T1,2025-08-20,2.0434262499504925,2.2801941700328374,48.66194448016502,0.3296722423158583,low,-0.23676792008234493,landsat_gee,True
NSR-GRID-068,LC08_L2SP_176039_20250820_20250826_02_T1,2025-08-20,-0.2289486137676846,-0.6782825251892755,46.38956961644684,0.4995171699749285,medium,0.44933391142159085,landsat_gee,True
NSR-GRID-069,LC08_L2SP_176039_20250820_20250826_02_T1,2025-08-20,0.4596292629385203,-0.11088696315073557,47.07814749315305,0.3941173509046362,medium,0.5705162260892559,landsat_gee,True
NSR-GRID-070,LC08_L2SP_176039_20250820_20250826_02_T1,2025-08-20,2.130728497790692,1.622359276174247,48.74924672800522,0.339572511878985,low,0.5083692216164453,landsat_gee,True
NSR-GRID-071,LC08_L2SP_176039_20250820_20250826_02_T1,2025-08-20,2.042431695562932,1.718402533013403,48.66094992577746,0.3296287524202985,low,0.32402916254952885,landsat_gee,True
NSR-GRID-072,LC08_L2SP_176039_20250820_20250826_02_T1,2025-08-20,1.5436363046736972,1.3222218258538878,48.162154534888224,0.2453129467761465,low,0.22141447881980936,landsat_gee,True
NSR-GRID-073,LC08_L2SP_176039_20250820_20250826_02_T1,2025-08-20,1.2145008164068614,1.161740162924957,47.83301904662139,0.2590842382891033,low,0.052760653481904285,landsat_gee,True
NSR-GRID-074,LC08_L2SP_176039_20250820_20250826_02_T1,2025-08-20,0.563020262706651,0.7844719271292483,47.18153849292118,0.225160685995154,low,-0.22145166442259734,landsat_gee,True
NSR-GRID-075,LC08_L2SP_176039_20250820_20250826_02_T1,2025-08-20,0.6045650281233534,0.7446368007022262,47.22308325833788,0.24702269937278615,low,-0.1400717725788727,landsat_gee,True
NSR-GRID-076,LC08_L2SP_176039_20250820_20250826_02_T1,2025-08-20,0.212908540664479,0.27115813286307394,46.831426770879006,0.2296371419705332,low,-0.058249592198594935,landsat_gee,True
NSR-GRID-077,LC08_L2SP_176039_20250820_20250826_02_T1,2025-08-20,-1.0187998412613055,-0.9922760095512063,45.59971838895322,0.1663146044662869,low,-0.0265238317100992,landsat_gee,True
NSR-GRID-079,LC08_L2SP_176039_20250820_20250826_02_T1,2025-08-20,0.5822720136532311,0.12662923142752958,47.20079024386776,0.2238889429526902,low,0.45564278222570154,landsat_gee,True
NSR-GRID-080,LC08_L2SP_176039_20250820_20250826_02_T1,2025-08-20,-2.7013197476270463,-2.2899736658918313,43.91719848258748,0.3345125686621155,low,-0.41134608173521503,landsat_gee,True
NSR-GRID-081,LC08_L2SP_176039_20250820_20250826_02_T1,2025-08-20,-0.0141651644868545,0.06663339795889216,46.60435306572767,0.23011470150377708,low,-0.08079856244574665,landsat_gee,True
NSR-GRID-082,LC08_L2SP_176039_20250820_20250826_02_T1,2025-08-20,-0.2232195532691747,-0.3688939173256052,46.39529867694535,0.3910127835259293,medium,0.14567436405643053,landsat_gee,True
NSR-GRID-083,LC08_L2SP_176039_20250820_20250826_02_T1,2025-08-20,0.5732003849549869,0.14345313029136375,47.19171861516951,0.37815009072847566,medium,0.4297472546636232,landsat_gee,True
NSR-GRID-084,LC08_L2SP_176039_20250820_20250826_02_T1,2025-08-20,1.3808509285500818,1.1096426041653233,47.99936915876461,0.39750361306916393,medium,0.2712083243847585,landsat_gee,True
NSR-GRID-085,LC08_L2SP_176039_20250820_20250826_02_T1,2025-08-20,0.3125255450229502,-0.5010531549526002,46.93104377523748,0.40789571642697997,medium,0.8135786999755503,landsat_gee,True
NSR-GRID-086,LC08_L2SP_176039_20250820_20250826_02_T1,2025-08-20,-0.1762014174152995,-0.7543568293608319,46.44231681279923,0.38384352331186367,medium,0.5781554119455324,landsat_gee,True
NSR-GRID-087,LC08_L2SP_176039_20250820_20250826_02_T1,2025-08-20,-1.455671504114143,-1.5214804291971569,45.16284672610038,0.3689528035010701,medium,0.06580892508301384,landsat_gee,True
NSR-GRID-088,LC08_L2SP_176039_20250820_20250826_02_T1,2025-08-20,0.099689207033073,-0.06405746979068389,46.7182074372476,0.3891982793358786,medium,0.16374667682375688,landsat_gee,True
NSR-GRID-089,LC08_L2SP_176039_20250820_20250826_02_T1,2025-08-20,-1.2536690216236863,-1.1157905101890933,45.36484920859084,0.32390170610598923,low,-0.13787851143459307,landsat_gee,True
NSR-GRID-090,LC08_L2SP_176039_20250820_20250826_02_T1,2025-08-20,-0.0598033641976201,0.6869326523961976,46.558714866016906,0.32495683791326846,low,-0.7467360165938177,landsat_gee,True
NSR-GRID-091,LC08_L2SP_176039_20250820_20250826_02_T1,2025-08-20,0.8242197871536163,1.2025325831572362,47.44273801736814,0.34413900658934055,low,-0.3783127960036199,landsat_gee,True
NSR-GRID-092,LC08_L2SP_176039_20250820_20250826_02_T1,2025-08-20,-2.1237784298825204,-1.6334371629480424,44.494739800332006,0.42116282241382696,medium,-0.490341266934478,landsat_gee,True
NSR-GRID-093,LC08_L2SP_176039_20250820_20250826_02_T1,2025-08-20,-0.665209289403677,-0.47376859969540375,45.95330894081085,0.3869549959737687,medium,-0.19144068970827322,landsat_gee,True
NSR-GRID-094,LC08_L2SP_176039_20250820_20250826_02_T1,2025-08-20,-1.4765030855702292,-1.3245880744535636,45.1420151446443,0.4022777352746568,medium,-0.1519150111166656,landsat_gee,True
NSR-GRID-095,LC08_L2SP_176039_20250820_20250826_02_T1,2025-08-20,0.55021141351137,-0.05244818419253079,47.1687296437259,0.3879549559070307,medium,0.6026595977039009,landsat_gee,True
NSR-GRID-096,LC08_L2SP_176039_20250820_20250826_02_T1,2025-08-20,0.351196447452196,-0.5211746787093583,46.96971467766672,0.447217894744558,medium,0.8723711261615543,landsat_gee,True
NSR-GRID-097,LC08_L2SP_176039_20250820_20250826_02_T1,2025-08-20,0.4871681456892389,-0.12891799223869968,47.105686375903765,0.3191462186468973,low,0.6160861379279385,landsat_gee,True
NSR-GRID-098,LC08_L2SP_176039_20250820_20250826_02_T1,2025-08-20,0.1060387911952105,-0.5990400791871532,46.72455702140974,0.32298760288316974,low,0.7050788703823637,landsat_gee,True
NSR-GRID-099,LC08_L2SP_176039_20250820_20250826_02_T1,2025-08-20,-0.2454241451605483,-0.8811368645411323,46.37309408505398,0.29102121553397664,low,0.6357127193805839,landsat_gee,True
NSR-GRID-100,LC08_L2SP_176039_20250820_20250826_02_T1,2025-08-20,-1.563866507920828,-1.6632372803898083,45.0546517222937,0.19696474535347666,low,0.0993707724689803,landsat_gee,True
NSR-GRID-101,LC08_L2SP_176039_20250820_20250826_02_T1,2025-08-20,-1.612180144205169,-1.5116268093704603,45.00633808600936,0.15722946030594645,low,-0.10055333483470874,landsat_gee,True
NSR-GRID-102,LC08_L2SP_176039_20250820_20250826_02_T1,2025-08-20,0.0,0.31714149230112615,46.61851823021453,0.19143388567777525,low,-0.31714149230112615,landsat_gee,True
NSR-GRID-103,LC08_L2SP_176039_20250820_20250826_02_T1,2025-08-20,-0.4546519136563915,0.027127442622674768,46.163866316558135,0.22111311945094822,low,-0.48177935627906626,landsat_gee,True
NSR-GRID-104,LC08_L2SP_176039_20250820_20250826_02_T1,2025-08-20,1.1718768612681956,1.0054623052221656,47.79039509148272,0.22875524363548236,low,0.16641455604602995,landsat_gee,True
NSR-GRID-105,LC08_L2SP_176039_20250820_20250826_02_T1,2025-08-20,-1.8439286942263493,-1.9046529093233058,44.77458953598818,0.3328379044986737,low,0.06072421509695647,landsat_gee,True
NSR-GRID-106,LC08_L2SP_176039_20250820_20250826_02_T1,2025-08-20,0.0210411741208531,-0.04522520112928032,46.63955940433538,0.2109927215238406,low,0.06626637525013343,landsat_gee,True
NSR-GRID-107,LC08_L2SP_176039_20250820_20250826_02_T1,2025-08-20,-0.8590982496192154,-1.213007356587148,45.75941998059531,0.4104413938039401,medium,0.35390910696793254,landsat_gee,True
NSR-GRID-108,LC08_L2SP_176039_20250820_20250826_02_T1,2025-08-20,-1.364476861449667,-1.603944957371368,45.25404136876486,0.3817715989488987,medium,0.23946809592170104,landsat_gee,True
NSR-GRID-109,LC08_L2SP_176039_20250820_20250826_02_T1,2025-08-20,-2.1482093095265853,-2.1074375416047797,44.47030892068794,0.400658848474995,medium,-0.04077176792180559,landsat_gee,True
NSR-GRID-110,LC08_L2SP_176039_20250820_20250826_02_T1,2025-08-20,-2.0091095618947463,-2.0601005791352454,44.60940866831978,0.39037901156479105,medium,0.05099101724049904,landsat_gee,True
NSR-GRID-111,LC08_L2SP_176039_20250820_20250826_02_T1,2025-08-20,-1.98716177791011,-2.0827670195119974,44.631356452304416,0.3889525596588764,medium,0.09560524160188733,landsat_gee,True
NSR-GRID-112,LC08_L2SP_176039_20250820_20250826_02_T1,2025-08-20,-1.2955284441670472,-1.4458363614352108,45.32298978604748,0.43926118071683606,medium,0.15030791726816362,landsat_gee,True
NSR-GRID-113,LC08_L2SP_176039_20250820_20250826_02_T1,2025-08-20,-3.4014154502122693,-3.272756016682859,43.21710278000226,0.3547914491843971,medium,-0.12865943352941045,landsat_gee,True
NSR-GRID-114,LC08_L2SP_176039_20250820_20250826_02_T1,2025-08-20,-3.622750958948643,-3.1419136361096203,42.99576727126588,0.36810573233552457,medium,-0.4808373228390228,landsat_gee,True
NSR-GRID-115,LC08_L2SP_176039_20250820_20250826_02_T1,2025-08-20,-1.9743159103129244,-1.6414711598882172,44.6442023199016,0.37553956916607695,medium,-0.3328447504247072,landsat_gee,True
NSR-GRID-116,LC08_L2SP_176039_20250820_20250826_02_T1,2025-08-20,0.0573136521669326,0.4053625486066552,46.67583188238146,0.3654508452669522,medium,-0.3480488964397226,landsat_gee,True
NSR-GRID-117,LC08_L2SP_176039_20250820_20250826_02_T1,2025-08-20,0.4325040389701868,0.8279422618183198,47.05102226918471,0.29223520214098747,low,-0.39543822284813296,landsat_gee,True
NSR-GRID-118,LC08_L2SP_176039_20250820_20250826_02_T1,2025-08-20,-0.1303448524368278,0.2722244527670742,46.4881733777777,0.3204845501672259,low,-0.402569305203902,landsat_gee,True
NSR-GRID-119,LC08_L2SP_176039_20250820_20250826_02_T1,2025-08-20,-3.564688756141969,-3.3379728982569885,43.05382947407256,0.48438015781505794,medium,-0.2267158578849804,landsat_gee,True
NSR-GRID-120,LC08_L2SP_176039_20250820_20250826_02_T1,2025-08-20,-2.8543645712535053,-3.2304991579360367,43.76415365896102,0.5070609814169118,medium,0.3761345866825314,landsat_gee,True
NSR-GRID-121,LC08_L2SP_176039_20250820_20250826_02_T1,2025-08-20,-0.697797110778545,-1.0391535356647474,45.92072111943598,0.4551873311436485,medium,0.34135642488620244,landsat_gee,True
NSR-GRID-122,LC08_L2SP_176039_20250820_20250826_02_T1,2025-08-20,-0.3451015403848245,-0.6854011076952384,46.2734166898297,0.3501116147441401,medium,0.34029956731041394,landsat_gee,True
NSR-GRID-123,LC08_L2SP_176039_20250820_20250826_02_T1,2025-08-20,0.0341142577717192,-0.7898355985666684,46.652632487986246,0.3565345811217532,medium,0.8239498563383876,landsat_gee,True
NSR-GRID-124,LC08_L2SP_176039_20250820_20250826_02_T1,2025-08-20,-0.3936625027052542,-0.9873493001782032,46.22485572750927,0.3282464238745981,low,0.593686797472949,landsat_gee,True
NSR-GRID-125,LC08_L2SP_176039_20250820_20250826_02_T1,2025-08-20,-1.9043673154538183,-1.8838046647545086,44.71415091476071,0.18756914899940058,low,-0.020562650699309737,landsat_gee,True
NSR-GRID-126,LC08_L2SP_176039_20250820_20250826_02_T1,2025-08-20,0.2747005474419026,0.34962312667725626,46.89321877765643,0.21326332692824945,low,-0.07492257923535367,landsat_gee,True
NSR-GRID-127,LC08_L2SP_176039_20250820_20250826_02_T1,2025-08-20,0.8454686863269814,0.8254338552505157,47.46398691654151,0.21564929779864914,low,0.020034831076465642,landsat_gee,True
NSR-GRID-128,LC08_L2SP_176039_20250820_20250826_02_T1,2025-08-20,-1.8246764822145136,-2.173641782367121,44.79384174800001,0.23457362803719572,low,0.3489653001526072,landsat_gee,True
NSR-GRID-129,LC08_L2SP_176039_20250820_20250826_02_T1,2025-08-20,0.2412577582225381,-0.09088019990613984,46.859775988437065,0.22947073273499827,low,0.3321379581286779,landsat_gee,True
NSR-GRID-130,LC08_L2SP_176039_20250820_20250826_02_T1,2025-08-20,-1.020337251131437,-1.2679954099658184,45.59818097908309,0.39599497800489936,medium,0.24765815883438136,landsat_gee,True
NSR-GRID-131,LC08_L2SP_176039_20250820_20250826_02_T1,2025-08-20,-0.7444747664724858,-1.162750036072227,45.87404346374204,0.19174125355112243,low,0.41827526959974115,landsat_gee,True
NSR-GRID-132,LC08_L2SP_176039_20250820_20250826_02_T1,2025-08-20,-1.8993330088104443,-2.6320363781480443,44.71918522140408,0.37857016308904873,medium,0.7327033693375999,landsat_gee,True
NSR-GRID-133,LC08_L2SP_176039_20250820_20250826_02_T1,2025-08-20,-2.120185910991061,-2.323382072521212,44.498332319223465,0.39776031440693516,medium,0.2031961615301512,landsat_gee,True
NSR-GRID-134,LC08_L2SP_176039_20250820_20250826_02_T1,2025-08-20,-1.7380553664681244,-2.079373088568036,44.8804628637464,0.38621689122824204,medium,0.3413177220999115,landsat_gee,True
NSR-GRID-135,LC08_L2SP_176039_20250820_20250826_02_T1,2025-08-20,-2.239570500554485,-2.4011357759009124,44.37894772966004,0.36592008296816836,medium,0.1615652753464274,landsat_gee,True
NSR-GRID-136,LC08_L2SP_176039_20250820_20250826_02_T1,2025-08-20,-2.483114934224716,-2.384429190423946,44.13540329598981,0.26186562694948,low,-0.09868574380077,landsat_gee,True
NSR-GRID-137,LC08_L2SP_176039_20250820_20250826_02_T1,2025-08-20,-3.225554356208235,-2.996108196361627,43.39296387400629,0.358687301323146,medium,-0.2294461598466082,landsat_gee,True
NSR-GRID-138,LC08_L2SP_176039_20250820_20250826_02_T1,2025-08-20,-3.7060317213008247,-3.3255969149258076,42.9124865089137,0.35035977292485754,medium,-0.38043480637501714,landsat_gee,True
NSR-GRID-139,LC08_L2SP_176039_20250820_20250826_02_T1,2025-08-20,-2.014063812358607,-1.7284498584488759,44.60445441785592,0.3938116644999793,medium,-0.2856139539097313,landsat_gee,True
NSR-GRID-140,LC08_L2SP_176039_20250820_20250826_02_T1,2025-08-20,1.790010381893289,1.921643478127323,48.408528612107816,0.26878367612439247,low,-0.13163309623403396,landsat_gee,True
NSR-GRID-141,LC08_L2SP_176039_20250820_20250826_02_T1,2025-08-20,1.93547373670701,2.269250788462459,48.55399196692154,0.2499297482357671,low,-0.3337770517554488,landsat_gee,True
NSR-GRID-142,LC08_L2SP_176039_20250820_20250826_02_T1,2025-08-20,-0.7637864893940929,-0.4174855192494356,45.854731740820434,0.3109512431760858,low,-0.34630097014465727,landsat_gee,True
NSR-GRID-143,LC08_L2SP_176039_20250820_20250826_02_T1,2025-08-20,-1.7796678541052842,-1.9187837969794477,44.83885037610924,0.4352896469740363,medium,0.1391159428741635,landsat_gee,True
NSR-GRID-144,LC08_L2SP_176039_20250820_20250826_02_T1,2025-08-20,-3.0025134080534173,-3.3148406567766138,43.61600482216111,0.4816428586096308,medium,0.3123272487231965,landsat_gee,True
NSR-GRID-145,LC08_L2SP_176039_20250820_20250826_02_T1,2025-08-20,-0.9634105665165436,-1.404704717511754,45.65510766369798,0.4386901158356189,medium,0.4412941509952104,landsat_gee,True
NSR-GRID-146,LC08_L2SP_176039_20250820_20250826_02_T1,2025-08-20,-0.0198268858118737,-0.6657015656921661,46.59869134440265,0.335197183448907,low,0.6458746798802923,landsat_gee,True
NSR-GRID-147,LC08_L2SP_176039_20250820_20250826_02_T1,2025-08-20,0.0934160331401443,-0.6120734848155984,46.71193426335467,0.3396059944715478,low,0.7054895179557428,landsat_gee,True
NSR-GRID-148,LC08_L2SP_176039_20250820_20250826_02_T1,2025-08-20,-0.8749113320729336,-0.09009245769132278,45.74360689814159,0.3154759244199152,low,-0.7848188743816108,landsat_gee,True
NSR-GRID-149,LC08_L2SP_176039_20250820_20250826_02_T1,2025-08-20,-2.5829335390380948,-2.160144108711835,44.03558469117643,0.31528701309768137,low,-0.4227894303262598,landsat_gee,True
NSR-GRID-150,LC08_L2SP_176039_20250820_20250826_02_T1,2025-08-20,-2.2016445157676543,-2.5277193229981867,44.41687371444687,0.24841028476050006,low,0.3260748072305324,landsat_gee,True
NSR-GRID-151,LC08_L2SP_176039_20250820_20250826_02_T1,2025-08-20,-0.6890085035080347,-0.9468171716991609,45.92950972670649,0.20205208600032754,low,0.25780866819112624,landsat_gee,True
NSR-GRID-152,LC08_L2SP_176039_20250820_20250826_02_T1,2025-08-20,-0.1642106806250183,-1.079237216163775,46.45430754958951,0.38125357143341226,medium,0.9150265355387568,landsat_gee,True
NSR-GRID-153,LC08_L2SP_176039_20250820_20250826_02_T1,2025-08-20,-1.485979737734013,-2.1985073515438915,45.13253849248051,0.4005791719638729,medium,0.7125276138098786,landsat_gee,True
NSR-GRID-154,LC08_L2SP_176039_20250820_20250826_02_T1,2025-08-20,-2.18106242196496,-2.4790527954089643,44.43745580824957,0.3809300462205835,medium,0.29799037344400414,landsat_gee,True
NSR-GRID-155,LC08_L2SP_176039_20250820_20250826_02_T1,2025-08-20,-2.899518365267,-3.118400485221093,43.71899986494753,0.3758717387625613,medium,0.21888211995409312,landsat_gee,True
NSR-GRID-156,LC08_L2SP_176039_20250820_20250826_02_T1,2025-08-20,-3.6288658247988153,-3.331962353537036,42.98965240541571,0.3602163802160852,medium,-0.2969034712617793,landsat_gee,True
NSR-GRID-157,LC08_L2SP_176039_20250820_20250826_02_T1,2025-08-20,-3.3476541618977507,-3.0077793146363088,43.270864068316776,0.3356027307067589,low,-0.3398748472614419,landsat_gee,True
NSR-GRID-158,LC08_L2SP_176039_20250820_20250826_02_T1,2025-08-20,-4.0099180259945015,-3.324399808337693,42.608600204220025,0.3653538855583313,medium,-0.6855182176568086,landsat_gee,True
NSR-GRID-159,LC08_L2SP_176039_20250820_20250826_02_T1,2025-08-20,-3.501493896213148,-3.1453521170175938,43.11702433400138,0.37298948072923116,medium,-0.35614177919555434,landsat_gee,True
NSR-GRID-160,LC08_L2SP_176039_20250820_20250826_02_T1,2025-08-20,-2.457624840167405,-2.3203338923808645,44.16089339004712,0.42027556436998775,medium,-0.1372909477865405,landsat_gee,True
NSR-GRID-161,LC08_L2SP_176039_20250820_20250826_02_T1,2025-08-20,-1.083608082446368,-1.0331282853112391,45.53491014776816,0.380348459628003,medium,-0.050479797135128956,landsat_gee,True
NSR-GRID-162,LC08_L2SP_176039_20250820_20250826_02_T1,2025-08-20,-0.6757915781998065,-0.32724176351922474,45.94272665201472,0.33904210855456307,low,-0.34854981468058177,landsat_gee,True
NSR-GRID-163,LC08_L2SP_176039_20250820_20250826_02_T1,2025-08-20,-0.809539136763064,-0.7355191875225588,45.80897909345146,0.39199969762759257,medium,-0.07401994924050515,landsat_gee,True
NSR-GRID-164,LC08_L2SP_176039_20250820_20250826_02_T1,2025-08-20,-1.6401387217976051,-1.7449035243523652,44.97837950841692,0.3806064489368163,medium,0.10476480255476006,landsat_gee,True
NSR-GRID-165,LC08_L2SP_176039_20250820_20250826_02_T1,2025-08-20,-2.9026484083052893,-2.903997807783848,43.71586982190924,0.4960437957903381,medium,0.0013493994785589436,landsat_gee,True
NSR-GRID-166,LC08_L2SP_176039_20250820_20250826_02_T1,2025-08-20,-0.7384365022529451,-1.2811633371033302,45.88008172796158,0.45653048229819326,medium,0.5427268348503851,landsat_gee,True
NSR-GRID-167,LC08_L2SP_176039_20250820_20250826_02_T1,2025-08-20,0.1524862905098842,-0.7412002772483187,46.77100452072441,0.3608020764440961,medium,0.8936865677582029,landsat_gee,True
NSR-GRID-168,LC08_L2SP_176039_20250820_20250826_02_T1,2025-08-20,0.2584464262908881,-0.6438592999223457,46.876964656505415,0.35214917603138446,medium,0.9023057262132338,landsat_gee,True
NSR-GRID-169,LC08_L2SP_176039_20250820_20250826_02_T1,2025-08-20,-0.8169656147586082,-1.0669837890572722,45.80155261545592,0.3204930551779858,low,0.250018174298664,landsat_gee,True
NSR-GRID-170,LC08_L2SP_176039_20250820_20250826_02_T1,2025-08-20,-1.2271514927460672,-1.1116241677286312,45.39136673746846,0.273954457467808,low,-0.11552732501743601,landsat_gee,True
NSR-GRID-171,LC08_L2SP_176039_20250820_20250826_02_T1,2025-08-20,-0.7203329337722195,-0.8597045679833281,45.89818529644231,0.20284163664387841,low,0.13937163421110854,landsat_gee,True
NSR-GRID-172,LC08_L2SP_176039_20250820_20250826_02_T1,2025-08-20,-0.7472649854597861,-0.5953879791877519,45.87125324475474,0.16531150233995445,low,-0.15187700627203427,landsat_gee,True
NSR-GRID-173,LC08_L2SP_176039_20250820_20250826_02_T1,2025-08-20,0.4304261018755539,0.4494762038437162,47.04894433209008,0.227846986476289,low,-0.019050101968162314,landsat_gee,True
NSR-GRID-174,LC08_L2SP_176039_20250820_20250826_02_T1,2025-08-20,-0.1353655194828888,-0.7010539099040054,46.48315271073164,0.3272981918962351,low,0.5656883904211166,landsat_gee,True
NSR-GRID-175,LC08_L2SP_176039_20250820_20250826_02_T1,2025-08-20,-2.17843480582453,-2.5151207241572675,44.44008342439,0.37413110614470546,medium,0.33668591833273753,landsat_gee,True
NSR-GRID-176,LC08_L2SP_176039_20250820_20250826_02_T1,2025-08-20,-2.2422987900601683,-2.7185688086100255,44.37621944015436,0.3501370139997997,medium,0.4762700185498572,landsat_gee,True
NSR-GRID-177,LC08_L2SP_176039_20250820_20250826_02_T1,2025-08-20,-2.8296873369745086,-2.7451021940658835,43.78883089324002,0.35971979858635267,medium,-0.08458514290862507,landsat_gee,True
NSR-GRID-178,LC08_L2SP_176039_20250820_20250826_02_T1,2025-08-20,-3.3689291490861137,-2.94793341057555,43.24958908112841,0.35777452553793293,medium,-0.4209957385105638,landsat_gee,True
NSR-GRID-179,LC08_L2SP_176039_20250820_20250826_02_T1,2025-08-20,-3.6221621483389512,-3.1149320617375347,42.996356081875575,0.3498094830007975,low,-0.5072300866014166,landsat_gee,True
NSR-GRID-180,LC08_L2SP_176039_20250820_20250826_02_T1,2025-08-20,-3.78677753491538,-3.1190059280723856,42.831740695299146,0.3472684667185373,low,-0.6677716068429942,landsat_gee,True
NSR-GRID-181,LC08_L2SP_176039_20250820_20250826_02_T1,2025-08-20,-3.106877397529999,-2.579974355273142,43.51164083268453,0.36736414038311804,medium,-0.526903042256857,landsat_gee,True
NSR-GRID-182,LC08_L2SP_176039_20250820_20250826_02_T1,2025-08-20,-2.382408311441111,-2.0350436204198523,44.236109918773415,0.3976141463912556,medium,-0.34736469102125866,landsat_gee,True
NSR-GRID-183,LC08_L2SP_176039_20250820_20250826_02_T1,2025-08-20,-1.3470221447168669,-1.334956082643491,45.27149608549766,0.3945230571476456,medium,-0.012066062073375905,landsat_gee,True
NSR-GRID-184,LC08_L2SP_176039_20250820_20250826_02_T1,2025-08-20,-1.4794815922431752,-1.2853650902950635,45.13903663797135,0.394728710467885,medium,-0.1941165019481117,landsat_gee,True
NSR-GRID-185,LC08_L2SP_176039_20250820_20250826_02_T1,2025-08-20,-0.977421512227984,-0.9208587878980125,45.64109671798654,0.349704527933676,low,-0.05656272432997156,landsat_gee,True
NSR-GRID-186,LC08_L2SP_176039_20250820_20250826_02_T1,2025-08-20,-1.114337644488714,-1.2071066736723193,45.50418058572581,0.42385739469097583,medium,0.09276902918360519,landsat_gee,True
NSR-GRID-187,LC08_L2SP_176039_20250820_20250826_02_T1,2025-08-20,-1.1262574684490332,-1.4600433581272179,45.49226076176549,0.47225391199605105,medium,0.3337858896781847,landsat_gee,True
NSR-GRID-188,LC08_L2SP_176039_20250820_20250826_02_T1,2025-08-20,-1.1357581388209468,-1.8272477205112898,45.48276009139358,0.43581696873814346,medium,0.691489581690343,landsat_gee,True
NSR-GRID-189,LC08_L2SP_176039_20250820_20250826_02_T1,2025-08-20,-1.755777428694728,-2.26810427558937,44.8627408015198,0.4475274493350797,medium,0.512326846894642,landsat_gee,True
NSR-GRID-190,LC08_L2SP_176039_20250820_20250826_02_T1,2025-08-20,-1.929474621111105,-2.203058827680621,44.68904360910342,0.36450939351314926,medium,0.273584206569516,landsat_gee,True
NSR-GRID-191,LC08_L2SP_176039_20250820_20250826_02_T1,2025-08-20,-1.3049432853303171,-1.505046410212299,45.31357494488421,0.3142989240079761,low,0.2001031248819818,landsat_gee,True
NSR-GRID-192,LC08_L2SP_176039_20250820_20250826_02_T1,2025-08-20,0.1430399167283411,0.032913513732118975,46.76155814694287,0.21241761057402872,low,0.11012640299622212,landsat_gee,True
NSR-GRID-193,LC08_L2SP_176039_20250820_20250826_02_T1,2025-08-20,1.0909933377313197,-0.14479704546885114,47.709511567945846,0.38000734931682145,medium,1.2357903832001709,landsat_gee,True
NSR-GRID-194,LC08_L2SP_176039_20250820_20250826_02_T1,2025-08-20,-0.0439668227684677,0.24910725531730457,46.57455140744606,0.25993768365953246,low,-0.2930740780857723,landsat_gee,True
NSR-GRID-195,LC08_L2SP_176039_20250820_20250826_02_T1,2025-08-20,-1.5898838916864475,-2.2757625017068044,45.02863433852808,0.37393401657275827,medium,0.6858786100203569,landsat_gee,True
NSR-GRID-196,LC08_L2SP_176039_20250820_20250826_02_T1,2025-08-20,-1.1724514887854482,-0.808952521739223,45.44606674142908,0.2578707288875566,low,-0.3634989670462252,landsat_gee,True
NSR-GRID-197,LC08_L2SP_176039_20250820_20250826_02_T1,2025-08-20,-2.2292552734404296,-2.8128732982896736,44.3892629567741,0.3224908999864272,low,0.583618024849244,landsat_gee,True
NSR-GRID-198,LC08_L2SP_176039_20250820_20250826_02_T1,2025-08-20,-3.2731482633003357,-2.9180934034761656,43.34536996691419,0.2680913881710539,low,-0.35505485982417007,landsat_gee,True
NSR-GRID-199,LC08_L2SP_176039_20250820_20250826_02_T1,2025-08-20,-3.796358184898573,-3.3665503105783254,42.822160045315954,0.3741011613752788,medium,-0.4298078743202476,landsat_gee,True
NSR-GRID-200,LC08_L2SP_176039_20250820_20250826_02_T1,2025-08-20,-3.1667491347077004,-2.8993848529985926,43.451769095506826,0.3683843914035104,medium,-0.26736428170910775,landsat_gee,True
NSR-GRID-201,LC08_L2SP_176039_20250820_20250826_02_T1,2025-08-20,-3.324423647281151,-2.7570883016579115,43.294094582933376,0.39735395917619654,medium,-0.5673353456232393,landsat_gee,True
NSR-GRID-202,LC08_L2SP_176039_20250820_20250826_02_T1,2025-08-20,-2.7823558278360565,-2.211771887696606,43.83616240237847,0.37165515019010886,medium,-0.5705839401394504,landsat_gee,True
NSR-GRID-203,LC08_L2SP_176039_20250820_20250826_02_T1,2025-08-20,-0.2641045529324444,0.09006121775813561,46.35441367728208,0.418997211010234,medium,-0.35416577069058,landsat_gee,True
NSR-GRID-204,LC08_L2SP_176039_20250820_20250826_02_T1,2025-08-20,-2.5634666330124816,-1.901192293887367,44.055051597202045,0.37937397599169415,medium,-0.6622743391251145,landsat_gee,True
NSR-GRID-205,LC08_L2SP_176039_20250820_20250826_02_T1,2025-08-20,-1.8721524781754584,-1.6077721595058458,44.74636575203907,0.3905245441143599,medium,-0.26438031866961254,landsat_gee,True
NSR-GRID-206,LC08_L2SP_176039_20250820_20250826_02_T1,2025-08-20,-1.7565009029724408,-1.695058636819124,44.862017327242086,0.4163655732091502,medium,-0.061442266153316716,landsat_gee,True
NSR-GRID-207,LC08_L2SP_176039_20250820_20250826_02_T1,2025-08-20,-1.598662069580321,-1.812034752861471,45.019856160634205,0.4175261767601582,medium,0.21337268328115,landsat_gee,True
NSR-GRID-208,LC08_L2SP_176039_20250820_20250826_02_T1,2025-08-20,-0.9383324918301952,-1.3786810160909044,45.68018573838433,0.4368180441327899,medium,0.44034852426070925,landsat_gee,True
NSR-GRID-209,LC08_L2SP_176039_20250820_20250826_02_T1,2025-08-20,-0.6248018494728811,-1.4040617618470033,45.993716380741645,0.4221580056067401,medium,0.7792599123741222,landsat_gee,True
NSR-GRID-210,LC08_L2SP_176039_20250820_20250826_02_T1,2025-08-20,0.055767445660237,-0.9084929043655077,46.67428567587476,0.4203801208620356,medium,0.9642603500257447,landsat_gee,True
NSR-GRID-211,LC08_L2SP_176039_20250820_20250826_02_T1,2025-08-20,-0.7575451203767756,-1.3059477974970113,45.86097310983775,0.4334582691638248,medium,0.5484026771202357,landsat_gee,True
NSR-GRID-212,LC08_L2SP_176039_20250820_20250826_02_T1,2025-08-20,-0.2256268440098452,-0.5117171024239362,46.39289138620468,0.36215446510045834,medium,0.28609025841409097,landsat_gee,True
NSR-GRID-213,LC08_L2SP_176039_20250820_20250826_02_T1,2025-08-20,-0.5921729671073095,-0.043108493190697,46.02634526310722,0.2827951548696542,low,-0.5490644739166125,landsat_gee,True
NSR-GRID-214,LC08_L2SP_176039_20250820_20250826_02_T1,2025-08-20,-2.578564884989895,-3.0978987524607757,44.03995334522463,0.3956526499347865,medium,0.519333867470881,landsat_gee,True
NSR-GRID-215,LC08_L2SP_176039_20250820_20250826_02_T1,2025-08-20,-2.4969562231053857,-2.9536282123070805,44.12156200710914,0.3402820077792194,low,0.45667198920169483,landsat_gee,True
NSR-GRID-216,LC08_L2SP_176039_20250820_20250826_02_T1,2025-08-20,-1.9941426444231567,-2.129526933609116,44.62437558579137,0.3351116685367961,low,0.13538428918595935,landsat_gee,True
NSR-GRID-217,LC08_L2SP_176039_20250820_20250826_02_T1,2025-08-20,-2.9587743678229685,-2.574128529538186,43.65974386239156,0.38517229371162,medium,-0.3846458382847824,landsat_gee,True
NSR-GRID-218,LC08_L2SP_176039_20250820_20250826_02_T1,2025-08-20,-2.6133568777719347,-2.227440677255072,44.00516135244259,0.3817035375665642,medium,-0.3859162005168626,landsat_gee,True
NSR-GRID-219,LC08_L2SP_176039_20250820_20250826_02_T1,2025-08-20,-1.6174661149990683,-1.352110670362135,45.00105211521546,0.38672854487246056,medium,-0.2653554446369333,landsat_gee,True
NSR-GRID-220,LC08_L2SP_176039_20250820_20250826_02_T1,2025-08-20,-1.0330516764171165,-0.9140307119449904,45.58546655379741,0.3932093281496133,medium,-0.11902096447212607,landsat_gee,True
NSR-GRID-221,LC08_L2SP_176039_20250820_20250826_02_T1,2025-08-20,-1.7550725721384737,-1.213332727144194,44.86344565807605,0.4025805986090014,medium,-0.5417398449942796,landsat_gee,True
NSR-GRID-222,LC08_L2SP_176039_20250820_20250826_02_T1,2025-08-20,-1.7631495229105738,-1.080196872446839,44.85536870730395,0.40387071369719824,medium,-0.6829526504637349,landsat_gee,True
NSR-GRID-223,LC08_L2SP_176039_20250820_20250826_02_T1,2025-08-20,-2.4342516766754727,-1.8651606418024842,44.184266553539054,0.44976268586272355,medium,-0.5690910348729885,landsat_gee,True
NSR-GRID-224,LC08_L2SP_176039_20250820_20250826_02_T1,2025-08-20,-1.9889471582367408,-1.7223068604805398,44.629571071977786,0.49040121710709084,medium,-0.266640297756201,landsat_gee,True
NSR-GRID-225,LC08_L2SP_176039_20250820_20250826_02_T1,2025-08-20,-0.7362486226490148,-0.7715187066590219,45.88226960756551,0.4381191323327361,medium,0.035270084010007086,landsat_gee,True
NSR-GRID-226,LC08_L2SP_176039_20250820_20250826_02_T1,2025-08-20,-0.4545696765597427,-0.9020501198086366,46.163948553654784,0.3625235515417581,medium,0.4474804432488939,landsat_gee,True
NSR-GRID-227,LC08_L2SP_176039_20250820_20250826_02_T1,2025-08-20,-0.5421173058626607,-1.3401404242410133,46.076400924351866,0.4432361459256663,medium,0.7980231183783526,landsat_gee,True
NSR-GRID-228,LC08_L2SP_176039_20250820_20250826_02_T1,2025-08-20,-0.8797258033330237,-1.3563994659733762,45.7387924268815,0.42150272237105163,medium,0.4766736626403525,landsat_gee,True
NSR-GRID-229,LC08_L2SP_176039_20250820_20250826_02_T1,2025-08-20,-0.7316461527859488,-0.8003582588243023,45.88687207742858,0.45306849644733316,medium,0.06871210603835354,landsat_gee,True
NSR-GRID-230,LC08_L2SP_176039_20250820_20250826_02_T1,2025-08-20,-1.3787153986617255,-1.2522663956682019,45.2398028315528,0.3914726329827173,medium,-0.12644900299352368,landsat_gee,True
NSR-GRID-231,LC08_L2SP_176039_20250820_20250826_02_T1,2025-08-20,0.7734733078524556,1.1581678521369252,47.39199153806698,0.3054825056140603,low,-0.3846945442844696,landsat_gee,True
NSR-GRID-232,LC08_L2SP_176039_20250820_20250826_02_T1,2025-08-20,-1.887936315145886,-2.1488787503507956,44.73058191506864,0.3331783990972448,low,0.2609424352049097,landsat_gee,True
NSR-GRID-233,LC08_L2SP_176039_20250820_20250826_02_T1,2025-08-20,-2.4005053444981144,-2.721589829080223,44.21801288571641,0.3897112131271271,medium,0.3210844845821086,landsat_gee,True
NSR-GRID-234,LC08_L2SP_176039_20250820_20250826_02_T1,2025-08-20,-2.6933461584538705,-2.5361843187953386,43.925172071760656,0.38642072818075796,medium,-0.15716183965853192,landsat_gee,True
NSR-GRID-235,LC08_L2SP_176039_20250820_20250826_02_T1,2025-08-20,-1.2041188655403516,-0.9152771406794967,45.414399364674175,0.36029338768113844,medium,-0.2888417248608549,landsat_gee,True
NSR-GRID-236,LC08_L2SP_176039_20250820_20250826_02_T1,2025-08-20,0.6934429950093133,1.0680499022838053,47.31196122522384,0.3725023523818239,medium,-0.374606907274492,landsat_gee,True
NSR-GRID-237,LC08_L2SP_176039_20250820_20250826_02_T1,2025-08-20,2.612147018025041,2.955735181686558,49.23066524823957,0.29660101526419624,low,-0.34358816366151723,landsat_gee,True
NSR-GRID-238,LC08_L2SP_176039_20250820_20250826_02_T1,2025-08-20,0.804100404979117,1.5202975880575385,47.42261863519364,0.3378324558282716,low,-0.7161971830784215,landsat_gee,True
NSR-GRID-239,LC08_L2SP_176039_20250820_20250826_02_T1,2025-08-20,-0.021533430418799,0.664242977683391,46.59698479979573,0.3928099570485849,medium,-0.68577640810219,landsat_gee,True
NSR-GRID-240,LC08_L2SP_176039_20250820_20250826_02_T1,2025-08-20,-0.3504439845099156,0.13605331917937205,46.26807424570461,0.35900093037161873,medium,-0.4864973036892877,landsat_gee,True
NSR-GRID-241,LC08_L2SP_176039_20250820_20250826_02_T1,2025-08-20,-1.065523125963196,-0.7948041472277232,45.55299510425133,0.4562507094283065,medium,-0.2707189787354729,landsat_gee,True
NSR-GRID-242,LC08_L2SP_176039_20250820_20250826_02_T1,2025-08-20,-1.2354163774882352,-1.305830114830155,45.38310185272629,0.5035443447382857,medium,0.0704137373419198,landsat_gee,True
NSR-GRID-243,LC08_L2SP_176039_20250820_20250826_02_T1,2025-08-20,-0.5501804648703441,-0.6571248439594263,46.06833776534418,0.39465289663546066,medium,0.10694437908908216,landsat_gee,True
NSR-GRID-244,LC08_L2SP_176039_20250820_20250826_02_T1,2025-08-20,1.5129458773461906,0.8721529822795903,48.13146410756072,0.2467811985248757,low,0.6407928950666003,landsat_gee,True
NSR-GRID-245,LC08_L2SP_176039_20250820_20250826_02_T1,2025-08-20,1.551180964653227,0.8491053639808219,48.16969919486775,0.3404740640288562,low,0.7020756006724052,landsat_gee,True
NSR-GRID-246,LC08_L2SP_176039_20250820_20250826_02_T1,2025-08-20,0.3381558599715433,-0.11428313658328519,46.95667409018607,0.42503451280837434,medium,0.4524389965548285,landsat_gee,True
NSR-GRID-247,LC08_L2SP_176039_20250820_20250826_02_T1,2025-08-20,-0.2590574158621095,-0.15718852560343802,46.35946081435242,0.3803720098713565,medium,-0.10186889025867149,landsat_gee,True
NSR-GRID-248,LC08_L2SP_176039_20250820_20250826_02_T1,2025-08-20,-0.6536118140255596,-0.366127813352597,45.96490641618897,0.39194697284839286,medium,-0.2874840006729626,landsat_gee,True
NSR-GRID-249,LC08_L2SP_176039_20250820_20250826_02_T1,2025-08-20,-0.7727420572012633,-1.1576527016454106,45.84577617301326,0.3964914229977985,medium,0.38491064444414724,landsat_gee,True
NSR-GRID-250,LC08_L2SP_176039_20250820_20250826_02_T1,2025-08-20,0.1507268964610659,0.6148144380350787,46.76924512667559,0.23767024500972614,low,-0.46408754157401283,landsat_gee,True
NSR-GRID-251,LC08_L2SP_176039_20250820_20250826_02_T1,2025-08-20,-1.6994961761937333,-1.9547590794802667,44.91902205402079,0.4186805112228229,medium,0.25526290328653345,landsat_gee,True
NSR-GRID-252,LC08_L2SP_176039_20250820_20250826_02_T1,2025-08-20,-2.3175933132815203,-2.1380391084769124,44.300924916933006,0.4274977458205573,medium,-0.17955420480460793,landsat_gee,True
NSR-GRID-253,LC08_L2SP_176039_20250820_20250826_02_T1,2025-08-20,-2.4781183459978777,-2.173993753692742,44.14039988421665,0.3799899265148623,medium,-0.3041245923051359,landsat_gee,True
NSR-GRID-254,LC08_L2SP_176039_20250820_20250826_02_T1,2025-08-20,0.8091569647459238,0.869006394786664,47.42767519496045,0.4202203135549597,medium,-0.05984943004074017,landsat_gee,True
NSR-GRID-255,LC08_L2SP_176039_20250820_20250826_02_T1,2025-08-20,2.333301001822811,2.7438463740090477,48.95181923203734,0.39805908719918015,medium,-0.4105453721862369,landsat_gee,True
NSR-GRID-256,LC08_L2SP_176039_20250820_20250826_02_T1,2025-08-20,0.2075476720784763,0.8819131930767725,46.826065902293,0.31619652322497704,low,-0.6743655209982962,landsat_gee,True
NSR-GRID-257,LC08_L2SP_176039_20250820_20250826_02_T1,2025-08-20,-1.04226308982647,-0.4967452951067401,45.57625514038806,0.2836488235470159,low,-0.5455177947197298,landsat_gee,True
NSR-GRID-258,LC08_L2SP_176039_20250820_20250826_02_T1,2025-08-20,-1.6032551974486893,-0.9660101021611114,45.01526303276584,0.2831260499929699,low,-0.6372450952875779,landsat_gee,True
NSR-GRID-259,LC08_L2SP_176039_20250820_20250826_02_T1,2025-08-20,-2.529799638529255,-2.150908547092559,44.08871859168527,0.35008163258566877,medium,-0.37889109143669586,landsat_gee,True
NSR-GRID-260,LC08_L2SP_176039_20250820_20250826_02_T1,2025-08-20,-1.8868381709650135,-2.006766529690517,44.73168005924951,0.38644072328842444,medium,0.11992835872550356,landsat_gee,True
NSR-GRID-261,LC08_L2SP_176039_20250820_20250826_02_T1,2025-08-20,-0.1875395600462468,-0.3746932600632384,46.43097867016828,0.3291557527140969,low,0.18715370001699158,landsat_gee,True
NSR-GRID-262,LC08_L2SP_176039_20250820_20250826_02_T1,2025-08-20,1.1668337154328583,0.9041250848399155,47.785351945647385,0.22049308451305064,low,0.2627086305929428,landsat_gee,True
NSR-GRID-263,LC08_L2SP_176039_20250820_20250826_02_T1,2025-08-20,1.366209394201313,1.059973107719678,47.98472762441584,0.24985125415546983,low,0.30623628648163503,landsat_gee,True
NSR-GRID-264,LC08_L2SP_176039_20250820_20250826_02_T1,2025-08-20,1.4096615967396249,1.0178052133615718,48.02817982695415,0.3196477781652417,low,0.39185638337805306,landsat_gee,True
NSR-GRID-265,LC08_L2SP_176039_20250820_20250826_02_T1,2025-08-20,-0.1761181497684631,-0.25038559864156873,46.44240008044606,0.4428302176879068,medium,0.07426744887310563,landsat_gee,True
NSR-GRID-266,LC08_L2SP_176039_20250820_20250826_02_T1,2025-08-20,-0.7058926708140092,-0.650755585892373,45.91262555940052,0.3901209110568145,medium,-0.05513708492163616,landsat_gee,True
NSR-GRID-267,LC08_L2SP_176039_20250820_20250826_02_T1,2025-08-20,0.7673916023585292,0.312316796631392,47.385909832573056,0.41467279344568786,medium,0.4550748057271372,landsat_gee,True
NSR-GRID-268,LC08_L2SP_176039_20250820_20250826_02_T1,2025-08-20,-0.3211058806203937,-0.05157932000789863,46.29741234959413,0.2761292285463195,low,-0.2695265606124951,landsat_gee,True
NSR-GRID-269,LC08_L2SP_176039_20250820_20250826_02_T1,2025-08-20,0.3098183678751169,0.010327686187700686,46.92833659808964,0.4519856798821259,medium,0.2994906816874162,landsat_gee,True
NSR-GRID-270,LC08_L2SP_176039_20250820_20250826_02_T1,2025-08-20,0.6112149783938321,0.7004804230531024,47.22973320860836,0.3320368314592896,low,-0.08926544465927033,landsat_gee,True
NSR-GRID-271,LC08_L2SP_176039_20250820_20250826_02_T1,2025-08-20,-1.1450389361229938,-1.068469323791449,45.47347929409153,0.4350865305060806,medium,-0.07656961233154469,landsat_gee,True
NSR-GRID-272,LC08_L2SP_176039_20250820_20250826_02_T1,2025-08-20,-1.787573140470009,-1.3961697454358504,44.83094508974452,0.43165454515276386,medium,-0.39140339503415866,landsat_gee,True
NSR-GRID-273,LC08_L2SP_176039_20250820_20250826_02_T1,2025-08-20,0.0735268232730064,-0.0632566762543269,46.69204505348753,0.3772657371220382,medium,0.13678349952733332,landsat_gee,True
NSR-GRID-274,LC08_L2SP_176039_20250820_20250826_02_T1,2025-08-20,1.0068446074267283,1.391900753205031,47.625362837641255,0.4262686791900214,medium,-0.3850561457783026,landsat_gee,True
NSR-GRID-275,LC08_L2SP_176039_20250820_20250826_02_T1,2025-08-20,-1.148961240052813,-0.7432883122803534,45.46955699016171,0.4028181201225083,medium,-0.40567292777245967,landsat_gee,True
NSR-GRID-276,LC08_L2SP_176039_20250820_20250826_02_T1,2025-08-20,-1.1894277844985268,-0.8123148045350426,45.429090445716,0.273532644039166,low,-0.37711297996348425,landsat_gee,True
NSR-GRID-277,LC08_L2SP_176039_20250820_20250826_02_T1,2025-08-20,-0.6255558722089489,-0.5421094396438715,45.99296235800558,0.2155845057482433,low,-0.08344643256507744,landsat_gee,True
NSR-GRID-278,LC08_L2SP_176039_20250820_20250826_02_T1,2025-08-20,-2.186460131471321,-2.5750507121096358,44.432058098743205,0.2264490577682659,low,0.388590580638315,landsat_gee,True
NSR-GRID-279,LC08_L2SP_176039_20250820_20250826_02_T1,2025-08-20,-0.4454994338302711,-0.758331979074812,46.173018796384255,0.27205812319656164,low,0.3128325452445409,landsat_gee,True
NSR-GRID-280,LC08_L2SP_176039_20250820_20250826_02_T1,2025-08-20,0.8603679253755345,0.6086965811087718,47.47888615559006,0.26326813952023226,low,0.25167134426676274,landsat_gee,True
NSR-GRID-281,LC08_L2SP_176039_20250820_20250826_02_T1,2025-08-20,1.144833486799982,0.8911166550161643,47.76335171701451,0.20837569372080836,low,0.25371683178381776,landsat_gee,True
NSR-GRID-282,LC08_L2SP_176039_20250820_20250826_02_T1,2025-08-20,1.7375659647213766,1.4136556461508165,48.3560841949359,0.24991258874643515,low,0.3239103185705601,landsat_gee,True
NSR-GRID-283,LC08_L2SP_176039_20250820_20250826_02_T1,2025-08-20,1.1220537370770811,0.9448298020176119,47.74057196729161,0.2894495186788038,low,0.1772239350594692,landsat_gee,True
NSR-GRID-284,LC08_L2SP_176039_20250820_20250826_02_T1,2025-08-20,0.2171477966426209,0.4045115591031072,46.83566602685715,0.2720923929505857,low,-0.1873637624604863,landsat_gee,True
NSR-GRID-285,LC08_L2SP_176039_20250820_20250826_02_T1,2025-08-20,1.6900400506532949,1.7810950886028252,48.30855828086782,0.4312640392937619,medium,-0.0910550379495303,landsat_gee,True
NSR-GRID-286,LC08_L2SP_176039_20250820_20250826_02_T1,2025-08-20,0.7993691587272806,0.9252506300845795,47.41788738894181,0.24007288001960406,low,-0.12588147135729888,landsat_gee,True
NSR-GRID-287,LC08_L2SP_176039_20250820_20250826_02_T1,2025-08-20,0.607729042678578,1.3732329617997414,47.226247272893104,0.472465493665241,medium,-0.7655039191211634,landsat_gee,True
NSR-GRID-288,LC08_L2SP_176039_20250820_20250826_02_T1,2025-08-20,1.609778128349177,1.682453313558317,48.2282963585637,0.45273337674307335,medium,-0.07267518520914007,landsat_gee,True
NSR-GRID-289,LC08_L2SP_176039_20250820_20250826_02_T1,2025-08-20,0.2807487489843936,0.45671234649240683,46.89926697919892,0.39686337146921463,medium,-0.17596359750801321,landsat_gee,True
NSR-GRID-290,LC08_L2SP_176039_20250820_20250826_02_T1,2025-08-20,-1.0905090159786752,-0.8676601804892253,45.52800921423585,0.33406127203712827,low,-0.2228488354894499,landsat_gee,True
NSR-GRID-291,LC08_L2SP_176039_20250820_20250826_02_T1,2025-08-20,-0.1879601097674736,0.06317019322671882,46.43055812044705,0.27425055345569915,low,-0.2511303029941924,landsat_gee,True
NSR-GRID-292,LC08_L2SP_176039_20250820_20250826_02_T1,2025-08-20,-1.313491456716385,-1.0035570950051445,45.30502677349814,0.26295717409562813,low,-0.30993436171124045,landsat_gee,True
NSR-GRID-293,LC08_L2SP_176039_20250820_20250826_02_T1,2025-08-20,0.8598524432093129,0.8503924969411937,47.47837067342384,0.3869035191890474,medium,0.00945994626811919,landsat_gee,True
NSR-GRID-294,LC08_L2SP_176039_20250820_20250826_02_T1,2025-08-20,1.1679438420160508,1.1723070217835887,47.78646207223058,0.3296613929373497,low,-0.004363179767537861,landsat_gee,True
NSR-GRID-295,LC08_L2SP_176039_20250820_20250826_02_T1,2025-08-20,1.6395880961950766,1.4896403188539966,48.2581063264096,0.2268391532870697,low,0.14994777734108,landsat_gee,True
NSR-GRID-296,LC08_L2SP_176039_20250820_20250826_02_T1,2025-08-20,1.887661637528133,1.1927797045681183,48.50617986774266,0.2172527498582288,low,0.6948819329600147,landsat_gee,True
NSR-GRID-297,LC08_L2SP_176039_20250820_20250826_02_T1,2025-08-20,1.722439075474007,1.2206974593152853,48.34095730568853,0.21875146917046023,low,0.5017416161587218,landsat_gee,True
NSR-GRID-298,LC08_L2SP_176039_20250820_20250826_02_T1,2025-08-20,1.7099420077946093,1.4471034286913007,48.328460238009136,0.23074971662332935,low,0.26283857910330855,landsat_gee,True
NSR-GRID-299,LC08_L2SP_176039_20250820_20250826_02_T1,2025-08-20,1.2181962563371442,0.9982611805416508,47.83671448655167,0.21291411968591623,low,0.21993507579549343,landsat_gee,True
NSR-GRID-300,LC08_L2SP_176039_20250820_20250826_02_T1,2025-08-20,1.5586736196125983,2.229102538562085,48.177191849827125,0.3898462778483592,medium,-0.6704289189494865,landsat_gee,True
NSR-GRID-302,LC08_L2SP_176039_20250820_20250826_02_T1,2025-08-20,2.676856516795752,2.7796001983708716,49.29537474701028,0.33786095690572265,low,-0.1027436815751197,landsat_gee,True
NSR-GRID-303,LC08_L2SP_176039_20250820_20250826_02_T1,2025-08-20,0.7957521747103229,0.700257916080166,47.41427040492485,0.23253408727553698,low,0.09549425863015693,landsat_gee,True
NSR-GRID-304,LC08_L2SP_176039_20250820_20250826_02_T1,2025-08-20,1.2826805278985065,1.9152617414853421,47.90119875811303,0.36529179840916315,medium,-0.6325812135868356,landsat_gee,True
NSR-GRID-305,LC08_L2SP_176039_20250820_20250826_02_T1,2025-08-20,0.6906259379917614,0.913333571954715,47.30914416820629,0.4123004120772831,medium,-0.22270763396295357,landsat_gee,True
NSR-GRID-306,LC08_L2SP_176039_20250820_20250826_02_T1,2025-08-20,-0.918352541710945,-0.4542812720878836,45.70016568850358,0.3678198120286149,medium,-0.46407126962306144,landsat_gee,True
NSR-GRID-307,LC08_L2SP_176039_20250820_20250826_02_T1,2025-08-20,0.7079736104437302,1.1272427259221585,47.32649184065826,0.3293594107828916,low,-0.41926911547842827,landsat_gee,True
NSR-GRID-308,LC08_L2SP_176039_20250820_20250826_02_T1,2025-08-20,1.27194010500245,1.6519772081638135,47.89045833521698,0.2817993727992149,low,-0.38003710316136363,landsat_gee,True
NSR-GRID-309,LC08_L2SP_176039_20250820_20250826_02_T1,2025-08-20,1.8798004055859248,2.057710889570062,48.49831863580045,0.2594399036174004,low,-0.17791048398413745,landsat_gee,True
NSR-GRID-310,LC08_L2SP_176039_20250820_20250826_02_T1,2025-08-20,2.0555455388991817,2.2510839930997046,48.67406376911371,0.25754762441414686,low,-0.19553845420052296,landsat_gee,True
NSR-GRID-311,LC08_L2SP_176039_20250820_20250826_02_T1,2025-08-20,2.307124994288607,2.4891376798988833,48.92564322450313,0.2829025094142221,low,-0.1820126856102764,landsat_gee,True
NSR-GRID-312,LC08_L2SP_176039_20250820_20250826_02_T1,2025-08-20,1.7868402686723854,1.83948353992237,48.40535849888691,0.26019965434132586,low,-0.05264327124998447,landsat_gee,True
NSR-GRID-313,LC08_L2SP_176039_20250820_20250826_02_T1,2025-08-20,1.6996503059568226,1.4886675130527434,48.31816853617135,0.24448872667109672,low,0.21098279290407929,landsat_gee,True
NSR-GRID-314,LC08_L2SP_176039_20250820_20250826_02_T1,2025-08-20,1.503552680261066,1.160737953927401,48.12207091047559,0.21620385452851282,low,0.34281472633366494,landsat_gee,True
NSR-GRID-315,LC08_L2SP_176039_20250820_20250826_02_T1,2025-08-20,1.8626716270519448,1.4596543415793826,48.48118985726647,0.24338205727636641,low,0.4030172854725622,landsat_gee,True
NSR-GRID-316,LC08_L2SP_176039_20250820_20250826_02_T1,2025-08-20,0.8876174279369948,0.8572430142309388,47.50613565815152,0.2068786834082963,low,0.03037441370605598,landsat_gee,True
NSR-GRID-317,LC08_L2SP_176039_20250820_20250826_02_T1,2025-08-20,2.2394485991191218,2.4322450768643864,48.85796682933365,0.3379277352630635,low,-0.19279647774526465,landsat_gee,True
NSR-GRID-318,LC08_L2SP_176039_20250820_20250826_02_T1,2025-08-20,0.4198050581244388,0.6435844929809487,47.038323288338965,0.22514080413876114,low,-0.22377943485650986,landsat_gee,True
NSR-GRID-319,LC08_L2SP_176039_20250820_20250826_02_T1,2025-08-20,1.750309780613442,2.1934543138896947,48.36882801082797,0.28667213608618597,low,-0.4431445332762527,landsat_gee,True
NSR-GRID-320,LC08_L2SP_176039_20250820_20250826_02_T1,2025-08-20,0.1314108117231072,0.1370409596825919,46.749929041937634,0.3623792823270362,medium,-0.005630147959484688,landsat_gee,True
NSR-GRID-321,LC08_L2SP_176039_20250820_20250826_02_T1,2025-08-20,-0.7530249267629543,-0.5621305198702032,45.86549330345157,0.3504001450584121,medium,-0.19089440689275106,landsat_gee,True
NSR-GRID-322,LC08_L2SP_176039_20250820_20250826_02_T1,2025-08-20,1.2263361195183862,1.3627748118774572,47.84485434973291,0.3214402962018135,low,-0.13643869235907102,landsat_gee,True
NSR-GRID-323,LC08_L2SP_176039_20250820_20250826_02_T1,2025-08-20,1.9340545767401736,2.041438297255835,48.5525728069547,0.30974676851753563,low,-0.10738372051566136,landsat_gee,True
NSR-GRID-324,LC08_L2SP_176039_20250820_20250826_02_T1,2025-08-20,1.4692517034609551,1.306291269758668,48.08776993367548,0.2916421603771585,low,0.1629604337022872,landsat_gee,True
NSR-GRID-325,LC08_L2SP_176039_20250820_20250826_02_T1,2025-08-20,2.2230759868364345,1.9526967889782776,48.84159421705096,0.31278877875097305,low,0.2703791978581569,landsat_gee,True
NSR-GRID-326,LC08_L2SP_176039_20250820_20250826_02_T1,2025-08-20,2.435449930779704,2.416738157863977,49.05396816099423,0.269066967232797,low,0.01871177291572712,landsat_gee,True
NSR-GRID-327,LC08_L2SP_176039_20250820_20250826_02_T1,2025-08-20,2.5660056409410643,2.072668436561668,49.18452387115559,0.26393938744617235,low,0.49333720437939643,landsat_gee,True
NSR-GRID-328,LC08_L2SP_176039_20250820_20250826_02_T1,2025-08-20,1.8847923553571704,1.829254962481616,48.5033105855717,0.2605212684990931,low,0.05553739287555448,landsat_gee,True
NSR-GRID-329,LC08_L2SP_176039_20250820_20250826_02_T1,2025-08-20,1.798690481954921,1.529612662303727,48.41720871216945,0.22720343728237818,low,0.26907781965119404,landsat_gee,True
NSR-GRID-330,LC08_L2SP_176039_20250820_20250826_02_T1,2025-08-20,1.0951644117109964,1.1462524791835444,47.71368264192552,0.22485827562492494,low,-0.051088067472548016,landsat_gee,True
NSR-GRID-331,LC08_L2SP_176039_20250820_20250826_02_T1,2025-08-20,0.0900326898043601,0.4013704642787571,46.70855092001889,0.19310787455643058,low,-0.31133777447439703,landsat_gee,True
NSR-GRID-332,LC08_L2SP_176039_20250820_20250826_02_T1,2025-08-20,1.7234066157960513,2.147187427326182,48.34192484601058,0.3099817304198756,low,-0.4237808115301309,landsat_gee,True
NSR-GRID-333,LC08_L2SP_176039_20250820_20250826_02_T1,2025-08-20,0.6416303975051676,0.9425611361677068,47.260148627719694,0.21171803430321212,low,-0.30093073866253917,landsat_gee,True
NSR-GRID-334,LC08_L2SP_176039_20250820_20250826_02_T1,2025-08-20,1.439770921731565,1.790366706240516,48.05828915194609,0.34207813941866877,low,-0.3505957845089509,landsat_gee,True
NSR-GRID-335,LC08_L2SP_176039_20250820_20250826_02_T1,2025-08-20,1.5329283732430454,1.8371513108277369,48.15144660345757,0.31933191223098045,low,-0.30422293758469143,landsat_gee,True
NSR-GRID-336,LC08_L2SP_176039_20250820_20250826_02_T1,2025-08-20,-0.777014162502013,-0.8069654116312801,45.84150406771251,0.31388168402938055,low,0.029951249129267055,landsat_gee,True
NSR-GRID-337,LC08_L2SP_176039_20250820_20250826_02_T1,2025-08-20,0.287257089562047,0.806210861379642,46.90577531977657,0.26513240645774466,low,-0.518953771817595,landsat_gee,True
NSR-GRID-338,LC08_L2SP_176039_20250820_20250826_02_T1,2025-08-20,1.6197014483730356,1.678402530057673,48.23821967858756,0.2602568303533513,low,-0.05870108168463739,landsat_gee,True
NSR-GRID-339,LC08_L2SP_176039_20250820_20250826_02_T1,2025-08-20,1.6195565473047608,1.2281578943704752,48.23807477751929,0.26290736469254994,low,0.39139865293428566,landsat_gee,True
NSR-GRID-340,LC08_L2SP_176039_20250820_20250826_02_T1,2025-08-20,1.2608670679191505,1.0866510269955976,47.87938529813368,0.2775750792231611,low,0.17421604092355292,landsat_gee,True
NSR-GRID-341,LC08_L2SP_176039_20250820_20250826_02_T1,2025-08-20,-0.1724290263723489,0.009129185693401569,46.44608920384218,0.29313144534058655,low,-0.18155821206575046,landsat_gee,True
NSR-GRID-342,LC08_L2SP_176039_20250820_20250826_02_T1,2025-08-20,0.9593156378373208,1.1337525600446001,47.57783386805185,0.29432844067097047,low,-0.17443692220727935,landsat_gee,True
NSR-GRID-343,LC08_L2SP_176039_20250820_20250826_02_T1,2025-08-20,0.7129748536813594,0.6979650188346868,47.331493083895886,0.23291112443041828,low,0.01500983484667262,landsat_gee,True
NSR-GRID-344,LC08_L2SP_176039_20250820_20250826_02_T1,2025-08-20,0.3784489921178036,0.5572001677468433,46.99696722233233,0.23797317719471758,low,-0.17875117562903975,landsat_gee,True
NSR-GRID-345,LC08_L2SP_176039_20250820_20250826_02_T1,2025-08-20,-0.2846243274406461,0.15080327709314242,46.33389390277388,0.20192089262001214,low,-0.4354276045337885,landsat_gee,True
NSR-GRID-346,LC08_L2SP_176039_20250820_20250826_02_T1,2025-08-20,-0.326231429398895,0.3769484271912875,46.29228680081563,0.19243467354633656,low,-0.7031798565901826,landsat_gee,True
NSR-GRID-347,LC08_L2SP_176039_20250820_20250826_02_T1,2025-08-20,-0.9015081302695904,-0.5416490852141402,45.717010099944936,0.18742982495820718,low,-0.3598590450554502,landsat_gee,True
NSR-GRID-348,LC08_L2SP_176039_20250820_20250826_02_T1,2025-08-20,0.9700707646114566,0.8581185863074537,47.58858899482598,0.24582664948134586,low,0.11195217830400284,landsat_gee,True
NSR-GRID-349,LC08_L2SP_176039_20250820_20250826_02_T1,2025-08-20,-0.5615304950757789,-0.24299767771343955,46.05698773513875,0.26868014712732063,low,-0.31853281736233935,landsat_gee,True
NSR-GRID-350,LC08_L2SP_176039_20250820_20250826_02_T1,2025-08-20,1.1140980340897144,1.4929900136767187,47.73261626430424,0.33455172715483505,low,-0.37889197958700427,landsat_gee,True
NSR-GRID-351,LC08_L2SP_176039_20250820_20250826_02_T1,2025-08-20,1.3718084650392657,1.2136603543028783,47.99032669525379,0.2553584681416833,low,0.15814811073638735,landsat_gee,True
NSR-GRID-352,LC08_L2SP_176039_20250820_20250826_02_T1,2025-08-20,-0.4717326124534224,-0.3416021816570943,46.146785617761104,0.24234509836034496,low,-0.13013043079632813,landsat_gee,True
NSR-GRID-353,LC08_L2SP_176039_20250820_20250826_02_T1,2025-08-20,0.3606425017662786,0.6616784605106166,46.979160731980805,0.30712325981411165,low,-0.30103595874433803,landsat_gee,True
NSR-GRID-354,LC08_L2SP_176039_20250820_20250826_02_T1,2025-08-20,1.848314434924632,1.7078134507311713,48.46683266513916,0.3030344824960355,low,0.1405009841934608,landsat_gee,True
NSR-GRID-355,LC08_L2SP_176039_20250820_20250826_02_T1,2025-08-20,1.5032801090108308,1.295953722628749,48.12179833922536,0.2372693422024481,low,0.20732638638208178,landsat_gee,True
NSR-GRID-356,LC08_L2SP_176039_20250820_20250826_02_T1,2025-08-20,1.4812413104011242,1.4966960601346542,48.09975954061565,0.26128507368718557,low,-0.015454749733530004,landsat_gee,True
NSR-GRID-357,LC08_L2SP_176039_20250820_20250826_02_T1,2025-08-20,1.782772364766238,1.7934849552228969,48.401290594980765,0.2689782192087883,low,-0.010712590456658955,landsat_gee,True
NSR-GRID-358,LC08_L2SP_176039_20250820_20250826_02_T1,2025-08-20,1.556093367706275,1.8458471227127125,48.1746115979208,0.34426245040658937,low,-0.2897537550064375,landsat_gee,True
NSR-GRID-359,LC08_L2SP_176039_20250820_20250826_02_T1,2025-08-20,0.656758248036553,1.4295359984760905,47.27527647825108,0.38930896774171336,medium,-0.7727777504395374,landsat_gee,True
NSR-GRID-360,LC08_L2SP_176039_20250820_20250826_02_T1,2025-08-20,0.4180115649434341,0.8286248801222017,47.03652979515796,0.27675088710094453,low,-0.4106133151787676,landsat_gee,True
NSR-GRID-361,LC08_L2SP_176039_20250820_20250826_02_T1,2025-08-20,0.4770424234884842,0.5515265528551881,47.09556065370301,0.22518461116654004,low,-0.07448412936670396,landsat_gee,True
NSR-GRID-362,LC08_L2SP_176039_20250820_20250826_02_T1,2025-08-20,1.008827235818913,0.7143096222531704,47.62734546603344,0.2243958022234534,low,0.2945176135657426,landsat_gee,True
NSR-GRID-363,LC08_L2SP_176039_20250820_20250826_02_T1,2025-08-20,0.3182094674404538,0.9200289378110621,46.93672769765498,0.3313568566743253,low,-0.6018194703706083,landsat_gee,True
NSR-GRID-364,LC08_L2SP_176039_20250820_20250826_02_T1,2025-08-20,0.2534340473572953,0.7614256431653657,46.87195227757182,0.363067189831344,medium,-0.5079915958080703,landsat_gee,True
NSR-GRID-365,LC08_L2SP_176039_20250820_20250826_02_T1,2025-08-20,1.428733163153126,1.5917474609725435,48.04725139336765,0.2951778242467501,low,-0.16301429781941756,landsat_gee,True
NSR-GRID-366,LC08_L2SP_176039_20250820_20250826_02_T1,2025-08-20,0.7377046737700255,1.4209814435606247,47.35622290398455,0.22688909283250996,low,-0.6832767697905993,landsat_gee,True
NSR-GRID-367,LC08_L2SP_176039_20250820_20250826_02_T1,2025-08-20,1.0838695965537042,1.4144591219460307,47.70238782676823,0.26504532859504093,low,-0.33058952539232656,landsat_gee,True
NSR-GRID-368,LC08_L2SP_176039_20250820_20250826_02_T1,2025-08-20,2.270095688194729,2.293071500356125,48.888613918409256,0.2672948536084369,low,-0.02297581216139566,landsat_gee,True
NSR-GRID-369,LC08_L2SP_176039_20250820_20250826_02_T1,2025-08-20,2.891369614758844,2.7247033187625256,49.50988784497337,0.2752623339507366,low,0.16666629599631833,landsat_gee,True
NSR-GRID-370,LC08_L2SP_176039_20250820_20250826_02_T1,2025-08-20,3.1147369040042463,3.063347794943718,49.73325513421877,0.27530210765492374,low,0.051389109060528515,landsat_gee,True
NSR-GRID-371,LC08_L2SP_176039_20250820_20250826_02_T1,2025-08-20,1.7986781327422747,1.7248681237112842,48.4171963629568,0.23692481385027497,low,0.07381000903099055,landsat_gee,True
NSR-GRID-372,LC08_L2SP_176039_20250820_20250826_02_T1,2025-08-20,1.6235864047726665,1.8266165749410472,48.24210463498719,0.3013564021684444,low,-0.20303017016838076,landsat_gee,True
NSR-GRID-373,LC08_L2SP_176039_20250820_20250826_02_T1,2025-08-20,1.3342889524195911,2.164811021821265,47.95280718263412,0.29609102270036225,low,-0.830522069401674,landsat_gee,True
NSR-GRID-374,LC08_L2SP_176039_20250820_20250826_02_T1,2025-08-20,0.52921891951069,1.001306814600582,47.14773714972522,0.22380226943885612,low,-0.4720878950898919,landsat_gee,True
NSR-GRID-375,LC08_L2SP_176039_20250820_20250826_02_T1,2025-08-20,0.990597091360506,0.9121553637164669,47.60911532157503,0.20855077195171015,low,0.07844172764403912,landsat_gee,True
NSR-GRID-376,LC08_L2SP_176039_20250820_20250826_02_T1,2025-08-20,0.1589677776388853,0.4327586366608778,46.77748600785341,0.25712972575717385,low,-0.2737908590219925,landsat_gee,True
NSR-GRID-377,LC08_L2SP_176039_20250820_20250826_02_T1,2025-08-20,0.3487597286865949,1.1049786011928096,46.96727795890112,0.27765499179302694,low,-0.7562188725062147,landsat_gee,True
NSR-GRID-378,LC08_L2SP_176039_20250820_20250826_02_T1,2025-08-20,1.7500569280329827,1.749451207557267,48.36857515824751,0.2378387723243829,low,0.0006057204757157209,landsat_gee,True
NSR-GRID-379,LC08_L2SP_176039_20250820_20250826_02_T1,2025-08-20,0.572898258085452,0.7173779389394646,47.19141648829998,0.2774741513649753,low,-0.14447968085401253,landsat_gee,True
NSR-GRID-380,LC08_L2SP_176039_20250820_20250826_02_T1,2025-08-20,-0.1524802069670698,0.8390476126512524,46.46603802324746,0.20650515852487683,low,-0.9915278196183221,landsat_gee,True
NSR-GRID-381,LC08_L2SP_176039_20250820_20250826_02_T1,2025-08-20,2.4291483988215106,2.605093362104143,49.04766662903604,0.2596770215507302,low,-0.17594496328263265,landsat_gee,True
NSR-GRID-382,LC08_L2SP_176039_20250820_20250826_02_T1,2025-08-20,3.6627933346266346,3.4916881375071784,50.28131156484116,0.28648370526795436,low,0.17110519711945615,landsat_gee,True
NSR-GRID-383,LC08_L2SP_176039_20250820_20250826_02_T1,2025-08-20,0.4774663060405046,1.1508692133652954,47.09598453625503,0.23418066684928665,low,-0.6734029073247907,landsat_gee,True
NSR-GRID-384,LC08_L2SP_176039_20250820_20250826_02_T1,2025-08-20,0.9145143644474488,0.9865659939108522,47.533032594661975,0.2149642897993401,low,-0.07205162946340338,landsat_gee,True
NSR-GRID-385,LC08_L2SP_176039_20250820_20250826_02_T1,2025-08-20,2.87060333749978,3.0795209985927863,49.48912156771431,0.2783321946815546,low,-0.20891766109300614,landsat_gee,True
NSR-GRID-386,LC08_L2SP_176039_20250820_20250826_02_T1,2025-08-20,2.869253024527765,2.594857262140696,49.48777125474229,0.2593814159243848,low,0.2743957623870692,landsat_gee,True
NSR-GRID-387,LC08_L2SP_176039_20250820_20250826_02_T1,2025-08-20,1.7314543651194256,2.144022205572779,48.34997259533395,0.24574917534817184,low,-0.41256784045335326,landsat_gee,True
NSR-GRID-388,LC08_L2SP_176039_20250820_20250826_02_T1,2025-08-20,0.8544859197990888,1.878304217484688,47.473004150013615,0.2520983304082809,low,-1.0238182976855992,landsat_gee,True
NSR-GRID-389,LC08_L2SP_176039_20250820_20250826_02_T1,2025-08-20,0.8302681235258405,1.3993693262066922,47.44878635374037,0.24811586083606038,low,-0.5691012026808517,landsat_gee,True
NSR-GRID-390,LC08_L2SP_176039_20250820_20250826_02_T1,2025-08-20,-0.0621304245435325,0.752952828805989,46.556387805670994,0.20384331158202146,low,-0.8150832533495215,landsat_gee,True
NSR-GRID-391,LC08_L2SP_176039_20250820_20250826_02_T1,2025-08-20,-0.6309113481898052,0.1598835563156992,45.98760688202472,0.18643663428394527,low,-0.7907949045055044,landsat_gee,True
NSR-GRID-392,LC08_L2SP_176039_20250820_20250826_02_T1,2025-08-20,0.9788001279221136,1.052027277255948,47.59731835813664,0.23156130611261538,low,-0.07322714933383445,landsat_gee,True
NSR-GRID-393,LC08_L2SP_176039_20250820_20250826_02_T1,2025-08-20,2.0577018259498416,2.5127081995552794,48.67622005616437,0.2608744361491898,low,-0.4550063736054377,landsat_gee,True
NSR-GRID-394,LC08_L2SP_176039_20250820_20250826_02_T1,2025-08-20,2.621641431165465,2.8040518588544665,49.24015966137999,0.28034764290348596,low,-0.1824104276890015,landsat_gee,True
NSR-GRID-395,LC08_L2SP_176039_20250820_20250826_02_T1,2025-08-20,2.608630649189145,2.9091927786136456,49.22714887940367,0.28349738631600396,low,-0.30056212942450067,landsat_gee,True
NSR-GRID-396,LC08_L2SP_176039_20250820_20250826_02_T1,2025-08-20,1.0812089948720711,1.7560520784945384,47.6997272250866,0.26658158374885055,low,-0.6748430836224673,landsat_gee,True
NSR-GRID-397,LC08_L2SP_176039_20250820_20250826_02_T1,2025-08-20,0.6287393720137402,1.1704139955630446,47.24725760222827,0.24626099184165506,low,-0.5416746235493044,landsat_gee,True
NSR-GRID-398,LC08_L2SP_176039_20250820_20250826_02_T1,2025-08-20,2.4857917089225907,2.44911216050522,49.10430993913712,0.2588492415467076,low,0.03667954841737053,landsat_gee,True
NSR-GRID-399,LC08_L2SP_176039_20250820_20250826_02_T1,2025-08-20,0.5802408247580217,0.7676657639510363,47.19875905497255,0.2111983019121162,low,-0.1874249391930145,landsat_gee,True
NSR-GRID-400,LC08_L2SP_176039_20250820_20250826_02_T1,2025-08-20,-1.0429602248334715,-0.3219099064501142,45.575558005381055,0.17148408577803317,low,-0.7210503183833573,landsat_gee,True
NSR-GRID-401,LC08_L2SP_176039_20250820_20250826_02_T1,2025-08-20,2.5822357362657518,2.5615786409294685,49.20075396648028,0.25836254690732047,low,0.020657095336283238,landsat_gee,True
NSR-GRID-402,LC08_L2SP_176039_20250820_20250826_02_T1,2025-08-20,2.8296157986690105,2.702069270924154,49.44813402888354,0.2626064295700032,low,0.12754652774485642,landsat_gee,True
NSR-GRID-403,LC08_L2SP_176039_20250820_20250826_02_T1,2025-08-20,2.2267240061881357,2.2441850343986034,48.84524223640266,0.2487748525247583,low,-0.01746102821046769,landsat_gee,True
NSR-GRID-404,LC08_L2SP_176039_20250820_20250826_02_T1,2025-08-20,0.1500750668048098,0.8067773520967599,46.768593297019336,0.20535423762425972,low,-0.6567022852919502,landsat_gee,True
NSR-GRID-405,LC08_L2SP_176039_20250820_20250826_02_T1,2025-08-20,2.2596691012015957,2.290027143803695,48.87818733141612,0.2501596319462217,low,-0.03035804260209929,landsat_gee,True
NSR-GRID-406,LC08_L2SP_176039_20250820_20250826_02_T1,2025-08-20,-1.0778807216986337,-0.49414678592364136,45.54063750851589,0.17917457706635276,low,-0.5837339357749923,landsat_gee,True
NSR-GRID-407,LC08_L2SP_176039_20250820_20250826_02_T1,2025-08-20,-0.098152790603244,0.551204091764414,46.52036543961128,0.2274363989745541,low,-0.649356882367658,landsat_gee,True
NSR-GRID-408,LC08_L2SP_176039_20250820_20250826_02_T1,2025-08-20,1.592029203715995,1.476407326869864,48.21054743393052,0.22558214207923807,low,0.11562187684613101,landsat_gee,True
NSR-GRID-409,LC08_L2SP_176039_20250820_20250826_02_T1,2025-08-20,0.8211072862080968,1.115604469848259,47.43962551642262,0.25663901621529467,low,-0.2944971836401622,landsat_gee,True
NSR-GRID-410,LC08_L2SP_176039_20250820_20250826_02_T1,2025-08-20,0.4488949871286536,0.814266386429449,47.06741321734318,0.20595503029315915,low,-0.36537139930079543,landsat_gee,True
NSR-GRID-411,LC08_L2SP_176039_20250820_20250826_02_T1,2025-08-20,1.830905290407543,1.6875561145583315,48.44942352062207,0.23614740932887365,low,0.14334917584921136,landsat_gee,True
NSR-GRID-413,LC08_L2SP_176039_20250820_20250826_02_T1,2025-08-20,0.4784970944540561,0.7611558824226086,47.09701532466858,0.23529011777047673,low,-0.2826587879685525,landsat_gee,True
NSR-GRID-414,LC08_L2SP_176039_20250820_20250826_02_T1,2025-08-20,0.3485068260915724,0.8959834402929855,46.9670250563061,0.22493037036313912,low,-0.5474766142014131,landsat_gee,True
NSR-GRID-415,LC08_L2SP_176039_20250820_20250826_02_T1,2025-08-20,1.9342232755221431,1.4312565813988505,48.55274150573667,0.2242182470926551,low,0.5029666941232926,landsat_gee,True
NSR-GRID-416,LC08_L2SP_176039_20250820_20250826_02_T1,2025-08-20,1.320043411021835,1.2585310341021958,47.93856164123636,0.21912009293093232,low,0.06151237691963929,landsat_gee,True
NSR-GRID-001,LC09_L2SP_176039_20250812_20250815_02_T1,2025-08-12,-2.3230877117777737,-2.356414861657986,44.566765888384325,0.39378380734687046,medium,0.033327149880212126,landsat_gee,True
NSR-GRID-002,LC09_L2SP_176039_20250812_20250815_02_T1,2025-08-12,-2.425941172918506,-2.2630991476594606,44.46391242724359,0.3830753909463029,medium,-0.16284202525904545,landsat_gee,True
NSR-GRID-003,LC09_L2SP_176039_20250812_20250815_02_T1,2025-08-12,-2.40278369924431,-2.8700470645780882,44.48706990091779,0.31715361180253143,low,0.4672633653337783,landsat_gee,True
NSR-GRID-004,LC09_L2SP_176039_20250812_20250815_02_T1,2025-08-12,-1.2175992585105675,-1.4154637423349306,45.67225434165153,0.32098939939396615,low,0.19786448382436306,landsat_gee,True
NSR-GRID-006,LC09_L2SP_176039_20250812_20250815_02_T1,2025-08-12,-1.8361710924078023,-2.063717999012182,45.053682507754296,0.4215801586689537,medium,0.2275469066043796,landsat_gee,True
NSR-GRID-007,LC09_L2SP_176039_20250812_20250815_02_T1,2025-08-12,-1.7672531721816966,-1.7817690670179573,45.1226004279804,0.3880193572914663,medium,0.014515894836260701,landsat_gee,True
NSR-GRID-008,LC09_L2SP_176039_20250812_20250815_02_T1,2025-08-12,-2.4282006401779554,-2.32672567466544,44.46165295998414,0.3954378169910209,medium,-0.10147496551251534,landsat_gee,True
NSR-GRID-009,LC09_L2SP_176039_20250812_20250815_02_T1,2025-08-12,-2.6040258876378672,-2.4319691970329367,44.28582771252423,0.40775259336433095,medium,-0.17205669060493056,landsat_gee,True
NSR-GRID-010,LC09_L2SP_176039_20250812_20250815_02_T1,2025-08-12,-0.1632797022532912,-0.33532420799648566,46.72657389790881,0.35351508781064883,medium,0.17204450574319446,landsat_gee,True
NSR-GRID-011,LC09_L2SP_176039_20250812_20250815_02_T1,2025-08-12,-2.169560897113314,-2.0133424382685923,44.720292703048784,0.3806625473241364,medium,-0.15621845884472174,landsat_gee,True
NSR-GRID-012,LC09_L2SP_176039_20250812_20250815_02_T1,2025-08-12,-0.3376998269962286,-0.35463417736161945,46.55215377316587,0.3560983608010662,medium,0.01693435036539087,landsat_gee,True
NSR-GRID-013,LC09_L2SP_176039_20250812_20250815_02_T1,2025-08-12,-0.1642022003216396,0.015491298146176207,46.72565139984046,0.3533871348508283,medium,-0.1796934984678158,landsat_gee,True
NSR-GRID-014,LC09_L2SP_176039_20250812_20250815_02_T1,2025-08-12,2.40254230521657,2.7718267357873247,49.29239590537867,0.3534392691505196,medium,-0.36928443057075455,landsat_gee,True
NSR-GRID-015,LC09_L2SP_176039_20250812_20250815_02_T1,2025-08-12,1.3948138075992418,1.6141441313236669,48.28466740776134,0.2830030078096951,low,-0.21933032372442507,landsat_gee,True
NSR-GRID-016,LC09_L2SP_176039_20250812_20250815_02_T1,2025-08-12,-0.136015676734452,-0.39057056768954873,46.753837923427646,0.26724123982213566,low,0.25455489095509676,landsat_gee,True
NSR-GRID-017,LC09_L2SP_176039_20250812_20250815_02_T1,2025-08-12,-0.6275551003767958,-0.5296239311323849,46.2622984997853,0.2856914587673522,low,-0.09793116924441092,landsat_gee,True
NSR-GRID-018,LC09_L2SP_176039_20250812_20250815_02_T1,2025-08-12,1.707801230114228,1.9594271855654686,48.597654830276326,0.3147907110937422,low,-0.25162595545124056,landsat_gee,True
NSR-GRID-019,LC09_L2SP_176039_20250812_20250815_02_T1,2025-08-12,0.0,0.1375720716013025,46.8898536001621,0.35062961949821014,medium,-0.1375720716013025,landsat_gee,True
NSR-GRID-020,LC09_L2SP_176039_20250812_20250815_02_T1,2025-08-12,2.46807718034659,2.446525314988699,49.35793078050869,0.27090320813714186,low,0.02155186535789122,landsat_gee,True
NSR-GRID-021,LC09_L2SP_176039_20250812_20250815_02_T1,2025-08-12,0.4838470113649435,0.42443695495705325,47.37370061152704,0.2788663798622835,low,0.059410056407890266,landsat_gee,True
NSR-GRID-022,LC09_L2SP_176039_20250812_20250815_02_T1,2025-08-12,0.8943625755379188,0.891777009935478,47.78421617570002,0.29199227855688104,low,0.0025855656024407203,landsat_gee,True
NSR-GRID-024,LC09_L2SP_176039_20250812_20250815_02_T1,2025-08-12,-0.5270603912653229,-0.8029927582524701,46.362793208896775,0.3808937161855967,medium,0.2759323669871472,landsat_gee,True
NSR-GRID-025,LC09_L2SP_176039_20250812_20250815_02_T1,2025-08-12,-0.227269652415913,-0.4902958828265464,46.662583947746185,0.37003472627292017,medium,0.26302623041063344,landsat_gee,True
NSR-GRID-026,LC09_L2SP_176039_20250812_20250815_02_T1,2025-08-12,-1.070755234930047,-1.102740788207088,45.81909836523205,0.3164733793307784,low,0.031985553277041,landsat_gee,True
NSR-GRID-027,LC09_L2SP_176039_20250812_20250815_02_T1,2025-08-12,-0.9631924450019228,-1.2276676802940691,45.926661155160176,0.3755732237792136,medium,0.26447523529214634,landsat_gee,True
NSR-GRID-028,LC09_L2SP_176039_20250812_20250815_02_T1,2025-08-12,-1.8091479716968732,-1.6335445546169876,45.080705628465225,0.40250561379505306,medium,-0.1756034170798857,landsat_gee,True
NSR-GRID-029,LC09_L2SP_176039_20250812_20250815_02_T1,2025-08-12,-0.9586272463771052,-0.8917079139060475,45.93122635378499,0.38888061811982794,medium,-0.06691933247105764,landsat_gee,True
NSR-GRID-030,LC09_L2SP_176039_20250812_20250815_02_T1,2025-08-12,-1.2459676881899355,-0.848837670627385,45.64388591197216,0.35859338873611546,medium,-0.3971300175625505,landsat_gee,True
NSR-GRID-031,LC09_L2SP_176039_20250812_20250815_02_T1,2025-08-12,0.3059877117375507,0.6142599727779798,47.19584131189965,0.33519194333017877,low,-0.30827226104042915,landsat_gee,True
NSR-GRID-032,LC09_L2SP_176039_20250812_20250815_02_T1,2025-08-12,0.8478508564315845,0.9864412315474239,47.73770445659368,0.3823434486327766,medium,-0.13859037511583938,landsat_gee,True
NSR-GRID-033,LC09_L2SP_176039_20250812_20250815_02_T1,2025-08-12,2.965731921443812,3.245178618258824,49.85558552160591,0.33037676950116623,low,-0.279446696815012,landsat_gee,True
NSR-GRID-034,LC09_L2SP_176039_20250812_20250815_02_T1,2025-08-12,1.3442508744893829,1.663342453831205,48.23410447465148,0.316008122511443,low,-0.3190915793418221,landsat_gee,True
NSR-GRID-035,LC09_L2SP_176039_20250812_20250815_02_T1,2025-08-12,1.7702129979221797,2.4604390647720535,48.66006659808428,0.31370527866211595,low,-0.6902260668498739,landsat_gee,True
NSR-GRID-036,LC09_L2SP_176039_20250812_20250815_02_T1,2025-08-12,1.931615169306113,2.574829399835953,48.82146876946821,0.3142015377525591,low,-0.6432142305298401,landsat_gee,True
NSR-GRID-037,LC09_L2SP_176039_20250812_20250815_02_T1,2025-08-12,1.3336907858032063,1.6933667127670258,48.223544385965305,0.32864618107202337,low,-0.35967592696381945,landsat_gee,True
NSR-GRID-038,LC09_L2SP_176039_20250812_20250815_02_T1,2025-08-12,2.4483335964221027,2.7662626176758636,49.3381871965842,0.37158430335067494,medium,-0.3179290212537609,landsat_gee,True
NSR-GRID-039,LC09_L2SP_176039_20250812_20250815_02_T1,2025-08-12,1.6360416138816092,1.761693036025052,48.52589521404371,0.39025244892977734,medium,-0.12565142214344283,landsat_gee,True
NSR-GRID-040,LC09_L2SP_176039_20250812_20250815_02_T1,2025-08-12,1.4167717203270414,1.5472099666019357,48.30662532048914,0.39775498785321645,medium,-0.1304382462748943,landsat_gee,True
NSR-GRID-041,LC09_L2SP_176039_20250812_20250815_02_T1,2025-08-12,-0.9101937536047088,-1.2319775388440997,45.97965984655739,0.37229272818549675,medium,0.3217837852393909,landsat_gee,True
NSR-GRID-042,LC09_L2SP_176039_20250812_20250815_02_T1,2025-08-12,1.5274044110728795,1.6041095125863374,48.41725801123498,0.3172890807807664,low,-0.07670510151345789,landsat_gee,True
NSR-GRID-043,LC09_L2SP_176039_20250812_20250815_02_T1,2025-08-12,1.881547136759444,1.7913682454403248,48.77140073692154,0.35503743891646905,medium,0.09017889131911927,landsat_gee,True
NSR-GRID-044,LC09_L2SP_176039_20250812_20250815_02_T1,2025-08-12,-0.6791029969691067,-0.7360141187153815,46.21075060319299,0.4985404453058272,medium,0.05691112174627477,landsat_gee,True
NSR-GRID-045,LC09_L2SP_176039_20250812_20250815_02_T1,2025-08-12,0.9618963645228789,1.0977235054982992,47.85174996468498,0.25650639993234997,low,-0.13582714097542037,landsat_gee,True
NSR-GRID-046,LC09_L2SP_176039_20250812_20250815_02_T1,2025-08-12,2.024592433975144,1.7506361939726884,48.91444603413724,0.36119739308135523,medium,0.27395624000245555,landsat_gee,True
NSR-GRID-047,LC09_L2SP_176039_20250812_20250815_02_T1,2025-08-12,1.2239298311267532,1.1672914370296148,48.11378343128885,0.23094928606655996,low,0.056638394097138445,landsat_gee,True
NSR-GRID-048,LC09_L2SP_176039_20250812_20250815_02_T1,2025-08-12,1.9898228604665604,1.9342014065932605,48.87967646062866,0.4027702867683244,medium,0.055621453873299975,landsat_gee,True
NSR-GRID-049,LC09_L2SP_176039_20250812_20250815_02_T1,2025-08-12,0.7933879100441388,1.1502358706584523,47.68324151020624,0.23835157670276086,low,-0.35684796061431356,landsat_gee,True
NSR-GRID-050,LC09_L2SP_176039_20250812_20250815_02_T1,2025-08-12,2.077288855490707,1.95785798131239,48.967142455652805,0.3799023372414235,medium,0.11943087417831699,landsat_gee,True
NSR-GRID-051,LC09_L2SP_176039_20250812_20250815_02_T1,2025-08-12,0.0999244998123742,0.20268852876302548,46.98977809997447,0.19586143653927365,low,-0.10276402895065129,landsat_gee,True
NSR-GRID-052,LC09_L2SP_176039_20250812_20250815_02_T1,2025-08-12,-1.7914488472935377,-1.9016143832713022,45.09840475286856,0.358998639432282,medium,0.11016553597776446,landsat_gee,True
NSR-GRID-053,LC09_L2SP_176039_20250812_20250815_02_T1,2025-08-12,0.052815963509083,0.14380676418897656,46.94266956367118,0.20436564618000233,low,-0.09099080067989357,landsat_gee,True
NSR-GRID-054,LC09_L2SP_176039_20250812_20250815_02_T1,2025-08-12,-1.9591608024493112,-2.3071348735875508,44.93069279771279,0.3707960886171913,medium,0.3479740711382395,landsat_gee,True
NSR-GRID-055,LC09_L2SP_176039_20250812_20250815_02_T1,2025-08-12,-0.6270461263285441,-0.6364244728185973,46.262807473833554,0.33958727866845495,low,0.009378346490053202,landsat_gee,True
NSR-GRID-056,LC09_L2SP_176039_20250812_20250815_02_T1,2025-08-12,0.934993014285709,0.5055748683077151,47.82484661444781,0.36672928821385714,medium,0.4294181459779939,landsat_gee,True
NSR-GRID-057,LC09_L2SP_176039_20250812_20250815_02_T1,2025-08-12,-0.0316284501989727,-0.2230314304511034,46.858225149963125,0.3702995131319124,medium,0.1914029802521307,landsat_gee,True
NSR-GRID-058,LC09_L2SP_176039_20250812_20250815_02_T1,2025-08-12,-1.3038221016594136,-1.2771572919226215,45.586031498502685,0.3583050215037807,medium,-0.026664809736792083,landsat_gee,True
NSR-GRID-059,LC09_L2SP_176039_20250812_20250815_02_T1,2025-08-12,-0.8744434185323158,-0.8725451248449265,46.01541018162978,0.3635867209788501,medium,-0.001898293687389252,landsat_gee,True
NSR-GRID-060,LC09_L2SP_176039_20250812_20250815_02_T1,2025-08-12,-1.3100992821149973,-1.0699569312114339,45.5797543180471,0.3655063706568942,medium,-0.2401423509035634,landsat_gee,True
NSR-GRID-061,LC09_L2SP_176039_20250812_20250815_02_T1,2025-08-12,1.2202310661993891,1.1099016113731008,48.11008466636149,0.2855205279292712,low,0.11032945482628831,landsat_gee,True
NSR-GRID-062,LC09_L2SP_176039_20250812_20250815_02_T1,2025-08-12,0.906915730150601,0.3669268705176259,47.7967693303127,0.29888587662993404,low,0.5399888596329752,landsat_gee,True
NSR-GRID-063,LC09_L2SP_176039_20250812_20250815_02_T1,2025-08-12,2.5992043974506984,2.3882978060332674,49.4890579976128,0.3616009753736197,medium,0.21090659141743107,landsat_gee,True
NSR-GRID-064,LC09_L2SP_176039_20250812_20250815_02_T1,2025-08-12,1.8025255868443888,1.4700668109351887,48.69237918700649,0.3477132618301123,low,0.33245877590920014,landsat_gee,True
NSR-GRID-065,LC09_L2SP_176039_20250812_20250815_02_T1,2025-08-12,-0.3842177477395694,-0.7676015677012612,46.50563585242253,0.4149209306848131,medium,0.3833838199616918,landsat_gee,True
NSR-GRID-066,LC09_L2SP_176039_20250812_20250815_02_T1,2025-08-12,2.590535203351628,2.659783768964701,49.480388803513726,0.31655852840585336,low,-0.0692485656130728,landsat_gee,True
NSR-GRID-067,LC09_L2SP_176039_20250812_20250815_02_T1,2025-08-12,2.148428628050361,2.1934474241307194,49.03828222821246,0.32705183260602877,low,-0.0450187960803583,landsat_gee,True
NSR-GRID-068,LC09_L2SP_176039_20250812_20250815_02_T1,2025-08-12,-0.6554885653256193,-0.8513718397138987,46.23436503483648,0.4942885597748428,medium,0.19588327438827946,landsat_gee,True
NSR-GRID-069,LC09_L2SP_176039_20250812_20250815_02_T1,2025-08-12,-0.4227031545104864,-0.18622803603201232,46.46715044565161,0.3918414790333174,medium,-0.23647511847847408,landsat_gee,True
NSR-GRID-070,LC09_L2SP_176039_20250812_20250815_02_T1,2025-08-12,1.4108636586325076,1.6842885186836571,48.300717258794606,0.3414432447428685,low,-0.2734248600511495,landsat_gee,True
NSR-GRID-071,LC09_L2SP_176039_20250812_20250815_02_T1,2025-08-12,1.3455004258891208,1.674582059383824,48.23535402605122,0.3283050417335847,low,-0.3290816334947033,landsat_gee,True
NSR-GRID-072,LC09_L2SP_176039_20250812_20250815_02_T1,2025-08-12,0.8930907484134991,1.296128603321557,47.7829443485756,0.2445247335357143,low,-0.403037854908058,landsat_gee,True
NSR-GRID-073,LC09_L2SP_176039_20250812_20250815_02_T1,2025-08-12,0.8525195689977565,1.1811340856568355,47.742373169159855,0.25967008186063784,low,-0.32861451665907904,landsat_gee,True
NSR-GRID-074,LC09_L2SP_176039_20250812_20250815_02_T1,2025-08-12,0.4786303848694544,0.665578158065499,47.36848398503155,0.2215691923471454,low,-0.1869477731960446,landsat_gee,True
NSR-GRID-075,LC09_L2SP_176039_20250812_20250815_02_T1,2025-08-12,0.3585225276879171,0.6754200931998642,47.248376127850015,0.24493182978989395,low,-0.3168975655119471,landsat_gee,True
NSR-GRID-076,LC09_L2SP_176039_20250812_20250815_02_T1,2025-08-12,-0.2513519131369861,0.2965688349457015,46.63850168702511,0.23040473791639193,low,-0.5479207480826876,landsat_gee,True
NSR-GRID-077,LC09_L2SP_176039_20250812_20250815_02_T1,2025-08-12,-1.4194289069236348,-1.1010771517871623,45.47042469323846,0.16302798470215948,low,-0.3183517551364725,landsat_gee,True
NSR-GRID-079,LC09_L2SP_176039_20250812_20250815_02_T1,2025-08-12,-0.0230168435061486,-0.05391173602968107,46.86683675665595,0.21843523631243528,low,0.03089489252353247,landsat_gee,True
NSR-GRID-080,LC09_L2SP_176039_20250812_20250815_02_T1,2025-08-12,-1.831560648765432,-2.1955411391041246,45.058292951396666,0.3373651472521811,low,0.36398049033869273,landsat_gee,True
NSR-GRID-081,LC09_L2SP_176039_20250812_20250815_02_T1,2025-08-12,-0.4624506692955705,-0.143499665723568,46.42740293086653,0.22376708909822293,low,-0.31895100357200246,landsat_gee,True
NSR-GRID-082,LC09_L2SP_176039_20250812_20250815_02_T1,2025-08-12,-0.1674131064450108,-0.31456655302672415,46.72244049371709,0.39265388200677454,medium,0.14715344658171334,landsat_gee,True
NSR-GRID-083,LC09_L2SP_176039_20250812_20250815_02_T1,2025-08-12,0.6809686430639701,0.23203700202224628,47.57082224322607,0.38082599557313485,medium,0.4489316410417238,landsat_gee,True
NSR-GRID-084,LC09_L2SP_176039_20250812_20250815_02_T1,2025-08-12,1.4439176701422198,1.1456188225983328,48.33377127030432,0.39859036774940493,medium,0.298298847543887,landsat_gee,True
NSR-GRID-085,LC09_L2SP_176039_20250812_20250815_02_T1,2025-08-12,-0.1269949615816301,-0.550786023486463,46.76285863858047,0.4063934065679928,medium,0.4237910619048329,landsat_gee,True
NSR-GRID-086,LC09_L2SP_176039_20250812_20250815_02_T1,2025-08-12,-0.3785702315713308,-0.719048492988933,46.51128336859077,0.3849101028879004,medium,0.34047826141760223,landsat_gee,True
NSR-GRID-087,LC09_L2SP_176039_20250812_20250815_02_T1,2025-08-12,-1.5909106021311814,-1.5373460753765185,45.29894299803092,0.36847354064378635,medium,-0.053564526754662944,landsat_gee,True
NSR-GRID-088,LC09_L2SP_176039_20250812_20250815_02_T1,2025-08-12,-0.2358389317569589,-0.7755666923879185,46.65401466840514,0.3677053039379217,medium,0.5397277606309596,landsat_gee,True
NSR-GRID-089,LC09_L2SP_176039_20250812_20250815_02_T1,2025-08-12,-1.4857593491359466,-1.1059902750497337,45.40409425102615,0.3241977475430567,low,-0.37976907408621297,landsat_gee,True
NSR-GRID-090,LC09_L2SP_176039_20250812_20250815_02_T1,2025-08-12,0.5156097060660301,0.49634025144519456,47.40546330622813,0.3191995017402751,low,0.019269454620835513,landsat_gee,True
NSR-GRID-091,LC09_L2SP_176039_20250812_20250815_02_T1,2025-08-12,1.7356995256362282,1.3776373803829416,48.62555312579833,0.3494284996546564,low,0.3580621452532866,landsat_gee,True
NSR-GRID-092,LC09_L2SP_176039_20250812_20250815_02_T1,2025-08-12,-0.7214263372420788,-1.2414953988746087,46.16842726292002,0.4330024366101291,medium,0.5200690616325299,landsat_gee,True
NSR-GRID-093,LC09_L2SP_176039_20250812_20250815_02_T1,2025-08-12,-0.0993270025752153,-0.27103319461942443,46.79052659758688,0.393079142977355,medium,0.17170619204420912,landsat_gee,True
NSR-GRID-094,LC09_L2SP_176039_20250812_20250815_02_T1,2025-08-12,-1.2422867435140077,-1.3666662241986,45.64756685664809,0.4010066559849741,medium,0.12437948068459237,landsat_gee,True
NSR-GRID-095,LC09_L2SP_176039_20250812_20250815_02_T1,2025-08-12,0.278937694200863,0.18966782017307204,47.16879129436296,0.3952686957153301,medium,0.08926987402779096,landsat_gee,True
NSR-GRID-096,LC09_L2SP_176039_20250812_20250815_02_T1,2025-08-12,-0.4688019681002657,-0.5254798696263652,46.42105163206183,0.447087845323519,medium,0.05667790152609947,landsat_gee,True
NSR-GRID-097,LC09_L2SP_176039_20250812_20250815_02_T1,2025-08-12,-0.0482854814731297,-0.04090075377849109,46.84156811868897,0.3218050068688066,low,-0.007384727694638611,landsat_gee,True
NSR-GRID-098,LC09_L2SP_176039_20250812_20250815_02_T1,2025-08-12,-0.1756472909437647,-0.49748402604650965,46.71420630921833,0.32605536600182305,low,0.32183673510274496,landsat_gee,True
NSR-GRID-099,LC09_L2SP_176039_20250812_20250815_02_T1,2025-08-12,-0.1696751852036087,-0.8099799340748347,46.72017841495849,0.2931706945671838,low,0.640304748871226,landsat_gee,True
NSR-GRID-100,LC09_L2SP_176039_20250812_20250815_02_T1,2025-08-12,-1.3602569617277993,-1.5610646905916254,45.5295966384343,0.20005113255568577,low,0.20080772886382614,landsat_gee,True
NSR-GRID-101,LC09_L2SP_176039_20250812_20250815_02_T1,2025-08-12,-1.507980087937021,-1.5115641805224267,45.38187351222508,0.15723135217220371,low,0.003584092585405596,landsat_gee,True
NSR-GRID-102,LC09_L2SP_176039_20250812_20250815_02_T1,2025-08-12,-0.2777877071348413,0.12561937141612617,46.61206589302726,0.1856484649107475,low,-0.40340707855096747,landsat_gee,True
NSR-GRID-103,LC09_L2SP_176039_20250812_20250815_02_T1,2025-08-12,-0.7663718197316456,-0.028209217791730946,46.12348178043045,0.21944153257179239,low,-0.7381626019399147,landsat_gee,True
NSR-GRID-104,LC09_L2SP_176039_20250812_20250815_02_T1,2025-08-12,0.9327137691094408,0.9588590243539568,47.82256736927154,0.22734747106226375,low,-0.02614525524451594,landsat_gee,True
NSR-GRID-105,LC09_L2SP_176039_20250812_20250815_02_T1,2025-08-12,-1.514607322669697,-1.7997014058781247,45.3752462774924,0.3360082359713871,low,0.28509408320842766,landsat_gee,True
NSR-GRID-106,LC09_L2SP_176039_20250812_20250815_02_T1,2025-08-12,-0.0092678752126289,-0.06401352797854097,46.88058572494947,0.21042517154147233,low,0.05474565276591207,landsat_gee,True
NSR-GRID-107,LC09_L2SP_176039_20250812_20250815_02_T1,2025-08-12,-0.8986864956262579,-1.142282372413926,45.99116710453584,0.41257782478273636,medium,0.24359587678766803,landsat_gee,True
NSR-GRID-108,LC09_L2SP_176039_20250812_20250815_02_T1,2025-08-12,-1.333306273221531,-1.5223841619674996,45.55654732694057,0.3842353536176775,medium,0.18907788874596854,landsat_gee,True
NSR-GRID-109,LC09_L2SP_176039_20250812_20250815_02_T1,2025-08-12,-1.9868258307671312,-2.15101468290264,44.90302776939497,0.3993424882704016,medium,0.16418885213550904,landsat_gee,True
NSR-GRID-110,LC09_L2SP_176039_20250812_20250815_02_T1,2025-08-12,-2.153435183027689,-2.0479098145008194,44.73641841713441,0.3907472651250381,medium,-0.10552536852686956,landsat_gee,True
NSR-GRID-111,LC09_L2SP_176039_20250812_20250815_02_T1,2025-08-12,-1.812983729016608,-1.9961943294974145,45.07686987114549,0.3915677115606693,medium,0.1832106004808065,landsat_gee,True
NSR-GRID-112,LC09_L2SP_176039_20250812_20250815_02_T1,2025-08-12,-1.2717730943060488,-1.3883998525596621,45.61808050585605,0.4409961989470994,medium,0.11662675825361335,landsat_gee,True
NSR-GRID-113,LC09_L2SP_176039_20250812_20250815_02_T1,2025-08-12,-3.315267729747269,-3.1382518592987325,43.57458587041483,0.3588544949661893,medium,-0.17701587044853628,landsat_gee,True
NSR-GRID-114,LC09_L2SP_176039_20250812_20250815_02_T1,2025-08-12,-3.091845837321465,-2.9520784865104663,43.79800776284063,0.37384019377385747,medium,-0.13976735081099845,landsat_gee,True
NSR-GRID-115,LC09_L2SP_176039_20250812_20250815_02_T1,2025-08-12,-1.366068102601815,-1.53215269948831,45.52378549756028,0.3788418158626707,medium,0.1660845968864948,landsat_gee,True
NSR-GRID-116,LC09_L2SP_176039_20250812_20250815_02_T1,2025-08-12,0.8777159461577142,0.6137408523909766,47.76756954631981,0.3717454506135362,medium,0.26397509376673756,landsat_gee,True
NSR-GRID-117,LC09_L2SP_176039_20250812_20250815_02_T1,2025-08-12,1.4785990727936775,1.2212613788111777,48.368452672955776,0.30411642284282925,low,0.25733769398249984,landsat_gee,True
NSR-GRID-118,LC09_L2SP_176039_20250812_20250815_02_T1,2025-08-12,0.9999417370073402,0.486309656286637,47.88979533716944,0.3269515471732748,low,0.5136320807207032,landsat_gee,True
NSR-GRID-119,LC09_L2SP_176039_20250812_20250815_02_T1,2025-08-12,-3.517367617981897,-3.340470578601064,43.3724859821802,0.4843047089234874,medium,-0.17689703938083312,landsat_gee,True
NSR-GRID-120,LC09_L2SP_176039_20250812_20250815_02_T1,2025-08-12,-3.177984799116288,-3.015586543549574,43.71186880104581,0.5135529725071433,medium,-0.16239825556671406,landsat_gee,True
NSR-GRID-121,LC09_L2SP_176039_20250812_20250815_02_T1,2025-08-12,-1.2654038088178154,-1.1720898850515145,45.62444979134428,0.4511716450553722,medium,-0.09331392376630099,landsat_gee,True
NSR-GRID-122,LC09_L2SP_176039_20250812_20250815_02_T1,2025-08-12,-0.373813306091904,-0.6262547744809791,46.516040294070194,0.35189828263863765,medium,0.2524414683890751,landsat_gee,True
NSR-GRID-123,LC09_L2SP_176039_20250812_20250815_02_T1,2025-08-12,-0.3616128867974808,-0.7775442826062021,46.52824071336462,0.35690587209473945,medium,0.4159313958087213,landsat_gee,True
NSR-GRID-124,LC09_L2SP_176039_20250812_20250815_02_T1,2025-08-12,-0.7279527866465401,-0.9906307181971759,46.16190081351556,0.3281473001605094,low,0.2626779315506358,landsat_gee,True
NSR-GRID-125,LC09_L2SP_176039_20250812_20250815_02_T1,2025-08-12,-1.738788403664017,-1.7699344151139644,45.15106519649808,0.1910088942568824,low,0.03114601144994733,landsat_gee,True
NSR-GRID-126,LC09_L2SP_176039_20250812_20250815_02_T1,2025-08-12,-0.4145237954937499,0.3451015420600338,46.47532980466835,0.21312674077609386,low,-0.7596253375537837,landsat_gee,True
NSR-GRID-127,LC09_L2SP_176039_20250812_20250815_02_T1,2025-08-12,0.1935814249733027,0.7080026831248079,47.0834350251354,0.21210198567212762,low,-0.5144212581515052,landsat_gee,True
NSR-GRID-128,LC09_L2SP_176039_20250812_20250815_02_T1,2025-08-12,-1.7955144149375926,-2.1836040618933463,45.094339185224506,0.23427269163052045,low,0.38808964695575376,landsat_gee,True
NSR-GRID-129,LC09_L2SP_176039_20250812_20250815_02_T1,2025-08-12,-0.0815680389861768,-0.07145917341898855,46.80828556117592,0.23005739504552702,low,-0.01010886556718825,landsat_gee,True
NSR-GRID-130,LC09_L2SP_176039_20250812_20250815_02_T1,2025-08-12,-1.157023964286367,-1.1583954533595138,45.73282963587573,0.39930572802210595,medium,0.001371489073146881,landsat_gee,True
NSR-GRID-131,LC09_L2SP_176039_20250812_20250815_02_T1,2025-08-12,-1.0465907012246376,-1.2480677722792641,45.84326289893746,0.18916401077327968,low,0.20147707105462653,landsat_gee,True
NSR-GRID-132,LC09_L2SP_176039_20250812_20250815_02_T1,2025-08-12,-2.531038649841548,-2.4581255222322844,44.35881495032055,0.38382359007062833,medium,-0.07291312760926338,landsat_gee,True
NSR-GRID-133,LC09_L2SP_176039_20250812_20250815_02_T1,2025-08-12,-2.332381202718949,-2.37598902802741,44.55747239744315,0.3961711853211184,medium,0.04360782530846086,landsat_gee,True
NSR-GRID-134,LC09_L2SP_176039_20250812_20250815_02_T1,2025-08-12,-1.9380616627470744,-2.062123093786518,44.951791937415024,0.386737971913747,medium,0.12406143103944345,landsat_gee,True
NSR-GRID-135,LC09_L2SP_176039_20250812_20250815_02_T1,2025-08-12,-2.027596743148329,-2.2432709914292603,44.86225685701377,0.37068879688092343,medium,0.2156742482809313,landsat_gee,True
NSR-GRID-136,LC09_L2SP_176039_20250812_20250815_02_T1,2025-08-12,-2.08279188813146,-2.326826873227099,44.80706171203064,0.26360565384872087,low,0.24403498509563892,landsat_gee,True
NSR-GRID-137,LC09_L2SP_176039_20250812_20250815_02_T1,2025-08-12,-2.50013526506131,-2.7086350940461843,44.38971833510079,0.36737116952809507,medium,0.2084998289848743,landsat_gee,True
NSR-GRID-138,LC09_L2SP_176039_20250812_20250815_02_T1,2025-08-12,-3.0576212885512177,-3.076538662486168,43.83223231161088,0.3578832212827061,medium,0.018917373934950188,landsat_gee,True
NSR-GRID-139,LC09_L2SP_176039_20250812_20250815_02_T1,2025-08-12,-1.6613171436378522,-1.6573188472109928,45.228536456524246,0.395960360575888,medium,-0.003998296426859449,landsat_gee,True
NSR-GRID-140,LC09_L2SP_176039_20250812_20250815_02_T1,2025-08-12,2.3425064319494666,2.0185045052473507,49.232360032111565,0.2717096138449356,low,0.3240019267021159,landsat_gee,True
NSR-GRID-141,LC09_L2SP_176039_20250812_20250815_02_T1,2025-08-12,2.873256732352125,2.466985755519058,49.76311033251422,0.255902844082297,low,0.406270976833067,landsat_gee,True
NSR-GRID-142,LC09_L2SP_176039_20250812_20250815_02_T1,2025-08-12,0.202716782520504,-0.17223877358056258,47.0925703826826,0.3183595551187602,low,0.37495555610106657,landsat_gee,True
NSR-GRID-143,LC09_L2SP_176039_20250812_20250815_02_T1,2025-08-12,-1.7254842798740595,-1.8282642189515217,45.16436932028804,0.43802402483141084,medium,0.10277993907746219,landsat_gee,True
NSR-GRID-144,LC09_L2SP_176039_20250812_20250815_02_T1,2025-08-12,-3.464718278707842,-3.3497592194815424,43.425135321454256,0.48058805315481257,medium,-0.11495905922629968,landsat_gee,True
NSR-GRID-145,LC09_L2SP_176039_20250812_20250815_02_T1,2025-08-12,-1.7101739151479052,-1.5266808489658645,45.17967968501419,0.4350055114633645,medium,-0.18349306618204064,landsat_gee,True
NSR-GRID-146,LC09_L2SP_176039_20250812_20250815_02_T1,2025-08-12,-0.3983879255079188,-0.7233461996597277,46.49146567465418,0.3334558782622132,low,0.3249582741518089,landsat_gee,True
NSR-GRID-147,LC09_L2SP_176039_20250812_20250815_02_T1,2025-08-12,-0.2698862779715796,-0.6039227875381292,46.61996732219052,0.3398522073532605,low,0.3340365095665496,landsat_gee,True
NSR-GRID-148,LC09_L2SP_176039_20250812_20250815_02_T1,2025-08-12,-0.7416003959787361,-0.6390795098534432,46.14825320418336,0.2988923513175935,low,-0.10252088612529286,landsat_gee,True
NSR-GRID-149,LC09_L2SP_176039_20250812_20250815_02_T1,2025-08-12,-2.3418519511875857,-2.1056281725715156,44.54800164897451,0.31693380787847614,low,-0.23622377861607013,landsat_gee,True
NSR-GRID-150,LC09_L2SP_176039_20250812_20250815_02_T1,2025-08-12,-2.733766705892265,-2.5512163963995276,44.15608689426983,0.2477004949158997,low,-0.1825503094927372,landsat_gee,True
NSR-GRID-151,LC09_L2SP_176039_20250812_20250815_02_T1,2025-08-12,-0.8233114070809364,-0.9553757436854109,46.06654219308116,0.20179355220863524,low,0.13206433660447447,landsat_gee,True
NSR-GRID-152,LC09_L2SP_176039_20250812_20250815_02_T1,2025-08-12,-0.8284951150631272,-1.0989843746805952,46.06135848509897,0.38065705746184025,medium,0.27048925961746795,landsat_gee,True
NSR-GRID-153,LC09_L2SP_176039_20250812_20250815_02_T1,2025-08-12,-2.1063112339742247,-2.15041245057689,44.78354236618787,0.40203200277817713,medium,0.04410121660266508,landsat_gee,True
NSR-GRID-154,LC09_L2SP_176039_20250812_20250815_02_T1,2025-08-12,-2.260155719373657,-2.2823866459455333,44.62969788078844,0.38687085566870105,medium,0.02223092657187653,landsat_gee,True
NSR-GRID-155,LC09_L2SP_176039_20250812_20250815_02_T1,2025-08-12,-2.888283575244081,-2.96094299229576,44.00157002491802,0.3806281493812665,medium,0.07265941705167878,landsat_gee,True
NSR-GRID-156,LC09_L2SP_176039_20250812_20250815_02_T1,2025-08-12,-3.0944251305855275,-3.204052365212226,43.79542846957657,0.3640802320747902,medium,0.10962723462669866,landsat_gee,True
NSR-GRID-157,LC09_L2SP_176039_20250812_20250815_02_T1,2025-08-12,-2.7883949646863613,-2.7266518029352125,44.10145863547574,0.3440949139431536,low,-0.0617431617511488,landsat_gee,True
NSR-GRID-158,LC09_L2SP_176039_20250812_20250815_02_T1,2025-08-12,-3.145154909103858,-3.2120678755656145,43.74469869105824,0.3687471619780832,medium,0.06691296646175626,landsat_gee,True
NSR-GRID-159,LC09_L2SP_176039_20250812_20250815_02_T1,2025-08-12,-2.946574432294412,-2.9416342715629544,43.943279167867686,0.37914330488417103,medium,-0.004940160731457421,landsat_gee,True
NSR-GRID-160,LC09_L2SP_176039_20250812_20250815_02_T1,2025-08-12,-1.78355224520584,-2.1740673598264504,45.10630135495626,0.4246939231008289,medium,0.3905151146206103,landsat_gee,True
NSR-GRID-161,LC09_L2SP_176039_20250812_20250815_02_T1,2025-08-12,-0.461659069093578,-0.802519145393721,46.42819453106852,0.3873146048491408,medium,0.34086007630014303,landsat_gee,True
NSR-GRID-162,LC09_L2SP_176039_20250812_20250815_02_T1,2025-08-12,0.4525989067802385,-0.16086956145970158,47.34245250694234,0.34406781100816763,low,0.6134684682399401,landsat_gee,True
NSR-GRID-163,LC09_L2SP_176039_20250812_20250815_02_T1,2025-08-12,-0.2787195964712197,-0.7734588436626519,46.61113400369088,0.39085363223570724,medium,0.49473924719143225,landsat_gee,True
NSR-GRID-164,LC09_L2SP_176039_20250812_20250815_02_T1,2025-08-12,-1.165262735813407,-1.4581612914648736,45.72459086434869,0.3892682393413163,medium,0.2928985556514667,landsat_gee,True
NSR-GRID-165,LC09_L2SP_176039_20250812_20250815_02_T1,2025-08-12,-3.171309835063603,-3.054709393869099,43.718543765098495,0.49149116272664706,medium,-0.11660044119450408,landsat_gee,True
NSR-GRID-166,LC09_L2SP_176039_20250812_20250815_02_T1,2025-08-12,-1.6903786390149662,-1.3578137778779222,45.19947496114713,0.4542150575847973,medium,-0.332564861137044,landsat_gee,True
NSR-GRID-167,LC09_L2SP_176039_20250812_20250815_02_T1,2025-08-12,-0.680914381103328,-0.8324214292618235,46.20893921905877,0.35804650573084146,medium,0.15150704815849547,landsat_gee,True
NSR-GRID-168,LC09_L2SP_176039_20250812_20250815_02_T1,2025-08-12,-0.3941093455941526,-0.7184548439932594,46.495744254567946,0.34989582478505643,low,0.3243454983991068,landsat_gee,True
NSR-GRID-169,LC09_L2SP_176039_20250812_20250815_02_T1,2025-08-12,-0.5985350943802032,-0.9780387646690812,46.291318505781895,0.32317986957227823,low,0.379503670288878,landsat_gee,True
NSR-GRID-170,LC09_L2SP_176039_20250812_20250815_02_T1,2025-08-12,-0.8692567139875464,-0.9344464668284471,46.02059688617455,0.2793065679472949,low,0.06518975284090067,landsat_gee,True
NSR-GRID-171,LC09_L2SP_176039_20250812_20250815_02_T1,2025-08-12,-0.92099123638274,-0.927687974505349,45.96886236377936,0.20078802210531574,low,0.006696738122608958,landsat_gee,True
NSR-GRID-172,LC09_L2SP_176039_20250812_20250815_02_T1,2025-08-12,-0.0522293649922573,-0.4849341109369047,46.83762423516984,0.16864804696583974,low,0.4327047459446474,landsat_gee,True
NSR-GRID-173,LC09_L2SP_176039_20250812_20250815_02_T1,2025-08-12,0.605560369263344,0.43283804676265614,47.49541396942544,0.22734438793019401,low,0.17272232250068786,landsat_gee,True
NSR-GRID-174,LC09_L2SP_176039_20250812_20250815_02_T1,2025-08-12,-0.7214549649162265,-0.7521289351316238,46.16839863524587,0.32575533872469065,low,0.030673970215397306,landsat_gee,True
NSR-GRID-175,LC09_L2SP_176039_20250812_20250815_02_T1,2025-08-12,-2.4040132869856947,-2.4802797741516853,44.4858403131764,0.3751835671073026,medium,0.0762664871659906,landsat_gee,True
NSR-GRID-176,LC09_L2SP_176039_20250812_20250815_02_T1,2025-08-12,-2.4460739917376486,-2.6148265672525626,44.44377960842445,0.3532708165850784,medium,0.16875257551491396,landsat_gee,True
NSR-GRID-177,LC09_L2SP_176039_20250812_20250815_02_T1,2025-08-12,-2.4803578058027758,-2.5599611568310348,44.40949579435932,0.3653124622259262,medium,0.079603351028259,landsat_gee,True
NSR-GRID-178,LC09_L2SP_176039_20250812_20250815_02_T1,2025-08-12,-2.390359002511936,-2.7184574141896864,44.49949459765016,0.3647064412293967,medium,0.32809841167775033,landsat_gee,True
NSR-GRID-179,LC09_L2SP_176039_20250812_20250815_02_T1,2025-08-12,-2.724837370672581,-2.929608704232672,44.16501622948952,0.3554076540954447,medium,0.20477133356009114,landsat_gee,True
NSR-GRID-180,LC09_L2SP_176039_20250812_20250815_02_T1,2025-08-12,-2.783334492886567,-2.8888726621578766,44.10651910727553,0.3542202369352277,medium,0.10553816927130955,landsat_gee,True
NSR-GRID-181,LC09_L2SP_176039_20250812_20250815_02_T1,2025-08-12,-2.011176644906847,-2.3313964323628795,44.87867695525525,0.37487307914582724,medium,0.32021978745603263,landsat_gee,True
NSR-GRID-182,LC09_L2SP_176039_20250812_20250815_02_T1,2025-08-12,-1.6139948348403903,-1.8433532654807268,45.27585876532171,0.40340464910279167,medium,0.22935843064033645,landsat_gee,True
NSR-GRID-183,LC09_L2SP_176039_20250812_20250815_02_T1,2025-08-12,-0.8476523629960155,-1.239656676015013,46.04220123716608,0.39740182208428115,medium,0.3920043130189974,landsat_gee,True
NSR-GRID-184,LC09_L2SP_176039_20250812_20250815_02_T1,2025-08-12,-0.8348768629149816,-1.110536867467682,46.05497673724712,0.40000984888852426,medium,0.27566000455270045,landsat_gee,True
NSR-GRID-185,LC09_L2SP_176039_20250812_20250815_02_T1,2025-08-12,-0.8059462973821709,-0.8474462448903056,46.08390730277993,0.3519221435747023,medium,0.04149994750813468,landsat_gee,True
NSR-GRID-186,LC09_L2SP_176039_20250812_20250815_02_T1,2025-08-12,-0.8111826999724983,-1.1942879389338932,46.0786709001896,0.42424461771158584,medium,0.3831052389613949,landsat_gee,True
NSR-GRID-187,LC09_L2SP_176039_20250812_20250815_02_T1,2025-08-12,-1.486381985303069,-1.5640669646198484,45.40347161485903,0.46911161004950486,medium,0.07768497931677931,landsat_gee,True
NSR-GRID-188,LC09_L2SP_176039_20250812_20250815_02_T1,2025-08-12,-1.7989009939285054,-1.8033866910867868,45.09095260623359,0.4365377528152896,medium,0.004485697158281399,landsat_gee,True
NSR-GRID-189,LC09_L2SP_176039_20250812_20250815_02_T1,2025-08-12,-2.389471412201111,-2.36160660184768,44.50038218796099,0.444702969856675,medium,-0.027864810353431135,landsat_gee,True
NSR-GRID-190,LC09_L2SP_176039_20250812_20250815_02_T1,2025-08-12,-2.6573209206609576,-2.239132194491905,44.23253267950114,0.36341970421500325,medium,-0.41818872616905267,landsat_gee,True
NSR-GRID-191,LC09_L2SP_176039_20250812_20250815_02_T1,2025-08-12,-1.8931527531912808,-1.39754261448635,44.99670084697082,0.31754635406698567,low,-0.49561013870493076,landsat_gee,True
NSR-GRID-192,LC09_L2SP_176039_20250812_20250815_02_T1,2025-08-12,0.2817181685422838,0.11421099013053876,47.17157176870438,0.21487341101153942,low,0.16750717841174506,landsat_gee,True
NSR-GRID-193,LC09_L2SP_176039_20250812_20250815_02_T1,2025-08-12,0.7071410701313852,-0.12784932770841384,47.59699467029348,0.38051929894348546,medium,0.834990397839799,landsat_gee,True
NSR-GRID-194,LC09_L2SP_176039_20250812_20250815_02_T1,2025-08-12,0.3181351675717323,0.34870597188531355,47.20798876773383,0.2629463203670795,low,-0.030570804313581224,landsat_gee,True
NSR-GRID-195,LC09_L2SP_176039_20250812_20250815_02_T1,2025-08-12,-1.9859184363020148,-2.294112675573101,44.90393516386008,0.3733797021339139,medium,0.30819423927108636,landsat_gee,True
NSR-GRID-196,LC09_L2SP_176039_20250812_20250815_02_T1,2025-08-12,-0.8806770760255276,-0.7947550218998275,46.00917652413657,0.2582996010723004,low,-0.08592205412570009,landsat_gee,True
NSR-GRID-197,LC09_L2SP_176039_20250812_20250815_02_T1,2025-08-12,-2.511805659804501,-2.7767458348329495,44.3780479403576,0.32358222341359455,low,0.26494017502844835,landsat_gee,True
NSR-GRID-198,LC09_L2SP_176039_20250812_20250815_02_T1,2025-08-12,-2.9474083340411354,-2.8928207327601108,43.94244526612096,0.268854814522659,low,-0.05458760128102469,landsat_gee,True
NSR-GRID-199,LC09_L2SP_176039_20250812_20250815_02_T1,2025-08-12,-3.04758092977864,-3.2064415731602063,43.84227267038346,0.3789376596876465,medium,0.15886064338156647,landsat_gee,True
NSR-GRID-200,LC09_L2SP_176039_20250812_20250815_02_T1,2025-08-12,-2.338673179120456,-2.69292816742167,44.55118042104164,0.37462094930454604,medium,0.35425498830121427,landsat_gee,True
NSR-GRID-201,LC09_L2SP_176039_20250812_20250815_02_T1,2025-08-12,-2.5232341815612216,-2.556611420258073,44.36661941860088,0.40340988163361347,medium,0.033377238696851386,landsat_gee,True
NSR-GRID-202,LC09_L2SP_176039_20250812_20250815_02_T1,2025-08-12,-2.0149468858240027,-1.94390466292839,44.874906714338096,0.37974677218039926,medium,-0.07104222289561268,landsat_gee,True
NSR-GRID-203,LC09_L2SP_176039_20250812_20250815_02_T1,2025-08-12,0.504414647790135,0.35081436013136796,47.39426824795223,0.42687393375110044,medium,0.15360028765876704,landsat_gee,True
NSR-GRID-204,LC09_L2SP_176039_20250812_20250815_02_T1,2025-08-12,-1.5106432729793369,-1.6439940923642005,45.37921032718276,0.38714331255427215,medium,0.1333508193848636,landsat_gee,True
NSR-GRID-205,LC09_L2SP_176039_20250812_20250815_02_T1,2025-08-12,-1.1416813944150164,-1.4501175365222003,45.74817220574708,0.39528690955607915,medium,0.30843614210718395,landsat_gee,True
NSR-GRID-206,LC09_L2SP_176039_20250812_20250815_02_T1,2025-08-12,-1.358332971528668,-1.6826636125735996,45.53152062863343,0.4167399969589839,medium,0.3243306410449316,landsat_gee,True
NSR-GRID-207,LC09_L2SP_176039_20250812_20250815_02_T1,2025-08-12,-1.6252759116578446,-1.7626759998162382,45.264577688504254,0.4190171854936817,medium,0.13740008815839366,landsat_gee,True
NSR-GRID-208,LC09_L2SP_176039_20250812_20250815_02_T1,2025-08-12,-1.3091628408563096,-1.2716071742754047,45.58069075930579,0.44005248632245636,medium,-0.03755566658090492,landsat_gee,True
NSR-GRID-209,LC09_L2SP_176039_20250812_20250815_02_T1,2025-08-12,-1.2981593179291906,-1.2732852980139158,45.59169428223291,0.4261084467683264,medium,-0.024874019915274825,landsat_gee,True
NSR-GRID-210,LC09_L2SP_176039_20250812_20250815_02_T1,2025-08-12,-0.7364880112103975,-0.8834066607681483,46.1533655889517,0.4211379157005859,medium,0.1469186495577508,landsat_gee,True
NSR-GRID-211,LC09_L2SP_176039_20250812_20250815_02_T1,2025-08-12,-1.1691928548896016,-1.2909025708451212,45.7206607452725,0.4339127491284068,medium,0.1217097159555196,landsat_gee,True
NSR-GRID-212,LC09_L2SP_176039_20250812_20250815_02_T1,2025-08-12,-0.520139593082213,-0.5270168576100966,46.369714007079885,0.3616922964435145,medium,0.00687726452788362,landsat_gee,True
NSR-GRID-213,LC09_L2SP_176039_20250812_20250815_02_T1,2025-08-12,-0.0576716665022587,-0.01834752363168118,46.83218193365984,0.2835431239650073,low,-0.03932414287057752,landsat_gee,True
NSR-GRID-214,LC09_L2SP_176039_20250812_20250815_02_T1,2025-08-12,-2.849665900569072,-3.104078985726854,44.04018769959303,0.39546596001240353,medium,0.2544130851577817,landsat_gee,True
NSR-GRID-215,LC09_L2SP_176039_20250812_20250815_02_T1,2025-08-12,-3.0665837687006245,-2.961655840352679,43.823269831461474,0.3400395125218028,low,-0.10492792834794562,landsat_gee,True
NSR-GRID-216,LC09_L2SP_176039_20250812_20250815_02_T1,2025-08-12,-1.655304903020287,-1.9868669759919049,45.23454869714181,0.3394210813482671,low,0.33156207297161777,landsat_gee,True
NSR-GRID-217,LC09_L2SP_176039_20250812_20250815_02_T1,2025-08-12,-2.114048556343356,-2.4129175645468814,44.77580504381874,0.39004208765721493,medium,0.29886900820352524,landsat_gee,True
NSR-GRID-218,LC09_L2SP_176039_20250812_20250815_02_T1,2025-08-12,-1.850158164797172,-2.0418774129509014,45.039695435364926,0.38730895566627,medium,0.19171924815372932,landsat_gee,True
NSR-GRID-219,LC09_L2SP_176039_20250812_20250815_02_T1,2025-08-12,-1.0934134908566122,-1.1567835102583852,45.796440109305486,0.39262890668553463,medium,0.063370019401773,landsat_gee,True
NSR-GRID-220,LC09_L2SP_176039_20250812_20250815_02_T1,2025-08-12,-0.7264267543482745,-0.6760006435908666,46.163426845813824,0.40039964169809306,medium,-0.05042611075740788,landsat_gee,True
NSR-GRID-221,LC09_L2SP_176039_20250812_20250815_02_T1,2025-08-12,-0.7909019558522061,-1.0315610941234141,46.09895164430989,0.40807148068400945,medium,0.240659138271208,landsat_gee,True
NSR-GRID-222,LC09_L2SP_176039_20250812_20250815_02_T1,2025-08-12,-0.6023577255474208,-0.8712605331731101,46.28749587461468,0.4101821759483228,medium,0.2689028076256893,landsat_gee,True
NSR-GRID-223,LC09_L2SP_176039_20250812_20250815_02_T1,2025-08-12,-1.3224712647329753,-1.604146752947075,45.56738233542912,0.45764728512514236,medium,0.2816754882140997,landsat_gee,True
NSR-GRID-224,LC09_L2SP_176039_20250812_20250815_02_T1,2025-08-12,-1.7052368199986605,-1.6776790748489234,45.18461678016344,0.4917493147398162,medium,-0.02755774514973708,landsat_gee,True
NSR-GRID-225,LC09_L2SP_176039_20250812_20250815_02_T1,2025-08-12,-0.7910051050344151,-0.9218592535313143,46.09884849512768,0.4335777074676494,medium,0.13085414849689914,landsat_gee,True
NSR-GRID-226,LC09_L2SP_176039_20250812_20250815_02_T1,2025-08-12,-0.8171904227464566,-0.9329811900772628,46.07266317741564,0.3615891986040838,medium,0.11579076733080618,landsat_gee,True
NSR-GRID-227,LC09_L2SP_176039_20250812_20250815_02_T1,2025-08-12,-1.350591932340336,-1.3774275946413408,45.53926166782176,0.4421097905522978,medium,0.02683566230100487,landsat_gee,True
NSR-GRID-228,LC09_L2SP_176039_20250812_20250815_02_T1,2025-08-12,-1.3350833600588174,-1.2749955359251146,45.55477024010328,0.42396173851625024,medium,-0.06008782413370284,landsat_gee,True
NSR-GRID-229,LC09_L2SP_176039_20250812_20250815_02_T1,2025-08-12,-0.6019444662014664,-0.7551130088433106,46.28790913396063,0.45443524618694453,medium,0.1531685426418442,landsat_gee,True
NSR-GRID-230,LC09_L2SP_176039_20250812_20250815_02_T1,2025-08-12,-1.2293567157250678,-1.1595628866512142,45.66049688443703,0.39427298212131756,medium,-0.06979382907385356,landsat_gee,True
NSR-GRID-231,LC09_L2SP_176039_20250812_20250815_02_T1,2025-08-12,1.494124056627669,1.2287344361927228,48.38397765678977,0.3076141517078281,low,0.2653896204349462,landsat_gee,True
NSR-GRID-232,LC09_L2SP_176039_20250812_20250815_02_T1,2025-08-12,-1.9438318117810809,-1.7941996441186319,44.94602178838102,0.3438923983853923,low,-0.14963216766244902,landsat_gee,True
NSR-GRID-233,LC09_L2SP_176039_20250812_20250815_02_T1,2025-08-12,-2.494813087021278,-2.621815053656219,44.39504051314082,0.3927251681475509,medium,0.1270019666349409,landsat_gee,True
NSR-GRID-234,LC09_L2SP_176039_20250812_20250815_02_T1,2025-08-12,-2.2424429374284784,-2.401666954062668,44.64741066273362,0.39048417292465537,medium,0.1592240166341896,landsat_gee,True
NSR-GRID-235,LC09_L2SP_176039_20250812_20250815_02_T1,2025-08-12,-0.9214300816638,-0.8718828474779601,45.9684235184983,0.3616042244863,medium,-0.04954723418583995,landsat_gee,True
NSR-GRID-236,LC09_L2SP_176039_20250812_20250815_02_T1,2025-08-12,0.8014168305911795,1.263116632822103,47.69127043075328,0.37839484724663436,medium,-0.46169980223092355,landsat_gee,True
NSR-GRID-237,LC09_L2SP_176039_20250812_20250815_02_T1,2025-08-12,2.704657539864748,2.958637581942593,49.594511140026846,0.2966886897669529,low,-0.2539800420778451,landsat_gee,True
NSR-GRID-238,LC09_L2SP_176039_20250812_20250815_02_T1,2025-08-12,1.3608567639769475,1.7148811847596663,48.250710364139046,0.34371035638660663,low,-0.3540244207827188,landsat_gee,True
NSR-GRID-239,LC09_L2SP_176039_20250812_20250815_02_T1,2025-08-12,0.8371183449018602,0.6636572590487472,47.72697194506396,0.39279226390307853,medium,0.17346108585311304,landsat_gee,True
NSR-GRID-240,LC09_L2SP_176039_20250812_20250815_02_T1,2025-08-12,0.5564618549042137,0.3038849926580472,47.44631545506631,0.36407071993233253,medium,0.25257686224616654,landsat_gee,True
NSR-GRID-241,LC09_L2SP_176039_20250812_20250815_02_T1,2025-08-12,-0.3210676156929537,-0.6946103338575841,46.568785984469145,0.4592773225731524,medium,0.37354271816463036,landsat_gee,True
NSR-GRID-242,LC09_L2SP_176039_20250812_20250815_02_T1,2025-08-12,-1.0637958430120378,-1.159095675663584,45.82605775715006,0.5079768377979369,medium,0.09529983265154618,landsat_gee,True
NSR-GRID-243,LC09_L2SP_176039_20250812_20250815_02_T1,2025-08-12,-0.8705211148323073,-0.7201653132020513,46.01933248532979,0.39274859629545733,medium,-0.15035580163025597,landsat_gee,True
NSR-GRID-244,LC09_L2SP_176039_20250812_20250815_02_T1,2025-08-12,0.8276341540356711,0.8108091340428233,47.71748775419777,0.24492814900830584,low,0.0168250199928478,landsat_gee,True
NSR-GRID-245,LC09_L2SP_176039_20250812_20250815_02_T1,2025-08-12,0.7102515320301848,0.7367896923809194,47.60010513219228,0.3370812788198468,low,-0.02653816035073464,landsat_gee,True
NSR-GRID-246,LC09_L2SP_176039_20250812_20250815_02_T1,2025-08-12,-0.0312251946136399,-0.07340706415234728,46.85862840554846,0.426269280245283,medium,0.04218186953870738,landsat_gee,True
NSR-GRID-247,LC09_L2SP_176039_20250812_20250815_02_T1,2025-08-12,-0.1937603268878973,-0.22205895407104925,46.6960932732742,0.3784124308823172,medium,0.02829862718315196,landsat_gee,True
NSR-GRID-248,LC09_L2SP_176039_20250812_20250815_02_T1,2025-08-12,-0.2402635029553792,-0.418863014490404,46.64959009720672,0.3903539697717443,medium,0.17859951153502476,landsat_gee,True
NSR-GRID-249,LC09_L2SP_176039_20250812_20250815_02_T1,2025-08-12,-1.055360022566937,-1.2691264667681237,45.83449357759516,0.3931240697503532,medium,0.21376644420118662,landsat_gee,True
NSR-GRID-250,LC09_L2SP_176039_20250812_20250815_02_T1,2025-08-12,0.8736611507669423,0.7407546317164152,47.76351475092904,0.24147459412908978,low,0.13290651905052708,landsat_gee,True
NSR-GRID-251,LC09_L2SP_176039_20250812_20250815_02_T1,2025-08-12,-1.7057479706274137,-1.805737239530437,45.184105629534685,0.4231821011363145,medium,0.09998926890302329,landsat_gee,True
NSR-GRID-252,LC09_L2SP_176039_20250812_20250815_02_T1,2025-08-12,-1.9671379063728551,-1.9938335882561116,44.92271569378924,0.4318538463459186,medium,0.02669568188325644,landsat_gee,True
NSR-GRID-253,LC09_L2SP_176039_20250812_20250815_02_T1,2025-08-12,-1.9452995950617047,-2.0242685565549046,44.94455400510039,0.3845127631504731,medium,0.07896896149319987,landsat_gee,True
NSR-GRID-254,LC09_L2SP_176039_20250812_20250815_02_T1,2025-08-12,0.7164586172934051,0.7254375660669264,47.6063122174555,0.4158834459423053,medium,-0.008978948773521345,landsat_gee,True
NSR-GRID-255,LC09_L2SP_176039_20250812_20250815_02_T1,2025-08-12,2.658304336945569,2.697376358298011,49.54815793710767,0.396655340244539,medium,-0.03907202135244203,landsat_gee,True
NSR-GRID-256,LC09_L2SP_176039_20250812_20250815_02_T1,2025-08-12,1.277399548914147,1.1009078863647872,48.167253149076245,0.3228118240610518,low,0.17649166254935977,landsat_gee,True
NSR-GRID-257,LC09_L2SP_176039_20250812_20250815_02_T1,2025-08-12,-0.1588977624540604,-0.301672757671967,46.73095583770804,0.28954149382414596,low,0.1427749952179066,landsat_gee,True
NSR-GRID-258,LC09_L2SP_176039_20250812_20250815_02_T1,2025-08-12,-0.9593587109282852,-0.8862179885871554,45.93049488923381,0.28553637705483964,low,-0.07314072234112978,landsat_gee,True
NSR-GRID-259,LC09_L2SP_176039_20250812_20250815_02_T1,2025-08-12,-1.786679251607481,-1.9623944625365761,45.10317434855462,0.3557761878392746,medium,0.17571521092909514,landsat_gee,True
NSR-GRID-260,LC09_L2SP_176039_20250812_20250815_02_T1,2025-08-12,-1.6621481847910786,-1.918116674693061,45.22770541537102,0.38911862132822445,medium,0.2559684899019823,landsat_gee,True
NSR-GRID-261,LC09_L2SP_176039_20250812_20250815_02_T1,2025-08-12,-0.2213540710668198,-0.3502908734208013,46.66849952909528,0.3298928898854786,low,0.12893680235398147,landsat_gee,True
NSR-GRID-262,LC09_L2SP_176039_20250812_20250815_02_T1,2025-08-12,1.1979205897006295,0.928881992765475,48.08777418986273,0.22124093091626545,low,0.26903859693515453,landsat_gee,True
NSR-GRID-263,LC09_L2SP_176039_20250812_20250815_02_T1,2025-08-12,1.0418772262284506,0.9221109200271399,47.93173082639055,0.24568677038733525,low,0.11976630620131068,landsat_gee,True
NSR-GRID-264,LC09_L2SP_176039_20250812_20250815_02_T1,2025-08-12,1.246762349075233,1.0313178626750021,48.13661594923733,0.320055962669435,low,0.21544448640023095,landsat_gee,True
NSR-GRID-265,LC09_L2SP_176039_20250812_20250815_02_T1,2025-08-12,-0.1070076592998958,-0.31756306599956763,46.7828459408622,0.4408009486252346,medium,0.21055540669967182,landsat_gee,True
NSR-GRID-266,LC09_L2SP_176039_20250812_20250815_02_T1,2025-08-12,-0.6143475612971088,-0.5910496028811997,46.27550603886499,0.39192448462018403,medium,-0.023297958415909092,landsat_gee,True
NSR-GRID-267,LC09_L2SP_176039_20250812_20250815_02_T1,2025-08-12,0.025830963212087,0.010975646733897518,46.915684563374185,0.4055700050130983,medium,0.014855316478189481,landsat_gee,True
NSR-GRID-268,LC09_L2SP_176039_20250812_20250815_02_T1,2025-08-12,0.392076737734591,-0.036636227868214286,47.28193033789669,0.2765806232739314,low,0.4287129656028053,landsat_gee,True
NSR-GRID-269,LC09_L2SP_176039_20250812_20250815_02_T1,2025-08-12,0.1811807016073245,0.08894785559896964,47.07103430176942,0.4543606053409574,medium,0.09223284600835485,landsat_gee,True
NSR-GRID-270,LC09_L2SP_176039_20250812_20250815_02_T1,2025-08-12,0.6108157814136703,0.7105332218373118,47.50066938157577,0.33234050223415446,low,-0.0997174404236415,landsat_gee,True
NSR-GRID-271,LC09_L2SP_176039_20250812_20250815_02_T1,2025-08-12,-0.593964449257733,-0.8264181766747952,46.295889150904365,0.4423983111335123,medium,0.23245372741706227,landsat_gee,True
NSR-GRID-272,LC09_L2SP_176039_20250812_20250815_02_T1,2025-08-12,-1.1780555968808957,-1.3391001122460597,45.7117980032812,0.4333784809545249,medium,0.16104451536516406,landsat_gee,True
NSR-GRID-273,LC09_L2SP_176039_20250812_20250815_02_T1,2025-08-12,-0.1808183815974828,0.04195710059084293,46.709035218564615,0.3804439912408038,medium,-0.22277548218832574,landsat_gee,True
NSR-GRID-274,LC09_L2SP_176039_20250812_20250815_02_T1,2025-08-12,1.299049834196964,1.3594695809823218,48.18890343435906,0.4252890117948959,medium,-0.060419746785357775,landsat_gee,True
NSR-GRID-275,LC09_L2SP_176039_20250812_20250815_02_T1,2025-08-12,-0.2328104610846608,-0.6246904379425713,46.65704313907744,0.4064006755053987,medium,0.3918799768579105,landsat_gee,True
NSR-GRID-276,LC09_L2SP_176039_20250812_20250815_02_T1,2025-08-12,-0.2329415614039618,-0.7139297926481324,46.656912038758136,0.27650461765926065,low,0.48098823124417056,landsat_gee,True
NSR-GRID-277,LC09_L2SP_176039_20250812_20250815_02_T1,2025-08-12,-0.0365277208543375,-0.41876862018331285,46.85332587930776,0.2193103340496008,low,0.3822408993289753,landsat_gee,True
NSR-GRID-278,LC09_L2SP_176039_20250812_20250815_02_T1,2025-08-12,-2.152637674989215,-2.512156502603451,44.73721592517288,0.22834893995483255,low,0.3595188276142358,landsat_gee,True
NSR-GRID-279,LC09_L2SP_176039_20250812_20250815_02_T1,2025-08-12,-0.4121093855170912,-0.6636509090306619,46.47774421464501,0.2749182096781997,low,0.25154152351357073,landsat_gee,True
NSR-GRID-280,LC09_L2SP_176039_20250812_20250815_02_T1,2025-08-12,0.7092595900072922,0.5579080265980524,47.59911319016939,0.26173393993725,low,0.15135156340923983,landsat_gee,True
NSR-GRID-281,LC09_L2SP_176039_20250812_20250815_02_T1,2025-08-12,0.7696213376864449,0.8945132738345006,47.65947493784854,0.2084782973728485,low,-0.12489193614805572,landsat_gee,True
NSR-GRID-282,LC09_L2SP_176039_20250812_20250815_02_T1,2025-08-12,1.3978983151865163,1.220635637673452,48.287751915348615,0.24408192041247623,low,0.17726267751306435,landsat_gee,True
NSR-GRID-283,LC09_L2SP_176039_20250812_20250815_02_T1,2025-08-12,1.1954474126109815,0.9418016832516352,48.08530101277308,0.28935804652345815,low,0.2536457293593464,landsat_gee,True
NSR-GRID-284,LC09_L2SP_176039_20250812_20250815_02_T1,2025-08-12,0.3374913932897314,0.35405109160808534,47.22734499345183,0.2705681040840535,low,-0.016559698318353966,landsat_gee,True
NSR-GRID-285,LC09_L2SP_176039_20250812_20250815_02_T1,2025-08-12,1.7312134874445206,1.7324929979070884,48.62106708760662,0.42979588750256015,medium,-0.001279510462567801,landsat_gee,True
NSR-GRID-286,LC09_L2SP_176039_20250812_20250815_02_T1,2025-08-12,0.5058027359458706,0.8166677026292215,47.39565633610797,0.2367928519970338,low,-0.31086496668335095,landsat_gee,True
NSR-GRID-287,LC09_L2SP_176039_20250812_20250815_02_T1,2025-08-12,1.2079119364272015,1.4205737802726666,48.0977655365893,0.4738955454684257,medium,-0.21266184384546505,landsat_gee,True
NSR-GRID-288,LC09_L2SP_176039_20250812_20250815_02_T1,2025-08-12,1.4960029778346708,1.5817869685586328,48.38585657799677,0.4496924895588109,medium,-0.08578399072396192,landsat_gee,True
NSR-GRID-289,LC09_L2SP_176039_20250812_20250815_02_T1,2025-08-12,0.8667361796579343,0.4629370598806385,47.75658977982003,0.39705140502867325,medium,0.40379911977729577,landsat_gee,True
NSR-GRID-290,LC09_L2SP_176039_20250812_20250815_02_T1,2025-08-12,-0.4025421248642615,-0.8198810184007547,46.48731147529784,0.33550456514238686,low,0.41733889353649317,landsat_gee,True
NSR-GRID-291,LC09_L2SP_176039_20250812_20250815_02_T1,2025-08-12,0.7015923583240635,0.17228389648267395,47.59144595848616,0.27754661493344013,low,0.5293084618413896,landsat_gee,True
NSR-GRID-292,LC09_L2SP_176039_20250812_20250815_02_T1,2025-08-12,-1.092354830857225,-0.9724046324513815,45.79749876930487,0.2638982147595983,low,-0.11995019840584353,landsat_gee,True
NSR-GRID-293,LC09_L2SP_176039_20250812_20250815_02_T1,2025-08-12,0.5334208842362145,0.8358961386607351,47.42327448439831,0.38646561921250955,medium,-0.3024752544245206,landsat_gee,True
NSR-GRID-294,LC09_L2SP_176039_20250812_20250815_02_T1,2025-08-12,0.8254947945499822,1.0345246372733938,47.71534839471208,0.3254993198306378,low,-0.20902984272341163,landsat_gee,True
NSR-GRID-295,LC09_L2SP_176039_20250812_20250815_02_T1,2025-08-12,1.5343909581003174,1.470254137389654,48.424244558262416,0.22625354356053307,low,0.0641368207106634,landsat_gee,True
NSR-GRID-296,LC09_L2SP_176039_20250812_20250815_02_T1,2025-08-12,1.547111637283841,1.0992371011912891,48.43696523744594,0.2144270537053384,low,0.4478745360925518,landsat_gee,True
NSR-GRID-297,LC09_L2SP_176039_20250812_20250815_02_T1,2025-08-12,1.6505588327167828,1.2292930801551714,48.54041243287888,0.21901112211855195,low,0.4212657525616115,landsat_gee,True
NSR-GRID-298,LC09_L2SP_176039_20250812_20250815_02_T1,2025-08-12,0.943110769424976,1.200064226226291,47.832964369587074,0.22328725888943016,low,-0.2569534568013151,landsat_gee,True
NSR-GRID-299,LC09_L2SP_176039_20250812_20250815_02_T1,2025-08-12,0.8613800057132863,0.8767597883406616,47.751233605875385,0.20924385604005535,low,-0.015379782627375271,landsat_gee,True
NSR-GRID-300,LC09_L2SP_176039_20250812_20250815_02_T1,2025-08-12,2.2969685700674205,2.405243209686942,49.18682217022952,0.3951670621626465,medium,-0.10827463961952155,landsat_gee,True
NSR-GRID-302,LC09_L2SP_176039_20250812_20250815_02_T1,2025-08-12,2.771324582279981,2.854854940732798,49.66117818244208,0.3401342209405306,low,-0.08353035845281687,landsat_gee,True
NSR-GRID-303,LC09_L2SP_176039_20250812_20250815_02_T1,2025-08-12,0.6473016245265839,0.6880905365316282,47.53715522468868,0.23216654012226223,low,-0.04078891200504431,landsat_gee,True
NSR-GRID-304,LC09_L2SP_176039_20250812_20250815_02_T1,2025-08-12,1.7028675149403796,1.9044873074133826,48.59272111510248,0.3649663287749254,medium,-0.201619792473003,landsat_gee,True
NSR-GRID-305,LC09_L2SP_176039_20250812_20250815_02_T1,2025-08-12,0.8153109458419792,0.9118190685565167,47.70516454600408,0.412254662586983,medium,-0.09650812271453757,landsat_gee,True
NSR-GRID-306,LC09_L2SP_176039_20250812_20250815_02_T1,2025-08-12,0.0229145899485132,-0.41094850260349547,46.91276819011061,0.36912879035085444,medium,0.43386309255200867,landsat_gee,True
NSR-GRID-307,LC09_L2SP_176039_20250812_20250815_02_T1,2025-08-12,1.3830520969432456,1.3415127040873798,48.272905697105344,0.33583198938477543,low,0.04153939285586583,landsat_gee,True
NSR-GRID-308,LC09_L2SP_176039_20250812_20250815_02_T1,2025-08-12,1.8451941357492103,1.5528454170744859,48.73504773591131,0.278804840782805,low,0.29234871867472445,landsat_gee,True
NSR-GRID-309,LC09_L2SP_176039_20250812_20250815_02_T1,2025-08-12,1.753908586498568,1.983893542079446,48.643762186660666,0.25721005981050377,low,-0.22998495558087795,landsat_gee,True
NSR-GRID-310,LC09_L2SP_176039_20250812_20250815_02_T1,2025-08-12,1.53269507385604,1.8027469328909782,48.42254867401814,0.24400444451004993,low,-0.2700518590349381,landsat_gee,True
NSR-GRID-311,LC09_L2SP_176039_20250812_20250815_02_T1,2025-08-12,1.7406714151272595,2.066835351619535,48.63052501528936,0.2701457758906907,low,-0.3261639364922755,landsat_gee,True
NSR-GRID-312,LC09_L2SP_176039_20250812_20250815_02_T1,2025-08-12,1.7476673589534784,1.6939942330769273,48.63752095911558,0.255804773722238,low,0.05367312587655104,landsat_gee,True
NSR-GRID-313,LC09_L2SP_176039_20250812_20250815_02_T1,2025-08-12,1.4780252978278838,1.3446550744890906,48.36787889798998,0.24013845867632683,low,0.13337022333879323,landsat_gee,True
NSR-GRID-314,LC09_L2SP_176039_20250812_20250815_02_T1,2025-08-12,0.7406502259497572,1.0262001758886692,47.630503826111855,0.21213979314793516,low,-0.28554994993891203,landsat_gee,True
NSR-GRID-315,LC09_L2SP_176039_20250812_20250815_02_T1,2025-08-12,1.1814099637370674,1.0359441300425392,48.071263563899166,0.23058279499950968,low,0.14546583369452826,landsat_gee,True
NSR-GRID-316,LC09_L2SP_176039_20250812_20250815_02_T1,2025-08-12,0.5122947536369011,0.6202549489115186,47.402148353799,0.199719846255172,low,-0.10796019527461742,landsat_gee,True
NSR-GRID-317,LC09_L2SP_176039_20250812_20250815_02_T1,2025-08-12,2.365394236975945,2.5425960874587172,49.25524783713804,0.34126117280753543,low,-0.17720185048277237,landsat_gee,True
NSR-GRID-318,LC09_L2SP_176039_20250812_20250815_02_T1,2025-08-12,0.241376528452669,0.5213120354326434,47.13123012861477,0.22144724847079608,low,-0.2799355069799744,landsat_gee,True
NSR-GRID-319,LC09_L2SP_176039_20250812_20250815_02_T1,2025-08-12,2.624655410440859,2.332389409276579,49.51450901060296,0.2908690298048124,low,0.2922660011642799,landsat_gee,True
NSR-GRID-320,LC09_L2SP_176039_20250812_20250815_02_T1,2025-08-12,0.5809475547021563,0.16508245072787858,47.470801154864255,0.3632263480543902,medium,0.41586510397427773,landsat_gee,True
NSR-GRID-321,LC09_L2SP_176039_20250812_20250815_02_T1,2025-08-12,-0.2386123071763464,-0.5397541372064953,46.65124129298575,0.35107608154217373,medium,0.30114183003014894,landsat_gee,True
NSR-GRID-322,LC09_L2SP_176039_20250812_20250815_02_T1,2025-08-12,1.615730710673354,1.5553555256790657,48.50558431083545,0.3272576945044663,low,0.0603751849942884,landsat_gee,True
NSR-GRID-323,LC09_L2SP_176039_20250812_20250815_02_T1,2025-08-12,1.90912264071784,2.067387844657457,48.79897624087994,0.3105306416792288,low,-0.15826520393961685,landsat_gee,True
NSR-GRID-324,LC09_L2SP_176039_20250812_20250815_02_T1,2025-08-12,0.9057000434793352,1.321924447614245,47.79555364364143,0.29211440092776625,low,-0.4162244041349099,landsat_gee,True
NSR-GRID-325,LC09_L2SP_176039_20250812_20250815_02_T1,2025-08-12,1.3376075600046846,1.7390382005186742,48.22746116016678,0.3063346687556569,low,-0.4014306405139896,landsat_gee,True
NSR-GRID-326,LC09_L2SP_176039_20250812_20250815_02_T1,2025-08-12,2.127186416690485,1.9784400293202036,49.01704001685258,0.2558270392113799,low,0.14874638737028123,landsat_gee,True
NSR-GRID-327,LC09_L2SP_176039_20250812_20250815_02_T1,2025-08-12,2.31966197349405,1.9877076899817745,49.20951557365615,0.2613729284628749,low,0.3319542835122753,landsat_gee,True
NSR-GRID-328,LC09_L2SP_176039_20250812_20250815_02_T1,2025-08-12,1.63523268551657,1.598377936481475,48.52508628567867,0.2535470310863147,low,0.036854749035095,landsat_gee,True
NSR-GRID-329,LC09_L2SP_176039_20250812_20250815_02_T1,2025-08-12,1.0879910195158686,1.3490314715920437,47.97784461967797,0.22174851559474043,low,-0.2610404520761751,landsat_gee,True
NSR-GRID-330,LC09_L2SP_176039_20250812_20250815_02_T1,2025-08-12,0.9433157224333116,1.090760323902504,47.83316932259541,0.22318199162135108,low,-0.14744460146919247,landsat_gee,True
NSR-GRID-331,LC09_L2SP_176039_20250812_20250815_02_T1,2025-08-12,0.3601901153600195,0.4734438744913003,47.25004371552212,0.19528503822957377,low,-0.11325375913128083,landsat_gee,True
NSR-GRID-332,LC09_L2SP_176039_20250812_20250815_02_T1,2025-08-12,2.445831939626068,2.3754774382455315,49.335685539788166,0.31687782035442086,low,0.07035450138053667,landsat_gee,True
NSR-GRID-333,LC09_L2SP_176039_20250812_20250815_02_T1,2025-08-12,1.2690812202776698,1.060016530121509,48.15893482043977,0.2152660781126673,low,0.2090646901561608,landsat_gee,True
NSR-GRID-334,LC09_L2SP_176039_20250812_20250815_02_T1,2025-08-12,2.282346536484788,2.0580276295639774,49.172200136646886,0.3501635295405085,medium,0.2243189069208107,landsat_gee,True
NSR-GRID-335,LC09_L2SP_176039_20250812_20250815_02_T1,2025-08-12,1.905939586039743,1.7916225434695787,48.79579318620184,0.31795659811606825,low,0.11431704257016428,landsat_gee,True
NSR-GRID-336,LC09_L2SP_176039_20250812_20250815_02_T1,2025-08-12,-0.7320676200062834,-0.7953323599498908,46.157785980155815,0.3142330904281319,low,0.06326473994360737,landsat_gee,True
NSR-GRID-337,LC09_L2SP_176039_20250812_20250815_02_T1,2025-08-12,0.3887942554719714,0.82154949493901,47.27864785563407,0.26559574953645604,low,-0.4327552394670386,landsat_gee,True
NSR-GRID-338,LC09_L2SP_176039_20250812_20250815_02_T1,2025-08-12,0.8504597493392367,1.4891126565737838,47.740313349501335,0.25453884038967856,low,-0.638652907234547,landsat_gee,True
NSR-GRID-339,LC09_L2SP_176039_20250812_20250815_02_T1,2025-08-12,0.9557576136425324,1.1394508738990392,47.84561121380463,0.2602277398218294,low,-0.18369326025650679,landsat_gee,True
NSR-GRID-340,LC09_L2SP_176039_20250812_20250815_02_T1,2025-08-12,0.8089412784623633,1.073096610945857,47.69879487862446,0.277165633046726,low,-0.26415533248349377,landsat_gee,True
NSR-GRID-341,LC09_L2SP_176039_20250812_20250815_02_T1,2025-08-12,-0.4671898624142869,-0.03892506531106829,46.42266373774781,0.29167984246348516,low,-0.42826479710321863,landsat_gee,True
NSR-GRID-342,LC09_L2SP_176039_20250812_20250815_02_T1,2025-08-12,0.725598325911065,0.9537503642192039,47.61545192607316,0.2888910090206383,low,-0.2281520383081389,landsat_gee,True
NSR-GRID-343,LC09_L2SP_176039_20250812_20250815_02_T1,2025-08-12,0.6287666133084642,0.6648447414705696,47.51862021347056,0.2319106408330842,low,-0.03607812816210543,landsat_gee,True
NSR-GRID-344,LC09_L2SP_176039_20250812_20250815_02_T1,2025-08-12,0.4916316032043184,0.5610315459560595,47.38148520336642,0.23808891387806,low,-0.0693999427517411,landsat_gee,True
NSR-GRID-345,LC09_L2SP_176039_20250812_20250815_02_T1,2025-08-12,0.1855495445998585,0.26184116126395207,47.07540314476196,0.20527507895650512,low,-0.07629161666409356,landsat_gee,True
NSR-GRID-346,LC09_L2SP_176039_20250812_20250815_02_T1,2025-08-12,0.5382741854294437,0.5107334471545261,47.42812778559154,0.1964759959232817,low,0.027540738274917653,landsat_gee,True
NSR-GRID-347,LC09_L2SP_176039_20250812_20250815_02_T1,2025-08-12,0.5993578803293076,-0.16607320134966755,47.489211480491406,0.19877506543520165,low,0.7654310816789751,landsat_gee,True
NSR-GRID-348,LC09_L2SP_176039_20250812_20250815_02_T1,2025-08-12,1.4741789779575782,0.9348350267068601,48.36403257811968,0.24814406788402574,low,0.5393439512507181,landsat_gee,True
NSR-GRID-349,LC09_L2SP_176039_20250812_20250815_02_T1,2025-08-12,0.0582832993737341,0.3912865045761554,46.94813689953583,0.2878403405475829,low,-0.33300320520242127,landsat_gee,True
NSR-GRID-350,LC09_L2SP_176039_20250812_20250815_02_T1,2025-08-12,1.4263129538709762,1.4376168970441383,48.316166554033074,0.3328790390213659,low,-0.011303943173162079,landsat_gee,True
NSR-GRID-351,LC09_L2SP_176039_20250812_20250815_02_T1,2025-08-12,1.1656751942183732,1.1559011414766147,48.05552879438047,0.2536137018043635,low,0.009774052741758466,landsat_gee,True
NSR-GRID-352,LC09_L2SP_176039_20250812_20250815_02_T1,2025-08-12,-0.2980105627805258,-0.33954504653525563,46.59184303738157,0.24240723944462012,low,0.041534483754729845,landsat_gee,True
NSR-GRID-353,LC09_L2SP_176039_20250812_20250815_02_T1,2025-08-12,0.1041059123429519,0.6065255563177508,46.99395951250505,0.3054572237666574,low,-0.502419643974799,landsat_gee,True
NSR-GRID-354,LC09_L2SP_176039_20250812_20250815_02_T1,2025-08-12,1.168124752215249,1.6021533111137332,48.05797835237735,0.2998427448358368,low,-0.43402855889848424,landsat_gee,True
NSR-GRID-355,LC09_L2SP_176039_20250812_20250815_02_T1,2025-08-12,0.9037391588409348,1.1544132206689341,47.79359275900303,0.23299374544302448,low,-0.25067406182799934,landsat_gee,True
NSR-GRID-356,LC09_L2SP_176039_20250812_20250815_02_T1,2025-08-12,0.6533663172461388,1.531964186771223,47.54321991740824,0.26235043862422003,low,-0.8785978695250842,landsat_gee,True
NSR-GRID-357,LC09_L2SP_176039_20250812_20250815_02_T1,2025-08-12,1.6761437703842432,1.6838928894913427,48.56599737054634,0.26566770755585234,low,-0.0077491191070995225,landsat_gee,True
NSR-GRID-358,LC09_L2SP_176039_20250812_20250815_02_T1,2025-08-12,1.549959285022787,1.7273887305278466,48.439812885184885,0.3406841084427044,low,-0.17742944550505957,landsat_gee,True
NSR-GRID-359,LC09_L2SP_176039_20250812_20250815_02_T1,2025-08-12,1.6247218540600628,1.561093487253259,48.51457545422216,0.39328300178077075,medium,0.06362836680680384,landsat_gee,True
NSR-GRID-360,LC09_L2SP_176039_20250812_20250815_02_T1,2025-08-12,1.500222711704282,1.0492117486183914,48.39007631186638,0.2834142837051299,low,0.4510109630858905,landsat_gee,True
NSR-GRID-361,LC09_L2SP_176039_20250812_20250815_02_T1,2025-08-12,1.1544233333095804,0.7260855117177651,48.04427693347168,0.23045761577304547,low,0.4283378215918152,landsat_gee,True
NSR-GRID-362,LC09_L2SP_176039_20250812_20250815_02_T1,2025-08-12,1.5466436715086118,0.7516383982917353,48.43649727167071,0.22552341440268003,low,0.7950052732168765,landsat_gee,True
NSR-GRID-363,LC09_L2SP_176039_20250812_20250815_02_T1,2025-08-12,1.01958737675848,0.9740276804004118,47.90944097692058,0.33298802828691093,low,0.045559696358068225,landsat_gee,True
NSR-GRID-364,LC09_L2SP_176039_20250812_20250815_02_T1,2025-08-12,0.7471445966037678,0.9039926164752661,47.636998196765866,0.36737379381143803,medium,-0.15684801987149832,landsat_gee,True
NSR-GRID-365,LC09_L2SP_176039_20250812_20250815_02_T1,2025-08-12,1.3077597259882765,1.6152854649080677,48.197613326150375,0.29588885050394537,low,-0.3075257389197912,landsat_gee,True
NSR-GRID-366,LC09_L2SP_176039_20250812_20250815_02_T1,2025-08-12,1.2056042540923997,1.4722061581483075,48.0954578542545,0.22843646775813853,low,-0.2666019040559078,landsat_gee,True
NSR-GRID-367,LC09_L2SP_176039_20250812_20250815_02_T1,2025-08-12,1.1973821057168337,1.4948565324092122,48.08723570587893,0.2674739402142086,low,-0.29747442669237856,landsat_gee,True
NSR-GRID-368,LC09_L2SP_176039_20250812_20250815_02_T1,2025-08-12,1.5423765401653071,1.8324024632427505,48.432230140327405,0.2533791544624218,low,-0.29002592307744335,landsat_gee,True
NSR-GRID-369,LC09_L2SP_176039_20250812_20250815_02_T1,2025-08-12,1.4642833692187978,2.174711261801544,48.354136969380896,0.2586484020804177,low,-0.7104278925827461,landsat_gee,True
NSR-GRID-370,LC09_L2SP_176039_20250812_20250815_02_T1,2025-08-12,2.428474149602465,2.550910914444323,49.31832774976456,0.2598226269738787,low,-0.12243676484185784,landsat_gee,True
NSR-GRID-371,LC09_L2SP_176039_20250812_20250815_02_T1,2025-08-12,1.3585841794363915,1.5251391289714047,48.24843777959849,0.23089148324279118,low,-0.16655494953501315,landsat_gee,True
NSR-GRID-372,LC09_L2SP_176039_20250812_20250815_02_T1,2025-08-12,1.632321412460037,1.7852084035347633,48.522175012622135,0.3001055613064512,low,-0.15288699107472636,landsat_gee,True
NSR-GRID-373,LC09_L2SP_176039_20250812_20250815_02_T1,2025-08-12,2.1818822571780885,2.32059140447361,49.07173585734019,0.3007967718677577,low,-0.13870914729552153,landsat_gee,True
NSR-GRID-374,LC09_L2SP_176039_20250812_20250815_02_T1,2025-08-12,1.7756722811310013,1.2023550464807258,48.6655258812931,0.22987545101453427,low,0.5733172346502755,landsat_gee,True
NSR-GRID-375,LC09_L2SP_176039_20250812_20250815_02_T1,2025-08-12,1.4386261274691563,0.9343253521209194,48.328479727631255,0.20922047376331918,low,0.5043007753482369,landsat_gee,True
NSR-GRID-376,LC09_L2SP_176039_20250812_20250815_02_T1,2025-08-12,0.5528110229511896,0.4865016183428914,47.44266462311329,0.2587531714503834,low,0.06630940460829815,landsat_gee,True
NSR-GRID-377,LC09_L2SP_176039_20250812_20250815_02_T1,2025-08-12,1.1617969114862632,1.2237885125648387,48.05165051164836,0.28124395230267585,low,-0.06199160107857549,landsat_gee,True
NSR-GRID-378,LC09_L2SP_176039_20250812_20250815_02_T1,2025-08-12,1.6923318311866211,1.7181942520987838,48.58218543134872,0.23689457518210005,low,-0.02586242091216273,landsat_gee,True
NSR-GRID-379,LC09_L2SP_176039_20250812_20250815_02_T1,2025-08-12,1.339568204370302,0.8740328093339755,48.2294218045324,0.2822063166952697,low,0.46553539503632657,landsat_gee,True
NSR-GRID-380,LC09_L2SP_176039_20250812_20250815_02_T1,2025-08-12,0.7858527580432124,1.0250154647637948,47.67570635820531,0.21212279824523833,low,-0.23916270672058237,landsat_gee,True
NSR-GRID-381,LC09_L2SP_176039_20250812_20250815_02_T1,2025-08-12,1.8483794066946189,2.2421675264890193,48.73823300685672,0.24871390848287006,low,-0.3937881197944004,landsat_gee,True
NSR-GRID-382,LC09_L2SP_176039_20250812_20250815_02_T1,2025-08-12,2.580590837527524,3.0580518518136603,49.47044443768962,0.2733846002612044,low,-0.4774610142861362,landsat_gee,True
NSR-GRID-383,LC09_L2SP_176039_20250812_20250815_02_T1,2025-08-12,0.8379288663092765,1.2141540600135912,47.727782466471375,0.23609234924057065,low,-0.3762251937043146,landsat_gee,True
NSR-GRID-384,LC09_L2SP_176039_20250812_20250815_02_T1,2025-08-12,1.4250256817631524,1.0718753222256465,48.31487928192525,0.2175412785950623,low,0.35315035953750584,landsat_gee,True
NSR-GRID-385,LC09_L2SP_176039_20250812_20250815_02_T1,2025-08-12,2.5051868378753426,2.885416657003131,49.39504043803744,0.27246877126281893,low,-0.38022981912778864,landsat_gee,True
NSR-GRID-386,LC09_L2SP_176039_20250812_20250815_02_T1,2025-08-12,2.3685471229031734,2.4677805243391444,49.25840072306527,0.25554273455177884,low,-0.09923340143597104,landsat_gee,True
NSR-GRID-387,LC09_L2SP_176039_20250812_20250815_02_T1,2025-08-12,1.8522367711996492,2.2113130350079415,48.74209037136175,0.24778186880543826,low,-0.3590762638082923,landsat_gee,True
NSR-GRID-388,LC09_L2SP_176039_20250812_20250815_02_T1,2025-08-12,2.2718884359943914,2.084928198548753,49.16174203615649,0.25833994190198284,low,0.18696023744563828,landsat_gee,True
NSR-GRID-389,LC09_L2SP_176039_20250812_20250815_02_T1,2025-08-12,1.923684487807073,1.5413594555348986,48.81353808796917,0.2524050397524824,low,0.3823250322721743,landsat_gee,True
NSR-GRID-390,LC09_L2SP_176039_20250812_20250815_02_T1,2025-08-12,1.3948979521063194,1.1022677526777793,48.28475155226842,0.214395271874974,low,0.29263019942854007,landsat_gee,True
NSR-GRID-391,LC09_L2SP_176039_20250812_20250815_02_T1,2025-08-12,0.38881259771901,0.4064510683293094,47.27866619788111,0.19388484338838838,low,-0.017638470610299384,landsat_gee,True
NSR-GRID-392,LC09_L2SP_176039_20250812_20250815_02_T1,2025-08-12,1.1666962732788235,1.0548925256200694,48.05654987344092,0.23164785834643503,low,0.11180374765875412,landsat_gee,True
NSR-GRID-393,LC09_L2SP_176039_20250812_20250815_02_T1,2025-08-12,2.0533013882516755,2.2587113041398292,48.943154988413774,0.2532018033133229,low,-0.20540991588815372,landsat_gee,True
NSR-GRID-394,LC09_L2SP_176039_20250812_20250815_02_T1,2025-08-12,2.1015555441978293,2.2811869775732503,48.99140914435993,0.26455315750129993,low,-0.17963143337542098,landsat_gee,True
NSR-GRID-395,LC09_L2SP_176039_20250812_20250815_02_T1,2025-08-12,2.6027935123661834,2.873561741213456,49.49264711252828,0.2824210587211901,low,-0.2707682288472726,landsat_gee,True
NSR-GRID-396,LC09_L2SP_176039_20250812_20250815_02_T1,2025-08-12,2.171463906991264,2.122161825018223,49.06131750715336,0.27764087507646285,low,0.0493020819730412,landsat_gee,True
NSR-GRID-397,LC09_L2SP_176039_20250812_20250815_02_T1,2025-08-12,1.486241880287004,1.4176210786601746,48.3760954804491,0.2537285208440373,low,0.06862080162682949,landsat_gee,True
NSR-GRID-398,LC09_L2SP_176039_20250812_20250815_02_T1,2025-08-12,2.2519759643749357,2.269949880334874,49.14182956453703,0.2534371817200103,low,-0.017973915959938136,landsat_gee,True
NSR-GRID-399,LC09_L2SP_176039_20250812_20250815_02_T1,2025-08-12,1.4946599962390152,0.9041351196424502,48.38451359640111,0.21532071158903324,low,0.590524876596565,landsat_gee,True
NSR-GRID-400,LC09_L2SP_176039_20250812_20250815_02_T1,2025-08-12,-0.124623117021386,-0.10829844754041822,46.76523048314071,0.17793677210345932,low,-0.01632466948096778,landsat_gee,True
NSR-GRID-401,LC09_L2SP_176039_20250812_20250815_02_T1,2025-08-12,1.8805659200816291,2.3155380055024,48.77041952024373,0.25093025347220765,low,-0.4349720854207708,landsat_gee,True
NSR-GRID-402,LC09_L2SP_176039_20250812_20250815_02_T1,2025-08-12,2.127362322534644,2.2288078987288005,49.01721592269674,0.248310346390269,low,-0.1014455761941564,landsat_gee,True
NSR-GRID-403,LC09_L2SP_176039_20250812_20250815_02_T1,2025-08-12,1.977669797204463,2.1392980277731044,48.86752339736656,0.24560646934521477,low,-0.1616282305686414,landsat_gee,True
NSR-GRID-404,LC09_L2SP_176039_20250812_20250815_02_T1,2025-08-12,0.976871356831559,0.6396239400231702,47.86672495699366,0.20030493670266664,low,0.33724741680838877,landsat_gee,True
NSR-GRID-405,LC09_L2SP_176039_20250812_20250815_02_T1,2025-08-12,1.9036371748971987,2.208632461152919,48.7934907750593,0.2477008951425698,low,-0.30499528625572037,landsat_gee,True
NSR-GRID-406,LC09_L2SP_176039_20250812_20250815_02_T1,2025-08-12,-0.3485008574139883,-0.2957968466264957,46.54135274274811,0.1851662497391791,low,-0.052704010787492594,landsat_gee,True
NSR-GRID-407,LC09_L2SP_176039_20250812_20250815_02_T1,2025-08-12,0.3365274628431436,0.5489202329064488,47.22638106300524,0.22736740911372355,low,-0.21239277006330515,landsat_gee,True
NSR-GRID-408,LC09_L2SP_176039_20250812_20250815_02_T1,2025-08-12,0.98662377682642,1.3085888114793935,47.87647737698852,0.22051274999259352,low,-0.32196503465297355,landsat_gee,True
NSR-GRID-409,LC09_L2SP_176039_20250812_20250815_02_T1,2025-08-12,0.5366377359544643,0.968960823079978,47.42649133611656,0.2522092657747421,low,-0.4323230871255137,landsat_gee,True
NSR-GRID-410,LC09_L2SP_176039_20250812_20250815_02_T1,2025-08-12,0.3814114018453125,0.75635591749235,47.27126500200741,0.2042056948739979,low,-0.37494451564703746,landsat_gee,True
NSR-GRID-411,LC09_L2SP_176039_20250812_20250815_02_T1,2025-08-12,1.116699836195984,1.5080567786334456,48.00655343635808,0.23072516786178437,low,-0.39135694243746166,landsat_gee,True
NSR-GRID-413,LC09_L2SP_176039_20250812_20250815_02_T1,2025-08-12,0.8108033381694995,0.8723008388015082,47.7006569383316,0.23864753849980846,low,-0.06149750063200876,landsat_gee,True
NSR-GRID-414,LC09_L2SP_176039_20250812_20250815_02_T1,2025-08-12,0.771284046517188,0.9022623106418544,47.661137646679286,0.22512003987359547,low,-0.1309782641246664,landsat_gee,True
NSR-GRID-415,LC09_L2SP_176039_20250812_20250815_02_T1,2025-08-12,0.7746270539499847,1.0595442309036718,47.66448065411208,0.21298971462873786,low,-0.2849171769536871,landsat_gee,True
NSR-GRID-416,LC09_L2SP_176039_20250812_20250815_02_T1,2025-08-12,0.8656392561374204,1.0158544872155804,47.75549285629952,0.21178942048672186,low,-0.15021523107815993,landsat_gee,True
NSR-GRID-001,LC08_L2SP_176039_20250804_20250814_02_T1,2025-08-04,-4.449720525586066,-3.9185319767841493,43.58221299149197,0.3465960216403463,low,-0.531188548801917,landsat_gee,True
NSR-GRID-002,LC08_L2SP_176039_20250804_20250814_02_T1,2025-08-04,-4.166725858707267,-3.9741878891038622,43.86520765837077,0.3313875321588371,low,-0.1925379696034044,landsat_gee,True
NSR-GRID-003,LC08_L2SP_176039_20250804_20250814_02_T1,2025-08-04,-5.332017529399941,-4.445577548727829,42.6999159876781,0.2695606406096195,low,-0.8864399806721126,landsat_gee,True
NSR-GRID-004,LC08_L2SP_176039_20250804_20250814_02_T1,2025-08-04,-3.332486020554896,-2.8335828704684434,44.69944749652314,0.27815144513515083,low,-0.4989031500864525,landsat_gee,True
NSR-GRID-006,LC08_L2SP_176039_20250804_20250814_02_T1,2025-08-04,-4.105118789684177,-3.7609769199840044,43.92681472739386,0.37031006536046546,medium,-0.34414186970017235,landsat_gee,True
NSR-GRID-007,LC08_L2SP_176039_20250804_20250814_02_T1,2025-08-04,-3.969671923367997,-3.37170017099043,44.06226159371004,0.3399913781496263,low,-0.5979717523775672,landsat_gee,True
NSR-GRID-008,LC08_L2SP_176039_20250804_20250814_02_T1,2025-08-04,-4.440118572493176,-3.9031838872255302,43.59181494458486,0.34781682136319453,low,-0.5369346852676462,landsat_gee,True
NSR-GRID-009,LC08_L2SP_176039_20250804_20250814_02_T1,2025-08-04,-3.989006111499464,-3.6955206505172233,44.042927405578574,0.36958375529269366,medium,-0.2934854609822408,landsat_gee,True
NSR-GRID-010,LC08_L2SP_176039_20250804_20250814_02_T1,2025-08-04,-1.6704912423100708,-1.4077091519891827,46.36144227476797,0.32112092834460687,low,-0.2627820903208882,landsat_gee,True
NSR-GRID-011,LC08_L2SP_176039_20250804_20250814_02_T1,2025-08-04,-2.7293131958953154,-3.037190698464522,45.30262032118272,0.3497345638648289,low,0.30787750256920665,landsat_gee,True
NSR-GRID-012,LC08_L2SP_176039_20250804_20250814_02_T1,2025-08-04,0.2251370435187425,-0.6220832331606065,48.25707056059678,0.348019370685504,low,0.8472202766793491,landsat_gee,True
NSR-GRID-013,LC08_L2SP_176039_20250804_20250814_02_T1,2025-08-04,0.8464793772566992,0.04072340658676304,48.87841289433474,0.35414933591404496,medium,0.8057559706699362,landsat_gee,True
NSR-GRID-014,LC08_L2SP_176039_20250804_20250814_02_T1,2025-08-04,3.836950277776921,3.1198971584566664,51.86888379485496,0.36395363606748,medium,0.7170531193202545,landsat_gee,True
NSR-GRID-015,LC08_L2SP_176039_20250804_20250814_02_T1,2025-08-04,2.9648082871863224,1.9798337419609024,50.99674180426436,0.2940496078467599,low,0.9849745452254199,landsat_gee,True
NSR-GRID-016,LC08_L2SP_176039_20250804_20250814_02_T1,2025-08-04,-1.7901673120863322,-1.1813401336696794,46.241766204991706,0.2433540008556144,low,-0.6088271784166528,landsat_gee,True
NSR-GRID-017,LC08_L2SP_176039_20250804_20250814_02_T1,2025-08-04,-0.3721450093278378,-0.8304955252823392,47.6597885077502,0.27660285447997024,low,0.4583505159545014,landsat_gee,True
NSR-GRID-018,LC08_L2SP_176039_20250804_20250814_02_T1,2025-08-04,1.9782062720193068,2.054795160354165,50.010139789097344,0.31767154730891334,low,-0.07658888833485822,landsat_gee,True
NSR-GRID-019,LC08_L2SP_176039_20250804_20250814_02_T1,2025-08-04,0.556532451471405,-0.17851457577740748,48.58846596854944,0.3410814051954717,low,0.7350470272488124,landsat_gee,True
NSR-GRID-020,LC08_L2SP_176039_20250804_20250814_02_T1,2025-08-04,2.809079392649018,2.6896101270585984,50.841012909727056,0.2782462132866237,low,0.11946926559041948,landsat_gee,True
NSR-GRID-021,LC08_L2SP_176039_20250804_20250814_02_T1,2025-08-04,0.8878711028593287,0.24957806739105065,48.919804619937366,0.2735843151339425,low,0.6382930354682781,landsat_gee,True
NSR-GRID-022,LC08_L2SP_176039_20250804_20250814_02_T1,2025-08-04,0.6293602627019723,0.670897369008987,48.66129377978001,0.2853200380045896,low,-0.04153710630701468,landsat_gee,True
NSR-GRID-024,LC08_L2SP_176039_20250804_20250814_02_T1,2025-08-04,-2.324608014864445,-1.9941528669343827,45.70732550221359,0.34491164582328426,low,-0.33045514793006214,landsat_gee,True
NSR-GRID-025,LC08_L2SP_176039_20250804_20250814_02_T1,2025-08-04,-2.171705980024548,-1.5251061525162262,45.86022753705349,0.3387756069788566,low,-0.6465998275083218,landsat_gee,True
NSR-GRID-026,LC08_L2SP_176039_20250804_20250814_02_T1,2025-08-04,-2.4340585502820744,-2.2875422999024675,45.59787496679596,0.28068338682811506,low,-0.14651625037960692,landsat_gee,True
NSR-GRID-027,LC08_L2SP_176039_20250804_20250814_02_T1,2025-08-04,-2.8853977709846674,-2.78033418171596,45.14653574609337,0.32867091829050027,low,-0.10506358926870751,landsat_gee,True
NSR-GRID-028,LC08_L2SP_176039_20250804_20250814_02_T1,2025-08-04,-2.9983429714462844,-2.600646891700056,45.03359054563175,0.3732917876378069,medium,-0.39769607974622856,landsat_gee,True
NSR-GRID-029,LC08_L2SP_176039_20250804_20250814_02_T1,2025-08-04,-0.926537623990832,-1.4287811620767246,47.105395893087206,0.37265693226555835,medium,0.5022435380858926,landsat_gee,True
NSR-GRID-030,LC08_L2SP_176039_20250804_20250814_02_T1,2025-08-04,-0.2288593785612676,-1.0419015306510448,47.80307413851677,0.3527613957528396,medium,0.8130421520897773,landsat_gee,True
NSR-GRID-031,LC08_L2SP_176039_20250804_20250814_02_T1,2025-08-04,1.8020740799720087,0.48402573849468694,49.83400759705005,0.33125788161386693,low,1.3180483414773219,landsat_gee,True
NSR-GRID-032,LC08_L2SP_176039_20250804_20250814_02_T1,2025-08-04,1.895130239911765,0.9334689448022219,49.9270637569898,0.3807432837724644,medium,0.9616612951095432,landsat_gee,True
NSR-GRID-033,LC08_L2SP_176039_20250804_20250814_02_T1,2025-08-04,3.960875110996674,3.4698668019432963,51.99280862807471,0.33716405693296336,low,0.4910083090533779,landsat_gee,True
NSR-GRID-034,LC08_L2SP_176039_20250804_20250814_02_T1,2025-08-04,2.342275802246178,1.7534410642003362,50.374209319324216,0.31872978395243606,low,0.5888347380458416,landsat_gee,True
NSR-GRID-035,LC08_L2SP_176039_20250804_20250814_02_T1,2025-08-04,3.9074557552330447,2.7684786922818287,51.93938927231108,0.32301041192728397,low,1.138977062951216,landsat_gee,True
NSR-GRID-036,LC08_L2SP_176039_20250804_20250814_02_T1,2025-08-04,3.9906107930001866,3.0949445047747197,52.022544310078224,0.329912959051848,low,0.8956662882254669,landsat_gee,True
NSR-GRID-037,LC08_L2SP_176039_20250804_20250814_02_T1,2025-08-04,2.1278884880428564,2.139546496948888,50.159822005120894,0.3421241948769336,low,-0.011658008906031636,landsat_gee,True
NSR-GRID-038,LC08_L2SP_176039_20250804_20250814_02_T1,2025-08-04,2.594477623188425,2.642418764544887,50.62641114026646,0.36784327961690527,medium,-0.047941141356462325,landsat_gee,True
NSR-GRID-039,LC08_L2SP_176039_20250804_20250814_02_T1,2025-08-04,1.891025669966332,1.7859501776422422,49.92295918704437,0.3909851985996971,medium,0.10507549232408975,landsat_gee,True
NSR-GRID-040,LC08_L2SP_176039_20250804_20250814_02_T1,2025-08-04,1.065915685708184,1.152272169141502,49.09784920278622,0.38582487072338495,medium,-0.08635648343331814,landsat_gee,True
NSR-GRID-041,LC08_L2SP_176039_20250804_20250814_02_T1,2025-08-04,-3.062421347548039,-2.5183306122481395,44.96951216953,0.33343510823949407,low,-0.5440907352998994,landsat_gee,True
NSR-GRID-042,LC08_L2SP_176039_20250804_20250814_02_T1,2025-08-04,1.7728480950485306,1.8575027337391692,49.80478161212657,0.3249434780749667,low,-0.0846546386906386,landsat_gee,True
NSR-GRID-043,LC08_L2SP_176039_20250804_20250814_02_T1,2025-08-04,1.538430906439146,1.7509729718598368,49.570364423517184,0.3538171952517561,medium,-0.21254206542069087,landsat_gee,True
NSR-GRID-044,LC08_L2SP_176039_20250804_20250814_02_T1,2025-08-04,-1.155981607049107,-1.2178099488743939,46.87595191002893,0.4839865567607905,medium,0.06182834182528696,landsat_gee,True
NSR-GRID-045,LC08_L2SP_176039_20250804_20250814_02_T1,2025-08-04,2.119856956773169,1.518389141204552,50.15179047385121,0.26921369292568115,low,0.6014678155686171,landsat_gee,True
NSR-GRID-046,LC08_L2SP_176039_20250804_20250814_02_T1,2025-08-04,1.7554519035992726,1.6304097550809569,49.78738542067731,0.3575656426960947,medium,0.12504214851831574,landsat_gee,True
NSR-GRID-047,LC08_L2SP_176039_20250804_20250814_02_T1,2025-08-04,1.2449291015347157,1.658223921929117,49.27686261861275,0.24577917088728812,low,-0.41329482039440135,landsat_gee,True
NSR-GRID-048,LC08_L2SP_176039_20250804_20250814_02_T1,2025-08-04,2.7278480254322943,2.2703659106017335,50.75978154251033,0.41292500463402726,medium,0.4574821148305608,landsat_gee,True
NSR-GRID-049,LC08_L2SP_176039_20250804_20250814_02_T1,2025-08-04,1.9251008664570293,1.4568192080185682,49.95703438353507,0.2476127189592886,low,0.46828165843846103,landsat_gee,True
NSR-GRID-050,LC08_L2SP_176039_20250804_20250814_02_T1,2025-08-04,2.238214803042069,1.8378635192572814,50.27014832012011,0.3762775943161987,medium,0.40035128378478757,landsat_gee,True
NSR-GRID-051,LC08_L2SP_176039_20250804_20250814_02_T1,2025-08-04,0.8047119745771525,0.6261747566194331,48.83664549165519,0.20865393281004044,low,0.17853721795771937,landsat_gee,True
NSR-GRID-052,LC08_L2SP_176039_20250804_20250814_02_T1,2025-08-04,-3.8284179917178074,-3.6682347379770057,44.20351552536023,0.30563330471094535,low,-0.16018325374080167,landsat_gee,True
NSR-GRID-053,LC08_L2SP_176039_20250804_20250814_02_T1,2025-08-04,1.1605350744580036,0.8116457662706785,49.19246859153604,0.22453944967497594,low,0.3488893081873251,landsat_gee,True
NSR-GRID-054,LC08_L2SP_176039_20250804_20250814_02_T1,2025-08-04,-4.149094160302035,-3.5781358051434013,43.882839356776,0.33240221980268425,low,-0.5709583551586332,landsat_gee,True
NSR-GRID-055,LC08_L2SP_176039_20250804_20250814_02_T1,2025-08-04,-2.234792852448414,-1.5066669485439939,45.79714066462962,0.3132993550168864,low,-0.7281259039044203,landsat_gee,True
NSR-GRID-056,LC08_L2SP_176039_20250804_20250814_02_T1,2025-08-04,-0.0029298677486693,0.11700236421149035,48.02900364932937,0.35499145122507336,medium,-0.11993223196015965,landsat_gee,True
NSR-GRID-057,LC08_L2SP_176039_20250804_20250814_02_T1,2025-08-04,-1.11566368125267,-0.9306384424562303,46.91626983582537,0.3489244140925327,low,-0.18502523879643962,landsat_gee,True
NSR-GRID-058,LC08_L2SP_176039_20250804_20250814_02_T1,2025-08-04,-2.333055765332695,-2.0685861923822095,45.69887775174534,0.3343978656348554,low,-0.26446957295048534,landsat_gee,True
NSR-GRID-059,LC08_L2SP_176039_20250804_20250814_02_T1,2025-08-04,-1.0309230415213548,-1.1505398166859284,47.00101047555668,0.35518917266501254,medium,0.11961677516457359,landsat_gee,True
NSR-GRID-060,LC08_L2SP_176039_20250804_20250814_02_T1,2025-08-04,-0.0285311766559956,-0.7213690589412942,48.00340234042204,0.37603636847671074,medium,0.6928378822852986,landsat_gee,True
NSR-GRID-061,LC08_L2SP_176039_20250804_20250814_02_T1,2025-08-04,2.8348062945262456,1.7341550620932624,50.86673981160428,0.304377717171937,low,1.1006512324329831,landsat_gee,True
NSR-GRID-062,LC08_L2SP_176039_20250804_20250814_02_T1,2025-08-04,1.7015675786696107,1.1320965541691452,49.73350109574765,0.32199980497221503,low,0.5694710245004655,landsat_gee,True
NSR-GRID-063,LC08_L2SP_176039_20250804_20250814_02_T1,2025-08-04,2.434505526863901,2.2125823682799597,50.46643904394194,0.35629303633259496,medium,0.2219231585839414,landsat_gee,True
NSR-GRID-064,LC08_L2SP_176039_20250804_20250814_02_T1,2025-08-04,0.604156064086979,1.2627160565391056,48.63608958116502,0.3414496962691279,low,-0.6585599924521266,landsat_gee,True
NSR-GRID-065,LC08_L2SP_176039_20250804_20250814_02_T1,2025-08-04,-1.5505110011495518,-1.1844270545567854,46.481422515928486,0.40232963931472426,medium,-0.36608394659276633,landsat_gee,True
NSR-GRID-066,LC08_L2SP_176039_20250804_20250814_02_T1,2025-08-04,2.946635410032968,2.6417511317716227,50.978568927111006,0.3160138059830907,low,0.30488427826134545,landsat_gee,True
NSR-GRID-067,LC08_L2SP_176039_20250804_20250814_02_T1,2025-08-04,1.953802466646657,1.960225311427785,49.985735983724695,0.32000675578708615,low,-0.00642284478112809,landsat_gee,True
NSR-GRID-068,LC08_L2SP_176039_20250804_20250814_02_T1,2025-08-04,-0.8915213295757525,-0.9467547281613471,47.140412187502285,0.49140727305405557,medium,0.05523339858559462,landsat_gee,True
NSR-GRID-069,LC08_L2SP_176039_20250804_20250814_02_T1,2025-08-04,-0.3558259430513502,-0.32738961545780954,47.67610757402669,0.3875773286085901,medium,-0.028436327593540645,landsat_gee,True
NSR-GRID-070,LC08_L2SP_176039_20250804_20250814_02_T1,2025-08-04,1.853775926437116,1.6835615311478398,49.885709443515154,0.34142128420500656,low,0.1702143952892763,landsat_gee,True
NSR-GRID-071,LC08_L2SP_176039_20250804_20250814_02_T1,2025-08-04,1.9086135280198209,1.8230789299777626,49.94054704509786,0.3327907735905783,low,0.08553459804205832,landsat_gee,True
NSR-GRID-072,LC08_L2SP_176039_20250804_20250814_02_T1,2025-08-04,1.4423637340819797,1.4961997210152858,49.47429725116002,0.25056839885144444,low,-0.053835986933306046,landsat_gee,True
NSR-GRID-073,LC08_L2SP_176039_20250804_20250814_02_T1,2025-08-04,1.6311257837154045,1.370616937749194,49.66305930079344,0.2653939012420503,low,0.2605088459662106,landsat_gee,True
NSR-GRID-074,LC08_L2SP_176039_20250804_20250814_02_T1,2025-08-04,2.015734579338236,1.3997979303468702,50.047668096416274,0.2437481986075743,low,0.615936648991366,landsat_gee,True
NSR-GRID-075,LC08_L2SP_176039_20250804_20250814_02_T1,2025-08-04,2.0037627529119604,1.2018181737061917,50.03569626999,0.26083304460838214,low,0.8019445792057687,landsat_gee,True
NSR-GRID-076,LC08_L2SP_176039_20250804_20250814_02_T1,2025-08-04,0.8838314845034105,0.8664748661949133,48.91576500158145,0.24762022285989538,low,0.017356618308497218,landsat_gee,True
NSR-GRID-077,LC08_L2SP_176039_20250804_20250814_02_T1,2025-08-04,-0.7526456909696009,-0.5703373786771452,47.27928782610844,0.17906035156949393,low,-0.1823083122924557,landsat_gee,True
NSR-GRID-079,LC08_L2SP_176039_20250804_20250814_02_T1,2025-08-04,0.0,0.3469038675554969,48.03193351707804,0.23054290777103847,low,-0.3469038675554969,landsat_gee,True
NSR-GRID-080,LC08_L2SP_176039_20250804_20250814_02_T1,2025-08-04,-3.86930437914711,-3.598239831028623,44.16262913793093,0.2949930071325786,low,-0.27106454811848657,landsat_gee,True
NSR-GRID-081,LC08_L2SP_176039_20250804_20250814_02_T1,2025-08-04,0.5694089733006749,0.48740145122204026,48.60134249037871,0.24282508828417493,low,0.0820075220786346,landsat_gee,True
NSR-GRID-082,LC08_L2SP_176039_20250804_20250814_02_T1,2025-08-04,-1.6871910215603592,-1.3115962222702013,46.34474249551768,0.36253602341618596,medium,-0.3755947992901578,landsat_gee,True
NSR-GRID-083,LC08_L2SP_176039_20250804_20250814_02_T1,2025-08-04,-0.340196333971221,-0.31332842047130477,47.69173718310682,0.36435182315726233,medium,-0.02686791349991624,landsat_gee,True
NSR-GRID-084,LC08_L2SP_176039_20250804_20250814_02_T1,2025-08-04,0.5795337344276348,0.4757226853338151,48.61146725150567,0.37835442316831425,medium,0.10381104909381966,landsat_gee,True
NSR-GRID-085,LC08_L2SP_176039_20250804_20250814_02_T1,2025-08-04,-1.1831087180617956,-1.1413472670420473,46.84882479901624,0.3885539775407853,medium,-0.041761451019748375,landsat_gee,True
NSR-GRID-086,LC08_L2SP_176039_20250804_20250814_02_T1,2025-08-04,-1.0289258963830434,-1.216072515482366,47.003007620694994,0.3698962074268546,medium,0.1871466190993225,landsat_gee,True
NSR-GRID-087,LC08_L2SP_176039_20250804_20250814_02_T1,2025-08-04,-1.6509841236224505,-1.6412079740238987,46.38094939345559,0.36533612350073846,medium,-0.009776149598551775,landsat_gee,True
NSR-GRID-088,LC08_L2SP_176039_20250804_20250814_02_T1,2025-08-04,0.3186102386904537,-0.21356648979228804,48.35054375576849,0.3846819728895092,medium,0.5321767284827417,landsat_gee,True
NSR-GRID-089,LC08_L2SP_176039_20250804_20250814_02_T1,2025-08-04,-0.970588399763507,-1.132204210929234,47.06134511731453,0.32340588784391594,low,0.1616158111657271,landsat_gee,True
NSR-GRID-090,LC08_L2SP_176039_20250804_20250814_02_T1,2025-08-04,0.0936953731967591,0.4647898297760387,48.1256288902748,0.3182464396924565,low,-0.37109445657927964,landsat_gee,True
NSR-GRID-091,LC08_L2SP_176039_20250804_20250814_02_T1,2025-08-04,0.4822969724659316,1.2044814199679634,48.51423048954397,0.3441978762431656,low,-0.7221844475020318,landsat_gee,True
NSR-GRID-092,LC08_L2SP_176039_20250804_20250814_02_T1,2025-08-04,-2.282573231860248,-1.81824029797684,45.74936028521779,0.4155803659839014,medium,-0.4643329338834081,landsat_gee,True
NSR-GRID-093,LC08_L2SP_176039_20250804_20250814_02_T1,2025-08-04,-0.8638953567305521,-0.5198887815092313,47.168038160347486,0.3855618166563518,medium,-0.3440065752213207,landsat_gee,True
NSR-GRID-094,LC08_L2SP_176039_20250804_20250814_02_T1,2025-08-04,-2.289709781283129,-1.5731092534606732,45.74222373579491,0.39477051060823154,medium,-0.7166005278224559,landsat_gee,True
NSR-GRID-095,LC08_L2SP_176039_20250804_20250814_02_T1,2025-08-04,-0.1316539853019591,-0.036630767969589154,47.90027953177608,0.3884327618538011,medium,-0.09502321733236994,landsat_gee,True
NSR-GRID-096,LC08_L2SP_176039_20250804_20250814_02_T1,2025-08-04,-0.0291364065708705,-0.6812341122122102,48.00279711050717,0.442382885784407,medium,0.6520977056413397,landsat_gee,True
NSR-GRID-097,LC08_L2SP_176039_20250804_20250814_02_T1,2025-08-04,-0.2758007747382507,-0.3374841629416183,47.75613274233979,0.31284593829438045,low,0.061683388203367606,landsat_gee,True
NSR-GRID-098,LC08_L2SP_176039_20250804_20250814_02_T1,2025-08-04,-1.1665160836048756,-0.8962170261058621,46.86541743347316,0.31401060496647604,low,-0.2702990574990135,landsat_gee,True
NSR-GRID-099,LC08_L2SP_176039_20250804_20250814_02_T1,2025-08-04,-1.4254776830889495,-1.319779218106463,46.60645583398909,0.2777708893059239,low,-0.10569846498248658,landsat_gee,True
NSR-GRID-100,LC08_L2SP_176039_20250804_20250814_02_T1,2025-08-04,-1.831262362277528,-1.635818078388766,46.20067115480051,0.19779301323156373,low,-0.195444283888762,landsat_gee,True
NSR-GRID-101,LC08_L2SP_176039_20250804_20250814_02_T1,2025-08-04,-1.033820905600578,-1.2312285295555563,46.99811261147746,0.16569961520807427,low,0.19740762395497824,landsat_gee,True
NSR-GRID-102,LC08_L2SP_176039_20250804_20250814_02_T1,2025-08-04,1.9653862637165105,0.9245371533861559,49.99731978079455,0.20978184180527606,low,1.0408491103303545,landsat_gee,True
NSR-GRID-103,LC08_L2SP_176039_20250804_20250814_02_T1,2025-08-04,0.3182347991454435,0.4728999609665164,48.35016831622348,0.23457883073839414,low,-0.15466516182107287,landsat_gee,True
NSR-GRID-104,LC08_L2SP_176039_20250804_20250814_02_T1,2025-08-04,1.386444792309021,1.4992024296763993,49.41837830938706,0.24366994046701748,low,-0.1127576373673782,landsat_gee,True
NSR-GRID-105,LC08_L2SP_176039_20250804_20250814_02_T1,2025-08-04,-3.892888400614666,-3.2231208194040444,44.13904511646337,0.2930101728904749,low,-0.6697675812106216,landsat_gee,True
NSR-GRID-106,LC08_L2SP_176039_20250804_20250814_02_T1,2025-08-04,0.2848262172319309,0.3060124085928265,48.31675973430997,0.22160276151325584,low,-0.021186191360895612,landsat_gee,True
NSR-GRID-107,LC08_L2SP_176039_20250804_20250814_02_T1,2025-08-04,-2.893449352419907,-2.6942074183859708,45.13848416465813,0.36569791687262937,medium,-0.1992419340339362,landsat_gee,True
NSR-GRID-108,LC08_L2SP_176039_20250804_20250814_02_T1,2025-08-04,-3.011480431866431,-2.754917434265198,45.02045308521161,0.34700349989418283,low,-0.25656299760123336,landsat_gee,True
NSR-GRID-109,LC08_L2SP_176039_20250804_20250814_02_T1,2025-08-04,-3.462033165498937,-3.364074433310615,44.5699003515791,0.36269888261677674,medium,-0.09795873218832218,landsat_gee,True
NSR-GRID-110,LC08_L2SP_176039_20250804_20250814_02_T1,2025-08-04,-3.0662433680594674,-2.9926135066048496,44.96569014901857,0.3622100479423387,medium,-0.0736298614546178,landsat_gee,True
NSR-GRID-111,LC08_L2SP_176039_20250804_20250814_02_T1,2025-08-04,-2.777733135760542,-3.105554892764529,45.254200381317496,0.35805660792841076,medium,0.3278217570039872,landsat_gee,True
NSR-GRID-112,LC08_L2SP_176039_20250804_20250814_02_T1,2025-08-04,-1.9235629878509144,-2.0936062935843287,46.10837052922712,0.4196936153599239,medium,0.1700433057334143,landsat_gee,True
NSR-GRID-113,LC08_L2SP_176039_20250804_20250814_02_T1,2025-08-04,-3.694284685986872,-3.810306867807568,44.337648831091165,0.3385533360982449,low,0.11602218182069635,landsat_gee,True
NSR-GRID-114,LC08_L2SP_176039_20250804_20250814_02_T1,2025-08-04,-3.943223997376663,-3.698839811063128,44.088709519701375,0.3512823375057855,medium,-0.24438418631353498,landsat_gee,True
NSR-GRID-115,LC08_L2SP_176039_20250804_20250814_02_T1,2025-08-04,-2.359839064597047,-1.8094881459587038,45.67209445248099,0.37046418175947404,medium,-0.5503509186383431,landsat_gee,True
NSR-GRID-116,LC08_L2SP_176039_20250804_20250814_02_T1,2025-08-04,0.2625416689213438,0.5792983049860194,48.29447518599938,0.3707050244314054,medium,-0.31675663606467563,landsat_gee,True
NSR-GRID-117,LC08_L2SP_176039_20250804_20250814_02_T1,2025-08-04,0.7798466138330156,0.943776029179432,48.81178013091105,0.29573426052712776,low,-0.16392941534641647,landsat_gee,True
NSR-GRID-118,LC08_L2SP_176039_20250804_20250814_02_T1,2025-08-04,-0.7357437151054071,-0.5254240461893681,47.29618980197263,0.2963895152473585,low,-0.21031966891603904,landsat_gee,True
NSR-GRID-119,LC08_L2SP_176039_20250804_20250814_02_T1,2025-08-04,-5.034259344923406,-4.42860975207394,42.99767417215463,0.4514346522295849,medium,-0.6056495928494661,landsat_gee,True
NSR-GRID-120,LC08_L2SP_176039_20250804_20250814_02_T1,2025-08-04,-3.817509106432474,-3.79750404561599,44.21442441064556,0.48993313301469216,medium,-0.02000506081648412,landsat_gee,True
NSR-GRID-121,LC08_L2SP_176039_20250804_20250814_02_T1,2025-08-04,-0.7921350637306759,-1.15330941453864,47.23979845334736,0.45173895771679046,medium,0.3611743508079641,landsat_gee,True
NSR-GRID-122,LC08_L2SP_176039_20250804_20250814_02_T1,2025-08-04,-0.9217834874731068,-1.04541713340091,47.11015002960493,0.33923640000677274,low,0.12363364592780313,landsat_gee,True
NSR-GRID-123,LC08_L2SP_176039_20250804_20250814_02_T1,2025-08-04,-1.3684050998527155,-1.029005560802995,46.66352841722532,0.34930983413181077,low,-0.3393995390497204,landsat_gee,True
NSR-GRID-124,LC08_L2SP_176039_20250804_20250814_02_T1,2025-08-04,-1.3564673110229606,-1.294851670921167,46.67546620605508,0.3189575198389393,low,-0.061615640101793545,landsat_gee,True
NSR-GRID-125,LC08_L2SP_176039_20250804_20250814_02_T1,2025-08-04,-1.69415815612075,-1.9709729230689184,46.33777536095729,0.18493600641750196,low,0.2768147669481684,landsat_gee,True
NSR-GRID-126,LC08_L2SP_176039_20250804_20250814_02_T1,2025-08-04,1.1781899268514806,0.7545370945421155,49.21012344392952,0.2254948000746417,low,0.4236528323093651,landsat_gee,True
NSR-GRID-127,LC08_L2SP_176039_20250804_20250814_02_T1,2025-08-04,2.140603585338709,1.4376160156315891,50.17253710241675,0.2341418425110128,low,0.70298756970712,landsat_gee,True
NSR-GRID-128,LC08_L2SP_176039_20250804_20250814_02_T1,2025-08-04,-4.0814730903841365,-2.433114184328957,43.9504604266939,0.22673559337131002,low,-1.6483589060551793,landsat_gee,True
NSR-GRID-129,LC08_L2SP_176039_20250804_20250814_02_T1,2025-08-04,-0.316064932874184,0.1104774742074362,47.715868584203854,0.2355532618132794,low,-0.4265424070816202,landsat_gee,True
NSR-GRID-130,LC08_L2SP_176039_20250804_20250814_02_T1,2025-08-04,-3.383140759088377,-2.5309470115706505,44.64879275798966,0.357844260009964,medium,-0.8521937475177266,landsat_gee,True
NSR-GRID-131,LC08_L2SP_176039_20250804_20250814_02_T1,2025-08-04,-1.221214363625755,-1.0529105245794954,46.81071915345228,0.19505923994294921,low,-0.16830383904625967,landsat_gee,True
NSR-GRID-132,LC08_L2SP_176039_20250804_20250814_02_T1,2025-08-04,-4.3415731564993365,-3.6773538965040418,43.6903603605787,0.3469936451866284,low,-0.6642192599952947,landsat_gee,True
NSR-GRID-133,LC08_L2SP_176039_20250804_20250814_02_T1,2025-08-04,-3.8932889634214254,-3.5214206278587517,44.13864455365661,0.3615704627818502,medium,-0.37186833556267374,landsat_gee,True
NSR-GRID-134,LC08_L2SP_176039_20250804_20250814_02_T1,2025-08-04,-3.291180498919431,-2.7156910612358582,44.74075301815861,0.3669952619120342,medium,-0.5754894376835726,landsat_gee,True
NSR-GRID-135,LC08_L2SP_176039_20250804_20250814_02_T1,2025-08-04,-2.5040148238523656,-2.767326927618408,45.52791869322567,0.3548583325862356,medium,0.2633121037660424,landsat_gee,True
NSR-GRID-136,LC08_L2SP_176039_20250804_20250814_02_T1,2025-08-04,-2.569021416369935,-3.03742842504259,45.4629121007081,0.2421400969931552,low,0.4684070086726546,landsat_gee,True
NSR-GRID-137,LC08_L2SP_176039_20250804_20250814_02_T1,2025-08-04,-3.183154042603995,-3.2470072449391116,44.84877947447404,0.3511082469592938,medium,0.0638532023351166,landsat_gee,True
NSR-GRID-138,LC08_L2SP_176039_20250804_20250814_02_T1,2025-08-04,-3.9368834922947897,-3.572562003560687,44.09505002478325,0.3428995539907898,low,-0.36432148873410286,landsat_gee,True
NSR-GRID-139,LC08_L2SP_176039_20250804_20250814_02_T1,2025-08-04,-2.7458937218506847,-2.109414267015238,45.28603979522735,0.38230364970443664,medium,-0.6364794548354467,landsat_gee,True
NSR-GRID-140,LC08_L2SP_176039_20250804_20250814_02_T1,2025-08-04,2.177015788422999,2.2132714867230905,50.20894930550104,0.2775930540144273,low,-0.03625569830009168,landsat_gee,True
NSR-GRID-141,LC08_L2SP_176039_20250804_20250814_02_T1,2025-08-04,3.2056123536929637,2.61596257372447,51.237545870771,0.26040307399761237,low,0.5896497799684939,landsat_gee,True
NSR-GRID-142,LC08_L2SP_176039_20250804_20250814_02_T1,2025-08-04,-1.2408893199477902,-1.11960078586831,46.79104419713025,0.28974203650286223,low,-0.12128853407948026,landsat_gee,True
NSR-GRID-143,LC08_L2SP_176039_20250804_20250814_02_T1,2025-08-04,-3.9498677492919256,-2.616227627469929,44.08206576778611,0.41422155310524583,medium,-1.3336401218219964,landsat_gee,True
NSR-GRID-144,LC08_L2SP_176039_20250804_20250814_02_T1,2025-08-04,-4.411423546403313,-3.9451709422310772,43.620509970674725,0.46260210286453085,medium,-0.4662526041722357,landsat_gee,True
NSR-GRID-145,LC08_L2SP_176039_20250804_20250814_02_T1,2025-08-04,-1.6164503369145962,-1.6979928651258958,46.41548318016344,0.4298305891548926,medium,0.08154252821129959,landsat_gee,True
NSR-GRID-146,LC08_L2SP_176039_20250804_20250814_02_T1,2025-08-04,-0.8016540966518519,-0.9730758264300685,47.230279420426186,0.3259121493071294,low,0.17142172977821657,landsat_gee,True
NSR-GRID-147,LC08_L2SP_176039_20250804_20250814_02_T1,2025-08-04,-0.9716717605994988,-0.8792437473435883,47.06026175647854,0.33153542602744723,low,-0.09242801325591044,landsat_gee,True
NSR-GRID-148,LC08_L2SP_176039_20250804_20250814_02_T1,2025-08-04,-1.397191984525236,-1.0442782334419298,46.6347415325528,0.28665227638844426,low,-0.35291375108330625,landsat_gee,True
NSR-GRID-149,LC08_L2SP_176039_20250804_20250814_02_T1,2025-08-04,-2.822521457664529,-2.3473349856949586,45.20941205941351,0.3096324287494505,low,-0.4751864719695704,landsat_gee,True
NSR-GRID-150,LC08_L2SP_176039_20250804_20250814_02_T1,2025-08-04,-2.8543983846100645,-2.797321263835115,45.17753513246797,0.2402662611869228,low,-0.05707712077494964,landsat_gee,True
NSR-GRID-151,LC08_L2SP_176039_20250804_20250814_02_T1,2025-08-04,-1.4230211647949744,-0.8846079069821375,46.60891235228306,0.20393127765888017,low,-0.5384132578128369,landsat_gee,True
NSR-GRID-152,LC08_L2SP_176039_20250804_20250814_02_T1,2025-08-04,-2.796435179263298,-1.8842067993633371,45.23549833781474,0.35693738423817545,medium,-0.9122283798999611,landsat_gee,True
NSR-GRID-153,LC08_L2SP_176039_20250804_20250814_02_T1,2025-08-04,-3.739079507468176,-3.1397486571624045,44.29285400960986,0.37214654511561746,medium,-0.5993308503057717,landsat_gee,True
NSR-GRID-154,LC08_L2SP_176039_20250804_20250814_02_T1,2025-08-04,-3.468892196295279,-3.306384312566047,44.56304132078276,0.355938359002107,medium,-0.1625078837292322,landsat_gee,True
NSR-GRID-155,LC08_L2SP_176039_20250804_20250814_02_T1,2025-08-04,-4.002833850686457,-3.718896610553395,44.02909966639158,0.3577322009485286,medium,-0.2839372401330622,landsat_gee,True
NSR-GRID-156,LC08_L2SP_176039_20250804_20250814_02_T1,2025-08-04,-3.66770325260687,-3.896349581363419,44.36423026447117,0.34316760499668064,low,0.228646328756549,landsat_gee,True
NSR-GRID-157,LC08_L2SP_176039_20250804_20250814_02_T1,2025-08-04,-3.065902368354685,-3.2834627129167107,44.96603114872335,0.3272750009898667,low,0.21756034456202578,landsat_gee,True
NSR-GRID-158,LC08_L2SP_176039_20250804_20250814_02_T1,2025-08-04,-3.42361855510314,-3.5968152251484695,44.6083149619749,0.3571248736698199,medium,0.17319667004532935,landsat_gee,True
NSR-GRID-159,LC08_L2SP_176039_20250804_20250814_02_T1,2025-08-04,-3.3561054563323296,-3.5240210148267326,44.67582806074571,0.36155080777025767,medium,0.16791555849440298,landsat_gee,True
NSR-GRID-160,LC08_L2SP_176039_20250804_20250814_02_T1,2025-08-04,-2.9629162270600204,-2.75554005639684,45.06901729001802,0.4071290371302003,medium,-0.20737617066318048,landsat_gee,True
NSR-GRID-161,LC08_L2SP_176039_20250804_20250814_02_T1,2025-08-04,-1.2798892065150866,-1.023327078906022,46.75204431056295,0.3806445304046665,medium,-0.2565621276090646,landsat_gee,True
NSR-GRID-162,LC08_L2SP_176039_20250804_20250814_02_T1,2025-08-04,0.1998093786761643,-0.25048976204325724,48.2317428957542,0.3413606011714897,low,0.45029914071942156,landsat_gee,True
NSR-GRID-163,LC08_L2SP_176039_20250804_20250814_02_T1,2025-08-04,-1.3372613646170493,-0.9085702971033037,46.69467215246099,0.3867722415066007,medium,-0.4286910675137455,landsat_gee,True
NSR-GRID-164,LC08_L2SP_176039_20250804_20250814_02_T1,2025-08-04,-3.035609500657408,-1.9335951611094568,44.99632401642063,0.374906530259984,medium,-1.1020143395479511,landsat_gee,True
NSR-GRID-165,LC08_L2SP_176039_20250804_20250814_02_T1,2025-08-04,-4.246896365949908,-3.5649338900381986,43.78503715112813,0.47607851283355485,medium,-0.6819624759117096,landsat_gee,True
NSR-GRID-166,LC08_L2SP_176039_20250804_20250814_02_T1,2025-08-04,-1.4988443829099651,-1.7409769352081566,46.53308913416807,0.4426406238988351,medium,0.24213255229819142,landsat_gee,True
NSR-GRID-167,LC08_L2SP_176039_20250804_20250814_02_T1,2025-08-04,-0.945403352546677,-0.9947998068634112,47.08653016453136,0.3531414470694632,medium,0.04939645431673423,landsat_gee,True
NSR-GRID-168,LC08_L2SP_176039_20250804_20250814_02_T1,2025-08-04,-0.711505423766873,-0.911331350943092,47.320428093311165,0.34406949128570385,low,0.19982592717621905,landsat_gee,True
NSR-GRID-169,LC08_L2SP_176039_20250804_20250814_02_T1,2025-08-04,-1.3602143794259405,-1.226287920073977,46.6717191376521,0.3156808620819687,low,-0.13392645935196357,landsat_gee,True
NSR-GRID-170,LC08_L2SP_176039_20250804_20250814_02_T1,2025-08-04,-2.005482545633086,-0.745195165115527,46.02645097144495,0.28502339275091326,low,-1.2602873805175592,landsat_gee,True
NSR-GRID-171,LC08_L2SP_176039_20250804_20250814_02_T1,2025-08-04,-1.8078795060297352,-0.819829280343708,46.2240540110483,0.2040461727890268,low,-0.9880502256860273,landsat_gee,True
NSR-GRID-172,LC08_L2SP_176039_20250804_20250814_02_T1,2025-08-04,-1.5015280135119653,-0.4990492472104174,46.53040550356607,0.1682216627855223,low,-1.002478766301548,landsat_gee,True
NSR-GRID-173,LC08_L2SP_176039_20250804_20250814_02_T1,2025-08-04,0.005801171544725,0.5039018505162995,48.03773468862276,0.22949105383030266,low,-0.49810067897157456,landsat_gee,True
NSR-GRID-174,LC08_L2SP_176039_20250804_20250814_02_T1,2025-08-04,-1.7627032159132696,-1.3081201076633604,46.26923030116477,0.3089601880601851,low,-0.4545831082499092,landsat_gee,True
NSR-GRID-175,LC08_L2SP_176039_20250804_20250814_02_T1,2025-08-04,-3.715134515900957,-3.3817958762010716,44.31679900117708,0.34795094272686256,low,-0.3333386396998854,landsat_gee,True
NSR-GRID-176,LC08_L2SP_176039_20250804_20250814_02_T1,2025-08-04,-3.4467708440361946,-3.2621411936882656,44.58516267304184,0.33371700491425516,low,-0.184629650347929,landsat_gee,True
NSR-GRID-177,LC08_L2SP_176039_20250804_20250814_02_T1,2025-08-04,-3.1009539260171977,-3.043066481046298,44.93097959106084,0.3507190170277347,medium,-0.057887444970899704,landsat_gee,True
NSR-GRID-178,LC08_L2SP_176039_20250804_20250814_02_T1,2025-08-04,-2.785585252817583,-3.0265982747365014,45.246348264260455,0.3553982499586464,medium,0.24101302191891838,landsat_gee,True
NSR-GRID-179,LC08_L2SP_176039_20250804_20250814_02_T1,2025-08-04,-2.70616759577495,-3.3336696905300522,45.32576592130309,0.3432019474623491,low,0.6275020947551022,landsat_gee,True
NSR-GRID-180,LC08_L2SP_176039_20250804_20250814_02_T1,2025-08-04,-3.121860309174707,-3.3335362049417023,44.91007320790333,0.3407880251213956,low,0.2116758957669953,landsat_gee,True
NSR-GRID-181,LC08_L2SP_176039_20250804_20250814_02_T1,2025-08-04,-2.4237807521119024,-2.603114280640148,45.608152764966135,0.3666651391181616,medium,0.1793335285282458,landsat_gee,True
NSR-GRID-182,LC08_L2SP_176039_20250804_20250814_02_T1,2025-08-04,-2.6452316300486345,-2.394991848261067,45.3867018870294,0.3867409796636491,medium,-0.25023978178756767,landsat_gee,True
NSR-GRID-183,LC08_L2SP_176039_20250804_20250814_02_T1,2025-08-04,-1.591024019996361,-1.5621870186952578,46.44090949708168,0.38765895930730043,medium,-0.028837001301103227,landsat_gee,True
NSR-GRID-184,LC08_L2SP_176039_20250804_20250814_02_T1,2025-08-04,-1.4681349731473787,-1.4709431635388732,46.56379854393066,0.38912284502587474,medium,0.0028081903914944917,landsat_gee,True
NSR-GRID-185,LC08_L2SP_176039_20250804_20250814_02_T1,2025-08-04,-1.4503597867615667,-1.026403546707073,46.58157373031647,0.3465162756490665,low,-0.42395624005449384,landsat_gee,True
NSR-GRID-186,LC08_L2SP_176039_20250804_20250814_02_T1,2025-08-04,-1.5353172562640367,-1.5878067305081283,46.496616260814,0.41235736532283285,medium,0.05248947424409156,landsat_gee,True
NSR-GRID-187,LC08_L2SP_176039_20250804_20250814_02_T1,2025-08-04,-1.7390134795083512,-1.8420560215680486,46.29292003756969,0.46071423195217126,medium,0.10304254205969743,landsat_gee,True
NSR-GRID-188,LC08_L2SP_176039_20250804_20250814_02_T1,2025-08-04,-1.945310572578251,-2.049183009573638,46.08662294449979,0.4291128396049422,medium,0.10387243699538717,landsat_gee,True
NSR-GRID-189,LC08_L2SP_176039_20250804_20250814_02_T1,2025-08-04,-2.7569164490001583,-2.7834053713202396,45.27501706807788,0.4319614476286574,medium,0.026488922320081265,landsat_gee,True
NSR-GRID-190,LC08_L2SP_176039_20250804_20250814_02_T1,2025-08-04,-2.743144038173781,-2.466317436079334,45.288789478904256,0.35655698669407865,medium,-0.276826602094447,landsat_gee,True
NSR-GRID-191,LC08_L2SP_176039_20250804_20250814_02_T1,2025-08-04,-1.768443332352348,-1.7560897530684392,46.26349018472569,0.30671551086242055,low,-0.0123535792839089,landsat_gee,True
NSR-GRID-192,LC08_L2SP_176039_20250804_20250814_02_T1,2025-08-04,0.0563074679705124,0.3123697314734859,48.08824098504855,0.22085930805589157,low,-0.2560622635029735,landsat_gee,True
NSR-GRID-193,LC08_L2SP_176039_20250804_20250814_02_T1,2025-08-04,-1.028547846152513,-0.6125177716478232,47.003385670925525,0.36587863567319007,medium,-0.4160300745046899,landsat_gee,True
NSR-GRID-194,LC08_L2SP_176039_20250804_20250814_02_T1,2025-08-04,0.0270630361594044,0.4203408423401414,48.05899655323744,0.2651102368131675,low,-0.393277806180737,landsat_gee,True
NSR-GRID-195,LC08_L2SP_176039_20250804_20250814_02_T1,2025-08-04,-3.102893944841057,-3.1297294230250565,44.92903957223698,0.3481377381161514,low,0.026835478183999673,landsat_gee,True
NSR-GRID-196,LC08_L2SP_176039_20250804_20250814_02_T1,2025-08-04,-0.6174478803704488,-0.6456091157013955,47.41448563670759,0.26280493872755584,low,0.02816123533094661,landsat_gee,True
NSR-GRID-197,LC08_L2SP_176039_20250804_20250814_02_T1,2025-08-04,-3.3943056485522902,-3.1898120381240727,44.63762786852575,0.311104490921729,low,-0.20449361042821756,landsat_gee,True
NSR-GRID-198,LC08_L2SP_176039_20250804_20250814_02_T1,2025-08-04,-3.434169226328251,-3.314093364286914,44.59776429074979,0.25612918565141735,low,-0.12007586204133691,landsat_gee,True
NSR-GRID-199,LC08_L2SP_176039_20250804_20250814_02_T1,2025-08-04,-3.703020491538588,-3.777168361585343,44.32891302553945,0.3616973816518969,medium,0.07414787004675505,landsat_gee,True
NSR-GRID-200,LC08_L2SP_176039_20250804_20250814_02_T1,2025-08-04,-2.696810958505651,-3.067030913048887,45.33512255857239,0.3633202087762319,medium,0.3702199545432361,landsat_gee,True
NSR-GRID-201,LC08_L2SP_176039_20250804_20250814_02_T1,2025-08-04,-2.834875745797511,-3.069039854923671,45.19705777128053,0.3879306560808118,medium,0.23416410912615993,landsat_gee,True
NSR-GRID-202,LC08_L2SP_176039_20250804_20250814_02_T1,2025-08-04,-2.364193074969961,-2.357618723011009,45.66774044210808,0.36724946949936565,medium,-0.006574351958952285,landsat_gee,True
NSR-GRID-203,LC08_L2SP_176039_20250804_20250814_02_T1,2025-08-04,-0.4055551988601209,-0.015948938550099632,47.62637831821792,0.4157949001910583,medium,-0.38960626031002127,landsat_gee,True
NSR-GRID-204,LC08_L2SP_176039_20250804_20250814_02_T1,2025-08-04,-2.7303144423947003,-2.261137847038508,45.30161907468334,0.36850089006001574,medium,-0.4691765953561924,landsat_gee,True
NSR-GRID-205,LC08_L2SP_176039_20250804_20250814_02_T1,2025-08-04,-2.227634957804547,-1.8254611938798468,45.80429855927349,0.3839486840810543,medium,-0.40217376392470006,landsat_gee,True
NSR-GRID-206,LC08_L2SP_176039_20250804_20250814_02_T1,2025-08-04,-2.3754738620853075,-2.288429159497376,45.65645965499273,0.39844128264374773,medium,-0.08704470258793151,landsat_gee,True
NSR-GRID-207,LC08_L2SP_176039_20250804_20250814_02_T1,2025-08-04,-1.9298046759602272,-1.9083952657326955,46.10212884111781,0.4146153583663844,medium,-0.021409410227531733,landsat_gee,True
NSR-GRID-208,LC08_L2SP_176039_20250804_20250814_02_T1,2025-08-04,-1.5355539397024458,-1.6122484214394792,46.49637957737559,0.42976253685686633,medium,0.07669448173703342,landsat_gee,True
NSR-GRID-209,LC08_L2SP_176039_20250804_20250814_02_T1,2025-08-04,-1.3813762018964084,-1.4910050606985834,46.65055731518163,0.41953165850696117,medium,0.10962885880217499,landsat_gee,True
NSR-GRID-210,LC08_L2SP_176039_20250804_20250814_02_T1,2025-08-04,-0.83002286071018,-1.0296556184279975,47.20191065636786,0.41672008786486814,medium,0.1996327577178174,landsat_gee,True
NSR-GRID-211,LC08_L2SP_176039_20250804_20250814_02_T1,2025-08-04,-1.6527452181846556,-1.6371750096859514,46.37918829889338,0.42345269496097204,medium,-0.015570208498704163,landsat_gee,True
NSR-GRID-212,LC08_L2SP_176039_20250804_20250814_02_T1,2025-08-04,-0.4573823007115649,-0.5789512496833971,47.57455121636647,0.36012348387483867,medium,0.12156894897183218,landsat_gee,True
NSR-GRID-213,LC08_L2SP_176039_20250804_20250814_02_T1,2025-08-04,0.627299318794897,0.0779737159038699,48.659232835872935,0.2864527560061512,low,0.549325602891027,landsat_gee,True
NSR-GRID-214,LC08_L2SP_176039_20250804_20250814_02_T1,2025-08-04,-4.532613596988625,-3.822668436736753,43.49931992008941,0.37375910801207485,medium,-0.709945160251872,landsat_gee,True
NSR-GRID-215,LC08_L2SP_176039_20250804_20250814_02_T1,2025-08-04,-3.9275925178141193,-3.491529751548827,44.10434099926392,0.3240333012519248,low,-0.4360627662652923,landsat_gee,True
NSR-GRID-216,LC08_L2SP_176039_20250804_20250814_02_T1,2025-08-04,-2.1016275007382745,-2.3747874867975964,45.93030601633976,0.327702939502298,low,0.2731599860593219,landsat_gee,True
NSR-GRID-217,LC08_L2SP_176039_20250804_20250814_02_T1,2025-08-04,-2.48850078188034,-2.7512377440720295,45.5434327351977,0.3798222520398732,medium,0.2627369621916893,landsat_gee,True
NSR-GRID-218,LC08_L2SP_176039_20250804_20250814_02_T1,2025-08-04,-2.053778539314401,-2.4584862823470517,45.97815497776364,0.37472420778652143,medium,0.40470774303265067,landsat_gee,True
NSR-GRID-219,LC08_L2SP_176039_20250804_20250814_02_T1,2025-08-04,-1.6237657717918663,-1.3841791684260805,46.40816774528617,0.3857598329878531,medium,-0.23958660336578586,landsat_gee,True
NSR-GRID-220,LC08_L2SP_176039_20250804_20250814_02_T1,2025-08-04,-1.1122182249005164,-0.7182938078573492,46.91971529217752,0.39912206733895383,medium,-0.39392441704316716,landsat_gee,True
NSR-GRID-221,LC08_L2SP_176039_20250804_20250814_02_T1,2025-08-04,-1.6422962131461247,-1.1490748475118613,46.38963730393191,0.40452167397696526,medium,-0.49322136563426344,landsat_gee,True
NSR-GRID-222,LC08_L2SP_176039_20250804_20250814_02_T1,2025-08-04,-1.6448328333922009,-1.204346277799768,46.38710068368584,0.40012045996867845,medium,-0.4404865555924329,landsat_gee,True
NSR-GRID-223,LC08_L2SP_176039_20250804_20250814_02_T1,2025-08-04,-2.661356671909246,-2.225089571801439,45.37057684516879,0.4388901020763296,medium,-0.4362671001078069,landsat_gee,True
NSR-GRID-224,LC08_L2SP_176039_20250804_20250814_02_T1,2025-08-04,-2.895743589224857,-2.201817762236212,45.13618992785318,0.4759163507312677,medium,-0.6939258269886448,landsat_gee,True
NSR-GRID-225,LC08_L2SP_176039_20250804_20250814_02_T1,2025-08-04,-1.595606785569629,-1.076778396296966,46.43632673150841,0.4288979742774311,medium,-0.5188283892726631,landsat_gee,True
NSR-GRID-226,LC08_L2SP_176039_20250804_20250814_02_T1,2025-08-04,-0.8615317282448771,-1.0530390433274008,47.17040178883316,0.35796254078393996,medium,0.19150731508252372,landsat_gee,True
NSR-GRID-227,LC08_L2SP_176039_20250804_20250814_02_T1,2025-08-04,-1.4417001459735843,-1.6742635610080452,46.59023337110445,0.43314309283464947,medium,0.23256341503446087,landsat_gee,True
NSR-GRID-228,LC08_L2SP_176039_20250804_20250814_02_T1,2025-08-04,-1.8361852782898112,-1.616263162431384,46.19574823878823,0.4136528676433699,medium,-0.21992211585842725,landsat_gee,True
NSR-GRID-229,LC08_L2SP_176039_20250804_20250814_02_T1,2025-08-04,-1.035273276958101,-0.9538272848274159,46.99666024011994,0.4484325677826383,medium,-0.08144599213068515,landsat_gee,True
NSR-GRID-230,LC08_L2SP_176039_20250804_20250814_02_T1,2025-08-04,-1.0520377185933256,-1.363547452666715,46.97989579848471,0.38811110098233503,medium,0.31150973407338944,landsat_gee,True
NSR-GRID-231,LC08_L2SP_176039_20250804_20250814_02_T1,2025-08-04,2.264686990233919,1.8748368086643024,50.29662050731196,0.32713134411385547,low,0.3898501815696167,landsat_gee,True
NSR-GRID-232,LC08_L2SP_176039_20250804_20250814_02_T1,2025-08-04,-3.702975795870927,-2.863766584161064,44.32895772120711,0.31158336401351755,low,-0.8392092117098628,landsat_gee,True
NSR-GRID-233,LC08_L2SP_176039_20250804_20250814_02_T1,2025-08-04,-3.7133051364617913,-3.101610766293422,44.318628380616246,0.3782316983227837,medium,-0.6116943701683693,landsat_gee,True
NSR-GRID-234,LC08_L2SP_176039_20250804_20250814_02_T1,2025-08-04,-2.775743416251068,-2.948649995975283,45.25619010082697,0.37396113613250637,medium,0.17290657972421508,landsat_gee,True
NSR-GRID-235,LC08_L2SP_176039_20250804_20250814_02_T1,2025-08-04,-0.4043668162375908,-0.9516430121305834,47.62756670084045,0.3591948625241906,medium,0.5472761958929926,landsat_gee,True
NSR-GRID-236,LC08_L2SP_176039_20250804_20250814_02_T1,2025-08-04,2.0163616054054714,1.4191928917284025,50.04829512248351,0.3831095341211532,medium,0.5971687136770689,landsat_gee,True
NSR-GRID-237,LC08_L2SP_176039_20250804_20250814_02_T1,2025-08-04,4.196825213007266,3.057736347783336,52.2287587300853,0.2996822241703554,low,1.1390888652239295,landsat_gee,True
NSR-GRID-238,LC08_L2SP_176039_20250804_20250814_02_T1,2025-08-04,1.5815278890828353,1.6141909570594912,49.61346140616087,0.3406687477636365,low,-0.03266306797665597,landsat_gee,True
NSR-GRID-239,LC08_L2SP_176039_20250804_20250814_02_T1,2025-08-04,0.4715377955250659,0.6132537040626103,48.503471312603104,0.39126969422600233,medium,-0.14171590853754434,landsat_gee,True
NSR-GRID-240,LC08_L2SP_176039_20250804_20250814_02_T1,2025-08-04,0.1739684120522469,0.18915212350881414,48.205901929130285,0.36060491702262465,medium,-0.015183711456567245,landsat_gee,True
NSR-GRID-241,LC08_L2SP_176039_20250804_20250814_02_T1,2025-08-04,-0.9268069754378274,-0.9373897395212573,47.10512654164021,0.4519435430136797,medium,0.010582764083429841,landsat_gee,True
NSR-GRID-242,LC08_L2SP_176039_20250804_20250814_02_T1,2025-08-04,-1.5230158310191015,-1.4530445692308163,46.508917686058936,0.49909735157759666,medium,-0.06997126178828528,landsat_gee,True
NSR-GRID-243,LC08_L2SP_176039_20250804_20250814_02_T1,2025-08-04,-0.8202221692565033,-0.7954497691906549,47.211711347821534,0.39047443468374265,medium,-0.024772400065848355,landsat_gee,True
NSR-GRID-244,LC08_L2SP_176039_20250804_20250814_02_T1,2025-08-04,1.472203181955564,1.104991640636299,49.5041366990336,0.2538146921140191,low,0.36721154131926514,landsat_gee,True
NSR-GRID-245,LC08_L2SP_176039_20250804_20250814_02_T1,2025-08-04,1.154683677751919,0.9042053802118131,49.18661719482996,0.34213850245870087,low,0.25047829754010587,landsat_gee,True
NSR-GRID-246,LC08_L2SP_176039_20250804_20250814_02_T1,2025-08-04,-0.4889546191667548,-0.286328942985497,47.54297889791128,0.4198374244687091,medium,-0.20262567618125782,landsat_gee,True
NSR-GRID-247,LC08_L2SP_176039_20250804_20250814_02_T1,2025-08-04,-0.6427641290205273,-0.32256637680802797,47.38916938805751,0.3753763443558313,medium,-0.3201977522124993,landsat_gee,True
NSR-GRID-248,LC08_L2SP_176039_20250804_20250814_02_T1,2025-08-04,-0.2667320688112511,-0.3307855629620062,47.76520144826679,0.3930145768850356,medium,0.06405349415075506,landsat_gee,True
NSR-GRID-249,LC08_L2SP_176039_20250804_20250814_02_T1,2025-08-04,-2.342423098713816,-1.9591571405435924,45.68951041836422,0.37227990944396316,medium,-0.3832659581702236,landsat_gee,True
NSR-GRID-250,LC08_L2SP_176039_20250804_20250814_02_T1,2025-08-04,1.6393083647987652,1.224278672263134,49.6712418818768,0.2560806877365006,low,0.41502969253563116,landsat_gee,True
NSR-GRID-251,LC08_L2SP_176039_20250804_20250814_02_T1,2025-08-04,-2.597963551085371,-2.4179180374721394,45.43396996599267,0.40468959757995404,medium,-0.18004551361323173,landsat_gee,True
NSR-GRID-252,LC08_L2SP_176039_20250804_20250814_02_T1,2025-08-04,-2.0670063859617898,-2.4808771363936652,45.96492713111625,0.4171414369134134,medium,0.4138707504318755,landsat_gee,True
NSR-GRID-253,LC08_L2SP_176039_20250804_20250814_02_T1,2025-08-04,-2.210552495487548,-2.339346437630451,45.82138102159049,0.37499502124169326,medium,0.12879394214290274,landsat_gee,True
NSR-GRID-254,LC08_L2SP_176039_20250804_20250814_02_T1,2025-08-04,0.9555326150167858,0.9147520585207274,48.98746613209482,0.421602179585607,medium,0.040780556496058384,landsat_gee,True
NSR-GRID-255,LC08_L2SP_176039_20250804_20250814_02_T1,2025-08-04,3.772475149175023,2.9599872159857097,51.80440866625306,0.40458818007887676,medium,0.8124879331893133,landsat_gee,True
NSR-GRID-256,LC08_L2SP_176039_20250804_20250814_02_T1,2025-08-04,1.2888462588972305,1.2890358514168354,49.32077977597527,0.32849471557688004,low,-0.00018959251960493084,landsat_gee,True
NSR-GRID-257,LC08_L2SP_176039_20250804_20250814_02_T1,2025-08-04,-0.9053735845211932,-0.4978710789765258,47.126559932556845,0.2836148163349542,low,-0.4075025055446674,landsat_gee,True
NSR-GRID-258,LC08_L2SP_176039_20250804_20250814_02_T1,2025-08-04,-1.7593348819778356,-1.0588719801015043,46.2725986351002,0.280320916911637,low,-0.7004629018763313,landsat_gee,True
NSR-GRID-259,LC08_L2SP_176039_20250804_20250814_02_T1,2025-08-04,-2.680524633771107,-2.15413938950833,45.35140888330693,0.34998403663841826,low,-0.526385244262777,landsat_gee,True
NSR-GRID-260,LC08_L2SP_176039_20250804_20250814_02_T1,2025-08-04,-1.9481203411796957,-2.1130959302002146,46.08381317589834,0.3832287688728622,medium,0.1649755890205189,landsat_gee,True
NSR-GRID-261,LC08_L2SP_176039_20250804_20250814_02_T1,2025-08-04,-0.4479040207347324,-0.3991521741889066,47.584029496343305,0.3284169079839544,low,-0.04875184654582582,landsat_gee,True
NSR-GRID-262,LC08_L2SP_176039_20250804_20250814_02_T1,2025-08-04,1.085941392225294,1.355578849924643,49.11787490930333,0.23413041254495118,low,-0.269637457699349,landsat_gee,True
NSR-GRID-263,LC08_L2SP_176039_20250804_20250814_02_T1,2025-08-04,1.5693648622886869,1.5799753496045634,49.601298379366725,0.2655592661344528,low,-0.010610487315876549,landsat_gee,True
NSR-GRID-264,LC08_L2SP_176039_20250804_20250814_02_T1,2025-08-04,0.6966518698455033,1.1153183588088704,48.72858538692354,0.32259341480565756,low,-0.4186664889633671,landsat_gee,True
NSR-GRID-265,LC08_L2SP_176039_20250804_20250814_02_T1,2025-08-04,-0.7149668677430725,-0.20951570359965416,47.316966649334965,0.44406479852081077,medium,-0.5054511641434183,landsat_gee,True
NSR-GRID-266,LC08_L2SP_176039_20250804_20250814_02_T1,2025-08-04,-0.4374805890847852,-0.5742781228406365,47.59445292799325,0.39243111053092533,medium,0.1367975337558513,landsat_gee,True
NSR-GRID-267,LC08_L2SP_176039_20250804_20250814_02_T1,2025-08-04,-0.675877399245806,-0.11198530200022774,47.35605611783223,0.40185565168904025,medium,-0.5638920972455783,landsat_gee,True
NSR-GRID-268,LC08_L2SP_176039_20250804_20250814_02_T1,2025-08-04,0.3665689397485536,-0.07661782967190651,48.39850245682659,0.2753728756346234,low,0.4431867694204601,landsat_gee,True
NSR-GRID-269,LC08_L2SP_176039_20250804_20250814_02_T1,2025-08-04,-0.2672281690767661,-0.1473135788987569,47.76470534800127,0.44722371795022275,medium,-0.1199145901780092,landsat_gee,True
NSR-GRID-270,LC08_L2SP_176039_20250804_20250814_02_T1,2025-08-04,1.4787428770776714,1.0037953052208939,49.51067639415571,0.3411992415774179,low,0.4749475718567775,landsat_gee,True
NSR-GRID-271,LC08_L2SP_176039_20250804_20250814_02_T1,2025-08-04,-0.4812945870405798,-0.9546405986518833,47.55063893003746,0.43852502140866495,medium,0.4733460116113035,landsat_gee,True
NSR-GRID-272,LC08_L2SP_176039_20250804_20250814_02_T1,2025-08-04,-1.3567645373745805,-1.5046663239801314,46.67516897970346,0.428377125522274,medium,0.14790178660555098,landsat_gee,True
NSR-GRID-273,LC08_L2SP_176039_20250804_20250814_02_T1,2025-08-04,0.0533159324100438,0.0009956723851850954,48.08524944948808,0.3792066454120657,medium,0.052320260024858706,landsat_gee,True
NSR-GRID-274,LC08_L2SP_176039_20250804_20250814_02_T1,2025-08-04,2.040937720508033,1.577498500043424,50.07287123758607,0.4318751389238145,medium,0.4634392204646087,landsat_gee,True
NSR-GRID-275,LC08_L2SP_176039_20250804_20250814_02_T1,2025-08-04,-0.6582415101095407,-0.6525891950184796,47.3736920069685,0.4055579214265729,medium,-0.005652315091061122,landsat_gee,True
NSR-GRID-276,LC08_L2SP_176039_20250804_20250814_02_T1,2025-08-04,-1.418068632327433,-0.680337366852459,46.613864884750605,0.27751936372052544,low,-0.7377312654749739,landsat_gee,True
NSR-GRID-277,LC08_L2SP_176039_20250804_20250814_02_T1,2025-08-04,-1.4608509122751272,-0.4100676195297875,46.57108260480291,0.2195731702673819,low,-1.0507832927453398,landsat_gee,True
NSR-GRID-278,LC08_L2SP_176039_20250804_20250814_02_T1,2025-08-04,-3.558983669759201,-2.163780166177239,44.47294984731884,0.23887254778763986,low,-1.3952035035819619,landsat_gee,True
NSR-GRID-279,LC08_L2SP_176039_20250804_20250814_02_T1,2025-08-04,-0.9430953474004156,-0.718959260693567,47.08883816967762,0.27324747793806414,low,-0.2241360867068486,landsat_gee,True
NSR-GRID-280,LC08_L2SP_176039_20250804_20250814_02_T1,2025-08-04,0.7100362529582469,0.7697626363243131,48.741969770036285,0.2681335560914426,low,-0.05972638336606617,landsat_gee,True
NSR-GRID-281,LC08_L2SP_176039_20250804_20250814_02_T1,2025-08-04,1.3519236223024222,1.6353060674385225,49.38385713938046,0.2308558587343094,low,-0.2833824451361002,landsat_gee,True
NSR-GRID-282,LC08_L2SP_176039_20250804_20250814_02_T1,2025-08-04,2.1529765847137625,2.017021440099551,50.1849101017918,0.2681388123194354,low,0.13595514461421132,landsat_gee,True
NSR-GRID-283,LC08_L2SP_176039_20250804_20250814_02_T1,2025-08-04,0.9804721140278048,1.351537360110254,49.01240563110584,0.30173517185465376,low,-0.3710652460824493,landsat_gee,True
NSR-GRID-284,LC08_L2SP_176039_20250804_20250814_02_T1,2025-08-04,0.7195923777432469,0.6100272536972084,48.751525894821285,0.2783005257864202,low,0.10956512404603846,landsat_gee,True
NSR-GRID-285,LC08_L2SP_176039_20250804_20250814_02_T1,2025-08-04,1.9762916087086424,1.8383137348633922,50.00822512578668,0.432992476420541,medium,0.13797787384525018,landsat_gee,True
NSR-GRID-286,LC08_L2SP_176039_20250804_20250814_02_T1,2025-08-04,0.9409876828367344,1.4375628151541524,48.97292119991477,0.25554859395283996,low,-0.496575132317418,landsat_gee,True
NSR-GRID-287,LC08_L2SP_176039_20250804_20250814_02_T1,2025-08-04,1.9949397086483671,1.5284467784487274,50.026873225726405,0.47715412824186976,medium,0.46649293019963967,landsat_gee,True
NSR-GRID-288,LC08_L2SP_176039_20250804_20250814_02_T1,2025-08-04,2.584159814944691,1.7678086722214499,50.61609333202273,0.45531175600446067,medium,0.816351142723241,landsat_gee,True
NSR-GRID-289,LC08_L2SP_176039_20250804_20250814_02_T1,2025-08-04,0.9961865801651726,0.6229144999520756,49.02812009724321,0.4018839371652664,medium,0.373272080213097,landsat_gee,True
NSR-GRID-290,LC08_L2SP_176039_20250804_20250814_02_T1,2025-08-04,-1.1945226725154043,-0.8769962297944504,46.83741084456263,0.3337792525331521,low,-0.317526442720954,landsat_gee,True
NSR-GRID-291,LC08_L2SP_176039_20250804_20250814_02_T1,2025-08-04,-0.2817533860952537,0.0578635917433193,47.750180130982784,0.27409025383974595,low,-0.339616977838573,landsat_gee,True
NSR-GRID-292,LC08_L2SP_176039_20250804_20250814_02_T1,2025-08-04,-2.4503025352115912,-1.3891612582171244,45.58163098186645,0.2513090035167398,low,-1.0611412769944668,landsat_gee,True
NSR-GRID-293,LC08_L2SP_176039_20250804_20250814_02_T1,2025-08-04,-0.0554018934187112,0.7586972573444636,47.976531623659326,0.3841336274347731,medium,-0.8140991507631747,landsat_gee,True
NSR-GRID-294,LC08_L2SP_176039_20250804_20250814_02_T1,2025-08-04,0.9452691448513306,1.4532486258473931,48.97720266192937,0.3381479603529684,low,-0.5079794809960625,landsat_gee,True
NSR-GRID-295,LC08_L2SP_176039_20250804_20250814_02_T1,2025-08-04,1.9657751189260608,2.123705808784552,49.9977086360041,0.24599274053928338,low,-0.15793068985849112,landsat_gee,True
NSR-GRID-296,LC08_L2SP_176039_20250804_20250814_02_T1,2025-08-04,1.7264481675410437,1.6998181951270837,49.75838168461908,0.23256915821569282,low,0.026629972413960035,landsat_gee,True
NSR-GRID-297,LC08_L2SP_176039_20250804_20250814_02_T1,2025-08-04,1.2874164407350437,1.568777151589254,49.31934995781308,0.22926611609979133,low,-0.2813607108542102,landsat_gee,True
NSR-GRID-298,LC08_L2SP_176039_20250804_20250814_02_T1,2025-08-04,1.4027400851638705,1.899798590815525,49.43467360224191,0.24442454426195545,low,-0.49705850565165455,landsat_gee,True
NSR-GRID-299,LC08_L2SP_176039_20250804_20250814_02_T1,2025-08-04,0.9637441714774936,1.5072583565208395,48.99567768855553,0.22828969519991482,low,-0.5435141850433459,landsat_gee,True
NSR-GRID-300,LC08_L2SP_176039_20250804_20250814_02_T1,2025-08-04,3.259037665982632,2.4795027554425246,51.29097118306067,0.3974102637112674,medium,0.7795349105401073,landsat_gee,True
NSR-GRID-302,LC08_L2SP_176039_20250804_20250814_02_T1,2025-08-04,4.301042208056728,3.333008681693393,52.332975725134766,0.3545780907661289,medium,0.9680335263633353,landsat_gee,True
NSR-GRID-303,LC08_L2SP_176039_20250804_20250814_02_T1,2025-08-04,1.3805495134193393,1.4972650222889052,49.41248303049738,0.2566097472693893,low,-0.11671550886956594,landsat_gee,True
NSR-GRID-304,LC08_L2SP_176039_20250804_20250814_02_T1,2025-08-04,3.1827068708674275,2.1553869238403514,51.214640387945465,0.37254540029213923,medium,1.0273199470270762,landsat_gee,True
NSR-GRID-305,LC08_L2SP_176039_20250804_20250814_02_T1,2025-08-04,1.4677547394161934,1.1155423564163531,49.49968825649423,0.41840865114384107,medium,0.35221238299984026,landsat_gee,True
NSR-GRID-306,LC08_L2SP_176039_20250804_20250814_02_T1,2025-08-04,-0.1498042594607795,-0.5417408658425058,47.88212925761726,0.3651778689066106,medium,0.39193660638172634,landsat_gee,True
NSR-GRID-307,LC08_L2SP_176039_20250804_20250814_02_T1,2025-08-04,1.2162350505829735,1.2978170132579834,49.24816856766101,0.3345120480851184,low,-0.08158196267500983,landsat_gee,True
NSR-GRID-308,LC08_L2SP_176039_20250804_20250814_02_T1,2025-08-04,1.9673374255256209,2.107523648186473,49.99927094260366,0.2955603306576294,low,-0.14018622266085212,landsat_gee,True
NSR-GRID-309,LC08_L2SP_176039_20250804_20250814_02_T1,2025-08-04,2.1798527905102887,2.415764244097657,50.211786307588326,0.27025583079811355,low,-0.2359114535873683,landsat_gee,True
NSR-GRID-310,LC08_L2SP_176039_20250804_20250814_02_T1,2025-08-04,2.0467927268533046,2.8737327959919754,50.07872624393134,0.2763563411209805,low,-0.8269400691386708,landsat_gee,True
NSR-GRID-311,LC08_L2SP_176039_20250804_20250814_02_T1,2025-08-04,2.15033806450812,3.1448535014680066,50.18227158158616,0.3027101009020615,low,-0.9945154369598868,landsat_gee,True
NSR-GRID-312,LC08_L2SP_176039_20250804_20250814_02_T1,2025-08-04,2.922040540984561,2.5938404392914265,50.9539740580626,0.2829869545821213,low,0.3282001016931346,landsat_gee,True
NSR-GRID-313,LC08_L2SP_176039_20250804_20250814_02_T1,2025-08-04,2.7052480773355114,2.4047386003299867,50.73718159441355,0.272161022006578,low,0.30050947700552477,landsat_gee,True
NSR-GRID-314,LC08_L2SP_176039_20250804_20250814_02_T1,2025-08-04,1.5217753675941808,1.9437646069477,49.55370888467222,0.23985719879280284,low,-0.4219892393535192,landsat_gee,True
NSR-GRID-315,LC08_L2SP_176039_20250804_20250814_02_T1,2025-08-04,2.6768915253620804,2.426476056856241,50.70882504244012,0.2725874065265178,low,0.2504154685058393,landsat_gee,True
NSR-GRID-316,LC08_L2SP_176039_20250804_20250814_02_T1,2025-08-04,1.168321117002364,1.5808154649211257,49.2002546340804,0.22873605979556894,low,-0.4124943479187617,landsat_gee,True
NSR-GRID-317,LC08_L2SP_176039_20250804_20250814_02_T1,2025-08-04,3.309693240360474,2.7508639550284992,51.34162675743851,0.3475524421427695,low,0.5588292853319747,landsat_gee,True
NSR-GRID-318,LC08_L2SP_176039_20250804_20250814_02_T1,2025-08-04,0.2436686826074279,0.997432371847394,48.275602199685466,0.23582969405551327,low,-0.7537636892399661,landsat_gee,True
NSR-GRID-319,LC08_L2SP_176039_20250804_20250814_02_T1,2025-08-04,3.210640869398304,2.3878731195706413,51.24257438647634,0.29254505870572334,low,0.8227677498276629,landsat_gee,True
NSR-GRID-320,LC08_L2SP_176039_20250804_20250814_02_T1,2025-08-04,0.5898704949268989,0.25246823859361817,48.62180401200494,0.3658660616787245,medium,0.33740225633328075,landsat_gee,True
NSR-GRID-321,LC08_L2SP_176039_20250804_20250814_02_T1,2025-08-04,-0.8167307448928227,-0.6169645873188857,47.215202772185215,0.34874374029904387,low,-0.199766157573937,landsat_gee,True
NSR-GRID-322,LC08_L2SP_176039_20250804_20250814_02_T1,2025-08-04,1.6366930205874723,1.6658815296537168,49.66862653766551,0.33059641817636787,low,-0.029188509066244483,landsat_gee,True
NSR-GRID-323,LC08_L2SP_176039_20250804_20250814_02_T1,2025-08-04,1.986137320829364,2.273429595081983,50.0180708379074,0.3167546653913334,low,-0.28729227425261894,landsat_gee,True
NSR-GRID-324,LC08_L2SP_176039_20250804_20250814_02_T1,2025-08-04,1.3354511614874625,1.649485815390021,49.3673846785655,0.30200923882350933,low,-0.31403465390255847,landsat_gee,True
NSR-GRID-325,LC08_L2SP_176039_20250804_20250814_02_T1,2025-08-04,1.841271771594165,2.225563609374417,49.8732052886722,0.3210314264517082,low,-0.3842918377802518,landsat_gee,True
NSR-GRID-326,LC08_L2SP_176039_20250804_20250814_02_T1,2025-08-04,2.292306467432901,2.9147324707883304,50.32423998451094,0.28411017282461604,low,-0.6224260033554296,landsat_gee,True
NSR-GRID-327,LC08_L2SP_176039_20250804_20250814_02_T1,2025-08-04,3.4410688676372843,2.7011281438901125,51.47300238471532,0.2829236375433262,low,0.7399407237471718,landsat_gee,True
NSR-GRID-328,LC08_L2SP_176039_20250804_20250814_02_T1,2025-08-04,2.951382942329367,2.424803306912898,50.983316459407405,0.278511345800454,low,0.5265796354164691,landsat_gee,True
NSR-GRID-329,LC08_L2SP_176039_20250804_20250814_02_T1,2025-08-04,2.7523019805801425,2.3944876121195033,50.78423549765818,0.2533292209382033,low,0.3578143684606392,landsat_gee,True
NSR-GRID-330,LC08_L2SP_176039_20250804_20250814_02_T1,2025-08-04,2.6039025595760705,2.0903367392249916,50.63583607665411,0.25337678126087415,low,0.5135658203510789,landsat_gee,True
NSR-GRID-331,LC08_L2SP_176039_20250804_20250814_02_T1,2025-08-04,0.1999639893597518,1.0802293896910162,48.23189750643779,0.2136145633233146,low,-0.8802654003312644,landsat_gee,True
NSR-GRID-332,LC08_L2SP_176039_20250804_20250814_02_T1,2025-08-04,2.823763545826573,2.497162694647266,50.85569706290461,0.3205536380937743,low,0.32660085117930704,landsat_gee,True
NSR-GRID-333,LC08_L2SP_176039_20250804_20250814_02_T1,2025-08-04,0.9542525622966308,1.3662018356888643,48.98618607937467,0.22451519678993886,low,-0.41194927339223353,landsat_gee,True
NSR-GRID-334,LC08_L2SP_176039_20250804_20250814_02_T1,2025-08-04,2.7568689442061043,1.9442255831552593,50.78880246128414,0.3467258445379568,low,0.812643361050845,landsat_gee,True
NSR-GRID-335,LC08_L2SP_176039_20250804_20250814_02_T1,2025-08-04,2.180229423442533,1.9004151586462554,50.21216294052057,0.3212429602983268,low,0.27981426479627736,landsat_gee,True
NSR-GRID-336,LC08_L2SP_176039_20250804_20250814_02_T1,2025-08-04,-1.0295888161926854,-0.832314353484023,47.00234470088535,0.3131159537109225,low,-0.19727446270866233,landsat_gee,True
NSR-GRID-337,LC08_L2SP_176039_20250804_20250814_02_T1,2025-08-04,1.2097735084630443,1.1540055332153432,49.24170702554108,0.2756384436079288,low,0.05576797524770116,landsat_gee,True
NSR-GRID-338,LC08_L2SP_176039_20250804_20250814_02_T1,2025-08-04,1.7694543543077683,1.9861274583621067,49.801387871385806,0.26955245731549,low,-0.21667310405433837,landsat_gee,True
NSR-GRID-339,LC08_L2SP_176039_20250804_20250814_02_T1,2025-08-04,1.2820207503577097,1.7715219259672432,49.31395426743575,0.27932107992257005,low,-0.48950117560953355,landsat_gee,True
NSR-GRID-340,LC08_L2SP_176039_20250804_20250814_02_T1,2025-08-04,0.947606347029314,1.4353245089624382,48.97953986410735,0.28810766310517694,low,-0.48771816193312423,landsat_gee,True
NSR-GRID-341,LC08_L2SP_176039_20250804_20250814_02_T1,2025-08-04,0.0097133027598417,0.15129879337279184,48.04164681983788,0.2974260458645772,low,-0.14158549061295014,landsat_gee,True
NSR-GRID-342,LC08_L2SP_176039_20250804_20250814_02_T1,2025-08-04,1.9030802846333048,1.5523484859229313,49.93501380171134,0.3069732127285223,low,0.3507317987103735,landsat_gee,True
NSR-GRID-343,LC08_L2SP_176039_20250804_20250814_02_T1,2025-08-04,1.2505396937181388,1.0723820103236508,49.28247321079618,0.24422135756734656,low,0.178157683394488,landsat_gee,True
NSR-GRID-344,LC08_L2SP_176039_20250804_20250814_02_T1,2025-08-04,1.4266633274868852,1.3286625213605103,49.45859684456492,0.2612771919004475,low,0.09800080612637485,landsat_gee,True
NSR-GRID-345,LC08_L2SP_176039_20250804_20250814_02_T1,2025-08-04,0.6753759229601926,0.7792760024662507,48.70730944003823,0.22090553596085813,low,-0.10390007950605817,landsat_gee,True
NSR-GRID-346,LC08_L2SP_176039_20250804_20250814_02_T1,2025-08-04,-0.0922127753416575,0.7736940684000854,47.93972074173638,0.20441940127006183,low,-0.8659068437417429,landsat_gee,True
NSR-GRID-347,LC08_L2SP_176039_20250804_20250814_02_T1,2025-08-04,-0.0067027247243842,-0.11455702013205873,48.02523079235365,0.2003312448638603,low,0.10785429540767454,landsat_gee,True
NSR-GRID-348,LC08_L2SP_176039_20250804_20250814_02_T1,2025-08-04,0.5696833893010904,1.2055135549776044,48.60161690637913,0.2563206125641381,low,-0.635830165676514,landsat_gee,True
NSR-GRID-349,LC08_L2SP_176039_20250804_20250814_02_T1,2025-08-04,0.508719528746461,-0.04077760405248513,48.5406530458245,0.2747887272133278,low,0.5494971327989461,landsat_gee,True
NSR-GRID-350,LC08_L2SP_176039_20250804_20250814_02_T1,2025-08-04,1.834395765389715,1.5722140931316742,49.86632928246775,0.3369448952777098,low,0.2621816722580408,landsat_gee,True
NSR-GRID-351,LC08_L2SP_176039_20250804_20250814_02_T1,2025-08-04,1.4860625675956598,1.5657575224912448,49.5179960846737,0.26599447331662485,low,-0.07969495489558498,landsat_gee,True
NSR-GRID-352,LC08_L2SP_176039_20250804_20250814_02_T1,2025-08-04,-0.9842833099767532,-0.33132708975495206,47.047650207101285,0.24265548407348914,low,-0.6529562202218011,landsat_gee,True
NSR-GRID-353,LC08_L2SP_176039_20250804_20250814_02_T1,2025-08-04,0.1412775840052802,0.8408201406638464,48.17321110108332,0.3125346973640386,low,-0.6995425566585661,landsat_gee,True
NSR-GRID-354,LC08_L2SP_176039_20250804_20250814_02_T1,2025-08-04,1.8247390925866969,2.343981828726505,49.856672609664734,0.3222515929184422,low,-0.5192427361398082,landsat_gee,True
NSR-GRID-355,LC08_L2SP_176039_20250804_20250814_02_T1,2025-08-04,1.7213365981190307,1.7830501494772792,49.75327011519707,0.2519833489731157,low,-0.06171355135824852,landsat_gee,True
NSR-GRID-356,LC08_L2SP_176039_20250804_20250814_02_T1,2025-08-04,2.406193359258729,1.9794956400302774,50.43812687633677,0.2758692830878197,low,0.42669771922845157,landsat_gee,True
NSR-GRID-357,LC08_L2SP_176039_20250804_20250814_02_T1,2025-08-04,2.7645758773949893,2.5298427300975965,50.79650939447303,0.29122180936452,low,0.2347331472973928,landsat_gee,True
NSR-GRID-358,LC08_L2SP_176039_20250804_20250814_02_T1,2025-08-04,2.461188843776064,2.260860892865235,50.4931223608541,0.35679901419017757,medium,0.2003279509108289,landsat_gee,True
NSR-GRID-359,LC08_L2SP_176039_20250804_20250814_02_T1,2025-08-04,2.2544933898599524,1.8927922988646235,50.28642690693799,0.40330282186331406,medium,0.3617010909953289,landsat_gee,True
NSR-GRID-360,LC08_L2SP_176039_20250804_20250814_02_T1,2025-08-04,1.674395876092774,1.484348326736597,49.70632939317081,0.29655870892298797,low,0.19004754935617707,landsat_gee,True
NSR-GRID-361,LC08_L2SP_176039_20250804_20250814_02_T1,2025-08-04,0.9347865945736088,1.107142210324878,48.96672011165165,0.24196841842784886,low,-0.17235561575126923,landsat_gee,True
NSR-GRID-362,LC08_L2SP_176039_20250804_20250814_02_T1,2025-08-04,1.1021156841343398,1.0704455408560178,49.13404920121238,0.23515380829527732,low,0.03167014327832196,landsat_gee,True
NSR-GRID-363,LC08_L2SP_176039_20250804_20250814_02_T1,2025-08-04,1.351368058436151,1.1913299599021465,49.38330157551419,0.3395522053894958,low,0.1600380985340044,landsat_gee,True
NSR-GRID-364,LC08_L2SP_176039_20250804_20250814_02_T1,2025-08-04,1.1093539510294832,0.9397071031796214,49.14128746810752,0.36845264220820984,medium,0.16964684784986184,landsat_gee,True
NSR-GRID-365,LC08_L2SP_176039_20250804_20250814_02_T1,2025-08-04,1.9723223354798092,1.879192039438318,50.00425585255785,0.30386083081508264,low,0.09313029604149126,landsat_gee,True
NSR-GRID-366,LC08_L2SP_176039_20250804_20250814_02_T1,2025-08-04,1.0999474172920929,1.4079581629780862,49.13188093437013,0.22649569097590516,low,-0.3080107456859933,landsat_gee,True
NSR-GRID-367,LC08_L2SP_176039_20250804_20250814_02_T1,2025-08-04,0.5700523966299542,1.7493551663880242,48.60198591370799,0.2751617293604311,low,-1.17930276975807,landsat_gee,True
NSR-GRID-368,LC08_L2SP_176039_20250804_20250814_02_T1,2025-08-04,2.5970611007879896,2.891892998380559,50.62899461786603,0.28538380497554017,low,-0.29483189759256945,landsat_gee,True
NSR-GRID-369,LC08_L2SP_176039_20250804_20250814_02_T1,2025-08-04,3.705571703261015,3.613716117467068,51.73750522033905,0.30211726373123465,low,0.09185558579394737,landsat_gee,True
NSR-GRID-370,LC08_L2SP_176039_20250804_20250814_02_T1,2025-08-04,5.12980386140373,4.083858995217694,53.16173737848177,0.3061292865926226,low,1.0459448661860353,landsat_gee,True
NSR-GRID-371,LC08_L2SP_176039_20250804_20250814_02_T1,2025-08-04,3.1640729828130745,2.688562013196702,51.19600649989111,0.26603567903662306,low,0.4755109696163724,landsat_gee,True
NSR-GRID-372,LC08_L2SP_176039_20250804_20250814_02_T1,2025-08-04,3.354481524053135,2.5553880576130945,51.38641504113117,0.32337082875679724,low,0.7990934664400404,landsat_gee,True
NSR-GRID-373,LC08_L2SP_176039_20250804_20250814_02_T1,2025-08-04,3.686568903943496,3.2113286221812003,51.71850242102153,0.32770379218205514,low,0.4752402817622956,landsat_gee,True
NSR-GRID-374,LC08_L2SP_176039_20250804_20250814_02_T1,2025-08-04,2.6282347428728343,1.8020111757767645,50.66016825995087,0.24798961457680974,low,0.8262235670960698,landsat_gee,True
NSR-GRID-375,LC08_L2SP_176039_20250804_20250814_02_T1,2025-08-04,1.979888762673596,1.7017446634513422,50.011822279751634,0.2324023579251758,low,0.2781440992222537,landsat_gee,True
NSR-GRID-376,LC08_L2SP_176039_20250804_20250814_02_T1,2025-08-04,1.1015963370470416,0.9829209911749253,49.13352985412508,0.273748801905321,low,0.11867534587211637,landsat_gee,True
NSR-GRID-377,LC08_L2SP_176039_20250804_20250814_02_T1,2025-08-04,1.3947552873175724,1.4114739007467636,49.42668880439561,0.28691347464003225,low,-0.01671861342919123,landsat_gee,True
NSR-GRID-378,LC08_L2SP_176039_20250804_20250814_02_T1,2025-08-04,1.712485111780417,2.4932598579604996,49.744418628858455,0.2603074354367847,low,-0.7807747461800827,landsat_gee,True
NSR-GRID-379,LC08_L2SP_176039_20250804_20250814_02_T1,2025-08-04,0.9373235540757604,0.9333770226726846,48.9692570711538,0.2839989620704681,low,0.00394653140307577,landsat_gee,True
NSR-GRID-380,LC08_L2SP_176039_20250804_20250814_02_T1,2025-08-04,0.530994854844927,1.2371779011658666,48.562928371922965,0.21853171309993952,low,-0.7061830463209395,landsat_gee,True
NSR-GRID-381,LC08_L2SP_176039_20250804_20250814_02_T1,2025-08-04,4.130165473014259,3.9360899632911943,52.162098990092296,0.29988321466183643,low,0.19407550972306442,landsat_gee,True
NSR-GRID-382,LC08_L2SP_176039_20250804_20250814_02_T1,2025-08-04,5.183190404989929,4.694128806758278,53.21512392206797,0.3228065341237459,low,0.4890615982316513,landsat_gee,True
NSR-GRID-383,LC08_L2SP_176039_20250804_20250814_02_T1,2025-08-04,1.5863848343222458,1.647321108637453,49.61831835140028,0.24917727972860226,low,-0.06093627431520732,landsat_gee,True
NSR-GRID-384,LC08_L2SP_176039_20250804_20250814_02_T1,2025-08-04,1.2782115601566917,1.3087663564943892,49.31014507723473,0.22469718467446498,low,-0.030554796337697532,landsat_gee,True
NSR-GRID-385,LC08_L2SP_176039_20250804_20250814_02_T1,2025-08-04,4.9991025561975135,4.475287856642838,53.03103607327555,0.32049494083942837,low,0.5238146995546753,landsat_gee,True
NSR-GRID-386,LC08_L2SP_176039_20250804_20250814_02_T1,2025-08-04,4.4516731246582,3.7744011399237407,52.48360664173624,0.2950125880031656,low,0.677271984734459,landsat_gee,True
NSR-GRID-387,LC08_L2SP_176039_20250804_20250814_02_T1,2025-08-04,4.249853987022249,3.499923123899908,52.281787504100286,0.28670766773888645,low,0.7499308631223407,landsat_gee,True
NSR-GRID-388,LC08_L2SP_176039_20250804_20250814_02_T1,2025-08-04,3.886651367728099,3.140134060708282,51.91858488480614,0.29021516279144255,low,0.746517307019817,landsat_gee,True
NSR-GRID-389,LC08_L2SP_176039_20250804_20250814_02_T1,2025-08-04,2.604510602941268,2.0372137646933,50.636444120019306,0.2673836009984063,low,0.5672968382479677,landsat_gee,True
NSR-GRID-390,LC08_L2SP_176039_20250804_20250814_02_T1,2025-08-04,1.3684330868972836,1.4942161836958034,49.40036660397532,0.22623508746357224,low,-0.12578309679851984,landsat_gee,True
NSR-GRID-391,LC08_L2SP_176039_20250804_20250814_02_T1,2025-08-04,0.5419101172833649,0.9189236824133958,48.5738436343614,0.20936540349473423,low,-0.3770135651300309,landsat_gee,True
NSR-GRID-392,LC08_L2SP_176039_20250804_20250814_02_T1,2025-08-04,1.7566445718984909,1.5944210325871175,49.78857808897653,0.24794571163976242,low,0.16222353931137334,landsat_gee,True
NSR-GRID-393,LC08_L2SP_176039_20250804_20250814_02_T1,2025-08-04,4.287072460748021,4.157488354689102,52.31900597782606,0.3105592726721736,low,0.12958410605891935,landsat_gee,True
NSR-GRID-394,LC08_L2SP_176039_20250804_20250814_02_T1,2025-08-04,4.820821167053978,4.2009980469678245,52.852754684132016,0.32254601377461956,low,0.6198231200861537,landsat_gee,True
NSR-GRID-395,LC08_L2SP_176039_20250804_20250814_02_T1,2025-08-04,5.295500236316002,4.569589060522368,53.32743375339404,0.33365394831762474,low,0.7259111757936338,landsat_gee,True
NSR-GRID-396,LC08_L2SP_176039_20250804_20250814_02_T1,2025-08-04,3.2088828410400296,2.87473639694793,51.24081635811807,0.30037433550944076,low,0.3341464440920996,landsat_gee,True
NSR-GRID-397,LC08_L2SP_176039_20250804_20250814_02_T1,2025-08-04,2.340300242840321,2.0568011933264745,50.37223375991836,0.2730366085582603,low,0.2834990495138463,landsat_gee,True
NSR-GRID-398,LC08_L2SP_176039_20250804_20250814_02_T1,2025-08-04,3.826312475536674,3.758714945442785,51.85824599261471,0.2984091791326357,low,0.06759753009388936,landsat_gee,True
NSR-GRID-399,LC08_L2SP_176039_20250804_20250814_02_T1,2025-08-04,1.5499841635813212,1.2086130429210975,49.58191768065936,0.22451825437050385,low,0.3413711206602237,landsat_gee,True
NSR-GRID-400,LC08_L2SP_176039_20250804_20250814_02_T1,2025-08-04,0.3290545941330194,0.29143954613641915,48.36098811121106,0.1900118915690412,low,0.03761504799660026,landsat_gee,True
NSR-GRID-401,LC08_L2SP_176039_20250804_20250814_02_T1,2025-08-04,4.285932956303846,4.133008861156875,52.31786647338188,0.3058316590288262,low,0.1529240951469708,landsat_gee,True
NSR-GRID-402,LC08_L2SP_176039_20250804_20250814_02_T1,2025-08-04,4.982933513391743,4.405253390497387,53.01486703046978,0.31405550881953553,low,0.577680122894356,landsat_gee,True
NSR-GRID-403,LC08_L2SP_176039_20250804_20250814_02_T1,2025-08-04,4.842195094172944,3.915167712950378,52.87412861125098,0.2992512040039793,low,0.9270273812225662,landsat_gee,True
NSR-GRID-404,LC08_L2SP_176039_20250804_20250814_02_T1,2025-08-04,2.051543312526377,1.8383413143852103,50.083476829604415,0.23651529381120828,low,0.21320199814116658,landsat_gee,True
NSR-GRID-405,LC08_L2SP_176039_20250804_20250814_02_T1,2025-08-04,4.00638984329629,3.667133836922486,52.03832336037433,0.291758699583773,low,0.33925600637380393,landsat_gee,True
NSR-GRID-406,LC08_L2SP_176039_20250804_20250814_02_T1,2025-08-04,-0.7124869915464771,-0.1865419907937907,47.31944652553156,0.18846657509539572,low,-0.5259450007526865,landsat_gee,True
NSR-GRID-407,LC08_L2SP_176039_20250804_20250814_02_T1,2025-08-04,1.3374015552312457,1.3269876026229497,49.36933507230928,0.25087094540553084,low,0.010413952608296029,landsat_gee,True
NSR-GRID-408,LC08_L2SP_176039_20250804_20250814_02_T1,2025-08-04,3.640777486276974,3.0298763471644667,51.67271100335501,0.272508689725101,low,0.6109011391125074,landsat_gee,True
NSR-GRID-409,LC08_L2SP_176039_20250804_20250814_02_T1,2025-08-04,3.4755128457206936,2.7100461621512664,51.50744636279873,0.3048032493380241,low,0.7654666835694273,landsat_gee,True
NSR-GRID-410,LC08_L2SP_176039_20250804_20250814_02_T1,2025-08-04,2.150113184440812,1.9503839928030817,50.18204670151885,0.24027439958234226,low,0.1997291916377304,landsat_gee,True
NSR-GRID-411,LC08_L2SP_176039_20250804_20250814_02_T1,2025-08-04,3.8669890975540326,2.960812275729154,51.89892261463207,0.27460940318391686,low,0.9061768218248787,landsat_gee,True
NSR-GRID-413,LC08_L2SP_176039_20250804_20250814_02_T1,2025-08-04,2.0642122814091834,1.603962033156527,50.09614579848722,0.26074925629976725,low,0.4602502482526565,landsat_gee,True
NSR-GRID-414,LC08_L2SP_176039_20250804_20250814_02_T1,2025-08-04,2.853615221353671,1.953117318376622,50.88554873843171,0.25686383195771917,low,0.900497902977049,landsat_gee,True
NSR-GRID-415,LC08_L2SP_176039_20250804_20250814_02_T1,2025-08-04,3.475613117798389,2.793135613587885,51.50754663487643,0.2653573238666488,low,0.682477504210504,landsat_gee,True
NSR-GRID-416,LC08_L2SP_176039_20250804_20250814_02_T1,2025-08-04,3.0651587403877087,2.603051885741893,51.09709225746575,0.259734820988632,low,0.4621068546458158,landsat_gee,True
NSR-GRID-001,LC09_L2SP_176039_20250727_20250729_02_T1,2025-07-27,-3.1305994011433924,-3.2582309924690587,46.42781947205059,0.3665421198220764,medium,0.12763159132566626,landsat_gee,True
NSR-GRID-002,LC09_L2SP_176039_20250727_20250729_02_T1,2025-07-27,-3.0052552986874304,-3.3541821643693974,46.55316357450655,0.35011640785726716,medium,0.34892686568196707,landsat_gee,True
NSR-GRID-003,LC09_L2SP_176039_20250727_20250729_02_T1,2025-07-27,-3.6104853440683016,-3.6408688832422973,45.94793352912568,0.29386894611080305,low,0.03038353917399572,landsat_gee,True
NSR-GRID-004,LC09_L2SP_176039_20250727_20250729_02_T1,2025-07-27,-2.218280609140216,-2.2661936215936995,47.34013826405376,0.2952909041608749,low,0.04791301245348345,landsat_gee,True
NSR-GRID-006,LC09_L2SP_176039_20250727_20250729_02_T1,2025-07-27,-2.9730169437643,-3.045816377398629,46.58540192942968,0.3919133383177269,medium,0.07279943363432917,landsat_gee,True
NSR-GRID-007,LC09_L2SP_176039_20250727_20250729_02_T1,2025-07-27,-2.71490007698268,-2.7425921533766586,46.8435187962113,0.3589952121349017,medium,0.02769207639397875,landsat_gee,True
NSR-GRID-008,LC09_L2SP_176039_20250727_20250729_02_T1,2025-07-27,-3.3216925473979373,-3.2887856201839867,46.23672632579604,0.3663763093061166,medium,-0.03290692721395061,landsat_gee,True
NSR-GRID-009,LC09_L2SP_176039_20250727_20250729_02_T1,2025-07-27,-3.210627573519986,-3.236772175014106,46.34779129967399,0.3834414389104085,medium,0.026144601494120234,landsat_gee,True
NSR-GRID-010,LC09_L2SP_176039_20250727_20250729_02_T1,2025-07-27,-1.2730132369536804,-1.1888373870126607,48.2854056362403,0.32773251581324986,low,-0.08417584994101968,landsat_gee,True
NSR-GRID-011,LC09_L2SP_176039_20250727_20250729_02_T1,2025-07-27,-2.4767984323999244,-2.8845781849718204,47.081620440794055,0.354344619354968,medium,0.407779752571896,landsat_gee,True
NSR-GRID-012,LC09_L2SP_176039_20250727_20250729_02_T1,2025-07-27,-0.289259535355427,-0.506264901945221,49.26915933783855,0.35151796278295855,medium,0.21700536658979402,landsat_gee,True
NSR-GRID-013,LC09_L2SP_176039_20250727_20250729_02_T1,2025-07-27,-0.353947243163887,-0.37553374698331066,49.20447163003009,0.3415752125200471,low,0.021586503819423675,landsat_gee,True
NSR-GRID-014,LC09_L2SP_176039_20250727_20250729_02_T1,2025-07-27,2.558113578762203,2.796252054282476,52.11653245195618,0.35417709903779393,medium,-0.23813847552027267,landsat_gee,True
NSR-GRID-015,LC09_L2SP_176039_20250727_20250729_02_T1,2025-07-27,0.8428647823969868,1.4751955119044189,50.401283655590966,0.27880570556271006,low,-0.6323307295074321,landsat_gee,True
NSR-GRID-016,LC09_L2SP_176039_20250727_20250729_02_T1,2025-07-27,-0.9211313606748136,-1.1719137502030954,48.637287512519165,0.24363874913645808,low,0.2507823895282818,landsat_gee,True
NSR-GRID-017,LC09_L2SP_176039_20250727_20250729_02_T1,2025-07-27,-1.6994946974049867,-1.1078078543125893,47.85892417578899,0.2682259186988142,low,-0.5916868430923974,landsat_gee,True
NSR-GRID-018,LC09_L2SP_176039_20250727_20250729_02_T1,2025-07-27,1.5675255167016218,1.8943954251121933,51.1259443898956,0.3128262586550149,low,-0.3268699084105715,landsat_gee,True
NSR-GRID-019,LC09_L2SP_176039_20250727_20250729_02_T1,2025-07-27,-0.9469615958844032,-0.4594924855191356,48.611457277309576,0.33259374107299716,low,-0.48746911036526763,landsat_gee,True
NSR-GRID-020,LC09_L2SP_176039_20250727_20250729_02_T1,2025-07-27,1.4127643383196684,1.911492844768511,50.97118321151365,0.2547411692565017,low,-0.4987285064488425,landsat_gee,True
NSR-GRID-021,LC09_L2SP_176039_20250727_20250729_02_T1,2025-07-27,-0.961698779599601,-0.12116031501967317,48.59672009359438,0.2623852038938306,low,-0.8405384645799279,landsat_gee,True
NSR-GRID-022,LC09_L2SP_176039_20250727_20250729_02_T1,2025-07-27,-0.5627880490939532,0.31525998354811546,48.995630824100026,0.2745770914150819,low,-0.8780480326420687,landsat_gee,True
NSR-GRID-024,LC09_L2SP_176039_20250727_20250729_02_T1,2025-07-27,-1.5048901792687914,-1.5642993947575758,48.05352869392519,0.3578964811687739,medium,0.05940921548878442,landsat_gee,True
NSR-GRID-025,LC09_L2SP_176039_20250727_20250729_02_T1,2025-07-27,-1.497773100679872,-1.263559998602254,48.06064577251411,0.3466762846833329,low,-0.23421310207761792,landsat_gee,True
NSR-GRID-026,LC09_L2SP_176039_20250727_20250729_02_T1,2025-07-27,-1.89838858088136,-1.7208937002182354,47.66003029231262,0.2978004726303803,low,-0.1774948806631247,landsat_gee,True
NSR-GRID-027,LC09_L2SP_176039_20250727_20250729_02_T1,2025-07-27,-1.7599938573993086,-2.0598623975976587,47.79842501579467,0.35043463102840583,medium,0.2998685401983501,landsat_gee,True
NSR-GRID-028,LC09_L2SP_176039_20250727_20250729_02_T1,2025-07-27,-2.2445443495587014,-2.256355178722696,47.31387452363528,0.3836920088601419,medium,0.011810829163994452,landsat_gee,True
NSR-GRID-029,LC09_L2SP_176039_20250727_20250729_02_T1,2025-07-27,-1.300038814540251,-1.3882091764235134,48.25838005865373,0.373882513975248,medium,0.08817036188326233,landsat_gee,True
NSR-GRID-030,LC09_L2SP_176039_20250727_20250729_02_T1,2025-07-27,-1.0045081370023397,-1.1572812817034714,48.55391073619164,0.34927605210298507,low,0.1527731447011318,landsat_gee,True
NSR-GRID-031,LC09_L2SP_176039_20250727_20250729_02_T1,2025-07-27,0.3625980381322691,0.2758061646431503,49.92101691132625,0.32496807111523696,low,0.08679187348911882,landsat_gee,True
NSR-GRID-032,LC09_L2SP_176039_20250727_20250729_02_T1,2025-07-27,0.6137101929740396,0.5684763630774363,50.17212906616802,0.3697177392955965,medium,0.045233829896603295,landsat_gee,True
NSR-GRID-033,LC09_L2SP_176039_20250727_20250729_02_T1,2025-07-27,3.0762401743684933,3.1428121422949222,52.63465904756247,0.32728452546610454,low,-0.06657196792642894,landsat_gee,True
NSR-GRID-034,LC09_L2SP_176039_20250727_20250729_02_T1,2025-07-27,1.4267517832736374,1.5962914529730658,50.985170656467616,0.3139826736963289,low,-0.16953966969942846,landsat_gee,True
NSR-GRID-035,LC09_L2SP_176039_20250727_20250729_02_T1,2025-07-27,2.20166822695014,2.493084595178699,51.76008710014412,0.3146914213003266,low,-0.29141636822855865,landsat_gee,True
NSR-GRID-036,LC09_L2SP_176039_20250727_20250729_02_T1,2025-07-27,2.891039130820204,2.6599577809427934,52.44945800401418,0.31677306057009674,low,0.2310813498774107,landsat_gee,True
NSR-GRID-037,LC09_L2SP_176039_20250727_20250729_02_T1,2025-07-27,1.8808994086173956,1.9410766561522477,51.439318281811374,0.33612890026935643,low,-0.060177247534852096,landsat_gee,True
NSR-GRID-038,LC09_L2SP_176039_20250727_20250729_02_T1,2025-07-27,1.5669155773337948,2.031986915228,51.125334450527774,0.3494036075749815,low,-0.4650713378942051,landsat_gee,True
NSR-GRID-039,LC09_L2SP_176039_20250727_20250729_02_T1,2025-07-27,1.2217881336857488,1.4873890975695572,50.78020700687973,0.3819663893629515,medium,-0.2656009638838084,landsat_gee,True
NSR-GRID-040,LC09_L2SP_176039_20250727_20250729_02_T1,2025-07-27,0.5545552309075248,0.9942059394410189,50.112974104101504,0.381050071636735,medium,-0.4396507085334941,landsat_gee,True
NSR-GRID-041,LC09_L2SP_176039_20250727_20250729_02_T1,2025-07-27,-2.156818799775472,-2.076786825587767,47.40160007341851,0.3467730797547054,low,-0.08003197418770513,landsat_gee,True
NSR-GRID-042,LC09_L2SP_176039_20250727_20250729_02_T1,2025-07-27,1.8374883366899084,1.7142112269053584,51.39590720988389,0.3206149876867843,low,0.12327710978454998,landsat_gee,True
NSR-GRID-043,LC09_L2SP_176039_20250727_20250729_02_T1,2025-07-27,1.415223849477627,1.5168143200830981,50.973642722671606,0.3467438278490329,low,-0.1015904706054711,landsat_gee,True
NSR-GRID-044,LC09_L2SP_176039_20250727_20250729_02_T1,2025-07-27,-1.5453738571644706,-1.3847099719901843,48.01304501602951,0.478944910107706,medium,-0.16066388517428631,landsat_gee,True
NSR-GRID-045,LC09_L2SP_176039_20250727_20250729_02_T1,2025-07-27,1.4756600515217215,1.4239340779623477,51.0340789247157,0.2663604335637483,low,0.051725973559373806,landsat_gee,True
NSR-GRID-046,LC09_L2SP_176039_20250727_20250729_02_T1,2025-07-27,1.7261278083980756,1.490551626172335,51.284546681592055,0.35334086636380124,medium,0.2355761822257405,landsat_gee,True
NSR-GRID-047,LC09_L2SP_176039_20250727_20250729_02_T1,2025-07-27,1.2340214099351383,1.4748362178693828,50.79244028312912,0.2402394712088275,low,-0.24081480793424448,landsat_gee,True
NSR-GRID-048,LC09_L2SP_176039_20250727_20250729_02_T1,2025-07-27,1.342987466551051,1.5343154383038182,50.90140633974503,0.3906906973470382,medium,-0.19132797175276717,landsat_gee,True
NSR-GRID-049,LC09_L2SP_176039_20250727_20250729_02_T1,2025-07-27,1.2896570376238543,1.3068631573026697,50.84807591081783,0.24308290879457062,low,-0.017206119678815357,landsat_gee,True
NSR-GRID-050,LC09_L2SP_176039_20250727_20250729_02_T1,2025-07-27,1.7574409093244725,1.5637574108149253,51.31585978251845,0.3679975107163321,medium,0.19368349850954725,landsat_gee,True
NSR-GRID-051,LC09_L2SP_176039_20250727_20250729_02_T1,2025-07-27,0.5093244303349636,0.5621405341677097,50.06774330352894,0.20671961358539526,low,-0.05281610383274615,landsat_gee,True
NSR-GRID-052,LC09_L2SP_176039_20250727_20250729_02_T1,2025-07-27,-3.399571309718098,-3.092587841085271,46.15884756347588,0.32302220734194875,low,-0.306983468632827,landsat_gee,True
NSR-GRID-053,LC09_L2SP_176039_20250727_20250729_02_T1,2025-07-27,0.4819074065900821,0.6712314334902854,50.04032627978406,0.22029787176688764,low,-0.18932402690020328,landsat_gee,True
NSR-GRID-054,LC09_L2SP_176039_20250727_20250729_02_T1,2025-07-27,-3.028610260153364,-3.109937557904958,46.529808613040615,0.34654535820436133,low,0.08132729775159397,landsat_gee,True
NSR-GRID-055,LC09_L2SP_176039_20250727_20250729_02_T1,2025-07-27,-0.8927174810206822,-1.2444615844713955,48.6657013921733,0.3212199458683346,low,0.3517441034507134,landsat_gee,True
NSR-GRID-056,LC09_L2SP_176039_20250727_20250729_02_T1,2025-07-27,0.3793239699927326,0.36152013467867095,49.93774284318671,0.3623777425872997,medium,0.017803835314061656,landsat_gee,True
NSR-GRID-057,LC09_L2SP_176039_20250727_20250729_02_T1,2025-07-27,-0.5027563445027639,-0.6849123372530433,49.055662528691215,0.356347206329138,medium,0.1821559927502795,landsat_gee,True
NSR-GRID-058,LC09_L2SP_176039_20250727_20250729_02_T1,2025-07-27,-1.8860088810706583,-1.839887545782517,47.67240999212332,0.34130629946649343,low,-0.04612133528814133,landsat_gee,True
NSR-GRID-059,LC09_L2SP_176039_20250727_20250729_02_T1,2025-07-27,-1.4638427722730825,-1.230052067888154,48.0945761009209,0.35278729956955585,medium,-0.23379070438492855,landsat_gee,True
NSR-GRID-060,LC09_L2SP_176039_20250727_20250729_02_T1,2025-07-27,-1.2153596421173771,-1.0090178042979763,48.3430592310766,0.36734719451964454,medium,-0.20634183781940085,landsat_gee,True
NSR-GRID-061,LC09_L2SP_176039_20250727_20250729_02_T1,2025-07-27,0.802972581236773,1.2754787703309152,50.36139145443075,0.29052221405071504,low,-0.4725061890941422,landsat_gee,True
NSR-GRID-062,LC09_L2SP_176039_20250727_20250729_02_T1,2025-07-27,0.7038380513041034,1.0050138620760194,50.26225692449808,0.31816094373483955,low,-0.301175810771916,landsat_gee,True
NSR-GRID-063,LC09_L2SP_176039_20250727_20250729_02_T1,2025-07-27,2.439525324755003,2.164486471424784,51.99794419794898,0.3548401754349138,medium,0.27503885333021927,landsat_gee,True
NSR-GRID-064,LC09_L2SP_176039_20250727_20250729_02_T1,2025-07-27,1.545545142520652,1.202367652223111,51.10396401571463,0.3396267167095167,low,0.34317749029754085,landsat_gee,True
NSR-GRID-065,LC09_L2SP_176039_20250727_20250729_02_T1,2025-07-27,-0.2012630546930793,-0.883296277697923,49.3571558185009,0.41142607288584454,medium,0.6820332230048436,landsat_gee,True
NSR-GRID-066,LC09_L2SP_176039_20250727_20250729_02_T1,2025-07-27,2.912673829319111,2.4969765320176545,52.47109270251309,0.31164051493929706,low,0.41569729730145655,landsat_gee,True
NSR-GRID-067,LC09_L2SP_176039_20250727_20250729_02_T1,2025-07-27,1.3303860038804274,1.5457547558263052,50.888804877074406,0.3074866012032814,low,-0.2153687519458778,landsat_gee,True
NSR-GRID-068,LC09_L2SP_176039_20250727_20250729_02_T1,2025-07-27,-1.5313931168701205,-1.2815841850627259,48.02702575632386,0.48129288373746576,medium,-0.2498089318073946,landsat_gee,True
NSR-GRID-069,LC09_L2SP_176039_20250727_20250729_02_T1,2025-07-27,-0.4381162120644717,-0.32074083462891434,49.12030266112951,0.38777817222135486,medium,-0.11737537743555737,landsat_gee,True
NSR-GRID-070,LC09_L2SP_176039_20250727_20250729_02_T1,2025-07-27,1.2467206219561504,1.510161104707707,50.80513949515013,0.3361832760652545,low,-0.2634404827515566,landsat_gee,True
NSR-GRID-071,LC09_L2SP_176039_20250727_20250729_02_T1,2025-07-27,1.4573298821980671,1.6707837936338203,51.015748755392046,0.3281903052976722,low,-0.2134539114357532,landsat_gee,True
NSR-GRID-072,LC09_L2SP_176039_20250727_20250729_02_T1,2025-07-27,1.2830284432317782,1.3546806953782304,50.84144731642576,0.24629345083986842,low,-0.07165225214645221,landsat_gee,True
NSR-GRID-073,LC09_L2SP_176039_20250727_20250729_02_T1,2025-07-27,1.50672601106875,1.1844844761331383,51.06514488426273,0.2597712890661016,low,0.3222415349356116,landsat_gee,True
NSR-GRID-074,LC09_L2SP_176039_20250727_20250729_02_T1,2025-07-27,1.085573038790436,0.989615562658494,50.643991911984415,0.23135757982512112,low,0.09595747613194205,landsat_gee,True
NSR-GRID-075,LC09_L2SP_176039_20250727_20250729_02_T1,2025-07-27,1.0838412912531794,1.1025390768636165,50.64226016444716,0.25783406284089394,low,-0.018697785610437112,landsat_gee,True
NSR-GRID-076,LC09_L2SP_176039_20250727_20250729_02_T1,2025-07-27,0.8791373423812487,0.8016440427180397,50.43755621557523,0.24566184024198445,low,0.07749329966320906,landsat_gee,True
NSR-GRID-077,LC09_L2SP_176039_20250727_20250729_02_T1,2025-07-27,-0.7745734814349987,-0.6123546569905498,48.78384539175898,0.17779111105876297,low,-0.1622188244444489,landsat_gee,True
NSR-GRID-079,LC09_L2SP_176039_20250727_20250729_02_T1,2025-07-27,0.1137492341705979,0.30274906903900356,49.67216810736458,0.22920909793684893,low,-0.18899983486840566,landsat_gee,True
NSR-GRID-080,LC09_L2SP_176039_20250727_20250729_02_T1,2025-07-27,-3.1451881402933424,-2.954453733625389,46.41323073290064,0.31444023046234143,low,-0.1907344066679535,landsat_gee,True
NSR-GRID-081,LC09_L2SP_176039_20250727_20250729_02_T1,2025-07-27,0.5485149785978578,0.317887146698337,50.10693385179184,0.23770447050296015,low,0.2306278318995208,landsat_gee,True
NSR-GRID-082,LC09_L2SP_176039_20250727_20250729_02_T1,2025-07-27,-0.931565600171453,-0.8988816156181462,48.626853273022526,0.37500313502265264,medium,-0.03268398455330679,landsat_gee,True
NSR-GRID-083,LC09_L2SP_176039_20250727_20250729_02_T1,2025-07-27,-0.3105156421328203,-0.2884871951282357,49.24790323106116,0.36510221658604286,medium,-0.022028447004584617,landsat_gee,True
NSR-GRID-084,LC09_L2SP_176039_20250727_20250729_02_T1,2025-07-27,0.5108580353594405,0.4050902871672313,50.06927690855342,0.37622078898919353,medium,0.10576774819220924,landsat_gee,True
NSR-GRID-085,LC09_L2SP_176039_20250727_20250729_02_T1,2025-07-27,-1.3129843792637246,-1.183573082859834,48.245434493930254,0.3872784376156421,medium,-0.12941129640389049,landsat_gee,True
NSR-GRID-086,LC09_L2SP_176039_20250727_20250729_02_T1,2025-07-27,-1.5465882388117578,-1.146539965560913,48.01183063438222,0.37199661784650273,medium,-0.4000482732508448,landsat_gee,True
NSR-GRID-087,LC09_L2SP_176039_20250727_20250729_02_T1,2025-07-27,-2.3067106418426064,-1.7002937339890065,47.25170823135137,0.36355128537782,medium,-0.6064169078535999,landsat_gee,True
NSR-GRID-088,LC09_L2SP_176039_20250727_20250729_02_T1,2025-07-27,-0.7380672017084606,-0.28942534670708064,48.82035167148552,0.3823904600129296,medium,-0.44864185500138,landsat_gee,True
NSR-GRID-089,LC09_L2SP_176039_20250727_20250729_02_T1,2025-07-27,-1.3758294424902573,-1.2523535106042047,48.18258943070372,0.319776467648111,low,-0.12347593188605255,landsat_gee,True
NSR-GRID-090,LC09_L2SP_176039_20250727_20250729_02_T1,2025-07-27,0.0713367644141982,0.07033124965911453,49.62975563760818,0.3063307985613151,low,0.0010055147550836752,landsat_gee,True
NSR-GRID-091,LC09_L2SP_176039_20250727_20250729_02_T1,2025-07-27,1.7339285152578228,1.2561350182755617,51.2923473884518,0.34575820671026564,low,0.47779349698226103,landsat_gee,True
NSR-GRID-092,LC09_L2SP_176039_20250727_20250729_02_T1,2025-07-27,-1.160023931860373,-1.5804112484065433,48.398394941333606,0.4227646072403601,medium,0.42038731654617045,landsat_gee,True
NSR-GRID-093,LC09_L2SP_176039_20250727_20250729_02_T1,2025-07-27,-0.2928751154912703,-0.39393710437170915,49.26554375770271,0.38936651266319544,medium,0.10106198888043882,landsat_gee,True
NSR-GRID-094,LC09_L2SP_176039_20250727_20250729_02_T1,2025-07-27,-1.59283880137167,-1.562380234380773,47.96558007182231,0.39509460836523147,medium,-0.030458566990897218,landsat_gee,True
NSR-GRID-095,LC09_L2SP_176039_20250727_20250729_02_T1,2025-07-27,-0.4138777847576378,-0.6888117120568913,49.14454108843634,0.3687319504783463,medium,0.2749339272992535,landsat_gee,True
NSR-GRID-096,LC09_L2SP_176039_20250727_20250729_02_T1,2025-07-27,-0.50792986621871,-0.7460282278649852,49.05048900697527,0.4404256120212168,medium,0.2380983616462753,landsat_gee,True
NSR-GRID-097,LC09_L2SP_176039_20250727_20250729_02_T1,2025-07-27,-0.3784082609289072,-0.28248346849623696,49.18001061226507,0.31450737645293303,low,-0.09592479243267027,landsat_gee,True
NSR-GRID-098,LC09_L2SP_176039_20250727_20250729_02_T1,2025-07-27,-0.7928687181486893,-0.818214689561215,48.76555015504529,0.31636686718640555,low,0.025345971412525703,landsat_gee,True
NSR-GRID-099,LC09_L2SP_176039_20250727_20250729_02_T1,2025-07-27,-1.7357596166018825,-1.4869369381973185,47.8226592565921,0.2727214582495326,low,-0.24882267840456396,landsat_gee,True
NSR-GRID-100,LC09_L2SP_176039_20250727_20250729_02_T1,2025-07-27,-1.4539245527332625,-1.731334667402715,48.10449432046072,0.1949076877395347,low,0.27741011466945253,landsat_gee,True
NSR-GRID-101,LC09_L2SP_176039_20250727_20250729_02_T1,2025-07-27,-1.3107463626151912,-1.4846770151614554,48.24767251057879,0.15804354850820437,low,0.17393065254626427,landsat_gee,True
NSR-GRID-102,LC09_L2SP_176039_20250727_20250729_02_T1,2025-07-27,1.079962456362196,0.8145565789793721,50.638381329556175,0.20645959424346724,low,0.26540587738282384,landsat_gee,True
NSR-GRID-103,LC09_L2SP_176039_20250727_20250729_02_T1,2025-07-27,0.5010325300885512,0.39046203769693283,50.05945140328253,0.23208858015495962,low,0.11057049239161837,landsat_gee,True
NSR-GRID-104,LC09_L2SP_176039_20250727_20250729_02_T1,2025-07-27,1.9797400814081167,1.659764337724009,51.538158954602096,0.2485201279697447,low,0.31997574368410775,landsat_gee,True
NSR-GRID-105,LC09_L2SP_176039_20250727_20250729_02_T1,2025-07-27,-3.077628401552076,-2.7918122279708113,46.4807904716419,0.3060389638747478,low,-0.28581617358126454,landsat_gee,True
NSR-GRID-106,LC09_L2SP_176039_20250727_20250729_02_T1,2025-07-27,0.9547666512741416,0.4484880931860117,50.51318552446812,0.22590660788167016,low,0.5062785580881299,landsat_gee,True
NSR-GRID-107,LC09_L2SP_176039_20250727_20250729_02_T1,2025-07-27,-2.376761934730389,-2.1406404702267148,47.18165693846359,0.3824198375730782,medium,-0.23612146450367444,landsat_gee,True
NSR-GRID-108,LC09_L2SP_176039_20250727_20250729_02_T1,2025-07-27,-2.8279289980115365,-2.334827816107506,46.73048987518244,0.35969339278839124,medium,-0.49310118190403074,landsat_gee,True
NSR-GRID-109,LC09_L2SP_176039_20250727_20250729_02_T1,2025-07-27,-3.062253171710232,-2.906809262616814,46.49616570148375,0.37651175917822044,medium,-0.15544390909341788,landsat_gee,True
NSR-GRID-110,LC09_L2SP_176039_20250727_20250729_02_T1,2025-07-27,-2.631534257524848,-2.7280885626149014,46.92688461566913,0.370200707701559,medium,0.09655430509005347,landsat_gee,True
NSR-GRID-111,LC09_L2SP_176039_20250727_20250729_02_T1,2025-07-27,-2.5635284664891813,-2.7410087482498247,46.9948904067048,0.36906866661525906,medium,0.17748028176064334,landsat_gee,True
NSR-GRID-112,LC09_L2SP_176039_20250727_20250729_02_T1,2025-07-27,-1.8439833121261413,-2.0316104115383515,47.71443556106784,0.42156636124327995,medium,0.18762709941221023,landsat_gee,True
NSR-GRID-113,LC09_L2SP_176039_20250727_20250729_02_T1,2025-07-27,-3.338824301668936,-3.531869512531821,46.21959457152504,0.3469642562054624,low,0.19304521086288506,landsat_gee,True
NSR-GRID-114,LC09_L2SP_176039_20250727_20250729_02_T1,2025-07-27,-3.217394592288628,-3.273847209156033,46.34102428090535,0.36412033769889557,medium,0.05645261686740488,landsat_gee,True
NSR-GRID-115,LC09_L2SP_176039_20250727_20250729_02_T1,2025-07-27,-1.50315256353079,-1.7284089939002731,48.05526630966319,0.372913387145903,medium,0.22525643036948306,landsat_gee,True
NSR-GRID-116,LC09_L2SP_176039_20250727_20250729_02_T1,2025-07-27,0.5498258873285806,0.35819932052147296,50.10824476052256,0.3640261580405199,medium,0.19162656680710766,landsat_gee,True
NSR-GRID-117,LC09_L2SP_176039_20250727_20250729_02_T1,2025-07-27,1.1822008625073437,0.9082078414202774,50.74061973570132,0.2946598314681946,low,0.27399302108706625,landsat_gee,True
NSR-GRID-118,LC09_L2SP_176039_20250727_20250729_02_T1,2025-07-27,0.0393181266668278,0.21401915608485778,49.59773699986081,0.3187263087138613,low,-0.17470102941802998,landsat_gee,True
NSR-GRID-119,LC09_L2SP_176039_20250727_20250729_02_T1,2025-07-27,-3.516054845096562,-3.7479139300713737,46.04236402809742,0.4719968292065584,medium,0.23185908497481167,landsat_gee,True
NSR-GRID-120,LC09_L2SP_176039_20250727_20250729_02_T1,2025-07-27,-2.7875774867078604,-3.4484509512522026,46.77084138648612,0.5004771840704976,medium,0.6608734645443421,landsat_gee,True
NSR-GRID-121,LC09_L2SP_176039_20250727_20250729_02_T1,2025-07-27,-0.5423197956498171,-0.9963349327793349,49.01609907754416,0.4564807777345889,medium,0.4540151371295178,landsat_gee,True
NSR-GRID-122,LC09_L2SP_176039_20250727_20250729_02_T1,2025-07-27,-0.8320569741544617,-1.1204642998081726,48.72636189903952,0.33696940634028205,low,0.28840732565371097,landsat_gee,True
NSR-GRID-123,LC09_L2SP_176039_20250727_20250729_02_T1,2025-07-27,-0.7558548454026166,-1.0297206341112708,48.80256402779136,0.3492882334939913,low,0.2738657887086542,landsat_gee,True
NSR-GRID-124,LC09_L2SP_176039_20250727_20250729_02_T1,2025-07-27,-1.373737664005077,-1.279995901206456,48.1846812091889,0.3194062767669668,low,-0.09374176279862101,landsat_gee,True
NSR-GRID-125,LC09_L2SP_176039_20250727_20250729_02_T1,2025-07-27,-1.7274585855836833,-1.8468458391512248,47.830960287610296,0.18868558586936707,low,0.11938725356754154,landsat_gee,True
NSR-GRID-126,LC09_L2SP_176039_20250727_20250729_02_T1,2025-07-27,0.7935072537037016,0.6850984261955381,50.35192612689768,0.2233972255906568,low,0.1084088275081635,landsat_gee,True
NSR-GRID-127,LC09_L2SP_176039_20250727_20250729_02_T1,2025-07-27,1.8977432258167823,1.3892639251473322,51.45616209901076,0.23268124262247672,low,0.5084793006694501,landsat_gee,True
NSR-GRID-128,LC09_L2SP_176039_20250727_20250729_02_T1,2025-07-27,-2.9752552811123323,-2.71214054839707,46.58316359208165,0.21830688073086674,low,-0.2631147327152621,landsat_gee,True
NSR-GRID-129,LC09_L2SP_176039_20250727_20250729_02_T1,2025-07-27,0.6201974100789442,0.19811231931894227,50.17861628327292,0.23820049885556235,low,0.422085090760002,landsat_gee,True
NSR-GRID-130,LC09_L2SP_176039_20250727_20250729_02_T1,2025-07-27,-2.5007771576635776,-2.0765561074321135,47.0576417155304,0.37157031191981155,medium,-0.42422105023146406,landsat_gee,True
NSR-GRID-131,LC09_L2SP_176039_20250727_20250729_02_T1,2025-07-27,-0.7890766390189725,-0.9949553752934284,48.76934223417501,0.1968099250475546,low,0.20587873627445585,landsat_gee,True
NSR-GRID-132,LC09_L2SP_176039_20250727_20250729_02_T1,2025-07-27,-3.6216821627610183,-3.2481624411558037,45.93673671043296,0.35995848260242497,medium,-0.3735197216052146,landsat_gee,True
NSR-GRID-133,LC09_L2SP_176039_20250727_20250729_02_T1,2025-07-27,-3.259308175899484,-3.0305281062376035,46.299110697294495,0.3763991404084462,medium,-0.2287800696618807,landsat_gee,True
NSR-GRID-134,LC09_L2SP_176039_20250727_20250729_02_T1,2025-07-27,-2.692578872509422,-2.7260423713535533,46.86584000068456,0.36668257383065683,medium,0.033463498844131134,landsat_gee,True
NSR-GRID-135,LC09_L2SP_176039_20250727_20250729_02_T1,2025-07-27,-2.403305311274352,-2.7532061866975472,47.15511356191963,0.35528488606941483,medium,0.34990087542319515,landsat_gee,True
NSR-GRID-136,LC09_L2SP_176039_20250727_20250729_02_T1,2025-07-27,-2.9690076675939,-2.891950188651971,46.58941120560008,0.2465346432005368,low,-0.07705747894192916,landsat_gee,True
NSR-GRID-137,LC09_L2SP_176039_20250727_20250729_02_T1,2025-07-27,-3.0020977017196486,-3.0288346693690236,46.55632117147433,0.3576987136044341,medium,0.026736967649374943,landsat_gee,True
NSR-GRID-138,LC09_L2SP_176039_20250727_20250729_02_T1,2025-07-27,-3.262004279282067,-3.33974900996784,46.29641459391191,0.34993227230939444,low,0.07774473068577326,landsat_gee,True
NSR-GRID-139,LC09_L2SP_176039_20250727_20250729_02_T1,2025-07-27,-1.741006199513187,-1.8354461075354753,47.81741267368079,0.39057956619927503,medium,0.09443990802228841,landsat_gee,True
NSR-GRID-140,LC09_L2SP_176039_20250727_20250729_02_T1,2025-07-27,1.9430921530604977,1.804195395315774,51.50151102625448,0.26523585316688914,low,0.13889675774472354,landsat_gee,True
NSR-GRID-141,LC09_L2SP_176039_20250727_20250729_02_T1,2025-07-27,2.1632841232181192,2.1861853266489453,51.7217029964121,0.2474205412283572,low,-0.022901203430826023,landsat_gee,True
NSR-GRID-142,LC09_L2SP_176039_20250727_20250729_02_T1,2025-07-27,-0.2085123850850507,-0.28969149852825476,49.34990648810893,0.3148115919335342,low,0.08117911344320405,landsat_gee,True
NSR-GRID-143,LC09_L2SP_176039_20250727_20250729_02_T1,2025-07-27,-1.895189354287773,-2.1537955265341893,47.663229518906206,0.42819051015172893,medium,0.25860617224641635,landsat_gee,True
NSR-GRID-144,LC09_L2SP_176039_20250727_20250729_02_T1,2025-07-27,-2.831970904315604,-3.456908087740693,46.726447968878375,0.4773513445974641,medium,0.624937183425089,landsat_gee,True
NSR-GRID-145,LC09_L2SP_176039_20250727_20250729_02_T1,2025-07-27,-1.3202269170326062,-1.7602850337647442,48.23819195616137,0.4279488931690655,medium,0.440058116732138,landsat_gee,True
NSR-GRID-146,LC09_L2SP_176039_20250727_20250729_02_T1,2025-07-27,-1.2848962410363782,-1.08902933633694,48.2735226321576,0.32240947378784685,low,-0.19586690469943813,landsat_gee,True
NSR-GRID-147,LC09_L2SP_176039_20250727_20250729_02_T1,2025-07-27,-1.1809360427940518,-1.063534341707877,48.37748283039993,0.3259684522132671,low,-0.11740170108617476,landsat_gee,True
NSR-GRID-148,LC09_L2SP_176039_20250727_20250729_02_T1,2025-07-27,-1.5303830420087865,-1.0401778973016373,48.02803583118519,0.28677613764138066,low,-0.49020514470714915,landsat_gee,True
NSR-GRID-149,LC09_L2SP_176039_20250727_20250729_02_T1,2025-07-27,-2.473234856731011,-2.3194386557812514,47.08518401646297,0.31047510950956764,low,-0.15379620094975976,landsat_gee,True
NSR-GRID-150,LC09_L2SP_176039_20250727_20250729_02_T1,2025-07-27,-2.307776461284284,-2.6385732475989547,47.250642411909695,0.24506165539837585,low,0.3307967863146706,landsat_gee,True
NSR-GRID-151,LC09_L2SP_176039_20250727_20250729_02_T1,2025-07-27,-0.9961902496898816,-0.8098583075217294,48.5622286235041,0.20618928254649793,low,-0.1863319421681522,landsat_gee,True
NSR-GRID-152,LC09_L2SP_176039_20250727_20250729_02_T1,2025-07-27,-2.015086301631136,-1.705135578824877,47.54333257156284,0.36234669337329245,medium,-0.3099507228062588,landsat_gee,True
NSR-GRID-153,LC09_L2SP_176039_20250727_20250729_02_T1,2025-07-27,-2.959613502176012,-2.818788112063642,46.59880537101797,0.3818419880985505,medium,-0.14082539011236994,landsat_gee,True
NSR-GRID-154,LC09_L2SP_176039_20250727_20250729_02_T1,2025-07-27,-2.8877391765654963,-2.947339103335484,46.67067969662848,0.3667842477181765,medium,0.05959992676998782,landsat_gee,True
NSR-GRID-155,LC09_L2SP_176039_20250727_20250729_02_T1,2025-07-27,-3.5312895559140287,-3.488647644266831,46.02712931727995,0.36468746619405507,medium,-0.04264191164719788,landsat_gee,True
NSR-GRID-156,LC09_L2SP_176039_20250727_20250729_02_T1,2025-07-27,-3.6773366534456144,-3.671914083167015,45.881082219748365,0.34994725941009097,low,-0.00542257027859927,landsat_gee,True
NSR-GRID-157,LC09_L2SP_176039_20250727_20250729_02_T1,2025-07-27,-3.287444518652457,-3.175687656646953,46.27097435454152,0.33053062517484033,low,-0.11175686200550361,landsat_gee,True
NSR-GRID-158,LC09_L2SP_176039_20250727_20250729_02_T1,2025-07-27,-3.2124196769122264,-3.4206539119965993,46.34599919628175,0.36244628152989505,medium,0.2082342350843729,landsat_gee,True
NSR-GRID-159,LC09_L2SP_176039_20250727_20250729_02_T1,2025-07-27,-3.1692563983587263,-3.2373374710956098,46.38916247483525,0.3702108253170718,medium,0.06808107273688346,landsat_gee,True
NSR-GRID-160,LC09_L2SP_176039_20250727_20250729_02_T1,2025-07-27,-2.1753820691196,-2.3507119966732657,47.38303680407438,0.4193579151991031,medium,0.1753299275536655,landsat_gee,True
NSR-GRID-161,LC09_L2SP_176039_20250727_20250729_02_T1,2025-07-27,-0.4948079098822617,-1.0380592249658565,49.06361096331172,0.38019950784871526,medium,0.5432513150835947,landsat_gee,True
NSR-GRID-162,LC09_L2SP_176039_20250727_20250729_02_T1,2025-07-27,0.1953744017919163,-0.14916090180137817,49.753793274985895,0.3444215013413172,low,0.3445353035932945,landsat_gee,True
NSR-GRID-163,LC09_L2SP_176039_20250727_20250729_02_T1,2025-07-27,-0.4100291335895818,-0.8026641982265725,49.1483897396044,0.389971409002058,medium,0.3926350646369907,landsat_gee,True
NSR-GRID-164,LC09_L2SP_176039_20250727_20250729_02_T1,2025-07-27,-1.150196357422658,-1.6689635254334951,48.40822251577132,0.3829004129173901,medium,0.5187671680108372,landsat_gee,True
NSR-GRID-165,LC09_L2SP_176039_20250727_20250729_02_T1,2025-07-27,-2.930034997915968,-3.3372429066869413,46.62838387527801,0.4829565075918538,medium,0.40720790877097324,landsat_gee,True
NSR-GRID-166,LC09_L2SP_176039_20250727_20250729_02_T1,2025-07-27,-1.493649182209893,-1.685944232512229,48.064769690984086,0.44430302894934026,medium,0.19229505030233596,landsat_gee,True
NSR-GRID-167,LC09_L2SP_176039_20250727_20250729_02_T1,2025-07-27,-1.3606508547801184,-0.9526866360127136,48.19776801841386,0.35441358426217584,medium,-0.40796421876740474,landsat_gee,True
NSR-GRID-168,LC09_L2SP_176039_20250727_20250729_02_T1,2025-07-27,-0.9558190351458932,-0.9752313416181396,48.602599838048086,0.342139226878877,low,0.019412306472246454,landsat_gee,True
NSR-GRID-169,LC09_L2SP_176039_20250727_20250729_02_T1,2025-07-27,-1.0161937711434348,-1.0266493858539865,48.542225102050544,0.32171146009559887,low,0.010455614710551675,landsat_gee,True
NSR-GRID-170,LC09_L2SP_176039_20250727_20250729_02_T1,2025-07-27,-0.915832494844409,-1.3415148132891952,48.64258637834957,0.26701001622610876,low,0.4256823184447862,landsat_gee,True
NSR-GRID-171,LC09_L2SP_176039_20250727_20250729_02_T1,2025-07-27,-0.4948895918111162,-0.730131888302446,49.06352928138286,0.20675571439323312,low,0.23524229649132983,landsat_gee,True
NSR-GRID-172,LC09_L2SP_176039_20250727_20250729_02_T1,2025-07-27,-0.2774343269392432,-0.5370938497042991,49.280984546254736,0.1670724272177229,low,0.2596595227650559,landsat_gee,True
NSR-GRID-173,LC09_L2SP_176039_20250727_20250729_02_T1,2025-07-27,1.0032005888690063,0.8029449305363736,50.561619462062986,0.23852442312148192,low,0.2002556583326327,landsat_gee,True
NSR-GRID-174,LC09_L2SP_176039_20250727_20250729_02_T1,2025-07-27,-1.2604235678099158,-1.326070139879868,48.29799530538406,0.30841796093428275,low,0.06564657206995217,landsat_gee,True
NSR-GRID-175,LC09_L2SP_176039_20250727_20250729_02_T1,2025-07-27,-2.9230547142113465,-2.9939740212931714,46.63536415898263,0.35966610441640257,medium,0.07091930708182481,landsat_gee,True
NSR-GRID-176,LC09_L2SP_176039_20250727_20250729_02_T1,2025-07-27,-2.8341755630267684,-2.9318200292585104,46.72424331016721,0.3436952096023088,low,0.09764446623174194,landsat_gee,True
NSR-GRID-177,LC09_L2SP_176039_20250727_20250729_02_T1,2025-07-27,-3.1229813696623907,-2.8710860529888875,46.43543750353159,0.35591413044548503,medium,-0.2518953166735032,landsat_gee,True
NSR-GRID-178,LC09_L2SP_176039_20250727_20250729_02_T1,2025-07-27,-3.09550957378201,-2.997501939896112,46.46290929941197,0.35627717996971836,medium,-0.0980076338858984,landsat_gee,True
NSR-GRID-179,LC09_L2SP_176039_20250727_20250729_02_T1,2025-07-27,-3.201008412702357,-3.186765931707539,46.35741046049162,0.34763955525991797,low,-0.014242480994818063,landsat_gee,True
NSR-GRID-180,LC09_L2SP_176039_20250727_20250729_02_T1,2025-07-27,-2.9234468582774085,-3.138733862320252,46.63497201491657,0.3466725334657059,low,0.2152870040428434,landsat_gee,True
NSR-GRID-181,LC09_L2SP_176039_20250727_20250729_02_T1,2025-07-27,-1.967316852585924,-2.545812658955198,47.591102020608055,0.36839608273213476,medium,0.5784958063692742,landsat_gee,True
NSR-GRID-182,LC09_L2SP_176039_20250727_20250729_02_T1,2025-07-27,-1.4605614661554966,-2.1334776280048993,48.09785740703848,0.3946406927294394,medium,0.6729161618494026,landsat_gee,True
NSR-GRID-183,LC09_L2SP_176039_20250727_20250729_02_T1,2025-07-27,-0.6752945447053591,-1.3629945573350544,48.88312432848862,0.39367608253705344,medium,0.6877000126296953,landsat_gee,True
NSR-GRID-184,LC09_L2SP_176039_20250727_20250729_02_T1,2025-07-27,-1.2108221875942888,-1.253865961368575,48.34759668559969,0.3956802230858139,medium,0.04304377377428614,landsat_gee,True
NSR-GRID-185,LC09_L2SP_176039_20250727_20250729_02_T1,2025-07-27,-0.6938556725716438,-0.8961471811453396,48.864563200622335,0.3504510058978554,medium,0.20229150857369582,landsat_gee,True
NSR-GRID-186,LC09_L2SP_176039_20250727_20250729_02_T1,2025-07-27,-0.6057247530270686,-1.3512032500371611,48.95269412016691,0.41950458509641564,medium,0.7454784970100925,landsat_gee,True
NSR-GRID-187,LC09_L2SP_176039_20250727_20250729_02_T1,2025-07-27,-1.0352975037754817,-1.5369676643320473,48.5231213694185,0.46993021446936245,medium,0.5016701605565657,landsat_gee,True
NSR-GRID-188,LC09_L2SP_176039_20250727_20250729_02_T1,2025-07-27,-1.633342389188719,-1.9057737904180188,47.92507648400526,0.43344488579810403,medium,0.27243140122929965,landsat_gee,True
NSR-GRID-189,LC09_L2SP_176039_20250727_20250729_02_T1,2025-07-27,-2.4394913886561724,-2.511940822049108,47.11892748453781,0.44016173610503695,medium,0.07244943339293552,landsat_gee,True
NSR-GRID-190,LC09_L2SP_176039_20250727_20250729_02_T1,2025-07-27,-2.2659477267229704,-2.3710333620338426,47.29247114647101,0.35943528847040873,medium,0.10508563531087223,landsat_gee,True
NSR-GRID-191,LC09_L2SP_176039_20250727_20250729_02_T1,2025-07-27,-1.192228063916339,-1.498062707380299,48.36619080927764,0.3145098848056547,low,0.30583464346396005,landsat_gee,True
NSR-GRID-192,LC09_L2SP_176039_20250727_20250729_02_T1,2025-07-27,0.4255525512972369,0.3561008508940946,49.983971424491216,0.2221803195677329,low,0.0694517004031423,landsat_gee,True
NSR-GRID-193,LC09_L2SP_176039_20250727_20250729_02_T1,2025-07-27,-0.9329242389727668,-0.7598299753297095,48.62549463422121,0.36142868974276904,medium,-0.17309426364305724,landsat_gee,True
NSR-GRID-194,LC09_L2SP_176039_20250727_20250729_02_T1,2025-07-27,0.3787011987844408,0.4216780657288937,49.93712007197842,0.2651506311024939,low,-0.04297686694445291,landsat_gee,True
NSR-GRID-195,LC09_L2SP_176039_20250727_20250729_02_T1,2025-07-27,-2.915691873363947,-2.8592428657636475,46.64272699983003,0.3563084838156606,medium,-0.056449007600299694,landsat_gee,True
NSR-GRID-196,LC09_L2SP_176039_20250727_20250729_02_T1,2025-07-27,-0.7771504437613359,-0.6685909078455737,48.78126842943264,0.2621107142853867,low,-0.10855953591576217,landsat_gee,True
NSR-GRID-197,LC09_L2SP_176039_20250727_20250729_02_T1,2025-07-27,-3.157242120794912,-3.1245599764528844,46.40117675239907,0.3130755981282461,low,-0.03268214434202754,landsat_gee,True
NSR-GRID-198,LC09_L2SP_176039_20250727_20250729_02_T1,2025-07-27,-3.543716098255977,-3.153936722428699,46.014702774938,0.26096713104123637,low,-0.38977937582727806,landsat_gee,True
NSR-GRID-199,LC09_L2SP_176039_20250727_20250729_02_T1,2025-07-27,-3.3050425822750853,-3.478404285465941,46.253376290918894,0.37072232290900065,medium,0.17336170319085564,landsat_gee,True
NSR-GRID-200,LC09_L2SP_176039_20250727_20250729_02_T1,2025-07-27,-2.7017711586417974,-2.9395223182649937,46.85664771455218,0.3671719355053872,medium,0.23775115962319626,landsat_gee,True
NSR-GRID-201,LC09_L2SP_176039_20250727_20250729_02_T1,2025-07-27,-2.580226812766412,-2.7281511372669174,46.97819206042757,0.3982280810323715,medium,0.1479243245005053,landsat_gee,True
NSR-GRID-202,LC09_L2SP_176039_20250727_20250729_02_T1,2025-07-27,-1.3405650193645895,-2.1227427093134437,48.21785385382939,0.37434450667336666,medium,0.7821776899488542,landsat_gee,True
NSR-GRID-203,LC09_L2SP_176039_20250727_20250729_02_T1,2025-07-27,1.174674308421693,0.39076042149241846,50.73309318161567,0.4280806077994625,medium,0.7839138869292746,landsat_gee,True
NSR-GRID-204,LC09_L2SP_176039_20250727_20250729_02_T1,2025-07-27,-1.5007748769124802,-1.9514713999038047,48.0576439962815,0.37785516561746196,medium,0.45069652299132446,landsat_gee,True
NSR-GRID-205,LC09_L2SP_176039_20250727_20250729_02_T1,2025-07-27,-1.872107686964377,-1.7783249029526826,47.6863111862296,0.3853725576009932,medium,-0.09378278401169426,landsat_gee,True
NSR-GRID-206,LC09_L2SP_176039_20250727_20250729_02_T1,2025-07-27,-1.925393105254884,-1.9719749885624196,47.633025767939095,0.4080005989455913,medium,0.04658188330753554,landsat_gee,True
NSR-GRID-207,LC09_L2SP_176039_20250727_20250729_02_T1,2025-07-27,-1.299068103585597,-1.670638325703433,48.25935076960838,0.421797421367745,medium,0.37157022211783586,landsat_gee,True
NSR-GRID-208,LC09_L2SP_176039_20250727_20250729_02_T1,2025-07-27,-0.7289403938109871,-1.3724225311949787,48.82947847938299,0.43700709784794145,medium,0.6434821373839916,landsat_gee,True
NSR-GRID-209,LC09_L2SP_176039_20250727_20250729_02_T1,2025-07-27,-0.8040766500098684,-1.2118820733183353,48.75434222318411,0.4279632899043294,medium,0.4078054233084669,landsat_gee,True
NSR-GRID-210,LC09_L2SP_176039_20250727_20250729_02_T1,2025-07-27,-0.4395484796743218,-0.8361824621566895,49.11887039351966,0.4225644446993799,medium,0.39663398248236764,landsat_gee,True
NSR-GRID-211,LC09_L2SP_176039_20250727_20250729_02_T1,2025-07-27,-1.1816637920628068,-1.462401130735859,48.37675508113117,0.4287321917843129,medium,0.2807373386730523,landsat_gee,True
NSR-GRID-212,LC09_L2SP_176039_20250727_20250729_02_T1,2025-07-27,-0.4692229564121106,-0.39521329807623784,49.08919591678187,0.3656737636858976,medium,-0.07400965833587275,landsat_gee,True
NSR-GRID-213,LC09_L2SP_176039_20250727_20250729_02_T1,2025-07-27,0.0898756199033101,0.09188642517265211,49.64829449309729,0.2868730253554948,low,-0.0020108052693420114,landsat_gee,True
NSR-GRID-214,LC09_L2SP_176039_20250727_20250729_02_T1,2025-07-27,-3.900193465571057,-3.5733709137925564,45.65822540762292,0.38128978415405407,medium,-0.3268225517785006,landsat_gee,True
NSR-GRID-215,LC09_L2SP_176039_20250727_20250729_02_T1,2025-07-27,-3.879313319707272,-3.3576189122041713,45.67910555348671,0.32807842432854256,low,-0.5216944075031007,landsat_gee,True
NSR-GRID-216,LC09_L2SP_176039_20250727_20250729_02_T1,2025-07-27,-2.182261689753496,-2.288916101352916,47.37615718344048,0.3302969066866077,low,0.10665441159941969,landsat_gee,True
NSR-GRID-217,LC09_L2SP_176039_20250727_20250729_02_T1,2025-07-27,-2.211714414543991,-2.512073286697729,47.34670445864999,0.3870468327412274,medium,0.30035887215373824,landsat_gee,True
NSR-GRID-218,LC09_L2SP_176039_20250727_20250729_02_T1,2025-07-27,-1.6022424274779254,-2.1739222473346187,47.95617644571605,0.38332020009332496,medium,0.5716798198566932,landsat_gee,True
NSR-GRID-219,LC09_L2SP_176039_20250727_20250729_02_T1,2025-07-27,-0.7630676873933169,-1.2067233730644906,48.79535118580066,0.3911203440294514,medium,0.44365568567117375,landsat_gee,True
NSR-GRID-220,LC09_L2SP_176039_20250727_20250729_02_T1,2025-07-27,-0.1736249203634443,-0.6933872200965744,49.384793952830535,0.39987443520853017,medium,0.5197622997331302,landsat_gee,True
NSR-GRID-221,LC09_L2SP_176039_20250727_20250729_02_T1,2025-07-27,-0.4884528583142966,-1.0406244416391282,49.06996601487968,0.4077976988425495,medium,0.5521715833248315,landsat_gee,True
NSR-GRID-222,LC09_L2SP_176039_20250727_20250729_02_T1,2025-07-27,-1.2568943820608496,-1.132323836164918,48.30152449113313,0.4022960840041731,medium,-0.12457054589593164,landsat_gee,True
NSR-GRID-223,LC09_L2SP_176039_20250727_20250729_02_T1,2025-07-27,-1.871942726308724,-1.9134274913320493,47.686476146885255,0.4483046608975812,medium,0.04148476502332521,landsat_gee,True
NSR-GRID-224,LC09_L2SP_176039_20250727_20250729_02_T1,2025-07-27,-1.7432383573166843,-1.8296169512651983,47.815180515877294,0.4871596384065815,medium,0.086378593948514,landsat_gee,True
NSR-GRID-225,LC09_L2SP_176039_20250727_20250729_02_T1,2025-07-27,-0.6518922040281723,-0.8414484066527771,48.90652666916581,0.43600672496847753,medium,0.18955620262460482,landsat_gee,True
NSR-GRID-226,LC09_L2SP_176039_20250727_20250729_02_T1,2025-07-27,-0.5699073784977458,-0.9259520545439045,48.98851149469623,0.3618015318139555,medium,0.35604467604615875,landsat_gee,True
NSR-GRID-227,LC09_L2SP_176039_20250727_20250729_02_T1,2025-07-27,-1.1745582333743911,-1.4759955306705705,48.38386063981959,0.4391322912356054,medium,0.3014372972961794,landsat_gee,True
NSR-GRID-228,LC09_L2SP_176039_20250727_20250729_02_T1,2025-07-27,-1.2255451782396207,-1.333734375456521,48.33287369495436,0.42218738002185907,medium,0.10818919721690023,landsat_gee,True
NSR-GRID-229,LC09_L2SP_176039_20250727_20250729_02_T1,2025-07-27,-0.49879948401761,-0.7688592819657853,49.05961938917637,0.4540200044716559,medium,0.27005979794817536,landsat_gee,True
NSR-GRID-230,LC09_L2SP_176039_20250727_20250729_02_T1,2025-07-27,-1.057772391640036,-1.229364669686736,48.50064648155394,0.39216443881946184,medium,0.17159227804670008,landsat_gee,True
NSR-GRID-231,LC09_L2SP_176039_20250727_20250729_02_T1,2025-07-27,1.819407116723383,1.738641779508656,51.37782598991736,0.32301722117911547,low,0.080765337214727,landsat_gee,True
NSR-GRID-232,LC09_L2SP_176039_20250727_20250729_02_T1,2025-07-27,-2.248099887899357,-2.5387888570476562,47.31031898529462,0.3214001563640593,low,0.2906889691482992,landsat_gee,True
NSR-GRID-233,LC09_L2SP_176039_20250727_20250729_02_T1,2025-07-27,-2.96517081768468,-2.912309443859614,46.5932480555093,0.38395003413158557,medium,-0.05286137382506606,landsat_gee,True
NSR-GRID-234,LC09_L2SP_176039_20250727_20250729_02_T1,2025-07-27,-2.7555608221948944,-2.732123317640596,46.802858050999085,0.38050188419682646,medium,-0.023437504554298272,landsat_gee,True
NSR-GRID-235,LC09_L2SP_176039_20250727_20250729_02_T1,2025-07-27,-0.7939087084278782,-1.0239102412517591,48.7645101647661,0.357011844049869,medium,0.23000153282388092,landsat_gee,True
NSR-GRID-236,LC09_L2SP_176039_20250727_20250729_02_T1,2025-07-27,1.3877327732228295,1.1943320505232256,50.94615164641681,0.3763170311226045,medium,0.19340072269960396,landsat_gee,True
NSR-GRID-237,LC09_L2SP_176039_20250727_20250729_02_T1,2025-07-27,3.923860982920424,3.0450528639550196,53.4822798561144,0.2992990867531238,low,0.8788081189654045,landsat_gee,True
NSR-GRID-238,LC09_L2SP_176039_20250727_20250729_02_T1,2025-07-27,1.8550945057888624,1.5837863143524293,51.41351337898284,0.3397502969313323,low,0.27130819143643303,landsat_gee,True
NSR-GRID-239,LC09_L2SP_176039_20250727_20250729_02_T1,2025-07-27,1.1937022920398237,0.7832073692744971,50.7521211652338,0.3964035840325993,medium,0.4104949227653266,landsat_gee,True
NSR-GRID-240,LC09_L2SP_176039_20250727_20250729_02_T1,2025-07-27,0.461552972680451,0.310195558117037,50.01997184587443,0.36426134687552547,medium,0.151357414563414,landsat_gee,True
NSR-GRID-241,LC09_L2SP_176039_20250727_20250729_02_T1,2025-07-27,-0.3811915646311092,-0.735396287093535,49.17722730856287,0.4580452774194963,medium,0.3542047224624258,landsat_gee,True
NSR-GRID-242,LC09_L2SP_176039_20250727_20250729_02_T1,2025-07-27,-1.120521841000027,-1.2672300895040631,48.43789703219395,0.5047103582885609,medium,0.14670824850403608,landsat_gee,True
NSR-GRID-243,LC09_L2SP_176039_20250727_20250729_02_T1,2025-07-27,-1.0327503766361232,-0.7054250632320291,48.525668496557856,0.3931938636509653,medium,-0.3273253134040941,landsat_gee,True
NSR-GRID-244,LC09_L2SP_176039_20250727_20250729_02_T1,2025-07-27,0.6344565482592941,1.0531705070843944,50.19287542145327,0.2522493008117678,low,-0.4187139588251003,landsat_gee,True
NSR-GRID-245,LC09_L2SP_176039_20250727_20250729_02_T1,2025-07-27,0.6600153798213739,0.8346768192506984,50.21843425301535,0.3400382125359116,low,-0.17466143942932444,landsat_gee,True
NSR-GRID-246,LC09_L2SP_176039_20250727_20250729_02_T1,2025-07-27,-0.1540168098575023,-0.07183121672702018,49.40440206333648,0.42631688279050345,medium,-0.08218559313048211,landsat_gee,True
NSR-GRID-247,LC09_L2SP_176039_20250727_20250729_02_T1,2025-07-27,0.4325399034658659,-0.16198849280400118,49.990958776659845,0.38022701445362167,medium,0.5945283962698671,landsat_gee,True
NSR-GRID-248,LC09_L2SP_176039_20250727_20250729_02_T1,2025-07-27,0.0,-0.28197479769740286,49.55841887319398,0.3944890322310367,medium,0.28197479769740286,landsat_gee,True
NSR-GRID-249,LC09_L2SP_176039_20250727_20250729_02_T1,2025-07-27,-1.5682068555093238,-1.6633016890330923,47.990212017684655,0.3812169881756412,medium,0.09509483352376846,landsat_gee,True
NSR-GRID-250,LC09_L2SP_176039_20250727_20250729_02_T1,2025-07-27,0.4443037853436919,0.9860763744054373,50.00272265853767,0.24888517155063325,low,-0.5417725890617453,landsat_gee,True
NSR-GRID-251,LC09_L2SP_176039_20250727_20250729_02_T1,2025-07-27,-2.2199232359860304,-2.2598310383303,47.33849563720795,0.40946502406127144,medium,0.039907802344269605,landsat_gee,True
NSR-GRID-252,LC09_L2SP_176039_20250727_20250729_02_T1,2025-07-27,-2.4001350881243866,-2.334626980049629,47.15828378506959,0.4215593009584857,medium,-0.06550810807475749,landsat_gee,True
NSR-GRID-253,LC09_L2SP_176039_20250727_20250729_02_T1,2025-07-27,-1.8835359514526215,-2.113237671669003,47.67488292174136,0.3818252210335275,medium,0.22970172021638136,landsat_gee,True
NSR-GRID-254,LC09_L2SP_176039_20250727_20250729_02_T1,2025-07-27,1.5578353532106703,0.9446453387604428,51.11625422640465,0.42250518339265697,medium,0.6131900144502276,landsat_gee,True
NSR-GRID-255,LC09_L2SP_176039_20250727_20250729_02_T1,2025-07-27,3.670831607647223,2.8663531693815116,53.2292504808412,0.4017597216469129,medium,0.8044784382657113,landsat_gee,True
NSR-GRID-256,LC09_L2SP_176039_20250727_20250729_02_T1,2025-07-27,1.9177053013980585,1.3444542700366806,51.47612417459204,0.3301687721739851,low,0.5732510313613779,landsat_gee,True
NSR-GRID-257,LC09_L2SP_176039_20250727_20250729_02_T1,2025-07-27,0.4101774727140324,-0.20809275236007752,49.96859634590801,0.2923683197991729,low,0.6182702250741099,landsat_gee,True
NSR-GRID-258,LC09_L2SP_176039_20250727_20250729_02_T1,2025-07-27,-0.2073268971820283,-0.8387438458474302,49.35109197601195,0.2869704562621609,low,0.631416948665402,landsat_gee,True
NSR-GRID-259,LC09_L2SP_176039_20250727_20250729_02_T1,2025-07-27,-2.168603624214242,-2.0713490929074623,47.38981524897974,0.35248493156924793,medium,-0.09725453130677986,landsat_gee,True
NSR-GRID-260,LC09_L2SP_176039_20250727_20250729_02_T1,2025-07-27,-1.976005791596478,-1.9445583019830905,47.5824130815975,0.3883198836214214,medium,-0.03144748961338739,landsat_gee,True
NSR-GRID-261,LC09_L2SP_176039_20250727_20250729_02_T1,2025-07-27,-0.4436652384363171,-0.4334544037370265,49.11475363475766,0.32738072046542643,low,-0.010210834699290627,landsat_gee,True
NSR-GRID-262,LC09_L2SP_176039_20250727_20250729_02_T1,2025-07-27,1.1074660985069542,1.2992288865052861,50.66588497170093,0.23242821622903134,low,-0.1917627879983319,landsat_gee,True
NSR-GRID-263,LC09_L2SP_176039_20250727_20250729_02_T1,2025-07-27,1.2718131488783229,1.427116376246071,50.8302320220723,0.26094176568694166,low,-0.15530322736774815,landsat_gee,True
NSR-GRID-264,LC09_L2SP_176039_20250727_20250729_02_T1,2025-07-27,1.3502861290457204,1.2781216396907298,50.9087050022397,0.327511308769038,low,0.07216448935499065,landsat_gee,True
NSR-GRID-265,LC09_L2SP_176039_20250727_20250729_02_T1,2025-07-27,0.0349595051071034,-0.16263233267732238,49.59337837830108,0.4454810319381777,medium,0.1975918377844258,landsat_gee,True
NSR-GRID-266,LC09_L2SP_176039_20250727_20250729_02_T1,2025-07-27,-0.7693497921217087,-0.6349860564721822,48.78906908107227,0.3905972704589152,medium,-0.13436373564952653,landsat_gee,True
NSR-GRID-267,LC09_L2SP_176039_20250727_20250729_02_T1,2025-07-27,-0.8168533683494914,-0.5127094392192894,48.74156550484449,0.38975074320847625,medium,-0.30414392913020205,landsat_gee,True
NSR-GRID-268,LC09_L2SP_176039_20250727_20250729_02_T1,2025-07-27,-0.8510312522714756,-0.31131813987699375,48.7073876209225,0.2682831460388255,low,-0.5397131123944818,landsat_gee,True
NSR-GRID-269,LC09_L2SP_176039_20250727_20250729_02_T1,2025-07-27,-0.4310521785664605,-0.16762944239132527,49.12736669462752,0.4466100247746935,medium,-0.26342273617513523,landsat_gee,True
NSR-GRID-270,LC09_L2SP_176039_20250727_20250729_02_T1,2025-07-27,0.5381528530507964,0.8344313909937937,50.096571726244775,0.33608316672388744,low,-0.2962785379429973,landsat_gee,True
NSR-GRID-271,LC09_L2SP_176039_20250727_20250729_02_T1,2025-07-27,-0.8099732141920484,-0.7645042168557942,48.74844565900193,0.44426858234422456,medium,-0.0454689973362542,landsat_gee,True
NSR-GRID-272,LC09_L2SP_176039_20250727_20250729_02_T1,2025-07-27,-1.3267034173367875,-1.3207020426960194,48.23171545585719,0.4339342422063123,medium,-0.006001374640768109,landsat_gee,True
NSR-GRID-273,LC09_L2SP_176039_20250727_20250729_02_T1,2025-07-27,0.4822191398257018,0.15796222585081396,50.04063801301968,0.3839482259352582,medium,0.3242569139748879,landsat_gee,True
NSR-GRID-274,LC09_L2SP_176039_20250727_20250729_02_T1,2025-07-27,1.5318288695644142,1.3696320927340593,51.09024774275839,0.42559599673356513,medium,0.16219677683035494,landsat_gee,True
NSR-GRID-275,LC09_L2SP_176039_20250727_20250729_02_T1,2025-07-27,-0.4653049470322798,-0.6779249529953728,49.0931139261617,0.4047925893611666,medium,0.212620005963093,landsat_gee,True
NSR-GRID-276,LC09_L2SP_176039_20250727_20250729_02_T1,2025-07-27,-0.4429764354215564,-0.5171621737876806,49.11544243777242,0.28244849225282476,low,0.07418573836612419,landsat_gee,True
NSR-GRID-277,LC09_L2SP_176039_20250727_20250729_02_T1,2025-07-27,-0.0650297116944216,-0.13249057953810078,49.49338916149956,0.22795810232743494,low,0.06746086784367919,landsat_gee,True
NSR-GRID-278,LC09_L2SP_176039_20250727_20250729_02_T1,2025-07-27,-2.623924007861497,-1.9871829713340088,46.93449486533248,0.2442071225810046,low,-0.6367410365274881,landsat_gee,True
NSR-GRID-279,LC09_L2SP_176039_20250727_20250729_02_T1,2025-07-27,-0.9174762737185134,-0.749345164827809,48.640942599475466,0.2723295931527932,low,-0.16813110889070437,landsat_gee,True
NSR-GRID-280,LC09_L2SP_176039_20250727_20250729_02_T1,2025-07-27,0.8649674510251018,1.005971991342726,50.42338632421908,0.27526887028687347,low,-0.14100454031762433,landsat_gee,True
NSR-GRID-281,LC09_L2SP_176039_20250727_20250729_02_T1,2025-07-27,1.0279906594017874,1.320071591684087,50.586409532595766,0.22133338647843928,low,-0.2920809322822997,landsat_gee,True
NSR-GRID-282,LC09_L2SP_176039_20250727_20250729_02_T1,2025-07-27,1.6268143376450368,1.8022848344794735,51.185233210839016,0.2616521380289945,low,-0.17547049683443672,landsat_gee,True
NSR-GRID-283,LC09_L2SP_176039_20250727_20250729_02_T1,2025-07-27,1.3959988950571829,1.312535132865976,50.95441776825116,0.30055700875570357,low,0.08346376219120688,landsat_gee,True
NSR-GRID-284,LC09_L2SP_176039_20250727_20250729_02_T1,2025-07-27,0.698327872226784,0.5823935166431778,50.25674674542076,0.27746577732246097,low,0.11593435558360621,landsat_gee,True
NSR-GRID-285,LC09_L2SP_176039_20250727_20250729_02_T1,2025-07-27,0.8035657750597025,1.170491052093561,50.36198464825368,0.4128191658925696,medium,-0.36692527703385847,landsat_gee,True
NSR-GRID-286,LC09_L2SP_176039_20250727_20250729_02_T1,2025-07-27,0.9433609245403928,1.3237425555963371,50.50177979773437,0.2521103587750368,low,-0.38038163105594436,landsat_gee,True
NSR-GRID-287,LC09_L2SP_176039_20250727_20250729_02_T1,2025-07-27,0.8016237388725287,1.2690847855600214,50.36004261206651,0.46931942876745747,medium,-0.46746104668749267,landsat_gee,True
NSR-GRID-288,LC09_L2SP_176039_20250727_20250729_02_T1,2025-07-27,0.7913085512473828,1.5018392963398162,50.34972742444136,0.447277463445937,medium,-0.7105307450924334,landsat_gee,True
NSR-GRID-289,LC09_L2SP_176039_20250727_20250729_02_T1,2025-07-27,-0.4523018505925691,0.1852578007272174,49.10611702260141,0.38866338517459226,medium,-0.6375596513197865,landsat_gee,True
NSR-GRID-290,LC09_L2SP_176039_20250727_20250729_02_T1,2025-07-27,-1.3858888388741375,-0.7678593347318833,48.17253003431984,0.33707601457936515,low,-0.6180295041422542,landsat_gee,True
NSR-GRID-291,LC09_L2SP_176039_20250727_20250729_02_T1,2025-07-27,0.3309548280567185,0.23634838179485534,49.8893737012507,0.2794818483260183,low,0.09460644626186315,landsat_gee,True
NSR-GRID-292,LC09_L2SP_176039_20250727_20250729_02_T1,2025-07-27,-0.8350296129807617,-0.926183317426394,48.72338926021322,0.26529444906709876,low,0.09115370444563231,landsat_gee,True
NSR-GRID-293,LC09_L2SP_176039_20250727_20250729_02_T1,2025-07-27,1.771610132977436,1.1121213343844003,51.330029006171415,0.3948097153217812,medium,0.6594887985930358,landsat_gee,True
NSR-GRID-294,LC09_L2SP_176039_20250727_20250729_02_T1,2025-07-27,1.8429217982654151,1.5343488753945334,51.401340671459394,0.34059780304358317,low,0.3085729228708818,landsat_gee,True
NSR-GRID-295,LC09_L2SP_176039_20250727_20250729_02_T1,2025-07-27,1.8800198582618532,2.026904179005406,51.43843873145583,0.2430685970689702,low,-0.14688432074355284,landsat_gee,True
NSR-GRID-296,LC09_L2SP_176039_20250727_20250729_02_T1,2025-07-27,1.0103688833545093,1.3065794149600387,50.56878775654849,0.22069036429535424,low,-0.29621053160552946,landsat_gee,True
NSR-GRID-297,LC09_L2SP_176039_20250727_20250729_02_T1,2025-07-27,0.9186274338613742,1.557880532044936,50.47704630705535,0.2289369555374981,low,-0.6392530981835618,landsat_gee,True
NSR-GRID-298,LC09_L2SP_176039_20250727_20250729_02_T1,2025-07-27,1.552229577380018,1.8741313623182925,51.110648450574,0.24364919927259468,low,-0.32190178493827437,landsat_gee,True
NSR-GRID-299,LC09_L2SP_176039_20250727_20250729_02_T1,2025-07-27,1.0923676134360178,1.4478460102093504,50.65078648663,0.22649499169214232,low,-0.3554783967733326,landsat_gee,True
NSR-GRID-300,LC09_L2SP_176039_20250727_20250729_02_T1,2025-07-27,1.389761612786259,2.0355088761194025,50.94818048598024,0.3839982808134194,medium,-0.6457472633331434,landsat_gee,True
NSR-GRID-302,LC09_L2SP_176039_20250727_20250729_02_T1,2025-07-27,2.5134683298429152,2.90709232156818,52.071887203036894,0.3417121860680243,low,-0.39362399172526485,landsat_gee,True
NSR-GRID-303,LC09_L2SP_176039_20250727_20250729_02_T1,2025-07-27,1.4256989917877334,1.3366225336530915,50.98411786498171,0.2517571256216857,low,0.08907645813464193,landsat_gee,True
NSR-GRID-304,LC09_L2SP_176039_20250727_20250729_02_T1,2025-07-27,1.2076173764290274,1.7731810620642783,50.766036249623006,0.3609998841931045,medium,-0.5655636856352508,landsat_gee,True
NSR-GRID-305,LC09_L2SP_176039_20250727_20250729_02_T1,2025-07-27,-0.2814443764580758,0.6940295172209687,49.2769744967359,0.4056757661790067,medium,-0.9754738936790446,landsat_gee,True
NSR-GRID-306,LC09_L2SP_176039_20250727_20250729_02_T1,2025-07-27,-1.2202786492574802,-0.9590682194611565,48.3381402239365,0.3525714173535609,medium,-0.2612104297963237,landsat_gee,True
NSR-GRID-307,LC09_L2SP_176039_20250727_20250729_02_T1,2025-07-27,0.6790081153161722,1.2424830151251616,50.23742698851015,0.33284054162706006,low,-0.5634748998089893,landsat_gee,True
NSR-GRID-308,LC09_L2SP_176039_20250727_20250729_02_T1,2025-07-27,2.200828226574614,2.291861974354502,51.759247099768594,0.30112874633433356,low,-0.09103374777988771,landsat_gee,True
NSR-GRID-309,LC09_L2SP_176039_20250727_20250729_02_T1,2025-07-27,3.178145391248343,2.738835191476627,52.73656426444232,0.2800150239375417,low,0.4393101997717159,landsat_gee,True
NSR-GRID-310,LC09_L2SP_176039_20250727_20250729_02_T1,2025-07-27,3.766328633247418,3.30663827397951,53.3247475064414,0.2894333701917531,low,0.459690359267908,landsat_gee,True
NSR-GRID-311,LC09_L2SP_176039_20250727_20250729_02_T1,2025-07-27,3.514742980454784,3.2635936941108326,53.07316185364876,0.3062969553772643,low,0.2511492863439515,landsat_gee,True
NSR-GRID-312,LC09_L2SP_176039_20250727_20250729_02_T1,2025-07-27,2.4892786295005536,2.3357493687830684,52.04769750269453,0.27519064660368125,low,0.15352926071748518,landsat_gee,True
NSR-GRID-313,LC09_L2SP_176039_20250727_20250729_02_T1,2025-07-27,1.921256391131671,2.0822245322373907,51.47967526432565,0.2624186508455888,low,-0.16096814110571978,landsat_gee,True
NSR-GRID-314,LC09_L2SP_176039_20250727_20250729_02_T1,2025-07-27,1.135735087718622,1.6035521429540853,50.6941539609126,0.2295802018313281,low,-0.46781705523546324,landsat_gee,True
NSR-GRID-315,LC09_L2SP_176039_20250727_20250729_02_T1,2025-07-27,2.0222252247573422,2.3107047508208263,51.58064409795132,0.2690902349461895,low,-0.28847952606348404,landsat_gee,True
NSR-GRID-316,LC09_L2SP_176039_20250727_20250729_02_T1,2025-07-27,1.0641181229297132,1.443647443994807,50.62253699612369,0.22459254512910531,low,-0.37952932106509385,landsat_gee,True
NSR-GRID-317,LC09_L2SP_176039_20250727_20250729_02_T1,2025-07-27,2.074037226335342,1.988133502875777,51.63245609952932,0.32451219709359075,low,0.0859037234595652,landsat_gee,True
NSR-GRID-318,LC09_L2SP_176039_20250727_20250729_02_T1,2025-07-27,1.0723666928715474,1.0887870695979034,50.630785566065526,0.23858929886298452,low,-0.01642037672635599,landsat_gee,True
NSR-GRID-319,LC09_L2SP_176039_20250727_20250729_02_T1,2025-07-27,1.3021490134502829,1.8273973697668293,50.86056788664426,0.2756144397915904,low,-0.5252483563165464,landsat_gee,True
NSR-GRID-320,LC09_L2SP_176039_20250727_20250729_02_T1,2025-07-27,-0.4750922200956822,-0.0327376959633796,49.0833266530983,0.35725067913679664,medium,-0.4423545241323026,landsat_gee,True
NSR-GRID-321,LC09_L2SP_176039_20250727_20250729_02_T1,2025-07-27,-0.945572123427759,-0.6913889931361502,48.61284674976622,0.3464955587260785,low,-0.25418313029160877,landsat_gee,True
NSR-GRID-322,LC09_L2SP_176039_20250727_20250729_02_T1,2025-07-27,1.7288936119345235,1.8134456165036204,51.2873124851285,0.33505397288902444,low,-0.08455200456909684,landsat_gee,True
NSR-GRID-323,LC09_L2SP_176039_20250727_20250729_02_T1,2025-07-27,2.844150178630784,2.5293203507162194,52.40256905182476,0.32448450717094524,low,0.3148298279145645,landsat_gee,True
NSR-GRID-324,LC09_L2SP_176039_20250727_20250729_02_T1,2025-07-27,2.113617085220639,1.7710269117420172,51.67203595841462,0.30568070183589097,low,0.34259017347862186,landsat_gee,True
NSR-GRID-325,LC09_L2SP_176039_20250727_20250729_02_T1,2025-07-27,2.896583926175765,2.3607686708506637,52.455002799369744,0.32511564485351685,low,0.5358152553251014,landsat_gee,True
NSR-GRID-326,LC09_L2SP_176039_20250727_20250729_02_T1,2025-07-27,2.948301014757689,2.9323313877008528,52.50671988795167,0.28464179360508995,low,0.015969627056836355,landsat_gee,True
NSR-GRID-327,LC09_L2SP_176039_20250727_20250729_02_T1,2025-07-27,2.391653400993043,2.483651899054457,51.95007227418702,0.27635420536811084,low,-0.09199849806141414,landsat_gee,True
NSR-GRID-328,LC09_L2SP_176039_20250727_20250729_02_T1,2025-07-27,2.2432085016771595,2.203705547746995,51.80162737487114,0.2718325164228816,low,0.03950295393016434,landsat_gee,True
NSR-GRID-329,LC09_L2SP_176039_20250727_20250729_02_T1,2025-07-27,1.9327482814885075,2.2618448776583167,51.491167154682486,0.24932240424778093,low,-0.32909659616980913,landsat_gee,True
NSR-GRID-330,LC09_L2SP_176039_20250727_20250729_02_T1,2025-07-27,1.540356129849819,1.8504941579056822,51.0987750030438,0.24613171607273615,low,-0.3101380280558632,landsat_gee,True
NSR-GRID-331,LC09_L2SP_176039_20250727_20250729_02_T1,2025-07-27,0.7723655424037688,1.1585511975123535,50.33078441559775,0.2159804759990248,low,-0.3861856551085847,landsat_gee,True
NSR-GRID-332,LC09_L2SP_176039_20250727_20250729_02_T1,2025-07-27,1.7119253324359462,1.8546990426598986,51.270344205629925,0.30114636264646427,low,-0.14277371022395235,landsat_gee,True
NSR-GRID-333,LC09_L2SP_176039_20250727_20250729_02_T1,2025-07-27,1.8633623141275704,1.4148430494033506,51.42178118732155,0.2259845303930593,low,0.44851926472421977,landsat_gee,True
NSR-GRID-334,LC09_L2SP_176039_20250727_20250729_02_T1,2025-07-27,1.1023156647144177,1.5123541827991798,50.6607345379084,0.3336800524552465,low,-0.4100385180847621,landsat_gee,True
NSR-GRID-335,LC09_L2SP_176039_20250727_20250729_02_T1,2025-07-27,0.9172718975001216,1.6191662836776575,50.4756907706941,0.31274711097069974,low,-0.7018943861775359,landsat_gee,True
NSR-GRID-336,LC09_L2SP_176039_20250727_20250729_02_T1,2025-07-27,-1.0930536564733655,-0.9037159865540895,48.46536521672061,0.31095908280298545,low,-0.18933766991927603,landsat_gee,True
NSR-GRID-337,LC09_L2SP_176039_20250727_20250729_02_T1,2025-07-27,1.5212066029063749,1.3393971992083709,51.079625476100354,0.28123867813704595,low,0.18180940369800402,landsat_gee,True
NSR-GRID-338,LC09_L2SP_176039_20250727_20250729_02_T1,2025-07-27,2.738125342244402,2.187066470138159,52.29654421543838,0.2756223396155782,low,0.551058872106243,landsat_gee,True
NSR-GRID-339,LC09_L2SP_176039_20250727_20250729_02_T1,2025-07-27,2.3822499742739183,1.8608341529898302,51.9406688474679,0.2820189866216935,low,0.521415821284088,landsat_gee,True
NSR-GRID-340,LC09_L2SP_176039_20250727_20250729_02_T1,2025-07-27,1.1692153178036833,1.3206088014806434,50.72763419099766,0.28464237860799885,low,-0.15139348367696015,landsat_gee,True
NSR-GRID-341,LC09_L2SP_176039_20250727_20250729_02_T1,2025-07-27,-0.0665744140546991,0.057839618847316705,49.49184445913928,0.29460286989581475,low,-0.1244140329020158,landsat_gee,True
NSR-GRID-342,LC09_L2SP_176039_20250727_20250729_02_T1,2025-07-27,0.5830061159951683,1.3957326790575857,50.14142498918915,0.3022422274131099,low,-0.8127265630624174,landsat_gee,True
NSR-GRID-343,LC09_L2SP_176039_20250727_20250729_02_T1,2025-07-27,0.2708980606406541,1.0725211799882715,49.82931693383463,0.2442255615468353,low,-0.8016231193476173,landsat_gee,True
NSR-GRID-344,LC09_L2SP_176039_20250727_20250729_02_T1,2025-07-27,0.6364335733665101,1.1982012749630995,50.19485244656049,0.25733627269637754,low,-0.5617677015965894,landsat_gee,True
NSR-GRID-345,LC09_L2SP_176039_20250727_20250729_02_T1,2025-07-27,0.8679474545350843,0.6837489865732543,50.42636632772906,0.21801989549799286,low,0.18419846796182993,landsat_gee,True
NSR-GRID-346,LC09_L2SP_176039_20250727_20250729_02_T1,2025-07-27,1.2589216038312043,0.9762822100123711,50.81734047702518,0.21053909980003502,low,0.2826393938188332,landsat_gee,True
NSR-GRID-347,LC09_L2SP_176039_20250727_20250729_02_T1,2025-07-27,-0.6945252699792448,-0.5129909089084398,48.863893603214734,0.188295519258051,low,-0.181534361070805,landsat_gee,True
NSR-GRID-348,LC09_L2SP_176039_20250727_20250729_02_T1,2025-07-27,1.4380108526260926,1.4031396572182586,50.99642972582007,0.26229041986747487,low,0.03487119540783401,landsat_gee,True
NSR-GRID-349,LC09_L2SP_176039_20250727_20250729_02_T1,2025-07-27,-0.4153077785194128,-0.03998370720495279,49.143111094674566,0.274812708919918,low,-0.37532407131446,landsat_gee,True
NSR-GRID-350,LC09_L2SP_176039_20250727_20250729_02_T1,2025-07-27,1.1069790845189829,1.3951147614215802,50.66539795771296,0.33159515214220264,low,-0.28813567690259734,landsat_gee,True
NSR-GRID-351,LC09_L2SP_176039_20250727_20250729_02_T1,2025-07-27,0.9632002711292884,1.5058889547767873,50.52161914432327,0.2641859884619933,low,-0.5426886836474989,landsat_gee,True
NSR-GRID-352,LC09_L2SP_176039_20250727_20250729_02_T1,2025-07-27,-0.3797964773028823,-0.15498940102072106,49.1786223958911,0.24798221981397978,low,-0.22480707628216123,landsat_gee,True
NSR-GRID-353,LC09_L2SP_176039_20250727_20250729_02_T1,2025-07-27,0.9561870241004442,0.9709229700515056,50.51460589729442,0.31646478965578173,low,-0.014735945951061424,landsat_gee,True
NSR-GRID-354,LC09_L2SP_176039_20250727_20250729_02_T1,2025-07-27,2.6530676659134187,2.4496194908371653,52.2114865391074,0.32544265158744184,low,0.20344817507625335,landsat_gee,True
NSR-GRID-355,LC09_L2SP_176039_20250727_20250729_02_T1,2025-07-27,1.8627794858072024,1.8047797984215201,51.42119835900118,0.2526397491930032,low,0.057999687385682286,landsat_gee,True
NSR-GRID-356,LC09_L2SP_176039_20250727_20250729_02_T1,2025-07-27,1.6715457507788258,1.8857295370141745,51.229964623972805,0.273036835550554,low,-0.21418378623534862,landsat_gee,True
NSR-GRID-357,LC09_L2SP_176039_20250727_20250729_02_T1,2025-07-27,2.096662722153063,2.315761033241744,51.65508159534704,0.2847549182863135,low,-0.21909831108868127,landsat_gee,True
NSR-GRID-358,LC09_L2SP_176039_20250727_20250729_02_T1,2025-07-27,1.8180984978654775,2.137177322756502,51.37651737105946,0.35306283221944396,medium,-0.31907882489102435,landsat_gee,True
NSR-GRID-359,LC09_L2SP_176039_20250727_20250729_02_T1,2025-07-27,1.525117855336397,1.7369974373360977,51.083536728530376,0.39859663532403405,medium,-0.21187958199970058,landsat_gee,True
NSR-GRID-360,LC09_L2SP_176039_20250727_20250729_02_T1,2025-07-27,1.3697311632071134,1.3434112374638436,50.92815003640109,0.292301339803665,low,0.0263199257432698,landsat_gee,True
NSR-GRID-361,LC09_L2SP_176039_20250727_20250729_02_T1,2025-07-27,1.639481154504601,1.2424939732678917,51.19790002769858,0.2460570683267006,low,0.3969871812367094,landsat_gee,True
NSR-GRID-362,LC09_L2SP_176039_20250727_20250729_02_T1,2025-07-27,0.6197295466080206,0.878036671105734,50.178148419802,0.22934160098643058,low,-0.2583071244977134,landsat_gee,True
NSR-GRID-363,LC09_L2SP_176039_20250727_20250729_02_T1,2025-07-27,1.1728606647447748,1.185128482788687,50.731279537938754,0.339364873741785,low,-0.012267818043912193,landsat_gee,True
NSR-GRID-364,LC09_L2SP_176039_20250727_20250729_02_T1,2025-07-27,0.9634554932777136,0.8766422802128596,50.52187436647169,0.36654760620101196,medium,0.08681321306485401,landsat_gee,True
NSR-GRID-365,LC09_L2SP_176039_20250727_20250729_02_T1,2025-07-27,1.5852617019474593,1.7470784023391457,51.14368057514144,0.29986999687825466,low,-0.16181670039168639,landsat_gee,True
NSR-GRID-366,LC09_L2SP_176039_20250727_20250729_02_T1,2025-07-27,1.256447066690349,1.5588946244714583,50.81486593988433,0.23105511698262624,low,-0.30244755778110943,landsat_gee,True
NSR-GRID-367,LC09_L2SP_176039_20250727_20250729_02_T1,2025-07-27,2.056100051105858,1.9684931428435168,51.61451892429984,0.28178135843498225,low,0.08760690826234119,landsat_gee,True
NSR-GRID-368,LC09_L2SP_176039_20250727_20250729_02_T1,2025-07-27,2.8044984756715508,2.8945641649850287,52.36291734886553,0.28546449446808697,low,-0.09006568931347791,landsat_gee,True
NSR-GRID-369,LC09_L2SP_176039_20250727_20250729_02_T1,2025-07-27,3.2155119960826184,3.3655441541370883,52.7739308692766,0.29462058802709795,low,-0.1500321580544699,landsat_gee,True
NSR-GRID-370,LC09_L2SP_176039_20250727_20250729_02_T1,2025-07-27,4.293602552425519,3.9434093618326145,53.8520214256195,0.30188664233851376,low,0.3501931905929041,landsat_gee,True
NSR-GRID-371,LC09_L2SP_176039_20250727_20250729_02_T1,2025-07-27,2.487242516921704,2.354768931636743,52.04566139011568,0.2559525961163648,low,0.132473585284961,landsat_gee,True
NSR-GRID-372,LC09_L2SP_176039_20250727_20250729_02_T1,2025-07-27,2.689653205514261,2.398859334456677,52.24807207870824,0.31864247402993395,low,0.29079387105758414,landsat_gee,True
NSR-GRID-373,LC09_L2SP_176039_20250727_20250729_02_T1,2025-07-27,3.333099170975693,3.065032530066237,52.89151804416967,0.3232845405282729,low,0.26806664090945587,landsat_gee,True
NSR-GRID-374,LC09_L2SP_176039_20250727_20250729_02_T1,2025-07-27,1.8221640254929028,1.6346922306681926,51.38058289868688,0.242935313301974,low,0.18747179482471021,landsat_gee,True
NSR-GRID-375,LC09_L2SP_176039_20250727_20250729_02_T1,2025-07-27,1.154803086034974,1.1915775007821916,50.71322195922895,0.21699143993866296,low,-0.03677441474721754,landsat_gee,True
NSR-GRID-376,LC09_L2SP_176039_20250727_20250729_02_T1,2025-07-27,1.185527880805573,0.8538708997108369,50.74394675399955,0.2698505102840024,low,0.33165698109473607,landsat_gee,True
NSR-GRID-377,LC09_L2SP_176039_20250727_20250729_02_T1,2025-07-27,1.3997748835093304,1.3782508097114936,50.95819375670331,0.28590988528997635,low,0.02152407379783683,landsat_gee,True
NSR-GRID-378,LC09_L2SP_176039_20250727_20250729_02_T1,2025-07-27,2.6976703236477206,2.5915812593170835,52.2560891968417,0.2632774875363706,low,0.10608906433063714,landsat_gee,True
NSR-GRID-379,LC09_L2SP_176039_20250727_20250729_02_T1,2025-07-27,0.648624831169549,0.9230194575294357,50.20704370436353,0.28368608503987397,low,-0.27439462635988665,landsat_gee,True
NSR-GRID-380,LC09_L2SP_176039_20250727_20250729_02_T1,2025-07-27,1.4056801292895995,1.5834792724318907,50.96409900248358,0.22899264124607077,low,-0.17779914314229117,landsat_gee,True
NSR-GRID-381,LC09_L2SP_176039_20250727_20250729_02_T1,2025-07-27,4.076499393508534,3.87140744907599,53.63491826670251,0.29792931210856993,low,0.20509194443254408,landsat_gee,True
NSR-GRID-382,LC09_L2SP_176039_20250727_20250729_02_T1,2025-07-27,4.8177724405323445,4.45748403350199,54.37619131372632,0.31565806699483606,low,0.3602884070303549,landsat_gee,True
NSR-GRID-383,LC09_L2SP_176039_20250727_20250729_02_T1,2025-07-27,1.7912260425455455,1.7927801801270258,51.349644915739525,0.2535712470106044,low,-0.0015541375814802638,landsat_gee,True
NSR-GRID-384,LC09_L2SP_176039_20250727_20250729_02_T1,2025-07-27,1.0547553630508943,1.219229532776663,50.61317423624487,0.2219924934515578,low,-0.16447416972576856,landsat_gee,True
NSR-GRID-385,LC09_L2SP_176039_20250727_20250729_02_T1,2025-07-27,4.458293303360463,4.2443037135737764,54.01671217655444,0.3135174676786739,low,0.2139895897866868,landsat_gee,True
NSR-GRID-386,LC09_L2SP_176039_20250727_20250729_02_T1,2025-07-27,3.758306967623703,3.4469196649396316,53.31672584081768,0.2851201634757264,low,0.31138730268407144,landsat_gee,True
NSR-GRID-387,LC09_L2SP_176039_20250727_20250729_02_T1,2025-07-27,3.511516193985088,3.219746709276439,53.06993506717907,0.2782442148484117,low,0.2917694847086487,landsat_gee,True
NSR-GRID-388,LC09_L2SP_176039_20250727_20250729_02_T1,2025-07-27,3.185792553329861,2.8129883446866,52.74421142652384,0.2803328807314372,low,0.37280420864326125,landsat_gee,True
NSR-GRID-389,LC09_L2SP_176039_20250727_20250729_02_T1,2025-07-27,1.849565215398549,1.8707483622711796,51.40798408859253,0.26235508318691625,low,-0.021183146872630676,landsat_gee,True
NSR-GRID-390,LC09_L2SP_176039_20250727_20250729_02_T1,2025-07-27,2.466868102999186,1.7848654144507936,52.025286976193165,0.23501489883867832,low,0.6820026885483923,landsat_gee,True
NSR-GRID-391,LC09_L2SP_176039_20250727_20250729_02_T1,2025-07-27,1.201944069395786,1.1785908759108803,50.760362942589765,0.21720932234251167,low,0.02335319348490561,landsat_gee,True
NSR-GRID-392,LC09_L2SP_176039_20250727_20250729_02_T1,2025-07-27,1.2373896616255564,1.3168540203877481,50.795808534819535,0.23956108249509922,low,-0.07946435876219171,landsat_gee,True
NSR-GRID-393,LC09_L2SP_176039_20250727_20250729_02_T1,2025-07-27,3.9804864170435295,3.9075460367807513,53.53890529023751,0.30300911883143633,low,0.07294038026277816,landsat_gee,True
NSR-GRID-394,LC09_L2SP_176039_20250727_20250729_02_T1,2025-07-27,3.6606615909017455,3.921399113330109,53.219080464095725,0.31410000519017117,low,-0.26073752242836346,landsat_gee,True
NSR-GRID-395,LC09_L2SP_176039_20250727_20250729_02_T1,2025-07-27,3.676711031153573,3.8566203177707394,53.23512990434755,0.31211688434038465,low,-0.17990928661716632,landsat_gee,True
NSR-GRID-396,LC09_L2SP_176039_20250727_20250729_02_T1,2025-07-27,2.2846562005840028,2.5628791216927396,51.84307507377798,0.2909538803250841,low,-0.2782229211087368,landsat_gee,True
NSR-GRID-397,LC09_L2SP_176039_20250727_20250729_02_T1,2025-07-27,1.1598976320008134,1.8263709836755162,50.71831650519479,0.26607586838837827,low,-0.6664733516747028,landsat_gee,True
NSR-GRID-398,LC09_L2SP_176039_20250727_20250729_02_T1,2025-07-27,3.752175748237619,3.635768324668541,53.3105946214316,0.29469525862164525,low,0.11640742356907774,landsat_gee,True
NSR-GRID-399,LC09_L2SP_176039_20250727_20250729_02_T1,2025-07-27,0.8741220176576903,0.9978278837296668,50.43254089085167,0.21815094373436278,low,-0.12370586607197653,landsat_gee,True
NSR-GRID-400,LC09_L2SP_176039_20250727_20250729_02_T1,2025-07-27,0.0729526913009124,0.11902859643022858,49.63137156449489,0.18480377313194374,low,-0.04607590512931617,landsat_gee,True
NSR-GRID-401,LC09_L2SP_176039_20250727_20250729_02_T1,2025-07-27,3.991390366397568,3.8255079819464637,53.549809239591546,0.29654280004876393,low,0.16588238445110415,landsat_gee,True
NSR-GRID-402,LC09_L2SP_176039_20250727_20250729_02_T1,2025-07-27,3.635789178541231,4.008392291638985,53.19420805173521,0.3020672933990332,low,-0.3726031130977536,landsat_gee,True
NSR-GRID-403,LC09_L2SP_176039_20250727_20250729_02_T1,2025-07-27,3.291640941073233,3.3383829995489216,52.85005981426721,0.28182793068391926,low,-0.0467420584756888,landsat_gee,True
NSR-GRID-404,LC09_L2SP_176039_20250727_20250729_02_T1,2025-07-27,1.6622241306490295,1.8035828548024815,51.22064300384301,0.23546532468508025,low,-0.14135872415345196,landsat_gee,True
NSR-GRID-405,LC09_L2SP_176039_20250727_20250729_02_T1,2025-07-27,3.975132017448608,3.5363758371358602,53.53355089064259,0.2878088161764417,low,0.43875618031274755,landsat_gee,True
NSR-GRID-406,LC09_L2SP_176039_20250727_20250729_02_T1,2025-07-27,0.17454307122388,-0.11882944081878873,49.73296194441786,0.19051200771176183,low,0.29337251204266873,landsat_gee,True
NSR-GRID-407,LC09_L2SP_176039_20250727_20250729_02_T1,2025-07-27,1.5470508248457406,1.2808251413169385,51.10546969803972,0.24947648892675536,low,0.26622568352880216,landsat_gee,True
NSR-GRID-408,LC09_L2SP_176039_20250727_20250729_02_T1,2025-07-27,2.478785884697721,2.69151648904093,52.0372047578917,0.2622876555131214,low,-0.2127306043432089,landsat_gee,True
NSR-GRID-409,LC09_L2SP_176039_20250727_20250729_02_T1,2025-07-27,1.7207830243927802,2.0710720266854725,51.27920189758676,0.28550138375803125,low,-0.35028900229269233,landsat_gee,True
NSR-GRID-410,LC09_L2SP_176039_20250727_20250729_02_T1,2025-07-27,1.359895164378088,1.6663755737855672,50.91831403757207,0.2316951910929936,low,-0.3064804094074791,landsat_gee,True
NSR-GRID-411,LC09_L2SP_176039_20250727_20250729_02_T1,2025-07-27,2.80290000381936,2.5531594619163176,52.36131887701334,0.26229519611544866,low,0.2497405419030425,landsat_gee,True
NSR-GRID-413,LC09_L2SP_176039_20250727_20250729_02_T1,2025-07-27,1.5339158355850273,1.415639176594919,51.092334708779006,0.2550604775820768,low,0.11827665899010831,landsat_gee,True
NSR-GRID-414,LC09_L2SP_176039_20250727_20250729_02_T1,2025-07-27,1.573523719153691,1.4936487362563742,51.13194259234767,0.2429843956580793,low,0.07987498289731687,landsat_gee,True
NSR-GRID-415,LC09_L2SP_176039_20250727_20250729_02_T1,2025-07-27,2.197578196499471,2.3601348221381087,51.75599706969345,0.2522774156063534,low,-0.1625566256386377,landsat_gee,True
NSR-GRID-416,LC09_L2SP_176039_20250727_20250729_02_T1,2025-07-27,1.97951108004434,2.244778453512712,51.53792995323832,0.2489122457920174,low,-0.2652673734683719,landsat_gee,True
NSR-GRID-001,LC08_L2SP_176039_20250719_20250726_02_T1,2025-07-19,-2.5185314514715103,-2.75382886685425,46.60149304395707,0.38177888996110954,medium,0.23529741538273985,landsat_gee,True
NSR-GRID-002,LC08_L2SP_176039_20250719_20250726_02_T1,2025-07-19,-2.60399329067662,-2.7290937340180825,46.51603120475196,0.3689988198182059,medium,0.12510044334146242,landsat_gee,True
NSR-GRID-003,LC08_L2SP_176039_20250719_20250726_02_T1,2025-07-19,-3.2320082433613777,-3.4910575698761943,45.8880162520672,0.29839438410970853,low,0.2590493265148166,landsat_gee,True
NSR-GRID-004,LC08_L2SP_176039_20250719_20250726_02_T1,2025-07-19,-1.599369940027529,-1.9968603364438373,47.52065455540105,0.3034268122949199,low,0.39749039641630834,landsat_gee,True
NSR-GRID-006,LC08_L2SP_176039_20250719_20250726_02_T1,2025-07-19,-2.5105188118976542,-2.623915142210169,46.60950568353093,0.4046579557875784,medium,0.11339633031251495,landsat_gee,True
NSR-GRID-007,LC08_L2SP_176039_20250719_20250726_02_T1,2025-07-19,-1.991282398558184,-2.3113704972857474,47.1287420968704,0.37202137701242244,medium,0.3200880987275634,landsat_gee,True
NSR-GRID-008,LC08_L2SP_176039_20250719_20250726_02_T1,2025-07-19,-2.60672486202607,-2.7133129271864584,46.51329963340251,0.3837599496581593,medium,0.10658806516038855,landsat_gee,True
NSR-GRID-009,LC08_L2SP_176039_20250719_20250726_02_T1,2025-07-19,-2.60798825140187,-2.9185467966927248,46.51203624402671,0.3930542591101245,medium,0.3105585452908546,landsat_gee,True
NSR-GRID-010,LC08_L2SP_176039_20250719_20250726_02_T1,2025-07-19,-0.6145453711939695,-0.750729280525355,48.50547912423461,0.3409667037272235,low,0.13618390933138558,landsat_gee,True
NSR-GRID-011,LC08_L2SP_176039_20250719_20250726_02_T1,2025-07-19,-2.4993084287988125,-2.478333640387416,46.62071606662977,0.36661628601086094,medium,-0.02097478841139644,landsat_gee,True
NSR-GRID-012,LC08_L2SP_176039_20250719_20250726_02_T1,2025-07-19,-0.7162520958602414,-0.5677645785278763,48.40377239956834,0.34966020606836773,low,-0.1484875173323651,landsat_gee,True
NSR-GRID-013,LC08_L2SP_176039_20250719_20250726_02_T1,2025-07-19,-0.6544285741221643,-0.28292137744133233,48.46559592130642,0.34437280855519925,low,-0.37150719668083193,landsat_gee,True
NSR-GRID-014,LC08_L2SP_176039_20250719_20250726_02_T1,2025-07-19,2.4778410458653326,2.689399247322967,51.59786554129391,0.35094933377735205,medium,-0.21155820145763427,landsat_gee,True
NSR-GRID-015,LC08_L2SP_176039_20250719_20250726_02_T1,2025-07-19,1.741724967819685,1.6474258237281052,50.861749463248266,0.2840083673655977,low,0.09429914409157991,landsat_gee,True
NSR-GRID-016,LC08_L2SP_176039_20250719_20250726_02_T1,2025-07-19,-0.5309919181772997,-0.9162436392761958,48.58903257725128,0.251361925772294,low,0.38525172109889605,landsat_gee,True
NSR-GRID-017,LC08_L2SP_176039_20250719_20250726_02_T1,2025-07-19,-1.061901917538698,-1.154349614386872,48.05812257788988,0.26682000452021415,low,0.092447696848174,landsat_gee,True
NSR-GRID-018,LC08_L2SP_176039_20250719_20250726_02_T1,2025-07-19,1.0861366942643826,1.559661605600176,50.20616118969296,0.30271475831300393,low,-0.47352491133579333,landsat_gee,True
NSR-GRID-019,LC08_L2SP_176039_20250719_20250726_02_T1,2025-07-19,-0.636003412738134,-0.4427617517479814,48.48402108269045,0.3330991361373373,low,-0.1932416609901526,landsat_gee,True
NSR-GRID-020,LC08_L2SP_176039_20250719_20250726_02_T1,2025-07-19,1.9273729287897865,2.0387987196192827,51.04739742421837,0.2585867723060238,low,-0.11142579082949622,landsat_gee,True
NSR-GRID-021,LC08_L2SP_176039_20250719_20250726_02_T1,2025-07-19,-0.2439127169007591,-0.0367295782998166,48.87611177852782,0.26493565255917206,low,-0.2071831386009425,landsat_gee,True
NSR-GRID-022,LC08_L2SP_176039_20250719_20250726_02_T1,2025-07-19,0.4310345786714507,0.41026240743319664,49.55105907410003,0.2774468852202203,low,0.020772171238254034,landsat_gee,True
NSR-GRID-024,LC08_L2SP_176039_20250719_20250726_02_T1,2025-07-19,-0.8551013449061315,-1.2060631469133374,48.26492315052245,0.3687179331149156,medium,0.35096180200720584,landsat_gee,True
NSR-GRID-025,LC08_L2SP_176039_20250719_20250726_02_T1,2025-07-19,-0.612353007288398,-0.8182950552754616,48.50767148814018,0.36012666335525173,medium,0.20594204798706361,landsat_gee,True
NSR-GRID-026,LC08_L2SP_176039_20250719_20250726_02_T1,2025-07-19,-0.5206582212618471,-1.1404699045695716,48.599366274166734,0.3153336738371441,low,0.6198116833077245,landsat_gee,True
NSR-GRID-027,LC08_L2SP_176039_20250719_20250726_02_T1,2025-07-19,-1.1102422907643756,-1.6450521595675445,48.009782204664205,0.3629650465980838,medium,0.5348098688031688,landsat_gee,True
NSR-GRID-028,LC08_L2SP_176039_20250719_20250726_02_T1,2025-07-19,-1.69834470362116,-2.151995902845592,47.42167979180742,0.3868444505681883,medium,0.45365119922443187,landsat_gee,True
NSR-GRID-029,LC08_L2SP_176039_20250719_20250726_02_T1,2025-07-19,-1.321057920895889,-1.2480728122041116,47.79896657453269,0.37811569512437243,medium,-0.07298510869177743,landsat_gee,True
NSR-GRID-030,LC08_L2SP_176039_20250719_20250726_02_T1,2025-07-19,-1.433265582040633,-1.3185419248957746,47.68675891338795,0.3444047574989054,low,-0.11472365714485844,landsat_gee,True
NSR-GRID-031,LC08_L2SP_176039_20250719_20250726_02_T1,2025-07-19,0.0014302018656593,0.24248677658148304,49.12145469729424,0.3239615728645604,low,-0.24105657471582376,landsat_gee,True
NSR-GRID-032,LC08_L2SP_176039_20250719_20250726_02_T1,2025-07-19,0.5421460739720914,0.8044615958088858,49.66217056940067,0.3768462832979688,medium,-0.2623155218367944,landsat_gee,True
NSR-GRID-033,LC08_L2SP_176039_20250719_20250726_02_T1,2025-07-19,2.860841441891637,2.9587283686546915,51.98086593732022,0.3217237992065488,low,-0.09788692676305466,landsat_gee,True
NSR-GRID-034,LC08_L2SP_176039_20250719_20250726_02_T1,2025-07-19,1.2514638532550038,1.3574799977362153,50.371488348683584,0.30676875633708556,low,-0.10601614448121155,landsat_gee,True
NSR-GRID-035,LC08_L2SP_176039_20250719_20250726_02_T1,2025-07-19,2.4695451280539515,2.4200539720082026,51.58956962348253,0.312485342535288,low,0.04949115604574894,landsat_gee,True
NSR-GRID-036,LC08_L2SP_176039_20250719_20250726_02_T1,2025-07-19,2.839706296281861,2.5330245567790164,51.95973079171044,0.31293871439791826,low,0.3066817395028445,landsat_gee,True
NSR-GRID-037,LC08_L2SP_176039_20250719_20250726_02_T1,2025-07-19,1.7043155280783964,1.9216934600444928,50.82434002350698,0.33554338072323303,low,-0.21737793196609645,landsat_gee,True
NSR-GRID-038,LC08_L2SP_176039_20250719_20250726_02_T1,2025-07-19,2.184584471673091,1.9994917942792014,51.30460896710167,0.34842200844327,low,0.18509267739388946,landsat_gee,True
NSR-GRID-039,LC08_L2SP_176039_20250719_20250726_02_T1,2025-07-19,1.1729539824871225,1.4914968338252916,50.2929784779157,0.38209047415550484,medium,-0.3185428513381692,landsat_gee,True
NSR-GRID-040,LC08_L2SP_176039_20250719_20250726_02_T1,2025-07-19,0.0876747651438663,0.5002887253764383,49.20769926057245,0.3661300253557233,medium,-0.412613960232572,landsat_gee,True
NSR-GRID-041,LC08_L2SP_176039_20250719_20250726_02_T1,2025-07-19,-1.766633380687729,-1.603497624203612,47.35339111474085,0.3610700035870288,medium,-0.16313575648411693,landsat_gee,True
NSR-GRID-042,LC08_L2SP_176039_20250719_20250726_02_T1,2025-07-19,2.199211613248196,1.8918867107115127,51.319236108676776,0.3259821349857694,low,0.3073249025366831,landsat_gee,True
NSR-GRID-043,LC08_L2SP_176039_20250719_20250726_02_T1,2025-07-19,1.0531091608725447,1.2514067912803108,50.173133656301125,0.33872650733396215,low,-0.19829763040776616,landsat_gee,True
NSR-GRID-044,LC08_L2SP_176039_20250719_20250726_02_T1,2025-07-19,-2.7993968757169085,-2.6515500128192233,46.32062761971167,0.4406767317539614,medium,-0.14784686289768523,landsat_gee,True
NSR-GRID-045,LC08_L2SP_176039_20250719_20250726_02_T1,2025-07-19,1.912450919135992,1.5475495520304512,51.03247541456457,0.27009455851753894,low,0.3649013671055408,landsat_gee,True
NSR-GRID-046,LC08_L2SP_176039_20250719_20250726_02_T1,2025-07-19,0.8125858503432752,1.169100369629296,49.932610345771856,0.34363060017315095,low,-0.35651451928602085,landsat_gee,True
NSR-GRID-047,LC08_L2SP_176039_20250719_20250726_02_T1,2025-07-19,2.04938142358526,1.7145504305993664,51.16940591901384,0.24748065869187807,low,0.3348309929858937,landsat_gee,True
NSR-GRID-048,LC08_L2SP_176039_20250719_20250726_02_T1,2025-07-19,0.0312494847013269,1.140024639975344,49.15127398012991,0.37878012449855125,medium,-1.108775155274017,landsat_gee,True
NSR-GRID-049,LC08_L2SP_176039_20250719_20250726_02_T1,2025-07-19,1.9440267634422312,1.48439591214958,51.06405125887081,0.2484457445963717,low,0.45963085129265124,landsat_gee,True
NSR-GRID-050,LC08_L2SP_176039_20250719_20250726_02_T1,2025-07-19,0.3232656753293312,1.0281138806400039,49.44329017075791,0.35181701319010217,medium,-0.7048482053106726,landsat_gee,True
NSR-GRID-051,LC08_L2SP_176039_20250719_20250726_02_T1,2025-07-19,0.9226298865537076,0.6949937710904933,50.04265438198229,0.21073278904684206,low,0.22763611546321427,landsat_gee,True
NSR-GRID-052,LC08_L2SP_176039_20250719_20250726_02_T1,2025-07-19,-2.8233952361474906,-2.5634057052786328,46.29662925928109,0.3390075217478713,low,-0.2599895308688578,landsat_gee,True
NSR-GRID-053,LC08_L2SP_176039_20250719_20250726_02_T1,2025-07-19,1.2009905097474205,0.9438446105752929,50.321015005176,0.22853285751571425,low,0.2571458991721276,landsat_gee,True
NSR-GRID-054,LC08_L2SP_176039_20250719_20250726_02_T1,2025-07-19,-2.7439672075044115,-2.831325055691611,46.37605728792417,0.3549615690776032,medium,0.0873578481871995,landsat_gee,True
NSR-GRID-055,LC08_L2SP_176039_20250719_20250726_02_T1,2025-07-19,-0.3477291438465002,-0.8017945138323882,48.77229535158208,0.3345918490799329,low,0.454065369985888,landsat_gee,True
NSR-GRID-056,LC08_L2SP_176039_20250719_20250726_02_T1,2025-07-19,1.4071680690833972,0.8700733015078514,50.52719256451198,0.3777399056571099,medium,0.5370947675755458,landsat_gee,True
NSR-GRID-057,LC08_L2SP_176039_20250719_20250726_02_T1,2025-07-19,0.173850471888457,-0.3254811677633519,49.29387496731704,0.3672047539725842,medium,0.49933163965180893,landsat_gee,True
NSR-GRID-058,LC08_L2SP_176039_20250719_20250726_02_T1,2025-07-19,-1.4351630754626186,-1.5420603795891408,47.68486141996596,0.35030293893726666,medium,0.10689730412652221,landsat_gee,True
NSR-GRID-059,LC08_L2SP_176039_20250719_20250726_02_T1,2025-07-19,-1.5352712745951678,-1.2901762849389486,47.58475322083341,0.3509710921658387,medium,-0.24509498965621912,landsat_gee,True
NSR-GRID-060,LC08_L2SP_176039_20250719_20250726_02_T1,2025-07-19,-1.7108240424532113,-1.1987074507510314,47.40920045297537,0.36161712837998106,medium,-0.5121165917021799,landsat_gee,True
NSR-GRID-061,LC08_L2SP_176039_20250719_20250726_02_T1,2025-07-19,0.707043503504508,1.2484318299522146,49.82706799893309,0.2897051912972679,low,-0.5413883264477066,landsat_gee,True
NSR-GRID-062,LC08_L2SP_176039_20250719_20250726_02_T1,2025-07-19,0.2899794974409104,0.8700829024151958,49.41000399286949,0.314085005286949,low,-0.5801034049742855,landsat_gee,True
NSR-GRID-063,LC08_L2SP_176039_20250719_20250726_02_T1,2025-07-19,1.7940194451990692,1.961976031575363,50.91404394062765,0.34872282408755556,low,-0.16795658637629374,landsat_gee,True
NSR-GRID-064,LC08_L2SP_176039_20250719_20250726_02_T1,2025-07-19,0.3468625614604264,0.8433241326008175,49.46688705688901,0.3287808790324328,low,-0.49646157114039113,landsat_gee,True
NSR-GRID-065,LC08_L2SP_176039_20250719_20250726_02_T1,2025-07-19,-2.16707347194982,-1.550651163222888,46.95295102347876,0.39126689338296156,medium,-0.6164223087269318,landsat_gee,True
NSR-GRID-066,LC08_L2SP_176039_20250719_20250726_02_T1,2025-07-19,1.0587483265737845,1.5564032988642234,50.178772822002365,0.28322806894689007,low,-0.49765497229043887,landsat_gee,True
NSR-GRID-067,LC08_L2SP_176039_20250719_20250726_02_T1,2025-07-19,0.2603891594617167,1.0069620325477693,49.3804136548903,0.2912109741583471,low,-0.7465728730860526,landsat_gee,True
NSR-GRID-068,LC08_L2SP_176039_20250719_20250726_02_T1,2025-07-19,-2.538674015664789,-2.2651568958858443,46.58135047976379,0.45158152736367824,medium,-0.27351711977894455,landsat_gee,True
NSR-GRID-069,LC08_L2SP_176039_20250719_20250726_02_T1,2025-07-19,-1.942043623158256,-2.0024508523543685,47.177980872270325,0.3369777737310441,low,0.06040722919611241,landsat_gee,True
NSR-GRID-070,LC08_L2SP_176039_20250719_20250726_02_T1,2025-07-19,0.3389376863113895,0.6786461947792523,49.45896218173997,0.3110652186535893,low,-0.33970850846786277,landsat_gee,True
NSR-GRID-071,LC08_L2SP_176039_20250719_20250726_02_T1,2025-07-19,1.112367663290982,1.3574363587883813,50.23239215871956,0.31872483599066603,low,-0.2450686954973993,landsat_gee,True
NSR-GRID-072,LC08_L2SP_176039_20250719_20250726_02_T1,2025-07-19,0.4968308034999964,0.7679216720429124,49.61685529892858,0.22856887770357046,low,-0.271090868542916,landsat_gee,True
NSR-GRID-073,LC08_L2SP_176039_20250719_20250726_02_T1,2025-07-19,0.5388955304206107,0.6857372497855538,49.65892002584919,0.24470533977797,low,-0.14684171936494317,landsat_gee,True
NSR-GRID-074,LC08_L2SP_176039_20250719_20250726_02_T1,2025-07-19,0.3424333475249881,0.8378114636422841,49.46245784295357,0.22677194458408456,low,-0.495378116117296,landsat_gee,True
NSR-GRID-075,LC08_L2SP_176039_20250719_20250726_02_T1,2025-07-19,1.1831851036686911,1.1842041306949593,50.30320959909727,0.2603009669049941,low,-0.0010190270262682155,landsat_gee,True
NSR-GRID-076,LC08_L2SP_176039_20250719_20250726_02_T1,2025-07-19,1.1581399845002522,0.9193499490097644,50.27816447992883,0.2492174514242085,low,0.23879003549048783,landsat_gee,True
NSR-GRID-077,LC08_L2SP_176039_20250719_20250726_02_T1,2025-07-19,-0.4765526033513723,-0.5426098666077609,48.64347189207721,0.17989793275021065,low,0.06605726325638861,landsat_gee,True
NSR-GRID-079,LC08_L2SP_176039_20250719_20250726_02_T1,2025-07-19,0.6856465020741851,0.6238798156284635,49.805670997502766,0.23890968229579804,low,0.061766686445721586,landsat_gee,True
NSR-GRID-080,LC08_L2SP_176039_20250719_20250726_02_T1,2025-07-19,-2.4743348802953093,-2.4964566802990076,46.64568961513327,0.32827521543069915,low,0.022121800003698233,landsat_gee,True
NSR-GRID-081,LC08_L2SP_176039_20250719_20250726_02_T1,2025-07-19,0.4832132361759704,0.36707756650965323,49.60323773160455,0.2391903942959933,low,0.11613566966631717,landsat_gee,True
NSR-GRID-082,LC08_L2SP_176039_20250719_20250726_02_T1,2025-07-19,0.0852466546807519,-0.3026553438542287,49.20527115010933,0.39301369087161236,medium,0.38790199853498064,landsat_gee,True
NSR-GRID-083,LC08_L2SP_176039_20250719_20250726_02_T1,2025-07-19,1.053972168601426,0.18669706730670949,50.17399666403001,0.3794563856363461,medium,0.8672751012947166,landsat_gee,True
NSR-GRID-084,LC08_L2SP_176039_20250719_20250726_02_T1,2025-07-19,2.1069642221120617,1.19676533646616,51.22698871754064,0.40013538042013286,medium,0.9101988856459018,landsat_gee,True
NSR-GRID-085,LC08_L2SP_176039_20250719_20250726_02_T1,2025-07-19,-0.5161671479698597,-0.971505424474391,48.60385734745872,0.39368448945533946,medium,0.4553382765045313,landsat_gee,True
NSR-GRID-086,LC08_L2SP_176039_20250719_20250726_02_T1,2025-07-19,-1.5679927868185644,-1.4073169887137613,47.552031708610016,0.3641191737249535,medium,-0.16067579810480304,landsat_gee,True
NSR-GRID-087,LC08_L2SP_176039_20250719_20250726_02_T1,2025-07-19,-2.590449001142858,-1.9520813493106306,46.52957549428572,0.35594538955841853,medium,-0.6383676518322272,landsat_gee,True
NSR-GRID-088,LC08_L2SP_176039_20250719_20250726_02_T1,2025-07-19,-0.967699458007317,-0.6556550816073663,48.152325037421264,0.37132754412621893,medium,-0.31204437639995075,landsat_gee,True
NSR-GRID-089,LC08_L2SP_176039_20250719_20250726_02_T1,2025-07-19,-1.823283632159935,-1.5362055949000675,47.296740863268646,0.3112019816531722,low,-0.2870780372598676,landsat_gee,True
NSR-GRID-090,LC08_L2SP_176039_20250719_20250726_02_T1,2025-07-19,-0.2153131320590375,0.10433192310020808,48.90471136336954,0.3073578767980748,low,-0.3196450551592456,landsat_gee,True
NSR-GRID-091,LC08_L2SP_176039_20250719_20250726_02_T1,2025-07-19,0.4976646179264605,0.5044394377882754,49.61768911335504,0.32305129848609543,low,-0.006774819861814885,landsat_gee,True
NSR-GRID-092,LC08_L2SP_176039_20250719_20250726_02_T1,2025-07-19,-3.408824994835058,-2.5845084219405776,45.71119950059352,0.3924332564124012,medium,-0.8243165728944803,landsat_gee,True
NSR-GRID-093,LC08_L2SP_176039_20250719_20250726_02_T1,2025-07-19,-2.926843987976838,-2.363908669381536,46.19318050745174,0.3298584289494324,low,-0.5629353185953021,landsat_gee,True
NSR-GRID-094,LC08_L2SP_176039_20250719_20250726_02_T1,2025-07-19,-3.5323404726656094,-3.0718242470927586,45.58768402276297,0.3494979498828766,low,-0.46051622557285077,landsat_gee,True
NSR-GRID-095,LC08_L2SP_176039_20250719_20250726_02_T1,2025-07-19,-1.6093084820115706,-1.7911577574030648,47.51071601341701,0.3354327384931882,low,0.1818492753914942,landsat_gee,True
NSR-GRID-096,LC08_L2SP_176039_20250719_20250726_02_T1,2025-07-19,-2.655705661178338,-2.819886658716212,46.46431883425024,0.3777793569657675,medium,0.16418099753787407,landsat_gee,True
NSR-GRID-097,LC08_L2SP_176039_20250719_20250726_02_T1,2025-07-19,-2.0909287918943136,-1.1702448854448972,47.02909570353427,0.28769024789333053,low,-0.9206839064494163,landsat_gee,True
NSR-GRID-098,LC08_L2SP_176039_20250719_20250726_02_T1,2025-07-19,-1.8311567323654143,-1.1401300940869212,47.288867763063166,0.3066425802060653,low,-0.6910266382784931,landsat_gee,True
NSR-GRID-099,LC08_L2SP_176039_20250719_20250726_02_T1,2025-07-19,-2.524978501790123,-1.5847138379262702,46.59504599363846,0.26976785422920574,low,-0.940264663863853,landsat_gee,True
NSR-GRID-100,LC08_L2SP_176039_20250719_20250726_02_T1,2025-07-19,-2.8685663198792994,-2.0970513360245873,46.25145817554928,0.18386027034609614,low,-0.7715149838547122,landsat_gee,True
NSR-GRID-101,LC08_L2SP_176039_20250719_20250726_02_T1,2025-07-19,-2.216645781648822,-1.6657099361631376,46.90337871377976,0.1525749811393848,low,-0.5509358454856843,landsat_gee,True
NSR-GRID-102,LC08_L2SP_176039_20250719_20250726_02_T1,2025-07-19,0.5652358142615626,0.7180518424873796,49.68526030969014,0.20354441920239424,low,-0.15281602822581708,landsat_gee,True
NSR-GRID-103,LC08_L2SP_176039_20250719_20250726_02_T1,2025-07-19,0.1202918901371248,0.514909132341554,49.240316385565706,0.2358478263580944,low,-0.3946172422044292,landsat_gee,True
NSR-GRID-104,LC08_L2SP_176039_20250719_20250726_02_T1,2025-07-19,1.4274995364007168,1.6095082275942565,50.5475240318293,0.24700201224571672,low,-0.18200869119353968,landsat_gee,True
NSR-GRID-105,LC08_L2SP_176039_20250719_20250726_02_T1,2025-07-19,-1.725962617553499,-2.141003625458486,47.39406187787508,0.32569832012527694,low,0.4150410079049869,landsat_gee,True
NSR-GRID-106,LC08_L2SP_176039_20250719_20250726_02_T1,2025-07-19,0.2729294933123682,0.4033926520978724,49.39295398874095,0.2245443835069398,low,-0.13046315878550419,landsat_gee,True
NSR-GRID-107,LC08_L2SP_176039_20250719_20250726_02_T1,2025-07-19,-0.8947397916109381,-1.4960216740889603,48.22528470381764,0.4018922147207348,medium,0.6012818824780222,landsat_gee,True
NSR-GRID-108,LC08_L2SP_176039_20250719_20250726_02_T1,2025-07-19,-1.3119549882367565,-1.8240206878929477,47.808069507191824,0.37512364258858427,medium,0.5120656996561912,landsat_gee,True
NSR-GRID-109,LC08_L2SP_176039_20250719_20250726_02_T1,2025-07-19,-1.924877842766513,-2.617797297267331,47.19514665266207,0.38524211271924247,medium,0.6929194545008182,landsat_gee,True
NSR-GRID-110,LC08_L2SP_176039_20250719_20250726_02_T1,2025-07-19,-2.400398740377298,-2.6911948473320515,46.71962575505128,0.37131517774597944,medium,0.29079610695475333,landsat_gee,True
NSR-GRID-111,LC08_L2SP_176039_20250719_20250726_02_T1,2025-07-19,-2.888249889742632,-2.7584745822129286,46.23177460568595,0.36854106594930636,medium,-0.12977530752970345,landsat_gee,True
NSR-GRID-112,LC08_L2SP_176039_20250719_20250726_02_T1,2025-07-19,-2.238928724185364,-2.184776355814688,46.88109577124322,0.4169395879456418,medium,-0.05415236837067594,landsat_gee,True
NSR-GRID-113,LC08_L2SP_176039_20250719_20250726_02_T1,2025-07-19,-4.022500898972652,-3.61003807819583,45.09752359645593,0.3446029726052621,low,-0.4124628207768217,landsat_gee,True
NSR-GRID-114,LC08_L2SP_176039_20250719_20250726_02_T1,2025-07-19,-4.070255154097019,-3.5877411821620875,45.04976934133156,0.35463835879388694,medium,-0.4825139719349316,landsat_gee,True
NSR-GRID-115,LC08_L2SP_176039_20250719_20250726_02_T1,2025-07-19,-2.11780300043182,-1.9951040338725097,47.00222149499676,0.3648571740276015,medium,-0.12269896655931012,landsat_gee,True
NSR-GRID-116,LC08_L2SP_176039_20250719_20250726_02_T1,2025-07-19,0.0,0.23893703168195554,49.12002449542858,0.3604235323000201,medium,-0.23893703168195554,landsat_gee,True
NSR-GRID-117,LC08_L2SP_176039_20250719_20250726_02_T1,2025-07-19,-0.4695936125872677,0.08310684578991562,48.65043088284131,0.26973552291857555,low,-0.5527004583771833,landsat_gee,True
NSR-GRID-118,LC08_L2SP_176039_20250719_20250726_02_T1,2025-07-19,-2.224687832546202,-1.464500726608673,46.89533666288238,0.2680222764990388,low,-0.7601871059375291,landsat_gee,True
NSR-GRID-119,LC08_L2SP_176039_20250719_20250726_02_T1,2025-07-19,-5.991324412025413,-5.362772796089331,43.12870008340317,0.42321584257113465,medium,-0.6285516159360824,landsat_gee,True
NSR-GRID-120,LC08_L2SP_176039_20250719_20250726_02_T1,2025-07-19,-4.8851176456994025,-4.792605892727675,44.23490684972918,0.4598735092752262,medium,-0.09251175297172765,landsat_gee,True
NSR-GRID-121,LC08_L2SP_176039_20250719_20250726_02_T1,2025-07-19,-2.829394014000904,-2.9535884478451173,46.29063048142768,0.3973568755969402,medium,0.12419443384421314,landsat_gee,True
NSR-GRID-122,LC08_L2SP_176039_20250719_20250726_02_T1,2025-07-19,-2.59606347294217,-1.7351005489605251,46.52396102248641,0.31840272953249316,low,-0.8609629239816448,landsat_gee,True
NSR-GRID-123,LC08_L2SP_176039_20250719_20250726_02_T1,2025-07-19,-2.020715055220357,-1.6186280828445725,47.09930944020822,0.331498761614632,low,-0.4020869723757847,landsat_gee,True
NSR-GRID-124,LC08_L2SP_176039_20250719_20250726_02_T1,2025-07-19,-1.783345462458911,-1.4649489828438693,47.33667903296967,0.3138192908120996,low,-0.3183964796150416,landsat_gee,True
NSR-GRID-125,LC08_L2SP_176039_20250719_20250726_02_T1,2025-07-19,-2.727131225137299,-2.09192003414227,46.39289327029128,0.18128248626597893,low,-0.6352111909950291,landsat_gee,True
NSR-GRID-126,LC08_L2SP_176039_20250719_20250726_02_T1,2025-07-19,0.2960379023234978,0.4967126391716654,49.41606239775208,0.21770654589567157,low,-0.2006747368481676,landsat_gee,True
NSR-GRID-127,LC08_L2SP_176039_20250719_20250726_02_T1,2025-07-19,1.2362807393653412,1.2426620049499064,50.35630523479392,0.2282527526408646,low,-0.006381265584565199,landsat_gee,True
NSR-GRID-128,LC08_L2SP_176039_20250719_20250726_02_T1,2025-07-19,-2.0009107169795683,-2.3432147338298077,47.11911377844901,0.22945123867358014,low,0.34230401685023937,landsat_gee,True
NSR-GRID-129,LC08_L2SP_176039_20250719_20250726_02_T1,2025-07-19,0.3204494446596513,0.2800537286354283,49.44047394008823,0.24067575095150054,low,0.04039571602422298,landsat_gee,True
NSR-GRID-130,LC08_L2SP_176039_20250719_20250726_02_T1,2025-07-19,-1.2649359183558817,-1.8271110753786701,47.8550885770727,0.37910544395576284,medium,0.5621751570227884,landsat_gee,True
NSR-GRID-131,LC08_L2SP_176039_20250719_20250726_02_T1,2025-07-19,-1.246892672483142,-1.066007060733977,47.87313182294544,0.19466362521242017,low,-0.18088561174916484,landsat_gee,True
NSR-GRID-132,LC08_L2SP_176039_20250719_20250726_02_T1,2025-07-19,-2.5734681557256422,-3.000822852505325,46.54655633970294,0.36743001427758754,medium,0.42735469677968263,landsat_gee,True
NSR-GRID-133,LC08_L2SP_176039_20250719_20250726_02_T1,2025-07-19,-2.298697394244698,-2.8010268397159948,46.82132710118388,0.38333181944968625,medium,0.5023294454712968,landsat_gee,True
NSR-GRID-134,LC08_L2SP_176039_20250719_20250726_02_T1,2025-07-19,-2.149866234610016,-2.676773491968328,46.970158260818565,0.3681708676979465,medium,0.526907257358312,landsat_gee,True
NSR-GRID-135,LC08_L2SP_176039_20250719_20250726_02_T1,2025-07-19,-2.400561202446603,-2.779659740513192,46.71946329298198,0.35448578809107417,medium,0.379098538066589,landsat_gee,True
NSR-GRID-136,LC08_L2SP_176039_20250719_20250726_02_T1,2025-07-19,-3.05658971395453,-3.150095419357435,46.06343478147405,0.23873669917333312,low,0.09350570540290493,landsat_gee,True
NSR-GRID-137,LC08_L2SP_176039_20250719_20250726_02_T1,2025-07-19,-3.4498561685934632,-3.235398543730369,45.67016832683512,0.35145891778907024,medium,-0.21445762486309405,landsat_gee,True
NSR-GRID-138,LC08_L2SP_176039_20250719_20250726_02_T1,2025-07-19,-3.7415054705556017,-3.566218909206648,45.37851902487298,0.3430911635533484,low,-0.17528656134895382,landsat_gee,True
NSR-GRID-139,LC08_L2SP_176039_20250719_20250726_02_T1,2025-07-19,-2.2761165971407777,-2.162441992544394,46.8439078982878,0.3807018101723397,medium,-0.11367460459638368,landsat_gee,True
NSR-GRID-140,LC08_L2SP_176039_20250719_20250726_02_T1,2025-07-19,1.7044452689164302,1.5438553477901278,50.82446976434501,0.2573716090237896,low,0.16058992112630244,landsat_gee,True
NSR-GRID-141,LC08_L2SP_176039_20250719_20250726_02_T1,2025-07-19,1.321349294027904,1.661971844788394,50.441373789456485,0.2315853178593918,low,-0.3406225507604901,landsat_gee,True
NSR-GRID-142,LC08_L2SP_176039_20250719_20250726_02_T1,2025-07-19,-2.233013350720512,-1.7467328936906386,46.88701114470807,0.270797889980781,low,-0.4862804570298733,landsat_gee,True
NSR-GRID-143,LC08_L2SP_176039_20250719_20250726_02_T1,2025-07-19,-4.25758575159643,-3.306772890408923,44.86243874383215,0.39336184830290205,medium,-0.9508128611875071,landsat_gee,True
NSR-GRID-144,LC08_L2SP_176039_20250719_20250726_02_T1,2025-07-19,-5.087915834619494,-4.800321413863859,44.03210866080909,0.43677007221106623,medium,-0.2875944207556351,landsat_gee,True
NSR-GRID-145,LC08_L2SP_176039_20250719_20250726_02_T1,2025-07-19,-2.836448264789709,-2.604145546048326,46.28357623063887,0.40245790492352707,medium,-0.23230271874138309,landsat_gee,True
NSR-GRID-146,LC08_L2SP_176039_20250719_20250726_02_T1,2025-07-19,-2.1301833538631314,-1.5238499344698926,46.98984114156545,0.30927459356228626,low,-0.6063334193932388,landsat_gee,True
NSR-GRID-147,LC08_L2SP_176039_20250719_20250726_02_T1,2025-07-19,-1.4109482651546583,-1.2223274036387761,47.70907623027392,0.3211716972801564,low,-0.1886208615158822,landsat_gee,True
NSR-GRID-148,LC08_L2SP_176039_20250719_20250726_02_T1,2025-07-19,-1.1143696072430913,-1.1743645412054637,48.00565488818549,0.2827226831750681,low,0.05999493396237243,landsat_gee,True
NSR-GRID-149,LC08_L2SP_176039_20250719_20250726_02_T1,2025-07-19,-2.723631976851415,-2.432772315163259,46.396392518577166,0.3070515733479896,low,-0.290859661688156,landsat_gee,True
NSR-GRID-150,LC08_L2SP_176039_20250719_20250726_02_T1,2025-07-19,-2.751265373299894,-2.817334569163719,46.36875912212869,0.23966170756288216,low,0.06606919586382487,landsat_gee,True
NSR-GRID-151,LC08_L2SP_176039_20250719_20250726_02_T1,2025-07-19,-1.2794884670680986,-0.8582874619363635,47.84053602836048,0.20472635474272607,low,-0.4212010051317351,landsat_gee,True
NSR-GRID-152,LC08_L2SP_176039_20250719_20250726_02_T1,2025-07-19,-1.2594485285462156,-1.5890113076851273,47.860575966882365,0.36585452717705064,medium,0.32956277913891174,landsat_gee,True
NSR-GRID-153,LC08_L2SP_176039_20250719_20250726_02_T1,2025-07-19,-2.248465629549507,-2.8377465503005768,46.871558865879074,0.3812692994619609,medium,0.5892809207510696,landsat_gee,True
NSR-GRID-154,LC08_L2SP_176039_20250719_20250726_02_T1,2025-07-19,-2.3476848446412437,-2.7213507943044055,46.77233965078734,0.37361080879703457,medium,0.3736659496631618,landsat_gee,True
NSR-GRID-155,LC08_L2SP_176039_20250719_20250726_02_T1,2025-07-19,-3.097047686675652,-3.425055436079038,46.02297680875293,0.36660843323520287,medium,0.3280077494033864,landsat_gee,True
NSR-GRID-156,LC08_L2SP_176039_20250719_20250726_02_T1,2025-07-19,-3.807988279534534,-3.7273853248585245,45.31203621589405,0.3482716071555529,low,-0.08060295467600964,landsat_gee,True
NSR-GRID-157,LC08_L2SP_176039_20250719_20250726_02_T1,2025-07-19,-3.858130649873253,-3.432363536546685,45.26189384555533,0.32277706668715683,low,-0.42576711332656814,landsat_gee,True
NSR-GRID-158,LC08_L2SP_176039_20250719_20250726_02_T1,2025-07-19,-4.304192267471045,-3.7224601722937662,44.815832227957536,0.353329443235322,medium,-0.5817320951772786,landsat_gee,True
NSR-GRID-159,LC08_L2SP_176039_20250719_20250726_02_T1,2025-07-19,-4.094449035045656,-3.6823871570237463,45.025575460382925,0.3567669490513433,medium,-0.41206187802190986,landsat_gee,True
NSR-GRID-160,LC08_L2SP_176039_20250719_20250726_02_T1,2025-07-19,-3.2370025459151397,-2.8816106131845305,45.88302194951344,0.4033207500562064,medium,-0.3553919327306092,landsat_gee,True
NSR-GRID-161,LC08_L2SP_176039_20250719_20250726_02_T1,2025-07-19,-1.4300712671071238,-1.7397263092881883,47.68995322832146,0.3590038396803592,medium,0.30965504218106443,landsat_gee,True
NSR-GRID-162,LC08_L2SP_176039_20250719_20250726_02_T1,2025-07-19,-0.6293859394624306,-0.8119310759662685,48.49063855596615,0.3244008148970472,low,0.18254513650383786,landsat_gee,True
NSR-GRID-163,LC08_L2SP_176039_20250719_20250726_02_T1,2025-07-19,-1.5643561945132871,-1.4170060283567716,47.55566830091529,0.3714136258819387,medium,-0.14735016615651553,landsat_gee,True
NSR-GRID-164,LC08_L2SP_176039_20250719_20250726_02_T1,2025-07-19,-2.859202434533721,-2.2175864389026136,46.26082206089486,0.366327839565629,medium,-0.6416159956311072,landsat_gee,True
NSR-GRID-165,LC08_L2SP_176039_20250719_20250726_02_T1,2025-07-19,-4.672645822523656,-4.498739932354146,44.447378672904925,0.4478704873343248,medium,-0.1739058901695092,landsat_gee,True
NSR-GRID-166,LC08_L2SP_176039_20250719_20250726_02_T1,2025-07-19,-2.39799807283962,-2.4306748933035176,46.72202642258896,0.4218065141296692,medium,0.03267682046389764,landsat_gee,True
NSR-GRID-167,LC08_L2SP_176039_20250719_20250726_02_T1,2025-07-19,-1.5689200536539616,-1.201021249389257,47.55110444177462,0.34691199529291444,low,-0.36789880426470467,landsat_gee,True
NSR-GRID-168,LC08_L2SP_176039_20250719_20250726_02_T1,2025-07-19,-0.8840867062904678,-1.1533201085123117,48.23593778913811,0.3367595952958362,low,0.2692334022218439,landsat_gee,True
NSR-GRID-169,LC08_L2SP_176039_20250719_20250726_02_T1,2025-07-19,-0.86301985696484,-1.2969989419174375,48.25700463846374,0.3135448528714371,low,0.4339790849525975,landsat_gee,True
NSR-GRID-170,LC08_L2SP_176039_20250719_20250726_02_T1,2025-07-19,-1.096627063973429,-0.6183914008410241,48.02339743145515,0.2888538282524682,low,-0.47823566313240495,landsat_gee,True
NSR-GRID-171,LC08_L2SP_176039_20250719_20250726_02_T1,2025-07-19,-0.8986659433374911,-0.8714724955799028,48.22135855209109,0.20248615596943978,low,-0.02719344775758825,landsat_gee,True
NSR-GRID-172,LC08_L2SP_176039_20250719_20250726_02_T1,2025-07-19,-0.8580162021172484,-0.4996032207949922,48.26200829331133,0.16820492858131772,low,-0.3584129813222562,landsat_gee,True
NSR-GRID-173,LC08_L2SP_176039_20250719_20250726_02_T1,2025-07-19,0.7598607029339917,0.692962168670543,49.87988519836257,0.23520210948181774,low,0.0668985342634486,landsat_gee,True
NSR-GRID-174,LC08_L2SP_176039_20250719_20250726_02_T1,2025-07-19,-1.532754300363095,-1.4688685843804172,47.587270195065486,0.30410436476849667,low,-0.06388571598267778,landsat_gee,True
NSR-GRID-175,LC08_L2SP_176039_20250719_20250726_02_T1,2025-07-19,-3.0386901173693985,-3.1707521468209205,46.08133437805918,0.35432606414398626,medium,0.132062029451522,landsat_gee,True
NSR-GRID-176,LC08_L2SP_176039_20250719_20250726_02_T1,2025-07-19,-2.722459141743656,-3.0466361182439865,46.397565353684925,0.3402268928223149,low,0.3241769765003304,landsat_gee,True
NSR-GRID-177,LC08_L2SP_176039_20250719_20250726_02_T1,2025-07-19,-2.662713021922165,-3.0103175183222115,46.457311473506415,0.3517082841064776,medium,0.3476044964000464,landsat_gee,True
NSR-GRID-178,LC08_L2SP_176039_20250719_20250726_02_T1,2025-07-19,-3.10944332906346,-3.1096538001328256,46.01058116636512,0.35288934310640435,medium,0.00021047106936533666,landsat_gee,True
NSR-GRID-179,LC08_L2SP_176039_20250719_20250726_02_T1,2025-07-19,-3.40576349481298,-3.4537871870466623,45.7142610006156,0.3395734879631571,low,0.048023692233682524,landsat_gee,True
NSR-GRID-180,LC08_L2SP_176039_20250719_20250726_02_T1,2025-07-19,-3.9793364679941376,-3.503032002223516,45.14068802743444,0.3356679663992653,low,-0.47630446577062147,landsat_gee,True
NSR-GRID-181,LC08_L2SP_176039_20250719_20250726_02_T1,2025-07-19,-3.5397080496477784,-3.263364594579755,45.5803164457808,0.34672057156611147,low,-0.2763434550680235,landsat_gee,True
NSR-GRID-182,LC08_L2SP_176039_20250719_20250726_02_T1,2025-07-19,-3.4363195011541734,-2.888051138864662,45.68370499427441,0.3718468491786028,medium,-0.5482683622895115,landsat_gee,True
NSR-GRID-183,LC08_L2SP_176039_20250719_20250726_02_T1,2025-07-19,-2.2821184966075734,-1.9041304853050032,46.83790599882101,0.3773296729369738,medium,-0.3779880113025702,landsat_gee,True
NSR-GRID-184,LC08_L2SP_176039_20250719_20250726_02_T1,2025-07-19,-2.12097896112801,-1.7510841245092024,46.99904553430057,0.3806604631046447,medium,-0.36989483661880773,landsat_gee,True
NSR-GRID-185,LC08_L2SP_176039_20250719_20250726_02_T1,2025-07-19,-1.9418722116585911,-1.2716438249729771,47.17815228376999,0.33910815907101766,low,-0.670228386685614,landsat_gee,True
NSR-GRID-186,LC08_L2SP_176039_20250719_20250726_02_T1,2025-07-19,-1.948872477337673,-1.9472419388037623,47.17115201809091,0.40149969567681254,medium,-0.0016305385339108192,landsat_gee,True
NSR-GRID-187,LC08_L2SP_176039_20250719_20250726_02_T1,2025-07-19,-2.5237108263561225,-2.252377556238892,46.59631366907246,0.44831940927125075,medium,-0.27133327011723063,landsat_gee,True
NSR-GRID-188,LC08_L2SP_176039_20250719_20250726_02_T1,2025-07-19,-2.9932085819409835,-2.483252942416149,46.1268159134876,0.4160006351650315,medium,-0.5099556395248346,landsat_gee,True
NSR-GRID-189,LC08_L2SP_176039_20250719_20250726_02_T1,2025-07-19,-3.392619810600237,-3.1269379242294626,45.72740468482834,0.4215841587986926,medium,-0.2656818863707744,landsat_gee,True
NSR-GRID-190,LC08_L2SP_176039_20250719_20250726_02_T1,2025-07-19,-2.941413406803619,-2.7220551257504817,46.17861108862496,0.34883176866757426,low,-0.21935828105313737,landsat_gee,True
NSR-GRID-191,LC08_L2SP_176039_20250719_20250726_02_T1,2025-07-19,-1.3486659147682118,-1.8014251093966254,47.77135858066037,0.30534603922765735,low,0.4527591946284135,landsat_gee,True
NSR-GRID-192,LC08_L2SP_176039_20250719_20250726_02_T1,2025-07-19,0.4734588184832091,0.3090230437481885,49.59348331391179,0.220758212701594,low,0.16443577473502058,landsat_gee,True
NSR-GRID-193,LC08_L2SP_176039_20250719_20250726_02_T1,2025-07-19,-0.6893724324488772,-0.9077622426519284,48.4306520629797,0.3569600131871592,medium,0.21838981020305115,landsat_gee,True
NSR-GRID-194,LC08_L2SP_176039_20250719_20250726_02_T1,2025-07-19,0.4691739032045063,0.49967768161926346,49.58919839863309,0.26750681113802777,low,-0.030503778414757154,landsat_gee,True
NSR-GRID-195,LC08_L2SP_176039_20250719_20250726_02_T1,2025-07-19,-2.644146743325408,-2.8764202306208504,46.47587775210317,0.355789597104776,medium,0.2322734872954424,landsat_gee,True
NSR-GRID-196,LC08_L2SP_176039_20250719_20250726_02_T1,2025-07-19,-0.7202585112954125,-0.6968460240015099,48.39976598413317,0.2612571954593212,low,-0.023412487293902662,landsat_gee,True
NSR-GRID-197,LC08_L2SP_176039_20250719_20250726_02_T1,2025-07-19,-2.94663398747948,-3.3054411322578785,46.1733905079491,0.3076116152195222,low,0.3588071447783987,landsat_gee,True
NSR-GRID-198,LC08_L2SP_176039_20250719_20250726_02_T1,2025-07-19,-3.4311895329438684,-3.224440503457919,45.68883496248471,0.2588373820752391,low,-0.20674902948594953,landsat_gee,True
NSR-GRID-199,LC08_L2SP_176039_20250719_20250726_02_T1,2025-07-19,-3.8711096714058826,-3.730305091655658,45.2489148240227,0.36311300786681766,medium,-0.14080457975022442,landsat_gee,True
NSR-GRID-200,LC08_L2SP_176039_20250719_20250726_02_T1,2025-07-19,-3.580230772514369,-3.4208345836343335,45.53979372291421,0.3526326542848906,medium,-0.1593961888800357,landsat_gee,True
NSR-GRID-201,LC08_L2SP_176039_20250719_20250726_02_T1,2025-07-19,-3.5616014883965192,-3.2623078036482642,45.55842300703206,0.38209249807073253,medium,-0.299293684748255,landsat_gee,True
NSR-GRID-202,LC08_L2SP_176039_20250719_20250726_02_T1,2025-07-19,-3.4020877056363474,-2.6016558487866037,45.71793678979223,0.3598776972525679,medium,-0.8004318568497437,landsat_gee,True
NSR-GRID-203,LC08_L2SP_176039_20250719_20250726_02_T1,2025-07-19,-0.9907012554921196,-0.5275846908324592,48.12932323993646,0.4003396196588132,medium,-0.46311656465966045,landsat_gee,True
NSR-GRID-204,LC08_L2SP_176039_20250719_20250726_02_T1,2025-07-19,-3.0396959518406206,-2.4265350125996337,46.08032854358796,0.36350464110442154,medium,-0.6131609392409869,landsat_gee,True
NSR-GRID-205,LC08_L2SP_176039_20250719_20250726_02_T1,2025-07-19,-2.388006874072758,-2.0915104091018963,46.73201762135582,0.37591197976886004,medium,-0.2964964649708617,landsat_gee,True
NSR-GRID-206,LC08_L2SP_176039_20250719_20250726_02_T1,2025-07-19,-2.700525098551452,-2.4637283459828683,46.41949939687713,0.3931459175483225,medium,-0.2367967525685839,landsat_gee,True
NSR-GRID-207,LC08_L2SP_176039_20250719_20250726_02_T1,2025-07-19,-2.7377639022539384,-2.3268405456578143,46.38226059317464,0.40197513695928566,medium,-0.4109233565961241,landsat_gee,True
NSR-GRID-208,LC08_L2SP_176039_20250719_20250726_02_T1,2025-07-19,-2.0859107938011974,-1.717413817463254,47.03411370162738,0.4265857442058807,medium,-0.3684969763379433,landsat_gee,True
NSR-GRID-209,LC08_L2SP_176039_20250719_20250726_02_T1,2025-07-19,-2.123671303804897,-1.6926121439314803,46.99635319162368,0.41344159538148095,medium,-0.4310591598734168,landsat_gee,True
NSR-GRID-210,LC08_L2SP_176039_20250719_20250726_02_T1,2025-07-19,-1.3914287413163748,-1.1936156942979617,47.728595754112206,0.41176724991843006,medium,-0.19781304701841318,landsat_gee,True
NSR-GRID-211,LC08_L2SP_176039_20250719_20250726_02_T1,2025-07-19,-1.5222345047183197,-1.6759669435766273,47.59778999071026,0.4222808843163988,medium,0.15373243885830767,landsat_gee,True
NSR-GRID-212,LC08_L2SP_176039_20250719_20250726_02_T1,2025-07-19,-0.4602738829715562,-0.6678030464741246,48.659750612457024,0.35743948566113126,medium,0.2075291635025684,landsat_gee,True
NSR-GRID-213,LC08_L2SP_176039_20250719_20250726_02_T1,2025-07-19,-0.0144070697118294,0.022317422175120543,49.10561742571675,0.2847715137764485,low,-0.03672449188694994,landsat_gee,True
NSR-GRID-214,LC08_L2SP_176039_20250719_20250726_02_T1,2025-07-19,-3.054596292025394,-3.531073927008459,46.06542820340319,0.3825674739822194,medium,0.47647763498306483,landsat_gee,True
NSR-GRID-215,LC08_L2SP_176039_20250719_20250726_02_T1,2025-07-19,-3.101089739330739,-3.437984139107759,46.01893475609784,0.3256507848969905,low,0.33689439977701996,landsat_gee,True
NSR-GRID-216,LC08_L2SP_176039_20250719_20250726_02_T1,2025-07-19,-2.4408188853698007,-2.5685845777555874,46.67920561005878,0.3218487973831683,low,0.1277656923857866,landsat_gee,True
NSR-GRID-217,LC08_L2SP_176039_20250719_20250726_02_T1,2025-07-19,-3.006880591725583,-2.8385804063123237,46.113143903703,0.3771838411365399,medium,-0.1683001854132593,landsat_gee,True
NSR-GRID-218,LC08_L2SP_176039_20250719_20250726_02_T1,2025-07-19,-2.763950448286181,-2.6608834703048903,46.3560740471424,0.368610277505317,medium,-0.10306697798129072,landsat_gee,True
NSR-GRID-219,LC08_L2SP_176039_20250719_20250726_02_T1,2025-07-19,-1.9704668778015773,-1.7225500062508075,47.149557617627,0.37553846710561534,medium,-0.2479168715507698,landsat_gee,True
NSR-GRID-220,LC08_L2SP_176039_20250719_20250726_02_T1,2025-07-19,-1.2528915874014783,-1.1482193213275644,47.8671329080271,0.3861350557999622,medium,-0.10467226607391389,landsat_gee,True
NSR-GRID-221,LC08_L2SP_176039_20250719_20250726_02_T1,2025-07-19,-1.981560373495569,-1.5949213062796257,47.13846412193301,0.3910537291278706,medium,-0.3866390672159432,landsat_gee,True
NSR-GRID-222,LC08_L2SP_176039_20250719_20250726_02_T1,2025-07-19,-1.630518735074041,-1.7230140620907217,47.48950576035454,0.3844527587310395,medium,0.09249532701668062,landsat_gee,True
NSR-GRID-223,LC08_L2SP_176039_20250719_20250726_02_T1,2025-07-19,-2.296162833172062,-2.3889429140919205,46.82386166225652,0.4339404882935778,medium,0.09278008091985868,landsat_gee,True
NSR-GRID-224,LC08_L2SP_176039_20250719_20250726_02_T1,2025-07-19,-2.305261578952482,-2.1620717154941875,46.8147629164761,0.47711698282100234,medium,-0.14318986345829465,landsat_gee,True
NSR-GRID-225,LC08_L2SP_176039_20250719_20250726_02_T1,2025-07-19,-1.4180999223165784,-1.2984521843512873,47.701924573112,0.4222017444581861,medium,-0.11964773796529116,landsat_gee,True
NSR-GRID-226,LC08_L2SP_176039_20250719_20250726_02_T1,2025-07-19,-1.6973053323427436,-1.1790352015000563,47.42271916308584,0.3541565011124417,medium,-0.5182701308426874,landsat_gee,True
NSR-GRID-227,LC08_L2SP_176039_20250719_20250726_02_T1,2025-07-19,-1.984768436799726,-1.7111972609945083,47.135256058628855,0.4320274149488915,medium,-0.2735711758052177,landsat_gee,True
NSR-GRID-228,LC08_L2SP_176039_20250719_20250726_02_T1,2025-07-19,-1.768719066761193,-1.5864087497824417,47.35130542866739,0.4145546973543635,medium,-0.18231031697875122,landsat_gee,True
NSR-GRID-229,LC08_L2SP_176039_20250719_20250726_02_T1,2025-07-19,-0.4950076454015146,-0.9137409773763867,48.625016850027066,0.4496434783266996,medium,0.4187333319748721,landsat_gee,True
NSR-GRID-230,LC08_L2SP_176039_20250719_20250726_02_T1,2025-07-19,-1.113502853067608,-1.367574787363926,48.00652164236097,0.38798944492670373,medium,0.2540719342963178,landsat_gee,True
NSR-GRID-231,LC08_L2SP_176039_20250719_20250726_02_T1,2025-07-19,2.17660844968443,1.8508395431201337,51.29663294511301,0.32640644467252944,low,0.32576890656429636,landsat_gee,True
NSR-GRID-232,LC08_L2SP_176039_20250719_20250726_02_T1,2025-07-19,-2.0171686998536487,-2.62247515863204,47.10285579557493,0.31887219528643124,low,0.6053064587783914,landsat_gee,True
NSR-GRID-233,LC08_L2SP_176039_20250719_20250726_02_T1,2025-07-19,-2.4791455887055065,-3.0238154658020253,46.640878906723074,0.38058170648351375,medium,0.5446698770965188,landsat_gee,True
NSR-GRID-234,LC08_L2SP_176039_20250719_20250726_02_T1,2025-07-19,-2.7772686070231387,-2.9779416632961735,46.34275588840544,0.373076305598905,medium,0.20067305627303478,landsat_gee,True
NSR-GRID-235,LC08_L2SP_176039_20250719_20250726_02_T1,2025-07-19,-1.314502811310149,-1.2064498002600392,47.80552168411843,0.3514977647852356,medium,-0.10805301105010967,landsat_gee,True
NSR-GRID-236,LC08_L2SP_176039_20250719_20250726_02_T1,2025-07-19,0.8706882666702356,1.0070606098845736,49.990712762098816,0.37066001314089253,medium,-0.136372343214338,landsat_gee,True
NSR-GRID-237,LC08_L2SP_176039_20250719_20250726_02_T1,2025-07-19,3.347671140314688,2.916401868129282,52.46769563574327,0.2954128508472675,low,0.4312692721854061,landsat_gee,True
NSR-GRID-238,LC08_L2SP_176039_20250719_20250726_02_T1,2025-07-19,1.5175667430895814,1.517156483706899,50.63759123851816,0.33773757065126114,low,0.0004102593826824652,landsat_gee,True
NSR-GRID-239,LC08_L2SP_176039_20250719_20250726_02_T1,2025-07-19,0.2674306557014176,0.33025507538167187,49.38745515113,0.3827209890641887,medium,-0.06282441968025426,landsat_gee,True
NSR-GRID-240,LC08_L2SP_176039_20250719_20250726_02_T1,2025-07-19,0.0726351213193581,0.011046318560863744,49.19265961674794,0.35522477076112424,medium,0.06158880275849436,landsat_gee,True
NSR-GRID-241,LC08_L2SP_176039_20250719_20250726_02_T1,2025-07-19,-0.8142012122071804,-1.1042451692658857,48.3058232832214,0.4469032434186499,medium,0.2900439570587052,landsat_gee,True
NSR-GRID-242,LC08_L2SP_176039_20250719_20250726_02_T1,2025-07-19,-1.6052502621756943,-1.7388212186697543,47.514774233252886,0.49046472911729927,medium,0.13357095649405992,landsat_gee,True
NSR-GRID-243,LC08_L2SP_176039_20250719_20250726_02_T1,2025-07-19,-1.0284924351040274,-1.015025522557811,48.09153206032455,0.3838415814258733,medium,-0.013466912546216347,landsat_gee,True
NSR-GRID-244,LC08_L2SP_176039_20250719_20250726_02_T1,2025-07-19,1.0185702396225125,1.0829046948806995,50.13859473505109,0.2531474988202931,low,-0.06433445525818704,landsat_gee,True
NSR-GRID-245,LC08_L2SP_176039_20250719_20250726_02_T1,2025-07-19,0.7652931214030971,0.8440066190446716,49.88531761683168,0.3403200432572447,low,-0.07871349764157443,landsat_gee,True
NSR-GRID-246,LC08_L2SP_176039_20250719_20250726_02_T1,2025-07-19,-0.1352417375052113,-0.12397104977765322,48.98478275792337,0.42474186434601985,medium,-0.01127068772755807,landsat_gee,True
NSR-GRID-247,LC08_L2SP_176039_20250719_20250726_02_T1,2025-07-19,0.2989895236729367,-0.26013614308749544,49.41901401910152,0.37726221095436396,medium,0.5591256667604321,landsat_gee,True
NSR-GRID-248,LC08_L2SP_176039_20250719_20250726_02_T1,2025-07-19,0.109178892751224,-0.3390077089390001,49.229203388179805,0.392766205710651,medium,0.4481866016902241,landsat_gee,True
NSR-GRID-249,LC08_L2SP_176039_20250719_20250726_02_T1,2025-07-19,-1.4704698061426882,-1.820422792926571,47.64955468928589,0.3764707390572458,medium,0.34995298678388287,landsat_gee,True
NSR-GRID-250,LC08_L2SP_176039_20250719_20250726_02_T1,2025-07-19,1.3248001575643684,1.0813029821303448,50.44482465299295,0.25176173740819335,low,0.2434971754340236,landsat_gee,True
NSR-GRID-251,LC08_L2SP_176039_20250719_20250726_02_T1,2025-07-19,-1.953813113326099,-2.407093897708688,47.16621138210248,0.405016568703098,medium,0.453280784382589,landsat_gee,True
NSR-GRID-252,LC08_L2SP_176039_20250719_20250726_02_T1,2025-07-19,-2.1494821085273514,-2.564520156196342,46.97054238690123,0.41461478327388995,medium,0.41503804766899055,landsat_gee,True
NSR-GRID-253,LC08_L2SP_176039_20250719_20250726_02_T1,2025-07-19,-1.7901672014739916,-2.446292024689956,47.32985729395459,0.3717644533184843,medium,0.6561248232159644,landsat_gee,True
NSR-GRID-254,LC08_L2SP_176039_20250719_20250726_02_T1,2025-07-19,1.0722790123359331,0.6186109648890313,50.192303507764514,0.41265647229524194,medium,0.4536680474469018,landsat_gee,True
NSR-GRID-255,LC08_L2SP_176039_20250719_20250726_02_T1,2025-07-19,3.467587995026257,2.6984922296266856,52.58761249045484,0.3966890480226714,medium,0.7690957653995714,landsat_gee,True
NSR-GRID-256,LC08_L2SP_176039_20250719_20250726_02_T1,2025-07-19,1.5665956072637428,1.3011101376403156,50.68662010269232,0.32885945060561494,low,0.26548546962342723,landsat_gee,True
NSR-GRID-257,LC08_L2SP_176039_20250719_20250726_02_T1,2025-07-19,-0.327808366331098,-0.43473574583149427,48.79221612909748,0.2855219822843633,low,0.10692737950039627,landsat_gee,True
NSR-GRID-258,LC08_L2SP_176039_20250719_20250726_02_T1,2025-07-19,-1.0844715322781298,-1.0635328655388743,48.03555296315045,0.280180122818101,low,-0.020938666739255485,landsat_gee,True
NSR-GRID-259,LC08_L2SP_176039_20250719_20250726_02_T1,2025-07-19,-2.49278652841344,-2.2896561526082624,46.62723796701514,0.3458904024832833,low,-0.20313037580517745,landsat_gee,True
NSR-GRID-260,LC08_L2SP_176039_20250719_20250726_02_T1,2025-07-19,-2.125812244181944,-2.1773517648838365,46.99421225124664,0.3812877552778606,medium,0.051539520701892716,landsat_gee,True
NSR-GRID-261,LC08_L2SP_176039_20250719_20250726_02_T1,2025-07-19,-0.3469031227022938,-0.31076367709097785,48.77312137272629,0.3310869110327604,low,-0.036139445611315935,landsat_gee,True
NSR-GRID-262,LC08_L2SP_176039_20250719_20250726_02_T1,2025-07-19,1.3740114698931336,1.4262340628210812,50.494035965321714,0.2362647359019657,low,-0.05222259292794762,landsat_gee,True
NSR-GRID-263,LC08_L2SP_176039_20250719_20250726_02_T1,2025-07-19,1.5435352669297373,1.555493067448346,50.66355976235832,0.2648197155125387,low,-0.01195780051860873,landsat_gee,True
NSR-GRID-264,LC08_L2SP_176039_20250719_20250726_02_T1,2025-07-19,1.3592924874713006,1.2984941131795313,50.47931698289988,0.3281267119958465,low,0.060798374291769264,landsat_gee,True
NSR-GRID-265,LC08_L2SP_176039_20250719_20250726_02_T1,2025-07-19,0.019637330050017,-0.15997840883559017,49.1396618254786,0.4455612005685015,medium,0.17961573888560717,landsat_gee,True
NSR-GRID-266,LC08_L2SP_176039_20250719_20250726_02_T1,2025-07-19,-0.2829922814005527,-0.6209969866249776,48.83703221402803,0.3910198464769304,medium,0.3380047052244249,landsat_gee,True
NSR-GRID-267,LC08_L2SP_176039_20250719_20250726_02_T1,2025-07-19,-0.4008957200468401,-0.5832794201030195,48.71912877538174,0.3876189945047397,medium,0.18238370005617938,landsat_gee,True
NSR-GRID-268,LC08_L2SP_176039_20250719_20250726_02_T1,2025-07-19,-0.121226495317849,-0.20129579966038455,48.99879800011073,0.27160665524488936,low,0.08006930434253555,landsat_gee,True
NSR-GRID-269,LC08_L2SP_176039_20250719_20250726_02_T1,2025-07-19,-0.0169459938211389,-0.40013208537666356,49.10307850160744,0.439586681398479,medium,0.38318609155552463,landsat_gee,True
NSR-GRID-270,LC08_L2SP_176039_20250719_20250726_02_T1,2025-07-19,1.1110946741419525,0.8960808281516728,50.23111916957053,0.3379454473438004,low,0.21501384599027973,landsat_gee,True
NSR-GRID-271,LC08_L2SP_176039_20250719_20250726_02_T1,2025-07-19,-0.8336168296470703,-1.2792407824578622,48.28640766578151,0.42871963372971506,medium,0.4456239528107919,landsat_gee,True
NSR-GRID-272,LC08_L2SP_176039_20250719_20250726_02_T1,2025-07-19,-1.5716602934209192,-1.643281985867737,47.54836420200766,0.424189881118264,medium,0.07162169244681782,landsat_gee,True
NSR-GRID-273,LC08_L2SP_176039_20250719_20250726_02_T1,2025-07-19,-0.0703764721897357,-0.1180175825058956,49.049648023238845,0.3756115423857585,medium,0.047641110316159904,landsat_gee,True
NSR-GRID-274,LC08_L2SP_176039_20250719_20250726_02_T1,2025-07-19,1.747633908670572,1.3715283611335183,50.86765840409915,0.4256532784226326,medium,0.3761055475370536,landsat_gee,True
NSR-GRID-275,LC08_L2SP_176039_20250719_20250726_02_T1,2025-07-19,0.0100030770820254,-0.8018838563213145,49.130027572510606,0.4010480902388406,medium,0.81188693340334,landsat_gee,True
NSR-GRID-276,LC08_L2SP_176039_20250719_20250726_02_T1,2025-07-19,-0.5857403577632141,-0.6581481359917123,48.53428413766537,0.27818964680027064,low,0.0724077782284982,landsat_gee,True
NSR-GRID-277,LC08_L2SP_176039_20250719_20250726_02_T1,2025-07-19,-0.2128484766354432,-0.004383362297155112,48.90717601879314,0.23182791199541028,low,-0.2084651143382881,landsat_gee,True
NSR-GRID-278,LC08_L2SP_176039_20250719_20250726_02_T1,2025-07-19,-2.417313206424048,-2.093582140762451,46.70271128900453,0.24099306061489137,low,-0.32373106566159704,landsat_gee,True
NSR-GRID-279,LC08_L2SP_176039_20250719_20250726_02_T1,2025-07-19,-0.4703833792141338,-0.70106508884868,48.64964111621445,0.27378801765703653,low,0.2306817096345462,landsat_gee,True
NSR-GRID-280,LC08_L2SP_176039_20250719_20250726_02_T1,2025-07-19,1.0060780240617362,0.8300253521493083,50.12610251949032,0.26995394720866905,low,0.1760526719124279,landsat_gee,True
NSR-GRID-281,LC08_L2SP_176039_20250719_20250726_02_T1,2025-07-19,1.1999897621612303,1.3844319674032501,50.32001425758981,0.22327755800566942,low,-0.18444220524201982,landsat_gee,True
NSR-GRID-282,LC08_L2SP_176039_20250719_20250726_02_T1,2025-07-19,1.6620365328454696,2.116006972728071,50.78206102827405,0.2711289262209424,low,-0.45397043988260144,landsat_gee,True
NSR-GRID-283,LC08_L2SP_176039_20250719_20250726_02_T1,2025-07-19,1.2703930948912614,1.3908012415235385,50.39041759031984,0.3029212388941835,low,-0.12040814663227706,landsat_gee,True
NSR-GRID-284,LC08_L2SP_176039_20250719_20250726_02_T1,2025-07-19,1.117555303075605,0.6957703522342406,50.237579798504186,0.28089061773304874,low,0.42178495084136436,landsat_gee,True
NSR-GRID-285,LC08_L2SP_176039_20250719_20250726_02_T1,2025-07-19,1.4780542813167583,1.411857064249956,50.59807877674534,0.4201102502473777,medium,0.06619721706680237,landsat_gee,True
NSR-GRID-286,LC08_L2SP_176039_20250719_20250726_02_T1,2025-07-19,1.159618131098405,1.4027613699600945,50.279642626526986,0.2544973263351992,low,-0.24314323886168943,landsat_gee,True
NSR-GRID-287,LC08_L2SP_176039_20250719_20250726_02_T1,2025-07-19,1.0328590406816218,1.2431922254844936,50.1528835361102,0.4685372770552675,medium,-0.21033318480287178,landsat_gee,True
NSR-GRID-288,LC08_L2SP_176039_20250719_20250726_02_T1,2025-07-19,1.8006156142709813,1.726063771914208,50.92064010969956,0.45405074337553286,medium,0.07455184235677326,landsat_gee,True
NSR-GRID-289,LC08_L2SP_176039_20250719_20250726_02_T1,2025-07-19,0.4979899151776479,0.3288896641365794,49.61801441060623,0.3930021569129983,medium,0.16910025104106852,landsat_gee,True
NSR-GRID-290,LC08_L2SP_176039_20250719_20250726_02_T1,2025-07-19,-0.5914050573615626,-0.7519867936265031,48.52861943806702,0.33755548571571353,low,0.16058173626494054,landsat_gee,True
NSR-GRID-291,LC08_L2SP_176039_20250719_20250726_02_T1,2025-07-19,0.7189475817444375,0.39353440094438413,49.83897207717302,0.2842300583775358,low,0.3254131808000534,landsat_gee,True
NSR-GRID-292,LC08_L2SP_176039_20250719_20250726_02_T1,2025-07-19,-0.7959512966996982,-0.9715601912407229,48.32407319872888,0.26392372328933944,low,0.17560889454102468,landsat_gee,True
NSR-GRID-293,LC08_L2SP_176039_20250719_20250726_02_T1,2025-07-19,2.0901998038622764,1.2817554516356606,51.21022429929086,0.39993395235616097,medium,0.8084443522266158,landsat_gee,True
NSR-GRID-294,LC08_L2SP_176039_20250719_20250726_02_T1,2025-07-19,2.5991808535678587,1.701197962627417,51.71920534899644,0.34563791104664965,low,0.8979828909404417,landsat_gee,True
NSR-GRID-295,LC08_L2SP_176039_20250719_20250726_02_T1,2025-07-19,2.385257626753706,2.238456975362236,51.50528212218229,0.24945909617011847,low,0.14680065139146992,landsat_gee,True
NSR-GRID-296,LC08_L2SP_176039_20250719_20250726_02_T1,2025-07-19,1.6095551798241845,1.7471806793529674,50.729579675252765,0.23399986448895396,low,-0.1376254995287829,landsat_gee,True
NSR-GRID-297,LC08_L2SP_176039_20250719_20250726_02_T1,2025-07-19,1.614859713510867,1.6984283982428852,50.73488420893945,0.23318256716766225,low,-0.08356868473201806,landsat_gee,True
NSR-GRID-298,LC08_L2SP_176039_20250719_20250726_02_T1,2025-07-19,2.0979460479575778,2.075155182902382,51.21797054338616,0.24972164344196965,low,0.022790865055195564,landsat_gee,True
NSR-GRID-299,LC08_L2SP_176039_20250719_20250726_02_T1,2025-07-19,1.8517190981729144,1.6123678027867963,50.971743593601495,0.23146479774382928,low,0.2393512953861181,landsat_gee,True
NSR-GRID-300,LC08_L2SP_176039_20250719_20250726_02_T1,2025-07-19,1.9699613678355803,1.9546799078005803,51.08998586326416,0.38155663287359765,medium,0.015281460034999972,landsat_gee,True
NSR-GRID-302,LC08_L2SP_176039_20250719_20250726_02_T1,2025-07-19,2.823717734791302,2.8413316914576283,51.94374223021988,0.33972571623709097,low,-0.01761395666632648,landsat_gee,True
NSR-GRID-303,LC08_L2SP_176039_20250719_20250726_02_T1,2025-07-19,1.8777847222441864,1.5611327087240805,50.99780921767277,0.25853903584314075,low,0.31665201352010586,landsat_gee,True
NSR-GRID-304,LC08_L2SP_176039_20250719_20250726_02_T1,2025-07-19,1.8101796658254368,1.8387146261171912,50.93020416125402,0.3629794949067762,medium,-0.028534960291754397,landsat_gee,True
NSR-GRID-305,LC08_L2SP_176039_20250719_20250726_02_T1,2025-07-19,0.8803452633733357,0.9197517992942259,50.00036975880192,0.41249429122589487,medium,-0.03940653592089016,landsat_gee,True
NSR-GRID-306,LC08_L2SP_176039_20250719_20250726_02_T1,2025-07-19,-0.29303860530554,-0.623512423313901,48.82698589012304,0.362707747624739,medium,0.330473818008361,landsat_gee,True
NSR-GRID-307,LC08_L2SP_176039_20250719_20250726_02_T1,2025-07-19,1.5765726456724565,1.2408727334693,50.69659714110104,0.33279189890689004,low,0.33569991220315654,landsat_gee,True
NSR-GRID-308,LC08_L2SP_176039_20250719_20250726_02_T1,2025-07-19,2.3764860436649613,2.3045518697812213,51.49651053909354,0.3015120774304696,low,0.07193417388374002,landsat_gee,True
NSR-GRID-309,LC08_L2SP_176039_20250719_20250726_02_T1,2025-07-19,3.201356649417491,2.774045349773483,52.32138114484607,0.28107863779102077,low,0.4273112996440078,landsat_gee,True
NSR-GRID-310,LC08_L2SP_176039_20250719_20250726_02_T1,2025-07-19,3.341284545242317,3.407845817027255,52.4613090406709,0.2924906056621135,low,-0.0665612717849382,landsat_gee,True
NSR-GRID-311,LC08_L2SP_176039_20250719_20250726_02_T1,2025-07-19,3.9517074955687193,3.477678967177734,53.0717319909973,0.3127639544841704,low,0.4740285283909853,landsat_gee,True
NSR-GRID-312,LC08_L2SP_176039_20250719_20250726_02_T1,2025-07-19,2.815094674375075,2.3468234339068825,51.935119169803656,0.27552516736841953,low,0.4682712404681926,landsat_gee,True
NSR-GRID-313,LC08_L2SP_176039_20250719_20250726_02_T1,2025-07-19,1.7329440533966505,2.2352485496790737,50.85296854882523,0.2670411368762898,low,-0.5023044962824232,landsat_gee,True
NSR-GRID-314,LC08_L2SP_176039_20250719_20250726_02_T1,2025-07-19,1.6165537069557558,1.9494454763166813,50.73657820238434,0.24002880413776354,low,-0.33289176936092546,landsat_gee,True
NSR-GRID-315,LC08_L2SP_176039_20250719_20250726_02_T1,2025-07-19,2.901353642595744,2.4415134577579614,52.021378138024325,0.2730416500940855,low,0.45984018483778266,landsat_gee,True
NSR-GRID-316,LC08_L2SP_176039_20250719_20250726_02_T1,2025-07-19,2.1350762876990217,1.7233428454659403,51.2551007831276,0.23304146777384194,low,0.4117334422330814,landsat_gee,True
NSR-GRID-317,LC08_L2SP_176039_20250719_20250726_02_T1,2025-07-19,2.022751060807451,1.7571509549633755,51.14277555623603,0.3175347721186669,low,0.26560010584407556,landsat_gee,True
NSR-GRID-318,LC08_L2SP_176039_20250719_20250726_02_T1,2025-07-19,1.719156389087125,1.3307629289395466,50.839180884515706,0.24589880522854493,low,0.3883934601475785,landsat_gee,True
NSR-GRID-319,LC08_L2SP_176039_20250719_20250726_02_T1,2025-07-19,2.097788423174997,2.2058808930087217,51.21781291860358,0.2870475130325466,low,-0.10809246983372489,landsat_gee,True
NSR-GRID-320,LC08_L2SP_176039_20250719_20250726_02_T1,2025-07-19,0.3877907135952512,0.024606347141226864,49.50781520902383,0.35898290419941453,medium,0.3631843664540243,landsat_gee,True
NSR-GRID-321,LC08_L2SP_176039_20250719_20250726_02_T1,2025-07-19,-0.2039371994191441,-0.6199577285809714,48.91608729600944,0.348653324729624,low,0.4160205291618273,landsat_gee,True
NSR-GRID-322,LC08_L2SP_176039_20250719_20250726_02_T1,2025-07-19,2.636228339967026,1.7958155182548774,51.75625283539561,0.3345214101956828,low,0.8404128217121487,landsat_gee,True
NSR-GRID-323,LC08_L2SP_176039_20250719_20250726_02_T1,2025-07-19,2.9782996110042816,2.705333342230835,52.09832410643286,0.32980143459253947,low,0.27296626877344643,landsat_gee,True
NSR-GRID-324,LC08_L2SP_176039_20250719_20250726_02_T1,2025-07-19,1.6399777391654666,1.785997702155772,50.76000223459405,0.3061329332614743,low,-0.1460199629903054,landsat_gee,True
NSR-GRID-325,LC08_L2SP_176039_20250719_20250726_02_T1,2025-07-19,2.5154536351684627,2.4902320405929443,51.63547813059704,0.329026420613598,low,0.025221594575518314,landsat_gee,True
NSR-GRID-326,LC08_L2SP_176039_20250719_20250726_02_T1,2025-07-19,3.1607249071197288,2.9724809403199104,52.28074940254831,0.2858546146329473,low,0.18824396679981836,landsat_gee,True
NSR-GRID-327,LC08_L2SP_176039_20250719_20250726_02_T1,2025-07-19,2.565359055127672,2.679262920107133,51.68538355055625,0.28226314193495883,low,-0.11390386497946103,landsat_gee,True
NSR-GRID-328,LC08_L2SP_176039_20250719_20250726_02_T1,2025-07-19,1.738439007136435,2.188972824155307,50.858463502565016,0.2713874764210877,low,-0.45053381701887174,landsat_gee,True
NSR-GRID-329,LC08_L2SP_176039_20250719_20250726_02_T1,2025-07-19,2.412041967670767,2.416684469162286,51.53206646309935,0.2539997343864914,low,-0.004642501491519013,landsat_gee,True
NSR-GRID-330,LC08_L2SP_176039_20250719_20250726_02_T1,2025-07-19,2.078775001400956,1.8562323165179022,51.19879949682954,0.24630505198738784,low,0.22254268488305384,landsat_gee,True
NSR-GRID-331,LC08_L2SP_176039_20250719_20250726_02_T1,2025-07-19,1.6577309659814787,1.288788519384247,50.77775546141006,0.21991463098393205,low,0.36894244659723174,landsat_gee,True
NSR-GRID-332,LC08_L2SP_176039_20250719_20250726_02_T1,2025-07-19,1.6484332786356433,1.4091861665343843,50.768457774064224,0.28768849452342654,low,0.23924711210125893,landsat_gee,True
NSR-GRID-333,LC08_L2SP_176039_20250719_20250726_02_T1,2025-07-19,1.5315080565267962,1.4989007288489637,50.65153255195538,0.22852370989903825,low,0.032607327677832476,landsat_gee,True
NSR-GRID-334,LC08_L2SP_176039_20250719_20250726_02_T1,2025-07-19,1.6387272219165538,1.5166244016282482,50.758751717345135,0.3338090454539627,low,0.12210282028830566,landsat_gee,True
NSR-GRID-335,LC08_L2SP_176039_20250719_20250726_02_T1,2025-07-19,1.726210551717962,1.7630602716657304,50.84623504714654,0.3170938008596266,low,-0.03684971994776842,landsat_gee,True
NSR-GRID-336,LC08_L2SP_176039_20250719_20250726_02_T1,2025-07-19,-0.7361332439289185,-0.8576599024955173,48.38389125149966,0.3123503258820052,low,0.12152665856659872,landsat_gee,True
NSR-GRID-337,LC08_L2SP_176039_20250719_20250726_02_T1,2025-07-19,1.883739236415849,1.5519867476770173,51.00376373184443,0.2876604950158496,low,0.3317524887388317,landsat_gee,True
NSR-GRID-338,LC08_L2SP_176039_20250719_20250726_02_T1,2025-07-19,2.6389148149125177,2.31047424293136,51.7589393103411,0.2793501904154298,low,0.3284405719811576,landsat_gee,True
NSR-GRID-339,LC08_L2SP_176039_20250719_20250726_02_T1,2025-07-19,2.0367573483053576,1.943895056729547,51.15678184373394,0.28452805594070124,low,0.09286229157581061,landsat_gee,True
NSR-GRID-340,LC08_L2SP_176039_20250719_20250726_02_T1,2025-07-19,1.2524110215855515,1.3265143899499823,50.37243551701413,0.2848207721743094,low,-0.07410336836443077,landsat_gee,True
NSR-GRID-341,LC08_L2SP_176039_20250719_20250726_02_T1,2025-07-19,0.4453245781311921,0.14891898554122382,49.56534907355977,0.2973541576169604,low,0.29640559258996824,landsat_gee,True
NSR-GRID-342,LC08_L2SP_176039_20250719_20250726_02_T1,2025-07-19,1.60133461277902,1.5587913821198047,50.7213591082076,0.30716783706374245,low,0.04254323065921528,landsat_gee,True
NSR-GRID-343,LC08_L2SP_176039_20250719_20250726_02_T1,2025-07-19,0.7278554619617168,1.0640436453519224,49.8478799573903,0.24396947569778718,low,-0.3361881833902056,landsat_gee,True
NSR-GRID-344,LC08_L2SP_176039_20250719_20250726_02_T1,2025-07-19,1.4617324809680738,1.3026890485963905,50.581756976396655,0.26049259601133035,low,0.1590434323716834,landsat_gee,True
NSR-GRID-345,LC08_L2SP_176039_20250719_20250726_02_T1,2025-07-19,1.313151959606806,0.818577836922625,50.43317645503539,0.2220927494701672,low,0.494574122684181,landsat_gee,True
NSR-GRID-346,LC08_L2SP_176039_20250719_20250726_02_T1,2025-07-19,1.5801941732882128,1.1088690263490326,50.70021866871679,0.21454422733895154,low,0.47132514693918015,landsat_gee,True
NSR-GRID-347,LC08_L2SP_176039_20250719_20250726_02_T1,2025-07-19,-0.5993228608522045,-0.49752163996002796,48.520701634576376,0.1887628085163953,low,-0.10180122089217658,landsat_gee,True
NSR-GRID-348,LC08_L2SP_176039_20250719_20250726_02_T1,2025-07-19,0.7798454404401625,1.3419376278258706,49.89986993586874,0.2604416543557167,low,-0.5620921873857081,landsat_gee,True
NSR-GRID-349,LC08_L2SP_176039_20250719_20250726_02_T1,2025-07-19,-0.1651500224605087,-0.20200539584193977,48.95487447296807,0.26991842497079566,low,0.03685537338143108,landsat_gee,True
NSR-GRID-350,LC08_L2SP_176039_20250719_20250726_02_T1,2025-07-19,1.403814660546459,1.422856507038178,50.52383915597504,0.33243316328400824,low,-0.019041846491719028,landsat_gee,True
NSR-GRID-351,LC08_L2SP_176039_20250719_20250726_02_T1,2025-07-19,1.3756533598195162,1.6250633104539212,50.4956778552481,0.2677859579540064,low,-0.24940995063440496,landsat_gee,True
NSR-GRID-352,LC08_L2SP_176039_20250719_20250726_02_T1,2025-07-19,0.0336188146880473,-0.09557556250003782,49.15364331011663,0.2497769683977885,low,0.12919437718808513,landsat_gee,True
NSR-GRID-353,LC08_L2SP_176039_20250719_20250726_02_T1,2025-07-19,1.498135140899386,1.1552134478359748,50.61815963632797,0.3220317599483671,low,0.34292169306341114,landsat_gee,True
NSR-GRID-354,LC08_L2SP_176039_20250719_20250726_02_T1,2025-07-19,2.392421451236835,2.4154698899970937,51.512445946665416,0.3244110746136024,low,-0.023048438760258527,landsat_gee,True
NSR-GRID-355,LC08_L2SP_176039_20250719_20250726_02_T1,2025-07-19,1.687909382504536,1.822513276330062,50.80793387793312,0.2531754347362168,low,-0.13460389382552607,landsat_gee,True
NSR-GRID-356,LC08_L2SP_176039_20250719_20250726_02_T1,2025-07-19,2.4088677438469546,1.7839191013205642,51.528892239275535,0.26996138814928156,low,0.6249486425263904,landsat_gee,True
NSR-GRID-357,LC08_L2SP_176039_20250719_20250726_02_T1,2025-07-19,3.0728082219107336,2.445084758611247,52.192832717339314,0.28866147572711887,low,0.6277234632994864,landsat_gee,True
NSR-GRID-358,LC08_L2SP_176039_20250719_20250726_02_T1,2025-07-19,2.2803576933951177,2.2883806800526623,51.4003821888237,0.35763032050384314,medium,-0.008022986657544529,landsat_gee,True
NSR-GRID-359,LC08_L2SP_176039_20250719_20250726_02_T1,2025-07-19,2.1919558892017363,1.9091092830482939,51.31198038463032,0.40379571855177626,medium,0.2828466061534425,landsat_gee,True
NSR-GRID-360,LC08_L2SP_176039_20250719_20250726_02_T1,2025-07-19,1.7527164509560509,1.413695233900441,50.87274094638463,0.29442444960787484,low,0.33902121705560995,landsat_gee,True
NSR-GRID-361,LC08_L2SP_176039_20250719_20250726_02_T1,2025-07-19,1.2518579082353298,1.314702373785194,50.37188240366391,0.24823830973096375,low,-0.06284446554986411,landsat_gee,True
NSR-GRID-362,LC08_L2SP_176039_20250719_20250726_02_T1,2025-07-19,1.0963794931058928,1.0998591602133228,50.21640398853447,0.23604232270539804,low,-0.0034796671074299734,landsat_gee,True
NSR-GRID-363,LC08_L2SP_176039_20250719_20250726_02_T1,2025-07-19,0.8912788543196299,1.026229231929106,50.01130334974821,0.3345649110975734,low,-0.13495037760947604,landsat_gee,True
NSR-GRID-364,LC08_L2SP_176039_20250719_20250726_02_T1,2025-07-19,0.7661266942772968,0.8134422129197405,49.88615118970588,0.364638484789315,medium,-0.047315518642443655,landsat_gee,True
NSR-GRID-365,LC08_L2SP_176039_20250719_20250726_02_T1,2025-07-19,1.905251057495569,1.7583260443816437,51.02527555292415,0.30020976098253704,low,0.14692501311392525,landsat_gee,True
NSR-GRID-366,LC08_L2SP_176039_20250719_20250726_02_T1,2025-07-19,2.291714091467341,2.0904194872492563,51.41173858689592,0.2471111995129189,low,0.20129460421808476,landsat_gee,True
NSR-GRID-367,LC08_L2SP_176039_20250719_20250726_02_T1,2025-07-19,2.8147855355144102,2.26765238760319,51.93481003094299,0.29081823678241975,low,0.5471331479112203,landsat_gee,True
NSR-GRID-368,LC08_L2SP_176039_20250719_20250726_02_T1,2025-07-19,3.054080811008156,3.1671839961616697,52.174105306436736,0.29369968122095286,low,-0.11310318515351359,landsat_gee,True
NSR-GRID-369,LC08_L2SP_176039_20250719_20250726_02_T1,2025-07-19,3.776518232728805,3.649517251895664,52.896542728157385,0.303198729546511,low,0.12700098083314115,landsat_gee,True
NSR-GRID-370,LC08_L2SP_176039_20250719_20250726_02_T1,2025-07-19,4.331051156915159,4.151687130375733,53.45107565234374,0.3081782107582427,low,0.1793640265394254,landsat_gee,True
NSR-GRID-371,LC08_L2SP_176039_20250719_20250726_02_T1,2025-07-19,2.598570462063755,2.6127857842320457,51.718594957492336,0.26374666215087955,low,-0.0142153221682908,landsat_gee,True
NSR-GRID-372,LC08_L2SP_176039_20250719_20250726_02_T1,2025-07-19,2.449554138247592,2.572684086286527,51.56957863367617,0.3238933000150101,low,-0.12312994803893496,landsat_gee,True
NSR-GRID-373,LC08_L2SP_176039_20250719_20250726_02_T1,2025-07-19,3.5829447381402915,3.173925954471617,52.70296923356887,0.3265739479138873,low,0.4090187836686745,landsat_gee,True
NSR-GRID-374,LC08_L2SP_176039_20250719_20250726_02_T1,2025-07-19,1.871119752052515,1.7376328787035173,50.991144247481095,0.24604490168875082,low,0.13348687334899756,landsat_gee,True
NSR-GRID-375,LC08_L2SP_176039_20250719_20250726_02_T1,2025-07-19,1.3252108464696306,1.4940648265745944,50.44523534189821,0.22612885157714863,low,-0.16885398010496377,landsat_gee,True
NSR-GRID-376,LC08_L2SP_176039_20250719_20250726_02_T1,2025-07-19,0.8226218335094444,0.7385272563124393,49.942646328938025,0.26636625735918007,low,0.08409457719700508,landsat_gee,True
NSR-GRID-377,LC08_L2SP_176039_20250719_20250726_02_T1,2025-07-19,1.517596398637366,1.3840980894003314,50.63762089406595,0.28608651748883723,low,0.13349830923703454,landsat_gee,True
NSR-GRID-378,LC08_L2SP_176039_20250719_20250726_02_T1,2025-07-19,3.5184868870465493,2.996030324720052,52.63851138247513,0.27549491710207763,low,0.5224565623264974,landsat_gee,True
NSR-GRID-379,LC08_L2SP_176039_20250719_20250726_02_T1,2025-07-19,1.0601180732124078,1.0471865651497394,50.18014256864099,0.28743687351114205,low,0.012931508062668406,landsat_gee,True
NSR-GRID-380,LC08_L2SP_176039_20250719_20250726_02_T1,2025-07-19,2.3668552267008,1.7533262910203722,51.48687972212938,0.2341233095157145,low,0.6135289356804279,landsat_gee,True
NSR-GRID-381,LC08_L2SP_176039_20250719_20250726_02_T1,2025-07-19,3.791456182444769,3.790219076954203,52.91148067787335,0.29547680744778143,low,0.0012371054905657708,landsat_gee,True
NSR-GRID-382,LC08_L2SP_176039_20250719_20250726_02_T1,2025-07-19,4.637843687249088,4.550485627167528,53.75786818267767,0.3184674205508275,low,0.08735806008156022,landsat_gee,True
NSR-GRID-383,LC08_L2SP_176039_20250719_20250726_02_T1,2025-07-19,1.836307324902556,1.8442283777654118,50.95633182033114,0.2551253728195077,low,-0.007921052862855715,landsat_gee,True
NSR-GRID-384,LC08_L2SP_176039_20250719_20250726_02_T1,2025-07-19,1.4211801774999202,1.2977554039603605,50.5412046729285,0.22436457038865426,low,0.12342477353955972,landsat_gee,True
NSR-GRID-385,LC08_L2SP_176039_20250719_20250726_02_T1,2025-07-19,4.213577588891177,4.408482163351577,53.33360208431976,0.3184769021735187,low,-0.19490457446040033,landsat_gee,True
NSR-GRID-386,LC08_L2SP_176039_20250719_20250726_02_T1,2025-07-19,3.602453351051622,3.6679588829475143,52.7224778464802,0.29179722446628553,low,-0.06550553189589214,landsat_gee,True
NSR-GRID-387,LC08_L2SP_176039_20250719_20250726_02_T1,2025-07-19,3.2063239959713528,3.286132564123732,52.32634849139993,0.2802495712087929,low,-0.07980856815237924,landsat_gee,True
NSR-GRID-388,LC08_L2SP_176039_20250719_20250726_02_T1,2025-07-19,2.853454358955773,2.7699438746439538,51.973478854384354,0.27903261123912115,low,0.08351048431181907,landsat_gee,True
NSR-GRID-389,LC08_L2SP_176039_20250719_20250726_02_T1,2025-07-19,2.084758872714048,2.028885043318818,51.20478336814263,0.2671320104386315,low,0.05587382939522989,landsat_gee,True
NSR-GRID-390,LC08_L2SP_176039_20250719_20250726_02_T1,2025-07-19,2.8973344399897627,2.0180861553755944,52.01735893541834,0.2420599342195163,low,0.8792482846141683,landsat_gee,True
NSR-GRID-391,LC08_L2SP_176039_20250719_20250726_02_T1,2025-07-19,1.392975371869852,1.2751993464034022,50.51299986729843,0.22012763093723445,low,0.11777602546644994,landsat_gee,True
NSR-GRID-392,LC08_L2SP_176039_20250719_20250726_02_T1,2025-07-19,1.3447125395428614,1.4287269614781566,50.46473703497144,0.24294049388456246,low,-0.08401442193529518,landsat_gee,True
NSR-GRID-393,LC08_L2SP_176039_20250719_20250726_02_T1,2025-07-19,3.665357413513341,3.792907825141454,52.78538190894192,0.2995461752965161,low,-0.12755041162811276,landsat_gee,True
NSR-GRID-394,LC08_L2SP_176039_20250719_20250726_02_T1,2025-07-19,3.729693219086727,3.948663829213469,52.84971771451531,0.31492360641571016,low,-0.21897061012674168,landsat_gee,True
NSR-GRID-395,LC08_L2SP_176039_20250719_20250726_02_T1,2025-07-19,3.8154050811422096,3.9590288082226115,52.93542957657079,0.31521039753166763,low,-0.14362372708040194,landsat_gee,True
NSR-GRID-396,LC08_L2SP_176039_20250719_20250726_02_T1,2025-07-19,2.065284243708909,2.738112684049884,51.18530873913749,0.296247263074067,low,-0.6728284403409748,landsat_gee,True
NSR-GRID-397,LC08_L2SP_176039_20250719_20250726_02_T1,2025-07-19,1.60778483018116,1.7879336881609074,50.72780932560974,0.26491477051273327,low,-0.18014885797974745,landsat_gee,True
NSR-GRID-398,LC08_L2SP_176039_20250719_20250726_02_T1,2025-07-19,3.211158164858233,3.5652778113205947,52.331182660286814,0.2925659104402593,low,-0.3541196464623617,landsat_gee,True
NSR-GRID-399,LC08_L2SP_176039_20250719_20250726_02_T1,2025-07-19,0.8077809502857107,1.068406589240781,49.92780544571429,0.22028295598802367,low,-0.2606256389550703,landsat_gee,True
NSR-GRID-400,LC08_L2SP_176039_20250719_20250726_02_T1,2025-07-19,-0.2542934033943638,0.2698782860147066,48.86573109203422,0.1893605779688417,low,-0.5241716894090704,landsat_gee,True
NSR-GRID-401,LC08_L2SP_176039_20250719_20250726_02_T1,2025-07-19,3.693953240987966,3.7944257742563394,52.81397773641655,0.2956038816145665,low,-0.10047253326837335,landsat_gee,True
NSR-GRID-402,LC08_L2SP_176039_20250719_20250726_02_T1,2025-07-19,3.7524769895998062,4.0385949457302015,52.87250148502839,0.30297964264303306,low,-0.28611795613039526,landsat_gee,True
NSR-GRID-403,LC08_L2SP_176039_20250719_20250726_02_T1,2025-07-19,3.318228068962412,3.5780363647948956,52.43825256439099,0.28906728011141786,low,-0.25980829583248344,landsat_gee,True
NSR-GRID-404,LC08_L2SP_176039_20250719_20250726_02_T1,2025-07-19,1.0649912543802813,1.7404295064862998,50.18501574980886,0.23355761454085536,low,-0.6754382521060185,landsat_gee,True
NSR-GRID-405,LC08_L2SP_176039_20250719_20250726_02_T1,2025-07-19,2.91140663350469,3.35714518266788,52.03143112893327,0.28239469092732933,low,-0.44573854916319,landsat_gee,True
NSR-GRID-406,LC08_L2SP_176039_20250719_20250726_02_T1,2025-07-19,-0.1240851637821336,-0.0009865102478866135,48.99593933164645,0.19407175806656118,low,-0.123098653534247,landsat_gee,True
NSR-GRID-407,LC08_L2SP_176039_20250719_20250726_02_T1,2025-07-19,1.25438052857141,1.370143213229115,50.37440502399999,0.2521745721858785,low,-0.1157626846577049,landsat_gee,True
NSR-GRID-408,LC08_L2SP_176039_20250719_20250726_02_T1,2025-07-19,2.283425078444552,2.7229172235851147,51.40344957387313,0.2632361958743725,low,-0.4394921451405627,landsat_gee,True
NSR-GRID-409,LC08_L2SP_176039_20250719_20250726_02_T1,2025-07-19,1.5834846045045907,2.2194974115754476,50.70350909993317,0.2899849562045382,low,-0.6360128070708568,landsat_gee,True
NSR-GRID-410,LC08_L2SP_176039_20250719_20250726_02_T1,2025-07-19,0.9528956462160992,1.7216908964588045,50.07292014164468,0.23336613341051704,low,-0.7687952502427052,landsat_gee,True
NSR-GRID-411,LC08_L2SP_176039_20250719_20250726_02_T1,2025-07-19,1.7172854089887082,2.5461903406396673,50.83730990441729,0.2620846757913443,low,-0.8289049316509591,landsat_gee,True
NSR-GRID-413,LC08_L2SP_176039_20250719_20250726_02_T1,2025-07-19,1.287567470042042,1.5748429658789755,50.40759196547062,0.2598696395966649,low,-0.28727549583693346,landsat_gee,True
NSR-GRID-414,LC08_L2SP_176039_20250719_20250726_02_T1,2025-07-19,1.7602044632299112,1.7786682501043392,50.88022895865849,0.25159414688057274,low,-0.018463786874427957,landsat_gee,True
NSR-GRID-415,LC08_L2SP_176039_20250719_20250726_02_T1,2025-07-19,1.6803541880177235,2.381474952134594,50.800378683446304,0.25292204939947477,low,-0.7011207641168706,landsat_gee,True
NSR-GRID-416,LC08_L2SP_176039_20250719_20250726_02_T1,2025-07-19,1.8931114366712265,2.3587053555959367,51.01313593209981,0.2523537023829832,low,-0.46559391892471025,landsat_gee,True
NSR-GRID-001,LC09_L2SP_176039_20250711_20250712_02_T1,2025-07-11,-4.310772919422988,-4.4156239660294405,44.17263032858319,0.331580073067859,low,0.10485104660645295,landsat_gee,True
NSR-GRID-002,LC09_L2SP_176039_20250711_20250712_02_T1,2025-07-11,-4.424168069980048,-4.234472448529502,44.05923517802613,0.323524964177241,low,-0.18969562145054653,landsat_gee,True
NSR-GRID-003,LC09_L2SP_176039_20250711_20250712_02_T1,2025-07-11,-5.214113310603125,-4.87560092828995,43.26928993740305,0.25657067277232715,low,-0.3385123823131746,landsat_gee,True
NSR-GRID-004,LC09_L2SP_176039_20250711_20250712_02_T1,2025-07-11,-3.7212155252878674,-3.475474594109295,44.76218772271831,0.2587614462620448,low,-0.24574093117857254,landsat_gee,True
NSR-GRID-006,LC09_L2SP_176039_20250711_20250712_02_T1,2025-07-11,-4.451575558204404,-4.420746972469542,44.03182768980177,0.35038000534716407,medium,-0.030828585734862024,landsat_gee,True
NSR-GRID-007,LC09_L2SP_176039_20250711_20250712_02_T1,2025-07-11,-4.337749259865333,-3.9241755531823115,44.14565398814084,0.32330243102103995,low,-0.41357370668302185,landsat_gee,True
NSR-GRID-008,LC09_L2SP_176039_20250711_20250712_02_T1,2025-07-11,-4.8046021984414935,-4.346550677264707,43.67880104956468,0.33442378131826267,low,-0.4580515211767864,landsat_gee,True
NSR-GRID-009,LC09_L2SP_176039_20250711_20250712_02_T1,2025-07-11,-4.432925107279431,-4.170076309283746,44.050478140726746,0.3552485748412046,medium,-0.2628487979956846,landsat_gee,True
NSR-GRID-010,LC09_L2SP_176039_20250711_20250712_02_T1,2025-07-11,-2.692727483496789,-1.8973273918095164,45.79067576450939,0.30633074369396274,low,-0.7954000916872725,landsat_gee,True
NSR-GRID-011,LC09_L2SP_176039_20250711_20250712_02_T1,2025-07-11,-3.488034151499185,-3.617821370365316,44.99536909650699,0.3321951134260716,low,0.12978721886613087,landsat_gee,True
NSR-GRID-012,LC09_L2SP_176039_20250711_20250712_02_T1,2025-07-11,-1.0325052548946445,-1.1903628269639361,47.45089799311153,0.3308530164895727,low,0.15785757206929163,landsat_gee,True
NSR-GRID-013,LC09_L2SP_176039_20250711_20250712_02_T1,2025-07-11,-0.6572895963731256,-0.3651955572489208,47.82611365163305,0.34188750426632913,low,-0.2920940391242048,landsat_gee,True
NSR-GRID-014,LC09_L2SP_176039_20250711_20250712_02_T1,2025-07-11,3.690690291001218,2.1332167755507694,52.174093539007394,0.3341484044247588,low,1.5574735154504484,landsat_gee,True
NSR-GRID-015,LC09_L2SP_176039_20250711_20250712_02_T1,2025-07-11,1.786819817586391,1.8323567174347264,50.27022306559257,0.28959468307665714,low,-0.04553689984833542,landsat_gee,True
NSR-GRID-016,LC09_L2SP_176039_20250711_20250712_02_T1,2025-07-11,-2.322563927194153,-1.7375645632941337,46.16083932081202,0.22655180405762806,low,-0.5849993639000195,landsat_gee,True
NSR-GRID-017,LC09_L2SP_176039_20250711_20250712_02_T1,2025-07-11,-1.3293365044392758,-1.1903839131066412,47.1540667435669,0.2657314953747676,low,-0.1389525913326346,landsat_gee,True
NSR-GRID-018,LC09_L2SP_176039_20250711_20250712_02_T1,2025-07-11,2.437416914925961,1.8239472534109658,50.92082016293214,0.31069818951252587,low,0.6134696615149953,landsat_gee,True
NSR-GRID-019,LC09_L2SP_176039_20250711_20250712_02_T1,2025-07-11,-0.0562965377792537,-0.4308579501423803,48.42710671022692,0.3334587212374678,low,0.3745614123631266,landsat_gee,True
NSR-GRID-020,LC09_L2SP_176039_20250711_20250712_02_T1,2025-07-11,2.183285694214682,2.294738008003871,50.66668894222086,0.2663180801428225,low,-0.11145231378918918,landsat_gee,True
NSR-GRID-021,LC09_L2SP_176039_20250711_20250712_02_T1,2025-07-11,0.3526344542177995,0.10748002598338749,48.836037702223976,0.269291876454196,low,0.245154428234412,landsat_gee,True
NSR-GRID-022,LC09_L2SP_176039_20250711_20250712_02_T1,2025-07-11,0.8584900921938541,0.5315432319299283,49.34189334020003,0.2811104860483823,low,0.32694686026392583,landsat_gee,True
NSR-GRID-024,LC09_L2SP_176039_20250711_20250712_02_T1,2025-07-11,-3.1072595433079115,-2.824431000232897,45.376143704698265,0.3198309484469298,low,-0.2828285430750146,landsat_gee,True
NSR-GRID-025,LC09_L2SP_176039_20250711_20250712_02_T1,2025-07-11,-2.5434316984672947,-1.9468844972570711,45.93997154953888,0.32603470173266064,low,-0.5965472012102235,landsat_gee,True
NSR-GRID-026,LC09_L2SP_176039_20250711_20250712_02_T1,2025-07-11,-2.8964678852461745,-2.536897835042271,45.58693536276,0.2731509582777996,low,-0.3595700502039034,landsat_gee,True
NSR-GRID-027,LC09_L2SP_176039_20250711_20250712_02_T1,2025-07-11,-3.232943531623931,-3.4408717050082003,45.250459716382245,0.30871767483748613,low,0.20792817338426905,landsat_gee,True
NSR-GRID-028,LC09_L2SP_176039_20250711_20250712_02_T1,2025-07-11,-3.45249663055796,-3.04154309348889,45.03090661744822,0.35997337809771834,medium,-0.41095353706907023,landsat_gee,True
NSR-GRID-029,LC09_L2SP_176039_20250711_20250712_02_T1,2025-07-11,-1.7628117661441252,-1.868569585553205,46.72059148186205,0.35937198603312287,medium,0.1057578194090798,landsat_gee,True
NSR-GRID-030,LC09_L2SP_176039_20250711_20250712_02_T1,2025-07-11,-1.5549695086773667,-1.554155563070979,46.92843373932881,0.33728743847071707,low,-0.0008139456063878114,landsat_gee,True
NSR-GRID-031,LC09_L2SP_176039_20250711_20250712_02_T1,2025-07-11,0.2185042745304244,0.08665768233172046,48.7019075225366,0.3192543522374401,low,0.13184659219870393,landsat_gee,True
NSR-GRID-032,LC09_L2SP_176039_20250711_20250712_02_T1,2025-07-11,0.7534897205023583,0.7571982874029645,49.236892968508535,0.37541857288673003,medium,-0.0037085669006061694,landsat_gee,True
NSR-GRID-033,LC09_L2SP_176039_20250711_20250712_02_T1,2025-07-11,3.280725596005404,3.3203751241204578,51.76412884401158,0.3326482743519351,low,-0.039649528115053734,landsat_gee,True
NSR-GRID-034,LC09_L2SP_176039_20250711_20250712_02_T1,2025-07-11,1.6092868384323182,1.686180891259617,50.092690086438495,0.31669801655383484,low,-0.07689405282729878,landsat_gee,True
NSR-GRID-035,LC09_L2SP_176039_20250711_20250712_02_T1,2025-07-11,3.00390596543172,2.8159504251606715,51.4873092134379,0.32444441833852755,low,0.18795554027104844,landsat_gee,True
NSR-GRID-036,LC09_L2SP_176039_20250711_20250712_02_T1,2025-07-11,3.7527749151493097,3.1194441627174347,52.236178163155486,0.33065303455431166,low,0.633330752431875,landsat_gee,True
NSR-GRID-037,LC09_L2SP_176039_20250711_20250712_02_T1,2025-07-11,2.5217952657255296,2.064740516364886,51.005198513731706,0.33986448685172627,low,0.4570547493606436,landsat_gee,True
NSR-GRID-038,LC09_L2SP_176039_20250711_20250712_02_T1,2025-07-11,2.855014701172358,2.490877539133227,51.338417949178535,0.3632655851526513,medium,0.36413716203913093,landsat_gee,True
NSR-GRID-039,LC09_L2SP_176039_20250711_20250712_02_T1,2025-07-11,2.003430536715726,1.4807187929730246,50.4868337847219,0.381764895569144,medium,0.5227117437427014,landsat_gee,True
NSR-GRID-040,LC09_L2SP_176039_20250711_20250712_02_T1,2025-07-11,1.5401172547330049,1.1117230499992572,50.02352050273918,0.38459997975577137,medium,0.4283942047337477,landsat_gee,True
NSR-GRID-041,LC09_L2SP_176039_20250711_20250712_02_T1,2025-07-11,-3.1683112804906983,-2.684246677903596,45.31509196751548,0.32842318456513686,low,-0.4840646025871025,landsat_gee,True
NSR-GRID-042,LC09_L2SP_176039_20250711_20250712_02_T1,2025-07-11,2.7022545615051854,2.0368808517735757,51.18565780951136,0.3303620578423125,low,0.6653737097316097,landsat_gee,True
NSR-GRID-043,LC09_L2SP_176039_20250711_20250712_02_T1,2025-07-11,1.7423263776474656,1.4894128404511124,50.22572962565364,0.34591609532091744,low,0.2529135371963531,landsat_gee,True
NSR-GRID-044,LC09_L2SP_176039_20250711_20250712_02_T1,2025-07-11,-1.3535249671097844,-1.872443228278833,47.12987828089639,0.46421166625752575,medium,0.5189182611690486,landsat_gee,True
NSR-GRID-045,LC09_L2SP_176039_20250711_20250712_02_T1,2025-07-11,1.9715577858520632,1.6569617826227538,50.45496103385824,0.27339963778520027,low,0.31459600322930936,landsat_gee,True
NSR-GRID-046,LC09_L2SP_176039_20250711_20250712_02_T1,2025-07-11,1.4889127747528548,1.3984744519058068,49.97231602275903,0.3505594372854826,medium,0.090438322847048,landsat_gee,True
NSR-GRID-047,LC09_L2SP_176039_20250711_20250712_02_T1,2025-07-11,2.1084409138088205,1.8624587741420109,50.591844161815,0.2519486125678802,low,0.2459821396668096,landsat_gee,True
NSR-GRID-048,LC09_L2SP_176039_20250711_20250712_02_T1,2025-07-11,1.9350480829453147,1.769222405269561,50.41845133095149,0.39778666954452213,medium,0.16582567767575362,landsat_gee,True
NSR-GRID-049,LC09_L2SP_176039_20250711_20250712_02_T1,2025-07-11,1.4507470086761458,1.6412507433095993,49.93415025668232,0.2531839502585088,low,-0.1905037346334535,landsat_gee,True
NSR-GRID-050,LC09_L2SP_176039_20250711_20250712_02_T1,2025-07-11,1.5604849606354705,1.5045530580800828,50.04388820864165,0.3662090901922284,medium,0.055931902555387714,landsat_gee,True
NSR-GRID-051,LC09_L2SP_176039_20250711_20250712_02_T1,2025-07-11,0.3833431295348006,0.8216932132032824,48.86674637754098,0.2145600732278182,low,-0.43835008366848177,landsat_gee,True
NSR-GRID-052,LC09_L2SP_176039_20250711_20250712_02_T1,2025-07-11,-4.2196021203412855,-4.151294916893185,44.26380112766489,0.29104122324321813,low,-0.06830720344810004,landsat_gee,True
NSR-GRID-053,LC09_L2SP_176039_20250711_20250712_02_T1,2025-07-11,0.6150679252579039,0.9236547231206301,49.09847117326408,0.22792296977207185,low,-0.30858679786272625,landsat_gee,True
NSR-GRID-054,LC09_L2SP_176039_20250711_20250712_02_T1,2025-07-11,-4.397877847350628,-4.3305237347974135,44.08552540065555,0.3096743973821345,low,-0.06735411255321466,landsat_gee,True
NSR-GRID-055,LC09_L2SP_176039_20250711_20250712_02_T1,2025-07-11,-2.663146261933143,-2.053660020438344,45.82025698607303,0.2967760152432105,low,-0.6094862414947988,landsat_gee,True
NSR-GRID-056,LC09_L2SP_176039_20250711_20250712_02_T1,2025-07-11,-0.4865727074178778,-0.14168350208612956,47.9968305405883,0.34717717590220626,low,-0.3448892053317482,landsat_gee,True
NSR-GRID-057,LC09_L2SP_176039_20250711_20250712_02_T1,2025-07-11,-1.383831132000232,-1.4131047450670786,47.099572116005945,0.33435027219384345,low,0.029273613066846726,landsat_gee,True
NSR-GRID-058,LC09_L2SP_176039_20250711_20250712_02_T1,2025-07-11,-2.3087159318769537,-2.273561836040887,46.17468731612922,0.3282060464336162,low,-0.035154095836066546,landsat_gee,True
NSR-GRID-059,LC09_L2SP_176039_20250711_20250712_02_T1,2025-07-11,-1.2945981780369706,-1.4279011759653055,47.188805069969206,0.34681075579843307,low,0.1333029979283349,landsat_gee,True
NSR-GRID-060,LC09_L2SP_176039_20250711_20250712_02_T1,2025-07-11,-0.9248061959862568,-1.1522541453145536,47.55859705201992,0.36302037055758135,medium,0.22744794932829682,landsat_gee,True
NSR-GRID-061,LC09_L2SP_176039_20250711_20250712_02_T1,2025-07-11,1.2629135515916443,1.0532425055919719,49.74631679959782,0.2838089931691471,low,0.20967104599967246,landsat_gee,True
NSR-GRID-062,LC09_L2SP_176039_20250711_20250712_02_T1,2025-07-11,0.8775182700892756,0.916208352475978,49.36092151809545,0.3154783437453842,low,-0.03869008238670235,landsat_gee,True
NSR-GRID-063,LC09_L2SP_176039_20250711_20250712_02_T1,2025-07-11,2.48271167053489,2.276849603506079,50.96611491854107,0.3582343943104543,medium,0.20586206702881116,landsat_gee,True
NSR-GRID-064,LC09_L2SP_176039_20250711_20250712_02_T1,2025-07-11,1.325778760837757,1.0668446184687015,49.80918200884393,0.3355328931330529,low,0.25893414236905543,landsat_gee,True
NSR-GRID-065,LC09_L2SP_176039_20250711_20250712_02_T1,2025-07-11,-0.9478348320538572,-1.3753143431322281,47.53556841595232,0.39656339529871787,medium,0.4274795110783709,landsat_gee,True
NSR-GRID-066,LC09_L2SP_176039_20250711_20250712_02_T1,2025-07-11,2.1376680779512967,2.4887197628772904,50.62107132595747,0.3113910978827582,low,-0.3510516849259937,landsat_gee,True
NSR-GRID-067,LC09_L2SP_176039_20250711_20250712_02_T1,2025-07-11,1.589924218168953,1.8627227069400272,50.07332746617513,0.31706143756360283,low,-0.27279848877107415,landsat_gee,True
NSR-GRID-068,LC09_L2SP_176039_20250711_20250712_02_T1,2025-07-11,-1.6841818125299568,-1.7475095923200785,46.79922143547622,0.46721840234295825,medium,0.06332777979012172,landsat_gee,True
NSR-GRID-069,LC09_L2SP_176039_20250711_20250712_02_T1,2025-07-11,-0.6468158895054756,-0.863203224502935,47.8365873585007,0.37139169341041317,medium,0.21638733499745932,landsat_gee,True
NSR-GRID-070,LC09_L2SP_176039_20250711_20250712_02_T1,2025-07-11,1.5660708187346657,1.5443677855120856,50.04947406674084,0.3372165772869738,low,0.021703033222580048,landsat_gee,True
NSR-GRID-071,LC09_L2SP_176039_20250711_20250712_02_T1,2025-07-11,1.4594572012313094,1.6961303508001029,49.942860449237486,0.32895596358051105,low,-0.23667314956879348,landsat_gee,True
NSR-GRID-072,LC09_L2SP_176039_20250711_20250712_02_T1,2025-07-11,1.3794117019506942,1.48607595829929,49.86281494995687,0.2502625844275704,low,-0.10666425634859578,landsat_gee,True
NSR-GRID-073,LC09_L2SP_176039_20250711_20250712_02_T1,2025-07-11,1.780390712624076,1.432146501333496,50.26379396063025,0.2672525607707871,low,0.34824421129058014,landsat_gee,True
NSR-GRID-074,LC09_L2SP_176039_20250711_20250712_02_T1,2025-07-11,1.0509275879945363,1.3696203824073836,49.53433083600071,0.24283660775978955,low,-0.31869279441284726,landsat_gee,True
NSR-GRID-075,LC09_L2SP_176039_20250711_20250712_02_T1,2025-07-11,1.481696402395066,1.342358355915478,49.96509965040124,0.2650784241238047,low,0.13933804647958814,landsat_gee,True
NSR-GRID-076,LC09_L2SP_176039_20250711_20250712_02_T1,2025-07-11,1.4774278552105216,1.0043974819642862,49.9608311032167,0.2517865320143039,low,0.4730303732462353,landsat_gee,True
NSR-GRID-077,LC09_L2SP_176039_20250711_20250712_02_T1,2025-07-11,-0.7535383870450403,-0.5290953148157479,47.729864860961136,0.18030617472368762,low,-0.22444307222929238,landsat_gee,True
NSR-GRID-079,LC09_L2SP_176039_20250711_20250712_02_T1,2025-07-11,0.6693352310101588,0.6805505530415243,49.152738479016335,0.24062156841943366,low,-0.011215322031365549,landsat_gee,True
NSR-GRID-080,LC09_L2SP_176039_20250711_20250712_02_T1,2025-07-11,-4.168644562153787,-4.008360759042658,44.31475868585239,0.2826042442943172,low,-0.16028380311112933,landsat_gee,True
NSR-GRID-081,LC09_L2SP_176039_20250711_20250712_02_T1,2025-07-11,0.8130686461900609,0.4927977882823315,49.29647189419624,0.2429880985952044,low,0.3202708579077294,landsat_gee,True
NSR-GRID-082,LC09_L2SP_176039_20250711_20250712_02_T1,2025-07-11,-1.8641283211765511,-1.8845830250087998,46.619274926829625,0.34522747580571334,low,0.020454703832248677,landsat_gee,True
NSR-GRID-083,LC09_L2SP_176039_20250711_20250712_02_T1,2025-07-11,-0.8866600332965575,-0.8771492491392398,47.59674321470962,0.3473201574886427,low,-0.009510784157317764,landsat_gee,True
NSR-GRID-084,LC09_L2SP_176039_20250711_20250712_02_T1,2025-07-11,0.0783421036879516,0.4162792317331791,48.56174535169413,0.3765587799844573,medium,-0.3379371280452275,landsat_gee,True
NSR-GRID-085,LC09_L2SP_176039_20250711_20250712_02_T1,2025-07-11,-1.112480047328681,-1.2317232631416117,47.370923200677495,0.3858239369467319,medium,0.11924321581293063,landsat_gee,True
NSR-GRID-086,LC09_L2SP_176039_20250711_20250712_02_T1,2025-07-11,-1.2615516503613549,-1.4807642190740662,47.22185159764482,0.36190051026277137,medium,0.21921256871271133,landsat_gee,True
NSR-GRID-087,LC09_L2SP_176039_20250711_20250712_02_T1,2025-07-11,-2.172612602986866,-1.9390395042437443,46.31079064501931,0.3563393522032643,medium,-0.23357309874312193,landsat_gee,True
NSR-GRID-088,LC09_L2SP_176039_20250711_20250712_02_T1,2025-07-11,-0.325448142687847,-0.6632052364603421,48.15795510531833,0.3710994721809061,medium,0.33775709377249513,landsat_gee,True
NSR-GRID-089,LC09_L2SP_176039_20250711_20250712_02_T1,2025-07-11,-1.399468360386038,-1.3646537570965653,47.08393488762014,0.3163841483943504,low,-0.03481460328947272,landsat_gee,True
NSR-GRID-090,LC09_L2SP_176039_20250711_20250712_02_T1,2025-07-11,0.1639675902720085,0.17243313969548882,48.647370838278185,0.3094150500944522,low,-0.008465549423480323,landsat_gee,True
NSR-GRID-091,LC09_L2SP_176039_20250711_20250712_02_T1,2025-07-11,0.9054295551920646,0.7074908582858821,49.38883280319824,0.3291849915524265,low,0.1979386969061825,landsat_gee,True
NSR-GRID-092,LC09_L2SP_176039_20250711_20250712_02_T1,2025-07-11,-2.1248244842552357,-2.110302066060726,46.35857876375094,0.40675788526721207,medium,-0.014522418194509612,landsat_gee,True
NSR-GRID-093,LC09_L2SP_176039_20250711_20250712_02_T1,2025-07-11,-1.3199492944733535,-1.0757614236550557,47.16345395353282,0.3687702465085667,medium,-0.24418787081829785,landsat_gee,True
NSR-GRID-094,LC09_L2SP_176039_20250711_20250712_02_T1,2025-07-11,-2.237809649881811,-2.121437945542803,46.245593598124366,0.37820682497405905,medium,-0.11637170433900801,landsat_gee,True
NSR-GRID-095,LC09_L2SP_176039_20250711_20250712_02_T1,2025-07-11,-1.2935294411914882,-1.5548493004494457,47.18987380681469,0.3425710463187613,low,0.26131985925795753,landsat_gee,True
NSR-GRID-096,LC09_L2SP_176039_20250711_20250712_02_T1,2025-07-11,-1.5972704458340488,-1.5320239982837358,46.88613280217213,0.4166825778904123,medium,-0.06524644755031295,landsat_gee,True
NSR-GRID-097,LC09_L2SP_176039_20250711_20250712_02_T1,2025-07-11,-0.8392865818096809,-0.524159267116155,47.644116666196496,0.3072069341971622,low,-0.31512731469352584,landsat_gee,True
NSR-GRID-098,LC09_L2SP_176039_20250711_20250712_02_T1,2025-07-11,-1.158792870569279,-0.9974666037905283,47.3246103774369,0.31095209973124327,low,-0.16132626677875062,landsat_gee,True
NSR-GRID-099,LC09_L2SP_176039_20250711_20250712_02_T1,2025-07-11,-1.902571542733554,-1.5480957571035665,46.58083170527262,0.2708739980222121,low,-0.3544757856299876,landsat_gee,True
NSR-GRID-100,LC09_L2SP_176039_20250711_20250712_02_T1,2025-07-11,-2.129293389394725,-1.6857679676169686,46.35410985861145,0.1962841477014817,low,-0.44352542177775645,landsat_gee,True
NSR-GRID-101,LC09_L2SP_176039_20250711_20250712_02_T1,2025-07-11,-1.5188217659556074,-1.31696610821577,46.96458148205057,0.16310969000359457,low,-0.20185565773983738,landsat_gee,True
NSR-GRID-102,LC09_L2SP_176039_20250711_20250712_02_T1,2025-07-11,1.4090634993559377,1.0299130520860724,49.892466747362114,0.21296499323376705,low,0.37915044726986524,landsat_gee,True
NSR-GRID-103,LC09_L2SP_176039_20250711_20250712_02_T1,2025-07-11,0.8038122977881983,0.6052682441469455,49.287215545794375,0.2385773569183945,low,0.19854405364125283,landsat_gee,True
NSR-GRID-104,LC09_L2SP_176039_20250711_20250712_02_T1,2025-07-11,2.0156076061819377,1.795042732049518,50.499010854188114,0.25260656157983885,low,0.22056487413241976,landsat_gee,True
NSR-GRID-105,LC09_L2SP_176039_20250711_20250712_02_T1,2025-07-11,-3.46758119217143,-3.465624344670819,45.01582205583475,0.28568472701157155,low,-0.00195684750061087,landsat_gee,True
NSR-GRID-106,LC09_L2SP_176039_20250711_20250712_02_T1,2025-07-11,0.4848122835148203,0.4947402135103542,48.968215531521,0.22730377274287275,low,-0.00992792999553388,landsat_gee,True
NSR-GRID-107,LC09_L2SP_176039_20250711_20250712_02_T1,2025-07-11,-2.3094389463686937,-2.789705869994423,46.17396430163748,0.36281313926782055,medium,0.4802669236257291,landsat_gee,True
NSR-GRID-108,LC09_L2SP_176039_20250711_20250712_02_T1,2025-07-11,-2.6918403367214268,-3.0214703458321406,45.79156291128475,0.3389515801317807,low,0.32963000911071383,landsat_gee,True
NSR-GRID-109,LC09_L2SP_176039_20250711_20250712_02_T1,2025-07-11,-3.763573370445712,-3.5360061971285814,44.719829877560464,0.35750523922818117,medium,-0.2275671733171305,landsat_gee,True
NSR-GRID-110,LC09_L2SP_176039_20250711_20250712_02_T1,2025-07-11,-3.245988785378188,-3.290503286219105,45.23741446262799,0.35321151707132525,medium,0.044514500840917126,landsat_gee,True
NSR-GRID-111,LC09_L2SP_176039_20250711_20250712_02_T1,2025-07-11,-3.301456250654752,-3.530039722390794,45.181946997351424,0.34523394630969023,low,0.2285834717360422,landsat_gee,True
NSR-GRID-112,LC09_L2SP_176039_20250711_20250712_02_T1,2025-07-11,-2.835355847552876,-2.660636533139425,45.6480474004533,0.40256500113877824,medium,-0.17471931441345134,landsat_gee,True
NSR-GRID-113,LC09_L2SP_176039_20250711_20250712_02_T1,2025-07-11,-4.361565682310399,-4.2457402234622865,44.12183756569578,0.3253999459476939,low,-0.11582545884811246,landsat_gee,True
NSR-GRID-114,LC09_L2SP_176039_20250711_20250712_02_T1,2025-07-11,-4.053048266000907,-4.012244822592208,44.43035498200527,0.341815128946208,low,-0.04080344340869946,landsat_gee,True
NSR-GRID-115,LC09_L2SP_176039_20250711_20250712_02_T1,2025-07-11,-2.0523448596962552,-2.338683270652902,46.43105838830992,0.35447847499062507,medium,0.2863384109566467,landsat_gee,True
NSR-GRID-116,LC09_L2SP_176039_20250711_20250712_02_T1,2025-07-11,-0.1014685481514447,0.26556754081952805,48.38193469985473,0.36122797567130854,medium,-0.36703608897097273,landsat_gee,True
NSR-GRID-117,LC09_L2SP_176039_20250711_20250712_02_T1,2025-07-11,0.4162132512808654,0.7932926372799916,48.89961649928704,0.2911885206587261,low,-0.37707938599912616,landsat_gee,True
NSR-GRID-118,LC09_L2SP_176039_20250711_20250712_02_T1,2025-07-11,-0.5205375435346653,-0.17334958624240387,47.96286570447151,0.30702483446116524,low,-0.34718795729226143,landsat_gee,True
NSR-GRID-119,LC09_L2SP_176039_20250711_20250712_02_T1,2025-07-11,-4.838796518801644,-4.401936309171501,43.64460672920453,0.4522403925262296,medium,-0.4368602096301428,landsat_gee,True
NSR-GRID-120,LC09_L2SP_176039_20250711_20250712_02_T1,2025-07-11,-4.279574899891713,-4.390594265442232,44.20382834811446,0.4720173097215483,medium,0.1110193655505185,landsat_gee,True
NSR-GRID-121,LC09_L2SP_176039_20250711_20250712_02_T1,2025-07-11,-2.0512077512428704,-1.875395605447421,46.432195496763306,0.4299264776483598,medium,-0.17581214579544935,landsat_gee,True
NSR-GRID-122,LC09_L2SP_176039_20250711_20250712_02_T1,2025-07-11,-1.8680758370967965,-1.2830240264484223,46.61532741090938,0.33205886956238384,low,-0.5850518106483742,landsat_gee,True
NSR-GRID-123,LC09_L2SP_176039_20250711_20250712_02_T1,2025-07-11,-1.4767053899148903,-1.2626372623540336,47.006697858091286,0.342252384622879,low,-0.2140681275608567,landsat_gee,True
NSR-GRID-124,LC09_L2SP_176039_20250711_20250712_02_T1,2025-07-11,-1.165030095207868,-1.3160818103392427,47.31837315279831,0.3183162085955765,low,0.1510517151313746,landsat_gee,True
NSR-GRID-125,LC09_L2SP_176039_20250711_20250712_02_T1,2025-07-11,-2.0183306896072395,-1.9222884263876068,46.46507255839894,0.18640664749452657,low,-0.09604226321963272,landsat_gee,True
NSR-GRID-126,LC09_L2SP_176039_20250711_20250712_02_T1,2025-07-11,0.8802622679746932,0.7566068014750528,49.36366551598087,0.2255573209229706,low,0.12365546649964043,landsat_gee,True
NSR-GRID-127,LC09_L2SP_176039_20250711_20250712_02_T1,2025-07-11,2.0447039770925315,1.5413591178636263,50.52810722509871,0.23727567110123346,low,0.5033448592289052,landsat_gee,True
NSR-GRID-128,LC09_L2SP_176039_20250711_20250712_02_T1,2025-07-11,-3.942962341924528,-3.088438051335066,44.54044090608165,0.20693984188429204,low,-0.8545242905894619,landsat_gee,True
NSR-GRID-129,LC09_L2SP_176039_20250711_20250712_02_T1,2025-07-11,0.1577396690149157,0.270145957324031,48.64114291702109,0.24037646110636388,low,-0.11240628830911531,landsat_gee,True
NSR-GRID-130,LC09_L2SP_176039_20250711_20250712_02_T1,2025-07-11,-2.630881424633813,-2.4585266524377247,45.85252182337236,0.36003190417214836,medium,-0.1723547721960883,landsat_gee,True
NSR-GRID-131,LC09_L2SP_176039_20250711_20250712_02_T1,2025-07-11,-0.8787809775652846,-0.892686996175216,47.60462227044089,0.19989920581380113,low,0.013906018609931348,landsat_gee,True
NSR-GRID-132,LC09_L2SP_176039_20250711_20250712_02_T1,2025-07-11,-3.9556421521018095,-3.9764142405183316,44.52776109590437,0.33795975439187453,low,0.020772088416522116,landsat_gee,True
NSR-GRID-133,LC09_L2SP_176039_20250711_20250712_02_T1,2025-07-11,-3.91712565302268,-3.7077356825558248,44.5662775949835,0.35594233490986615,medium,-0.20938997046685515,landsat_gee,True
NSR-GRID-134,LC09_L2SP_176039_20250711_20250712_02_T1,2025-07-11,-3.289519701300144,-3.2475607531226354,45.19388354670603,0.3509287629270837,medium,-0.04195894817750867,landsat_gee,True
NSR-GRID-135,LC09_L2SP_176039_20250711_20250712_02_T1,2025-07-11,-3.0485286141501504,-3.2573833391257043,45.434874633856026,0.34005491182706493,low,0.2088547249755539,landsat_gee,True
NSR-GRID-136,LC09_L2SP_176039_20250711_20250712_02_T1,2025-07-11,-3.685361682675087,-3.275236759954944,44.79804156533109,0.2349564814764894,low,-0.4101249227201431,landsat_gee,True
NSR-GRID-137,LC09_L2SP_176039_20250711_20250712_02_T1,2025-07-11,-3.657140922186116,-3.5745774913578527,44.82626232582006,0.3412131408611877,low,-0.08256343082826323,landsat_gee,True
NSR-GRID-138,LC09_L2SP_176039_20250711_20250712_02_T1,2025-07-11,-3.396517124876361,-3.979745462302673,45.086886123129815,0.330599525005571,low,0.5832283374263119,landsat_gee,True
NSR-GRID-139,LC09_L2SP_176039_20250711_20250712_02_T1,2025-07-11,-2.2055827416271896,-2.2684374204943016,46.27782050637899,0.37749994426130173,medium,0.06285467886711205,landsat_gee,True
NSR-GRID-140,LC09_L2SP_176039_20250711_20250712_02_T1,2025-07-11,1.403061639195876,1.810203204118199,49.88646488720205,0.2654173345626113,low,-0.4071415649223231,landsat_gee,True
NSR-GRID-141,LC09_L2SP_176039_20250711_20250712_02_T1,2025-07-11,1.513356021155147,1.990420483069345,49.99675926916132,0.24150695805443534,low,-0.47706446191419816,landsat_gee,True
NSR-GRID-142,LC09_L2SP_176039_20250711_20250712_02_T1,2025-07-11,-1.0639377636316991,-0.6926730950582323,47.41946548437448,0.302638491058704,low,-0.37126466857346685,landsat_gee,True
NSR-GRID-143,LC09_L2SP_176039_20250711_20250712_02_T1,2025-07-11,-3.114836808814225,-2.888474181153327,45.36856643919195,0.40599764216402656,medium,-0.22636262766089787,landsat_gee,True
NSR-GRID-144,LC09_L2SP_176039_20250711_20250712_02_T1,2025-07-11,-4.145016920393204,-4.184428438616704,44.33838632761297,0.4553747116793235,medium,0.039411518223499975,landsat_gee,True
NSR-GRID-145,LC09_L2SP_176039_20250711_20250712_02_T1,2025-07-11,-2.311717044251509,-2.408071374429711,46.17168620375467,0.40838083215051435,medium,0.09635433017820194,landsat_gee,True
NSR-GRID-146,LC09_L2SP_176039_20250711_20250712_02_T1,2025-07-11,-1.8466387663453216,-1.311116907453847,46.636764481660855,0.31570074458152186,low,-0.5355218588914747,landsat_gee,True
NSR-GRID-147,LC09_L2SP_176039_20250711_20250712_02_T1,2025-07-11,-1.3010146489709058,-1.124072296000972,47.18238859903527,0.32413974680659,low,-0.17694235296993388,landsat_gee,True
NSR-GRID-148,LC09_L2SP_176039_20250711_20250712_02_T1,2025-07-11,-1.0238648787660196,-1.1096657043520697,47.45953836924016,0.28467707879581683,low,0.08580082558605007,landsat_gee,True
NSR-GRID-149,LC09_L2SP_176039_20250711_20250712_02_T1,2025-07-11,-2.337714270209723,-2.2764949358499833,46.14568897779645,0.31177233558431944,low,-0.06121933435973981,landsat_gee,True
NSR-GRID-150,LC09_L2SP_176039_20250711_20250712_02_T1,2025-07-11,-2.260672272292979,-2.6450497308582426,46.2227309757132,0.24486601647910924,low,0.38437745856526373,landsat_gee,True
NSR-GRID-151,LC09_L2SP_176039_20250711_20250712_02_T1,2025-07-11,-0.5266251128412094,-0.6051354304582794,47.95677813516497,0.21237346627929887,low,0.07851031761707006,landsat_gee,True
NSR-GRID-152,LC09_L2SP_176039_20250711_20250712_02_T1,2025-07-11,-2.321796890084819,-2.071619588237772,46.16160635792136,0.35127609646760094,medium,-0.25017730184704723,landsat_gee,True
NSR-GRID-153,LC09_L2SP_176039_20250711_20250712_02_T1,2025-07-11,-3.7553839819999766,-3.4766255389312146,44.7280192660062,0.361970308038089,medium,-0.27875844306876196,landsat_gee,True
NSR-GRID-154,LC09_L2SP_176039_20250711_20250712_02_T1,2025-07-11,-3.769384254956826,-3.4728816324303193,44.71401899304935,0.35090887704176665,medium,-0.2965026225265066,landsat_gee,True
NSR-GRID-155,LC09_L2SP_176039_20250711_20250712_02_T1,2025-07-11,-4.45998146184165,-4.089095377946759,44.023421786164526,0.34654939017498004,low,-0.3708860838948915,landsat_gee,True
NSR-GRID-156,LC09_L2SP_176039_20250711_20250712_02_T1,2025-07-11,-4.566405475790084,-4.310956963578376,43.91699777221609,0.330643317211304,low,-0.25544851221170806,landsat_gee,True
NSR-GRID-157,LC09_L2SP_176039_20250711_20250712_02_T1,2025-07-11,-3.779486252113657,-3.6085772541027628,44.70391699589252,0.3174540758165814,low,-0.1709089980108942,landsat_gee,True
NSR-GRID-158,LC09_L2SP_176039_20250711_20250712_02_T1,2025-07-11,-3.810903712747255,-3.905059023215723,44.67249953525892,0.34781357290515985,low,0.09415531046846803,landsat_gee,True
NSR-GRID-159,LC09_L2SP_176039_20250711_20250712_02_T1,2025-07-11,-3.922261131831597,-4.0243396187536975,44.56114211617458,0.34643739096015747,low,0.10207848692210053,landsat_gee,True
NSR-GRID-160,LC09_L2SP_176039_20250711_20250712_02_T1,2025-07-11,-3.031919494088178,-3.487603090050951,45.451483753918,0.3850151807354138,medium,0.45568359596277297,landsat_gee,True
NSR-GRID-161,LC09_L2SP_176039_20250711_20250712_02_T1,2025-07-11,-1.37900336656093,-1.4375753881428834,47.10439988144525,0.36813108934683636,medium,0.058572021581953404,landsat_gee,True
NSR-GRID-162,LC09_L2SP_176039_20250711_20250712_02_T1,2025-07-11,-0.6973844022714957,-0.5876446228445468,47.78601884573468,0.3311759670186789,low,-0.1097397794269489,landsat_gee,True
NSR-GRID-163,LC09_L2SP_176039_20250711_20250712_02_T1,2025-07-11,-0.9354597162426046,-1.2023531823374605,47.54794353176357,0.3778977699971108,medium,0.26689346609485587,landsat_gee,True
NSR-GRID-164,LC09_L2SP_176039_20250711_20250712_02_T1,2025-07-11,-2.335850611628274,-2.187240740230082,46.1475526363779,0.36724450984099344,medium,-0.14860987139819182,landsat_gee,True
NSR-GRID-165,LC09_L2SP_176039_20250711_20250712_02_T1,2025-07-11,-3.890031234342615,-3.9266189993556346,44.59337201366356,0.46515287911092995,medium,0.036587765013019524,landsat_gee,True
NSR-GRID-166,LC09_L2SP_176039_20250711_20250712_02_T1,2025-07-11,-1.956601799048037,-1.9610506704380126,46.52680144895814,0.43599272781146514,medium,0.004448871389975517,landsat_gee,True
NSR-GRID-167,LC09_L2SP_176039_20250711_20250712_02_T1,2025-07-11,-1.4516055153045355,-1.1616041041785896,47.03179773270164,0.34810269206164784,low,-0.2900014111259459,landsat_gee,True
NSR-GRID-168,LC09_L2SP_176039_20250711_20250712_02_T1,2025-07-11,-0.8815459802537973,-1.1360596181486904,47.60185726775238,0.3372809930275308,low,0.2545136378948931,landsat_gee,True
NSR-GRID-169,LC09_L2SP_176039_20250711_20250712_02_T1,2025-07-11,-0.9421588993742276,-1.2583223012284204,47.54124434863195,0.3147131807868086,low,0.3161634018541928,landsat_gee,True
NSR-GRID-170,LC09_L2SP_176039_20250711_20250712_02_T1,2025-07-11,-0.9032541792887656,-1.2692575375685615,47.58014906871741,0.2691927340322363,low,0.3660033582797959,landsat_gee,True
NSR-GRID-171,LC09_L2SP_176039_20250711_20250712_02_T1,2025-07-11,-0.3178222807186657,-0.6753048766017907,48.16558096728751,0.20841190601549228,low,0.35748259588312503,landsat_gee,True
NSR-GRID-172,LC09_L2SP_176039_20250711_20250712_02_T1,2025-07-11,0.3432812965881808,-0.14031070277663082,48.82668454459436,0.17905828789864306,low,0.4835919993648116,landsat_gee,True
NSR-GRID-173,LC09_L2SP_176039_20250711_20250712_02_T1,2025-07-11,1.411132901383546,0.9704975450564229,49.89453614938972,0.24358578298495243,low,0.44063535632712314,landsat_gee,True
NSR-GRID-174,LC09_L2SP_176039_20250711_20250712_02_T1,2025-07-11,-2.3280667604454166,-1.6642452964706342,46.15533648756076,0.2982025061095742,low,-0.6638214639747824,landsat_gee,True
NSR-GRID-175,LC09_L2SP_176039_20250711_20250712_02_T1,2025-07-11,-4.349924555196921,-3.8337767455433256,44.133478692809256,0.3342976921482411,low,-0.5161478096535954,landsat_gee,True
NSR-GRID-176,LC09_L2SP_176039_20250711_20250712_02_T1,2025-07-11,-4.264888225054406,-3.9234107272847787,44.21851502295177,0.31374164919767344,low,-0.34147749776962755,landsat_gee,True
NSR-GRID-177,LC09_L2SP_176039_20250711_20250712_02_T1,2025-07-11,-3.7160793986961664,-3.5650812179847153,44.76732384931001,0.3349502124331392,low,-0.1509981807114511,landsat_gee,True
NSR-GRID-178,LC09_L2SP_176039_20250711_20250712_02_T1,2025-07-11,-3.5201883460218117,-3.2962436298073645,44.963214901984365,0.34725291494590255,low,-0.22394471621444723,landsat_gee,True
NSR-GRID-179,LC09_L2SP_176039_20250711_20250712_02_T1,2025-07-11,-4.005906049306503,-3.8488798314939574,44.47749719869967,0.327638693279791,low,-0.1570262178125459,landsat_gee,True
NSR-GRID-180,LC09_L2SP_176039_20250711_20250712_02_T1,2025-07-11,-3.856277931433304,-3.835491639032479,44.62712531657287,0.32562516362481186,low,-0.02078629240082508,landsat_gee,True
NSR-GRID-181,LC09_L2SP_176039_20250711_20250712_02_T1,2025-07-11,-3.196208626541477,-3.2904448136156668,45.2871946214647,0.34590254354479427,low,0.0942361870741899,landsat_gee,True
NSR-GRID-182,LC09_L2SP_176039_20250711_20250712_02_T1,2025-07-11,-2.594937343627386,-2.9022540414669167,45.88846590437879,0.3714178137894401,medium,0.30731669783953075,landsat_gee,True
NSR-GRID-183,LC09_L2SP_176039_20250711_20250712_02_T1,2025-07-11,-1.773381401516076,-2.0877050796895236,46.7100218464901,0.37178432775312104,medium,0.31432367817344753,landsat_gee,True
NSR-GRID-184,LC09_L2SP_176039_20250711_20250712_02_T1,2025-07-11,-2.181055828900213,-1.90592282564895,46.30234741910596,0.37598315986168723,medium,-0.2751330032512631,landsat_gee,True
NSR-GRID-185,LC09_L2SP_176039_20250711_20250712_02_T1,2025-07-11,-1.978592692970878,-1.2029798133873109,46.5048105550353,0.34118233304496653,low,-0.7756128795835671,landsat_gee,True
NSR-GRID-186,LC09_L2SP_176039_20250711_20250712_02_T1,2025-07-11,-2.422911581147765,-2.495587598361845,46.06049166685841,0.38493549749616607,medium,0.0726760172140799,landsat_gee,True
NSR-GRID-187,LC09_L2SP_176039_20250711_20250712_02_T1,2025-07-11,-2.3943922999492173,-2.314584044768556,46.08901094805696,0.4464403014746141,medium,-0.07980825518066137,landsat_gee,True
NSR-GRID-188,LC09_L2SP_176039_20250711_20250712_02_T1,2025-07-11,-2.630680580264354,-2.59843492565311,45.85272266774182,0.4125212656032946,medium,-0.03224565461124396,landsat_gee,True
NSR-GRID-189,LC09_L2SP_176039_20250711_20250712_02_T1,2025-07-11,-3.5025468145801284,-2.9919227451487065,44.98085643342605,0.4256626413118786,medium,-0.5106240694314219,landsat_gee,True
NSR-GRID-190,LC09_L2SP_176039_20250711_20250712_02_T1,2025-07-11,-2.8584153465488957,-2.5540434158746623,45.62498790145728,0.3539069966930777,medium,-0.3043719306742334,landsat_gee,True
NSR-GRID-191,LC09_L2SP_176039_20250711_20250712_02_T1,2025-07-11,-1.8290782690694911,-1.7790910894687018,46.654324978936685,0.30602069603547233,low,-0.049987179600789355,landsat_gee,True
NSR-GRID-192,LC09_L2SP_176039_20250711_20250712_02_T1,2025-07-11,0.4043366225868539,0.37383332127621394,48.88773987059303,0.2227159746760064,low,0.03050330131063994,landsat_gee,True
NSR-GRID-193,LC09_L2SP_176039_20250711_20250712_02_T1,2025-07-11,-1.2631083304440978,-0.9554813353606586,47.22029491756208,0.3555185346328016,medium,-0.30762699508343916,landsat_gee,True
NSR-GRID-194,LC09_L2SP_176039_20250711_20250712_02_T1,2025-07-11,0.8082766156269301,0.6529111196750708,49.29167986363311,0.2721356232597536,low,0.15536549595185933,landsat_gee,True
NSR-GRID-195,LC09_L2SP_176039_20250711_20250712_02_T1,2025-07-11,-3.49579198568091,-3.4426867071063794,44.98761126232527,0.33868405432155796,low,-0.05310527857453051,landsat_gee,True
NSR-GRID-196,LC09_L2SP_176039_20250711_20250712_02_T1,2025-07-11,-0.6395932817014156,-0.6071500411374455,47.84380996630476,0.26396669449568744,low,-0.03244324056397008,landsat_gee,True
NSR-GRID-197,LC09_L2SP_176039_20250711_20250712_02_T1,2025-07-11,-4.264527479262128,-3.9777569286095606,44.21887576874405,0.28730257858061936,low,-0.2867705506525673,landsat_gee,True
NSR-GRID-198,LC09_L2SP_176039_20250711_20250712_02_T1,2025-07-11,-4.005116820014933,-3.817235410904306,44.47828642799124,0.24093047945594365,low,-0.18788140911062756,landsat_gee,True
NSR-GRID-199,LC09_L2SP_176039_20250711_20250712_02_T1,2025-07-11,-4.286632659318698,-4.285970426816405,44.19677058868748,0.3463276999624282,low,-0.0006622325022931363,landsat_gee,True
NSR-GRID-200,LC09_L2SP_176039_20250711_20250712_02_T1,2025-07-11,-3.997923200654036,-3.865602677549813,44.48548004735214,0.3391972842338507,low,-0.13232052310422304,landsat_gee,True
NSR-GRID-201,LC09_L2SP_176039_20250711_20250712_02_T1,2025-07-11,-3.7676847598636334,-3.7443272783480714,44.71571848814254,0.3675318537641955,medium,-0.02335748151556194,landsat_gee,True
NSR-GRID-202,LC09_L2SP_176039_20250711_20250712_02_T1,2025-07-11,-2.612389214493348,-2.78046175049352,45.87101403351283,0.35447640275863596,medium,0.16807253600017225,landsat_gee,True
NSR-GRID-203,LC09_L2SP_176039_20250711_20250712_02_T1,2025-07-11,0.3130164377157101,-0.046738417282419495,48.79641968572189,0.4148648243917678,medium,0.3597548549981296,landsat_gee,True
NSR-GRID-204,LC09_L2SP_176039_20250711_20250712_02_T1,2025-07-11,-2.293589820651995,-2.4156070981682296,46.18981342735418,0.3638347470096799,medium,0.12201727751623448,landsat_gee,True
NSR-GRID-205,LC09_L2SP_176039_20250711_20250712_02_T1,2025-07-11,-2.04908900906586,-2.006527699483139,46.43431423894032,0.37847910220252323,medium,-0.04256130958272086,landsat_gee,True
NSR-GRID-206,LC09_L2SP_176039_20250711_20250712_02_T1,2025-07-11,-2.593535281466771,-2.4722561069405264,45.889867966539406,0.3928883144833987,medium,-0.12127917452624448,landsat_gee,True
NSR-GRID-207,LC09_L2SP_176039_20250711_20250712_02_T1,2025-07-11,-2.167972072095367,-2.1106952665991097,46.31543117591081,0.4085043638725157,medium,-0.05727680549625713,landsat_gee,True
NSR-GRID-208,LC09_L2SP_176039_20250711_20250712_02_T1,2025-07-11,-1.844928317696322,-1.973301601971096,46.638474930309854,0.41885599217682234,medium,0.128373284274774,landsat_gee,True
NSR-GRID-209,LC09_L2SP_176039_20250711_20250712_02_T1,2025-07-11,-1.923547105442978,-1.942587050547301,46.5598561425632,0.40589045711458926,medium,0.019039945104323053,landsat_gee,True
NSR-GRID-210,LC09_L2SP_176039_20250711_20250712_02_T1,2025-07-11,-1.0016348400852235,-1.1678204982146339,47.48176840792095,0.41254646049953914,medium,0.16618565812941033,landsat_gee,True
NSR-GRID-211,LC09_L2SP_176039_20250711_20250712_02_T1,2025-07-11,-2.060367896701358,-1.9492734722989518,46.42303535130482,0.414024954088977,medium,-0.11109442440240613,landsat_gee,True
NSR-GRID-212,LC09_L2SP_176039_20250711_20250712_02_T1,2025-07-11,-1.1712804642976948,-0.6882703251544038,47.31212278370848,0.3568212185984323,medium,-0.48301013914329105,landsat_gee,True
NSR-GRID-213,LC09_L2SP_176039_20250711_20250712_02_T1,2025-07-11,0.0937441749296255,0.1313792153840029,48.5771474229358,0.2880660071770245,low,-0.037635040454377405,landsat_gee,True
NSR-GRID-214,LC09_L2SP_176039_20250711_20250712_02_T1,2025-07-11,-4.191997850095085,-4.197687013743044,44.29140539791109,0.36243070242943115,medium,0.005689163647959461,landsat_gee,True
NSR-GRID-215,LC09_L2SP_176039_20250711_20250712_02_T1,2025-07-11,-3.981747758807103,-3.9865342426907264,44.501655489199074,0.30908041095606215,low,0.004786483883623571,landsat_gee,True
NSR-GRID-216,LC09_L2SP_176039_20250711_20250712_02_T1,2025-07-11,-3.2510388120894262,-2.911216877285696,45.23236443591675,0.31149870303377336,low,-0.33982193480373013,landsat_gee,True
NSR-GRID-217,LC09_L2SP_176039_20250711_20250712_02_T1,2025-07-11,-3.9024410489704655,-3.115550581664312,44.58096219903571,0.3688172409917406,medium,-0.7868904673061534,landsat_gee,True
NSR-GRID-218,LC09_L2SP_176039_20250711_20250712_02_T1,2025-07-11,-2.895563432963975,-3.2266081297318054,45.5878398150422,0.351521101707011,medium,0.33104469676783044,landsat_gee,True
NSR-GRID-219,LC09_L2SP_176039_20250711_20250712_02_T1,2025-07-11,-1.8329713912215693,-1.6923937869261505,46.65043185678461,0.3764494136674523,medium,-0.14057760429541877,landsat_gee,True
NSR-GRID-220,LC09_L2SP_176039_20250711_20250712_02_T1,2025-07-11,-0.9308232416610168,-1.0230230334344594,47.55258000634516,0.38991693332191424,medium,0.09219979177344262,landsat_gee,True
NSR-GRID-221,LC09_L2SP_176039_20250711_20250712_02_T1,2025-07-11,-1.1883541724216329,-1.3768903748597054,47.295049075584544,0.39763991704528945,medium,0.18853620243807256,landsat_gee,True
NSR-GRID-222,LC09_L2SP_176039_20250711_20250712_02_T1,2025-07-11,-1.3848341555798385,-1.5524625980514546,47.09856909242634,0.389604706596593,medium,0.16762844247161612,landsat_gee,True
NSR-GRID-223,LC09_L2SP_176039_20250711_20250712_02_T1,2025-07-11,-2.5386145537342344,-2.8633094824381558,45.94478869427194,0.41961101980705295,medium,0.32469492870392136,landsat_gee,True
NSR-GRID-224,LC09_L2SP_176039_20250711_20250712_02_T1,2025-07-11,-2.6152756871577054,-2.5394516303237897,45.86812756084847,0.4657172469250881,medium,-0.07582405683391569,landsat_gee,True
NSR-GRID-225,LC09_L2SP_176039_20250711_20250712_02_T1,2025-07-11,-1.5880186376044136,-1.3722112908072779,46.89538461040176,0.4199736599722998,medium,-0.21580734679713576,landsat_gee,True
NSR-GRID-226,LC09_L2SP_176039_20250711_20250712_02_T1,2025-07-11,-1.634766741178808,-1.1470457689606797,46.84863650682737,0.3551228246184866,medium,-0.4877209722181284,landsat_gee,True
NSR-GRID-227,LC09_L2SP_176039_20250711_20250712_02_T1,2025-07-11,-2.269666461107171,-2.2960084570101182,46.213736786899005,0.4143616809721328,medium,0.02634199590294717,landsat_gee,True
NSR-GRID-228,LC09_L2SP_176039_20250711_20250712_02_T1,2025-07-11,-2.167281576141434,-1.624778903283967,46.31612167186474,0.41339562767679316,medium,-0.5425026728574671,landsat_gee,True
NSR-GRID-229,LC09_L2SP_176039_20250711_20250712_02_T1,2025-07-11,-0.90603050555724,-1.0565154505666083,47.57737274244894,0.44533060627631055,medium,0.15048494500936838,landsat_gee,True
NSR-GRID-230,LC09_L2SP_176039_20250711_20250712_02_T1,2025-07-11,-1.4636860293012646,-1.795164342824013,47.01971721870491,0.3750729970381157,medium,0.33147831352274837,landsat_gee,True
NSR-GRID-231,LC09_L2SP_176039_20250711_20250712_02_T1,2025-07-11,1.859089272827404,1.9058406559735999,50.34249252083358,0.3280678954701799,low,-0.04675138314619587,landsat_gee,True
NSR-GRID-232,LC09_L2SP_176039_20250711_20250712_02_T1,2025-07-11,-3.3689128006120086,-3.185600736962421,45.11449044739417,0.30186153145155586,low,-0.18331206364958774,landsat_gee,True
NSR-GRID-233,LC09_L2SP_176039_20250711_20250712_02_T1,2025-07-11,-3.5534862117898385,-3.7329656797749733,44.92991703621634,0.3591599910393497,medium,0.1794794679851348,landsat_gee,True
NSR-GRID-234,LC09_L2SP_176039_20250711_20250712_02_T1,2025-07-11,-3.658429329750099,-3.6709900902581794,44.82497391825608,0.3521409862562925,medium,0.012560760508080193,landsat_gee,True
NSR-GRID-235,LC09_L2SP_176039_20250711_20250712_02_T1,2025-07-11,-1.7972881214786085,-1.3596101710159767,46.68611512652757,0.3468711598501893,low,-0.4376779504626318,landsat_gee,True
NSR-GRID-236,LC09_L2SP_176039_20250711_20250712_02_T1,2025-07-11,1.404909896024705,1.1782353407829553,49.88831314403088,0.3758307883931388,medium,0.22667455524174973,landsat_gee,True
NSR-GRID-237,LC09_L2SP_176039_20250711_20250712_02_T1,2025-07-11,3.801930769974412,2.998599622129193,52.28533401798059,0.2978958464970477,low,0.8033311478452188,landsat_gee,True
NSR-GRID-238,LC09_L2SP_176039_20250711_20250712_02_T1,2025-07-11,1.1546693626260804,1.5877232053826043,49.63807261063226,0.33986922090219396,low,-0.4330538427565238,landsat_gee,True
NSR-GRID-239,LC09_L2SP_176039_20250711_20250712_02_T1,2025-07-11,0.3110538153357538,0.6174819934876229,48.79445706334193,0.39139742063867694,medium,-0.30642817815186907,landsat_gee,True
NSR-GRID-240,LC09_L2SP_176039_20250711_20250712_02_T1,2025-07-11,0.1635113021105354,0.07134265274619742,48.64691455011671,0.35704617740783184,medium,0.092168649364338,landsat_gee,True
NSR-GRID-241,LC09_L2SP_176039_20250711_20250712_02_T1,2025-07-11,-0.969629656997796,-1.1857428740578349,47.51377359100838,0.4444413945649002,medium,0.21611321706003883,landsat_gee,True
NSR-GRID-242,LC09_L2SP_176039_20250711_20250712_02_T1,2025-07-11,-1.5295312434389745,-1.83443050540942,46.9538720045672,0.48757660345083115,medium,0.3048992619704456,landsat_gee,True
NSR-GRID-243,LC09_L2SP_176039_20250711_20250712_02_T1,2025-07-11,-1.3492116630076794,-1.0093402076541114,47.1341915849985,0.3840133210597024,medium,-0.339871455353568,landsat_gee,True
NSR-GRID-244,LC09_L2SP_176039_20250711_20250712_02_T1,2025-07-11,1.1943851697856545,1.2055092810511965,49.67778841779183,0.25685108729188033,low,-0.011124111265542025,landsat_gee,True
NSR-GRID-245,LC09_L2SP_176039_20250711_20250712_02_T1,2025-07-11,0.8570914320486693,0.924175082093261,49.340494680054846,0.34274173892790044,low,-0.06708365004459171,landsat_gee,True
NSR-GRID-246,LC09_L2SP_176039_20250711_20250712_02_T1,2025-07-11,-0.276686920910457,-0.19288227271110114,48.20671632709572,0.42266022271424286,medium,-0.08380464819935585,landsat_gee,True
NSR-GRID-247,LC09_L2SP_176039_20250711_20250712_02_T1,2025-07-11,-0.0395611000674094,-0.2726738036074366,48.44384214793877,0.37688347850713105,medium,0.2331127035400272,landsat_gee,True
NSR-GRID-248,LC09_L2SP_176039_20250711_20250712_02_T1,2025-07-11,-0.6379136983772895,-0.445963082466644,47.84548954962889,0.3895353421618728,medium,-0.1919506159106455,landsat_gee,True
NSR-GRID-249,LC09_L2SP_176039_20250711_20250712_02_T1,2025-07-11,-2.6844807229033947,-2.5302458743346388,45.79892252510278,0.3550286979127677,medium,-0.1542348485687559,landsat_gee,True
NSR-GRID-250,LC09_L2SP_176039_20250711_20250712_02_T1,2025-07-11,0.732669486360912,1.1383057421488267,49.21607273436709,0.25348365313294063,low,-0.40563625578791473,landsat_gee,True
NSR-GRID-251,LC09_L2SP_176039_20250711_20250712_02_T1,2025-07-11,-3.300448446332197,-3.3798748669340766,45.18295480167398,0.375631204782106,medium,0.07942642060187977,landsat_gee,True
NSR-GRID-252,LC09_L2SP_176039_20250711_20250712_02_T1,2025-07-11,-3.146420454179868,-3.3729100322008985,45.33698279382631,0.3901952772926462,medium,0.22648957802103054,landsat_gee,True
NSR-GRID-253,LC09_L2SP_176039_20250711_20250712_02_T1,2025-07-11,-2.3137039512665254,-2.7239829584217787,46.16969929673965,0.3633760808035826,medium,0.41027900715525334,landsat_gee,True
NSR-GRID-254,LC09_L2SP_176039_20250711_20250712_02_T1,2025-07-11,0.7364257327344959,0.6075219828310173,49.21982898074067,0.41232150092594433,medium,0.12890374990347853,landsat_gee,True
NSR-GRID-255,LC09_L2SP_176039_20250711_20250712_02_T1,2025-07-11,2.639139161153196,2.665619814542279,51.12254240915937,0.39569605174624717,medium,-0.02648065338908312,landsat_gee,True
NSR-GRID-256,LC09_L2SP_176039_20250711_20250712_02_T1,2025-07-11,0.9532620882299128,1.350026504811581,49.43666533623609,0.3303370959301992,low,-0.39676441658166817,landsat_gee,True
NSR-GRID-257,LC09_L2SP_176039_20250711_20250712_02_T1,2025-07-11,-0.5824337170774854,-0.517826288342001,47.90096953092869,0.2830120176496643,low,-0.06460742873548442,landsat_gee,True
NSR-GRID-258,LC09_L2SP_176039_20250711_20250712_02_T1,2025-07-11,-1.1438920439515383,-0.9577902027664802,47.33951120405464,0.28337435330352656,low,-0.18610184118505813,landsat_gee,True
NSR-GRID-259,LC09_L2SP_176039_20250711_20250712_02_T1,2025-07-11,-2.4758064054458373,-2.196788602875634,46.00759684256034,0.3486957068957628,low,-0.27901780257020325,landsat_gee,True
NSR-GRID-260,LC09_L2SP_176039_20250711_20250712_02_T1,2025-07-11,-1.7451255799056682,-2.1903695539483503,46.73827766810051,0.38089451930675394,medium,0.4452439740426821,landsat_gee,True
NSR-GRID-261,LC09_L2SP_176039_20250711_20250712_02_T1,2025-07-11,-0.0555679942299889,-0.2935234558768816,48.42783525377619,0.33160769648239563,low,0.2379554616468927,landsat_gee,True
NSR-GRID-262,LC09_L2SP_176039_20250711_20250712_02_T1,2025-07-11,1.4905793389302104,1.5145528303089564,49.97398258693639,0.23893263258764127,low,-0.023973491378745937,landsat_gee,True
NSR-GRID-263,LC09_L2SP_176039_20250711_20250712_02_T1,2025-07-11,1.3663761148616658,1.5921628822790994,49.84977936286784,0.26592742206499637,low,-0.22578676741743364,landsat_gee,True
NSR-GRID-264,LC09_L2SP_176039_20250711_20250712_02_T1,2025-07-11,1.5841687913752267,1.4328163501193152,50.0675720393814,0.332184262400333,low,0.15135244125591152,landsat_gee,True
NSR-GRID-265,LC09_L2SP_176039_20250711_20250712_02_T1,2025-07-11,-0.1952428216128794,-0.24670190072250142,48.2881604263933,0.44294149330631555,medium,0.051459079109622025,landsat_gee,True
NSR-GRID-266,LC09_L2SP_176039_20250711_20250712_02_T1,2025-07-11,-0.761880514078733,-0.6937319756593101,47.72152273392744,0.38882269810522124,medium,-0.06814853841942292,landsat_gee,True
NSR-GRID-267,LC09_L2SP_176039_20250711_20250712_02_T1,2025-07-11,-1.7777889267055258,-0.7694043974518975,46.70561432130065,0.38199660841042865,medium,-1.0083845292536284,landsat_gee,True
NSR-GRID-268,LC09_L2SP_176039_20250711_20250712_02_T1,2025-07-11,0.0985812971967945,-0.15924126544103603,48.58198454520297,0.27287702116657,low,0.25782256263783054,landsat_gee,True
NSR-GRID-269,LC09_L2SP_176039_20250711_20250712_02_T1,2025-07-11,-1.0925094019659696,-0.5309654051360381,47.39089384604021,0.4356345227566605,medium,-0.5615439968299315,landsat_gee,True
NSR-GRID-270,LC09_L2SP_176039_20250711_20250712_02_T1,2025-07-11,0.9663789732401966,0.8943240332831203,49.44978222124637,0.33789237881328826,low,0.07205493995707635,landsat_gee,True
NSR-GRID-271,LC09_L2SP_176039_20250711_20250712_02_T1,2025-07-11,-1.2620953909327994,-1.3579660811290009,47.22130785707338,0.4263415325698185,medium,0.09587069019620142,landsat_gee,True
NSR-GRID-272,LC09_L2SP_176039_20250711_20250712_02_T1,2025-07-11,-1.4185175451360976,-1.7402256320179537,47.06488570287008,0.4212614476763348,medium,0.32170808688185604,landsat_gee,True
NSR-GRID-273,LC09_L2SP_176039_20250711_20250712_02_T1,2025-07-11,-0.7215323494525165,-0.2132789609033321,47.76187089855366,0.3727339261901487,medium,-0.5082533885491844,landsat_gee,True
NSR-GRID-274,LC09_L2SP_176039_20250711_20250712_02_T1,2025-07-11,1.2009142669278037,1.3704413611937636,49.68431751493398,0.4256204427794382,medium,-0.1695270942659599,landsat_gee,True
NSR-GRID-275,LC09_L2SP_176039_20250711_20250712_02_T1,2025-07-11,-0.3510995597781132,-0.8137741147907227,48.13230368822806,0.4006889142441493,medium,0.4626745550126095,landsat_gee,True
NSR-GRID-276,LC09_L2SP_176039_20250711_20250712_02_T1,2025-07-11,-0.573370398362627,-0.44374833766957156,47.91003284964355,0.28466614695559356,low,-0.12962206069305549,landsat_gee,True
NSR-GRID-277,LC09_L2SP_176039_20250711_20250712_02_T1,2025-07-11,0.0153907497321057,0.1202943417741218,48.49879399773828,0.23559412435242785,low,-0.10490359204201609,landsat_gee,True
NSR-GRID-278,LC09_L2SP_176039_20250711_20250712_02_T1,2025-07-11,-2.68234436933259,-2.723767659122037,45.80105887867359,0.22195667793413104,low,0.04142328978944709,landsat_gee,True
NSR-GRID-279,LC09_L2SP_176039_20250711_20250712_02_T1,2025-07-11,-1.2125006576138588,-0.7553225251553896,47.27090259039232,0.27214903153196635,low,-0.4571781324584693,landsat_gee,True
NSR-GRID-280,LC09_L2SP_176039_20250711_20250712_02_T1,2025-07-11,0.7959139902909413,0.9540321996701318,49.27931723829712,0.2736998946093424,low,-0.1581182093791904,landsat_gee,True
NSR-GRID-281,LC09_L2SP_176039_20250711_20250712_02_T1,2025-07-11,1.2123266416380858,1.608159105063749,49.69572988964426,0.23003581455790303,low,-0.39583246342566314,landsat_gee,True
NSR-GRID-282,LC09_L2SP_176039_20250711_20250712_02_T1,2025-07-11,1.951729526003376,2.1210134570957258,50.43513277400955,0.2712801600235789,low,-0.16928393109234974,landsat_gee,True
NSR-GRID-283,LC09_L2SP_176039_20250711_20250712_02_T1,2025-07-11,1.1063203175332037,1.5122199233792897,49.58972356553938,0.3065890040602511,low,-0.405899605846086,landsat_gee,True
NSR-GRID-284,LC09_L2SP_176039_20250711_20250712_02_T1,2025-07-11,0.581183598493233,0.7001128979970047,49.06458684649941,0.2810217955537703,low,-0.11892929950377173,landsat_gee,True
NSR-GRID-285,LC09_L2SP_176039_20250711_20250712_02_T1,2025-07-11,1.2071098549218036,1.47373605652314,49.69051310292798,0.42197946517297363,medium,-0.26662620160133654,landsat_gee,True
NSR-GRID-286,LC09_L2SP_176039_20250711_20250712_02_T1,2025-07-11,1.8426748138333051,1.7542444061730704,50.32607806183948,0.2651147800662255,low,0.08843040766023469,landsat_gee,True
NSR-GRID-287,LC09_L2SP_176039_20250711_20250712_02_T1,2025-07-11,1.717567729844582,1.5222249566787023,50.20097097785076,0.4769661820312142,medium,0.19534277316587967,landsat_gee,True
NSR-GRID-288,LC09_L2SP_176039_20250711_20250712_02_T1,2025-07-11,1.548299858612708,1.5057449958335993,50.031703106618885,0.44739544519580854,medium,0.04255486277910858,landsat_gee,True
NSR-GRID-289,LC09_L2SP_176039_20250711_20250712_02_T1,2025-07-11,0.3539057519035111,0.4016343414048711,48.83730899990969,0.3951995979428593,medium,-0.04772858950136,landsat_gee,True
NSR-GRID-290,LC09_L2SP_176039_20250711_20250712_02_T1,2025-07-11,-0.8108446999856795,-0.7707527069433739,47.6725585480205,0.33698861279203246,low,-0.040091993042305596,landsat_gee,True
NSR-GRID-291,LC09_L2SP_176039_20250711_20250712_02_T1,2025-07-11,0.3193138166471172,0.40173685271474285,48.802717064653294,0.2844778346374973,low,-0.08242303606762563,landsat_gee,True
NSR-GRID-292,LC09_L2SP_176039_20250711_20250712_02_T1,2025-07-11,-0.9117862813874852,-0.8975959008682713,47.57161696661869,0.2661580058858453,low,-0.014190380519213841,landsat_gee,True
NSR-GRID-293,LC09_L2SP_176039_20250711_20250712_02_T1,2025-07-11,1.6931314963944215,1.2071521268079746,50.1765347444006,0.3976803660719605,medium,0.48597936958644694,landsat_gee,True
NSR-GRID-294,LC09_L2SP_176039_20250711_20250712_02_T1,2025-07-11,1.4875189031680307,1.7447588814695398,49.97092215117421,0.34695378121003073,low,-0.25723997830150913,landsat_gee,True
NSR-GRID-295,LC09_L2SP_176039_20250711_20250712_02_T1,2025-07-11,2.2018512343110928,2.239781023356589,50.68525448231727,0.24949909246259722,low,-0.037929789045496154,landsat_gee,True
NSR-GRID-296,LC09_L2SP_176039_20250711_20250712_02_T1,2025-07-11,2.1894247946307037,2.028496975608238,50.67282804263688,0.24249775045083632,low,0.1609278190224659,landsat_gee,True
NSR-GRID-297,LC09_L2SP_176039_20250711_20250712_02_T1,2025-07-11,2.1105940613518115,1.8008018155935719,50.59399730935799,0.236275020885256,low,0.3097922457582396,landsat_gee,True
NSR-GRID-298,LC09_L2SP_176039_20250711_20250712_02_T1,2025-07-11,2.4276675886167425,2.05079014815907,50.91107083662292,0.2489856345812598,low,0.37687744045767246,landsat_gee,True
NSR-GRID-299,LC09_L2SP_176039_20250711_20250712_02_T1,2025-07-11,1.4631894786362665,1.6343634116221415,49.94659272664244,0.2321292319697631,low,-0.17117393298587502,landsat_gee,True
NSR-GRID-300,LC09_L2SP_176039_20250711_20250712_02_T1,2025-07-11,2.504086411116212,2.2194909580243896,50.98748965912239,0.3895559352112278,medium,0.28459545309182266,landsat_gee,True
NSR-GRID-302,LC09_L2SP_176039_20250711_20250712_02_T1,2025-07-11,3.491676113643777,3.061204346462273,51.975079361649954,0.3463675381764439,low,0.43047176718150393,landsat_gee,True
NSR-GRID-303,LC09_L2SP_176039_20250711_20250712_02_T1,2025-07-11,2.222319523557232,1.6413402318179486,50.70572277156341,0.2609619114234386,low,0.5809792917392833,landsat_gee,True
NSR-GRID-304,LC09_L2SP_176039_20250711_20250712_02_T1,2025-07-11,2.434968455455106,1.9631933286580423,50.91837170346128,0.3667396959081265,medium,0.4717751267970638,landsat_gee,True
NSR-GRID-305,LC09_L2SP_176039_20250711_20250712_02_T1,2025-07-11,1.1261871745568115,1.0400909100438902,49.60959042256299,0.41612944515589334,medium,0.0860962645129213,landsat_gee,True
NSR-GRID-306,LC09_L2SP_176039_20250711_20250712_02_T1,2025-07-11,-0.5407716445346793,-0.6123582816917712,47.9426316034715,0.3630446873071154,medium,0.0715866371570919,landsat_gee,True
NSR-GRID-307,LC09_L2SP_176039_20250711_20250712_02_T1,2025-07-11,1.476127800773945,1.3982450449840258,49.95953104878012,0.3375457364008845,low,0.0778827557899191,landsat_gee,True
NSR-GRID-308,LC09_L2SP_176039_20250711_20250712_02_T1,2025-07-11,2.1068035865358112,2.2679776555425204,50.59020683454199,0.30040725874103286,low,-0.16117406900670916,landsat_gee,True
NSR-GRID-309,LC09_L2SP_176039_20250711_20250712_02_T1,2025-07-11,2.9446380390775038,2.9415148080215316,51.42804128708368,0.28613748570432734,low,0.00312323105597212,landsat_gee,True
NSR-GRID-310,LC09_L2SP_176039_20250711_20250712_02_T1,2025-07-11,3.2775151475349134,3.493673882183445,51.76091839554109,0.2950832642451217,low,-0.21615873464853186,landsat_gee,True
NSR-GRID-311,LC09_L2SP_176039_20250711_20250712_02_T1,2025-07-11,3.5785034178515858,3.491080751087053,52.06190666585776,0.31316879001223324,low,0.08742266676453259,landsat_gee,True
NSR-GRID-312,LC09_L2SP_176039_20250711_20250712_02_T1,2025-07-11,2.524775833719985,2.3668703498174595,51.00817908172616,0.27613073628697565,low,0.15790548390252557,landsat_gee,True
NSR-GRID-313,LC09_L2SP_176039_20250711_20250712_02_T1,2025-07-11,2.0076590610682103,2.313453145773636,50.49106230907439,0.26940350886878756,low,-0.30579408470542546,landsat_gee,True
NSR-GRID-314,LC09_L2SP_176039_20250711_20250712_02_T1,2025-07-11,1.7090448291596232,1.8834235940415716,50.1924480771658,0.23803444250983427,low,-0.17437876488194837,landsat_gee,True
NSR-GRID-315,LC09_L2SP_176039_20250711_20250712_02_T1,2025-07-11,2.8981544186799155,2.638805576773109,51.38155766668609,0.2790013685707126,low,0.2593488419068066,landsat_gee,True
NSR-GRID-316,LC09_L2SP_176039_20250711_20250712_02_T1,2025-07-11,1.853876469525467,1.8572657774025094,50.33727971753164,0.2370869561384591,low,-0.0033893078770423912,landsat_gee,True
NSR-GRID-317,LC09_L2SP_176039_20250711_20250712_02_T1,2025-07-11,2.833789450968169,2.5978336753243245,51.317192698974345,0.3429297669442414,low,0.2359557756438444,landsat_gee,True
NSR-GRID-318,LC09_L2SP_176039_20250711_20250712_02_T1,2025-07-11,1.1396589377084752,1.343958719978959,49.62306218571465,0.24629741820945802,low,-0.20429978227048395,landsat_gee,True
NSR-GRID-319,LC09_L2SP_176039_20250711_20250712_02_T1,2025-07-11,2.74006535599451,2.468491383557746,51.223468604000686,0.29498034177651167,low,0.2715739724367636,landsat_gee,True
NSR-GRID-320,LC09_L2SP_176039_20250711_20250712_02_T1,2025-07-11,0.593641097254725,0.2122130000432342,49.0770443452609,0.3646500481341017,medium,0.38142809721149085,landsat_gee,True
NSR-GRID-321,LC09_L2SP_176039_20250711_20250712_02_T1,2025-07-11,-0.8451755591708405,-0.7520172989777285,47.638227688835336,0.3446641240173109,low,-0.09315826019311202,landsat_gee,True
NSR-GRID-322,LC09_L2SP_176039_20250711_20250712_02_T1,2025-07-11,1.82342041288544,1.993894470198037,50.30682366089162,0.34050489699495,low,-0.1704740573125969,landsat_gee,True
NSR-GRID-323,LC09_L2SP_176039_20250711_20250712_02_T1,2025-07-11,2.6889470512875064,2.743821938173884,51.17235029929368,0.33096408213024275,low,-0.05487488688637754,landsat_gee,True
NSR-GRID-324,LC09_L2SP_176039_20250711_20250712_02_T1,2025-07-11,1.758454468772051,1.9163317451532549,50.24185771677823,0.3100700099580147,low,-0.15787727638120397,landsat_gee,True
NSR-GRID-325,LC09_L2SP_176039_20250711_20250712_02_T1,2025-07-11,2.515077767349439,2.5049917225902747,50.998481015355615,0.3294722749637247,low,0.010086044759164192,landsat_gee,True
NSR-GRID-326,LC09_L2SP_176039_20250711_20250712_02_T1,2025-07-11,2.940644672753656,2.9254255846086683,51.42404792075983,0.2844331859704319,low,0.015219088144987847,landsat_gee,True
NSR-GRID-327,LC09_L2SP_176039_20250711_20250712_02_T1,2025-07-11,2.655758450517233,2.6958787335109182,51.13916169852341,0.2827650655325209,low,-0.04012028299368531,landsat_gee,True
NSR-GRID-328,LC09_L2SP_176039_20250711_20250712_02_T1,2025-07-11,2.1216937137707816,2.319681471762706,50.60509696177696,0.2753358690182646,low,-0.19798775799192425,landsat_gee,True
NSR-GRID-329,LC09_L2SP_176039_20250711_20250712_02_T1,2025-07-11,1.8646892023555992,2.2342635161693756,50.348092450361776,0.24848923792316183,low,-0.36957431381377637,landsat_gee,True
NSR-GRID-330,LC09_L2SP_176039_20250711_20250712_02_T1,2025-07-11,1.334674790382515,1.8984191109966977,49.81807803838869,0.24757941317211232,low,-0.5637443206141828,landsat_gee,True
NSR-GRID-331,LC09_L2SP_176039_20250711_20250712_02_T1,2025-07-11,1.041398726153936,1.3333406266551289,49.52480197416011,0.2212604425561346,low,-0.29194190050119295,landsat_gee,True
NSR-GRID-332,LC09_L2SP_176039_20250711_20250712_02_T1,2025-07-11,2.7283651093819827,2.3944793111499165,51.21176835738816,0.3174518210474241,low,0.3338857982320662,landsat_gee,True
NSR-GRID-333,LC09_L2SP_176039_20250711_20250712_02_T1,2025-07-11,1.6325312293585057,1.6154525789341796,50.11593447736468,0.23204445983018276,low,0.017078650424326103,landsat_gee,True
NSR-GRID-334,LC09_L2SP_176039_20250711_20250712_02_T1,2025-07-11,2.391347757283988,2.0858708957320915,50.874751005290165,0.3510046073730144,medium,0.3054768615518966,landsat_gee,True
NSR-GRID-335,LC09_L2SP_176039_20250711_20250712_02_T1,2025-07-11,1.9363321111969327,1.951854009704928,50.41973535920311,0.3227968037696278,low,-0.015521898507995235,landsat_gee,True
NSR-GRID-336,LC09_L2SP_176039_20250711_20250712_02_T1,2025-07-11,-1.58012853822202,-0.8570235821810477,46.90327470978416,0.3123695475820616,low,-0.7231049560409724,landsat_gee,True
NSR-GRID-337,LC09_L2SP_176039_20250711_20250712_02_T1,2025-07-11,1.006892942225278,1.5024907151761655,49.490296190231454,0.28616533940148664,low,-0.4955977729508876,landsat_gee,True
NSR-GRID-338,LC09_L2SP_176039_20250711_20250712_02_T1,2025-07-11,2.603023525930851,2.352089001397387,51.08642677393703,0.2806072717736128,low,0.2509345245334642,landsat_gee,True
NSR-GRID-339,LC09_L2SP_176039_20250711_20250712_02_T1,2025-07-11,2.4895814574373105,2.1149734596930756,50.97298470544349,0.28969592135865707,low,0.3746079977442349,landsat_gee,True
NSR-GRID-340,LC09_L2SP_176039_20250711_20250712_02_T1,2025-07-11,1.0732015885837,1.136379225538834,49.55660483658988,0.279077248013009,low,-0.06317763695513401,landsat_gee,True
NSR-GRID-341,LC09_L2SP_176039_20250711_20250712_02_T1,2025-07-11,-0.0658231973064786,0.2112962619146255,48.4175800506997,0.29923842450192245,low,-0.2771194592211041,landsat_gee,True
NSR-GRID-342,LC09_L2SP_176039_20250711_20250712_02_T1,2025-07-11,1.8899534769315096,1.7521397071777036,50.373356724937686,0.3130084230487508,low,0.137813769753806,landsat_gee,True
NSR-GRID-343,LC09_L2SP_176039_20250711_20250712_02_T1,2025-07-11,1.08825253278318,1.2139709563483858,49.57165578078936,0.24849841770498432,low,-0.1257184235652058,landsat_gee,True
NSR-GRID-344,LC09_L2SP_176039_20250711_20250712_02_T1,2025-07-11,1.1525025201394286,1.3959025970211656,49.635905768145605,0.26330835220875076,low,-0.24340007688173704,landsat_gee,True
NSR-GRID-345,LC09_L2SP_176039_20250711_20250712_02_T1,2025-07-11,1.1056675978224746,0.9544135048167864,49.58907084582865,0.22619601696901576,low,0.15125409300568815,landsat_gee,True
NSR-GRID-346,LC09_L2SP_176039_20250711_20250712_02_T1,2025-07-11,1.5531459394264857,1.2197644359088688,50.03654918743266,0.21789410986150756,low,0.33338150351761686,landsat_gee,True
NSR-GRID-347,LC09_L2SP_176039_20250711_20250712_02_T1,2025-07-11,-0.5924029278775436,-0.3924195207813046,47.89100032012863,0.19193768972669853,low,-0.19998340709623896,landsat_gee,True
NSR-GRID-348,LC09_L2SP_176039_20250711_20250712_02_T1,2025-07-11,1.3631906293848388,1.4150690342504473,49.846593877391015,0.26265077753948063,low,-0.05187840486560846,landsat_gee,True
NSR-GRID-349,LC09_L2SP_176039_20250711_20250712_02_T1,2025-07-11,0.0494685158151568,0.003699502500295048,48.53287176382133,0.27613227319495504,low,0.04576901331486175,landsat_gee,True
NSR-GRID-350,LC09_L2SP_176039_20250711_20250712_02_T1,2025-07-11,1.6567442852150265,1.5959171309900197,50.1401475332212,0.3376609068111747,low,0.06082715422500673,landsat_gee,True
NSR-GRID-351,LC09_L2SP_176039_20250711_20250712_02_T1,2025-07-11,0.90183940784528,1.6998437516722147,49.38524265585146,0.2700448944966504,low,-0.7980043438269346,landsat_gee,True
NSR-GRID-352,LC09_L2SP_176039_20250711_20250712_02_T1,2025-07-11,-0.4009530901165732,0.005818411049311902,48.0824501578896,0.2528398354833932,low,-0.4067715011658851,landsat_gee,True
NSR-GRID-353,LC09_L2SP_176039_20250711_20250712_02_T1,2025-07-11,1.498468255000283,1.1770677077989637,49.98187150300646,0.3226919243662091,low,0.3214005472013193,landsat_gee,True
NSR-GRID-354,LC09_L2SP_176039_20250711_20250712_02_T1,2025-07-11,3.220231165761305,2.6403342089814097,51.70363441376748,0.33120368266746036,low,0.5798969567798955,landsat_gee,True
NSR-GRID-355,LC09_L2SP_176039_20250711_20250712_02_T1,2025-07-11,1.8361437011324355,1.9795558044371357,50.31954694913861,0.25791931026985687,low,-0.14341210330470022,landsat_gee,True
NSR-GRID-356,LC09_L2SP_176039_20250711_20250712_02_T1,2025-07-11,2.305945593276149,1.8573346472724723,50.789348841282326,0.2721790945020004,low,0.4486109460036767,landsat_gee,True
NSR-GRID-357,LC09_L2SP_176039_20250711_20250712_02_T1,2025-07-11,3.0997912567368004,2.5936711130455063,51.58319450474298,0.29314991067483476,low,0.5061201436912941,landsat_gee,True
NSR-GRID-358,LC09_L2SP_176039_20250711_20250712_02_T1,2025-07-11,2.8616655087962712,2.4156616753256097,51.34506875680245,0.3614751720014006,medium,0.4460038334706615,landsat_gee,True
NSR-GRID-359,LC09_L2SP_176039_20250711_20250712_02_T1,2025-07-11,1.948866564659383,1.7705993253726977,50.43226981266556,0.39961166721674696,medium,0.1782672392866853,landsat_gee,True
NSR-GRID-360,LC09_L2SP_176039_20250711_20250712_02_T1,2025-07-11,1.0764918465234246,1.4554895640755916,49.5598950945296,0.29568695539374446,low,-0.37899771755216705,landsat_gee,True
NSR-GRID-361,LC09_L2SP_176039_20250711_20250712_02_T1,2025-07-11,1.3042818439142607,1.3906719976265414,49.78768509192044,0.25053316860890473,low,-0.08639015371228065,landsat_gee,True
NSR-GRID-362,LC09_L2SP_176039_20250711_20250712_02_T1,2025-07-11,1.281367347690555,1.1543992491448605,49.76477059569673,0.23768984708368918,low,0.12696809854569446,landsat_gee,True
NSR-GRID-363,LC09_L2SP_176039_20250711_20250712_02_T1,2025-07-11,1.2867610601843822,1.1822020033916165,49.77016430819056,0.3392764718663261,low,0.10455905679276567,landsat_gee,True
NSR-GRID-364,LC09_L2SP_176039_20250711_20250712_02_T1,2025-07-11,0.9318683352823668,0.9150050137431489,49.41527158328854,0.36770645173916966,medium,0.01686332153921788,landsat_gee,True
NSR-GRID-365,LC09_L2SP_176039_20250711_20250712_02_T1,2025-07-11,1.7579637221224047,1.93858499282089,50.24136697012858,0.3056549485093043,low,-0.18062127069848533,landsat_gee,True
NSR-GRID-366,LC09_L2SP_176039_20250711_20250712_02_T1,2025-07-11,1.8589041765503824,2.1405290819593787,50.34230742455656,0.24862488935993854,low,-0.2816249054089963,landsat_gee,True
NSR-GRID-367,LC09_L2SP_176039_20250711_20250712_02_T1,2025-07-11,2.137167435442187,2.3189327111598317,50.62057068344836,0.2923672915207109,low,-0.18176527571764467,landsat_gee,True
NSR-GRID-368,LC09_L2SP_176039_20250711_20250712_02_T1,2025-07-11,3.2965284926210074,3.2272187870331783,51.779931740627184,0.29551318727574827,low,0.06930970558782912,landsat_gee,True
NSR-GRID-369,LC09_L2SP_176039_20250711_20250712_02_T1,2025-07-11,4.175780877428721,3.7485608726476385,52.6591841254349,0.30619059814995114,low,0.4272200047810828,landsat_gee,True
NSR-GRID-370,LC09_L2SP_176039_20250711_20250712_02_T1,2025-07-11,5.228182292945185,4.258798178741992,53.71158554095136,0.3114137768679578,low,0.9693841142031925,landsat_gee,True
NSR-GRID-371,LC09_L2SP_176039_20250711_20250712_02_T1,2025-07-11,3.0004819191595047,2.7646208242140293,51.48388516716568,0.2683332320437731,low,0.23586109494547536,landsat_gee,True
NSR-GRID-372,LC09_L2SP_176039_20250711_20250712_02_T1,2025-07-11,3.4438936880863764,2.8597259003188498,51.92729693609255,0.33256414004244,low,0.5841677877675266,landsat_gee,True
NSR-GRID-373,LC09_L2SP_176039_20250711_20250712_02_T1,2025-07-11,3.3918807619649485,3.2571737597576957,51.875284009971125,0.3290886630772639,low,0.13470700220725274,landsat_gee,True
NSR-GRID-374,LC09_L2SP_176039_20250711_20250712_02_T1,2025-07-11,1.1842189539170531,1.8010394879385951,49.66762220192323,0.24796026223373818,low,-0.616820534021542,landsat_gee,True
NSR-GRID-375,LC09_L2SP_176039_20250711_20250712_02_T1,2025-07-11,1.4278552557629212,1.57544622123132,49.9112585037691,0.2285871869825894,low,-0.1475909654683989,landsat_gee,True
NSR-GRID-376,LC09_L2SP_176039_20250711_20250712_02_T1,2025-07-11,1.2908195661791595,1.013585210190206,49.774222814185336,0.2746750939110482,low,0.2772343559889534,landsat_gee,True
NSR-GRID-377,LC09_L2SP_176039_20250711_20250712_02_T1,2025-07-11,1.710545246059766,1.468053046440769,50.19394849406594,0.28862259399901913,low,0.24249219961899704,landsat_gee,True
NSR-GRID-378,LC09_L2SP_176039_20250711_20250712_02_T1,2025-07-11,2.412736988025941,2.832877473093787,50.89614023603212,0.2705664634506837,low,-0.4201404850678463,landsat_gee,True
NSR-GRID-379,LC09_L2SP_176039_20250711_20250712_02_T1,2025-07-11,1.3370816882626713,1.1462774576685275,49.82048493626885,0.2904301700805015,low,0.19080423059414375,landsat_gee,True
NSR-GRID-380,LC09_L2SP_176039_20250711_20250712_02_T1,2025-07-11,2.3660916318875564,2.0637213555715133,50.84949487989373,0.24349959484578024,low,0.3023702763160432,landsat_gee,True
NSR-GRID-381,LC09_L2SP_176039_20250711_20250712_02_T1,2025-07-11,3.7290672681894463,3.977839956205352,52.21247051619562,0.301144381126121,low,-0.2487726880159058,landsat_gee,True
NSR-GRID-382,LC09_L2SP_176039_20250711_20250712_02_T1,2025-07-11,5.090637325496132,4.806313995082459,53.57404057350231,0.32619537774809854,low,0.28432333041367297,landsat_gee,True
NSR-GRID-383,LC09_L2SP_176039_20250711_20250712_02_T1,2025-07-11,2.498746018613545,2.0328028047130537,50.98214926661972,0.2608217508710453,low,0.4659432139004913,landsat_gee,True
NSR-GRID-384,LC09_L2SP_176039_20250711_20250712_02_T1,2025-07-11,1.465870974706192,1.4514322407047304,49.94927422271237,0.2290067765140024,low,0.014438734001461562,landsat_gee,True
NSR-GRID-385,LC09_L2SP_176039_20250711_20250712_02_T1,2025-07-11,4.488068918048271,4.484825645818746,52.97147216605445,0.32078305441771815,low,0.0032432722295254734,landsat_gee,True
NSR-GRID-386,LC09_L2SP_176039_20250711_20250712_02_T1,2025-07-11,3.872377624325935,3.708309669048495,52.35578087233211,0.293016124271675,low,0.16406795527744,landsat_gee,True
NSR-GRID-387,LC09_L2SP_176039_20250711_20250712_02_T1,2025-07-11,4.103762556591519,3.6093475134562,52.587165804597696,0.2900131142994873,low,0.49441504313531937,landsat_gee,True
NSR-GRID-388,LC09_L2SP_176039_20250711_20250712_02_T1,2025-07-11,3.9251318103169694,3.2638189783501175,52.408535058323146,0.293951385467897,low,0.661312831966852,landsat_gee,True
NSR-GRID-389,LC09_L2SP_176039_20250711_20250712_02_T1,2025-07-11,2.0536929394167203,2.0448335775143636,50.5370961874229,0.2676137771427187,low,0.0088593619023567,landsat_gee,True
NSR-GRID-390,LC09_L2SP_176039_20250711_20250712_02_T1,2025-07-11,2.5034696767776765,2.024665284885206,50.98687292478385,0.24225867383412575,low,0.4788043918924707,landsat_gee,True
NSR-GRID-391,LC09_L2SP_176039_20250711_20250712_02_T1,2025-07-11,1.8541264121233356,1.3826885344749433,50.33752966012951,0.22337461973428022,low,0.4714378776483923,landsat_gee,True
NSR-GRID-392,LC09_L2SP_176039_20250711_20250712_02_T1,2025-07-11,1.236844075125802,1.4824445139384597,49.72024732313198,0.24456317142239295,low,-0.24560043881265758,landsat_gee,True
NSR-GRID-393,LC09_L2SP_176039_20250711_20250712_02_T1,2025-07-11,4.390178557206674,4.0575698071634845,52.87358180521285,0.3075409746437539,low,0.3326087500431898,landsat_gee,True
NSR-GRID-394,LC09_L2SP_176039_20250711_20250712_02_T1,2025-07-11,4.680681743254716,4.4051242258400185,53.16408499126089,0.3287121726960233,low,0.2755575174146978,landsat_gee,True
NSR-GRID-395,LC09_L2SP_176039_20250711_20250712_02_T1,2025-07-11,4.366637572775311,4.380834049780202,52.85004082078149,0.3279521152657445,low,-0.014196477004891683,landsat_gee,True
NSR-GRID-396,LC09_L2SP_176039_20250711_20250712_02_T1,2025-07-11,2.642188136601831,2.876275606310756,51.12559138460801,0.30042083130726993,low,-0.2340874697089248,landsat_gee,True
NSR-GRID-397,LC09_L2SP_176039_20250711_20250712_02_T1,2025-07-11,1.8242337388181369,1.8588934879982255,50.30763698682431,0.2670582947056877,low,-0.03465974918008863,landsat_gee,True
NSR-GRID-398,LC09_L2SP_176039_20250711_20250712_02_T1,2025-07-11,4.413263193447662,3.9719841817491535,52.89666644145384,0.30485152773964536,low,0.4412790116985086,landsat_gee,True
NSR-GRID-399,LC09_L2SP_176039_20250711_20250712_02_T1,2025-07-11,0.913813542076248,1.1953087831528972,49.397216790082425,0.22411636481123412,low,-0.28149524107664925,landsat_gee,True
NSR-GRID-400,LC09_L2SP_176039_20250711_20250712_02_T1,2025-07-11,0.0,0.5287496748668212,48.48340324800618,0.19718045748006346,low,-0.5287496748668212,landsat_gee,True
NSR-GRID-401,LC09_L2SP_176039_20250711_20250712_02_T1,2025-07-11,4.422107768537764,4.067390432739675,52.90551101654394,0.30384948476764756,low,0.35471733579808884,landsat_gee,True
NSR-GRID-402,LC09_L2SP_176039_20250711_20250712_02_T1,2025-07-11,4.774312243176091,4.2699351469471685,53.25771549118227,0.30996787146059446,low,0.5043770962289225,landsat_gee,True
NSR-GRID-403,LC09_L2SP_176039_20250711_20250712_02_T1,2025-07-11,4.401135512846338,3.913162682416316,52.884538760852514,0.2991906368734741,low,0.4879728304300217,landsat_gee,True
NSR-GRID-404,LC09_L2SP_176039_20250711_20250712_02_T1,2025-07-11,2.0711552394330117,2.115647273432085,50.55455848743919,0.24489203717054933,low,-0.04449203399907331,landsat_gee,True
NSR-GRID-405,LC09_L2SP_176039_20250711_20250712_02_T1,2025-07-11,3.612602884295775,3.6717391601833302,52.09600613230195,0.2918978152781327,low,-0.0591362758875551,landsat_gee,True
NSR-GRID-406,LC09_L2SP_176039_20250711_20250712_02_T1,2025-07-11,0.3158212737760664,0.14142371595760006,48.79922452178224,0.19837362709515796,low,0.17439755781846633,landsat_gee,True
NSR-GRID-407,LC09_L2SP_176039_20250711_20250712_02_T1,2025-07-11,2.122140646125473,1.5131487400475296,50.60554389413165,0.2564944238084062,low,0.6089919060779434,landsat_gee,True
NSR-GRID-408,LC09_L2SP_176039_20250711_20250712_02_T1,2025-07-11,3.004585487339604,2.954778019397936,51.48798873534578,0.2702401505974958,low,0.049807467941668015,landsat_gee,True
NSR-GRID-409,LC09_L2SP_176039_20250711_20250712_02_T1,2025-07-11,2.1039452184039646,2.413941910528891,50.58734846641014,0.2958586549557912,low,-0.3099966921249262,landsat_gee,True
NSR-GRID-410,LC09_L2SP_176039_20250711_20250712_02_T1,2025-07-11,1.9670086142120693,1.8926910951035827,50.450411862218246,0.23853163646485828,low,0.07431751910848661,landsat_gee,True
NSR-GRID-411,LC09_L2SP_176039_20250711_20250712_02_T1,2025-07-11,2.763860868848468,2.8637601345738126,51.247264116854645,0.2716776923698863,low,-0.09989926572534458,landsat_gee,True
NSR-GRID-413,LC09_L2SP_176039_20250711_20250712_02_T1,2025-07-11,1.4994113794859842,1.7186152657093048,49.98281462749216,0.26421265358020984,low,-0.21920388622332054,landsat_gee,True
NSR-GRID-414,LC09_L2SP_176039_20250711_20250712_02_T1,2025-07-11,1.947651212418954,1.9171383924596743,50.43105446042513,0.25577699549092664,low,0.03051281995927968,landsat_gee,True
NSR-GRID-415,LC09_L2SP_176039_20250711_20250712_02_T1,2025-07-11,3.138791916912112,2.743525433572525,51.62219516491829,0.2638587201315262,low,0.3952664833395869,landsat_gee,True
NSR-GRID-416,LC09_L2SP_176039_20250711_20250712_02_T1,2025-07-11,3.1994792005877457,2.5401644452547534,51.68288244859392,0.25783514327778423,low,0.6593147553329923,landsat_gee,True
