{
"type": "FeatureCollection",
"name": "heat_zone_predictions_latest",
"crs": { "type": "name", "properties": { "name": "urn:ogc:def:crs:OGC:1.3:CRS84" } },
"features": [
{ "type": "Feature", "properties": { "zone_code": "NSR-GRID-001", "predicted_heat_anomaly_c": -3.2000055572493897, "predicted_heat_risk_score": 0.36830096961202508, "predicted_heat_risk_class": "medium", "observed_lst_c": 33.133829159015399, "date": "2025-10-23", "top_factor_1": "Built Environment Density", "top_factor_1_reason": "high built-up density limits cooling", "top_factor_2": "Topography / Elevation", "top_factor_2_reason": "low-lying terrain traps hot air", "explanation_text": "This zone is estimated as medium heat risk because it combines high built-up density limits cooling and low-lying terrain traps hot air. This is a satellite-based decision-support estimate, not an official public-health heat warning.", "honesty_note": "This is a satellite-derived urban heat estimate, not an official public-health warning." }, "geometry": { "type": "Polygon", "coordinates": [ [ [ 31.335730782102992, 30.083829560345315 ], [ 31.331239205682394, 30.083829560345315 ], [ 31.331239205682394, 30.084703272192819 ], [ 31.3330202, 30.0849553 ], [ 31.3344929, 30.0864727 ], [ 31.335730782102992, 30.08589819288575 ], [ 31.335730782102992, 30.083829560345315 ] ] ] } },
{ "type": "Feature", "properties": { "zone_code": "NSR-GRID-002", "predicted_heat_anomaly_c": -3.1800012567363081, "predicted_heat_risk_score": 0.35537799244908203, "predicted_heat_risk_class": "medium", "observed_lst_c": 32.980475159437553, "date": "2025-10-23", "top_factor_1": "Built Environment Density", "top_factor_1_reason": "high built-up density limits cooling", "top_factor_2": "Topography / Elevation", "top_factor_2_reason": "low-lying terrain traps hot air", "explanation_text": "This zone is estimated as medium heat risk because it combines high built-up density limits cooling and low-lying terrain traps hot air. This is a satellite-based decision-support estimate, not an official public-health heat warning.", "honesty_note": "This is a satellite-derived urban heat estimate, not an official public-health warning." }, "geometry": { "type": "Polygon", "coordinates": [ [ [ 31.335730782102992, 30.083829560345315 ], [ 31.335730782102992, 30.08589819288575 ], [ 31.3358566, 30.0858398 ], [ 31.3387371, 30.084446 ], [ 31.34002192159258, 30.083829560345315 ], [ 31.335730782102992, 30.083829560345315 ] ] ] } },
{ "type": "Feature", "properties": { "zone_code": "NSR-GRID-003", "predicted_heat_anomaly_c": -3.2809641010747481, "predicted_heat_risk_score": 0.30474080044952456, "predicted_heat_risk_class": "low", "observed_lst_c": 33.052234407547807, "date": "2025-10-23", "top_factor_1": "Built Environment Density", "top_factor_1_reason": "high built-up density limits cooling", "top_factor_2": "Topography / Elevation", "top_factor_2_reason": "low-lying terrain traps hot air", "explanation_text": "This zone is estimated as low heat risk because it combines high built-up density limits cooling and low-lying terrain traps hot air. This is a satellite-based decision-support estimate, not an official public-health heat warning.", "honesty_note": "This is a satellite-derived urban heat estimate, not an official public-health warning." }, "geometry": { "type": "Polygon", "coordinates": [ [ [ 31.326747629261792, 30.083829560345315 ], [ 31.322256052841194, 30.083829560345315 ], [ 31.322256052841194, 30.083962018114139 ], [ 31.3238021, 30.0848354 ], [ 31.3243457, 30.0845761 ], [ 31.3258647, 30.0840293 ], [ 31.326747629261792, 30.084110192873712 ], [ 31.326747629261792, 30.083829560345315 ] ] ] } },
{ "type": "Feature", "properties": { "zone_code": "NSR-GRID-004", "predicted_heat_anomaly_c": -1.9623759613745608, "predicted_heat_risk_score": 0.30446850198978054, "predicted_heat_risk_class": "low", "observed_lst_c": 33.983331333109462, "date": "2025-10-23", "top_factor_1": "Built Environment Density", "top_factor_1_reason": "high built-up density limits cooling", "top_factor_2": "Topography / Elevation", "top_factor_2_reason": "low-lying terrain traps hot air", "explanation_text": "This zone is estimated as low heat risk because it combines high built-up density limits cooling and low-lying terrain traps hot air. This is a satellite-based decision-support estimate, not an official public-health heat warning.", "honesty_note": "This is a satellite-derived urban heat estimate, not an official public-health warning." }, "geometry": { "type": "Polygon", "coordinates": [ [ [ 31.331239205682394, 30.083829560345315 ], [ 31.326747629261792, 30.083829560345315 ], [ 31.326747629261792, 30.084110192873712 ], [ 31.3276198, 30.0841901 ], [ 31.3299349, 30.0845187 ], [ 31.331239205682394, 30.084703272192819 ], [ 31.331239205682394, 30.083829560345315 ] ] ] } },
{ "type": "Feature", "properties": { "zone_code": "NSR-GRID-006", "predicted_heat_anomaly_c": -2.4966058629027388, "predicted_heat_risk_score": 0.40850366167751478, "predicted_heat_risk_class": "medium", "observed_lst_c": 34.143797353194152, "date": "2025-10-23", "top_factor_1": "Built Environment Density", "top_factor_1_reason": "high built-up density limits cooling", "top_factor_2": "Topography / Elevation", "top_factor_2_reason": "low-lying terrain traps hot air", "explanation_text": "This zone is estimated as medium heat risk because it combines high built-up density limits cooling and low-lying terrain traps hot air. This is a satellite-based decision-support estimate, not an official public-health heat warning.", "honesty_note": "This is a satellite-derived urban heat estimate, not an official public-health warning." }, "geometry": { "type": "Polygon", "coordinates": [ [ [ 31.322256052841194, 30.079942954681194 ], [ 31.322256052841194, 30.083829560345315 ], [ 31.326747629261792, 30.083829560345315 ], [ 31.326747629261792, 30.079942954681194 ], [ 31.322256052841194, 30.079942954681194 ] ] ] } },
{ "type": "Feature", "properties": { "zone_code": "NSR-GRID-007", "predicted_heat_anomaly_c": -2.513771719985594, "predicted_heat_risk_score": 0.36590732485140542, "predicted_heat_risk_class": "medium", "observed_lst_c": 33.814346749072691, "date": "2025-10-23", "top_factor_1": "Built Environment Density", "top_factor_1_reason": "high built-up density limits cooling", "top_factor_2": "Topography / Elevation", "top_factor_2_reason": "low-lying terrain traps hot air", "explanation_text": "This zone is estimated as medium heat risk because it combines high built-up density limits cooling and low-lying terrain traps hot air. This is a satellite-based decision-support estimate, not an official public-health heat warning.", "honesty_note": "This is a satellite-derived urban heat estimate, not an official public-health warning." }, "geometry": { "type": "Polygon", "coordinates": [ [ [ 31.326747629261792, 30.079942954681194 ], [ 31.326747629261792, 30.083829560345315 ], [ 31.331239205682394, 30.083829560345315 ], [ 31.331239205682394, 30.079942954681194 ], [ 31.326747629261792, 30.079942954681194 ] ] ] } },
{ "type": "Feature", "properties": { "zone_code": "NSR-GRID-008", "predicted_heat_anomaly_c": -3.2627594629255161, "predicted_heat_risk_score": 0.3671624966665808, "predicted_heat_risk_class": "medium", "observed_lst_c": 33.252668077500509, "date": "2025-10-23", "top_factor_1": "Built Environment Density", "top_factor_1_reason": "high built-up density limits cooling", "top_factor_2": "Topography / Elevation", "top_factor_2_reason": "low-lying terrain traps hot air", "explanation_text": "This zone is estimated as medium heat risk because it combines high built-up density limits cooling and low-lying terrain traps hot air. This is a satellite-based decision-support estimate, not an official public-health heat warning.", "honesty_note": "This is a satellite-derived urban heat estimate, not an official public-health warning." }, "geometry": { "type": "Polygon", "coordinates": [ [ [ 31.331239205682394, 30.079942954681194 ], [ 31.331239205682394, 30.083829560345315 ], [ 31.335730782102992, 30.083829560345315 ], [ 31.335730782102992, 30.079942954681194 ], [ 31.331239205682394, 30.079942954681194 ] ] ] } },
{ "type": "Feature", "properties": { "zone_code": "NSR-GRID-009", "predicted_heat_anomaly_c": -3.3317735505516803, "predicted_heat_risk_score": 0.38057167677331671, "predicted_heat_risk_class": "medium", "observed_lst_c": 33.051727412583318, "date": "2025-10-23", "top_factor_1": "Built Environment Density", "top_factor_1_reason": "high built-up density limits cooling", "top_factor_2": "Topography / Elevation", "top_factor_2_reason": "low-lying terrain traps hot air", "explanation_text": "This zone is estimated as medium heat risk because it combines high built-up density limits cooling and low-lying terrain traps hot air. This is a satellite-based decision-support estimate, not an official public-health heat warning.", "honesty_note": "This is a satellite-derived urban heat estimate, not an official public-health warning." }, "geometry": { "type": "Polygon", "coordinates": [ [ [ 31.340222358523583, 30.079942954681194 ], [ 31.335730782102992, 30.079942954681194 ], [ 31.335730782102992, 30.083829560345315 ], [ 31.34002192159258, 30.083829560345315 ], [ 31.340222358523583, 30.08373339312773 ], [ 31.340222358523583, 30.079942954681194 ] ] ] } },
{ "type": "Feature", "properties": { "zone_code": "NSR-GRID-010", "predicted_heat_anomaly_c": -0.44579584108390163, "predicted_heat_risk_score": 0.35017800655195092, "predicted_heat_risk_class": "medium", "observed_lst_c": 36.160325188880215, "date": "2025-10-23", "top_factor_1": "Built Environment Density", "top_factor_1_reason": "high built-up density limits cooling", "top_factor_2": "Topography / Elevation", "top_factor_2_reason": "low-lying terrain traps hot air", "explanation_text": "This zone is estimated as medium heat risk because it combines high built-up density limits cooling and low-lying terrain traps hot air. This is a satellite-based decision-support estimate, not an official public-health heat warning.", "honesty_note": "This is a satellite-derived urban heat estimate, not an official public-health warning." }, "geometry": { "type": "Polygon", "coordinates": [ [ [ 31.322256052841194, 30.083829560345315 ], [ 31.322256052841194, 30.079942954681194 ], [ 31.317764476420596, 30.079942954681194 ], [ 31.317764476420596, 30.081209989726094 ], [ 31.3178299, 30.0812632 ], [ 31.320839, 30.0831615 ], [ 31.322021579331782, 30.083829560345315 ], [ 31.322256052841194, 30.083829560345315 ] ] ] } },
{ "type": "Feature", "properties": { "zone_code": "NSR-GRID-011", "predicted_heat_anomaly_c": -2.926580521080854, "predicted_heat_risk_score": 0.35307583021214728, "predicted_heat_risk_class": "medium", "observed_lst_c": 33.210534296016853, "date": "2025-10-23", "top_factor_1": "Built Environment Density", "top_factor_1_reason": "high built-up density limits cooling", "top_factor_2": "Topography / Elevation", "top_factor_2_reason": "low-lying terrain traps hot air", "explanation_text": "This zone is estimated as medium heat risk because it combines high built-up density limits cooling and low-lying terrain traps hot air. This is a satellite-based decision-support estimate, not an official public-health heat warning.", "honesty_note": "This is a satellite-derived urban heat estimate, not an official public-health warning." }, "geometry": { "type": "Polygon", "coordinates": [ [ [ 31.344713934944181, 30.079942954681194 ], [ 31.340222358523583, 30.079942954681194 ], [ 31.340222358523583, 30.08373339312773 ], [ 31.3416438, 30.0830514 ], [ 31.3445051, 30.0817069 ], [ 31.344713934944181, 30.081688966805682 ], [ 31.344713934944181, 30.079942954681194 ] ] ] } },
{ "type": "Feature", "properties": { "zone_code": "NSR-GRID-012", "predicted_heat_anomaly_c": -0.79727414357604942, "predicted_heat_risk_score": 0.34272727634868011, "predicted_heat_risk_class": "low", "observed_lst_c": 35.440728185702163, "date": "2025-10-23", "top_factor_1": "Built Environment Density", "top_factor_1_reason": "high built-up density limits cooling", "top_factor_2": "Topography / Elevation", "top_factor_2_reason": "low-lying terrain traps hot air", "explanation_text": "This zone is estimated as low heat risk because it combines high built-up density limits cooling and low-lying terrain traps hot air. This is a satellite-based decision-support estimate, not an official public-health heat warning.", "honesty_note": "This is a satellite-derived urban heat estimate, not an official public-health warning." }, "geometry": { "type": "Polygon", "coordinates": [ [ [ 31.349205511364779, 30.079942954681194 ], [ 31.344713934944181, 30.079942954681194 ], [ 31.344713934944181, 30.081688966805682 ], [ 31.3447578, 30.0816852 ], [ 31.3468277, 30.0813582 ], [ 31.349205511364779, 30.081134106167308 ], [ 31.349205511364779, 30.079942954681194 ] ] ] } },
{ "type": "Feature", "properties": { "zone_code": "NSR-GRID-013", "predicted_heat_anomaly_c": -0.38140242265280316, "predicted_heat_risk_score": 0.34139793400027957, "predicted_heat_risk_class": "low", "observed_lst_c": 35.993432317501508, "date": "2025-10-23", "top_factor_1": "Built Environment Density", "top_factor_1_reason": "high built-up density limits cooling", "top_factor_2": "Topography / Elevation", "top_factor_2_reason": "low-lying terrain traps hot air", "explanation_text": "This zone is estimated as low heat risk because it combines high built-up density limits cooling and low-lying terrain traps hot air. This is a satellite-based decision-support estimate, not an official public-health heat warning.", "honesty_note": "This is a satellite-derived urban heat estimate, not an official public-health warning." }, "geometry": { "type": "Polygon", "coordinates": [ [ [ 31.353697087785381, 30.079942954681194 ], [ 31.349205511364779, 30.079942954681194 ], [ 31.349205511364779, 30.081134106167308 ], [ 31.3516938, 30.0808996 ], [ 31.3529245, 30.0807838 ], [ 31.353697087785381, 30.080707809918284 ], [ 31.353697087785381, 30.079942954681194 ] ] ] } },
{ "type": "Feature", "properties": { "zone_code": "NSR-GRID-014", "predicted_heat_anomaly_c": 2.6746321326154883, "predicted_heat_risk_score": 0.35050325490300094, "predicted_heat_risk_class": "medium", "observed_lst_c": 38.817654963438599, "date": "2025-10-23", "top_factor_1": "Built Environment Density", "top_factor_1_reason": "high built-up density limits cooling", "top_factor_2": "Vegetation Shielding", "top_factor_2_reason": "extremely low vegetation canopy", "explanation_text": "This zone is estimated as medium heat risk because it combines high built-up density limits cooling and extremely low vegetation canopy. This is a satellite-based decision-support estimate, not an official public-health heat warning.", "honesty_note": "This is a satellite-derived urban heat estimate, not an official public-health warning." }, "geometry": { "type": "Polygon", "coordinates": [ [ [ 31.41208758125315, 30.079942954681194 ], [ 31.407596004832552, 30.079942954681194 ], [ 31.407596004832552, 30.080918626043523 ], [ 31.4103742, 30.0808662 ], [ 31.41208758125315, 30.080730635579286 ], [ 31.41208758125315, 30.079942954681194 ] ] ] } },
{ "type": "Feature", "properties": { "zone_code": "NSR-GRID-015", "predicted_heat_anomaly_c": 1.3125066048012679, "predicted_heat_risk_score": 0.27389126655498425, "predicted_heat_risk_class": "low", "observed_lst_c": 37.584833918231176, "date": "2025-10-23", "top_factor_1": "Built Environment Density", "top_factor_1_reason": "high built-up density limits cooling", "top_factor_2": "Vegetation Shielding", "top_factor_2_reason": "extremely low vegetation canopy", "explanation_text": "This zone is estimated as low heat risk because it combines high built-up density limits cooling and extremely low vegetation canopy. This is a satellite-based decision-support estimate, not an official public-health heat warning.", "honesty_note": "This is a satellite-derived urban heat estimate, not an official public-health warning." }, "geometry": { "type": "Polygon", "coordinates": [ [ [ 31.407596004832552, 30.079942954681194 ], [ 31.403104428411954, 30.079942954681194 ], [ 31.403104428411954, 30.080723258092874 ], [ 31.4067654, 30.0809343 ], [ 31.407596004832552, 30.080918626043523 ], [ 31.407596004832552, 30.079942954681194 ] ] ] } },
{ "type": "Feature", "properties": { "zone_code": "NSR-GRID-016", "predicted_heat_anomaly_c": -0.66181901149468658, "predicted_heat_risk_score": 0.25904747937001282, "predicted_heat_risk_class": "low", "observed_lst_c": 35.385059800166417, "date": "2025-10-23", "top_factor_1": "Built Environment Density", "top_factor_1_reason": "high built-up density limits cooling", "top_factor_2": "Topography / Elevation", "top_factor_2_reason": "low-lying terrain traps hot air", "explanation_text": "This zone is estimated as low heat risk because it combines high built-up density limits cooling and low-lying terrain traps hot air. This is a satellite-based decision-support estimate, not an official public-health heat warning.", "honesty_note": "This is a satellite-derived urban heat estimate, not an official public-health warning." }, "geometry": { "type": "Polygon", "coordinates": [ [ [ 31.317764476420596, 30.079942954681194 ], [ 31.316206630377078, 30.079942954681194 ], [ 31.317764476420596, 30.081209989726094 ], [ 31.317764476420596, 30.079942954681194 ] ] ] } },
{ "type": "Feature", "properties": { "zone_code": "NSR-GRID-017", "predicted_heat_anomaly_c": -0.59406615375527516, "predicted_heat_risk_score": 0.28374481484281167, "predicted_heat_risk_class": "low", "observed_lst_c": 35.769968219055755, "date": "2025-10-23", "top_factor_1": "Built Environment Density", "top_factor_1_reason": "high built-up density limits cooling", "top_factor_2": "Vegetation Shielding", "top_factor_2_reason": "extremely low vegetation canopy", "explanation_text": "This zone is estimated as low heat risk because it combines high built-up density limits cooling and extremely low vegetation canopy. This is a satellite-based decision-support estimate, not an official public-health heat warning.", "honesty_note": "This is a satellite-derived urban heat estimate, not an official public-health warning." }, "geometry": { "type": "Polygon", "coordinates": [ [ [ 31.403104428411954, 30.079942954681194 ], [ 31.398612851991352, 30.079942954681194 ], [ 31.398612851991352, 30.080440135059103 ], [ 31.3994916, 30.080495899999985 ], [ 31.4030774, 30.0807217 ], [ 31.403104428411954, 30.080723258092874 ], [ 31.403104428411954, 30.079942954681194 ] ] ] } },
{ "type": "Feature", "properties": { "zone_code": "NSR-GRID-018", "predicted_heat_anomaly_c": 2.0465784948622696, "predicted_heat_risk_score": 0.31742334168674885, "predicted_heat_risk_class": "low", "observed_lst_c": 38.367804843291367, "date": "2025-10-23", "top_factor_1": "Built Environment Density", "top_factor_1_reason": "high built-up density limits cooling", "top_factor_2": "Vegetation Shielding", "top_factor_2_reason": "extremely low vegetation canopy", "explanation_text": "This zone is estimated as low heat risk because it combines high built-up density limits cooling and extremely low vegetation canopy. This is a satellite-based decision-support estimate, not an official public-health heat warning.", "honesty_note": "This is a satellite-derived urban heat estimate, not an official public-health warning." }, "geometry": { "type": "Polygon", "coordinates": [ [ [ 31.416579157673748, 30.079942954681194 ], [ 31.41208758125315, 30.079942954681194 ], [ 31.41208758125315, 30.080730635579286 ], [ 31.413314, 30.0806336 ], [ 31.416579157673748, 30.080023009105005 ], [ 31.416579157673748, 30.079942954681194 ] ] ] } },
{ "type": "Feature", "properties": { "zone_code": "NSR-GRID-019", "predicted_heat_anomaly_c": -0.46675854470839095, "predicted_heat_risk_score": 0.33237425097162543, "predicted_heat_risk_class": "low", "observed_lst_c": 35.804961758671006, "date": "2025-10-23", "top_factor_1": "Built Environment Density", "top_factor_1_reason": "high built-up density limits cooling", "top_factor_2": "Topography / Elevation", "top_factor_2_reason": "low-lying terrain traps hot air", "explanation_text": "This zone is estimated as low heat risk because it combines high built-up density limits cooling and low-lying terrain traps hot air. This is a satellite-based decision-support estimate, not an official public-health heat warning.", "honesty_note": "This is a satellite-derived urban heat estimate, not an official public-health warning." }, "geometry": { "type": "Polygon", "coordinates": [ [ [ 31.358188664205979, 30.079942954681194 ], [ 31.353697087785381, 30.079942954681194 ], [ 31.353697087785381, 30.080707809918284 ], [ 31.358188664205979, 30.080266026914554 ], [ 31.358188664205979, 30.079942954681194 ] ] ] } },
{ "type": "Feature", "properties": { "zone_code": "NSR-GRID-020", "predicted_heat_anomaly_c": 2.0081302795524061, "predicted_heat_risk_score": 0.2576603527925212, "predicted_heat_risk_class": "low", "observed_lst_c": 37.978078466066997, "date": "2025-10-23", "top_factor_1": "Built Environment Density", "top_factor_1_reason": "high built-up density limits cooling", "top_factor_2": "Impervious Surfaces", "top_factor_2_reason": "high impervious building indices", "explanation_text": "This zone is estimated as low heat risk because it combines high built-up density limits cooling and high impervious building indices. This is a satellite-based decision-support estimate, not an official public-health heat warning.", "honesty_note": "This is a satellite-derived urban heat estimate, not an official public-health warning." }, "geometry": { "type": "Polygon", "coordinates": [ [ [ 31.398612851991352, 30.079942954681194 ], [ 31.394121275570754, 30.079942954681194 ], [ 31.394121275570754, 30.080153360695039 ], [ 31.3947957, 30.0801979 ], [ 31.398612851991352, 30.080440135059103 ], [ 31.398612851991352, 30.079942954681194 ] ] ] } },
{ "type": "Feature", "properties": { "zone_code": "NSR-GRID-021", "predicted_heat_anomaly_c": 0.23754897696787711, "predicted_heat_risk_score": 0.27322094536119196, "predicted_heat_risk_class": "low", "observed_lst_c": 36.52274511418954, "date": "2025-10-23", "top_factor_1": "Built Environment Density", "top_factor_1_reason": "high built-up density limits cooling", "top_factor_2": "Topography / Elevation", "top_factor_2_reason": "low-lying terrain traps hot air", "explanation_text": "This zone is estimated as low heat risk because it combines high built-up density limits cooling and low-lying terrain traps hot air. This is a satellite-based decision-support estimate, not an official public-health heat warning.", "honesty_note": "This is a satellite-derived urban heat estimate, not an official public-health warning." }, "geometry": { "type": "Polygon", "coordinates": [ [ [ 31.358188664205979, 30.079942954681194 ], [ 31.358188664205979, 30.080266026914554 ], [ 31.3587105, 30.0802147 ], [ 31.360666932153229, 30.079942954681194 ], [ 31.358188664205979, 30.079942954681194 ] ] ] } },
{ "type": "Feature", "properties": { "zone_code": "NSR-GRID-022", "predicted_heat_anomaly_c": 0.47881178904619653, "predicted_heat_risk_score": 0.27951759649951363, "predicted_heat_risk_class": "low", "observed_lst_c": 36.725236391840014, "date": "2025-10-23", "top_factor_1": "Built Environment Density", "top_factor_1_reason": "high built-up density limits cooling", "top_factor_2": "Vegetation Shielding", "top_factor_2_reason": "extremely low vegetation canopy", "explanation_text": "This zone is estimated as low heat risk because it combines high built-up density limits cooling and extremely low vegetation canopy. This is a satellite-based decision-support estimate, not an official public-health heat warning.", "honesty_note": "This is a satellite-derived urban heat estimate, not an official public-health warning." }, "geometry": { "type": "Polygon", "coordinates": [ [ [ 31.394121275570754, 30.079942954681194 ], [ 31.390935263282209, 30.079942954681194 ], [ 31.394121275570754, 30.080153360695039 ], [ 31.394121275570754, 30.079942954681194 ] ] ] } },
{ "type": "Feature", "properties": { "zone_code": "NSR-GRID-024", "predicted_heat_anomaly_c": -1.1503050949912643, "predicted_heat_risk_score": 0.3704022492139038, "predicted_heat_risk_class": "medium", "observed_lst_c": 35.206354383491721, "date": "2025-10-23", "top_factor_1": "Built Environment Density", "top_factor_1_reason": "high built-up density limits cooling", "top_factor_2": "Topography / Elevation", "top_factor_2_reason": "low-lying terrain traps hot air", "explanation_text": "This zone is estimated as medium heat risk because it combines high built-up density limits cooling and low-lying terrain traps hot air. This is a satellite-based decision-support estimate, not an official public-health heat warning.", "honesty_note": "This is a satellite-derived urban heat estimate, not an official public-health warning." }, "geometry": { "type": "Polygon", "coordinates": [ [ [ 31.317764476420596, 30.07605619630511 ], [ 31.317764476420596, 30.079942954681194 ], [ 31.322256052841194, 30.079942954681194 ], [ 31.322256052841194, 30.07605619630511 ], [ 31.317764476420596, 30.07605619630511 ] ] ] } },
{ "type": "Feature", "properties": { "zone_code": "NSR-GRID-025", "predicted_heat_anomaly_c": -0.69153813598325686, "predicted_heat_risk_score": 0.36395568378301696, "predicted_heat_risk_class": "medium", "observed_lst_c": 35.60687786484894, "date": "2025-10-23", "top_factor_1": "Built Environment Density", "top_factor_1_reason": "high built-up density limits cooling", "top_factor_2": "Topography / Elevation", "top_factor_2_reason": "low-lying terrain traps hot air", "explanation_text": "This zone is estimated as medium heat risk because it combines high built-up density limits cooling and low-lying terrain traps hot air. This is a satellite-based decision-support estimate, not an official public-health heat warning.", "honesty_note": "This is a satellite-derived urban heat estimate, not an official public-health warning." }, "geometry": { "type": "Polygon", "coordinates": [ [ [ 31.322256052841194, 30.07605619630511 ], [ 31.322256052841194, 30.079942954681194 ], [ 31.326747629261792, 30.079942954681194 ], [ 31.326747629261792, 30.07605619630511 ], [ 31.322256052841194, 30.07605619630511 ] ] ] } },
{ "type": "Feature", "properties": { "zone_code": "NSR-GRID-026", "predicted_heat_anomaly_c": -1.5971313903484849, "predicted_heat_risk_score": 0.30153903313914632, "predicted_heat_risk_class": "low", "observed_lst_c": 34.76686172695414, "date": "2025-10-23", "top_factor_1": "Built Environment Density", "top_factor_1_reason": "high built-up density limits cooling", "top_factor_2": "Topography / Elevation", "top_factor_2_reason": "low-lying terrain traps hot air", "explanation_text": "This zone is estimated as low heat risk because it combines high built-up density limits cooling and low-lying terrain traps hot air. This is a satellite-based decision-support estimate, not an official public-health heat warning.", "honesty_note": "This is a satellite-derived urban heat estimate, not an official public-health warning." }, "geometry": { "type": "Polygon", "coordinates": [ [ [ 31.326747629261792, 30.07605619630511 ], [ 31.326747629261792, 30.079942954681194 ], [ 31.331239205682394, 30.079942954681194 ], [ 31.331239205682394, 30.07605619630511 ], [ 31.326747629261792, 30.07605619630511 ] ] ] } },
{ "type": "Feature", "properties": { "zone_code": "NSR-GRID-027", "predicted_heat_anomaly_c": -1.8557026031674035, "predicted_heat_risk_score": 0.35660180539464076, "predicted_heat_risk_class": "medium", "observed_lst_c": 34.345228344636197, "date": "2025-10-23", "top_factor_1": "Built Environment Density", "top_factor_1_reason": "high built-up density limits cooling", "top_factor_2": "Topography / Elevation", "top_factor_2_reason": "low-lying terrain traps hot air", "explanation_text": "This zone is estimated as medium heat risk because it combines high built-up density limits cooling and low-lying terrain traps hot air. This is a satellite-based decision-support estimate, not an official public-health heat warning.", "honesty_note": "This is a satellite-derived urban heat estimate, not an official public-health warning." }, "geometry": { "type": "Polygon", "coordinates": [ [ [ 31.331239205682394, 30.07605619630511 ], [ 31.331239205682394, 30.079942954681194 ], [ 31.335730782102992, 30.079942954681194 ], [ 31.335730782102992, 30.07605619630511 ], [ 31.331239205682394, 30.07605619630511 ] ] ] } },
{ "type": "Feature", "properties": { "zone_code": "NSR-GRID-028", "predicted_heat_anomaly_c": -2.5899599780344587, "predicted_heat_risk_score": 0.37361461349192066, "predicted_heat_risk_class": "medium", "observed_lst_c": 33.80363831730623, "date": "2025-10-23", "top_factor_1": "Built Environment Density", "top_factor_1_reason": "high built-up density limits cooling", "top_factor_2": "Topography / Elevation", "top_factor_2_reason": "low-lying terrain traps hot air", "explanation_text": "This zone is estimated as medium heat risk because it combines high built-up density limits cooling and low-lying terrain traps hot air. This is a satellite-based decision-support estimate, not an official public-health heat warning.", "honesty_note": "This is a satellite-derived urban heat estimate, not an official public-health warning." }, "geometry": { "type": "Polygon", "coordinates": [ [ [ 31.335730782102992, 30.07605619630511 ], [ 31.335730782102992, 30.079942954681194 ], [ 31.340222358523583, 30.079942954681194 ], [ 31.340222358523583, 30.07605619630511 ], [ 31.335730782102992, 30.07605619630511 ] ] ] } },
{ "type": "Feature", "properties": { "zone_code": "NSR-GRID-029", "predicted_heat_anomaly_c": -1.5927364588274442, "predicted_heat_risk_score": 0.36770423868477159, "predicted_heat_risk_class": "medium", "observed_lst_c": 34.698095942376625, "date": "2025-10-23", "top_factor_1": "Built Environment Density", "top_factor_1_reason": "high built-up density limits cooling", "top_factor_2": "Topography / Elevation", "top_factor_2_reason": "low-lying terrain traps hot air", "explanation_text": "This zone is estimated as medium heat risk because it combines high built-up density limits cooling and low-lying terrain traps hot air. This is a satellite-based decision-support estimate, not an official public-health heat warning.", "honesty_note": "This is a satellite-derived urban heat estimate, not an official public-health warning." }, "geometry": { "type": "Polygon", "coordinates": [ [ [ 31.340222358523583, 30.07605619630511 ], [ 31.340222358523583, 30.079942954681194 ], [ 31.344713934944181, 30.079942954681194 ], [ 31.344713934944181, 30.07605619630511 ], [ 31.340222358523583, 30.07605619630511 ] ] ] } },
{ "type": "Feature", "properties": { "zone_code": "NSR-GRID-030", "predicted_heat_anomaly_c": -1.2346086898126067, "predicted_heat_risk_score": 0.34694017784121434, "predicted_heat_risk_class": "low", "observed_lst_c": 34.913235165714461, "date": "2025-10-23", "top_factor_1": "Built Environment Density", "top_factor_1_reason": "high built-up density limits cooling", "top_factor_2": "Topography / Elevation", "top_factor_2_reason": "low-lying terrain traps hot air", "explanation_text": "This zone is estimated as low heat risk because it combines high built-up density limits cooling and low-lying terrain traps hot air. This is a satellite-based decision-support estimate, not an official public-health heat warning.", "honesty_note": "This is a satellite-derived urban heat estimate, not an official public-health warning." }, "geometry": { "type": "Polygon", "coordinates": [ [ [ 31.344713934944181, 30.07605619630511 ], [ 31.344713934944181, 30.079942954681194 ], [ 31.349205511364779, 30.079942954681194 ], [ 31.349205511364779, 30.07605619630511 ], [ 31.344713934944181, 30.07605619630511 ] ] ] } },
{ "type": "Feature", "properties": { "zone_code": "NSR-GRID-031", "predicted_heat_anomaly_c": 0.33189196024911233, "predicted_heat_risk_score": 0.32666228755945048, "predicted_heat_risk_class": "low", "observed_lst_c": 36.786010946325682, "date": "2025-10-23", "top_factor_1": "Built Environment Density", "top_factor_1_reason": "high built-up density limits cooling", "top_factor_2": "Topography / Elevation", "top_factor_2_reason": "low-lying terrain traps hot air", "explanation_text": "This zone is estimated as low heat risk because it combines high built-up density limits cooling and low-lying terrain traps hot air. This is a satellite-based decision-support estimate, not an official public-health heat warning.", "honesty_note": "This is a satellite-derived urban heat estimate, not an official public-health warning." }, "geometry": { "type": "Polygon", "coordinates": [ [ [ 31.349205511364779, 30.07605619630511 ], [ 31.349205511364779, 30.079942954681194 ], [ 31.353697087785381, 30.079942954681194 ], [ 31.353697087785381, 30.07605619630511 ], [ 31.349205511364779, 30.07605619630511 ] ] ] } },
{ "type": "Feature", "properties": { "zone_code": "NSR-GRID-032", "predicted_heat_anomaly_c": 0.67344711384759526, "predicted_heat_risk_score": 0.3728886521835173, "predicted_heat_risk_class": "medium", "observed_lst_c": 36.910889832566433, "date": "2025-10-23", "top_factor_1": "Built Environment Density", "top_factor_1_reason": "high built-up density limits cooling", "top_factor_2": "Topography / Elevation", "top_factor_2_reason": "low-lying terrain traps hot air", "explanation_text": "This zone is estimated as medium heat risk because it combines high built-up density limits cooling and low-lying terrain traps hot air. This is a satellite-based decision-support estimate, not an official public-health heat warning.", "honesty_note": "This is a satellite-derived urban heat estimate, not an official public-health warning." }, "geometry": { "type": "Polygon", "coordinates": [ [ [ 31.353697087785381, 30.07605619630511 ], [ 31.353697087785381, 30.079942954681194 ], [ 31.358188664205979, 30.079942954681194 ], [ 31.358188664205979, 30.07605619630511 ], [ 31.353697087785381, 30.07605619630511 ] ] ] } },
{ "type": "Feature", "properties": { "zone_code": "NSR-GRID-033", "predicted_heat_anomaly_c": 3.0848229879761355, "predicted_heat_risk_score": 0.32553281315157911, "predicted_heat_risk_class": "low", "observed_lst_c": 39.025986061673642, "date": "2025-10-23", "top_factor_1": "Built Environment Density", "top_factor_1_reason": "high built-up density limits cooling", "top_factor_2": "Impervious Surfaces", "top_factor_2_reason": "high impervious building indices", "explanation_text": "This zone is estimated as low heat risk because it combines high built-up density limits cooling and high impervious building indices. This is a satellite-based decision-support estimate, not an official public-health heat warning.", "honesty_note": "This is a satellite-derived urban heat estimate, not an official public-health warning." }, "geometry": { "type": "Polygon", "coordinates": [ [ [ 31.394121275570754, 30.07605619630511 ], [ 31.394121275570754, 30.079942954681194 ], [ 31.398612851991352, 30.079942954681194 ], [ 31.398612851991352, 30.07605619630511 ], [ 31.394121275570754, 30.07605619630511 ] ] ] } },
{ "type": "Feature", "properties": { "zone_code": "NSR-GRID-034", "predicted_heat_anomaly_c": 1.7704083079689812, "predicted_heat_risk_score": 0.31924232341265479, "predicted_heat_risk_class": "low", "observed_lst_c": 37.72350889357589, "date": "2025-10-23", "top_factor_1": "Built Environment Density", "top_factor_1_reason": "high built-up density limits cooling", "top_factor_2": "Vegetation Shielding", "top_factor_2_reason": "extremely low vegetation canopy", "explanation_text": "This zone is estimated as low heat risk because it combines high built-up density limits cooling and extremely low vegetation canopy. This is a satellite-based decision-support estimate, not an official public-health heat warning.", "honesty_note": "This is a satellite-derived urban heat estimate, not an official public-health warning." }, "geometry": { "type": "Polygon", "coordinates": [ [ [ 31.398612851991352, 30.07605619630511 ], [ 31.398612851991352, 30.079942954681194 ], [ 31.403104428411954, 30.079942954681194 ], [ 31.403104428411954, 30.07605619630511 ], [ 31.398612851991352, 30.07605619630511 ] ] ] } },
{ "type": "Feature", "properties": { "zone_code": "NSR-GRID-035", "predicted_heat_anomaly_c": 2.2528448870136257, "predicted_heat_risk_score": 0.30743435986919587, "predicted_heat_risk_class": "low", "observed_lst_c": 37.987263712105651, "date": "2025-10-23", "top_factor_1": "Built Environment Density", "top_factor_1_reason": "high built-up density limits cooling", "top_factor_2": "Impervious Surfaces", "top_factor_2_reason": "high impervious building indices", "explanation_text": "This zone is estimated as low heat risk because it combines high built-up density limits cooling and high impervious building indices. This is a satellite-based decision-support estimate, not an official public-health heat warning.", "honesty_note": "This is a satellite-derived urban heat estimate, not an official public-health warning." }, "geometry": { "type": "Polygon", "coordinates": [ [ [ 31.403104428411954, 30.07605619630511 ], [ 31.403104428411954, 30.079942954681194 ], [ 31.407596004832552, 30.079942954681194 ], [ 31.407596004832552, 30.07605619630511 ], [ 31.403104428411954, 30.07605619630511 ] ] ] } },
{ "type": "Feature", "properties": { "zone_code": "NSR-GRID-036", "predicted_heat_anomaly_c": 2.4581341663018419, "predicted_heat_risk_score": 0.31067645655367881, "predicted_heat_risk_class": "low", "observed_lst_c": 38.5141441337732, "date": "2025-10-23", "top_factor_1": "Built Environment Density", "top_factor_1_reason": "high built-up density limits cooling", "top_factor_2": "Impervious Surfaces", "top_factor_2_reason": "high impervious building indices", "explanation_text": "This zone is estimated as low heat risk because it combines high built-up density limits cooling and high impervious building indices. This is a satellite-based decision-support estimate, not an official public-health heat warning.", "honesty_note": "This is a satellite-derived urban heat estimate, not an official public-health warning." }, "geometry": { "type": "Polygon", "coordinates": [ [ [ 31.407596004832552, 30.07605619630511 ], [ 31.407596004832552, 30.079942954681194 ], [ 31.41208758125315, 30.079942954681194 ], [ 31.41208758125315, 30.07605619630511 ], [ 31.407596004832552, 30.07605619630511 ] ] ] } },
{ "type": "Feature", "properties": { "zone_code": "NSR-GRID-037", "predicted_heat_anomaly_c": 1.8032511274595808, "predicted_heat_risk_score": 0.33196552388108053, "predicted_heat_risk_class": "low", "observed_lst_c": 37.738393686935659, "date": "2025-10-23", "top_factor_1": "Built Environment Density", "top_factor_1_reason": "high built-up density limits cooling", "top_factor_2": "Vegetation Shielding", "top_factor_2_reason": "extremely low vegetation canopy", "explanation_text": "This zone is estimated as low heat risk because it combines high built-up density limits cooling and extremely low vegetation canopy. This is a satellite-based decision-support estimate, not an official public-health heat warning.", "honesty_note": "This is a satellite-derived urban heat estimate, not an official public-health warning." }, "geometry": { "type": "Polygon", "coordinates": [ [ [ 31.41208758125315, 30.07605619630511 ], [ 31.41208758125315, 30.079942954681194 ], [ 31.416579157673748, 30.079942954681194 ], [ 31.416579157673748, 30.07605619630511 ], [ 31.41208758125315, 30.07605619630511 ] ] ] } },
{ "type": "Feature", "properties": { "zone_code": "NSR-GRID-038", "predicted_heat_anomaly_c": 2.3886013387213847, "predicted_heat_risk_score": 0.36017606812401171, "predicted_heat_risk_class": "medium", "observed_lst_c": 38.505292336543157, "date": "2025-10-23", "top_factor_1": "Built Environment Density", "top_factor_1_reason": "high built-up density limits cooling", "top_factor_2": "Impervious Surfaces", "top_factor_2_reason": "high impervious building indices", "explanation_text": "This zone is estimated as medium heat risk because it combines high built-up density limits cooling and high impervious building indices. This is a satellite-based decision-support estimate, not an official public-health heat warning.", "honesty_note": "This is a satellite-derived urban heat estimate, not an official public-health warning." }, "geometry": { "type": "Polygon", "coordinates": [ [ [ 31.394121275570754, 30.079942954681194 ], [ 31.394121275570754, 30.07605619630511 ], [ 31.389629699150163, 30.07605619630511 ], [ 31.389629699150163, 30.079856958668557 ], [ 31.3897912, 30.0798674 ], [ 31.390935263282209, 30.079942954681194 ], [ 31.394121275570754, 30.079942954681194 ] ] ] } },
{ "type": "Feature", "properties": { "zone_code": "NSR-GRID-039", "predicted_heat_anomaly_c": 1.4314094175242762, "predicted_heat_risk_score": 0.38027537841356879, "predicted_heat_risk_class": "medium", "observed_lst_c": 37.488247931379618, "date": "2025-10-23", "top_factor_1": "Built Environment Density", "top_factor_1_reason": "high built-up density limits cooling", "top_factor_2": "Topography / Elevation", "top_factor_2_reason": "low-lying terrain traps hot air", "explanation_text": "This zone is estimated as medium heat risk because it combines high built-up density limits cooling and low-lying terrain traps hot air. This is a satellite-based decision-support estimate, not an official public-health heat warning.", "honesty_note": "This is a satellite-derived urban heat estimate, not an official public-health warning." }, "geometry": { "type": "Polygon", "coordinates": [ [ [ 31.362680240626577, 30.07605619630511 ], [ 31.358188664205979, 30.07605619630511 ], [ 31.358188664205979, 30.079942954681194 ], [ 31.360666932153229, 30.079942954681194 ], [ 31.362680240626577, 30.079663308552469 ], [ 31.362680240626577, 30.07605619630511 ] ] ] } },
{ "type": "Feature", "properties": { "zone_code": "NSR-GRID-040", "predicted_heat_anomaly_c": 1.1948247976985684, "predicted_heat_risk_score": 0.38711028287216481, "predicted_heat_risk_class": "medium", "observed_lst_c": 37.414342897666678, "date": "2025-10-23", "top_factor_1": "Built Environment Density", "top_factor_1_reason": "high built-up density limits cooling", "top_factor_2": "Impervious Surfaces", "top_factor_2_reason": "high impervious building indices", "explanation_text": "This zone is estimated as medium heat risk because it combines high built-up density limits cooling and high impervious building indices. This is a satellite-based decision-support estimate, not an official public-health heat warning.", "honesty_note": "This is a satellite-derived urban heat estimate, not an official public-health warning." }, "geometry": { "type": "Polygon", "coordinates": [ [ [ 31.389629699150163, 30.07605619630511 ], [ 31.385138122729565, 30.07605619630511 ], [ 31.385138122729565, 30.079566569426436 ], [ 31.389629699150163, 30.079856958668557 ], [ 31.389629699150163, 30.07605619630511 ] ] ] } },
{ "type": "Feature", "properties": { "zone_code": "NSR-GRID-041", "predicted_heat_anomaly_c": -1.6161719366294789, "predicted_heat_risk_score": 0.36068714321571715, "predicted_heat_risk_class": "medium", "observed_lst_c": 34.567701621650343, "date": "2025-10-23", "top_factor_1": "Built Environment Density", "top_factor_1_reason": "high built-up density limits cooling", "top_factor_2": "Topography / Elevation", "top_factor_2_reason": "low-lying terrain traps hot air", "explanation_text": "This zone is estimated as medium heat risk because it combines high built-up density limits cooling and low-lying terrain traps hot air. This is a satellite-based decision-support estimate, not an official public-health heat warning.", "honesty_note": "This is a satellite-derived urban heat estimate, not an official public-health warning." }, "geometry": { "type": "Polygon", "coordinates": [ [ [ 31.317764476420596, 30.079942954681194 ], [ 31.317764476420596, 30.07605619630511 ], [ 31.314558855243369, 30.07605619630511 ], [ 31.3132729, 30.0777836 ], [ 31.3136103, 30.07801520000001 ], [ 31.3158698, 30.079669 ], [ 31.316206630377078, 30.079942954681194 ], [ 31.317764476420596, 30.079942954681194 ] ] ] } },
{ "type": "Feature", "properties": { "zone_code": "NSR-GRID-042", "predicted_heat_anomaly_c": 1.695390089834562, "predicted_heat_risk_score": 0.32004644658685649, "predicted_heat_risk_class": "low", "observed_lst_c": 37.731261465652231, "date": "2025-10-23", "top_factor_1": "Built Environment Density", "top_factor_1_reason": "high built-up density limits cooling", "top_factor_2": "Impervious Surfaces", "top_factor_2_reason": "high impervious building indices", "explanation_text": "This zone is estimated as low heat risk because it combines high built-up density limits cooling and high impervious building indices. This is a satellite-based decision-support estimate, not an official public-health heat warning.", "honesty_note": "This is a satellite-derived urban heat estimate, not an official public-health warning." }, "geometry": { "type": "Polygon", "coordinates": [ [ [ 31.421070734094339, 30.07605619630511 ], [ 31.416579157673748, 30.07605619630511 ], [ 31.416579157673748, 30.079942954681194 ], [ 31.416923198824446, 30.079942954681194 ], [ 31.4207474, 30.0790331 ], [ 31.421070734094339, 30.078964837935398 ], [ 31.421070734094339, 30.07605619630511 ] ] ] } },
{ "type": "Feature", "properties": { "zone_code": "NSR-GRID-043", "predicted_heat_anomaly_c": 1.5772876391474331, "predicted_heat_risk_score": 0.34857058078153602, "predicted_heat_risk_class": "low", "observed_lst_c": 37.460024726792867, "date": "2025-10-23", "top_factor_1": "Built Environment Density", "top_factor_1_reason": "high built-up density limits cooling", "top_factor_2": "Topography / Elevation", "top_factor_2_reason": "low-lying terrain traps hot air", "explanation_text": "This zone is estimated as low heat risk because it combines high built-up density limits cooling and low-lying terrain traps hot air. This is a satellite-based decision-support estimate, not an official public-health heat warning.", "honesty_note": "This is a satellite-derived urban heat estimate, not an official public-health warning." }, "geometry": { "type": "Polygon", "coordinates": [ [ [ 31.367171817047169, 30.07605619630511 ], [ 31.362680240626577, 30.07605619630511 ], [ 31.362680240626577, 30.079663308552469 ], [ 31.3643333, 30.0794337 ], [ 31.367171817047169, 30.079145145707987 ], [ 31.367171817047169, 30.07605619630511 ] ] ] } },
{ "type": "Feature", "properties": { "zone_code": "NSR-GRID-044", "predicted_heat_anomaly_c": -1.1160799628624074, "predicted_heat_risk_score": 0.48705957397145827, "predicted_heat_risk_class": "medium", "observed_lst_c": 34.999318917748553, "date": "2025-10-23", "top_factor_1": "Built Environment Density", "top_factor_1_reason": "high built-up density limits cooling", "top_factor_2": "Impervious Surfaces", "top_factor_2_reason": "high impervious building indices", "explanation_text": "This zone is estimated as medium heat risk because it combines high built-up density limits cooling and high impervious building indices. This is a satellite-based decision-support estimate, not an official public-health heat warning.", "honesty_note": "This is a satellite-derived urban heat estimate, not an official public-health warning." }, "geometry": { "type": "Polygon", "coordinates": [ [ [ 31.385138122729565, 30.07605619630511 ], [ 31.380646546308967, 30.07605619630511 ], [ 31.380646546308967, 30.078907291211365 ], [ 31.3839739, 30.0794913 ], [ 31.385138122729565, 30.079566569426436 ], [ 31.385138122729565, 30.07605619630511 ] ] ] } },
{ "type": "Feature", "properties": { "zone_code": "NSR-GRID-045", "predicted_heat_anomaly_c": 1.3662924692478997, "predicted_heat_risk_score": 0.26461921976264535, "predicted_heat_risk_class": "low", "observed_lst_c": 37.233501531504253, "date": "2025-10-23", "top_factor_1": "Built Environment Density", "top_factor_1_reason": "high built-up density limits cooling", "top_factor_2": "Impervious Surfaces", "top_factor_2_reason": "high impervious building indices", "explanation_text": "This zone is estimated as low heat risk because it combines high built-up density limits cooling and high impervious building indices. This is a satellite-based decision-support estimate, not an official public-health heat warning.", "honesty_note": "This is a satellite-derived urban heat estimate, not an official public-health warning." }, "geometry": { "type": "Polygon", "coordinates": [ [ [ 31.430053886935539, 30.07605619630511 ], [ 31.430053886935539, 30.078738471632981 ], [ 31.4345304, 30.0791284 ], [ 31.432863812871989, 30.07605619630511 ], [ 31.430053886935539, 30.07605619630511 ] ] ] } },
{ "type": "Feature", "properties": { "zone_code": "NSR-GRID-046", "predicted_heat_anomaly_c": 1.4456590840895598, "predicted_heat_risk_score": 0.35198477107804416, "predicted_heat_risk_class": "medium", "observed_lst_c": 37.427599311123878, "date": "2025-10-23", "top_factor_1": "Built Environment Density", "top_factor_1_reason": "high built-up density limits cooling", "top_factor_2": "Topography / Elevation", "top_factor_2_reason": "low-lying terrain traps hot air", "explanation_text": "This zone is estimated as medium heat risk because it combines high built-up density limits cooling and low-lying terrain traps hot air. This is a satellite-based decision-support estimate, not an official public-health heat warning.", "honesty_note": "This is a satellite-derived urban heat estimate, not an official public-health warning." }, "geometry": { "type": "Polygon", "coordinates": [ [ [ 31.371663393467767, 30.07605619630511 ], [ 31.367171817047169, 30.07605619630511 ], [ 31.367171817047169, 30.079145145707987 ], [ 31.3713825, 30.0787171 ], [ 31.371663393467767, 30.078690979793414 ], [ 31.371663393467767, 30.07605619630511 ] ] ] } },
{ "type": "Feature", "properties": { "zone_code": "NSR-GRID-047", "predicted_heat_anomaly_c": 1.4795596975830752, "predicted_heat_risk_score": 0.24038215612429292, "predicted_heat_risk_class": "low", "observed_lst_c": 37.746048103164533, "date": "2025-10-23", "top_factor_1": "Built Environment Density", "top_factor_1_reason": "high built-up density limits cooling", "top_factor_2": "Impervious Surfaces", "top_factor_2_reason": "high impervious building indices", "explanation_text": "This zone is estimated as low heat risk because it combines high built-up density limits cooling and high impervious building indices. This is a satellite-based decision-support estimate, not an official public-health heat warning.", "honesty_note": "This is a satellite-derived urban heat estimate, not an official public-health warning." }, "geometry": { "type": "Polygon", "coordinates": [ [ [ 31.425562310514941, 30.07605619630511 ], [ 31.421070734094339, 30.07605619630511 ], [ 31.421070734094339, 30.078964837935398 ], [ 31.4231863, 30.0785182 ], [ 31.425562310514941, 30.078405671858871 ], [ 31.425562310514941, 30.07605619630511 ] ] ] } },
{ "type": "Feature", "properties": { "zone_code": "NSR-GRID-048", "predicted_heat_anomaly_c": 1.7371790277769996, "predicted_heat_risk_score": 0.39681871649171269, "predicted_heat_risk_class": "medium", "observed_lst_c": 37.726660657266571, "date": "2025-10-23", "top_factor_1": "Built Environment Density", "top_factor_1_reason": "high built-up density limits cooling", "top_factor_2": "Impervious Surfaces", "top_factor_2_reason": "high impervious building indices", "explanation_text": "This zone is estimated as medium heat risk because it combines high built-up density limits cooling and high impervious building indices. This is a satellite-based decision-support estimate, not an official public-health heat warning.", "honesty_note": "This is a satellite-derived urban heat estimate, not an official public-health warning." }, "geometry": { "type": "Polygon", "coordinates": [ [ [ 31.380646546308967, 30.07605619630511 ], [ 31.376154969888365, 30.07605619630511 ], [ 31.376154969888365, 30.078273308396266 ], [ 31.3762669, 30.0782629 ], [ 31.3786582, 30.0785583 ], [ 31.380646546308967, 30.078907291211365 ], [ 31.380646546308967, 30.07605619630511 ] ] ] } },
{ "type": "Feature", "properties": { "zone_code": "NSR-GRID-049", "predicted_heat_anomaly_c": 1.2681402702871614, "predicted_heat_risk_score": 0.24191318388935551, "predicted_heat_risk_class": "low", "observed_lst_c": 37.27506427159453, "date": "2025-10-23", "top_factor_1": "Built Environment Density", "top_factor_1_reason": "high built-up density limits cooling", "top_factor_2": "Impervious Surfaces", "top_factor_2_reason": "high impervious building indices", "explanation_text": "This zone is estimated as low heat risk because it combines high built-up density limits cooling and high impervious building indices. This is a satellite-based decision-support estimate, not an official public-health heat warning.", "honesty_note": "This is a satellite-derived urban heat estimate, not an official public-health warning." }, "geometry": { "type": "Polygon", "coordinates": [ [ [ 31.430053886935539, 30.07605619630511 ], [ 31.425562310514941, 30.07605619630511 ], [ 31.425562310514941, 30.078405671858871 ], [ 31.4255955, 30.0784041 ], [ 31.428137, 30.0785715 ], [ 31.430053886935539, 30.078738471632981 ], [ 31.430053886935539, 30.07605619630511 ] ] ] } },
{ "type": "Feature", "properties": { "zone_code": "NSR-GRID-050", "predicted_heat_anomaly_c": 1.564067689259705, "predicted_heat_risk_score": 0.36800688347886046, "predicted_heat_risk_class": "medium", "observed_lst_c": 37.564477634268052, "date": "2025-10-23", "top_factor_1": "Built Environment Density", "top_factor_1_reason": "high built-up density limits cooling", "top_factor_2": "Impervious Surfaces", "top_factor_2_reason": "high impervious building indices", "explanation_text": "This zone is estimated as medium heat risk because it combines high built-up density limits cooling and high impervious building indices. This is a satellite-based decision-support estimate, not an official public-health heat warning.", "honesty_note": "This is a satellite-derived urban heat estimate, not an official public-health warning." }, "geometry": { "type": "Polygon", "coordinates": [ [ [ 31.376154969888365, 30.07605619630511 ], [ 31.371663393467767, 30.07605619630511 ], [ 31.371663393467767, 30.078690979793414 ], [ 31.376154969888365, 30.078273308396266 ], [ 31.376154969888365, 30.07605619630511 ] ] ] } },
{ "type": "Feature", "properties": { "zone_code": "NSR-GRID-051", "predicted_heat_anomaly_c": 0.39660407578225454, "predicted_heat_risk_score": 0.20171915692995493, "predicted_heat_risk_class": "low", "observed_lst_c": 36.351249898422161, "date": "2025-10-23", "top_factor_1": "Built Environment Density", "top_factor_1_reason": "high built-up density limits cooling", "top_factor_2": "Impervious Surfaces", "top_factor_2_reason": "high impervious building indices", "explanation_text": "This zone is estimated as low heat risk because it combines high built-up density limits cooling and high impervious building indices. This is a satellite-based decision-support estimate, not an official public-health heat warning.", "honesty_note": "This is a satellite-derived urban heat estimate, not an official public-health warning." }, "geometry": { "type": "Polygon", "coordinates": [ [ [ 31.430053886935539, 30.07605619630511 ], [ 31.432863812871989, 30.07605619630511 ], [ 31.4326835, 30.0757238 ], [ 31.430053886935539, 30.07286926472964 ], [ 31.430053886935539, 30.07605619630511 ] ] ] } },
{ "type": "Feature", "properties": { "zone_code": "NSR-GRID-052", "predicted_heat_anomaly_c": -2.5890518615591822, "predicted_heat_risk_score": 0.33823281329928945, "predicted_heat_risk_class": "low", "observed_lst_c": 34.163849124731122, "date": "2025-10-23", "top_factor_1": "Built Environment Density", "top_factor_1_reason": "high built-up density limits cooling", "top_factor_2": "Topography / Elevation", "top_factor_2_reason": "low-lying terrain traps hot air", "explanation_text": "This zone is estimated as low heat risk because it combines high built-up density limits cooling and low-lying terrain traps hot air. This is a satellite-based decision-support estimate, not an official public-health heat warning.", "honesty_note": "This is a satellite-derived urban heat estimate, not an official public-health warning." }, "geometry": { "type": "Polygon", "coordinates": [ [ [ 31.317764476420596, 30.07605619630511 ], [ 31.317764476420596, 30.072169285228959 ], [ 31.317448636849306, 30.072169285228959 ], [ 31.3161261, 30.0739509 ], [ 31.314558855243369, 30.07605619630511 ], [ 31.317764476420596, 30.07605619630511 ] ] ] } },
{ "type": "Feature", "properties": { "zone_code": "NSR-GRID-053", "predicted_heat_anomaly_c": 0.6088558635861353, "predicted_heat_risk_score": 0.21841365643024074, "predicted_heat_risk_class": "low", "observed_lst_c": 36.36959091119197, "date": "2025-10-23", "top_factor_1": "Built Environment Density", "top_factor_1_reason": "high built-up density limits cooling", "top_factor_2": "Impervious Surfaces", "top_factor_2_reason": "high impervious building indices", "explanation_text": "This zone is estimated as low heat risk because it combines high built-up density limits cooling and high impervious building indices. This is a satellite-based decision-support estimate, not an official public-health heat warning.", "honesty_note": "This is a satellite-derived urban heat estimate, not an official public-health warning." }, "geometry": { "type": "Polygon", "coordinates": [ [ [ 31.425562310514941, 30.072169285228959 ], [ 31.425562310514941, 30.07605619630511 ], [ 31.430053886935539, 30.07605619630511 ], [ 31.430053886935539, 30.07286926472964 ], [ 31.429409073680993, 30.072169285228959 ], [ 31.425562310514941, 30.072169285228959 ] ] ] } },
{ "type": "Feature", "properties": { "zone_code": "NSR-GRID-054", "predicted_heat_anomaly_c": -2.7176510035861723, "predicted_heat_risk_score": 0.35839538768134493, "predicted_heat_risk_class": "medium", "observed_lst_c": 33.652958091694721, "date": "2025-10-23", "top_factor_1": "Built Environment Density", "top_factor_1_reason": "high built-up density limits cooling", "top_factor_2": "Topography / Elevation", "top_factor_2_reason": "low-lying terrain traps hot air", "explanation_text": "This zone is estimated as medium heat risk because it combines high built-up density limits cooling and low-lying terrain traps hot air. This is a satellite-based decision-support estimate, not an official public-health heat warning.", "honesty_note": "This is a satellite-derived urban heat estimate, not an official public-health warning." }, "geometry": { "type": "Polygon", "coordinates": [ [ [ 31.317764476420596, 30.072169285228959 ], [ 31.317764476420596, 30.07605619630511 ], [ 31.322256052841194, 30.07605619630511 ], [ 31.322256052841194, 30.072169285228959 ], [ 31.317764476420596, 30.072169285228959 ] ] ] } },
{ "type": "Feature", "properties": { "zone_code": "NSR-GRID-055", "predicted_heat_anomaly_c": -0.88055226538819786, "predicted_heat_risk_score": 0.33221276759676055, "predicted_heat_risk_class": "low", "observed_lst_c": 35.469239912739241, "date": "2025-10-23", "top_factor_1": "Built Environment Density", "top_factor_1_reason": "high built-up density limits cooling", "top_factor_2": "Topography / Elevation", "top_factor_2_reason": "low-lying terrain traps hot air", "explanation_text": "This zone is estimated as low heat risk because it combines high built-up density limits cooling and low-lying terrain traps hot air. This is a satellite-based decision-support estimate, not an official public-health heat warning.", "honesty_note": "This is a satellite-derived urban heat estimate, not an official public-health warning." }, "geometry": { "type": "Polygon", "coordinates": [ [ [ 31.322256052841194, 30.072169285228959 ], [ 31.322256052841194, 30.07605619630511 ], [ 31.326747629261792, 30.07605619630511 ], [ 31.326747629261792, 30.072169285228959 ], [ 31.322256052841194, 30.072169285228959 ] ] ] } },
{ "type": "Feature", "properties": { "zone_code": "NSR-GRID-056", "predicted_heat_anomaly_c": -0.053578241790574986, "predicted_heat_risk_score": 0.34983862305119828, "predicted_heat_risk_class": "low", "observed_lst_c": 36.664105069787098, "date": "2025-10-23", "top_factor_1": "Built Environment Density", "top_factor_1_reason": "high built-up density limits cooling", "top_factor_2": "Topography / Elevation", "top_factor_2_reason": "low-lying terrain traps hot air", "explanation_text": "This zone is estimated as low heat risk because it combines high built-up density limits cooling and low-lying terrain traps hot air. This is a satellite-based decision-support estimate, not an official public-health heat warning.", "honesty_note": "This is a satellite-derived urban heat estimate, not an official public-health warning." }, "geometry": { "type": "Polygon", "coordinates": [ [ [ 31.326747629261792, 30.072169285228959 ], [ 31.326747629261792, 30.07605619630511 ], [ 31.331239205682394, 30.07605619630511 ], [ 31.331239205682394, 30.072169285228959 ], [ 31.326747629261792, 30.072169285228959 ] ] ] } },
{ "type": "Feature", "properties": { "zone_code": "NSR-GRID-057", "predicted_heat_anomaly_c": -0.9180807666727987, "predicted_heat_risk_score": 0.34930375115254092, "predicted_heat_risk_class": "low", "observed_lst_c": 35.426243245635128, "date": "2025-10-23", "top_factor_1": "Built Environment Density", "top_factor_1_reason": "high built-up density limits cooling", "top_factor_2": "Topography / Elevation", "top_factor_2_reason": "low-lying terrain traps hot air", "explanation_text": "This zone is estimated as low heat risk because it combines high built-up density limits cooling and low-lying terrain traps hot air. This is a satellite-based decision-support estimate, not an official public-health heat warning.", "honesty_note": "This is a satellite-derived urban heat estimate, not an official public-health warning." }, "geometry": { "type": "Polygon", "coordinates": [ [ [ 31.331239205682394, 30.072169285228959 ], [ 31.331239205682394, 30.07605619630511 ], [ 31.335730782102992, 30.07605619630511 ], [ 31.335730782102992, 30.072169285228959 ], [ 31.331239205682394, 30.072169285228959 ] ] ] } },
{ "type": "Feature", "properties": { "zone_code": "NSR-GRID-058", "predicted_heat_anomaly_c": -2.0161469476660101, "predicted_heat_risk_score": 0.33598192858270942, "predicted_heat_risk_class": "low", "observed_lst_c": 34.107888519871409, "date": "2025-10-23", "top_factor_1": "Built Environment Density", "top_factor_1_reason": "high built-up density limits cooling", "top_factor_2": "Topography / Elevation", "top_factor_2_reason": "low-lying terrain traps hot air", "explanation_text": "This zone is estimated as low heat risk because it combines high built-up density limits cooling and low-lying terrain traps hot air. This is a satellite-based decision-support estimate, not an official public-health heat warning.", "honesty_note": "This is a satellite-derived urban heat estimate, not an official public-health warning." }, "geometry": { "type": "Polygon", "coordinates": [ [ [ 31.335730782102992, 30.072169285228959 ], [ 31.335730782102992, 30.07605619630511 ], [ 31.340222358523583, 30.07605619630511 ], [ 31.340222358523583, 30.072169285228959 ], [ 31.335730782102992, 30.072169285228959 ] ] ] } },
{ "type": "Feature", "properties": { "zone_code": "NSR-GRID-059", "predicted_heat_anomaly_c": -1.4536012500078801, "predicted_heat_risk_score": 0.34603441862446588, "predicted_heat_risk_class": "low", "observed_lst_c": 34.83694268495055, "date": "2025-10-23", "top_factor_1": "Built Environment Density", "top_factor_1_reason": "high built-up density limits cooling", "top_factor_2": "Topography / Elevation", "top_factor_2_reason": "low-lying terrain traps hot air", "explanation_text": "This zone is estimated as low heat risk because it combines high built-up density limits cooling and low-lying terrain traps hot air. This is a satellite-based decision-support estimate, not an official public-health heat warning.", "honesty_note": "This is a satellite-derived urban heat estimate, not an official public-health warning." }, "geometry": { "type": "Polygon", "coordinates": [ [ [ 31.340222358523583, 30.072169285228959 ], [ 31.340222358523583, 30.07605619630511 ], [ 31.344713934944181, 30.07605619630511 ], [ 31.344713934944181, 30.072169285228959 ], [ 31.340222358523583, 30.072169285228959 ] ] ] } },
{ "type": "Feature", "properties": { "zone_code": "NSR-GRID-060", "predicted_heat_anomaly_c": -1.1725851660082125, "predicted_heat_risk_score": 0.36240621951961016, "predicted_heat_risk_class": "medium", "observed_lst_c": 34.913042121368434, "date": "2025-10-23", "top_factor_1": "Built Environment Density", "top_factor_1_reason": "high built-up density limits cooling", "top_factor_2": "Topography / Elevation", "top_factor_2_reason": "low-lying terrain traps hot air", "explanation_text": "This zone is estimated as medium heat risk because it combines high built-up density limits cooling and low-lying terrain traps hot air. This is a satellite-based decision-support estimate, not an official public-health heat warning.", "honesty_note": "This is a satellite-derived urban heat estimate, not an official public-health warning." }, "geometry": { "type": "Polygon", "coordinates": [ [ [ 31.344713934944181, 30.072169285228959 ], [ 31.344713934944181, 30.07605619630511 ], [ 31.349205511364779, 30.07605619630511 ], [ 31.349205511364779, 30.072169285228959 ], [ 31.344713934944181, 30.072169285228959 ] ] ] } },
{ "type": "Feature", "properties": { "zone_code": "NSR-GRID-061", "predicted_heat_anomaly_c": 1.360734301077728, "predicted_heat_risk_score": 0.29309757775182377, "predicted_heat_risk_class": "low", "observed_lst_c": 37.21629125855933, "date": "2025-10-23", "top_factor_1": "Built Environment Density", "top_factor_1_reason": "high built-up density limits cooling", "top_factor_2": "Topography / Elevation", "top_factor_2_reason": "low-lying terrain traps hot air", "explanation_text": "This zone is estimated as low heat risk because it combines high built-up density limits cooling and low-lying terrain traps hot air. This is a satellite-based decision-support estimate, not an official public-health heat warning.", "honesty_note": "This is a satellite-derived urban heat estimate, not an official public-health warning." }, "geometry": { "type": "Polygon", "coordinates": [ [ [ 31.349205511364779, 30.072169285228959 ], [ 31.349205511364779, 30.07605619630511 ], [ 31.353697087785381, 30.07605619630511 ], [ 31.353697087785381, 30.072169285228959 ], [ 31.349205511364779, 30.072169285228959 ] ] ] } },
{ "type": "Feature", "properties": { "zone_code": "NSR-GRID-062", "predicted_heat_anomaly_c": 1.1751888344864849, "predicted_heat_risk_score": 0.32330151869747298, "predicted_heat_risk_class": "low", "observed_lst_c": 37.174178623527808, "date": "2025-10-23", "top_factor_1": "Built Environment Density", "top_factor_1_reason": "high built-up density limits cooling", "top_factor_2": "Topography / Elevation", "top_factor_2_reason": "low-lying terrain traps hot air", "explanation_text": "This zone is estimated as low heat risk because it combines high built-up density limits cooling and low-lying terrain traps hot air. This is a satellite-based decision-support estimate, not an official public-health heat warning.", "honesty_note": "This is a satellite-derived urban heat estimate, not an official public-health warning." }, "geometry": { "type": "Polygon", "coordinates": [ [ [ 31.353697087785381, 30.072169285228959 ], [ 31.353697087785381, 30.07605619630511 ], [ 31.358188664205979, 30.07605619630511 ], [ 31.358188664205979, 30.072169285228959 ], [ 31.353697087785381, 30.072169285228959 ] ] ] } },
{ "type": "Feature", "properties": { "zone_code": "NSR-GRID-063", "predicted_heat_anomaly_c": 2.2165451641696912, "predicted_heat_risk_score": 0.35641274282670643, "predicted_heat_risk_class": "medium", "observed_lst_c": 38.31738345579042, "date": "2025-10-23", "top_factor_1": "Built Environment Density", "top_factor_1_reason": "high built-up density limits cooling", "top_factor_2": "Topography / Elevation", "top_factor_2_reason": "low-lying terrain traps hot air", "explanation_text": "This zone is estimated as medium heat risk because it combines high built-up density limits cooling and low-lying terrain traps hot air. This is a satellite-based decision-support estimate, not an official public-health heat warning.", "honesty_note": "This is a satellite-derived urban heat estimate, not an official public-health warning." }, "geometry": { "type": "Polygon", "coordinates": [ [ [ 31.358188664205979, 30.072169285228959 ], [ 31.358188664205979, 30.07605619630511 ], [ 31.362680240626577, 30.07605619630511 ], [ 31.362680240626577, 30.072169285228959 ], [ 31.358188664205979, 30.072169285228959 ] ] ] } },
{ "type": "Feature", "properties": { "zone_code": "NSR-GRID-064", "predicted_heat_anomaly_c": 1.2933246502641005, "predicted_heat_risk_score": 0.34237430796916457, "predicted_heat_risk_class": "low", "observed_lst_c": 37.269792091712461, "date": "2025-10-23", "top_factor_1": "Built Environment Density", "top_factor_1_reason": "high built-up density limits cooling", "top_factor_2": "Impervious Surfaces", "top_factor_2_reason": "high impervious building indices", "explanation_text": "This zone is estimated as low heat risk because it combines high built-up density limits cooling and high impervious building indices. This is a satellite-based decision-support estimate, not an official public-health heat warning.", "honesty_note": "This is a satellite-derived urban heat estimate, not an official public-health warning." }, "geometry": { "type": "Polygon", "coordinates": [ [ [ 31.362680240626577, 30.072169285228959 ], [ 31.362680240626577, 30.07605619630511 ], [ 31.367171817047169, 30.07605619630511 ], [ 31.367171817047169, 30.072169285228959 ], [ 31.362680240626577, 30.072169285228959 ] ] ] } },
{ "type": "Feature", "properties": { "zone_code": "NSR-GRID-065", "predicted_heat_anomaly_c": -1.1846094186686289, "predicted_heat_risk_score": 0.40232413053529481, "predicted_heat_risk_class": "medium", "observed_lst_c": 35.038085004344182, "date": "2025-10-23", "top_factor_1": "Built Environment Density", "top_factor_1_reason": "high built-up density limits cooling", "top_factor_2": "Vegetation Shielding", "top_factor_2_reason": "extremely low vegetation canopy", "explanation_text": "This zone is estimated as medium heat risk because it combines high built-up density limits cooling and extremely low vegetation canopy. This is a satellite-based decision-support estimate, not an official public-health heat warning.", "honesty_note": "This is a satellite-derived urban heat estimate, not an official public-health warning." }, "geometry": { "type": "Polygon", "coordinates": [ [ [ 31.367171817047169, 30.072169285228959 ], [ 31.367171817047169, 30.07605619630511 ], [ 31.371663393467767, 30.07605619630511 ], [ 31.371663393467767, 30.072169285228959 ], [ 31.367171817047169, 30.072169285228959 ] ] ] } },
{ "type": "Feature", "properties": { "zone_code": "NSR-GRID-066", "predicted_heat_anomaly_c": 2.5197451605114769, "predicted_heat_risk_score": 0.3123283002223558, "predicted_heat_risk_class": "low", "observed_lst_c": 38.61131282133681, "date": "2025-10-23", "top_factor_1": "Built Environment Density", "top_factor_1_reason": "high built-up density limits cooling", "top_factor_2": "Impervious Surfaces", "top_factor_2_reason": "high impervious building indices", "explanation_text": "This zone is estimated as low heat risk because it combines high built-up density limits cooling and high impervious building indices. This is a satellite-based decision-support estimate, not an official public-health heat warning.", "honesty_note": "This is a satellite-derived urban heat estimate, not an official public-health warning." }, "geometry": { "type": "Polygon", "coordinates": [ [ [ 31.371663393467767, 30.072169285228959 ], [ 31.371663393467767, 30.07605619630511 ], [ 31.376154969888365, 30.07605619630511 ], [ 31.376154969888365, 30.072169285228959 ], [ 31.371663393467767, 30.072169285228959 ] ] ] } },
{ "type": "Feature", "properties": { "zone_code": "NSR-GRID-067", "predicted_heat_anomaly_c": 2.1155144173016844, "predicted_heat_risk_score": 0.32469766466938432, "predicted_heat_risk_class": "low", "observed_lst_c": 38.321189852954802, "date": "2025-10-23", "top_factor_1": "Built Environment Density", "top_factor_1_reason": "high built-up density limits cooling", "top_factor_2": "Impervious Surfaces", "top_factor_2_reason": "high impervious building indices", "explanation_text": "This zone is estimated as low heat risk because it combines high built-up density limits cooling and high impervious building indices. This is a satellite-based decision-support estimate, not an official public-health heat warning.", "honesty_note": "This is a satellite-derived urban heat estimate, not an official public-health warning." }, "geometry": { "type": "Polygon", "coordinates": [ [ [ 31.376154969888365, 30.072169285228959 ], [ 31.376154969888365, 30.07605619630511 ], [ 31.380646546308967, 30.07605619630511 ], [ 31.380646546308967, 30.072169285228959 ], [ 31.376154969888365, 30.072169285228959 ] ] ] } },
{ "type": "Feature", "properties": { "zone_code": "NSR-GRID-068", "predicted_heat_anomaly_c": -1.0461714967232429, "predicted_heat_risk_score": 0.48840413255638876, "predicted_heat_risk_class": "medium", "observed_lst_c": 35.479472977707452, "date": "2025-10-23", "top_factor_1": "Built Environment Density", "top_factor_1_reason": "high built-up density limits cooling", "top_factor_2": "Impervious Surfaces", "top_factor_2_reason": "high impervious building indices", "explanation_text": "This zone is estimated as medium heat risk because it combines high built-up density limits cooling and high impervious building indices. This is a satellite-based decision-support estimate, not an official public-health heat warning.", "honesty_note": "This is a satellite-derived urban heat estimate, not an official public-health warning." }, "geometry": { "type": "Polygon", "coordinates": [ [ [ 31.380646546308967, 30.072169285228959 ], [ 31.380646546308967, 30.07605619630511 ], [ 31.385138122729565, 30.07605619630511 ], [ 31.385138122729565, 30.072169285228959 ], [ 31.380646546308967, 30.072169285228959 ] ] ] } },
{ "type": "Feature", "properties": { "zone_code": "NSR-GRID-069", "predicted_heat_anomaly_c": -0.41466099866365236, "predicted_heat_risk_score": 0.38494107087275659, "predicted_heat_risk_class": "medium", "observed_lst_c": 35.743250611898283, "date": "2025-10-23", "top_factor_1": "Built Environment Density", "top_factor_1_reason": "high built-up density limits cooling", "top_factor_2": "Impervious Surfaces", "top_factor_2_reason": "high impervious building indices", "explanation_text": "This zone is estimated as medium heat risk because it combines high built-up density limits cooling and high impervious building indices. This is a satellite-based decision-support estimate, not an official public-health heat warning.", "honesty_note": "This is a satellite-derived urban heat estimate, not an official public-health warning." }, "geometry": { "type": "Polygon", "coordinates": [ [ [ 31.385138122729565, 30.072169285228959 ], [ 31.385138122729565, 30.07605619630511 ], [ 31.389629699150163, 30.07605619630511 ], [ 31.389629699150163, 30.072169285228959 ], [ 31.385138122729565, 30.072169285228959 ] ] ] } },
{ "type": "Feature", "properties": { "zone_code": "NSR-GRID-070", "predicted_heat_anomaly_c": 1.4092327089641004, "predicted_heat_risk_score": 0.33313447296084198, "predicted_heat_risk_class": "low", "observed_lst_c": 37.169501693365859, "date": "2025-10-23", "top_factor_1": "Built Environment Density", "top_factor_1_reason": "high built-up density limits cooling", "top_factor_2": "Impervious Surfaces", "top_factor_2_reason": "high impervious building indices", "explanation_text": "This zone is estimated as low heat risk because it combines high built-up density limits cooling and high impervious building indices. This is a satellite-based decision-support estimate, not an official public-health heat warning.", "honesty_note": "This is a satellite-derived urban heat estimate, not an official public-health warning." }, "geometry": { "type": "Polygon", "coordinates": [ [ [ 31.389629699150163, 30.072169285228959 ], [ 31.389629699150163, 30.07605619630511 ], [ 31.394121275570754, 30.07605619630511 ], [ 31.394121275570754, 30.072169285228959 ], [ 31.389629699150163, 30.072169285228959 ] ] ] } },
{ "type": "Feature", "properties": { "zone_code": "NSR-GRID-071", "predicted_heat_anomaly_c": 1.6255387094180791, "predicted_heat_risk_score": 0.32682356056542872, "predicted_heat_risk_class": "low", "observed_lst_c": 37.170963243224186, "date": "2025-10-23", "top_factor_1": "Built Environment Density", "top_factor_1_reason": "high built-up density limits cooling", "top_factor_2": "Impervious Surfaces", "top_factor_2_reason": "high impervious building indices", "explanation_text": "This zone is estimated as low heat risk because it combines high built-up density limits cooling and high impervious building indices. This is a satellite-based decision-support estimate, not an official public-health heat warning.", "honesty_note": "This is a satellite-derived urban heat estimate, not an official public-health warning." }, "geometry": { "type": "Polygon", "coordinates": [ [ [ 31.394121275570754, 30.072169285228959 ], [ 31.394121275570754, 30.07605619630511 ], [ 31.398612851991352, 30.07605619630511 ], [ 31.398612851991352, 30.072169285228959 ], [ 31.394121275570754, 30.072169285228959 ] ] ] } },
{ "type": "Feature", "properties": { "zone_code": "NSR-GRID-072", "predicted_heat_anomaly_c": 1.2377126903573206, "predicted_heat_risk_score": 0.2427601298730851, "predicted_heat_risk_class": "low", "observed_lst_c": 37.220302357947126, "date": "2025-10-23", "top_factor_1": "Built Environment Density", "top_factor_1_reason": "high built-up density limits cooling", "top_factor_2": "Impervious Surfaces", "top_factor_2_reason": "high impervious building indices", "explanation_text": "This zone is estimated as low heat risk because it combines high built-up density limits cooling and high impervious building indices. This is a satellite-based decision-support estimate, not an official public-health heat warning.", "honesty_note": "This is a satellite-derived urban heat estimate, not an official public-health warning." }, "geometry": { "type": "Polygon", "coordinates": [ [ [ 31.398612851991352, 30.072169285228959 ], [ 31.398612851991352, 30.07605619630511 ], [ 31.403104428411954, 30.07605619630511 ], [ 31.403104428411954, 30.072169285228959 ], [ 31.398612851991352, 30.072169285228959 ] ] ] } },
{ "type": "Feature", "properties": { "zone_code": "NSR-GRID-073", "predicted_heat_anomaly_c": 1.0198260191508814, "predicted_heat_risk_score": 0.25479735471277487, "predicted_heat_risk_class": "low", "observed_lst_c": 37.017988506464683, "date": "2025-10-23", "top_factor_1": "Built Environment Density", "top_factor_1_reason": "high built-up density limits cooling", "top_factor_2": "Impervious Surfaces", "top_factor_2_reason": "high impervious building indices", "explanation_text": "This zone is estimated as low heat risk because it combines high built-up density limits cooling and high impervious building indices. This is a satellite-based decision-support estimate, not an official public-health heat warning.", "honesty_note": "This is a satellite-derived urban heat estimate, not an official public-health warning." }, "geometry": { "type": "Polygon", "coordinates": [ [ [ 31.403104428411954, 30.072169285228959 ], [ 31.403104428411954, 30.07605619630511 ], [ 31.407596004832552, 30.07605619630511 ], [ 31.407596004832552, 30.072169285228959 ], [ 31.403104428411954, 30.072169285228959 ] ] ] } },
{ "type": "Feature", "properties": { "zone_code": "NSR-GRID-074", "predicted_heat_anomaly_c": 0.87209813530895164, "predicted_heat_risk_score": 0.22780766213658449, "predicted_heat_risk_class": "low", "observed_lst_c": 36.755477612263697, "date": "2025-10-23", "top_factor_1": "Built Environment Density", "top_factor_1_reason": "high built-up density limits cooling", "top_factor_2": "Impervious Surfaces", "top_factor_2_reason": "high impervious building indices", "explanation_text": "This zone is estimated as low heat risk because it combines high built-up density limits cooling and high impervious building indices. This is a satellite-based decision-support estimate, not an official public-health heat warning.", "honesty_note": "This is a satellite-derived urban heat estimate, not an official public-health warning." }, "geometry": { "type": "Polygon", "coordinates": [ [ [ 31.407596004832552, 30.072169285228959 ], [ 31.407596004832552, 30.07605619630511 ], [ 31.41208758125315, 30.07605619630511 ], [ 31.41208758125315, 30.072169285228959 ], [ 31.407596004832552, 30.072169285228959 ] ] ] } },
{ "type": "Feature", "properties": { "zone_code": "NSR-GRID-075", "predicted_heat_anomaly_c": 0.90476222012791652, "predicted_heat_risk_score": 0.25185970160831733, "predicted_heat_risk_class": "low", "observed_lst_c": 36.920066253272161, "date": "2025-10-23", "top_factor_1": "Built Environment Density", "top_factor_1_reason": "high built-up density limits cooling", "top_factor_2": "Impervious Surfaces", "top_factor_2_reason": "high impervious building indices", "explanation_text": "This zone is estimated as low heat risk because it combines high built-up density limits cooling and high impervious building indices. This is a satellite-based decision-support estimate, not an official public-health heat warning.", "honesty_note": "This is a satellite-derived urban heat estimate, not an official public-health warning." }, "geometry": { "type": "Polygon", "coordinates": [ [ [ 31.41208758125315, 30.072169285228959 ], [ 31.41208758125315, 30.07605619630511 ], [ 31.416579157673748, 30.07605619630511 ], [ 31.416579157673748, 30.072169285228959 ], [ 31.41208758125315, 30.072169285228959 ] ] ] } },
{ "type": "Feature", "properties": { "zone_code": "NSR-GRID-076", "predicted_heat_anomaly_c": 0.86196538855375393, "predicted_heat_risk_score": 0.24748400243024968, "predicted_heat_risk_class": "low", "observed_lst_c": 37.078385027675587, "date": "2025-10-23", "top_factor_1": "Built Environment Density", "top_factor_1_reason": "high built-up density limits cooling", "top_factor_2": "Impervious Surfaces", "top_factor_2_reason": "high impervious building indices", "explanation_text": "This zone is estimated as low heat risk because it combines high built-up density limits cooling and high impervious building indices. This is a satellite-based decision-support estimate, not an official public-health heat warning.", "honesty_note": "This is a satellite-derived urban heat estimate, not an official public-health warning." }, "geometry": { "type": "Polygon", "coordinates": [ [ [ 31.416579157673748, 30.072169285228959 ], [ 31.416579157673748, 30.07605619630511 ], [ 31.421070734094339, 30.07605619630511 ], [ 31.421070734094339, 30.072169285228959 ], [ 31.416579157673748, 30.072169285228959 ] ] ] } },
{ "type": "Feature", "properties": { "zone_code": "NSR-GRID-077", "predicted_heat_anomaly_c": -0.68674842072452702, "predicted_heat_risk_score": 0.17554385510913642, "predicted_heat_risk_class": "low", "observed_lst_c": 35.833433479057803, "date": "2025-10-23", "top_factor_1": "Built Environment Density", "top_factor_1_reason": "high built-up density limits cooling", "top_factor_2": "Impervious Surfaces", "top_factor_2_reason": "high impervious building indices", "explanation_text": "This zone is estimated as low heat risk because it combines high built-up density limits cooling and high impervious building indices. This is a satellite-based decision-support estimate, not an official public-health heat warning.", "honesty_note": "This is a satellite-derived urban heat estimate, not an official public-health warning." }, "geometry": { "type": "Polygon", "coordinates": [ [ [ 31.421070734094339, 30.072169285228959 ], [ 31.421070734094339, 30.07605619630511 ], [ 31.425562310514941, 30.07605619630511 ], [ 31.425562310514941, 30.072169285228959 ], [ 31.421070734094339, 30.072169285228959 ] ] ] } },
{ "type": "Feature", "properties": { "zone_code": "NSR-GRID-079", "predicted_heat_anomaly_c": 0.44801918548173891, "predicted_heat_risk_score": 0.23359735734319181, "predicted_heat_risk_class": "low", "observed_lst_c": 36.807700027996837, "date": "2025-10-23", "top_factor_1": "Built Environment Density", "top_factor_1_reason": "high built-up density limits cooling", "top_factor_2": "Impervious Surfaces", "top_factor_2_reason": "high impervious building indices", "explanation_text": "This zone is estimated as low heat risk because it combines high built-up density limits cooling and high impervious building indices. This is a satellite-based decision-support estimate, not an official public-health heat warning.", "honesty_note": "This is a satellite-derived urban heat estimate, not an official public-health warning." }, "geometry": { "type": "Polygon", "coordinates": [ [ [ 31.425562310514941, 30.072169285228959 ], [ 31.429409073680993, 30.072169285228959 ], [ 31.4275613, 30.0701634 ], [ 31.425562310514941, 30.068537432681627 ], [ 31.425562310514941, 30.072169285228959 ] ] ] } },
{ "type": "Feature", "properties": { "zone_code": "NSR-GRID-080", "predicted_heat_anomaly_c": -2.6359969055813379, "predicted_heat_risk_score": 0.32406004219925361, "predicted_heat_risk_class": "low", "observed_lst_c": 34.083332930580433, "date": "2025-10-23", "top_factor_1": "Built Environment Density", "top_factor_1_reason": "high built-up density limits cooling", "top_factor_2": "Topography / Elevation", "top_factor_2_reason": "low-lying terrain traps hot air", "explanation_text": "This zone is estimated as low heat risk because it combines high built-up density limits cooling and low-lying terrain traps hot air. This is a satellite-based decision-support estimate, not an official public-health heat warning.", "honesty_note": "This is a satellite-derived urban heat estimate, not an official public-health warning." }, "geometry": { "type": "Polygon", "coordinates": [ [ [ 31.317764476420596, 30.072169285228959 ], [ 31.322256052841194, 30.072169285228959 ], [ 31.322256052841194, 30.068282221464631 ], [ 31.319734840459528, 30.068282221464631 ], [ 31.3192935, 30.0695138 ], [ 31.3188977, 30.0701367 ], [ 31.317764476420596, 30.07173287677406 ], [ 31.317764476420596, 30.072169285228959 ] ] ] } },
{ "type": "Feature", "properties": { "zone_code": "NSR-GRID-081", "predicted_heat_anomaly_c": 0.40430005380306594, "predicted_heat_risk_score": 0.24031479574890457, "predicted_heat_risk_class": "low", "observed_lst_c": 36.732750859511029, "date": "2025-10-23", "top_factor_1": "Built Environment Density", "top_factor_1_reason": "high built-up density limits cooling", "top_factor_2": "Impervious Surfaces", "top_factor_2_reason": "high impervious building indices", "explanation_text": "This zone is estimated as low heat risk because it combines high built-up density limits cooling and high impervious building indices. This is a satellite-based decision-support estimate, not an official public-health heat warning.", "honesty_note": "This is a satellite-derived urban heat estimate, not an official public-health warning." }, "geometry": { "type": "Polygon", "coordinates": [ [ [ 31.421070734094339, 30.068282221464631 ], [ 31.421070734094339, 30.072169285228959 ], [ 31.425562310514941, 30.072169285228959 ], [ 31.425562310514941, 30.068537432681627 ], [ 31.425248552861458, 30.068282221464631 ], [ 31.421070734094339, 30.068282221464631 ] ] ] } },
{ "type": "Feature", "properties": { "zone_code": "NSR-GRID-082", "predicted_heat_anomaly_c": -0.74154283403416099, "predicted_heat_risk_score": 0.37975595965841058, "predicted_heat_risk_class": "medium", "observed_lst_c": 35.69444566627655, "date": "2025-10-23", "top_factor_1": "Built Environment Density", "top_factor_1_reason": "high built-up density limits cooling", "top_factor_2": "Topography / Elevation", "top_factor_2_reason": "low-lying terrain traps hot air", "explanation_text": "This zone is estimated as medium heat risk because it combines high built-up density limits cooling and low-lying terrain traps hot air. This is a satellite-based decision-support estimate, not an official public-health heat warning.", "honesty_note": "This is a satellite-derived urban heat estimate, not an official public-health warning." }, "geometry": { "type": "Polygon", "coordinates": [ [ [ 31.322256052841194, 30.068282221464631 ], [ 31.322256052841194, 30.072169285228959 ], [ 31.326747629261792, 30.072169285228959 ], [ 31.326747629261792, 30.068282221464631 ], [ 31.322256052841194, 30.068282221464631 ] ] ] } },
{ "type": "Feature", "properties": { "zone_code": "NSR-GRID-083", "predicted_heat_anomaly_c": -0.2682806614653126, "predicted_heat_risk_score": 0.365712607171438, "predicted_heat_risk_class": "medium", "observed_lst_c": 36.261276839226738, "date": "2025-10-23", "top_factor_1": "Built Environment Density", "top_factor_1_reason": "high built-up density limits cooling", "top_factor_2": "Topography / Elevation", "top_factor_2_reason": "low-lying terrain traps hot air", "explanation_text": "This zone is estimated as medium heat risk because it combines high built-up density limits cooling and low-lying terrain traps hot air. This is a satellite-based decision-support estimate, not an official public-health heat warning.", "honesty_note": "This is a satellite-derived urban heat estimate, not an official public-health warning." }, "geometry": { "type": "Polygon", "coordinates": [ [ [ 31.326747629261792, 30.068282221464631 ], [ 31.326747629261792, 30.072169285228959 ], [ 31.331239205682394, 30.072169285228959 ], [ 31.331239205682394, 30.068282221464631 ], [ 31.326747629261792, 30.068282221464631 ] ] ] } },
{ "type": "Feature", "properties": { "zone_code": "NSR-GRID-084", "predicted_heat_anomaly_c": 0.56722313179423045, "predicted_heat_risk_score": 0.38111843069234463, "predicted_heat_risk_class": "medium", "observed_lst_c": 36.812081482810292, "date": "2025-10-23", "top_factor_1": "Built Environment Density", "top_factor_1_reason": "high built-up density limits cooling", "top_factor_2": "Topography / Elevation", "top_factor_2_reason": "low-lying terrain traps hot air", "explanation_text": "This zone is estimated as medium heat risk because it combines high built-up density limits cooling and low-lying terrain traps hot air. This is a satellite-based decision-support estimate, not an official public-health heat warning.", "honesty_note": "This is a satellite-derived urban heat estimate, not an official public-health warning." }, "geometry": { "type": "Polygon", "coordinates": [ [ [ 31.331239205682394, 30.068282221464631 ], [ 31.331239205682394, 30.072169285228959 ], [ 31.335730782102992, 30.072169285228959 ], [ 31.335730782102992, 30.068282221464631 ], [ 31.331239205682394, 30.068282221464631 ] ] ] } },
{ "type": "Feature", "properties": { "zone_code": "NSR-GRID-085", "predicted_heat_anomaly_c": -1.3056567325918282, "predicted_heat_risk_score": 0.38359058537585761, "predicted_heat_risk_class": "medium", "observed_lst_c": 34.76327914279495, "date": "2025-10-23", "top_factor_1": "Built Environment Density", "top_factor_1_reason": "high built-up density limits cooling", "top_factor_2": "Topography / Elevation", "top_factor_2_reason": "low-lying terrain traps hot air", "explanation_text": "This zone is estimated as medium heat risk because it combines high built-up density limits cooling and low-lying terrain traps hot air. This is a satellite-based decision-support estimate, not an official public-health heat warning.", "honesty_note": "This is a satellite-derived urban heat estimate, not an official public-health warning." }, "geometry": { "type": "Polygon", "coordinates": [ [ [ 31.335730782102992, 30.068282221464631 ], [ 31.335730782102992, 30.072169285228959 ], [ 31.340222358523583, 30.072169285228959 ], [ 31.340222358523583, 30.068282221464631 ], [ 31.335730782102992, 30.068282221464631 ] ] ] } },
{ "type": "Feature", "properties": { "zone_code": "NSR-GRID-086", "predicted_heat_anomaly_c": -1.4735016753741108, "predicted_heat_risk_score": 0.36211989416970092, "predicted_heat_risk_class": "medium", "observed_lst_c": 34.851286153745164, "date": "2025-10-23", "top_factor_1": "Built Environment Density", "top_factor_1_reason": "high built-up density limits cooling", "top_factor_2": "Topography / Elevation", "top_factor_2_reason": "low-lying terrain traps hot air", "explanation_text": "This zone is estimated as medium heat risk because it combines high built-up density limits cooling and low-lying terrain traps hot air. This is a satellite-based decision-support estimate, not an official public-health heat warning.", "honesty_note": "This is a satellite-derived urban heat estimate, not an official public-health warning." }, "geometry": { "type": "Polygon", "coordinates": [ [ [ 31.340222358523583, 30.068282221464631 ], [ 31.340222358523583, 30.072169285228959 ], [ 31.344713934944181, 30.072169285228959 ], [ 31.344713934944181, 30.068282221464631 ], [ 31.340222358523583, 30.068282221464631 ] ] ] } },
{ "type": "Feature", "properties": { "zone_code": "NSR-GRID-087", "predicted_heat_anomaly_c": -1.9278762386690256, "predicted_heat_risk_score": 0.35667656749821502, "predicted_heat_risk_class": "medium", "observed_lst_c": 34.228587160965255, "date": "2025-10-23", "top_factor_1": "Built Environment Density", "top_factor_1_reason": "high built-up density limits cooling", "top_factor_2": "Topography / Elevation", "top_factor_2_reason": "low-lying terrain traps hot air", "explanation_text": "This zone is estimated as medium heat risk because it combines high built-up density limits cooling and low-lying terrain traps hot air. This is a satellite-based decision-support estimate, not an official public-health heat warning.", "honesty_note": "This is a satellite-derived urban heat estimate, not an official public-health warning." }, "geometry": { "type": "Polygon", "coordinates": [ [ [ 31.344713934944181, 30.068282221464631 ], [ 31.344713934944181, 30.072169285228959 ], [ 31.349205511364779, 30.072169285228959 ], [ 31.349205511364779, 30.068282221464631 ], [ 31.344713934944181, 30.068282221464631 ] ] ] } },
{ "type": "Feature", "properties": { "zone_code": "NSR-GRID-088", "predicted_heat_anomaly_c": -0.75397976942512945, "predicted_heat_risk_score": 0.36835739275057716, "predicted_heat_risk_class": "medium", "observed_lst_c": 35.34877529773636, "date": "2025-10-23", "top_factor_1": "Built Environment Density", "top_factor_1_reason": "high built-up density limits cooling", "top_factor_2": "Topography / Elevation", "top_factor_2_reason": "low-lying terrain traps hot air", "explanation_text": "This zone is estimated as medium heat risk because it combines high built-up density limits cooling and low-lying terrain traps hot air. This is a satellite-based decision-support estimate, not an official public-health heat warning.", "honesty_note": "This is a satellite-derived urban heat estimate, not an official public-health warning." }, "geometry": { "type": "Polygon", "coordinates": [ [ [ 31.349205511364779, 30.068282221464631 ], [ 31.349205511364779, 30.072169285228959 ], [ 31.353697087785381, 30.072169285228959 ], [ 31.353697087785381, 30.068282221464631 ], [ 31.349205511364779, 30.068282221464631 ] ] ] } },
{ "type": "Feature", "properties": { "zone_code": "NSR-GRID-089", "predicted_heat_anomaly_c": -1.220952284134696, "predicted_heat_risk_score": 0.32072502286923826, "predicted_heat_risk_class": "low", "observed_lst_c": 35.034239647383949, "date": "2025-10-23", "top_factor_1": "Built Environment Density", "top_factor_1_reason": "high built-up density limits cooling", "top_factor_2": "Topography / Elevation", "top_factor_2_reason": "low-lying terrain traps hot air", "explanation_text": "This zone is estimated as low heat risk because it combines high built-up density limits cooling and low-lying terrain traps hot air. This is a satellite-based decision-support estimate, not an official public-health heat warning.", "honesty_note": "This is a satellite-derived urban heat estimate, not an official public-health warning." }, "geometry": { "type": "Polygon", "coordinates": [ [ [ 31.353697087785381, 30.068282221464631 ], [ 31.353697087785381, 30.072169285228959 ], [ 31.358188664205979, 30.072169285228959 ], [ 31.358188664205979, 30.068282221464631 ], [ 31.353697087785381, 30.068282221464631 ] ] ] } },
{ "type": "Feature", "properties": { "zone_code": "NSR-GRID-090", "predicted_heat_anomaly_c": 0.66329068092491716, "predicted_heat_risk_score": 0.32424267104788818, "predicted_heat_risk_class": "low", "observed_lst_c": 36.790689573251832, "date": "2025-10-23", "top_factor_1": "Built Environment Density", "top_factor_1_reason": "high built-up density limits cooling", "top_factor_2": "Vegetation Shielding", "top_factor_2_reason": "extremely low vegetation canopy", "explanation_text": "This zone is estimated as low heat risk because it combines high built-up density limits cooling and extremely low vegetation canopy. This is a satellite-based decision-support estimate, not an official public-health heat warning.", "honesty_note": "This is a satellite-derived urban heat estimate, not an official public-health warning." }, "geometry": { "type": "Polygon", "coordinates": [ [ [ 31.358188664205979, 30.068282221464631 ], [ 31.358188664205979, 30.072169285228959 ], [ 31.362680240626577, 30.072169285228959 ], [ 31.362680240626577, 30.068282221464631 ], [ 31.358188664205979, 30.068282221464631 ] ] ] } },
{ "type": "Feature", "properties": { "zone_code": "NSR-GRID-091", "predicted_heat_anomaly_c": 1.2148641757772383, "predicted_heat_risk_score": 0.34451151422294773, "predicted_heat_risk_class": "low", "observed_lst_c": 37.637275960783867, "date": "2025-10-23", "top_factor_1": "Built Environment Density", "top_factor_1_reason": "high built-up density limits cooling", "top_factor_2": "Impervious Surfaces", "top_factor_2_reason": "high impervious building indices", "explanation_text": "This zone is estimated as low heat risk because it combines high built-up density limits cooling and high impervious building indices. This is a satellite-based decision-support estimate, not an official public-health heat warning.", "honesty_note": "This is a satellite-derived urban heat estimate, not an official public-health warning." }, "geometry": { "type": "Polygon", "coordinates": [ [ [ 31.362680240626577, 30.068282221464631 ], [ 31.362680240626577, 30.072169285228959 ], [ 31.367171817047169, 30.072169285228959 ], [ 31.367171817047169, 30.068282221464631 ], [ 31.362680240626577, 30.068282221464631 ] ] ] } },
{ "type": "Feature", "properties": { "zone_code": "NSR-GRID-092", "predicted_heat_anomaly_c": -1.5030806346553571, "predicted_heat_risk_score": 0.42510057833683584, "predicted_heat_risk_class": "medium", "observed_lst_c": 35.128122907325455, "date": "2025-10-23", "top_factor_1": "Built Environment Density", "top_factor_1_reason": "high built-up density limits cooling", "top_factor_2": "Vegetation Shielding", "top_factor_2_reason": "extremely low vegetation canopy", "explanation_text": "This zone is estimated as medium heat risk because it combines high built-up density limits cooling and extremely low vegetation canopy. This is a satellite-based decision-support estimate, not an official public-health heat warning.", "honesty_note": "This is a satellite-derived urban heat estimate, not an official public-health warning." }, "geometry": { "type": "Polygon", "coordinates": [ [ [ 31.367171817047169, 30.068282221464631 ], [ 31.367171817047169, 30.072169285228959 ], [ 31.371663393467767, 30.072169285228959 ], [ 31.371663393467767, 30.068282221464631 ], [ 31.367171817047169, 30.068282221464631 ] ] ] } },
{ "type": "Feature", "properties": { "zone_code": "NSR-GRID-093", "predicted_heat_anomaly_c": -0.40489081795999304, "predicted_heat_risk_score": 0.38903562742770992, "predicted_heat_risk_class": "medium", "observed_lst_c": 35.785147750270291, "date": "2025-10-23", "top_factor_1": "Built Environment Density", "top_factor_1_reason": "high built-up density limits cooling", "top_factor_2": "Impervious Surfaces", "top_factor_2_reason": "high impervious building indices", "explanation_text": "This zone is estimated as medium heat risk because it combines high built-up density limits cooling and high impervious building indices. This is a satellite-based decision-support estimate, not an official public-health heat warning.", "honesty_note": "This is a satellite-derived urban heat estimate, not an official public-health warning." }, "geometry": { "type": "Polygon", "coordinates": [ [ [ 31.371663393467767, 30.068282221464631 ], [ 31.371663393467767, 30.072169285228959 ], [ 31.376154969888365, 30.072169285228959 ], [ 31.376154969888365, 30.068282221464631 ], [ 31.371663393467767, 30.068282221464631 ] ] ] } },
{ "type": "Feature", "properties": { "zone_code": "NSR-GRID-094", "predicted_heat_anomaly_c": -1.5280401125841891, "predicted_heat_risk_score": 0.39613194051707995, "predicted_heat_risk_class": "medium", "observed_lst_c": 34.654698065151486, "date": "2025-10-23", "top_factor_1": "Built Environment Density", "top_factor_1_reason": "high built-up density limits cooling", "top_factor_2": "Impervious Surfaces", "top_factor_2_reason": "high impervious building indices", "explanation_text": "This zone is estimated as medium heat risk because it combines high built-up density limits cooling and high impervious building indices. This is a satellite-based decision-support estimate, not an official public-health heat warning.", "honesty_note": "This is a satellite-derived urban heat estimate, not an official public-health warning." }, "geometry": { "type": "Polygon", "coordinates": [ [ [ 31.376154969888365, 30.068282221464631 ], [ 31.376154969888365, 30.072169285228959 ], [ 31.380646546308967, 30.072169285228959 ], [ 31.380646546308967, 30.068282221464631 ], [ 31.376154969888365, 30.068282221464631 ] ] ] } },
{ "type": "Feature", "properties": { "zone_code": "NSR-GRID-095", "predicted_heat_anomaly_c": -0.22894648381806387, "predicted_heat_risk_score": 0.38262336849937151, "predicted_heat_risk_class": "medium", "observed_lst_c": 35.917200503764526, "date": "2025-10-23", "top_factor_1": "Built Environment Density", "top_factor_1_reason": "high built-up density limits cooling", "top_factor_2": "Impervious Surfaces", "top_factor_2_reason": "high impervious building indices", "explanation_text": "This zone is estimated as medium heat risk because it combines high built-up density limits cooling and high impervious building indices. This is a satellite-based decision-support estimate, not an official public-health heat warning.", "honesty_note": "This is a satellite-derived urban heat estimate, not an official public-health warning." }, "geometry": { "type": "Polygon", "coordinates": [ [ [ 31.380646546308967, 30.068282221464631 ], [ 31.380646546308967, 30.072169285228959 ], [ 31.385138122729565, 30.072169285228959 ], [ 31.385138122729565, 30.068282221464631 ], [ 31.380646546308967, 30.068282221464631 ] ] ] } },
{ "type": "Feature", "properties": { "zone_code": "NSR-GRID-096", "predicted_heat_anomaly_c": -0.90086514347511237, "predicted_heat_risk_score": 0.43574836271479722, "predicted_heat_risk_class": "medium", "observed_lst_c": 35.402781498577802, "date": "2025-10-23", "top_factor_1": "Built Environment Density", "top_factor_1_reason": "high built-up density limits cooling", "top_factor_2": "Impervious Surfaces", "top_factor_2_reason": "high impervious building indices", "explanation_text": "This zone is estimated as medium heat risk because it combines high built-up density limits cooling and high impervious building indices. This is a satellite-based decision-support estimate, not an official public-health heat warning.", "honesty_note": "This is a satellite-derived urban heat estimate, not an official public-health warning." }, "geometry": { "type": "Polygon", "coordinates": [ [ [ 31.385138122729565, 30.068282221464631 ], [ 31.385138122729565, 30.072169285228959 ], [ 31.389629699150163, 30.072169285228959 ], [ 31.389629699150163, 30.068282221464631 ], [ 31.385138122729565, 30.068282221464631 ] ] ] } },
{ "type": "Feature", "properties": { "zone_code": "NSR-GRID-097", "predicted_heat_anomaly_c": -0.34464726484377173, "predicted_heat_risk_score": 0.3126295582840215, "predicted_heat_risk_class": "low", "observed_lst_c": 35.634555501100252, "date": "2025-10-23", "top_factor_1": "Built Environment Density", "top_factor_1_reason": "high built-up density limits cooling", "top_factor_2": "Impervious Surfaces", "top_factor_2_reason": "high impervious building indices", "explanation_text": "This zone is estimated as low heat risk because it combines high built-up density limits cooling and high impervious building indices. This is a satellite-based decision-support estimate, not an official public-health heat warning.", "honesty_note": "This is a satellite-derived urban heat estimate, not an official public-health warning." }, "geometry": { "type": "Polygon", "coordinates": [ [ [ 31.389629699150163, 30.068282221464631 ], [ 31.389629699150163, 30.072169285228959 ], [ 31.394121275570754, 30.072169285228959 ], [ 31.394121275570754, 30.068282221464631 ], [ 31.389629699150163, 30.068282221464631 ] ] ] } },
{ "type": "Feature", "properties": { "zone_code": "NSR-GRID-098", "predicted_heat_anomaly_c": -0.74856460441060479, "predicted_heat_risk_score": 0.31847082806149185, "predicted_heat_risk_class": "low", "observed_lst_c": 35.504000467369515, "date": "2025-10-23", "top_factor_1": "Built Environment Density", "top_factor_1_reason": "high built-up density limits cooling", "top_factor_2": "Vegetation Shielding", "top_factor_2_reason": "extremely low vegetation canopy", "explanation_text": "This zone is estimated as low heat risk because it combines high built-up density limits cooling and extremely low vegetation canopy. This is a satellite-based decision-support estimate, not an official public-health heat warning.", "honesty_note": "This is a satellite-derived urban heat estimate, not an official public-health warning." }, "geometry": { "type": "Polygon", "coordinates": [ [ [ 31.394121275570754, 30.068282221464631 ], [ 31.394121275570754, 30.072169285228959 ], [ 31.398612851991352, 30.072169285228959 ], [ 31.398612851991352, 30.068282221464631 ], [ 31.394121275570754, 30.068282221464631 ] ] ] } },
{ "type": "Feature", "properties": { "zone_code": "NSR-GRID-099", "predicted_heat_anomaly_c": -0.99442083106881152, "predicted_heat_risk_score": 0.28759918047352506, "predicted_heat_risk_class": "low", "observed_lst_c": 35.406625104016904, "date": "2025-10-23", "top_factor_1": "Built Environment Density", "top_factor_1_reason": "high built-up density limits cooling", "top_factor_2": "Vegetation Shielding", "top_factor_2_reason": "extremely low vegetation canopy", "explanation_text": "This zone is estimated as low heat risk because it combines high built-up density limits cooling and extremely low vegetation canopy. This is a satellite-based decision-support estimate, not an official public-health heat warning.", "honesty_note": "This is a satellite-derived urban heat estimate, not an official public-health warning." }, "geometry": { "type": "Polygon", "coordinates": [ [ [ 31.398612851991352, 30.068282221464631 ], [ 31.398612851991352, 30.072169285228959 ], [ 31.403104428411954, 30.072169285228959 ], [ 31.403104428411954, 30.068282221464631 ], [ 31.398612851991352, 30.068282221464631 ] ] ] } },
{ "type": "Feature", "properties": { "zone_code": "NSR-GRID-100", "predicted_heat_anomaly_c": -1.4089740487519367, "predicted_heat_risk_score": 0.20464542356345014, "predicted_heat_risk_class": "low", "observed_lst_c": 35.316863225230563, "date": "2025-10-23", "top_factor_1": "Built Environment Density", "top_factor_1_reason": "high built-up density limits cooling", "top_factor_2": "Vegetation Shielding", "top_factor_2_reason": "extremely low vegetation canopy", "explanation_text": "This zone is estimated as low heat risk because it combines high built-up density limits cooling and extremely low vegetation canopy. This is a satellite-based decision-support estimate, not an official public-health heat warning.", "honesty_note": "This is a satellite-derived urban heat estimate, not an official public-health warning." }, "geometry": { "type": "Polygon", "coordinates": [ [ [ 31.403104428411954, 30.068282221464631 ], [ 31.403104428411954, 30.072169285228959 ], [ 31.407596004832552, 30.072169285228959 ], [ 31.407596004832552, 30.068282221464631 ], [ 31.403104428411954, 30.068282221464631 ] ] ] } },
{ "type": "Feature", "properties": { "zone_code": "NSR-GRID-101", "predicted_heat_anomaly_c": -1.3562758888995528, "predicted_heat_risk_score": 0.16192223645794473, "predicted_heat_risk_class": "low", "observed_lst_c": 35.328575122653959, "date": "2025-10-23", "top_factor_1": "Built Environment Density", "top_factor_1_reason": "high built-up density limits cooling", "top_factor_2": "Vegetation Shielding", "top_factor_2_reason": "extremely low vegetation canopy", "explanation_text": "This zone is estimated as low heat risk because it combines high built-up density limits cooling and extremely low vegetation canopy. This is a satellite-based decision-support estimate, not an official public-health heat warning.", "honesty_note": "This is a satellite-derived urban heat estimate, not an official public-health warning." }, "geometry": { "type": "Polygon", "coordinates": [ [ [ 31.407596004832552, 30.068282221464631 ], [ 31.407596004832552, 30.072169285228959 ], [ 31.41208758125315, 30.072169285228959 ], [ 31.41208758125315, 30.068282221464631 ], [ 31.407596004832552, 30.068282221464631 ] ] ] } },
{ "type": "Feature", "properties": { "zone_code": "NSR-GRID-102", "predicted_heat_anomaly_c": 0.57537370777093111, "predicted_heat_risk_score": 0.19923445730465097, "predicted_heat_risk_class": "low", "observed_lst_c": 36.642741960552797, "date": "2025-10-23", "top_factor_1": "Built Environment Density", "top_factor_1_reason": "high built-up density limits cooling", "top_factor_2": "Impervious Surfaces", "top_factor_2_reason": "high impervious building indices", "explanation_text": "This zone is estimated as low heat risk because it combines high built-up density limits cooling and high impervious building indices. This is a satellite-based decision-support estimate, not an official public-health heat warning.", "honesty_note": "This is a satellite-derived urban heat estimate, not an official public-health warning." }, "geometry": { "type": "Polygon", "coordinates": [ [ [ 31.41208758125315, 30.068282221464631 ], [ 31.41208758125315, 30.072169285228959 ], [ 31.416579157673748, 30.072169285228959 ], [ 31.416579157673748, 30.068282221464631 ], [ 31.41208758125315, 30.068282221464631 ] ] ] } },
{ "type": "Feature", "properties": { "zone_code": "NSR-GRID-103", "predicted_heat_anomaly_c": 0.37297159837261762, "predicted_heat_risk_score": 0.23156023622046396, "predicted_heat_risk_class": "low", "observed_lst_c": 36.840346944486015, "date": "2025-10-23", "top_factor_1": "Built Environment Density", "top_factor_1_reason": "high built-up density limits cooling", "top_factor_2": "Impervious Surfaces", "top_factor_2_reason": "high impervious building indices", "explanation_text": "This zone is estimated as low heat risk because it combines high built-up density limits cooling and high impervious building indices. This is a satellite-based decision-support estimate, not an official public-health heat warning.", "honesty_note": "This is a satellite-derived urban heat estimate, not an official public-health warning." }, "geometry": { "type": "Polygon", "coordinates": [ [ [ 31.416579157673748, 30.068282221464631 ], [ 31.416579157673748, 30.072169285228959 ], [ 31.421070734094339, 30.072169285228959 ], [ 31.421070734094339, 30.068282221464631 ], [ 31.416579157673748, 30.068282221464631 ] ] ] } },
{ "type": "Feature", "properties": { "zone_code": "NSR-GRID-104", "predicted_heat_anomaly_c": 1.5013037672169323, "predicted_heat_risk_score": 0.24373341679961735, "predicted_heat_risk_class": "low", "observed_lst_c": 37.934996592779221, "date": "2025-10-23", "top_factor_1": "Built Environment Density", "top_factor_1_reason": "high built-up density limits cooling", "top_factor_2": "Impervious Surfaces", "top_factor_2_reason": "high impervious building indices", "explanation_text": "This zone is estimated as low heat risk because it combines high built-up density limits cooling and high impervious building indices. This is a satellite-based decision-support estimate, not an official public-health heat warning.", "honesty_note": "This is a satellite-derived urban heat estimate, not an official public-health warning." }, "geometry": { "type": "Polygon", "coordinates": [ [ [ 31.421070734094339, 30.068282221464631 ], [ 31.425248552861458, 30.068282221464631 ], [ 31.4251755, 30.0682228 ], [ 31.4226475, 30.0664334 ], [ 31.421070734094339, 30.065352117234557 ], [ 31.421070734094339, 30.068282221464631 ] ] ] } },
{ "type": "Feature", "properties": { "zone_code": "NSR-GRID-105", "predicted_heat_anomaly_c": -2.3811321515764265, "predicted_heat_risk_score": 0.3184446172352976, "predicted_heat_risk_class": "low", "observed_lst_c": 34.226210945556332, "date": "2025-10-23", "top_factor_1": "Built Environment Density", "top_factor_1_reason": "high built-up density limits cooling", "top_factor_2": "Topography / Elevation", "top_factor_2_reason": "low-lying terrain traps hot air", "explanation_text": "This zone is estimated as low heat risk because it combines high built-up density limits cooling and low-lying terrain traps hot air. This is a satellite-based decision-support estimate, not an official public-health heat warning.", "honesty_note": "This is a satellite-derived urban heat estimate, not an official public-health warning." }, "geometry": { "type": "Polygon", "coordinates": [ [ [ 31.322256052841194, 30.068282221464631 ], [ 31.322256052841194, 30.064395005024021 ], [ 31.321508474791283, 30.064395005024021 ], [ 31.3207722, 30.065661 ], [ 31.3201768, 30.0670489 ], [ 31.319734840459528, 30.068282221464631 ], [ 31.322256052841194, 30.068282221464631 ] ] ] } },
{ "type": "Feature", "properties": { "zone_code": "NSR-GRID-106", "predicted_heat_anomaly_c": 0.22515302837662127, "predicted_heat_risk_score": 0.21916019490345565, "predicted_heat_risk_class": "low", "observed_lst_c": 36.654757315830189, "date": "2025-10-23", "top_factor_1": "Built Environment Density", "top_factor_1_reason": "high built-up density limits cooling", "top_factor_2": "Impervious Surfaces", "top_factor_2_reason": "high impervious building indices", "explanation_text": "This zone is estimated as low heat risk because it combines high built-up density limits cooling and high impervious building indices. This is a satellite-based decision-support estimate, not an official public-health heat warning.", "honesty_note": "This is a satellite-derived urban heat estimate, not an official public-health warning." }, "geometry": { "type": "Polygon", "coordinates": [ [ [ 31.416579157673748, 30.064395005024021 ], [ 31.416579157673748, 30.068282221464631 ], [ 31.421070734094339, 30.068282221464631 ], [ 31.421070734094339, 30.065352117234557 ], [ 31.4207935, 30.065162 ], [ 31.420012943530718, 30.064395005024021 ], [ 31.416579157673748, 30.064395005024021 ] ] ] } },
{ "type": "Feature", "properties": { "zone_code": "NSR-GRID-107", "predicted_heat_anomaly_c": -2.0444112392119846, "predicted_heat_risk_score": 0.38532669025899857, "predicted_heat_risk_class": "medium", "observed_lst_c": 34.702212331776366, "date": "2025-10-23", "top_factor_1": "Built Environment Density", "top_factor_1_reason": "high built-up density limits cooling", "top_factor_2": "Topography / Elevation", "top_factor_2_reason": "low-lying terrain traps hot air", "explanation_text": "This zone is estimated as medium heat risk because it combines high built-up density limits cooling and low-lying terrain traps hot air. This is a satellite-based decision-support estimate, not an official public-health heat warning.", "honesty_note": "This is a satellite-derived urban heat estimate, not an official public-health warning." }, "geometry": { "type": "Polygon", "coordinates": [ [ [ 31.322256052841194, 30.064395005024021 ], [ 31.322256052841194, 30.068282221464631 ], [ 31.326747629261792, 30.068282221464631 ], [ 31.326747629261792, 30.064395005024021 ], [ 31.322256052841194, 30.064395005024021 ] ] ] } },
{ "type": "Feature", "properties": { "zone_code": "NSR-GRID-108", "predicted_heat_anomaly_c": -2.4584729404163217, "predicted_heat_risk_score": 0.3559583721724307, "predicted_heat_risk_class": "medium", "observed_lst_c": 34.072684093101152, "date": "2025-10-23", "top_factor_1": "Built Environment Density", "top_factor_1_reason": "high built-up density limits cooling", "top_factor_2": "Topography / Elevation", "top_factor_2_reason": "low-lying terrain traps hot air", "explanation_text": "This zone is estimated as medium heat risk because it combines high built-up density limits cooling and low-lying terrain traps hot air. This is a satellite-based decision-support estimate, not an official public-health heat warning.", "honesty_note": "This is a satellite-derived urban heat estimate, not an official public-health warning." }, "geometry": { "type": "Polygon", "coordinates": [ [ [ 31.326747629261792, 30.064395005024021 ], [ 31.326747629261792, 30.068282221464631 ], [ 31.331239205682394, 30.068282221464631 ], [ 31.331239205682394, 30.064395005024021 ], [ 31.326747629261792, 30.064395005024021 ] ] ] } },
{ "type": "Feature", "properties": { "zone_code": "NSR-GRID-109", "predicted_heat_anomaly_c": -3.2152170767229893, "predicted_heat_risk_score": 0.36719550388510536, "predicted_heat_risk_class": "medium", "observed_lst_c": 33.400727158554915, "date": "2025-10-23", "top_factor_1": "Built Environment Density", "top_factor_1_reason": "high built-up density limits cooling", "top_factor_2": "Topography / Elevation", "top_factor_2_reason": "low-lying terrain traps hot air", "explanation_text": "This zone is estimated as medium heat risk because it combines high built-up density limits cooling and low-lying terrain traps hot air. This is a satellite-based decision-support estimate, not an official public-health heat warning.", "honesty_note": "This is a satellite-derived urban heat estimate, not an official public-health warning." }, "geometry": { "type": "Polygon", "coordinates": [ [ [ 31.331239205682394, 30.064395005024021 ], [ 31.331239205682394, 30.068282221464631 ], [ 31.335730782102992, 30.068282221464631 ], [ 31.335730782102992, 30.064395005024021 ], [ 31.331239205682394, 30.064395005024021 ] ] ] } },
{ "type": "Feature", "properties": { "zone_code": "NSR-GRID-110", "predicted_heat_anomaly_c": -3.0554841454110502, "predicted_heat_risk_score": 0.36031087776969795, "predicted_heat_risk_class": "medium", "observed_lst_c": 33.312236817790883, "date": "2025-10-23", "top_factor_1": "Built Environment Density", "top_factor_1_reason": "high built-up density limits cooling", "top_factor_2": "Topography / Elevation", "top_factor_2_reason": "low-lying terrain traps hot air", "explanation_text": "This zone is estimated as medium heat risk because it combines high built-up density limits cooling and low-lying terrain traps hot air. This is a satellite-based decision-support estimate, not an official public-health heat warning.", "honesty_note": "This is a satellite-derived urban heat estimate, not an official public-health warning." }, "geometry": { "type": "Polygon", "coordinates": [ [ [ 31.335730782102992, 30.064395005024021 ], [ 31.335730782102992, 30.068282221464631 ], [ 31.340222358523583, 30.068282221464631 ], [ 31.340222358523583, 30.064395005024021 ], [ 31.335730782102992, 30.064395005024021 ] ] ] } },
{ "type": "Feature", "properties": { "zone_code": "NSR-GRID-111", "predicted_heat_anomaly_c": -2.9340148064226841, "predicted_heat_risk_score": 0.36323841968631082, "predicted_heat_risk_class": "medium", "observed_lst_c": 33.579522123826834, "date": "2025-10-23", "top_factor_1": "Built Environment Density", "top_factor_1_reason": "high built-up density limits cooling", "top_factor_2": "Topography / Elevation", "top_factor_2_reason": "low-lying terrain traps hot air", "explanation_text": "This zone is estimated as medium heat risk because it combines high built-up density limits cooling and low-lying terrain traps hot air. This is a satellite-based decision-support estimate, not an official public-health heat warning.", "honesty_note": "This is a satellite-derived urban heat estimate, not an official public-health warning." }, "geometry": { "type": "Polygon", "coordinates": [ [ [ 31.340222358523583, 30.064395005024021 ], [ 31.340222358523583, 30.068282221464631 ], [ 31.344713934944181, 30.068282221464631 ], [ 31.344713934944181, 30.064395005024021 ], [ 31.340222358523583, 30.064395005024021 ] ] ] } },
{ "type": "Feature", "properties": { "zone_code": "NSR-GRID-112", "predicted_heat_anomaly_c": -2.0732979910812137, "predicted_heat_risk_score": 0.42030708013622065, "predicted_heat_risk_class": "medium", "observed_lst_c": 34.313397530604504, "date": "2025-10-23", "top_factor_1": "Built Environment Density", "top_factor_1_reason": "high built-up density limits cooling", "top_factor_2": "Topography / Elevation", "top_factor_2_reason": "low-lying terrain traps hot air", "explanation_text": "This zone is estimated as medium heat risk because it combines high built-up density limits cooling and low-lying terrain traps hot air. This is a satellite-based decision-support estimate, not an official public-health heat warning.", "honesty_note": "This is a satellite-derived urban heat estimate, not an official public-health warning." }, "geometry": { "type": "Polygon", "coordinates": [ [ [ 31.344713934944181, 30.064395005024021 ], [ 31.344713934944181, 30.068282221464631 ], [ 31.349205511364779, 30.068282221464631 ], [ 31.349205511364779, 30.064395005024021 ], [ 31.344713934944181, 30.064395005024021 ] ] ] } },
{ "type": "Feature", "properties": { "zone_code": "NSR-GRID-113", "predicted_heat_anomaly_c": -3.605481172935217, "predicted_heat_risk_score": 0.34474062570875902, "predicted_heat_risk_class": "low", "observed_lst_c": 32.965057026926722, "date": "2025-10-23", "top_factor_1": "Built Environment Density", "top_factor_1_reason": "high built-up density limits cooling", "top_factor_2": "Vegetation Shielding", "top_factor_2_reason": "extremely low vegetation canopy", "explanation_text": "This zone is estimated as low heat risk because it combines high built-up density limits cooling and extremely low vegetation canopy. This is a satellite-based decision-support estimate, not an official public-health heat warning.", "honesty_note": "This is a satellite-derived urban heat estimate, not an official public-health warning." }, "geometry": { "type": "Polygon", "coordinates": [ [ [ 31.349205511364779, 30.064395005024021 ], [ 31.349205511364779, 30.068282221464631 ], [ 31.353697087785381, 30.068282221464631 ], [ 31.353697087785381, 30.064395005024021 ], [ 31.349205511364779, 30.064395005024021 ] ] ] } },
{ "type": "Feature", "properties": { "zone_code": "NSR-GRID-114", "predicted_heat_anomaly_c": -3.5749471602096916, "predicted_heat_risk_score": 0.35502483530090956, "predicted_heat_risk_class": "medium", "observed_lst_c": 33.041131606104727, "date": "2025-10-23", "top_factor_1": "Built Environment Density", "top_factor_1_reason": "high built-up density limits cooling", "top_factor_2": "Vegetation Shielding", "top_factor_2_reason": "extremely low vegetation canopy", "explanation_text": "This zone is estimated as medium heat risk because it combines high built-up density limits cooling and extremely low vegetation canopy. This is a satellite-based decision-support estimate, not an official public-health heat warning.", "honesty_note": "This is a satellite-derived urban heat estimate, not an official public-health warning." }, "geometry": { "type": "Polygon", "coordinates": [ [ [ 31.353697087785381, 30.064395005024021 ], [ 31.353697087785381, 30.068282221464631 ], [ 31.358188664205979, 30.068282221464631 ], [ 31.358188664205979, 30.064395005024021 ], [ 31.353697087785381, 30.064395005024021 ] ] ] } },
{ "type": "Feature", "properties": { "zone_code": "NSR-GRID-115", "predicted_heat_anomaly_c": -1.8718980306485686, "predicted_heat_risk_score": 0.36857892985601709, "predicted_heat_risk_class": "medium", "observed_lst_c": 34.699325091154613, "date": "2025-10-23", "top_factor_1": "Built Environment Density", "top_factor_1_reason": "high built-up density limits cooling", "top_factor_2": "Vegetation Shielding", "top_factor_2_reason": "extremely low vegetation canopy", "explanation_text": "This zone is estimated as medium heat risk because it combines high built-up density limits cooling and extremely low vegetation canopy. This is a satellite-based decision-support estimate, not an official public-health heat warning.", "honesty_note": "This is a satellite-derived urban heat estimate, not an official public-health warning." }, "geometry": { "type": "Polygon", "coordinates": [ [ [ 31.358188664205979, 30.064395005024021 ], [ 31.358188664205979, 30.068282221464631 ], [ 31.362680240626577, 30.068282221464631 ], [ 31.362680240626577, 30.064395005024021 ], [ 31.358188664205979, 30.064395005024021 ] ] ] } },
{ "type": "Feature", "properties": { "zone_code": "NSR-GRID-116", "predicted_heat_anomaly_c": 0.6692463538964154, "predicted_heat_risk_score": 0.37342213777431948, "predicted_heat_risk_class": "medium", "observed_lst_c": 37.078255779577013, "date": "2025-10-23", "top_factor_1": "Built Environment Density", "top_factor_1_reason": "high built-up density limits cooling", "top_factor_2": "Vegetation Shielding", "top_factor_2_reason": "extremely low vegetation canopy", "explanation_text": "This zone is estimated as medium heat risk because it combines high built-up density limits cooling and extremely low vegetation canopy. This is a satellite-based decision-support estimate, not an official public-health heat warning.", "honesty_note": "This is a satellite-derived urban heat estimate, not an official public-health warning." }, "geometry": { "type": "Polygon", "coordinates": [ [ [ 31.362680240626577, 30.064395005024021 ], [ 31.362680240626577, 30.068282221464631 ], [ 31.367171817047169, 30.068282221464631 ], [ 31.367171817047169, 30.064395005024021 ], [ 31.362680240626577, 30.064395005024021 ] ] ] } },
{ "type": "Feature", "properties": { "zone_code": "NSR-GRID-117", "predicted_heat_anomaly_c": 1.1393551288896104, "predicted_heat_risk_score": 0.30164223282730546, "predicted_heat_risk_class": "low", "observed_lst_c": 37.613704450783551, "date": "2025-10-23", "top_factor_1": "Built Environment Density", "top_factor_1_reason": "high built-up density limits cooling", "top_factor_2": "Impervious Surfaces", "top_factor_2_reason": "high impervious building indices", "explanation_text": "This zone is estimated as low heat risk because it combines high built-up density limits cooling and high impervious building indices. This is a satellite-based decision-support estimate, not an official public-health heat warning.", "honesty_note": "This is a satellite-derived urban heat estimate, not an official public-health warning." }, "geometry": { "type": "Polygon", "coordinates": [ [ [ 31.367171817047169, 30.064395005024021 ], [ 31.367171817047169, 30.068282221464631 ], [ 31.371663393467767, 30.068282221464631 ], [ 31.371663393467767, 30.064395005024021 ], [ 31.367171817047169, 30.064395005024021 ] ] ] } },
{ "type": "Feature", "properties": { "zone_code": "NSR-GRID-118", "predicted_heat_anomaly_c": 0.3564807991505381, "predicted_heat_risk_score": 0.32302973092163845, "predicted_heat_risk_class": "low", "observed_lst_c": 37.194652633421605, "date": "2025-10-23", "top_factor_1": "Built Environment Density", "top_factor_1_reason": "high built-up density limits cooling", "top_factor_2": "Impervious Surfaces", "top_factor_2_reason": "high impervious building indices", "explanation_text": "This zone is estimated as low heat risk because it combines high built-up density limits cooling and high impervious building indices. This is a satellite-based decision-support estimate, not an official public-health heat warning.", "honesty_note": "This is a satellite-derived urban heat estimate, not an official public-health warning." }, "geometry": { "type": "Polygon", "coordinates": [ [ [ 31.371663393467767, 30.064395005024021 ], [ 31.371663393467767, 30.068282221464631 ], [ 31.376154969888365, 30.068282221464631 ], [ 31.376154969888365, 30.064395005024021 ], [ 31.371663393467767, 30.064395005024021 ] ] ] } },
{ "type": "Feature", "properties": { "zone_code": "NSR-GRID-119", "predicted_heat_anomaly_c": -3.5482305837956956, "predicted_heat_risk_score": 0.47802878088417466, "predicted_heat_risk_class": "medium", "observed_lst_c": 33.189289527620502, "date": "2025-10-23", "top_factor_1": "Built Environment Density", "top_factor_1_reason": "high built-up density limits cooling", "top_factor_2": "Impervious Surfaces", "top_factor_2_reason": "high impervious building indices", "explanation_text": "This zone is estimated as medium heat risk because it combines high built-up density limits cooling and high impervious building indices. This is a satellite-based decision-support estimate, not an official public-health heat warning.", "honesty_note": "This is a satellite-derived urban heat estimate, not an official public-health warning." }, "geometry": { "type": "Polygon", "coordinates": [ [ [ 31.376154969888365, 30.064395005024021 ], [ 31.376154969888365, 30.068282221464631 ], [ 31.380646546308967, 30.068282221464631 ], [ 31.380646546308967, 30.064395005024021 ], [ 31.376154969888365, 30.064395005024021 ] ] ] } },
{ "type": "Feature", "properties": { "zone_code": "NSR-GRID-120", "predicted_heat_anomaly_c": -3.3713129666376163, "predicted_heat_risk_score": 0.50280733630593488, "predicted_heat_risk_class": "medium", "observed_lst_c": 32.943493595809926, "date": "2025-10-23", "top_factor_1": "Built Environment Density", "top_factor_1_reason": "high built-up density limits cooling", "top_factor_2": "Impervious Surfaces", "top_factor_2_reason": "high impervious building indices", "explanation_text": "This zone is estimated as medium heat risk because it combines high built-up density limits cooling and high impervious building indices. This is a satellite-based decision-support estimate, not an official public-health heat warning.", "honesty_note": "This is a satellite-derived urban heat estimate, not an official public-health warning." }, "geometry": { "type": "Polygon", "coordinates": [ [ [ 31.380646546308967, 30.064395005024021 ], [ 31.380646546308967, 30.068282221464631 ], [ 31.385138122729565, 30.068282221464631 ], [ 31.385138122729565, 30.064395005024021 ], [ 31.380646546308967, 30.064395005024021 ] ] ] } },
{ "type": "Feature", "properties": { "zone_code": "NSR-GRID-121", "predicted_heat_anomaly_c": -1.2870672487944466, "predicted_heat_risk_score": 0.44769845655441631, "predicted_heat_risk_class": "medium", "observed_lst_c": 34.923115926769604, "date": "2025-10-23", "top_factor_1": "Built Environment Density", "top_factor_1_reason": "high built-up density limits cooling", "top_factor_2": "Impervious Surfaces", "top_factor_2_reason": "high impervious building indices", "explanation_text": "This zone is estimated as medium heat risk because it combines high built-up density limits cooling and high impervious building indices. This is a satellite-based decision-support estimate, not an official public-health heat warning.", "honesty_note": "This is a satellite-derived urban heat estimate, not an official public-health warning." }, "geometry": { "type": "Polygon", "coordinates": [ [ [ 31.385138122729565, 30.064395005024021 ], [ 31.385138122729565, 30.068282221464631 ], [ 31.389629699150163, 30.068282221464631 ], [ 31.389629699150163, 30.064395005024021 ], [ 31.385138122729565, 30.064395005024021 ] ] ] } },
{ "type": "Feature", "properties": { "zone_code": "NSR-GRID-122", "predicted_heat_anomaly_c": -0.91741609719016093, "predicted_heat_risk_score": 0.34310300220224133, "predicted_heat_risk_class": "low", "observed_lst_c": 35.425237317506827, "date": "2025-10-23", "top_factor_1": "Built Environment Density", "top_factor_1_reason": "high built-up density limits cooling", "top_factor_2": "Vegetation Shielding", "top_factor_2_reason": "extremely low vegetation canopy", "explanation_text": "This zone is estimated as low heat risk because it combines high built-up density limits cooling and extremely low vegetation canopy. This is a satellite-based decision-support estimate, not an official public-health heat warning.", "honesty_note": "This is a satellite-derived urban heat estimate, not an official public-health warning." }, "geometry": { "type": "Polygon", "coordinates": [ [ [ 31.389629699150163, 30.064395005024021 ], [ 31.389629699150163, 30.068282221464631 ], [ 31.394121275570754, 30.068282221464631 ], [ 31.394121275570754, 30.064395005024021 ], [ 31.389629699150163, 30.064395005024021 ] ] ] } },
{ "type": "Feature", "properties": { "zone_code": "NSR-GRID-123", "predicted_heat_anomaly_c": -1.0289502007331988, "predicted_heat_risk_score": 0.34931150642583081, "predicted_heat_risk_class": "low", "observed_lst_c": 35.220130449581966, "date": "2025-10-23", "top_factor_1": "Built Environment Density", "top_factor_1_reason": "high built-up density limits cooling", "top_factor_2": "Vegetation Shielding", "top_factor_2_reason": "extremely low vegetation canopy", "explanation_text": "This zone is estimated as low heat risk because it combines high built-up density limits cooling and extremely low vegetation canopy. This is a satellite-based decision-support estimate, not an official public-health heat warning.", "honesty_note": "This is a satellite-derived urban heat estimate, not an official public-health warning." }, "geometry": { "type": "Polygon", "coordinates": [ [ [ 31.394121275570754, 30.064395005024021 ], [ 31.394121275570754, 30.068282221464631 ], [ 31.398612851991352, 30.068282221464631 ], [ 31.398612851991352, 30.064395005024021 ], [ 31.394121275570754, 30.064395005024021 ] ] ] } },
{ "type": "Feature", "properties": { "zone_code": "NSR-GRID-124", "predicted_heat_anomaly_c": -0.92111617190415584, "predicted_heat_risk_score": 0.33024716673401938, "predicted_heat_risk_class": "low", "observed_lst_c": 36.013669935632926, "date": "2025-10-23", "top_factor_1": "Built Environment Density", "top_factor_1_reason": "high built-up density limits cooling", "top_factor_2": "Vegetation Shielding", "top_factor_2_reason": "extremely low vegetation canopy", "explanation_text": "This zone is estimated as low heat risk because it combines high built-up density limits cooling and extremely low vegetation canopy. This is a satellite-based decision-support estimate, not an official public-health heat warning.", "honesty_note": "This is a satellite-derived urban heat estimate, not an official public-health warning." }, "geometry": { "type": "Polygon", "coordinates": [ [ [ 31.398612851991352, 30.064395005024021 ], [ 31.398612851991352, 30.068282221464631 ], [ 31.403104428411954, 30.068282221464631 ], [ 31.403104428411954, 30.064395005024021 ], [ 31.398612851991352, 30.064395005024021 ] ] ] } },
{ "type": "Feature", "properties": { "zone_code": "NSR-GRID-125", "predicted_heat_anomaly_c": -1.6661788116795975, "predicted_heat_risk_score": 0.19414310047823641, "predicted_heat_risk_class": "low", "observed_lst_c": 34.989455977925424, "date": "2025-10-23", "top_factor_1": "Built Environment Density", "top_factor_1_reason": "high built-up density limits cooling", "top_factor_2": "Vegetation Shielding", "top_factor_2_reason": "extremely low vegetation canopy", "explanation_text": "This zone is estimated as low heat risk because it combines high built-up density limits cooling and extremely low vegetation canopy. This is a satellite-based decision-support estimate, not an official public-health heat warning.", "honesty_note": "This is a satellite-derived urban heat estimate, not an official public-health warning." }, "geometry": { "type": "Polygon", "coordinates": [ [ [ 31.403104428411954, 30.064395005024021 ], [ 31.403104428411954, 30.068282221464631 ], [ 31.407596004832552, 30.068282221464631 ], [ 31.407596004832552, 30.064395005024021 ], [ 31.403104428411954, 30.064395005024021 ] ] ] } },
{ "type": "Feature", "properties": { "zone_code": "NSR-GRID-126", "predicted_heat_anomaly_c": 0.6446508887941037, "predicted_heat_risk_score": 0.22217540316212439, "predicted_heat_risk_class": "low", "observed_lst_c": 36.938611582914497, "date": "2025-10-23", "top_factor_1": "Built Environment Density", "top_factor_1_reason": "high built-up density limits cooling", "top_factor_2": "Impervious Surfaces", "top_factor_2_reason": "high impervious building indices", "explanation_text": "This zone is estimated as low heat risk because it combines high built-up density limits cooling and high impervious building indices. This is a satellite-based decision-support estimate, not an official public-health heat warning.", "honesty_note": "This is a satellite-derived urban heat estimate, not an official public-health warning." }, "geometry": { "type": "Polygon", "coordinates": [ [ [ 31.407596004832552, 30.064395005024021 ], [ 31.407596004832552, 30.068282221464631 ], [ 31.41208758125315, 30.068282221464631 ], [ 31.41208758125315, 30.064395005024021 ], [ 31.407596004832552, 30.064395005024021 ] ] ] } },
{ "type": "Feature", "properties": { "zone_code": "NSR-GRID-127", "predicted_heat_anomaly_c": 1.2338159306225047, "predicted_heat_risk_score": 0.2279855340977327, "predicted_heat_risk_class": "low", "observed_lst_c": 37.970593818332269, "date": "2025-10-23", "top_factor_1": "Built Environment Density", "top_factor_1_reason": "high built-up density limits cooling", "top_factor_2": "Impervious Surfaces", "top_factor_2_reason": "high impervious building indices", "explanation_text": "This zone is estimated as low heat risk because it combines high built-up density limits cooling and high impervious building indices. This is a satellite-based decision-support estimate, not an official public-health heat warning.", "honesty_note": "This is a satellite-derived urban heat estimate, not an official public-health warning." }, "geometry": { "type": "Polygon", "coordinates": [ [ [ 31.41208758125315, 30.064395005024021 ], [ 31.41208758125315, 30.068282221464631 ], [ 31.416579157673748, 30.068282221464631 ], [ 31.416579157673748, 30.064395005024021 ], [ 31.41208758125315, 30.064395005024021 ] ] ] } },
{ "type": "Feature", "properties": { "zone_code": "NSR-GRID-128", "predicted_heat_anomaly_c": -2.3092961235241876, "predicted_heat_risk_score": 0.23047583798119062, "predicted_heat_risk_class": "low", "observed_lst_c": 34.592219290204099, "date": "2025-10-23", "top_factor_1": "Built Environment Density", "top_factor_1_reason": "high built-up density limits cooling", "top_factor_2": "Topography / Elevation", "top_factor_2_reason": "low-lying terrain traps hot air", "explanation_text": "This zone is estimated as low heat risk because it combines high built-up density limits cooling and low-lying terrain traps hot air. This is a satellite-based decision-support estimate, not an official public-health heat warning.", "honesty_note": "This is a satellite-derived urban heat estimate, not an official public-health warning." }, "geometry": { "type": "Polygon", "coordinates": [ [ [ 31.322256052841194, 30.064395005024021 ], [ 31.322256052841194, 30.063109557980901 ], [ 31.321508474791283, 30.064395005024021 ], [ 31.322256052841194, 30.064395005024021 ] ] ] } },
{ "type": "Feature", "properties": { "zone_code": "NSR-GRID-129", "predicted_heat_anomaly_c": -0.093316932480008288, "predicted_heat_risk_score": 0.22939712492838352, "predicted_heat_risk_class": "low", "observed_lst_c": 36.398604147016194, "date": "2025-10-23", "top_factor_1": "Built Environment Density", "top_factor_1_reason": "high built-up density limits cooling", "top_factor_2": "Impervious Surfaces", "top_factor_2_reason": "high impervious building indices", "explanation_text": "This zone is estimated as low heat risk because it combines high built-up density limits cooling and high impervious building indices. This is a satellite-based decision-support estimate, not an official public-health heat warning.", "honesty_note": "This is a satellite-derived urban heat estimate, not an official public-health warning." }, "geometry": { "type": "Polygon", "coordinates": [ [ [ 31.416579157673748, 30.064395005024021 ], [ 31.420012943530718, 30.064395005024021 ], [ 31.4181906, 30.0626043 ], [ 31.416579157673748, 30.060679953030998 ], [ 31.416579157673748, 30.064395005024021 ] ] ] } },
{ "type": "Feature", "properties": { "zone_code": "NSR-GRID-130", "predicted_heat_anomaly_c": -1.979061765636176, "predicted_heat_risk_score": 0.37451538054732847, "predicted_heat_risk_class": "medium", "observed_lst_c": 34.580206804661465, "date": "2025-10-23", "top_factor_1": "Built Environment Density", "top_factor_1_reason": "high built-up density limits cooling", "top_factor_2": "Topography / Elevation", "top_factor_2_reason": "low-lying terrain traps hot air", "explanation_text": "This zone is estimated as medium heat risk because it combines high built-up density limits cooling and low-lying terrain traps hot air. This is a satellite-based decision-support estimate, not an official public-health heat warning.", "honesty_note": "This is a satellite-derived urban heat estimate, not an official public-health warning." }, "geometry": { "type": "Polygon", "coordinates": [ [ [ 31.322256052841194, 30.064395005024021 ], [ 31.326747629261792, 30.064395005024021 ], [ 31.326747629261792, 30.060507635919031 ], [ 31.323759049574754, 30.060507635919031 ], [ 31.322397, 30.0628672 ], [ 31.322256052841194, 30.063109557980901 ], [ 31.322256052841194, 30.064395005024021 ] ] ] } },
{ "type": "Feature", "properties": { "zone_code": "NSR-GRID-131", "predicted_heat_anomaly_c": -1.0494546969948708, "predicted_heat_risk_score": 0.19516363214883628, "predicted_heat_risk_class": "low", "observed_lst_c": 35.334216535410221, "date": "2025-10-23", "top_factor_1": "Built Environment Density", "top_factor_1_reason": "high built-up density limits cooling", "top_factor_2": "Impervious Surfaces", "top_factor_2_reason": "high impervious building indices", "explanation_text": "This zone is estimated as low heat risk because it combines high built-up density limits cooling and high impervious building indices. This is a satellite-based decision-support estimate, not an official public-health heat warning.", "honesty_note": "This is a satellite-derived urban heat estimate, not an official public-health warning." }, "geometry": { "type": "Polygon", "coordinates": [ [ [ 31.41208758125315, 30.060507635919031 ], [ 31.41208758125315, 30.064395005024021 ], [ 31.416579157673748, 30.064395005024021 ], [ 31.416579157673748, 30.060679953030998 ], [ 31.416434861373908, 30.060507635919031 ], [ 31.41208758125315, 30.060507635919031 ] ] ] } },
{ "type": "Feature", "properties": { "zone_code": "NSR-GRID-132", "predicted_heat_anomaly_c": -3.201551689911168, "predicted_heat_risk_score": 0.36136648083767536, "predicted_heat_risk_class": "medium", "observed_lst_c": 33.215323614781077, "date": "2025-10-23", "top_factor_1": "Built Environment Density", "top_factor_1_reason": "high built-up density limits cooling", "top_factor_2": "Topography / Elevation", "top_factor_2_reason": "low-lying terrain traps hot air", "explanation_text": "This zone is estimated as medium heat risk because it combines high built-up density limits cooling and low-lying terrain traps hot air. This is a satellite-based decision-support estimate, not an official public-health heat warning.", "honesty_note": "This is a satellite-derived urban heat estimate, not an official public-health warning." }, "geometry": { "type": "Polygon", "coordinates": [ [ [ 31.326747629261792, 30.060507635919031 ], [ 31.326747629261792, 30.064395005024021 ], [ 31.331239205682394, 30.064395005024021 ], [ 31.331239205682394, 30.060507635919031 ], [ 31.326747629261792, 30.060507635919031 ] ] ] } },
{ "type": "Feature", "properties": { "zone_code": "NSR-GRID-133", "predicted_heat_anomaly_c": -3.2352198982248299, "predicted_heat_risk_score": 0.37021589568073088, "predicted_heat_risk_class": "medium", "observed_lst_c": 33.349517979563551, "date": "2025-10-23", "top_factor_1": "Built Environment Density", "top_factor_1_reason": "high built-up density limits cooling", "top_factor_2": "Topography / Elevation", "top_factor_2_reason": "low-lying terrain traps hot air", "explanation_text": "This zone is estimated as medium heat risk because it combines high built-up density limits cooling and low-lying terrain traps hot air. This is a satellite-based decision-support estimate, not an official public-health heat warning.", "honesty_note": "This is a satellite-derived urban heat estimate, not an official public-health warning." }, "geometry": { "type": "Polygon", "coordinates": [ [ [ 31.331239205682394, 30.060507635919031 ], [ 31.331239205682394, 30.064395005024021 ], [ 31.335730782102992, 30.064395005024021 ], [ 31.335730782102992, 30.060507635919031 ], [ 31.331239205682394, 30.060507635919031 ] ] ] } },
{ "type": "Feature", "properties": { "zone_code": "NSR-GRID-134", "predicted_heat_anomaly_c": -3.0353560829467745, "predicted_heat_risk_score": 0.3573389535621011, "predicted_heat_risk_class": "medium", "observed_lst_c": 33.404921992201849, "date": "2025-10-23", "top_factor_1": "Built Environment Density", "top_factor_1_reason": "high built-up density limits cooling", "top_factor_2": "Topography / Elevation", "top_factor_2_reason": "low-lying terrain traps hot air", "explanation_text": "This zone is estimated as medium heat risk because it combines high built-up density limits cooling and low-lying terrain traps hot air. This is a satellite-based decision-support estimate, not an official public-health heat warning.", "honesty_note": "This is a satellite-derived urban heat estimate, not an official public-health warning." }, "geometry": { "type": "Polygon", "coordinates": [ [ [ 31.335730782102992, 30.060507635919031 ], [ 31.335730782102992, 30.064395005024021 ], [ 31.340222358523583, 30.064395005024021 ], [ 31.340222358523583, 30.060507635919031 ], [ 31.335730782102992, 30.060507635919031 ] ] ] } },
{ "type": "Feature", "properties": { "zone_code": "NSR-GRID-135", "predicted_heat_anomaly_c": -3.1114770074071667, "predicted_heat_risk_score": 0.3444623897604997, "predicted_heat_risk_class": "low", "observed_lst_c": 33.235138225939323, "date": "2025-10-23", "top_factor_1": "Built Environment Density", "top_factor_1_reason": "high built-up density limits cooling", "top_factor_2": "Topography / Elevation", "top_factor_2_reason": "low-lying terrain traps hot air", "explanation_text": "This zone is estimated as low heat risk because it combines high built-up density limits cooling and low-lying terrain traps hot air. This is a satellite-based decision-support estimate, not an official public-health heat warning.", "honesty_note": "This is a satellite-derived urban heat estimate, not an official public-health warning." }, "geometry": { "type": "Polygon", "coordinates": [ [ [ 31.340222358523583, 30.060507635919031 ], [ 31.340222358523583, 30.064395005024021 ], [ 31.344713934944181, 30.064395005024021 ], [ 31.344713934944181, 30.060507635919031 ], [ 31.340222358523583, 30.060507635919031 ] ] ] } },
{ "type": "Feature", "properties": { "zone_code": "NSR-GRID-136", "predicted_heat_anomaly_c": -2.764221992801926, "predicted_heat_risk_score": 0.25039300354758803, "predicted_heat_risk_class": "low", "observed_lst_c": 33.839791614672343, "date": "2025-10-23", "top_factor_1": "Built Environment Density", "top_factor_1_reason": "high built-up density limits cooling", "top_factor_2": "Topography / Elevation", "top_factor_2_reason": "low-lying terrain traps hot air", "explanation_text": "This zone is estimated as low heat risk because it combines high built-up density limits cooling and low-lying terrain traps hot air. This is a satellite-based decision-support estimate, not an official public-health heat warning.", "honesty_note": "This is a satellite-derived urban heat estimate, not an official public-health warning." }, "geometry": { "type": "Polygon", "coordinates": [ [ [ 31.344713934944181, 30.060507635919031 ], [ 31.344713934944181, 30.064395005024021 ], [ 31.349205511364779, 30.064395005024021 ], [ 31.349205511364779, 30.060507635919031 ], [ 31.344713934944181, 30.060507635919031 ] ] ] } },
{ "type": "Feature", "properties": { "zone_code": "NSR-GRID-137", "predicted_heat_anomaly_c": -3.3856771722784389, "predicted_heat_risk_score": 0.34691936332703238, "predicted_heat_risk_class": "low", "observed_lst_c": 33.092294163449331, "date": "2025-10-23", "top_factor_1": "Built Environment Density", "top_factor_1_reason": "high built-up density limits cooling", "top_factor_2": "Vegetation Shielding", "top_factor_2_reason": "extremely low vegetation canopy", "explanation_text": "This zone is estimated as low heat risk because it combines high built-up density limits cooling and extremely low vegetation canopy. This is a satellite-based decision-support estimate, not an official public-health heat warning.", "honesty_note": "This is a satellite-derived urban heat estimate, not an official public-health warning." }, "geometry": { "type": "Polygon", "coordinates": [ [ [ 31.349205511364779, 30.060507635919031 ], [ 31.349205511364779, 30.064395005024021 ], [ 31.353697087785381, 30.064395005024021 ], [ 31.353697087785381, 30.060507635919031 ], [ 31.349205511364779, 30.060507635919031 ] ] ] } },
{ "type": "Feature", "properties": { "zone_code": "NSR-GRID-138", "predicted_heat_anomaly_c": -3.6944142303514016, "predicted_heat_risk_score": 0.33921869247920039, "predicted_heat_risk_class": "low", "observed_lst_c": 32.737375999163277, "date": "2025-10-23", "top_factor_1": "Built Environment Density", "top_factor_1_reason": "high built-up density limits cooling", "top_factor_2": "Vegetation Shielding", "top_factor_2_reason": "extremely low vegetation canopy", "explanation_text": "This zone is estimated as low heat risk because it combines high built-up density limits cooling and extremely low vegetation canopy. This is a satellite-based decision-support estimate, not an official public-health heat warning.", "honesty_note": "This is a satellite-derived urban heat estimate, not an official public-health warning." }, "geometry": { "type": "Polygon", "coordinates": [ [ [ 31.353697087785381, 30.060507635919031 ], [ 31.353697087785381, 30.064395005024021 ], [ 31.358188664205979, 30.064395005024021 ], [ 31.358188664205979, 30.060507635919031 ], [ 31.353697087785381, 30.060507635919031 ] ] ] } },
{ "type": "Feature", "properties": { "zone_code": "NSR-GRID-139", "predicted_heat_anomaly_c": -1.9539256800077931, "predicted_heat_risk_score": 0.38700058443005414, "predicted_heat_risk_class": "medium", "observed_lst_c": 34.359854344086607, "date": "2025-10-23", "top_factor_1": "Built Environment Density", "top_factor_1_reason": "high built-up density limits cooling", "top_factor_2": "Vegetation Shielding", "top_factor_2_reason": "extremely low vegetation canopy", "explanation_text": "This zone is estimated as medium heat risk because it combines high built-up density limits cooling and extremely low vegetation canopy. This is a satellite-based decision-support estimate, not an official public-health heat warning.", "honesty_note": "This is a satellite-derived urban heat estimate, not an official public-health warning." }, "geometry": { "type": "Polygon", "coordinates": [ [ [ 31.358188664205979, 30.060507635919031 ], [ 31.358188664205979, 30.064395005024021 ], [ 31.362680240626577, 30.064395005024021 ], [ 31.362680240626577, 30.060507635919031 ], [ 31.358188664205979, 30.060507635919031 ] ] ] } },
{ "type": "Feature", "properties": { "zone_code": "NSR-GRID-140", "predicted_heat_anomaly_c": 2.0935287341540372, "predicted_heat_risk_score": 0.27397591462492549, "predicted_heat_risk_class": "low", "observed_lst_c": 38.291100359403288, "date": "2025-10-23", "top_factor_1": "Built Environment Density", "top_factor_1_reason": "high built-up density limits cooling", "top_factor_2": "Impervious Surfaces", "top_factor_2_reason": "high impervious building indices", "explanation_text": "This zone is estimated as low heat risk because it combines high built-up density limits cooling and high impervious building indices. This is a satellite-based decision-support estimate, not an official public-health heat warning.", "honesty_note": "This is a satellite-derived urban heat estimate, not an official public-health warning." }, "geometry": { "type": "Polygon", "coordinates": [ [ [ 31.362680240626577, 30.060507635919031 ], [ 31.362680240626577, 30.064395005024021 ], [ 31.367171817047169, 30.064395005024021 ], [ 31.367171817047169, 30.060507635919031 ], [ 31.362680240626577, 30.060507635919031 ] ] ] } },
{ "type": "Feature", "properties": { "zone_code": "NSR-GRID-141", "predicted_heat_anomaly_c": 2.4040323356594899, "predicted_heat_risk_score": 0.25400117329394117, "predicted_heat_risk_class": "low", "observed_lst_c": 38.732423719022414, "date": "2025-10-23", "top_factor_1": "Built Environment Density", "top_factor_1_reason": "high built-up density limits cooling", "top_factor_2": "Impervious Surfaces", "top_factor_2_reason": "high impervious building indices", "explanation_text": "This zone is estimated as low heat risk because it combines high built-up density limits cooling and high impervious building indices. This is a satellite-based decision-support estimate, not an official public-health heat warning.", "honesty_note": "This is a satellite-derived urban heat estimate, not an official public-health warning." }, "geometry": { "type": "Polygon", "coordinates": [ [ [ 31.367171817047169, 30.060507635919031 ], [ 31.367171817047169, 30.064395005024021 ], [ 31.371663393467767, 30.064395005024021 ], [ 31.371663393467767, 30.060507635919031 ], [ 31.367171817047169, 30.060507635919031 ] ] ] } },
{ "type": "Feature", "properties": { "zone_code": "NSR-GRID-142", "predicted_heat_anomaly_c": -0.34340109053261203, "predicted_heat_risk_score": 0.31318915486185428, "predicted_heat_risk_class": "low", "observed_lst_c": 35.90554445076765, "date": "2025-10-23", "top_factor_1": "Built Environment Density", "top_factor_1_reason": "high built-up density limits cooling", "top_factor_2": "Impervious Surfaces", "top_factor_2_reason": "high impervious building indices", "explanation_text": "This zone is estimated as low heat risk because it combines high built-up density limits cooling and high impervious building indices. This is a satellite-based decision-support estimate, not an official public-health heat warning.", "honesty_note": "This is a satellite-derived urban heat estimate, not an official public-health warning." }, "geometry": { "type": "Polygon", "coordinates": [ [ [ 31.371663393467767, 30.060507635919031 ], [ 31.371663393467767, 30.064395005024021 ], [ 31.376154969888365, 30.064395005024021 ], [ 31.376154969888365, 30.060507635919031 ], [ 31.371663393467767, 30.060507635919031 ] ] ] } },
{ "type": "Feature", "properties": { "zone_code": "NSR-GRID-143", "predicted_heat_anomaly_c": -2.1621124313427011, "predicted_heat_risk_score": 0.42793927654187636, "predicted_heat_risk_class": "medium", "observed_lst_c": 34.401893544397566, "date": "2025-10-23", "top_factor_1": "Built Environment Density", "top_factor_1_reason": "high built-up density limits cooling", "top_factor_2": "Impervious Surfaces", "top_factor_2_reason": "high impervious building indices", "explanation_text": "This zone is estimated as medium heat risk because it combines high built-up density limits cooling and high impervious building indices. This is a satellite-based decision-support estimate, not an official public-health heat warning.", "honesty_note": "This is a satellite-derived urban heat estimate, not an official public-health warning." }, "geometry": { "type": "Polygon", "coordinates": [ [ [ 31.376154969888365, 30.060507635919031 ], [ 31.376154969888365, 30.064395005024021 ], [ 31.380646546308967, 30.064395005024021 ], [ 31.380646546308967, 30.060507635919031 ], [ 31.376154969888365, 30.060507635919031 ] ] ] } },
{ "type": "Feature", "properties": { "zone_code": "NSR-GRID-144", "predicted_heat_anomaly_c": -3.4731508140821385, "predicted_heat_risk_score": 0.47686069105909096, "predicted_heat_risk_class": "medium", "observed_lst_c": 33.249382203630901, "date": "2025-10-23", "top_factor_1": "Built Environment Density", "top_factor_1_reason": "high built-up density limits cooling", "top_factor_2": "Impervious Surfaces", "top_factor_2_reason": "high impervious building indices", "explanation_text": "This zone is estimated as medium heat risk because it combines high built-up density limits cooling and high impervious building indices. This is a satellite-based decision-support estimate, not an official public-health heat warning.", "honesty_note": "This is a satellite-derived urban heat estimate, not an official public-health warning." }, "geometry": { "type": "Polygon", "coordinates": [ [ [ 31.380646546308967, 30.060507635919031 ], [ 31.380646546308967, 30.064395005024021 ], [ 31.385138122729565, 30.064395005024021 ], [ 31.385138122729565, 30.060507635919031 ], [ 31.380646546308967, 30.060507635919031 ] ] ] } },
{ "type": "Feature", "properties": { "zone_code": "NSR-GRID-145", "predicted_heat_anomaly_c": -1.6591271361268665, "predicted_heat_risk_score": 0.43100462897148206, "predicted_heat_risk_class": "medium", "observed_lst_c": 34.716614852993317, "date": "2025-10-23", "top_factor_1": "Built Environment Density", "top_factor_1_reason": "high built-up density limits cooling", "top_factor_2": "Impervious Surfaces", "top_factor_2_reason": "high impervious building indices", "explanation_text": "This zone is estimated as medium heat risk because it combines high built-up density limits cooling and high impervious building indices. This is a satellite-based decision-support estimate, not an official public-health heat warning.", "honesty_note": "This is a satellite-derived urban heat estimate, not an official public-health warning." }, "geometry": { "type": "Polygon", "coordinates": [ [ [ 31.385138122729565, 30.060507635919031 ], [ 31.385138122729565, 30.064395005024021 ], [ 31.389629699150163, 30.064395005024021 ], [ 31.389629699150163, 30.060507635919031 ], [ 31.385138122729565, 30.060507635919031 ] ] ] } },
{ "type": "Feature", "properties": { "zone_code": "NSR-GRID-146", "predicted_heat_anomaly_c": -1.0032256147292602, "predicted_heat_risk_score": 0.32500139701104158, "predicted_heat_risk_class": "low", "observed_lst_c": 35.204992478148398, "date": "2025-10-23", "top_factor_1": "Built Environment Density", "top_factor_1_reason": "high built-up density limits cooling", "top_factor_2": "Vegetation Shielding", "top_factor_2_reason": "extremely low vegetation canopy", "explanation_text": "This zone is estimated as low heat risk because it combines high built-up density limits cooling and extremely low vegetation canopy. This is a satellite-based decision-support estimate, not an official public-health heat warning.", "honesty_note": "This is a satellite-derived urban heat estimate, not an official public-health warning." }, "geometry": { "type": "Polygon", "coordinates": [ [ [ 31.389629699150163, 30.060507635919031 ], [ 31.389629699150163, 30.064395005024021 ], [ 31.394121275570754, 30.064395005024021 ], [ 31.394121275570754, 30.060507635919031 ], [ 31.389629699150163, 30.060507635919031 ] ] ] } },
{ "type": "Feature", "properties": { "zone_code": "NSR-GRID-147", "predicted_heat_anomaly_c": -0.87067265384611103, "predicted_heat_risk_score": 0.33179433806375563, "predicted_heat_risk_class": "low", "observed_lst_c": 35.555377195233469, "date": "2025-10-23", "top_factor_1": "Built Environment Density", "top_factor_1_reason": "high built-up density limits cooling", "top_factor_2": "Vegetation Shielding", "top_factor_2_reason": "extremely low vegetation canopy", "explanation_text": "This zone is estimated as low heat risk because it combines high built-up density limits cooling and extremely low vegetation canopy. This is a satellite-based decision-support estimate, not an official public-health heat warning.", "honesty_note": "This is a satellite-derived urban heat estimate, not an official public-health warning." }, "geometry": { "type": "Polygon", "coordinates": [ [ [ 31.394121275570754, 30.060507635919031 ], [ 31.394121275570754, 30.064395005024021 ], [ 31.398612851991352, 30.064395005024021 ], [ 31.398612851991352, 30.060507635919031 ], [ 31.394121275570754, 30.060507635919031 ] ] ] } },
{ "type": "Feature", "properties": { "zone_code": "NSR-GRID-148", "predicted_heat_anomaly_c": -0.75994488770074897, "predicted_heat_risk_score": 0.29524130012945249, "predicted_heat_risk_class": "low", "observed_lst_c": 35.766336543540064, "date": "2025-10-23", "top_factor_1": "Built Environment Density", "top_factor_1_reason": "high built-up density limits cooling", "top_factor_2": "Vegetation Shielding", "top_factor_2_reason": "extremely low vegetation canopy", "explanation_text": "This zone is estimated as low heat risk because it combines high built-up density limits cooling and extremely low vegetation canopy. This is a satellite-based decision-support estimate, not an official public-health heat warning.", "honesty_note": "This is a satellite-derived urban heat estimate, not an official public-health warning." }, "geometry": { "type": "Polygon", "coordinates": [ [ [ 31.398612851991352, 30.060507635919031 ], [ 31.398612851991352, 30.064395005024021 ], [ 31.403104428411954, 30.064395005024021 ], [ 31.403104428411954, 30.060507635919031 ], [ 31.398612851991352, 30.060507635919031 ] ] ] } },
{ "type": "Feature", "properties": { "zone_code": "NSR-GRID-149", "predicted_heat_anomaly_c": -2.0599680720636488, "predicted_heat_risk_score": 0.31831308925068591, "predicted_heat_risk_class": "low", "observed_lst_c": 34.425134002752969, "date": "2025-10-23", "top_factor_1": "Built Environment Density", "top_factor_1_reason": "high built-up density limits cooling", "top_factor_2": "Vegetation Shielding", "top_factor_2_reason": "extremely low vegetation canopy", "explanation_text": "This zone is estimated as low heat risk because it combines high built-up density limits cooling and extremely low vegetation canopy. This is a satellite-based decision-support estimate, not an official public-health heat warning.", "honesty_note": "This is a satellite-derived urban heat estimate, not an official public-health warning." }, "geometry": { "type": "Polygon", "coordinates": [ [ [ 31.403104428411954, 30.060507635919031 ], [ 31.403104428411954, 30.064395005024021 ], [ 31.407596004832552, 30.064395005024021 ], [ 31.407596004832552, 30.060507635919031 ], [ 31.403104428411954, 30.060507635919031 ] ] ] } },
{ "type": "Feature", "properties": { "zone_code": "NSR-GRID-150", "predicted_heat_anomaly_c": -2.5003768307094734, "predicted_heat_risk_score": 0.24923623542342324, "predicted_heat_risk_class": "low", "observed_lst_c": 34.043803362000467, "date": "2025-10-23", "top_factor_1": "Built Environment Density", "top_factor_1_reason": "high built-up density limits cooling", "top_factor_2": "Vegetation Shielding", "top_factor_2_reason": "extremely low vegetation canopy", "explanation_text": "This zone is estimated as low heat risk because it combines high built-up density limits cooling and extremely low vegetation canopy. This is a satellite-based decision-support estimate, not an official public-health heat warning.", "honesty_note": "This is a satellite-derived urban heat estimate, not an official public-health warning." }, "geometry": { "type": "Polygon", "coordinates": [ [ [ 31.407596004832552, 30.060507635919031 ], [ 31.407596004832552, 30.064395005024021 ], [ 31.41208758125315, 30.064395005024021 ], [ 31.41208758125315, 30.060507635919031 ], [ 31.407596004832552, 30.060507635919031 ] ] ] } },
{ "type": "Feature", "properties": { "zone_code": "NSR-GRID-151", "predicted_heat_anomaly_c": -0.82817374050737713, "predicted_heat_risk_score": 0.20563601754576261, "predicted_heat_risk_class": "low", "observed_lst_c": 35.740685622971817, "date": "2025-10-23", "top_factor_1": "Built Environment Density", "top_factor_1_reason": "high built-up density limits cooling", "top_factor_2": "Impervious Surfaces", "top_factor_2_reason": "high impervious building indices", "explanation_text": "This zone is estimated as low heat risk because it combines high built-up density limits cooling and high impervious building indices. This is a satellite-based decision-support estimate, not an official public-health heat warning.", "honesty_note": "This is a satellite-derived urban heat estimate, not an official public-health warning." }, "geometry": { "type": "Polygon", "coordinates": [ [ [ 31.41208758125315, 30.056620114161532 ], [ 31.41208758125315, 30.060507635919031 ], [ 31.416434861373908, 30.060507635919031 ], [ 31.415953, 30.0599322 ], [ 31.4138224, 30.0574153 ], [ 31.413161015291209, 30.056620114161532 ], [ 31.41208758125315, 30.056620114161532 ] ] ] } },
{ "type": "Feature", "properties": { "zone_code": "NSR-GRID-152", "predicted_heat_anomaly_c": -1.8241727994274781, "predicted_heat_risk_score": 0.35875086640071485, "predicted_heat_risk_class": "medium", "observed_lst_c": 34.774038214549144, "date": "2025-10-23", "top_factor_1": "Built Environment Density", "top_factor_1_reason": "high built-up density limits cooling", "top_factor_2": "Topography / Elevation", "top_factor_2_reason": "low-lying terrain traps hot air", "explanation_text": "This zone is estimated as medium heat risk because it combines high built-up density limits cooling and low-lying terrain traps hot air. This is a satellite-based decision-support estimate, not an official public-health heat warning.", "honesty_note": "This is a satellite-derived urban heat estimate, not an official public-health warning." }, "geometry": { "type": "Polygon", "coordinates": [ [ [ 31.326747629261792, 30.060507635919031 ], [ 31.326747629261792, 30.056620114161532 ], [ 31.324525527109831, 30.056620114161532 ], [ 31.3241382, 30.0590633 ], [ 31.3238344, 30.0603771 ], [ 31.323759049574754, 30.060507635919031 ], [ 31.326747629261792, 30.060507635919031 ] ] ] } },
{ "type": "Feature", "properties": { "zone_code": "NSR-GRID-153", "predicted_heat_anomaly_c": -2.9465872977442622, "predicted_heat_risk_score": 0.37798148332015025, "predicted_heat_risk_class": "medium", "observed_lst_c": 33.469215886304781, "date": "2025-10-23", "top_factor_1": "Built Environment Density", "top_factor_1_reason": "high built-up density limits cooling", "top_factor_2": "Topography / Elevation", "top_factor_2_reason": "low-lying terrain traps hot air", "explanation_text": "This zone is estimated as medium heat risk because it combines high built-up density limits cooling and low-lying terrain traps hot air. This is a satellite-based decision-support estimate, not an official public-health heat warning.", "honesty_note": "This is a satellite-derived urban heat estimate, not an official public-health warning." }, "geometry": { "type": "Polygon", "coordinates": [ [ [ 31.326747629261792, 30.056620114161532 ], [ 31.326747629261792, 30.060507635919031 ], [ 31.331239205682394, 30.060507635919031 ], [ 31.331239205682394, 30.056620114161532 ], [ 31.326747629261792, 30.056620114161532 ] ] ] } },
{ "type": "Feature", "properties": { "zone_code": "NSR-GRID-154", "predicted_heat_anomaly_c": -3.0405768414585008, "predicted_heat_risk_score": 0.36396776080838766, "predicted_heat_risk_class": "medium", "observed_lst_c": 33.46805353117869, "date": "2025-10-23", "top_factor_1": "Built Environment Density", "top_factor_1_reason": "high built-up density limits cooling", "top_factor_2": "Topography / Elevation", "top_factor_2_reason": "low-lying terrain traps hot air", "explanation_text": "This zone is estimated as medium heat risk because it combines high built-up density limits cooling and low-lying terrain traps hot air. This is a satellite-based decision-support estimate, not an official public-health heat warning.", "honesty_note": "This is a satellite-derived urban heat estimate, not an official public-health warning." }, "geometry": { "type": "Polygon", "coordinates": [ [ [ 31.331239205682394, 30.056620114161532 ], [ 31.331239205682394, 30.060507635919031 ], [ 31.335730782102992, 30.060507635919031 ], [ 31.335730782102992, 30.056620114161532 ], [ 31.331239205682394, 30.056620114161532 ] ] ] } },
{ "type": "Feature", "properties": { "zone_code": "NSR-GRID-155", "predicted_heat_anomaly_c": -3.7117413371666483, "predicted_heat_risk_score": 0.35794834447834206, "predicted_heat_risk_class": "medium", "observed_lst_c": 32.894064364714794, "date": "2025-10-23", "top_factor_1": "Built Environment Density", "top_factor_1_reason": "high built-up density limits cooling", "top_factor_2": "Topography / Elevation", "top_factor_2_reason": "low-lying terrain traps hot air", "explanation_text": "This zone is estimated as medium heat risk because it combines high built-up density limits cooling and low-lying terrain traps hot air. This is a satellite-based decision-support estimate, not an official public-health heat warning.", "honesty_note": "This is a satellite-derived urban heat estimate, not an official public-health warning." }, "geometry": { "type": "Polygon", "coordinates": [ [ [ 31.335730782102992, 30.056620114161532 ], [ 31.335730782102992, 30.060507635919031 ], [ 31.340222358523583, 30.060507635919031 ], [ 31.340222358523583, 30.056620114161532 ], [ 31.335730782102992, 30.056620114161532 ] ] ] } },
{ "type": "Feature", "properties": { "zone_code": "NSR-GRID-156", "predicted_heat_anomaly_c": -3.7412085328567675, "predicted_heat_risk_score": 0.34785404142345655, "predicted_heat_risk_class": "low", "observed_lst_c": 32.843702082089308, "date": "2025-10-23", "top_factor_1": "Built Environment Density", "top_factor_1_reason": "high built-up density limits cooling", "top_factor_2": "Vegetation Shielding", "top_factor_2_reason": "extremely low vegetation canopy", "explanation_text": "This zone is estimated as low heat risk because it combines high built-up density limits cooling and extremely low vegetation canopy. This is a satellite-based decision-support estimate, not an official public-health heat warning.", "honesty_note": "This is a satellite-derived urban heat estimate, not an official public-health warning." }, "geometry": { "type": "Polygon", "coordinates": [ [ [ 31.340222358523583, 30.056620114161532 ], [ 31.340222358523583, 30.060507635919031 ], [ 31.344713934944181, 30.060507635919031 ], [ 31.344713934944181, 30.056620114161532 ], [ 31.340222358523583, 30.056620114161532 ] ] ] } },
{ "type": "Feature", "properties": { "zone_code": "NSR-GRID-157", "predicted_heat_anomaly_c": -3.4509333299820777, "predicted_heat_risk_score": 0.32221611807148731, "predicted_heat_risk_class": "low", "observed_lst_c": 33.093112872510098, "date": "2025-10-23", "top_factor_1": "Built Environment Density", "top_factor_1_reason": "high built-up density limits cooling", "top_factor_2": "Vegetation Shielding", "top_factor_2_reason": "extremely low vegetation canopy", "explanation_text": "This zone is estimated as low heat risk because it combines high built-up density limits cooling and extremely low vegetation canopy. This is a satellite-based decision-support estimate, not an official public-health heat warning.", "honesty_note": "This is a satellite-derived urban heat estimate, not an official public-health warning." }, "geometry": { "type": "Polygon", "coordinates": [ [ [ 31.344713934944181, 30.056620114161532 ], [ 31.344713934944181, 30.060507635919031 ], [ 31.349205511364779, 30.060507635919031 ], [ 31.349205511364779, 30.056620114161532 ], [ 31.344713934944181, 30.056620114161532 ] ] ] } },
{ "type": "Feature", "properties": { "zone_code": "NSR-GRID-158", "predicted_heat_anomaly_c": -3.8208381756848406, "predicted_heat_risk_score": 0.35035768132496176, "predicted_heat_risk_class": "medium", "observed_lst_c": 32.676291497336749, "date": "2025-10-23", "top_factor_1": "Built Environment Density", "top_factor_1_reason": "high built-up density limits cooling", "top_factor_2": "Vegetation Shielding", "top_factor_2_reason": "extremely low vegetation canopy", "explanation_text": "This zone is estimated as medium heat risk because it combines high built-up density limits cooling and extremely low vegetation canopy. This is a satellite-based decision-support estimate, not an official public-health heat warning.", "honesty_note": "This is a satellite-derived urban heat estimate, not an official public-health warning." }, "geometry": { "type": "Polygon", "coordinates": [ [ [ 31.349205511364779, 30.056620114161532 ], [ 31.349205511364779, 30.060507635919031 ], [ 31.353697087785381, 30.060507635919031 ], [ 31.353697087785381, 30.056620114161532 ], [ 31.349205511364779, 30.056620114161532 ] ] ] } },
{ "type": "Feature", "properties": { "zone_code": "NSR-GRID-159", "predicted_heat_anomaly_c": -3.5109397158504012, "predicted_heat_risk_score": 0.36194596222243092, "predicted_heat_risk_class": "medium", "observed_lst_c": 33.203089653652157, "date": "2025-10-23", "top_factor_1": "Built Environment Density", "top_factor_1_reason": "high built-up density limits cooling", "top_factor_2": "Vegetation Shielding", "top_factor_2_reason": "extremely low vegetation canopy", "explanation_text": "This zone is estimated as medium heat risk because it combines high built-up density limits cooling and extremely low vegetation canopy. This is a satellite-based decision-support estimate, not an official public-health heat warning.", "honesty_note": "This is a satellite-derived urban heat estimate, not an official public-health warning." }, "geometry": { "type": "Polygon", "coordinates": [ [ [ 31.353697087785381, 30.056620114161532 ], [ 31.353697087785381, 30.060507635919031 ], [ 31.358188664205979, 30.060507635919031 ], [ 31.358188664205979, 30.056620114161532 ], [ 31.353697087785381, 30.056620114161532 ] ] ] } },
{ "type": "Feature", "properties": { "zone_code": "NSR-GRID-160", "predicted_heat_anomaly_c": -2.5898803713469256, "predicted_heat_risk_score": 0.41213321616559506, "predicted_heat_risk_class": "medium", "observed_lst_c": 33.875122733252688, "date": "2025-10-23", "top_factor_1": "Built Environment Density", "top_factor_1_reason": "high built-up density limits cooling", "top_factor_2": "Vegetation Shielding", "top_factor_2_reason": "extremely low vegetation canopy", "explanation_text": "This zone is estimated as medium heat risk because it combines high built-up density limits cooling and extremely low vegetation canopy. This is a satellite-based decision-support estimate, not an official public-health heat warning.", "honesty_note": "This is a satellite-derived urban heat estimate, not an official public-health warning." }, "geometry": { "type": "Polygon", "coordinates": [ [ [ 31.358188664205979, 30.056620114161532 ], [ 31.358188664205979, 30.060507635919031 ], [ 31.362680240626577, 30.060507635919031 ], [ 31.362680240626577, 30.056620114161532 ], [ 31.358188664205979, 30.056620114161532 ] ] ] } },
{ "type": "Feature", "properties": { "zone_code": "NSR-GRID-161", "predicted_heat_anomaly_c": -1.2058400673490686, "predicted_heat_risk_score": 0.37513125377264378, "predicted_heat_risk_class": "medium", "observed_lst_c": 34.936717900070057, "date": "2025-10-23", "top_factor_1": "Built Environment Density", "top_factor_1_reason": "high built-up density limits cooling", "top_factor_2": "Impervious Surfaces", "top_factor_2_reason": "high impervious building indices", "explanation_text": "This zone is estimated as medium heat risk because it combines high built-up density limits cooling and high impervious building indices. This is a satellite-based decision-support estimate, not an official public-health heat warning.", "honesty_note": "This is a satellite-derived urban heat estimate, not an official public-health warning." }, "geometry": { "type": "Polygon", "coordinates": [ [ [ 31.362680240626577, 30.056620114161532 ], [ 31.362680240626577, 30.060507635919031 ], [ 31.367171817047169, 30.060507635919031 ], [ 31.367171817047169, 30.056620114161532 ], [ 31.362680240626577, 30.056620114161532 ] ] ] } },
{ "type": "Feature", "properties": { "zone_code": "NSR-GRID-162", "predicted_heat_anomaly_c": -0.4295940445668795, "predicted_heat_risk_score": 0.33595029331364201, "predicted_heat_risk_class": "low", "observed_lst_c": 35.397780777179442, "date": "2025-10-23", "top_factor_1": "Built Environment Density", "top_factor_1_reason": "high built-up density limits cooling", "top_factor_2": "Impervious Surfaces", "top_factor_2_reason": "high impervious building indices", "explanation_text": "This zone is estimated as low heat risk because it combines high built-up density limits cooling and high impervious building indices. This is a satellite-based decision-support estimate, not an official public-health heat warning.", "honesty_note": "This is a satellite-derived urban heat estimate, not an official public-health warning." }, "geometry": { "type": "Polygon", "coordinates": [ [ [ 31.367171817047169, 30.056620114161532 ], [ 31.367171817047169, 30.060507635919031 ], [ 31.371663393467767, 30.060507635919031 ], [ 31.371663393467767, 30.056620114161532 ], [ 31.367171817047169, 30.056620114161532 ] ] ] } },
{ "type": "Feature", "properties": { "zone_code": "NSR-GRID-163", "predicted_heat_anomaly_c": -1.0361791267765552, "predicted_heat_risk_score": 0.3829174869234942, "predicted_heat_risk_class": "medium", "observed_lst_c": 35.467345144809983, "date": "2025-10-23", "top_factor_1": "Built Environment Density", "top_factor_1_reason": "high built-up density limits cooling", "top_factor_2": "Impervious Surfaces", "top_factor_2_reason": "high impervious building indices", "explanation_text": "This zone is estimated as medium heat risk because it combines high built-up density limits cooling and high impervious building indices. This is a satellite-based decision-support estimate, not an official public-health heat warning.", "honesty_note": "This is a satellite-derived urban heat estimate, not an official public-health warning." }, "geometry": { "type": "Polygon", "coordinates": [ [ [ 31.371663393467767, 30.056620114161532 ], [ 31.371663393467767, 30.060507635919031 ], [ 31.376154969888365, 30.060507635919031 ], [ 31.376154969888365, 30.056620114161532 ], [ 31.371663393467767, 30.056620114161532 ] ] ] } },
{ "type": "Feature", "properties": { "zone_code": "NSR-GRID-164", "predicted_heat_anomaly_c": -1.7942890376308924, "predicted_heat_risk_score": 0.37911463184126792, "predicted_heat_risk_class": "medium", "observed_lst_c": 34.649158375067181, "date": "2025-10-23", "top_factor_1": "Built Environment Density", "top_factor_1_reason": "high built-up density limits cooling", "top_factor_2": "Vegetation Shielding", "top_factor_2_reason": "extremely low vegetation canopy", "explanation_text": "This zone is estimated as medium heat risk because it combines high built-up density limits cooling and extremely low vegetation canopy. This is a satellite-based decision-support estimate, not an official public-health heat warning.", "honesty_note": "This is a satellite-derived urban heat estimate, not an official public-health warning." }, "geometry": { "type": "Polygon", "coordinates": [ [ [ 31.376154969888365, 30.056620114161532 ], [ 31.376154969888365, 30.060507635919031 ], [ 31.380646546308967, 30.060507635919031 ], [ 31.380646546308967, 30.056620114161532 ], [ 31.376154969888365, 30.056620114161532 ] ] ] } },
{ "type": "Feature", "properties": { "zone_code": "NSR-GRID-165", "predicted_heat_anomaly_c": -3.2719773969631212, "predicted_heat_risk_score": 0.4849280210315654, "predicted_heat_risk_class": "medium", "observed_lst_c": 33.526884696337447, "date": "2025-10-23", "top_factor_1": "Built Environment Density", "top_factor_1_reason": "high built-up density limits cooling", "top_factor_2": "Impervious Surfaces", "top_factor_2_reason": "high impervious building indices", "explanation_text": "This zone is estimated as medium heat risk because it combines high built-up density limits cooling and high impervious building indices. This is a satellite-based decision-support estimate, not an official public-health heat warning.", "honesty_note": "This is a satellite-derived urban heat estimate, not an official public-health warning." }, "geometry": { "type": "Polygon", "coordinates": [ [ [ 31.380646546308967, 30.056620114161532 ], [ 31.380646546308967, 30.060507635919031 ], [ 31.385138122729565, 30.060507635919031 ], [ 31.385138122729565, 30.056620114161532 ], [ 31.380646546308967, 30.056620114161532 ] ] ] } },
{ "type": "Feature", "properties": { "zone_code": "NSR-GRID-166", "predicted_heat_anomaly_c": -1.6759090636286262, "predicted_heat_risk_score": 0.44460616716748202, "predicted_heat_risk_class": "medium", "observed_lst_c": 34.476439715688969, "date": "2025-10-23", "top_factor_1": "Built Environment Density", "top_factor_1_reason": "high built-up density limits cooling", "top_factor_2": "Impervious Surfaces", "top_factor_2_reason": "high impervious building indices", "explanation_text": "This zone is estimated as medium heat risk because it combines high built-up density limits cooling and high impervious building indices. This is a satellite-based decision-support estimate, not an official public-health heat warning.", "honesty_note": "This is a satellite-derived urban heat estimate, not an official public-health warning." }, "geometry": { "type": "Polygon", "coordinates": [ [ [ 31.385138122729565, 30.056620114161532 ], [ 31.385138122729565, 30.060507635919031 ], [ 31.389629699150163, 30.060507635919031 ], [ 31.389629699150163, 30.056620114161532 ], [ 31.385138122729565, 30.056620114161532 ] ] ] } },
{ "type": "Feature", "properties": { "zone_code": "NSR-GRID-167", "predicted_heat_anomaly_c": -1.0133795903495411, "predicted_heat_risk_score": 0.35258019667848572, "predicted_heat_risk_class": "medium", "observed_lst_c": 35.288369458585315, "date": "2025-10-23", "top_factor_1": "Built Environment Density", "top_factor_1_reason": "high built-up density limits cooling", "top_factor_2": "Impervious Surfaces", "top_factor_2_reason": "high impervious building indices", "explanation_text": "This zone is estimated as medium heat risk because it combines high built-up density limits cooling and high impervious building indices. This is a satellite-based decision-support estimate, not an official public-health heat warning.", "honesty_note": "This is a satellite-derived urban heat estimate, not an official public-health warning." }, "geometry": { "type": "Polygon", "coordinates": [ [ [ 31.389629699150163, 30.056620114161532 ], [ 31.389629699150163, 30.060507635919031 ], [ 31.394121275570754, 30.060507635919031 ], [ 31.394121275570754, 30.056620114161532 ], [ 31.389629699150163, 30.056620114161532 ] ] ] } },
{ "type": "Feature", "properties": { "zone_code": "NSR-GRID-168", "predicted_heat_anomaly_c": -0.92571732776026361, "predicted_heat_risk_score": 0.34363492566661269, "predicted_heat_risk_class": "low", "observed_lst_c": 35.164151930649012, "date": "2025-10-23", "top_factor_1": "Built Environment Density", "top_factor_1_reason": "high built-up density limits cooling", "top_factor_2": "Impervious Surfaces", "top_factor_2_reason": "high impervious building indices", "explanation_text": "This zone is estimated as low heat risk because it combines high built-up density limits cooling and high impervious building indices. This is a satellite-based decision-support estimate, not an official public-health heat warning.", "honesty_note": "This is a satellite-derived urban heat estimate, not an official public-health warning." }, "geometry": { "type": "Polygon", "coordinates": [ [ [ 31.394121275570754, 30.056620114161532 ], [ 31.394121275570754, 30.060507635919031 ], [ 31.398612851991352, 30.060507635919031 ], [ 31.398612851991352, 30.056620114161532 ], [ 31.394121275570754, 30.056620114161532 ] ] ] } },
{ "type": "Feature", "properties": { "zone_code": "NSR-GRID-169", "predicted_heat_anomaly_c": -1.1544223675375114, "predicted_heat_risk_score": 0.317851746876671, "predicted_heat_risk_class": "low", "observed_lst_c": 35.256978052440104, "date": "2025-10-23", "top_factor_1": "Built Environment Density", "top_factor_1_reason": "high built-up density limits cooling", "top_factor_2": "Vegetation Shielding", "top_factor_2_reason": "extremely low vegetation canopy", "explanation_text": "This zone is estimated as low heat risk because it combines high built-up density limits cooling and extremely low vegetation canopy. This is a satellite-based decision-support estimate, not an official public-health heat warning.", "honesty_note": "This is a satellite-derived urban heat estimate, not an official public-health warning." }, "geometry": { "type": "Polygon", "coordinates": [ [ [ 31.398612851991352, 30.056620114161532 ], [ 31.398612851991352, 30.060507635919031 ], [ 31.403104428411954, 30.060507635919031 ], [ 31.403104428411954, 30.056620114161532 ], [ 31.398612851991352, 30.056620114161532 ] ] ] } },
{ "type": "Feature", "properties": { "zone_code": "NSR-GRID-170", "predicted_heat_anomaly_c": -0.88476202726262343, "predicted_heat_risk_score": 0.28080741488410821, "predicted_heat_risk_class": "low", "observed_lst_c": 35.754805819310839, "date": "2025-10-23", "top_factor_1": "Built Environment Density", "top_factor_1_reason": "high built-up density limits cooling", "top_factor_2": "Vegetation Shielding", "top_factor_2_reason": "extremely low vegetation canopy", "explanation_text": "This zone is estimated as low heat risk because it combines high built-up density limits cooling and extremely low vegetation canopy. This is a satellite-based decision-support estimate, not an official public-health heat warning.", "honesty_note": "This is a satellite-derived urban heat estimate, not an official public-health warning." }, "geometry": { "type": "Polygon", "coordinates": [ [ [ 31.403104428411954, 30.056620114161532 ], [ 31.403104428411954, 30.060507635919031 ], [ 31.407596004832552, 30.060507635919031 ], [ 31.407596004832552, 30.056620114161532 ], [ 31.403104428411954, 30.056620114161532 ] ] ] } },
{ "type": "Feature", "properties": { "zone_code": "NSR-GRID-171", "predicted_heat_anomaly_c": -0.77304457006327743, "predicted_heat_risk_score": 0.20545942590665647, "predicted_heat_risk_class": "low", "observed_lst_c": 35.648729995171443, "date": "2025-10-23", "top_factor_1": "Built Environment Density", "top_factor_1_reason": "high built-up density limits cooling", "top_factor_2": "Impervious Surfaces", "top_factor_2_reason": "high impervious building indices", "explanation_text": "This zone is estimated as low heat risk because it combines high built-up density limits cooling and high impervious building indices. This is a satellite-based decision-support estimate, not an official public-health heat warning.", "honesty_note": "This is a satellite-derived urban heat estimate, not an official public-health warning." }, "geometry": { "type": "Polygon", "coordinates": [ [ [ 31.407596004832552, 30.056620114161532 ], [ 31.407596004832552, 30.060507635919031 ], [ 31.41208758125315, 30.060507635919031 ], [ 31.41208758125315, 30.056620114161532 ], [ 31.407596004832552, 30.056620114161532 ] ] ] } },
{ "type": "Feature", "properties": { "zone_code": "NSR-GRID-172", "predicted_heat_anomaly_c": -0.41902770061492245, "predicted_heat_risk_score": 0.17063892046491716, "predicted_heat_risk_class": "low", "observed_lst_c": 36.05356315187737, "date": "2025-10-23", "top_factor_1": "Built Environment Density", "top_factor_1_reason": "high built-up density limits cooling", "top_factor_2": "Impervious Surfaces", "top_factor_2_reason": "high impervious building indices", "explanation_text": "This zone is estimated as low heat risk because it combines high built-up density limits cooling and high impervious building indices. This is a satellite-based decision-support estimate, not an official public-health heat warning.", "honesty_note": "This is a satellite-derived urban heat estimate, not an official public-health warning." }, "geometry": { "type": "Polygon", "coordinates": [ [ [ 31.41208758125315, 30.056620114161532 ], [ 31.413161015291209, 30.056620114161532 ], [ 31.41208758125315, 30.055329505949825 ], [ 31.41208758125315, 30.056620114161532 ] ] ] } },
{ "type": "Feature", "properties": { "zone_code": "NSR-GRID-173", "predicted_heat_anomaly_c": 0.69833113212592313, "predicted_heat_risk_score": 0.23536429290234709, "predicted_heat_risk_class": "low", "observed_lst_c": 37.204033430741291, "date": "2025-10-23", "top_factor_1": "Built Environment Density", "top_factor_1_reason": "high built-up density limits cooling", "top_factor_2": "Impervious Surfaces", "top_factor_2_reason": "high impervious building indices", "explanation_text": "This zone is estimated as low heat risk because it combines high built-up density limits cooling and high impervious building indices. This is a satellite-based decision-support estimate, not an official public-health heat warning.", "honesty_note": "This is a satellite-derived urban heat estimate, not an official public-health warning." }, "geometry": { "type": "Polygon", "coordinates": [ [ [ 31.407596004832552, 30.052732439763453 ], [ 31.407596004832552, 30.056620114161532 ], [ 31.41208758125315, 30.056620114161532 ], [ 31.41208758125315, 30.055329505949825 ], [ 31.4115601, 30.0546953 ], [ 31.409898090104864, 30.052732439763453 ], [ 31.407596004832552, 30.052732439763453 ] ] ] } },
{ "type": "Feature", "properties": { "zone_code": "NSR-GRID-174", "predicted_heat_anomaly_c": -1.0596343088816302, "predicted_heat_risk_score": 0.31646634397544104, "predicted_heat_risk_class": "low", "observed_lst_c": 35.503396244630643, "date": "2025-10-23", "top_factor_1": "Built Environment Density", "top_factor_1_reason": "high built-up density limits cooling", "top_factor_2": "Topography / Elevation", "top_factor_2_reason": "low-lying terrain traps hot air", "explanation_text": "This zone is estimated as low heat risk because it combines high built-up density limits cooling and low-lying terrain traps hot air. This is a satellite-based decision-support estimate, not an official public-health heat warning.", "honesty_note": "This is a satellite-derived urban heat estimate, not an official public-health warning." }, "geometry": { "type": "Polygon", "coordinates": [ [ [ 31.326747629261792, 30.056620114161532 ], [ 31.326747629261792, 30.052732439763453 ], [ 31.325241426426246, 30.052732439763453 ], [ 31.3251262, 30.0528298 ], [ 31.3250972, 30.053014 ], [ 31.324525527109831, 30.056620114161532 ], [ 31.326747629261792, 30.056620114161532 ] ] ] } },
{ "type": "Feature", "properties": { "zone_code": "NSR-GRID-175", "predicted_heat_anomaly_c": -3.1637885157620098, "predicted_heat_risk_score": 0.35453641862187102, "predicted_heat_risk_class": "medium", "observed_lst_c": 33.432184330037671, "date": "2025-10-23", "top_factor_1": "Built Environment Density", "top_factor_1_reason": "high built-up density limits cooling", "top_factor_2": "Vegetation Shielding", "top_factor_2_reason": "extremely low vegetation canopy", "explanation_text": "This zone is estimated as medium heat risk because it combines high built-up density limits cooling and extremely low vegetation canopy. This is a satellite-based decision-support estimate, not an official public-health heat warning.", "honesty_note": "This is a satellite-derived urban heat estimate, not an official public-health warning." }, "geometry": { "type": "Polygon", "coordinates": [ [ [ 31.326747629261792, 30.052732439763453 ], [ 31.326747629261792, 30.056620114161532 ], [ 31.331239205682394, 30.056620114161532 ], [ 31.331239205682394, 30.052732439763453 ], [ 31.327302176329447, 30.052732439763453 ], [ 31.3272972, 30.0527847 ], [ 31.326967793108562, 30.052732439763453 ], [ 31.326747629261792, 30.052732439763453 ] ] ] } },
{ "type": "Feature", "properties": { "zone_code": "NSR-GRID-176", "predicted_heat_anomaly_c": -3.1915452611898845, "predicted_heat_risk_score": 0.33584953755360003, "predicted_heat_risk_class": "low", "observed_lst_c": 33.322941802585234, "date": "2025-10-23", "top_factor_1": "Built Environment Density", "top_factor_1_reason": "high built-up density limits cooling", "top_factor_2": "Vegetation Shielding", "top_factor_2_reason": "extremely low vegetation canopy", "explanation_text": "This zone is estimated as low heat risk because it combines high built-up density limits cooling and extremely low vegetation canopy. This is a satellite-based decision-support estimate, not an official public-health heat warning.", "honesty_note": "This is a satellite-derived urban heat estimate, not an official public-health warning." }, "geometry": { "type": "Polygon", "coordinates": [ [ [ 31.331239205682394, 30.052732439763453 ], [ 31.331239205682394, 30.056620114161532 ], [ 31.335730782102992, 30.056620114161532 ], [ 31.335730782102992, 30.052732439763453 ], [ 31.331239205682394, 30.052732439763453 ] ] ] } },
{ "type": "Feature", "properties": { "zone_code": "NSR-GRID-177", "predicted_heat_anomaly_c": -3.1796298253391018, "predicted_heat_risk_score": 0.34659376818214177, "predicted_heat_risk_class": "low", "observed_lst_c": 33.082859501662682, "date": "2025-10-23", "top_factor_1": "Built Environment Density", "top_factor_1_reason": "high built-up density limits cooling", "top_factor_2": "Vegetation Shielding", "top_factor_2_reason": "extremely low vegetation canopy", "explanation_text": "This zone is estimated as low heat risk because it combines high built-up density limits cooling and extremely low vegetation canopy. This is a satellite-based decision-support estimate, not an official public-health heat warning.", "honesty_note": "This is a satellite-derived urban heat estimate, not an official public-health warning." }, "geometry": { "type": "Polygon", "coordinates": [ [ [ 31.335730782102992, 30.052732439763453 ], [ 31.335730782102992, 30.056620114161532 ], [ 31.340222358523583, 30.056620114161532 ], [ 31.340222358523583, 30.052732439763453 ], [ 31.335730782102992, 30.052732439763453 ] ] ] } },
{ "type": "Feature", "properties": { "zone_code": "NSR-GRID-178", "predicted_heat_anomaly_c": -3.2856949596504914, "predicted_heat_risk_score": 0.34757156479746065, "predicted_heat_risk_class": "low", "observed_lst_c": 33.26204630315361, "date": "2025-10-23", "top_factor_1": "Built Environment Density", "top_factor_1_reason": "high built-up density limits cooling", "top_factor_2": "Vegetation Shielding", "top_factor_2_reason": "extremely low vegetation canopy", "explanation_text": "This zone is estimated as low heat risk because it combines high built-up density limits cooling and extremely low vegetation canopy. This is a satellite-based decision-support estimate, not an official public-health heat warning.", "honesty_note": "This is a satellite-derived urban heat estimate, not an official public-health warning." }, "geometry": { "type": "Polygon", "coordinates": [ [ [ 31.340222358523583, 30.052732439763453 ], [ 31.340222358523583, 30.056620114161532 ], [ 31.344713934944181, 30.056620114161532 ], [ 31.344713934944181, 30.052732439763453 ], [ 31.340222358523583, 30.052732439763453 ] ] ] } },
{ "type": "Feature", "properties": { "zone_code": "NSR-GRID-179", "predicted_heat_anomaly_c": -3.5696416218743074, "predicted_heat_risk_score": 0.33607380526276254, "predicted_heat_risk_class": "low", "observed_lst_c": 33.139890414839329, "date": "2025-10-23", "top_factor_1": "Built Environment Density", "top_factor_1_reason": "high built-up density limits cooling", "top_factor_2": "Vegetation Shielding", "top_factor_2_reason": "extremely low vegetation canopy", "explanation_text": "This zone is estimated as low heat risk because it combines high built-up density limits cooling and extremely low vegetation canopy. This is a satellite-based decision-support estimate, not an official public-health heat warning.", "honesty_note": "This is a satellite-derived urban heat estimate, not an official public-health warning." }, "geometry": { "type": "Polygon", "coordinates": [ [ [ 31.344713934944181, 30.052732439763453 ], [ 31.344713934944181, 30.056620114161532 ], [ 31.349205511364779, 30.056620114161532 ], [ 31.349205511364779, 30.052732439763453 ], [ 31.344713934944181, 30.052732439763453 ] ] ] } },
{ "type": "Feature", "properties": { "zone_code": "NSR-GRID-180", "predicted_heat_anomaly_c": -3.5065252852347046, "predicted_heat_risk_score": 0.33556244275539249, "predicted_heat_risk_class": "low", "observed_lst_c": 33.131667794663421, "date": "2025-10-23", "top_factor_1": "Built Environment Density", "top_factor_1_reason": "high built-up density limits cooling", "top_factor_2": "Vegetation Shielding", "top_factor_2_reason": "extremely low vegetation canopy", "explanation_text": "This zone is estimated as low heat risk because it combines high built-up density limits cooling and extremely low vegetation canopy. This is a satellite-based decision-support estimate, not an official public-health heat warning.", "honesty_note": "This is a satellite-derived urban heat estimate, not an official public-health warning." }, "geometry": { "type": "Polygon", "coordinates": [ [ [ 31.349205511364779, 30.052732439763453 ], [ 31.349205511364779, 30.056620114161532 ], [ 31.353697087785381, 30.056620114161532 ], [ 31.353697087785381, 30.052732439763453 ], [ 31.349205511364779, 30.052732439763453 ] ] ] } },
{ "type": "Feature", "properties": { "zone_code": "NSR-GRID-181", "predicted_heat_anomaly_c": -2.929387583256732, "predicted_heat_risk_score": 0.35680921056034165, "predicted_heat_risk_class": "medium", "observed_lst_c": 33.755286330687106, "date": "2025-10-23", "top_factor_1": "Built Environment Density", "top_factor_1_reason": "high built-up density limits cooling", "top_factor_2": "Vegetation Shielding", "top_factor_2_reason": "extremely low vegetation canopy", "explanation_text": "This zone is estimated as medium heat risk because it combines high built-up density limits cooling and extremely low vegetation canopy. This is a satellite-based decision-support estimate, not an official public-health heat warning.", "honesty_note": "This is a satellite-derived urban heat estimate, not an official public-health warning." }, "geometry": { "type": "Polygon", "coordinates": [ [ [ 31.353697087785381, 30.052732439763453 ], [ 31.353697087785381, 30.056620114161532 ], [ 31.358188664205979, 30.056620114161532 ], [ 31.358188664205979, 30.052732439763453 ], [ 31.353697087785381, 30.052732439763453 ] ] ] } },
{ "type": "Feature", "properties": { "zone_code": "NSR-GRID-182", "predicted_heat_anomaly_c": -2.3980992955943559, "predicted_heat_risk_score": 0.38664711118385481, "predicted_heat_risk_class": "medium", "observed_lst_c": 34.338615893206644, "date": "2025-10-23", "top_factor_1": "Built Environment Density", "top_factor_1_reason": "high built-up density limits cooling", "top_factor_2": "Vegetation Shielding", "top_factor_2_reason": "extremely low vegetation canopy", "explanation_text": "This zone is estimated as medium heat risk because it combines high built-up density limits cooling and extremely low vegetation canopy. This is a satellite-based decision-support estimate, not an official public-health heat warning.", "honesty_note": "This is a satellite-derived urban heat estimate, not an official public-health warning." }, "geometry": { "type": "Polygon", "coordinates": [ [ [ 31.358188664205979, 30.052732439763453 ], [ 31.358188664205979, 30.056620114161532 ], [ 31.362680240626577, 30.056620114161532 ], [ 31.362680240626577, 30.052732439763453 ], [ 31.358188664205979, 30.052732439763453 ] ] ] } },
{ "type": "Feature", "properties": { "zone_code": "NSR-GRID-183", "predicted_heat_anomaly_c": -1.6148495912881662, "predicted_heat_risk_score": 0.3860681501636033, "predicted_heat_risk_class": "medium", "observed_lst_c": 34.872829377495592, "date": "2025-10-23", "top_factor_1": "Built Environment Density", "top_factor_1_reason": "high built-up density limits cooling", "top_factor_2": "Vegetation Shielding", "top_factor_2_reason": "extremely low vegetation canopy", "explanation_text": "This zone is estimated as medium heat risk because it combines high built-up density limits cooling and extremely low vegetation canopy. This is a satellite-based decision-support estimate, not an official public-health heat warning.", "honesty_note": "This is a satellite-derived urban heat estimate, not an official public-health warning." }, "geometry": { "type": "Polygon", "coordinates": [ [ [ 31.362680240626577, 30.052732439763453 ], [ 31.362680240626577, 30.056620114161532 ], [ 31.367171817047169, 30.056620114161532 ], [ 31.367171817047169, 30.052732439763453 ], [ 31.362680240626577, 30.052732439763453 ] ] ] } },
{ "type": "Feature", "properties": { "zone_code": "NSR-GRID-184", "predicted_heat_anomaly_c": -1.487416872478736, "predicted_heat_risk_score": 0.38862521406100103, "predicted_heat_risk_class": "medium", "observed_lst_c": 34.689787284286538, "date": "2025-10-23", "top_factor_1": "Built Environment Density", "top_factor_1_reason": "high built-up density limits cooling", "top_factor_2": "Vegetation Shielding", "top_factor_2_reason": "extremely low vegetation canopy", "explanation_text": "This zone is estimated as medium heat risk because it combines high built-up density limits cooling and extremely low vegetation canopy. This is a satellite-based decision-support estimate, not an official public-health heat warning.", "honesty_note": "This is a satellite-derived urban heat estimate, not an official public-health warning." }, "geometry": { "type": "Polygon", "coordinates": [ [ [ 31.367171817047169, 30.052732439763453 ], [ 31.367171817047169, 30.056620114161532 ], [ 31.371663393467767, 30.056620114161532 ], [ 31.371663393467767, 30.052732439763453 ], [ 31.367171817047169, 30.052732439763453 ] ] ] } },
{ "type": "Feature", "properties": { "zone_code": "NSR-GRID-185", "predicted_heat_anomaly_c": -1.0920740351986173, "predicted_heat_risk_score": 0.34453252877876123, "predicted_heat_risk_class": "low", "observed_lst_c": 35.125971240493342, "date": "2025-10-23", "top_factor_1": "Built Environment Density", "top_factor_1_reason": "high built-up density limits cooling", "top_factor_2": "Impervious Surfaces", "top_factor_2_reason": "high impervious building indices", "explanation_text": "This zone is estimated as low heat risk because it combines high built-up density limits cooling and high impervious building indices. This is a satellite-based decision-support estimate, not an official public-health heat warning.", "honesty_note": "This is a satellite-derived urban heat estimate, not an official public-health warning." }, "geometry": { "type": "Polygon", "coordinates": [ [ [ 31.371663393467767, 30.052732439763453 ], [ 31.371663393467767, 30.056620114161532 ], [ 31.376154969888365, 30.056620114161532 ], [ 31.376154969888365, 30.052732439763453 ], [ 31.371663393467767, 30.052732439763453 ] ] ] } },
{ "type": "Feature", "properties": { "zone_code": "NSR-GRID-186", "predicted_heat_anomaly_c": -1.6633719721007048, "predicted_heat_risk_score": 0.41007472185608851, "predicted_heat_risk_class": "medium", "observed_lst_c": 34.72162544344549, "date": "2025-10-23", "top_factor_1": "Built Environment Density", "top_factor_1_reason": "high built-up density limits cooling", "top_factor_2": "Impervious Surfaces", "top_factor_2_reason": "high impervious building indices", "explanation_text": "This zone is estimated as medium heat risk because it combines high built-up density limits cooling and high impervious building indices. This is a satellite-based decision-support estimate, not an official public-health heat warning.", "honesty_note": "This is a satellite-derived urban heat estimate, not an official public-health warning." }, "geometry": { "type": "Polygon", "coordinates": [ [ [ 31.376154969888365, 30.052732439763453 ], [ 31.376154969888365, 30.056620114161532 ], [ 31.380646546308967, 30.056620114161532 ], [ 31.380646546308967, 30.052732439763453 ], [ 31.376154969888365, 30.052732439763453 ] ] ] } },
{ "type": "Feature", "properties": { "zone_code": "NSR-GRID-187", "predicted_heat_anomaly_c": -1.8788404114601684, "predicted_heat_risk_score": 0.45960306436379589, "predicted_heat_risk_class": "medium", "observed_lst_c": 34.501574242552913, "date": "2025-10-23", "top_factor_1": "Built Environment Density", "top_factor_1_reason": "high built-up density limits cooling", "top_factor_2": "Impervious Surfaces", "top_factor_2_reason": "high impervious building indices", "explanation_text": "This zone is estimated as medium heat risk because it combines high built-up density limits cooling and high impervious building indices. This is a satellite-based decision-support estimate, not an official public-health heat warning.", "honesty_note": "This is a satellite-derived urban heat estimate, not an official public-health warning." }, "geometry": { "type": "Polygon", "coordinates": [ [ [ 31.380646546308967, 30.052732439763453 ], [ 31.380646546308967, 30.056620114161532 ], [ 31.385138122729565, 30.056620114161532 ], [ 31.385138122729565, 30.052732439763453 ], [ 31.380646546308967, 30.052732439763453 ] ] ] } },
{ "type": "Feature", "properties": { "zone_code": "NSR-GRID-188", "predicted_heat_anomaly_c": -2.1436767467040512, "predicted_heat_risk_score": 0.42625841199823966, "predicted_heat_risk_class": "medium", "observed_lst_c": 34.332618256278991, "date": "2025-10-23", "top_factor_1": "Built Environment Density", "top_factor_1_reason": "high built-up density limits cooling", "top_factor_2": "Vegetation Shielding", "top_factor_2_reason": "extremely low vegetation canopy", "explanation_text": "This zone is estimated as medium heat risk because it combines high built-up density limits cooling and extremely low vegetation canopy. This is a satellite-based decision-support estimate, not an official public-health heat warning.", "honesty_note": "This is a satellite-derived urban heat estimate, not an official public-health warning." }, "geometry": { "type": "Polygon", "coordinates": [ [ [ 31.385138122729565, 30.052732439763453 ], [ 31.385138122729565, 30.056620114161532 ], [ 31.389629699150163, 30.056620114161532 ], [ 31.389629699150163, 30.052732439763453 ], [ 31.385138122729565, 30.052732439763453 ] ] ] } },
{ "type": "Feature", "properties": { "zone_code": "NSR-GRID-189", "predicted_heat_anomaly_c": -2.4965292011994822, "predicted_heat_risk_score": 0.44062728395353079, "predicted_heat_risk_class": "medium", "observed_lst_c": 33.78327394121338, "date": "2025-10-23", "top_factor_1": "Built Environment Density", "top_factor_1_reason": "high built-up density limits cooling", "top_factor_2": "Vegetation Shielding", "top_factor_2_reason": "extremely low vegetation canopy", "explanation_text": "This zone is estimated as medium heat risk because it combines high built-up density limits cooling and extremely low vegetation canopy. This is a satellite-based decision-support estimate, not an official public-health heat warning.", "honesty_note": "This is a satellite-derived urban heat estimate, not an official public-health warning." }, "geometry": { "type": "Polygon", "coordinates": [ [ [ 31.389629699150163, 30.052732439763453 ], [ 31.389629699150163, 30.056620114161532 ], [ 31.394121275570754, 30.056620114161532 ], [ 31.394121275570754, 30.052732439763453 ], [ 31.389629699150163, 30.052732439763453 ] ] ] } },
{ "type": "Feature", "properties": { "zone_code": "NSR-GRID-190", "predicted_heat_anomaly_c": -2.432359961567375, "predicted_heat_risk_score": 0.35758275999550981, "predicted_heat_risk_class": "medium", "observed_lst_c": 33.956012670283478, "date": "2025-10-23", "top_factor_1": "Built Environment Density", "top_factor_1_reason": "high built-up density limits cooling", "top_factor_2": "Impervious Surfaces", "top_factor_2_reason": "high impervious building indices", "explanation_text": "This zone is estimated as medium heat risk because it combines high built-up density limits cooling and high impervious building indices. This is a satellite-based decision-support estimate, not an official public-health heat warning.", "honesty_note": "This is a satellite-derived urban heat estimate, not an official public-health warning." }, "geometry": { "type": "Polygon", "coordinates": [ [ [ 31.394121275570754, 30.052732439763453 ], [ 31.394121275570754, 30.056620114161532 ], [ 31.398612851991352, 30.056620114161532 ], [ 31.398612851991352, 30.052732439763453 ], [ 31.394121275570754, 30.052732439763453 ] ] ] } },
{ "type": "Feature", "properties": { "zone_code": "NSR-GRID-191", "predicted_heat_anomaly_c": -1.4437386822568066, "predicted_heat_risk_score": 0.31615088241807521, "predicted_heat_risk_class": "low", "observed_lst_c": 34.949886021223811, "date": "2025-10-23", "top_factor_1": "Built Environment Density", "top_factor_1_reason": "high built-up density limits cooling", "top_factor_2": "Impervious Surfaces", "top_factor_2_reason": "high impervious building indices", "explanation_text": "This zone is estimated as low heat risk because it combines high built-up density limits cooling and high impervious building indices. This is a satellite-based decision-support estimate, not an official public-health heat warning.", "honesty_note": "This is a satellite-derived urban heat estimate, not an official public-health warning." }, "geometry": { "type": "Polygon", "coordinates": [ [ [ 31.398612851991352, 30.052732439763453 ], [ 31.398612851991352, 30.056620114161532 ], [ 31.403104428411954, 30.056620114161532 ], [ 31.403104428411954, 30.052732439763453 ], [ 31.398612851991352, 30.052732439763453 ] ] ] } },
{ "type": "Feature", "properties": { "zone_code": "NSR-GRID-192", "predicted_heat_anomaly_c": 0.18130122075281174, "predicted_heat_risk_score": 0.21690004486309253, "predicted_heat_risk_class": "low", "observed_lst_c": 36.593409853016283, "date": "2025-10-23", "top_factor_1": "Built Environment Density", "top_factor_1_reason": "high built-up density limits cooling", "top_factor_2": "Impervious Surfaces", "top_factor_2_reason": "high impervious building indices", "explanation_text": "This zone is estimated as low heat risk because it combines high built-up density limits cooling and high impervious building indices. This is a satellite-based decision-support estimate, not an official public-health heat warning.", "honesty_note": "This is a satellite-derived urban heat estimate, not an official public-health warning." }, "geometry": { "type": "Polygon", "coordinates": [ [ [ 31.403104428411954, 30.052732439763453 ], [ 31.403104428411954, 30.056620114161532 ], [ 31.407596004832552, 30.056620114161532 ], [ 31.407596004832552, 30.052732439763453 ], [ 31.403104428411954, 30.052732439763453 ] ] ] } },
{ "type": "Feature", "properties": { "zone_code": "NSR-GRID-193", "predicted_heat_anomaly_c": -0.3683536878193816, "predicted_heat_risk_score": 0.3732542430161746, "predicted_heat_risk_class": "medium", "observed_lst_c": 36.145408602212207, "date": "2025-10-23", "top_factor_1": "Built Environment Density", "top_factor_1_reason": "high built-up density limits cooling", "top_factor_2": "Topography / Elevation", "top_factor_2_reason": "low-lying terrain traps hot air", "explanation_text": "This zone is estimated as medium heat risk because it combines high built-up density limits cooling and low-lying terrain traps hot air. This is a satellite-based decision-support estimate, not an official public-health heat warning.", "honesty_note": "This is a satellite-derived urban heat estimate, not an official public-health warning." }, "geometry": { "type": "Polygon", "coordinates": [ [ [ 31.326747629261792, 30.052732439763453 ], [ 31.326747629261792, 30.052697510865265 ], [ 31.3266278, 30.0526785 ], [ 31.3258836, 30.0526042 ], [ 31.3254132, 30.0525873 ], [ 31.325241426426246, 30.052732439763453 ], [ 31.326747629261792, 30.052732439763453 ] ] ] } },
{ "type": "Feature", "properties": { "zone_code": "NSR-GRID-194", "predicted_heat_anomaly_c": 0.34859677616630635, "predicted_heat_risk_score": 0.26294302182810392, "predicted_heat_risk_class": "low", "observed_lst_c": 36.831931996546778, "date": "2025-10-23", "top_factor_1": "Built Environment Density", "top_factor_1_reason": "high built-up density limits cooling", "top_factor_2": "Vegetation Shielding", "top_factor_2_reason": "extremely low vegetation canopy", "explanation_text": "This zone is estimated as low heat risk because it combines high built-up density limits cooling and extremely low vegetation canopy. This is a satellite-based decision-support estimate, not an official public-health heat warning.", "honesty_note": "This is a satellite-derived urban heat estimate, not an official public-health warning." }, "geometry": { "type": "Polygon", "coordinates": [ [ [ 31.407596004832552, 30.052732439763453 ], [ 31.409898090104864, 30.052732439763453 ], [ 31.407596004832552, 30.050013576013651 ], [ 31.407596004832552, 30.052732439763453 ] ] ] } },
{ "type": "Feature", "properties": { "zone_code": "NSR-GRID-195", "predicted_heat_anomaly_c": -2.8995461469514821, "predicted_heat_risk_score": 0.3550910190189781, "predicted_heat_risk_class": "medium", "observed_lst_c": 33.952131536420865, "date": "2025-10-23", "top_factor_1": "Built Environment Density", "top_factor_1_reason": "high built-up density limits cooling", "top_factor_2": "Vegetation Shielding", "top_factor_2_reason": "extremely low vegetation canopy", "explanation_text": "This zone is estimated as medium heat risk because it combines high built-up density limits cooling and extremely low vegetation canopy. This is a satellite-based decision-support estimate, not an official public-health heat warning.", "honesty_note": "This is a satellite-derived urban heat estimate, not an official public-health warning." }, "geometry": { "type": "MultiPolygon", "coordinates": [ [ [ [ 31.331239205682394, 30.052732439763453 ], [ 31.331239205682394, 30.048844612736701 ], [ 31.328113132449186, 30.048844612736701 ], [ 31.3279076, 30.0497348 ], [ 31.3276101, 30.0510161 ], [ 31.327353, 30.0521987 ], [ 31.327302176329447, 30.052732439763453 ], [ 31.331239205682394, 30.052732439763453 ] ] ], [ [ [ 31.326747629261792, 30.052732439763453 ], [ 31.326967793108562, 30.052732439763453 ], [ 31.326747629261792, 30.052697510865265 ], [ 31.326747629261792, 30.052732439763453 ] ] ] ] } },
{ "type": "Feature", "properties": { "zone_code": "NSR-GRID-196", "predicted_heat_anomaly_c": -0.64923634413694686, "predicted_heat_risk_score": 0.26269536891587653, "predicted_heat_risk_class": "low", "observed_lst_c": 35.663093103169928, "date": "2025-10-23", "top_factor_1": "Built Environment Density", "top_factor_1_reason": "high built-up density limits cooling", "top_factor_2": "Vegetation Shielding", "top_factor_2_reason": "extremely low vegetation canopy", "explanation_text": "This zone is estimated as low heat risk because it combines high built-up density limits cooling and extremely low vegetation canopy. This is a satellite-based decision-support estimate, not an official public-health heat warning.", "honesty_note": "This is a satellite-derived urban heat estimate, not an official public-health warning." }, "geometry": { "type": "Polygon", "coordinates": [ [ [ 31.403104428411954, 30.048844612736701 ], [ 31.403104428411954, 30.052732439763453 ], [ 31.407596004832552, 30.052732439763453 ], [ 31.407596004832552, 30.050013576013651 ], [ 31.4074487, 30.0498396 ], [ 31.406758924697812, 30.048844612736701 ], [ 31.403104428411954, 30.048844612736701 ] ] ] } },
{ "type": "Feature", "properties": { "zone_code": "NSR-GRID-197", "predicted_heat_anomaly_c": -3.1401925514270368, "predicted_heat_risk_score": 0.31260337578923031, "predicted_heat_risk_class": "low", "observed_lst_c": 33.82969880442122, "date": "2025-10-23", "top_factor_1": "Built Environment Density", "top_factor_1_reason": "high built-up density limits cooling", "top_factor_2": "General Urban Landscape", "top_factor_2_reason": "standard dry urban microclimate", "explanation_text": "This zone is estimated as low heat risk because it combines high built-up density limits cooling and standard dry urban microclimate. This is a satellite-based decision-support estimate, not an official public-health heat warning.", "honesty_note": "This is a satellite-derived urban heat estimate, not an official public-health warning." }, "geometry": { "type": "Polygon", "coordinates": [ [ [ 31.331239205682394, 30.048844612736701 ], [ 31.331239205682394, 30.052732439763453 ], [ 31.335730782102992, 30.052732439763453 ], [ 31.335730782102992, 30.048844612736701 ], [ 31.331239205682394, 30.048844612736701 ] ] ] } },
{ "type": "Feature", "properties": { "zone_code": "NSR-GRID-198", "predicted_heat_anomaly_c": -3.1251705765294364, "predicted_heat_risk_score": 0.26183608684176696, "predicted_heat_risk_class": "low", "observed_lst_c": 33.690172052432864, "date": "2025-10-23", "top_factor_1": "Built Environment Density", "top_factor_1_reason": "high built-up density limits cooling", "top_factor_2": "General Urban Landscape", "top_factor_2_reason": "standard dry urban microclimate", "explanation_text": "This zone is estimated as low heat risk because it combines high built-up density limits cooling and standard dry urban microclimate. This is a satellite-based decision-support estimate, not an official public-health heat warning.", "honesty_note": "This is a satellite-derived urban heat estimate, not an official public-health warning." }, "geometry": { "type": "Polygon", "coordinates": [ [ [ 31.335730782102992, 30.048844612736701 ], [ 31.335730782102992, 30.052732439763453 ], [ 31.340222358523583, 30.052732439763453 ], [ 31.340222358523583, 30.048844612736701 ], [ 31.335730782102992, 30.048844612736701 ] ] ] } },
{ "type": "Feature", "properties": { "zone_code": "NSR-GRID-199", "predicted_heat_anomaly_c": -3.6448846411821112, "predicted_heat_risk_score": 0.36569335339460796, "predicted_heat_risk_class": "medium", "observed_lst_c": 32.957664237967123, "date": "2025-10-23", "top_factor_1": "Built Environment Density", "top_factor_1_reason": "high built-up density limits cooling", "top_factor_2": "Vegetation Shielding", "top_factor_2_reason": "extremely low vegetation canopy", "explanation_text": "This zone is estimated as medium heat risk because it combines high built-up density limits cooling and extremely low vegetation canopy. This is a satellite-based decision-support estimate, not an official public-health heat warning.", "honesty_note": "This is a satellite-derived urban heat estimate, not an official public-health warning." }, "geometry": { "type": "Polygon", "coordinates": [ [ [ 31.340222358523583, 30.048844612736701 ], [ 31.340222358523583, 30.052732439763453 ], [ 31.344713934944181, 30.052732439763453 ], [ 31.344713934944181, 30.048844612736701 ], [ 31.340222358523583, 30.048844612736701 ] ] ] } },
{ "type": "Feature", "properties": { "zone_code": "NSR-GRID-200", "predicted_heat_anomaly_c": -3.4000660399215978, "predicted_heat_risk_score": 0.35326002183669802, "predicted_heat_risk_class": "medium", "observed_lst_c": 33.538272388194429, "date": "2025-10-23", "top_factor_1": "Built Environment Density", "top_factor_1_reason": "high built-up density limits cooling", "top_factor_2": "Vegetation Shielding", "top_factor_2_reason": "extremely low vegetation canopy", "explanation_text": "This zone is estimated as medium heat risk because it combines high built-up density limits cooling and extremely low vegetation canopy. This is a satellite-based decision-support estimate, not an official public-health heat warning.", "honesty_note": "This is a satellite-derived urban heat estimate, not an official public-health warning." }, "geometry": { "type": "Polygon", "coordinates": [ [ [ 31.344713934944181, 30.048844612736701 ], [ 31.344713934944181, 30.052732439763453 ], [ 31.349205511364779, 30.052732439763453 ], [ 31.349205511364779, 30.048844612736701 ], [ 31.344713934944181, 30.048844612736701 ] ] ] } },
{ "type": "Feature", "properties": { "zone_code": "NSR-GRID-201", "predicted_heat_anomaly_c": -3.0008796619031357, "predicted_heat_risk_score": 0.38998961091257456, "predicted_heat_risk_class": "medium", "observed_lst_c": 33.492933710176537, "date": "2025-10-23", "top_factor_1": "Built Environment Density", "top_factor_1_reason": "high built-up density limits cooling", "top_factor_2": "Vegetation Shielding", "top_factor_2_reason": "extremely low vegetation canopy", "explanation_text": "This zone is estimated as medium heat risk because it combines high built-up density limits cooling and extremely low vegetation canopy. This is a satellite-based decision-support estimate, not an official public-health heat warning.", "honesty_note": "This is a satellite-derived urban heat estimate, not an official public-health warning." }, "geometry": { "type": "Polygon", "coordinates": [ [ [ 31.349205511364779, 30.048844612736701 ], [ 31.349205511364779, 30.052732439763453 ], [ 31.353697087785381, 30.052732439763453 ], [ 31.353697087785381, 30.048844612736701 ], [ 31.349205511364779, 30.048844612736701 ] ] ] } },
{ "type": "Feature", "properties": { "zone_code": "NSR-GRID-202", "predicted_heat_anomaly_c": -2.2604803819549866, "predicted_heat_risk_score": 0.37018378420423248, "predicted_heat_risk_class": "medium", "observed_lst_c": 34.305417624852616, "date": "2025-10-23", "top_factor_1": "Built Environment Density", "top_factor_1_reason": "high built-up density limits cooling", "top_factor_2": "Vegetation Shielding", "top_factor_2_reason": "extremely low vegetation canopy", "explanation_text": "This zone is estimated as medium heat risk because it combines high built-up density limits cooling and extremely low vegetation canopy. This is a satellite-based decision-support estimate, not an official public-health heat warning.", "honesty_note": "This is a satellite-derived urban heat estimate, not an official public-health warning." }, "geometry": { "type": "Polygon", "coordinates": [ [ [ 31.353697087785381, 30.048844612736701 ], [ 31.353697087785381, 30.052732439763453 ], [ 31.358188664205979, 30.052732439763453 ], [ 31.358188664205979, 30.048844612736701 ], [ 31.353697087785381, 30.048844612736701 ] ] ] } },
{ "type": "Feature", "properties": { "zone_code": "NSR-GRID-203", "predicted_heat_anomaly_c": -0.024719537002243597, "predicted_heat_risk_score": 0.4155299615918519, "predicted_heat_risk_class": "medium", "observed_lst_c": 36.747674985435118, "date": "2025-10-23", "top_factor_1": "Built Environment Density", "top_factor_1_reason": "high built-up density limits cooling", "top_factor_2": "Impervious Surfaces", "top_factor_2_reason": "high impervious building indices", "explanation_text": "This zone is estimated as medium heat risk because it combines high built-up density limits cooling and high impervious building indices. This is a satellite-based decision-support estimate, not an official public-health heat warning.", "honesty_note": "This is a satellite-derived urban heat estimate, not an official public-health warning." }, "geometry": { "type": "Polygon", "coordinates": [ [ [ 31.358188664205979, 30.048844612736701 ], [ 31.358188664205979, 30.052732439763453 ], [ 31.362680240626577, 30.052732439763453 ], [ 31.362680240626577, 30.048844612736701 ], [ 31.358188664205979, 30.048844612736701 ] ] ] } },
{ "type": "Feature", "properties": { "zone_code": "NSR-GRID-204", "predicted_heat_anomaly_c": -2.1107458619095305, "predicted_heat_risk_score": 0.37304386875061912, "predicted_heat_risk_class": "medium", "observed_lst_c": 34.479948616019328, "date": "2025-10-23", "top_factor_1": "Built Environment Density", "top_factor_1_reason": "high built-up density limits cooling", "top_factor_2": "Vegetation Shielding", "top_factor_2_reason": "extremely low vegetation canopy", "explanation_text": "This zone is estimated as medium heat risk because it combines high built-up density limits cooling and extremely low vegetation canopy. This is a satellite-based decision-support estimate, not an official public-health heat warning.", "honesty_note": "This is a satellite-derived urban heat estimate, not an official public-health warning." }, "geometry": { "type": "Polygon", "coordinates": [ [ [ 31.362680240626577, 30.048844612736701 ], [ 31.362680240626577, 30.052732439763453 ], [ 31.367171817047169, 30.052732439763453 ], [ 31.367171817047169, 30.048844612736701 ], [ 31.362680240626577, 30.048844612736701 ] ] ] } },
{ "type": "Feature", "properties": { "zone_code": "NSR-GRID-205", "predicted_heat_anomaly_c": -1.7611568310560974, "predicted_heat_risk_score": 0.38589116359397913, "predicted_heat_risk_class": "medium", "observed_lst_c": 34.644201299190712, "date": "2025-10-23", "top_factor_1": "Built Environment Density", "top_factor_1_reason": "high built-up density limits cooling", "top_factor_2": "Vegetation Shielding", "top_factor_2_reason": "extremely low vegetation canopy", "explanation_text": "This zone is estimated as medium heat risk because it combines high built-up density limits cooling and extremely low vegetation canopy. This is a satellite-based decision-support estimate, not an official public-health heat warning.", "honesty_note": "This is a satellite-derived urban heat estimate, not an official public-health warning." }, "geometry": { "type": "Polygon", "coordinates": [ [ [ 31.367171817047169, 30.048844612736701 ], [ 31.367171817047169, 30.052732439763453 ], [ 31.371663393467767, 30.052732439763453 ], [ 31.371663393467767, 30.048844612736701 ], [ 31.367171817047169, 30.048844612736701 ] ] ] } },
{ "type": "Feature", "properties": { "zone_code": "NSR-GRID-206", "predicted_heat_anomaly_c": -2.0145810457874562, "predicted_heat_risk_score": 0.40671357284577647, "predicted_heat_risk_class": "medium", "observed_lst_c": 34.22471745276286, "date": "2025-10-23", "top_factor_1": "Built Environment Density", "top_factor_1_reason": "high built-up density limits cooling", "top_factor_2": "Vegetation Shielding", "top_factor_2_reason": "extremely low vegetation canopy", "explanation_text": "This zone is estimated as medium heat risk because it combines high built-up density limits cooling and extremely low vegetation canopy. This is a satellite-based decision-support estimate, not an official public-health heat warning.", "honesty_note": "This is a satellite-derived urban heat estimate, not an official public-health warning." }, "geometry": { "type": "Polygon", "coordinates": [ [ [ 31.371663393467767, 30.048844612736701 ], [ 31.371663393467767, 30.052732439763453 ], [ 31.376154969888365, 30.052732439763453 ], [ 31.376154969888365, 30.048844612736701 ], [ 31.371663393467767, 30.048844612736701 ] ] ] } },
{ "type": "Feature", "properties": { "zone_code": "NSR-GRID-207", "predicted_heat_anomaly_c": -2.1178825250547213, "predicted_heat_risk_score": 0.40828725415101225, "predicted_heat_risk_class": "medium", "observed_lst_c": 33.975639642199191, "date": "2025-10-23", "top_factor_1": "Built Environment Density", "top_factor_1_reason": "high built-up density limits cooling", "top_factor_2": "Vegetation Shielding", "top_factor_2_reason": "extremely low vegetation canopy", "explanation_text": "This zone is estimated as medium heat risk because it combines high built-up density limits cooling and extremely low vegetation canopy. This is a satellite-based decision-support estimate, not an official public-health heat warning.", "honesty_note": "This is a satellite-derived urban heat estimate, not an official public-health warning." }, "geometry": { "type": "Polygon", "coordinates": [ [ [ 31.376154969888365, 30.048844612736701 ], [ 31.376154969888365, 30.052732439763453 ], [ 31.380646546308967, 30.052732439763453 ], [ 31.380646546308967, 30.048844612736701 ], [ 31.376154969888365, 30.048844612736701 ] ] ] } },
{ "type": "Feature", "properties": { "zone_code": "NSR-GRID-208", "predicted_heat_anomaly_c": -1.8311488810527452, "predicted_heat_risk_score": 0.42315008259254172, "predicted_heat_risk_class": "medium", "observed_lst_c": 34.256476580387961, "date": "2025-10-23", "top_factor_1": "Built Environment Density", "top_factor_1_reason": "high built-up density limits cooling", "top_factor_2": "Vegetation Shielding", "top_factor_2_reason": "extremely low vegetation canopy", "explanation_text": "This zone is estimated as medium heat risk because it combines high built-up density limits cooling and extremely low vegetation canopy. This is a satellite-based decision-support estimate, not an official public-health heat warning.", "honesty_note": "This is a satellite-derived urban heat estimate, not an official public-health warning." }, "geometry": { "type": "Polygon", "coordinates": [ [ [ 31.380646546308967, 30.048844612736701 ], [ 31.380646546308967, 30.052732439763453 ], [ 31.385138122729565, 30.052732439763453 ], [ 31.385138122729565, 30.048844612736701 ], [ 31.380646546308967, 30.048844612736701 ] ] ] } },
{ "type": "Feature", "properties": { "zone_code": "NSR-GRID-209", "predicted_heat_anomaly_c": -1.6312719750685702, "predicted_heat_risk_score": 0.41529453375305192, "predicted_heat_risk_class": "medium", "observed_lst_c": 34.311196590635312, "date": "2025-10-23", "top_factor_1": "Built Environment Density", "top_factor_1_reason": "high built-up density limits cooling", "top_factor_2": "Vegetation Shielding", "top_factor_2_reason": "extremely low vegetation canopy", "explanation_text": "This zone is estimated as medium heat risk because it combines high built-up density limits cooling and extremely low vegetation canopy. This is a satellite-based decision-support estimate, not an official public-health heat warning.", "honesty_note": "This is a satellite-derived urban heat estimate, not an official public-health warning." }, "geometry": { "type": "Polygon", "coordinates": [ [ [ 31.385138122729565, 30.048844612736701 ], [ 31.385138122729565, 30.052732439763453 ], [ 31.389629699150163, 30.052732439763453 ], [ 31.389629699150163, 30.048844612736701 ], [ 31.385138122729565, 30.048844612736701 ] ] ] } },
{ "type": "Feature", "properties": { "zone_code": "NSR-GRID-210", "predicted_heat_anomaly_c": -1.289629965585952, "predicted_heat_risk_score": 0.4088668906467503, "predicted_heat_risk_class": "medium", "observed_lst_c": 35.048124581876102, "date": "2025-10-23", "top_factor_1": "Built Environment Density", "top_factor_1_reason": "high built-up density limits cooling", "top_factor_2": "Vegetation Shielding", "top_factor_2_reason": "extremely low vegetation canopy", "explanation_text": "This zone is estimated as medium heat risk because it combines high built-up density limits cooling and extremely low vegetation canopy. This is a satellite-based decision-support estimate, not an official public-health heat warning.", "honesty_note": "This is a satellite-derived urban heat estimate, not an official public-health warning." }, "geometry": { "type": "Polygon", "coordinates": [ [ [ 31.389629699150163, 30.048844612736701 ], [ 31.389629699150163, 30.052732439763453 ], [ 31.394121275570754, 30.052732439763453 ], [ 31.394121275570754, 30.048844612736701 ], [ 31.389629699150163, 30.048844612736701 ] ] ] } },
{ "type": "Feature", "properties": { "zone_code": "NSR-GRID-211", "predicted_heat_anomaly_c": -1.6821828309357125, "predicted_heat_risk_score": 0.4220931173699668, "predicted_heat_risk_class": "medium", "observed_lst_c": 34.978587739899034, "date": "2025-10-23", "top_factor_1": "Built Environment Density", "top_factor_1_reason": "high built-up density limits cooling", "top_factor_2": "Vegetation Shielding", "top_factor_2_reason": "extremely low vegetation canopy", "explanation_text": "This zone is estimated as medium heat risk because it combines high built-up density limits cooling and extremely low vegetation canopy. This is a satellite-based decision-support estimate, not an official public-health heat warning.", "honesty_note": "This is a satellite-derived urban heat estimate, not an official public-health warning." }, "geometry": { "type": "Polygon", "coordinates": [ [ [ 31.394121275570754, 30.048844612736701 ], [ 31.394121275570754, 30.052732439763453 ], [ 31.398612851991352, 30.052732439763453 ], [ 31.398612851991352, 30.048844612736701 ], [ 31.394121275570754, 30.048844612736701 ] ] ] } },
{ "type": "Feature", "properties": { "zone_code": "NSR-GRID-212", "predicted_heat_anomaly_c": -0.62005806888881909, "predicted_heat_risk_score": 0.35888174613510104, "predicted_heat_risk_class": "medium", "observed_lst_c": 35.761829153900941, "date": "2025-10-23", "top_factor_1": "Built Environment Density", "top_factor_1_reason": "high built-up density limits cooling", "top_factor_2": "Impervious Surfaces", "top_factor_2_reason": "high impervious building indices", "explanation_text": "This zone is estimated as medium heat risk because it combines high built-up density limits cooling and high impervious building indices. This is a satellite-based decision-support estimate, not an official public-health heat warning.", "honesty_note": "This is a satellite-derived urban heat estimate, not an official public-health warning." }, "geometry": { "type": "Polygon", "coordinates": [ [ [ 31.398612851991352, 30.048844612736701 ], [ 31.398612851991352, 30.052732439763453 ], [ 31.403104428411954, 30.052732439763453 ], [ 31.403104428411954, 30.048844612736701 ], [ 31.398612851991352, 30.048844612736701 ] ] ] } },
{ "type": "Feature", "properties": { "zone_code": "NSR-GRID-213", "predicted_heat_anomaly_c": -0.019916601874749588, "predicted_heat_risk_score": 0.28349572590043609, "predicted_heat_risk_class": "low", "observed_lst_c": 36.389907904559273, "date": "2025-10-23", "top_factor_1": "Built Environment Density", "top_factor_1_reason": "high built-up density limits cooling", "top_factor_2": "Vegetation Shielding", "top_factor_2_reason": "extremely low vegetation canopy", "explanation_text": "This zone is estimated as low heat risk because it combines high built-up density limits cooling and extremely low vegetation canopy. This is a satellite-based decision-support estimate, not an official public-health heat warning.", "honesty_note": "This is a satellite-derived urban heat estimate, not an official public-health warning." }, "geometry": { "type": "Polygon", "coordinates": [ [ [ 31.403104428411954, 30.044956633093168 ], [ 31.403104428411954, 30.048844612736701 ], [ 31.406758924697812, 30.048844612736701 ], [ 31.4059316, 30.0476512 ], [ 31.404817173280087, 30.044956633093168 ], [ 31.403104428411954, 30.044956633093168 ] ] ] } },
{ "type": "Feature", "properties": { "zone_code": "NSR-GRID-214", "predicted_heat_anomaly_c": -3.6233501589821513, "predicted_heat_risk_score": 0.37978003185126985, "predicted_heat_risk_class": "medium", "observed_lst_c": 33.27654595740389, "date": "2025-10-23", "top_factor_1": "Built Environment Density", "top_factor_1_reason": "high built-up density limits cooling", "top_factor_2": "Vegetation Shielding", "top_factor_2_reason": "extremely low vegetation canopy", "explanation_text": "This zone is estimated as medium heat risk because it combines high built-up density limits cooling and extremely low vegetation canopy. This is a satellite-based decision-support estimate, not an official public-health heat warning.", "honesty_note": "This is a satellite-derived urban heat estimate, not an official public-health warning." }, "geometry": { "type": "Polygon", "coordinates": [ [ [ 31.331239205682394, 30.048844612736701 ], [ 31.331239205682394, 30.044956633093168 ], [ 31.329008436839352, 30.044956633093168 ], [ 31.3288656, 30.045586299999989 ], [ 31.3284128, 30.0475467 ], [ 31.328113132449186, 30.048844612736701 ], [ 31.331239205682394, 30.048844612736701 ] ] ] } },
{ "type": "Feature", "properties": { "zone_code": "NSR-GRID-215", "predicted_heat_anomaly_c": -3.3506365880405218, "predicted_heat_risk_score": 0.32828934347997968, "predicted_heat_risk_class": "low", "observed_lst_c": 33.391486302443987, "date": "2025-10-23", "top_factor_1": "Built Environment Density", "top_factor_1_reason": "high built-up density limits cooling", "top_factor_2": "General Urban Landscape", "top_factor_2_reason": "standard dry urban microclimate", "explanation_text": "This zone is estimated as low heat risk because it combines high built-up density limits cooling and standard dry urban microclimate. This is a satellite-based decision-support estimate, not an official public-health heat warning.", "honesty_note": "This is a satellite-derived urban heat estimate, not an official public-health warning." }, "geometry": { "type": "Polygon", "coordinates": [ [ [ 31.331239205682394, 30.044956633093168 ], [ 31.331239205682394, 30.048844612736701 ], [ 31.335730782102992, 30.048844612736701 ], [ 31.335730782102992, 30.044956633093168 ], [ 31.331239205682394, 30.044956633093168 ] ] ] } },
{ "type": "Feature", "properties": { "zone_code": "NSR-GRID-216", "predicted_heat_anomaly_c": -2.1650124574619234, "predicted_heat_risk_score": 0.33403973655484942, "predicted_heat_risk_class": "low", "observed_lst_c": 34.439512758984222, "date": "2025-10-23", "top_factor_1": "Built Environment Density", "top_factor_1_reason": "high built-up density limits cooling", "top_factor_2": "General Urban Landscape", "top_factor_2_reason": "standard dry urban microclimate", "explanation_text": "This zone is estimated as low heat risk because it combines high built-up density limits cooling and standard dry urban microclimate. This is a satellite-based decision-support estimate, not an official public-health heat warning.", "honesty_note": "This is a satellite-derived urban heat estimate, not an official public-health warning." }, "geometry": { "type": "Polygon", "coordinates": [ [ [ 31.335730782102992, 30.044956633093168 ], [ 31.335730782102992, 30.048844612736701 ], [ 31.340222358523583, 30.048844612736701 ], [ 31.340222358523583, 30.044956633093168 ], [ 31.335730782102992, 30.044956633093168 ] ] ] } },
{ "type": "Feature", "properties": { "zone_code": "NSR-GRID-217", "predicted_heat_anomaly_c": -2.8827665135108695, "predicted_heat_risk_score": 0.3758490855426726, "predicted_heat_risk_class": "medium", "observed_lst_c": 33.726950856837021, "date": "2025-10-23", "top_factor_1": "Built Environment Density", "top_factor_1_reason": "high built-up density limits cooling", "top_factor_2": "Vegetation Shielding", "top_factor_2_reason": "extremely low vegetation canopy", "explanation_text": "This zone is estimated as medium heat risk because it combines high built-up density limits cooling and extremely low vegetation canopy. This is a satellite-based decision-support estimate, not an official public-health heat warning.", "honesty_note": "This is a satellite-derived urban heat estimate, not an official public-health warning." }, "geometry": { "type": "Polygon", "coordinates": [ [ [ 31.340222358523583, 30.044956633093168 ], [ 31.340222358523583, 30.048844612736701 ], [ 31.344713934944181, 30.048844612736701 ], [ 31.344713934944181, 30.044956633093168 ], [ 31.340222358523583, 30.044956633093168 ] ] ] } },
{ "type": "Feature", "properties": { "zone_code": "NSR-GRID-218", "predicted_heat_anomaly_c": -2.5370662475550438, "predicted_heat_risk_score": 0.37235049679958221, "predicted_heat_risk_class": "medium", "observed_lst_c": 34.149762737811685, "date": "2025-10-23", "top_factor_1": "Built Environment Density", "top_factor_1_reason": "high built-up density limits cooling", "top_factor_2": "Vegetation Shielding", "top_factor_2_reason": "extremely low vegetation canopy", "explanation_text": "This zone is estimated as medium heat risk because it combines high built-up density limits cooling and extremely low vegetation canopy. This is a satellite-based decision-support estimate, not an official public-health heat warning.", "honesty_note": "This is a satellite-derived urban heat estimate, not an official public-health warning." }, "geometry": { "type": "Polygon", "coordinates": [ [ [ 31.344713934944181, 30.044956633093168 ], [ 31.344713934944181, 30.048844612736701 ], [ 31.349205511364779, 30.048844612736701 ], [ 31.349205511364779, 30.044956633093168 ], [ 31.344713934944181, 30.044956633093168 ] ] ] } },
{ "type": "Feature", "properties": { "zone_code": "NSR-GRID-219", "predicted_heat_anomaly_c": -1.4641953205485487, "predicted_heat_risk_score": 0.38334273826246135, "predicted_heat_risk_class": "medium", "observed_lst_c": 35.098119937440522, "date": "2025-10-23", "top_factor_1": "Built Environment Density", "top_factor_1_reason": "high built-up density limits cooling", "top_factor_2": "Vegetation Shielding", "top_factor_2_reason": "extremely low vegetation canopy", "explanation_text": "This zone is estimated as medium heat risk because it combines high built-up density limits cooling and extremely low vegetation canopy. This is a satellite-based decision-support estimate, not an official public-health heat warning.", "honesty_note": "This is a satellite-derived urban heat estimate, not an official public-health warning." }, "geometry": { "type": "Polygon", "coordinates": [ [ [ 31.349205511364779, 30.044956633093168 ], [ 31.349205511364779, 30.048844612736701 ], [ 31.353697087785381, 30.048844612736701 ], [ 31.353697087785381, 30.044956633093168 ], [ 31.349205511364779, 30.044956633093168 ] ] ] } },
{ "type": "Feature", "properties": { "zone_code": "NSR-GRID-220", "predicted_heat_anomaly_c": -0.95609571881619704, "predicted_heat_risk_score": 0.39193864587441041, "predicted_heat_risk_class": "medium", "observed_lst_c": 35.411570241330693, "date": "2025-10-23", "top_factor_1": "Built Environment Density", "top_factor_1_reason": "high built-up density limits cooling", "top_factor_2": "Vegetation Shielding", "top_factor_2_reason": "extremely low vegetation canopy", "explanation_text": "This zone is estimated as medium heat risk because it combines high built-up density limits cooling and extremely low vegetation canopy. This is a satellite-based decision-support estimate, not an official public-health heat warning.", "honesty_note": "This is a satellite-derived urban heat estimate, not an official public-health warning." }, "geometry": { "type": "Polygon", "coordinates": [ [ [ 31.353697087785381, 30.044956633093168 ], [ 31.353697087785381, 30.048844612736701 ], [ 31.358188664205979, 30.048844612736701 ], [ 31.358188664205979, 30.044956633093168 ], [ 31.353697087785381, 30.044956633093168 ] ] ] } },
{ "type": "Feature", "properties": { "zone_code": "NSR-GRID-221", "predicted_heat_anomaly_c": -1.2041050141361287, "predicted_heat_risk_score": 0.40285934553506059, "predicted_heat_risk_class": "medium", "observed_lst_c": 35.191743198300813, "date": "2025-10-23", "top_factor_1": "Built Environment Density", "top_factor_1_reason": "high built-up density limits cooling", "top_factor_2": "Vegetation Shielding", "top_factor_2_reason": "extremely low vegetation canopy", "explanation_text": "This zone is estimated as medium heat risk because it combines high built-up density limits cooling and extremely low vegetation canopy. This is a satellite-based decision-support estimate, not an official public-health heat warning.", "honesty_note": "This is a satellite-derived urban heat estimate, not an official public-health warning." }, "geometry": { "type": "Polygon", "coordinates": [ [ [ 31.358188664205979, 30.044956633093168 ], [ 31.358188664205979, 30.048844612736701 ], [ 31.362680240626577, 30.048844612736701 ], [ 31.362680240626577, 30.044956633093168 ], [ 31.358188664205979, 30.044956633093168 ] ] ] } },
{ "type": "Feature", "properties": { "zone_code": "NSR-GRID-222", "predicted_heat_anomaly_c": -1.2567470508755154, "predicted_heat_risk_score": 0.39853755915617772, "predicted_heat_risk_class": "medium", "observed_lst_c": 35.382909633522772, "date": "2025-10-23", "top_factor_1": "Built Environment Density", "top_factor_1_reason": "high built-up density limits cooling", "top_factor_2": "Vegetation Shielding", "top_factor_2_reason": "extremely low vegetation canopy", "explanation_text": "This zone is estimated as medium heat risk because it combines high built-up density limits cooling and extremely low vegetation canopy. This is a satellite-based decision-support estimate, not an official public-health heat warning.", "honesty_note": "This is a satellite-derived urban heat estimate, not an official public-health warning." }, "geometry": { "type": "Polygon", "coordinates": [ [ [ 31.362680240626577, 30.044956633093168 ], [ 31.362680240626577, 30.048844612736701 ], [ 31.367171817047169, 30.048844612736701 ], [ 31.367171817047169, 30.044956633093168 ], [ 31.362680240626577, 30.044956633093168 ] ] ] } },
{ "type": "Feature", "properties": { "zone_code": "NSR-GRID-223", "predicted_heat_anomaly_c": -2.0833422053279489, "predicted_heat_risk_score": 0.44317194771315627, "predicted_heat_risk_class": "medium", "observed_lst_c": 34.430980639826409, "date": "2025-10-23", "top_factor_1": "Built Environment Density", "top_factor_1_reason": "high built-up density limits cooling", "top_factor_2": "Vegetation Shielding", "top_factor_2_reason": "extremely low vegetation canopy", "explanation_text": "This zone is estimated as medium heat risk because it combines high built-up density limits cooling and extremely low vegetation canopy. This is a satellite-based decision-support estimate, not an official public-health heat warning.", "honesty_note": "This is a satellite-derived urban heat estimate, not an official public-health warning." }, "geometry": { "type": "Polygon", "coordinates": [ [ [ 31.367171817047169, 30.044956633093168 ], [ 31.367171817047169, 30.048844612736701 ], [ 31.371663393467767, 30.048844612736701 ], [ 31.371663393467767, 30.044956633093168 ], [ 31.367171817047169, 30.044956633093168 ] ] ] } },
{ "type": "Feature", "properties": { "zone_code": "NSR-GRID-224", "predicted_heat_anomaly_c": -1.9133436060387981, "predicted_heat_risk_score": 0.48463045835655583, "predicted_heat_risk_class": "medium", "observed_lst_c": 34.431669050720053, "date": "2025-10-23", "top_factor_1": "Built Environment Density", "top_factor_1_reason": "high built-up density limits cooling", "top_factor_2": "Vegetation Shielding", "top_factor_2_reason": "extremely low vegetation canopy", "explanation_text": "This zone is estimated as medium heat risk because it combines high built-up density limits cooling and extremely low vegetation canopy. This is a satellite-based decision-support estimate, not an official public-health heat warning.", "honesty_note": "This is a satellite-derived urban heat estimate, not an official public-health warning." }, "geometry": { "type": "Polygon", "coordinates": [ [ [ 31.371663393467767, 30.044956633093168 ], [ 31.371663393467767, 30.048844612736701 ], [ 31.376154969888365, 30.048844612736701 ], [ 31.376154969888365, 30.044956633093168 ], [ 31.371663393467767, 30.044956633093168 ] ] ] } },
{ "type": "Feature", "properties": { "zone_code": "NSR-GRID-225", "predicted_heat_anomaly_c": -1.0749231893670765, "predicted_heat_risk_score": 0.42895401559866181, "predicted_heat_risk_class": "medium", "observed_lst_c": 35.33686843436162, "date": "2025-10-23", "top_factor_1": "Built Environment Density", "top_factor_1_reason": "high built-up density limits cooling", "top_factor_2": "Impervious Surfaces", "top_factor_2_reason": "high impervious building indices", "explanation_text": "This zone is estimated as medium heat risk because it combines high built-up density limits cooling and high impervious building indices. This is a satellite-based decision-support estimate, not an official public-health heat warning.", "honesty_note": "This is a satellite-derived urban heat estimate, not an official public-health warning." }, "geometry": { "type": "Polygon", "coordinates": [ [ [ 31.376154969888365, 30.044956633093168 ], [ 31.376154969888365, 30.048844612736701 ], [ 31.380646546308967, 30.048844612736701 ], [ 31.380646546308967, 30.044956633093168 ], [ 31.376154969888365, 30.044956633093168 ] ] ] } },
{ "type": "Feature", "properties": { "zone_code": "NSR-GRID-226", "predicted_heat_anomaly_c": -1.1364494247643397, "predicted_heat_risk_score": 0.35544291458764943, "predicted_heat_risk_class": "medium", "observed_lst_c": 35.203702368235284, "date": "2025-10-23", "top_factor_1": "Built Environment Density", "top_factor_1_reason": "high built-up density limits cooling", "top_factor_2": "Vegetation Shielding", "top_factor_2_reason": "extremely low vegetation canopy", "explanation_text": "This zone is estimated as medium heat risk because it combines high built-up density limits cooling and extremely low vegetation canopy. This is a satellite-based decision-support estimate, not an official public-health heat warning.", "honesty_note": "This is a satellite-derived urban heat estimate, not an official public-health warning." }, "geometry": { "type": "Polygon", "coordinates": [ [ [ 31.380646546308967, 30.044956633093168 ], [ 31.380646546308967, 30.048844612736701 ], [ 31.385138122729565, 30.048844612736701 ], [ 31.385138122729565, 30.044956633093168 ], [ 31.380646546308967, 30.044956633093168 ] ] ] } },
{ "type": "Feature", "properties": { "zone_code": "NSR-GRID-227", "predicted_heat_anomaly_c": -1.6915478399115307, "predicted_heat_risk_score": 0.43262097650861231, "predicted_heat_risk_class": "medium", "observed_lst_c": 34.719917868174804, "date": "2025-10-23", "top_factor_1": "Built Environment Density", "top_factor_1_reason": "high built-up density limits cooling", "top_factor_2": "Vegetation Shielding", "top_factor_2_reason": "extremely low vegetation canopy", "explanation_text": "This zone is estimated as medium heat risk because it combines high built-up density limits cooling and extremely low vegetation canopy. This is a satellite-based decision-support estimate, not an official public-health heat warning.", "honesty_note": "This is a satellite-derived urban heat estimate, not an official public-health warning." }, "geometry": { "type": "Polygon", "coordinates": [ [ [ 31.385138122729565, 30.044956633093168 ], [ 31.385138122729565, 30.048844612736701 ], [ 31.389629699150163, 30.048844612736701 ], [ 31.389629699150163, 30.044956633093168 ], [ 31.385138122729565, 30.044956633093168 ] ] ] } },
{ "type": "Feature", "properties": { "zone_code": "NSR-GRID-228", "predicted_heat_anomaly_c": -1.5827717649279511, "predicted_heat_risk_score": 0.41466456188389827, "predicted_heat_risk_class": "medium", "observed_lst_c": 34.709988530757357, "date": "2025-10-23", "top_factor_1": "Built Environment Density", "top_factor_1_reason": "high built-up density limits cooling", "top_factor_2": "Vegetation Shielding", "top_factor_2_reason": "extremely low vegetation canopy", "explanation_text": "This zone is estimated as medium heat risk because it combines high built-up density limits cooling and extremely low vegetation canopy. This is a satellite-based decision-support estimate, not an official public-health heat warning.", "honesty_note": "This is a satellite-derived urban heat estimate, not an official public-health warning." }, "geometry": { "type": "Polygon", "coordinates": [ [ [ 31.389629699150163, 30.044956633093168 ], [ 31.389629699150163, 30.048844612736701 ], [ 31.394121275570754, 30.048844612736701 ], [ 31.394121275570754, 30.044956633093168 ], [ 31.389629699150163, 30.044956633093168 ] ] ] } },
{ "type": "Feature", "properties": { "zone_code": "NSR-GRID-229", "predicted_heat_anomaly_c": -1.2015568250675861, "predicted_heat_risk_score": 0.44094925661164147, "predicted_heat_risk_class": "medium", "observed_lst_c": 35.010102980792084, "date": "2025-10-23", "top_factor_1": "Built Environment Density", "top_factor_1_reason": "high built-up density limits cooling", "top_factor_2": "Vegetation Shielding", "top_factor_2_reason": "extremely low vegetation canopy", "explanation_text": "This zone is estimated as medium heat risk because it combines high built-up density limits cooling and extremely low vegetation canopy. This is a satellite-based decision-support estimate, not an official public-health heat warning.", "honesty_note": "This is a satellite-derived urban heat estimate, not an official public-health warning." }, "geometry": { "type": "Polygon", "coordinates": [ [ [ 31.394121275570754, 30.044956633093168 ], [ 31.394121275570754, 30.048844612736701 ], [ 31.398612851991352, 30.048844612736701 ], [ 31.398612851991352, 30.044956633093168 ], [ 31.394121275570754, 30.044956633093168 ] ] ] } },
{ "type": "Feature", "properties": { "zone_code": "NSR-GRID-230", "predicted_heat_anomaly_c": -1.5225116714151619, "predicted_heat_risk_score": 0.38330917581509116, "predicted_heat_risk_class": "medium", "observed_lst_c": 34.865509290076069, "date": "2025-10-23", "top_factor_1": "Built Environment Density", "top_factor_1_reason": "high built-up density limits cooling", "top_factor_2": "Vegetation Shielding", "top_factor_2_reason": "extremely low vegetation canopy", "explanation_text": "This zone is estimated as medium heat risk because it combines high built-up density limits cooling and extremely low vegetation canopy. This is a satellite-based decision-support estimate, not an official public-health heat warning.", "honesty_note": "This is a satellite-derived urban heat estimate, not an official public-health warning." }, "geometry": { "type": "Polygon", "coordinates": [ [ [ 31.398612851991352, 30.044956633093168 ], [ 31.398612851991352, 30.048844612736701 ], [ 31.403104428411954, 30.048844612736701 ], [ 31.403104428411954, 30.044956633093168 ], [ 31.398612851991352, 30.044956633093168 ] ] ] } },
{ "type": "Feature", "properties": { "zone_code": "NSR-GRID-231", "predicted_heat_anomaly_c": 1.4036374032294512, "predicted_heat_risk_score": 0.31289754797053265, "predicted_heat_risk_class": "low", "observed_lst_c": 37.33391081170295, "date": "2025-10-23", "top_factor_1": "Built Environment Density", "top_factor_1_reason": "high built-up density limits cooling", "top_factor_2": "Impervious Surfaces", "top_factor_2_reason": "high impervious building indices", "explanation_text": "This zone is estimated as low heat risk because it combines high built-up density limits cooling and high impervious building indices. This is a satellite-based decision-support estimate, not an official public-health heat warning.", "honesty_note": "This is a satellite-derived urban heat estimate, not an official public-health warning." }, "geometry": { "type": "Polygon", "coordinates": [ [ [ 31.403104428411954, 30.041068500844791 ], [ 31.403104428411954, 30.044956633093168 ], [ 31.404817173280087, 30.044956633093168 ], [ 31.4045107, 30.0442156 ], [ 31.4043218, 30.0430629 ], [ 31.404016132317846, 30.041068500844791 ], [ 31.403104428411954, 30.041068500844791 ] ] ] } },
{ "type": "Feature", "properties": { "zone_code": "NSR-GRID-232", "predicted_heat_anomaly_c": -2.5235753445275053, "predicted_heat_risk_score": 0.32185971983832951, "predicted_heat_risk_class": "low", "observed_lst_c": 33.969610451435905, "date": "2025-10-23", "top_factor_1": "Built Environment Density", "top_factor_1_reason": "high built-up density limits cooling", "top_factor_2": "Vegetation Shielding", "top_factor_2_reason": "extremely low vegetation canopy", "explanation_text": "This zone is estimated as low heat risk because it combines high built-up density limits cooling and extremely low vegetation canopy. This is a satellite-based decision-support estimate, not an official public-health heat warning.", "honesty_note": "This is a satellite-derived urban heat estimate, not an official public-health warning." }, "geometry": { "type": "Polygon", "coordinates": [ [ [ 31.331239205682394, 30.044956633093168 ], [ 31.331239205682394, 30.041068500844791 ], [ 31.329916534990666, 30.041068500844791 ], [ 31.3297171, 30.041904599999985 ], [ 31.3294571, 30.042982 ], [ 31.3291928, 30.0441439 ], [ 31.329008436839352, 30.044956633093168 ], [ 31.331239205682394, 30.044956633093168 ] ] ] } },
{ "type": "Feature", "properties": { "zone_code": "NSR-GRID-233", "predicted_heat_anomaly_c": -3.17168152574166, "predicted_heat_risk_score": 0.37611502989304835, "predicted_heat_risk_class": "medium", "observed_lst_c": 33.421724797636067, "date": "2025-10-23", "top_factor_1": "Built Environment Density", "top_factor_1_reason": "high built-up density limits cooling", "top_factor_2": "Vegetation Shielding", "top_factor_2_reason": "extremely low vegetation canopy", "explanation_text": "This zone is estimated as medium heat risk because it combines high built-up density limits cooling and extremely low vegetation canopy. This is a satellite-based decision-support estimate, not an official public-health heat warning.", "honesty_note": "This is a satellite-derived urban heat estimate, not an official public-health warning." }, "geometry": { "type": "Polygon", "coordinates": [ [ [ 31.331239205682394, 30.041068500844791 ], [ 31.331239205682394, 30.044956633093168 ], [ 31.335730782102992, 30.044956633093168 ], [ 31.335730782102992, 30.041068500844791 ], [ 31.331239205682394, 30.041068500844791 ] ] ] } },
{ "type": "Feature", "properties": { "zone_code": "NSR-GRID-234", "predicted_heat_anomaly_c": -2.9509389194490621, "predicted_heat_risk_score": 0.37389199328186257, "predicted_heat_risk_class": "medium", "observed_lst_c": 33.745984282164308, "date": "2025-10-23", "top_factor_1": "Built Environment Density", "top_factor_1_reason": "high built-up density limits cooling", "top_factor_2": "Vegetation Shielding", "top_factor_2_reason": "extremely low vegetation canopy", "explanation_text": "This zone is estimated as medium heat risk because it combines high built-up density limits cooling and extremely low vegetation canopy. This is a satellite-based decision-support estimate, not an official public-health heat warning.", "honesty_note": "This is a satellite-derived urban heat estimate, not an official public-health warning." }, "geometry": { "type": "Polygon", "coordinates": [ [ [ 31.335730782102992, 30.041068500844791 ], [ 31.335730782102992, 30.044956633093168 ], [ 31.340222358523583, 30.044956633093168 ], [ 31.340222358523583, 30.041068500844791 ], [ 31.335730782102992, 30.041068500844791 ] ] ] } },
{ "type": "Feature", "properties": { "zone_code": "NSR-GRID-235", "predicted_heat_anomaly_c": -0.83504112941143172, "predicted_heat_risk_score": 0.36271712382038296, "predicted_heat_risk_class": "medium", "observed_lst_c": 35.383775162139194, "date": "2025-10-23", "top_factor_1": "Built Environment Density", "top_factor_1_reason": "high built-up density limits cooling", "top_factor_2": "Vegetation Shielding", "top_factor_2_reason": "extremely low vegetation canopy", "explanation_text": "This zone is estimated as medium heat risk because it combines high built-up density limits cooling and extremely low vegetation canopy. This is a satellite-based decision-support estimate, not an official public-health heat warning.", "honesty_note": "This is a satellite-derived urban heat estimate, not an official public-health warning." }, "geometry": { "type": "Polygon", "coordinates": [ [ [ 31.340222358523583, 30.041068500844791 ], [ 31.340222358523583, 30.044956633093168 ], [ 31.344713934944181, 30.044956633093168 ], [ 31.344713934944181, 30.041068500844791 ], [ 31.340222358523583, 30.041068500844791 ] ] ] } },
{ "type": "Feature", "properties": { "zone_code": "NSR-GRID-236", "predicted_heat_anomaly_c": 1.0694080337765255, "predicted_heat_risk_score": 0.37254337825448047, "predicted_heat_risk_class": "medium", "observed_lst_c": 37.474595852715559, "date": "2025-10-23", "top_factor_1": "Built Environment Density", "top_factor_1_reason": "high built-up density limits cooling", "top_factor_2": "Impervious Surfaces", "top_factor_2_reason": "high impervious building indices", "explanation_text": "This zone is estimated as medium heat risk because it combines high built-up density limits cooling and high impervious building indices. This is a satellite-based decision-support estimate, not an official public-health heat warning.", "honesty_note": "This is a satellite-derived urban heat estimate, not an official public-health warning." }, "geometry": { "type": "Polygon", "coordinates": [ [ [ 31.344713934944181, 30.041068500844791 ], [ 31.344713934944181, 30.044956633093168 ], [ 31.349205511364779, 30.044956633093168 ], [ 31.349205511364779, 30.041068500844791 ], [ 31.344713934944181, 30.041068500844791 ] ] ] } },
{ "type": "Feature", "properties": { "zone_code": "NSR-GRID-237", "predicted_heat_anomaly_c": 2.8238116163900213, "predicted_heat_risk_score": 0.29261592293752337, "predicted_heat_risk_class": "low", "observed_lst_c": 38.785287935764103, "date": "2025-10-23", "top_factor_1": "Built Environment Density", "top_factor_1_reason": "high built-up density limits cooling", "top_factor_2": "Impervious Surfaces", "top_factor_2_reason": "high impervious building indices", "explanation_text": "This zone is estimated as low heat risk because it combines high built-up density limits cooling and high impervious building indices. This is a satellite-based decision-support estimate, not an official public-health heat warning.", "honesty_note": "This is a satellite-derived urban heat estimate, not an official public-health warning." }, "geometry": { "type": "Polygon", "coordinates": [ [ [ 31.349205511364779, 30.041068500844791 ], [ 31.349205511364779, 30.044956633093168 ], [ 31.353697087785381, 30.044956633093168 ], [ 31.353697087785381, 30.041068500844791 ], [ 31.349205511364779, 30.041068500844791 ] ] ] } },
{ "type": "Feature", "properties": { "zone_code": "NSR-GRID-238", "predicted_heat_anomaly_c": 1.4905967669587661, "predicted_heat_risk_score": 0.33693526574710186, "predicted_heat_risk_class": "low", "observed_lst_c": 37.805089574832877, "date": "2025-10-23", "top_factor_1": "Built Environment Density", "top_factor_1_reason": "high built-up density limits cooling", "top_factor_2": "Impervious Surfaces", "top_factor_2_reason": "high impervious building indices", "explanation_text": "This zone is estimated as low heat risk because it combines high built-up density limits cooling and high impervious building indices. This is a satellite-based decision-support estimate, not an official public-health heat warning.", "honesty_note": "This is a satellite-derived urban heat estimate, not an official public-health warning." }, "geometry": { "type": "Polygon", "coordinates": [ [ [ 31.353697087785381, 30.041068500844791 ], [ 31.353697087785381, 30.044956633093168 ], [ 31.358188664205979, 30.044956633093168 ], [ 31.358188664205979, 30.041068500844791 ], [ 31.353697087785381, 30.041068500844791 ] ] ] } },
{ "type": "Feature", "properties": { "zone_code": "NSR-GRID-239", "predicted_heat_anomaly_c": 0.66002687472808153, "predicted_heat_risk_score": 0.39268259875973099, "predicted_heat_risk_class": "medium", "observed_lst_c": 37.143921507431344, "date": "2025-10-23", "top_factor_1": "Built Environment Density", "top_factor_1_reason": "high built-up density limits cooling", "top_factor_2": "Impervious Surfaces", "top_factor_2_reason": "high impervious building indices", "explanation_text": "This zone is estimated as medium heat risk because it combines high built-up density limits cooling and high impervious building indices. This is a satellite-based decision-support estimate, not an official public-health heat warning.", "honesty_note": "This is a satellite-derived urban heat estimate, not an official public-health warning." }, "geometry": { "type": "Polygon", "coordinates": [ [ [ 31.358188664205979, 30.041068500844791 ], [ 31.358188664205979, 30.044956633093168 ], [ 31.362680240626577, 30.044956633093168 ], [ 31.362680240626577, 30.041068500844791 ], [ 31.358188664205979, 30.041068500844791 ] ] ] } },
{ "type": "Feature", "properties": { "zone_code": "NSR-GRID-240", "predicted_heat_anomaly_c": 0.20535523931936817, "predicted_heat_risk_score": 0.36109437402251465, "predicted_heat_risk_class": "medium", "observed_lst_c": 37.127909064710224, "date": "2025-10-23", "top_factor_1": "Built Environment Density", "top_factor_1_reason": "high built-up density limits cooling", "top_factor_2": "Impervious Surfaces", "top_factor_2_reason": "high impervious building indices", "explanation_text": "This zone is estimated as medium heat risk because it combines high built-up density limits cooling and high impervious building indices. This is a satellite-based decision-support estimate, not an official public-health heat warning.", "honesty_note": "This is a satellite-derived urban heat estimate, not an official public-health warning." }, "geometry": { "type": "Polygon", "coordinates": [ [ [ 31.362680240626577, 30.041068500844791 ], [ 31.362680240626577, 30.044956633093168 ], [ 31.367171817047169, 30.044956633093168 ], [ 31.367171817047169, 30.041068500844791 ], [ 31.362680240626577, 30.041068500844791 ] ] ] } },
{ "type": "Feature", "properties": { "zone_code": "NSR-GRID-241", "predicted_heat_anomaly_c": -0.98998096382747114, "predicted_heat_risk_score": 0.45035488912942534, "predicted_heat_risk_class": "medium", "observed_lst_c": 35.746254191230726, "date": "2025-10-23", "top_factor_1": "Built Environment Density", "top_factor_1_reason": "high built-up density limits cooling", "top_factor_2": "Impervious Surfaces", "top_factor_2_reason": "high impervious building indices", "explanation_text": "This zone is estimated as medium heat risk because it combines high built-up density limits cooling and high impervious building indices. This is a satellite-based decision-support estimate, not an official public-health heat warning.", "honesty_note": "This is a satellite-derived urban heat estimate, not an official public-health warning." }, "geometry": { "type": "Polygon", "coordinates": [ [ [ 31.367171817047169, 30.041068500844791 ], [ 31.367171817047169, 30.044956633093168 ], [ 31.371663393467767, 30.044956633093168 ], [ 31.371663393467767, 30.041068500844791 ], [ 31.367171817047169, 30.041068500844791 ] ] ] } },
{ "type": "Feature", "properties": { "zone_code": "NSR-GRID-242", "predicted_heat_anomaly_c": -1.4691614654449356, "predicted_heat_risk_score": 0.49861049906350413, "predicted_heat_risk_class": "medium", "observed_lst_c": 35.094972151291984, "date": "2025-10-23", "top_factor_1": "Built Environment Density", "top_factor_1_reason": "high built-up density limits cooling", "top_factor_2": "Vegetation Shielding", "top_factor_2_reason": "extremely low vegetation canopy", "explanation_text": "This zone is estimated as medium heat risk because it combines high built-up density limits cooling and extremely low vegetation canopy. This is a satellite-based decision-support estimate, not an official public-health heat warning.", "honesty_note": "This is a satellite-derived urban heat estimate, not an official public-health warning." }, "geometry": { "type": "Polygon", "coordinates": [ [ [ 31.371663393467767, 30.041068500844791 ], [ 31.371663393467767, 30.044956633093168 ], [ 31.376154969888365, 30.044956633093168 ], [ 31.376154969888365, 30.041068500844791 ], [ 31.371663393467767, 30.041068500844791 ] ] ] } },
{ "type": "Feature", "properties": { "zone_code": "NSR-GRID-243", "predicted_heat_anomaly_c": -0.85928595460107904, "predicted_heat_risk_score": 0.38854609767987736, "predicted_heat_risk_class": "medium", "observed_lst_c": 35.688512857060537, "date": "2025-10-23", "top_factor_1": "Built Environment Density", "top_factor_1_reason": "high built-up density limits cooling", "top_factor_2": "Impervious Surfaces", "top_factor_2_reason": "high impervious building indices", "explanation_text": "This zone is estimated as medium heat risk because it combines high built-up density limits cooling and high impervious building indices. This is a satellite-based decision-support estimate, not an official public-health heat warning.", "honesty_note": "This is a satellite-derived urban heat estimate, not an official public-health warning." }, "geometry": { "type": "Polygon", "coordinates": [ [ [ 31.376154969888365, 30.041068500844791 ], [ 31.376154969888365, 30.044956633093168 ], [ 31.380646546308967, 30.044956633093168 ], [ 31.380646546308967, 30.041068500844791 ], [ 31.376154969888365, 30.041068500844791 ] ] ] } },
{ "type": "Feature", "properties": { "zone_code": "NSR-GRID-244", "predicted_heat_anomaly_c": 1.1564690730363942, "predicted_heat_risk_score": 0.25536970103447482, "predicted_heat_risk_class": "low", "observed_lst_c": 37.260339343375442, "date": "2025-10-23", "top_factor_1": "Built Environment Density", "top_factor_1_reason": "high built-up density limits cooling", "top_factor_2": "Impervious Surfaces", "top_factor_2_reason": "high impervious building indices", "explanation_text": "This zone is estimated as low heat risk because it combines high built-up density limits cooling and high impervious building indices. This is a satellite-based decision-support estimate, not an official public-health heat warning.", "honesty_note": "This is a satellite-derived urban heat estimate, not an official public-health warning." }, "geometry": { "type": "Polygon", "coordinates": [ [ [ 31.380646546308967, 30.041068500844791 ], [ 31.380646546308967, 30.044956633093168 ], [ 31.385138122729565, 30.044956633093168 ], [ 31.385138122729565, 30.041068500844791 ], [ 31.380646546308967, 30.041068500844791 ] ] ] } },
{ "type": "Feature", "properties": { "zone_code": "NSR-GRID-245", "predicted_heat_anomaly_c": 0.816012345960753, "predicted_heat_risk_score": 0.3394744038704775, "predicted_heat_risk_class": "low", "observed_lst_c": 37.012083251526533, "date": "2025-10-23", "top_factor_1": "Built Environment Density", "top_factor_1_reason": "high built-up density limits cooling", "top_factor_2": "Impervious Surfaces", "top_factor_2_reason": "high impervious building indices", "explanation_text": "This zone is estimated as low heat risk because it combines high built-up density limits cooling and high impervious building indices. This is a satellite-based decision-support estimate, not an official public-health heat warning.", "honesty_note": "This is a satellite-derived urban heat estimate, not an official public-health warning." }, "geometry": { "type": "Polygon", "coordinates": [ [ [ 31.385138122729565, 30.041068500844791 ], [ 31.385138122729565, 30.044956633093168 ], [ 31.389629699150163, 30.044956633093168 ], [ 31.389629699150163, 30.041068500844791 ], [ 31.385138122729565, 30.041068500844791 ] ] ] } },
{ "type": "Feature", "properties": { "zone_code": "NSR-GRID-246", "predicted_heat_anomaly_c": -0.37467843812682433, "predicted_heat_risk_score": 0.4171685995748266, "predicted_heat_risk_class": "medium", "observed_lst_c": 36.0720237781238, "date": "2025-10-23", "top_factor_1": "Built Environment Density", "top_factor_1_reason": "high built-up density limits cooling", "top_factor_2": "Vegetation Shielding", "top_factor_2_reason": "extremely low vegetation canopy", "explanation_text": "This zone is estimated as medium heat risk because it combines high built-up density limits cooling and extremely low vegetation canopy. This is a satellite-based decision-support estimate, not an official public-health heat warning.", "honesty_note": "This is a satellite-derived urban heat estimate, not an official public-health warning." }, "geometry": { "type": "Polygon", "coordinates": [ [ [ 31.389629699150163, 30.041068500844791 ], [ 31.389629699150163, 30.044956633093168 ], [ 31.394121275570754, 30.044956633093168 ], [ 31.394121275570754, 30.041068500844791 ], [ 31.389629699150163, 30.041068500844791 ] ] ] } },
{ "type": "Feature", "properties": { "zone_code": "NSR-GRID-247", "predicted_heat_anomaly_c": -0.39744052562292237, "predicted_heat_risk_score": 0.37311457713298746, "predicted_heat_risk_class": "medium", "observed_lst_c": 35.606178772303437, "date": "2025-10-23", "top_factor_1": "Built Environment Density", "top_factor_1_reason": "high built-up density limits cooling", "top_factor_2": "Impervious Surfaces", "top_factor_2_reason": "high impervious building indices", "explanation_text": "This zone is estimated as medium heat risk because it combines high built-up density limits cooling and high impervious building indices. This is a satellite-based decision-support estimate, not an official public-health heat warning.", "honesty_note": "This is a satellite-derived urban heat estimate, not an official public-health warning." }, "geometry": { "type": "Polygon", "coordinates": [ [ [ 31.394121275570754, 30.041068500844791 ], [ 31.394121275570754, 30.044956633093168 ], [ 31.398612851991352, 30.044956633093168 ], [ 31.398612851991352, 30.041068500844791 ], [ 31.394121275570754, 30.041068500844791 ] ] ] } },
{ "type": "Feature", "properties": { "zone_code": "NSR-GRID-248", "predicted_heat_anomaly_c": -0.71464620840882165, "predicted_heat_risk_score": 0.38141907376742878, "predicted_heat_risk_class": "medium", "observed_lst_c": 35.60060463473387, "date": "2025-10-23", "top_factor_1": "Built Environment Density", "top_factor_1_reason": "high built-up density limits cooling", "top_factor_2": "Vegetation Shielding", "top_factor_2_reason": "extremely low vegetation canopy", "explanation_text": "This zone is estimated as medium heat risk because it combines high built-up density limits cooling and extremely low vegetation canopy. This is a satellite-based decision-support estimate, not an official public-health heat warning.", "honesty_note": "This is a satellite-derived urban heat estimate, not an official public-health warning." }, "geometry": { "type": "Polygon", "coordinates": [ [ [ 31.398612851991352, 30.041068500844791 ], [ 31.398612851991352, 30.044956633093168 ], [ 31.403104428411954, 30.044956633093168 ], [ 31.403104428411954, 30.041068500844791 ], [ 31.398612851991352, 30.041068500844791 ] ] ] } },
{ "type": "Feature", "properties": { "zone_code": "NSR-GRID-249", "predicted_heat_anomaly_c": -1.7303887181003488, "predicted_heat_risk_score": 0.37919045103533378, "predicted_heat_risk_class": "medium", "observed_lst_c": 35.003327848362183, "date": "2025-10-23", "top_factor_1": "Built Environment Density", "top_factor_1_reason": "high built-up density limits cooling", "top_factor_2": "Vegetation Shielding", "top_factor_2_reason": "extremely low vegetation canopy", "explanation_text": "This zone is estimated as medium heat risk because it combines high built-up density limits cooling and extremely low vegetation canopy. This is a satellite-based decision-support estimate, not an official public-health heat warning.", "honesty_note": "This is a satellite-derived urban heat estimate, not an official public-health warning." }, "geometry": { "type": "MultiPolygon", "coordinates": [ [ [ [ 31.331239205682394, 30.037180216003467 ], [ 31.3310566706397, 30.037180216003467 ], [ 31.331239205682394, 30.03732916147727 ], [ 31.331239205682394, 30.037180216003467 ] ] ], [ [ [ 31.331239205682394, 30.041068500844791 ], [ 31.331239205682394, 30.03901108600472 ], [ 31.3300623, 30.0404574 ], [ 31.329916534990666, 30.041068500844791 ], [ 31.331239205682394, 30.041068500844791 ] ] ] ] } },
{ "type": "Feature", "properties": { "zone_code": "NSR-GRID-250", "predicted_heat_anomaly_c": 1.0088913677393652, "predicted_heat_risk_score": 0.24957435740354561, "predicted_heat_risk_class": "low", "observed_lst_c": 37.404446012439536, "date": "2025-10-23", "top_factor_1": "Built Environment Density", "top_factor_1_reason": "high built-up density limits cooling", "top_factor_2": "Impervious Surfaces", "top_factor_2_reason": "high impervious building indices", "explanation_text": "This zone is estimated as low heat risk because it combines high built-up density limits cooling and high impervious building indices. This is a satellite-based decision-support estimate, not an official public-health heat warning.", "honesty_note": "This is a satellite-derived urban heat estimate, not an official public-health warning." }, "geometry": { "type": "Polygon", "coordinates": [ [ [ 31.403104428411954, 30.037180216003467 ], [ 31.403104428411954, 30.041068500844791 ], [ 31.404016132317846, 30.041068500844791 ], [ 31.4038534, 30.0400067 ], [ 31.403484841922591, 30.037180216003467 ], [ 31.403104428411954, 30.037180216003467 ] ] ] } },
{ "type": "Feature", "properties": { "zone_code": "NSR-GRID-251", "predicted_heat_anomaly_c": -2.420958368938865, "predicted_heat_risk_score": 0.40459775650841118, "predicted_heat_risk_class": "medium", "observed_lst_c": 34.513264471650523, "date": "2025-10-23", "top_factor_1": "Built Environment Density", "top_factor_1_reason": "high built-up density limits cooling", "top_factor_2": "Vegetation Shielding", "top_factor_2_reason": "extremely low vegetation canopy", "explanation_text": "This zone is estimated as medium heat risk because it combines high built-up density limits cooling and extremely low vegetation canopy. This is a satellite-based decision-support estimate, not an official public-health heat warning.", "honesty_note": "This is a satellite-derived urban heat estimate, not an official public-health warning." }, "geometry": { "type": "Polygon", "coordinates": [ [ [ 31.331239205682394, 30.041068500844791 ], [ 31.335730782102992, 30.041068500844791 ], [ 31.335730782102992, 30.037180216003467 ], [ 31.331239205682394, 30.037180216003467 ], [ 31.331239205682394, 30.03732916147727 ], [ 31.3320617, 30.0380003 ], [ 31.331239205682394, 30.03901108600472 ], [ 31.331239205682394, 30.041068500844791 ] ] ] } },
{ "type": "Feature", "properties": { "zone_code": "NSR-GRID-252", "predicted_heat_anomaly_c": -2.6019172452406836, "predicted_heat_risk_score": 0.41348510752372725, "predicted_heat_risk_class": "medium", "observed_lst_c": 34.133696596345025, "date": "2025-10-23", "top_factor_1": "Built Environment Density", "top_factor_1_reason": "high built-up density limits cooling", "top_factor_2": "Vegetation Shielding", "top_factor_2_reason": "extremely low vegetation canopy", "explanation_text": "This zone is estimated as medium heat risk because it combines high built-up density limits cooling and extremely low vegetation canopy. This is a satellite-based decision-support estimate, not an official public-health heat warning.", "honesty_note": "This is a satellite-derived urban heat estimate, not an official public-health warning." }, "geometry": { "type": "Polygon", "coordinates": [ [ [ 31.335730782102992, 30.037180216003467 ], [ 31.335730782102992, 30.041068500844791 ], [ 31.340222358523583, 30.041068500844791 ], [ 31.340222358523583, 30.037180216003467 ], [ 31.335730782102992, 30.037180216003467 ] ] ] } },
{ "type": "Feature", "properties": { "zone_code": "NSR-GRID-253", "predicted_heat_anomaly_c": -2.5748614910704215, "predicted_heat_risk_score": 0.36788068022028508, "predicted_heat_risk_class": "medium", "observed_lst_c": 34.05272268700962, "date": "2025-10-23", "top_factor_1": "Built Environment Density", "top_factor_1_reason": "high built-up density limits cooling", "top_factor_2": "Vegetation Shielding", "top_factor_2_reason": "extremely low vegetation canopy", "explanation_text": "This zone is estimated as medium heat risk because it combines high built-up density limits cooling and extremely low vegetation canopy. This is a satellite-based decision-support estimate, not an official public-health heat warning.", "honesty_note": "This is a satellite-derived urban heat estimate, not an official public-health warning." }, "geometry": { "type": "Polygon", "coordinates": [ [ [ 31.340222358523583, 30.037180216003467 ], [ 31.340222358523583, 30.041068500844791 ], [ 31.344713934944181, 30.041068500844791 ], [ 31.344713934944181, 30.037180216003467 ], [ 31.340222358523583, 30.037180216003467 ] ] ] } },
{ "type": "Feature", "properties": { "zone_code": "NSR-GRID-254", "predicted_heat_anomaly_c": 0.49838785304999722, "predicted_heat_risk_score": 0.40902482241220889, "predicted_heat_risk_class": "medium", "observed_lst_c": 37.215143420405134, "date": "2025-10-23", "top_factor_1": "Built Environment Density", "top_factor_1_reason": "high built-up density limits cooling", "top_factor_2": "Vegetation Shielding", "top_factor_2_reason": "extremely low vegetation canopy", "explanation_text": "This zone is estimated as medium heat risk because it combines high built-up density limits cooling and extremely low vegetation canopy. This is a satellite-based decision-support estimate, not an official public-health heat warning.", "honesty_note": "This is a satellite-derived urban heat estimate, not an official public-health warning." }, "geometry": { "type": "Polygon", "coordinates": [ [ [ 31.344713934944181, 30.037180216003467 ], [ 31.344713934944181, 30.041068500844791 ], [ 31.349205511364779, 30.041068500844791 ], [ 31.349205511364779, 30.037180216003467 ], [ 31.344713934944181, 30.037180216003467 ] ] ] } },
{ "type": "Feature", "properties": { "zone_code": "NSR-GRID-255", "predicted_heat_anomaly_c": 2.72908424290409, "predicted_heat_risk_score": 0.39761315886742632, "predicted_heat_risk_class": "medium", "observed_lst_c": 39.054989412976177, "date": "2025-10-23", "top_factor_1": "Built Environment Density", "top_factor_1_reason": "high built-up density limits cooling", "top_factor_2": "Impervious Surfaces", "top_factor_2_reason": "high impervious building indices", "explanation_text": "This zone is estimated as medium heat risk because it combines high built-up density limits cooling and high impervious building indices. This is a satellite-based decision-support estimate, not an official public-health heat warning.", "honesty_note": "This is a satellite-derived urban heat estimate, not an official public-health warning." }, "geometry": { "type": "Polygon", "coordinates": [ [ [ 31.349205511364779, 30.037180216003467 ], [ 31.349205511364779, 30.041068500844791 ], [ 31.353697087785381, 30.041068500844791 ], [ 31.353697087785381, 30.037180216003467 ], [ 31.349205511364779, 30.037180216003467 ] ] ] } },
{ "type": "Feature", "properties": { "zone_code": "NSR-GRID-256", "predicted_heat_anomaly_c": 1.1790711265563989, "predicted_heat_risk_score": 0.32517294679159142, "predicted_heat_risk_class": "low", "observed_lst_c": 37.78421310585761, "date": "2025-10-23", "top_factor_1": "Built Environment Density", "top_factor_1_reason": "high built-up density limits cooling", "top_factor_2": "Impervious Surfaces", "top_factor_2_reason": "high impervious building indices", "explanation_text": "This zone is estimated as low heat risk because it combines high built-up density limits cooling and high impervious building indices. This is a satellite-based decision-support estimate, not an official public-health heat warning.", "honesty_note": "This is a satellite-derived urban heat estimate, not an official public-health warning." }, "geometry": { "type": "Polygon", "coordinates": [ [ [ 31.353697087785381, 30.037180216003467 ], [ 31.353697087785381, 30.041068500844791 ], [ 31.358188664205979, 30.041068500844791 ], [ 31.358188664205979, 30.037180216003467 ], [ 31.353697087785381, 30.037180216003467 ] ] ] } },
{ "type": "Feature", "properties": { "zone_code": "NSR-GRID-257", "predicted_heat_anomaly_c": -0.37481268174360194, "predicted_heat_risk_score": 0.28733211334283348, "predicted_heat_risk_class": "low", "observed_lst_c": 36.066228953184336, "date": "2025-10-23", "top_factor_1": "Built Environment Density", "top_factor_1_reason": "high built-up density limits cooling", "top_factor_2": "Impervious Surfaces", "top_factor_2_reason": "high impervious building indices", "explanation_text": "This zone is estimated as low heat risk because it combines high built-up density limits cooling and high impervious building indices. This is a satellite-based decision-support estimate, not an official public-health heat warning.", "honesty_note": "This is a satellite-derived urban heat estimate, not an official public-health warning." }, "geometry": { "type": "Polygon", "coordinates": [ [ [ 31.358188664205979, 30.037180216003467 ], [ 31.358188664205979, 30.041068500844791 ], [ 31.362680240626577, 30.041068500844791 ], [ 31.362680240626577, 30.037180216003467 ], [ 31.358188664205979, 30.037180216003467 ] ] ] } },
{ "type": "Feature", "properties": { "zone_code": "NSR-GRID-258", "predicted_heat_anomaly_c": -0.89220450971376575, "predicted_heat_risk_score": 0.28535553870839642, "predicted_heat_risk_class": "low", "observed_lst_c": 35.827535634402892, "date": "2025-10-23", "top_factor_1": "Built Environment Density", "top_factor_1_reason": "high built-up density limits cooling", "top_factor_2": "Impervious Surfaces", "top_factor_2_reason": "high impervious building indices", "explanation_text": "This zone is estimated as low heat risk because it combines high built-up density limits cooling and high impervious building indices. This is a satellite-based decision-support estimate, not an official public-health heat warning.", "honesty_note": "This is a satellite-derived urban heat estimate, not an official public-health warning." }, "geometry": { "type": "Polygon", "coordinates": [ [ [ 31.362680240626577, 30.037180216003467 ], [ 31.362680240626577, 30.041068500844791 ], [ 31.367171817047169, 30.041068500844791 ], [ 31.367171817047169, 30.037180216003467 ], [ 31.362680240626577, 30.037180216003467 ] ] ] } },
{ "type": "Feature", "properties": { "zone_code": "NSR-GRID-259", "predicted_heat_anomaly_c": -2.2013463860753788, "predicted_heat_risk_score": 0.34855802727184487, "predicted_heat_risk_class": "low", "observed_lst_c": 34.472491556648833, "date": "2025-10-23", "top_factor_1": "Built Environment Density", "top_factor_1_reason": "high built-up density limits cooling", "top_factor_2": "Impervious Surfaces", "top_factor_2_reason": "high impervious building indices", "explanation_text": "This zone is estimated as low heat risk because it combines high built-up density limits cooling and high impervious building indices. This is a satellite-based decision-support estimate, not an official public-health heat warning.", "honesty_note": "This is a satellite-derived urban heat estimate, not an official public-health warning." }, "geometry": { "type": "Polygon", "coordinates": [ [ [ 31.367171817047169, 30.037180216003467 ], [ 31.367171817047169, 30.041068500844791 ], [ 31.371663393467767, 30.041068500844791 ], [ 31.371663393467767, 30.037180216003467 ], [ 31.367171817047169, 30.037180216003467 ] ] ] } },
{ "type": "Feature", "properties": { "zone_code": "NSR-GRID-260", "predicted_heat_anomaly_c": -2.2395736840198053, "predicted_heat_risk_score": 0.3794081813598707, "predicted_heat_risk_class": "medium", "observed_lst_c": 33.987782256081793, "date": "2025-10-23", "top_factor_1": "Built Environment Density", "top_factor_1_reason": "high built-up density limits cooling", "top_factor_2": "Vegetation Shielding", "top_factor_2_reason": "extremely low vegetation canopy", "explanation_text": "This zone is estimated as medium heat risk because it combines high built-up density limits cooling and extremely low vegetation canopy. This is a satellite-based decision-support estimate, not an official public-health heat warning.", "honesty_note": "This is a satellite-derived urban heat estimate, not an official public-health warning." }, "geometry": { "type": "Polygon", "coordinates": [ [ [ 31.371663393467767, 30.037180216003467 ], [ 31.371663393467767, 30.041068500844791 ], [ 31.376154969888365, 30.041068500844791 ], [ 31.376154969888365, 30.037180216003467 ], [ 31.371663393467767, 30.037180216003467 ] ] ] } },
{ "type": "Feature", "properties": { "zone_code": "NSR-GRID-261", "predicted_heat_anomaly_c": -0.36639739227532153, "predicted_heat_risk_score": 0.32940635084635939, "predicted_heat_risk_class": "low", "observed_lst_c": 36.1748641106227, "date": "2025-10-23", "top_factor_1": "Built Environment Density", "top_factor_1_reason": "high built-up density limits cooling", "top_factor_2": "Impervious Surfaces", "top_factor_2_reason": "high impervious building indices", "explanation_text": "This zone is estimated as low heat risk because it combines high built-up density limits cooling and high impervious building indices. This is a satellite-based decision-support estimate, not an official public-health heat warning.", "honesty_note": "This is a satellite-derived urban heat estimate, not an official public-health warning." }, "geometry": { "type": "Polygon", "coordinates": [ [ [ 31.376154969888365, 30.037180216003467 ], [ 31.376154969888365, 30.041068500844791 ], [ 31.380646546308967, 30.041068500844791 ], [ 31.380646546308967, 30.037180216003467 ], [ 31.376154969888365, 30.037180216003467 ] ] ] } },
{ "type": "Feature", "properties": { "zone_code": "NSR-GRID-262", "predicted_heat_anomaly_c": 1.5487317388376163, "predicted_heat_risk_score": 0.23996509487597817, "predicted_heat_risk_class": "low", "observed_lst_c": 38.13318821568479, "date": "2025-10-23", "top_factor_1": "Built Environment Density", "top_factor_1_reason": "high built-up density limits cooling", "top_factor_2": "Impervious Surfaces", "top_factor_2_reason": "high impervious building indices", "explanation_text": "This zone is estimated as low heat risk because it combines high built-up density limits cooling and high impervious building indices. This is a satellite-based decision-support estimate, not an official public-health heat warning.", "honesty_note": "This is a satellite-derived urban heat estimate, not an official public-health warning." }, "geometry": { "type": "Polygon", "coordinates": [ [ [ 31.380646546308967, 30.037180216003467 ], [ 31.380646546308967, 30.041068500844791 ], [ 31.385138122729565, 30.041068500844791 ], [ 31.385138122729565, 30.037180216003467 ], [ 31.380646546308967, 30.037180216003467 ] ] ] } },
{ "type": "Feature", "properties": { "zone_code": "NSR-GRID-263", "predicted_heat_anomaly_c": 1.2732951190802051, "predicted_heat_risk_score": 0.2562951969694196, "predicted_heat_risk_class": "low", "observed_lst_c": 37.526424104060617, "date": "2025-10-23", "top_factor_1": "Built Environment Density", "top_factor_1_reason": "high built-up density limits cooling", "top_factor_2": "Impervious Surfaces", "top_factor_2_reason": "high impervious building indices", "explanation_text": "This zone is estimated as low heat risk because it combines high built-up density limits cooling and high impervious building indices. This is a satellite-based decision-support estimate, not an official public-health heat warning.", "honesty_note": "This is a satellite-derived urban heat estimate, not an official public-health warning." }, "geometry": { "type": "Polygon", "coordinates": [ [ [ 31.385138122729565, 30.037180216003467 ], [ 31.385138122729565, 30.041068500844791 ], [ 31.389629699150163, 30.041068500844791 ], [ 31.389629699150163, 30.037180216003467 ], [ 31.385138122729565, 30.037180216003467 ] ] ] } },
{ "type": "Feature", "properties": { "zone_code": "NSR-GRID-264", "predicted_heat_anomaly_c": 1.3484678098383129, "predicted_heat_risk_score": 0.32963629669091399, "predicted_heat_risk_class": "low", "observed_lst_c": 37.667435494850302, "date": "2025-10-23", "top_factor_1": "Built Environment Density", "top_factor_1_reason": "high built-up density limits cooling", "top_factor_2": "Impervious Surfaces", "top_factor_2_reason": "high impervious building indices", "explanation_text": "This zone is estimated as low heat risk because it combines high built-up density limits cooling and high impervious building indices. This is a satellite-based decision-support estimate, not an official public-health heat warning.", "honesty_note": "This is a satellite-derived urban heat estimate, not an official public-health warning." }, "geometry": { "type": "Polygon", "coordinates": [ [ [ 31.389629699150163, 30.037180216003467 ], [ 31.389629699150163, 30.041068500844791 ], [ 31.394121275570754, 30.041068500844791 ], [ 31.394121275570754, 30.037180216003467 ], [ 31.389629699150163, 30.037180216003467 ] ] ] } },
{ "type": "Feature", "properties": { "zone_code": "NSR-GRID-265", "predicted_heat_anomaly_c": -0.56951746796370739, "predicted_heat_risk_score": 0.43319001458413414, "predicted_heat_risk_class": "medium", "observed_lst_c": 35.59908909115159, "date": "2025-10-23", "top_factor_1": "Built Environment Density", "top_factor_1_reason": "high built-up density limits cooling", "top_factor_2": "Vegetation Shielding", "top_factor_2_reason": "extremely low vegetation canopy", "explanation_text": "This zone is estimated as medium heat risk because it combines high built-up density limits cooling and extremely low vegetation canopy. This is a satellite-based decision-support estimate, not an official public-health heat warning.", "honesty_note": "This is a satellite-derived urban heat estimate, not an official public-health warning." }, "geometry": { "type": "Polygon", "coordinates": [ [ [ 31.394121275570754, 30.037180216003467 ], [ 31.394121275570754, 30.041068500844791 ], [ 31.398612851991352, 30.041068500844791 ], [ 31.398612851991352, 30.037180216003467 ], [ 31.394121275570754, 30.037180216003467 ] ] ] } },
{ "type": "Feature", "properties": { "zone_code": "NSR-GRID-266", "predicted_heat_anomaly_c": -0.79211058882744767, "predicted_heat_risk_score": 0.38585091777496849, "predicted_heat_risk_class": "medium", "observed_lst_c": 35.479432353893728, "date": "2025-10-23", "top_factor_1": "Built Environment Density", "top_factor_1_reason": "high built-up density limits cooling", "top_factor_2": "Vegetation Shielding", "top_factor_2_reason": "extremely low vegetation canopy", "explanation_text": "This zone is estimated as medium heat risk because it combines high built-up density limits cooling and extremely low vegetation canopy. This is a satellite-based decision-support estimate, not an official public-health heat warning.", "honesty_note": "This is a satellite-derived urban heat estimate, not an official public-health warning." }, "geometry": { "type": "Polygon", "coordinates": [ [ [ 31.398612851991352, 30.037180216003467 ], [ 31.398612851991352, 30.041068500844791 ], [ 31.403104428411954, 30.041068500844791 ], [ 31.403104428411954, 30.037180216003467 ], [ 31.398612851991352, 30.037180216003467 ] ] ] } },
{ "type": "Feature", "properties": { "zone_code": "NSR-GRID-267", "predicted_heat_anomaly_c": 0.078145882967421212, "predicted_heat_risk_score": 0.40759905564096244, "predicted_heat_risk_class": "medium", "observed_lst_c": 36.850554196041472, "date": "2025-10-23", "top_factor_1": "Built Environment Density", "top_factor_1_reason": "high built-up density limits cooling", "top_factor_2": "Vegetation Shielding", "top_factor_2_reason": "extremely low vegetation canopy", "explanation_text": "This zone is estimated as medium heat risk because it combines high built-up density limits cooling and extremely low vegetation canopy. This is a satellite-based decision-support estimate, not an official public-health heat warning.", "honesty_note": "This is a satellite-derived urban heat estimate, not an official public-health warning." }, "geometry": { "type": "Polygon", "coordinates": [ [ [ 31.331239205682394, 30.037180216003467 ], [ 31.331239205682394, 30.035188000907038 ], [ 31.3310691, 30.0354103 ], [ 31.3303933, 30.0363238 ], [ 31.3302385, 30.0365126 ], [ 31.3310566706397, 30.037180216003467 ], [ 31.331239205682394, 30.037180216003467 ] ] ] } },
{ "type": "Feature", "properties": { "zone_code": "NSR-GRID-268", "predicted_heat_anomaly_c": 0.11788524388690899, "predicted_heat_risk_score": 0.28124834378325353, "predicted_heat_risk_class": "low", "observed_lst_c": 36.736941340369007, "date": "2025-10-23", "top_factor_1": "Built Environment Density", "top_factor_1_reason": "high built-up density limits cooling", "top_factor_2": "Vegetation Shielding", "top_factor_2_reason": "extremely low vegetation canopy", "explanation_text": "This zone is estimated as low heat risk because it combines high built-up density limits cooling and extremely low vegetation canopy. This is a satellite-based decision-support estimate, not an official public-health heat warning.", "honesty_note": "This is a satellite-derived urban heat estimate, not an official public-health warning." }, "geometry": { "type": "Polygon", "coordinates": [ [ [ 31.403104428411954, 30.037180216003467 ], [ 31.403484841922591, 30.037180216003467 ], [ 31.4033025, 30.0357818 ], [ 31.403104428411954, 30.03438262220066 ], [ 31.403104428411954, 30.037180216003467 ] ] ] } },
{ "type": "Feature", "properties": { "zone_code": "NSR-GRID-269", "predicted_heat_anomaly_c": -0.13739503807693906, "predicted_heat_risk_score": 0.44752333311626202, "predicted_heat_risk_class": "medium", "observed_lst_c": 36.419402330762317, "date": "2025-10-23", "top_factor_1": "Built Environment Density", "top_factor_1_reason": "high built-up density limits cooling", "top_factor_2": "Impervious Surfaces", "top_factor_2_reason": "high impervious building indices", "explanation_text": "This zone is estimated as medium heat risk because it combines high built-up density limits cooling and high impervious building indices. This is a satellite-based decision-support estimate, not an official public-health heat warning.", "honesty_note": "This is a satellite-derived urban heat estimate, not an official public-health warning." }, "geometry": { "type": "Polygon", "coordinates": [ [ [ 31.331239205682394, 30.037180216003467 ], [ 31.335730782102992, 30.037180216003467 ], [ 31.335730782102992, 30.033291778581109 ], [ 31.332887328982721, 30.033291778581109 ], [ 31.3325084, 30.03361 ], [ 31.3317861, 30.0344733 ], [ 31.331239205682394, 30.035188000907038 ], [ 31.331239205682394, 30.037180216003467 ] ] ] } },
{ "type": "Feature", "properties": { "zone_code": "NSR-GRID-270", "predicted_heat_anomaly_c": 0.92315530907571908, "predicted_heat_risk_score": 0.338763302030615, "predicted_heat_risk_class": "low", "observed_lst_c": 37.807291322234427, "date": "2025-10-23", "top_factor_1": "Built Environment Density", "top_factor_1_reason": "high built-up density limits cooling", "top_factor_2": "Impervious Surfaces", "top_factor_2_reason": "high impervious building indices", "explanation_text": "This zone is estimated as low heat risk because it combines high built-up density limits cooling and high impervious building indices. This is a satellite-based decision-support estimate, not an official public-health heat warning.", "honesty_note": "This is a satellite-derived urban heat estimate, not an official public-health warning." }, "geometry": { "type": "Polygon", "coordinates": [ [ [ 31.398612851991352, 30.033291778581109 ], [ 31.398612851991352, 30.037180216003467 ], [ 31.403104428411954, 30.037180216003467 ], [ 31.403104428411954, 30.03438262220066 ], [ 31.402950007427197, 30.033291778581109 ], [ 31.398612851991352, 30.033291778581109 ] ] ] } },
{ "type": "Feature", "properties": { "zone_code": "NSR-GRID-271", "predicted_heat_anomaly_c": -1.1907126722496122, "predicted_heat_risk_score": 0.43139385415343345, "predicted_heat_risk_class": "medium", "observed_lst_c": 35.316105969479032, "date": "2025-10-23", "top_factor_1": "Built Environment Density", "top_factor_1_reason": "high built-up density limits cooling", "top_factor_2": "Vegetation Shielding", "top_factor_2_reason": "extremely low vegetation canopy", "explanation_text": "This zone is estimated as medium heat risk because it combines high built-up density limits cooling and extremely low vegetation canopy. This is a satellite-based decision-support estimate, not an official public-health heat warning.", "honesty_note": "This is a satellite-derived urban heat estimate, not an official public-health warning." }, "geometry": { "type": "Polygon", "coordinates": [ [ [ 31.335730782102992, 30.033291778581109 ], [ 31.335730782102992, 30.037180216003467 ], [ 31.340222358523583, 30.037180216003467 ], [ 31.340222358523583, 30.033291778581109 ], [ 31.335730782102992, 30.033291778581109 ] ] ] } },
{ "type": "Feature", "properties": { "zone_code": "NSR-GRID-272", "predicted_heat_anomaly_c": -1.8031942392165992, "predicted_heat_risk_score": 0.4193593181151411, "predicted_heat_risk_class": "medium", "observed_lst_c": 34.955696818451898, "date": "2025-10-23", "top_factor_1": "Built Environment Density", "top_factor_1_reason": "high built-up density limits cooling", "top_factor_2": "Vegetation Shielding", "top_factor_2_reason": "extremely low vegetation canopy", "explanation_text": "This zone is estimated as medium heat risk because it combines high built-up density limits cooling and extremely low vegetation canopy. This is a satellite-based decision-support estimate, not an official public-health heat warning.", "honesty_note": "This is a satellite-derived urban heat estimate, not an official public-health warning." }, "geometry": { "type": "Polygon", "coordinates": [ [ [ 31.340222358523583, 30.033291778581109 ], [ 31.340222358523583, 30.037180216003467 ], [ 31.344713934944181, 30.037180216003467 ], [ 31.344713934944181, 30.033291778581109 ], [ 31.340222358523583, 30.033291778581109 ] ] ] } },
{ "type": "Feature", "properties": { "zone_code": "NSR-GRID-273", "predicted_heat_anomaly_c": -0.13428755352221539, "predicted_heat_risk_score": 0.37512006585155039, "predicted_heat_risk_class": "medium", "observed_lst_c": 36.286824109610215, "date": "2025-10-23", "top_factor_1": "Built Environment Density", "top_factor_1_reason": "high built-up density limits cooling", "top_factor_2": "Vegetation Shielding", "top_factor_2_reason": "extremely low vegetation canopy", "explanation_text": "This zone is estimated as medium heat risk because it combines high built-up density limits cooling and extremely low vegetation canopy. This is a satellite-based decision-support estimate, not an official public-health heat warning.", "honesty_note": "This is a satellite-derived urban heat estimate, not an official public-health warning." }, "geometry": { "type": "Polygon", "coordinates": [ [ [ 31.344713934944181, 30.033291778581109 ], [ 31.344713934944181, 30.037180216003467 ], [ 31.349205511364779, 30.037180216003467 ], [ 31.349205511364779, 30.033291778581109 ], [ 31.344713934944181, 30.033291778581109 ] ] ] } },
{ "type": "Feature", "properties": { "zone_code": "NSR-GRID-274", "predicted_heat_anomaly_c": 1.1882335008673253, "predicted_heat_risk_score": 0.42011638333096729, "predicted_heat_risk_class": "medium", "observed_lst_c": 37.532369818958237, "date": "2025-10-23", "top_factor_1": "Built Environment Density", "top_factor_1_reason": "high built-up density limits cooling", "top_factor_2": "Vegetation Shielding", "top_factor_2_reason": "extremely low vegetation canopy", "explanation_text": "This zone is estimated as medium heat risk because it combines high built-up density limits cooling and extremely low vegetation canopy. This is a satellite-based decision-support estimate, not an official public-health heat warning.", "honesty_note": "This is a satellite-derived urban heat estimate, not an official public-health warning." }, "geometry": { "type": "Polygon", "coordinates": [ [ [ 31.349205511364779, 30.033291778581109 ], [ 31.349205511364779, 30.037180216003467 ], [ 31.353697087785381, 30.037180216003467 ], [ 31.353697087785381, 30.033291778581109 ], [ 31.349205511364779, 30.033291778581109 ] ] ] } },
{ "type": "Feature", "properties": { "zone_code": "NSR-GRID-275", "predicted_heat_anomaly_c": -0.9027549562410393, "predicted_heat_risk_score": 0.39800101790290443, "predicted_heat_risk_class": "medium", "observed_lst_c": 35.372577424262126, "date": "2025-10-23", "top_factor_1": "Built Environment Density", "top_factor_1_reason": "high built-up density limits cooling", "top_factor_2": "Impervious Surfaces", "top_factor_2_reason": "high impervious building indices", "explanation_text": "This zone is estimated as medium heat risk because it combines high built-up density limits cooling and high impervious building indices. This is a satellite-based decision-support estimate, not an official public-health heat warning.", "honesty_note": "This is a satellite-derived urban heat estimate, not an official public-health warning." }, "geometry": { "type": "Polygon", "coordinates": [ [ [ 31.353697087785381, 30.033291778581109 ], [ 31.353697087785381, 30.037180216003467 ], [ 31.358188664205979, 30.037180216003467 ], [ 31.358188664205979, 30.033291778581109 ], [ 31.353697087785381, 30.033291778581109 ] ] ] } },
{ "type": "Feature", "properties": { "zone_code": "NSR-GRID-276", "predicted_heat_anomaly_c": -0.49937787851476056, "predicted_heat_risk_score": 0.28298571286589785, "predicted_heat_risk_class": "low", "observed_lst_c": 35.971229285395218, "date": "2025-10-23", "top_factor_1": "Built Environment Density", "top_factor_1_reason": "high built-up density limits cooling", "top_factor_2": "Impervious Surfaces", "top_factor_2_reason": "high impervious building indices", "explanation_text": "This zone is estimated as low heat risk because it combines high built-up density limits cooling and high impervious building indices. This is a satellite-based decision-support estimate, not an official public-health heat warning.", "honesty_note": "This is a satellite-derived urban heat estimate, not an official public-health warning." }, "geometry": { "type": "Polygon", "coordinates": [ [ [ 31.358188664205979, 30.033291778581109 ], [ 31.358188664205979, 30.037180216003467 ], [ 31.362680240626577, 30.037180216003467 ], [ 31.362680240626577, 30.033291778581109 ], [ 31.358188664205979, 30.033291778581109 ] ] ] } },
{ "type": "Feature", "properties": { "zone_code": "NSR-GRID-277", "predicted_heat_anomaly_c": -0.083076382675253524, "predicted_heat_risk_score": 0.22945078588479786, "predicted_heat_risk_class": "low", "observed_lst_c": 36.677923438525838, "date": "2025-10-23", "top_factor_1": "Built Environment Density", "top_factor_1_reason": "high built-up density limits cooling", "top_factor_2": "Impervious Surfaces", "top_factor_2_reason": "high impervious building indices", "explanation_text": "This zone is estimated as low heat risk because it combines high built-up density limits cooling and high impervious building indices. This is a satellite-based decision-support estimate, not an official public-health heat warning.", "honesty_note": "This is a satellite-derived urban heat estimate, not an official public-health warning." }, "geometry": { "type": "Polygon", "coordinates": [ [ [ 31.362680240626577, 30.033291778581109 ], [ 31.362680240626577, 30.037180216003467 ], [ 31.367171817047169, 30.037180216003467 ], [ 31.367171817047169, 30.033291778581109 ], [ 31.362680240626577, 30.033291778581109 ] ] ] } },
{ "type": "Feature", "properties": { "zone_code": "NSR-GRID-278", "predicted_heat_anomaly_c": -2.501642054960715, "predicted_heat_risk_score": 0.22866655602688221, "predicted_heat_risk_class": "low", "observed_lst_c": 34.159079797576801, "date": "2025-10-23", "top_factor_1": "Built Environment Density", "top_factor_1_reason": "high built-up density limits cooling", "top_factor_2": "Vegetation Shielding", "top_factor_2_reason": "extremely low vegetation canopy", "explanation_text": "This zone is estimated as low heat risk because it combines high built-up density limits cooling and extremely low vegetation canopy. This is a satellite-based decision-support estimate, not an official public-health heat warning.", "honesty_note": "This is a satellite-derived urban heat estimate, not an official public-health warning." }, "geometry": { "type": "Polygon", "coordinates": [ [ [ 31.367171817047169, 30.033291778581109 ], [ 31.367171817047169, 30.037180216003467 ], [ 31.371663393467767, 30.037180216003467 ], [ 31.371663393467767, 30.033291778581109 ], [ 31.367171817047169, 30.033291778581109 ] ] ] } },
{ "type": "Feature", "properties": { "zone_code": "NSR-GRID-279", "predicted_heat_anomaly_c": -0.57767230196311914, "predicted_heat_risk_score": 0.27751541576880767, "predicted_heat_risk_class": "low", "observed_lst_c": 35.806446897800505, "date": "2025-10-23", "top_factor_1": "Built Environment Density", "top_factor_1_reason": "high built-up density limits cooling", "top_factor_2": "Impervious Surfaces", "top_factor_2_reason": "high impervious building indices", "explanation_text": "This zone is estimated as low heat risk because it combines high built-up density limits cooling and high impervious building indices. This is a satellite-based decision-support estimate, not an official public-health heat warning.", "honesty_note": "This is a satellite-derived urban heat estimate, not an official public-health warning." }, "geometry": { "type": "Polygon", "coordinates": [ [ [ 31.371663393467767, 30.033291778581109 ], [ 31.371663393467767, 30.037180216003467 ], [ 31.376154969888365, 30.037180216003467 ], [ 31.376154969888365, 30.033291778581109 ], [ 31.371663393467767, 30.033291778581109 ] ] ] } },
{ "type": "Feature", "properties": { "zone_code": "NSR-GRID-280", "predicted_heat_anomaly_c": 0.90345582484069054, "predicted_heat_risk_score": 0.27217210446214096, "predicted_heat_risk_class": "low", "observed_lst_c": 37.310826596385908, "date": "2025-10-23", "top_factor_1": "Built Environment Density", "top_factor_1_reason": "high built-up density limits cooling", "top_factor_2": "Impervious Surfaces", "top_factor_2_reason": "high impervious building indices", "explanation_text": "This zone is estimated as low heat risk because it combines high built-up density limits cooling and high impervious building indices. This is a satellite-based decision-support estimate, not an official public-health heat warning.", "honesty_note": "This is a satellite-derived urban heat estimate, not an official public-health warning." }, "geometry": { "type": "Polygon", "coordinates": [ [ [ 31.376154969888365, 30.033291778581109 ], [ 31.376154969888365, 30.037180216003467 ], [ 31.380646546308967, 30.037180216003467 ], [ 31.380646546308967, 30.033291778581109 ], [ 31.376154969888365, 30.033291778581109 ] ] ] } },
{ "type": "Feature", "properties": { "zone_code": "NSR-GRID-281", "predicted_heat_anomaly_c": 1.5999263099780383, "predicted_heat_risk_score": 0.22978712169966053, "predicted_heat_risk_class": "low", "observed_lst_c": 37.657030403479162, "date": "2025-10-23", "top_factor_1": "Built Environment Density", "top_factor_1_reason": "high built-up density limits cooling", "top_factor_2": "Impervious Surfaces", "top_factor_2_reason": "high impervious building indices", "explanation_text": "This zone is estimated as low heat risk because it combines high built-up density limits cooling and high impervious building indices. This is a satellite-based decision-support estimate, not an official public-health heat warning.", "honesty_note": "This is a satellite-derived urban heat estimate, not an official public-health warning." }, "geometry": { "type": "Polygon", "coordinates": [ [ [ 31.380646546308967, 30.033291778581109 ], [ 31.380646546308967, 30.037180216003467 ], [ 31.385138122729565, 30.037180216003467 ], [ 31.385138122729565, 30.033291778581109 ], [ 31.380646546308967, 30.033291778581109 ] ] ] } },
{ "type": "Feature", "properties": { "zone_code": "NSR-GRID-282", "predicted_heat_anomaly_c": 1.9879275433587029, "predicted_heat_risk_score": 0.26725995595746288, "predicted_heat_risk_class": "low", "observed_lst_c": 38.161933732157237, "date": "2025-10-23", "top_factor_1": "Built Environment Density", "top_factor_1_reason": "high built-up density limits cooling", "top_factor_2": "Impervious Surfaces", "top_factor_2_reason": "high impervious building indices", "explanation_text": "This zone is estimated as low heat risk because it combines high built-up density limits cooling and high impervious building indices. This is a satellite-based decision-support estimate, not an official public-health heat warning.", "honesty_note": "This is a satellite-derived urban heat estimate, not an official public-health warning." }, "geometry": { "type": "Polygon", "coordinates": [ [ [ 31.385138122729565, 30.033291778581109 ], [ 31.385138122729565, 30.037180216003467 ], [ 31.389629699150163, 30.037180216003467 ], [ 31.389629699150163, 30.033291778581109 ], [ 31.385138122729565, 30.033291778581109 ] ] ] } },
{ "type": "Feature", "properties": { "zone_code": "NSR-GRID-283", "predicted_heat_anomaly_c": 1.3416609652846874, "predicted_heat_risk_score": 0.30143682981738323, "predicted_heat_risk_class": "low", "observed_lst_c": 37.560964159959205, "date": "2025-10-23", "top_factor_1": "Built Environment Density", "top_factor_1_reason": "high built-up density limits cooling", "top_factor_2": "Impervious Surfaces", "top_factor_2_reason": "high impervious building indices", "explanation_text": "This zone is estimated as low heat risk because it combines high built-up density limits cooling and high impervious building indices. This is a satellite-based decision-support estimate, not an official public-health heat warning.", "honesty_note": "This is a satellite-derived urban heat estimate, not an official public-health warning." }, "geometry": { "type": "Polygon", "coordinates": [ [ [ 31.389629699150163, 30.033291778581109 ], [ 31.389629699150163, 30.037180216003467 ], [ 31.394121275570754, 30.037180216003467 ], [ 31.394121275570754, 30.033291778581109 ], [ 31.389629699150163, 30.033291778581109 ] ] ] } },
{ "type": "Feature", "properties": { "zone_code": "NSR-GRID-284", "predicted_heat_anomaly_c": 0.5421043622267987, "predicted_heat_risk_score": 0.27624873926142957, "predicted_heat_risk_class": "low", "observed_lst_c": 36.854497325766452, "date": "2025-10-23", "top_factor_1": "Built Environment Density", "top_factor_1_reason": "high built-up density limits cooling", "top_factor_2": "Impervious Surfaces", "top_factor_2_reason": "high impervious building indices", "explanation_text": "This zone is estimated as low heat risk because it combines high built-up density limits cooling and high impervious building indices. This is a satellite-based decision-support estimate, not an official public-health heat warning.", "honesty_note": "This is a satellite-derived urban heat estimate, not an official public-health warning." }, "geometry": { "type": "Polygon", "coordinates": [ [ [ 31.394121275570754, 30.033291778581109 ], [ 31.394121275570754, 30.037180216003467 ], [ 31.398612851991352, 30.037180216003467 ], [ 31.398612851991352, 30.033291778581109 ], [ 31.394121275570754, 30.033291778581109 ] ] ] } },
{ "type": "Feature", "properties": { "zone_code": "NSR-GRID-285", "predicted_heat_anomaly_c": 1.4921081469095363, "predicted_heat_risk_score": 0.42253444165696413, "predicted_heat_risk_class": "medium", "observed_lst_c": 38.337034506470523, "date": "2025-10-23", "top_factor_1": "Built Environment Density", "top_factor_1_reason": "high built-up density limits cooling", "top_factor_2": "Vegetation Shielding", "top_factor_2_reason": "extremely low vegetation canopy", "explanation_text": "This zone is estimated as medium heat risk because it combines high built-up density limits cooling and extremely low vegetation canopy. This is a satellite-based decision-support estimate, not an official public-health heat warning.", "honesty_note": "This is a satellite-derived urban heat estimate, not an official public-health warning." }, "geometry": { "type": "MultiPolygon", "coordinates": [ [ [ [ 31.335730782102992, 30.029403188589662 ], [ 31.335581772292223, 30.029403188589662 ], [ 31.3353268, 30.030505500000011 ], [ 31.3352921, 30.0307101 ], [ 31.3353421, 30.030868699999985 ], [ 31.3354841, 30.030996 ], [ 31.335706, 30.0310882 ], [ 31.335730782102992, 30.031084275071336 ], [ 31.335730782102992, 30.029403188589662 ] ] ], [ [ [ 31.335730782102992, 30.033291778581109 ], [ 31.335730782102992, 30.031777576921158 ], [ 31.3351376, 30.0319719 ], [ 31.3342732, 30.032339 ], [ 31.3334784, 30.0327954 ], [ 31.332887328982721, 30.033291778581109 ], [ 31.335730782102992, 30.033291778581109 ] ] ] ] } },
{ "type": "Feature", "properties": { "zone_code": "NSR-GRID-286", "predicted_heat_anomaly_c": 1.4307725009582277, "predicted_heat_risk_score": 0.2553434749588448, "predicted_heat_risk_class": "low", "observed_lst_c": 37.982375492549714, "date": "2025-10-23", "top_factor_1": "Built Environment Density", "top_factor_1_reason": "high built-up density limits cooling", "top_factor_2": "Impervious Surfaces", "top_factor_2_reason": "high impervious building indices", "explanation_text": "This zone is estimated as low heat risk because it combines high built-up density limits cooling and high impervious building indices. This is a satellite-based decision-support estimate, not an official public-health heat warning.", "honesty_note": "This is a satellite-derived urban heat estimate, not an official public-health warning." }, "geometry": { "type": "Polygon", "coordinates": [ [ [ 31.398612851991352, 30.029403188589662 ], [ 31.398612851991352, 30.033291778581109 ], [ 31.402950007427197, 30.033291778581109 ], [ 31.4026521, 30.0311873 ], [ 31.402407520234178, 30.029403188589662 ], [ 31.398612851991352, 30.029403188589662 ] ] ] } },
{ "type": "Feature", "properties": { "zone_code": "NSR-GRID-287", "predicted_heat_anomaly_c": 1.2744376284286758, "predicted_heat_risk_score": 0.46948112522399132, "predicted_heat_risk_class": "medium", "observed_lst_c": 37.862825304065673, "date": "2025-10-23", "top_factor_1": "Built Environment Density", "top_factor_1_reason": "high built-up density limits cooling", "top_factor_2": "Vegetation Shielding", "top_factor_2_reason": "extremely low vegetation canopy", "explanation_text": "This zone is estimated as medium heat risk because it combines high built-up density limits cooling and extremely low vegetation canopy. This is a satellite-based decision-support estimate, not an official public-health heat warning.", "honesty_note": "This is a satellite-derived urban heat estimate, not an official public-health warning." }, "geometry": { "type": "Polygon", "coordinates": [ [ [ 31.340222358523583, 30.029403188589662 ], [ 31.340222358523583, 30.033291778581109 ], [ 31.344713934944181, 30.033291778581109 ], [ 31.344713934944181, 30.029403188589662 ], [ 31.340222358523583, 30.029403188589662 ] ] ] } },
{ "type": "Feature", "properties": { "zone_code": "NSR-GRID-288", "predicted_heat_anomaly_c": 1.5840496874606373, "predicted_heat_risk_score": 0.44976084083262263, "predicted_heat_risk_class": "medium", "observed_lst_c": 37.852862038566329, "date": "2025-10-23", "top_factor_1": "Built Environment Density", "top_factor_1_reason": "high built-up density limits cooling", "top_factor_2": "Vegetation Shielding", "top_factor_2_reason": "extremely low vegetation canopy", "explanation_text": "This zone is estimated as medium heat risk because it combines high built-up density limits cooling and extremely low vegetation canopy. This is a satellite-based decision-support estimate, not an official public-health heat warning.", "honesty_note": "This is a satellite-derived urban heat estimate, not an official public-health warning." }, "geometry": { "type": "Polygon", "coordinates": [ [ [ 31.344713934944181, 30.029403188589662 ], [ 31.344713934944181, 30.033291778581109 ], [ 31.349205511364779, 30.033291778581109 ], [ 31.349205511364779, 30.029403188589662 ], [ 31.344713934944181, 30.029403188589662 ] ] ] } },
{ "type": "Feature", "properties": { "zone_code": "NSR-GRID-289", "predicted_heat_anomaly_c": 0.27382371845669967, "predicted_heat_risk_score": 0.39133874767222604, "predicted_heat_risk_class": "medium", "observed_lst_c": 36.745035414604097, "date": "2025-10-23", "top_factor_1": "Built Environment Density", "top_factor_1_reason": "high built-up density limits cooling", "top_factor_2": "Impervious Surfaces", "top_factor_2_reason": "high impervious building indices", "explanation_text": "This zone is estimated as medium heat risk because it combines high built-up density limits cooling and high impervious building indices. This is a satellite-based decision-support estimate, not an official public-health heat warning.", "honesty_note": "This is a satellite-derived urban heat estimate, not an official public-health warning." }, "geometry": { "type": "Polygon", "coordinates": [ [ [ 31.349205511364779, 30.029403188589662 ], [ 31.349205511364779, 30.033291778581109 ], [ 31.353697087785381, 30.033291778581109 ], [ 31.353697087785381, 30.029403188589662 ], [ 31.349205511364779, 30.029403188589662 ] ] ] } },
{ "type": "Feature", "properties": { "zone_code": "NSR-GRID-290", "predicted_heat_anomaly_c": -0.85451188027479841, "predicted_heat_risk_score": 0.33445845043490369, "predicted_heat_risk_class": "low", "observed_lst_c": 35.527271343573268, "date": "2025-10-23", "top_factor_1": "Built Environment Density", "top_factor_1_reason": "high built-up density limits cooling", "top_factor_2": "Impervious Surfaces", "top_factor_2_reason": "high impervious building indices", "explanation_text": "This zone is estimated as low heat risk because it combines high built-up density limits cooling and high impervious building indices. This is a satellite-based decision-support estimate, not an official public-health heat warning.", "honesty_note": "This is a satellite-derived urban heat estimate, not an official public-health warning." }, "geometry": { "type": "Polygon", "coordinates": [ [ [ 31.353697087785381, 30.029403188589662 ], [ 31.353697087785381, 30.033291778581109 ], [ 31.358188664205979, 30.033291778581109 ], [ 31.358188664205979, 30.029403188589662 ], [ 31.353697087785381, 30.029403188589662 ] ] ] } },
{ "type": "Feature", "properties": { "zone_code": "NSR-GRID-291", "predicted_heat_anomaly_c": 0.50195397317208923, "predicted_heat_risk_score": 0.28750515183316366, "predicted_heat_risk_class": "low", "observed_lst_c": 37.049546378241793, "date": "2025-10-23", "top_factor_1": "Built Environment Density", "top_factor_1_reason": "high built-up density limits cooling", "top_factor_2": "Impervious Surfaces", "top_factor_2_reason": "high impervious building indices", "explanation_text": "This zone is estimated as low heat risk because it combines high built-up density limits cooling and high impervious building indices. This is a satellite-based decision-support estimate, not an official public-health heat warning.", "honesty_note": "This is a satellite-derived urban heat estimate, not an official public-health warning." }, "geometry": { "type": "Polygon", "coordinates": [ [ [ 31.358188664205979, 30.029403188589662 ], [ 31.358188664205979, 30.033291778581109 ], [ 31.362680240626577, 30.033291778581109 ], [ 31.362680240626577, 30.029403188589662 ], [ 31.358188664205979, 30.029403188589662 ] ] ] } },
{ "type": "Feature", "properties": { "zone_code": "NSR-GRID-292", "predicted_heat_anomaly_c": -0.85837210955664567, "predicted_heat_risk_score": 0.26734286190021717, "predicted_heat_risk_class": "low", "observed_lst_c": 35.780411541558045, "date": "2025-10-23", "top_factor_1": "Built Environment Density", "top_factor_1_reason": "high built-up density limits cooling", "top_factor_2": "Impervious Surfaces", "top_factor_2_reason": "high impervious building indices", "explanation_text": "This zone is estimated as low heat risk because it combines high built-up density limits cooling and high impervious building indices. This is a satellite-based decision-support estimate, not an official public-health heat warning.", "honesty_note": "This is a satellite-derived urban heat estimate, not an official public-health warning." }, "geometry": { "type": "Polygon", "coordinates": [ [ [ 31.362680240626577, 30.029403188589662 ], [ 31.362680240626577, 30.033291778581109 ], [ 31.367171817047169, 30.033291778581109 ], [ 31.367171817047169, 30.029403188589662 ], [ 31.362680240626577, 30.029403188589662 ] ] ] } },
{ "type": "Feature", "properties": { "zone_code": "NSR-GRID-293", "predicted_heat_anomaly_c": 1.1602980984203317, "predicted_heat_risk_score": 0.39626501902170752, "predicted_heat_risk_class": "medium", "observed_lst_c": 37.72264472560073, "date": "2025-10-23", "top_factor_1": "Built Environment Density", "top_factor_1_reason": "high built-up density limits cooling", "top_factor_2": "Impervious Surfaces", "top_factor_2_reason": "high impervious building indices", "explanation_text": "This zone is estimated as medium heat risk because it combines high built-up density limits cooling and high impervious building indices. This is a satellite-based decision-support estimate, not an official public-health heat warning.", "honesty_note": "This is a satellite-derived urban heat estimate, not an official public-health warning." }, "geometry": { "type": "Polygon", "coordinates": [ [ [ 31.367171817047169, 30.029403188589662 ], [ 31.367171817047169, 30.033291778581109 ], [ 31.371663393467767, 30.033291778581109 ], [ 31.371663393467767, 30.029403188589662 ], [ 31.367171817047169, 30.029403188589662 ] ] ] } },
{ "type": "Feature", "properties": { "zone_code": "NSR-GRID-294", "predicted_heat_anomaly_c": 1.6165647650899557, "predicted_heat_risk_score": 0.34308134652892908, "predicted_heat_risk_class": "low", "observed_lst_c": 38.144470499129007, "date": "2025-10-23", "top_factor_1": "Built Environment Density", "top_factor_1_reason": "high built-up density limits cooling", "top_factor_2": "Impervious Surfaces", "top_factor_2_reason": "high impervious building indices", "explanation_text": "This zone is estimated as low heat risk because it combines high built-up density limits cooling and high impervious building indices. This is a satellite-based decision-support estimate, not an official public-health heat warning.", "honesty_note": "This is a satellite-derived urban heat estimate, not an official public-health warning." }, "geometry": { "type": "Polygon", "coordinates": [ [ [ 31.371663393467767, 30.029403188589662 ], [ 31.371663393467767, 30.033291778581109 ], [ 31.376154969888365, 30.033291778581109 ], [ 31.376154969888365, 30.029403188589662 ], [ 31.371663393467767, 30.029403188589662 ] ] ] } },
{ "type": "Feature", "properties": { "zone_code": "NSR-GRID-295", "predicted_heat_anomaly_c": 2.1174256353416778, "predicted_heat_risk_score": 0.24580303166550396, "predicted_heat_risk_class": "low", "observed_lst_c": 38.567954301578887, "date": "2025-10-23", "top_factor_1": "Built Environment Density", "top_factor_1_reason": "high built-up density limits cooling", "top_factor_2": "Impervious Surfaces", "top_factor_2_reason": "high impervious building indices", "explanation_text": "This zone is estimated as low heat risk because it combines high built-up density limits cooling and high impervious building indices. This is a satellite-based decision-support estimate, not an official public-health heat warning.", "honesty_note": "This is a satellite-derived urban heat estimate, not an official public-health warning." }, "geometry": { "type": "Polygon", "coordinates": [ [ [ 31.376154969888365, 30.029403188589662 ], [ 31.376154969888365, 30.033291778581109 ], [ 31.380646546308967, 30.033291778581109 ], [ 31.380646546308967, 30.029403188589662 ], [ 31.376154969888365, 30.029403188589662 ] ] ] } },
{ "type": "Feature", "properties": { "zone_code": "NSR-GRID-296", "predicted_heat_anomaly_c": 1.9711511363506196, "predicted_heat_risk_score": 0.24076547113077348, "predicted_heat_risk_class": "low", "observed_lst_c": 37.969242629656783, "date": "2025-10-23", "top_factor_1": "Built Environment Density", "top_factor_1_reason": "high built-up density limits cooling", "top_factor_2": "Impervious Surfaces", "top_factor_2_reason": "high impervious building indices", "explanation_text": "This zone is estimated as low heat risk because it combines high built-up density limits cooling and high impervious building indices. This is a satellite-based decision-support estimate, not an official public-health heat warning.", "honesty_note": "This is a satellite-derived urban heat estimate, not an official public-health warning." }, "geometry": { "type": "Polygon", "coordinates": [ [ [ 31.380646546308967, 30.029403188589662 ], [ 31.380646546308967, 30.033291778581109 ], [ 31.385138122729565, 30.033291778581109 ], [ 31.385138122729565, 30.029403188589662 ], [ 31.380646546308967, 30.029403188589662 ] ] ] } },
{ "type": "Feature", "properties": { "zone_code": "NSR-GRID-297", "predicted_heat_anomaly_c": 1.7784962712531063, "predicted_heat_risk_score": 0.23560122425617275, "predicted_heat_risk_class": "low", "observed_lst_c": 38.076412237266368, "date": "2025-10-23", "top_factor_1": "Built Environment Density", "top_factor_1_reason": "high built-up density limits cooling", "top_factor_2": "Impervious Surfaces", "top_factor_2_reason": "high impervious building indices", "explanation_text": "This zone is estimated as low heat risk because it combines high built-up density limits cooling and high impervious building indices. This is a satellite-based decision-support estimate, not an official public-health heat warning.", "honesty_note": "This is a satellite-derived urban heat estimate, not an official public-health warning." }, "geometry": { "type": "Polygon", "coordinates": [ [ [ 31.385138122729565, 30.029403188589662 ], [ 31.385138122729565, 30.033291778581109 ], [ 31.389629699150163, 30.033291778581109 ], [ 31.389629699150163, 30.029403188589662 ], [ 31.385138122729565, 30.029403188589662 ] ] ] } },
{ "type": "Feature", "properties": { "zone_code": "NSR-GRID-298", "predicted_heat_anomaly_c": 1.7931766454543085, "predicted_heat_risk_score": 0.24120375277289255, "predicted_heat_risk_class": "low", "observed_lst_c": 38.50462117839146, "date": "2025-10-23", "top_factor_1": "Built Environment Density", "top_factor_1_reason": "high built-up density limits cooling", "top_factor_2": "Impervious Surfaces", "top_factor_2_reason": "high impervious building indices", "explanation_text": "This zone is estimated as low heat risk because it combines high built-up density limits cooling and high impervious building indices. This is a satellite-based decision-support estimate, not an official public-health heat warning.", "honesty_note": "This is a satellite-derived urban heat estimate, not an official public-health warning." }, "geometry": { "type": "Polygon", "coordinates": [ [ [ 31.389629699150163, 30.029403188589662 ], [ 31.389629699150163, 30.033291778581109 ], [ 31.394121275570754, 30.033291778581109 ], [ 31.394121275570754, 30.029403188589662 ], [ 31.389629699150163, 30.029403188589662 ] ] ] } },
{ "type": "Feature", "properties": { "zone_code": "NSR-GRID-299", "predicted_heat_anomaly_c": 1.5677480870821936, "predicted_heat_risk_score": 0.23011694388411097, "predicted_heat_risk_class": "low", "observed_lst_c": 37.543519392170666, "date": "2025-10-23", "top_factor_1": "Built Environment Density", "top_factor_1_reason": "high built-up density limits cooling", "top_factor_2": "Impervious Surfaces", "top_factor_2_reason": "high impervious building indices", "explanation_text": "This zone is estimated as low heat risk because it combines high built-up density limits cooling and high impervious building indices. This is a satellite-based decision-support estimate, not an official public-health heat warning.", "honesty_note": "This is a satellite-derived urban heat estimate, not an official public-health warning." }, "geometry": { "type": "Polygon", "coordinates": [ [ [ 31.394121275570754, 30.029403188589662 ], [ 31.394121275570754, 30.033291778581109 ], [ 31.398612851991352, 30.033291778581109 ], [ 31.398612851991352, 30.029403188589662 ], [ 31.394121275570754, 30.029403188589662 ] ] ] } },
{ "type": "Feature", "properties": { "zone_code": "NSR-GRID-300", "predicted_heat_anomaly_c": 2.1854051493517055, "predicted_heat_risk_score": 0.38852628524471405, "predicted_heat_risk_class": "medium", "observed_lst_c": 38.836666808112412, "date": "2025-10-23", "top_factor_1": "Built Environment Density", "top_factor_1_reason": "high built-up density limits cooling", "top_factor_2": "Impervious Surfaces", "top_factor_2_reason": "high impervious building indices", "explanation_text": "This zone is estimated as medium heat risk because it combines high built-up density limits cooling and high impervious building indices. This is a satellite-based decision-support estimate, not an official public-health heat warning.", "honesty_note": "This is a satellite-derived urban heat estimate, not an official public-health warning." }, "geometry": { "type": "Polygon", "coordinates": [ [ [ 31.335730782102992, 30.033291778581109 ], [ 31.340222358523583, 30.033291778581109 ], [ 31.340222358523583, 30.029403188589662 ], [ 31.335730782102992, 30.029403188589662 ], [ 31.335730782102992, 30.031084275071336 ], [ 31.3361202, 30.0310226 ], [ 31.3363632, 30.0315704 ], [ 31.335730782102992, 30.031777576921158 ], [ 31.335730782102992, 30.033291778581109 ] ] ] } },
{ "type": "Feature", "properties": { "zone_code": "NSR-GRID-302", "predicted_heat_anomaly_c": 3.0782833235900178, "predicted_heat_risk_score": 0.3468834528316172, "predicted_heat_risk_class": "low", "observed_lst_c": 39.581281283410199, "date": "2025-10-23", "top_factor_1": "Built Environment Density", "top_factor_1_reason": "high built-up density limits cooling", "top_factor_2": "Impervious Surfaces", "top_factor_2_reason": "high impervious building indices", "explanation_text": "This zone is estimated as low heat risk because it combines high built-up density limits cooling and high impervious building indices. This is a satellite-based decision-support estimate, not an official public-health heat warning.", "honesty_note": "This is a satellite-derived urban heat estimate, not an official public-health warning." }, "geometry": { "type": "Polygon", "coordinates": [ [ [ 31.335730782102992, 30.029403188589662 ], [ 31.340222358523583, 30.029403188589662 ], [ 31.340222358523583, 30.02551444604104 ], [ 31.336591199332673, 30.02551444604104 ], [ 31.3358576, 30.0282107 ], [ 31.335730782102992, 30.028758974819059 ], [ 31.335730782102992, 30.029403188589662 ] ] ] } },
{ "type": "Feature", "properties": { "zone_code": "NSR-GRID-303", "predicted_heat_anomaly_c": 1.3671391420305921, "predicted_heat_risk_score": 0.25267895866650902, "predicted_heat_risk_class": "low", "observed_lst_c": 37.683587675479998, "date": "2025-10-23", "top_factor_1": "Built Environment Density", "top_factor_1_reason": "high built-up density limits cooling", "top_factor_2": "Impervious Surfaces", "top_factor_2_reason": "high impervious building indices", "explanation_text": "This zone is estimated as low heat risk because it combines high built-up density limits cooling and high impervious building indices. This is a satellite-based decision-support estimate, not an official public-health heat warning.", "honesty_note": "This is a satellite-derived urban heat estimate, not an official public-health warning." }, "geometry": { "type": "Polygon", "coordinates": [ [ [ 31.398612851991352, 30.02551444604104 ], [ 31.398612851991352, 30.029403188589662 ], [ 31.402407520234178, 30.029403188589662 ], [ 31.4020118, 30.0265165 ], [ 31.401841090769885, 30.02551444604104 ], [ 31.398612851991352, 30.02551444604104 ] ] ] } },
{ "type": "Feature", "properties": { "zone_code": "NSR-GRID-304", "predicted_heat_anomaly_c": 1.9035710855744337, "predicted_heat_risk_score": 0.36493865192574598, "predicted_heat_risk_class": "medium", "observed_lst_c": 38.600317241513011, "date": "2025-10-23", "top_factor_1": "Built Environment Density", "top_factor_1_reason": "high built-up density limits cooling", "top_factor_2": "Impervious Surfaces", "top_factor_2_reason": "high impervious building indices", "explanation_text": "This zone is estimated as medium heat risk because it combines high built-up density limits cooling and high impervious building indices. This is a satellite-based decision-support estimate, not an official public-health heat warning.", "honesty_note": "This is a satellite-derived urban heat estimate, not an official public-health warning." }, "geometry": { "type": "Polygon", "coordinates": [ [ [ 31.340222358523583, 30.02551444604104 ], [ 31.340222358523583, 30.029403188589662 ], [ 31.344713934944181, 30.029403188589662 ], [ 31.344713934944181, 30.02551444604104 ], [ 31.340222358523583, 30.02551444604104 ] ] ] } },
{ "type": "Feature", "properties": { "zone_code": "NSR-GRID-305", "predicted_heat_anomaly_c": 0.77216386759835576, "predicted_heat_risk_score": 0.40803601621802427, "predicted_heat_risk_class": "medium", "observed_lst_c": 37.207593436242362, "date": "2025-10-23", "top_factor_1": "Built Environment Density", "top_factor_1_reason": "high built-up density limits cooling", "top_factor_2": "Impervious Surfaces", "top_factor_2_reason": "high impervious building indices", "explanation_text": "This zone is estimated as medium heat risk because it combines high built-up density limits cooling and high impervious building indices. This is a satellite-based decision-support estimate, not an official public-health heat warning.", "honesty_note": "This is a satellite-derived urban heat estimate, not an official public-health warning." }, "geometry": { "type": "Polygon", "coordinates": [ [ [ 31.344713934944181, 30.02551444604104 ], [ 31.344713934944181, 30.029403188589662 ], [ 31.349205511364779, 30.029403188589662 ], [ 31.349205511364779, 30.02551444604104 ], [ 31.344713934944181, 30.02551444604104 ] ] ] } },
{ "type": "Feature", "properties": { "zone_code": "NSR-GRID-306", "predicted_heat_anomaly_c": -0.65808316743737083, "predicted_heat_risk_score": 0.36166344892932295, "predicted_heat_risk_class": "medium", "observed_lst_c": 35.627788714847753, "date": "2025-10-23", "top_factor_1": "Built Environment Density", "top_factor_1_reason": "high built-up density limits cooling", "top_factor_2": "Vegetation Shielding", "top_factor_2_reason": "extremely low vegetation canopy", "explanation_text": "This zone is estimated as medium heat risk because it combines high built-up density limits cooling and extremely low vegetation canopy. This is a satellite-based decision-support estimate, not an official public-health heat warning.", "honesty_note": "This is a satellite-derived urban heat estimate, not an official public-health warning." }, "geometry": { "type": "Polygon", "coordinates": [ [ [ 31.349205511364779, 30.02551444604104 ], [ 31.349205511364779, 30.029403188589662 ], [ 31.353697087785381, 30.029403188589662 ], [ 31.353697087785381, 30.02551444604104 ], [ 31.349205511364779, 30.02551444604104 ] ] ] } },
{ "type": "Feature", "properties": { "zone_code": "NSR-GRID-307", "predicted_heat_anomaly_c": 1.3409641950735485, "predicted_heat_risk_score": 0.33581542025205663, "predicted_heat_risk_class": "low", "observed_lst_c": 37.75134487523605, "date": "2025-10-23", "top_factor_1": "Built Environment Density", "top_factor_1_reason": "high built-up density limits cooling", "top_factor_2": "Impervious Surfaces", "top_factor_2_reason": "high impervious building indices", "explanation_text": "This zone is estimated as low heat risk because it combines high built-up density limits cooling and high impervious building indices. This is a satellite-based decision-support estimate, not an official public-health heat warning.", "honesty_note": "This is a satellite-derived urban heat estimate, not an official public-health warning." }, "geometry": { "type": "Polygon", "coordinates": [ [ [ 31.353697087785381, 30.02551444604104 ], [ 31.353697087785381, 30.029403188589662 ], [ 31.358188664205979, 30.029403188589662 ], [ 31.358188664205979, 30.02551444604104 ], [ 31.353697087785381, 30.02551444604104 ] ] ] } },
{ "type": "Feature", "properties": { "zone_code": "NSR-GRID-308", "predicted_heat_anomaly_c": 2.0950878298357662, "predicted_heat_risk_score": 0.29518467461639142, "predicted_heat_risk_class": "low", "observed_lst_c": 38.34603117116685, "date": "2025-10-23", "top_factor_1": "Built Environment Density", "top_factor_1_reason": "high built-up density limits cooling", "top_factor_2": "Impervious Surfaces", "top_factor_2_reason": "high impervious building indices", "explanation_text": "This zone is estimated as low heat risk because it combines high built-up density limits cooling and high impervious building indices. This is a satellite-based decision-support estimate, not an official public-health heat warning.", "honesty_note": "This is a satellite-derived urban heat estimate, not an official public-health warning." }, "geometry": { "type": "Polygon", "coordinates": [ [ [ 31.358188664205979, 30.02551444604104 ], [ 31.358188664205979, 30.029403188589662 ], [ 31.362680240626577, 30.029403188589662 ], [ 31.362680240626577, 30.02551444604104 ], [ 31.358188664205979, 30.02551444604104 ] ] ] } },
{ "type": "Feature", "properties": { "zone_code": "NSR-GRID-309", "predicted_heat_anomaly_c": 2.7371192411412557, "predicted_heat_risk_score": 0.27996318922174196, "predicted_heat_risk_class": "low", "observed_lst_c": 38.908982347421627, "date": "2025-10-23", "top_factor_1": "Built Environment Density", "top_factor_1_reason": "high built-up density limits cooling", "top_factor_2": "Impervious Surfaces", "top_factor_2_reason": "high impervious building indices", "explanation_text": "This zone is estimated as low heat risk because it combines high built-up density limits cooling and high impervious building indices. This is a satellite-based decision-support estimate, not an official public-health heat warning.", "honesty_note": "This is a satellite-derived urban heat estimate, not an official public-health warning." }, "geometry": { "type": "Polygon", "coordinates": [ [ [ 31.362680240626577, 30.02551444604104 ], [ 31.362680240626577, 30.029403188589662 ], [ 31.367171817047169, 30.029403188589662 ], [ 31.367171817047169, 30.02551444604104 ], [ 31.362680240626577, 30.02551444604104 ] ] ] } },
{ "type": "Feature", "properties": { "zone_code": "NSR-GRID-310", "predicted_heat_anomaly_c": 3.182745369806153, "predicted_heat_risk_score": 0.28569086474444594, "predicted_heat_risk_class": "low", "observed_lst_c": 39.34631058648602, "date": "2025-10-23", "top_factor_1": "Built Environment Density", "top_factor_1_reason": "high built-up density limits cooling", "top_factor_2": "Impervious Surfaces", "top_factor_2_reason": "high impervious building indices", "explanation_text": "This zone is estimated as low heat risk because it combines high built-up density limits cooling and high impervious building indices. This is a satellite-based decision-support estimate, not an official public-health heat warning.", "honesty_note": "This is a satellite-derived urban heat estimate, not an official public-health warning." }, "geometry": { "type": "Polygon", "coordinates": [ [ [ 31.367171817047169, 30.02551444604104 ], [ 31.367171817047169, 30.029403188589662 ], [ 31.371663393467767, 30.029403188589662 ], [ 31.371663393467767, 30.02551444604104 ], [ 31.367171817047169, 30.02551444604104 ] ] ] } },
{ "type": "Feature", "properties": { "zone_code": "NSR-GRID-311", "predicted_heat_anomaly_c": 3.2970133529386856, "predicted_heat_risk_score": 0.30730648256564447, "predicted_heat_risk_class": "low", "observed_lst_c": 39.672074725796477, "date": "2025-10-23", "top_factor_1": "Built Environment Density", "top_factor_1_reason": "high built-up density limits cooling", "top_factor_2": "Impervious Surfaces", "top_factor_2_reason": "high impervious building indices", "explanation_text": "This zone is estimated as low heat risk because it combines high built-up density limits cooling and high impervious building indices. This is a satellite-based decision-support estimate, not an official public-health heat warning.", "honesty_note": "This is a satellite-derived urban heat estimate, not an official public-health warning." }, "geometry": { "type": "Polygon", "coordinates": [ [ [ 31.371663393467767, 30.02551444604104 ], [ 31.371663393467767, 30.029403188589662 ], [ 31.376154969888365, 30.029403188589662 ], [ 31.376154969888365, 30.02551444604104 ], [ 31.371663393467767, 30.02551444604104 ] ] ] } },
{ "type": "Feature", "properties": { "zone_code": "NSR-GRID-312", "predicted_heat_anomaly_c": 2.4277497047916854, "predicted_heat_risk_score": 0.27796975458378442, "predicted_heat_risk_class": "low", "observed_lst_c": 38.710429340125863, "date": "2025-10-23", "top_factor_1": "Built Environment Density", "top_factor_1_reason": "high built-up density limits cooling", "top_factor_2": "Impervious Surfaces", "top_factor_2_reason": "high impervious building indices", "explanation_text": "This zone is estimated as low heat risk because it combines high built-up density limits cooling and high impervious building indices. This is a satellite-based decision-support estimate, not an official public-health heat warning.", "honesty_note": "This is a satellite-derived urban heat estimate, not an official public-health warning." }, "geometry": { "type": "Polygon", "coordinates": [ [ [ 31.376154969888365, 30.02551444604104 ], [ 31.376154969888365, 30.029403188589662 ], [ 31.380646546308967, 30.029403188589662 ], [ 31.380646546308967, 30.02551444604104 ], [ 31.376154969888365, 30.02551444604104 ] ] ] } },
{ "type": "Feature", "properties": { "zone_code": "NSR-GRID-313", "predicted_heat_anomaly_c": 2.1677621873197088, "predicted_heat_risk_score": 0.26500253684157388, "predicted_heat_risk_class": "low", "observed_lst_c": 38.36159758889783, "date": "2025-10-23", "top_factor_1": "Built Environment Density", "top_factor_1_reason": "high built-up density limits cooling", "top_factor_2": "Impervious Surfaces", "top_factor_2_reason": "high impervious building indices", "explanation_text": "This zone is estimated as low heat risk because it combines high built-up density limits cooling and high impervious building indices. This is a satellite-based decision-support estimate, not an official public-health heat warning.", "honesty_note": "This is a satellite-derived urban heat estimate, not an official public-health warning." }, "geometry": { "type": "Polygon", "coordinates": [ [ [ 31.380646546308967, 30.02551444604104 ], [ 31.380646546308967, 30.029403188589662 ], [ 31.385138122729565, 30.029403188589662 ], [ 31.385138122729565, 30.02551444604104 ], [ 31.380646546308967, 30.02551444604104 ] ] ] } },
{ "type": "Feature", "properties": { "zone_code": "NSR-GRID-314", "predicted_heat_anomaly_c": 1.7355409942023678, "predicted_heat_risk_score": 0.23356726628894481, "predicted_heat_risk_class": "low", "observed_lst_c": 37.772712863817503, "date": "2025-10-23", "top_factor_1": "Built Environment Density", "top_factor_1_reason": "high built-up density limits cooling", "top_factor_2": "Impervious Surfaces", "top_factor_2_reason": "high impervious building indices", "explanation_text": "This zone is estimated as low heat risk because it combines high built-up density limits cooling and high impervious building indices. This is a satellite-based decision-support estimate, not an official public-health heat warning.", "honesty_note": "This is a satellite-derived urban heat estimate, not an official public-health warning." }, "geometry": { "type": "Polygon", "coordinates": [ [ [ 31.385138122729565, 30.02551444604104 ], [ 31.385138122729565, 30.029403188589662 ], [ 31.389629699150163, 30.029403188589662 ], [ 31.389629699150163, 30.02551444604104 ], [ 31.385138122729565, 30.02551444604104 ] ] ] } },
{ "type": "Feature", "properties": { "zone_code": "NSR-GRID-315", "predicted_heat_anomaly_c": 2.2019314899565439, "predicted_heat_risk_score": 0.26580445741096992, "predicted_heat_risk_class": "low", "observed_lst_c": 38.693402646287495, "date": "2025-10-23", "top_factor_1": "Impervious Surfaces", "top_factor_1_reason": "high impervious building indices", "top_factor_2": "Vegetation Shielding", "top_factor_2_reason": "extremely low vegetation canopy", "explanation_text": "This zone is estimated as low heat risk because it combines high impervious building indices and extremely low vegetation canopy. This is a satellite-based decision-support estimate, not an official public-health heat warning.", "honesty_note": "This is a satellite-derived urban heat estimate, not an official public-health warning." }, "geometry": { "type": "Polygon", "coordinates": [ [ [ 31.389629699150163, 30.02551444604104 ], [ 31.389629699150163, 30.029403188589662 ], [ 31.394121275570754, 30.029403188589662 ], [ 31.394121275570754, 30.02551444604104 ], [ 31.389629699150163, 30.02551444604104 ] ] ] } },
{ "type": "Feature", "properties": { "zone_code": "NSR-GRID-316", "predicted_heat_anomaly_c": 1.4795540866982702, "predicted_heat_risk_score": 0.22567719809457448, "predicted_heat_risk_class": "low", "observed_lst_c": 37.612001792414127, "date": "2025-10-23", "top_factor_1": "Impervious Surfaces", "top_factor_1_reason": "high impervious building indices", "top_factor_2": "Vegetation Shielding", "top_factor_2_reason": "extremely low vegetation canopy", "explanation_text": "This zone is estimated as low heat risk because it combines high impervious building indices and extremely low vegetation canopy. This is a satellite-based decision-support estimate, not an official public-health heat warning.", "honesty_note": "This is a satellite-derived urban heat estimate, not an official public-health warning." }, "geometry": { "type": "Polygon", "coordinates": [ [ [ 31.394121275570754, 30.02551444604104 ], [ 31.394121275570754, 30.029403188589662 ], [ 31.398612851991352, 30.029403188589662 ], [ 31.398612851991352, 30.02551444604104 ], [ 31.394121275570754, 30.02551444604104 ] ] ] } },
{ "type": "Feature", "properties": { "zone_code": "NSR-GRID-317", "predicted_heat_anomaly_c": 2.542155731553982, "predicted_heat_risk_score": 0.34124787071906448, "predicted_heat_risk_class": "low", "observed_lst_c": 39.081809931391568, "date": "2025-10-23", "top_factor_1": "Built Environment Density", "top_factor_1_reason": "high built-up density limits cooling", "top_factor_2": "Impervious Surfaces", "top_factor_2_reason": "high impervious building indices", "explanation_text": "This zone is estimated as low heat risk because it combines high built-up density limits cooling and high impervious building indices. This is a satellite-based decision-support estimate, not an official public-health heat warning.", "honesty_note": "This is a satellite-derived urban heat estimate, not an official public-health warning." }, "geometry": { "type": "Polygon", "coordinates": [ [ [ 31.340222358523583, 30.02551444604104 ], [ 31.340222358523583, 30.021625550947174 ], [ 31.337649283017399, 30.021625550947174 ], [ 31.3375442, 30.0220117 ], [ 31.336591199332673, 30.02551444604104 ], [ 31.340222358523583, 30.02551444604104 ] ] ] } },
{ "type": "Feature", "properties": { "zone_code": "NSR-GRID-318", "predicted_heat_anomaly_c": 1.3443913016906033, "predicted_heat_risk_score": 0.24631048545832945, "predicted_heat_risk_class": "low", "observed_lst_c": 37.700680173038336, "date": "2025-10-23", "top_factor_1": "Built Environment Density", "top_factor_1_reason": "high built-up density limits cooling", "top_factor_2": "Impervious Surfaces", "top_factor_2_reason": "high impervious building indices", "explanation_text": "This zone is estimated as low heat risk because it combines high built-up density limits cooling and high impervious building indices. This is a satellite-based decision-support estimate, not an official public-health heat warning.", "honesty_note": "This is a satellite-derived urban heat estimate, not an official public-health warning." }, "geometry": { "type": "Polygon", "coordinates": [ [ [ 31.398612851991352, 30.021625550947174 ], [ 31.398612851991352, 30.02551444604104 ], [ 31.401841090769885, 30.02551444604104 ], [ 31.4012908, 30.0222842 ], [ 31.401170032069629, 30.021625550947174 ], [ 31.398612851991352, 30.021625550947174 ] ] ] } },
{ "type": "Feature", "properties": { "zone_code": "NSR-GRID-319", "predicted_heat_anomaly_c": 2.2722154099761926, "predicted_heat_risk_score": 0.28905131859955369, "predicted_heat_risk_class": "low", "observed_lst_c": 39.208356436747657, "date": "2025-10-23", "top_factor_1": "Built Environment Density", "top_factor_1_reason": "high built-up density limits cooling", "top_factor_2": "Impervious Surfaces", "top_factor_2_reason": "high impervious building indices", "explanation_text": "This zone is estimated as low heat risk because it combines high built-up density limits cooling and high impervious building indices. This is a satellite-based decision-support estimate, not an official public-health heat warning.", "honesty_note": "This is a satellite-derived urban heat estimate, not an official public-health warning." }, "geometry": { "type": "Polygon", "coordinates": [ [ [ 31.340222358523583, 30.021625550947174 ], [ 31.340222358523583, 30.02551444604104 ], [ 31.344713934944181, 30.02551444604104 ], [ 31.344713934944181, 30.021625550947174 ], [ 31.340222358523583, 30.021625550947174 ] ] ] } },
{ "type": "Feature", "properties": { "zone_code": "NSR-GRID-320", "predicted_heat_anomaly_c": 0.018014575916544706, "predicted_heat_risk_score": 0.35878378270912115, "predicted_heat_risk_class": "medium", "observed_lst_c": 36.21689864920873, "date": "2025-10-23", "top_factor_1": "Built Environment Density", "top_factor_1_reason": "high built-up density limits cooling", "top_factor_2": "Impervious Surfaces", "top_factor_2_reason": "high impervious building indices", "explanation_text": "This zone is estimated as medium heat risk because it combines high built-up density limits cooling and high impervious building indices. This is a satellite-based decision-support estimate, not an official public-health heat warning.", "honesty_note": "This is a satellite-derived urban heat estimate, not an official public-health warning." }, "geometry": { "type": "Polygon", "coordinates": [ [ [ 31.344713934944181, 30.021625550947174 ], [ 31.344713934944181, 30.02551444604104 ], [ 31.349205511364779, 30.02551444604104 ], [ 31.349205511364779, 30.021625550947174 ], [ 31.344713934944181, 30.021625550947174 ] ] ] } },
{ "type": "Feature", "properties": { "zone_code": "NSR-GRID-321", "predicted_heat_anomaly_c": -0.74644028431976073, "predicted_heat_risk_score": 0.3448325921622496, "predicted_heat_risk_class": "low", "observed_lst_c": 35.548300668634212, "date": "2025-10-23", "top_factor_1": "Built Environment Density", "top_factor_1_reason": "high built-up density limits cooling", "top_factor_2": "Impervious Surfaces", "top_factor_2_reason": "high impervious building indices", "explanation_text": "This zone is estimated as low heat risk because it combines high built-up density limits cooling and high impervious building indices. This is a satellite-based decision-support estimate, not an official public-health heat warning.", "honesty_note": "This is a satellite-derived urban heat estimate, not an official public-health warning." }, "geometry": { "type": "Polygon", "coordinates": [ [ [ 31.349205511364779, 30.021625550947174 ], [ 31.349205511364779, 30.02551444604104 ], [ 31.353697087785381, 30.02551444604104 ], [ 31.353697087785381, 30.021625550947174 ], [ 31.349205511364779, 30.021625550947174 ] ] ] } },
{ "type": "Feature", "properties": { "zone_code": "NSR-GRID-322", "predicted_heat_anomaly_c": 1.7886089084700514, "predicted_heat_risk_score": 0.33430371591725516, "predicted_heat_risk_class": "low", "observed_lst_c": 38.135428078608136, "date": "2025-10-23", "top_factor_1": "Built Environment Density", "top_factor_1_reason": "high built-up density limits cooling", "top_factor_2": "Impervious Surfaces", "top_factor_2_reason": "high impervious building indices", "explanation_text": "This zone is estimated as low heat risk because it combines high built-up density limits cooling and high impervious building indices. This is a satellite-based decision-support estimate, not an official public-health heat warning.", "honesty_note": "This is a satellite-derived urban heat estimate, not an official public-health warning." }, "geometry": { "type": "Polygon", "coordinates": [ [ [ 31.353697087785381, 30.021625550947174 ], [ 31.353697087785381, 30.02551444604104 ], [ 31.358188664205979, 30.02551444604104 ], [ 31.358188664205979, 30.021625550947174 ], [ 31.353697087785381, 30.021625550947174 ] ] ] } },
{ "type": "Feature", "properties": { "zone_code": "NSR-GRID-323", "predicted_heat_anomaly_c": 2.4323441011217239, "predicted_heat_risk_score": 0.32155508885769807, "predicted_heat_risk_class": "low", "observed_lst_c": 38.974077794004671, "date": "2025-10-23", "top_factor_1": "Built Environment Density", "top_factor_1_reason": "high built-up density limits cooling", "top_factor_2": "Impervious Surfaces", "top_factor_2_reason": "high impervious building indices", "explanation_text": "This zone is estimated as low heat risk because it combines high built-up density limits cooling and high impervious building indices. This is a satellite-based decision-support estimate, not an official public-health heat warning.", "honesty_note": "This is a satellite-derived urban heat estimate, not an official public-health warning." }, "geometry": { "type": "Polygon", "coordinates": [ [ [ 31.358188664205979, 30.021625550947174 ], [ 31.358188664205979, 30.02551444604104 ], [ 31.362680240626577, 30.02551444604104 ], [ 31.362680240626577, 30.021625550947174 ], [ 31.358188664205979, 30.021625550947174 ] ] ] } },
{ "type": "Feature", "properties": { "zone_code": "NSR-GRID-324", "predicted_heat_anomaly_c": 1.7236352694109687, "predicted_heat_risk_score": 0.30424911476668642, "predicted_heat_risk_class": "low", "observed_lst_c": 38.099595944519187, "date": "2025-10-23", "top_factor_1": "Built Environment Density", "top_factor_1_reason": "high built-up density limits cooling", "top_factor_2": "Vegetation Shielding", "top_factor_2_reason": "extremely low vegetation canopy", "explanation_text": "This zone is estimated as low heat risk because it combines high built-up density limits cooling and extremely low vegetation canopy. This is a satellite-based decision-support estimate, not an official public-health heat warning.", "honesty_note": "This is a satellite-derived urban heat estimate, not an official public-health warning." }, "geometry": { "type": "Polygon", "coordinates": [ [ [ 31.362680240626577, 30.021625550947174 ], [ 31.362680240626577, 30.02551444604104 ], [ 31.367171817047169, 30.02551444604104 ], [ 31.367171817047169, 30.021625550947174 ], [ 31.362680240626577, 30.021625550947174 ] ] ] } },
{ "type": "Feature", "properties": { "zone_code": "NSR-GRID-325", "predicted_heat_anomaly_c": 2.3969214768477625, "predicted_heat_risk_score": 0.32620773381762941, "predicted_heat_risk_class": "low", "observed_lst_c": 38.645974359677126, "date": "2025-10-23", "top_factor_1": "Built Environment Density", "top_factor_1_reason": "high built-up density limits cooling", "top_factor_2": "Impervious Surfaces", "top_factor_2_reason": "high impervious building indices", "explanation_text": "This zone is estimated as low heat risk because it combines high built-up density limits cooling and high impervious building indices. This is a satellite-based decision-support estimate, not an official public-health heat warning.", "honesty_note": "This is a satellite-derived urban heat estimate, not an official public-health warning." }, "geometry": { "type": "Polygon", "coordinates": [ [ [ 31.367171817047169, 30.021625550947174 ], [ 31.367171817047169, 30.02551444604104 ], [ 31.371663393467767, 30.02551444604104 ], [ 31.371663393467767, 30.021625550947174 ], [ 31.367171817047169, 30.021625550947174 ] ] ] } },
{ "type": "Feature", "properties": { "zone_code": "NSR-GRID-326", "predicted_heat_anomaly_c": 3.045074268078245, "predicted_heat_risk_score": 0.28804748375960509, "predicted_heat_risk_class": "low", "observed_lst_c": 39.420248200855468, "date": "2025-10-23", "top_factor_1": "Built Environment Density", "top_factor_1_reason": "high built-up density limits cooling", "top_factor_2": "Impervious Surfaces", "top_factor_2_reason": "high impervious building indices", "explanation_text": "This zone is estimated as low heat risk because it combines high built-up density limits cooling and high impervious building indices. This is a satellite-based decision-support estimate, not an official public-health heat warning.", "honesty_note": "This is a satellite-derived urban heat estimate, not an official public-health warning." }, "geometry": { "type": "Polygon", "coordinates": [ [ [ 31.371663393467767, 30.021625550947174 ], [ 31.371663393467767, 30.02551444604104 ], [ 31.376154969888365, 30.02551444604104 ], [ 31.376154969888365, 30.021625550947174 ], [ 31.371663393467767, 30.021625550947174 ] ] ] } },
{ "type": "Feature", "properties": { "zone_code": "NSR-GRID-327", "predicted_heat_anomaly_c": 2.7400113708085083, "predicted_heat_risk_score": 0.28409820592980423, "predicted_heat_risk_class": "low", "observed_lst_c": 38.887002957167091, "date": "2025-10-23", "top_factor_1": "Built Environment Density", "top_factor_1_reason": "high built-up density limits cooling", "top_factor_2": "Impervious Surfaces", "top_factor_2_reason": "high impervious building indices", "explanation_text": "This zone is estimated as low heat risk because it combines high built-up density limits cooling and high impervious building indices. This is a satellite-based decision-support estimate, not an official public-health heat warning.", "honesty_note": "This is a satellite-derived urban heat estimate, not an official public-health warning." }, "geometry": { "type": "Polygon", "coordinates": [ [ [ 31.376154969888365, 30.021625550947174 ], [ 31.376154969888365, 30.02551444604104 ], [ 31.380646546308967, 30.02551444604104 ], [ 31.380646546308967, 30.021625550947174 ], [ 31.376154969888365, 30.021625550947174 ] ] ] } },
{ "type": "Feature", "properties": { "zone_code": "NSR-GRID-328", "predicted_heat_anomaly_c": 2.082965517856425, "predicted_heat_risk_score": 0.26818525169381202, "predicted_heat_risk_class": "low", "observed_lst_c": 37.903234563523242, "date": "2025-10-23", "top_factor_1": "Built Environment Density", "top_factor_1_reason": "high built-up density limits cooling", "top_factor_2": "Impervious Surfaces", "top_factor_2_reason": "high impervious building indices", "explanation_text": "This zone is estimated as low heat risk because it combines high built-up density limits cooling and high impervious building indices. This is a satellite-based decision-support estimate, not an official public-health heat warning.", "honesty_note": "This is a satellite-derived urban heat estimate, not an official public-health warning." }, "geometry": { "type": "Polygon", "coordinates": [ [ [ 31.380646546308967, 30.021625550947174 ], [ 31.380646546308967, 30.02551444604104 ], [ 31.385138122729565, 30.02551444604104 ], [ 31.385138122729565, 30.021625550947174 ], [ 31.380646546308967, 30.021625550947174 ] ] ] } },
{ "type": "Feature", "properties": { "zone_code": "NSR-GRID-329", "predicted_heat_anomaly_c": 2.128360958771506, "predicted_heat_risk_score": 0.24529017740722861, "predicted_heat_risk_class": "low", "observed_lst_c": 38.253676433191202, "date": "2025-10-23", "top_factor_1": "Impervious Surfaces", "top_factor_1_reason": "high impervious building indices", "top_factor_2": "Vegetation Shielding", "top_factor_2_reason": "extremely low vegetation canopy", "explanation_text": "This zone is estimated as low heat risk because it combines high impervious building indices and extremely low vegetation canopy. This is a satellite-based decision-support estimate, not an official public-health heat warning.", "honesty_note": "This is a satellite-derived urban heat estimate, not an official public-health warning." }, "geometry": { "type": "Polygon", "coordinates": [ [ [ 31.385138122729565, 30.021625550947174 ], [ 31.385138122729565, 30.02551444604104 ], [ 31.389629699150163, 30.02551444604104 ], [ 31.389629699150163, 30.021625550947174 ], [ 31.385138122729565, 30.021625550947174 ] ] ] } },
{ "type": "Feature", "properties": { "zone_code": "NSR-GRID-330", "predicted_heat_anomaly_c": 1.7607486867215834, "predicted_heat_risk_score": 0.2434207221137305, "predicted_heat_risk_class": "low", "observed_lst_c": 38.199288734467402, "date": "2025-10-23", "top_factor_1": "Impervious Surfaces", "top_factor_1_reason": "high impervious building indices", "top_factor_2": "Vegetation Shielding", "top_factor_2_reason": "extremely low vegetation canopy", "explanation_text": "This zone is estimated as low heat risk because it combines high impervious building indices and extremely low vegetation canopy. This is a satellite-based decision-support estimate, not an official public-health heat warning.", "honesty_note": "This is a satellite-derived urban heat estimate, not an official public-health warning." }, "geometry": { "type": "Polygon", "coordinates": [ [ [ 31.389629699150163, 30.021625550947174 ], [ 31.389629699150163, 30.02551444604104 ], [ 31.394121275570754, 30.02551444604104 ], [ 31.394121275570754, 30.021625550947174 ], [ 31.389629699150163, 30.021625550947174 ] ] ] } },
{ "type": "Feature", "properties": { "zone_code": "NSR-GRID-331", "predicted_heat_anomaly_c": 1.3895011615430404, "predicted_heat_risk_score": 0.22295691669356862, "predicted_heat_risk_class": "low", "observed_lst_c": 38.027393400346376, "date": "2025-10-23", "top_factor_1": "Impervious Surfaces", "top_factor_1_reason": "high impervious building indices", "top_factor_2": "Vegetation Shielding", "top_factor_2_reason": "extremely low vegetation canopy", "explanation_text": "This zone is estimated as low heat risk because it combines high impervious building indices and extremely low vegetation canopy. This is a satellite-based decision-support estimate, not an official public-health heat warning.", "honesty_note": "This is a satellite-derived urban heat estimate, not an official public-health warning." }, "geometry": { "type": "Polygon", "coordinates": [ [ [ 31.394121275570754, 30.021625550947174 ], [ 31.394121275570754, 30.02551444604104 ], [ 31.398612851991352, 30.02551444604104 ], [ 31.398612851991352, 30.021625550947174 ], [ 31.394121275570754, 30.021625550947174 ] ] ] } },
{ "type": "Feature", "properties": { "zone_code": "NSR-GRID-332", "predicted_heat_anomaly_c": 2.1523374332194303, "predicted_heat_risk_score": 0.3101372996612114, "predicted_heat_risk_class": "low", "observed_lst_c": 38.524980174182879, "date": "2025-10-23", "top_factor_1": "Built Environment Density", "top_factor_1_reason": "high built-up density limits cooling", "top_factor_2": "Impervious Surfaces", "top_factor_2_reason": "high impervious building indices", "explanation_text": "This zone is estimated as low heat risk because it combines high built-up density limits cooling and high impervious building indices. This is a satellite-based decision-support estimate, not an official public-health heat warning.", "honesty_note": "This is a satellite-derived urban heat estimate, not an official public-health warning." }, "geometry": { "type": "Polygon", "coordinates": [ [ [ 31.340222358523583, 30.021625550947174 ], [ 31.340222358523583, 30.017736503319995 ], [ 31.339082370479577, 30.017736503319995 ], [ 31.338069, 30.0200832 ], [ 31.337649283017399, 30.021625550947174 ], [ 31.340222358523583, 30.021625550947174 ] ] ] } },
{ "type": "Feature", "properties": { "zone_code": "NSR-GRID-333", "predicted_heat_anomaly_c": 1.6258533904482768, "predicted_heat_risk_score": 0.23235864322920499, "predicted_heat_risk_class": "low", "observed_lst_c": 38.032757992139402, "date": "2025-10-23", "top_factor_1": "Built Environment Density", "top_factor_1_reason": "high built-up density limits cooling", "top_factor_2": "Impervious Surfaces", "top_factor_2_reason": "high impervious building indices", "explanation_text": "This zone is estimated as low heat risk because it combines high built-up density limits cooling and high impervious building indices. This is a satellite-based decision-support estimate, not an official public-health heat warning.", "honesty_note": "This is a satellite-derived urban heat estimate, not an official public-health warning." }, "geometry": { "type": "Polygon", "coordinates": [ [ [ 31.398612851991352, 30.017736503319995 ], [ 31.398612851991352, 30.021625550947174 ], [ 31.401170032069629, 30.021625550947174 ], [ 31.4005473, 30.0182292 ], [ 31.40048402247028, 30.017736503319995 ], [ 31.398612851991352, 30.017736503319995 ] ] ] } },
{ "type": "Feature", "properties": { "zone_code": "NSR-GRID-334", "predicted_heat_anomaly_c": 2.0252278439874125, "predicted_heat_risk_score": 0.34917272722612386, "predicted_heat_risk_class": "low", "observed_lst_c": 38.564519330788187, "date": "2025-10-23", "top_factor_1": "Built Environment Density", "top_factor_1_reason": "high built-up density limits cooling", "top_factor_2": "Impervious Surfaces", "top_factor_2_reason": "high impervious building indices", "explanation_text": "This zone is estimated as low heat risk because it combines high built-up density limits cooling and high impervious building indices. This is a satellite-based decision-support estimate, not an official public-health heat warning.", "honesty_note": "This is a satellite-derived urban heat estimate, not an official public-health warning." }, "geometry": { "type": "Polygon", "coordinates": [ [ [ 31.340222358523583, 30.017736503319995 ], [ 31.340222358523583, 30.021625550947174 ], [ 31.344713934944181, 30.021625550947174 ], [ 31.344713934944181, 30.017736503319995 ], [ 31.340222358523583, 30.017736503319995 ] ] ] } },
{ "type": "Feature", "properties": { "zone_code": "NSR-GRID-335", "predicted_heat_anomaly_c": 1.8183106055734608, "predicted_heat_risk_score": 0.31876278002348479, "predicted_heat_risk_class": "low", "observed_lst_c": 38.666597325527015, "date": "2025-10-23", "top_factor_1": "Built Environment Density", "top_factor_1_reason": "high built-up density limits cooling", "top_factor_2": "Impervious Surfaces", "top_factor_2_reason": "high impervious building indices", "explanation_text": "This zone is estimated as low heat risk because it combines high built-up density limits cooling and high impervious building indices. This is a satellite-based decision-support estimate, not an official public-health heat warning.", "honesty_note": "This is a satellite-derived urban heat estimate, not an official public-health warning." }, "geometry": { "type": "Polygon", "coordinates": [ [ [ 31.344713934944181, 30.017736503319995 ], [ 31.344713934944181, 30.021625550947174 ], [ 31.349205511364779, 30.021625550947174 ], [ 31.349205511364779, 30.017736503319995 ], [ 31.344713934944181, 30.017736503319995 ] ] ] } },
{ "type": "Feature", "properties": { "zone_code": "NSR-GRID-336", "predicted_heat_anomaly_c": -0.80549499203724728, "predicted_heat_risk_score": 0.31392610185441427, "predicted_heat_risk_class": "low", "observed_lst_c": 35.839658488199483, "date": "2025-10-23", "top_factor_1": "Built Environment Density", "top_factor_1_reason": "high built-up density limits cooling", "top_factor_2": "Impervious Surfaces", "top_factor_2_reason": "high impervious building indices", "explanation_text": "This zone is estimated as low heat risk because it combines high built-up density limits cooling and high impervious building indices. This is a satellite-based decision-support estimate, not an official public-health heat warning.", "honesty_note": "This is a satellite-derived urban heat estimate, not an official public-health warning." }, "geometry": { "type": "Polygon", "coordinates": [ [ [ 31.349205511364779, 30.017736503319995 ], [ 31.349205511364779, 30.021625550947174 ], [ 31.353697087785381, 30.021625550947174 ], [ 31.353697087785381, 30.017736503319995 ], [ 31.349205511364779, 30.017736503319995 ] ] ] } },
{ "type": "Feature", "properties": { "zone_code": "NSR-GRID-337", "predicted_heat_anomaly_c": 1.3581835003793519, "predicted_heat_risk_score": 0.28180616692856519, "predicted_heat_risk_class": "low", "observed_lst_c": 37.717551218399535, "date": "2025-10-23", "top_factor_1": "Built Environment Density", "top_factor_1_reason": "high built-up density limits cooling", "top_factor_2": "Impervious Surfaces", "top_factor_2_reason": "high impervious building indices", "explanation_text": "This zone is estimated as low heat risk because it combines high built-up density limits cooling and high impervious building indices. This is a satellite-based decision-support estimate, not an official public-health heat warning.", "honesty_note": "This is a satellite-derived urban heat estimate, not an official public-health warning." }, "geometry": { "type": "Polygon", "coordinates": [ [ [ 31.353697087785381, 30.017736503319995 ], [ 31.353697087785381, 30.021625550947174 ], [ 31.358188664205979, 30.021625550947174 ], [ 31.358188664205979, 30.017736503319995 ], [ 31.353697087785381, 30.017736503319995 ] ] ] } },
{ "type": "Feature", "properties": { "zone_code": "NSR-GRID-338", "predicted_heat_anomaly_c": 2.2578224427090174, "predicted_heat_risk_score": 0.27775970667903344, "predicted_heat_risk_class": "low", "observed_lst_c": 38.466311528944523, "date": "2025-10-23", "top_factor_1": "Built Environment Density", "top_factor_1_reason": "high built-up density limits cooling", "top_factor_2": "Impervious Surfaces", "top_factor_2_reason": "high impervious building indices", "explanation_text": "This zone is estimated as low heat risk because it combines high built-up density limits cooling and high impervious building indices. This is a satellite-based decision-support estimate, not an official public-health heat warning.", "honesty_note": "This is a satellite-derived urban heat estimate, not an official public-health warning." }, "geometry": { "type": "Polygon", "coordinates": [ [ [ 31.358188664205979, 30.017736503319995 ], [ 31.358188664205979, 30.021625550947174 ], [ 31.362680240626577, 30.021625550947174 ], [ 31.362680240626577, 30.017736503319995 ], [ 31.358188664205979, 30.017736503319995 ] ] ] } },
{ "type": "Feature", "properties": { "zone_code": "NSR-GRID-339", "predicted_heat_anomaly_c": 1.8518199994314644, "predicted_heat_risk_score": 0.28174669081088705, "predicted_heat_risk_class": "low", "observed_lst_c": 37.854864933168393, "date": "2025-10-23", "top_factor_1": "Built Environment Density", "top_factor_1_reason": "high built-up density limits cooling", "top_factor_2": "Impervious Surfaces", "top_factor_2_reason": "high impervious building indices", "explanation_text": "This zone is estimated as low heat risk because it combines high built-up density limits cooling and high impervious building indices. This is a satellite-based decision-support estimate, not an official public-health heat warning.", "honesty_note": "This is a satellite-derived urban heat estimate, not an official public-health warning." }, "geometry": { "type": "Polygon", "coordinates": [ [ [ 31.362680240626577, 30.017736503319995 ], [ 31.362680240626577, 30.021625550947174 ], [ 31.367171817047169, 30.021625550947174 ], [ 31.367171817047169, 30.017736503319995 ], [ 31.362680240626577, 30.017736503319995 ] ] ] } },
{ "type": "Feature", "properties": { "zone_code": "NSR-GRID-340", "predicted_heat_anomaly_c": 1.4149959341659077, "predicted_heat_risk_score": 0.28749358595185148, "predicted_heat_risk_class": "low", "observed_lst_c": 37.893638414207032, "date": "2025-10-23", "top_factor_1": "Built Environment Density", "top_factor_1_reason": "high built-up density limits cooling", "top_factor_2": "Vegetation Shielding", "top_factor_2_reason": "extremely low vegetation canopy", "explanation_text": "This zone is estimated as low heat risk because it combines high built-up density limits cooling and extremely low vegetation canopy. This is a satellite-based decision-support estimate, not an official public-health heat warning.", "honesty_note": "This is a satellite-derived urban heat estimate, not an official public-health warning." }, "geometry": { "type": "Polygon", "coordinates": [ [ [ 31.367171817047169, 30.017736503319995 ], [ 31.367171817047169, 30.021625550947174 ], [ 31.371663393467767, 30.021625550947174 ], [ 31.371663393467767, 30.017736503319995 ], [ 31.367171817047169, 30.017736503319995 ] ] ] } },
{ "type": "Feature", "properties": { "zone_code": "NSR-GRID-341", "predicted_heat_anomaly_c": 0.34722348873008563, "predicted_heat_risk_score": 0.30334445777467867, "predicted_heat_risk_class": "low", "observed_lst_c": 37.057104883559759, "date": "2025-10-23", "top_factor_1": "Built Environment Density", "top_factor_1_reason": "high built-up density limits cooling", "top_factor_2": "Vegetation Shielding", "top_factor_2_reason": "extremely low vegetation canopy", "explanation_text": "This zone is estimated as low heat risk because it combines high built-up density limits cooling and extremely low vegetation canopy. This is a satellite-based decision-support estimate, not an official public-health heat warning.", "honesty_note": "This is a satellite-derived urban heat estimate, not an official public-health warning." }, "geometry": { "type": "Polygon", "coordinates": [ [ [ 31.371663393467767, 30.017736503319995 ], [ 31.371663393467767, 30.021625550947174 ], [ 31.376154969888365, 30.021625550947174 ], [ 31.376154969888365, 30.017736503319995 ], [ 31.371663393467767, 30.017736503319995 ] ] ] } },
{ "type": "Feature", "properties": { "zone_code": "NSR-GRID-342", "predicted_heat_anomaly_c": 1.3944098803505292, "predicted_heat_risk_score": 0.30220226885858342, "predicted_heat_risk_class": "low", "observed_lst_c": 37.678546056885558, "date": "2025-10-23", "top_factor_1": "Built Environment Density", "top_factor_1_reason": "high built-up density limits cooling", "top_factor_2": "Vegetation Shielding", "top_factor_2_reason": "extremely low vegetation canopy", "explanation_text": "This zone is estimated as low heat risk because it combines high built-up density limits cooling and extremely low vegetation canopy. This is a satellite-based decision-support estimate, not an official public-health heat warning.", "honesty_note": "This is a satellite-derived urban heat estimate, not an official public-health warning." }, "geometry": { "type": "Polygon", "coordinates": [ [ [ 31.376154969888365, 30.017736503319995 ], [ 31.376154969888365, 30.021625550947174 ], [ 31.380646546308967, 30.021625550947174 ], [ 31.380646546308967, 30.017736503319995 ], [ 31.376154969888365, 30.017736503319995 ] ] ] } },
{ "type": "Feature", "properties": { "zone_code": "NSR-GRID-343", "predicted_heat_anomaly_c": 0.95593905770994558, "predicted_heat_risk_score": 0.24070389716584095, "predicted_heat_risk_class": "low", "observed_lst_c": 36.934239677461733, "date": "2025-10-23", "top_factor_1": "Built Environment Density", "top_factor_1_reason": "high built-up density limits cooling", "top_factor_2": "Vegetation Shielding", "top_factor_2_reason": "extremely low vegetation canopy", "explanation_text": "This zone is estimated as low heat risk because it combines high built-up density limits cooling and extremely low vegetation canopy. This is a satellite-based decision-support estimate, not an official public-health heat warning.", "honesty_note": "This is a satellite-derived urban heat estimate, not an official public-health warning." }, "geometry": { "type": "Polygon", "coordinates": [ [ [ 31.380646546308967, 30.017736503319995 ], [ 31.380646546308967, 30.021625550947174 ], [ 31.385138122729565, 30.021625550947174 ], [ 31.385138122729565, 30.017736503319995 ], [ 31.380646546308967, 30.017736503319995 ] ] ] } },
{ "type": "Feature", "properties": { "zone_code": "NSR-GRID-344", "predicted_heat_anomaly_c": 1.0719310541793554, "predicted_heat_risk_score": 0.25352195425522939, "predicted_heat_risk_class": "low", "observed_lst_c": 37.017499013804674, "date": "2025-10-23", "top_factor_1": "Built Environment Density", "top_factor_1_reason": "high built-up density limits cooling", "top_factor_2": "Impervious Surfaces", "top_factor_2_reason": "high impervious building indices", "explanation_text": "This zone is estimated as low heat risk because it combines high built-up density limits cooling and high impervious building indices. This is a satellite-based decision-support estimate, not an official public-health heat warning.", "honesty_note": "This is a satellite-derived urban heat estimate, not an official public-health warning." }, "geometry": { "type": "Polygon", "coordinates": [ [ [ 31.385138122729565, 30.017736503319995 ], [ 31.385138122729565, 30.021625550947174 ], [ 31.389629699150163, 30.021625550947174 ], [ 31.389629699150163, 30.017736503319995 ], [ 31.385138122729565, 30.017736503319995 ] ] ] } },
{ "type": "Feature", "properties": { "zone_code": "NSR-GRID-345", "predicted_heat_anomaly_c": 0.55552176629593608, "predicted_heat_risk_score": 0.21414646082808292, "predicted_heat_risk_class": "low", "observed_lst_c": 37.117312827086288, "date": "2025-10-23", "top_factor_1": "Built Environment Density", "top_factor_1_reason": "high built-up density limits cooling", "top_factor_2": "Impervious Surfaces", "top_factor_2_reason": "high impervious building indices", "explanation_text": "This zone is estimated as low heat risk because it combines high built-up density limits cooling and high impervious building indices. This is a satellite-based decision-support estimate, not an official public-health heat warning.", "honesty_note": "This is a satellite-derived urban heat estimate, not an official public-health warning." }, "geometry": { "type": "Polygon", "coordinates": [ [ [ 31.389629699150163, 30.017736503319995 ], [ 31.389629699150163, 30.021625550947174 ], [ 31.394121275570754, 30.021625550947174 ], [ 31.394121275570754, 30.017736503319995 ], [ 31.389629699150163, 30.017736503319995 ] ] ] } },
{ "type": "Feature", "properties": { "zone_code": "NSR-GRID-346", "predicted_heat_anomaly_c": 1.0877226247770824, "predicted_heat_risk_score": 0.21390544561370256, "predicted_heat_risk_class": "low", "observed_lst_c": 37.803464267028417, "date": "2025-10-23", "top_factor_1": "Built Environment Density", "top_factor_1_reason": "high built-up density limits cooling", "top_factor_2": "Impervious Surfaces", "top_factor_2_reason": "high impervious building indices", "explanation_text": "This zone is estimated as low heat risk because it combines high built-up density limits cooling and high impervious building indices. This is a satellite-based decision-support estimate, not an official public-health heat warning.", "honesty_note": "This is a satellite-derived urban heat estimate, not an official public-health warning." }, "geometry": { "type": "Polygon", "coordinates": [ [ [ 31.394121275570754, 30.017736503319995 ], [ 31.394121275570754, 30.021625550947174 ], [ 31.398612851991352, 30.021625550947174 ], [ 31.398612851991352, 30.017736503319995 ], [ 31.394121275570754, 30.017736503319995 ] ] ] } },
{ "type": "Feature", "properties": { "zone_code": "NSR-GRID-347", "predicted_heat_anomaly_c": -0.44570904122459842, "predicted_heat_risk_score": 0.19032794200245157, "predicted_heat_risk_class": "low", "observed_lst_c": 36.28776345479681, "date": "2025-10-23", "top_factor_1": "Built Environment Density", "top_factor_1_reason": "high built-up density limits cooling", "top_factor_2": "Impervious Surfaces", "top_factor_2_reason": "high impervious building indices", "explanation_text": "This zone is estimated as low heat risk because it combines high built-up density limits cooling and high impervious building indices. This is a satellite-based decision-support estimate, not an official public-health heat warning.", "honesty_note": "This is a satellite-derived urban heat estimate, not an official public-health warning." }, "geometry": { "type": "Polygon", "coordinates": [ [ [ 31.340222358523583, 30.017736503319995 ], [ 31.340222358523583, 30.015287317332451 ], [ 31.3395626, 30.0166244 ], [ 31.339082370479577, 30.017736503319995 ], [ 31.340222358523583, 30.017736503319995 ] ] ] } },
{ "type": "Feature", "properties": { "zone_code": "NSR-GRID-348", "predicted_heat_anomaly_c": 1.3332146986763671, "predicted_heat_risk_score": 0.26017815573102704, "predicted_heat_risk_class": "low", "observed_lst_c": 37.638715776872772, "date": "2025-10-23", "top_factor_1": "Built Environment Density", "top_factor_1_reason": "high built-up density limits cooling", "top_factor_2": "Impervious Surfaces", "top_factor_2_reason": "high impervious building indices", "explanation_text": "This zone is estimated as low heat risk because it combines high built-up density limits cooling and high impervious building indices. This is a satellite-based decision-support estimate, not an official public-health heat warning.", "honesty_note": "This is a satellite-derived urban heat estimate, not an official public-health warning." }, "geometry": { "type": "Polygon", "coordinates": [ [ [ 31.398612851991352, 30.013847303171438 ], [ 31.398612851991352, 30.017736503319995 ], [ 31.40048402247028, 30.017736503319995 ], [ 31.399984539621762, 30.013847303171438 ], [ 31.398612851991352, 30.013847303171438 ] ] ] } },
{ "type": "Feature", "properties": { "zone_code": "NSR-GRID-349", "predicted_heat_anomaly_c": 0.056113922936120129, "predicted_heat_risk_score": 0.27771558626124687, "predicted_heat_risk_class": "low", "observed_lst_c": 36.475880930615979, "date": "2025-10-23", "top_factor_1": "Built Environment Density", "top_factor_1_reason": "high built-up density limits cooling", "top_factor_2": "Impervious Surfaces", "top_factor_2_reason": "high impervious building indices", "explanation_text": "This zone is estimated as low heat risk because it combines high built-up density limits cooling and high impervious building indices. This is a satellite-based decision-support estimate, not an official public-health heat warning.", "honesty_note": "This is a satellite-derived urban heat estimate, not an official public-health warning." }, "geometry": { "type": "Polygon", "coordinates": [ [ [ 31.340222358523583, 30.017736503319995 ], [ 31.344713934944181, 30.017736503319995 ], [ 31.344713934944181, 30.013847303171438 ], [ 31.340817047780146, 30.013847303171438 ], [ 31.340325, 30.015079299999989 ], [ 31.340222358523583, 30.015287317332451 ], [ 31.340222358523583, 30.017736503319995 ] ] ] } },
{ "type": "Feature", "properties": { "zone_code": "NSR-GRID-350", "predicted_heat_anomaly_c": 1.5631892320645036, "predicted_heat_risk_score": 0.33667227601891991, "predicted_heat_risk_class": "low", "observed_lst_c": 38.259428141322921, "date": "2025-10-23", "top_factor_1": "Built Environment Density", "top_factor_1_reason": "high built-up density limits cooling", "top_factor_2": "Impervious Surfaces", "top_factor_2_reason": "high impervious building indices", "explanation_text": "This zone is estimated as low heat risk because it combines high built-up density limits cooling and high impervious building indices. This is a satellite-based decision-support estimate, not an official public-health heat warning.", "honesty_note": "This is a satellite-derived urban heat estimate, not an official public-health warning." }, "geometry": { "type": "Polygon", "coordinates": [ [ [ 31.344713934944181, 30.013847303171438 ], [ 31.344713934944181, 30.017736503319995 ], [ 31.349205511364779, 30.017736503319995 ], [ 31.349205511364779, 30.013847303171438 ], [ 31.344713934944181, 30.013847303171438 ] ] ] } },
{ "type": "Feature", "properties": { "zone_code": "NSR-GRID-351", "predicted_heat_anomaly_c": 1.6522092512992295, "predicted_heat_risk_score": 0.26860597127247449, "predicted_heat_risk_class": "low", "observed_lst_c": 38.228727948875552, "date": "2025-10-23", "top_factor_1": "Built Environment Density", "top_factor_1_reason": "high built-up density limits cooling", "top_factor_2": "Impervious Surfaces", "top_factor_2_reason": "high impervious building indices", "explanation_text": "This zone is estimated as low heat risk because it combines high built-up density limits cooling and high impervious building indices. This is a satellite-based decision-support estimate, not an official public-health heat warning.", "honesty_note": "This is a satellite-derived urban heat estimate, not an official public-health warning." }, "geometry": { "type": "Polygon", "coordinates": [ [ [ 31.349205511364779, 30.013847303171438 ], [ 31.349205511364779, 30.017736503319995 ], [ 31.353697087785381, 30.017736503319995 ], [ 31.353697087785381, 30.013847303171438 ], [ 31.349205511364779, 30.013847303171438 ] ] ] } },
{ "type": "Feature", "properties": { "zone_code": "NSR-GRID-352", "predicted_heat_anomaly_c": 0.0044177620803951398, "predicted_heat_risk_score": 0.25279752526045579, "predicted_heat_risk_class": "low", "observed_lst_c": 36.303941480350453, "date": "2025-10-23", "top_factor_1": "Built Environment Density", "top_factor_1_reason": "high built-up density limits cooling", "top_factor_2": "Impervious Surfaces", "top_factor_2_reason": "high impervious building indices", "explanation_text": "This zone is estimated as low heat risk because it combines high built-up density limits cooling and high impervious building indices. This is a satellite-based decision-support estimate, not an official public-health heat warning.", "honesty_note": "This is a satellite-derived urban heat estimate, not an official public-health warning." }, "geometry": { "type": "Polygon", "coordinates": [ [ [ 31.353697087785381, 30.013847303171438 ], [ 31.353697087785381, 30.017736503319995 ], [ 31.358188664205979, 30.017736503319995 ], [ 31.358188664205979, 30.013847303171438 ], [ 31.353697087785381, 30.013847303171438 ] ] ] } },
{ "type": "Feature", "properties": { "zone_code": "NSR-GRID-353", "predicted_heat_anomaly_c": 1.0693503030885576, "predicted_heat_risk_score": 0.31943804169562129, "predicted_heat_risk_class": "low", "observed_lst_c": 37.421944851975901, "date": "2025-10-23", "top_factor_1": "Built Environment Density", "top_factor_1_reason": "high built-up density limits cooling", "top_factor_2": "Impervious Surfaces", "top_factor_2_reason": "high impervious building indices", "explanation_text": "This zone is estimated as low heat risk because it combines high built-up density limits cooling and high impervious building indices. This is a satellite-based decision-support estimate, not an official public-health heat warning.", "honesty_note": "This is a satellite-derived urban heat estimate, not an official public-health warning." }, "geometry": { "type": "Polygon", "coordinates": [ [ [ 31.358188664205979, 30.013847303171438 ], [ 31.358188664205979, 30.017736503319995 ], [ 31.362680240626577, 30.017736503319995 ], [ 31.362680240626577, 30.013847303171438 ], [ 31.358188664205979, 30.013847303171438 ] ] ] } },
{ "type": "Feature", "properties": { "zone_code": "NSR-GRID-354", "predicted_heat_anomaly_c": 2.4132783956647716, "predicted_heat_risk_score": 0.32434487486204133, "predicted_heat_risk_class": "low", "observed_lst_c": 38.669844320528568, "date": "2025-10-23", "top_factor_1": "Built Environment Density", "top_factor_1_reason": "high built-up density limits cooling", "top_factor_2": "Impervious Surfaces", "top_factor_2_reason": "high impervious building indices", "explanation_text": "This zone is estimated as low heat risk because it combines high built-up density limits cooling and high impervious building indices. This is a satellite-based decision-support estimate, not an official public-health heat warning.", "honesty_note": "This is a satellite-derived urban heat estimate, not an official public-health warning." }, "geometry": { "type": "Polygon", "coordinates": [ [ [ 31.362680240626577, 30.013847303171438 ], [ 31.362680240626577, 30.017736503319995 ], [ 31.367171817047169, 30.017736503319995 ], [ 31.367171817047169, 30.013847303171438 ], [ 31.362680240626577, 30.013847303171438 ] ] ] } },
{ "type": "Feature", "properties": { "zone_code": "NSR-GRID-355", "predicted_heat_anomaly_c": 1.742267291044846, "predicted_heat_risk_score": 0.25075139730600027, "predicted_heat_risk_class": "low", "observed_lst_c": 37.941385456876439, "date": "2025-10-23", "top_factor_1": "Built Environment Density", "top_factor_1_reason": "high built-up density limits cooling", "top_factor_2": "Impervious Surfaces", "top_factor_2_reason": "high impervious building indices", "explanation_text": "This zone is estimated as low heat risk because it combines high built-up density limits cooling and high impervious building indices. This is a satellite-based decision-support estimate, not an official public-health heat warning.", "honesty_note": "This is a satellite-derived urban heat estimate, not an official public-health warning." }, "geometry": { "type": "Polygon", "coordinates": [ [ [ 31.367171817047169, 30.013847303171438 ], [ 31.367171817047169, 30.017736503319995 ], [ 31.371663393467767, 30.017736503319995 ], [ 31.371663393467767, 30.013847303171438 ], [ 31.367171817047169, 30.013847303171438 ] ] ] } },
{ "type": "Feature", "properties": { "zone_code": "NSR-GRID-356", "predicted_heat_anomaly_c": 1.8796131517493058, "predicted_heat_risk_score": 0.27285207432210162, "predicted_heat_risk_class": "low", "observed_lst_c": 38.287080890030673, "date": "2025-10-23", "top_factor_1": "Built Environment Density", "top_factor_1_reason": "high built-up density limits cooling", "top_factor_2": "Vegetation Shielding", "top_factor_2_reason": "extremely low vegetation canopy", "explanation_text": "This zone is estimated as low heat risk because it combines high built-up density limits cooling and extremely low vegetation canopy. This is a satellite-based decision-support estimate, not an official public-health heat warning.", "honesty_note": "This is a satellite-derived urban heat estimate, not an official public-health warning." }, "geometry": { "type": "Polygon", "coordinates": [ [ [ 31.371663393467767, 30.013847303171438 ], [ 31.371663393467767, 30.017736503319995 ], [ 31.376154969888365, 30.017736503319995 ], [ 31.376154969888365, 30.013847303171438 ], [ 31.371663393467767, 30.013847303171438 ] ] ] } },
{ "type": "Feature", "properties": { "zone_code": "NSR-GRID-357", "predicted_heat_anomaly_c": 2.1687898246458208, "predicted_heat_risk_score": 0.28031527299397369, "predicted_heat_risk_class": "low", "observed_lst_c": 38.213134276953774, "date": "2025-10-23", "top_factor_1": "Built Environment Density", "top_factor_1_reason": "high built-up density limits cooling", "top_factor_2": "Impervious Surfaces", "top_factor_2_reason": "high impervious building indices", "explanation_text": "This zone is estimated as low heat risk because it combines high built-up density limits cooling and high impervious building indices. This is a satellite-based decision-support estimate, not an official public-health heat warning.", "honesty_note": "This is a satellite-derived urban heat estimate, not an official public-health warning." }, "geometry": { "type": "Polygon", "coordinates": [ [ [ 31.376154969888365, 30.013847303171438 ], [ 31.376154969888365, 30.017736503319995 ], [ 31.380646546308967, 30.017736503319995 ], [ 31.380646546308967, 30.013847303171438 ], [ 31.376154969888365, 30.013847303171438 ] ] ] } },
{ "type": "Feature", "properties": { "zone_code": "NSR-GRID-358", "predicted_heat_anomaly_c": 1.2734928848444467, "predicted_heat_risk_score": 0.32697301105327464, "predicted_heat_risk_class": "low", "observed_lst_c": 38.058192166838737, "date": "2025-10-23", "top_factor_1": "Built Environment Density", "top_factor_1_reason": "high built-up density limits cooling", "top_factor_2": "Vegetation Shielding", "top_factor_2_reason": "extremely low vegetation canopy", "explanation_text": "This zone is estimated as low heat risk because it combines high built-up density limits cooling and extremely low vegetation canopy. This is a satellite-based decision-support estimate, not an official public-health heat warning.", "honesty_note": "This is a satellite-derived urban heat estimate, not an official public-health warning." }, "geometry": { "type": "Polygon", "coordinates": [ [ [ 31.380646546308967, 30.013847303171438 ], [ 31.380646546308967, 30.017736503319995 ], [ 31.385138122729565, 30.017736503319995 ], [ 31.385138122729565, 30.013847303171438 ], [ 31.380646546308967, 30.013847303171438 ] ] ] } },
{ "type": "Feature", "properties": { "zone_code": "NSR-GRID-359", "predicted_heat_anomaly_c": 1.6489526216927146, "predicted_heat_risk_score": 0.39593701406201692, "predicted_heat_risk_class": "medium", "observed_lst_c": 37.829340228479367, "date": "2025-10-23", "top_factor_1": "Built Environment Density", "top_factor_1_reason": "high built-up density limits cooling", "top_factor_2": "Vegetation Shielding", "top_factor_2_reason": "extremely low vegetation canopy", "explanation_text": "This zone is estimated as medium heat risk because it combines high built-up density limits cooling and extremely low vegetation canopy. This is a satellite-based decision-support estimate, not an official public-health heat warning.", "honesty_note": "This is a satellite-derived urban heat estimate, not an official public-health warning." }, "geometry": { "type": "Polygon", "coordinates": [ [ [ 31.385138122729565, 30.013847303171438 ], [ 31.385138122729565, 30.017736503319995 ], [ 31.389629699150163, 30.017736503319995 ], [ 31.389629699150163, 30.013847303171438 ], [ 31.385138122729565, 30.013847303171438 ] ] ] } },
{ "type": "Feature", "properties": { "zone_code": "NSR-GRID-360", "predicted_heat_anomaly_c": 1.3462260911910147, "predicted_heat_risk_score": 0.2923863697372, "predicted_heat_risk_class": "low", "observed_lst_c": 37.797570819266177, "date": "2025-10-23", "top_factor_1": "Built Environment Density", "top_factor_1_reason": "high built-up density limits cooling", "top_factor_2": "Impervious Surfaces", "top_factor_2_reason": "high impervious building indices", "explanation_text": "This zone is estimated as low heat risk because it combines high built-up density limits cooling and high impervious building indices. This is a satellite-based decision-support estimate, not an official public-health heat warning.", "honesty_note": "This is a satellite-derived urban heat estimate, not an official public-health warning." }, "geometry": { "type": "Polygon", "coordinates": [ [ [ 31.389629699150163, 30.013847303171438 ], [ 31.389629699150163, 30.017736503319995 ], [ 31.394121275570754, 30.017736503319995 ], [ 31.394121275570754, 30.013847303171438 ], [ 31.389629699150163, 30.013847303171438 ] ] ] } },
{ "type": "Feature", "properties": { "zone_code": "NSR-GRID-361", "predicted_heat_anomaly_c": 1.0870425730383348, "predicted_heat_risk_score": 0.24136125692384111, "predicted_heat_risk_class": "low", "observed_lst_c": 37.192249802803218, "date": "2025-10-23", "top_factor_1": "Built Environment Density", "top_factor_1_reason": "high built-up density limits cooling", "top_factor_2": "Impervious Surfaces", "top_factor_2_reason": "high impervious building indices", "explanation_text": "This zone is estimated as low heat risk because it combines high built-up density limits cooling and high impervious building indices. This is a satellite-based decision-support estimate, not an official public-health heat warning.", "honesty_note": "This is a satellite-derived urban heat estimate, not an official public-health warning." }, "geometry": { "type": "Polygon", "coordinates": [ [ [ 31.394121275570754, 30.013847303171438 ], [ 31.394121275570754, 30.017736503319995 ], [ 31.398612851991352, 30.017736503319995 ], [ 31.398612851991352, 30.013847303171438 ], [ 31.394121275570754, 30.013847303171438 ] ] ] } },
{ "type": "Feature", "properties": { "zone_code": "NSR-GRID-362", "predicted_heat_anomaly_c": 1.186027074103726, "predicted_heat_risk_score": 0.23864524729796943, "predicted_heat_risk_class": "low", "observed_lst_c": 37.55149708329045, "date": "2025-10-23", "top_factor_1": "Built Environment Density", "top_factor_1_reason": "high built-up density limits cooling", "top_factor_2": "Impervious Surfaces", "top_factor_2_reason": "high impervious building indices", "explanation_text": "This zone is estimated as low heat risk because it combines high built-up density limits cooling and high impervious building indices. This is a satellite-based decision-support estimate, not an official public-health heat warning.", "honesty_note": "This is a satellite-derived urban heat estimate, not an official public-health warning." }, "geometry": { "type": "Polygon", "coordinates": [ [ [ 31.398612851991352, 30.009957950513442 ], [ 31.398612851991352, 30.013847303171438 ], [ 31.399984539621762, 30.013847303171438 ], [ 31.3999587, 30.0136461 ], [ 31.399653297949932, 30.009957950513442 ], [ 31.398612851991352, 30.009957950513442 ] ] ] } },
{ "type": "Feature", "properties": { "zone_code": "NSR-GRID-363", "predicted_heat_anomaly_c": 0.93672706027223607, "predicted_heat_risk_score": 0.33186126662974375, "predicted_heat_risk_class": "low", "observed_lst_c": 36.989589567881858, "date": "2025-10-23", "top_factor_1": "Built Environment Density", "top_factor_1_reason": "high built-up density limits cooling", "top_factor_2": "Impervious Surfaces", "top_factor_2_reason": "high impervious building indices", "explanation_text": "This zone is estimated as low heat risk because it combines high built-up density limits cooling and high impervious building indices. This is a satellite-based decision-support estimate, not an official public-health heat warning.", "honesty_note": "This is a satellite-derived urban heat estimate, not an official public-health warning." }, "geometry": { "type": "Polygon", "coordinates": [ [ [ 31.344713934944181, 30.013847303171438 ], [ 31.344713934944181, 30.009957950513442 ], [ 31.341145107727137, 30.009957950513442 ], [ 31.3412967, 30.0100454 ], [ 31.3419735, 30.0109517 ], [ 31.340817047780146, 30.013847303171438 ], [ 31.344713934944181, 30.013847303171438 ] ] ] } },
{ "type": "Feature", "properties": { "zone_code": "NSR-GRID-364", "predicted_heat_anomaly_c": 0.75372120785805941, "predicted_heat_risk_score": 0.36283445744607623, "predicted_heat_risk_class": "medium", "observed_lst_c": 37.051584505743882, "date": "2025-10-23", "top_factor_1": "Built Environment Density", "top_factor_1_reason": "high built-up density limits cooling", "top_factor_2": "Impervious Surfaces", "top_factor_2_reason": "high impervious building indices", "explanation_text": "This zone is estimated as medium heat risk because it combines high built-up density limits cooling and high impervious building indices. This is a satellite-based decision-support estimate, not an official public-health heat warning.", "honesty_note": "This is a satellite-derived urban heat estimate, not an official public-health warning." }, "geometry": { "type": "Polygon", "coordinates": [ [ [ 31.344713934944181, 30.009957950513442 ], [ 31.344713934944181, 30.013847303171438 ], [ 31.349205511364779, 30.013847303171438 ], [ 31.349205511364779, 30.009957950513442 ], [ 31.344713934944181, 30.009957950513442 ] ] ] } },
{ "type": "Feature", "properties": { "zone_code": "NSR-GRID-365", "predicted_heat_anomaly_c": 1.845556233484861, "predicted_heat_risk_score": 0.30284477434400953, "predicted_heat_risk_class": "low", "observed_lst_c": 38.809729045090002, "date": "2025-10-23", "top_factor_1": "Built Environment Density", "top_factor_1_reason": "high built-up density limits cooling", "top_factor_2": "Impervious Surfaces", "top_factor_2_reason": "high impervious building indices", "explanation_text": "This zone is estimated as low heat risk because it combines high built-up density limits cooling and high impervious building indices. This is a satellite-based decision-support estimate, not an official public-health heat warning.", "honesty_note": "This is a satellite-derived urban heat estimate, not an official public-health warning." }, "geometry": { "type": "Polygon", "coordinates": [ [ [ 31.349205511364779, 30.009957950513442 ], [ 31.349205511364779, 30.013847303171438 ], [ 31.353697087785381, 30.013847303171438 ], [ 31.353697087785381, 30.009957950513442 ], [ 31.349205511364779, 30.009957950513442 ] ] ] } },
{ "type": "Feature", "properties": { "zone_code": "NSR-GRID-366", "predicted_heat_anomaly_c": 2.1792082883566306, "predicted_heat_risk_score": 0.24979329477915993, "predicted_heat_risk_class": "low", "observed_lst_c": 39.181015344068136, "date": "2025-10-23", "top_factor_1": "Built Environment Density", "top_factor_1_reason": "high built-up density limits cooling", "top_factor_2": "Impervious Surfaces", "top_factor_2_reason": "high impervious building indices", "explanation_text": "This zone is estimated as low heat risk because it combines high built-up density limits cooling and high impervious building indices. This is a satellite-based decision-support estimate, not an official public-health heat warning.", "honesty_note": "This is a satellite-derived urban heat estimate, not an official public-health warning." }, "geometry": { "type": "Polygon", "coordinates": [ [ [ 31.353697087785381, 30.009957950513442 ], [ 31.353697087785381, 30.013847303171438 ], [ 31.358188664205979, 30.013847303171438 ], [ 31.358188664205979, 30.009957950513442 ], [ 31.353697087785381, 30.009957950513442 ] ] ] } },
{ "type": "Feature", "properties": { "zone_code": "NSR-GRID-367", "predicted_heat_anomaly_c": 2.3272749334689662, "predicted_heat_risk_score": 0.29261928991111835, "predicted_heat_risk_class": "low", "observed_lst_c": 39.034631115459007, "date": "2025-10-23", "top_factor_1": "Built Environment Density", "top_factor_1_reason": "high built-up density limits cooling", "top_factor_2": "Impervious Surfaces", "top_factor_2_reason": "high impervious building indices", "explanation_text": "This zone is estimated as low heat risk because it combines high built-up density limits cooling and high impervious building indices. This is a satellite-based decision-support estimate, not an official public-health heat warning.", "honesty_note": "This is a satellite-derived urban heat estimate, not an official public-health warning." }, "geometry": { "type": "Polygon", "coordinates": [ [ [ 31.358188664205979, 30.009957950513442 ], [ 31.358188664205979, 30.013847303171438 ], [ 31.362680240626577, 30.013847303171438 ], [ 31.362680240626577, 30.009957950513442 ], [ 31.358188664205979, 30.009957950513442 ] ] ] } },
{ "type": "Feature", "properties": { "zone_code": "NSR-GRID-368", "predicted_heat_anomaly_c": 3.3197689971657538, "predicted_heat_risk_score": 0.29830890562525053, "predicted_heat_risk_class": "low", "observed_lst_c": 40.004649720850942, "date": "2025-10-23", "top_factor_1": "Built Environment Density", "top_factor_1_reason": "high built-up density limits cooling", "top_factor_2": "Impervious Surfaces", "top_factor_2_reason": "high impervious building indices", "explanation_text": "This zone is estimated as low heat risk because it combines high built-up density limits cooling and high impervious building indices. This is a satellite-based decision-support estimate, not an official public-health heat warning.", "honesty_note": "This is a satellite-derived urban heat estimate, not an official public-health warning." }, "geometry": { "type": "Polygon", "coordinates": [ [ [ 31.362680240626577, 30.009957950513442 ], [ 31.362680240626577, 30.013847303171438 ], [ 31.367171817047169, 30.013847303171438 ], [ 31.367171817047169, 30.009957950513442 ], [ 31.362680240626577, 30.009957950513442 ] ] ] } },
{ "type": "Feature", "properties": { "zone_code": "NSR-GRID-369", "predicted_heat_anomaly_c": 3.4825049210809698, "predicted_heat_risk_score": 0.29815369034905342, "predicted_heat_risk_class": "low", "observed_lst_c": 39.52154308162492, "date": "2025-10-23", "top_factor_1": "Built Environment Density", "top_factor_1_reason": "high built-up density limits cooling", "top_factor_2": "Impervious Surfaces", "top_factor_2_reason": "high impervious building indices", "explanation_text": "This zone is estimated as low heat risk because it combines high built-up density limits cooling and high impervious building indices. This is a satellite-based decision-support estimate, not an official public-health heat warning.", "honesty_note": "This is a satellite-derived urban heat estimate, not an official public-health warning." }, "geometry": { "type": "Polygon", "coordinates": [ [ [ 31.367171817047169, 30.009957950513442 ], [ 31.367171817047169, 30.013847303171438 ], [ 31.371663393467767, 30.013847303171438 ], [ 31.371663393467767, 30.009957950513442 ], [ 31.367171817047169, 30.009957950513442 ] ] ] } },
{ "type": "Feature", "properties": { "zone_code": "NSR-GRID-370", "predicted_heat_anomaly_c": 4.0023424318779028, "predicted_heat_risk_score": 0.30366686806768395, "predicted_heat_risk_class": "low", "observed_lst_c": 39.992976519657965, "date": "2025-10-23", "top_factor_1": "Built Environment Density", "top_factor_1_reason": "high built-up density limits cooling", "top_factor_2": "Impervious Surfaces", "top_factor_2_reason": "high impervious building indices", "explanation_text": "This zone is estimated as low heat risk because it combines high built-up density limits cooling and high impervious building indices. This is a satellite-based decision-support estimate, not an official public-health heat warning.", "honesty_note": "This is a satellite-derived urban heat estimate, not an official public-health warning." }, "geometry": { "type": "Polygon", "coordinates": [ [ [ 31.371663393467767, 30.009957950513442 ], [ 31.371663393467767, 30.013847303171438 ], [ 31.376154969888365, 30.013847303171438 ], [ 31.376154969888365, 30.009957950513442 ], [ 31.371663393467767, 30.009957950513442 ] ] ] } },
{ "type": "Feature", "properties": { "zone_code": "NSR-GRID-371", "predicted_heat_anomaly_c": 2.3708211258292886, "predicted_heat_risk_score": 0.25643749413863387, "predicted_heat_risk_class": "low", "observed_lst_c": 38.918945986998985, "date": "2025-10-23", "top_factor_1": "Built Environment Density", "top_factor_1_reason": "high built-up density limits cooling", "top_factor_2": "Impervious Surfaces", "top_factor_2_reason": "high impervious building indices", "explanation_text": "This zone is estimated as low heat risk because it combines high built-up density limits cooling and high impervious building indices. This is a satellite-based decision-support estimate, not an official public-health heat warning.", "honesty_note": "This is a satellite-derived urban heat estimate, not an official public-health warning." }, "geometry": { "type": "Polygon", "coordinates": [ [ [ 31.376154969888365, 30.009957950513442 ], [ 31.376154969888365, 30.013847303171438 ], [ 31.380646546308967, 30.013847303171438 ], [ 31.380646546308967, 30.009957950513442 ], [ 31.376154969888365, 30.009957950513442 ] ] ] } },
{ "type": "Feature", "properties": { "zone_code": "NSR-GRID-372", "predicted_heat_anomaly_c": 2.4752610824982582, "predicted_heat_risk_score": 0.32095038633643141, "predicted_heat_risk_class": "low", "observed_lst_c": 38.783410148952477, "date": "2025-10-23", "top_factor_1": "Built Environment Density", "top_factor_1_reason": "high built-up density limits cooling", "top_factor_2": "Impervious Surfaces", "top_factor_2_reason": "high impervious building indices", "explanation_text": "This zone is estimated as low heat risk because it combines high built-up density limits cooling and high impervious building indices. This is a satellite-based decision-support estimate, not an official public-health heat warning.", "honesty_note": "This is a satellite-derived urban heat estimate, not an official public-health warning." }, "geometry": { "type": "Polygon", "coordinates": [ [ [ 31.380646546308967, 30.009957950513442 ], [ 31.380646546308967, 30.013847303171438 ], [ 31.385138122729565, 30.013847303171438 ], [ 31.385138122729565, 30.009957950513442 ], [ 31.380646546308967, 30.009957950513442 ] ] ] } },
{ "type": "Feature", "properties": { "zone_code": "NSR-GRID-373", "predicted_heat_anomaly_c": 2.6949906851471934, "predicted_heat_risk_score": 0.31210647000372299, "predicted_heat_risk_class": "low", "observed_lst_c": 38.896508363777706, "date": "2025-10-23", "top_factor_1": "Built Environment Density", "top_factor_1_reason": "high built-up density limits cooling", "top_factor_2": "Impervious Surfaces", "top_factor_2_reason": "high impervious building indices", "explanation_text": "This zone is estimated as low heat risk because it combines high built-up density limits cooling and high impervious building indices. This is a satellite-based decision-support estimate, not an official public-health heat warning.", "honesty_note": "This is a satellite-derived urban heat estimate, not an official public-health warning." }, "geometry": { "type": "Polygon", "coordinates": [ [ [ 31.385138122729565, 30.009957950513442 ], [ 31.385138122729565, 30.013847303171438 ], [ 31.389629699150163, 30.013847303171438 ], [ 31.389629699150163, 30.009957950513442 ], [ 31.385138122729565, 30.009957950513442 ] ] ] } },
{ "type": "Feature", "properties": { "zone_code": "NSR-GRID-374", "predicted_heat_anomaly_c": 1.5976349967556878, "predicted_heat_risk_score": 0.24181590375463119, "predicted_heat_risk_class": "low", "observed_lst_c": 37.810882519970548, "date": "2025-10-23", "top_factor_1": "Built Environment Density", "top_factor_1_reason": "high built-up density limits cooling", "top_factor_2": "Impervious Surfaces", "top_factor_2_reason": "high impervious building indices", "explanation_text": "This zone is estimated as low heat risk because it combines high built-up density limits cooling and high impervious building indices. This is a satellite-based decision-support estimate, not an official public-health heat warning.", "honesty_note": "This is a satellite-derived urban heat estimate, not an official public-health warning." }, "geometry": { "type": "Polygon", "coordinates": [ [ [ 31.389629699150163, 30.009957950513442 ], [ 31.389629699150163, 30.013847303171438 ], [ 31.394121275570754, 30.013847303171438 ], [ 31.394121275570754, 30.009957950513442 ], [ 31.389629699150163, 30.009957950513442 ] ] ] } },
{ "type": "Feature", "properties": { "zone_code": "NSR-GRID-375", "predicted_heat_anomaly_c": 1.4847809039318294, "predicted_heat_risk_score": 0.22584840669376524, "predicted_heat_risk_class": "low", "observed_lst_c": 37.683969046516587, "date": "2025-10-23", "top_factor_1": "Impervious Surfaces", "top_factor_1_reason": "high impervious building indices", "top_factor_2": "Vegetation Shielding", "top_factor_2_reason": "extremely low vegetation canopy", "explanation_text": "This zone is estimated as low heat risk because it combines high impervious building indices and extremely low vegetation canopy. This is a satellite-based decision-support estimate, not an official public-health heat warning.", "honesty_note": "This is a satellite-derived urban heat estimate, not an official public-health warning." }, "geometry": { "type": "Polygon", "coordinates": [ [ [ 31.394121275570754, 30.009957950513442 ], [ 31.394121275570754, 30.013847303171438 ], [ 31.398612851991352, 30.013847303171438 ], [ 31.398612851991352, 30.009957950513442 ], [ 31.394121275570754, 30.009957950513442 ] ] ] } },
{ "type": "Feature", "properties": { "zone_code": "NSR-GRID-376", "predicted_heat_anomaly_c": 0.26383898424605973, "predicted_heat_risk_score": 0.25202707098014887, "predicted_heat_risk_class": "low", "observed_lst_c": 36.191308254828073, "date": "2025-10-23", "top_factor_1": "Built Environment Density", "top_factor_1_reason": "high built-up density limits cooling", "top_factor_2": "Impervious Surfaces", "top_factor_2_reason": "high impervious building indices", "explanation_text": "This zone is estimated as low heat risk because it combines high built-up density limits cooling and high impervious building indices. This is a satellite-based decision-support estimate, not an official public-health heat warning.", "honesty_note": "This is a satellite-derived urban heat estimate, not an official public-health warning." }, "geometry": { "type": "Polygon", "coordinates": [ [ [ 31.344713934944181, 30.009957950513442 ], [ 31.344713934944181, 30.00963243951507 ], [ 31.3435519, 30.0096457 ], [ 31.3405123, 30.0095929 ], [ 31.341145107727137, 30.009957950513442 ], [ 31.344713934944181, 30.009957950513442 ] ] ] } },
{ "type": "Feature", "properties": { "zone_code": "NSR-GRID-377", "predicted_heat_anomaly_c": 0.95190764466428535, "predicted_heat_risk_score": 0.27303108784586527, "predicted_heat_risk_class": "low", "observed_lst_c": 37.075768172527482, "date": "2025-10-23", "top_factor_1": "Built Environment Density", "top_factor_1_reason": "high built-up density limits cooling", "top_factor_2": "Vegetation Shielding", "top_factor_2_reason": "extremely low vegetation canopy", "explanation_text": "This zone is estimated as low heat risk because it combines high built-up density limits cooling and extremely low vegetation canopy. This is a satellite-based decision-support estimate, not an official public-health heat warning.", "honesty_note": "This is a satellite-derived urban heat estimate, not an official public-health warning." }, "geometry": { "type": "Polygon", "coordinates": [ [ [ 31.344713934944181, 30.009957950513442 ], [ 31.349205511364779, 30.009957950513442 ], [ 31.349205511364779, 30.008919311273917 ], [ 31.3489258, 30.0096636 ], [ 31.3461195, 30.0096164 ], [ 31.344713934944181, 30.00963243951507 ], [ 31.344713934944181, 30.009957950513442 ] ] ] } },
{ "type": "Feature", "properties": { "zone_code": "NSR-GRID-378", "predicted_heat_anomaly_c": 2.9940140089864067, "predicted_heat_risk_score": 0.27543400907294546, "predicted_heat_risk_class": "low", "observed_lst_c": 39.57472753599172, "date": "2025-10-23", "top_factor_1": "Impervious Surfaces", "top_factor_1_reason": "high impervious building indices", "top_factor_2": "Vegetation Shielding", "top_factor_2_reason": "extremely low vegetation canopy", "explanation_text": "This zone is estimated as low heat risk because it combines high impervious building indices and extremely low vegetation canopy. This is a satellite-based decision-support estimate, not an official public-health heat warning.", "honesty_note": "This is a satellite-derived urban heat estimate, not an official public-health warning." }, "geometry": { "type": "Polygon", "coordinates": [ [ [ 31.358188664205979, 30.009957950513442 ], [ 31.362680240626577, 30.009957950513442 ], [ 31.362680240626577, 30.00646120411427 ], [ 31.3623201, 30.0064509 ], [ 31.3609711, 30.0094864 ], [ 31.358188664205979, 30.008570644526944 ], [ 31.358188664205979, 30.009957950513442 ] ] ] } },
{ "type": "Feature", "properties": { "zone_code": "NSR-GRID-379", "predicted_heat_anomaly_c": 1.1976756708873417, "predicted_heat_risk_score": 0.29198278598079636, "predicted_heat_risk_class": "low", "observed_lst_c": 37.507361255474287, "date": "2025-10-23", "top_factor_1": "Built Environment Density", "top_factor_1_reason": "high built-up density limits cooling", "top_factor_2": "Impervious Surfaces", "top_factor_2_reason": "high impervious building indices", "explanation_text": "This zone is estimated as low heat risk because it combines high built-up density limits cooling and high impervious building indices. This is a satellite-based decision-support estimate, not an official public-health heat warning.", "honesty_note": "This is a satellite-derived urban heat estimate, not an official public-health warning." }, "geometry": { "type": "Polygon", "coordinates": [ [ [ 31.398612851991352, 30.009957950513442 ], [ 31.399653297949932, 30.009957950513442 ], [ 31.3996223, 30.0095836 ], [ 31.398612851991352, 30.00637475512131 ], [ 31.398612851991352, 30.009957950513442 ] ] ] } },
{ "type": "Feature", "properties": { "zone_code": "NSR-GRID-380", "predicted_heat_anomaly_c": 2.0108063489017618, "predicted_heat_risk_score": 0.24190116027822231, "predicted_heat_risk_class": "low", "observed_lst_c": 38.448972362509757, "date": "2025-10-23", "top_factor_1": "Built Environment Density", "top_factor_1_reason": "high built-up density limits cooling", "top_factor_2": "Impervious Surfaces", "top_factor_2_reason": "high impervious building indices", "explanation_text": "This zone is estimated as low heat risk because it combines high built-up density limits cooling and high impervious building indices. This is a satellite-based decision-support estimate, not an official public-health heat warning.", "honesty_note": "This is a satellite-derived urban heat estimate, not an official public-health warning." }, "geometry": { "type": "Polygon", "coordinates": [ [ [ 31.353697087785381, 30.006068445357947 ], [ 31.353697087785381, 30.009957950513442 ], [ 31.358188664205979, 30.009957950513442 ], [ 31.358188664205979, 30.008570644526944 ], [ 31.3570464, 30.008194700000011 ], [ 31.355206544243213, 30.006068445357947 ], [ 31.353697087785381, 30.006068445357947 ] ] ] } },
{ "type": "Feature", "properties": { "zone_code": "NSR-GRID-381", "predicted_heat_anomaly_c": 3.8569471295989359, "predicted_heat_risk_score": 0.29749250077725309, "predicted_heat_risk_class": "low", "observed_lst_c": 40.071491597949176, "date": "2025-10-23", "top_factor_1": "Impervious Surfaces", "top_factor_1_reason": "high impervious building indices", "top_factor_2": "Vegetation Shielding", "top_factor_2_reason": "extremely low vegetation canopy", "explanation_text": "This zone is estimated as low heat risk because it combines high impervious building indices and extremely low vegetation canopy. This is a satellite-based decision-support estimate, not an official public-health heat warning.", "honesty_note": "This is a satellite-derived urban heat estimate, not an official public-health warning." }, "geometry": { "type": "Polygon", "coordinates": [ [ [ 31.362680240626577, 30.009957950513442 ], [ 31.367171817047169, 30.009957950513442 ], [ 31.367171817047169, 30.006589714148756 ], [ 31.362680240626577, 30.00646120411427 ], [ 31.362680240626577, 30.009957950513442 ] ] ] } },
{ "type": "Feature", "properties": { "zone_code": "NSR-GRID-382", "predicted_heat_anomaly_c": 4.3971099646280507, "predicted_heat_risk_score": 0.31383431217090646, "predicted_heat_risk_class": "low", "observed_lst_c": 40.802146655775935, "date": "2025-10-23", "top_factor_1": "Impervious Surfaces", "top_factor_1_reason": "high impervious building indices", "top_factor_2": "Vegetation Shielding", "top_factor_2_reason": "extremely low vegetation canopy", "explanation_text": "This zone is estimated as low heat risk because it combines high impervious building indices and extremely low vegetation canopy. This is a satellite-based decision-support estimate, not an official public-health heat warning.", "honesty_note": "This is a satellite-derived urban heat estimate, not an official public-health warning." }, "geometry": { "type": "Polygon", "coordinates": [ [ [ 31.367171817047169, 30.009957950513442 ], [ 31.371663393467767, 30.009957950513442 ], [ 31.371663393467767, 30.006068445357947 ], [ 31.36972142083517, 30.006068445357947 ], [ 31.3697408, 30.0064635 ], [ 31.3682618, 30.0066209 ], [ 31.367171817047169, 30.006589714148756 ], [ 31.367171817047169, 30.009957950513442 ] ] ] } },
{ "type": "Feature", "properties": { "zone_code": "NSR-GRID-383", "predicted_heat_anomaly_c": 2.189737627612387, "predicted_heat_risk_score": 0.26556237289045581, "predicted_heat_risk_class": "low", "observed_lst_c": 38.481069660707831, "date": "2025-10-23", "top_factor_1": "Built Environment Density", "top_factor_1_reason": "high built-up density limits cooling", "top_factor_2": "Impervious Surfaces", "top_factor_2_reason": "high impervious building indices", "explanation_text": "This zone is estimated as low heat risk because it combines high built-up density limits cooling and high impervious building indices. This is a satellite-based decision-support estimate, not an official public-health heat warning.", "honesty_note": "This is a satellite-derived urban heat estimate, not an official public-health warning." }, "geometry": { "type": "Polygon", "coordinates": [ [ [ 31.349205511364779, 30.009957950513442 ], [ 31.353697087785381, 30.009957950513442 ], [ 31.353697087785381, 30.006068445357947 ], [ 31.350293764170146, 30.006068445357947 ], [ 31.350033, 30.0067174 ], [ 31.349205511364779, 30.008919311273917 ], [ 31.349205511364779, 30.009957950513442 ] ] ] } },
{ "type": "Feature", "properties": { "zone_code": "NSR-GRID-384", "predicted_heat_anomaly_c": 1.4477861705993706, "predicted_heat_risk_score": 0.22889663754097872, "predicted_heat_risk_class": "low", "observed_lst_c": 37.74435867108614, "date": "2025-10-23", "top_factor_1": "Built Environment Density", "top_factor_1_reason": "high built-up density limits cooling", "top_factor_2": "Impervious Surfaces", "top_factor_2_reason": "high impervious building indices", "explanation_text": "This zone is estimated as low heat risk because it combines high built-up density limits cooling and high impervious building indices. This is a satellite-based decision-support estimate, not an official public-health heat warning.", "honesty_note": "This is a satellite-derived urban heat estimate, not an official public-health warning." }, "geometry": { "type": "Polygon", "coordinates": [ [ [ 31.394121275570754, 30.006068445357947 ], [ 31.394121275570754, 30.009957950513442 ], [ 31.398612851991352, 30.009957950513442 ], [ 31.398612851991352, 30.00637475512131 ], [ 31.398516493857947, 30.006068445357947 ], [ 31.394121275570754, 30.006068445357947 ] ] ] } },
{ "type": "Feature", "properties": { "zone_code": "NSR-GRID-385", "predicted_heat_anomaly_c": 4.0861706420240784, "predicted_heat_risk_score": 0.30874064946117497, "predicted_heat_risk_class": "low", "observed_lst_c": 40.454674400380952, "date": "2025-10-23", "top_factor_1": "Impervious Surfaces", "top_factor_1_reason": "high impervious building indices", "top_factor_2": "Vegetation Shielding", "top_factor_2_reason": "extremely low vegetation canopy", "explanation_text": "This zone is estimated as low heat risk because it combines high impervious building indices and extremely low vegetation canopy. This is a satellite-based decision-support estimate, not an official public-health heat warning.", "honesty_note": "This is a satellite-derived urban heat estimate, not an official public-health warning." }, "geometry": { "type": "Polygon", "coordinates": [ [ [ 31.371663393467767, 30.006068445357947 ], [ 31.371663393467767, 30.009957950513442 ], [ 31.376154969888365, 30.009957950513442 ], [ 31.376154969888365, 30.006068445357947 ], [ 31.371663393467767, 30.006068445357947 ] ] ] } },
{ "type": "Feature", "properties": { "zone_code": "NSR-GRID-386", "predicted_heat_anomaly_c": 3.4047152138213597, "predicted_heat_risk_score": 0.28384526892656214, "predicted_heat_risk_class": "low", "observed_lst_c": 40.045164345419131, "date": "2025-10-23", "top_factor_1": "Impervious Surfaces", "top_factor_1_reason": "high impervious building indices", "top_factor_2": "Vegetation Shielding", "top_factor_2_reason": "extremely low vegetation canopy", "explanation_text": "This zone is estimated as low heat risk because it combines high impervious building indices and extremely low vegetation canopy. This is a satellite-based decision-support estimate, not an official public-health heat warning.", "honesty_note": "This is a satellite-derived urban heat estimate, not an official public-health warning." }, "geometry": { "type": "Polygon", "coordinates": [ [ [ 31.376154969888365, 30.006068445357947 ], [ 31.376154969888365, 30.009957950513442 ], [ 31.380646546308967, 30.009957950513442 ], [ 31.380646546308967, 30.006068445357947 ], [ 31.376154969888365, 30.006068445357947 ] ] ] } },
{ "type": "Feature", "properties": { "zone_code": "NSR-GRID-387", "predicted_heat_anomaly_c": 3.2530880103969153, "predicted_heat_risk_score": 0.27925137503967734, "predicted_heat_risk_class": "low", "observed_lst_c": 39.910319468481461, "date": "2025-10-23", "top_factor_1": "Impervious Surfaces", "top_factor_1_reason": "high impervious building indices", "top_factor_2": "Vegetation Shielding", "top_factor_2_reason": "extremely low vegetation canopy", "explanation_text": "This zone is estimated as low heat risk because it combines high impervious building indices and extremely low vegetation canopy. This is a satellite-based decision-support estimate, not an official public-health heat warning.", "honesty_note": "This is a satellite-derived urban heat estimate, not an official public-health warning." }, "geometry": { "type": "Polygon", "coordinates": [ [ [ 31.380646546308967, 30.006068445357947 ], [ 31.380646546308967, 30.009957950513442 ], [ 31.385138122729565, 30.009957950513442 ], [ 31.385138122729565, 30.006068445357947 ], [ 31.380646546308967, 30.006068445357947 ] ] ] } },
{ "type": "Feature", "properties": { "zone_code": "NSR-GRID-388", "predicted_heat_anomaly_c": 3.0739608169764137, "predicted_heat_risk_score": 0.28821622889942583, "predicted_heat_risk_class": "low", "observed_lst_c": 39.451483528139491, "date": "2025-10-23", "top_factor_1": "Built Environment Density", "top_factor_1_reason": "high built-up density limits cooling", "top_factor_2": "Impervious Surfaces", "top_factor_2_reason": "high impervious building indices", "explanation_text": "This zone is estimated as low heat risk because it combines high built-up density limits cooling and high impervious building indices. This is a satellite-based decision-support estimate, not an official public-health heat warning.", "honesty_note": "This is a satellite-derived urban heat estimate, not an official public-health warning." }, "geometry": { "type": "Polygon", "coordinates": [ [ [ 31.385138122729565, 30.006068445357947 ], [ 31.385138122729565, 30.009957950513442 ], [ 31.389629699150163, 30.009957950513442 ], [ 31.389629699150163, 30.006068445357947 ], [ 31.385138122729565, 30.006068445357947 ] ] ] } },
{ "type": "Feature", "properties": { "zone_code": "NSR-GRID-389", "predicted_heat_anomaly_c": 2.0260396602939763, "predicted_heat_risk_score": 0.26704605828873884, "predicted_heat_risk_class": "low", "observed_lst_c": 38.373182236471727, "date": "2025-10-23", "top_factor_1": "Built Environment Density", "top_factor_1_reason": "high built-up density limits cooling", "top_factor_2": "Impervious Surfaces", "top_factor_2_reason": "high impervious building indices", "explanation_text": "This zone is estimated as low heat risk because it combines high built-up density limits cooling and high impervious building indices. This is a satellite-based decision-support estimate, not an official public-health heat warning.", "honesty_note": "This is a satellite-derived urban heat estimate, not an official public-health warning." }, "geometry": { "type": "Polygon", "coordinates": [ [ [ 31.389629699150163, 30.006068445357947 ], [ 31.389629699150163, 30.009957950513442 ], [ 31.394121275570754, 30.009957950513442 ], [ 31.394121275570754, 30.006068445357947 ], [ 31.389629699150163, 30.006068445357947 ] ] ] } },
{ "type": "Feature", "properties": { "zone_code": "NSR-GRID-390", "predicted_heat_anomaly_c": 1.6747760985879645, "predicted_heat_risk_score": 0.23168936646008104, "predicted_heat_risk_class": "low", "observed_lst_c": 37.898697637872012, "date": "2025-10-23", "top_factor_1": "Built Environment Density", "top_factor_1_reason": "high built-up density limits cooling", "top_factor_2": "Impervious Surfaces", "top_factor_2_reason": "high impervious building indices", "explanation_text": "This zone is estimated as low heat risk because it combines high built-up density limits cooling and high impervious building indices. This is a satellite-based decision-support estimate, not an official public-health heat warning.", "honesty_note": "This is a satellite-derived urban heat estimate, not an official public-health warning." }, "geometry": { "type": "Polygon", "coordinates": [ [ [ 31.353697087785381, 30.006068445357947 ], [ 31.355206544243213, 30.006068445357947 ], [ 31.354288, 30.0050069 ], [ 31.353697087785381, 30.004827975453527 ], [ 31.353697087785381, 30.006068445357947 ] ] ] } },
{ "type": "Feature", "properties": { "zone_code": "NSR-GRID-391", "predicted_heat_anomaly_c": 1.1482409854710693, "predicted_heat_risk_score": 0.21629252544398042, "predicted_heat_risk_class": "low", "observed_lst_c": 37.59456857706887, "date": "2025-10-23", "top_factor_1": "Built Environment Density", "top_factor_1_reason": "high built-up density limits cooling", "top_factor_2": "Impervious Surfaces", "top_factor_2_reason": "high impervious building indices", "explanation_text": "This zone is estimated as low heat risk because it combines high built-up density limits cooling and high impervious building indices. This is a satellite-based decision-support estimate, not an official public-health heat warning.", "honesty_note": "This is a satellite-derived urban heat estimate, not an official public-health warning." }, "geometry": { "type": "Polygon", "coordinates": [ [ [ 31.353697087785381, 30.006068445357947 ], [ 31.353697087785381, 30.004827975453527 ], [ 31.3511073, 30.0040438 ], [ 31.350293764170146, 30.006068445357947 ], [ 31.353697087785381, 30.006068445357947 ] ] ] } },
{ "type": "Feature", "properties": { "zone_code": "NSR-GRID-392", "predicted_heat_anomaly_c": 1.8145786287843229, "predicted_heat_risk_score": 0.25459614096444094, "predicted_heat_risk_class": "low", "observed_lst_c": 38.285265862842586, "date": "2025-10-23", "top_factor_1": "Built Environment Density", "top_factor_1_reason": "high built-up density limits cooling", "top_factor_2": "Impervious Surfaces", "top_factor_2_reason": "high impervious building indices", "explanation_text": "This zone is estimated as low heat risk because it combines high built-up density limits cooling and high impervious building indices. This is a satellite-based decision-support estimate, not an official public-health heat warning.", "honesty_note": "This is a satellite-derived urban heat estimate, not an official public-health warning." }, "geometry": { "type": "Polygon", "coordinates": [ [ [ 31.394121275570754, 30.002178787716911 ], [ 31.394121275570754, 30.006068445357947 ], [ 31.398516493857947, 30.006068445357947 ], [ 31.3984675, 30.0059127 ], [ 31.3973897, 30.0042056 ], [ 31.39590329365825, 30.002178787716911 ], [ 31.394121275570754, 30.002178787716911 ] ] ] } },
{ "type": "Feature", "properties": { "zone_code": "NSR-GRID-393", "predicted_heat_anomaly_c": 3.6740167280861717, "predicted_heat_risk_score": 0.29595476236343071, "predicted_heat_risk_class": "low", "observed_lst_c": 39.717931147598783, "date": "2025-10-23", "top_factor_1": "Impervious Surfaces", "top_factor_1_reason": "high impervious building indices", "top_factor_2": "Vegetation Shielding", "top_factor_2_reason": "extremely low vegetation canopy", "explanation_text": "This zone is estimated as low heat risk because it combines high impervious building indices and extremely low vegetation canopy. This is a satellite-based decision-support estimate, not an official public-health heat warning.", "honesty_note": "This is a satellite-derived urban heat estimate, not an official public-health warning." }, "geometry": { "type": "Polygon", "coordinates": [ [ [ 31.371663393467767, 30.002178787716911 ], [ 31.371663393467767, 30.006068445357947 ], [ 31.376154969888365, 30.006068445357947 ], [ 31.376154969888365, 30.002178787716911 ], [ 31.371663393467767, 30.002178787716911 ] ] ] } },
{ "type": "Feature", "properties": { "zone_code": "NSR-GRID-394", "predicted_heat_anomaly_c": 3.7290595565388256, "predicted_heat_risk_score": 0.30828989165843262, "predicted_heat_risk_class": "low", "observed_lst_c": 40.008682503726064, "date": "2025-10-23", "top_factor_1": "Impervious Surfaces", "top_factor_1_reason": "high impervious building indices", "top_factor_2": "Vegetation Shielding", "top_factor_2_reason": "extremely low vegetation canopy", "explanation_text": "This zone is estimated as low heat risk because it combines high impervious building indices and extremely low vegetation canopy. This is a satellite-based decision-support estimate, not an official public-health heat warning.", "honesty_note": "This is a satellite-derived urban heat estimate, not an official public-health warning." }, "geometry": { "type": "Polygon", "coordinates": [ [ [ 31.376154969888365, 30.002178787716911 ], [ 31.376154969888365, 30.006068445357947 ], [ 31.380646546308967, 30.006068445357947 ], [ 31.380646546308967, 30.002178787716911 ], [ 31.376154969888365, 30.002178787716911 ] ] ] } },
{ "type": "Feature", "properties": { "zone_code": "NSR-GRID-395", "predicted_heat_anomaly_c": 4.0157500174823033, "predicted_heat_risk_score": 0.31692380828790595, "predicted_heat_risk_class": "low", "observed_lst_c": 40.78539332713126, "date": "2025-10-23", "top_factor_1": "Impervious Surfaces", "top_factor_1_reason": "high impervious building indices", "top_factor_2": "Vegetation Shielding", "top_factor_2_reason": "extremely low vegetation canopy", "explanation_text": "This zone is estimated as low heat risk because it combines high impervious building indices and extremely low vegetation canopy. This is a satellite-based decision-support estimate, not an official public-health heat warning.", "honesty_note": "This is a satellite-derived urban heat estimate, not an official public-health warning." }, "geometry": { "type": "Polygon", "coordinates": [ [ [ 31.380646546308967, 30.002178787716911 ], [ 31.380646546308967, 30.006068445357947 ], [ 31.385138122729565, 30.006068445357947 ], [ 31.385138122729565, 30.002178787716911 ], [ 31.380646546308967, 30.002178787716911 ] ] ] } },
{ "type": "Feature", "properties": { "zone_code": "NSR-GRID-396", "predicted_heat_anomaly_c": 3.1519380096949035, "predicted_heat_risk_score": 0.30874792681904661, "predicted_heat_risk_class": "low", "observed_lst_c": 39.783059000957088, "date": "2025-10-23", "top_factor_1": "Impervious Surfaces", "top_factor_1_reason": "high impervious building indices", "top_factor_2": "Vegetation Shielding", "top_factor_2_reason": "extremely low vegetation canopy", "explanation_text": "This zone is estimated as low heat risk because it combines high impervious building indices and extremely low vegetation canopy. This is a satellite-based decision-support estimate, not an official public-health heat warning.", "honesty_note": "This is a satellite-derived urban heat estimate, not an official public-health warning." }, "geometry": { "type": "Polygon", "coordinates": [ [ [ 31.385138122729565, 30.002178787716911 ], [ 31.385138122729565, 30.006068445357947 ], [ 31.389629699150163, 30.006068445357947 ], [ 31.389629699150163, 30.002178787716911 ], [ 31.385138122729565, 30.002178787716911 ] ] ] } },
{ "type": "Feature", "properties": { "zone_code": "NSR-GRID-397", "predicted_heat_anomaly_c": 2.075765134982297, "predicted_heat_risk_score": 0.27360946343984432, "predicted_heat_risk_class": "low", "observed_lst_c": 38.676944383398563, "date": "2025-10-23", "top_factor_1": "Impervious Surfaces", "top_factor_1_reason": "high impervious building indices", "top_factor_2": "Vegetation Shielding", "top_factor_2_reason": "extremely low vegetation canopy", "explanation_text": "This zone is estimated as low heat risk because it combines high impervious building indices and extremely low vegetation canopy. This is a satellite-based decision-support estimate, not an official public-health heat warning.", "honesty_note": "This is a satellite-derived urban heat estimate, not an official public-health warning." }, "geometry": { "type": "Polygon", "coordinates": [ [ [ 31.389629699150163, 30.002178787716911 ], [ 31.389629699150163, 30.006068445357947 ], [ 31.394121275570754, 30.006068445357947 ], [ 31.394121275570754, 30.002178787716911 ], [ 31.389629699150163, 30.002178787716911 ] ] ] } },
{ "type": "Feature", "properties": { "zone_code": "NSR-GRID-398", "predicted_heat_anomaly_c": 3.4759897407396254, "predicted_heat_risk_score": 0.28986873344890191, "predicted_heat_risk_class": "low", "observed_lst_c": 39.984742004477731, "date": "2025-10-23", "top_factor_1": "Impervious Surfaces", "top_factor_1_reason": "high impervious building indices", "top_factor_2": "Vegetation Shielding", "top_factor_2_reason": "extremely low vegetation canopy", "explanation_text": "This zone is estimated as low heat risk because it combines high impervious building indices and extremely low vegetation canopy. This is a satellite-based decision-support estimate, not an official public-health heat warning.", "honesty_note": "This is a satellite-derived urban heat estimate, not an official public-health warning." }, "geometry": { "type": "Polygon", "coordinates": [ [ [ 31.371663393467767, 30.006068445357947 ], [ 31.371663393467767, 30.002178787716911 ], [ 31.369477273169199, 30.002178787716911 ], [ 31.3696936, 30.0055013 ], [ 31.36972142083517, 30.006068445357947 ], [ 31.371663393467767, 30.006068445357947 ] ] ] } },
{ "type": "Feature", "properties": { "zone_code": "NSR-GRID-399", "predicted_heat_anomaly_c": 1.5518058116440314, "predicted_heat_risk_score": 0.23488527914074245, "predicted_heat_risk_class": "low", "observed_lst_c": 38.089116525769242, "date": "2025-10-23", "top_factor_1": "Built Environment Density", "top_factor_1_reason": "high built-up density limits cooling", "top_factor_2": "Impervious Surfaces", "top_factor_2_reason": "high impervious building indices", "explanation_text": "This zone is estimated as low heat risk because it combines high built-up density limits cooling and high impervious building indices. This is a satellite-based decision-support estimate, not an official public-health heat warning.", "honesty_note": "This is a satellite-derived urban heat estimate, not an official public-health warning." }, "geometry": { "type": "Polygon", "coordinates": [ [ [ 31.394121275570754, 30.002178787716911 ], [ 31.39590329365825, 30.002178787716911 ], [ 31.3953018, 30.0013586 ], [ 31.394121275570754, 29.999753325882171 ], [ 31.394121275570754, 30.002178787716911 ] ] ] } },
{ "type": "Feature", "properties": { "zone_code": "NSR-GRID-400", "predicted_heat_anomaly_c": 0.75263675556921439, "predicted_heat_risk_score": 0.2039435455253478, "predicted_heat_risk_class": "low", "observed_lst_c": 37.566422697930776, "date": "2025-10-23", "top_factor_1": "Built Environment Density", "top_factor_1_reason": "high built-up density limits cooling", "top_factor_2": "Impervious Surfaces", "top_factor_2_reason": "high impervious building indices", "explanation_text": "This zone is estimated as low heat risk because it combines high built-up density limits cooling and high impervious building indices. This is a satellite-based decision-support estimate, not an official public-health heat warning.", "honesty_note": "This is a satellite-derived urban heat estimate, not an official public-health warning." }, "geometry": { "type": "Polygon", "coordinates": [ [ [ 31.389629699150163, 29.998288977602268 ], [ 31.389629699150163, 30.002178787716911 ], [ 31.394121275570754, 30.002178787716911 ], [ 31.394121275570754, 29.999753325882171 ], [ 31.3931751, 29.9984667 ], [ 31.392951301027818, 29.998288977602268 ], [ 31.389629699150163, 29.998288977602268 ] ] ] } },
{ "type": "Feature", "properties": { "zone_code": "NSR-GRID-401", "predicted_heat_anomaly_c": 3.5879199050157444, "predicted_heat_risk_score": 0.28936583799382454, "predicted_heat_risk_class": "low", "observed_lst_c": 40.00760999563817, "date": "2025-10-23", "top_factor_1": "Impervious Surfaces", "top_factor_1_reason": "high impervious building indices", "top_factor_2": "Vegetation Shielding", "top_factor_2_reason": "extremely low vegetation canopy", "explanation_text": "This zone is estimated as low heat risk because it combines high impervious building indices and extremely low vegetation canopy. This is a satellite-based decision-support estimate, not an official public-health heat warning.", "honesty_note": "This is a satellite-derived urban heat estimate, not an official public-health warning." }, "geometry": { "type": "Polygon", "coordinates": [ [ [ 31.371663393467767, 29.998288977602268 ], [ 31.371663393467767, 30.002178787716911 ], [ 31.376154969888365, 30.002178787716911 ], [ 31.376154969888365, 29.998288977602268 ], [ 31.371663393467767, 29.998288977602268 ] ] ] } },
{ "type": "Feature", "properties": { "zone_code": "NSR-GRID-402", "predicted_heat_anomaly_c": 3.9761806397437134, "predicted_heat_risk_score": 0.30109425718288213, "predicted_heat_risk_class": "low", "observed_lst_c": 40.410329641565525, "date": "2025-10-23", "top_factor_1": "Impervious Surfaces", "top_factor_1_reason": "high impervious building indices", "top_factor_2": "Vegetation Shielding", "top_factor_2_reason": "extremely low vegetation canopy", "explanation_text": "This zone is estimated as low heat risk because it combines high impervious building indices and extremely low vegetation canopy. This is a satellite-based decision-support estimate, not an official public-health heat warning.", "honesty_note": "This is a satellite-derived urban heat estimate, not an official public-health warning." }, "geometry": { "type": "Polygon", "coordinates": [ [ [ 31.376154969888365, 29.998288977602268 ], [ 31.376154969888365, 30.002178787716911 ], [ 31.380646546308967, 30.002178787716911 ], [ 31.380646546308967, 29.998288977602268 ], [ 31.376154969888365, 29.998288977602268 ] ] ] } },
{ "type": "Feature", "properties": { "zone_code": "NSR-GRID-403", "predicted_heat_anomaly_c": 3.4614692635972957, "predicted_heat_risk_score": 0.28554606948099798, "predicted_heat_risk_class": "low", "observed_lst_c": 40.199823974845373, "date": "2025-10-23", "top_factor_1": "Impervious Surfaces", "top_factor_1_reason": "high impervious building indices", "top_factor_2": "Vegetation Shielding", "top_factor_2_reason": "extremely low vegetation canopy", "explanation_text": "This zone is estimated as low heat risk because it combines high impervious building indices and extremely low vegetation canopy. This is a satellite-based decision-support estimate, not an official public-health heat warning.", "honesty_note": "This is a satellite-derived urban heat estimate, not an official public-health warning." }, "geometry": { "type": "Polygon", "coordinates": [ [ [ 31.380646546308967, 29.998288977602268 ], [ 31.380646546308967, 30.002178787716911 ], [ 31.385138122729565, 30.002178787716911 ], [ 31.385138122729565, 29.998288977602268 ], [ 31.380646546308967, 29.998288977602268 ] ] ] } },
{ "type": "Feature", "properties": { "zone_code": "NSR-GRID-404", "predicted_heat_anomaly_c": 2.2250136265303793, "predicted_heat_risk_score": 0.24819573058990582, "predicted_heat_risk_class": "low", "observed_lst_c": 38.619843045355616, "date": "2025-10-23", "top_factor_1": "Impervious Surfaces", "top_factor_1_reason": "high impervious building indices", "top_factor_2": "Vegetation Shielding", "top_factor_2_reason": "extremely low vegetation canopy", "explanation_text": "This zone is estimated as low heat risk because it combines high impervious building indices and extremely low vegetation canopy. This is a satellite-based decision-support estimate, not an official public-health heat warning.", "honesty_note": "This is a satellite-derived urban heat estimate, not an official public-health warning." }, "geometry": { "type": "Polygon", "coordinates": [ [ [ 31.385138122729565, 29.998288977602268 ], [ 31.385138122729565, 30.002178787716911 ], [ 31.389629699150163, 30.002178787716911 ], [ 31.389629699150163, 29.998288977602268 ], [ 31.385138122729565, 29.998288977602268 ] ] ] } },
{ "type": "Feature", "properties": { "zone_code": "NSR-GRID-405", "predicted_heat_anomaly_c": 3.2859323019436002, "predicted_heat_risk_score": 0.28024352177194228, "predicted_heat_risk_class": "low", "observed_lst_c": 39.707909465589573, "date": "2025-10-23", "top_factor_1": "Impervious Surfaces", "top_factor_1_reason": "high impervious building indices", "top_factor_2": "Vegetation Shielding", "top_factor_2_reason": "extremely low vegetation canopy", "explanation_text": "This zone is estimated as low heat risk because it combines high impervious building indices and extremely low vegetation canopy. This is a satellite-based decision-support estimate, not an official public-health heat warning.", "honesty_note": "This is a satellite-derived urban heat estimate, not an official public-health warning." }, "geometry": { "type": "Polygon", "coordinates": [ [ [ 31.371663393467767, 30.002178787716911 ], [ 31.371663393467767, 29.998288977602268 ], [ 31.369224019112167, 29.998288977602268 ], [ 31.369477273169199, 30.002178787716911 ], [ 31.371663393467767, 30.002178787716911 ] ] ] } },
{ "type": "Feature", "properties": { "zone_code": "NSR-GRID-406", "predicted_heat_anomaly_c": 0.14087702032807814, "predicted_heat_risk_score": 0.19835711274040005, "predicted_heat_risk_class": "low", "observed_lst_c": 37.126866941521911, "date": "2025-10-23", "top_factor_1": "Built Environment Density", "top_factor_1_reason": "high built-up density limits cooling", "top_factor_2": "Impervious Surfaces", "top_factor_2_reason": "high impervious building indices", "explanation_text": "This zone is estimated as low heat risk because it combines high built-up density limits cooling and high impervious building indices. This is a satellite-based decision-support estimate, not an official public-health heat warning.", "honesty_note": "This is a satellite-derived urban heat estimate, not an official public-health warning." }, "geometry": { "type": "Polygon", "coordinates": [ [ [ 31.389629699150163, 29.998288977602268 ], [ 31.392951301027818, 29.998288977602268 ], [ 31.3908883, 29.9966507 ], [ 31.389629699150163, 29.99608409464102 ], [ 31.389629699150163, 29.998288977602268 ] ] ] } },
{ "type": "Feature", "properties": { "zone_code": "NSR-GRID-407", "predicted_heat_anomaly_c": 1.4688039582131329, "predicted_heat_risk_score": 0.25515487503697171, "predicted_heat_risk_class": "low", "observed_lst_c": 38.277278557295752, "date": "2025-10-23", "top_factor_1": "Built Environment Density", "top_factor_1_reason": "high built-up density limits cooling", "top_factor_2": "Impervious Surfaces", "top_factor_2_reason": "high impervious building indices", "explanation_text": "This zone is estimated as low heat risk because it combines high built-up density limits cooling and high impervious building indices. This is a satellite-based decision-support estimate, not an official public-health heat warning.", "honesty_note": "This is a satellite-derived urban heat estimate, not an official public-health warning." }, "geometry": { "type": "Polygon", "coordinates": [ [ [ 31.385138122729565, 29.994399015025984 ], [ 31.385138122729565, 29.998288977602268 ], [ 31.389629699150163, 29.998288977602268 ], [ 31.389629699150163, 29.99608409464102 ], [ 31.3871883, 29.994985 ], [ 31.385580431261879, 29.994399015025984 ], [ 31.385138122729565, 29.994399015025984 ] ] ] } },
{ "type": "Feature", "properties": { "zone_code": "NSR-GRID-408", "predicted_heat_anomaly_c": 2.6347878850399273, "predicted_heat_risk_score": 0.26057402137960545, "predicted_heat_risk_class": "low", "observed_lst_c": 39.31008373955332, "date": "2025-10-23", "top_factor_1": "Impervious Surfaces", "top_factor_1_reason": "high impervious building indices", "top_factor_2": "Vegetation Shielding", "top_factor_2_reason": "extremely low vegetation canopy", "explanation_text": "This zone is estimated as low heat risk because it combines high impervious building indices and extremely low vegetation canopy. This is a satellite-based decision-support estimate, not an official public-health heat warning.", "honesty_note": "This is a satellite-derived urban heat estimate, not an official public-health warning." }, "geometry": { "type": "Polygon", "coordinates": [ [ [ 31.371663393467767, 29.994399015025984 ], [ 31.371663393467767, 29.998288977602268 ], [ 31.376154969888365, 29.998288977602268 ], [ 31.376154969888365, 29.994399015025984 ], [ 31.371663393467767, 29.994399015025984 ] ] ] } },
{ "type": "Feature", "properties": { "zone_code": "NSR-GRID-409", "predicted_heat_anomaly_c": 2.2077577586933423, "predicted_heat_risk_score": 0.28963032964094337, "predicted_heat_risk_class": "low", "observed_lst_c": 38.947867751022486, "date": "2025-10-23", "top_factor_1": "Impervious Surfaces", "top_factor_1_reason": "high impervious building indices", "top_factor_2": "Vegetation Shielding", "top_factor_2_reason": "extremely low vegetation canopy", "explanation_text": "This zone is estimated as low heat risk because it combines high impervious building indices and extremely low vegetation canopy. This is a satellite-based decision-support estimate, not an official public-health heat warning.", "honesty_note": "This is a satellite-derived urban heat estimate, not an official public-health warning." }, "geometry": { "type": "Polygon", "coordinates": [ [ [ 31.376154969888365, 29.994399015025984 ], [ 31.376154969888365, 29.998288977602268 ], [ 31.380646546308967, 29.998288977602268 ], [ 31.380646546308967, 29.994399015025984 ], [ 31.376154969888365, 29.994399015025984 ] ] ] } },
{ "type": "Feature", "properties": { "zone_code": "NSR-GRID-410", "predicted_heat_anomaly_c": 1.776752883168603, "predicted_heat_risk_score": 0.23502942306036359, "predicted_heat_risk_class": "low", "observed_lst_c": 38.553308130820085, "date": "2025-10-23", "top_factor_1": "Built Environment Density", "top_factor_1_reason": "high built-up density limits cooling", "top_factor_2": "Impervious Surfaces", "top_factor_2_reason": "high impervious building indices", "explanation_text": "This zone is estimated as low heat risk because it combines high built-up density limits cooling and high impervious building indices. This is a satellite-based decision-support estimate, not an official public-health heat warning.", "honesty_note": "This is a satellite-derived urban heat estimate, not an official public-health warning." }, "geometry": { "type": "Polygon", "coordinates": [ [ [ 31.380646546308967, 29.994399015025984 ], [ 31.380646546308967, 29.998288977602268 ], [ 31.385138122729565, 29.998288977602268 ], [ 31.385138122729565, 29.994399015025984 ], [ 31.380646546308967, 29.994399015025984 ] ] ] } },
{ "type": "Feature", "properties": { "zone_code": "NSR-GRID-411", "predicted_heat_anomaly_c": 2.3803534385581835, "predicted_heat_risk_score": 0.25707514345738552, "predicted_heat_risk_class": "low", "observed_lst_c": 39.041014365982022, "date": "2025-10-23", "top_factor_1": "Impervious Surfaces", "top_factor_1_reason": "high impervious building indices", "top_factor_2": "Vegetation Shielding", "top_factor_2_reason": "extremely low vegetation canopy", "explanation_text": "This zone is estimated as low heat risk because it combines high impervious building indices and extremely low vegetation canopy. This is a satellite-based decision-support estimate, not an official public-health heat warning.", "honesty_note": "This is a satellite-derived urban heat estimate, not an official public-health warning." }, "geometry": { "type": "Polygon", "coordinates": [ [ [ 31.371663393467767, 29.998288977602268 ], [ 31.371663393467767, 29.994399015025984 ], [ 31.369030453580805, 29.994399015025984 ], [ 31.3690788, 29.9961706 ], [ 31.3692132, 29.9981228 ], [ 31.369224019112167, 29.998288977602268 ], [ 31.371663393467767, 29.998288977602268 ] ] ] } },
{ "type": "Feature", "properties": { "zone_code": "NSR-GRID-413", "predicted_heat_anomaly_c": 1.4315329348754928, "predicted_heat_risk_score": 0.2555405896380506, "predicted_heat_risk_class": "low", "observed_lst_c": 38.117154617342536, "date": "2025-10-23", "top_factor_1": "Built Environment Density", "top_factor_1_reason": "high built-up density limits cooling", "top_factor_2": "Impervious Surfaces", "top_factor_2_reason": "high impervious building indices", "explanation_text": "This zone is estimated as low heat risk because it combines high built-up density limits cooling and high impervious building indices. This is a satellite-based decision-support estimate, not an official public-health heat warning.", "honesty_note": "This is a satellite-derived urban heat estimate, not an official public-health warning." }, "geometry": { "type": "Polygon", "coordinates": [ [ [ 31.380646546308967, 29.994399015025984 ], [ 31.385138122729565, 29.994399015025984 ], [ 31.385138122729565, 29.994237815841501 ], [ 31.3821193, 29.9931376 ], [ 31.380646546308967, 29.9925870657483 ], [ 31.380646546308967, 29.994399015025984 ] ] ] } },
{ "type": "Feature", "properties": { "zone_code": "NSR-GRID-414", "predicted_heat_anomaly_c": 1.5181571369282816, "predicted_heat_risk_score": 0.24372473525727908, "predicted_heat_risk_class": "low", "observed_lst_c": 38.306104662673611, "date": "2025-10-23", "top_factor_1": "Built Environment Density", "top_factor_1_reason": "high built-up density limits cooling", "top_factor_2": "Impervious Surfaces", "top_factor_2_reason": "high impervious building indices", "explanation_text": "This zone is estimated as low heat risk because it combines high built-up density limits cooling and high impervious building indices. This is a satellite-based decision-support estimate, not an official public-health heat warning.", "honesty_note": "This is a satellite-derived urban heat estimate, not an official public-health warning." }, "geometry": { "type": "Polygon", "coordinates": [ [ [ 31.376154969888365, 29.994399015025984 ], [ 31.380646546308967, 29.994399015025984 ], [ 31.380646546308967, 29.9925870657483 ], [ 31.3766733, 29.9911018 ], [ 31.376154969888365, 29.991026025874007 ], [ 31.376154969888365, 29.994399015025984 ] ] ] } },
{ "type": "Feature", "properties": { "zone_code": "NSR-GRID-415", "predicted_heat_anomaly_c": 2.390506334628419, "predicted_heat_risk_score": 0.25319486565481542, "predicted_heat_risk_class": "low", "observed_lst_c": 38.807499056307897, "date": "2025-10-23", "top_factor_1": "Impervious Surfaces", "top_factor_1_reason": "high impervious building indices", "top_factor_2": "Vegetation Shielding", "top_factor_2_reason": "extremely low vegetation canopy", "explanation_text": "This zone is estimated as low heat risk because it combines high impervious building indices and extremely low vegetation canopy. This is a satellite-based decision-support estimate, not an official public-health heat warning.", "honesty_note": "This is a satellite-derived urban heat estimate, not an official public-health warning." }, "geometry": { "type": "Polygon", "coordinates": [ [ [ 31.371663393467767, 29.994399015025984 ], [ 31.371663393467767, 29.990845061595774 ], [ 31.3701475, 29.9913791 ], [ 31.3690002, 29.9932904 ], [ 31.369030453580805, 29.994399015025984 ], [ 31.371663393467767, 29.994399015025984 ] ] ] } },
{ "type": "Feature", "properties": { "zone_code": "NSR-GRID-416", "predicted_heat_anomaly_c": 2.2694779321505827, "predicted_heat_risk_score": 0.24965835739513659, "predicted_heat_risk_class": "low", "observed_lst_c": 38.810555583315043, "date": "2025-10-23", "top_factor_1": "Built Environment Density", "top_factor_1_reason": "high built-up density limits cooling", "top_factor_2": "Impervious Surfaces", "top_factor_2_reason": "high impervious building indices", "explanation_text": "This zone is estimated as low heat risk because it combines high built-up density limits cooling and high impervious building indices. This is a satellite-based decision-support estimate, not an official public-health heat warning.", "honesty_note": "This is a satellite-derived urban heat estimate, not an official public-health warning." }, "geometry": { "type": "Polygon", "coordinates": [ [ [ 31.371663393467767, 29.994399015025984 ], [ 31.376154969888365, 29.994399015025984 ], [ 31.376154969888365, 29.991026025874007 ], [ 31.3726176, 29.9905089 ], [ 31.371663393467767, 29.990845061595774 ], [ 31.371663393467767, 29.994399015025984 ] ] ] } }
]
}
